read_id	molecule_id	true_haplotype
read_000000	mol_000000	1
read_000001	mol_000001	-1
read_000002	mol_000002	-1
read_000003	mol_000003	-1
read_000004	mol_000004	1
read_000005	mol_000005	-1
read_000006	mol_000006	-1
read_000007	mol_000007	1
read_000008	mol_000008	-1
read_000009	mol_000009	1
read_000010	mol_000010	-1
read_000011	mol_000011	-1
read_000012	mol_000012	1
read_000013	mol_000013	-1
read_000014	mol_000014	-1
read_000015	mol_000015	1
read_000016	mol_000016	1
read_000017	mol_000017	-1
read_000018	mol_000018	-1
read_000019	mol_000019	-1
read_000020	mol_000020	-1
read_000021	mol_000021	-1
read_000022	mol_000022	-1
read_000023	mol_000023	-1
read_000024	mol_000024	1
read_000025	mol_000025	-1
read_000026	mol_000026	1
read_000027	mol_000027	1
read_000028	mol_000028	-1
read_000029	mol_000029	1
read_000030	mol_000030	-1
read_000031	mol_000031	1
read_000032	mol_000032	-1
read_000033	mol_000033	1
read_000034	mol_000034	1
read_000035	mol_000035	-1
read_000036	mol_000036	-1
read_000037	mol_000037	1
read_000038	mol_000038	1
read_000039	mol_000039	-1
read_000040	mol_000040	-1
read_000041	mol_000041	-1
read_000042	mol_000042	-1
read_000043	mol_000043	-1
read_000044	mol_000044	-1
read_000045	mol_000045	1
read_000046	mol_000046	1
read_000047	mol_000047	-1
read_000048	mol_000048	-1
read_000049	mol_000049	-1
read_000050	mol_000050	-1
read_000051	mol_000051	1
read_000052	mol_000052	-1
read_000053	mol_000053	1
read_000054	mol_000054	1
read_000055	mol_000055	-1
read_000056	mol_000056	-1
read_000057	mol_000057	1
read_000058	mol_000058	1
read_000059	mol_000059	-1
read_000060	mol_000060	-1
read_000061	mol_000061	-1
read_000062	mol_000062	-1
read_000063	mol_000063	-1
read_000064	mol_000064	1
read_000065	mol_000065	-1
read_000066	mol_000066	-1
read_000067	mol_000067	1
read_000068	mol_000068	-1
read_000069	mol_000069	1
read_000070	mol_000070	-1
read_000071	mol_000071	1
read_000072	mol_000072	1
read_000073	mol_000073	1
read_000074	mol_000074	1
read_000075	mol_000075	1
read_000076	mol_000076	-1
read_000077	mol_000077	-1
read_000078	mol_000078	1
read_000079	mol_000079	1
read_000080	mol_000080	1
read_000081	mol_000081	1
read_000082	mol_000082	1
read_000083	mol_000083	1
read_000084	mol_000084	1
read_000085	mol_000085	1
read_000086	mol_000086	-1
read_000087	mol_000087	-1
read_000088	mol_000088	1
read_000089	mol_000089	-1
read_000090	mol_000090	1
read_000091	mol_000091	-1
read_000092	mol_000092	-1
read_000093	mol_000093	-1
read_000094	mol_000094	1
read_000095	mol_000095	1
read_000096	mol_000096	1
read_000097	mol_000097	1
read_000098	mol_000098	-1
read_000099	mol_000099	-1
read_000100	mol_000100	1
read_000101	mol_000101	1
read_000102	mol_000102	1
read_000103	mol_000103	1
read_000104	mol_000104	-1
read_000105	mol_000105	1
read_000106	mol_000106	-1
read_000107	mol_000107	-1
read_000108	mol_000108	-1
read_000109	mol_000109	-1
read_000110	mol_000110	-1
read_000111	mol_000111	1
read_000112	mol_000112	1
read_000113	mol_000113	1
read_000114	mol_000114	-1
read_000115	mol_000115	1
read_000116	mol_000116	1
read_000117	mol_000117	1
read_000118	mol_000118	1
read_000119	mol_000119	1
read_000120	mol_000120	-1
read_000121	mol_000121	1
read_000122	mol_000122	1
read_000123	mol_000123	1
read_000124	mol_000124	1
read_000125	mol_000125	1
read_000126	mol_000126	-1
read_000127	mol_000127	-1
read_000128	mol_000128	-1
read_000129	mol_000129	-1
read_000130	mol_000130	-1
read_000131	mol_000131	1
read_000132	mol_000132	-1
read_000133	mol_000133	1
read_000134	mol_000134	-1
read_000135	mol_000135	-1
read_000136	mol_000136	1
read_000137	mol_000137	1
read_000138	mol_000138	-1
read_000139	mol_000139	1
read_000140	mol_000140	-1
read_000141	mol_000141	-1
read_000142	mol_000142	1
read_000143	mol_000143	-1
read_000144	mol_000144	1
read_000145	mol_000145	1
read_000146	mol_000146	-1
read_000147	mol_000147	1
read_000148	mol_000148	1
read_000149	mol_000149	-1
read_000150	mol_000150	-1
read_000151	mol_000151	1
read_000152	mol_000152	-1
read_000153	mol_000153	1
read_000154	mol_000154	1
read_000155	mol_000155	1
read_000156	mol_000156	-1
read_000157	mol_000157	1
read_000158	mol_000158	1
read_000159	mol_000159	-1
read_000160	mol_000160	-1
read_000161	mol_000161	-1
read_000162	mol_000162	-1
read_000163	mol_000163	1
read_000164	mol_000164	-1
read_000165	mol_000165	1
read_000166	mol_000166	1
read_000167	mol_000167	-1
read_000168	mol_000168	1
read_000169	mol_000169	1
read_000170	mol_000170	-1
read_000171	mol_000171	-1
read_000172	mol_000172	1
read_000173	mol_000173	1
read_000174	mol_000174	-1
read_000175	mol_000175	-1
read_000176	mol_000176	-1
read_000177	mol_000177	1
read_000178	mol_000178	1
read_000179	mol_000179	1
read_000180	mol_000180	1
read_000181	mol_000181	1
read_000182	mol_000182	-1
read_000183	mol_000183	1
read_000184	mol_000184	1
read_000185	mol_000185	-1
read_000186	mol_000186	-1
read_000187	mol_000187	-1
read_000188	mol_000188	-1
read_000189	mol_000189	-1
read_000190	mol_000190	-1
read_000191	mol_000191	-1
read_000192	mol_000192	1
read_000193	mol_000193	-1
read_000194	mol_000194	1
read_000195	mol_000195	-1
read_000196	mol_000196	1
read_000197	mol_000197	1
read_000198	mol_000198	1
read_000199	mol_000199	1
read_000200	mol_000200	-1
read_000201	mol_000201	-1
read_000202	mol_000202	1
read_000203	mol_000203	-1
read_000204	mol_000204	1
read_000205	mol_000205	-1
read_000206	mol_000206	-1
read_000207	mol_000207	1
read_000208	mol_000208	1
read_000209	mol_000209	-1
read_000210	mol_000210	1
read_000211	mol_000211	1
read_000212	mol_000212	-1
read_000213	mol_000213	1
read_000214	mol_000214	1
read_000215	mol_000215	-1
read_000216	mol_000216	-1
read_000217	mol_000217	-1
read_000218	mol_000218	-1
read_000219	mol_000219	-1
read_000220	mol_000220	1
read_000221	mol_000221	-1
read_000222	mol_000222	-1
read_000223	mol_000223	1
read_000224	mol_000224	-1
read_000225	mol_000225	-1
read_000226	mol_000226	-1
read_000227	mol_000227	-1
read_000228	mol_000228	1
read_000229	mol_000229	1
read_000230	mol_000230	-1
read_000231	mol_000231	-1
read_000232	mol_000232	1
read_000233	mol_000233	1
read_000234	mol_000234	-1
read_000235	mol_000235	1
read_000236	mol_000236	1
read_000237	mol_000237	1
read_000238	mol_000238	1
read_000239	mol_000239	-1
read_000240	mol_000240	-1
read_000241	mol_000241	-1
read_000242	mol_000242	1
read_000243	mol_000243	-1
read_000244	mol_000244	1
read_000245	mol_000245	1
read_000246	mol_000246	1
read_000247	mol_000247	-1
read_000248	mol_000248	1
read_000249	mol_000249	1
read_000250	mol_000250	1
read_000251	mol_000251	-1
read_000252	mol_000252	-1
read_000253	mol_000253	-1
read_000254	mol_000254	-1
read_000255	mol_000255	-1
read_000256	mol_000256	-1
read_000257	mol_000257	1
read_000258	mol_000258	-1
read_000259	mol_000259	1
read_000260	mol_000260	-1
read_000261	mol_000261	1
read_000262	mol_000262	1
read_000263	mol_000263	-1
read_000264	mol_000264	1
read_000265	mol_000265	-1
read_000266	mol_000266	1
read_000267	mol_000267	-1
read_000268	mol_000268	1
read_000269	mol_000269	1
read_000270	mol_000270	1
read_000271	mol_000271	1
read_000272	mol_000272	-1
read_000273	mol_000273	-1
read_000274	mol_000274	-1
read_000275	mol_000275	-1
read_000276	mol_000276	-1
read_000277	mol_000277	-1
read_000278	mol_000278	-1
read_000279	mol_000279	1
read_000280	mol_000280	-1
read_000281	mol_000281	-1
read_000282	mol_000282	-1
read_000283	mol_000283	-1
read_000284	mol_000284	1
read_000285	mol_000285	-1
read_000286	mol_000286	1
read_000287	mol_000287	-1
read_000288	mol_000288	1
read_000289	mol_000289	1
read_000290	mol_000290	1
read_000291	mol_000291	-1
read_000292	mol_000292	1
read_000293	mol_000293	1
read_000294	mol_000294	-1
read_000295	mol_000295	1
read_000296	mol_000296	-1
read_000297	mol_000297	1
read_000298	mol_000298	-1
read_000299	mol_000299	-1
read_000300	mol_000300	-1
read_000301	mol_000301	1
read_000302	mol_000302	1
read_000303	mol_000303	1
read_000304	mol_000304	-1
read_000305	mol_000305	1
read_000306	mol_000306	-1
read_000307	mol_000307	-1
read_000308	mol_000308	-1
read_000309	mol_000309	-1
read_000310	mol_000310	-1
read_000311	mol_000311	1
read_000312	mol_000312	-1
read_000313	mol_000313	-1
read_000314	mol_000314	-1
read_000315	mol_000315	-1
read_000316	mol_000316	1
read_000317	mol_000317	1
read_000318	mol_000318	-1
read_000319	mol_000319	-1
read_000320	mol_000320	-1
read_000321	mol_000321	1
read_000322	mol_000322	1
read_000323	mol_000323	-1
read_000324	mol_000324	1
read_000325	mol_000325	-1
read_000326	mol_000326	-1
read_000327	mol_000327	-1
read_000328	mol_000328	1
read_000329	mol_000329	1
read_000330	mol_000330	-1
read_000331	mol_000331	-1
read_000332	mol_000332	-1
read_000333	mol_000333	1
read_000334	mol_000334	1
read_000335	mol_000335	-1
read_000336	mol_000336	-1
read_000337	mol_000337	1
read_000338	mol_000338	1
read_000339	mol_000339	1
read_000340	mol_000340	-1
read_000341	mol_000341	-1
read_000342	mol_000342	1
read_000343	mol_000343	-1
read_000344	mol_000344	-1
read_000345	mol_000345	1
read_000346	mol_000346	1
read_000347	mol_000347	1
read_000348	mol_000348	-1
read_000349	mol_000349	-1
read_000350	mol_000350	1
read_000351	mol_000351	-1
read_000352	mol_000352	-1
read_000353	mol_000353	-1
read_000354	mol_000354	-1
read_000355	mol_000355	-1
read_000356	mol_000356	-1
read_000357	mol_000357	1
read_000358	mol_000358	-1
read_000359	mol_000359	1
read_000360	mol_000360	1
read_000361	mol_000361	-1
read_000362	mol_000362	1
read_000363	mol_000363	-1
read_000364	mol_000364	1
read_000365	mol_000365	1
read_000366	mol_000366	1
read_000367	mol_000367	-1
read_000368	mol_000368	1
read_000369	mol_000369	-1
read_000370	mol_000370	1
read_000371	mol_000371	-1
read_000372	mol_000372	-1
read_000373	mol_000373	1
read_000374	mol_000374	-1
read_000375	mol_000375	1
read_000376	mol_000376	1
read_000377	mol_000377	1
read_000378	mol_000378	-1
read_000379	mol_000379	1
read_000380	mol_000380	-1
read_000381	mol_000381	-1
read_000382	mol_000382	1
read_000383	mol_000383	-1
read_000384	mol_000384	1
read_000385	mol_000385	-1
read_000386	mol_000386	-1
read_000387	mol_000387	1
read_000388	mol_000388	1
read_000389	mol_000389	-1
read_000390	mol_000390	1
read_000391	mol_000391	1
read_000392	mol_000392	-1
read_000393	mol_000393	1
read_000394	mol_000394	-1
read_000395	mol_000395	1
read_000396	mol_000396	-1
read_000397	mol_000397	1
read_000398	mol_000398	1
read_000399	mol_000399	-1
read_000400	mol_000400	-1
read_000401	mol_000401	1
read_000402	mol_000402	-1
read_000403	mol_000403	1
read_000404	mol_000404	-1
read_000405	mol_000405	1
read_000406	mol_000406	-1
read_000407	mol_000407	-1
read_000408	mol_000408	1
read_000409	mol_000409	1
read_000410	mol_000410	-1
read_000411	mol_000411	1
read_000412	mol_000412	1
read_000413	mol_000413	1
read_000414	mol_000414	-1
read_000415	mol_000415	1
read_000416	mol_000416	-1
read_000417	mol_000417	1
read_000418	mol_000418	-1
read_000419	mol_000419	-1
read_000420	mol_000420	-1
read_000421	mol_000421	-1
read_000422	mol_000422	1
read_000423	mol_000423	-1
read_000424	mol_000424	-1
read_000425	mol_000425	-1
read_000426	mol_000426	1
read_000427	mol_000427	1
read_000428	mol_000428	-1
read_000429	mol_000429	-1
read_000430	mol_000430	1
read_000431	mol_000431	1
read_000432	mol_000432	1
read_000433	mol_000433	-1
read_000434	mol_000434	1
read_000435	mol_000435	-1
read_000436	mol_000436	-1
read_000437	mol_000437	-1
read_000438	mol_000438	-1
read_000439	mol_000439	1
read_000440	mol_000440	-1
read_000441	mol_000441	1
read_000442	mol_000442	1
read_000443	mol_000443	-1
read_000444	mol_000444	-1
read_000445	mol_000445	-1
read_000446	mol_000446	-1
read_000447	mol_000447	-1
read_000448	mol_000448	-1
read_000449	mol_000449	1
read_000450	mol_000450	-1
read_000451	mol_000451	-1
read_000452	mol_000452	1
read_000453	mol_000453	-1
read_000454	mol_000454	1
read_000455	mol_000455	-1
read_000456	mol_000456	1
read_000457	mol_000457	-1
read_000458	mol_000458	-1
read_000459	mol_000459	-1
read_000460	mol_000460	-1
read_000461	mol_000461	-1
read_000462	mol_000462	1
read_000463	mol_000463	1
read_000464	mol_000464	-1
read_000465	mol_000465	1
read_000466	mol_000466	-1
read_000467	mol_000467	1
read_000468	mol_000468	1
read_000469	mol_000469	-1
read_000470	mol_000470	1
read_000471	mol_000471	1
read_000472	mol_000472	-1
read_000473	mol_000473	-1
read_000474	mol_000474	-1
read_000475	mol_000475	1
read_000476	mol_000476	1
read_000477	mol_000477	1
read_000478	mol_000478	1
read_000479	mol_000479	1
read_000480	mol_000480	-1
read_000481	mol_000481	-1
read_000482	mol_000482	1
read_000483	mol_000483	-1
read_000484	mol_000484	1
read_000485	mol_000485	1
read_000486	mol_000486	-1
read_000487	mol_000487	1
read_000488	mol_000488	-1
read_000489	mol_000489	1
read_000490	mol_000490	-1
read_000491	mol_000491	1
read_000492	mol_000492	1
read_000493	mol_000493	1
read_000494	mol_000494	1
read_000495	mol_000495	-1
read_000496	mol_000496	1
read_000497	mol_000497	-1
read_000498	mol_000498	1
read_000499	mol_000499	1
read_000500	mol_000500	-1
read_000501	mol_000501	1
read_000502	mol_000502	-1
read_000503	mol_000503	1
read_000504	mol_000504	1
read_000505	mol_000505	1
read_000506	mol_000506	-1
read_000507	mol_000507	-1
read_000508	mol_000508	1
read_000509	mol_000509	-1
read_000510	mol_000510	-1
read_000511	mol_000511	-1
read_000512	mol_000512	1
read_000513	mol_000513	1
read_000514	mol_000514	-1
read_000515	mol_000515	1
read_000516	mol_000516	-1
read_000517	mol_000517	1
read_000518	mol_000518	-1
read_000519	mol_000519	-1
read_000520	mol_000520	1
read_000521	mol_000521	1
read_000522	mol_000522	-1
read_000523	mol_000523	-1
read_000524	mol_000524	-1
read_000525	mol_000525	1
read_000526	mol_000526	1
read_000527	mol_000527	-1
read_000528	mol_000528	1
read_000529	mol_000529	1
read_000530	mol_000530	1
read_000531	mol_000531	-1
read_000532	mol_000532	-1
read_000533	mol_000533	1
read_000534	mol_000534	1
read_000535	mol_000535	1
read_000536	mol_000536	-1
read_000537	mol_000537	1
read_000538	mol_000538	-1
read_000539	mol_000539	-1
read_000540	mol_000540	1
read_000541	mol_000541	-1
read_000542	mol_000542	1
read_000543	mol_000543	-1
read_000544	mol_000544	-1
read_000545	mol_000545	1
read_000546	mol_000546	1
read_000547	mol_000547	1
read_000548	mol_000548	-1
read_000549	mol_000549	-1
read_000550	mol_000550	-1
read_000551	mol_000551	-1
read_000552	mol_000552	1
read_000553	mol_000553	-1
read_000554	mol_000554	1
read_000555	mol_000555	-1
read_000556	mol_000556	1
read_000557	mol_000557	1
read_000558	mol_000558	-1
read_000559	mol_000559	-1
read_000560	mol_000560	-1
read_000561	mol_000561	-1
read_000562	mol_000562	-1
read_000563	mol_000563	-1
read_000564	mol_000564	1
read_000565	mol_000565	1
read_000566	mol_000566	1
read_000567	mol_000567	-1
read_000568	mol_000568	-1
read_000569	mol_000569	-1
read_000570	mol_000570	-1
read_000571	mol_000571	1
read_000572	mol_000572	1
read_000573	mol_000573	1
read_000574	mol_000574	1
read_000575	mol_000575	-1
read_000576	mol_000576	-1
read_000577	mol_000577	1
read_000578	mol_000578	1
read_000579	mol_000579	1
read_000580	mol_000580	1
read_000581	mol_000581	1
read_000582	mol_000582	-1
read_000583	mol_000583	-1
read_000584	mol_000584	1
read_000585	mol_000585	1
read_000586	mol_000586	1
read_000587	mol_000587	1
read_000588	mol_000588	-1
read_000589	mol_000589	1
read_000590	mol_000590	1
read_000591	mol_000591	1
read_000592	mol_000592	1
read_000593	mol_000593	-1
read_000594	mol_000594	1
read_000595	mol_000595	-1
read_000596	mol_000596	-1
read_000597	mol_000597	-1
read_000598	mol_000598	-1
read_000599	mol_000599	1
read_000600	mol_000600	1
read_000601	mol_000601	-1
read_000602	mol_000602	1
read_000603	mol_000603	1
read_000604	mol_000604	1
read_000605	mol_000605	1
read_000606	mol_000606	1
read_000607	mol_000607	1
read_000608	mol_000608	-1
read_000609	mol_000609	-1
read_000610	mol_000610	-1
read_000611	mol_000611	1
read_000612	mol_000612	1
read_000613	mol_000613	-1
read_000614	mol_000614	-1
read_000615	mol_000615	1
read_000616	mol_000616	-1
read_000617	mol_000617	1
read_000618	mol_000618	-1
read_000619	mol_000619	1
read_000620	mol_000620	-1
read_000621	mol_000621	1
read_000622	mol_000622	-1
read_000623	mol_000623	1
read_000624	mol_000624	-1
read_000625	mol_000625	1
read_000626	mol_000626	1
read_000627	mol_000627	1
read_000628	mol_000628	1
read_000629	mol_000629	1
read_000630	mol_000630	1
read_000631	mol_000631	1
read_000632	mol_000632	1
read_000633	mol_000633	1
read_000634	mol_000634	-1
read_000635	mol_000635	-1
read_000636	mol_000636	-1
read_000637	mol_000637	1
read_000638	mol_000638	1
read_000639	mol_000639	-1
read_000640	mol_000640	1
read_000641	mol_000641	-1
read_000642	mol_000642	1
read_000643	mol_000643	1
read_000644	mol_000644	-1
read_000645	mol_000645	1
read_000646	mol_000646	1
read_000647	mol_000647	-1
read_000648	mol_000648	1
read_000649	mol_000649	1
read_000650	mol_000650	-1
read_000651	mol_000651	1
read_000652	mol_000652	1
read_000653	mol_000653	1
read_000654	mol_000654	-1
read_000655	mol_000655	1
read_000656	mol_000656	1
read_000657	mol_000657	-1
read_000658	mol_000658	-1
read_000659	mol_000659	-1
read_000660	mol_000660	-1
read_000661	mol_000661	1
read_000662	mol_000662	-1
read_000663	mol_000663	-1
read_000664	mol_000664	-1
read_000665	mol_000665	-1
read_000666	mol_000666	-1
read_000667	mol_000667	1
read_000668	mol_000668	-1
read_000669	mol_000669	-1
read_000670	mol_000670	1
read_000671	mol_000671	1
read_000672	mol_000672	-1
read_000673	mol_000673	1
read_000674	mol_000674	-1
read_000675	mol_000675	-1
read_000676	mol_000676	1
read_000677	mol_000677	-1
read_000678	mol_000678	1
read_000679	mol_000679	1
read_000680	mol_000680	1
read_000681	mol_000681	-1
read_000682	mol_000682	1
read_000683	mol_000683	-1
read_000684	mol_000684	1
read_000685	mol_000685	-1
read_000686	mol_000686	-1
read_000687	mol_000687	-1
read_000688	mol_000688	1
read_000689	mol_000689	-1
read_000690	mol_000690	1
read_000691	mol_000691	1
read_000692	mol_000692	1
read_000693	mol_000693	-1
read_000694	mol_000694	-1
read_000695	mol_000695	-1
read_000696	mol_000696	-1
read_000697	mol_000697	-1
read_000698	mol_000698	-1
read_000699	mol_000699	1
read_000700	mol_000700	-1
read_000701	mol_000701	-1
read_000702	mol_000702	1
read_000703	mol_000703	1
read_000704	mol_000704	1
read_000705	mol_000705	1
read_000706	mol_000706	-1
read_000707	mol_000707	-1
read_000708	mol_000708	-1
read_000709	mol_000709	1
read_000710	mol_000710	1
read_000711	mol_000711	1
read_000712	mol_000712	-1
read_000713	mol_000713	-1
read_000714	mol_000714	1
read_000715	mol_000715	-1
read_000716	mol_000716	1
read_000717	mol_000717	-1
read_000718	mol_000718	1
read_000719	mol_000719	-1
read_000720	mol_000720	1
read_000721	mol_000721	1
read_000722	mol_000722	1
read_000723	mol_000723	1
read_000724	mol_000724	1
read_000725	mol_000725	1
read_000726	mol_000726	1
read_000727	mol_000727	1
read_000728	mol_000728	1
read_000729	mol_000729	1
read_000730	mol_000730	-1
read_000731	mol_000731	1
read_000732	mol_000732	1
read_000733	mol_000733	1
read_000734	mol_000734	-1
read_000735	mol_000735	1
read_000736	mol_000736	1
read_000737	mol_000737	1
read_000738	mol_000738	-1
read_000739	mol_000739	-1
read_000740	mol_000740	1
read_000741	mol_000741	1
read_000742	mol_000742	1
read_000743	mol_000743	-1
read_000744	mol_000744	-1
read_000745	mol_000745	1
read_000746	mol_000746	1
read_000747	mol_000747	-1
read_000748	mol_000748	1
read_000749	mol_000749	1
read_000750	mol_000750	-1
read_000751	mol_000751	1
read_000752	mol_000752	1
read_000753	mol_000753	-1
read_000754	mol_000754	1
read_000755	mol_000755	1
read_000756	mol_000756	-1
read_000757	mol_000757	1
read_000758	mol_000758	-1
read_000759	mol_000759	-1
read_000760	mol_000760	-1
read_000761	mol_000761	-1
read_000762	mol_000762	-1
read_000763	mol_000763	1
read_000764	mol_000764	1
read_000765	mol_000765	1
read_000766	mol_000766	1
read_000767	mol_000767	1
read_000768	mol_000768	1
read_000769	mol_000769	-1
read_000770	mol_000770	-1
read_000771	mol_000771	-1
read_000772	mol_000772	1
read_000773	mol_000773	1
read_000774	mol_000774	-1
read_000775	mol_000775	-1
read_000776	mol_000776	-1
read_000777	mol_000777	1
read_000778	mol_000778	-1
read_000779	mol_000779	1
read_000780	mol_000780	1
read_000781	mol_000781	-1
read_000782	mol_000782	-1
read_000783	mol_000783	1
read_000784	mol_000784	1
read_000785	mol_000785	1
read_000786	mol_000786	1
read_000787	mol_000787	1
read_000788	mol_000788	-1
read_000789	mol_000789	1
read_000790	mol_000790	-1
read_000791	mol_000791	1
read_000792	mol_000792	1
read_000793	mol_000793	1
read_000794	mol_000794	1
read_000795	mol_000795	1
read_000796	mol_000796	-1
read_000797	mol_000797	-1
read_000798	mol_000798	-1
read_000799	mol_000799	1
read_000800	mol_000800	1
read_000801	mol_000801	-1
read_000802	mol_000802	1
read_000803	mol_000803	-1
read_000804	mol_000804	1
read_000805	mol_000805	1
read_000806	mol_000806	1
read_000807	mol_000807	1
read_000808	mol_000808	-1
read_000809	mol_000809	-1
read_000810	mol_000810	1
read_000811	mol_000811	1
read_000812	mol_000812	-1
read_000813	mol_000813	1
read_000814	mol_000814	-1
read_000815	mol_000815	-1
read_000816	mol_000816	1
read_000817	mol_000817	1
read_000818	mol_000818	-1
read_000819	mol_000819	-1
read_000820	mol_000820	1
read_000821	mol_000821	1
read_000822	mol_000822	1
read_000823	mol_000823	1
read_000824	mol_000824	-1
read_000825	mol_000825	1
read_000826	mol_000826	-1
read_000827	mol_000827	-1
read_000828	mol_000828	-1
read_000829	mol_000829	-1
read_000830	mol_000830	1
read_000831	mol_000831	-1
read_000832	mol_000832	1
read_000833	mol_000833	-1
read_000834	mol_000834	-1
read_000835	mol_000835	-1
read_000836	mol_000836	-1
read_000837	mol_000837	-1
read_000838	mol_000838	1
read_000839	mol_000839	1
read_000840	mol_000840	-1
read_000841	mol_000841	1
read_000842	mol_000842	-1
read_000843	mol_000843	-1
read_000844	mol_000844	1
read_000845	mol_000845	-1
read_000846	mol_000846	1
read_000847	mol_000847	1
read_000848	mol_000848	1
read_000849	mol_000849	1
read_000850	mol_000850	-1
read_000851	mol_000851	-1
read_000852	mol_000852	-1
read_000853	mol_000853	1
read_000854	mol_000854	1
read_000855	mol_000855	1
read_000856	mol_000856	1
read_000857	mol_000857	-1
read_000858	mol_000858	-1
read_000859	mol_000859	-1
read_000860	mol_000860	-1
read_000861	mol_000861	-1
read_000862	mol_000862	-1
read_000863	mol_000863	1
read_000864	mol_000864	1
read_000865	mol_000865	-1
read_000866	mol_000866	-1
read_000867	mol_000867	-1
read_000868	mol_000868	-1
read_000869	mol_000869	-1
read_000870	mol_000870	-1
read_000871	mol_000871	1
read_000872	mol_000872	1
read_000873	mol_000873	-1
read_000874	mol_000874	1
read_000875	mol_000875	-1
read_000876	mol_000876	-1
read_000877	mol_000877	1
read_000878	mol_000878	-1
read_000879	mol_000879	-1
read_000880	mol_000880	1
read_000881	mol_000881	1
read_000882	mol_000882	-1
read_000883	mol_000883	-1
read_000884	mol_000884	1
read_000885	mol_000885	-1
read_000886	mol_000886	-1
read_000887	mol_000887	-1
read_000888	mol_000888	-1
read_000889	mol_000889	-1
read_000890	mol_000890	1
read_000891	mol_000891	-1
read_000892	mol_000892	1
read_000893	mol_000893	-1
read_000894	mol_000894	-1
read_000895	mol_000895	1
read_000896	mol_000896	1
read_000897	mol_000897	-1
read_000898	mol_000898	-1
read_000899	mol_000899	1
read_000900	mol_000900	-1
read_000901	mol_000901	-1
read_000902	mol_000902	1
read_000903	mol_000903	1
read_000904	mol_000904	-1
read_000905	mol_000905	-1
read_000906	mol_000906	-1
read_000907	mol_000907	1
read_000908	mol_000908	1
read_000909	mol_000909	-1
read_000910	mol_000910	-1
read_000911	mol_000911	1
read_000912	mol_000912	-1
read_000913	mol_000913	1
read_000914	mol_000914	1
read_000915	mol_000915	-1
read_000916	mol_000916	-1
read_000917	mol_000917	1
read_000918	mol_000918	-1
read_000919	mol_000919	-1
read_000920	mol_000920	-1
read_000921	mol_000921	1
read_000922	mol_000922	-1
read_000923	mol_000923	-1
read_000924	mol_000924	-1
read_000925	mol_000925	-1
read_000926	mol_000926	-1
read_000927	mol_000927	1
read_000928	mol_000928	1
read_000929	mol_000929	-1
read_000930	mol_000930	1
read_000931	mol_000931	1
read_000932	mol_000932	1
read_000933	mol_000933	1
read_000934	mol_000934	1
read_000935	mol_000935	1
read_000936	mol_000936	-1
read_000937	mol_000937	-1
read_000938	mol_000938	-1
read_000939	mol_000939	-1
read_000940	mol_000940	1
read_000941	mol_000941	1
read_000942	mol_000942	1
read_000943	mol_000943	1
read_000944	mol_000944	1
read_000945	mol_000945	-1
read_000946	mol_000946	-1
read_000947	mol_000947	-1
read_000948	mol_000948	1
read_000949	mol_000949	1
read_000950	mol_000950	-1
read_000951	mol_000951	1
read_000952	mol_000952	-1
read_000953	mol_000953	-1
read_000954	mol_000954	1
read_000955	mol_000955	-1
read_000956	mol_000956	1
read_000957	mol_000957	1
read_000958	mol_000958	1
read_000959	mol_000959	1
read_000960	mol_000960	1
read_000961	mol_000961	1
read_000962	mol_000962	1
read_000963	mol_000963	-1
read_000964	mol_000964	-1
read_000965	mol_000965	-1
read_000966	mol_000966	-1
read_000967	mol_000967	1
read_000968	mol_000968	-1
read_000969	mol_000969	-1
read_000970	mol_000970	-1
read_000971	mol_000971	1
read_000972	mol_000972	-1
read_000973	mol_000973	1
read_000974	mol_000974	1
read_000975	mol_000975	-1
read_000976	mol_000976	1
read_000977	mol_000977	1
read_000978	mol_000978	1
read_000979	mol_000979	1
read_000980	mol_000980	1
read_000981	mol_000981	-1
read_000982	mol_000982	-1
read_000983	mol_000983	-1
read_000984	mol_000984	-1
read_000985	mol_000985	1
read_000986	mol_000986	1
read_000987	mol_000987	-1
read_000988	mol_000988	1
read_000989	mol_000989	-1
read_000990	mol_000990	1
read_000991	mol_000991	-1
read_000992	mol_000992	1
read_000993	mol_000993	-1
read_000994	mol_000994	-1
read_000995	mol_000995	-1
read_000996	mol_000996	-1
read_000997	mol_000997	1
read_000998	mol_000998	1
read_000999	mol_000999	-1
read_001000	mol_001000	1
read_001001	mol_001001	-1
read_001002	mol_001002	1
read_001003	mol_001003	1
read_001004	mol_001004	-1
read_001005	mol_001005	1
read_001006	mol_001006	1
read_001007	mol_001007	-1
read_001008	mol_001008	1
read_001009	mol_001009	1
read_001010	mol_001010	1
read_001011	mol_001011	-1
read_001012	mol_001012	-1
read_001013	mol_001013	-1
read_001014	mol_001014	-1
read_001015	mol_001015	1
read_001016	mol_001016	-1
read_001017	mol_001017	1
read_001018	mol_001018	1
read_001019	mol_001019	1
read_001020	mol_001020	-1
read_001021	mol_001021	-1
read_001022	mol_001022	-1
read_001023	mol_001023	-1
read_001024	mol_001024	1
read_001025	mol_001025	-1
read_001026	mol_001026	1
read_001027	mol_001027	-1
read_001028	mol_001028	1
read_001029	mol_001029	1
read_001030	mol_001030	1
read_001031	mol_001031	-1
read_001032	mol_001032	-1
read_001033	mol_001033	1
read_001034	mol_001034	-1
read_001035	mol_001035	-1
read_001036	mol_001036	1
read_001037	mol_001037	1
read_001038	mol_001038	-1
read_001039	mol_001039	1
read_001040	mol_001040	1
read_001041	mol_001041	1
read_001042	mol_001042	-1
read_001043	mol_001043	1
read_001044	mol_001044	-1
read_001045	mol_001045	1
read_001046	mol_001046	-1
read_001047	mol_001047	1
read_001048	mol_001048	-1
read_001049	mol_001049	1
read_001050	mol_001050	-1
read_001051	mol_001051	-1
read_001052	mol_001052	1
read_001053	mol_001053	1
read_001054	mol_001054	1
read_001055	mol_001055	1
read_001056	mol_001056	-1
read_001057	mol_001057	-1
read_001058	mol_001058	1
read_001059	mol_001059	1
read_001060	mol_001060	-1
read_001061	mol_001061	-1
read_001062	mol_001062	-1
read_001063	mol_001063	-1
read_001064	mol_001064	-1
read_001065	mol_001065	1
read_001066	mol_001066	-1
read_001067	mol_001067	1
read_001068	mol_001068	1
read_001069	mol_001069	1
read_001070	mol_001070	1
read_001071	mol_001071	1
read_001072	mol_001072	1
read_001073	mol_001073	1
read_001074	mol_001074	-1
read_001075	mol_001075	-1
read_001076	mol_001076	1
read_001077	mol_001077	1
read_001078	mol_001078	1
read_001079	mol_001079	-1
read_001080	mol_001080	-1
read_001081	mol_001081	-1
read_001082	mol_001082	1
read_001083	mol_001083	-1
read_001084	mol_001084	1
read_001085	mol_001085	-1
read_001086	mol_001086	1
read_001087	mol_001087	-1
read_001088	mol_001088	-1
read_001089	mol_001089	-1
read_001090	mol_001090	1
read_001091	mol_001091	-1
read_001092	mol_001092	-1
read_001093	mol_001093	-1
read_001094	mol_001094	1
read_001095	mol_001095	-1
read_001096	mol_001096	1
read_001097	mol_001097	-1
read_001098	mol_001098	1
read_001099	mol_001099	1
read_001100	mol_001100	-1
read_001101	mol_001101	1
read_001102	mol_001102	1
read_001103	mol_001103	-1
read_001104	mol_001104	-1
read_001105	mol_001105	-1
read_001106	mol_001106	1
read_001107	mol_001107	1
read_001108	mol_001108	-1
read_001109	mol_001109	-1
read_001110	mol_001110	1
read_001111	mol_001111	1
read_001112	mol_001112	1
read_001113	mol_001113	1
read_001114	mol_001114	1
read_001115	mol_001115	-1
read_001116	mol_001116	1
read_001117	mol_001117	-1
read_001118	mol_001118	1
read_001119	mol_001119	1
read_001120	mol_001120	1
read_001121	mol_001121	-1
read_001122	mol_001122	1
read_001123	mol_001123	-1
read_001124	mol_001124	1
read_001125	mol_001125	-1
read_001126	mol_001126	1
read_001127	mol_001127	-1
read_001128	mol_001128	-1
read_001129	mol_001129	1
read_001130	mol_001130	1
read_001131	mol_001131	1
read_001132	mol_001132	-1
read_001133	mol_001133	1
read_001134	mol_001134	1
read_001135	mol_001135	-1
read_001136	mol_001136	-1
read_001137	mol_001137	1
read_001138	mol_001138	1
read_001139	mol_001139	-1
read_001140	mol_001140	-1
read_001141	mol_001141	1
read_001142	mol_001142	-1
read_001143	mol_001143	1
read_001144	mol_001144	1
read_001145	mol_001145	-1
read_001146	mol_001146	1
read_001147	mol_001147	1
read_001148	mol_001148	-1
read_001149	mol_001149	1
read_001150	mol_001150	1
read_001151	mol_001151	-1
read_001152	mol_001152	-1
read_001153	mol_001153	1
read_001154	mol_001154	-1
read_001155	mol_001155	-1
read_001156	mol_001156	-1
read_001157	mol_001157	1
read_001158	mol_001158	1
read_001159	mol_001159	1
read_001160	mol_001160	1
read_001161	mol_001161	-1
read_001162	mol_001162	-1
read_001163	mol_001163	-1
read_001164	mol_001164	1
read_001165	mol_001165	-1
read_001166	mol_001166	1
read_001167	mol_001167	-1
read_001168	mol_001168	1
read_001169	mol_001169	-1
read_001170	mol_001170	-1
read_001171	mol_001171	1
read_001172	mol_001172	1
read_001173	mol_001173	-1
read_001174	mol_001174	1
read_001175	mol_001175	1
read_001176	mol_001176	1
read_001177	mol_001177	-1
read_001178	mol_001178	1
read_001179	mol_001179	-1
read_001180	mol_001180	-1
read_001181	mol_001181	-1
read_001182	mol_001182	-1
read_001183	mol_001183	1
read_001184	mol_001184	-1
read_001185	mol_001185	1
read_001186	mol_001186	-1
read_001187	mol_001187	-1
read_001188	mol_001188	-1
read_001189	mol_001189	-1
read_001190	mol_001190	1
read_001191	mol_001191	1
read_001192	mol_001192	1
read_001193	mol_001193	-1
read_001194	mol_001194	1
read_001195	mol_001195	1
read_001196	mol_001196	1
read_001197	mol_001197	-1
read_001198	mol_001198	1
read_001199	mol_001199	1
read_001200	mol_001200	-1
read_001201	mol_001201	-1
read_001202	mol_001202	1
read_001203	mol_001203	-1
read_001204	mol_001204	-1
read_001205	mol_001205	1
read_001206	mol_001206	1
read_001207	mol_001207	1
read_001208	mol_001208	-1
read_001209	mol_001209	1
read_001210	mol_001210	1
read_001211	mol_001211	-1
read_001212	mol_001212	-1
read_001213	mol_001213	-1
read_001214	mol_001214	1
read_001215	mol_001215	-1
read_001216	mol_001216	-1
read_001217	mol_001217	1
read_001218	mol_001218	-1
read_001219	mol_001219	-1
read_001220	mol_001220	1
read_001221	mol_001221	1
read_001222	mol_001222	-1
read_001223	mol_001223	-1
read_001224	mol_001224	1
read_001225	mol_001225	1
read_001226	mol_001226	1
read_001227	mol_001227	1
read_001228	mol_001228	1
read_001229	mol_001229	-1
read_001230	mol_001230	-1
read_001231	mol_001231	1
read_001232	mol_001232	-1
read_001233	mol_001233	-1
read_001234	mol_001234	1
read_001235	mol_001235	-1
read_001236	mol_001236	1
read_001237	mol_001237	-1
read_001238	mol_001238	1
read_001239	mol_001239	1
read_001240	mol_001240	1
read_001241	mol_001241	-1
read_001242	mol_001242	-1
read_001243	mol_001243	1
read_001244	mol_001244	-1
read_001245	mol_001245	-1
read_001246	mol_001246	1
read_001247	mol_001247	1
read_001248	mol_001248	-1
read_001249	mol_001249	1
read_001250	mol_001250	-1
read_001251	mol_001251	-1
read_001252	mol_001252	-1
read_001253	mol_001253	-1
read_001254	mol_001254	-1
read_001255	mol_001255	-1
read_001256	mol_001256	1
read_001257	mol_001257	-1
read_001258	mol_001258	1
read_001259	mol_001259	-1
read_001260	mol_001260	-1
read_001261	mol_001261	1
read_001262	mol_001262	1
read_001263	mol_001263	1
read_001264	mol_001264	-1
read_001265	mol_001265	-1
read_001266	mol_001266	1
read_001267	mol_001267	1
read_001268	mol_001268	-1
read_001269	mol_001269	-1
read_001270	mol_001270	-1
read_001271	mol_001271	-1
read_001272	mol_001272	-1
read_001273	mol_001273	1
read_001274	mol_001274	-1
read_001275	mol_001275	1
read_001276	mol_001276	-1
read_001277	mol_001277	1
read_001278	mol_001278	-1
read_001279	mol_001279	1
read_001280	mol_001280	1
read_001281	mol_001281	1
read_001282	mol_001282	-1
read_001283	mol_001283	-1
read_001284	mol_001284	-1
read_001285	mol_001285	-1
read_001286	mol_001286	1
read_001287	mol_001287	-1
read_001288	mol_001288	-1
read_001289	mol_001289	1
read_001290	mol_001290	-1
read_001291	mol_001291	-1
read_001292	mol_001292	1
read_001293	mol_001293	1
read_001294	mol_001294	1
read_001295	mol_001295	1
read_001296	mol_001296	1
read_001297	mol_001297	-1
read_001298	mol_001298	-1
read_001299	mol_001299	1
read_001300	mol_001300	1
read_001301	mol_001301	1
read_001302	mol_001302	-1
read_001303	mol_001303	1
read_001304	mol_001304	-1
read_001305	mol_001305	-1
read_001306	mol_001306	1
read_001307	mol_001307	1
read_001308	mol_001308	-1
read_001309	mol_001309	1
read_001310	mol_001310	-1
read_001311	mol_001311	-1
read_001312	mol_001312	1
read_001313	mol_001313	-1
read_001314	mol_001314	1
read_001315	mol_001315	-1
read_001316	mol_001316	1
read_001317	mol_001317	1
read_001318	mol_001318	-1
read_001319	mol_001319	-1
read_001320	mol_001320	-1
read_001321	mol_001321	-1
read_001322	mol_001322	1
read_001323	mol_001323	-1
read_001324	mol_001324	-1
read_001325	mol_001325	-1
read_001326	mol_001326	1
read_001327	mol_001327	-1
read_001328	mol_001328	-1
read_001329	mol_001329	1
read_001330	mol_001330	-1
read_001331	mol_001331	1
read_001332	mol_001332	1
read_001333	mol_001333	1
read_001334	mol_001334	-1
read_001335	mol_001335	1
read_001336	mol_001336	1
read_001337	mol_001337	1
read_001338	mol_001338	-1
read_001339	mol_001339	-1
read_001340	mol_001340	1
read_001341	mol_001341	-1
read_001342	mol_001342	1
read_001343	mol_001343	-1
read_001344	mol_001344	1
read_001345	mol_001345	1
read_001346	mol_001346	1
read_001347	mol_001347	-1
read_001348	mol_001348	-1
read_001349	mol_001349	-1
read_001350	mol_001350	1
read_001351	mol_001351	1
read_001352	mol_001352	1
read_001353	mol_001353	-1
read_001354	mol_001354	-1
read_001355	mol_001355	-1
read_001356	mol_001356	-1
read_001357	mol_001357	1
read_001358	mol_001358	-1
read_001359	mol_001359	-1
read_001360	mol_001360	1
read_001361	mol_001361	-1
read_001362	mol_001362	1
read_001363	mol_001363	1
read_001364	mol_001364	-1
read_001365	mol_001365	1
read_001366	mol_001366	1
read_001367	mol_001367	1
read_001368	mol_001368	-1
read_001369	mol_001369	-1
read_001370	mol_001370	1
read_001371	mol_001371	-1
read_001372	mol_001372	1
read_001373	mol_001373	1
read_001374	mol_001374	-1
read_001375	mol_001375	1
read_001376	mol_001376	-1
read_001377	mol_001377	1
read_001378	mol_001378	-1
read_001379	mol_001379	-1
read_001380	mol_001380	-1
read_001381	mol_001381	-1
read_001382	mol_001382	-1
read_001383	mol_001383	-1
read_001384	mol_001384	-1
read_001385	mol_001385	-1
read_001386	mol_001386	1
read_001387	mol_001387	1
read_001388	mol_001388	-1
read_001389	mol_001389	-1
read_001390	mol_001390	-1
read_001391	mol_001391	-1
read_001392	mol_001392	-1
read_001393	mol_001393	1
read_001394	mol_001394	1
read_001395	mol_001395	1
read_001396	mol_001396	-1
read_001397	mol_001397	-1
read_001398	mol_001398	-1
read_001399	mol_001399	-1
read_001400	mol_001400	-1
read_001401	mol_001401	1
read_001402	mol_001402	-1
read_001403	mol_001403	1
read_001404	mol_001404	-1
read_001405	mol_001405	1
read_001406	mol_001406	1
read_001407	mol_001407	1
read_001408	mol_001408	1
read_001409	mol_001409	1
read_001410	mol_001410	1
read_001411	mol_001411	1
read_001412	mol_001412	-1
read_001413	mol_001413	1
read_001414	mol_001414	1
read_001415	mol_001415	1
read_001416	mol_001416	-1
read_001417	mol_001417	1
read_001418	mol_001418	-1
read_001419	mol_001419	-1
read_001420	mol_001420	-1
read_001421	mol_001421	1
read_001422	mol_001422	-1
read_001423	mol_001423	1
read_001424	mol_001424	1
read_001425	mol_001425	-1
read_001426	mol_001426	-1
read_001427	mol_001427	-1
read_001428	mol_001428	1
read_001429	mol_001429	-1
read_001430	mol_001430	-1
read_001431	mol_001431	1
read_001432	mol_001432	1
read_001433	mol_001433	1
read_001434	mol_001434	-1
read_001435	mol_001435	-1
read_001436	mol_001436	-1
read_001437	mol_001437	-1
read_001438	mol_001438	-1
read_001439	mol_001439	-1
read_001440	mol_001440	1
read_001441	mol_001441	1
read_001442	mol_001442	1
read_001443	mol_001443	1
read_001444	mol_001444	-1
read_001445	mol_001445	1
read_001446	mol_001446	-1
read_001447	mol_001447	-1
read_001448	mol_001448	-1
read_001449	mol_001449	1
read_001450	mol_001450	-1
read_001451	mol_001451	1
read_001452	mol_001452	1
read_001453	mol_001453	-1
read_001454	mol_001454	1
read_001455	mol_001455	1
read_001456	mol_001456	-1
read_001457	mol_001457	-1
read_001458	mol_001458	1
read_001459	mol_001459	1
read_001460	mol_001460	1
read_001461	mol_001461	1
read_001462	mol_001462	1
read_001463	mol_001463	-1
read_001464	mol_001464	1
read_001465	mol_001465	-1
read_001466	mol_001466	1
read_001467	mol_001467	-1
read_001468	mol_001468	-1
read_001469	mol_001469	-1
read_001470	mol_001470	-1
read_001471	mol_001471	-1
read_001472	mol_001472	-1
read_001473	mol_001473	-1
read_001474	mol_001474	1
read_001475	mol_001475	1
read_001476	mol_001476	-1
read_001477	mol_001477	1
read_001478	mol_001478	-1
read_001479	mol_001479	1
read_001480	mol_001480	1
read_001481	mol_001481	1
read_001482	mol_001482	1
read_001483	mol_001483	1
read_001484	mol_001484	-1
read_001485	mol_001485	-1
read_001486	mol_001486	-1
read_001487	mol_001487	-1
read_001488	mol_001488	1
read_001489	mol_001489	-1
read_001490	mol_001490	-1
read_001491	mol_001491	-1
read_001492	mol_001492	-1
read_001493	mol_001493	1
read_001494	mol_001494	-1
read_001495	mol_001495	-1
read_001496	mol_001496	1
read_001497	mol_001497	1
read_001498	mol_001498	1
read_001499	mol_001499	1
read_001500	mol_001500	1
read_001501	mol_001501	-1
read_001502	mol_001502	-1
read_001503	mol_001503	-1
read_001504	mol_001504	-1
read_001505	mol_001505	1
read_001506	mol_001506	-1
read_001507	mol_001507	1
read_001508	mol_001508	-1
read_001509	mol_001509	1
read_001510	mol_001510	-1
read_001511	mol_001511	1
read_001512	mol_001512	1
read_001513	mol_001513	-1
read_001514	mol_001514	1
read_001515	mol_001515	-1
read_001516	mol_001516	-1
read_001517	mol_001517	1
read_001518	mol_001518	-1
read_001519	mol_001519	-1
read_001520	mol_001520	1
read_001521	mol_001521	1
read_001522	mol_001522	-1
read_001523	mol_001523	-1
read_001524	mol_001524	1
read_001525	mol_001525	1
read_001526	mol_001526	-1
read_001527	mol_001527	1
read_001528	mol_001528	-1
read_001529	mol_001529	-1
read_001530	mol_001530	1
read_001531	mol_001531	1
read_001532	mol_001532	1
read_001533	mol_001533	-1
read_001534	mol_001534	1
read_001535	mol_001535	1
read_001536	mol_001536	1
read_001537	mol_001537	1
read_001538	mol_001538	1
read_001539	mol_001539	-1
read_001540	mol_001540	-1
read_001541	mol_001541	-1
read_001542	mol_001542	1
read_001543	mol_001543	-1
read_001544	mol_001544	1
read_001545	mol_001545	1
read_001546	mol_001546	-1
read_001547	mol_001547	1
read_001548	mol_001548	-1
read_001549	mol_001549	-1
read_001550	mol_001550	1
read_001551	mol_001551	1
read_001552	mol_001552	1
read_001553	mol_001553	1
read_001554	mol_001554	1
read_001555	mol_001555	1
read_001556	mol_001556	-1
read_001557	mol_001557	1
read_001558	mol_001558	1
read_001559	mol_001559	-1
read_001560	mol_001560	-1
read_001561	mol_001561	-1
read_001562	mol_001562	-1
read_001563	mol_001563	-1
read_001564	mol_001564	1
read_001565	mol_001565	1
read_001566	mol_001566	-1
read_001567	mol_001567	1
read_001568	mol_001568	-1
read_001569	mol_001569	-1
read_001570	mol_001570	1
read_001571	mol_001571	-1
read_001572	mol_001572	1
read_001573	mol_001573	-1
read_001574	mol_001574	-1
read_001575	mol_001575	-1
read_001576	mol_001576	1
read_001577	mol_001577	-1
read_001578	mol_001578	1
read_001579	mol_001579	-1
read_001580	mol_001580	1
read_001581	mol_001581	-1
read_001582	mol_001582	1
read_001583	mol_001583	-1
read_001584	mol_001584	1
read_001585	mol_001585	1
read_001586	mol_001586	-1
read_001587	mol_001587	-1
read_001588	mol_001588	1
read_001589	mol_001589	1
read_001590	mol_001590	-1
read_001591	mol_001591	-1
read_001592	mol_001592	-1
read_001593	mol_001593	-1
read_001594	mol_001594	-1
read_001595	mol_001595	1
read_001596	mol_001596	1
read_001597	mol_001597	1
read_001598	mol_001598	1
read_001599	mol_001599	-1
read_001600	mol_001600	-1
read_001601	mol_001601	-1
read_001602	mol_001602	-1
read_001603	mol_001603	1
read_001604	mol_001604	-1
read_001605	mol_001605	-1
read_001606	mol_001606	-1
read_001607	mol_001607	1
read_001608	mol_001608	1
read_001609	mol_001609	1
read_001610	mol_001610	-1
read_001611	mol_001611	-1
read_001612	mol_001612	1
read_001613	mol_001613	-1
read_001614	mol_001614	-1
read_001615	mol_001615	1
read_001616	mol_001616	-1
read_001617	mol_001617	1
read_001618	mol_001618	-1
read_001619	mol_001619	-1
read_001620	mol_001620	1
read_001621	mol_001621	1
read_001622	mol_001622	-1
read_001623	mol_001623	-1
read_001624	mol_001624	1
read_001625	mol_001625	1
read_001626	mol_001626	-1
read_001627	mol_001627	-1
read_001628	mol_001628	1
read_001629	mol_001629	-1
read_001630	mol_001630	-1
read_001631	mol_001631	-1
read_001632	mol_001632	-1
read_001633	mol_001633	-1
read_001634	mol_001634	1
read_001635	mol_001635	-1
read_001636	mol_001636	1
read_001637	mol_001637	-1
read_001638	mol_001638	1
read_001639	mol_001639	-1
read_001640	mol_001640	1
read_001641	mol_001641	1
read_001642	mol_001642	-1
read_001643	mol_001643	-1
read_001644	mol_001644	-1
read_001645	mol_001645	-1
read_001646	mol_001646	1
read_001647	mol_001647	1
read_001648	mol_001648	-1
read_001649	mol_001649	1
read_001650	mol_001650	-1
read_001651	mol_001651	1
read_001652	mol_001652	-1
read_001653	mol_001653	-1
read_001654	mol_001654	-1
read_001655	mol_001655	-1
read_001656	mol_001656	1
read_001657	mol_001657	1
read_001658	mol_001658	-1
read_001659	mol_001659	-1
read_001660	mol_001660	-1
read_001661	mol_001661	-1
read_001662	mol_001662	-1
read_001663	mol_001663	1
read_001664	mol_001664	1
read_001665	mol_001665	1
read_001666	mol_001666	1
read_001667	mol_001667	-1
read_001668	mol_001668	1
read_001669	mol_001669	1
read_001670	mol_001670	1
read_001671	mol_001671	-1
read_001672	mol_001672	-1
read_001673	mol_001673	-1
read_001674	mol_001674	1
read_001675	mol_001675	1
read_001676	mol_001676	1
read_001677	mol_001677	1
read_001678	mol_001678	-1
read_001679	mol_001679	-1
read_001680	mol_001680	1
read_001681	mol_001681	1
read_001682	mol_001682	-1
read_001683	mol_001683	1
read_001684	mol_001684	1
read_001685	mol_001685	1
read_001686	mol_001686	-1
read_001687	mol_001687	1
read_001688	mol_001688	1
read_001689	mol_001689	-1
read_001690	mol_001690	1
read_001691	mol_001691	1
read_001692	mol_001692	-1
read_001693	mol_001693	-1
read_001694	mol_001694	1
read_001695	mol_001695	1
read_001696	mol_001696	-1
read_001697	mol_001697	1
read_001698	mol_001698	-1
read_001699	mol_001699	-1
read_001700	mol_001700	1
read_001701	mol_001701	1
read_001702	mol_001702	-1
read_001703	mol_001703	1
read_001704	mol_001704	-1
read_001705	mol_001705	1
read_001706	mol_001706	1
read_001707	mol_001707	-1
read_001708	mol_001708	1
read_001709	mol_001709	-1
read_001710	mol_001710	-1
read_001711	mol_001711	-1
read_001712	mol_001712	1
read_001713	mol_001713	1
read_001714	mol_001714	1
read_001715	mol_001715	-1
read_001716	mol_001716	1
read_001717	mol_001717	1
read_001718	mol_001718	1
read_001719	mol_001719	1
read_001720	mol_001720	1
read_001721	mol_001721	-1
read_001722	mol_001722	1
read_001723	mol_001723	1
read_001724	mol_001724	1
read_001725	mol_001725	1
read_001726	mol_001726	1
read_001727	mol_001727	1
read_001728	mol_001728	-1
read_001729	mol_001729	-1
read_001730	mol_001730	1
read_001731	mol_001731	-1
read_001732	mol_001732	-1
read_001733	mol_001733	1
read_001734	mol_001734	1
read_001735	mol_001735	1
read_001736	mol_001736	1
read_001737	mol_001737	1
read_001738	mol_001738	1
read_001739	mol_001739	1
read_001740	mol_001740	-1
read_001741	mol_001741	1
read_001742	mol_001742	1
read_001743	mol_001743	-1
read_001744	mol_001744	1
read_001745	mol_001745	-1
read_001746	mol_001746	-1
read_001747	mol_001747	-1
read_001748	mol_001748	-1
read_001749	mol_001749	1
read_001750	mol_001750	1
read_001751	mol_001751	1
read_001752	mol_001752	1
read_001753	mol_001753	-1
read_001754	mol_001754	-1
read_001755	mol_001755	-1
read_001756	mol_001756	1
read_001757	mol_001757	-1
read_001758	mol_001758	-1
read_001759	mol_001759	1
read_001760	mol_001760	1
read_001761	mol_001761	1
read_001762	mol_001762	-1
read_001763	mol_001763	1
read_001764	mol_001764	-1
read_001765	mol_001765	-1
read_001766	mol_001766	-1
read_001767	mol_001767	1
read_001768	mol_001768	-1
read_001769	mol_001769	-1
read_001770	mol_001770	1
read_001771	mol_001771	-1
read_001772	mol_001772	1
read_001773	mol_001773	-1
read_001774	mol_001774	1
read_001775	mol_001775	1
read_001776	mol_001776	-1
read_001777	mol_001777	-1
read_001778	mol_001778	-1
read_001779	mol_001779	-1
read_001780	mol_001780	1
read_001781	mol_001781	1
read_001782	mol_001782	1
read_001783	mol_001783	1
read_001784	mol_001784	-1
read_001785	mol_001785	-1
read_001786	mol_001786	1
read_001787	mol_001787	-1
read_001788	mol_001788	-1
read_001789	mol_001789	-1
read_001790	mol_001790	-1
read_001791	mol_001791	1
read_001792	mol_001792	-1
read_001793	mol_001793	1
read_001794	mol_001794	-1
read_001795	mol_001795	1
read_001796	mol_001796	-1
read_001797	mol_001797	1
read_001798	mol_001798	1
read_001799	mol_001799	-1
read_001800	mol_001800	1
read_001801	mol_001801	1
read_001802	mol_001802	-1
read_001803	mol_001803	1
read_001804	mol_001804	1
read_001805	mol_001805	1
read_001806	mol_001806	1
read_001807	mol_001807	-1
read_001808	mol_001808	-1
read_001809	mol_001809	1
read_001810	mol_001810	1
read_001811	mol_001811	-1
read_001812	mol_001812	1
read_001813	mol_001813	1
read_001814	mol_001814	-1
read_001815	mol_001815	1
read_001816	mol_001816	1
read_001817	mol_001817	-1
read_001818	mol_001818	1
read_001819	mol_001819	-1
read_001820	mol_001820	-1
read_001821	mol_001821	1
read_001822	mol_001822	1
read_001823	mol_001823	-1
read_001824	mol_001824	-1
read_001825	mol_001825	1
read_001826	mol_001826	1
read_001827	mol_001827	-1
read_001828	mol_001828	1
read_001829	mol_001829	-1
read_001830	mol_001830	1
read_001831	mol_001831	1
read_001832	mol_001832	1
read_001833	mol_001833	1
read_001834	mol_001834	-1
read_001835	mol_001835	-1
read_001836	mol_001836	-1
read_001837	mol_001837	1
read_001838	mol_001838	1
read_001839	mol_001839	1
read_001840	mol_001840	-1
read_001841	mol_001841	-1
read_001842	mol_001842	-1
read_001843	mol_001843	-1
read_001844	mol_001844	1
read_001845	mol_001845	1
read_001846	mol_001846	1
read_001847	mol_001847	-1
read_001848	mol_001848	1
read_001849	mol_001849	1
read_001850	mol_001850	-1
read_001851	mol_001851	-1
read_001852	mol_001852	-1
read_001853	mol_001853	1
read_001854	mol_001854	1
read_001855	mol_001855	1
read_001856	mol_001856	1
read_001857	mol_001857	-1
read_001858	mol_001858	1
read_001859	mol_001859	-1
read_001860	mol_001860	1
read_001861	mol_001861	-1
read_001862	mol_001862	-1
read_001863	mol_001863	-1
read_001864	mol_001864	1
read_001865	mol_001865	1
read_001866	mol_001866	-1
read_001867	mol_001867	1
read_001868	mol_001868	1
read_001869	mol_001869	-1
read_001870	mol_001870	1
read_001871	mol_001871	-1
read_001872	mol_001872	-1
read_001873	mol_001873	-1
read_001874	mol_001874	1
read_001875	mol_001875	-1
read_001876	mol_001876	1
read_001877	mol_001877	-1
read_001878	mol_001878	-1
read_001879	mol_001879	-1
read_001880	mol_001880	-1
read_001881	mol_001881	1
read_001882	mol_001882	-1
read_001883	mol_001883	1
read_001884	mol_001884	-1
read_001885	mol_001885	1
read_001886	mol_001886	1
read_001887	mol_001887	-1
read_001888	mol_001888	-1
read_001889	mol_001889	-1
read_001890	mol_001890	-1
read_001891	mol_001891	-1
read_001892	mol_001892	1
read_001893	mol_001893	1
read_001894	mol_001894	1
read_001895	mol_001895	1
read_001896	mol_001896	-1
read_001897	mol_001897	-1
read_001898	mol_001898	-1
read_001899	mol_001899	-1
read_001900	mol_001900	1
read_001901	mol_001901	1
read_001902	mol_001902	1
read_001903	mol_001903	1
read_001904	mol_001904	1
read_001905	mol_001905	1
read_001906	mol_001906	-1
read_001907	mol_001907	-1
read_001908	mol_001908	-1
read_001909	mol_001909	1
read_001910	mol_001910	1
read_001911	mol_001911	-1
read_001912	mol_001912	-1
read_001913	mol_001913	1
read_001914	mol_001914	1
read_001915	mol_001915	-1
read_001916	mol_001916	-1
read_001917	mol_001917	1
read_001918	mol_001918	-1
read_001919	mol_001919	1
read_001920	mol_001920	-1
read_001921	mol_001921	-1
read_001922	mol_001922	1
read_001923	mol_001923	1
read_001924	mol_001924	-1
read_001925	mol_001925	-1
read_001926	mol_001926	1
read_001927	mol_001927	1
read_001928	mol_001928	-1
read_001929	mol_001929	-1
read_001930	mol_001930	-1
read_001931	mol_001931	-1
read_001932	mol_001932	1
read_001933	mol_001933	1
read_001934	mol_001934	1
read_001935	mol_001935	1
read_001936	mol_001936	1
read_001937	mol_001937	-1
read_001938	mol_001938	1
read_001939	mol_001939	1
read_001940	mol_001940	1
read_001941	mol_001941	1
read_001942	mol_001942	1
read_001943	mol_001943	1
read_001944	mol_001944	1
read_001945	mol_001945	-1
read_001946	mol_001946	1
read_001947	mol_001947	-1
read_001948	mol_001948	-1
read_001949	mol_001949	-1
read_001950	mol_001950	-1
read_001951	mol_001951	1
read_001952	mol_001952	1
read_001953	mol_001953	1
read_001954	mol_001954	-1
read_001955	mol_001955	1
read_001956	mol_001956	-1
read_001957	mol_001957	-1
read_001958	mol_001958	1
read_001959	mol_001959	1
read_001960	mol_001960	-1
read_001961	mol_001961	1
read_001962	mol_001962	1
read_001963	mol_001963	1
read_001964	mol_001964	-1
read_001965	mol_001965	-1
read_001966	mol_001966	1
read_001967	mol_001967	1
read_001968	mol_001968	1
read_001969	mol_001969	-1
read_001970	mol_001970	1
read_001971	mol_001971	-1
read_001972	mol_001972	1
read_001973	mol_001973	-1
read_001974	mol_001974	1
read_001975	mol_001975	-1
read_001976	mol_001976	1
read_001977	mol_001977	-1
read_001978	mol_001978	1
read_001979	mol_001979	-1
read_001980	mol_001980	-1
read_001981	mol_001981	-1
read_001982	mol_001982	1
read_001983	mol_001983	-1
read_001984	mol_001984	1
read_001985	mol_001985	1
read_001986	mol_001986	1
read_001987	mol_001987	1
read_001988	mol_001988	-1
read_001989	mol_001989	-1
read_001990	mol_001990	1
read_001991	mol_001991	-1
read_001992	mol_001992	1
read_001993	mol_001993	-1
read_001994	mol_001994	-1
read_001995	mol_001995	1
read_001996	mol_001996	-1
read_001997	mol_001997	-1
read_001998	mol_001998	-1
read_001999	mol_001999	-1
read_002000	mol_002000	1
read_002001	mol_002001	-1
read_002002	mol_002002	-1
read_002003	mol_002003	-1
read_002004	mol_002004	1
read_002005	mol_002005	1
read_002006	mol_002006	1
read_002007	mol_002007	-1
read_002008	mol_002008	1
read_002009	mol_002009	-1
read_002010	mol_002010	-1
read_002011	mol_002011	1
read_002012	mol_002012	1
read_002013	mol_002013	1
read_002014	mol_002014	-1
read_002015	mol_002015	-1
read_002016	mol_002016	1
read_002017	mol_002017	1
read_002018	mol_002018	1
read_002019	mol_002019	-1
read_002020	mol_002020	-1
read_002021	mol_002021	-1
read_002022	mol_002022	1
read_002023	mol_002023	1
read_002024	mol_002024	1
read_002025	mol_002025	1
read_002026	mol_002026	1
read_002027	mol_002027	-1
read_002028	mol_002028	-1
read_002029	mol_002029	1
read_002030	mol_002030	-1
read_002031	mol_002031	-1
read_002032	mol_002032	1
read_002033	mol_002033	1
read_002034	mol_002034	-1
read_002035	mol_002035	1
read_002036	mol_002036	-1
read_002037	mol_002037	1
read_002038	mol_002038	-1
read_002039	mol_002039	-1
read_002040	mol_002040	-1
read_002041	mol_002041	-1
read_002042	mol_002042	1
read_002043	mol_002043	1
read_002044	mol_002044	-1
read_002045	mol_002045	-1
read_002046	mol_002046	1
read_002047	mol_002047	-1
read_002048	mol_002048	1
read_002049	mol_002049	-1
read_002050	mol_002050	-1
read_002051	mol_002051	1
read_002052	mol_002052	-1
read_002053	mol_002053	-1
read_002054	mol_002054	1
read_002055	mol_002055	-1
read_002056	mol_002056	1
read_002057	mol_002057	-1
read_002058	mol_002058	1
read_002059	mol_002059	1
read_002060	mol_002060	-1
read_002061	mol_002061	1
read_002062	mol_002062	-1
read_002063	mol_002063	1
read_002064	mol_002064	-1
read_002065	mol_002065	1
read_002066	mol_002066	1
read_002067	mol_002067	1
read_002068	mol_002068	1
read_002069	mol_002069	-1
read_002070	mol_002070	1
read_002071	mol_002071	1
read_002072	mol_002072	-1
read_002073	mol_002073	-1
read_002074	mol_002074	-1
read_002075	mol_002075	1
read_002076	mol_002076	-1
read_002077	mol_002077	-1
read_002078	mol_002078	1
read_002079	mol_002079	1
read_002080	mol_002080	1
read_002081	mol_002081	1
read_002082	mol_002082	-1
read_002083	mol_002083	-1
read_002084	mol_002084	-1
read_002085	mol_002085	1
read_002086	mol_002086	-1
read_002087	mol_002087	-1
read_002088	mol_002088	-1
read_002089	mol_002089	1
read_002090	mol_002090	1
read_002091	mol_002091	-1
read_002092	mol_002092	-1
read_002093	mol_002093	-1
read_002094	mol_002094	-1
read_002095	mol_002095	-1
read_002096	mol_002096	-1
read_002097	mol_002097	1
read_002098	mol_002098	-1
read_002099	mol_002099	1
read_002100	mol_002100	-1
read_002101	mol_002101	-1
read_002102	mol_002102	1
read_002103	mol_002103	-1
read_002104	mol_002104	1
read_002105	mol_002105	1
read_002106	mol_002106	-1
read_002107	mol_002107	1
read_002108	mol_002108	-1
read_002109	mol_002109	1
read_002110	mol_002110	-1
read_002111	mol_002111	1
read_002112	mol_002112	1
read_002113	mol_002113	-1
read_002114	mol_002114	-1
read_002115	mol_002115	1
read_002116	mol_002116	-1
read_002117	mol_002117	1
read_002118	mol_002118	1
read_002119	mol_002119	-1
read_002120	mol_002120	-1
read_002121	mol_002121	-1
read_002122	mol_002122	-1
read_002123	mol_002123	-1
read_002124	mol_002124	1
read_002125	mol_002125	1
read_002126	mol_002126	-1
read_002127	mol_002127	1
read_002128	mol_002128	-1
read_002129	mol_002129	1
read_002130	mol_002130	-1
read_002131	mol_002131	1
read_002132	mol_002132	1
read_002133	mol_002133	-1
read_002134	mol_002134	1
read_002135	mol_002135	-1
read_002136	mol_002136	-1
read_002137	mol_002137	1
read_002138	mol_002138	-1
read_002139	mol_002139	-1
read_002140	mol_002140	1
read_002141	mol_002141	1
read_002142	mol_002142	-1
read_002143	mol_002143	-1
read_002144	mol_002144	1
read_002145	mol_002145	1
read_002146	mol_002146	1
read_002147	mol_002147	1
read_002148	mol_002148	-1
read_002149	mol_002149	1
read_002150	mol_002150	1
read_002151	mol_002151	1
read_002152	mol_002152	1
read_002153	mol_002153	1
read_002154	mol_002154	-1
read_002155	mol_002155	1
read_002156	mol_002156	1
read_002157	mol_002157	-1
read_002158	mol_002158	-1
read_002159	mol_002159	-1
read_002160	mol_002160	-1
read_002161	mol_002161	1
read_002162	mol_002162	1
read_002163	mol_002163	-1
read_002164	mol_002164	1
read_002165	mol_002165	-1
read_002166	mol_002166	-1
read_002167	mol_002167	-1
read_002168	mol_002168	-1
read_002169	mol_002169	-1
read_002170	mol_002170	1
read_002171	mol_002171	1
read_002172	mol_002172	-1
read_002173	mol_002173	-1
read_002174	mol_002174	1
read_002175	mol_002175	1
read_002176	mol_002176	1
read_002177	mol_002177	1
read_002178	mol_002178	1
read_002179	mol_002179	1
read_002180	mol_002180	1
read_002181	mol_002181	-1
read_002182	mol_002182	1
read_002183	mol_002183	1
read_002184	mol_002184	-1
read_002185	mol_002185	1
read_002186	mol_002186	1
read_002187	mol_002187	-1
read_002188	mol_002188	1
read_002189	mol_002189	1
read_002190	mol_002190	-1
read_002191	mol_002191	-1
read_002192	mol_002192	-1
read_002193	mol_002193	-1
read_002194	mol_002194	1
read_002195	mol_002195	1
read_002196	mol_002196	1
read_002197	mol_002197	1
read_002198	mol_002198	1
read_002199	mol_002199	1
read_002200	mol_002200	-1
read_002201	mol_002201	1
read_002202	mol_002202	1
read_002203	mol_002203	-1
read_002204	mol_002204	-1
read_002205	mol_002205	1
read_002206	mol_002206	-1
read_002207	mol_002207	1
read_002208	mol_002208	-1
read_002209	mol_002209	1
read_002210	mol_002210	-1
read_002211	mol_002211	-1
read_002212	mol_002212	-1
read_002213	mol_002213	-1
read_002214	mol_002214	1
read_002215	mol_002215	1
read_002216	mol_002216	1
read_002217	mol_002217	-1
read_002218	mol_002218	1
read_002219	mol_002219	1
read_002220	mol_002220	-1
read_002221	mol_002221	1
read_002222	mol_002222	-1
read_002223	mol_002223	-1
read_002224	mol_002224	1
read_002225	mol_002225	1
read_002226	mol_002226	1
read_002227	mol_002227	-1
read_002228	mol_002228	-1
read_002229	mol_002229	-1
read_002230	mol_002230	1
read_002231	mol_002231	1
read_002232	mol_002232	-1
read_002233	mol_002233	1
read_002234	mol_002234	-1
read_002235	mol_002235	-1
read_002236	mol_002236	1
read_002237	mol_002237	1
read_002238	mol_002238	-1
read_002239	mol_002239	-1
read_002240	mol_002240	1
read_002241	mol_002241	1
read_002242	mol_002242	-1
read_002243	mol_002243	-1
read_002244	mol_002244	-1
read_002245	mol_002245	1
read_002246	mol_002246	-1
read_002247	mol_002247	1
read_002248	mol_002248	1
read_002249	mol_002249	-1
read_002250	mol_002250	-1
read_002251	mol_002251	1
read_002252	mol_002252	1
read_002253	mol_002253	-1
read_002254	mol_002254	1
read_002255	mol_002255	1
read_002256	mol_002256	1
read_002257	mol_002257	-1
read_002258	mol_002258	-1
read_002259	mol_002259	1
read_002260	mol_002260	-1
read_002261	mol_002261	-1
read_002262	mol_002262	1
read_002263	mol_002263	-1
read_002264	mol_002264	-1
read_002265	mol_002265	1
read_002266	mol_002266	-1
read_002267	mol_002267	1
read_002268	mol_002268	-1
read_002269	mol_002269	1
read_002270	mol_002270	1
read_002271	mol_002271	-1
read_002272	mol_002272	1
read_002273	mol_002273	1
read_002274	mol_002274	-1
read_002275	mol_002275	1
read_002276	mol_002276	1
read_002277	mol_002277	-1
read_002278	mol_002278	1
read_002279	mol_002279	1
read_002280	mol_002280	1
read_002281	mol_002281	-1
read_002282	mol_002282	-1
read_002283	mol_002283	-1
read_002284	mol_002284	1
read_002285	mol_002285	-1
read_002286	mol_002286	-1
read_002287	mol_002287	1
read_002288	mol_002288	-1
read_002289	mol_002289	1
read_002290	mol_002290	-1
read_002291	mol_002291	1
read_002292	mol_002292	-1
read_002293	mol_002293	-1
read_002294	mol_002294	1
read_002295	mol_002295	1
read_002296	mol_002296	1
read_002297	mol_002297	-1
read_002298	mol_002298	1
read_002299	mol_002299	1
read_002300	mol_002300	1
read_002301	mol_002301	1
read_002302	mol_002302	-1
read_002303	mol_002303	-1
read_002304	mol_002304	1
read_002305	mol_002305	1
read_002306	mol_002306	1
read_002307	mol_002307	1
read_002308	mol_002308	-1
read_002309	mol_002309	1
read_002310	mol_002310	-1
read_002311	mol_002311	-1
read_002312	mol_002312	-1
read_002313	mol_002313	-1
read_002314	mol_002314	1
read_002315	mol_002315	1
read_002316	mol_002316	1
read_002317	mol_002317	1
read_002318	mol_002318	-1
read_002319	mol_002319	-1
read_002320	mol_002320	-1
read_002321	mol_002321	-1
read_002322	mol_002322	1
read_002323	mol_002323	-1
read_002324	mol_002324	-1
read_002325	mol_002325	-1
read_002326	mol_002326	-1
read_002327	mol_002327	1
read_002328	mol_002328	-1
read_002329	mol_002329	-1
read_002330	mol_002330	1
read_002331	mol_002331	-1
read_002332	mol_002332	1
read_002333	mol_002333	1
read_002334	mol_002334	-1
read_002335	mol_002335	1
read_002336	mol_002336	-1
read_002337	mol_002337	1
read_002338	mol_002338	1
read_002339	mol_002339	-1
read_002340	mol_002340	-1
read_002341	mol_002341	-1
read_002342	mol_002342	-1
read_002343	mol_002343	1
read_002344	mol_002344	1
read_002345	mol_002345	-1
read_002346	mol_002346	-1
read_002347	mol_002347	1
read_002348	mol_002348	1
read_002349	mol_002349	1
read_002350	mol_002350	-1
read_002351	mol_002351	1
read_002352	mol_002352	-1
read_002353	mol_002353	1
read_002354	mol_002354	-1
read_002355	mol_002355	1
read_002356	mol_002356	1
read_002357	mol_002357	1
read_002358	mol_002358	-1
read_002359	mol_002359	1
read_002360	mol_002360	-1
read_002361	mol_002361	1
read_002362	mol_002362	1
read_002363	mol_002363	-1
read_002364	mol_002364	-1
read_002365	mol_002365	1
read_002366	mol_002366	-1
read_002367	mol_002367	-1
read_002368	mol_002368	-1
read_002369	mol_002369	1
read_002370	mol_002370	1
read_002371	mol_002371	1
read_002372	mol_002372	-1
read_002373	mol_002373	1
read_002374	mol_002374	1
read_002375	mol_002375	-1
read_002376	mol_002376	1
read_002377	mol_002377	1
read_002378	mol_002378	-1
read_002379	mol_002379	-1
read_002380	mol_002380	-1
read_002381	mol_002381	1
read_002382	mol_002382	1
read_002383	mol_002383	1
read_002384	mol_002384	1
read_002385	mol_002385	-1
read_002386	mol_002386	-1
read_002387	mol_002387	-1
read_002388	mol_002388	1
read_002389	mol_002389	-1
read_002390	mol_002390	-1
read_002391	mol_002391	-1
read_002392	mol_002392	-1
read_002393	mol_002393	1
read_002394	mol_002394	1
read_002395	mol_002395	-1
read_002396	mol_002396	-1
read_002397	mol_002397	1
read_002398	mol_002398	-1
read_002399	mol_002399	1
read_002400	mol_002400	-1
read_002401	mol_002401	1
read_002402	mol_002402	1
read_002403	mol_002403	1
read_002404	mol_002404	-1
read_002405	mol_002405	-1
read_002406	mol_002406	-1
read_002407	mol_002407	1
read_002408	mol_002408	1
read_002409	mol_002409	-1
read_002410	mol_002410	-1
read_002411	mol_002411	-1
read_002412	mol_002412	1
read_002413	mol_002413	1
read_002414	mol_002414	1
read_002415	mol_002415	1
read_002416	mol_002416	1
read_002417	mol_002417	-1
read_002418	mol_002418	1
read_002419	mol_002419	-1
read_002420	mol_002420	-1
read_002421	mol_002421	-1
read_002422	mol_002422	1
read_002423	mol_002423	1
read_002424	mol_002424	-1
read_002425	mol_002425	1
read_002426	mol_002426	-1
read_002427	mol_002427	1
read_002428	mol_002428	1
read_002429	mol_002429	1
read_002430	mol_002430	-1
read_002431	mol_002431	-1
read_002432	mol_002432	-1
read_002433	mol_002433	1
read_002434	mol_002434	1
read_002435	mol_002435	1
read_002436	mol_002436	-1
read_002437	mol_002437	-1
read_002438	mol_002438	1
read_002439	mol_002439	-1
read_002440	mol_002440	1
read_002441	mol_002441	1
read_002442	mol_002442	1
read_002443	mol_002443	1
read_002444	mol_002444	-1
read_002445	mol_002445	-1
read_002446	mol_002446	1
read_002447	mol_002447	1
read_002448	mol_002448	-1
read_002449	mol_002449	1
read_002450	mol_002450	-1
read_002451	mol_002451	-1
read_002452	mol_002452	-1
read_002453	mol_002453	1
read_002454	mol_002454	-1
read_002455	mol_002455	1
read_002456	mol_002456	-1
read_002457	mol_002457	-1
read_002458	mol_002458	1
read_002459	mol_002459	-1
read_002460	mol_002460	1
read_002461	mol_002461	-1
read_002462	mol_002462	-1
read_002463	mol_002463	-1
read_002464	mol_002464	1
read_002465	mol_002465	-1
read_002466	mol_002466	-1
read_002467	mol_002467	-1
read_002468	mol_002468	-1
read_002469	mol_002469	-1
read_002470	mol_002470	-1
read_002471	mol_002471	1
read_002472	mol_002472	1
read_002473	mol_002473	1
read_002474	mol_002474	1
read_002475	mol_002475	-1
read_002476	mol_002476	1
read_002477	mol_002477	-1
read_002478	mol_002478	1
read_002479	mol_002479	1
read_002480	mol_002480	1
read_002481	mol_002481	-1
read_002482	mol_002482	1
read_002483	mol_002483	-1
read_002484	mol_002484	-1
read_002485	mol_002485	-1
read_002486	mol_002486	-1
read_002487	mol_002487	1
read_002488	mol_002488	1
read_002489	mol_002489	1
read_002490	mol_002490	-1
read_002491	mol_002491	-1
read_002492	mol_002492	1
read_002493	mol_002493	1
read_002494	mol_002494	-1
read_002495	mol_002495	-1
read_002496	mol_002496	1
read_002497	mol_002497	1
read_002498	mol_002498	-1
read_002499	mol_002499	-1
read_002500	mol_002500	-1
read_002501	mol_002501	-1
read_002502	mol_002502	1
read_002503	mol_002503	1
read_002504	mol_002504	1
read_002505	mol_002505	-1
read_002506	mol_002506	1
read_002507	mol_002507	1
read_002508	mol_002508	1
read_002509	mol_002509	1
read_002510	mol_002510	-1
read_002511	mol_002511	1
read_002512	mol_002512	1
read_002513	mol_002513	-1
read_002514	mol_002514	1
read_002515	mol_002515	-1
read_002516	mol_002516	-1
read_002517	mol_002517	1
read_002518	mol_002518	1
read_002519	mol_002519	1
read_002520	mol_002520	1
read_002521	mol_002521	1
read_002522	mol_002522	1
read_002523	mol_002523	1
read_002524	mol_002524	1
read_002525	mol_002525	-1
read_002526	mol_002526	-1
read_002527	mol_002527	-1
read_002528	mol_002528	-1
read_002529	mol_002529	-1
read_002530	mol_002530	-1
read_002531	mol_002531	1
read_002532	mol_002532	1
read_002533	mol_002533	-1
read_002534	mol_002534	-1
read_002535	mol_002535	-1
read_002536	mol_002536	1
read_002537	mol_002537	1
read_002538	mol_002538	1
read_002539	mol_002539	-1
read_002540	mol_002540	-1
read_002541	mol_002541	-1
read_002542	mol_002542	-1
read_002543	mol_002543	-1
read_002544	mol_002544	-1
read_002545	mol_002545	1
read_002546	mol_002546	1
read_002547	mol_002547	-1
read_002548	mol_002548	1
read_002549	mol_002549	1
read_002550	mol_002550	1
read_002551	mol_002551	-1
read_002552	mol_002552	1
read_002553	mol_002553	1
read_002554	mol_002554	1
read_002555	mol_002555	1
read_002556	mol_002556	-1
read_002557	mol_002557	1
read_002558	mol_002558	-1
read_002559	mol_002559	1
read_002560	mol_002560	1
read_002561	mol_002561	1
read_002562	mol_002562	1
read_002563	mol_002563	1
read_002564	mol_002564	1
read_002565	mol_002565	-1
read_002566	mol_002566	-1
read_002567	mol_002567	1
read_002568	mol_002568	1
read_002569	mol_002569	1
read_002570	mol_002570	-1
read_002571	mol_002571	-1
read_002572	mol_002572	1
read_002573	mol_002573	1
read_002574	mol_002574	1
read_002575	mol_002575	1
read_002576	mol_002576	1
read_002577	mol_002577	-1
read_002578	mol_002578	1
read_002579	mol_002579	-1
read_002580	mol_002580	1
read_002581	mol_002581	-1
read_002582	mol_002582	-1
read_002583	mol_002583	1
read_002584	mol_002584	-1
read_002585	mol_002585	-1
read_002586	mol_002586	-1
read_002587	mol_002587	1
read_002588	mol_002588	-1
read_002589	mol_002589	1
read_002590	mol_002590	1
read_002591	mol_002591	-1
read_002592	mol_002592	1
read_002593	mol_002593	1
read_002594	mol_002594	1
read_002595	mol_002595	1
read_002596	mol_002596	1
read_002597	mol_002597	1
read_002598	mol_002598	-1
read_002599	mol_002599	-1
read_002600	mol_002600	-1
read_002601	mol_002601	1
read_002602	mol_002602	1
read_002603	mol_002603	1
read_002604	mol_002604	1
read_002605	mol_002605	-1
read_002606	mol_002606	-1
read_002607	mol_002607	-1
read_002608	mol_002608	-1
read_002609	mol_002609	-1
read_002610	mol_002610	-1
read_002611	mol_002611	-1
read_002612	mol_002612	1
read_002613	mol_002613	1
read_002614	mol_002614	1
read_002615	mol_002615	-1
read_002616	mol_002616	-1
read_002617	mol_002617	-1
read_002618	mol_002618	1
read_002619	mol_002619	-1
read_002620	mol_002620	1
read_002621	mol_002621	-1
read_002622	mol_002622	1
read_002623	mol_002623	-1
read_002624	mol_002624	-1
read_002625	mol_002625	-1
read_002626	mol_002626	1
read_002627	mol_002627	-1
read_002628	mol_002628	1
read_002629	mol_002629	-1
read_002630	mol_002630	-1
read_002631	mol_002631	-1
read_002632	mol_002632	-1
read_002633	mol_002633	-1
read_002634	mol_002634	-1
read_002635	mol_002635	1
read_002636	mol_002636	1
read_002637	mol_002637	1
read_002638	mol_002638	-1
read_002639	mol_002639	-1
read_002640	mol_002640	1
read_002641	mol_002641	-1
read_002642	mol_002642	1
read_002643	mol_002643	1
read_002644	mol_002644	-1
read_002645	mol_002645	-1
read_002646	mol_002646	1
read_002647	mol_002647	1
read_002648	mol_002648	-1
read_002649	mol_002649	-1
read_002650	mol_002650	-1
read_002651	mol_002651	-1
read_002652	mol_002652	-1
read_002653	mol_002653	1
read_002654	mol_002654	1
read_002655	mol_002655	1
read_002656	mol_002656	1
read_002657	mol_002657	-1
read_002658	mol_002658	1
read_002659	mol_002659	-1
read_002660	mol_002660	1
read_002661	mol_002661	-1
read_002662	mol_002662	-1
read_002663	mol_002663	-1
read_002664	mol_002664	-1
read_002665	mol_002665	1
read_002666	mol_002666	1
read_002667	mol_002667	1
read_002668	mol_002668	-1
read_002669	mol_002669	-1
read_002670	mol_002670	1
read_002671	mol_002671	1
read_002672	mol_002672	-1
read_002673	mol_002673	-1
read_002674	mol_002674	-1
read_002675	mol_002675	1
read_002676	mol_002676	-1
read_002677	mol_002677	-1
read_002678	mol_002678	-1
read_002679	mol_002679	1
read_002680	mol_002680	-1
read_002681	mol_002681	-1
read_002682	mol_002682	1
read_002683	mol_002683	-1
read_002684	mol_002684	-1
read_002685	mol_002685	-1
read_002686	mol_002686	1
read_002687	mol_002687	-1
read_002688	mol_002688	1
read_002689	mol_002689	1
read_002690	mol_002690	1
read_002691	mol_002691	1
read_002692	mol_002692	1
read_002693	mol_002693	-1
read_002694	mol_002694	-1
read_002695	mol_002695	-1
read_002696	mol_002696	1
read_002697	mol_002697	-1
read_002698	mol_002698	-1
read_002699	mol_002699	-1
read_002700	mol_002700	1
read_002701	mol_002701	1
read_002702	mol_002702	1
read_002703	mol_002703	-1
read_002704	mol_002704	-1
read_002705	mol_002705	-1
read_002706	mol_002706	-1
read_002707	mol_002707	1
read_002708	mol_002708	1
read_002709	mol_002709	-1
read_002710	mol_002710	-1
read_002711	mol_002711	-1
read_002712	mol_002712	1
read_002713	mol_002713	-1
read_002714	mol_002714	1
read_002715	mol_002715	-1
read_002716	mol_002716	1
read_002717	mol_002717	1
read_002718	mol_002718	-1
read_002719	mol_002719	-1
read_002720	mol_002720	1
read_002721	mol_002721	1
read_002722	mol_002722	1
read_002723	mol_002723	1
read_002724	mol_002724	1
read_002725	mol_002725	-1
read_002726	mol_002726	-1
read_002727	mol_002727	1
read_002728	mol_002728	-1
read_002729	mol_002729	-1
read_002730	mol_002730	1
read_002731	mol_002731	-1
read_002732	mol_002732	1
read_002733	mol_002733	-1
read_002734	mol_002734	1
read_002735	mol_002735	1
read_002736	mol_002736	1
read_002737	mol_002737	1
read_002738	mol_002738	1
read_002739	mol_002739	-1
read_002740	mol_002740	-1
read_002741	mol_002741	-1
read_002742	mol_002742	1
read_002743	mol_002743	1
read_002744	mol_002744	1
read_002745	mol_002745	-1
read_002746	mol_002746	1
read_002747	mol_002747	-1
read_002748	mol_002748	-1
read_002749	mol_002749	1
read_002750	mol_002750	-1
read_002751	mol_002751	1
read_002752	mol_002752	-1
read_002753	mol_002753	1
read_002754	mol_002754	-1
read_002755	mol_002755	1
read_002756	mol_002756	1
read_002757	mol_002757	-1
read_002758	mol_002758	-1
read_002759	mol_002759	-1
read_002760	mol_002760	1
read_002761	mol_002761	-1
read_002762	mol_002762	1
read_002763	mol_002763	-1
read_002764	mol_002764	1
read_002765	mol_002765	1
read_002766	mol_002766	-1
read_002767	mol_002767	-1
read_002768	mol_002768	1
read_002769	mol_002769	-1
read_002770	mol_002770	1
read_002771	mol_002771	1
read_002772	mol_002772	1
read_002773	mol_002773	1
read_002774	mol_002774	1
read_002775	mol_002775	-1
read_002776	mol_002776	-1
read_002777	mol_002777	1
read_002778	mol_002778	-1
read_002779	mol_002779	1
read_002780	mol_002780	1
read_002781	mol_002781	-1
read_002782	mol_002782	-1
read_002783	mol_002783	1
read_002784	mol_002784	1
read_002785	mol_002785	1
read_002786	mol_002786	-1
read_002787	mol_002787	-1
read_002788	mol_002788	1
read_002789	mol_002789	-1
read_002790	mol_002790	-1
read_002791	mol_002791	1
read_002792	mol_002792	1
read_002793	mol_002793	1
read_002794	mol_002794	-1
read_002795	mol_002795	-1
read_002796	mol_002796	1
read_002797	mol_002797	1
read_002798	mol_002798	1
read_002799	mol_002799	-1
read_002800	mol_002800	-1
read_002801	mol_002801	-1
read_002802	mol_002802	1
read_002803	mol_002803	1
read_002804	mol_002804	1
read_002805	mol_002805	-1
read_002806	mol_002806	1
read_002807	mol_002807	1
read_002808	mol_002808	1
read_002809	mol_002809	-1
read_002810	mol_002810	-1
read_002811	mol_002811	-1
read_002812	mol_002812	1
read_002813	mol_002813	-1
read_002814	mol_002814	-1
read_002815	mol_002815	-1
read_002816	mol_002816	-1
read_002817	mol_002817	1
read_002818	mol_002818	-1
read_002819	mol_002819	-1
read_002820	mol_002820	-1
read_002821	mol_002821	1
read_002822	mol_002822	1
read_002823	mol_002823	1
read_002824	mol_002824	-1
read_002825	mol_002825	1
read_002826	mol_002826	1
read_002827	mol_002827	-1
read_002828	mol_002828	-1
read_002829	mol_002829	1
read_002830	mol_002830	-1
read_002831	mol_002831	1
read_002832	mol_002832	-1
read_002833	mol_002833	-1
read_002834	mol_002834	1
read_002835	mol_002835	1
read_002836	mol_002836	-1
read_002837	mol_002837	-1
read_002838	mol_002838	-1
read_002839	mol_002839	1
read_002840	mol_002840	1
read_002841	mol_002841	-1
read_002842	mol_002842	1
read_002843	mol_002843	1
read_002844	mol_002844	-1
read_002845	mol_002845	1
read_002846	mol_002846	1
read_002847	mol_002847	-1
read_002848	mol_002848	1
read_002849	mol_002849	-1
read_002850	mol_002850	-1
read_002851	mol_002851	-1
read_002852	mol_002852	-1
read_002853	mol_002853	-1
read_002854	mol_002854	1
read_002855	mol_002855	1
read_002856	mol_002856	-1
read_002857	mol_002857	1
read_002858	mol_002858	1
read_002859	mol_002859	-1
read_002860	mol_002860	-1
read_002861	mol_002861	1
read_002862	mol_002862	1
read_002863	mol_002863	-1
read_002864	mol_002864	-1
read_002865	mol_002865	-1
read_002866	mol_002866	-1
read_002867	mol_002867	1
read_002868	mol_002868	1
read_002869	mol_002869	-1
read_002870	mol_002870	-1
read_002871	mol_002871	1
read_002872	mol_002872	-1
read_002873	mol_002873	1
read_002874	mol_002874	-1
read_002875	mol_002875	1
read_002876	mol_002876	1
read_002877	mol_002877	1
read_002878	mol_002878	-1
read_002879	mol_002879	-1
read_002880	mol_002880	1
read_002881	mol_002881	1
read_002882	mol_002882	-1
read_002883	mol_002883	-1
read_002884	mol_002884	-1
read_002885	mol_002885	1
read_002886	mol_002886	-1
read_002887	mol_002887	-1
read_002888	mol_002888	-1
read_002889	mol_002889	1
read_002890	mol_002890	1
read_002891	mol_002891	-1
read_002892	mol_002892	-1
read_002893	mol_002893	-1
read_002894	mol_002894	-1
read_002895	mol_002895	1
read_002896	mol_002896	-1
read_002897	mol_002897	-1
read_002898	mol_002898	-1
read_002899	mol_002899	-1
read_002900	mol_002900	-1
read_002901	mol_002901	1
read_002902	mol_002902	-1
read_002903	mol_002903	-1
read_002904	mol_002904	-1
read_002905	mol_002905	1
read_002906	mol_002906	-1
read_002907	mol_002907	-1
read_002908	mol_002908	1
read_002909	mol_002909	1
read_002910	mol_002910	-1
read_002911	mol_002911	-1
read_002912	mol_002912	1
read_002913	mol_002913	-1
read_002914	mol_002914	1
read_002915	mol_002915	1
read_002916	mol_002916	-1
read_002917	mol_002917	-1
read_002918	mol_002918	1
read_002919	mol_002919	-1
read_002920	mol_002920	1
read_002921	mol_002921	1
read_002922	mol_002922	1
read_002923	mol_002923	-1
read_002924	mol_002924	1
read_002925	mol_002925	-1
read_002926	mol_002926	1
read_002927	mol_002927	-1
read_002928	mol_002928	-1
read_002929	mol_002929	-1
read_002930	mol_002930	1
read_002931	mol_002931	1
read_002932	mol_002932	-1
read_002933	mol_002933	1
read_002934	mol_002934	-1
read_002935	mol_002935	1
read_002936	mol_002936	1
read_002937	mol_002937	-1
read_002938	mol_002938	1
read_002939	mol_002939	1
read_002940	mol_002940	-1
read_002941	mol_002941	1
read_002942	mol_002942	-1
read_002943	mol_002943	-1
read_002944	mol_002944	1
read_002945	mol_002945	-1
read_002946	mol_002946	1
read_002947	mol_002947	1
read_002948	mol_002948	-1
read_002949	mol_002949	-1
read_002950	mol_002950	1
read_002951	mol_002951	1
read_002952	mol_002952	1
read_002953	mol_002953	-1
read_002954	mol_002954	-1
read_002955	mol_002955	-1
read_002956	mol_002956	-1
read_002957	mol_002957	1
read_002958	mol_002958	-1
read_002959	mol_002959	-1
read_002960	mol_002960	1
read_002961	mol_002961	1
read_002962	mol_002962	-1
read_002963	mol_002963	1
read_002964	mol_002964	1
read_002965	mol_002965	1
read_002966	mol_002966	1
read_002967	mol_002967	-1
read_002968	mol_002968	1
read_002969	mol_002969	1
read_002970	mol_002970	1
read_002971	mol_002971	1
read_002972	mol_002972	1
read_002973	mol_002973	1
read_002974	mol_002974	1
read_002975	mol_002975	1
read_002976	mol_002976	-1
read_002977	mol_002977	-1
read_002978	mol_002978	1
read_002979	mol_002979	1
read_002980	mol_002980	1
read_002981	mol_002981	-1
read_002982	mol_002982	-1
read_002983	mol_002983	-1
read_002984	mol_002984	-1
read_002985	mol_002985	-1
read_002986	mol_002986	-1
read_002987	mol_002987	1
read_002988	mol_002988	-1
read_002989	mol_002989	-1
read_002990	mol_002990	1
read_002991	mol_002991	-1
read_002992	mol_002992	1
read_002993	mol_002993	1
read_002994	mol_002994	1
read_002995	mol_002995	-1
read_002996	mol_002996	1
read_002997	mol_002997	-1
read_002998	mol_002998	-1
read_002999	mol_002999	1
read_003000	mol_003000	-1
read_003001	mol_003001	1
read_003002	mol_003002	-1
read_003003	mol_003003	-1
read_003004	mol_003004	-1
read_003005	mol_003005	-1
read_003006	mol_003006	-1
read_003007	mol_003007	-1
read_003008	mol_003008	1
read_003009	mol_003009	-1
read_003010	mol_003010	1
read_003011	mol_003011	1
read_003012	mol_003012	1
read_003013	mol_003013	-1
read_003014	mol_003014	-1
read_003015	mol_003015	1
read_003016	mol_003016	-1
read_003017	mol_003017	-1
read_003018	mol_003018	-1
read_003019	mol_003019	-1
read_003020	mol_003020	-1
read_003021	mol_003021	-1
read_003022	mol_003022	-1
read_003023	mol_003023	1
read_003024	mol_003024	1
read_003025	mol_003025	-1
read_003026	mol_003026	1
read_003027	mol_003027	-1
read_003028	mol_003028	-1
read_003029	mol_003029	1
read_003030	mol_003030	1
read_003031	mol_003031	-1
read_003032	mol_003032	1
read_003033	mol_003033	1
read_003034	mol_003034	1
read_003035	mol_003035	1
read_003036	mol_003036	1
read_003037	mol_003037	-1
read_003038	mol_003038	-1
read_003039	mol_003039	1
read_003040	mol_003040	1
read_003041	mol_003041	-1
read_003042	mol_003042	-1
read_003043	mol_003043	1
read_003044	mol_003044	-1
read_003045	mol_003045	1
read_003046	mol_003046	1
read_003047	mol_003047	1
read_003048	mol_003048	-1
read_003049	mol_003049	1
read_003050	mol_003050	1
read_003051	mol_003051	1
read_003052	mol_003052	-1
read_003053	mol_003053	1
read_003054	mol_003054	-1
read_003055	mol_003055	1
read_003056	mol_003056	1
read_003057	mol_003057	1
read_003058	mol_003058	-1
read_003059	mol_003059	-1
read_003060	mol_003060	-1
read_003061	mol_003061	-1
read_003062	mol_003062	-1
read_003063	mol_003063	1
read_003064	mol_003064	-1
read_003065	mol_003065	-1
read_003066	mol_003066	-1
read_003067	mol_003067	-1
read_003068	mol_003068	1
read_003069	mol_003069	-1
read_003070	mol_003070	1
read_003071	mol_003071	-1
read_003072	mol_003072	1
read_003073	mol_003073	-1
read_003074	mol_003074	1
read_003075	mol_003075	1
read_003076	mol_003076	1
read_003077	mol_003077	-1
read_003078	mol_003078	1
read_003079	mol_003079	1
read_003080	mol_003080	-1
read_003081	mol_003081	1
read_003082	mol_003082	1
read_003083	mol_003083	1
read_003084	mol_003084	1
read_003085	mol_003085	1
read_003086	mol_003086	1
read_003087	mol_003087	1
read_003088	mol_003088	1
read_003089	mol_003089	1
read_003090	mol_003090	-1
read_003091	mol_003091	1
read_003092	mol_003092	-1
read_003093	mol_003093	1
read_003094	mol_003094	1
read_003095	mol_003095	-1
read_003096	mol_003096	-1
read_003097	mol_003097	-1
read_003098	mol_003098	-1
read_003099	mol_003099	-1
read_003100	mol_003100	1
read_003101	mol_003101	1
read_003102	mol_003102	1
read_003103	mol_003103	1
read_003104	mol_003104	-1
read_003105	mol_003105	-1
read_003106	mol_003106	1
read_003107	mol_003107	-1
read_003108	mol_003108	1
read_003109	mol_003109	-1
read_003110	mol_003110	1
read_003111	mol_003111	-1
read_003112	mol_003112	1
read_003113	mol_003113	-1
read_003114	mol_003114	-1
read_003115	mol_003115	1
read_003116	mol_003116	-1
read_003117	mol_003117	1
read_003118	mol_003118	-1
read_003119	mol_003119	1
read_003120	mol_003120	1
read_003121	mol_003121	-1
read_003122	mol_003122	1
read_003123	mol_003123	-1
read_003124	mol_003124	1
read_003125	mol_003125	1
read_003126	mol_003126	1
read_003127	mol_003127	1
read_003128	mol_003128	1
read_003129	mol_003129	1
read_003130	mol_003130	1
read_003131	mol_003131	-1
read_003132	mol_003132	-1
read_003133	mol_003133	1
read_003134	mol_003134	-1
read_003135	mol_003135	-1
read_003136	mol_003136	1
read_003137	mol_003137	1
read_003138	mol_003138	1
read_003139	mol_003139	-1
read_003140	mol_003140	1
read_003141	mol_003141	1
read_003142	mol_003142	1
read_003143	mol_003143	1
read_003144	mol_003144	-1
read_003145	mol_003145	1
read_003146	mol_003146	-1
read_003147	mol_003147	-1
read_003148	mol_003148	-1
read_003149	mol_003149	1
read_003150	mol_003150	1
read_003151	mol_003151	1
read_003152	mol_003152	-1
read_003153	mol_003153	-1
read_003154	mol_003154	-1
read_003155	mol_003155	1
read_003156	mol_003156	1
read_003157	mol_003157	-1
read_003158	mol_003158	1
read_003159	mol_003159	1
read_003160	mol_003160	1
read_003161	mol_003161	1
read_003162	mol_003162	1
read_003163	mol_003163	1
read_003164	mol_003164	1
read_003165	mol_003165	1
read_003166	mol_003166	1
read_003167	mol_003167	-1
read_003168	mol_003168	1
read_003169	mol_003169	-1
read_003170	mol_003170	1
read_003171	mol_003171	-1
read_003172	mol_003172	-1
read_003173	mol_003173	-1
read_003174	mol_003174	1
read_003175	mol_003175	1
read_003176	mol_003176	1
read_003177	mol_003177	1
read_003178	mol_003178	-1
read_003179	mol_003179	-1
read_003180	mol_003180	1
read_003181	mol_003181	1
read_003182	mol_003182	1
read_003183	mol_003183	1
read_003184	mol_003184	-1
read_003185	mol_003185	-1
read_003186	mol_003186	-1
read_003187	mol_003187	1
read_003188	mol_003188	1
read_003189	mol_003189	-1
read_003190	mol_003190	1
read_003191	mol_003191	1
read_003192	mol_003192	-1
read_003193	mol_003193	1
read_003194	mol_003194	-1
read_003195	mol_003195	-1
read_003196	mol_003196	-1
read_003197	mol_003197	1
read_003198	mol_003198	-1
read_003199	mol_003199	1
read_003200	mol_003200	1
read_003201	mol_003201	1
read_003202	mol_003202	1
read_003203	mol_003203	1
read_003204	mol_003204	-1
read_003205	mol_003205	-1
read_003206	mol_003206	1
read_003207	mol_003207	-1
read_003208	mol_003208	-1
read_003209	mol_003209	-1
read_003210	mol_003210	-1
read_003211	mol_003211	-1
read_003212	mol_003212	-1
read_003213	mol_003213	1
read_003214	mol_003214	1
read_003215	mol_003215	-1
read_003216	mol_003216	1
read_003217	mol_003217	-1
read_003218	mol_003218	-1
read_003219	mol_003219	1
read_003220	mol_003220	-1
read_003221	mol_003221	-1
read_003222	mol_003222	1
read_003223	mol_003223	-1
read_003224	mol_003224	1
read_003225	mol_003225	1
read_003226	mol_003226	-1
read_003227	mol_003227	-1
read_003228	mol_003228	-1
read_003229	mol_003229	-1
read_003230	mol_003230	1
read_003231	mol_003231	-1
read_003232	mol_003232	1
read_003233	mol_003233	-1
read_003234	mol_003234	-1
read_003235	mol_003235	-1
read_003236	mol_003236	-1
read_003237	mol_003237	1
read_003238	mol_003238	-1
read_003239	mol_003239	1
read_003240	mol_003240	-1
read_003241	mol_003241	1
read_003242	mol_003242	-1
read_003243	mol_003243	1
read_003244	mol_003244	-1
read_003245	mol_003245	-1
read_003246	mol_003246	-1
read_003247	mol_003247	-1
read_003248	mol_003248	-1
read_003249	mol_003249	-1
read_003250	mol_003250	1
read_003251	mol_003251	1
read_003252	mol_003252	1
read_003253	mol_003253	1
read_003254	mol_003254	1
read_003255	mol_003255	-1
read_003256	mol_003256	-1
read_003257	mol_003257	-1
read_003258	mol_003258	-1
read_003259	mol_003259	1
read_003260	mol_003260	-1
read_003261	mol_003261	-1
read_003262	mol_003262	1
read_003263	mol_003263	1
read_003264	mol_003264	1
read_003265	mol_003265	-1
read_003266	mol_003266	-1
read_003267	mol_003267	1
read_003268	mol_003268	-1
read_003269	mol_003269	-1
read_003270	mol_003270	-1
read_003271	mol_003271	-1
read_003272	mol_003272	1
read_003273	mol_003273	-1
read_003274	mol_003274	1
read_003275	mol_003275	1
read_003276	mol_003276	-1
read_003277	mol_003277	1
read_003278	mol_003278	-1
read_003279	mol_003279	1
read_003280	mol_003280	1
read_003281	mol_003281	1
read_003282	mol_003282	1
read_003283	mol_003283	1
read_003284	mol_003284	-1
read_003285	mol_003285	-1
read_003286	mol_003286	1
read_003287	mol_003287	-1
read_003288	mol_003288	-1
read_003289	mol_003289	-1
read_003290	mol_003290	1
read_003291	mol_003291	1
read_003292	mol_003292	1
read_003293	mol_003293	-1
read_003294	mol_003294	-1
read_003295	mol_003295	-1
read_003296	mol_003296	1
read_003297	mol_003297	1
read_003298	mol_003298	1
read_003299	mol_003299	-1
read_003300	mol_003300	1
read_003301	mol_003301	-1
read_003302	mol_003302	1
read_003303	mol_003303	1
read_003304	mol_003304	-1
read_003305	mol_003305	1
read_003306	mol_003306	-1
read_003307	mol_003307	-1
read_003308	mol_003308	-1
read_003309	mol_003309	1
read_003310	mol_003310	-1
read_003311	mol_003311	1
read_003312	mol_003312	1
read_003313	mol_003313	1
read_003314	mol_003314	1
read_003315	mol_003315	1
read_003316	mol_003316	1
read_003317	mol_003317	1
read_003318	mol_003318	-1
read_003319	mol_003319	-1
read_003320	mol_003320	1
read_003321	mol_003321	-1
read_003322	mol_003322	-1
read_003323	mol_003323	1
read_003324	mol_003324	-1
read_003325	mol_003325	-1
read_003326	mol_003326	-1
read_003327	mol_003327	-1
read_003328	mol_003328	-1
read_003329	mol_003329	-1
read_003330	mol_003330	-1
read_003331	mol_003331	1
read_003332	mol_003332	1
read_003333	mol_003333	1
read_003334	mol_003334	-1
read_003335	mol_003335	1
read_003336	mol_003336	1
read_003337	mol_003337	1
read_003338	mol_003338	-1
read_003339	mol_003339	1
read_003340	mol_003340	1
read_003341	mol_003341	-1
read_003342	mol_003342	-1
read_003343	mol_003343	1
read_003344	mol_003344	1
read_003345	mol_003345	1
read_003346	mol_003346	-1
read_003347	mol_003347	1
read_003348	mol_003348	-1
read_003349	mol_003349	-1
read_003350	mol_003350	1
read_003351	mol_003351	-1
read_003352	mol_003352	-1
read_003353	mol_003353	1
read_003354	mol_003354	1
read_003355	mol_003355	1
read_003356	mol_003356	-1
read_003357	mol_003357	1
read_003358	mol_003358	-1
read_003359	mol_003359	1
read_003360	mol_003360	-1
read_003361	mol_003361	1
read_003362	mol_003362	-1
read_003363	mol_003363	-1
read_003364	mol_003364	-1
read_003365	mol_003365	1
read_003366	mol_003366	1
read_003367	mol_003367	1
read_003368	mol_003368	-1
read_003369	mol_003369	1
read_003370	mol_003370	1
read_003371	mol_003371	1
read_003372	mol_003372	-1
read_003373	mol_003373	-1
read_003374	mol_003374	1
read_003375	mol_003375	1
read_003376	mol_003376	-1
read_003377	mol_003377	1
read_003378	mol_003378	1
read_003379	mol_003379	1
read_003380	mol_003380	-1
read_003381	mol_003381	1
read_003382	mol_003382	-1
read_003383	mol_003383	1
read_003384	mol_003384	-1
read_003385	mol_003385	-1
read_003386	mol_003386	1
read_003387	mol_003387	1
read_003388	mol_003388	1
read_003389	mol_003389	1
read_003390	mol_003390	-1
read_003391	mol_003391	-1
read_003392	mol_003392	1
read_003393	mol_003393	1
read_003394	mol_003394	-1
read_003395	mol_003395	-1
read_003396	mol_003396	-1
read_003397	mol_003397	1
read_003398	mol_003398	1
read_003399	mol_003399	1
read_003400	mol_003400	1
read_003401	mol_003401	1
read_003402	mol_003402	1
read_003403	mol_003403	1
read_003404	mol_003404	-1
read_003405	mol_003405	1
read_003406	mol_003406	-1
read_003407	mol_003407	-1
read_003408	mol_003408	-1
read_003409	mol_003409	1
read_003410	mol_003410	-1
read_003411	mol_003411	1
read_003412	mol_003412	1
read_003413	mol_003413	-1
read_003414	mol_003414	1
read_003415	mol_003415	1
read_003416	mol_003416	1
read_003417	mol_003417	1
read_003418	mol_003418	1
read_003419	mol_003419	-1
read_003420	mol_003420	1
read_003421	mol_003421	1
read_003422	mol_003422	-1
read_003423	mol_003423	1
read_003424	mol_003424	-1
read_003425	mol_003425	1
read_003426	mol_003426	-1
read_003427	mol_003427	1
read_003428	mol_003428	1
read_003429	mol_003429	1
read_003430	mol_003430	1
read_003431	mol_003431	1
read_003432	mol_003432	-1
read_003433	mol_003433	-1
read_003434	mol_003434	1
read_003435	mol_003435	-1
read_003436	mol_003436	1
read_003437	mol_003437	1
read_003438	mol_003438	-1
read_003439	mol_003439	-1
read_003440	mol_003440	1
read_003441	mol_003441	1
read_003442	mol_003442	-1
read_003443	mol_003443	-1
read_003444	mol_003444	1
read_003445	mol_003445	1
read_003446	mol_003446	1
read_003447	mol_003447	1
read_003448	mol_003448	-1
read_003449	mol_003449	-1
read_003450	mol_003450	-1
read_003451	mol_003451	-1
read_003452	mol_003452	1
read_003453	mol_003453	1
read_003454	mol_003454	1
read_003455	mol_003455	1
read_003456	mol_003456	1
read_003457	mol_003457	1
read_003458	mol_003458	-1
read_003459	mol_003459	-1
read_003460	mol_003460	1
read_003461	mol_003461	-1
read_003462	mol_003462	1
read_003463	mol_003463	1
read_003464	mol_003464	-1
read_003465	mol_003465	-1
read_003466	mol_003466	-1
read_003467	mol_003467	-1
read_003468	mol_003468	1
read_003469	mol_003469	1
read_003470	mol_003470	1
read_003471	mol_003471	1
read_003472	mol_003472	-1
read_003473	mol_003473	1
read_003474	mol_003474	1
read_003475	mol_003475	-1
read_003476	mol_003476	-1
read_003477	mol_003477	-1
read_003478	mol_003478	-1
read_003479	mol_003479	1
read_003480	mol_003480	-1
read_003481	mol_003481	-1
read_003482	mol_003482	1
read_003483	mol_003483	-1
read_003484	mol_003484	1
read_003485	mol_003485	1
read_003486	mol_003486	-1
read_003487	mol_003487	1
read_003488	mol_003488	-1
read_003489	mol_003489	-1
read_003490	mol_003490	1
read_003491	mol_003491	1
read_003492	mol_003492	-1
read_003493	mol_003493	1
read_003494	mol_003494	1
read_003495	mol_003495	-1
read_003496	mol_003496	-1
read_003497	mol_003497	1
read_003498	mol_003498	1
read_003499	mol_003499	1
read_003500	mol_003500	1
read_003501	mol_003501	1
read_003502	mol_003502	-1
read_003503	mol_003503	-1
read_003504	mol_003504	1
read_003505	mol_003505	-1
read_003506	mol_003506	1
read_003507	mol_003507	-1
read_003508	mol_003508	-1
read_003509	mol_003509	1
read_003510	mol_003510	1
read_003511	mol_003511	1
read_003512	mol_003512	-1
read_003513	mol_003513	-1
read_003514	mol_003514	1
read_003515	mol_003515	1
read_003516	mol_003516	-1
read_003517	mol_003517	1
read_003518	mol_003518	1
read_003519	mol_003519	1
read_003520	mol_003520	1
read_003521	mol_003521	1
read_003522	mol_003522	-1
read_003523	mol_003523	1
read_003524	mol_003524	1
read_003525	mol_003525	-1
read_003526	mol_003526	-1
read_003527	mol_003527	1
read_003528	mol_003528	1
read_003529	mol_003529	1
read_003530	mol_003530	1
read_003531	mol_003531	-1
read_003532	mol_003532	-1
read_003533	mol_003533	1
read_003534	mol_003534	1
read_003535	mol_003535	1
read_003536	mol_003536	1
read_003537	mol_003537	1
read_003538	mol_003538	-1
read_003539	mol_003539	-1
read_003540	mol_003540	-1
read_003541	mol_003541	-1
read_003542	mol_003542	-1
read_003543	mol_003543	-1
read_003544	mol_003544	-1
read_003545	mol_003545	1
read_003546	mol_003546	-1
read_003547	mol_003547	-1
read_003548	mol_003548	1
read_003549	mol_003549	-1
read_003550	mol_003550	1
read_003551	mol_003551	1
read_003552	mol_003552	1
read_003553	mol_003553	1
read_003554	mol_003554	1
read_003555	mol_003555	-1
read_003556	mol_003556	-1
read_003557	mol_003557	1
read_003558	mol_003558	1
read_003559	mol_003559	-1
read_003560	mol_003560	1
read_003561	mol_003561	-1
read_003562	mol_003562	1
read_003563	mol_003563	-1
read_003564	mol_003564	-1
read_003565	mol_003565	-1
read_003566	mol_003566	-1
read_003567	mol_003567	-1
read_003568	mol_003568	1
read_003569	mol_003569	-1
read_003570	mol_003570	1
read_003571	mol_003571	-1
read_003572	mol_003572	-1
read_003573	mol_003573	1
read_003574	mol_003574	1
read_003575	mol_003575	-1
read_003576	mol_003576	-1
read_003577	mol_003577	-1
read_003578	mol_003578	1
read_003579	mol_003579	-1
read_003580	mol_003580	-1
read_003581	mol_003581	-1
read_003582	mol_003582	1
read_003583	mol_003583	1
read_003584	mol_003584	1
read_003585	mol_003585	-1
read_003586	mol_003586	1
read_003587	mol_003587	-1
read_003588	mol_003588	-1
read_003589	mol_003589	-1
read_003590	mol_003590	-1
read_003591	mol_003591	1
read_003592	mol_003592	-1
read_003593	mol_003593	1
read_003594	mol_003594	1
read_003595	mol_003595	1
read_003596	mol_003596	-1
read_003597	mol_003597	1
read_003598	mol_003598	-1
read_003599	mol_003599	1
read_003600	mol_003600	1
read_003601	mol_003601	1
read_003602	mol_003602	-1
read_003603	mol_003603	1
read_003604	mol_003604	1
read_003605	mol_003605	1
read_003606	mol_003606	1
read_003607	mol_003607	-1
read_003608	mol_003608	-1
read_003609	mol_003609	-1
read_003610	mol_003610	1
read_003611	mol_003611	1
read_003612	mol_003612	1
read_003613	mol_003613	-1
read_003614	mol_003614	1
read_003615	mol_003615	-1
read_003616	mol_003616	1
read_003617	mol_003617	-1
read_003618	mol_003618	1
read_003619	mol_003619	1
read_003620	mol_003620	1
read_003621	mol_003621	-1
read_003622	mol_003622	1
read_003623	mol_003623	-1
read_003624	mol_003624	1
read_003625	mol_003625	1
read_003626	mol_003626	1
read_003627	mol_003627	-1
read_003628	mol_003628	-1
read_003629	mol_003629	-1
read_003630	mol_003630	-1
read_003631	mol_003631	-1
read_003632	mol_003632	1
read_003633	mol_003633	1
read_003634	mol_003634	-1
read_003635	mol_003635	-1
read_003636	mol_003636	-1
read_003637	mol_003637	1
read_003638	mol_003638	1
read_003639	mol_003639	-1
read_003640	mol_003640	-1
read_003641	mol_003641	-1
read_003642	mol_003642	-1
read_003643	mol_003643	1
read_003644	mol_003644	1
read_003645	mol_003645	-1
read_003646	mol_003646	-1
read_003647	mol_003647	-1
read_003648	mol_003648	1
read_003649	mol_003649	1
read_003650	mol_003650	1
read_003651	mol_003651	-1
read_003652	mol_003652	1
read_003653	mol_003653	-1
read_003654	mol_003654	-1
read_003655	mol_003655	1
read_003656	mol_003656	1
read_003657	mol_003657	-1
read_003658	mol_003658	1
read_003659	mol_003659	-1
read_003660	mol_003660	-1
read_003661	mol_003661	1
read_003662	mol_003662	-1
read_003663	mol_003663	1
read_003664	mol_003664	1
read_003665	mol_003665	-1
read_003666	mol_003666	-1
read_003667	mol_003667	-1
read_003668	mol_003668	1
read_003669	mol_003669	1
read_003670	mol_003670	-1
read_003671	mol_003671	1
read_003672	mol_003672	1
read_003673	mol_003673	1
read_003674	mol_003674	1
read_003675	mol_003675	-1
read_003676	mol_003676	1
read_003677	mol_003677	-1
read_003678	mol_003678	1
read_003679	mol_003679	-1
read_003680	mol_003680	-1
read_003681	mol_003681	-1
read_003682	mol_003682	1
read_003683	mol_003683	-1
read_003684	mol_003684	1
read_003685	mol_003685	-1
read_003686	mol_003686	-1
read_003687	mol_003687	1
read_003688	mol_003688	1
read_003689	mol_003689	-1
read_003690	mol_003690	1
read_003691	mol_003691	-1
read_003692	mol_003692	-1
read_003693	mol_003693	-1
read_003694	mol_003694	1
read_003695	mol_003695	1
read_003696	mol_003696	-1
read_003697	mol_003697	-1
read_003698	mol_003698	1
read_003699	mol_003699	1
read_003700	mol_003700	1
read_003701	mol_003701	-1
read_003702	mol_003702	1
read_003703	mol_003703	-1
read_003704	mol_003704	-1
read_003705	mol_003705	1
read_003706	mol_003706	1
read_003707	mol_003707	1
read_003708	mol_003708	-1
read_003709	mol_003709	1
read_003710	mol_003710	-1
read_003711	mol_003711	1
read_003712	mol_003712	-1
read_003713	mol_003713	-1
read_003714	mol_003714	-1
read_003715	mol_003715	-1
read_003716	mol_003716	-1
read_003717	mol_003717	-1
read_003718	mol_003718	-1
read_003719	mol_003719	1
read_003720	mol_003720	1
read_003721	mol_003721	1
read_003722	mol_003722	1
read_003723	mol_003723	1
read_003724	mol_003724	1
read_003725	mol_003725	1
read_003726	mol_003726	-1
read_003727	mol_003727	1
read_003728	mol_003728	1
read_003729	mol_003729	-1
read_003730	mol_003730	-1
read_003731	mol_003731	1
read_003732	mol_003732	-1
read_003733	mol_003733	1
read_003734	mol_003734	-1
read_003735	mol_003735	1
read_003736	mol_003736	1
read_003737	mol_003737	1
read_003738	mol_003738	-1
read_003739	mol_003739	-1
read_003740	mol_003740	1
read_003741	mol_003741	-1
read_003742	mol_003742	1
read_003743	mol_003743	1
read_003744	mol_003744	-1
read_003745	mol_003745	1
read_003746	mol_003746	-1
read_003747	mol_003747	-1
read_003748	mol_003748	1
read_003749	mol_003749	1
read_003750	mol_003750	-1
read_003751	mol_003751	1
read_003752	mol_003752	1
read_003753	mol_003753	1
read_003754	mol_003754	-1
read_003755	mol_003755	-1
read_003756	mol_003756	-1
read_003757	mol_003757	1
read_003758	mol_003758	1
read_003759	mol_003759	-1
read_003760	mol_003760	-1
read_003761	mol_003761	-1
read_003762	mol_003762	1
read_003763	mol_003763	-1
read_003764	mol_003764	1
read_003765	mol_003765	-1
read_003766	mol_003766	-1
read_003767	mol_003767	-1
read_003768	mol_003768	1
read_003769	mol_003769	1
read_003770	mol_003770	1
read_003771	mol_003771	1
read_003772	mol_003772	-1
read_003773	mol_003773	1
read_003774	mol_003774	1
read_003775	mol_003775	-1
read_003776	mol_003776	1
read_003777	mol_003777	1
read_003778	mol_003778	1
read_003779	mol_003779	-1
read_003780	mol_003780	1
read_003781	mol_003781	-1
read_003782	mol_003782	1
read_003783	mol_003783	-1
read_003784	mol_003784	-1
read_003785	mol_003785	-1
read_003786	mol_003786	-1
read_003787	mol_003787	-1
read_003788	mol_003788	-1
read_003789	mol_003789	1
read_003790	mol_003790	-1
read_003791	mol_003791	-1
read_003792	mol_003792	-1
read_003793	mol_003793	-1
read_003794	mol_003794	-1
read_003795	mol_003795	1
read_003796	mol_003796	1
read_003797	mol_003797	1
read_003798	mol_003798	-1
read_003799	mol_003799	1
read_003800	mol_003800	-1
read_003801	mol_003801	1
read_003802	mol_003802	1
read_003803	mol_003803	1
read_003804	mol_003804	1
read_003805	mol_003805	-1
read_003806	mol_003806	1
read_003807	mol_003807	-1
read_003808	mol_003808	1
read_003809	mol_003809	1
read_003810	mol_003810	-1
read_003811	mol_003811	1
read_003812	mol_003812	1
read_003813	mol_003813	-1
read_003814	mol_003814	1
read_003815	mol_003815	1
read_003816	mol_003816	-1
read_003817	mol_003817	-1
read_003818	mol_003818	-1
read_003819	mol_003819	1
read_003820	mol_003820	-1
read_003821	mol_003821	-1
read_003822	mol_003822	1
read_003823	mol_003823	1
read_003824	mol_003824	-1
read_003825	mol_003825	1
read_003826	mol_003826	-1
read_003827	mol_003827	-1
read_003828	mol_003828	1
read_003829	mol_003829	-1
read_003830	mol_003830	1
read_003831	mol_003831	-1
read_003832	mol_003832	-1
read_003833	mol_003833	-1
read_003834	mol_003834	1
read_003835	mol_003835	1
read_003836	mol_003836	1
read_003837	mol_003837	1
read_003838	mol_003838	-1
read_003839	mol_003839	1
read_003840	mol_003840	-1
read_003841	mol_003841	1
read_003842	mol_003842	1
read_003843	mol_003843	-1
read_003844	mol_003844	1
read_003845	mol_003845	-1
read_003846	mol_003846	-1
read_003847	mol_003847	1
read_003848	mol_003848	1
read_003849	mol_003849	-1
read_003850	mol_003850	-1
read_003851	mol_003851	-1
read_003852	mol_003852	-1
read_003853	mol_003853	-1
read_003854	mol_003854	-1
read_003855	mol_003855	-1
read_003856	mol_003856	-1
read_003857	mol_003857	-1
read_003858	mol_003858	-1
read_003859	mol_003859	1
read_003860	mol_003860	1
read_003861	mol_003861	1
read_003862	mol_003862	-1
read_003863	mol_003863	1
read_003864	mol_003864	1
read_003865	mol_003865	1
read_003866	mol_003866	1
read_003867	mol_003867	-1
read_003868	mol_003868	1
read_003869	mol_003869	-1
read_003870	mol_003870	1
read_003871	mol_003871	1
read_003872	mol_003872	1
read_003873	mol_003873	1
read_003874	mol_003874	1
read_003875	mol_003875	1
read_003876	mol_003876	-1
read_003877	mol_003877	-1
read_003878	mol_003878	1
read_003879	mol_003879	-1
read_003880	mol_003880	1
read_003881	mol_003881	-1
read_003882	mol_003882	1
read_003883	mol_003883	1
read_003884	mol_003884	-1
read_003885	mol_003885	1
read_003886	mol_003886	-1
read_003887	mol_003887	-1
read_003888	mol_003888	-1
read_003889	mol_003889	-1
read_003890	mol_003890	-1
read_003891	mol_003891	1
read_003892	mol_003892	-1
read_003893	mol_003893	1
read_003894	mol_003894	1
read_003895	mol_003895	1
read_003896	mol_003896	1
read_003897	mol_003897	-1
read_003898	mol_003898	-1
read_003899	mol_003899	-1
read_003900	mol_003900	-1
read_003901	mol_003901	-1
read_003902	mol_003902	-1
read_003903	mol_003903	1
read_003904	mol_003904	1
read_003905	mol_003905	1
read_003906	mol_003906	-1
read_003907	mol_003907	1
read_003908	mol_003908	1
read_003909	mol_003909	-1
read_003910	mol_003910	-1
read_003911	mol_003911	-1
read_003912	mol_003912	1
read_003913	mol_003913	1
read_003914	mol_003914	1
read_003915	mol_003915	1
read_003916	mol_003916	1
read_003917	mol_003917	-1
read_003918	mol_003918	-1
read_003919	mol_003919	-1
read_003920	mol_003920	1
read_003921	mol_003921	-1
read_003922	mol_003922	-1
read_003923	mol_003923	1
read_003924	mol_003924	-1
read_003925	mol_003925	1
read_003926	mol_003926	1
read_003927	mol_003927	1
read_003928	mol_003928	1
read_003929	mol_003929	-1
read_003930	mol_003930	-1
read_003931	mol_003931	-1
read_003932	mol_003932	1
read_003933	mol_003933	1
read_003934	mol_003934	1
read_003935	mol_003935	-1
read_003936	mol_003936	-1
read_003937	mol_003937	-1
read_003938	mol_003938	-1
read_003939	mol_003939	-1
read_003940	mol_003940	1
read_003941	mol_003941	-1
read_003942	mol_003942	1
read_003943	mol_003943	-1
read_003944	mol_003944	1
read_003945	mol_003945	1
read_003946	mol_003946	-1
read_003947	mol_003947	1
read_003948	mol_003948	1
read_003949	mol_003949	1
read_003950	mol_003950	-1
read_003951	mol_003951	-1
read_003952	mol_003952	-1
read_003953	mol_003953	-1
read_003954	mol_003954	1
read_003955	mol_003955	-1
read_003956	mol_003956	1
read_003957	mol_003957	1
read_003958	mol_003958	1
read_003959	mol_003959	1
read_003960	mol_003960	-1
read_003961	mol_003961	1
read_003962	mol_003962	-1
read_003963	mol_003963	1
read_003964	mol_003964	-1
read_003965	mol_003965	1
read_003966	mol_003966	-1
read_003967	mol_003967	-1
read_003968	mol_003968	1
read_003969	mol_003969	1
read_003970	mol_003970	-1
read_003971	mol_003971	-1
read_003972	mol_003972	1
read_003973	mol_003973	1
read_003974	mol_003974	-1
read_003975	mol_003975	1
read_003976	mol_003976	1
read_003977	mol_003977	1
read_003978	mol_003978	-1
read_003979	mol_003979	-1
read_003980	mol_003980	-1
read_003981	mol_003981	1
read_003982	mol_003982	1
read_003983	mol_003983	-1
read_003984	mol_003984	-1
read_003985	mol_003985	-1
read_003986	mol_003986	-1
read_003987	mol_003987	1
read_003988	mol_003988	-1
read_003989	mol_003989	-1
read_003990	mol_003990	-1
read_003991	mol_003991	-1
read_003992	mol_003992	-1
read_003993	mol_003993	1
read_003994	mol_003994	-1
read_003995	mol_003995	-1
read_003996	mol_003996	-1
read_003997	mol_003997	-1
read_003998	mol_003998	1
read_003999	mol_003999	1
read_004000	mol_004000	-1
read_004001	mol_004001	1
read_004002	mol_004002	1
read_004003	mol_004003	-1
read_004004	mol_004004	-1
read_004005	mol_004005	-1
read_004006	mol_004006	-1
read_004007	mol_004007	-1
read_004008	mol_004008	1
read_004009	mol_004009	-1
read_004010	mol_004010	1
read_004011	mol_004011	-1
read_004012	mol_004012	1
read_004013	mol_004013	-1
read_004014	mol_004014	1
read_004015	mol_004015	-1
read_004016	mol_004016	-1
read_004017	mol_004017	-1
read_004018	mol_004018	1
read_004019	mol_004019	1
read_004020	mol_004020	1
read_004021	mol_004021	-1
read_004022	mol_004022	-1
read_004023	mol_004023	1
read_004024	mol_004024	1
read_004025	mol_004025	1
read_004026	mol_004026	-1
read_004027	mol_004027	-1
read_004028	mol_004028	-1
read_004029	mol_004029	-1
read_004030	mol_004030	-1
read_004031	mol_004031	1
read_004032	mol_004032	1
read_004033	mol_004033	1
read_004034	mol_004034	-1
read_004035	mol_004035	1
read_004036	mol_004036	1
read_004037	mol_004037	-1
read_004038	mol_004038	1
read_004039	mol_004039	1
read_004040	mol_004040	1
read_004041	mol_004041	-1
read_004042	mol_004042	1
read_004043	mol_004043	1
read_004044	mol_004044	1
read_004045	mol_004045	-1
read_004046	mol_004046	1
read_004047	mol_004047	1
read_004048	mol_004048	1
read_004049	mol_004049	-1
read_004050	mol_004050	-1
read_004051	mol_004051	1
read_004052	mol_004052	1
read_004053	mol_004053	1
read_004054	mol_004054	1
read_004055	mol_004055	1
read_004056	mol_004056	1
read_004057	mol_004057	-1
read_004058	mol_004058	1
read_004059	mol_004059	-1
read_004060	mol_004060	-1
read_004061	mol_004061	1
read_004062	mol_004062	-1
read_004063	mol_004063	-1
read_004064	mol_004064	1
read_004065	mol_004065	1
read_004066	mol_004066	1
read_004067	mol_004067	1
read_004068	mol_004068	1
read_004069	mol_004069	-1
read_004070	mol_004070	-1
read_004071	mol_004071	1
read_004072	mol_004072	1
read_004073	mol_004073	-1
read_004074	mol_004074	-1
read_004075	mol_004075	1
read_004076	mol_004076	-1
read_004077	mol_004077	1
read_004078	mol_004078	1
read_004079	mol_004079	1
read_004080	mol_004080	-1
read_004081	mol_004081	1
read_004082	mol_004082	-1
read_004083	mol_004083	1
read_004084	mol_004084	1
read_004085	mol_004085	1
read_004086	mol_004086	1
read_004087	mol_004087	-1
read_004088	mol_004088	-1
read_004089	mol_004089	-1
read_004090	mol_004090	1
read_004091	mol_004091	-1
read_004092	mol_004092	1
read_004093	mol_004093	1
read_004094	mol_004094	-1
read_004095	mol_004095	1
read_004096	mol_004096	1
read_004097	mol_004097	1
read_004098	mol_004098	-1
read_004099	mol_004099	1
read_004100	mol_004100	-1
read_004101	mol_004101	-1
read_004102	mol_004102	1
read_004103	mol_004103	-1
read_004104	mol_004104	1
read_004105	mol_004105	1
read_004106	mol_004106	1
read_004107	mol_004107	-1
read_004108	mol_004108	1
read_004109	mol_004109	1
read_004110	mol_004110	-1
read_004111	mol_004111	-1
read_004112	mol_004112	-1
read_004113	mol_004113	-1
read_004114	mol_004114	-1
read_004115	mol_004115	1
read_004116	mol_004116	-1
read_004117	mol_004117	-1
read_004118	mol_004118	-1
read_004119	mol_004119	1
read_004120	mol_004120	1
read_004121	mol_004121	1
read_004122	mol_004122	1
read_004123	mol_004123	1
read_004124	mol_004124	1
read_004125	mol_004125	1
read_004126	mol_004126	-1
read_004127	mol_004127	-1
read_004128	mol_004128	-1
read_004129	mol_004129	1
read_004130	mol_004130	1
read_004131	mol_004131	1
read_004132	mol_004132	-1
read_004133	mol_004133	1
read_004134	mol_004134	1
read_004135	mol_004135	-1
read_004136	mol_004136	-1
read_004137	mol_004137	1
read_004138	mol_004138	1
read_004139	mol_004139	1
read_004140	mol_004140	1
read_004141	mol_004141	-1
read_004142	mol_004142	-1
read_004143	mol_004143	-1
read_004144	mol_004144	1
read_004145	mol_004145	-1
read_004146	mol_004146	1
read_004147	mol_004147	1
read_004148	mol_004148	-1
read_004149	mol_004149	1
read_004150	mol_004150	1
read_004151	mol_004151	-1
read_004152	mol_004152	1
read_004153	mol_004153	1
read_004154	mol_004154	-1
read_004155	mol_004155	1
read_004156	mol_004156	1
read_004157	mol_004157	-1
read_004158	mol_004158	-1
read_004159	mol_004159	1
read_004160	mol_004160	1
read_004161	mol_004161	-1
read_004162	mol_004162	1
read_004163	mol_004163	-1
read_004164	mol_004164	1
read_004165	mol_004165	1
read_004166	mol_004166	1
read_004167	mol_004167	1
read_004168	mol_004168	1
read_004169	mol_004169	1
read_004170	mol_004170	-1
read_004171	mol_004171	-1
read_004172	mol_004172	-1
read_004173	mol_004173	-1
read_004174	mol_004174	1
read_004175	mol_004175	1
read_004176	mol_004176	-1
read_004177	mol_004177	-1
read_004178	mol_004178	-1
read_004179	mol_004179	-1
read_004180	mol_004180	-1
read_004181	mol_004181	1
read_004182	mol_004182	-1
read_004183	mol_004183	-1
read_004184	mol_004184	1
read_004185	mol_004185	-1
read_004186	mol_004186	1
read_004187	mol_004187	1
read_004188	mol_004188	1
read_004189	mol_004189	1
read_004190	mol_004190	1
read_004191	mol_004191	1
read_004192	mol_004192	-1
read_004193	mol_004193	-1
read_004194	mol_004194	-1
read_004195	mol_004195	1
read_004196	mol_004196	1
read_004197	mol_004197	-1
read_004198	mol_004198	-1
read_004199	mol_004199	-1
read_004200	mol_004200	1
read_004201	mol_004201	1
read_004202	mol_004202	1
read_004203	mol_004203	1
read_004204	mol_004204	-1
read_004205	mol_004205	-1
read_004206	mol_004206	1
read_004207	mol_004207	-1
read_004208	mol_004208	-1
read_004209	mol_004209	1
read_004210	mol_004210	1
read_004211	mol_004211	-1
read_004212	mol_004212	-1
read_004213	mol_004213	1
read_004214	mol_004214	-1
read_004215	mol_004215	1
read_004216	mol_004216	1
read_004217	mol_004217	-1
read_004218	mol_004218	1
read_004219	mol_004219	1
read_004220	mol_004220	-1
read_004221	mol_004221	1
read_004222	mol_004222	1
read_004223	mol_004223	-1
read_004224	mol_004224	-1
read_004225	mol_004225	-1
read_004226	mol_004226	1
read_004227	mol_004227	-1
read_004228	mol_004228	1
read_004229	mol_004229	-1
read_004230	mol_004230	-1
read_004231	mol_004231	-1
read_004232	mol_004232	1
read_004233	mol_004233	-1
read_004234	mol_004234	1
read_004235	mol_004235	-1
read_004236	mol_004236	-1
read_004237	mol_004237	1
read_004238	mol_004238	1
read_004239	mol_004239	1
read_004240	mol_004240	-1
read_004241	mol_004241	1
read_004242	mol_004242	1
read_004243	mol_004243	1
read_004244	mol_004244	-1
read_004245	mol_004245	-1
read_004246	mol_004246	-1
read_004247	mol_004247	1
read_004248	mol_004248	-1
read_004249	mol_004249	-1
read_004250	mol_004250	-1
read_004251	mol_004251	1
read_004252	mol_004252	1
read_004253	mol_004253	1
read_004254	mol_004254	1
read_004255	mol_004255	1
read_004256	mol_004256	1
read_004257	mol_004257	1
read_004258	mol_004258	1
read_004259	mol_004259	-1
read_004260	mol_004260	-1
read_004261	mol_004261	1
read_004262	mol_004262	1
read_004263	mol_004263	-1
read_004264	mol_004264	-1
read_004265	mol_004265	1
read_004266	mol_004266	-1
read_004267	mol_004267	1
read_004268	mol_004268	1
read_004269	mol_004269	-1
read_004270	mol_004270	-1
read_004271	mol_004271	1
read_004272	mol_004272	-1
read_004273	mol_004273	-1
read_004274	mol_004274	1
read_004275	mol_004275	1
read_004276	mol_004276	-1
read_004277	mol_004277	1
read_004278	mol_004278	-1
read_004279	mol_004279	1
read_004280	mol_004280	-1
read_004281	mol_004281	1
read_004282	mol_004282	-1
read_004283	mol_004283	1
read_004284	mol_004284	1
read_004285	mol_004285	1
read_004286	mol_004286	-1
read_004287	mol_004287	-1
read_004288	mol_004288	1
read_004289	mol_004289	1
read_004290	mol_004290	1
read_004291	mol_004291	-1
read_004292	mol_004292	-1
read_004293	mol_004293	-1
read_004294	mol_004294	-1
read_004295	mol_004295	-1
read_004296	mol_004296	1
read_004297	mol_004297	1
read_004298	mol_004298	1
read_004299	mol_004299	1
read_004300	mol_004300	1
read_004301	mol_004301	1
read_004302	mol_004302	1
read_004303	mol_004303	-1
read_004304	mol_004304	-1
read_004305	mol_004305	1
read_004306	mol_004306	-1
read_004307	mol_004307	1
read_004308	mol_004308	1
read_004309	mol_004309	-1
read_004310	mol_004310	-1
read_004311	mol_004311	1
read_004312	mol_004312	-1
read_004313	mol_004313	1
read_004314	mol_004314	1
read_004315	mol_004315	-1
read_004316	mol_004316	-1
read_004317	mol_004317	-1
read_004318	mol_004318	-1
read_004319	mol_004319	1
read_004320	mol_004320	1
read_004321	mol_004321	1
read_004322	mol_004322	-1
read_004323	mol_004323	1
read_004324	mol_004324	-1
read_004325	mol_004325	1
read_004326	mol_004326	-1
read_004327	mol_004327	-1
read_004328	mol_004328	-1
read_004329	mol_004329	1
read_004330	mol_004330	-1
read_004331	mol_004331	1
read_004332	mol_004332	-1
read_004333	mol_004333	-1
read_004334	mol_004334	-1
read_004335	mol_004335	-1
read_004336	mol_004336	1
read_004337	mol_004337	1
read_004338	mol_004338	1
read_004339	mol_004339	-1
read_004340	mol_004340	-1
read_004341	mol_004341	1
read_004342	mol_004342	1
read_004343	mol_004343	1
read_004344	mol_004344	-1
read_004345	mol_004345	1
read_004346	mol_004346	-1
read_004347	mol_004347	-1
read_004348	mol_004348	-1
read_004349	mol_004349	1
read_004350	mol_004350	-1
read_004351	mol_004351	-1
read_004352	mol_004352	1
read_004353	mol_004353	1
read_004354	mol_004354	-1
read_004355	mol_004355	-1
read_004356	mol_004356	1
read_004357	mol_004357	-1
read_004358	mol_004358	1
read_004359	mol_004359	-1
read_004360	mol_004360	-1
read_004361	mol_004361	-1
read_004362	mol_004362	1
read_004363	mol_004363	1
read_004364	mol_004364	-1
read_004365	mol_004365	-1
read_004366	mol_004366	-1
read_004367	mol_004367	1
read_004368	mol_004368	-1
read_004369	mol_004369	1
read_004370	mol_004370	-1
read_004371	mol_004371	1
read_004372	mol_004372	-1
read_004373	mol_004373	-1
read_004374	mol_004374	-1
read_004375	mol_004375	-1
read_004376	mol_004376	-1
read_004377	mol_004377	1
read_004378	mol_004378	-1
read_004379	mol_004379	1
read_004380	mol_004380	1
read_004381	mol_004381	1
read_004382	mol_004382	1
read_004383	mol_004383	-1
read_004384	mol_004384	1
read_004385	mol_004385	-1
read_004386	mol_004386	1
read_004387	mol_004387	-1
read_004388	mol_004388	1
read_004389	mol_004389	1
read_004390	mol_004390	-1
read_004391	mol_004391	1
read_004392	mol_004392	-1
read_004393	mol_004393	1
read_004394	mol_004394	1
read_004395	mol_004395	-1
read_004396	mol_004396	1
read_004397	mol_004397	1
read_004398	mol_004398	1
read_004399	mol_004399	1
read_004400	mol_004400	1
read_004401	mol_004401	1
read_004402	mol_004402	1
read_004403	mol_004403	1
read_004404	mol_004404	1
read_004405	mol_004405	-1
read_004406	mol_004406	-1
read_004407	mol_004407	1
read_004408	mol_004408	1
read_004409	mol_004409	-1
read_004410	mol_004410	-1
read_004411	mol_004411	-1
read_004412	mol_004412	-1
read_004413	mol_004413	-1
read_004414	mol_004414	-1
read_004415	mol_004415	1
read_004416	mol_004416	-1
read_004417	mol_004417	-1
read_004418	mol_004418	1
read_004419	mol_004419	-1
read_004420	mol_004420	-1
read_004421	mol_004421	-1
read_004422	mol_004422	-1
read_004423	mol_004423	1
read_004424	mol_004424	-1
read_004425	mol_004425	-1
read_004426	mol_004426	-1
read_004427	mol_004427	-1
read_004428	mol_004428	-1
read_004429	mol_004429	1
read_004430	mol_004430	-1
read_004431	mol_004431	1
read_004432	mol_004432	1
read_004433	mol_004433	-1
read_004434	mol_004434	-1
read_004435	mol_004435	-1
read_004436	mol_004436	1
read_004437	mol_004437	-1
read_004438	mol_004438	1
read_004439	mol_004439	1
read_004440	mol_004440	1
read_004441	mol_004441	-1
read_004442	mol_004442	1
read_004443	mol_004443	1
read_004444	mol_004444	1
read_004445	mol_004445	-1
read_004446	mol_004446	1
read_004447	mol_004447	1
read_004448	mol_004448	1
read_004449	mol_004449	-1
read_004450	mol_004450	1
read_004451	mol_004451	-1
read_004452	mol_004452	1
read_004453	mol_004453	-1
read_004454	mol_004454	-1
read_004455	mol_004455	-1
read_004456	mol_004456	1
read_004457	mol_004457	-1
read_004458	mol_004458	1
read_004459	mol_004459	1
read_004460	mol_004460	1
read_004461	mol_004461	1
read_004462	mol_004462	1
read_004463	mol_004463	-1
read_004464	mol_004464	-1
read_004465	mol_004465	-1
read_004466	mol_004466	1
read_004467	mol_004467	-1
read_004468	mol_004468	-1
read_004469	mol_004469	1
read_004470	mol_004470	1
read_004471	mol_004471	1
read_004472	mol_004472	1
read_004473	mol_004473	1
read_004474	mol_004474	1
read_004475	mol_004475	-1
read_004476	mol_004476	1
read_004477	mol_004477	-1
read_004478	mol_004478	-1
read_004479	mol_004479	1
read_004480	mol_004480	1
read_004481	mol_004481	-1
read_004482	mol_004482	-1
read_004483	mol_004483	1
read_004484	mol_004484	1
read_004485	mol_004485	-1
read_004486	mol_004486	-1
read_004487	mol_004487	1
read_004488	mol_004488	1
read_004489	mol_004489	1
read_004490	mol_004490	-1
read_004491	mol_004491	-1
read_004492	mol_004492	1
read_004493	mol_004493	-1
read_004494	mol_004494	-1
read_004495	mol_004495	1
read_004496	mol_004496	-1
read_004497	mol_004497	-1
read_004498	mol_004498	1
read_004499	mol_004499	1
read_004500	mol_004500	-1
read_004501	mol_004501	1
read_004502	mol_004502	1
read_004503	mol_004503	1
read_004504	mol_004504	1
read_004505	mol_004505	-1
read_004506	mol_004506	-1
read_004507	mol_004507	-1
read_004508	mol_004508	1
read_004509	mol_004509	-1
read_004510	mol_004510	-1
read_004511	mol_004511	-1
read_004512	mol_004512	1
read_004513	mol_004513	1
read_004514	mol_004514	1
read_004515	mol_004515	-1
read_004516	mol_004516	-1
read_004517	mol_004517	-1
read_004518	mol_004518	1
read_004519	mol_004519	-1
read_004520	mol_004520	-1
read_004521	mol_004521	-1
read_004522	mol_004522	-1
read_004523	mol_004523	1
read_004524	mol_004524	1
read_004525	mol_004525	1
read_004526	mol_004526	1
read_004527	mol_004527	-1
read_004528	mol_004528	-1
read_004529	mol_004529	-1
read_004530	mol_004530	1
read_004531	mol_004531	1
read_004532	mol_004532	-1
read_004533	mol_004533	1
read_004534	mol_004534	-1
read_004535	mol_004535	-1
read_004536	mol_004536	-1
read_004537	mol_004537	-1
read_004538	mol_004538	1
read_004539	mol_004539	-1
read_004540	mol_004540	1
read_004541	mol_004541	1
read_004542	mol_004542	1
read_004543	mol_004543	1
read_004544	mol_004544	-1
read_004545	mol_004545	-1
read_004546	mol_004546	1
read_004547	mol_004547	1
read_004548	mol_004548	-1
read_004549	mol_004549	1
read_004550	mol_004550	-1
read_004551	mol_004551	1
read_004552	mol_004552	-1
read_004553	mol_004553	-1
read_004554	mol_004554	1
read_004555	mol_004555	1
read_004556	mol_004556	1
read_004557	mol_004557	1
read_004558	mol_004558	1
read_004559	mol_004559	-1
read_004560	mol_004560	1
read_004561	mol_004561	1
read_004562	mol_004562	1
read_004563	mol_004563	-1
read_004564	mol_004564	1
read_004565	mol_004565	-1
read_004566	mol_004566	1
read_004567	mol_004567	-1
read_004568	mol_004568	-1
read_004569	mol_004569	-1
read_004570	mol_004570	-1
read_004571	mol_004571	-1
read_004572	mol_004572	-1
read_004573	mol_004573	-1
read_004574	mol_004574	1
read_004575	mol_004575	1
read_004576	mol_004576	1
read_004577	mol_004577	-1
read_004578	mol_004578	-1
read_004579	mol_004579	1
read_004580	mol_004580	-1
read_004581	mol_004581	-1
read_004582	mol_004582	-1
read_004583	mol_004583	-1
read_004584	mol_004584	1
read_004585	mol_004585	-1
read_004586	mol_004586	1
read_004587	mol_004587	1
read_004588	mol_004588	1
read_004589	mol_004589	1
read_004590	mol_004590	-1
read_004591	mol_004591	-1
read_004592	mol_004592	-1
read_004593	mol_004593	1
read_004594	mol_004594	-1
read_004595	mol_004595	1
read_004596	mol_004596	1
read_004597	mol_004597	1
read_004598	mol_004598	1
read_004599	mol_004599	-1
read_004600	mol_004600	1
read_004601	mol_004601	1
read_004602	mol_004602	1
read_004603	mol_004603	-1
read_004604	mol_004604	1
read_004605	mol_004605	-1
read_004606	mol_004606	-1
read_004607	mol_004607	-1
read_004608	mol_004608	1
read_004609	mol_004609	-1
read_004610	mol_004610	-1
read_004611	mol_004611	1
read_004612	mol_004612	1
read_004613	mol_004613	1
read_004614	mol_004614	-1
read_004615	mol_004615	1
read_004616	mol_004616	1
read_004617	mol_004617	-1
read_004618	mol_004618	-1
read_004619	mol_004619	1
read_004620	mol_004620	-1
read_004621	mol_004621	1
read_004622	mol_004622	-1
read_004623	mol_004623	-1
read_004624	mol_004624	-1
read_004625	mol_004625	1
read_004626	mol_004626	1
read_004627	mol_004627	-1
read_004628	mol_004628	-1
read_004629	mol_004629	1
read_004630	mol_004630	1
read_004631	mol_004631	1
read_004632	mol_004632	-1
read_004633	mol_004633	1
read_004634	mol_004634	1
read_004635	mol_004635	-1
read_004636	mol_004636	1
read_004637	mol_004637	-1
read_004638	mol_004638	1
read_004639	mol_004639	-1
read_004640	mol_004640	-1
read_004641	mol_004641	1
read_004642	mol_004642	-1
read_004643	mol_004643	1
read_004644	mol_004644	1
read_004645	mol_004645	1
read_004646	mol_004646	-1
read_004647	mol_004647	-1
read_004648	mol_004648	-1
read_004649	mol_004649	-1
read_004650	mol_004650	1
read_004651	mol_004651	1
read_004652	mol_004652	-1
read_004653	mol_004653	-1
read_004654	mol_004654	-1
read_004655	mol_004655	1
read_004656	mol_004656	-1
read_004657	mol_004657	-1
read_004658	mol_004658	1
read_004659	mol_004659	-1
read_004660	mol_004660	1
read_004661	mol_004661	1
read_004662	mol_004662	1
read_004663	mol_004663	1
read_004664	mol_004664	-1
read_004665	mol_004665	-1
read_004666	mol_004666	1
read_004667	mol_004667	1
read_004668	mol_004668	-1
read_004669	mol_004669	-1
read_004670	mol_004670	-1
read_004671	mol_004671	1
read_004672	mol_004672	-1
read_004673	mol_004673	1
read_004674	mol_004674	1
read_004675	mol_004675	1
read_004676	mol_004676	-1
read_004677	mol_004677	-1
read_004678	mol_004678	-1
read_004679	mol_004679	1
read_004680	mol_004680	1
read_004681	mol_004681	-1
read_004682	mol_004682	1
read_004683	mol_004683	-1
read_004684	mol_004684	1
read_004685	mol_004685	-1
read_004686	mol_004686	1
read_004687	mol_004687	1
read_004688	mol_004688	-1
read_004689	mol_004689	-1
read_004690	mol_004690	-1
read_004691	mol_004691	-1
read_004692	mol_004692	1
read_004693	mol_004693	-1
read_004694	mol_004694	-1
read_004695	mol_004695	1
read_004696	mol_004696	-1
read_004697	mol_004697	1
read_004698	mol_004698	1
read_004699	mol_004699	1
read_004700	mol_004700	-1
read_004701	mol_004701	-1
read_004702	mol_004702	-1
read_004703	mol_004703	1
read_004704	mol_004704	1
read_004705	mol_004705	-1
read_004706	mol_004706	1
read_004707	mol_004707	-1
read_004708	mol_004708	-1
read_004709	mol_004709	1
read_004710	mol_004710	-1
read_004711	mol_004711	-1
read_004712	mol_004712	1
read_004713	mol_004713	-1
read_004714	mol_004714	-1
read_004715	mol_004715	1
read_004716	mol_004716	1
read_004717	mol_004717	1
read_004718	mol_004718	1
read_004719	mol_004719	1
read_004720	mol_004720	-1
read_004721	mol_004721	1
read_004722	mol_004722	-1
read_004723	mol_004723	1
read_004724	mol_004724	-1
read_004725	mol_004725	1
read_004726	mol_004726	1
read_004727	mol_004727	1
read_004728	mol_004728	1
read_004729	mol_004729	-1
read_004730	mol_004730	-1
read_004731	mol_004731	-1
read_004732	mol_004732	-1
read_004733	mol_004733	-1
read_004734	mol_004734	1
read_004735	mol_004735	1
read_004736	mol_004736	1
read_004737	mol_004737	1
read_004738	mol_004738	1
read_004739	mol_004739	-1
read_004740	mol_004740	-1
read_004741	mol_004741	1
read_004742	mol_004742	1
read_004743	mol_004743	1
read_004744	mol_004744	1
read_004745	mol_004745	-1
read_004746	mol_004746	-1
read_004747	mol_004747	1
read_004748	mol_004748	1
read_004749	mol_004749	-1
read_004750	mol_004750	-1
read_004751	mol_004751	-1
read_004752	mol_004752	1
read_004753	mol_004753	-1
read_004754	mol_004754	1
read_004755	mol_004755	1
read_004756	mol_004756	1
read_004757	mol_004757	-1
read_004758	mol_004758	-1
read_004759	mol_004759	1
read_004760	mol_004760	1
read_004761	mol_004761	1
read_004762	mol_004762	-1
read_004763	mol_004763	1
read_004764	mol_004764	1
read_004765	mol_004765	1
read_004766	mol_004766	1
read_004767	mol_004767	1
read_004768	mol_004768	1
read_004769	mol_004769	1
read_004770	mol_004770	-1
read_004771	mol_004771	1
read_004772	mol_004772	1
read_004773	mol_004773	1
read_004774	mol_004774	-1
read_004775	mol_004775	-1
read_004776	mol_004776	1
read_004777	mol_004777	1
read_004778	mol_004778	1
read_004779	mol_004779	-1
read_004780	mol_004780	-1
read_004781	mol_004781	1
read_004782	mol_004782	1
read_004783	mol_004783	-1
read_004784	mol_004784	1
read_004785	mol_004785	-1
read_004786	mol_004786	1
read_004787	mol_004787	-1
read_004788	mol_004788	-1
read_004789	mol_004789	1
read_004790	mol_004790	1
read_004791	mol_004791	-1
read_004792	mol_004792	-1
read_004793	mol_004793	1
read_004794	mol_004794	-1
read_004795	mol_004795	1
read_004796	mol_004796	-1
read_004797	mol_004797	1
read_004798	mol_004798	1
read_004799	mol_004799	-1
read_004800	mol_004800	1
read_004801	mol_004801	1
read_004802	mol_004802	-1
read_004803	mol_004803	1
read_004804	mol_004804	1
read_004805	mol_004805	-1
read_004806	mol_004806	-1
read_004807	mol_004807	-1
read_004808	mol_004808	1
read_004809	mol_004809	-1
read_004810	mol_004810	-1
read_004811	mol_004811	1
read_004812	mol_004812	1
read_004813	mol_004813	1
read_004814	mol_004814	1
read_004815	mol_004815	-1
read_004816	mol_004816	1
read_004817	mol_004817	-1
read_004818	mol_004818	-1
read_004819	mol_004819	1
read_004820	mol_004820	1
read_004821	mol_004821	1
read_004822	mol_004822	1
read_004823	mol_004823	-1
read_004824	mol_004824	1
read_004825	mol_004825	1
read_004826	mol_004826	1
read_004827	mol_004827	1
read_004828	mol_004828	1
read_004829	mol_004829	1
read_004830	mol_004830	1
read_004831	mol_004831	-1
read_004832	mol_004832	-1
read_004833	mol_004833	1
read_004834	mol_004834	-1
read_004835	mol_004835	-1
read_004836	mol_004836	-1
read_004837	mol_004837	1
read_004838	mol_004838	-1
read_004839	mol_004839	1
read_004840	mol_004840	1
read_004841	mol_004841	1
read_004842	mol_004842	-1
read_004843	mol_004843	1
read_004844	mol_004844	1
read_004845	mol_004845	1
read_004846	mol_004846	-1
read_004847	mol_004847	-1
read_004848	mol_004848	-1
read_004849	mol_004849	1
read_004850	mol_004850	-1
read_004851	mol_004851	-1
read_004852	mol_004852	1
read_004853	mol_004853	1
read_004854	mol_004854	-1
read_004855	mol_004855	-1
read_004856	mol_004856	1
read_004857	mol_004857	1
read_004858	mol_004858	1
read_004859	mol_004859	1
read_004860	mol_004860	1
read_004861	mol_004861	1
read_004862	mol_004862	-1
read_004863	mol_004863	1
read_004864	mol_004864	1
read_004865	mol_004865	-1
read_004866	mol_004866	-1
read_004867	mol_004867	1
read_004868	mol_004868	1
read_004869	mol_004869	-1
read_004870	mol_004870	1
read_004871	mol_004871	1
read_004872	mol_004872	1
read_004873	mol_004873	-1
read_004874	mol_004874	1
read_004875	mol_004875	-1
read_004876	mol_004876	-1
read_004877	mol_004877	1
read_004878	mol_004878	-1
read_004879	mol_004879	1
read_004880	mol_004880	1
read_004881	mol_004881	-1
read_004882	mol_004882	1
read_004883	mol_004883	1
read_004884	mol_004884	1
read_004885	mol_004885	-1
read_004886	mol_004886	1
read_004887	mol_004887	1
read_004888	mol_004888	1
read_004889	mol_004889	-1
read_004890	mol_004890	1
read_004891	mol_004891	-1
read_004892	mol_004892	1
read_004893	mol_004893	1
read_004894	mol_004894	-1
read_004895	mol_004895	-1
read_004896	mol_004896	1
read_004897	mol_004897	-1
read_004898	mol_004898	1
read_004899	mol_004899	1
read_004900	mol_004900	1
read_004901	mol_004901	-1
read_004902	mol_004902	-1
read_004903	mol_004903	-1
read_004904	mol_004904	-1
read_004905	mol_004905	1
read_004906	mol_004906	-1
read_004907	mol_004907	1
read_004908	mol_004908	1
read_004909	mol_004909	-1
read_004910	mol_004910	-1
read_004911	mol_004911	-1
read_004912	mol_004912	-1
read_004913	mol_004913	1
read_004914	mol_004914	1
read_004915	mol_004915	-1
read_004916	mol_004916	1
read_004917	mol_004917	-1
read_004918	mol_004918	1
read_004919	mol_004919	1
read_004920	mol_004920	1
read_004921	mol_004921	-1
read_004922	mol_004922	-1
read_004923	mol_004923	-1
read_004924	mol_004924	1
read_004925	mol_004925	1
read_004926	mol_004926	-1
read_004927	mol_004927	1
read_004928	mol_004928	-1
read_004929	mol_004929	1
read_004930	mol_004930	1
read_004931	mol_004931	1
read_004932	mol_004932	-1
read_004933	mol_004933	1
read_004934	mol_004934	1
read_004935	mol_004935	1
read_004936	mol_004936	1
read_004937	mol_004937	1
read_004938	mol_004938	1
read_004939	mol_004939	1
read_004940	mol_004940	-1
read_004941	mol_004941	-1
read_004942	mol_004942	-1
read_004943	mol_004943	-1
read_004944	mol_004944	1
read_004945	mol_004945	1
read_004946	mol_004946	-1
read_004947	mol_004947	1
read_004948	mol_004948	1
read_004949	mol_004949	1
read_004950	mol_004950	1
read_004951	mol_004951	1
read_004952	mol_004952	1
read_004953	mol_004953	1
read_004954	mol_004954	1
read_004955	mol_004955	-1
read_004956	mol_004956	1
read_004957	mol_004957	-1
read_004958	mol_004958	1
read_004959	mol_004959	1
read_004960	mol_004960	-1
read_004961	mol_004961	1
read_004962	mol_004962	-1
read_004963	mol_004963	-1
read_004964	mol_004964	1
read_004965	mol_004965	1
read_004966	mol_004966	-1
read_004967	mol_004967	-1
read_004968	mol_004968	1
read_004969	mol_004969	1
read_004970	mol_004970	1
read_004971	mol_004971	1
read_004972	mol_004972	-1
read_004973	mol_004973	-1
read_004974	mol_004974	-1
read_004975	mol_004975	1
read_004976	mol_004976	1
read_004977	mol_004977	-1
read_004978	mol_004978	1
read_004979	mol_004979	-1
read_004980	mol_004980	1
read_004981	mol_004981	1
read_004982	mol_004982	1
read_004983	mol_004983	-1
read_004984	mol_004984	-1
read_004985	mol_004985	1
read_004986	mol_004986	1
read_004987	mol_004987	-1
read_004988	mol_004988	-1
read_004989	mol_004989	-1
read_004990	mol_004990	-1
read_004991	mol_004991	-1
read_004992	mol_004992	1
read_004993	mol_004993	-1
read_004994	mol_004994	-1
read_004995	mol_004995	-1
read_004996	mol_004996	1
read_004997	mol_004997	1
read_004998	mol_004998	-1
read_004999	mol_004999	1
read_005000	mol_005000	1
read_005001	mol_005001	-1
read_005002	mol_005002	1
read_005003	mol_005003	1
read_005004	mol_005004	-1
read_005005	mol_005005	1
read_005006	mol_005006	1
read_005007	mol_005007	-1
read_005008	mol_005008	-1
read_005009	mol_005009	1
read_005010	mol_005010	1
read_005011	mol_005011	-1
read_005012	mol_005012	-1
read_005013	mol_005013	1
read_005014	mol_005014	-1
read_005015	mol_005015	-1
read_005016	mol_005016	-1
read_005017	mol_005017	-1
read_005018	mol_005018	-1
read_005019	mol_005019	-1
read_005020	mol_005020	-1
read_005021	mol_005021	-1
read_005022	mol_005022	1
read_005023	mol_005023	-1
read_005024	mol_005024	-1
read_005025	mol_005025	-1
read_005026	mol_005026	1
read_005027	mol_005027	-1
read_005028	mol_005028	1
read_005029	mol_005029	1
read_005030	mol_005030	-1
read_005031	mol_005031	1
read_005032	mol_005032	1
read_005033	mol_005033	-1
read_005034	mol_005034	-1
read_005035	mol_005035	-1
read_005036	mol_005036	1
read_005037	mol_005037	1
read_005038	mol_005038	1
read_005039	mol_005039	-1
read_005040	mol_005040	-1
read_005041	mol_005041	1
read_005042	mol_005042	-1
read_005043	mol_005043	1
read_005044	mol_005044	-1
read_005045	mol_005045	1
read_005046	mol_005046	1
read_005047	mol_005047	-1
read_005048	mol_005048	-1
read_005049	mol_005049	-1
read_005050	mol_005050	1
read_005051	mol_005051	-1
read_005052	mol_005052	1
read_005053	mol_005053	-1
read_005054	mol_005054	1
read_005055	mol_005055	-1
read_005056	mol_005056	-1
read_005057	mol_005057	-1
read_005058	mol_005058	-1
read_005059	mol_005059	-1
read_005060	mol_005060	1
read_005061	mol_005061	-1
read_005062	mol_005062	-1
read_005063	mol_005063	-1
read_005064	mol_005064	1
read_005065	mol_005065	1
read_005066	mol_005066	-1
read_005067	mol_005067	-1
read_005068	mol_005068	1
read_005069	mol_005069	-1
read_005070	mol_005070	-1
read_005071	mol_005071	-1
read_005072	mol_005072	-1
read_005073	mol_005073	1
read_005074	mol_005074	1
read_005075	mol_005075	1
read_005076	mol_005076	1
read_005077	mol_005077	-1
read_005078	mol_005078	1
read_005079	mol_005079	1
read_005080	mol_005080	1
read_005081	mol_005081	-1
read_005082	mol_005082	1
read_005083	mol_005083	-1
read_005084	mol_005084	1
read_005085	mol_005085	1
read_005086	mol_005086	1
read_005087	mol_005087	-1
read_005088	mol_005088	1
read_005089	mol_005089	-1
read_005090	mol_005090	1
read_005091	mol_005091	1
read_005092	mol_005092	1
read_005093	mol_005093	1
read_005094	mol_005094	1
read_005095	mol_005095	-1
read_005096	mol_005096	-1
read_005097	mol_005097	-1
read_005098	mol_005098	-1
read_005099	mol_005099	1
read_005100	mol_005100	-1
read_005101	mol_005101	1
read_005102	mol_005102	1
read_005103	mol_005103	-1
read_005104	mol_005104	1
read_005105	mol_005105	-1
read_005106	mol_005106	-1
read_005107	mol_005107	-1
read_005108	mol_005108	1
read_005109	mol_005109	-1
read_005110	mol_005110	-1
read_005111	mol_005111	1
read_005112	mol_005112	1
read_005113	mol_005113	-1
read_005114	mol_005114	1
read_005115	mol_005115	-1
read_005116	mol_005116	1
read_005117	mol_005117	1
read_005118	mol_005118	-1
read_005119	mol_005119	-1
read_005120	mol_005120	-1
read_005121	mol_005121	-1
read_005122	mol_005122	-1
read_005123	mol_005123	1
read_005124	mol_005124	1
read_005125	mol_005125	-1
read_005126	mol_005126	-1
read_005127	mol_005127	-1
read_005128	mol_005128	-1
read_005129	mol_005129	-1
read_005130	mol_005130	1
read_005131	mol_005131	-1
read_005132	mol_005132	1
read_005133	mol_005133	-1
read_005134	mol_005134	-1
read_005135	mol_005135	1
read_005136	mol_005136	1
read_005137	mol_005137	-1
read_005138	mol_005138	-1
read_005139	mol_005139	1
read_005140	mol_005140	1
read_005141	mol_005141	-1
read_005142	mol_005142	1
read_005143	mol_005143	1
read_005144	mol_005144	-1
read_005145	mol_005145	1
read_005146	mol_005146	1
read_005147	mol_005147	1
read_005148	mol_005148	-1
read_005149	mol_005149	-1
read_005150	mol_005150	-1
read_005151	mol_005151	-1
read_005152	mol_005152	1
read_005153	mol_005153	-1
read_005154	mol_005154	-1
read_005155	mol_005155	-1
read_005156	mol_005156	1
read_005157	mol_005157	-1
read_005158	mol_005158	1
read_005159	mol_005159	-1
read_005160	mol_005160	-1
read_005161	mol_005161	1
read_005162	mol_005162	1
read_005163	mol_005163	-1
read_005164	mol_005164	-1
read_005165	mol_005165	-1
read_005166	mol_005166	1
read_005167	mol_005167	-1
read_005168	mol_005168	1
read_005169	mol_005169	1
read_005170	mol_005170	1
read_005171	mol_005171	1
read_005172	mol_005172	-1
read_005173	mol_005173	-1
read_005174	mol_005174	1
read_005175	mol_005175	1
read_005176	mol_005176	1
read_005177	mol_005177	1
read_005178	mol_005178	-1
read_005179	mol_005179	-1
read_005180	mol_005180	1
read_005181	mol_005181	1
read_005182	mol_005182	1
read_005183	mol_005183	1
read_005184	mol_005184	1
read_005185	mol_005185	1
read_005186	mol_005186	-1
read_005187	mol_005187	-1
read_005188	mol_005188	-1
read_005189	mol_005189	-1
read_005190	mol_005190	1
read_005191	mol_005191	1
read_005192	mol_005192	1
read_005193	mol_005193	1
read_005194	mol_005194	1
read_005195	mol_005195	-1
read_005196	mol_005196	-1
read_005197	mol_005197	1
read_005198	mol_005198	1
read_005199	mol_005199	1
read_005200	mol_005200	1
read_005201	mol_005201	-1
read_005202	mol_005202	-1
read_005203	mol_005203	1
read_005204	mol_005204	1
read_005205	mol_005205	-1
read_005206	mol_005206	-1
read_005207	mol_005207	-1
read_005208	mol_005208	-1
read_005209	mol_005209	-1
read_005210	mol_005210	1
read_005211	mol_005211	-1
read_005212	mol_005212	-1
read_005213	mol_005213	1
read_005214	mol_005214	-1
read_005215	mol_005215	1
read_005216	mol_005216	1
read_005217	mol_005217	1
read_005218	mol_005218	-1
read_005219	mol_005219	-1
read_005220	mol_005220	-1
read_005221	mol_005221	-1
read_005222	mol_005222	1
read_005223	mol_005223	1
read_005224	mol_005224	-1
read_005225	mol_005225	-1
read_005226	mol_005226	-1
read_005227	mol_005227	-1
read_005228	mol_005228	1
read_005229	mol_005229	1
read_005230	mol_005230	-1
read_005231	mol_005231	-1
read_005232	mol_005232	1
read_005233	mol_005233	-1
read_005234	mol_005234	1
read_005235	mol_005235	1
read_005236	mol_005236	-1
read_005237	mol_005237	1
read_005238	mol_005238	1
read_005239	mol_005239	-1
read_005240	mol_005240	1
read_005241	mol_005241	-1
read_005242	mol_005242	-1
read_005243	mol_005243	-1
read_005244	mol_005244	1
read_005245	mol_005245	-1
read_005246	mol_005246	-1
read_005247	mol_005247	-1
read_005248	mol_005248	1
read_005249	mol_005249	-1
read_005250	mol_005250	-1
read_005251	mol_005251	-1
read_005252	mol_005252	-1
read_005253	mol_005253	1
read_005254	mol_005254	1
read_005255	mol_005255	-1
read_005256	mol_005256	-1
read_005257	mol_005257	-1
read_005258	mol_005258	1
read_005259	mol_005259	1
read_005260	mol_005260	-1
read_005261	mol_005261	-1
read_005262	mol_005262	1
read_005263	mol_005263	1
read_005264	mol_005264	-1
read_005265	mol_005265	-1
read_005266	mol_005266	-1
read_005267	mol_005267	1
read_005268	mol_005268	-1
read_005269	mol_005269	1
read_005270	mol_005270	-1
read_005271	mol_005271	1
read_005272	mol_005272	1
read_005273	mol_005273	-1
read_005274	mol_005274	-1
read_005275	mol_005275	-1
read_005276	mol_005276	1
read_005277	mol_005277	1
read_005278	mol_005278	1
read_005279	mol_005279	1
read_005280	mol_005280	1
read_005281	mol_005281	-1
read_005282	mol_005282	1
read_005283	mol_005283	1
read_005284	mol_005284	-1
read_005285	mol_005285	1
read_005286	mol_005286	1
read_005287	mol_005287	1
read_005288	mol_005288	1
read_005289	mol_005289	-1
read_005290	mol_005290	1
read_005291	mol_005291	-1
read_005292	mol_005292	-1
read_005293	mol_005293	1
read_005294	mol_005294	1
read_005295	mol_005295	1
read_005296	mol_005296	1
read_005297	mol_005297	1
read_005298	mol_005298	1
read_005299	mol_005299	-1
read_005300	mol_005300	-1
read_005301	mol_005301	1
read_005302	mol_005302	1
read_005303	mol_005303	1
read_005304	mol_005304	1
read_005305	mol_005305	-1
read_005306	mol_005306	1
read_005307	mol_005307	-1
read_005308	mol_005308	-1
read_005309	mol_005309	-1
read_005310	mol_005310	1
read_005311	mol_005311	1
read_005312	mol_005312	-1
read_005313	mol_005313	-1
read_005314	mol_005314	1
read_005315	mol_005315	1
read_005316	mol_005316	-1
read_005317	mol_005317	1
read_005318	mol_005318	1
read_005319	mol_005319	-1
read_005320	mol_005320	-1
read_005321	mol_005321	-1
read_005322	mol_005322	-1
read_005323	mol_005323	1
read_005324	mol_005324	1
read_005325	mol_005325	-1
read_005326	mol_005326	-1
read_005327	mol_005327	1
read_005328	mol_005328	1
read_005329	mol_005329	1
read_005330	mol_005330	-1
read_005331	mol_005331	-1
read_005332	mol_005332	1
read_005333	mol_005333	-1
read_005334	mol_005334	1
read_005335	mol_005335	-1
read_005336	mol_005336	-1
read_005337	mol_005337	-1
read_005338	mol_005338	-1
read_005339	mol_005339	1
read_005340	mol_005340	1
read_005341	mol_005341	1
read_005342	mol_005342	1
read_005343	mol_005343	1
read_005344	mol_005344	-1
read_005345	mol_005345	1
read_005346	mol_005346	-1
read_005347	mol_005347	-1
read_005348	mol_005348	-1
read_005349	mol_005349	1
read_005350	mol_005350	-1
read_005351	mol_005351	1
read_005352	mol_005352	-1
read_005353	mol_005353	-1
read_005354	mol_005354	1
read_005355	mol_005355	-1
read_005356	mol_005356	1
read_005357	mol_005357	-1
read_005358	mol_005358	-1
read_005359	mol_005359	-1
read_005360	mol_005360	-1
read_005361	mol_005361	-1
read_005362	mol_005362	-1
read_005363	mol_005363	-1
read_005364	mol_005364	-1
read_005365	mol_005365	-1
read_005366	mol_005366	1
read_005367	mol_005367	1
read_005368	mol_005368	1
read_005369	mol_005369	1
read_005370	mol_005370	-1
read_005371	mol_005371	1
read_005372	mol_005372	1
read_005373	mol_005373	1
read_005374	mol_005374	1
read_005375	mol_005375	-1
read_005376	mol_005376	-1
read_005377	mol_005377	-1
read_005378	mol_005378	-1
read_005379	mol_005379	-1
read_005380	mol_005380	1
read_005381	mol_005381	-1
read_005382	mol_005382	1
read_005383	mol_005383	-1
read_005384	mol_005384	-1
read_005385	mol_005385	-1
read_005386	mol_005386	-1
read_005387	mol_005387	-1
read_005388	mol_005388	-1
read_005389	mol_005389	-1
read_005390	mol_005390	1
read_005391	mol_005391	1
read_005392	mol_005392	-1
read_005393	mol_005393	1
read_005394	mol_005394	1
read_005395	mol_005395	-1
read_005396	mol_005396	1
read_005397	mol_005397	1
read_005398	mol_005398	-1
read_005399	mol_005399	-1
read_005400	mol_005400	1
read_005401	mol_005401	-1
read_005402	mol_005402	-1
read_005403	mol_005403	1
read_005404	mol_005404	-1
read_005405	mol_005405	1
read_005406	mol_005406	1
read_005407	mol_005407	-1
read_005408	mol_005408	-1
read_005409	mol_005409	-1
read_005410	mol_005410	-1
read_005411	mol_005411	-1
read_005412	mol_005412	1
read_005413	mol_005413	-1
read_005414	mol_005414	1
read_005415	mol_005415	1
read_005416	mol_005416	-1
read_005417	mol_005417	-1
read_005418	mol_005418	1
read_005419	mol_005419	-1
read_005420	mol_005420	1
read_005421	mol_005421	-1
read_005422	mol_005422	1
read_005423	mol_005423	1
read_005424	mol_005424	-1
read_005425	mol_005425	-1
read_005426	mol_005426	-1
read_005427	mol_005427	1
read_005428	mol_005428	-1
read_005429	mol_005429	1
read_005430	mol_005430	-1
read_005431	mol_005431	-1
read_005432	mol_005432	-1
read_005433	mol_005433	1
read_005434	mol_005434	1
read_005435	mol_005435	-1
read_005436	mol_005436	1
read_005437	mol_005437	1
read_005438	mol_005438	1
read_005439	mol_005439	-1
read_005440	mol_005440	1
read_005441	mol_005441	-1
read_005442	mol_005442	-1
read_005443	mol_005443	1
read_005444	mol_005444	1
read_005445	mol_005445	1
read_005446	mol_005446	-1
read_005447	mol_005447	-1
read_005448	mol_005448	-1
read_005449	mol_005449	-1
read_005450	mol_005450	1
read_005451	mol_005451	-1
read_005452	mol_005452	1
read_005453	mol_005453	-1
read_005454	mol_005454	1
read_005455	mol_005455	-1
read_005456	mol_005456	-1
read_005457	mol_005457	-1
read_005458	mol_005458	-1
read_005459	mol_005459	1
read_005460	mol_005460	1
read_005461	mol_005461	1
read_005462	mol_005462	1
read_005463	mol_005463	1
read_005464	mol_005464	-1
read_005465	mol_005465	1
read_005466	mol_005466	-1
read_005467	mol_005467	1
read_005468	mol_005468	1
read_005469	mol_005469	-1
read_005470	mol_005470	1
read_005471	mol_005471	1
read_005472	mol_005472	1
read_005473	mol_005473	1
read_005474	mol_005474	-1
read_005475	mol_005475	-1
read_005476	mol_005476	-1
read_005477	mol_005477	-1
read_005478	mol_005478	-1
read_005479	mol_005479	1
read_005480	mol_005480	1
read_005481	mol_005481	1
read_005482	mol_005482	-1
read_005483	mol_005483	-1
read_005484	mol_005484	1
read_005485	mol_005485	-1
read_005486	mol_005486	-1
read_005487	mol_005487	-1
read_005488	mol_005488	-1
read_005489	mol_005489	-1
read_005490	mol_005490	1
read_005491	mol_005491	-1
read_005492	mol_005492	-1
read_005493	mol_005493	1
read_005494	mol_005494	1
read_005495	mol_005495	1
read_005496	mol_005496	-1
read_005497	mol_005497	1
read_005498	mol_005498	1
read_005499	mol_005499	-1
read_005500	mol_005500	-1
read_005501	mol_005501	-1
read_005502	mol_005502	1
read_005503	mol_005503	-1
read_005504	mol_005504	1
read_005505	mol_005505	-1
read_005506	mol_005506	-1
read_005507	mol_005507	1
read_005508	mol_005508	1
read_005509	mol_005509	-1
read_005510	mol_005510	-1
read_005511	mol_005511	-1
read_005512	mol_005512	1
read_005513	mol_005513	1
read_005514	mol_005514	1
read_005515	mol_005515	1
read_005516	mol_005516	-1
read_005517	mol_005517	-1
read_005518	mol_005518	-1
read_005519	mol_005519	1
read_005520	mol_005520	-1
read_005521	mol_005521	-1
read_005522	mol_005522	-1
read_005523	mol_005523	-1
read_005524	mol_005524	1
read_005525	mol_005525	-1
read_005526	mol_005526	-1
read_005527	mol_005527	-1
read_005528	mol_005528	-1
read_005529	mol_005529	1
read_005530	mol_005530	1
read_005531	mol_005531	-1
read_005532	mol_005532	-1
read_005533	mol_005533	1
read_005534	mol_005534	1
read_005535	mol_005535	1
read_005536	mol_005536	-1
read_005537	mol_005537	1
read_005538	mol_005538	-1
read_005539	mol_005539	-1
read_005540	mol_005540	-1
read_005541	mol_005541	-1
read_005542	mol_005542	1
read_005543	mol_005543	-1
read_005544	mol_005544	1
read_005545	mol_005545	-1
read_005546	mol_005546	-1
read_005547	mol_005547	1
read_005548	mol_005548	-1
read_005549	mol_005549	1
read_005550	mol_005550	-1
read_005551	mol_005551	-1
read_005552	mol_005552	1
read_005553	mol_005553	1
read_005554	mol_005554	1
read_005555	mol_005555	-1
read_005556	mol_005556	-1
read_005557	mol_005557	1
read_005558	mol_005558	1
read_005559	mol_005559	1
read_005560	mol_005560	-1
read_005561	mol_005561	-1
read_005562	mol_005562	-1
read_005563	mol_005563	-1
read_005564	mol_005564	1
read_005565	mol_005565	1
read_005566	mol_005566	1
read_005567	mol_005567	-1
read_005568	mol_005568	1
read_005569	mol_005569	-1
read_005570	mol_005570	-1
read_005571	mol_005571	-1
read_005572	mol_005572	-1
read_005573	mol_005573	1
read_005574	mol_005574	-1
read_005575	mol_005575	1
read_005576	mol_005576	1
read_005577	mol_005577	-1
read_005578	mol_005578	1
read_005579	mol_005579	-1
read_005580	mol_005580	1
read_005581	mol_005581	-1
read_005582	mol_005582	1
read_005583	mol_005583	-1
read_005584	mol_005584	1
read_005585	mol_005585	1
read_005586	mol_005586	1
read_005587	mol_005587	1
read_005588	mol_005588	1
read_005589	mol_005589	-1
read_005590	mol_005590	-1
read_005591	mol_005591	1
read_005592	mol_005592	1
read_005593	mol_005593	-1
read_005594	mol_005594	1
read_005595	mol_005595	-1
read_005596	mol_005596	1
read_005597	mol_005597	-1
read_005598	mol_005598	-1
read_005599	mol_005599	-1
read_005600	mol_005600	1
read_005601	mol_005601	1
read_005602	mol_005602	1
read_005603	mol_005603	1
read_005604	mol_005604	-1
read_005605	mol_005605	-1
read_005606	mol_005606	-1
read_005607	mol_005607	1
read_005608	mol_005608	-1
read_005609	mol_005609	1
read_005610	mol_005610	1
read_005611	mol_005611	1
read_005612	mol_005612	-1
read_005613	mol_005613	-1
read_005614	mol_005614	-1
read_005615	mol_005615	-1
read_005616	mol_005616	1
read_005617	mol_005617	-1
read_005618	mol_005618	-1
read_005619	mol_005619	1
read_005620	mol_005620	-1
read_005621	mol_005621	1
read_005622	mol_005622	1
read_005623	mol_005623	-1
read_005624	mol_005624	-1
read_005625	mol_005625	-1
read_005626	mol_005626	-1
read_005627	mol_005627	-1
read_005628	mol_005628	-1
read_005629	mol_005629	1
read_005630	mol_005630	1
read_005631	mol_005631	1
read_005632	mol_005632	1
read_005633	mol_005633	-1
read_005634	mol_005634	-1
read_005635	mol_005635	-1
read_005636	mol_005636	1
read_005637	mol_005637	1
read_005638	mol_005638	1
read_005639	mol_005639	-1
read_005640	mol_005640	-1
read_005641	mol_005641	-1
read_005642	mol_005642	-1
read_005643	mol_005643	-1
read_005644	mol_005644	1
read_005645	mol_005645	-1
read_005646	mol_005646	1
read_005647	mol_005647	1
read_005648	mol_005648	-1
read_005649	mol_005649	-1
read_005650	mol_005650	-1
read_005651	mol_005651	-1
read_005652	mol_005652	1
read_005653	mol_005653	-1
read_005654	mol_005654	-1
read_005655	mol_005655	1
read_005656	mol_005656	1
read_005657	mol_005657	-1
read_005658	mol_005658	-1
read_005659	mol_005659	-1
read_005660	mol_005660	-1
read_005661	mol_005661	-1
read_005662	mol_005662	1
read_005663	mol_005663	1
read_005664	mol_005664	1
read_005665	mol_005665	1
read_005666	mol_005666	1
read_005667	mol_005667	1
read_005668	mol_005668	1
read_005669	mol_005669	1
read_005670	mol_005670	1
read_005671	mol_005671	1
read_005672	mol_005672	1
read_005673	mol_005673	-1
read_005674	mol_005674	1
read_005675	mol_005675	1
read_005676	mol_005676	1
read_005677	mol_005677	-1
read_005678	mol_005678	-1
read_005679	mol_005679	1
read_005680	mol_005680	1
read_005681	mol_005681	1
read_005682	mol_005682	1
read_005683	mol_005683	-1
read_005684	mol_005684	-1
read_005685	mol_005685	1
read_005686	mol_005686	1
read_005687	mol_005687	1
read_005688	mol_005688	1
read_005689	mol_005689	1
read_005690	mol_005690	1
read_005691	mol_005691	1
read_005692	mol_005692	1
read_005693	mol_005693	-1
read_005694	mol_005694	1
read_005695	mol_005695	-1
read_005696	mol_005696	1
read_005697	mol_005697	-1
read_005698	mol_005698	1
read_005699	mol_005699	-1
read_005700	mol_005700	1
read_005701	mol_005701	-1
read_005702	mol_005702	1
read_005703	mol_005703	1
read_005704	mol_005704	-1
read_005705	mol_005705	-1
read_005706	mol_005706	-1
read_005707	mol_005707	-1
read_005708	mol_005708	1
read_005709	mol_005709	-1
read_005710	mol_005710	1
read_005711	mol_005711	-1
read_005712	mol_005712	-1
read_005713	mol_005713	1
read_005714	mol_005714	1
read_005715	mol_005715	1
read_005716	mol_005716	1
read_005717	mol_005717	1
read_005718	mol_005718	-1
read_005719	mol_005719	1
read_005720	mol_005720	-1
read_005721	mol_005721	1
read_005722	mol_005722	-1
read_005723	mol_005723	-1
read_005724	mol_005724	1
read_005725	mol_005725	-1
read_005726	mol_005726	-1
read_005727	mol_005727	1
read_005728	mol_005728	1
read_005729	mol_005729	1
read_005730	mol_005730	-1
read_005731	mol_005731	-1
read_005732	mol_005732	1
read_005733	mol_005733	-1
read_005734	mol_005734	1
read_005735	mol_005735	1
read_005736	mol_005736	1
read_005737	mol_005737	1
read_005738	mol_005738	1
read_005739	mol_005739	1
read_005740	mol_005740	-1
read_005741	mol_005741	1
read_005742	mol_005742	-1
read_005743	mol_005743	-1
read_005744	mol_005744	-1
read_005745	mol_005745	-1
read_005746	mol_005746	1
read_005747	mol_005747	-1
read_005748	mol_005748	1
read_005749	mol_005749	1
read_005750	mol_005750	1
read_005751	mol_005751	-1
read_005752	mol_005752	-1
read_005753	mol_005753	1
read_005754	mol_005754	-1
read_005755	mol_005755	1
read_005756	mol_005756	1
read_005757	mol_005757	1
read_005758	mol_005758	-1
read_005759	mol_005759	1
read_005760	mol_005760	1
read_005761	mol_005761	-1
read_005762	mol_005762	1
read_005763	mol_005763	-1
read_005764	mol_005764	1
read_005765	mol_005765	-1
read_005766	mol_005766	-1
read_005767	mol_005767	-1
read_005768	mol_005768	-1
read_005769	mol_005769	1
read_005770	mol_005770	1
read_005771	mol_005771	1
read_005772	mol_005772	-1
read_005773	mol_005773	1
read_005774	mol_005774	-1
read_005775	mol_005775	1
read_005776	mol_005776	-1
read_005777	mol_005777	1
read_005778	mol_005778	-1
read_005779	mol_005779	1
read_005780	mol_005780	1
read_005781	mol_005781	1
read_005782	mol_005782	1
read_005783	mol_005783	-1
read_005784	mol_005784	-1
read_005785	mol_005785	-1
read_005786	mol_005786	1
read_005787	mol_005787	-1
read_005788	mol_005788	-1
read_005789	mol_005789	-1
read_005790	mol_005790	1
read_005791	mol_005791	-1
read_005792	mol_005792	1
read_005793	mol_005793	-1
read_005794	mol_005794	-1
read_005795	mol_005795	-1
read_005796	mol_005796	-1
read_005797	mol_005797	1
read_005798	mol_005798	-1
read_005799	mol_005799	1
read_005800	mol_005800	1
read_005801	mol_005801	-1
read_005802	mol_005802	-1
read_005803	mol_005803	-1
read_005804	mol_005804	-1
read_005805	mol_005805	-1
read_005806	mol_005806	-1
read_005807	mol_005807	-1
read_005808	mol_005808	1
read_005809	mol_005809	-1
read_005810	mol_005810	-1
read_005811	mol_005811	-1
read_005812	mol_005812	-1
read_005813	mol_005813	1
read_005814	mol_005814	1
read_005815	mol_005815	-1
read_005816	mol_005816	1
read_005817	mol_005817	-1
read_005818	mol_005818	1
read_005819	mol_005819	-1
read_005820	mol_005820	1
read_005821	mol_005821	-1
read_005822	mol_005822	-1
read_005823	mol_005823	1
read_005824	mol_005824	1
read_005825	mol_005825	1
read_005826	mol_005826	1
read_005827	mol_005827	-1
read_005828	mol_005828	-1
read_005829	mol_005829	-1
read_005830	mol_005830	-1
read_005831	mol_005831	1
read_005832	mol_005832	1
read_005833	mol_005833	-1
read_005834	mol_005834	1
read_005835	mol_005835	-1
read_005836	mol_005836	1
read_005837	mol_005837	1
read_005838	mol_005838	1
read_005839	mol_005839	1
read_005840	mol_005840	-1
read_005841	mol_005841	1
read_005842	mol_005842	1
read_005843	mol_005843	-1
read_005844	mol_005844	1
read_005845	mol_005845	1
read_005846	mol_005846	1
read_005847	mol_005847	1
read_005848	mol_005848	-1
read_005849	mol_005849	-1
read_005850	mol_005850	-1
read_005851	mol_005851	1
read_005852	mol_005852	-1
read_005853	mol_005853	1
read_005854	mol_005854	-1
read_005855	mol_005855	1
read_005856	mol_005856	1
read_005857	mol_005857	-1
read_005858	mol_005858	-1
read_005859	mol_005859	1
read_005860	mol_005860	-1
read_005861	mol_005861	-1
read_005862	mol_005862	-1
read_005863	mol_005863	1
read_005864	mol_005864	1
read_005865	mol_005865	-1
read_005866	mol_005866	1
read_005867	mol_005867	-1
read_005868	mol_005868	1
read_005869	mol_005869	1
read_005870	mol_005870	1
read_005871	mol_005871	1
read_005872	mol_005872	1
read_005873	mol_005873	-1
read_005874	mol_005874	1
read_005875	mol_005875	1
read_005876	mol_005876	-1
read_005877	mol_005877	1
read_005878	mol_005878	1
read_005879	mol_005879	-1
read_005880	mol_005880	-1
read_005881	mol_005881	-1
read_005882	mol_005882	-1
read_005883	mol_005883	1
read_005884	mol_005884	-1
read_005885	mol_005885	-1
read_005886	mol_005886	-1
read_005887	mol_005887	1
read_005888	mol_005888	1
read_005889	mol_005889	-1
read_005890	mol_005890	-1
read_005891	mol_005891	-1
read_005892	mol_005892	1
read_005893	mol_005893	-1
read_005894	mol_005894	-1
read_005895	mol_005895	-1
read_005896	mol_005896	-1
read_005897	mol_005897	-1
read_005898	mol_005898	1
read_005899	mol_005899	1
read_005900	mol_005900	1
read_005901	mol_005901	-1
read_005902	mol_005902	-1
read_005903	mol_005903	1
read_005904	mol_005904	1
read_005905	mol_005905	1
read_005906	mol_005906	-1
read_005907	mol_005907	1
read_005908	mol_005908	1
read_005909	mol_005909	1
read_005910	mol_005910	-1
read_005911	mol_005911	-1
read_005912	mol_005912	1
read_005913	mol_005913	-1
read_005914	mol_005914	1
read_005915	mol_005915	1
read_005916	mol_005916	-1
read_005917	mol_005917	1
read_005918	mol_005918	1
read_005919	mol_005919	1
read_005920	mol_005920	-1
read_005921	mol_005921	-1
read_005922	mol_005922	1
read_005923	mol_005923	-1
read_005924	mol_005924	1
read_005925	mol_005925	-1
read_005926	mol_005926	1
read_005927	mol_005927	-1
read_005928	mol_005928	1
read_005929	mol_005929	1
read_005930	mol_005930	-1
read_005931	mol_005931	1
read_005932	mol_005932	-1
read_005933	mol_005933	1
read_005934	mol_005934	-1
read_005935	mol_005935	1
read_005936	mol_005936	-1
read_005937	mol_005937	1
read_005938	mol_005938	-1
read_005939	mol_005939	1
read_005940	mol_005940	-1
read_005941	mol_005941	-1
read_005942	mol_005942	-1
read_005943	mol_005943	1
read_005944	mol_005944	-1
read_005945	mol_005945	-1
read_005946	mol_005946	-1
read_005947	mol_005947	-1
read_005948	mol_005948	1
read_005949	mol_005949	1
read_005950	mol_005950	-1
read_005951	mol_005951	-1
read_005952	mol_005952	1
read_005953	mol_005953	-1
read_005954	mol_005954	-1
read_005955	mol_005955	-1
read_005956	mol_005956	-1
read_005957	mol_005957	-1
read_005958	mol_005958	1
read_005959	mol_005959	-1
read_005960	mol_005960	-1
read_005961	mol_005961	-1
read_005962	mol_005962	1
read_005963	mol_005963	-1
read_005964	mol_005964	-1
read_005965	mol_005965	-1
read_005966	mol_005966	-1
read_005967	mol_005967	-1
read_005968	mol_005968	-1
read_005969	mol_005969	1
read_005970	mol_005970	1
read_005971	mol_005971	1
read_005972	mol_005972	1
read_005973	mol_005973	1
read_005974	mol_005974	-1
read_005975	mol_005975	1
read_005976	mol_005976	-1
read_005977	mol_005977	-1
read_005978	mol_005978	-1
read_005979	mol_005979	-1
read_005980	mol_005980	1
read_005981	mol_005981	-1
read_005982	mol_005982	-1
read_005983	mol_005983	1
read_005984	mol_005984	1
read_005985	mol_005985	1
read_005986	mol_005986	1
read_005987	mol_005987	-1
read_005988	mol_005988	-1
read_005989	mol_005989	1
read_005990	mol_005990	-1
read_005991	mol_005991	1
read_005992	mol_005992	-1
read_005993	mol_005993	1
read_005994	mol_005994	1
read_005995	mol_005995	1
read_005996	mol_005996	1
read_005997	mol_005997	-1
read_005998	mol_005998	1
read_005999	mol_005999	-1
read_006000	mol_006000	-1
read_006001	mol_006001	-1
read_006002	mol_006002	-1
read_006003	mol_006003	1
read_006004	mol_006004	1
read_006005	mol_006005	1
read_006006	mol_006006	-1
read_006007	mol_006007	1
read_006008	mol_006008	1
read_006009	mol_006009	-1
read_006010	mol_006010	-1
read_006011	mol_006011	-1
read_006012	mol_006012	1
read_006013	mol_006013	1
read_006014	mol_006014	-1
read_006015	mol_006015	-1
read_006016	mol_006016	1
read_006017	mol_006017	1
read_006018	mol_006018	1
read_006019	mol_006019	-1
read_006020	mol_006020	-1
read_006021	mol_006021	1
read_006022	mol_006022	1
read_006023	mol_006023	-1
read_006024	mol_006024	-1
read_006025	mol_006025	1
read_006026	mol_006026	-1
read_006027	mol_006027	1
read_006028	mol_006028	1
read_006029	mol_006029	1
read_006030	mol_006030	-1
read_006031	mol_006031	1
read_006032	mol_006032	1
read_006033	mol_006033	1
read_006034	mol_006034	1
read_006035	mol_006035	1
read_006036	mol_006036	1
read_006037	mol_006037	1
read_006038	mol_006038	-1
read_006039	mol_006039	1
read_006040	mol_006040	1
read_006041	mol_006041	-1
read_006042	mol_006042	-1
read_006043	mol_006043	1
read_006044	mol_006044	-1
read_006045	mol_006045	-1
read_006046	mol_006046	1
read_006047	mol_006047	1
read_006048	mol_006048	-1
read_006049	mol_006049	-1
read_006050	mol_006050	1
read_006051	mol_006051	-1
read_006052	mol_006052	-1
read_006053	mol_006053	-1
read_006054	mol_006054	-1
read_006055	mol_006055	-1
read_006056	mol_006056	1
read_006057	mol_006057	1
read_006058	mol_006058	1
read_006059	mol_006059	-1
read_006060	mol_006060	1
read_006061	mol_006061	-1
read_006062	mol_006062	-1
read_006063	mol_006063	-1
read_006064	mol_006064	1
read_006065	mol_006065	-1
read_006066	mol_006066	1
read_006067	mol_006067	-1
read_006068	mol_006068	-1
read_006069	mol_006069	1
read_006070	mol_006070	-1
read_006071	mol_006071	1
read_006072	mol_006072	1
read_006073	mol_006073	-1
read_006074	mol_006074	1
read_006075	mol_006075	-1
read_006076	mol_006076	-1
read_006077	mol_006077	1
read_006078	mol_006078	-1
read_006079	mol_006079	1
read_006080	mol_006080	-1
read_006081	mol_006081	1
read_006082	mol_006082	1
read_006083	mol_006083	1
read_006084	mol_006084	-1
read_006085	mol_006085	-1
read_006086	mol_006086	-1
read_006087	mol_006087	-1
read_006088	mol_006088	-1
read_006089	mol_006089	-1
read_006090	mol_006090	-1
read_006091	mol_006091	1
read_006092	mol_006092	1
read_006093	mol_006093	-1
read_006094	mol_006094	-1
read_006095	mol_006095	-1
read_006096	mol_006096	1
read_006097	mol_006097	1
read_006098	mol_006098	1
read_006099	mol_006099	-1
read_006100	mol_006100	-1
read_006101	mol_006101	1
read_006102	mol_006102	1
read_006103	mol_006103	1
read_006104	mol_006104	-1
read_006105	mol_006105	-1
read_006106	mol_006106	-1
read_006107	mol_006107	-1
read_006108	mol_006108	1
read_006109	mol_006109	-1
read_006110	mol_006110	1
read_006111	mol_006111	-1
read_006112	mol_006112	1
read_006113	mol_006113	-1
read_006114	mol_006114	-1
read_006115	mol_006115	1
read_006116	mol_006116	1
read_006117	mol_006117	-1
read_006118	mol_006118	-1
read_006119	mol_006119	-1
read_006120	mol_006120	1
read_006121	mol_006121	-1
read_006122	mol_006122	1
read_006123	mol_006123	-1
read_006124	mol_006124	1
read_006125	mol_006125	1
read_006126	mol_006126	-1
read_006127	mol_006127	1
read_006128	mol_006128	1
read_006129	mol_006129	1
read_006130	mol_006130	-1
read_006131	mol_006131	-1
read_006132	mol_006132	1
read_006133	mol_006133	1
read_006134	mol_006134	-1
read_006135	mol_006135	-1
read_006136	mol_006136	-1
read_006137	mol_006137	-1
read_006138	mol_006138	1
read_006139	mol_006139	-1
read_006140	mol_006140	-1
read_006141	mol_006141	1
read_006142	mol_006142	1
read_006143	mol_006143	1
read_006144	mol_006144	1
read_006145	mol_006145	-1
read_006146	mol_006146	-1
read_006147	mol_006147	1
read_006148	mol_006148	1
read_006149	mol_006149	-1
read_006150	mol_006150	-1
read_006151	mol_006151	1
read_006152	mol_006152	1
read_006153	mol_006153	-1
read_006154	mol_006154	-1
read_006155	mol_006155	-1
read_006156	mol_006156	-1
read_006157	mol_006157	-1
read_006158	mol_006158	-1
read_006159	mol_006159	-1
read_006160	mol_006160	1
read_006161	mol_006161	-1
read_006162	mol_006162	-1
read_006163	mol_006163	1
read_006164	mol_006164	-1
read_006165	mol_006165	-1
read_006166	mol_006166	1
read_006167	mol_006167	1
read_006168	mol_006168	1
read_006169	mol_006169	-1
read_006170	mol_006170	1
read_006171	mol_006171	1
read_006172	mol_006172	1
read_006173	mol_006173	-1
read_006174	mol_006174	-1
read_006175	mol_006175	-1
read_006176	mol_006176	1
read_006177	mol_006177	-1
read_006178	mol_006178	-1
read_006179	mol_006179	-1
read_006180	mol_006180	-1
read_006181	mol_006181	-1
read_006182	mol_006182	1
read_006183	mol_006183	-1
read_006184	mol_006184	-1
read_006185	mol_006185	-1
read_006186	mol_006186	1
read_006187	mol_006187	1
read_006188	mol_006188	-1
read_006189	mol_006189	-1
read_006190	mol_006190	-1
read_006191	mol_006191	1
read_006192	mol_006192	-1
read_006193	mol_006193	-1
read_006194	mol_006194	-1
read_006195	mol_006195	-1
read_006196	mol_006196	-1
read_006197	mol_006197	-1
read_006198	mol_006198	-1
read_006199	mol_006199	-1
read_006200	mol_006200	1
read_006201	mol_006201	-1
read_006202	mol_006202	-1
read_006203	mol_006203	1
read_006204	mol_006204	1
read_006205	mol_006205	-1
read_006206	mol_006206	-1
read_006207	mol_006207	1
read_006208	mol_006208	1
read_006209	mol_006209	-1
read_006210	mol_006210	-1
read_006211	mol_006211	1
read_006212	mol_006212	-1
read_006213	mol_006213	1
read_006214	mol_006214	-1
read_006215	mol_006215	1
read_006216	mol_006216	1
read_006217	mol_006217	1
read_006218	mol_006218	-1
read_006219	mol_006219	1
read_006220	mol_006220	1
read_006221	mol_006221	-1
read_006222	mol_006222	-1
read_006223	mol_006223	1
read_006224	mol_006224	-1
read_006225	mol_006225	-1
read_006226	mol_006226	-1
read_006227	mol_006227	1
read_006228	mol_006228	1
read_006229	mol_006229	1
read_006230	mol_006230	1
read_006231	mol_006231	-1
read_006232	mol_006232	1
read_006233	mol_006233	1
read_006234	mol_006234	1
read_006235	mol_006235	1
read_006236	mol_006236	-1
read_006237	mol_006237	1
read_006238	mol_006238	-1
read_006239	mol_006239	1
read_006240	mol_006240	-1
read_006241	mol_006241	-1
read_006242	mol_006242	-1
read_006243	mol_006243	1
read_006244	mol_006244	1
read_006245	mol_006245	1
read_006246	mol_006246	1
read_006247	mol_006247	1
read_006248	mol_006248	1
read_006249	mol_006249	1
read_006250	mol_006250	1
read_006251	mol_006251	-1
read_006252	mol_006252	1
read_006253	mol_006253	1
read_006254	mol_006254	-1
read_006255	mol_006255	1
read_006256	mol_006256	-1
read_006257	mol_006257	1
read_006258	mol_006258	1
read_006259	mol_006259	1
read_006260	mol_006260	1
read_006261	mol_006261	1
read_006262	mol_006262	-1
read_006263	mol_006263	-1
read_006264	mol_006264	1
read_006265	mol_006265	1
read_006266	mol_006266	1
read_006267	mol_006267	1
read_006268	mol_006268	1
read_006269	mol_006269	1
read_006270	mol_006270	-1
read_006271	mol_006271	-1
read_006272	mol_006272	1
read_006273	mol_006273	-1
read_006274	mol_006274	-1
read_006275	mol_006275	-1
read_006276	mol_006276	-1
read_006277	mol_006277	1
read_006278	mol_006278	1
read_006279	mol_006279	1
read_006280	mol_006280	-1
read_006281	mol_006281	1
read_006282	mol_006282	-1
read_006283	mol_006283	1
read_006284	mol_006284	-1
read_006285	mol_006285	1
read_006286	mol_006286	-1
read_006287	mol_006287	1
read_006288	mol_006288	-1
read_006289	mol_006289	1
read_006290	mol_006290	1
read_006291	mol_006291	1
read_006292	mol_006292	-1
read_006293	mol_006293	1
read_006294	mol_006294	1
read_006295	mol_006295	1
read_006296	mol_006296	-1
read_006297	mol_006297	-1
read_006298	mol_006298	-1
read_006299	mol_006299	1
read_006300	mol_006300	-1
read_006301	mol_006301	-1
read_006302	mol_006302	1
read_006303	mol_006303	1
read_006304	mol_006304	1
read_006305	mol_006305	1
read_006306	mol_006306	1
read_006307	mol_006307	1
read_006308	mol_006308	-1
read_006309	mol_006309	-1
read_006310	mol_006310	-1
read_006311	mol_006311	1
read_006312	mol_006312	1
read_006313	mol_006313	1
read_006314	mol_006314	-1
read_006315	mol_006315	-1
read_006316	mol_006316	1
read_006317	mol_006317	-1
read_006318	mol_006318	-1
read_006319	mol_006319	1
read_006320	mol_006320	1
read_006321	mol_006321	-1
read_006322	mol_006322	1
read_006323	mol_006323	-1
read_006324	mol_006324	1
read_006325	mol_006325	1
read_006326	mol_006326	-1
read_006327	mol_006327	1
read_006328	mol_006328	1
read_006329	mol_006329	1
read_006330	mol_006330	1
read_006331	mol_006331	-1
read_006332	mol_006332	-1
read_006333	mol_006333	1
read_006334	mol_006334	-1
read_006335	mol_006335	-1
read_006336	mol_006336	-1
read_006337	mol_006337	1
read_006338	mol_006338	-1
read_006339	mol_006339	-1
read_006340	mol_006340	-1
read_006341	mol_006341	-1
read_006342	mol_006342	-1
read_006343	mol_006343	1
read_006344	mol_006344	-1
read_006345	mol_006345	-1
read_006346	mol_006346	-1
read_006347	mol_006347	-1
read_006348	mol_006348	-1
read_006349	mol_006349	-1
read_006350	mol_006350	-1
read_006351	mol_006351	1
read_006352	mol_006352	1
read_006353	mol_006353	-1
read_006354	mol_006354	1
read_006355	mol_006355	-1
read_006356	mol_006356	-1
read_006357	mol_006357	-1
read_006358	mol_006358	-1
read_006359	mol_006359	1
read_006360	mol_006360	-1
read_006361	mol_006361	1
read_006362	mol_006362	-1
read_006363	mol_006363	1
read_006364	mol_006364	-1
read_006365	mol_006365	-1
read_006366	mol_006366	-1
read_006367	mol_006367	-1
read_006368	mol_006368	1
read_006369	mol_006369	1
read_006370	mol_006370	1
read_006371	mol_006371	1
read_006372	mol_006372	-1
read_006373	mol_006373	-1
read_006374	mol_006374	-1
read_006375	mol_006375	1
read_006376	mol_006376	-1
read_006377	mol_006377	-1
read_006378	mol_006378	1
read_006379	mol_006379	1
read_006380	mol_006380	-1
read_006381	mol_006381	-1
read_006382	mol_006382	1
read_006383	mol_006383	-1
read_006384	mol_006384	-1
read_006385	mol_006385	1
read_006386	mol_006386	-1
read_006387	mol_006387	-1
read_006388	mol_006388	1
read_006389	mol_006389	-1
read_006390	mol_006390	1
read_006391	mol_006391	1
read_006392	mol_006392	1
read_006393	mol_006393	-1
read_006394	mol_006394	-1
read_006395	mol_006395	-1
read_006396	mol_006396	-1
read_006397	mol_006397	1
read_006398	mol_006398	1
read_006399	mol_006399	1
read_006400	mol_006400	-1
read_006401	mol_006401	-1
read_006402	mol_006402	1
read_006403	mol_006403	1
read_006404	mol_006404	1
read_006405	mol_006405	-1
read_006406	mol_006406	1
read_006407	mol_006407	-1
read_006408	mol_006408	-1
read_006409	mol_006409	1
read_006410	mol_006410	1
read_006411	mol_006411	1
read_006412	mol_006412	1
read_006413	mol_006413	1
read_006414	mol_006414	1
read_006415	mol_006415	-1
read_006416	mol_006416	1
read_006417	mol_006417	1
read_006418	mol_006418	1
read_006419	mol_006419	1
read_006420	mol_006420	-1
read_006421	mol_006421	-1
read_006422	mol_006422	1
read_006423	mol_006423	1
read_006424	mol_006424	-1
read_006425	mol_006425	1
read_006426	mol_006426	1
read_006427	mol_006427	1
read_006428	mol_006428	1
read_006429	mol_006429	1
read_006430	mol_006430	1
read_006431	mol_006431	1
read_006432	mol_006432	-1
read_006433	mol_006433	1
read_006434	mol_006434	1
read_006435	mol_006435	1
read_006436	mol_006436	-1
read_006437	mol_006437	-1
read_006438	mol_006438	-1
read_006439	mol_006439	1
read_006440	mol_006440	-1
read_006441	mol_006441	1
read_006442	mol_006442	-1
read_006443	mol_006443	1
read_006444	mol_006444	-1
read_006445	mol_006445	1
read_006446	mol_006446	-1
read_006447	mol_006447	-1
read_006448	mol_006448	1
read_006449	mol_006449	1
read_006450	mol_006450	1
read_006451	mol_006451	-1
read_006452	mol_006452	-1
read_006453	mol_006453	-1
read_006454	mol_006454	-1
read_006455	mol_006455	-1
read_006456	mol_006456	1
read_006457	mol_006457	-1
read_006458	mol_006458	1
read_006459	mol_006459	-1
read_006460	mol_006460	-1
read_006461	mol_006461	-1
read_006462	mol_006462	-1
read_006463	mol_006463	-1
read_006464	mol_006464	1
read_006465	mol_006465	-1
read_006466	mol_006466	-1
read_006467	mol_006467	-1
read_006468	mol_006468	1
read_006469	mol_006469	-1
read_006470	mol_006470	-1
read_006471	mol_006471	1
read_006472	mol_006472	1
read_006473	mol_006473	-1
read_006474	mol_006474	1
read_006475	mol_006475	-1
read_006476	mol_006476	1
read_006477	mol_006477	1
read_006478	mol_006478	1
read_006479	mol_006479	1
read_006480	mol_006480	1
read_006481	mol_006481	1
read_006482	mol_006482	1
read_006483	mol_006483	1
read_006484	mol_006484	1
read_006485	mol_006485	-1
read_006486	mol_006486	-1
read_006487	mol_006487	1
read_006488	mol_006488	-1
read_006489	mol_006489	1
read_006490	mol_006490	-1
read_006491	mol_006491	-1
read_006492	mol_006492	1
read_006493	mol_006493	1
read_006494	mol_006494	-1
read_006495	mol_006495	1
read_006496	mol_006496	-1
read_006497	mol_006497	-1
read_006498	mol_006498	1
read_006499	mol_006499	1
read_006500	mol_006500	1
read_006501	mol_006501	-1
read_006502	mol_006502	-1
read_006503	mol_006503	1
read_006504	mol_006504	1
read_006505	mol_006505	1
read_006506	mol_006506	1
read_006507	mol_006507	1
read_006508	mol_006508	-1
read_006509	mol_006509	-1
read_006510	mol_006510	1
read_006511	mol_006511	-1
read_006512	mol_006512	1
read_006513	mol_006513	1
read_006514	mol_006514	1
read_006515	mol_006515	1
read_006516	mol_006516	-1
read_006517	mol_006517	1
read_006518	mol_006518	1
read_006519	mol_006519	1
read_006520	mol_006520	1
read_006521	mol_006521	1
read_006522	mol_006522	1
read_006523	mol_006523	1
read_006524	mol_006524	-1
read_006525	mol_006525	-1
read_006526	mol_006526	-1
read_006527	mol_006527	-1
read_006528	mol_006528	1
read_006529	mol_006529	1
read_006530	mol_006530	-1
read_006531	mol_006531	-1
read_006532	mol_006532	1
read_006533	mol_006533	-1
read_006534	mol_006534	1
read_006535	mol_006535	1
read_006536	mol_006536	1
read_006537	mol_006537	-1
read_006538	mol_006538	1
read_006539	mol_006539	-1
read_006540	mol_006540	1
read_006541	mol_006541	1
read_006542	mol_006542	1
read_006543	mol_006543	-1
read_006544	mol_006544	1
read_006545	mol_006545	1
read_006546	mol_006546	1
read_006547	mol_006547	-1
read_006548	mol_006548	1
read_006549	mol_006549	1
read_006550	mol_006550	-1
read_006551	mol_006551	1
read_006552	mol_006552	-1
read_006553	mol_006553	-1
read_006554	mol_006554	1
read_006555	mol_006555	1
read_006556	mol_006556	1
read_006557	mol_006557	-1
read_006558	mol_006558	1
read_006559	mol_006559	1
read_006560	mol_006560	-1
read_006561	mol_006561	1
read_006562	mol_006562	-1
read_006563	mol_006563	-1
read_006564	mol_006564	1
read_006565	mol_006565	-1
read_006566	mol_006566	1
read_006567	mol_006567	-1
read_006568	mol_006568	-1
read_006569	mol_006569	-1
read_006570	mol_006570	-1
read_006571	mol_006571	-1
read_006572	mol_006572	1
read_006573	mol_006573	-1
read_006574	mol_006574	1
read_006575	mol_006575	-1
read_006576	mol_006576	1
read_006577	mol_006577	1
read_006578	mol_006578	1
read_006579	mol_006579	1
read_006580	mol_006580	1
read_006581	mol_006581	1
read_006582	mol_006582	1
read_006583	mol_006583	-1
read_006584	mol_006584	-1
read_006585	mol_006585	1
read_006586	mol_006586	1
read_006587	mol_006587	1
read_006588	mol_006588	1
read_006589	mol_006589	1
read_006590	mol_006590	-1
read_006591	mol_006591	-1
read_006592	mol_006592	1
read_006593	mol_006593	-1
read_006594	mol_006594	1
read_006595	mol_006595	-1
read_006596	mol_006596	1
read_006597	mol_006597	-1
read_006598	mol_006598	-1
read_006599	mol_006599	-1
read_006600	mol_006600	-1
read_006601	mol_006601	-1
read_006602	mol_006602	1
read_006603	mol_006603	1
read_006604	mol_006604	-1
read_006605	mol_006605	1
read_006606	mol_006606	1
read_006607	mol_006607	1
read_006608	mol_006608	1
read_006609	mol_006609	-1
read_006610	mol_006610	-1
read_006611	mol_006611	1
read_006612	mol_006612	-1
read_006613	mol_006613	1
read_006614	mol_006614	1
read_006615	mol_006615	-1
read_006616	mol_006616	-1
read_006617	mol_006617	1
read_006618	mol_006618	-1
read_006619	mol_006619	-1
read_006620	mol_006620	1
read_006621	mol_006621	1
read_006622	mol_006622	-1
read_006623	mol_006623	1
read_006624	mol_006624	-1
read_006625	mol_006625	1
read_006626	mol_006626	-1
read_006627	mol_006627	-1
read_006628	mol_006628	1
read_006629	mol_006629	-1
read_006630	mol_006630	-1
read_006631	mol_006631	1
read_006632	mol_006632	1
read_006633	mol_006633	-1
read_006634	mol_006634	1
read_006635	mol_006635	-1
read_006636	mol_006636	1
read_006637	mol_006637	-1
read_006638	mol_006638	-1
read_006639	mol_006639	-1
read_006640	mol_006640	1
read_006641	mol_006641	1
read_006642	mol_006642	-1
read_006643	mol_006643	-1
read_006644	mol_006644	-1
read_006645	mol_006645	1
read_006646	mol_006646	-1
read_006647	mol_006647	1
read_006648	mol_006648	1
read_006649	mol_006649	1
read_006650	mol_006650	-1
read_006651	mol_006651	-1
read_006652	mol_006652	-1
read_006653	mol_006653	-1
read_006654	mol_006654	-1
read_006655	mol_006655	-1
read_006656	mol_006656	-1
read_006657	mol_006657	-1
read_006658	mol_006658	-1
read_006659	mol_006659	-1
read_006660	mol_006660	-1
read_006661	mol_006661	1
read_006662	mol_006662	-1
read_006663	mol_006663	-1
read_006664	mol_006664	-1
read_006665	mol_006665	-1
read_006666	mol_006666	1
read_006667	mol_006667	1
read_006668	mol_006668	1
read_006669	mol_006669	1
read_006670	mol_006670	1
read_006671	mol_006671	1
read_006672	mol_006672	1
read_006673	mol_006673	-1
read_006674	mol_006674	1
read_006675	mol_006675	1
read_006676	mol_006676	1
read_006677	mol_006677	-1
read_006678	mol_006678	1
read_006679	mol_006679	1
read_006680	mol_006680	-1
read_006681	mol_006681	-1
read_006682	mol_006682	1
read_006683	mol_006683	-1
read_006684	mol_006684	1
read_006685	mol_006685	-1
read_006686	mol_006686	1
read_006687	mol_006687	-1
read_006688	mol_006688	-1
read_006689	mol_006689	-1
read_006690	mol_006690	1
read_006691	mol_006691	1
read_006692	mol_006692	-1
read_006693	mol_006693	1
read_006694	mol_006694	1
read_006695	mol_006695	-1
read_006696	mol_006696	-1
read_006697	mol_006697	1
read_006698	mol_006698	1
read_006699	mol_006699	-1
read_006700	mol_006700	1
read_006701	mol_006701	-1
read_006702	mol_006702	-1
read_006703	mol_006703	-1
read_006704	mol_006704	-1
read_006705	mol_006705	1
read_006706	mol_006706	-1
read_006707	mol_006707	-1
read_006708	mol_006708	1
read_006709	mol_006709	1
read_006710	mol_006710	-1
read_006711	mol_006711	1
read_006712	mol_006712	-1
read_006713	mol_006713	1
read_006714	mol_006714	1
read_006715	mol_006715	1
read_006716	mol_006716	1
read_006717	mol_006717	1
read_006718	mol_006718	-1
read_006719	mol_006719	1
read_006720	mol_006720	1
read_006721	mol_006721	-1
read_006722	mol_006722	1
read_006723	mol_006723	-1
read_006724	mol_006724	-1
read_006725	mol_006725	1
read_006726	mol_006726	-1
read_006727	mol_006727	1
read_006728	mol_006728	1
read_006729	mol_006729	-1
read_006730	mol_006730	1
read_006731	mol_006731	1
read_006732	mol_006732	1
read_006733	mol_006733	1
read_006734	mol_006734	-1
read_006735	mol_006735	1
read_006736	mol_006736	-1
read_006737	mol_006737	-1
read_006738	mol_006738	-1
read_006739	mol_006739	1
read_006740	mol_006740	1
read_006741	mol_006741	-1
read_006742	mol_006742	-1
read_006743	mol_006743	1
read_006744	mol_006744	1
read_006745	mol_006745	1
read_006746	mol_006746	-1
read_006747	mol_006747	1
read_006748	mol_006748	-1
read_006749	mol_006749	1
read_006750	mol_006750	-1
read_006751	mol_006751	1
read_006752	mol_006752	1
read_006753	mol_006753	-1
read_006754	mol_006754	-1
read_006755	mol_006755	-1
read_006756	mol_006756	1
read_006757	mol_006757	-1
read_006758	mol_006758	-1
read_006759	mol_006759	1
read_006760	mol_006760	1
read_006761	mol_006761	1
read_006762	mol_006762	-1
read_006763	mol_006763	-1
read_006764	mol_006764	1
read_006765	mol_006765	-1
read_006766	mol_006766	1
read_006767	mol_006767	1
read_006768	mol_006768	1
read_006769	mol_006769	1
read_006770	mol_006770	-1
read_006771	mol_006771	-1
read_006772	mol_006772	1
read_006773	mol_006773	-1
read_006774	mol_006774	1
read_006775	mol_006775	1
read_006776	mol_006776	-1
read_006777	mol_006777	-1
read_006778	mol_006778	-1
read_006779	mol_006779	-1
read_006780	mol_006780	1
read_006781	mol_006781	-1
read_006782	mol_006782	1
read_006783	mol_006783	-1
read_006784	mol_006784	-1
read_006785	mol_006785	1
read_006786	mol_006786	1
read_006787	mol_006787	-1
read_006788	mol_006788	-1
read_006789	mol_006789	-1
read_006790	mol_006790	-1
read_006791	mol_006791	-1
read_006792	mol_006792	-1
read_006793	mol_006793	1
read_006794	mol_006794	1
read_006795	mol_006795	-1
read_006796	mol_006796	-1
read_006797	mol_006797	-1
read_006798	mol_006798	1
read_006799	mol_006799	1
read_006800	mol_006800	1
read_006801	mol_006801	-1
read_006802	mol_006802	1
read_006803	mol_006803	1
read_006804	mol_006804	1
read_006805	mol_006805	1
read_006806	mol_006806	1
read_006807	mol_006807	-1
read_006808	mol_006808	1
read_006809	mol_006809	1
read_006810	mol_006810	-1
read_006811	mol_006811	-1
read_006812	mol_006812	1
read_006813	mol_006813	1
read_006814	mol_006814	1
read_006815	mol_006815	-1
read_006816	mol_006816	-1
read_006817	mol_006817	-1
read_006818	mol_006818	1
read_006819	mol_006819	1
read_006820	mol_006820	1
read_006821	mol_006821	1
read_006822	mol_006822	1
read_006823	mol_006823	-1
read_006824	mol_006824	1
read_006825	mol_006825	-1
read_006826	mol_006826	1
read_006827	mol_006827	1
read_006828	mol_006828	-1
read_006829	mol_006829	1
read_006830	mol_006830	-1
read_006831	mol_006831	1
read_006832	mol_006832	-1
read_006833	mol_006833	-1
read_006834	mol_006834	-1
read_006835	mol_006835	-1
read_006836	mol_006836	1
read_006837	mol_006837	-1
read_006838	mol_006838	1
read_006839	mol_006839	-1
read_006840	mol_006840	-1
read_006841	mol_006841	-1
read_006842	mol_006842	1
read_006843	mol_006843	-1
read_006844	mol_006844	1
read_006845	mol_006845	-1
read_006846	mol_006846	-1
read_006847	mol_006847	1
read_006848	mol_006848	-1
read_006849	mol_006849	1
read_006850	mol_006850	-1
read_006851	mol_006851	1
read_006852	mol_006852	-1
read_006853	mol_006853	-1
read_006854	mol_006854	-1
read_006855	mol_006855	1
read_006856	mol_006856	1
read_006857	mol_006857	-1
read_006858	mol_006858	-1
read_006859	mol_006859	1
read_006860	mol_006860	-1
read_006861	mol_006861	1
read_006862	mol_006862	1
read_006863	mol_006863	-1
read_006864	mol_006864	1
read_006865	mol_006865	-1
read_006866	mol_006866	-1
read_006867	mol_006867	-1
read_006868	mol_006868	-1
read_006869	mol_006869	-1
read_006870	mol_006870	1
read_006871	mol_006871	1
read_006872	mol_006872	1
read_006873	mol_006873	1
read_006874	mol_006874	-1
read_006875	mol_006875	-1
read_006876	mol_006876	1
read_006877	mol_006877	-1
read_006878	mol_006878	-1
read_006879	mol_006879	1
read_006880	mol_006880	1
read_006881	mol_006881	1
read_006882	mol_006882	1
read_006883	mol_006883	1
read_006884	mol_006884	-1
read_006885	mol_006885	-1
read_006886	mol_006886	1
read_006887	mol_006887	1
read_006888	mol_006888	1
read_006889	mol_006889	1
read_006890	mol_006890	1
read_006891	mol_006891	-1
read_006892	mol_006892	-1
read_006893	mol_006893	-1
read_006894	mol_006894	1
read_006895	mol_006895	-1
read_006896	mol_006896	1
read_006897	mol_006897	1
read_006898	mol_006898	-1
read_006899	mol_006899	-1
read_006900	mol_006900	1
read_006901	mol_006901	-1
read_006902	mol_006902	-1
read_006903	mol_006903	-1
read_006904	mol_006904	-1
read_006905	mol_006905	1
read_006906	mol_006906	-1
read_006907	mol_006907	1
read_006908	mol_006908	1
read_006909	mol_006909	1
read_006910	mol_006910	1
read_006911	mol_006911	1
read_006912	mol_006912	1
read_006913	mol_006913	1
read_006914	mol_006914	1
read_006915	mol_006915	1
read_006916	mol_006916	-1
read_006917	mol_006917	-1
read_006918	mol_006918	-1
read_006919	mol_006919	1
read_006920	mol_006920	-1
read_006921	mol_006921	-1
read_006922	mol_006922	1
read_006923	mol_006923	1
read_006924	mol_006924	1
read_006925	mol_006925	-1
read_006926	mol_006926	-1
read_006927	mol_006927	-1
read_006928	mol_006928	-1
read_006929	mol_006929	-1
read_006930	mol_006930	1
read_006931	mol_006931	1
read_006932	mol_006932	-1
read_006933	mol_006933	1
read_006934	mol_006934	-1
read_006935	mol_006935	-1
read_006936	mol_006936	-1
read_006937	mol_006937	1
read_006938	mol_006938	-1
read_006939	mol_006939	1
read_006940	mol_006940	1
read_006941	mol_006941	1
read_006942	mol_006942	1
read_006943	mol_006943	-1
read_006944	mol_006944	1
read_006945	mol_006945	1
read_006946	mol_006946	-1
read_006947	mol_006947	1
read_006948	mol_006948	-1
read_006949	mol_006949	1
read_006950	mol_006950	-1
read_006951	mol_006951	1
read_006952	mol_006952	1
read_006953	mol_006953	-1
read_006954	mol_006954	-1
read_006955	mol_006955	1
read_006956	mol_006956	-1
read_006957	mol_006957	-1
read_006958	mol_006958	-1
read_006959	mol_006959	-1
read_006960	mol_006960	1
read_006961	mol_006961	1
read_006962	mol_006962	1
read_006963	mol_006963	-1
read_006964	mol_006964	1
read_006965	mol_006965	1
read_006966	mol_006966	-1
read_006967	mol_006967	-1
read_006968	mol_006968	1
read_006969	mol_006969	1
read_006970	mol_006970	1
read_006971	mol_006971	1
read_006972	mol_006972	1
read_006973	mol_006973	-1
read_006974	mol_006974	-1
read_006975	mol_006975	-1
read_006976	mol_006976	1
read_006977	mol_006977	1
read_006978	mol_006978	-1
read_006979	mol_006979	1
read_006980	mol_006980	1
read_006981	mol_006981	1
read_006982	mol_006982	1
read_006983	mol_006983	-1
read_006984	mol_006984	-1
read_006985	mol_006985	-1
read_006986	mol_006986	-1
read_006987	mol_006987	1
read_006988	mol_006988	-1
read_006989	mol_006989	1
read_006990	mol_006990	1
read_006991	mol_006991	1
read_006992	mol_006992	1
read_006993	mol_006993	-1
read_006994	mol_006994	-1
read_006995	mol_006995	1
read_006996	mol_006996	1
read_006997	mol_006997	-1
read_006998	mol_006998	-1
read_006999	mol_006999	1
read_007000	mol_007000	-1
read_007001	mol_007001	1
read_007002	mol_007002	1
read_007003	mol_007003	1
read_007004	mol_007004	-1
read_007005	mol_007005	1
read_007006	mol_007006	-1
read_007007	mol_007007	1
read_007008	mol_007008	1
read_007009	mol_007009	1
read_007010	mol_007010	1
read_007011	mol_007011	1
read_007012	mol_007012	-1
read_007013	mol_007013	-1
read_007014	mol_007014	1
read_007015	mol_007015	-1
read_007016	mol_007016	1
read_007017	mol_007017	1
read_007018	mol_007018	-1
read_007019	mol_007019	1
read_007020	mol_007020	-1
read_007021	mol_007021	-1
read_007022	mol_007022	1
read_007023	mol_007023	1
read_007024	mol_007024	1
read_007025	mol_007025	1
read_007026	mol_007026	1
read_007027	mol_007027	1
read_007028	mol_007028	1
read_007029	mol_007029	-1
read_007030	mol_007030	1
read_007031	mol_007031	1
read_007032	mol_007032	1
read_007033	mol_007033	-1
read_007034	mol_007034	-1
read_007035	mol_007035	1
read_007036	mol_007036	1
read_007037	mol_007037	1
read_007038	mol_007038	1
read_007039	mol_007039	-1
read_007040	mol_007040	1
read_007041	mol_007041	1
read_007042	mol_007042	1
read_007043	mol_007043	-1
read_007044	mol_007044	-1
read_007045	mol_007045	-1
read_007046	mol_007046	1
read_007047	mol_007047	-1
read_007048	mol_007048	1
read_007049	mol_007049	-1
read_007050	mol_007050	1
read_007051	mol_007051	1
read_007052	mol_007052	1
read_007053	mol_007053	-1
read_007054	mol_007054	1
read_007055	mol_007055	1
read_007056	mol_007056	-1
read_007057	mol_007057	-1
read_007058	mol_007058	1
read_007059	mol_007059	1
read_007060	mol_007060	-1
read_007061	mol_007061	1
read_007062	mol_007062	-1
read_007063	mol_007063	-1
read_007064	mol_007064	1
read_007065	mol_007065	-1
read_007066	mol_007066	1
read_007067	mol_007067	-1
read_007068	mol_007068	-1
read_007069	mol_007069	1
read_007070	mol_007070	-1
read_007071	mol_007071	-1
read_007072	mol_007072	1
read_007073	mol_007073	1
read_007074	mol_007074	-1
read_007075	mol_007075	1
read_007076	mol_007076	1
read_007077	mol_007077	-1
read_007078	mol_007078	1
read_007079	mol_007079	1
read_007080	mol_007080	-1
read_007081	mol_007081	1
read_007082	mol_007082	-1
read_007083	mol_007083	1
read_007084	mol_007084	1
read_007085	mol_007085	1
read_007086	mol_007086	1
read_007087	mol_007087	-1
read_007088	mol_007088	1
read_007089	mol_007089	1
read_007090	mol_007090	-1
read_007091	mol_007091	1
read_007092	mol_007092	-1
read_007093	mol_007093	-1
read_007094	mol_007094	-1
read_007095	mol_007095	-1
read_007096	mol_007096	-1
read_007097	mol_007097	1
read_007098	mol_007098	-1
read_007099	mol_007099	-1
read_007100	mol_007100	-1
read_007101	mol_007101	-1
read_007102	mol_007102	-1
read_007103	mol_007103	-1
read_007104	mol_007104	1
read_007105	mol_007105	-1
read_007106	mol_007106	-1
read_007107	mol_007107	-1
read_007108	mol_007108	1
read_007109	mol_007109	-1
read_007110	mol_007110	-1
read_007111	mol_007111	1
read_007112	mol_007112	-1
read_007113	mol_007113	-1
read_007114	mol_007114	1
read_007115	mol_007115	-1
read_007116	mol_007116	-1
read_007117	mol_007117	1
read_007118	mol_007118	1
read_007119	mol_007119	1
read_007120	mol_007120	-1
read_007121	mol_007121	-1
read_007122	mol_007122	-1
read_007123	mol_007123	1
read_007124	mol_007124	-1
read_007125	mol_007125	-1
read_007126	mol_007126	-1
read_007127	mol_007127	1
read_007128	mol_007128	1
read_007129	mol_007129	1
read_007130	mol_007130	1
read_007131	mol_007131	-1
read_007132	mol_007132	-1
read_007133	mol_007133	-1
read_007134	mol_007134	1
read_007135	mol_007135	1
read_007136	mol_007136	-1
read_007137	mol_007137	-1
read_007138	mol_007138	-1
read_007139	mol_007139	1
read_007140	mol_007140	1
read_007141	mol_007141	-1
read_007142	mol_007142	-1
read_007143	mol_007143	1
read_007144	mol_007144	1
read_007145	mol_007145	1
read_007146	mol_007146	1
read_007147	mol_007147	-1
read_007148	mol_007148	1
read_007149	mol_007149	-1
read_007150	mol_007150	-1
read_007151	mol_007151	1
read_007152	mol_007152	1
read_007153	mol_007153	1
read_007154	mol_007154	1
read_007155	mol_007155	1
read_007156	mol_007156	1
read_007157	mol_007157	-1
read_007158	mol_007158	1
read_007159	mol_007159	1
read_007160	mol_007160	1
read_007161	mol_007161	-1
read_007162	mol_007162	1
read_007163	mol_007163	-1
read_007164	mol_007164	-1
read_007165	mol_007165	1
read_007166	mol_007166	1
read_007167	mol_007167	-1
read_007168	mol_007168	1
read_007169	mol_007169	-1
read_007170	mol_007170	1
read_007171	mol_007171	1
read_007172	mol_007172	1
read_007173	mol_007173	1
read_007174	mol_007174	1
read_007175	mol_007175	1
read_007176	mol_007176	1
read_007177	mol_007177	-1
read_007178	mol_007178	-1
read_007179	mol_007179	-1
read_007180	mol_007180	1
read_007181	mol_007181	-1
read_007182	mol_007182	-1
read_007183	mol_007183	-1
read_007184	mol_007184	1
read_007185	mol_007185	-1
read_007186	mol_007186	-1
read_007187	mol_007187	1
read_007188	mol_007188	-1
read_007189	mol_007189	-1
read_007190	mol_007190	1
read_007191	mol_007191	1
read_007192	mol_007192	-1
read_007193	mol_007193	1
read_007194	mol_007194	1
read_007195	mol_007195	1
read_007196	mol_007196	-1
read_007197	mol_007197	-1
read_007198	mol_007198	1
read_007199	mol_007199	1
read_007200	mol_007200	-1
read_007201	mol_007201	1
read_007202	mol_007202	1
read_007203	mol_007203	-1
read_007204	mol_007204	1
read_007205	mol_007205	1
read_007206	mol_007206	1
read_007207	mol_007207	1
read_007208	mol_007208	-1
read_007209	mol_007209	-1
read_007210	mol_007210	-1
read_007211	mol_007211	1
read_007212	mol_007212	1
read_007213	mol_007213	1
read_007214	mol_007214	1
read_007215	mol_007215	-1
read_007216	mol_007216	1
read_007217	mol_007217	1
read_007218	mol_007218	1
read_007219	mol_007219	-1
read_007220	mol_007220	-1
read_007221	mol_007221	1
read_007222	mol_007222	1
read_007223	mol_007223	1
read_007224	mol_007224	1
read_007225	mol_007225	1
read_007226	mol_007226	1
read_007227	mol_007227	1
read_007228	mol_007228	-1
read_007229	mol_007229	1
read_007230	mol_007230	1
read_007231	mol_007231	1
read_007232	mol_007232	1
read_007233	mol_007233	1
read_007234	mol_007234	-1
read_007235	mol_007235	-1
read_007236	mol_007236	1
read_007237	mol_007237	-1
read_007238	mol_007238	1
read_007239	mol_007239	1
read_007240	mol_007240	-1
read_007241	mol_007241	1
read_007242	mol_007242	-1
read_007243	mol_007243	-1
read_007244	mol_007244	-1
read_007245	mol_007245	-1
read_007246	mol_007246	1
read_007247	mol_007247	1
read_007248	mol_007248	-1
read_007249	mol_007249	-1
read_007250	mol_007250	-1
read_007251	mol_007251	-1
read_007252	mol_007252	1
read_007253	mol_007253	1
read_007254	mol_007254	1
read_007255	mol_007255	-1
read_007256	mol_007256	-1
read_007257	mol_007257	-1
read_007258	mol_007258	1
read_007259	mol_007259	-1
read_007260	mol_007260	-1
read_007261	mol_007261	-1
read_007262	mol_007262	1
read_007263	mol_007263	-1
read_007264	mol_007264	-1
read_007265	mol_007265	-1
read_007266	mol_007266	1
read_007267	mol_007267	1
read_007268	mol_007268	-1
read_007269	mol_007269	-1
read_007270	mol_007270	-1
read_007271	mol_007271	1
read_007272	mol_007272	1
read_007273	mol_007273	-1
read_007274	mol_007274	-1
read_007275	mol_007275	-1
read_007276	mol_007276	-1
read_007277	mol_007277	1
read_007278	mol_007278	1
read_007279	mol_007279	1
read_007280	mol_007280	1
read_007281	mol_007281	1
read_007282	mol_007282	1
read_007283	mol_007283	1
read_007284	mol_007284	1
read_007285	mol_007285	-1
read_007286	mol_007286	-1
read_007287	mol_007287	-1
read_007288	mol_007288	1
read_007289	mol_007289	-1
read_007290	mol_007290	-1
read_007291	mol_007291	-1
read_007292	mol_007292	-1
read_007293	mol_007293	1
read_007294	mol_007294	1
read_007295	mol_007295	-1
read_007296	mol_007296	1
read_007297	mol_007297	1
read_007298	mol_007298	-1
read_007299	mol_007299	1
read_007300	mol_007300	-1
read_007301	mol_007301	1
read_007302	mol_007302	1
read_007303	mol_007303	-1
read_007304	mol_007304	1
read_007305	mol_007305	-1
read_007306	mol_007306	1
read_007307	mol_007307	1
read_007308	mol_007308	-1
read_007309	mol_007309	-1
read_007310	mol_007310	1
read_007311	mol_007311	-1
read_007312	mol_007312	-1
read_007313	mol_007313	-1
read_007314	mol_007314	-1
read_007315	mol_007315	-1
read_007316	mol_007316	1
read_007317	mol_007317	-1
read_007318	mol_007318	1
read_007319	mol_007319	1
read_007320	mol_007320	-1
read_007321	mol_007321	1
read_007322	mol_007322	-1
read_007323	mol_007323	1
read_007324	mol_007324	-1
read_007325	mol_007325	-1
read_007326	mol_007326	1
read_007327	mol_007327	1
read_007328	mol_007328	1
read_007329	mol_007329	-1
read_007330	mol_007330	-1
read_007331	mol_007331	1
read_007332	mol_007332	-1
read_007333	mol_007333	1
read_007334	mol_007334	-1
read_007335	mol_007335	-1
read_007336	mol_007336	1
read_007337	mol_007337	-1
read_007338	mol_007338	-1
read_007339	mol_007339	1
read_007340	mol_007340	1
read_007341	mol_007341	1
read_007342	mol_007342	-1
read_007343	mol_007343	1
read_007344	mol_007344	-1
read_007345	mol_007345	-1
read_007346	mol_007346	1
read_007347	mol_007347	1
read_007348	mol_007348	-1
read_007349	mol_007349	1
read_007350	mol_007350	-1
read_007351	mol_007351	1
read_007352	mol_007352	1
read_007353	mol_007353	-1
read_007354	mol_007354	1
read_007355	mol_007355	-1
read_007356	mol_007356	1
read_007357	mol_007357	-1
read_007358	mol_007358	-1
read_007359	mol_007359	1
read_007360	mol_007360	1
read_007361	mol_007361	1
read_007362	mol_007362	1
read_007363	mol_007363	-1
read_007364	mol_007364	1
read_007365	mol_007365	1
read_007366	mol_007366	-1
read_007367	mol_007367	1
read_007368	mol_007368	-1
read_007369	mol_007369	1
read_007370	mol_007370	1
read_007371	mol_007371	-1
read_007372	mol_007372	1
read_007373	mol_007373	1
read_007374	mol_007374	-1
read_007375	mol_007375	-1
read_007376	mol_007376	-1
read_007377	mol_007377	-1
read_007378	mol_007378	-1
read_007379	mol_007379	1
read_007380	mol_007380	-1
read_007381	mol_007381	1
read_007382	mol_007382	-1
read_007383	mol_007383	1
read_007384	mol_007384	-1
read_007385	mol_007385	-1
read_007386	mol_007386	-1
read_007387	mol_007387	1
read_007388	mol_007388	1
read_007389	mol_007389	1
read_007390	mol_007390	-1
read_007391	mol_007391	1
read_007392	mol_007392	-1
read_007393	mol_007393	1
read_007394	mol_007394	1
read_007395	mol_007395	1
read_007396	mol_007396	-1
read_007397	mol_007397	1
read_007398	mol_007398	1
read_007399	mol_007399	1
read_007400	mol_007400	1
read_007401	mol_007401	-1
read_007402	mol_007402	1
read_007403	mol_007403	1
read_007404	mol_007404	-1
read_007405	mol_007405	-1
read_007406	mol_007406	-1
read_007407	mol_007407	-1
read_007408	mol_007408	1
read_007409	mol_007409	-1
read_007410	mol_007410	1
read_007411	mol_007411	-1
read_007412	mol_007412	1
read_007413	mol_007413	-1
read_007414	mol_007414	1
read_007415	mol_007415	-1
read_007416	mol_007416	1
read_007417	mol_007417	-1
read_007418	mol_007418	1
read_007419	mol_007419	-1
read_007420	mol_007420	-1
read_007421	mol_007421	1
read_007422	mol_007422	-1
read_007423	mol_007423	-1
read_007424	mol_007424	-1
read_007425	mol_007425	1
read_007426	mol_007426	-1
read_007427	mol_007427	-1
read_007428	mol_007428	-1
read_007429	mol_007429	-1
read_007430	mol_007430	1
read_007431	mol_007431	1
read_007432	mol_007432	-1
read_007433	mol_007433	1
read_007434	mol_007434	-1
read_007435	mol_007435	1
read_007436	mol_007436	1
read_007437	mol_007437	-1
read_007438	mol_007438	-1
read_007439	mol_007439	1
read_007440	mol_007440	-1
read_007441	mol_007441	1
read_007442	mol_007442	1
read_007443	mol_007443	-1
read_007444	mol_007444	-1
read_007445	mol_007445	-1
read_007446	mol_007446	1
read_007447	mol_007447	-1
read_007448	mol_007448	-1
read_007449	mol_007449	1
read_007450	mol_007450	-1
read_007451	mol_007451	-1
read_007452	mol_007452	1
read_007453	mol_007453	1
read_007454	mol_007454	-1
read_007455	mol_007455	-1
read_007456	mol_007456	-1
read_007457	mol_007457	1
read_007458	mol_007458	1
read_007459	mol_007459	1
read_007460	mol_007460	-1
read_007461	mol_007461	-1
read_007462	mol_007462	1
read_007463	mol_007463	-1
read_007464	mol_007464	-1
read_007465	mol_007465	-1
read_007466	mol_007466	-1
read_007467	mol_007467	-1
read_007468	mol_007468	-1
read_007469	mol_007469	1
read_007470	mol_007470	-1
read_007471	mol_007471	-1
read_007472	mol_007472	-1
read_007473	mol_007473	1
read_007474	mol_007474	1
read_007475	mol_007475	-1
read_007476	mol_007476	-1
read_007477	mol_007477	-1
read_007478	mol_007478	-1
read_007479	mol_007479	-1
read_007480	mol_007480	1
read_007481	mol_007481	-1
read_007482	mol_007482	1
read_007483	mol_007483	1
read_007484	mol_007484	-1
read_007485	mol_007485	1
read_007486	mol_007486	1
read_007487	mol_007487	-1
read_007488	mol_007488	-1
read_007489	mol_007489	-1
read_007490	mol_007490	1
read_007491	mol_007491	-1
read_007492	mol_007492	1
read_007493	mol_007493	1
read_007494	mol_007494	-1
read_007495	mol_007495	-1
read_007496	mol_007496	1
read_007497	mol_007497	-1
read_007498	mol_007498	1
read_007499	mol_007499	-1
read_007500	mol_007500	-1
read_007501	mol_007501	1
read_007502	mol_007502	-1
read_007503	mol_007503	-1
read_007504	mol_007504	-1
read_007505	mol_007505	1
read_007506	mol_007506	-1
read_007507	mol_007507	1
read_007508	mol_007508	-1
read_007509	mol_007509	-1
read_007510	mol_007510	-1
read_007511	mol_007511	1
read_007512	mol_007512	-1
read_007513	mol_007513	1
read_007514	mol_007514	1
read_007515	mol_007515	1
read_007516	mol_007516	-1
read_007517	mol_007517	-1
read_007518	mol_007518	-1
read_007519	mol_007519	-1
read_007520	mol_007520	-1
read_007521	mol_007521	1
read_007522	mol_007522	-1
read_007523	mol_007523	1
read_007524	mol_007524	1
read_007525	mol_007525	-1
read_007526	mol_007526	-1
read_007527	mol_007527	1
read_007528	mol_007528	1
read_007529	mol_007529	1
read_007530	mol_007530	-1
read_007531	mol_007531	-1
read_007532	mol_007532	1
read_007533	mol_007533	-1
read_007534	mol_007534	1
read_007535	mol_007535	-1
read_007536	mol_007536	-1
read_007537	mol_007537	1
read_007538	mol_007538	1
read_007539	mol_007539	1
read_007540	mol_007540	-1
read_007541	mol_007541	1
read_007542	mol_007542	-1
read_007543	mol_007543	1
read_007544	mol_007544	1
read_007545	mol_007545	-1
read_007546	mol_007546	-1
read_007547	mol_007547	-1
read_007548	mol_007548	-1
read_007549	mol_007549	1
read_007550	mol_007550	1
read_007551	mol_007551	-1
read_007552	mol_007552	-1
read_007553	mol_007553	-1
read_007554	mol_007554	-1
read_007555	mol_007555	-1
read_007556	mol_007556	1
read_007557	mol_007557	-1
read_007558	mol_007558	1
read_007559	mol_007559	-1
read_007560	mol_007560	-1
read_007561	mol_007561	1
read_007562	mol_007562	-1
read_007563	mol_007563	-1
read_007564	mol_007564	1
read_007565	mol_007565	-1
read_007566	mol_007566	-1
read_007567	mol_007567	1
read_007568	mol_007568	-1
read_007569	mol_007569	-1
read_007570	mol_007570	1
read_007571	mol_007571	1
read_007572	mol_007572	-1
read_007573	mol_007573	1
read_007574	mol_007574	1
read_007575	mol_007575	1
read_007576	mol_007576	1
read_007577	mol_007577	-1
read_007578	mol_007578	-1
read_007579	mol_007579	-1
read_007580	mol_007580	-1
read_007581	mol_007581	-1
read_007582	mol_007582	1
read_007583	mol_007583	-1
read_007584	mol_007584	-1
read_007585	mol_007585	1
read_007586	mol_007586	1
read_007587	mol_007587	1
read_007588	mol_007588	1
read_007589	mol_007589	1
read_007590	mol_007590	1
read_007591	mol_007591	1
read_007592	mol_007592	-1
read_007593	mol_007593	1
read_007594	mol_007594	-1
read_007595	mol_007595	-1
read_007596	mol_007596	1
read_007597	mol_007597	1
read_007598	mol_007598	-1
read_007599	mol_007599	1
read_007600	mol_007600	-1
read_007601	mol_007601	-1
read_007602	mol_007602	1
read_007603	mol_007603	1
read_007604	mol_007604	1
read_007605	mol_007605	-1
read_007606	mol_007606	1
read_007607	mol_007607	-1
read_007608	mol_007608	-1
read_007609	mol_007609	1
read_007610	mol_007610	-1
read_007611	mol_007611	-1
read_007612	mol_007612	-1
read_007613	mol_007613	1
read_007614	mol_007614	1
read_007615	mol_007615	-1
read_007616	mol_007616	1
read_007617	mol_007617	-1
read_007618	mol_007618	1
read_007619	mol_007619	-1
read_007620	mol_007620	-1
read_007621	mol_007621	1
read_007622	mol_007622	-1
read_007623	mol_007623	1
read_007624	mol_007624	-1
read_007625	mol_007625	-1
read_007626	mol_007626	-1
read_007627	mol_007627	1
read_007628	mol_007628	1
read_007629	mol_007629	-1
read_007630	mol_007630	-1
read_007631	mol_007631	-1
read_007632	mol_007632	-1
read_007633	mol_007633	1
read_007634	mol_007634	-1
read_007635	mol_007635	1
read_007636	mol_007636	1
read_007637	mol_007637	1
read_007638	mol_007638	1
read_007639	mol_007639	1
read_007640	mol_007640	1
read_007641	mol_007641	-1
read_007642	mol_007642	-1
read_007643	mol_007643	-1
read_007644	mol_007644	-1
read_007645	mol_007645	-1
read_007646	mol_007646	1
read_007647	mol_007647	-1
read_007648	mol_007648	-1
read_007649	mol_007649	1
read_007650	mol_007650	1
read_007651	mol_007651	-1
read_007652	mol_007652	-1
read_007653	mol_007653	1
read_007654	mol_007654	-1
read_007655	mol_007655	-1
read_007656	mol_007656	1
read_007657	mol_007657	-1
read_007658	mol_007658	1
read_007659	mol_007659	-1
read_007660	mol_007660	-1
read_007661	mol_007661	1
read_007662	mol_007662	1
read_007663	mol_007663	1
read_007664	mol_007664	1
read_007665	mol_007665	1
read_007666	mol_007666	1
read_007667	mol_007667	1
read_007668	mol_007668	-1
read_007669	mol_007669	1
read_007670	mol_007670	1
read_007671	mol_007671	1
read_007672	mol_007672	1
read_007673	mol_007673	-1
read_007674	mol_007674	1
read_007675	mol_007675	-1
read_007676	mol_007676	-1
read_007677	mol_007677	1
read_007678	mol_007678	-1
read_007679	mol_007679	1
read_007680	mol_007680	1
read_007681	mol_007681	-1
read_007682	mol_007682	-1
read_007683	mol_007683	-1
read_007684	mol_007684	1
read_007685	mol_007685	1
read_007686	mol_007686	1
read_007687	mol_007687	-1
read_007688	mol_007688	-1
read_007689	mol_007689	-1
read_007690	mol_007690	1
read_007691	mol_007691	-1
read_007692	mol_007692	-1
read_007693	mol_007693	-1
read_007694	mol_007694	-1
read_007695	mol_007695	-1
read_007696	mol_007696	-1
read_007697	mol_007697	1
read_007698	mol_007698	1
read_007699	mol_007699	1
read_007700	mol_007700	-1
read_007701	mol_007701	1
read_007702	mol_007702	-1
read_007703	mol_007703	-1
read_007704	mol_007704	-1
read_007705	mol_007705	-1
read_007706	mol_007706	-1
read_007707	mol_007707	1
read_007708	mol_007708	-1
read_007709	mol_007709	1
read_007710	mol_007710	-1
read_007711	mol_007711	1
read_007712	mol_007712	-1
read_007713	mol_007713	1
read_007714	mol_007714	1
read_007715	mol_007715	-1
read_007716	mol_007716	1
read_007717	mol_007717	-1
read_007718	mol_007718	1
read_007719	mol_007719	-1
read_007720	mol_007720	-1
read_007721	mol_007721	-1
read_007722	mol_007722	1
read_007723	mol_007723	1
read_007724	mol_007724	-1
read_007725	mol_007725	1
read_007726	mol_007726	-1
read_007727	mol_007727	1
read_007728	mol_007728	1
read_007729	mol_007729	-1
read_007730	mol_007730	-1
read_007731	mol_007731	-1
read_007732	mol_007732	-1
read_007733	mol_007733	1
read_007734	mol_007734	1
read_007735	mol_007735	1
read_007736	mol_007736	-1
read_007737	mol_007737	1
read_007738	mol_007738	-1
read_007739	mol_007739	-1
read_007740	mol_007740	1
read_007741	mol_007741	1
read_007742	mol_007742	-1
read_007743	mol_007743	-1
read_007744	mol_007744	-1
read_007745	mol_007745	1
read_007746	mol_007746	-1
read_007747	mol_007747	-1
read_007748	mol_007748	1
read_007749	mol_007749	1
read_007750	mol_007750	1
read_007751	mol_007751	1
read_007752	mol_007752	-1
read_007753	mol_007753	1
read_007754	mol_007754	-1
read_007755	mol_007755	1
read_007756	mol_007756	-1
read_007757	mol_007757	-1
read_007758	mol_007758	-1
read_007759	mol_007759	1
read_007760	mol_007760	1
read_007761	mol_007761	1
read_007762	mol_007762	-1
read_007763	mol_007763	-1
read_007764	mol_007764	-1
read_007765	mol_007765	1
read_007766	mol_007766	-1
read_007767	mol_007767	1
read_007768	mol_007768	-1
read_007769	mol_007769	-1
read_007770	mol_007770	1
read_007771	mol_007771	1
read_007772	mol_007772	-1
read_007773	mol_007773	1
read_007774	mol_007774	1
read_007775	mol_007775	1
read_007776	mol_007776	1
read_007777	mol_007777	-1
read_007778	mol_007778	-1
read_007779	mol_007779	1
read_007780	mol_007780	1
read_007781	mol_007781	1
read_007782	mol_007782	-1
read_007783	mol_007783	-1
read_007784	mol_007784	1
read_007785	mol_007785	-1
read_007786	mol_007786	-1
read_007787	mol_007787	-1
read_007788	mol_007788	1
read_007789	mol_007789	1
read_007790	mol_007790	-1
read_007791	mol_007791	-1
read_007792	mol_007792	1
read_007793	mol_007793	-1
read_007794	mol_007794	1
read_007795	mol_007795	1
read_007796	mol_007796	1
read_007797	mol_007797	-1
read_007798	mol_007798	-1
read_007799	mol_007799	-1
read_007800	mol_007800	1
read_007801	mol_007801	1
read_007802	mol_007802	-1
read_007803	mol_007803	1
read_007804	mol_007804	-1
read_007805	mol_007805	1
read_007806	mol_007806	-1
read_007807	mol_007807	-1
read_007808	mol_007808	-1
read_007809	mol_007809	1
read_007810	mol_007810	1
read_007811	mol_007811	-1
read_007812	mol_007812	-1
read_007813	mol_007813	1
read_007814	mol_007814	1
read_007815	mol_007815	1
read_007816	mol_007816	-1
read_007817	mol_007817	-1
read_007818	mol_007818	-1
read_007819	mol_007819	1
read_007820	mol_007820	-1
read_007821	mol_007821	1
read_007822	mol_007822	1
read_007823	mol_007823	1
read_007824	mol_007824	-1
read_007825	mol_007825	-1
read_007826	mol_007826	1
read_007827	mol_007827	-1
read_007828	mol_007828	1
read_007829	mol_007829	-1
read_007830	mol_007830	1
read_007831	mol_007831	-1
read_007832	mol_007832	-1
read_007833	mol_007833	-1
read_007834	mol_007834	-1
read_007835	mol_007835	-1
read_007836	mol_007836	-1
read_007837	mol_007837	-1
read_007838	mol_007838	1
read_007839	mol_007839	1
read_007840	mol_007840	-1
read_007841	mol_007841	-1
read_007842	mol_007842	-1
read_007843	mol_007843	1
read_007844	mol_007844	1
read_007845	mol_007845	-1
read_007846	mol_007846	1
read_007847	mol_007847	1
read_007848	mol_007848	-1
read_007849	mol_007849	-1
read_007850	mol_007850	1
read_007851	mol_007851	-1
read_007852	mol_007852	-1
read_007853	mol_007853	-1
read_007854	mol_007854	-1
read_007855	mol_007855	-1
read_007856	mol_007856	1
read_007857	mol_007857	1
read_007858	mol_007858	-1
read_007859	mol_007859	1
read_007860	mol_007860	-1
read_007861	mol_007861	1
read_007862	mol_007862	-1
read_007863	mol_007863	-1
read_007864	mol_007864	-1
read_007865	mol_007865	1
read_007866	mol_007866	-1
read_007867	mol_007867	1
read_007868	mol_007868	-1
read_007869	mol_007869	-1
read_007870	mol_007870	1
read_007871	mol_007871	-1
read_007872	mol_007872	1
read_007873	mol_007873	1
read_007874	mol_007874	1
read_007875	mol_007875	1
read_007876	mol_007876	-1
read_007877	mol_007877	1
read_007878	mol_007878	-1
read_007879	mol_007879	1
read_007880	mol_007880	1
read_007881	mol_007881	-1
read_007882	mol_007882	1
read_007883	mol_007883	-1
read_007884	mol_007884	-1
read_007885	mol_007885	1
read_007886	mol_007886	1
read_007887	mol_007887	-1
read_007888	mol_007888	1
read_007889	mol_007889	-1
read_007890	mol_007890	-1
read_007891	mol_007891	1
read_007892	mol_007892	-1
read_007893	mol_007893	1
read_007894	mol_007894	1
read_007895	mol_007895	1
read_007896	mol_007896	1
read_007897	mol_007897	-1
read_007898	mol_007898	-1
read_007899	mol_007899	-1
read_007900	mol_007900	1
read_007901	mol_007901	1
read_007902	mol_007902	-1
read_007903	mol_007903	1
read_007904	mol_007904	1
read_007905	mol_007905	1
read_007906	mol_007906	1
read_007907	mol_007907	1
read_007908	mol_007908	1
read_007909	mol_007909	-1
read_007910	mol_007910	-1
read_007911	mol_007911	1
read_007912	mol_007912	1
read_007913	mol_007913	1
read_007914	mol_007914	-1
read_007915	mol_007915	1
read_007916	mol_007916	-1
read_007917	mol_007917	-1
read_007918	mol_007918	-1
read_007919	mol_007919	1
read_007920	mol_007920	-1
read_007921	mol_007921	1
read_007922	mol_007922	-1
read_007923	mol_007923	-1
read_007924	mol_007924	1
read_007925	mol_007925	-1
read_007926	mol_007926	1
read_007927	mol_007927	-1
read_007928	mol_007928	1
read_007929	mol_007929	-1
read_007930	mol_007930	-1
read_007931	mol_007931	1
read_007932	mol_007932	-1
read_007933	mol_007933	-1
read_007934	mol_007934	1
read_007935	mol_007935	1
read_007936	mol_007936	1
read_007937	mol_007937	1
read_007938	mol_007938	1
read_007939	mol_007939	-1
read_007940	mol_007940	1
read_007941	mol_007941	1
read_007942	mol_007942	-1
read_007943	mol_007943	-1
read_007944	mol_007944	-1
read_007945	mol_007945	1
read_007946	mol_007946	-1
read_007947	mol_007947	1
read_007948	mol_007948	1
read_007949	mol_007949	-1
read_007950	mol_007950	1
read_007951	mol_007951	1
read_007952	mol_007952	1
read_007953	mol_007953	1
read_007954	mol_007954	-1
read_007955	mol_007955	-1
read_007956	mol_007956	-1
read_007957	mol_007957	1
read_007958	mol_007958	-1
read_007959	mol_007959	-1
read_007960	mol_007960	1
read_007961	mol_007961	1
read_007962	mol_007962	1
read_007963	mol_007963	-1
read_007964	mol_007964	1
read_007965	mol_007965	-1
read_007966	mol_007966	-1
read_007967	mol_007967	-1
read_007968	mol_007968	1
read_007969	mol_007969	1
read_007970	mol_007970	1
read_007971	mol_007971	1
read_007972	mol_007972	-1
read_007973	mol_007973	-1
read_007974	mol_007974	1
read_007975	mol_007975	-1
read_007976	mol_007976	-1
read_007977	mol_007977	-1
read_007978	mol_007978	1
read_007979	mol_007979	1
read_007980	mol_007980	-1
read_007981	mol_007981	-1
read_007982	mol_007982	-1
read_007983	mol_007983	1
read_007984	mol_007984	-1
read_007985	mol_007985	1
read_007986	mol_007986	-1
read_007987	mol_007987	1
read_007988	mol_007988	1
read_007989	mol_007989	1
read_007990	mol_007990	-1
read_007991	mol_007991	-1
read_007992	mol_007992	-1
read_007993	mol_007993	-1
read_007994	mol_007994	1
read_007995	mol_007995	-1
read_007996	mol_007996	-1
read_007997	mol_007997	1
read_007998	mol_007998	-1
read_007999	mol_007999	1
read_008000	mol_008000	1
read_008001	mol_008001	1
read_008002	mol_008002	-1
read_008003	mol_008003	1
read_008004	mol_008004	-1
read_008005	mol_008005	1
read_008006	mol_008006	-1
read_008007	mol_008007	1
read_008008	mol_008008	-1
read_008009	mol_008009	1
read_008010	mol_008010	-1
read_008011	mol_008011	1
read_008012	mol_008012	1
read_008013	mol_008013	1
read_008014	mol_008014	-1
read_008015	mol_008015	1
read_008016	mol_008016	1
read_008017	mol_008017	-1
read_008018	mol_008018	1
read_008019	mol_008019	-1
read_008020	mol_008020	1
read_008021	mol_008021	-1
read_008022	mol_008022	-1
read_008023	mol_008023	-1
read_008024	mol_008024	1
read_008025	mol_008025	1
read_008026	mol_008026	-1
read_008027	mol_008027	-1
read_008028	mol_008028	1
read_008029	mol_008029	-1
read_008030	mol_008030	1
read_008031	mol_008031	1
read_008032	mol_008032	1
read_008033	mol_008033	-1
read_008034	mol_008034	-1
read_008035	mol_008035	1
read_008036	mol_008036	-1
read_008037	mol_008037	-1
read_008038	mol_008038	-1
read_008039	mol_008039	1
read_008040	mol_008040	-1
read_008041	mol_008041	-1
read_008042	mol_008042	-1
read_008043	mol_008043	1
read_008044	mol_008044	1
read_008045	mol_008045	-1
read_008046	mol_008046	1
read_008047	mol_008047	1
read_008048	mol_008048	1
read_008049	mol_008049	1
read_008050	mol_008050	-1
read_008051	mol_008051	-1
read_008052	mol_008052	-1
read_008053	mol_008053	-1
read_008054	mol_008054	1
read_008055	mol_008055	-1
read_008056	mol_008056	-1
read_008057	mol_008057	-1
read_008058	mol_008058	1
read_008059	mol_008059	-1
read_008060	mol_008060	1
read_008061	mol_008061	-1
read_008062	mol_008062	1
read_008063	mol_008063	-1
read_008064	mol_008064	-1
read_008065	mol_008065	1
read_008066	mol_008066	-1
read_008067	mol_008067	1
read_008068	mol_008068	-1
read_008069	mol_008069	1
read_008070	mol_008070	1
read_008071	mol_008071	-1
read_008072	mol_008072	1
read_008073	mol_008073	1
read_008074	mol_008074	-1
read_008075	mol_008075	1
read_008076	mol_008076	1
read_008077	mol_008077	1
read_008078	mol_008078	-1
read_008079	mol_008079	1
read_008080	mol_008080	-1
read_008081	mol_008081	1
read_008082	mol_008082	-1
read_008083	mol_008083	-1
read_008084	mol_008084	1
read_008085	mol_008085	-1
read_008086	mol_008086	-1
read_008087	mol_008087	1
read_008088	mol_008088	1
read_008089	mol_008089	1
read_008090	mol_008090	1
read_008091	mol_008091	-1
read_008092	mol_008092	1
read_008093	mol_008093	-1
read_008094	mol_008094	1
read_008095	mol_008095	1
read_008096	mol_008096	1
read_008097	mol_008097	1
read_008098	mol_008098	-1
read_008099	mol_008099	-1
read_008100	mol_008100	-1
read_008101	mol_008101	-1
read_008102	mol_008102	-1
read_008103	mol_008103	1
read_008104	mol_008104	1
read_008105	mol_008105	-1
read_008106	mol_008106	-1
read_008107	mol_008107	-1
read_008108	mol_008108	-1
read_008109	mol_008109	-1
read_008110	mol_008110	1
read_008111	mol_008111	-1
read_008112	mol_008112	1
read_008113	mol_008113	-1
read_008114	mol_008114	1
read_008115	mol_008115	-1
read_008116	mol_008116	-1
read_008117	mol_008117	-1
read_008118	mol_008118	1
read_008119	mol_008119	-1
read_008120	mol_008120	1
read_008121	mol_008121	-1
read_008122	mol_008122	-1
read_008123	mol_008123	1
read_008124	mol_008124	-1
read_008125	mol_008125	-1
read_008126	mol_008126	-1
read_008127	mol_008127	1
read_008128	mol_008128	1
read_008129	mol_008129	-1
read_008130	mol_008130	1
read_008131	mol_008131	1
read_008132	mol_008132	1
read_008133	mol_008133	-1
read_008134	mol_008134	1
read_008135	mol_008135	-1
read_008136	mol_008136	-1
read_008137	mol_008137	1
read_008138	mol_008138	-1
read_008139	mol_008139	-1
read_008140	mol_008140	1
read_008141	mol_008141	1
read_008142	mol_008142	-1
read_008143	mol_008143	-1
read_008144	mol_008144	1
read_008145	mol_008145	1
read_008146	mol_008146	1
read_008147	mol_008147	-1
read_008148	mol_008148	-1
read_008149	mol_008149	1
read_008150	mol_008150	1
read_008151	mol_008151	-1
read_008152	mol_008152	-1
read_008153	mol_008153	1
read_008154	mol_008154	1
read_008155	mol_008155	1
read_008156	mol_008156	-1
read_008157	mol_008157	1
read_008158	mol_008158	-1
read_008159	mol_008159	1
read_008160	mol_008160	-1
read_008161	mol_008161	-1
read_008162	mol_008162	-1
read_008163	mol_008163	1
read_008164	mol_008164	1
read_008165	mol_008165	-1
read_008166	mol_008166	1
read_008167	mol_008167	-1
read_008168	mol_008168	1
read_008169	mol_008169	-1
read_008170	mol_008170	1
read_008171	mol_008171	-1
read_008172	mol_008172	1
read_008173	mol_008173	-1
read_008174	mol_008174	1
read_008175	mol_008175	1
read_008176	mol_008176	1
read_008177	mol_008177	-1
read_008178	mol_008178	1
read_008179	mol_008179	-1
read_008180	mol_008180	-1
read_008181	mol_008181	1
read_008182	mol_008182	1
read_008183	mol_008183	1
read_008184	mol_008184	1
read_008185	mol_008185	-1
read_008186	mol_008186	1
read_008187	mol_008187	1
read_008188	mol_008188	-1
read_008189	mol_008189	1
read_008190	mol_008190	-1
read_008191	mol_008191	1
read_008192	mol_008192	1
read_008193	mol_008193	-1
read_008194	mol_008194	-1
read_008195	mol_008195	1
read_008196	mol_008196	1
read_008197	mol_008197	1
read_008198	mol_008198	1
read_008199	mol_008199	-1
read_008200	mol_008200	1
read_008201	mol_008201	1
read_008202	mol_008202	-1
read_008203	mol_008203	-1
read_008204	mol_008204	-1
read_008205	mol_008205	-1
read_008206	mol_008206	1
read_008207	mol_008207	-1
read_008208	mol_008208	1
read_008209	mol_008209	1
read_008210	mol_008210	1
read_008211	mol_008211	1
read_008212	mol_008212	1
read_008213	mol_008213	-1
read_008214	mol_008214	1
read_008215	mol_008215	-1
read_008216	mol_008216	-1
read_008217	mol_008217	-1
read_008218	mol_008218	-1
read_008219	mol_008219	-1
read_008220	mol_008220	-1
read_008221	mol_008221	1
read_008222	mol_008222	1
read_008223	mol_008223	-1
read_008224	mol_008224	1
read_008225	mol_008225	-1
read_008226	mol_008226	-1
read_008227	mol_008227	1
read_008228	mol_008228	1
read_008229	mol_008229	-1
read_008230	mol_008230	-1
read_008231	mol_008231	1
read_008232	mol_008232	-1
read_008233	mol_008233	-1
read_008234	mol_008234	-1
read_008235	mol_008235	-1
read_008236	mol_008236	-1
read_008237	mol_008237	-1
read_008238	mol_008238	1
read_008239	mol_008239	1
read_008240	mol_008240	1
read_008241	mol_008241	1
read_008242	mol_008242	1
read_008243	mol_008243	-1
read_008244	mol_008244	-1
read_008245	mol_008245	1
read_008246	mol_008246	1
read_008247	mol_008247	-1
read_008248	mol_008248	-1
read_008249	mol_008249	1
read_008250	mol_008250	-1
read_008251	mol_008251	1
read_008252	mol_008252	-1
read_008253	mol_008253	-1
read_008254	mol_008254	-1
read_008255	mol_008255	1
read_008256	mol_008256	-1
read_008257	mol_008257	-1
read_008258	mol_008258	-1
read_008259	mol_008259	-1
read_008260	mol_008260	-1
read_008261	mol_008261	-1
read_008262	mol_008262	-1
read_008263	mol_008263	1
read_008264	mol_008264	-1
read_008265	mol_008265	-1
read_008266	mol_008266	-1
read_008267	mol_008267	-1
read_008268	mol_008268	1
read_008269	mol_008269	-1
read_008270	mol_008270	1
read_008271	mol_008271	-1
read_008272	mol_008272	1
read_008273	mol_008273	1
read_008274	mol_008274	-1
read_008275	mol_008275	1
read_008276	mol_008276	-1
read_008277	mol_008277	-1
read_008278	mol_008278	1
read_008279	mol_008279	1
read_008280	mol_008280	-1
read_008281	mol_008281	-1
read_008282	mol_008282	-1
read_008283	mol_008283	1
read_008284	mol_008284	-1
read_008285	mol_008285	1
read_008286	mol_008286	1
read_008287	mol_008287	1
read_008288	mol_008288	1
read_008289	mol_008289	-1
read_008290	mol_008290	-1
read_008291	mol_008291	-1
read_008292	mol_008292	1
read_008293	mol_008293	1
read_008294	mol_008294	1
read_008295	mol_008295	-1
read_008296	mol_008296	1
read_008297	mol_008297	1
read_008298	mol_008298	-1
read_008299	mol_008299	1
read_008300	mol_008300	-1
read_008301	mol_008301	-1
read_008302	mol_008302	-1
read_008303	mol_008303	-1
read_008304	mol_008304	-1
read_008305	mol_008305	-1
read_008306	mol_008306	-1
read_008307	mol_008307	-1
read_008308	mol_008308	1
read_008309	mol_008309	1
read_008310	mol_008310	-1
read_008311	mol_008311	-1
read_008312	mol_008312	-1
read_008313	mol_008313	1
read_008314	mol_008314	1
read_008315	mol_008315	-1
read_008316	mol_008316	-1
read_008317	mol_008317	1
read_008318	mol_008318	-1
read_008319	mol_008319	-1
read_008320	mol_008320	-1
read_008321	mol_008321	-1
read_008322	mol_008322	1
read_008323	mol_008323	-1
read_008324	mol_008324	1
read_008325	mol_008325	-1
read_008326	mol_008326	1
read_008327	mol_008327	-1
read_008328	mol_008328	-1
read_008329	mol_008329	-1
read_008330	mol_008330	1
read_008331	mol_008331	-1
read_008332	mol_008332	1
read_008333	mol_008333	-1
read_008334	mol_008334	-1
read_008335	mol_008335	1
read_008336	mol_008336	1
read_008337	mol_008337	1
read_008338	mol_008338	1
read_008339	mol_008339	1
read_008340	mol_008340	-1
read_008341	mol_008341	-1
read_008342	mol_008342	-1
read_008343	mol_008343	1
read_008344	mol_008344	-1
read_008345	mol_008345	-1
read_008346	mol_008346	1
read_008347	mol_008347	-1
read_008348	mol_008348	1
read_008349	mol_008349	-1
read_008350	mol_008350	1
read_008351	mol_008351	-1
read_008352	mol_008352	-1
read_008353	mol_008353	1
read_008354	mol_008354	-1
read_008355	mol_008355	1
read_008356	mol_008356	1
read_008357	mol_008357	-1
read_008358	mol_008358	1
read_008359	mol_008359	-1
read_008360	mol_008360	1
read_008361	mol_008361	1
read_008362	mol_008362	-1
read_008363	mol_008363	1
read_008364	mol_008364	-1
read_008365	mol_008365	-1
read_008366	mol_008366	1
read_008367	mol_008367	1
read_008368	mol_008368	1
read_008369	mol_008369	1
read_008370	mol_008370	1
read_008371	mol_008371	1
read_008372	mol_008372	-1
read_008373	mol_008373	-1
read_008374	mol_008374	-1
read_008375	mol_008375	-1
read_008376	mol_008376	1
read_008377	mol_008377	1
read_008378	mol_008378	1
read_008379	mol_008379	-1
read_008380	mol_008380	1
read_008381	mol_008381	1
read_008382	mol_008382	-1
read_008383	mol_008383	-1
read_008384	mol_008384	-1
read_008385	mol_008385	-1
read_008386	mol_008386	-1
read_008387	mol_008387	-1
read_008388	mol_008388	-1
read_008389	mol_008389	1
read_008390	mol_008390	1
read_008391	mol_008391	-1
read_008392	mol_008392	-1
read_008393	mol_008393	1
read_008394	mol_008394	-1
read_008395	mol_008395	1
read_008396	mol_008396	1
read_008397	mol_008397	1
read_008398	mol_008398	1
read_008399	mol_008399	1
read_008400	mol_008400	1
read_008401	mol_008401	-1
read_008402	mol_008402	-1
read_008403	mol_008403	-1
read_008404	mol_008404	-1
read_008405	mol_008405	1
read_008406	mol_008406	1
read_008407	mol_008407	1
read_008408	mol_008408	1
read_008409	mol_008409	1
read_008410	mol_008410	1
read_008411	mol_008411	1
read_008412	mol_008412	1
read_008413	mol_008413	-1
read_008414	mol_008414	-1
read_008415	mol_008415	1
read_008416	mol_008416	-1
read_008417	mol_008417	-1
read_008418	mol_008418	-1
read_008419	mol_008419	-1
read_008420	mol_008420	1
read_008421	mol_008421	1
read_008422	mol_008422	-1
read_008423	mol_008423	-1
read_008424	mol_008424	1
read_008425	mol_008425	-1
read_008426	mol_008426	-1
read_008427	mol_008427	1
read_008428	mol_008428	1
read_008429	mol_008429	1
read_008430	mol_008430	1
read_008431	mol_008431	-1
read_008432	mol_008432	1
read_008433	mol_008433	1
read_008434	mol_008434	1
read_008435	mol_008435	1
read_008436	mol_008436	-1
read_008437	mol_008437	-1
read_008438	mol_008438	1
read_008439	mol_008439	1
read_008440	mol_008440	-1
read_008441	mol_008441	-1
read_008442	mol_008442	1
read_008443	mol_008443	-1
read_008444	mol_008444	1
read_008445	mol_008445	-1
read_008446	mol_008446	-1
read_008447	mol_008447	1
read_008448	mol_008448	-1
read_008449	mol_008449	1
read_008450	mol_008450	1
read_008451	mol_008451	-1
read_008452	mol_008452	1
read_008453	mol_008453	1
read_008454	mol_008454	1
read_008455	mol_008455	-1
read_008456	mol_008456	1
read_008457	mol_008457	1
read_008458	mol_008458	1
read_008459	mol_008459	1
read_008460	mol_008460	-1
read_008461	mol_008461	1
read_008462	mol_008462	1
read_008463	mol_008463	1
read_008464	mol_008464	-1
read_008465	mol_008465	1
read_008466	mol_008466	-1
read_008467	mol_008467	1
read_008468	mol_008468	-1
read_008469	mol_008469	-1
