source	target	overlap_length	shared_het_sites	concordances	differences	weight	sign
0	1	13493	10	4	6	-0.52	-1
0	2	15900	11	3	8	-1.30	-1
0	3	14262	10	4	6	-0.52	-1
0	4	14009	10	8	2	1.56	1
0	5	13593	9	6	3	0.78	1
0	6	13064	9	3	6	-0.78	-1
0	7	12506	8	4	4	0.00	1
0	8	12257	7	3	4	-0.26	-1
0	9	12196	7	2	5	-0.78	-1
0	10	11085	5	2	3	-0.26	-1
0	11	10660	5	4	1	0.78	1
0	12	9464	5	5	0	1.30	1
0	13	9414	5	3	2	0.26	1
0	14	9117	4	3	1	0.52	1
0	15	8860	4	1	3	-0.52	-1
0	16	8819	4	2	2	0.00	1
0	17	8418	4	0	4	-1.04	-1
0	18	8048	3	1	2	-0.26	-1
0	19	7874	3	1	2	-0.26	-1
0	20	7840	3	1	2	-0.26	-1
0	21	2816	1	0	1	-0.26	-1
0	22	2530	1	0	1	-0.26	-1
0	23	2391	1	1	0	0.26	1
0	24	2090	1	0	1	-0.26	-1
1	2	12861	10	8	2	1.56	1
1	3	11223	9	6	3	0.78	1
1	4	10970	9	6	3	0.78	1
1	5	10554	8	4	4	0.00	1
1	6	10025	8	5	3	0.52	1
1	7	9467	7	2	5	-0.78	-1
1	8	9218	6	1	5	-1.04	-1
1	9	9157	6	3	3	0.00	1
1	10	8046	4	3	1	0.52	1
1	11	7621	4	3	1	0.52	1
1	12	6425	4	1	3	-0.52	-1
1	13	6375	4	2	2	0.00	1
1	14	6078	3	1	2	-0.26	-1
1	15	5821	3	1	2	-0.26	-1
1	16	5780	3	0	3	-0.78	-1
1	17	5379	3	1	2	-0.26	-1
1	18	5009	2	1	1	0.00	1
1	19	4835	2	1	1	0.00	1
1	20	4801	2	0	2	-0.52	-1
2	3	18379	17	9	8	0.26	1
2	4	18126	17	6	11	-1.30	-1
2	5	17710	16	9	7	0.52	1
2	6	17181	16	10	6	1.04	1
2	7	16623	15	5	10	-1.30	-1
2	8	16374	14	3	11	-2.09	-1
2	9	16313	14	6	8	-0.52	-1
2	10	12043	7	5	2	0.78	1
2	11	14777	12	8	4	1.04	1
2	12	12297	10	5	5	0.00	1
2	13	13531	12	9	3	1.56	1
2	14	13234	11	3	8	-1.30	-1
2	15	12977	11	6	5	0.26	1
2	16	9277	4	2	2	0.00	1
2	17	12535	11	7	4	0.78	1
2	18	12165	10	6	4	0.52	1
2	19	11991	10	4	6	-0.52	-1
2	20	11957	10	5	5	0.00	1
2	21	6933	8	6	2	1.04	1
2	22	6647	8	4	4	0.00	1
2	23	6508	8	5	3	0.52	1
2	24	6207	8	6	2	1.04	1
2	25	5528	7	5	2	0.78	1
2	26	5111	7	3	4	-0.26	-1
2	27	4657	7	5	2	0.78	1
2	28	4464	7	6	1	1.30	1
2	29	4305	7	3	4	-0.26	-1
2	30	3108	5	2	3	-0.26	-1
2	31	1849	2	2	0	0.52	1
2	32	1044	1	0	1	-0.26	-1
2	33	968	1	1	0	0.26	1
2	34	851	1	0	1	-0.26	-1
2	35	528	1	1	0	0.26	1
3	4	21124	22	7	15	-2.09	-1
3	5	19996	20	10	10	0.00	1
3	6	20914	22	13	9	1.04	1
3	7	19552	20	9	11	-0.52	-1
3	8	18763	18	7	11	-1.04	-1
3	9	20046	20	7	13	-1.56	-1
3	10	12043	7	2	5	-0.78	-1
3	11	18510	18	11	7	1.04	1
3	12	12297	10	4	6	-0.52	-1
3	13	17264	18	8	10	-0.52	-1
3	14	15201	15	7	8	-0.26	-1
3	15	16710	17	7	10	-0.78	-1
3	16	9277	4	2	2	0.00	1
3	17	16268	17	4	13	-2.35	-1
3	18	15898	16	11	5	1.56	1
3	19	15724	16	10	6	1.04	1
3	20	15690	16	4	12	-2.09	-1
3	21	10666	14	4	10	-1.56	-1
3	22	10380	14	7	7	0.00	1
3	23	10241	14	7	7	0.00	1
3	24	9940	14	8	6	0.52	1
3	25	9261	13	8	5	0.78	1
3	26	8844	13	5	8	-0.78	-1
3	27	8390	13	8	5	0.78	1
3	28	8197	13	8	5	0.78	1
3	29	8038	13	2	11	-2.35	-1
3	30	6841	11	6	5	0.26	1
3	31	5582	8	2	6	-1.04	-1
3	32	4777	7	5	2	0.78	1
3	33	4701	7	3	4	-0.26	-1
3	34	4584	7	2	5	-0.78	-1
3	35	4261	7	2	5	-0.78	-1
3	36	3659	5	1	4	-0.78	-1
3	37	2454	5	1	4	-0.78	-1
3	38	2421	4	3	1	0.52	1
3	39	1858	3	1	2	-0.26	-1
3	40	1628	2	1	1	0.00	1
3	41	1207	2	2	0	0.52	1
4	5	19996	20	11	9	0.52	1
4	6	20179	21	13	8	1.30	1
4	7	19552	20	12	8	1.04	1
4	8	18763	18	11	7	1.04	1
4	9	19311	19	12	7	1.30	1
4	10	12043	7	2	5	-0.78	-1
4	11	17775	17	7	10	-0.78	-1
4	12	12297	10	7	3	1.04	1
4	13	16529	17	6	11	-1.30	-1
4	14	15201	15	8	7	0.26	1
4	15	15975	16	3	13	-2.61	-1
4	16	9277	4	4	0	1.04	1
4	17	15533	16	9	7	0.52	1
4	18	15163	15	6	9	-0.78	-1
4	19	14989	15	5	10	-1.30	-1
4	20	14955	15	10	5	1.30	1
4	21	9931	13	5	8	-0.78	-1
4	22	9645	13	5	8	-0.78	-1
4	23	9506	13	4	9	-1.30	-1
4	24	9205	13	4	9	-1.30	-1
4	25	8526	12	4	8	-1.04	-1
4	26	8109	12	6	6	0.00	1
4	27	7655	12	6	6	0.00	1
4	28	7462	12	5	7	-0.52	-1
4	29	7303	12	6	6	0.00	1
4	30	6106	10	8	2	1.56	1
4	31	4847	7	3	4	-0.26	-1
4	32	4042	6	6	0	1.56	1
4	33	3966	6	4	2	0.52	1
4	34	3849	6	3	3	0.00	1
4	35	3526	6	3	3	0.00	1
4	36	2924	4	2	2	0.00	1
4	37	1719	4	4	0	1.04	1
4	38	1686	3	1	2	-0.26	-1
4	39	1123	2	1	1	0.00	1
4	40	893	1	1	0	0.26	1
4	41	472	1	1	0	0.26	1
5	6	19467	20	10	10	0.00	1
5	7	18909	19	5	14	-2.35	-1
5	8	18660	18	13	5	2.09	1
5	9	18599	18	13	5	2.09	1
5	10	12043	7	2	5	-0.78	-1
5	11	17063	16	9	7	0.52	1
5	12	12297	10	7	3	1.04	1
5	13	15817	16	11	5	1.56	1
5	14	15201	15	10	5	1.30	1
5	15	15263	15	5	10	-1.30	-1
5	16	9277	4	2	2	0.00	1
5	17	14821	15	5	10	-1.30	-1
5	18	14451	14	7	7	0.00	1
5	19	14277	14	3	11	-2.09	-1
5	20	14243	14	7	7	0.00	1
5	21	9219	12	5	7	-0.52	-1
5	22	8933	12	4	8	-1.04	-1
5	23	8794	12	3	9	-1.56	-1
5	24	8493	12	5	7	-0.52	-1
5	25	7814	11	3	8	-1.30	-1
5	26	7397	11	6	5	0.26	1
5	27	6943	11	5	6	-0.26	-1
5	28	6750	11	9	2	1.82	1
5	29	6591	11	5	6	-0.26	-1
5	30	5394	9	5	4	0.26	1
5	31	4135	6	1	5	-1.04	-1
5	32	3330	5	2	3	-0.26	-1
5	33	3254	5	2	3	-0.26	-1
5	34	3137	5	1	4	-0.78	-1
5	35	2814	5	3	2	0.26	1
5	36	2212	3	2	1	0.26	1
5	37	1007	3	3	0	0.78	1
5	38	974	2	1	1	0.00	1
5	39	411	1	0	1	-0.26	-1
6	7	19552	20	8	12	-1.04	-1
6	8	18763	18	3	15	-3.13	-1
6	9	21073	20	11	9	0.52	1
6	10	12043	7	6	1	1.30	1
6	11	22178	21	13	8	1.30	1
6	12	12297	10	4	6	-0.52	-1
6	13	20932	21	9	12	-0.78	-1
6	14	15201	15	6	9	-0.78	-1
6	15	20378	20	12	8	1.04	1
6	16	9277	4	2	2	0.00	1
6	17	17702	17	8	9	-0.26	-1
6	18	17467	16	6	10	-1.04	-1
6	19	16527	16	9	7	0.52	1
6	20	19358	19	8	11	-0.78	-1
6	21	13989	17	8	9	-0.26	-1
6	22	14048	17	10	7	0.78	1
6	23	13583	17	8	9	-0.26	-1
6	24	13608	17	5	12	-1.82	-1
6	25	12929	16	9	7	0.52	1
6	26	12512	16	5	11	-1.56	-1
6	27	12058	16	11	5	1.56	1
6	28	11865	16	9	7	0.52	1
6	29	11706	16	10	6	1.04	1
6	30	10509	14	8	6	0.52	1
6	31	9250	11	6	5	0.26	1
6	32	8445	10	4	6	-0.52	-1
6	33	8369	10	4	6	-0.52	-1
6	34	8252	10	6	4	0.52	1
6	35	7929	10	5	5	0.00	1
6	36	7327	8	2	6	-1.04	-1
6	37	6122	8	6	2	1.04	1
6	38	6089	7	1	6	-1.30	-1
6	39	5526	6	3	3	0.00	1
6	40	5296	5	3	2	0.26	1
6	41	4875	5	4	1	0.78	1
6	42	3958	3	1	2	-0.26	-1
6	43	3825	3	2	1	0.26	1
6	44	3540	3	1	2	-0.26	-1
6	45	3301	3	1	2	-0.26	-1
6	46	3056	3	1	2	-0.26	-1
6	47	2424	3	0	3	-0.78	-1
6	48	2380	3	1	2	-0.26	-1
6	49	2279	3	1	2	-0.26	-1
6	50	1725	2	2	0	0.52	1
6	51	1697	2	1	1	0.00	1
7	8	18763	18	6	12	-1.56	-1
7	9	19242	19	10	9	0.26	1
7	10	12043	7	4	3	0.26	1
7	11	17706	17	11	6	1.30	1
7	12	12297	10	6	4	0.52	1
7	13	16460	17	8	9	-0.26	-1
7	14	15201	15	7	8	-0.26	-1
7	15	15906	16	9	7	0.52	1
7	16	9277	4	3	1	0.52	1
7	17	15464	16	5	11	-1.56	-1
7	18	15094	15	7	8	-0.26	-1
7	19	14920	15	8	7	0.26	1
7	20	14886	15	3	12	-2.35	-1
7	21	9862	13	2	11	-2.35	-1
7	22	9576	13	8	5	0.78	1
7	23	9437	13	8	5	0.78	1
7	24	9136	13	6	7	-0.26	-1
7	25	8457	12	9	3	1.56	1
7	26	8040	12	6	6	0.00	1
7	27	7586	12	9	3	1.56	1
7	28	7393	12	3	9	-1.56	-1
7	29	7234	12	4	8	-1.04	-1
7	30	6037	10	5	5	0.00	1
7	31	4778	7	3	4	-0.26	-1
7	32	3973	6	5	1	1.04	1
7	33	3897	6	2	4	-0.52	-1
7	34	3780	6	4	2	0.52	1
7	35	3457	6	4	2	0.52	1
7	36	2855	4	3	1	0.52	1
7	37	1650	4	1	3	-0.52	-1
7	38	1617	3	3	0	0.78	1
7	39	1054	2	0	2	-0.52	-1
7	40	824	1	1	0	0.26	1
7	41	403	1	1	0	0.26	1
8	9	18702	18	10	8	0.52	1
8	10	12043	7	4	3	0.26	1
8	11	17166	16	8	8	0.00	1
8	12	12297	10	6	4	0.52	1
8	13	15920	16	6	10	-1.04	-1
8	14	15201	15	9	6	0.78	1
8	15	15366	15	3	12	-2.35	-1
8	16	9277	4	1	3	-0.52	-1
8	17	14924	15	8	7	0.26	1
8	18	14554	14	5	9	-1.04	-1
8	19	14380	14	7	7	0.00	1
8	20	14346	14	7	7	0.00	1
8	21	9322	12	7	5	0.52	1
8	22	9036	12	3	9	-1.56	-1
8	23	8897	12	7	5	0.52	1
8	24	8596	12	3	9	-1.56	-1
8	25	7917	11	4	7	-0.78	-1
8	26	7500	11	5	6	-0.26	-1
8	27	7046	11	6	5	0.26	1
8	28	6853	11	7	4	0.78	1
8	29	6694	11	9	2	1.82	1
8	30	5497	9	2	7	-1.30	-1
8	31	4238	6	4	2	0.52	1
8	32	3433	5	1	4	-0.78	-1
8	33	3357	5	3	2	0.26	1
8	34	3240	5	3	2	0.26	1
8	35	2917	5	2	3	-0.26	-1
8	36	2315	3	1	2	-0.26	-1
8	37	1110	3	2	1	0.26	1
8	38	1077	2	2	0	0.52	1
8	39	514	1	0	1	-0.26	-1
9	10	12043	7	2	5	-0.78	-1
9	11	19537	18	5	13	-2.09	-1
9	12	12297	10	3	7	-1.04	-1
9	13	18291	18	6	12	-1.56	-1
9	14	15201	15	9	6	0.78	1
9	15	17737	17	6	11	-1.30	-1
9	16	9277	4	2	2	0.00	1
9	17	17295	17	8	9	-0.26	-1
9	18	16925	16	5	11	-1.56	-1
9	19	16527	16	6	10	-1.04	-1
9	20	16717	16	8	8	0.00	1
9	21	11693	14	7	7	0.00	1
9	22	11407	14	5	9	-1.04	-1
9	23	11268	14	5	9	-1.04	-1
9	24	10967	14	5	9	-1.04	-1
9	25	10288	13	5	8	-0.78	-1
9	26	9871	13	9	4	1.30	1
9	27	9417	13	7	6	0.26	1
9	28	9224	13	11	2	2.35	1
9	29	9065	13	7	6	0.26	1
9	30	7868	11	6	5	0.26	1
9	31	6609	8	4	4	0.00	1
9	32	5804	7	2	5	-0.78	-1
9	33	5728	7	4	3	0.26	1
9	34	5611	7	5	2	0.78	1
9	35	5288	7	2	5	-0.78	-1
9	36	4686	5	3	2	0.26	1
9	37	3481	5	4	1	0.78	1
9	38	3448	4	3	1	0.52	1
9	39	2885	3	2	1	0.26	1
9	40	2655	2	0	2	-0.52	-1
9	41	2234	2	0	2	-0.52	-1
10	11	11618	7	3	4	-0.26	-1
10	12	10422	7	1	6	-1.30	-1
10	13	10372	7	4	3	0.26	1
10	14	10075	6	1	5	-1.04	-1
10	15	9818	6	3	3	0.00	1
10	16	9277	4	2	2	0.00	1
10	17	9376	6	2	4	-0.52	-1
10	18	9006	5	3	2	0.26	1
10	19	8832	5	2	3	-0.26	-1
10	20	8798	5	3	2	0.26	1
10	21	3774	3	1	2	-0.26	-1
10	22	3488	3	2	1	0.26	1
10	23	3349	3	2	1	0.26	1
10	24	3048	3	1	2	-0.26	-1
10	25	2369	2	1	1	0.00	1
10	26	1952	2	1	1	0.00	1
10	27	1498	2	1	1	0.00	1
10	28	1305	2	1	1	0.00	1
10	29	1146	2	0	2	-0.52	-1
11	12	12297	10	4	6	-0.52	-1
11	13	23018	25	14	11	0.78	1
11	14	15201	15	3	12	-2.35	-1
11	15	21895	22	10	12	-0.52	-1
11	16	9277	4	2	2	0.00	1
11	17	17702	17	8	9	-0.26	-1
11	18	17467	16	11	5	1.56	1
11	19	16527	16	9	7	0.52	1
11	20	20154	21	9	12	-0.78	-1
11	21	13989	17	6	11	-1.30	-1
11	22	16873	22	8	14	-1.56	-1
11	23	13583	17	10	7	0.78	1
11	24	16837	22	13	9	1.04	1
11	25	15761	21	15	6	2.35	1
11	26	15828	21	10	11	-0.26	-1
11	27	15374	21	11	10	0.26	1
11	28	15181	21	7	14	-1.82	-1
11	29	13268	18	7	11	-1.04	-1
11	30	13825	19	7	12	-1.30	-1
11	31	12566	16	10	6	1.04	1
11	32	11761	15	11	4	1.82	1
11	33	11685	15	7	8	-0.26	-1
11	34	11568	15	9	6	0.78	1
11	35	11245	15	10	5	1.30	1
11	36	10643	13	5	8	-0.78	-1
11	37	9438	13	4	9	-1.30	-1
11	38	9405	12	4	8	-1.04	-1
11	39	8842	11	9	2	1.82	1
11	40	8612	10	7	3	1.04	1
11	41	8191	10	6	4	0.52	1
11	42	7274	8	4	4	0.00	1
11	43	7141	8	3	5	-0.52	-1
11	44	6856	8	1	7	-1.56	-1
11	45	6617	8	4	4	0.00	1
11	46	6372	8	4	4	0.00	1
11	47	5740	8	3	5	-0.52	-1
11	48	5696	8	3	5	-0.52	-1
11	49	5595	8	2	6	-1.04	-1
11	50	5041	7	3	4	-0.26	-1
11	51	5013	7	3	4	-0.26	-1
11	52	3990	5	3	2	0.26	1
11	53	3649	5	2	3	-0.26	-1
11	54	3412	5	3	2	0.26	1
11	55	3399	5	4	1	0.78	1
11	56	2264	3	3	0	0.78	1
11	57	1677	3	1	2	-0.26	-1
12	13	12247	10	4	6	-0.52	-1
12	14	11950	9	4	5	-0.26	-1
12	15	11693	9	4	5	-0.26	-1
12	16	9277	4	2	2	0.00	1
12	17	11251	9	4	5	-0.26	-1
12	18	10881	8	2	6	-1.04	-1
12	19	10707	8	4	4	0.00	1
12	20	10673	8	3	5	-0.52	-1
12	21	5649	6	3	3	0.00	1
12	22	5363	6	1	5	-1.04	-1
12	23	5224	6	1	5	-1.04	-1
12	24	4923	6	2	4	-0.52	-1
12	25	4244	5	4	1	0.78	1
12	26	3827	5	2	3	-0.26	-1
12	27	3373	5	3	2	0.26	1
12	28	3180	5	3	2	0.26	1
12	29	3021	5	2	3	-0.26	-1
12	30	1824	3	2	1	0.26	1
13	14	15201	15	8	7	0.26	1
13	15	21895	22	14	8	1.56	1
13	16	9277	4	2	2	0.00	1
13	17	17702	17	7	10	-0.78	-1
13	18	17467	16	9	7	0.52	1
13	19	16527	16	8	8	0.00	1
13	20	20154	21	6	15	-2.35	-1
13	21	13989	17	6	11	-1.30	-1
13	22	16134	21	15	6	2.35	1
13	23	13583	17	9	8	0.26	1
13	24	15694	21	17	4	3.39	1
13	25	15015	20	13	7	1.56	1
13	26	14598	20	8	12	-1.04	-1
13	27	14144	20	12	8	1.04	1
13	28	13951	20	9	11	-0.52	-1
13	29	13268	18	7	11	-1.04	-1
13	30	12595	18	9	9	0.00	1
13	31	11336	15	9	6	0.78	1
13	32	10531	14	6	8	-0.52	-1
13	33	10455	14	7	7	0.00	1
13	34	10338	14	8	6	0.52	1
13	35	10015	14	8	6	0.52	1
13	36	9413	12	3	9	-1.56	-1
13	37	8208	12	6	6	0.00	1
13	38	8175	11	6	5	0.26	1
13	39	7612	10	5	5	0.00	1
13	40	7382	9	4	5	-0.26	-1
13	41	6961	9	6	3	0.78	1
13	42	6044	7	2	5	-0.78	-1
13	43	5911	7	5	2	0.78	1
13	44	5626	7	2	5	-0.78	-1
13	45	5387	7	4	3	0.26	1
13	46	5142	7	4	3	0.26	1
13	47	4510	7	4	3	0.26	1
13	48	4466	7	6	1	1.30	1
13	49	4365	7	3	4	-0.26	-1
13	50	3811	6	1	5	-1.04	-1
13	51	3783	6	1	5	-1.04	-1
13	52	2760	4	2	2	0.00	1
13	53	2419	4	0	4	-1.04	-1
13	54	2182	4	2	2	0.00	1
13	55	2169	4	3	1	0.52	1
13	56	1034	2	1	1	0.00	1
13	57	447	2	0	2	-0.52	-1
14	15	14944	15	3	12	-2.35	-1
14	16	9277	4	3	1	0.52	1
14	17	14502	15	8	7	0.26	1
14	18	14132	14	8	6	0.52	1
14	19	13958	14	8	6	0.52	1
14	20	13924	14	9	5	1.04	1
14	21	8900	12	7	5	0.52	1
14	22	8614	12	6	6	0.00	1
14	23	8475	12	4	8	-1.04	-1
14	24	8174	12	5	7	-0.52	-1
14	25	7495	11	6	5	0.26	1
14	26	7078	11	5	6	-0.26	-1
14	27	6624	11	1	10	-2.35	-1
14	28	6431	11	6	5	0.26	1
14	29	6272	11	8	3	1.30	1
14	30	5075	9	3	6	-0.78	-1
14	31	3816	6	4	2	0.52	1
14	32	3011	5	2	3	-0.26	-1
14	33	2935	5	5	0	1.30	1
14	34	2818	5	1	4	-0.78	-1
14	35	2495	5	4	1	0.78	1
14	36	1893	3	3	0	0.78	1
14	37	688	3	3	0	0.78	1
14	38	655	2	1	1	0.00	1
14	39	92	1	0	1	-0.26	-1
15	16	9277	4	2	2	0.00	1
15	17	17702	17	8	9	-0.26	-1
15	18	17467	16	8	8	0.00	1
15	19	16527	16	10	6	1.04	1
15	20	20154	21	8	13	-1.30	-1
15	21	13989	17	9	8	0.26	1
15	22	15565	19	12	7	1.30	1
15	23	13583	17	9	8	0.26	1
15	24	15125	19	10	9	0.26	1
15	25	14446	18	10	8	0.52	1
15	26	14029	18	8	10	-0.52	-1
15	27	13575	18	10	8	0.52	1
15	28	13382	18	6	12	-1.56	-1
15	29	13223	18	3	15	-3.13	-1
15	30	12026	16	5	11	-1.56	-1
15	31	10767	13	10	3	1.82	1
15	32	9962	12	5	7	-0.52	-1
15	33	9886	12	7	5	0.52	1
15	34	9769	12	9	3	1.56	1
15	35	9446	12	8	4	1.04	1
15	36	8844	10	1	9	-2.09	-1
15	37	7639	10	3	7	-1.04	-1
15	38	7606	9	3	6	-0.78	-1
15	39	7043	8	5	3	0.52	1
15	40	6813	7	4	3	0.26	1
15	41	6392	7	3	4	-0.26	-1
15	42	5475	5	0	5	-1.30	-1
15	43	5342	5	2	3	-0.26	-1
15	44	5057	5	3	2	0.26	1
15	45	4818	5	4	1	0.78	1
15	46	4573	5	1	4	-0.78	-1
15	47	3941	5	1	4	-0.78	-1
15	48	3897	5	3	2	0.26	1
15	49	3796	5	1	4	-0.78	-1
15	50	3242	4	2	2	0.00	1
15	51	3214	4	3	1	0.52	1
15	52	2191	2	1	1	0.00	1
15	53	1850	2	1	1	0.00	1
15	54	1613	2	2	0	0.52	1
15	55	1600	2	2	0	0.52	1
16	17	8876	4	2	2	0.00	1
16	18	8506	3	0	3	-0.78	-1
16	19	8332	3	2	1	0.26	1
16	20	8298	3	1	2	-0.26	-1
16	21	3274	1	0	1	-0.26	-1
16	22	2988	1	0	1	-0.26	-1
16	23	2849	1	1	0	0.26	1
16	24	2548	1	0	1	-0.26	-1
17	18	17332	16	6	10	-1.04	-1
17	19	16527	16	7	9	-0.52	-1
17	20	17124	16	4	12	-2.09	-1
17	21	12100	14	8	6	0.52	1
17	22	11814	14	6	8	-0.52	-1
17	23	11675	14	8	6	0.52	1
17	24	11374	14	7	7	0.00	1
17	25	10695	13	6	7	-0.26	-1
17	26	10278	13	9	4	1.30	1
17	27	9824	13	7	6	0.26	1
17	28	9631	13	10	3	1.82	1
17	29	9472	13	9	4	1.30	1
17	30	8275	11	8	3	1.30	1
17	31	7016	8	4	4	0.00	1
17	32	6211	7	4	3	0.26	1
17	33	6135	7	6	1	1.30	1
17	34	6018	7	3	4	-0.26	-1
17	35	5695	7	3	4	-0.26	-1
17	36	5093	5	3	2	0.26	1
17	37	3888	5	4	1	0.78	1
17	38	3855	4	2	2	0.00	1
17	39	3292	3	1	2	-0.26	-1
17	40	3062	2	2	0	0.52	1
17	41	2641	2	1	1	0.00	1
18	19	16527	16	9	7	0.52	1
18	20	17259	16	9	7	0.52	1
18	21	12235	14	4	10	-1.56	-1
18	22	11949	14	8	6	0.52	1
18	23	11810	14	9	5	1.04	1
18	24	11509	14	7	7	0.00	1
18	25	10830	13	3	10	-1.82	-1
18	26	10413	13	6	7	-0.26	-1
18	27	9959	13	7	6	0.26	1
18	28	9766	13	6	7	-0.26	-1
18	29	9607	13	3	10	-1.82	-1
18	30	8410	11	4	7	-0.78	-1
18	31	7151	8	6	2	1.04	1
18	32	6346	7	5	2	0.78	1
18	33	6270	7	4	3	0.26	1
18	34	6153	7	3	4	-0.26	-1
18	35	5830	7	4	3	0.26	1
18	36	5228	5	2	3	-0.26	-1
18	37	4023	5	1	4	-0.78	-1
18	38	3990	4	1	3	-0.52	-1
18	39	3427	3	1	2	-0.26	-1
18	40	3197	2	0	2	-0.52	-1
18	41	2776	2	2	0	0.52	1
19	20	16493	16	9	7	0.52	1
19	21	11469	14	8	6	0.52	1
19	22	11183	14	7	7	0.00	1
19	23	11044	14	8	6	0.52	1
19	24	10743	14	9	5	1.04	1
19	25	10064	13	12	1	2.87	1
19	26	9647	13	5	8	-0.78	-1
19	27	9193	13	7	6	0.26	1
19	28	9000	13	4	9	-1.30	-1
19	29	8841	13	5	8	-0.78	-1
19	30	7644	11	7	4	0.78	1
19	31	6385	8	4	4	0.00	1
19	32	5580	7	3	4	-0.26	-1
19	33	5504	7	1	6	-1.30	-1
19	34	5387	7	5	2	0.78	1
19	35	5064	7	5	2	0.78	1
19	36	4462	5	1	4	-0.78	-1
19	37	3257	5	2	3	-0.26	-1
19	38	3224	4	2	2	0.00	1
19	39	2661	3	2	1	0.26	1
19	40	2431	2	1	1	0.00	1
19	41	2010	2	0	2	-0.52	-1
20	21	13989	17	12	5	1.82	1
20	22	14844	19	10	9	0.26	1
20	23	13583	17	5	12	-1.82	-1
20	24	14404	19	5	14	-2.35	-1
20	25	13725	18	11	7	1.04	1
20	26	13308	18	12	6	1.56	1
20	27	12854	18	3	15	-3.13	-1
20	28	12661	18	11	7	1.04	1
20	29	12502	18	13	5	2.09	1
20	30	11305	16	10	6	1.04	1
20	31	10046	13	3	10	-1.82	-1
20	32	9241	12	5	7	-0.52	-1
20	33	9165	12	5	7	-0.52	-1
20	34	9048	12	4	8	-1.04	-1
20	35	8725	12	9	3	1.56	1
20	36	8123	10	7	3	1.04	1
20	37	6918	10	6	4	0.52	1
20	38	6885	9	6	3	0.78	1
20	39	6322	8	4	4	0.00	1
20	40	6092	7	4	3	0.26	1
20	41	5671	7	4	3	0.26	1
20	42	4754	5	2	3	-0.26	-1
20	43	4621	5	2	3	-0.26	-1
20	44	4336	5	3	2	0.26	1
20	45	4097	5	3	2	0.26	1
20	46	3852	5	3	2	0.26	1
20	47	3220	5	3	2	0.26	1
20	48	3176	5	4	1	0.78	1
20	49	3075	5	5	0	1.30	1
20	50	2521	4	1	3	-0.52	-1
20	51	2493	4	3	1	0.52	1
20	52	1470	2	1	1	0.00	1
20	53	1129	2	2	0	0.52	1
20	54	892	2	2	0	0.52	1
20	55	879	2	1	1	0.00	1
21	22	13703	17	8	9	-0.26	-1
21	23	13564	17	7	10	-0.78	-1
21	24	13263	17	6	11	-1.30	-1
21	25	12584	16	8	8	0.00	1
21	26	12167	16	11	5	1.56	1
21	27	11713	16	7	9	-0.52	-1
21	28	11520	16	9	7	0.52	1
21	29	11361	16	10	6	1.04	1
21	30	10164	14	8	6	0.52	1
21	31	8905	11	7	4	0.78	1
21	32	8100	10	5	5	0.00	1
21	33	8024	10	5	5	0.00	1
21	34	7907	10	2	8	-1.56	-1
21	35	7584	10	7	3	1.04	1
21	36	6982	8	5	3	0.52	1
21	37	5777	8	4	4	0.00	1
21	38	5744	7	4	3	0.26	1
21	39	5181	6	3	3	0.00	1
21	40	4951	5	3	2	0.26	1
21	41	4530	5	0	5	-1.30	-1
21	42	3613	3	2	1	0.26	1
21	43	3480	3	3	0	0.78	1
21	44	3195	3	1	2	-0.26	-1
21	45	2956	3	1	2	-0.26	-1
21	46	2711	3	2	1	0.26	1
21	47	2079	3	1	2	-0.26	-1
21	48	2035	3	2	1	0.26	1
21	49	1934	3	2	1	0.26	1
21	50	1380	2	2	0	0.52	1
21	51	1352	2	0	2	-0.52	-1
22	23	13583	17	10	7	0.78	1
22	24	16433	22	17	5	3.13	1
22	25	15754	21	10	11	-0.26	-1
22	26	15337	21	7	14	-1.82	-1
22	27	14883	21	11	10	0.26	1
22	28	14690	21	9	12	-0.78	-1
22	29	13268	18	7	11	-1.04	-1
22	30	13334	19	6	13	-1.82	-1
22	31	12075	16	6	10	-1.04	-1
22	32	11270	15	12	3	2.35	1
22	33	11194	15	8	7	0.26	1
22	34	11077	15	9	6	0.78	1
22	35	10754	15	6	9	-0.78	-1
22	36	10152	13	7	6	0.26	1
22	37	8947	13	6	7	-0.26	-1
22	38	8914	12	5	7	-0.52	-1
22	39	8351	11	7	4	0.78	1
22	40	8121	10	5	5	0.00	1
22	41	7700	10	5	5	0.00	1
22	42	6783	8	5	3	0.52	1
22	43	6650	8	3	5	-0.52	-1
22	44	6365	8	2	6	-1.04	-1
22	45	6126	8	3	5	-0.52	-1
22	46	5881	8	6	2	1.04	1
22	47	5249	8	3	5	-0.52	-1
22	48	5205	8	6	2	1.04	1
22	49	5104	8	2	6	-1.04	-1
22	50	4550	7	2	5	-0.78	-1
22	51	4522	7	4	3	0.26	1
22	52	3499	5	2	3	-0.26	-1
22	53	3158	5	3	2	0.26	1
22	54	2921	5	2	3	-0.26	-1
22	55	2908	5	4	1	0.78	1
22	56	1773	3	3	0	0.78	1
22	57	1186	3	2	1	0.26	1
23	24	13282	17	11	6	1.30	1
23	25	12603	16	5	11	-1.56	-1
23	26	12186	16	7	9	-0.52	-1
23	27	11732	16	8	8	0.00	1
23	28	11539	16	7	9	-0.52	-1
23	29	11380	16	7	9	-0.52	-1
23	30	10183	14	9	5	1.04	1
23	31	8924	11	7	4	0.78	1
23	32	8119	10	6	4	0.52	1
23	33	8043	10	3	7	-1.04	-1
23	34	7926	10	4	6	-0.52	-1
23	35	7603	10	6	4	0.52	1
23	36	7001	8	3	5	-0.52	-1
23	37	5796	8	3	5	-0.52	-1
23	38	5763	7	3	4	-0.26	-1
23	39	5200	6	4	2	0.52	1
23	40	4970	5	4	1	0.78	1
23	41	4549	5	2	3	-0.26	-1
23	42	3632	3	1	2	-0.26	-1
23	43	3499	3	1	2	-0.26	-1
23	44	3214	3	2	1	0.26	1
23	45	2975	3	2	1	0.26	1
23	46	2730	3	2	1	0.26	1
23	47	2098	3	3	0	0.78	1
23	48	2054	3	2	1	0.26	1
23	49	1953	3	1	2	-0.26	-1
23	50	1399	2	0	2	-0.52	-1
23	51	1371	2	0	2	-0.52	-1
24	25	15761	21	12	9	0.78	1
24	26	15741	21	13	8	1.30	1
24	27	15287	21	13	8	1.30	1
24	28	15094	21	12	9	0.78	1
24	29	13268	18	5	13	-2.09	-1
24	30	13738	19	7	12	-1.30	-1
24	31	12479	16	9	7	0.52	1
24	32	11674	15	8	7	0.26	1
24	33	11598	15	6	9	-0.78	-1
24	34	11481	15	8	7	0.26	1
24	35	11158	15	9	6	0.78	1
24	36	10556	13	7	6	0.26	1
24	37	9351	13	8	5	0.78	1
24	38	9318	12	6	6	0.00	1
24	39	8755	11	3	8	-1.30	-1
24	40	8525	10	8	2	1.56	1
24	41	8104	10	1	9	-2.09	-1
24	42	7187	8	2	6	-1.04	-1
24	43	7054	8	5	3	0.52	1
24	44	6769	8	4	4	0.00	1
24	45	6530	8	7	1	1.56	1
24	46	6285	8	6	2	1.04	1
24	47	5653	8	5	3	0.52	1
24	48	5609	8	4	4	0.00	1
24	49	5508	8	5	3	0.52	1
24	50	4954	7	2	5	-0.78	-1
24	51	4926	7	5	2	0.78	1
24	52	3903	5	3	2	0.26	1
24	53	3562	5	3	2	0.26	1
24	54	3325	5	1	4	-0.78	-1
24	55	3312	5	1	4	-0.78	-1
24	56	2177	3	2	1	0.26	1
24	57	1590	3	1	2	-0.26	-1
25	26	15344	21	9	12	-0.78	-1
25	27	14890	21	6	15	-2.35	-1
25	28	14697	21	10	11	-0.26	-1
25	29	13268	18	8	10	-0.52	-1
25	30	13341	19	6	13	-1.82	-1
25	31	12082	16	9	7	0.52	1
25	32	11277	15	10	5	1.30	1
25	33	11201	15	7	8	-0.26	-1
25	34	11084	15	12	3	2.35	1
25	35	10761	15	7	8	-0.26	-1
25	36	10159	13	6	7	-0.26	-1
25	37	8954	13	4	9	-1.30	-1
25	38	8921	12	7	5	0.52	1
25	39	8358	11	6	5	0.26	1
25	40	8128	10	6	4	0.52	1
25	41	7707	10	6	4	0.52	1
25	42	6790	8	5	3	0.52	1
25	43	6657	8	4	4	0.00	1
25	44	6372	8	0	8	-2.09	-1
25	45	6133	8	4	4	0.00	1
25	46	5888	8	5	3	0.52	1
25	47	5256	8	5	3	0.52	1
25	48	5212	8	6	2	1.04	1
25	49	5111	8	3	5	-0.52	-1
25	50	4557	7	3	4	-0.26	-1
25	51	4529	7	3	4	-0.26	-1
25	52	3506	5	3	2	0.26	1
25	53	3165	5	3	2	0.26	1
25	54	2928	5	2	3	-0.26	-1
25	55	2915	5	4	1	0.78	1
25	56	1780	3	1	2	-0.26	-1
25	57	1193	3	1	2	-0.26	-1
26	27	17503	21	9	12	-0.78	-1
26	28	17310	21	10	11	-0.26	-1
26	29	13268	18	7	11	-1.04	-1
26	30	15954	19	12	7	1.30	1
26	31	14695	16	10	6	1.04	1
26	32	13890	15	8	7	0.26	1
26	33	13814	15	11	4	1.82	1
26	34	13697	15	5	10	-1.30	-1
26	35	13374	15	6	9	-0.78	-1
26	36	12772	13	4	9	-1.30	-1
26	37	11567	13	8	5	0.78	1
26	38	11534	12	9	3	1.56	1
26	39	10971	11	6	5	0.26	1
26	40	10741	10	4	6	-0.52	-1
26	41	10320	10	3	7	-1.04	-1
26	42	9403	8	4	4	0.00	1
26	43	9270	8	6	2	1.04	1
26	44	8985	8	4	4	0.00	1
26	45	8746	8	2	6	-1.04	-1
26	46	8501	8	4	4	0.00	1
26	47	7869	8	5	3	0.52	1
26	48	7825	8	1	7	-1.56	-1
26	49	7724	8	4	4	0.00	1
26	50	7170	7	1	6	-1.30	-1
26	51	7142	7	5	2	0.78	1
26	52	6119	5	0	5	-1.30	-1
26	53	5778	5	2	3	-0.26	-1
26	54	5541	5	3	2	0.26	1
26	55	5528	5	1	4	-0.78	-1
26	56	4393	3	1	2	-0.26	-1
26	57	3806	3	1	2	-0.26	-1
27	28	19153	22	11	11	0.00	1
27	29	13268	18	11	7	1.04	1
27	30	19259	20	10	10	0.00	1
27	31	18000	17	13	4	2.35	1
27	32	17195	16	5	11	-1.56	-1
27	33	17119	16	7	9	-0.52	-1
27	34	15461	16	12	4	2.09	1
27	35	16679	16	6	10	-1.04	-1
27	36	16077	14	5	9	-1.04	-1
27	37	14872	14	4	10	-1.56	-1
27	38	14182	13	6	7	-0.26	-1
27	39	14276	12	5	7	-0.52	-1
27	40	10751	10	5	5	0.00	1
27	41	13625	11	8	3	1.30	1
27	42	12708	9	4	5	-0.26	-1
27	43	12575	9	5	4	0.26	1
27	44	12290	9	5	4	0.26	1
27	45	12051	9	6	3	0.78	1
27	46	11806	9	5	4	0.26	1
27	47	11174	9	3	6	-0.78	-1
27	48	11130	9	4	5	-0.26	-1
27	49	11026	9	4	5	-0.26	-1
27	50	10475	8	5	3	0.52	1
27	51	10447	8	4	4	0.00	1
27	52	9424	6	3	3	0.00	1
27	53	9083	6	2	4	-0.52	-1
27	54	8846	6	4	2	0.52	1
27	55	8833	6	5	1	1.04	1
27	56	7698	4	2	2	0.00	1
27	57	7111	4	0	4	-1.04	-1
27	58	6347	1	0	1	-0.26	-1
27	59	5837	1	0	1	-0.26	-1
27	60	5730	1	1	0	0.26	1
27	61	5724	1	0	1	-0.26	-1
27	62	4477	1	1	0	0.26	1
27	63	4396	1	1	0	0.26	1
27	64	4110	1	1	0	0.26	1
27	65	3944	1	1	0	0.26	1
27	66	3166	1	1	0	0.26	1
27	67	2790	1	0	1	-0.26	-1
28	29	13268	18	10	8	0.52	1
28	30	17797	20	11	9	0.52	1
28	31	16538	17	6	11	-1.30	-1
28	32	15733	16	7	9	-0.52	-1
28	33	15657	16	8	8	0.00	1
28	34	15461	16	6	10	-1.04	-1
28	35	15217	16	8	8	0.00	1
28	36	14615	14	9	5	1.04	1
28	37	13410	14	7	7	0.00	1
28	38	13377	13	7	6	0.26	1
28	39	12814	12	6	6	0.00	1
28	40	10751	10	4	6	-0.52	-1
28	41	12163	11	4	7	-0.78	-1
28	42	11246	9	5	4	0.26	1
28	43	11113	9	5	4	0.26	1
28	44	10828	9	6	3	0.78	1
28	45	10589	9	6	3	0.78	1
28	46	10344	9	2	7	-1.30	-1
28	47	9712	9	4	5	-0.26	-1
28	48	9668	9	4	5	-0.26	-1
28	49	9567	9	4	5	-0.26	-1
28	50	9013	8	5	3	0.52	1
28	51	8985	8	5	3	0.52	1
28	52	7962	6	3	3	0.00	1
28	53	7621	6	5	1	1.04	1
28	54	7384	6	4	2	0.52	1
28	55	7371	6	3	3	0.00	1
28	56	6236	4	3	1	0.52	1
28	57	5649	4	2	2	0.00	1
28	58	4885	1	1	0	0.26	1
28	59	4375	1	1	0	0.26	1
28	60	4268	1	0	1	-0.26	-1
28	61	4262	1	1	0	0.26	1
28	62	3015	1	0	1	-0.26	-1
28	63	2934	1	0	1	-0.26	-1
28	64	2648	1	1	0	0.26	1
28	65	2482	1	0	1	-0.26	-1
28	66	1704	1	0	1	-0.26	-1
28	67	1328	1	1	0	0.26	1
29	30	12071	16	7	9	-0.52	-1
29	31	10812	13	5	8	-0.78	-1
29	32	10007	12	5	7	-0.52	-1
29	33	9931	12	8	4	1.04	1
29	34	9814	12	7	5	0.52	1
29	35	9491	12	9	3	1.56	1
29	36	8889	10	7	3	1.04	1
29	37	7684	10	4	6	-0.52	-1
29	38	7651	9	5	4	0.26	1
29	39	7088	8	1	7	-1.56	-1
29	40	6858	7	4	3	0.26	1
29	41	6437	7	3	4	-0.26	-1
29	42	5520	5	2	3	-0.26	-1
29	43	5387	5	2	3	-0.26	-1
29	44	5102	5	4	1	0.78	1
29	45	4863	5	3	2	0.26	1
29	46	4618	5	3	2	0.26	1
29	47	3986	5	3	2	0.26	1
29	48	3942	5	0	5	-1.30	-1
29	49	3841	5	3	2	0.26	1
29	50	3287	4	1	3	-0.52	-1
29	51	3259	4	2	2	0.00	1
29	52	2236	2	0	2	-0.52	-1
29	53	1895	2	2	0	0.52	1
29	54	1658	2	1	1	0.00	1
29	55	1645	2	1	1	0.00	1
30	31	19676	17	9	8	0.26	1
30	32	21511	18	9	9	0.00	1
30	33	21564	18	8	10	-0.52	-1
30	34	15461	16	7	9	-0.52	-1
30	35	17869	16	4	12	-2.09	-1
30	36	22049	18	9	9	0.00	1
30	37	18457	15	9	6	0.78	1
30	38	14182	13	7	6	0.26	1
30	39	19256	16	4	12	-2.09	-1
30	40	10751	10	3	7	-1.04	-1
30	41	19597	15	6	9	-0.78	-1
30	42	18680	13	10	3	1.82	1
30	43	18547	13	7	6	0.26	1
30	44	14199	10	5	5	0.00	1
30	45	15960	10	4	6	-0.52	-1
30	46	17778	13	7	6	0.26	1
30	47	17146	13	6	7	-0.26	-1
30	48	17102	13	5	8	-0.78	-1
30	49	11026	9	6	3	0.78	1
30	50	16447	12	8	4	1.04	1
30	51	16419	12	7	5	0.52	1
30	52	11678	7	4	3	0.26	1
30	53	15055	10	7	3	1.04	1
30	54	12472	7	4	3	0.26	1
30	55	14805	10	4	6	-0.52	-1
30	56	13670	8	3	5	-0.52	-1
30	57	13083	8	3	5	-0.52	-1
30	58	12319	5	2	3	-0.26	-1
30	59	11809	5	2	3	-0.26	-1
30	60	11702	5	5	0	1.30	1
30	61	11696	5	4	1	0.78	1
30	62	10449	5	2	3	-0.26	-1
30	63	10368	5	4	1	0.78	1
30	64	10082	5	3	2	0.26	1
30	65	9916	5	2	3	-0.26	-1
30	66	9138	5	3	2	0.26	1
30	67	8762	5	3	2	0.26	1
30	68	8336	4	1	3	-0.52	-1
30	69	7341	4	3	1	0.52	1
30	70	7124	4	0	4	-1.04	-1
30	71	6904	4	2	2	0.00	1
30	72	5594	4	3	1	0.52	1
30	73	4174	4	2	2	0.00	1
30	74	3869	3	3	0	0.78	1
30	75	3575	3	1	2	-0.26	-1
30	76	3402	3	3	0	0.78	1
30	77	2761	3	0	3	-0.78	-1
30	78	1665	2	1	1	0.00	1
30	79	1590	2	0	2	-0.52	-1
30	80	1467	2	1	1	0.00	1
30	81	1370	1	0	1	-0.26	-1
31	32	18871	16	13	3	2.61	1
31	33	18795	16	9	7	0.52	1
31	34	15461	16	11	5	1.56	1
31	35	17869	16	13	3	2.61	1
31	36	17753	14	4	10	-1.56	-1
31	37	16548	14	7	7	0.00	1
31	38	14182	13	7	6	0.26	1
31	39	15952	12	7	5	0.52	1
31	40	10751	10	6	4	0.52	1
31	41	15301	11	5	6	-0.26	-1
31	42	14384	9	2	7	-1.30	-1
31	43	14251	9	4	5	-0.26	-1
31	44	13966	9	5	4	0.26	1
31	45	13727	9	4	5	-0.26	-1
31	46	13482	9	7	2	1.30	1
31	47	12850	9	2	7	-1.30	-1
31	48	12806	9	4	5	-0.26	-1
31	49	11026	9	2	7	-1.30	-1
31	50	12151	8	4	4	0.00	1
31	51	12123	8	2	6	-1.04	-1
31	52	11100	6	3	3	0.00	1
31	53	10759	6	2	4	-0.52	-1
31	54	10522	6	2	4	-0.52	-1
31	55	10509	6	2	4	-0.52	-1
31	56	9374	4	0	4	-1.04	-1
31	57	8787	4	1	3	-0.52	-1
31	58	8023	1	1	0	0.26	1
31	59	7513	1	1	0	0.26	1
31	60	7406	1	0	1	-0.26	-1
31	61	7400	1	1	0	0.26	1
31	62	6153	1	1	0	0.26	1
31	63	6072	1	1	0	0.26	1
31	64	5786	1	1	0	0.26	1
31	65	5620	1	0	1	-0.26	-1
31	66	4842	1	1	0	0.26	1
31	67	4466	1	1	0	0.26	1
32	33	21435	18	7	11	-1.04	-1
32	34	15461	16	11	5	1.56	1
32	35	17869	16	7	9	-0.52	-1
32	36	20393	16	7	9	-0.52	-1
32	37	18457	15	8	7	0.26	1
32	38	14182	13	6	7	-0.26	-1
32	39	18592	14	8	6	0.52	1
32	40	10751	10	6	4	0.52	1
32	41	17941	13	8	5	0.78	1
32	42	17024	11	5	6	-0.26	-1
32	43	16891	11	3	8	-1.30	-1
32	44	14199	10	3	7	-1.04	-1
32	45	15960	10	5	5	0.00	1
32	46	16122	11	8	3	1.30	1
32	47	15490	11	3	8	-1.30	-1
32	48	15446	11	7	4	0.78	1
32	49	11026	9	2	7	-1.30	-1
32	50	14791	10	3	7	-1.04	-1
32	51	14763	10	2	8	-1.56	-1
32	52	11678	7	6	1	1.30	1
32	53	13399	8	2	6	-1.04	-1
32	54	12472	7	3	4	-0.26	-1
32	55	13149	8	3	5	-0.52	-1
32	56	12014	6	5	1	1.04	1
32	57	11427	6	1	5	-1.04	-1
32	58	10663	3	2	1	0.26	1
32	59	10153	3	0	3	-0.78	-1
32	60	10046	3	2	1	0.26	1
32	61	10040	3	2	1	0.26	1
32	62	8793	3	2	1	0.26	1
32	63	8712	3	2	1	0.26	1
32	64	8426	3	1	2	-0.26	-1
32	65	8260	3	1	2	-0.26	-1
32	66	7482	3	1	2	-0.26	-1
32	67	7106	3	2	1	0.26	1
32	68	6680	2	1	1	0.00	1
32	69	5685	2	2	0	0.52	1
32	70	5468	2	1	1	0.00	1
32	71	5248	2	2	0	0.52	1
32	72	3938	2	1	1	0.00	1
32	73	2518	2	1	1	0.00	1
32	74	2213	1	1	0	0.26	1
32	75	1919	1	0	1	-0.26	-1
32	76	1746	1	0	1	-0.26	-1
32	77	1105	1	1	0	0.26	1
33	34	15461	16	6	10	-1.04	-1
33	35	17869	16	6	10	-1.04	-1
33	36	20522	16	6	10	-1.04	-1
33	37	18457	15	12	3	2.35	1
33	38	14182	13	3	10	-1.82	-1
33	39	18721	14	7	7	0.00	1
33	40	10751	10	8	2	1.56	1
33	41	18070	13	4	9	-1.30	-1
33	42	17153	11	8	3	1.30	1
33	43	17020	11	8	3	1.30	1
33	44	14199	10	6	4	0.52	1
33	45	15960	10	3	7	-1.04	-1
33	46	16251	11	5	6	-0.26	-1
33	47	15619	11	6	5	0.26	1
33	48	15575	11	5	6	-0.26	-1
33	49	11026	9	3	6	-0.78	-1
33	50	14920	10	5	5	0.00	1
33	51	14892	10	4	6	-0.52	-1
33	52	11678	7	2	5	-0.78	-1
33	53	13528	8	5	3	0.52	1
33	54	12472	7	3	4	-0.26	-1
33	55	13278	8	2	6	-1.04	-1
33	56	12143	6	2	4	-0.52	-1
33	57	11556	6	2	4	-0.52	-1
33	58	10792	3	2	1	0.26	1
33	59	10282	3	1	2	-0.26	-1
33	60	10175	3	0	3	-0.78	-1
33	61	10169	3	2	1	0.26	1
33	62	8922	3	2	1	0.26	1
33	63	8841	3	2	1	0.26	1
33	64	8555	3	3	0	0.78	1
33	65	8389	3	2	1	0.26	1
33	66	7611	3	2	1	0.26	1
33	67	7235	3	3	0	0.78	1
33	68	6809	2	2	0	0.52	1
33	69	5814	2	1	1	0.00	1
33	70	5597	2	1	1	0.00	1
33	71	5377	2	1	1	0.00	1
33	72	4067	2	2	0	0.52	1
33	73	2647	2	1	1	0.00	1
33	74	2342	1	1	0	0.26	1
33	75	2048	1	0	1	-0.26	-1
33	76	1875	1	1	0	0.26	1
33	77	1234	1	1	0	0.26	1
34	35	15138	16	7	9	-0.52	-1
34	36	14536	14	5	9	-1.04	-1
34	37	13331	14	3	11	-2.09	-1
34	38	13298	13	8	5	0.78	1
34	39	12735	12	7	5	0.52	1
34	40	10751	10	6	4	0.52	1
34	41	12084	11	7	4	0.78	1
34	42	11167	9	6	3	0.78	1
34	43	11034	9	4	5	-0.26	-1
34	44	10749	9	2	7	-1.30	-1
34	45	10510	9	4	5	-0.26	-1
34	46	10265	9	6	3	0.78	1
34	47	9633	9	3	6	-0.78	-1
34	48	9589	9	3	6	-0.78	-1
34	49	9488	9	2	7	-1.30	-1
34	50	8934	8	5	3	0.52	1
34	51	8906	8	3	5	-0.52	-1
34	52	7883	6	5	1	1.04	1
34	53	7542	6	2	4	-0.52	-1
34	54	7305	6	3	3	0.00	1
34	55	7292	6	1	5	-1.04	-1
34	56	6157	4	2	2	0.00	1
34	57	5570	4	2	2	0.00	1
34	58	4806	1	0	1	-0.26	-1
34	59	4296	1	0	1	-0.26	-1
34	60	4189	1	0	1	-0.26	-1
34	61	4183	1	0	1	-0.26	-1
34	62	2936	1	1	0	0.26	1
34	63	2855	1	0	1	-0.26	-1
34	64	2569	1	1	0	0.26	1
34	65	2403	1	0	1	-0.26	-1
34	66	1625	1	0	1	-0.26	-1
34	67	1249	1	0	1	-0.26	-1
35	36	17267	14	5	9	-1.04	-1
35	37	16062	14	7	7	0.00	1
35	38	14182	13	7	6	0.26	1
35	39	15466	12	10	2	2.09	1
35	40	10751	10	2	8	-1.56	-1
35	41	14815	11	6	5	0.26	1
35	42	13898	9	3	6	-0.78	-1
35	43	13765	9	3	6	-0.78	-1
35	44	13480	9	5	4	0.26	1
35	45	13241	9	9	0	2.35	1
35	46	12996	9	5	4	0.26	1
35	47	12364	9	1	8	-1.82	-1
35	48	12320	9	4	5	-0.26	-1
35	49	11026	9	7	2	1.30	1
35	50	11665	8	6	2	1.04	1
35	51	11637	8	5	3	0.52	1
35	52	10614	6	4	2	0.52	1
35	53	10273	6	3	3	0.00	1
35	54	10036	6	1	5	-1.04	-1
35	55	10023	6	4	2	0.52	1
35	56	8888	4	3	1	0.52	1
35	57	8301	4	4	0	1.04	1
35	58	7537	1	0	1	-0.26	-1
35	59	7027	1	1	0	0.26	1
35	60	6920	1	0	1	-0.26	-1
35	61	6914	1	1	0	0.26	1
35	62	5667	1	1	0	0.26	1
35	63	5586	1	1	0	0.26	1
35	64	5300	1	1	0	0.26	1
35	65	5134	1	1	0	0.26	1
35	66	4356	1	0	1	-0.26	-1
35	67	3980	1	0	1	-0.26	-1
36	37	18457	15	8	7	0.26	1
36	38	14182	13	9	4	1.30	1
36	39	19256	16	9	7	0.52	1
36	40	10751	10	3	7	-1.04	-1
36	41	20468	16	5	11	-1.56	-1
36	42	18919	13	6	7	-0.26	-1
36	43	19418	14	10	4	1.56	1
36	44	14199	10	7	3	1.04	1
36	45	15960	10	3	7	-1.04	-1
36	46	17885	13	6	7	-0.26	-1
36	47	18017	14	8	6	0.52	1
36	48	17973	14	4	10	-1.56	-1
36	49	11026	9	4	5	-0.26	-1
36	50	17318	13	6	7	-0.26	-1
36	51	17290	13	6	7	-0.26	-1
36	52	11678	7	2	5	-0.78	-1
36	53	15926	11	5	6	-0.26	-1
36	54	12472	7	2	5	-0.78	-1
36	55	15676	11	6	5	0.26	1
36	56	14541	9	6	3	0.78	1
36	57	13954	9	6	3	0.78	1
36	58	13190	6	4	2	0.52	1
36	59	12680	6	3	3	0.00	1
36	60	12573	6	2	4	-0.52	-1
36	61	12567	6	5	1	1.04	1
36	62	11320	6	3	3	0.00	1
36	63	11239	6	0	6	-1.56	-1
36	64	10953	6	4	2	0.52	1
36	65	10787	6	5	1	1.04	1
36	66	10009	6	1	5	-1.04	-1
36	67	9633	6	4	2	0.52	1
36	68	9207	5	2	3	-0.26	-1
36	69	8212	5	3	2	0.26	1
36	70	7995	5	4	1	0.78	1
36	71	7775	5	1	4	-0.78	-1
36	72	6465	5	2	3	-0.26	-1
36	73	5045	5	2	3	-0.26	-1
36	74	4740	4	3	1	0.52	1
36	75	4446	4	2	2	0.00	1
36	76	4273	4	2	2	0.00	1
36	77	3632	4	3	1	0.52	1
36	78	2536	3	2	1	0.26	1
36	79	2461	3	1	2	-0.26	-1
36	80	2338	3	1	2	-0.26	-1
36	81	2241	2	1	1	0.00	1
36	82	2088	1	1	0	0.26	1
37	38	14182	13	8	5	0.78	1
37	39	17861	13	4	9	-1.30	-1
37	40	10751	10	3	7	-1.04	-1
37	41	17210	12	3	9	-1.56	-1
37	42	16293	10	3	7	-1.04	-1
37	43	16160	10	4	6	-0.52	-1
37	44	14199	10	7	3	1.04	1
37	45	15636	10	6	4	0.52	1
37	46	15391	10	5	5	0.00	1
37	47	14759	10	9	1	2.09	1
37	48	14715	10	2	8	-1.56	-1
37	49	11026	9	4	5	-0.26	-1
37	50	14060	9	6	3	0.78	1
37	51	14032	9	6	3	0.78	1
37	52	11678	7	2	5	-0.78	-1
37	53	12668	7	5	2	0.78	1
37	54	12431	7	2	5	-0.78	-1
37	55	12418	7	3	4	-0.26	-1
37	56	11283	5	3	2	0.26	1
37	57	10696	5	5	0	1.30	1
37	58	9932	2	1	1	0.00	1
37	59	9422	2	1	1	0.00	1
37	60	9315	2	1	1	0.00	1
37	61	9309	2	1	1	0.00	1
37	62	8062	2	1	1	0.00	1
37	63	7981	2	2	0	0.52	1
37	64	7695	2	0	2	-0.52	-1
37	65	7529	2	1	1	0.00	1
37	66	6751	2	1	1	0.00	1
37	67	6375	2	1	1	0.00	1
37	68	5949	1	1	0	0.26	1
37	69	4954	1	0	1	-0.26	-1
37	70	4737	1	1	0	0.26	1
37	71	4517	1	0	1	-0.26	-1
37	72	3207	1	0	1	-0.26	-1
37	73	1787	1	0	1	-0.26	-1
38	39	13619	12	3	9	-1.56	-1
38	40	10751	10	5	5	0.00	1
38	41	12968	11	7	4	0.78	1
38	42	12051	9	6	3	0.78	1
38	43	11918	9	5	4	0.26	1
38	44	11633	9	7	2	1.30	1
38	45	11394	9	4	5	-0.26	-1
38	46	11149	9	3	6	-0.78	-1
38	47	10517	9	7	2	1.30	1
38	48	10473	9	3	6	-0.78	-1
38	49	10372	9	7	2	1.30	1
38	50	9818	8	3	5	-0.52	-1
38	51	9790	8	3	5	-0.52	-1
38	52	8767	6	2	4	-0.52	-1
38	53	8426	6	3	3	0.00	1
38	54	8189	6	3	3	0.00	1
38	55	8176	6	5	1	1.04	1
38	56	7041	4	1	3	-0.52	-1
38	57	6454	4	2	2	0.00	1
38	58	5690	1	1	0	0.26	1
38	59	5180	1	0	1	-0.26	-1
38	60	5073	1	1	0	0.26	1
38	61	5067	1	1	0	0.26	1
38	62	3820	1	0	1	-0.26	-1
38	63	3739	1	0	1	-0.26	-1
38	64	3453	1	1	0	0.26	1
38	65	3287	1	1	0	0.26	1
38	66	2509	1	1	0	0.26	1
38	67	2133	1	1	0	0.26	1
39	40	10751	10	5	5	0.00	1
39	41	18605	15	12	3	2.35	1
39	42	17688	13	3	10	-1.82	-1
39	43	17555	13	5	8	-0.78	-1
39	44	14199	10	4	6	-0.52	-1
39	45	15960	10	6	4	0.52	1
39	46	16786	13	8	5	0.78	1
39	47	16154	13	9	4	1.30	1
39	48	16110	13	9	4	1.30	1
39	49	11026	9	5	4	0.26	1
39	50	15455	12	10	2	2.09	1
39	51	15427	12	6	6	0.00	1
39	52	11678	7	4	3	0.26	1
39	53	14063	10	5	5	0.00	1
39	54	12472	7	4	3	0.26	1
39	55	13813	10	7	3	1.04	1
39	56	12678	8	3	5	-0.52	-1
39	57	12091	8	5	3	0.52	1
39	58	11327	5	1	4	-0.78	-1
39	59	10817	5	2	3	-0.26	-1
39	60	10710	5	2	3	-0.26	-1
39	61	10704	5	4	1	0.78	1
39	62	9457	5	3	2	0.26	1
39	63	9376	5	3	2	0.26	1
39	64	9090	5	3	2	0.26	1
39	65	8924	5	2	3	-0.26	-1
39	66	8146	5	3	2	0.26	1
39	67	7770	5	2	3	-0.26	-1
39	68	7344	4	2	2	0.00	1
39	69	6349	4	2	2	0.00	1
39	70	6132	4	0	4	-1.04	-1
39	71	5912	4	1	3	-0.52	-1
39	72	4602	4	3	1	0.52	1
39	73	3182	4	1	3	-0.52	-1
39	74	2877	3	1	2	-0.26	-1
39	75	2583	3	2	1	0.26	1
39	76	2410	3	1	2	-0.26	-1
39	77	1769	3	2	1	0.26	1
39	78	673	2	2	0	0.52	1
39	79	598	2	0	2	-0.52	-1
39	80	475	2	1	1	0.00	1
39	81	378	1	0	1	-0.26	-1
40	41	10330	10	6	4	0.52	1
40	42	9413	8	6	2	1.04	1
40	43	9280	8	3	5	-0.52	-1
40	44	8995	8	6	2	1.04	1
40	45	8756	8	6	2	1.04	1
40	46	8511	8	4	4	0.00	1
40	47	7879	8	4	4	0.00	1
40	48	7835	8	5	3	0.52	1
40	49	7734	8	3	5	-0.52	-1
40	50	7180	7	4	3	0.26	1
40	51	7152	7	3	4	-0.26	-1
40	52	6129	5	3	2	0.26	1
40	53	5788	5	3	2	0.26	1
40	54	5551	5	0	5	-1.30	-1
40	55	5538	5	0	5	-1.30	-1
40	56	4403	3	1	2	-0.26	-1
40	57	3816	3	0	3	-0.78	-1
41	42	18919	13	6	7	-0.26	-1
41	43	19600	15	6	9	-0.78	-1
41	44	14199	10	5	5	0.00	1
41	45	15960	10	6	4	0.52	1
41	46	17885	13	6	7	-0.26	-1
41	47	19286	17	8	9	-0.26	-1
41	48	20581	18	12	6	1.56	1
41	49	11026	9	4	5	-0.26	-1
41	50	20242	17	11	6	1.30	1
41	51	20214	17	5	12	-1.82	-1
41	52	11678	7	5	2	0.78	1
41	53	16949	13	6	7	-0.26	-1
41	54	12472	7	3	4	-0.26	-1
41	55	18600	15	8	7	0.26	1
41	56	17465	13	4	9	-1.30	-1
41	57	16878	13	2	11	-2.35	-1
41	58	16114	10	7	3	1.04	1
41	59	15604	10	3	7	-1.04	-1
41	60	15497	10	3	7	-1.04	-1
41	61	15491	10	3	7	-1.04	-1
41	62	12605	10	4	6	-0.52	-1
41	63	12470	9	7	2	1.30	1
41	64	13877	10	7	3	1.04	1
41	65	13711	10	4	6	-0.52	-1
41	66	12933	10	3	7	-1.04	-1
41	67	12557	10	4	6	-0.52	-1
41	68	12131	9	2	7	-1.30	-1
41	69	11136	9	3	6	-0.78	-1
41	70	10919	9	4	5	-0.26	-1
41	71	10699	9	8	1	1.82	1
41	72	9389	9	4	5	-0.26	-1
41	73	7969	9	3	6	-0.78	-1
41	74	7664	8	2	6	-1.04	-1
41	75	7370	8	1	7	-1.56	-1
41	76	7197	8	3	5	-0.52	-1
41	77	6556	8	5	3	0.52	1
41	78	5460	7	4	3	0.26	1
41	79	5385	7	2	5	-0.78	-1
41	80	5262	7	3	4	-0.26	-1
41	81	5165	6	4	2	0.52	1
41	82	5012	5	3	2	0.26	1
41	83	2361	2	1	1	0.00	1
41	84	1878	2	2	0	0.52	1
42	43	18786	13	7	6	0.26	1
42	44	14199	10	8	2	1.56	1
42	45	15960	10	6	4	0.52	1
42	46	17885	13	6	7	-0.26	-1
42	47	17385	13	5	8	-0.78	-1
42	48	17341	13	5	8	-0.78	-1
42	49	11026	9	5	4	0.26	1
42	50	16686	12	7	5	0.52	1
42	51	16658	12	5	7	-0.52	-1
42	52	11678	7	3	4	-0.26	-1
42	53	15294	10	6	4	0.52	1
42	54	12472	7	4	3	0.26	1
42	55	15044	10	5	5	0.00	1
42	56	13909	8	6	2	1.04	1
42	57	13322	8	4	4	0.00	1
42	58	12558	5	2	3	-0.26	-1
42	59	12048	5	4	1	0.78	1
42	60	11941	5	3	2	0.26	1
42	61	11935	5	3	2	0.26	1
42	62	10688	5	4	1	0.78	1
42	63	10607	5	2	3	-0.26	-1
42	64	10321	5	3	2	0.26	1
42	65	10155	5	2	3	-0.26	-1
42	66	9377	5	2	3	-0.26	-1
42	67	9001	5	2	3	-0.26	-1
42	68	8575	4	1	3	-0.52	-1
42	69	7580	4	1	3	-0.52	-1
42	70	7363	4	2	2	0.00	1
42	71	7143	4	0	4	-1.04	-1
42	72	5833	4	1	3	-0.52	-1
42	73	4413	4	2	2	0.00	1
42	74	4108	3	2	1	0.26	1
42	75	3814	3	2	1	0.26	1
42	76	3641	3	2	1	0.26	1
42	77	3000	3	2	1	0.26	1
42	78	1904	2	0	2	-0.52	-1
42	79	1829	2	1	1	0.00	1
42	80	1706	2	1	1	0.00	1
42	81	1609	1	0	1	-0.26	-1
43	44	14199	10	8	2	1.56	1
43	45	15960	10	4	6	-0.52	-1
43	46	17885	13	10	3	1.82	1
43	47	18199	15	9	6	0.78	1
43	48	18155	15	6	9	-0.78	-1
43	49	11026	9	6	3	0.78	1
43	50	17500	14	7	7	0.00	1
43	51	17472	14	6	8	-0.52	-1
43	52	11678	7	2	5	-0.78	-1
43	53	16108	12	7	5	0.52	1
43	54	12472	7	5	2	0.78	1
43	55	15858	12	3	9	-1.56	-1
43	56	14723	10	7	3	1.04	1
43	57	14136	10	7	3	1.04	1
43	58	13372	7	3	4	-0.26	-1
43	59	12862	7	3	4	-0.26	-1
43	60	12755	7	3	4	-0.26	-1
43	61	12749	7	4	3	0.26	1
43	62	11502	7	3	4	-0.26	-1
43	63	11421	7	4	3	0.26	1
43	64	11135	7	2	5	-0.78	-1
43	65	10969	7	4	3	0.26	1
43	66	10191	7	3	4	-0.26	-1
43	67	9815	7	5	2	0.78	1
43	68	9389	6	4	2	0.52	1
43	69	8394	6	5	1	1.04	1
43	70	8177	6	4	2	0.52	1
43	71	7957	6	1	5	-1.04	-1
43	72	6647	6	5	1	1.04	1
43	73	5227	6	2	4	-0.52	-1
43	74	4922	5	3	2	0.26	1
43	75	4628	5	3	2	0.26	1
43	76	4455	5	3	2	0.26	1
43	77	3814	5	3	2	0.26	1
43	78	2718	4	2	2	0.00	1
43	79	2643	4	2	2	0.00	1
43	80	2520	4	2	2	0.00	1
43	81	2423	3	1	2	-0.26	-1
43	82	2270	2	1	1	0.00	1
44	45	13960	10	2	8	-1.56	-1
44	46	13715	10	7	3	1.04	1
44	47	13083	10	5	5	0.00	1
44	48	13039	10	6	4	0.52	1
44	49	11026	9	6	3	0.78	1
44	50	12384	9	4	5	-0.26	-1
44	51	12356	9	4	5	-0.26	-1
44	52	11333	7	1	6	-1.30	-1
44	53	10992	7	3	4	-0.26	-1
44	54	10755	7	4	3	0.26	1
44	55	10742	7	2	5	-0.78	-1
44	56	9607	5	2	3	-0.26	-1
44	57	9020	5	3	2	0.26	1
44	58	8256	2	2	0	0.52	1
44	59	7746	2	2	0	0.52	1
44	60	7639	2	1	1	0.00	1
44	61	7633	2	1	1	0.00	1
44	62	6386	2	1	1	0.00	1
44	63	6305	2	0	2	-0.52	-1
44	64	6019	2	1	1	0.00	1
44	65	5853	2	0	2	-0.52	-1
44	66	5075	2	2	0	0.52	1
44	67	4699	2	0	2	-0.52	-1
44	68	4273	1	0	1	-0.26	-1
44	69	3278	1	1	0	0.26	1
44	70	3061	1	0	1	-0.26	-1
44	71	2841	1	0	1	-0.26	-1
44	72	1531	1	0	1	-0.26	-1
44	73	111	1	1	0	0.26	1
45	46	15715	10	5	5	0.00	1
45	47	15083	10	3	7	-1.04	-1
45	48	15039	10	4	6	-0.52	-1
45	49	11026	9	5	4	0.26	1
45	50	14384	9	3	6	-0.78	-1
45	51	14356	9	6	3	0.78	1
45	52	11678	7	4	3	0.26	1
45	53	12992	7	4	3	0.26	1
45	54	12472	7	4	3	0.26	1
45	55	12742	7	4	3	0.26	1
45	56	11607	5	1	4	-0.78	-1
45	57	11020	5	2	3	-0.26	-1
45	58	10256	2	1	1	0.00	1
45	59	9746	2	2	0	0.52	1
45	60	9639	2	1	1	0.00	1
45	61	9633	2	1	1	0.00	1
45	62	8386	2	1	1	0.00	1
45	63	8305	2	2	0	0.52	1
45	64	8019	2	0	2	-0.52	-1
45	65	7853	2	0	2	-0.52	-1
45	66	7075	2	1	1	0.00	1
45	67	6699	2	2	0	0.52	1
45	68	6273	1	1	0	0.26	1
45	69	5278	1	1	0	0.26	1
45	70	5061	1	0	1	-0.26	-1
45	71	4841	1	0	1	-0.26	-1
45	72	3531	1	1	0	0.26	1
45	73	2111	1	1	0	0.26	1
46	47	17253	13	7	6	0.26	1
46	48	17209	13	7	6	0.26	1
46	49	11026	9	1	8	-1.82	-1
46	50	16554	12	9	3	1.56	1
46	51	16526	12	9	3	1.56	1
46	52	11678	7	3	4	-0.26	-1
46	53	15162	10	4	6	-0.52	-1
46	54	12472	7	3	4	-0.26	-1
46	55	14912	10	6	4	0.52	1
46	56	13777	8	4	4	0.00	1
46	57	13190	8	2	6	-1.04	-1
46	58	12426	5	3	2	0.26	1
46	59	11916	5	3	2	0.26	1
46	60	11809	5	1	4	-0.78	-1
46	61	11803	5	4	1	0.78	1
46	62	10556	5	4	1	0.78	1
46	63	10475	5	3	2	0.26	1
46	64	10189	5	1	4	-0.78	-1
46	65	10023	5	1	4	-0.78	-1
46	66	9245	5	2	3	-0.26	-1
46	67	8869	5	3	2	0.26	1
46	68	8443	4	1	3	-0.52	-1
46	69	7448	4	4	0	1.04	1
46	70	7231	4	4	0	1.04	1
46	71	7011	4	3	1	0.52	1
46	72	5701	4	3	1	0.52	1
46	73	4281	4	2	2	0.00	1
46	74	3976	3	2	1	0.26	1
46	75	3682	3	2	1	0.26	1
46	76	3509	3	0	3	-0.78	-1
46	77	2868	3	1	2	-0.26	-1
46	78	1772	2	2	0	0.52	1
46	79	1697	2	0	2	-0.52	-1
46	80	1574	2	2	0	0.52	1
46	81	1477	1	0	1	-0.26	-1
47	48	19242	17	12	5	1.82	1
47	49	11026	9	6	3	0.78	1
47	50	18587	16	9	7	0.52	1
47	51	18559	16	10	6	1.04	1
47	52	11678	7	3	4	-0.26	-1
47	53	16949	13	6	7	-0.26	-1
47	54	12472	7	4	3	0.26	1
47	55	16945	14	9	5	1.04	1
47	56	15810	12	5	7	-0.52	-1
47	57	15223	12	6	6	0.00	1
47	58	14459	9	7	2	1.30	1
47	59	13949	9	3	6	-0.78	-1
47	60	13842	9	0	9	-2.35	-1
47	61	13836	9	6	3	0.78	1
47	62	12589	9	7	2	1.30	1
47	63	12470	9	4	5	-0.26	-1
47	64	12222	9	4	5	-0.26	-1
47	65	12056	9	7	2	1.30	1
47	66	11278	9	7	2	1.30	1
47	67	10902	9	6	3	0.78	1
47	68	10476	8	4	4	0.00	1
47	69	9481	8	4	4	0.00	1
47	70	9264	8	2	6	-1.04	-1
47	71	9044	8	4	4	0.00	1
47	72	7734	8	4	4	0.00	1
47	73	6314	8	4	4	0.00	1
47	74	6009	7	2	5	-0.78	-1
47	75	5715	7	6	1	1.30	1
47	76	5542	7	6	1	1.30	1
47	77	4901	7	1	6	-1.30	-1
47	78	3805	6	3	3	0.00	1
47	79	3730	6	2	4	-0.52	-1
47	80	3607	6	2	4	-0.52	-1
47	81	3510	5	3	2	0.26	1
47	82	3357	4	3	1	0.52	1
47	83	706	1	0	1	-0.26	-1
47	84	223	1	1	0	0.26	1
48	49	11026	9	4	5	-0.26	-1
48	50	19926	17	7	10	-0.78	-1
48	51	19898	17	8	9	-0.26	-1
48	52	11678	7	2	5	-0.78	-1
48	53	16949	13	6	7	-0.26	-1
48	54	12472	7	3	4	-0.26	-1
48	55	18284	15	5	10	-1.30	-1
48	56	17149	13	5	8	-0.78	-1
48	57	16562	13	4	9	-1.30	-1
48	58	15798	10	4	6	-0.52	-1
48	59	15288	10	4	6	-0.52	-1
48	60	15181	10	1	9	-2.09	-1
48	61	15175	10	3	7	-1.04	-1
48	62	12605	10	8	2	1.56	1
48	63	12470	9	3	6	-0.78	-1
48	64	13561	10	4	6	-0.52	-1
48	65	13395	10	4	6	-0.52	-1
48	66	12617	10	4	6	-0.52	-1
48	67	12241	10	5	5	0.00	1
48	68	11815	9	5	4	0.26	1
48	69	10820	9	5	4	0.26	1
48	70	10603	9	4	5	-0.26	-1
48	71	10383	9	4	5	-0.26	-1
48	72	9073	9	7	2	1.30	1
48	73	7653	9	5	4	0.26	1
48	74	7348	8	3	5	-0.52	-1
48	75	7054	8	3	5	-0.52	-1
48	76	6881	8	4	4	0.00	1
48	77	6240	8	8	0	2.09	1
48	78	5144	7	5	2	0.78	1
48	79	5069	7	4	3	0.26	1
48	80	4946	7	3	4	-0.26	-1
48	81	4849	6	1	5	-1.04	-1
48	82	4696	5	4	1	0.78	1
48	83	2045	2	1	1	0.00	1
48	84	1562	2	1	1	0.00	1
49	50	10472	8	4	4	0.00	1
49	51	10444	8	4	4	0.00	1
49	52	9421	6	2	4	-0.52	-1
49	53	9080	6	2	4	-0.52	-1
49	54	8843	6	3	3	0.00	1
49	55	8830	6	4	2	0.52	1
49	56	7695	4	1	3	-0.52	-1
49	57	7108	4	3	1	0.52	1
49	58	6344	1	0	1	-0.26	-1
49	59	5834	1	1	0	0.26	1
49	60	5727	1	0	1	-0.26	-1
49	61	5721	1	0	1	-0.26	-1
49	62	4474	1	1	0	0.26	1
49	63	4393	1	1	0	0.26	1
49	64	4107	1	1	0	0.26	1
49	65	3941	1	1	0	0.26	1
49	66	3163	1	0	1	-0.26	-1
49	67	2787	1	1	0	0.26	1
50	51	21725	17	10	7	0.78	1
50	52	11678	7	3	4	-0.26	-1
50	53	16949	13	9	4	1.30	1
50	54	12472	7	4	3	0.26	1
50	55	20355	16	7	9	-0.52	-1
50	56	17784	13	6	7	-0.26	-1
50	57	18633	14	10	4	1.56	1
50	58	17869	11	5	6	-0.26	-1
50	59	17359	11	8	3	1.30	1
50	60	17252	11	6	5	0.26	1
50	61	17246	11	9	2	1.82	1
50	62	12605	10	5	5	0.00	1
50	63	12470	9	4	5	-0.26	-1
50	64	15632	11	7	4	0.78	1
50	65	14999	10	6	4	0.52	1
50	66	14688	11	9	2	1.82	1
50	67	14312	11	4	7	-0.78	-1
50	68	13886	10	8	2	1.56	1
50	69	12196	9	6	3	0.78	1
50	70	12481	10	5	5	0.00	1
50	71	12454	10	6	4	0.52	1
50	72	11144	10	5	5	0.00	1
50	73	9724	10	4	6	-0.52	-1
50	74	9419	9	6	3	0.78	1
50	75	9125	9	6	3	0.78	1
50	76	8952	9	7	2	1.30	1
50	77	8311	9	4	5	-0.26	-1
50	78	7215	8	7	1	1.56	1
50	79	7140	8	4	4	0.00	1
50	80	7017	8	5	3	0.52	1
50	81	6920	7	4	3	0.26	1
50	82	6767	6	5	1	1.04	1
50	83	4116	3	2	1	0.26	1
50	84	3633	3	1	2	-0.26	-1
50	85	3079	1	0	1	-0.26	-1
50	86	2849	1	0	1	-0.26	-1
50	87	1092	1	1	0	0.26	1
50	88	758	1	0	1	-0.26	-1
50	89	727	1	0	1	-0.26	-1
51	52	11678	7	4	3	0.26	1
51	53	16949	13	7	6	0.26	1
51	54	12472	7	1	6	-1.30	-1
51	55	20111	15	10	5	1.30	1
51	56	17784	13	9	4	1.30	1
51	57	18389	13	10	3	1.82	1
51	58	17625	10	8	2	1.56	1
51	59	17115	10	3	7	-1.04	-1
51	60	17008	10	6	4	0.52	1
51	61	17002	10	6	4	0.52	1
51	62	12605	10	4	6	-0.52	-1
51	63	12470	9	8	1	1.82	1
51	64	15388	10	6	4	0.52	1
51	65	14999	10	7	3	1.04	1
51	66	14444	10	5	5	0.00	1
51	67	14068	10	3	7	-1.04	-1
51	68	13642	9	5	4	0.26	1
51	69	12196	9	5	4	0.26	1
51	70	12430	9	4	5	-0.26	-1
51	71	12210	9	2	7	-1.30	-1
51	72	10900	9	7	2	1.30	1
51	73	9480	9	2	7	-1.30	-1
51	74	9175	8	4	4	0.00	1
51	75	8881	8	4	4	0.00	1
51	76	8708	8	5	3	0.52	1
51	77	8067	8	3	5	-0.52	-1
51	78	6971	7	5	2	0.78	1
51	79	6896	7	4	3	0.26	1
51	80	6773	7	2	5	-0.78	-1
51	81	6676	6	3	3	0.00	1
51	82	6523	5	2	3	-0.26	-1
51	83	3872	2	1	1	0.00	1
51	84	3389	2	1	1	0.00	1
52	53	11337	7	3	4	-0.26	-1
52	54	11100	7	3	4	-0.26	-1
52	55	11087	7	3	4	-0.26	-1
52	56	9952	5	4	1	0.78	1
52	57	9365	5	0	5	-1.30	-1
52	58	8601	2	1	1	0.00	1
52	59	8091	2	0	2	-0.52	-1
52	60	7984	2	1	1	0.00	1
52	61	7978	2	0	2	-0.52	-1
52	62	6731	2	0	2	-0.52	-1
52	63	6650	2	0	2	-0.52	-1
52	64	6364	2	1	1	0.00	1
52	65	6198	2	2	0	0.52	1
52	66	5420	2	2	0	0.52	1
52	67	5044	2	1	1	0.00	1
52	68	4618	1	0	1	-0.26	-1
52	69	3623	1	1	0	0.26	1
52	70	3406	1	0	1	-0.26	-1
52	71	3186	1	1	0	0.26	1
52	72	1876	1	1	0	0.26	1
52	73	456	1	1	0	0.26	1
53	54	12472	7	4	3	0.26	1
53	55	16699	13	7	6	0.26	1
53	56	15564	11	3	8	-1.30	-1
53	57	14977	11	5	6	-0.26	-1
53	58	14213	8	4	4	0.00	1
53	59	13703	8	4	4	0.00	1
53	60	13596	8	7	1	1.56	1
53	61	13590	8	6	2	1.04	1
53	62	12343	8	4	4	0.00	1
53	63	12262	8	4	4	0.00	1
53	64	11976	8	3	5	-0.52	-1
53	65	11810	8	6	2	1.04	1
53	66	11032	8	4	4	0.00	1
53	67	10656	8	5	3	0.52	1
53	68	10230	7	4	3	0.26	1
53	69	9235	7	6	1	1.30	1
53	70	9018	7	4	3	0.26	1
53	71	8798	7	1	6	-1.30	-1
53	72	7488	7	2	5	-0.78	-1
53	73	6068	7	3	4	-0.26	-1
53	74	5763	6	4	2	0.52	1
53	75	5469	6	1	5	-1.04	-1
53	76	5296	6	2	4	-0.52	-1
53	77	4655	6	1	5	-1.04	-1
53	78	3559	5	2	3	-0.26	-1
53	79	3484	5	2	3	-0.26	-1
53	80	3361	5	3	2	0.26	1
53	81	3264	4	3	1	0.52	1
53	82	3111	3	2	1	0.26	1
54	55	12459	7	2	5	-0.78	-1
54	56	11324	5	2	3	-0.26	-1
54	57	10737	5	3	2	0.26	1
54	58	9973	2	0	2	-0.52	-1
54	59	9463	2	1	1	0.00	1
54	60	9356	2	2	0	0.52	1
54	61	9350	2	0	2	-0.52	-1
54	62	8103	2	0	2	-0.52	-1
54	63	8022	2	2	0	0.52	1
54	64	7736	2	2	0	0.52	1
54	65	7570	2	0	2	-0.52	-1
54	66	6792	2	1	1	0.00	1
54	67	6416	2	0	2	-0.52	-1
54	68	5990	1	1	0	0.26	1
54	69	4995	1	1	0	0.26	1
54	70	4778	1	0	1	-0.26	-1
54	71	4558	1	0	1	-0.26	-1
54	72	3248	1	0	1	-0.26	-1
54	73	1828	1	1	0	0.26	1
55	56	17784	13	5	8	-0.78	-1
55	57	18951	15	10	5	1.30	1
55	58	18187	12	8	4	1.04	1
55	59	17677	12	4	8	-1.04	-1
55	60	17570	12	5	7	-0.52	-1
55	61	17564	12	7	5	0.52	1
55	62	12605	10	5	5	0.00	1
55	63	12470	9	5	4	0.26	1
55	64	15950	12	5	7	-0.52	-1
55	65	14999	10	2	8	-1.56	-1
55	66	15006	12	6	6	0.00	1
55	67	14401	11	9	2	1.82	1
55	68	14204	11	6	5	0.26	1
55	69	12196	9	8	1	1.82	1
55	70	12481	10	4	6	-0.52	-1
55	71	12772	11	8	3	1.30	1
55	72	11462	11	8	3	1.30	1
55	73	10042	11	5	6	-0.26	-1
55	74	9737	10	7	3	1.04	1
55	75	9443	10	3	7	-1.04	-1
55	76	9270	10	3	7	-1.04	-1
55	77	8629	10	6	4	0.52	1
55	78	7533	9	5	4	0.26	1
55	79	7458	9	3	6	-0.78	-1
55	80	7335	9	6	3	0.78	1
55	81	7238	8	4	4	0.00	1
55	82	7085	7	5	2	0.78	1
55	83	4434	4	3	1	0.52	1
55	84	3951	4	2	2	0.00	1
55	85	3397	2	1	1	0.00	1
55	86	3167	2	2	0	0.52	1
55	87	1410	2	1	1	0.00	1
55	88	1076	2	1	1	0.00	1
55	89	1045	2	2	0	0.52	1
55	90	347	1	1	0	0.26	1
56	57	17197	13	6	7	-0.26	-1
56	58	16433	10	6	4	0.52	1
56	59	15923	10	6	4	0.52	1
56	60	15816	10	4	6	-0.52	-1
56	61	15810	10	8	2	1.56	1
56	62	12605	10	3	7	-1.04	-1
56	63	12470	9	3	6	-0.78	-1
56	64	14196	10	6	4	0.52	1
56	65	14030	10	7	3	1.04	1
56	66	13252	10	6	4	0.52	1
56	67	12876	10	7	3	1.04	1
56	68	12450	9	4	5	-0.26	-1
56	69	11455	9	9	0	2.35	1
56	70	11238	9	5	4	0.26	1
56	71	11018	9	7	2	1.30	1
56	72	9708	9	4	5	-0.26	-1
56	73	8288	9	3	6	-0.78	-1
56	74	7983	8	8	0	2.09	1
56	75	7689	8	4	4	0.00	1
56	76	7516	8	4	4	0.00	1
56	77	6875	8	5	3	0.52	1
56	78	5779	7	2	5	-0.78	-1
56	79	5704	7	4	3	0.26	1
56	80	5581	7	1	6	-1.30	-1
56	81	5484	6	4	2	0.52	1
56	82	5331	5	3	2	0.26	1
56	83	2680	2	0	2	-0.52	-1
56	84	2197	2	2	0	0.52	1
57	58	20473	14	3	11	-2.09	-1
57	59	19963	14	10	4	1.56	1
57	60	18374	12	6	6	0.00	1
57	61	18327	12	7	5	0.52	1
57	62	12605	10	3	7	-1.04	-1
57	63	12470	9	6	3	0.78	1
57	64	18236	14	10	4	1.56	1
57	65	14999	10	4	6	-0.52	-1
57	66	17292	14	7	7	0.00	1
57	67	14401	11	3	8	-1.30	-1
57	68	16490	13	5	8	-0.78	-1
57	69	12196	9	5	4	0.26	1
57	70	12481	10	8	2	1.56	1
57	71	15003	13	10	3	1.82	1
57	72	12724	11	6	5	0.26	1
57	73	12328	13	8	5	0.78	1
57	74	12023	12	6	6	0.00	1
57	75	11729	12	6	6	0.00	1
57	76	11556	12	4	8	-1.04	-1
57	77	10915	12	3	9	-1.56	-1
57	78	9819	11	4	7	-0.78	-1
57	79	9744	11	8	3	1.30	1
57	80	9621	11	4	7	-0.78	-1
57	81	9524	10	9	1	2.09	1
57	82	9371	9	5	4	0.26	1
57	83	6720	6	1	5	-1.04	-1
57	84	6237	6	6	0	1.56	1
57	85	5683	4	2	2	0.00	1
57	86	5453	4	2	2	0.00	1
57	87	3696	4	1	3	-0.52	-1
57	88	3362	4	2	2	0.00	1
57	89	3331	4	2	2	0.00	1
57	90	2633	3	2	1	0.26	1
57	91	1289	2	1	1	0.00	1
57	92	1205	2	0	2	-0.52	-1
57	93	1006	2	0	2	-0.52	-1
57	94	610	1	0	1	-0.26	-1
58	59	21683	16	6	10	-1.04	-1
58	60	18374	12	7	5	0.52	1
58	61	18327	12	6	6	0.00	1
58	62	12605	10	6	4	0.52	1
58	63	12470	9	2	7	-1.30	-1
58	64	19956	16	10	6	1.04	1
58	65	14999	10	4	6	-0.52	-1
58	66	19012	16	8	8	0.00	1
58	67	14401	11	6	5	0.26	1
58	68	18210	15	9	6	0.78	1
58	69	12196	9	7	2	1.30	1
58	70	12481	10	6	4	0.52	1
58	71	15003	13	6	7	-0.26	-1
58	72	12724	11	5	6	-0.26	-1
58	73	14048	15	5	10	-1.30	-1
58	74	13743	14	7	7	0.00	1
58	75	13449	14	12	2	2.61	1
58	76	13276	14	11	3	2.09	1
58	77	12635	14	8	6	0.52	1
58	78	11539	13	7	6	0.26	1
58	79	11464	13	8	5	0.78	1
58	80	11341	13	4	9	-1.30	-1
58	81	11244	12	6	6	0.00	1
58	82	11091	11	5	6	-0.26	-1
58	83	8440	8	4	4	0.00	1
58	84	7957	8	6	2	1.04	1
58	85	7403	6	4	2	0.52	1
58	86	7173	6	5	1	1.04	1
58	87	5416	6	5	1	1.04	1
58	88	5082	6	6	0	1.56	1
58	89	5051	6	2	4	-0.52	-1
58	90	4353	5	1	4	-0.78	-1
58	91	3009	4	3	1	0.52	1
58	92	2925	4	3	1	0.52	1
58	93	2726	4	4	0	1.04	1
58	94	2330	3	3	0	0.78	1
58	95	1653	2	2	0	0.52	1
58	96	940	1	1	0	0.26	1
59	60	18374	12	4	8	-1.04	-1
59	61	18327	12	9	3	1.56	1
59	62	12605	10	4	6	-0.52	-1
59	63	12470	9	5	4	0.26	1
59	64	21180	17	8	9	-0.26	-1
59	65	14999	10	7	3	1.04	1
59	66	20527	17	8	9	-0.26	-1
59	67	14401	11	5	6	-0.26	-1
59	68	18415	16	8	8	0.00	1
59	69	12196	9	6	3	0.78	1
59	70	12481	10	7	3	1.04	1
59	71	15003	13	5	8	-0.78	-1
59	72	12724	11	7	4	0.78	1
59	73	16393	16	7	9	-0.52	-1
59	74	16088	15	6	9	-0.78	-1
59	75	15794	15	9	6	0.78	1
59	76	15621	15	8	7	0.26	1
59	77	14980	15	8	7	0.26	1
59	78	13884	14	7	7	0.00	1
59	79	13809	14	10	4	1.56	1
59	80	13686	14	6	8	-0.52	-1
59	81	13589	13	7	6	0.26	1
59	82	11417	12	4	8	-1.04	-1
59	83	10785	9	4	5	-0.26	-1
59	84	10302	9	4	5	-0.26	-1
59	85	9748	7	2	5	-0.78	-1
59	86	9518	7	4	3	0.26	1
59	87	7761	7	4	3	0.26	1
59	88	7427	7	3	4	-0.26	-1
59	89	7396	7	4	3	0.26	1
59	90	6698	6	4	2	0.52	1
59	91	5354	5	4	1	0.78	1
59	92	5270	5	1	4	-0.78	-1
59	93	5071	5	3	2	0.26	1
59	94	4675	4	1	3	-0.52	-1
59	95	3998	3	1	2	-0.26	-1
59	96	3285	2	1	1	0.00	1
59	97	2349	1	1	0	0.26	1
60	61	18327	12	7	5	0.52	1
60	62	12605	10	5	5	0.00	1
60	63	12470	9	4	5	-0.26	-1
60	64	16754	12	6	6	0.00	1
60	65	14999	10	6	4	0.52	1
60	66	15810	12	6	6	0.00	1
60	67	14401	11	5	6	-0.26	-1
60	68	15008	11	8	3	1.30	1
60	69	12196	9	4	5	-0.26	-1
60	70	12481	10	7	3	1.04	1
60	71	13576	11	5	6	-0.26	-1
60	72	12266	11	7	4	0.78	1
60	73	10846	11	6	5	0.26	1
60	74	10541	10	5	5	0.00	1
60	75	10247	10	4	6	-0.52	-1
60	76	10074	10	7	3	1.04	1
60	77	9433	10	4	6	-0.52	-1
60	78	8337	9	5	4	0.26	1
60	79	8262	9	6	3	0.78	1
60	80	8139	9	2	7	-1.30	-1
60	81	8042	8	5	3	0.52	1
60	82	7889	7	3	4	-0.26	-1
60	83	5238	4	2	2	0.00	1
60	84	4755	4	2	2	0.00	1
60	85	4201	2	2	0	0.52	1
60	86	3971	2	2	0	0.52	1
60	87	2214	2	1	1	0.00	1
60	88	1880	2	2	0	0.52	1
60	89	1849	2	0	2	-0.52	-1
60	90	1151	1	1	0	0.26	1
61	62	12605	10	6	4	0.52	1
61	63	12470	9	4	5	-0.26	-1
61	64	16713	12	6	6	0.00	1
61	65	14999	10	5	5	0.00	1
61	66	15769	12	7	5	0.52	1
61	67	14401	11	7	4	0.78	1
61	68	14967	11	4	7	-0.78	-1
61	69	12196	9	6	3	0.78	1
61	70	12481	10	7	3	1.04	1
61	71	13535	11	7	4	0.78	1
61	72	12225	11	8	3	1.30	1
61	73	10805	11	9	2	1.82	1
61	74	10500	10	6	4	0.52	1
61	75	10206	10	6	4	0.52	1
61	76	10033	10	7	3	1.04	1
61	77	9392	10	4	6	-0.52	-1
61	78	8296	9	2	7	-1.30	-1
61	79	8221	9	8	1	1.82	1
61	80	8098	9	6	3	0.78	1
61	81	8001	8	2	6	-1.04	-1
61	82	7848	7	1	6	-1.30	-1
61	83	5197	4	1	3	-0.52	-1
61	84	4714	4	2	2	0.00	1
61	85	4160	2	1	1	0.00	1
61	86	3930	2	1	1	0.00	1
61	87	2173	2	1	1	0.00	1
61	88	1839	2	1	1	0.00	1
61	89	1808	2	1	1	0.00	1
61	90	1110	1	1	0	0.26	1
62	63	12470	9	7	2	1.30	1
62	64	12238	10	5	5	0.00	1
62	65	12072	10	5	5	0.00	1
62	66	11294	10	4	6	-0.52	-1
62	67	10918	10	6	4	0.52	1
62	68	10492	9	4	5	-0.26	-1
62	69	9497	9	7	2	1.30	1
62	70	9280	9	3	6	-0.78	-1
62	71	9060	9	7	2	1.30	1
62	72	7750	9	4	5	-0.26	-1
62	73	6330	9	4	5	-0.26	-1
62	74	6025	8	4	4	0.00	1
62	75	5731	8	4	4	0.00	1
62	76	5558	8	4	4	0.00	1
62	77	4917	8	5	3	0.52	1
62	78	3821	7	4	3	0.26	1
62	79	3746	7	3	4	-0.26	-1
62	80	3623	7	3	4	-0.26	-1
62	81	3526	6	3	3	0.00	1
62	82	3373	5	4	1	0.78	1
62	83	722	2	1	1	0.00	1
62	84	239	2	1	1	0.00	1
63	64	12184	9	7	2	1.30	1
63	65	12018	9	5	4	0.26	1
63	66	11240	9	3	6	-0.78	-1
63	67	10864	9	4	5	-0.26	-1
63	68	10438	8	6	2	1.04	1
63	69	9443	8	5	3	0.52	1
63	70	9226	8	4	4	0.00	1
63	71	9006	8	3	5	-0.52	-1
63	72	7696	8	2	6	-1.04	-1
63	73	6276	8	3	5	-0.52	-1
63	74	5971	7	3	4	-0.26	-1
63	75	5677	7	2	5	-0.78	-1
63	76	5504	7	2	5	-0.78	-1
63	77	4863	7	5	2	0.78	1
63	78	3767	6	2	4	-0.52	-1
63	79	3692	6	3	3	0.00	1
63	80	3569	6	4	2	0.52	1
63	81	3472	5	1	4	-0.78	-1
63	82	3319	4	1	3	-0.52	-1
63	83	668	1	0	1	-0.26	-1
63	84	185	1	1	0	0.26	1
64	65	14999	10	6	4	0.52	1
64	66	20236	17	11	6	1.30	1
64	67	14401	11	8	3	1.30	1
64	68	18415	16	9	7	0.52	1
64	69	12196	9	5	4	0.26	1
64	70	12481	10	7	3	1.04	1
64	71	15003	13	7	6	0.26	1
64	72	12724	11	6	5	0.26	1
64	73	15272	16	10	6	1.04	1
64	74	14967	15	8	7	0.26	1
64	75	14673	15	11	4	1.82	1
64	76	14500	15	8	7	0.26	1
64	77	13859	15	9	6	0.78	1
64	78	12763	14	7	7	0.00	1
64	79	12688	14	8	6	0.52	1
64	80	12565	14	3	11	-2.09	-1
64	81	12468	13	7	6	0.26	1
64	82	11417	12	6	6	0.00	1
64	83	9664	9	3	6	-0.78	-1
64	84	9181	9	6	3	0.78	1
64	85	8627	7	4	3	0.26	1
64	86	8397	7	2	5	-0.78	-1
64	87	6640	7	2	5	-0.78	-1
64	88	6306	7	3	4	-0.26	-1
64	89	6275	7	3	4	-0.26	-1
64	90	5577	6	4	2	0.52	1
64	91	4233	5	4	1	0.78	1
64	92	4149	5	2	3	-0.26	-1
64	93	3950	5	4	1	0.78	1
64	94	3554	4	3	1	0.52	1
64	95	2877	3	3	0	0.78	1
64	96	2164	2	1	1	0.00	1
64	97	1228	1	0	1	-0.26	-1
65	66	14221	10	6	4	0.52	1
65	67	13845	10	6	4	0.52	1
65	68	13419	9	4	5	-0.26	-1
65	69	12196	9	4	5	-0.26	-1
65	70	12207	9	4	5	-0.26	-1
65	71	11987	9	3	6	-0.78	-1
65	72	10677	9	6	3	0.78	1
65	73	9257	9	2	7	-1.30	-1
65	74	8952	8	5	3	0.52	1
65	75	8658	8	3	5	-0.52	-1
65	76	8485	8	2	6	-1.04	-1
65	77	7844	8	3	5	-0.52	-1
65	78	6748	7	0	7	-1.82	-1
65	79	6673	7	2	5	-0.78	-1
65	80	6550	7	6	1	1.30	1
65	81	6453	6	4	2	0.52	1
65	82	6300	5	3	2	0.26	1
65	83	3649	2	2	0	0.52	1
65	84	3166	2	2	0	0.52	1
66	67	14401	11	7	4	0.78	1
66	68	18415	16	10	6	1.04	1
66	69	12196	9	3	6	-0.78	-1
66	70	12481	10	7	3	1.04	1
66	71	15003	13	5	8	-0.78	-1
66	72	12724	11	6	5	0.26	1
66	73	15563	16	9	7	0.52	1
66	74	15258	15	5	10	-1.30	-1
66	75	14964	15	9	6	0.78	1
66	76	14791	15	7	8	-0.26	-1
66	77	14150	15	7	8	-0.26	-1
66	78	13054	14	6	8	-0.52	-1
66	79	12979	14	7	7	0.00	1
66	80	12856	14	6	8	-0.52	-1
66	81	12759	13	5	8	-0.78	-1
66	82	11417	12	3	9	-1.56	-1
66	83	9955	9	5	4	0.26	1
66	84	9472	9	7	2	1.30	1
66	85	8918	7	1	6	-1.30	-1
66	86	8688	7	6	1	1.30	1
66	87	6931	7	3	4	-0.26	-1
66	88	6597	7	3	4	-0.26	-1
66	89	6566	7	3	4	-0.26	-1
66	90	5868	6	4	2	0.52	1
66	91	4524	5	3	2	0.26	1
66	92	4440	5	2	3	-0.26	-1
66	93	4241	5	2	3	-0.26	-1
66	94	3845	4	2	2	0.00	1
66	95	3168	3	2	1	0.26	1
66	96	2455	2	0	2	-0.52	-1
66	97	1519	1	1	0	0.26	1
67	68	13975	10	7	3	1.04	1
67	69	12196	9	6	3	0.78	1
67	70	12481	10	4	6	-0.52	-1
67	71	12543	10	3	7	-1.04	-1
67	72	11233	10	6	4	0.52	1
67	73	9813	10	5	5	0.00	1
67	74	9508	9	7	2	1.30	1
67	75	9214	9	3	6	-0.78	-1
67	76	9041	9	3	6	-0.78	-1
67	77	8400	9	3	6	-0.78	-1
67	78	7304	8	4	4	0.00	1
67	79	7229	8	3	5	-0.52	-1
67	80	7106	8	2	6	-1.04	-1
67	81	7009	7	3	4	-0.26	-1
67	82	6856	6	3	3	0.00	1
67	83	4205	3	2	1	0.26	1
67	84	3722	3	2	1	0.26	1
67	85	3168	1	1	0	0.26	1
67	86	2938	1	1	0	0.26	1
67	87	1181	1	1	0	0.26	1
67	88	847	1	0	1	-0.26	-1
67	89	816	1	0	1	-0.26	-1
68	69	12196	9	1	8	-1.82	-1
68	70	12481	10	4	6	-0.52	-1
68	71	15003	13	7	6	0.26	1
68	72	12724	11	6	5	0.26	1
68	73	14253	16	10	6	1.04	1
68	74	13948	15	7	8	-0.26	-1
68	75	13654	15	7	8	-0.26	-1
68	76	13481	15	7	8	-0.26	-1
68	77	12840	15	7	8	-0.26	-1
68	78	11744	14	5	9	-1.04	-1
68	79	11669	14	7	7	0.00	1
68	80	11546	14	5	9	-1.04	-1
68	81	11449	13	3	10	-1.82	-1
68	82	11296	12	2	10	-2.09	-1
68	83	8645	9	4	5	-0.26	-1
68	84	8162	9	3	6	-0.78	-1
68	85	7608	7	3	4	-0.26	-1
68	86	7378	7	6	1	1.30	1
68	87	5621	7	2	5	-0.78	-1
68	88	5287	7	5	2	0.78	1
68	89	5256	7	4	3	0.26	1
68	90	4558	6	5	1	1.04	1
68	91	3214	5	1	4	-0.78	-1
68	92	3130	5	2	3	-0.26	-1
68	93	2931	5	4	1	0.78	1
68	94	2535	4	2	2	0.00	1
68	95	1858	3	1	2	-0.26	-1
68	96	1145	2	2	0	0.52	1
68	97	209	1	1	0	0.26	1
69	70	11979	9	5	4	0.26	1
69	71	11759	9	5	4	0.26	1
69	72	10449	9	3	6	-0.78	-1
69	73	9029	9	5	4	0.26	1
69	74	8724	8	4	4	0.00	1
69	75	8430	8	4	4	0.00	1
69	76	8257	8	3	5	-0.52	-1
69	77	7616	8	6	2	1.04	1
69	78	6520	7	1	6	-1.30	-1
69	79	6445	7	3	4	-0.26	-1
69	80	6322	7	4	3	0.26	1
69	81	6225	6	4	2	0.52	1
69	82	6072	5	2	3	-0.26	-1
69	83	3421	2	1	1	0.00	1
69	84	2938	2	0	2	-0.52	-1
70	71	12261	10	6	4	0.52	1
70	72	10951	10	5	5	0.00	1
70	73	9531	10	5	5	0.00	1
70	74	9226	9	4	5	-0.26	-1
70	75	8932	9	5	4	0.26	1
70	76	8759	9	4	5	-0.26	-1
70	77	8118	9	3	6	-0.78	-1
70	78	7022	8	2	6	-1.04	-1
70	79	6947	8	6	2	1.04	1
70	80	6824	8	4	4	0.00	1
70	81	6727	7	3	4	-0.26	-1
70	82	6574	6	3	3	0.00	1
70	83	3923	3	0	3	-0.78	-1
70	84	3440	3	3	0	0.78	1
70	85	2886	1	0	1	-0.26	-1
70	86	2656	1	0	1	-0.26	-1
70	87	899	1	1	0	0.26	1
70	88	565	1	0	1	-0.26	-1
70	89	534	1	0	1	-0.26	-1
71	72	12724	11	7	4	0.78	1
71	73	12273	13	4	9	-1.30	-1
71	74	11968	12	8	4	1.04	1
71	75	11674	12	6	6	0.00	1
71	76	11501	12	10	2	2.09	1
71	77	10860	12	8	4	1.04	1
71	78	9764	11	6	5	0.26	1
71	79	9689	11	7	4	0.78	1
71	80	9566	11	4	7	-0.78	-1
71	81	9469	10	5	5	0.00	1
71	82	9316	9	4	5	-0.26	-1
71	83	6665	6	4	2	0.52	1
71	84	6182	6	2	4	-0.52	-1
71	85	5628	4	3	1	0.52	1
71	86	5398	4	2	2	0.00	1
71	87	3641	4	2	2	0.00	1
71	88	3307	4	1	3	-0.52	-1
71	89	3276	4	3	1	0.52	1
71	90	2578	3	2	1	0.26	1
71	91	1234	2	0	2	-0.52	-1
71	92	1150	2	0	2	-0.52	-1
71	93	951	2	1	1	0.00	1
71	94	555	1	1	0	0.26	1
72	73	11304	11	6	5	0.26	1
72	74	10999	10	7	3	1.04	1
72	75	10705	10	4	6	-0.52	-1
72	76	10532	10	8	2	1.56	1
72	77	9891	10	4	6	-0.52	-1
72	78	8795	9	4	5	-0.26	-1
72	79	8720	9	5	4	0.26	1
72	80	8597	9	4	5	-0.26	-1
72	81	8500	8	6	2	1.04	1
72	82	8347	7	6	1	1.30	1
72	83	5696	4	2	2	0.00	1
72	84	5213	4	1	3	-0.52	-1
72	85	4659	2	0	2	-0.52	-1
72	86	4429	2	2	0	0.52	1
72	87	2672	2	0	2	-0.52	-1
72	88	2338	2	0	2	-0.52	-1
72	89	2307	2	0	2	-0.52	-1
72	90	1609	1	1	0	0.26	1
73	74	18059	15	4	11	-1.82	-1
73	75	17232	15	6	9	-0.78	-1
73	76	17436	15	11	4	1.82	1
73	77	17153	15	9	6	0.78	1
73	78	16057	14	7	7	0.00	1
73	79	15982	14	7	7	0.00	1
73	80	15859	14	12	2	2.61	1
73	81	15762	13	9	4	1.30	1
73	82	11417	12	5	7	-0.52	-1
73	83	12958	9	6	3	0.78	1
73	84	12475	9	4	5	-0.26	-1
73	85	11921	7	4	3	0.26	1
73	86	11691	7	5	2	0.78	1
73	87	9934	7	2	5	-0.78	-1
73	88	9600	7	6	1	1.30	1
73	89	9569	7	3	4	-0.26	-1
73	90	8871	6	3	3	0.00	1
73	91	7527	5	2	3	-0.26	-1
73	92	7443	5	3	2	0.26	1
73	93	7244	5	4	1	0.78	1
73	94	6848	4	3	1	0.52	1
73	95	6171	3	0	3	-0.78	-1
73	96	5458	2	2	0	0.52	1
73	97	4522	1	0	1	-0.26	-1
74	75	17232	15	7	8	-0.26	-1
74	76	17436	15	10	5	1.30	1
74	77	16951	15	6	9	-0.78	-1
74	78	15855	14	10	4	1.56	1
74	79	15780	14	9	5	1.04	1
74	80	15657	14	5	9	-1.04	-1
74	81	15560	13	7	6	0.26	1
74	82	11417	12	4	8	-1.04	-1
74	83	12756	9	3	6	-0.78	-1
74	84	12273	9	3	6	-0.78	-1
74	85	11719	7	1	6	-1.30	-1
74	86	11489	7	5	2	0.78	1
74	87	9732	7	4	3	0.26	1
74	88	9398	7	2	5	-0.78	-1
74	89	9367	7	2	5	-0.78	-1
74	90	8669	6	4	2	0.52	1
74	91	7325	5	2	3	-0.26	-1
74	92	7241	5	4	1	0.78	1
74	93	7042	5	3	2	0.26	1
74	94	6646	4	2	2	0.00	1
74	95	5969	3	0	3	-0.78	-1
74	96	5256	2	0	2	-0.52	-1
74	97	4320	1	1	0	0.26	1
75	76	17059	15	10	5	1.30	1
75	77	16418	15	7	8	-0.26	-1
75	78	15322	14	9	5	1.04	1
75	79	15247	14	6	8	-0.52	-1
75	80	15124	14	3	11	-2.09	-1
75	81	15027	13	6	7	-0.26	-1
75	82	11417	12	4	8	-1.04	-1
75	83	12223	9	1	8	-1.82	-1
75	84	11740	9	6	3	0.78	1
75	85	11186	7	5	2	0.78	1
75	86	10956	7	4	3	0.26	1
75	87	9199	7	2	5	-0.78	-1
75	88	8865	7	5	2	0.78	1
75	89	8834	7	2	5	-0.78	-1
75	90	8136	6	4	2	0.52	1
75	91	6792	5	2	3	-0.26	-1
75	92	6708	5	2	3	-0.26	-1
75	93	6509	5	1	4	-0.78	-1
75	94	6113	4	3	1	0.52	1
75	95	5436	3	3	0	0.78	1
75	96	4723	2	1	1	0.00	1
75	97	3787	1	0	1	-0.26	-1
76	77	16795	15	6	9	-0.78	-1
76	78	15699	14	7	7	0.00	1
76	79	15624	14	7	7	0.00	1
76	80	15501	14	5	9	-1.04	-1
76	81	15404	13	7	6	0.26	1
76	82	11417	12	6	6	0.00	1
76	83	12600	9	5	4	0.26	1
76	84	12117	9	8	1	1.82	1
76	85	11563	7	3	4	-0.26	-1
76	86	11333	7	1	6	-1.30	-1
76	87	9576	7	3	4	-0.26	-1
76	88	9242	7	5	2	0.78	1
76	89	9211	7	2	5	-0.78	-1
76	90	8513	6	0	6	-1.56	-1
76	91	7169	5	1	4	-0.78	-1
76	92	7085	5	3	2	0.26	1
76	93	6886	5	1	4	-0.78	-1
76	94	6490	4	4	0	1.04	1
76	95	5813	3	2	1	0.26	1
76	96	5100	2	1	1	0.00	1
76	97	4164	1	1	0	0.26	1
77	78	16204	14	7	7	0.00	1
77	79	16412	15	8	7	0.26	1
77	80	16289	15	9	6	0.78	1
77	81	16192	14	6	8	-0.52	-1
77	82	11417	12	6	6	0.00	1
77	83	13388	10	3	7	-1.04	-1
77	84	12905	10	2	8	-1.56	-1
77	85	12351	8	3	5	-0.52	-1
77	86	12121	8	4	4	0.00	1
77	87	10364	8	4	4	0.00	1
77	88	10030	8	3	5	-0.52	-1
77	89	9999	8	7	1	1.56	1
77	90	9301	7	3	4	-0.26	-1
77	91	7957	6	3	3	0.00	1
77	92	7873	6	4	2	0.52	1
77	93	7674	6	3	3	0.00	1
77	94	7278	5	3	2	0.26	1
77	95	6601	4	1	3	-0.52	-1
77	96	5888	3	2	1	0.26	1
77	97	4952	2	0	2	-0.52	-1
77	98	4203	1	1	0	0.26	1
77	99	3232	1	0	1	-0.26	-1
77	100	2043	1	0	1	-0.26	-1
77	101	797	1	0	1	-0.26	-1
77	102	680	1	1	0	0.26	1
78	79	16129	14	6	8	-0.52	-1
78	80	16006	14	7	7	0.00	1
78	81	15909	13	5	8	-0.78	-1
78	82	11417	12	7	5	0.52	1
78	83	13105	9	4	5	-0.26	-1
78	84	12622	9	4	5	-0.26	-1
78	85	12068	7	5	2	0.78	1
78	86	11838	7	2	5	-0.78	-1
78	87	10081	7	2	5	-0.78	-1
78	88	9747	7	2	5	-0.78	-1
78	89	9716	7	3	4	-0.26	-1
78	90	9018	6	1	5	-1.04	-1
78	91	7674	5	5	0	1.30	1
78	92	7590	5	2	3	-0.26	-1
78	93	7391	5	1	4	-0.78	-1
78	94	6995	4	2	2	0.00	1
78	95	6318	3	1	2	-0.26	-1
78	96	5605	2	1	1	0.00	1
78	97	4669	1	0	1	-0.26	-1
79	80	21787	16	6	10	-1.04	-1
79	81	16207	14	9	5	1.04	1
79	82	11417	12	7	5	0.52	1
79	83	16818	11	5	6	-0.26	-1
79	84	15843	11	5	6	-0.26	-1
79	85	13687	8	4	4	0.00	1
79	86	14887	9	4	5	-0.26	-1
79	87	18834	10	3	7	-1.04	-1
79	88	18500	10	3	7	-1.04	-1
79	89	15875	10	5	5	0.00	1
79	90	17771	9	3	6	-0.78	-1
79	91	16427	8	2	6	-1.04	-1
79	92	15952	8	2	6	-1.04	-1
79	93	16144	8	5	3	0.52	1
79	94	14733	7	6	1	1.30	1
79	95	15071	6	4	2	0.52	1
79	96	14358	5	2	3	-0.26	-1
79	97	13422	4	2	2	0.00	1
79	98	12673	3	3	0	0.78	1
79	99	11702	3	2	1	0.26	1
79	100	10513	3	2	1	0.26	1
79	101	9267	3	2	1	0.26	1
79	102	9150	3	2	1	0.26	1
79	103	8632	2	1	1	0.00	1
79	104	8328	2	0	2	-0.52	-1
79	105	8030	2	1	1	0.00	1
79	106	7766	2	1	1	0.00	1
79	107	6658	2	0	2	-0.52	-1
79	108	6165	1	1	0	0.26	1
79	109	6049	1	1	0	0.26	1
79	110	5759	1	0	1	-0.26	-1
79	111	5407	1	0	1	-0.26	-1
79	112	3678	1	1	0	0.26	1
79	113	3545	1	1	0	0.26	1
79	114	3433	1	0	1	-0.26	-1
80	81	16207	14	4	10	-1.56	-1
80	82	11417	12	7	5	0.52	1
80	83	16818	11	7	4	0.78	1
80	84	15843	11	4	7	-0.78	-1
80	85	13687	8	5	3	0.52	1
80	86	14887	9	2	7	-1.30	-1
80	87	15862	9	9	0	2.35	1
80	88	15528	9	5	4	0.26	1
80	89	15497	9	5	4	0.26	1
80	90	14799	8	2	6	-1.04	-1
80	91	13455	7	5	2	0.78	1
80	92	13371	7	5	2	0.78	1
80	93	13172	7	4	3	0.26	1
80	94	12776	6	4	2	0.52	1
80	95	12099	5	2	3	-0.26	-1
80	96	11386	4	3	1	0.52	1
80	97	10450	3	1	2	-0.26	-1
80	98	9701	2	1	1	0.00	1
80	99	8730	2	2	0	0.52	1
80	100	7541	2	1	1	0.00	1
80	101	6295	2	1	1	0.00	1
80	102	6178	2	0	2	-0.52	-1
80	103	5660	1	1	0	0.26	1
80	104	5356	1	1	0	0.26	1
80	105	5058	1	0	1	-0.26	-1
80	106	4794	1	1	0	0.26	1
80	107	3686	1	0	1	-0.26	-1
81	82	11417	12	6	6	0.00	1
81	83	13403	10	4	6	-0.52	-1
81	84	12920	10	5	5	0.00	1
81	85	12366	8	4	4	0.00	1
81	86	12136	8	2	6	-1.04	-1
81	87	10379	8	4	4	0.00	1
81	88	10045	8	4	4	0.00	1
81	89	10014	8	5	3	0.52	1
81	90	9316	7	5	2	0.78	1
81	91	7972	6	4	2	0.52	1
81	92	7888	6	4	2	0.52	1
81	93	7689	6	4	2	0.52	1
81	94	7293	5	4	1	0.78	1
81	95	6616	4	1	3	-0.52	-1
81	96	5903	3	0	3	-0.78	-1
81	97	4967	2	2	0	0.52	1
81	98	4218	1	0	1	-0.26	-1
81	99	3247	1	1	0	0.26	1
81	100	2058	1	0	1	-0.26	-1
81	101	812	1	1	0	0.26	1
81	102	695	1	0	1	-0.26	-1
82	83	8766	9	2	7	-1.30	-1
82	84	8283	9	4	5	-0.26	-1
82	85	7729	7	6	1	1.30	1
82	86	7499	7	2	5	-0.78	-1
82	87	5742	7	6	1	1.30	1
82	88	5408	7	3	4	-0.26	-1
82	89	5377	7	2	5	-0.78	-1
82	90	4679	6	1	5	-1.04	-1
82	91	3335	5	4	1	0.78	1
82	92	3251	5	4	1	0.78	1
82	93	3052	5	1	4	-0.78	-1
82	94	2656	4	3	1	0.52	1
82	95	1979	3	1	2	-0.26	-1
82	96	1266	2	1	1	0.00	1
82	97	330	1	1	0	0.26	1
83	84	15843	11	7	4	0.78	1
83	85	13687	8	4	4	0.00	1
83	86	14887	9	5	4	0.26	1
83	87	13794	9	4	5	-0.26	-1
83	88	13460	9	5	4	0.26	1
83	89	13429	9	3	6	-0.78	-1
83	90	12731	8	4	4	0.00	1
83	91	11387	7	4	3	0.26	1
83	92	11303	7	2	5	-0.78	-1
83	93	11104	7	2	5	-0.78	-1
83	94	10708	6	5	1	1.04	1
83	95	10031	5	3	2	0.26	1
83	96	9318	4	3	1	0.52	1
83	97	8382	3	0	3	-0.78	-1
83	98	7633	2	1	1	0.00	1
83	99	6662	2	0	2	-0.52	-1
83	100	5473	2	0	2	-0.52	-1
83	101	4227	2	0	2	-0.52	-1
83	102	4110	2	1	1	0.00	1
83	103	3592	1	0	1	-0.26	-1
83	104	3288	1	1	0	0.26	1
83	105	2990	1	1	0	0.26	1
83	106	2726	1	1	0	0.26	1
83	107	1618	1	0	1	-0.26	-1
84	85	13687	8	1	7	-1.56	-1
84	86	14887	9	4	5	-0.26	-1
84	87	13302	9	6	3	0.78	1
84	88	12968	9	5	4	0.26	1
84	89	12937	9	3	6	-0.78	-1
84	90	12239	8	2	6	-1.04	-1
84	91	10895	7	5	2	0.78	1
84	92	10811	7	1	6	-1.30	-1
84	93	10612	7	1	6	-1.30	-1
84	94	10216	6	3	3	0.00	1
84	95	9539	5	3	2	0.26	1
84	96	8826	4	1	3	-0.52	-1
84	97	7890	3	1	2	-0.26	-1
84	98	7141	2	1	1	0.00	1
84	99	6170	2	1	1	0.00	1
84	100	4981	2	1	1	0.00	1
84	101	3735	2	1	1	0.00	1
84	102	3618	2	1	1	0.00	1
84	103	3100	1	0	1	-0.26	-1
84	104	2796	1	0	1	-0.26	-1
84	105	2498	1	0	1	-0.26	-1
84	106	2234	1	0	1	-0.26	-1
84	107	1126	1	0	1	-0.26	-1
85	86	13457	8	5	3	0.52	1
85	87	11700	8	6	2	1.04	1
85	88	11366	8	3	5	-0.52	-1
85	89	11335	8	6	2	1.04	1
85	90	10637	7	5	2	0.78	1
85	91	9293	6	4	2	0.52	1
85	92	9209	6	4	2	0.52	1
85	93	9010	6	3	3	0.00	1
85	94	8614	5	2	3	-0.26	-1
85	95	7937	4	1	3	-0.52	-1
85	96	7224	3	2	1	0.26	1
85	97	6288	2	0	2	-0.52	-1
85	98	5539	1	0	1	-0.26	-1
85	99	4568	1	0	1	-0.26	-1
85	100	3379	1	0	1	-0.26	-1
85	101	2133	1	1	0	0.26	1
85	102	2016	1	0	1	-0.26	-1
86	87	13130	9	2	7	-1.30	-1
86	88	12796	9	5	4	0.26	1
86	89	12765	9	2	7	-1.30	-1
86	90	12067	8	3	5	-0.52	-1
86	91	10723	7	2	5	-0.78	-1
86	92	10639	7	4	3	0.26	1
86	93	10440	7	4	3	0.26	1
86	94	10044	6	3	3	0.00	1
86	95	9367	5	2	3	-0.26	-1
86	96	8654	4	4	0	1.04	1
86	97	7718	3	1	2	-0.26	-1
86	98	6969	2	2	0	0.52	1
86	99	5998	2	1	1	0.00	1
86	100	4809	2	2	0	0.52	1
86	101	3563	2	2	0	0.52	1
86	102	3446	2	2	0	0.52	1
86	103	2928	1	0	1	-0.26	-1
86	104	2624	1	0	1	-0.26	-1
86	105	2326	1	0	1	-0.26	-1
86	106	2062	1	0	1	-0.26	-1
86	107	954	1	0	1	-0.26	-1
87	88	19895	12	4	8	-1.04	-1
87	89	15875	10	6	4	0.52	1
87	90	19166	11	7	4	0.78	1
87	91	17822	10	7	3	1.04	1
87	92	15952	8	5	3	0.52	1
87	93	17539	10	6	4	0.52	1
87	94	14733	7	1	6	-1.30	-1
87	95	16466	8	4	4	0.00	1
87	96	15753	7	1	6	-1.30	-1
87	97	14817	6	2	4	-0.52	-1
87	98	14068	5	2	3	-0.26	-1
87	99	13097	5	1	4	-0.78	-1
87	100	11908	5	1	4	-0.78	-1
87	101	10662	5	1	4	-0.78	-1
87	102	10545	5	3	2	0.26	1
87	103	10027	4	4	0	1.04	1
87	104	9723	4	2	2	0.00	1
87	105	9425	4	3	1	0.52	1
87	106	9161	4	2	2	0.00	1
87	107	8053	4	4	0	1.04	1
87	108	7560	3	2	1	0.26	1
87	109	7444	3	1	2	-0.26	-1
87	110	7154	3	2	1	0.26	1
87	111	6802	3	1	2	-0.26	-1
87	112	5073	3	1	2	-0.26	-1
87	113	4940	3	2	1	0.26	1
87	114	4828	3	1	2	-0.26	-1
87	115	3448	2	2	0	0.52	1
87	116	3082	2	1	1	0.00	1
87	117	2702	2	0	2	-0.52	-1
87	118	2471	2	1	1	0.00	1
87	119	1816	2	2	0	0.52	1
87	120	1571	2	1	1	0.00	1
87	121	971	1	1	0	0.26	1
87	122	764	1	1	0	0.26	1
88	89	15875	10	4	6	-0.52	-1
88	90	20118	11	6	5	0.26	1
88	91	18774	10	5	5	0.00	1
88	92	15952	8	1	7	-1.56	-1
88	93	18491	10	6	4	0.52	1
88	94	14733	7	5	2	0.78	1
88	95	17418	8	5	3	0.52	1
88	96	16705	7	5	2	0.78	1
88	97	15769	6	4	2	0.52	1
88	98	15020	5	1	4	-0.78	-1
88	99	14049	5	4	1	0.78	1
88	100	12860	5	3	2	0.26	1
88	101	11614	5	3	2	0.26	1
88	102	11497	5	2	3	-0.26	-1
88	103	10979	4	3	1	0.52	1
88	104	10675	4	3	1	0.52	1
88	105	10377	4	2	2	0.00	1
88	106	10113	4	0	4	-1.04	-1
88	107	9005	4	2	2	0.00	1
88	108	8512	3	1	2	-0.26	-1
88	109	8396	3	1	2	-0.26	-1
88	110	8106	3	2	1	0.26	1
88	111	7754	3	1	2	-0.26	-1
88	112	6025	3	1	2	-0.26	-1
88	113	5892	3	0	3	-0.78	-1
88	114	5780	3	0	3	-0.78	-1
88	115	4400	2	1	1	0.00	1
88	116	4034	2	2	0	0.52	1
88	117	3654	2	0	2	-0.52	-1
88	118	3423	2	0	2	-0.52	-1
88	119	2768	2	0	2	-0.52	-1
88	120	2523	2	0	2	-0.52	-1
88	121	1923	1	1	0	0.26	1
88	122	1716	1	1	0	0.26	1
89	90	15177	9	4	5	-0.26	-1
89	91	13833	8	7	1	1.56	1
89	92	13749	8	5	3	0.52	1
89	93	13550	8	4	4	0.00	1
89	94	13154	7	5	2	0.78	1
89	95	12477	6	2	4	-0.52	-1
89	96	11764	5	3	2	0.26	1
89	97	10828	4	3	1	0.52	1
89	98	10079	3	1	2	-0.26	-1
89	99	9108	3	2	1	0.26	1
89	100	7919	3	1	2	-0.26	-1
89	101	6673	3	1	2	-0.26	-1
89	102	6556	3	1	2	-0.26	-1
89	103	6038	2	0	2	-0.52	-1
89	104	5734	2	1	1	0.00	1
89	105	5436	2	0	2	-0.52	-1
89	106	5172	2	1	1	0.00	1
89	107	4064	2	1	1	0.00	1
89	108	3571	1	1	0	0.26	1
89	109	3455	1	0	1	-0.26	-1
89	110	3165	1	0	1	-0.26	-1
89	111	2813	1	0	1	-0.26	-1
89	112	1084	1	1	0	0.26	1
89	113	951	1	0	1	-0.26	-1
89	114	839	1	0	1	-0.26	-1
90	91	20057	10	5	5	0.00	1
90	92	15952	8	2	6	-1.04	-1
90	93	19774	10	4	6	-0.52	-1
90	94	14733	7	3	4	-0.26	-1
90	95	17575	8	4	4	0.00	1
90	96	17988	7	3	4	-0.26	-1
90	97	17052	6	2	4	-0.52	-1
90	98	16303	5	2	3	-0.26	-1
90	99	15332	5	3	2	0.26	1
90	100	14143	5	4	1	0.78	1
90	101	12897	5	3	2	0.26	1
90	102	11982	5	4	1	0.78	1
90	103	12262	4	2	2	0.00	1
90	104	11958	4	3	1	0.52	1
90	105	11660	4	3	1	0.52	1
90	106	11396	4	2	2	0.00	1
90	107	10288	4	1	3	-0.52	-1
90	108	9795	3	2	1	0.26	1
90	109	9679	3	1	2	-0.26	-1
90	110	9389	3	3	0	0.78	1
90	111	9037	3	0	3	-0.78	-1
90	112	7308	3	1	2	-0.26	-1
90	113	7175	3	2	1	0.26	1
90	114	7063	3	1	2	-0.26	-1
90	115	5683	2	1	1	0.00	1
90	116	5317	2	1	1	0.00	1
90	117	4937	2	2	0	0.52	1
90	118	4706	2	0	2	-0.52	-1
90	119	4051	2	1	1	0.00	1
90	120	3806	2	0	2	-0.52	-1
90	121	3206	1	0	1	-0.26	-1
90	122	2999	1	1	0	0.26	1
91	92	15952	8	5	3	0.52	1
91	93	20614	10	2	8	-1.56	-1
91	94	14733	7	2	5	-0.78	-1
91	95	17575	8	3	5	-0.52	-1
91	96	18828	7	2	5	-0.78	-1
91	97	17892	6	3	3	0.00	1
91	98	17143	5	5	0	1.30	1
91	99	16172	5	2	3	-0.26	-1
91	100	14983	5	1	4	-0.78	-1
91	101	13737	5	2	3	-0.26	-1
91	102	11982	5	4	1	0.78	1
91	103	13102	4	1	3	-0.52	-1
91	104	12798	4	3	1	0.52	1
91	105	12500	4	0	4	-1.04	-1
91	106	12236	4	4	0	1.04	1
91	107	11128	4	3	1	0.52	1
91	108	10635	3	1	2	-0.26	-1
91	109	10519	3	2	1	0.26	1
91	110	10229	3	3	0	0.78	1
91	111	9877	3	1	2	-0.26	-1
91	112	8148	3	1	2	-0.26	-1
91	113	8015	3	1	2	-0.26	-1
91	114	7903	3	1	2	-0.26	-1
91	115	6523	2	2	0	0.52	1
91	116	6157	2	1	1	0.00	1
91	117	5777	2	1	1	0.00	1
91	118	5546	2	1	1	0.00	1
91	119	4891	2	2	0	0.52	1
91	120	4646	2	1	1	0.00	1
91	121	4046	1	0	1	-0.26	-1
91	122	3839	1	1	0	0.26	1
92	93	15753	8	5	3	0.52	1
92	94	14733	7	2	5	-0.78	-1
92	95	14680	6	3	3	0.00	1
92	96	13967	5	0	5	-1.30	-1
92	97	13031	4	1	3	-0.52	-1
92	98	12282	3	2	1	0.26	1
92	99	11311	3	0	3	-0.78	-1
92	100	10122	3	1	2	-0.26	-1
92	101	8876	3	0	3	-0.78	-1
92	102	8759	3	1	2	-0.26	-1
92	103	8241	2	0	2	-0.52	-1
92	104	7937	2	1	1	0.00	1
92	105	7639	2	0	2	-0.52	-1
92	106	7375	2	1	1	0.00	1
92	107	6267	2	0	2	-0.52	-1
92	108	5774	1	1	0	0.26	1
92	109	5658	1	0	1	-0.26	-1
92	110	5368	1	0	1	-0.26	-1
92	111	5016	1	1	0	0.26	1
92	112	3287	1	0	1	-0.26	-1
92	113	3154	1	0	1	-0.26	-1
92	114	3042	1	0	1	-0.26	-1
93	94	14733	7	3	4	-0.26	-1
93	95	17575	8	5	3	0.52	1
93	96	22661	14	4	10	-1.56	-1
93	97	18935	10	7	3	1.04	1
93	98	20216	12	7	5	0.52	1
93	99	17763	10	5	5	0.00	1
93	100	21646	15	10	5	1.30	1
93	101	16502	12	5	7	-0.52	-1
93	102	11982	5	3	2	0.26	1
93	103	19765	14	8	6	0.52	1
93	104	18526	14	5	9	-1.04	-1
93	105	18361	14	7	7	0.00	1
93	106	18899	14	8	6	0.52	1
93	107	17791	14	4	10	-1.56	-1
93	108	17068	13	3	10	-1.82	-1
93	109	17182	13	7	6	0.26	1
93	110	12140	9	3	6	-0.78	-1
93	111	16540	13	3	10	-1.82	-1
93	112	14811	13	5	8	-0.78	-1
93	113	14678	13	3	10	-1.82	-1
93	114	14566	13	7	6	0.26	1
93	115	13186	12	2	10	-2.09	-1
93	116	12820	12	8	4	1.04	1
93	117	12440	12	7	5	0.52	1
93	118	12209	12	6	6	0.00	1
93	119	11554	12	5	7	-0.52	-1
93	120	11309	12	6	6	0.00	1
93	121	10709	11	7	4	0.78	1
93	122	10502	11	7	4	0.78	1
93	123	8588	10	4	6	-0.52	-1
93	124	8240	10	6	4	0.52	1
93	125	8113	10	6	4	0.52	1
93	126	6967	10	4	6	-0.52	-1
93	127	6275	8	5	3	0.52	1
93	128	5440	6	1	5	-1.04	-1
93	129	5410	5	2	3	-0.26	-1
93	130	5115	5	1	4	-0.78	-1
93	131	4499	4	1	3	-0.52	-1
93	132	4455	4	1	3	-0.52	-1
93	133	3930	3	1	2	-0.26	-1
93	134	3374	3	2	1	0.26	1
93	135	2606	3	1	2	-0.26	-1
93	136	2579	3	1	2	-0.26	-1
93	137	1745	2	0	2	-0.52	-1
93	138	1687	2	1	1	0.00	1
94	95	14056	6	4	2	0.52	1
94	96	13343	5	1	4	-0.78	-1
94	97	12407	4	2	2	0.00	1
94	98	11658	3	2	1	0.26	1
94	99	10687	3	2	1	0.26	1
94	100	9498	3	1	2	-0.26	-1
94	101	8252	3	1	2	-0.26	-1
94	102	8135	3	2	1	0.26	1
94	103	7617	2	1	1	0.00	1
94	104	7313	2	1	1	0.00	1
94	105	7015	2	0	2	-0.52	-1
94	106	6751	2	0	2	-0.52	-1
94	107	5643	2	1	1	0.00	1
94	108	5150	1	0	1	-0.26	-1
94	109	5034	1	1	0	0.26	1
94	110	4744	1	0	1	-0.26	-1
94	111	4392	1	1	0	0.26	1
94	112	2663	1	0	1	-0.26	-1
94	113	2530	1	0	1	-0.26	-1
94	114	2418	1	0	1	-0.26	-1
95	96	16862	7	3	4	-0.26	-1
95	97	15926	6	2	4	-0.52	-1
95	98	15177	5	1	4	-0.78	-1
95	99	14206	5	2	3	-0.26	-1
95	100	13017	5	3	2	0.26	1
95	101	11771	5	3	2	0.26	1
95	102	11654	5	2	3	-0.26	-1
95	103	11136	4	1	3	-0.52	-1
95	104	10832	4	1	3	-0.52	-1
95	105	10534	4	2	2	0.00	1
95	106	10270	4	2	2	0.00	1
95	107	9162	4	1	3	-0.52	-1
95	108	8669	3	3	0	0.78	1
95	109	8553	3	2	1	0.26	1
95	110	8263	3	3	0	0.78	1
95	111	7911	3	2	1	0.26	1
95	112	6182	3	0	3	-0.78	-1
95	113	6049	3	1	2	-0.26	-1
95	114	5937	3	2	1	0.26	1
95	115	4557	2	1	1	0.00	1
95	116	4191	2	1	1	0.00	1
95	117	3811	2	1	1	0.00	1
95	118	3580	2	2	0	0.52	1
95	119	2925	2	0	2	-0.52	-1
95	120	2680	2	0	2	-0.52	-1
95	121	2080	1	0	1	-0.26	-1
95	122	1873	1	0	1	-0.26	-1
96	97	18935	10	2	8	-1.56	-1
96	98	20216	12	9	3	1.56	1
96	99	17763	10	3	7	-1.04	-1
96	100	18816	12	9	3	1.56	1
96	101	16502	12	5	7	-0.52	-1
96	102	11982	5	3	2	0.26	1
96	103	16935	11	4	7	-0.78	-1
96	104	16631	11	6	5	0.26	1
96	105	16333	11	10	1	2.35	1
96	106	16069	11	8	3	1.30	1
96	107	14961	11	6	5	0.26	1
96	108	14468	10	8	2	1.56	1
96	109	14352	10	3	7	-1.04	-1
96	110	12140	9	2	7	-1.30	-1
96	111	13710	10	4	6	-0.52	-1
96	112	11981	10	3	7	-1.04	-1
96	113	11848	10	5	5	0.00	1
96	114	11736	10	5	5	0.00	1
96	115	10356	9	5	4	0.26	1
96	116	9990	9	7	2	1.30	1
96	117	9610	9	5	4	0.26	1
96	118	9379	9	4	5	-0.26	-1
96	119	8724	9	5	4	0.26	1
96	120	8479	9	6	3	0.78	1
96	121	7879	8	2	6	-1.04	-1
96	122	7672	8	3	5	-0.52	-1
96	123	5758	7	4	3	0.26	1
96	124	5410	7	4	3	0.26	1
96	125	5283	7	1	6	-1.30	-1
96	126	4137	7	3	4	-0.26	-1
96	127	3445	5	4	1	0.78	1
96	128	2610	3	2	1	0.26	1
96	129	2580	2	2	0	0.52	1
96	130	2285	2	1	1	0.00	1
96	131	1669	1	0	1	-0.26	-1
96	132	1625	1	1	0	0.26	1
97	98	18186	9	2	7	-1.30	-1
97	99	17215	9	5	4	0.26	1
97	100	16026	9	4	5	-0.26	-1
97	101	14780	9	8	1	1.82	1
97	102	11982	5	3	2	0.26	1
97	103	14145	8	6	2	1.04	1
97	104	13841	8	3	5	-0.52	-1
97	105	13543	8	3	5	-0.52	-1
97	106	13279	8	3	5	-0.52	-1
97	107	12171	8	4	4	0.00	1
97	108	11678	7	3	4	-0.26	-1
97	109	11562	7	5	2	0.78	1
97	110	11272	7	4	3	0.26	1
97	111	10920	7	3	4	-0.26	-1
97	112	9191	7	4	3	0.26	1
97	113	9058	7	4	3	0.26	1
97	114	8946	7	4	3	0.26	1
97	115	7566	6	2	4	-0.52	-1
97	116	7200	6	5	1	1.04	1
97	117	6820	6	2	4	-0.52	-1
97	118	6589	6	1	5	-1.04	-1
97	119	5934	6	2	4	-0.52	-1
97	120	5689	6	2	4	-0.52	-1
97	121	5089	5	2	3	-0.26	-1
97	122	4882	5	3	2	0.26	1
97	123	2968	4	3	1	0.52	1
97	124	2620	4	2	2	0.00	1
97	125	2493	4	2	2	0.00	1
97	126	1347	4	3	1	0.52	1
97	127	655	2	1	1	0.00	1
98	99	17763	10	4	6	-0.52	-1
98	100	18056	12	6	6	0.00	1
98	101	16502	12	5	7	-0.52	-1
98	102	11982	5	3	2	0.26	1
98	103	16175	11	6	5	0.26	1
98	104	15871	11	6	5	0.26	1
98	105	15573	11	4	7	-0.78	-1
98	106	15309	11	6	5	0.26	1
98	107	14201	11	7	4	0.78	1
98	108	13708	10	5	5	0.00	1
98	109	13592	10	6	4	0.52	1
98	110	12140	9	4	5	-0.26	-1
98	111	12950	10	4	6	-0.52	-1
98	112	11221	10	4	6	-0.52	-1
98	113	11088	10	5	5	0.00	1
98	114	10976	10	5	5	0.00	1
98	115	9596	9	4	5	-0.26	-1
98	116	9230	9	1	8	-1.82	-1
98	117	8850	9	3	6	-0.78	-1
98	118	8619	9	3	6	-0.78	-1
98	119	7964	9	4	5	-0.26	-1
98	120	7719	9	3	6	-0.78	-1
98	121	7119	8	4	4	0.00	1
98	122	6912	8	2	6	-1.04	-1
98	123	4998	7	4	3	0.26	1
98	124	4650	7	2	5	-0.78	-1
98	125	4523	7	5	2	0.78	1
98	126	3377	7	4	3	0.26	1
98	127	2685	5	1	4	-0.78	-1
98	128	1850	3	2	1	0.26	1
98	129	1820	2	1	1	0.00	1
98	130	1525	2	1	1	0.00	1
98	131	909	1	0	1	-0.26	-1
98	132	865	1	0	1	-0.26	-1
99	100	16574	10	4	6	-0.52	-1
99	101	15328	10	5	5	0.00	1
99	102	11982	5	4	1	0.78	1
99	103	14693	9	5	4	0.26	1
99	104	14389	9	5	4	0.26	1
99	105	14091	9	4	5	-0.26	-1
99	106	13827	9	3	6	-0.78	-1
99	107	12719	9	6	3	0.78	1
99	108	12226	8	4	4	0.00	1
99	109	12110	8	2	6	-1.04	-1
99	110	11820	8	5	3	0.52	1
99	111	11468	8	3	5	-0.52	-1
99	112	9739	8	2	6	-1.04	-1
99	113	9606	8	6	2	1.04	1
99	114	9494	8	4	4	0.00	1
99	115	8114	7	1	6	-1.30	-1
99	116	7748	7	3	4	-0.26	-1
99	117	7368	7	4	3	0.26	1
99	118	7137	7	6	1	1.30	1
99	119	6482	7	3	4	-0.26	-1
99	120	6237	7	2	5	-0.78	-1
99	121	5637	6	3	3	0.00	1
99	122	5430	6	1	5	-1.04	-1
99	123	3516	5	3	2	0.26	1
99	124	3168	5	2	3	-0.26	-1
99	125	3041	5	2	3	-0.26	-1
99	126	1895	5	2	3	-0.26	-1
99	127	1203	3	2	1	0.26	1
99	128	368	1	1	0	0.26	1
100	101	16502	12	7	5	0.52	1
100	102	11982	5	1	4	-0.78	-1
100	103	20336	16	8	8	0.00	1
100	104	18526	14	4	10	-1.56	-1
100	105	18361	14	5	9	-1.04	-1
100	106	19470	16	5	11	-1.56	-1
100	107	18331	16	9	7	0.52	1
100	108	17068	13	3	10	-1.82	-1
100	109	17753	15	4	11	-1.82	-1
100	110	12140	9	3	6	-0.78	-1
100	111	16866	15	6	9	-0.78	-1
100	112	15382	15	8	7	0.26	1
100	113	15249	15	7	8	-0.26	-1
100	114	15137	15	8	7	0.26	1
100	115	13757	14	5	9	-1.04	-1
100	116	13391	14	7	7	0.00	1
100	117	13011	14	10	4	1.56	1
100	118	12780	14	9	5	1.04	1
100	119	12125	14	4	10	-1.56	-1
100	120	11880	14	6	8	-0.52	-1
100	121	11280	13	8	5	0.78	1
100	122	11073	13	5	8	-0.78	-1
100	123	9159	12	3	9	-1.56	-1
100	124	8811	12	7	5	0.52	1
100	125	8684	12	7	5	0.52	1
100	126	7538	12	4	8	-1.04	-1
100	127	6846	10	6	4	0.52	1
100	128	6011	8	3	5	-0.52	-1
100	129	5981	7	4	3	0.26	1
100	130	5686	7	2	5	-0.78	-1
100	131	5070	6	3	3	0.00	1
100	132	5026	6	3	3	0.00	1
100	133	4501	5	2	3	-0.26	-1
100	134	3945	5	2	3	-0.26	-1
100	135	3177	5	4	1	0.78	1
100	136	3150	5	2	3	-0.26	-1
100	137	2316	4	2	2	0.00	1
100	138	2258	4	3	1	0.52	1
100	139	1426	2	0	2	-0.52	-1
101	102	11982	5	3	2	0.26	1
101	103	15867	11	5	6	-0.26	-1
101	104	15563	11	6	5	0.26	1
101	105	15265	11	4	7	-0.78	-1
101	106	15001	11	6	5	0.26	1
101	107	13893	11	4	7	-0.78	-1
101	108	13400	10	6	4	0.52	1
101	109	13284	10	5	5	0.00	1
101	110	12140	9	8	1	1.82	1
101	111	12642	10	3	7	-1.04	-1
101	112	10913	10	5	5	0.00	1
101	113	10780	10	5	5	0.00	1
101	114	10668	10	8	2	1.56	1
101	115	9288	9	4	5	-0.26	-1
101	116	8922	9	5	4	0.26	1
101	117	8542	9	7	2	1.30	1
101	118	8311	9	3	6	-0.78	-1
101	119	7656	9	5	4	0.26	1
101	120	7411	9	4	5	-0.26	-1
101	121	6811	8	3	5	-0.52	-1
101	122	6604	8	6	2	1.04	1
101	123	4690	7	5	2	0.78	1
101	124	4342	7	5	2	0.78	1
101	125	4215	7	4	3	0.26	1
101	126	3069	7	1	6	-1.30	-1
101	127	2377	5	4	1	0.78	1
101	128	1542	3	0	3	-0.78	-1
101	129	1512	2	2	0	0.52	1
101	130	1217	2	1	1	0.00	1
101	131	601	1	1	0	0.26	1
101	132	557	1	1	0	0.26	1
102	103	11464	4	3	1	0.52	1
102	104	11160	4	2	2	0.00	1
102	105	10862	4	3	1	0.52	1
102	106	10598	4	0	4	-1.04	-1
102	107	9490	4	1	3	-0.52	-1
102	108	8997	3	1	2	-0.26	-1
102	109	8881	3	3	0	0.78	1
102	110	8591	3	0	3	-0.78	-1
102	111	8239	3	0	3	-0.78	-1
102	112	6510	3	2	1	0.26	1
102	113	6377	3	2	1	0.26	1
102	114	6265	3	1	2	-0.26	-1
102	115	4885	2	0	2	-0.52	-1
102	116	4519	2	1	1	0.00	1
102	117	4139	2	1	1	0.00	1
102	118	3908	2	1	1	0.00	1
102	119	3253	2	1	1	0.00	1
102	120	3008	2	1	1	0.00	1
102	121	2408	1	1	0	0.26	1
102	122	2201	1	1	0	0.26	1
103	104	18526	14	3	11	-2.09	-1
103	105	18361	14	6	8	-0.52	-1
103	106	21726	18	7	11	-1.04	-1
103	107	18331	16	6	10	-1.04	-1
103	108	17068	13	7	6	0.26	1
103	109	22836	17	10	7	0.78	1
103	110	12140	9	3	6	-0.78	-1
103	111	16866	15	8	7	0.26	1
103	112	19962	17	9	8	0.26	1
103	113	17138	16	10	6	1.04	1
103	114	18026	17	10	7	0.78	1
103	115	17228	16	4	12	-2.09	-1
103	116	18459	16	7	9	-0.52	-1
103	117	14710	14	8	6	0.52	1
103	118	17536	16	8	8	0.00	1
103	119	17208	16	3	13	-2.61	-1
103	120	15928	16	8	8	0.00	1
103	121	16363	15	8	7	0.26	1
103	122	16156	15	9	6	0.78	1
103	123	14242	14	7	7	0.00	1
103	124	13894	14	7	7	0.00	1
103	125	13767	14	8	6	0.52	1
103	126	8119	12	5	7	-0.52	-1
103	127	11929	12	6	6	0.00	1
103	128	11094	10	3	7	-1.04	-1
103	129	11064	9	5	4	0.26	1
103	130	10769	9	1	8	-1.82	-1
103	131	10153	8	5	3	0.52	1
103	132	10109	8	3	5	-0.52	-1
103	133	9584	7	4	3	0.26	1
103	134	9028	7	1	6	-1.30	-1
103	135	8260	7	5	2	0.78	1
103	136	8233	7	2	5	-0.78	-1
103	137	7399	6	2	4	-0.52	-1
103	138	7341	6	4	2	0.52	1
103	139	6509	4	1	3	-0.52	-1
103	140	3296	2	1	1	0.00	1
103	141	3182	1	1	0	0.26	1
104	105	18228	14	7	7	0.00	1
104	106	17964	14	8	6	0.52	1
104	107	16856	14	9	5	1.04	1
104	108	16363	13	11	2	2.35	1
104	109	16247	13	3	10	-1.82	-1
104	110	12140	9	4	5	-0.26	-1
104	111	15605	13	9	4	1.30	1
104	112	13876	13	10	3	1.82	1
104	113	13743	13	8	5	0.78	1
104	114	13631	13	6	7	-0.26	-1
104	115	12251	12	8	4	1.04	1
104	116	11885	12	6	6	0.00	1
104	117	11505	12	7	5	0.52	1
104	118	11274	12	4	8	-1.04	-1
104	119	10619	12	6	6	0.00	1
104	120	10374	12	7	5	0.52	1
104	121	9774	11	2	9	-1.82	-1
104	122	9567	11	6	5	0.26	1
104	123	7653	10	2	8	-1.56	-1
104	124	7305	10	1	9	-2.09	-1
104	125	7178	10	4	6	-0.52	-1
104	126	6032	10	5	5	0.00	1
104	127	5340	8	4	4	0.00	1
104	128	4505	6	2	4	-0.52	-1
104	129	4475	5	1	4	-0.78	-1
104	130	4180	5	3	2	0.26	1
104	131	3564	4	1	3	-0.52	-1
104	132	3520	4	1	3	-0.52	-1
104	133	2995	3	3	0	0.78	1
104	134	2439	3	2	1	0.26	1
104	135	1671	3	2	1	0.26	1
104	136	1644	3	1	2	-0.26	-1
104	137	810	2	1	1	0.00	1
104	138	752	2	0	2	-0.52	-1
105	106	18097	14	8	6	0.52	1
105	107	16989	14	9	5	1.04	1
105	108	16496	13	11	2	2.35	1
105	109	16380	13	4	9	-1.30	-1
105	110	12140	9	3	6	-0.78	-1
105	111	15738	13	7	6	0.26	1
105	112	14009	13	8	5	0.78	1
105	113	13876	13	6	7	-0.26	-1
105	114	13764	13	7	6	0.26	1
105	115	12384	12	7	5	0.52	1
105	116	12018	12	6	6	0.00	1
105	117	11638	12	6	6	0.00	1
105	118	11407	12	5	7	-0.52	-1
105	119	10752	12	5	7	-0.52	-1
105	120	10507	12	3	9	-1.56	-1
105	121	9907	11	4	7	-0.78	-1
105	122	9700	11	3	8	-1.30	-1
105	123	7786	10	1	9	-2.09	-1
105	124	7438	10	5	5	0.00	1
105	125	7311	10	6	4	0.52	1
105	126	6165	10	7	3	1.04	1
105	127	5473	8	3	5	-0.52	-1
105	128	4638	6	4	2	0.52	1
105	129	4608	5	3	2	0.26	1
105	130	4313	5	4	1	0.78	1
105	131	3697	4	1	3	-0.52	-1
105	132	3653	4	1	3	-0.52	-1
105	133	3128	3	2	1	0.26	1
105	134	2572	3	1	2	-0.26	-1
105	135	1804	3	0	3	-0.78	-1
105	136	1777	3	3	0	0.78	1
105	137	943	2	1	1	0.00	1
105	138	885	2	0	2	-0.52	-1
106	107	18331	16	6	10	-1.04	-1
106	108	17068	13	7	6	0.26	1
106	109	20009	17	10	7	0.78	1
106	110	12140	9	4	5	-0.26	-1
106	111	16866	15	10	5	1.30	1
106	112	17638	17	11	6	1.30	1
106	113	17138	16	7	9	-0.52	-1
106	114	17393	17	9	8	0.26	1
106	115	16013	16	9	7	0.52	1
106	116	15647	16	6	10	-1.04	-1
106	117	14710	14	3	11	-2.09	-1
106	118	15036	16	8	8	0.00	1
106	119	14381	16	7	9	-0.52	-1
106	120	14136	16	8	8	0.00	1
106	121	13536	15	6	9	-0.78	-1
106	122	13329	15	6	9	-0.78	-1
106	123	11415	14	6	8	-0.52	-1
106	124	11067	14	5	9	-1.04	-1
106	125	10940	14	6	8	-0.52	-1
106	126	8119	12	8	4	1.04	1
106	127	9102	12	4	8	-1.04	-1
106	128	8267	10	6	4	0.52	1
106	129	8237	9	5	4	0.26	1
106	130	7942	9	4	5	-0.26	-1
106	131	7326	8	2	6	-1.04	-1
106	132	7282	8	3	5	-0.52	-1
106	133	6757	7	2	5	-0.78	-1
106	134	6201	7	2	5	-0.78	-1
106	135	5433	7	4	3	0.26	1
106	136	5406	7	5	2	0.78	1
106	137	4572	6	3	3	0.00	1
106	138	4514	6	3	3	0.00	1
106	139	3682	4	3	1	0.52	1
106	140	469	2	1	1	0.00	1
106	141	355	1	0	1	-0.26	-1
107	108	17068	13	10	3	1.82	1
107	109	17722	15	7	8	-0.26	-1
107	110	12140	9	2	7	-1.30	-1
107	111	16866	15	12	3	2.35	1
107	112	15351	15	10	5	1.30	1
107	113	15218	15	7	8	-0.26	-1
107	114	15106	15	5	10	-1.30	-1
107	115	13726	14	7	7	0.00	1
107	116	13360	14	7	7	0.00	1
107	117	12980	14	3	11	-2.09	-1
107	118	12749	14	6	8	-0.52	-1
107	119	12094	14	8	6	0.52	1
107	120	11849	14	6	8	-0.52	-1
107	121	11249	13	4	9	-1.30	-1
107	122	11042	13	7	6	0.26	1
107	123	9128	12	5	7	-0.52	-1
107	124	8780	12	2	10	-2.09	-1
107	125	8653	12	4	8	-1.04	-1
107	126	7507	12	9	3	1.56	1
107	127	6815	10	5	5	0.00	1
107	128	5980	8	4	4	0.00	1
107	129	5950	7	5	2	0.78	1
107	130	5655	7	3	4	-0.26	-1
107	131	5039	6	1	5	-1.04	-1
107	132	4995	6	2	4	-0.52	-1
107	133	4470	5	2	3	-0.26	-1
107	134	3914	5	3	2	0.26	1
107	135	3146	5	3	2	0.26	1
107	136	3119	5	2	3	-0.26	-1
107	137	2285	4	4	0	1.04	1
107	138	2227	4	1	3	-0.52	-1
107	139	1395	2	1	1	0.00	1
108	109	16952	13	8	5	0.78	1
108	110	12140	9	6	3	0.78	1
108	111	16310	13	5	8	-0.78	-1
108	112	14581	13	10	3	1.82	1
108	113	14448	13	4	9	-1.30	-1
108	114	14336	13	6	7	-0.26	-1
108	115	12956	12	8	4	1.04	1
108	116	12590	12	4	8	-1.04	-1
108	117	12210	12	7	5	0.52	1
108	118	11979	12	3	9	-1.56	-1
108	119	11324	12	5	7	-0.52	-1
108	120	11079	12	8	4	1.04	1
108	121	10479	11	4	7	-0.78	-1
108	122	10272	11	7	4	0.78	1
108	123	8358	10	2	8	-1.56	-1
108	124	8010	10	7	3	1.04	1
108	125	7883	10	7	3	1.04	1
108	126	6737	10	5	5	0.00	1
108	127	6045	8	5	3	0.52	1
108	128	5210	6	4	2	0.52	1
108	129	5180	5	3	2	0.26	1
108	130	4885	5	3	2	0.26	1
108	131	4269	4	1	3	-0.52	-1
108	132	4225	4	4	0	1.04	1
108	133	3700	3	1	2	-0.26	-1
108	134	3144	3	2	1	0.26	1
108	135	2376	3	2	1	0.26	1
108	136	2349	3	1	2	-0.26	-1
108	137	1515	2	1	1	0.00	1
108	138	1457	2	0	2	-0.52	-1
109	110	12140	9	2	7	-1.30	-1
109	111	16866	15	5	10	-1.30	-1
109	112	19962	17	11	6	1.30	1
109	113	17138	16	6	10	-1.04	-1
109	114	18026	17	13	4	2.35	1
109	115	17228	16	3	13	-2.61	-1
109	116	18459	16	13	3	2.61	1
109	117	14710	14	8	6	0.52	1
109	118	17536	16	9	7	0.52	1
109	119	17682	16	6	10	-1.04	-1
109	120	15928	16	9	7	0.52	1
109	121	16837	15	6	9	-0.78	-1
109	122	16630	15	8	7	0.26	1
109	123	14716	14	9	5	1.04	1
109	124	14368	14	8	6	0.52	1
109	125	14241	14	10	4	1.56	1
109	126	8119	12	7	5	0.52	1
109	127	12403	12	6	6	0.00	1
109	128	11568	10	5	5	0.00	1
109	129	11538	9	2	7	-1.30	-1
109	130	11243	9	5	4	0.26	1
109	131	10627	8	2	6	-1.04	-1
109	132	10583	8	6	2	1.04	1
109	133	10058	7	3	4	-0.26	-1
109	134	9502	7	2	5	-0.78	-1
109	135	8734	7	3	4	-0.26	-1
109	136	8707	7	5	2	0.78	1
109	137	7873	6	3	3	0.00	1
109	138	7815	6	5	1	1.04	1
109	139	6983	4	0	4	-1.04	-1
109	140	3770	2	1	1	0.00	1
109	141	3656	1	1	0	0.26	1
110	111	11788	9	1	8	-1.82	-1
110	112	10059	9	5	4	0.26	1
110	113	9926	9	6	3	0.78	1
110	114	9814	9	7	2	1.30	1
110	115	8434	8	3	5	-0.52	-1
110	116	8068	8	4	4	0.00	1
110	117	7688	8	4	4	0.00	1
110	118	7457	8	6	2	1.04	1
110	119	6802	8	3	5	-0.52	-1
110	120	6557	8	6	2	1.04	1
110	121	5957	7	2	5	-0.78	-1
110	122	5750	7	3	4	-0.26	-1
110	123	3836	6	5	1	1.04	1
110	124	3488	6	3	3	0.00	1
110	125	3361	6	2	4	-0.52	-1
110	126	2215	6	2	4	-0.52	-1
110	127	1523	4	3	1	0.52	1
110	128	688	2	1	1	0.00	1
110	129	658	1	1	0	0.26	1
110	130	363	1	1	0	0.26	1
111	112	15137	15	7	8	-0.26	-1
111	113	15004	15	12	3	2.35	1
111	114	14892	15	6	9	-0.78	-1
111	115	13512	14	9	5	1.04	1
111	116	13146	14	5	9	-1.04	-1
111	117	12766	14	7	7	0.00	1
111	118	12535	14	4	10	-1.56	-1
111	119	11880	14	8	6	0.52	1
111	120	11635	14	8	6	0.52	1
111	121	11035	13	4	9	-1.30	-1
111	122	10828	13	11	2	2.35	1
111	123	8914	12	5	7	-0.52	-1
111	124	8566	12	8	4	1.04	1
111	125	8439	12	8	4	1.04	1
111	126	7293	12	7	5	0.52	1
111	127	6601	10	4	6	-0.52	-1
111	128	5766	8	3	5	-0.52	-1
111	129	5736	7	6	1	1.30	1
111	130	5441	7	4	3	0.26	1
111	131	4825	6	3	3	0.00	1
111	132	4781	6	3	3	0.00	1
111	133	4256	5	3	2	0.26	1
111	134	3700	5	3	2	0.26	1
111	135	2932	5	2	3	-0.26	-1
111	136	2905	5	3	2	0.26	1
111	137	2071	4	4	0	1.04	1
111	138	2013	4	1	3	-0.52	-1
111	139	1181	2	2	0	0.52	1
112	113	17138	16	10	6	1.04	1
112	114	18026	17	9	8	0.26	1
112	115	17228	16	9	7	0.52	1
112	116	17971	16	10	6	1.04	1
112	117	14710	14	7	7	0.00	1
112	118	17360	16	10	6	1.04	1
112	119	16705	16	10	6	1.04	1
112	120	15928	16	9	7	0.52	1
112	121	15860	15	5	10	-1.30	-1
112	122	15653	15	5	10	-1.30	-1
112	123	13739	14	6	8	-0.52	-1
112	124	13391	14	8	6	0.52	1
112	125	13264	14	6	8	-0.52	-1
112	126	8119	12	8	4	1.04	1
112	127	11426	12	6	6	0.00	1
112	128	10591	10	7	3	1.04	1
112	129	10561	9	4	5	-0.26	-1
112	130	10266	9	6	3	0.78	1
112	131	9650	8	2	6	-1.04	-1
112	132	9606	8	3	5	-0.52	-1
112	133	9081	7	3	4	-0.26	-1
112	134	8525	7	4	3	0.26	1
112	135	7757	7	4	3	0.26	1
112	136	7730	7	3	4	-0.26	-1
112	137	6896	6	3	3	0.00	1
112	138	6838	6	2	4	-0.52	-1
112	139	6006	4	1	3	-0.52	-1
112	140	2793	2	1	1	0.00	1
112	141	2679	1	0	1	-0.26	-1
113	114	17026	16	6	10	-1.04	-1
113	115	15646	15	11	4	1.82	1
113	116	15280	15	7	8	-0.26	-1
113	117	14710	14	7	7	0.00	1
113	118	14669	15	9	6	0.78	1
113	119	14014	15	5	10	-1.30	-1
113	120	13769	15	9	6	0.78	1
113	121	13169	14	4	10	-1.56	-1
113	122	12962	14	7	7	0.00	1
113	123	11048	13	7	6	0.26	1
113	124	10700	13	5	8	-0.78	-1
113	125	10573	13	7	6	0.26	1
113	126	8119	12	8	4	1.04	1
113	127	8735	11	7	4	0.78	1
113	128	7900	9	5	4	0.26	1
113	129	7870	8	4	4	0.00	1
113	130	7575	8	6	2	1.04	1
113	131	6959	7	2	5	-0.78	-1
113	132	6915	7	5	2	0.78	1
113	133	6390	6	5	1	1.04	1
113	134	5834	6	2	4	-0.52	-1
113	135	5066	6	2	4	-0.52	-1
113	136	5039	6	4	2	0.52	1
113	137	4205	5	2	3	-0.26	-1
113	138	4147	5	2	3	-0.26	-1
113	139	3315	3	0	3	-0.78	-1
113	140	102	1	1	0	0.26	1
114	115	16646	16	10	6	1.04	1
114	116	16280	16	6	10	-1.04	-1
114	117	14710	14	8	6	0.52	1
114	118	15669	16	10	6	1.04	1
114	119	15014	16	6	10	-1.04	-1
114	120	14769	16	11	5	1.56	1
114	121	14169	15	10	5	1.30	1
114	122	13962	15	10	5	1.30	1
114	123	12048	14	9	5	1.04	1
114	124	11700	14	11	3	2.09	1
114	125	11573	14	10	4	1.56	1
114	126	8119	12	9	3	1.56	1
114	127	9735	12	8	4	1.04	1
114	128	8900	10	3	7	-1.04	-1
114	129	8870	9	6	3	0.78	1
114	130	8575	9	3	6	-0.78	-1
114	131	7959	8	5	3	0.52	1
114	132	7915	8	5	3	0.52	1
114	133	7390	7	1	6	-1.30	-1
114	134	6834	7	7	0	1.82	1
114	135	6066	7	5	2	0.78	1
114	136	6039	7	4	3	0.26	1
114	137	5205	6	1	5	-1.04	-1
114	138	5147	6	2	4	-0.52	-1
114	139	4315	4	2	2	0.00	1
114	140	1102	2	2	0	0.52	1
114	141	988	1	0	1	-0.26	-1
115	116	16862	16	8	8	0.00	1
115	117	14710	14	5	9	-1.04	-1
115	118	16251	16	4	12	-2.09	-1
115	119	15596	16	12	4	2.09	1
115	120	15351	16	9	7	0.52	1
115	121	14751	15	8	7	0.26	1
115	122	14544	15	6	9	-0.78	-1
115	123	12630	14	5	9	-1.04	-1
115	124	12282	14	6	8	-0.52	-1
115	125	12155	14	6	8	-0.52	-1
115	126	8119	12	7	5	0.52	1
115	127	10317	12	2	10	-2.09	-1
115	128	9482	10	4	6	-0.52	-1
115	129	9452	9	4	5	-0.26	-1
115	130	9157	9	2	7	-1.30	-1
115	131	8541	8	5	3	0.52	1
115	132	8497	8	4	4	0.00	1
115	133	7972	7	6	1	1.30	1
115	134	7416	7	6	1	1.30	1
115	135	6648	7	3	4	-0.26	-1
115	136	6621	7	3	4	-0.26	-1
115	137	5787	6	2	4	-0.52	-1
115	138	5729	6	1	5	-1.04	-1
115	139	4897	4	0	4	-1.04	-1
115	140	1684	2	2	0	0.52	1
115	141	1570	1	1	0	0.26	1
116	117	14710	14	10	4	1.56	1
116	118	17536	16	9	7	0.52	1
116	119	17193	16	5	11	-1.56	-1
116	120	15928	16	3	13	-2.61	-1
116	121	16348	15	10	5	1.30	1
116	122	16141	15	7	8	-0.26	-1
116	123	14227	14	9	5	1.04	1
116	124	13879	14	5	9	-1.04	-1
116	125	13752	14	7	7	0.00	1
116	126	8119	12	5	7	-0.52	-1
116	127	11914	12	8	4	1.04	1
116	128	11079	10	4	6	-0.52	-1
116	129	11049	9	4	5	-0.26	-1
116	130	10754	9	5	4	0.26	1
116	131	10138	8	5	3	0.52	1
116	132	10094	8	3	5	-0.52	-1
116	133	9569	7	2	5	-0.78	-1
116	134	9013	7	1	6	-1.30	-1
116	135	8245	7	3	4	-0.26	-1
116	136	8218	7	2	5	-0.78	-1
116	137	7384	6	2	4	-0.52	-1
116	138	7326	6	2	4	-0.52	-1
116	139	6494	4	2	2	0.00	1
116	140	3281	2	1	1	0.00	1
116	141	3167	1	0	1	-0.26	-1
117	118	14479	14	10	4	1.56	1
117	119	13824	14	5	9	-1.04	-1
117	120	13579	14	9	5	1.04	1
117	121	12979	13	9	4	1.30	1
117	122	12772	13	4	9	-1.30	-1
117	123	10858	12	7	5	0.52	1
117	124	10510	12	4	8	-1.04	-1
117	125	10383	12	8	4	1.04	1
117	126	8119	12	7	5	0.52	1
117	127	8545	10	7	3	1.04	1
117	128	7710	8	4	4	0.00	1
117	129	7680	7	3	4	-0.26	-1
117	130	7385	7	5	2	0.78	1
117	131	6769	6	5	1	1.04	1
117	132	6725	6	3	3	0.00	1
117	133	6200	5	1	4	-0.78	-1
117	134	5644	5	1	4	-0.78	-1
117	135	4876	5	3	2	0.26	1
117	136	4849	5	4	1	0.78	1
117	137	4015	4	1	3	-0.52	-1
117	138	3957	4	1	3	-0.52	-1
117	139	3125	2	2	0	0.52	1
118	119	16881	16	5	11	-1.56	-1
118	120	15928	16	5	11	-1.56	-1
118	121	16036	15	12	3	2.35	1
118	122	15829	15	6	9	-0.78	-1
118	123	13915	14	9	5	1.04	1
118	124	13567	14	7	7	0.00	1
118	125	13440	14	9	5	1.04	1
118	126	8119	12	5	7	-0.52	-1
118	127	11602	12	6	6	0.00	1
118	128	10767	10	3	7	-1.04	-1
118	129	10737	9	3	6	-0.78	-1
118	130	10442	9	5	4	0.26	1
118	131	9826	8	3	5	-0.52	-1
118	132	9782	8	6	2	1.04	1
118	133	9257	7	5	2	0.78	1
118	134	8701	7	2	5	-0.78	-1
118	135	7933	7	5	2	0.78	1
118	136	7906	7	4	3	0.26	1
118	137	7072	6	1	5	-1.04	-1
118	138	7014	6	3	3	0.00	1
118	139	6182	4	3	1	0.52	1
118	140	2969	2	1	1	0.00	1
118	141	2855	1	0	1	-0.26	-1
119	120	15928	16	10	6	1.04	1
119	121	17252	15	11	4	1.82	1
119	122	16942	15	6	9	-0.78	-1
119	123	15131	14	6	8	-0.52	-1
119	124	14783	14	6	8	-0.52	-1
119	125	14656	14	7	7	0.00	1
119	126	8119	12	5	7	-0.52	-1
119	127	12818	12	6	6	0.00	1
119	128	11983	10	2	8	-1.56	-1
119	129	11953	9	6	3	0.78	1
119	130	11658	9	4	5	-0.26	-1
119	131	11042	8	4	4	0.00	1
119	132	10998	8	3	5	-0.52	-1
119	133	10473	7	5	2	0.78	1
119	134	9917	7	5	2	0.78	1
119	135	9149	7	2	5	-0.78	-1
119	136	9122	7	4	3	0.26	1
119	137	8288	6	5	1	1.04	1
119	138	8230	6	3	3	0.00	1
119	139	7398	4	4	0	1.04	1
119	140	4185	2	1	1	0.00	1
119	141	4071	1	1	0	0.26	1
120	121	15328	15	8	7	0.26	1
120	122	15121	15	6	9	-0.78	-1
120	123	13207	14	5	9	-1.04	-1
120	124	12859	14	8	6	0.52	1
120	125	12732	14	4	10	-1.56	-1
120	126	8119	12	6	6	0.00	1
120	127	10894	12	5	7	-0.52	-1
120	128	10059	10	5	5	0.00	1
120	129	10029	9	5	4	0.26	1
120	130	9734	9	4	5	-0.26	-1
120	131	9118	8	4	4	0.00	1
120	132	9074	8	2	6	-1.04	-1
120	133	8549	7	4	3	0.26	1
120	134	7993	7	3	4	-0.26	-1
120	135	7225	7	3	4	-0.26	-1
120	136	7198	7	4	3	0.26	1
120	137	6364	6	4	2	0.52	1
120	138	6306	6	5	1	1.04	1
120	139	5474	4	3	1	0.52	1
120	140	2261	2	1	1	0.00	1
120	141	2147	1	0	1	-0.26	-1
121	122	16942	15	10	5	1.30	1
121	123	16899	14	9	5	1.04	1
121	124	16003	14	7	7	0.00	1
121	125	16424	14	4	10	-1.56	-1
121	126	8119	12	8	4	1.04	1
121	127	14586	12	5	7	-0.52	-1
121	128	13751	10	5	5	0.00	1
121	129	13721	9	5	4	0.26	1
121	130	13426	9	1	8	-1.82	-1
121	131	12810	8	4	4	0.00	1
121	132	12766	8	4	4	0.00	1
121	133	12241	7	3	4	-0.26	-1
121	134	11685	7	2	5	-0.78	-1
121	135	10917	7	3	4	-0.26	-1
121	136	10890	7	2	5	-0.78	-1
121	137	10056	6	3	3	0.00	1
121	138	9998	6	6	0	1.56	1
121	139	9166	4	2	2	0.00	1
121	140	5953	2	1	1	0.00	1
121	141	5839	1	0	1	-0.26	-1
122	123	15028	14	8	6	0.52	1
122	124	14680	14	8	6	0.52	1
122	125	14553	14	9	5	1.04	1
122	126	8119	12	4	8	-1.04	-1
122	127	12715	12	3	9	-1.56	-1
122	128	11880	10	8	2	1.56	1
122	129	11850	9	6	3	0.78	1
122	130	11555	9	8	1	1.82	1
122	131	10939	8	5	3	0.52	1
122	132	10895	8	6	2	1.04	1
122	133	10370	7	3	4	-0.26	-1
122	134	9814	7	2	5	-0.78	-1
122	135	9046	7	5	2	0.78	1
122	136	9019	7	4	3	0.26	1
122	137	8185	6	3	3	0.00	1
122	138	8127	6	4	2	0.52	1
122	139	7295	4	2	2	0.00	1
122	140	4082	2	1	1	0.00	1
122	141	3968	1	1	0	0.26	1
123	124	16003	14	5	9	-1.04	-1
123	125	20882	18	12	6	1.56	1
123	126	8119	12	3	9	-1.56	-1
123	127	19730	17	10	7	0.78	1
123	128	17619	14	3	11	-2.09	-1
123	129	14167	10	3	7	-1.04	-1
123	130	18658	14	8	6	0.52	1
123	131	16564	12	6	6	0.00	1
123	132	19428	14	10	4	1.56	1
123	133	21846	14	4	10	-1.56	-1
123	134	19173	13	5	8	-0.78	-1
123	135	13980	11	6	5	0.26	1
123	136	20873	15	8	7	0.26	1
123	137	17969	12	6	6	0.00	1
123	138	14634	11	7	4	0.78	1
123	139	14511	9	4	5	-0.26	-1
123	140	13407	8	3	5	-0.52	-1
123	141	17494	12	7	5	0.52	1
123	142	17234	11	8	3	1.30	1
123	143	16425	11	9	2	1.82	1
123	144	10674	5	3	2	0.26	1
123	145	13331	7	3	4	-0.26	-1
123	146	14563	11	8	3	1.30	1
123	147	14429	11	6	5	0.26	1
123	148	14142	11	4	7	-0.78	-1
123	149	13806	11	6	5	0.26	1
123	150	13326	11	7	4	0.78	1
123	151	12839	11	6	5	0.26	1
123	152	11181	10	5	5	0.00	1
123	153	10701	10	5	5	0.00	1
123	154	9136	7	4	3	0.26	1
123	155	8470	7	4	3	0.26	1
123	156	8216	7	4	3	0.26	1
123	157	8193	7	3	4	-0.26	-1
123	158	6776	6	3	3	0.00	1
123	159	6723	6	2	4	-0.52	-1
123	160	6417	6	3	3	0.00	1
123	161	5880	6	2	4	-0.52	-1
123	162	4072	5	1	4	-0.78	-1
123	163	3435	4	2	2	0.00	1
123	164	3133	4	2	2	0.00	1
123	165	2283	4	2	2	0.00	1
123	166	2254	4	1	3	-0.52	-1
123	167	1976	4	3	1	0.52	1
123	168	1723	3	3	0	0.78	1
123	169	1178	2	2	0	0.52	1
124	125	15876	14	10	4	1.56	1
124	126	8119	12	3	9	-1.56	-1
124	127	14038	12	9	3	1.56	1
124	128	13203	10	4	6	-0.52	-1
124	129	13173	9	4	5	-0.26	-1
124	130	12878	9	6	3	0.78	1
124	131	12262	8	4	4	0.00	1
124	132	12218	8	7	1	1.56	1
124	133	11693	7	2	5	-0.78	-1
124	134	11137	7	2	5	-0.78	-1
124	135	10369	7	2	5	-0.78	-1
124	136	10342	7	5	2	0.78	1
124	137	9508	6	3	3	0.00	1
124	138	9450	6	5	1	1.04	1
124	139	8618	4	2	2	0.00	1
124	140	5405	2	0	2	-0.52	-1
124	141	5291	1	1	0	0.26	1
125	126	8119	12	7	5	0.52	1
125	127	19044	16	12	4	2.09	1
125	128	17619	14	5	9	-1.04	-1
125	129	14167	10	4	6	-0.52	-1
125	130	17884	13	7	6	0.26	1
125	131	16564	12	6	6	0.00	1
125	132	17224	12	7	5	0.52	1
125	133	16699	11	7	4	0.78	1
125	134	16143	11	5	6	-0.26	-1
125	135	13980	11	5	6	-0.26	-1
125	136	15348	11	5	6	-0.26	-1
125	137	14514	10	4	6	-0.52	-1
125	138	14456	10	5	5	0.00	1
125	139	13624	8	2	6	-1.04	-1
125	140	10411	6	2	4	-0.52	-1
125	141	10297	5	3	2	0.26	1
125	142	10037	4	4	0	1.04	1
125	143	9517	4	2	2	0.00	1
125	144	9515	4	0	4	-1.04	-1
125	145	8067	4	1	3	-0.52	-1
125	146	7366	4	2	2	0.00	1
125	147	7232	4	2	2	0.00	1
125	148	6945	4	1	3	-0.52	-1
125	149	6609	4	3	1	0.52	1
125	150	6129	4	4	0	1.04	1
125	151	5642	4	2	2	0.00	1
125	152	3984	3	2	1	0.26	1
125	153	3504	3	1	2	-0.26	-1
126	127	7427	10	5	5	0.00	1
126	128	6592	8	3	5	-0.52	-1
126	129	6562	7	6	1	1.30	1
126	130	6267	7	5	2	0.78	1
126	131	5651	6	2	4	-0.52	-1
126	132	5607	6	5	1	1.04	1
126	133	5082	5	4	1	0.78	1
126	134	4526	5	2	3	-0.26	-1
126	135	3758	5	2	3	-0.26	-1
126	136	3731	5	4	1	0.78	1
126	137	2897	4	2	2	0.00	1
126	138	2839	4	2	2	0.00	1
126	139	2007	2	2	0	0.52	1
127	128	17619	14	8	6	0.52	1
127	129	14167	10	6	4	0.52	1
127	130	18570	14	8	6	0.52	1
127	131	16564	12	5	7	-0.52	-1
127	132	17910	13	10	3	1.82	1
127	133	17385	12	4	8	-1.04	-1
127	134	16829	12	4	8	-1.04	-1
127	135	13980	11	7	4	0.78	1
127	136	16034	12	5	7	-0.52	-1
127	137	15200	11	7	4	0.78	1
127	138	14634	11	5	6	-0.26	-1
127	139	14310	9	6	3	0.78	1
127	140	11097	7	3	4	-0.26	-1
127	141	10983	6	5	1	1.04	1
127	142	10723	5	2	3	-0.26	-1
127	143	10203	5	2	3	-0.26	-1
127	144	10201	5	4	1	0.78	1
127	145	8753	5	2	3	-0.26	-1
127	146	8052	5	1	4	-0.78	-1
127	147	7918	5	3	2	0.26	1
127	148	7631	5	2	3	-0.26	-1
127	149	7295	5	3	2	0.26	1
127	150	6815	5	3	2	0.26	1
127	151	6328	5	3	2	0.26	1
127	152	4670	4	4	0	1.04	1
127	153	4190	4	2	2	0.00	1
127	154	2625	1	1	0	0.26	1
127	155	1959	1	1	0	0.26	1
127	156	1705	1	0	1	-0.26	-1
127	157	1682	1	0	1	-0.26	-1
128	129	14167	10	3	7	-1.04	-1
128	130	17294	13	7	6	0.26	1
128	131	16564	12	5	7	-0.52	-1
128	132	16634	12	3	9	-1.56	-1
128	133	16109	11	6	5	0.26	1
128	134	15553	11	6	5	0.26	1
128	135	13980	11	2	9	-1.82	-1
128	136	14758	11	5	6	-0.26	-1
128	137	13924	10	7	3	1.04	1
128	138	13866	10	5	5	0.00	1
128	139	13034	8	3	5	-0.52	-1
128	140	9821	6	3	3	0.00	1
128	141	9707	5	1	4	-0.78	-1
128	142	9447	4	2	2	0.00	1
128	143	8927	4	4	0	1.04	1
128	144	8925	4	4	0	1.04	1
128	145	7477	4	1	3	-0.52	-1
128	146	6776	4	3	1	0.52	1
128	147	6642	4	1	3	-0.52	-1
128	148	6355	4	4	0	1.04	1
128	149	6019	4	1	3	-0.52	-1
128	150	5539	4	0	4	-1.04	-1
128	151	5052	4	3	1	0.52	1
128	152	3394	3	1	2	-0.26	-1
128	153	2914	3	2	1	0.26	1
129	130	13872	10	5	5	0.00	1
129	131	13256	9	5	4	0.26	1
129	132	13212	9	4	5	-0.26	-1
129	133	12687	8	5	3	0.52	1
129	134	12131	8	6	2	1.04	1
129	135	11363	8	5	3	0.52	1
129	136	11336	8	5	3	0.52	1
129	137	10502	7	4	3	0.26	1
129	138	10444	7	2	5	-0.78	-1
129	139	9612	5	3	2	0.26	1
129	140	6399	3	0	3	-0.78	-1
129	141	6285	2	0	2	-0.52	-1
129	142	6025	1	0	1	-0.26	-1
129	143	5505	1	1	0	0.26	1
129	144	5503	1	1	0	0.26	1
129	145	4055	1	1	0	0.26	1
129	146	3354	1	1	0	0.26	1
129	147	3220	1	0	1	-0.26	-1
129	148	2933	1	1	0	0.26	1
129	149	2597	1	0	1	-0.26	-1
129	150	2117	1	1	0	0.26	1
129	151	1630	1	0	1	-0.26	-1
130	131	16564	12	3	9	-1.56	-1
130	132	17998	13	4	9	-1.30	-1
130	133	17473	12	9	3	1.56	1
130	134	16917	12	8	4	1.04	1
130	135	13980	11	4	7	-0.78	-1
130	136	16122	12	6	6	0.00	1
130	137	15288	11	5	6	-0.26	-1
130	138	14634	11	5	6	-0.26	-1
130	139	14398	9	3	6	-0.78	-1
130	140	11185	7	4	3	0.26	1
130	141	11071	6	2	4	-0.52	-1
130	142	10811	5	1	4	-0.78	-1
130	143	10291	5	3	2	0.26	1
130	144	10289	5	3	2	0.26	1
130	145	8841	5	4	1	0.78	1
130	146	8140	5	3	2	0.26	1
130	147	8006	5	4	1	0.78	1
130	148	7719	5	3	2	0.26	1
130	149	7383	5	3	2	0.26	1
130	150	6903	5	3	2	0.26	1
130	151	6416	5	4	1	0.78	1
130	152	4758	4	2	2	0.00	1
130	153	4278	4	2	2	0.00	1
130	154	2713	1	0	1	-0.26	-1
130	155	2047	1	0	1	-0.26	-1
130	156	1793	1	1	0	0.26	1
130	157	1770	1	0	1	-0.26	-1
131	132	16520	12	8	4	1.04	1
131	133	15995	11	8	3	1.30	1
131	134	15439	11	6	5	0.26	1
131	135	13980	11	7	4	0.78	1
131	136	14644	11	7	4	0.78	1
131	137	13810	10	5	5	0.00	1
131	138	13752	10	5	5	0.00	1
131	139	12920	8	1	7	-1.56	-1
131	140	9707	6	5	1	1.04	1
131	141	9593	5	2	3	-0.26	-1
131	142	9333	4	1	3	-0.52	-1
131	143	8813	4	1	3	-0.52	-1
131	144	8811	4	1	3	-0.52	-1
131	145	7363	4	1	3	-0.52	-1
131	146	6662	4	2	2	0.00	1
131	147	6528	4	4	0	1.04	1
131	148	6241	4	3	1	0.52	1
131	149	5905	4	3	1	0.52	1
131	150	5425	4	4	0	1.04	1
131	151	4938	4	0	4	-1.04	-1
131	152	3280	3	2	1	0.26	1
131	153	2800	3	0	3	-0.78	-1
132	133	18903	13	5	8	-0.78	-1
132	134	18347	13	6	7	-0.26	-1
132	135	13980	11	7	4	0.78	1
132	136	17552	13	5	8	-0.78	-1
132	137	16718	12	3	9	-1.56	-1
132	138	14634	11	4	7	-0.78	-1
132	139	14511	9	2	7	-1.30	-1
132	140	12615	8	2	6	-1.04	-1
132	141	12501	7	5	2	0.78	1
132	142	12241	6	5	1	1.04	1
132	143	11721	6	2	4	-0.52	-1
132	144	10674	5	2	3	-0.26	-1
132	145	10271	6	2	4	-0.52	-1
132	146	9570	6	4	2	0.52	1
132	147	9436	6	4	2	0.52	1
132	148	9149	6	2	4	-0.52	-1
132	149	8813	6	1	5	-1.04	-1
132	150	8333	6	3	3	0.00	1
132	151	7846	6	3	3	0.00	1
132	152	6188	5	1	4	-0.78	-1
132	153	5708	5	0	5	-1.30	-1
132	154	4143	2	1	1	0.00	1
132	155	3477	2	0	2	-0.52	-1
132	156	3223	2	1	1	0.00	1
132	157	3200	2	1	1	0.00	1
132	158	1783	1	0	1	-0.26	-1
132	159	1730	1	0	1	-0.26	-1
132	160	1424	1	0	1	-0.26	-1
132	161	887	1	1	0	0.26	1
133	134	19173	13	9	4	1.30	1
133	135	13980	11	9	2	1.82	1
133	136	20495	14	5	9	-1.04	-1
133	137	17969	12	6	6	0.00	1
133	138	14634	11	3	8	-1.30	-1
133	139	14511	9	2	7	-1.30	-1
133	140	13407	8	2	6	-1.04	-1
133	141	15444	8	2	6	-1.04	-1
133	142	15184	7	3	4	-0.26	-1
133	143	14664	7	2	5	-0.78	-1
133	144	10674	5	1	4	-0.78	-1
133	145	13214	7	3	4	-0.26	-1
133	146	12513	7	2	5	-0.78	-1
133	147	12379	7	2	5	-0.78	-1
133	148	12092	7	5	2	0.78	1
133	149	11756	7	4	3	0.26	1
133	150	11276	7	3	4	-0.26	-1
133	151	10789	7	4	3	0.26	1
133	152	9131	6	2	4	-0.52	-1
133	153	8651	6	3	3	0.00	1
133	154	7086	3	2	1	0.26	1
133	155	6420	3	3	0	0.78	1
133	156	6166	3	3	0	0.78	1
133	157	6143	3	2	1	0.26	1
133	158	4726	2	2	0	0.52	1
133	159	4673	2	2	0	0.52	1
133	160	4367	2	1	1	0.00	1
133	161	3830	2	1	1	0.00	1
133	162	2022	1	0	1	-0.26	-1
134	135	13980	11	4	7	-0.78	-1
134	136	18378	13	7	6	0.26	1
134	137	17544	12	5	7	-0.52	-1
134	138	14634	11	5	6	-0.26	-1
134	139	14511	9	5	4	0.26	1
134	140	13407	8	6	2	1.04	1
134	141	13327	7	2	5	-0.78	-1
134	142	13067	6	5	1	1.04	1
134	143	12547	6	1	5	-1.04	-1
134	144	10674	5	3	2	0.26	1
134	145	11097	6	3	3	0.00	1
134	146	10396	6	4	2	0.52	1
134	147	10262	6	3	3	0.00	1
134	148	9975	6	1	5	-1.04	-1
134	149	9639	6	2	4	-0.52	-1
134	150	9159	6	3	3	0.00	1
134	151	8672	6	3	3	0.00	1
134	152	7014	5	3	2	0.26	1
134	153	6534	5	3	2	0.26	1
134	154	4969	2	2	0	0.52	1
134	155	4303	2	0	2	-0.52	-1
134	156	4049	2	2	0	0.52	1
134	157	4026	2	0	2	-0.52	-1
134	158	2609	1	1	0	0.26	1
134	159	2556	1	0	1	-0.26	-1
134	160	2250	1	1	0	0.26	1
134	161	1713	1	0	1	-0.26	-1
135	136	13953	11	4	7	-0.78	-1
135	137	13119	10	6	4	0.52	1
135	138	13061	10	6	4	0.52	1
135	139	12229	8	4	4	0.00	1
135	140	9016	6	2	4	-0.52	-1
135	141	8902	5	4	1	0.78	1
135	142	8642	4	3	1	0.52	1
135	143	8122	4	3	1	0.52	1
135	144	8120	4	2	2	0.00	1
135	145	6672	4	2	2	0.00	1
135	146	5971	4	4	0	1.04	1
135	147	5837	4	2	2	0.00	1
135	148	5550	4	3	1	0.52	1
135	149	5214	4	2	2	0.00	1
135	150	4734	4	2	2	0.00	1
135	151	4247	4	2	2	0.00	1
135	152	2589	3	1	2	-0.26	-1
135	153	2109	3	1	2	-0.26	-1
136	137	17969	12	7	5	0.52	1
136	138	14634	11	4	7	-0.78	-1
136	139	14511	9	5	4	0.26	1
136	140	13407	8	5	3	0.52	1
136	141	15822	9	2	7	-1.30	-1
136	142	15562	8	5	3	0.52	1
136	143	15042	8	6	2	1.04	1
136	144	10674	5	2	3	-0.26	-1
136	145	13331	7	3	4	-0.26	-1
136	146	12891	8	3	5	-0.52	-1
136	147	12757	8	6	2	1.04	1
136	148	12470	8	5	3	0.52	1
136	149	12134	8	2	6	-1.04	-1
136	150	11654	8	3	5	-0.52	-1
136	151	11167	8	3	5	-0.52	-1
136	152	9509	7	2	5	-0.78	-1
136	153	9029	7	2	5	-0.78	-1
136	154	7464	4	1	3	-0.52	-1
136	155	6798	4	2	2	0.00	1
136	156	6544	4	3	1	0.52	1
136	157	6521	4	2	2	0.00	1
136	158	5104	3	2	1	0.26	1
136	159	5051	3	2	1	0.26	1
136	160	4745	3	1	2	-0.26	-1
136	161	4208	3	1	2	-0.26	-1
136	162	2400	2	1	1	0.00	1
136	163	1763	1	1	0	0.26	1
136	164	1461	1	0	1	-0.26	-1
136	165	611	1	0	1	-0.26	-1
136	166	582	1	1	0	0.26	1
136	167	304	1	0	1	-0.26	-1
137	138	14634	11	5	6	-0.26	-1
137	139	14511	9	5	4	0.26	1
137	140	13407	8	6	2	1.04	1
137	141	13752	7	2	5	-0.78	-1
137	142	13492	6	4	2	0.52	1
137	143	12972	6	3	3	0.00	1
137	144	10674	5	1	4	-0.78	-1
137	145	11522	6	2	4	-0.52	-1
137	146	10821	6	1	5	-1.04	-1
137	147	10687	6	1	5	-1.04	-1
137	148	10400	6	4	2	0.52	1
137	149	10064	6	2	4	-0.52	-1
137	150	9584	6	4	2	0.52	1
137	151	9097	6	2	4	-0.52	-1
137	152	7439	5	1	4	-0.78	-1
137	153	6959	5	4	1	0.78	1
137	154	5394	2	1	1	0.00	1
137	155	4728	2	1	1	0.00	1
137	156	4474	2	2	0	0.52	1
137	157	4451	2	1	1	0.00	1
137	158	3034	1	0	1	-0.26	-1
137	159	2981	1	1	0	0.26	1
137	160	2675	1	1	0	0.26	1
137	161	2138	1	0	1	-0.26	-1
138	139	13802	9	3	6	-0.78	-1
138	140	10589	7	3	4	-0.26	-1
138	141	10475	6	5	1	1.04	1
138	142	10215	5	2	3	-0.26	-1
138	143	9695	5	2	3	-0.26	-1
138	144	9693	5	2	3	-0.26	-1
138	145	8245	5	3	2	0.26	1
138	146	7544	5	4	1	0.78	1
138	147	7410	5	1	4	-0.78	-1
138	148	7123	5	2	3	-0.26	-1
138	149	6787	5	4	1	0.78	1
138	150	6307	5	4	1	0.78	1
138	151	5820	5	1	4	-0.78	-1
138	152	4162	4	4	0	1.04	1
138	153	3682	4	3	1	0.52	1
138	154	2117	1	1	0	0.26	1
138	155	1451	1	1	0	0.26	1
138	156	1197	1	1	0	0.26	1
138	157	1174	1	0	1	-0.26	-1
139	140	11298	7	6	1	1.30	1
139	141	11184	6	3	3	0.00	1
139	142	10924	5	2	3	-0.26	-1
139	143	10404	5	2	3	-0.26	-1
139	144	10402	5	4	1	0.78	1
139	145	8954	5	1	4	-0.78	-1
139	146	8253	5	2	3	-0.26	-1
139	147	8119	5	2	3	-0.26	-1
139	148	7832	5	4	1	0.78	1
139	149	7496	5	1	4	-0.78	-1
139	150	7016	5	3	2	0.26	1
139	151	6529	5	3	2	0.26	1
139	152	4871	4	3	1	0.52	1
139	153	4391	4	3	1	0.52	1
139	154	2826	1	1	0	0.26	1
139	155	2160	1	1	0	0.26	1
139	156	1906	1	0	1	-0.26	-1
139	157	1883	1	0	1	-0.26	-1
140	141	13293	7	5	2	0.78	1
140	142	13033	6	1	5	-1.04	-1
140	143	12513	6	3	3	0.00	1
140	144	10674	5	2	3	-0.26	-1
140	145	11063	6	3	3	0.00	1
140	146	10362	6	2	4	-0.52	-1
140	147	10228	6	1	5	-1.04	-1
140	148	9941	6	1	5	-1.04	-1
140	149	9605	6	3	3	0.00	1
140	150	9125	6	2	4	-0.52	-1
140	151	8638	6	3	3	0.00	1
140	152	6980	5	2	3	-0.26	-1
140	153	6500	5	3	2	0.26	1
140	154	4935	2	2	0	0.52	1
140	155	4269	2	1	1	0.00	1
140	156	4015	2	2	0	0.52	1
140	157	3992	2	1	1	0.00	1
140	158	2575	1	1	0	0.26	1
140	159	2522	1	0	1	-0.26	-1
140	160	2216	1	1	0	0.26	1
140	161	1679	1	1	0	0.26	1
141	142	18064	11	6	5	0.26	1
141	143	16425	11	8	3	1.30	1
141	144	10674	5	2	3	-0.26	-1
141	145	13331	7	2	5	-0.78	-1
141	146	15156	11	7	4	0.78	1
141	147	15259	11	6	5	0.26	1
141	148	14972	11	3	8	-1.30	-1
141	149	14636	11	6	5	0.26	1
141	150	14156	11	8	3	1.30	1
141	151	13669	11	5	6	-0.26	-1
141	152	12011	10	6	4	0.52	1
141	153	11531	10	5	5	0.00	1
141	154	9966	7	2	5	-0.78	-1
141	155	9300	7	5	2	0.78	1
141	156	9046	7	4	3	0.26	1
141	157	9023	7	3	4	-0.26	-1
141	158	7606	6	4	2	0.52	1
141	159	7553	6	1	5	-1.04	-1
141	160	7247	6	4	2	0.52	1
141	161	6710	6	4	2	0.52	1
141	162	4902	5	2	3	-0.26	-1
141	163	4265	4	3	1	0.52	1
141	164	3963	4	4	0	1.04	1
141	165	3113	4	1	3	-0.52	-1
141	166	3084	4	2	2	0.00	1
141	167	2806	4	2	2	0.00	1
141	168	2553	3	3	0	0.78	1
141	169	2008	2	2	0	0.52	1
142	143	16425	11	3	8	-1.30	-1
142	144	10674	5	3	2	0.26	1
142	145	13331	7	3	4	-0.26	-1
142	146	15156	11	7	4	0.78	1
142	147	15723	11	8	3	1.30	1
142	148	15436	11	4	7	-0.78	-1
142	149	15100	11	8	3	1.30	1
142	150	14620	11	5	6	-0.26	-1
142	151	14133	11	5	6	-0.26	-1
142	152	12475	10	5	5	0.00	1
142	153	11995	10	3	7	-1.04	-1
142	154	10430	7	1	6	-1.30	-1
142	155	9764	7	4	3	0.26	1
142	156	9510	7	5	2	0.78	1
142	157	9487	7	4	3	0.26	1
142	158	8070	6	3	3	0.00	1
142	159	8017	6	6	0	1.56	1
142	160	7711	6	1	5	-1.04	-1
142	161	7174	6	4	2	0.52	1
142	162	5366	5	3	2	0.26	1
142	163	4729	4	0	4	-1.04	-1
142	164	4427	4	3	1	0.52	1
142	165	3577	4	2	2	0.00	1
142	166	3548	4	0	4	-1.04	-1
142	167	3270	4	2	2	0.00	1
142	168	3017	3	1	2	-0.26	-1
142	169	2472	2	2	0	0.52	1
143	144	10674	5	4	1	0.78	1
143	145	13331	7	2	5	-0.78	-1
143	146	14274	11	7	4	0.78	1
143	147	14140	11	7	4	0.78	1
143	148	13853	11	6	5	0.26	1
143	149	13517	11	4	7	-0.78	-1
143	150	13037	11	5	6	-0.26	-1
143	151	12550	11	8	3	1.30	1
143	152	10892	10	4	6	-0.52	-1
143	153	10412	10	3	7	-1.04	-1
143	154	8847	7	6	1	1.30	1
143	155	8181	7	5	2	0.78	1
143	156	7927	7	2	5	-0.78	-1
143	157	7904	7	3	4	-0.26	-1
143	158	6487	6	4	2	0.52	1
143	159	6434	6	4	2	0.52	1
143	160	6128	6	2	4	-0.52	-1
143	161	5591	6	2	4	-0.52	-1
143	162	3783	5	1	4	-0.78	-1
143	163	3146	4	4	0	1.04	1
143	164	2844	4	2	2	0.00	1
143	165	1994	4	1	3	-0.52	-1
143	166	1965	4	1	3	-0.52	-1
143	167	1687	4	1	3	-0.52	-1
143	168	1434	3	2	1	0.26	1
143	169	889	2	2	0	0.52	1
144	145	9226	5	0	5	-1.30	-1
144	146	8525	5	3	2	0.26	1
144	147	8391	5	2	3	-0.26	-1
144	148	8104	5	1	4	-0.78	-1
144	149	7768	5	3	2	0.26	1
144	150	7288	5	0	5	-1.30	-1
144	151	6801	5	2	3	-0.26	-1
144	152	5143	4	1	3	-0.52	-1
144	153	4663	4	1	3	-0.52	-1
144	154	3098	1	1	0	0.26	1
144	155	2432	1	1	0	0.26	1
144	156	2178	1	0	1	-0.26	-1
144	157	2155	1	1	0	0.26	1
145	146	12630	7	7	0	1.82	1
145	147	12496	7	4	3	0.26	1
145	148	12209	7	4	3	0.26	1
145	149	11873	7	4	3	0.26	1
145	150	11393	7	4	3	0.26	1
145	151	10906	7	3	4	-0.26	-1
145	152	9248	6	5	1	1.04	1
145	153	8768	6	2	4	-0.52	-1
145	154	7203	3	1	2	-0.26	-1
145	155	6537	3	1	2	-0.26	-1
145	156	6283	3	2	1	0.26	1
145	157	6260	3	1	2	-0.26	-1
145	158	4843	2	1	1	0.00	1
145	159	4790	2	1	1	0.00	1
145	160	4484	2	0	2	-0.52	-1
145	161	3947	2	2	0	0.52	1
145	162	2139	1	1	0	0.26	1
146	147	15022	11	7	4	0.78	1
146	148	14735	11	6	5	0.26	1
146	149	14399	11	8	3	1.30	1
146	150	13919	11	6	5	0.26	1
146	151	13432	11	5	6	-0.26	-1
146	152	11774	10	7	3	1.04	1
146	153	11294	10	5	5	0.00	1
146	154	9729	7	3	4	-0.26	-1
146	155	9063	7	5	2	0.78	1
146	156	8809	7	4	3	0.26	1
146	157	8786	7	4	3	0.26	1
146	158	7369	6	5	1	1.04	1
146	159	7316	6	0	6	-1.56	-1
146	160	7010	6	3	3	0.00	1
146	161	6473	6	6	0	1.56	1
146	162	4665	5	2	3	-0.26	-1
146	163	4028	4	2	2	0.00	1
146	164	3726	4	2	2	0.00	1
146	165	2876	4	2	2	0.00	1
146	166	2847	4	3	1	0.52	1
146	167	2569	4	3	1	0.52	1
146	168	2316	3	1	2	-0.26	-1
146	169	1771	2	1	1	0.00	1
147	148	16726	12	4	8	-1.04	-1
147	149	18984	17	12	5	1.82	1
147	150	16462	13	7	6	0.26	1
147	151	18788	17	8	9	-0.26	-1
147	152	15355	15	12	3	2.35	1
147	153	18061	17	8	9	-0.26	-1
147	154	16496	14	4	10	-1.56	-1
147	155	15830	14	4	10	-1.56	-1
147	156	15576	14	8	6	0.52	1
147	157	15553	14	9	5	1.04	1
147	158	14136	13	7	6	0.26	1
147	159	14083	13	3	10	-1.82	-1
147	160	13777	13	4	9	-1.30	-1
147	161	13240	13	7	6	0.26	1
147	162	11432	12	4	8	-1.04	-1
147	163	10795	11	7	4	0.78	1
147	164	10493	11	7	4	0.78	1
147	165	9643	11	5	6	-0.26	-1
147	166	9614	11	8	3	1.30	1
147	167	9336	11	5	6	-0.26	-1
147	168	9083	10	3	7	-1.04	-1
147	169	8538	9	6	3	0.78	1
147	170	7465	7	3	4	-0.26	-1
147	171	7420	7	3	4	-0.26	-1
147	172	6783	7	5	2	0.78	1
147	173	6778	7	3	4	-0.26	-1
147	174	6695	7	4	3	0.26	1
147	175	6634	7	5	2	0.78	1
147	176	3943	5	2	3	-0.26	-1
147	177	3043	2	0	2	-0.52	-1
147	178	2926	2	2	0	0.52	1
147	179	2731	2	1	1	0.00	1
148	149	16390	12	7	5	0.52	1
148	150	15910	12	6	6	0.00	1
148	151	15423	12	2	10	-2.09	-1
148	152	13765	11	3	8	-1.30	-1
148	153	13285	11	6	5	0.26	1
148	154	11720	8	7	1	1.56	1
148	155	11054	8	3	5	-0.52	-1
148	156	10800	8	4	4	0.00	1
148	157	10777	8	6	2	1.04	1
148	158	9360	7	4	3	0.26	1
148	159	9307	7	2	5	-0.78	-1
148	160	9001	7	4	3	0.26	1
148	161	8464	7	3	4	-0.26	-1
148	162	6656	6	4	2	0.52	1
148	163	6019	5	2	3	-0.26	-1
148	164	5717	5	1	4	-0.78	-1
148	165	4867	5	1	4	-0.78	-1
148	166	4838	5	2	3	-0.26	-1
148	167	4560	5	4	1	0.78	1
148	168	4307	4	2	2	0.00	1
148	169	3762	3	2	1	0.26	1
148	170	2689	1	1	0	0.26	1
148	171	2644	1	0	1	-0.26	-1
148	172	2007	1	0	1	-0.26	-1
148	173	2002	1	1	0	0.26	1
148	174	1919	1	0	1	-0.26	-1
148	175	1858	1	0	1	-0.26	-1
149	150	16462	13	10	3	1.82	1
149	151	18017	17	8	9	-0.26	-1
149	152	15355	15	7	8	-0.26	-1
149	153	15879	16	10	6	1.04	1
149	154	14314	13	6	7	-0.26	-1
149	155	13648	13	4	9	-1.30	-1
149	156	13394	13	4	9	-1.30	-1
149	157	13371	13	7	6	0.26	1
149	158	11954	12	5	7	-0.52	-1
149	159	11901	12	9	3	1.56	1
149	160	11595	12	4	8	-1.04	-1
149	161	11058	12	5	7	-0.52	-1
149	162	9250	11	5	6	-0.26	-1
149	163	8613	10	5	5	0.00	1
149	164	8311	10	8	2	1.56	1
149	165	7461	10	5	5	0.00	1
149	166	7432	10	7	3	1.04	1
149	167	7154	10	5	5	0.00	1
149	168	6901	9	5	4	0.26	1
149	169	6356	8	2	6	-1.04	-1
149	170	5283	6	1	5	-1.04	-1
149	171	5238	6	1	5	-1.04	-1
149	172	4601	6	4	2	0.52	1
149	173	4596	6	5	1	1.04	1
149	174	4513	6	4	2	0.52	1
149	175	4452	6	4	2	0.52	1
149	176	1761	4	3	1	0.52	1
149	177	861	1	0	1	-0.26	-1
149	178	744	1	0	1	-0.26	-1
149	179	549	1	0	1	-0.26	-1
150	151	15975	13	9	4	1.30	1
150	152	14317	12	6	6	0.00	1
150	153	13837	12	2	10	-2.09	-1
150	154	12272	9	5	4	0.26	1
150	155	11606	9	3	6	-0.78	-1
150	156	11352	9	7	2	1.30	1
150	157	11329	9	4	5	-0.26	-1
150	158	9912	8	6	2	1.04	1
150	159	9859	8	1	7	-1.56	-1
150	160	9553	8	8	0	2.09	1
150	161	9016	8	3	5	-0.52	-1
150	162	7208	7	4	3	0.26	1
150	163	6571	6	2	4	-0.52	-1
150	164	6269	6	3	3	0.00	1
150	165	5419	6	3	3	0.00	1
150	166	5390	6	3	3	0.00	1
150	167	5112	6	4	2	0.52	1
150	168	4859	5	2	3	-0.26	-1
150	169	4314	4	3	1	0.52	1
150	170	3241	2	1	1	0.00	1
150	171	3196	2	0	2	-0.52	-1
150	172	2559	2	2	0	0.52	1
150	173	2554	2	1	1	0.00	1
150	174	2471	2	1	1	0.00	1
150	175	2410	2	1	1	0.00	1
151	152	15355	15	3	12	-2.35	-1
151	153	16650	16	8	8	0.00	1
151	154	15085	13	6	7	-0.26	-1
151	155	14419	13	5	8	-0.78	-1
151	156	14165	13	8	5	0.78	1
151	157	14142	13	8	5	0.78	1
151	158	12725	12	7	5	0.52	1
151	159	12672	12	8	4	1.04	1
151	160	12366	12	8	4	1.04	1
151	161	11829	12	3	9	-1.56	-1
151	162	10021	11	2	9	-1.82	-1
151	163	9384	10	7	3	1.04	1
151	164	9082	10	7	3	1.04	1
151	165	8232	10	2	8	-1.56	-1
151	166	8203	10	6	4	0.52	1
151	167	7925	10	3	7	-1.04	-1
151	168	7672	9	2	7	-1.30	-1
151	169	7127	8	4	4	0.00	1
151	170	6054	6	3	3	0.00	1
151	171	6009	6	3	3	0.00	1
151	172	5372	6	3	3	0.00	1
151	173	5367	6	3	3	0.00	1
151	174	5284	6	3	3	0.00	1
151	175	5223	6	1	5	-1.04	-1
151	176	2532	4	0	4	-1.04	-1
151	177	1632	1	0	1	-0.26	-1
151	178	1515	1	0	1	-0.26	-1
151	179	1320	1	0	1	-0.26	-1
152	153	14875	15	6	9	-0.78	-1
152	154	13310	12	4	8	-1.04	-1
152	155	12644	12	4	8	-1.04	-1
152	156	12390	12	7	5	0.52	1
152	157	12367	12	6	6	0.00	1
152	158	10950	11	3	8	-1.30	-1
152	159	10897	11	6	5	0.26	1
152	160	10591	11	6	5	0.26	1
152	161	10054	11	8	3	1.30	1
152	162	8246	10	6	4	0.52	1
152	163	7609	9	4	5	-0.26	-1
152	164	7307	9	6	3	0.78	1
152	165	6457	9	5	4	0.26	1
152	166	6428	9	3	6	-0.78	-1
152	167	6150	9	6	3	0.78	1
152	168	5897	8	6	2	1.04	1
152	169	5352	7	2	5	-0.78	-1
152	170	4279	5	2	3	-0.26	-1
152	171	4234	5	0	5	-1.30	-1
152	172	3597	5	4	1	0.78	1
152	173	3592	5	4	1	0.78	1
152	174	3509	5	4	1	0.78	1
152	175	3448	5	3	2	0.26	1
152	176	757	3	2	1	0.26	1
153	154	19471	15	10	5	1.30	1
153	155	16539	15	9	6	0.78	1
153	156	17146	15	9	6	0.78	1
153	157	18528	15	7	8	-0.26	-1
153	158	17111	14	8	6	0.52	1
153	159	14673	14	5	9	-1.04	-1
153	160	16592	14	7	7	0.00	1
153	161	16215	14	7	7	0.00	1
153	162	14407	13	8	5	0.78	1
153	163	13770	12	8	4	1.04	1
153	164	12242	12	5	7	-0.52	-1
153	165	12618	12	8	4	1.04	1
153	166	12589	12	6	6	0.00	1
153	167	11721	12	6	6	0.00	1
153	168	10322	11	4	7	-0.78	-1
153	169	11513	10	7	3	1.04	1
153	170	10440	8	6	2	1.04	1
153	171	10395	8	5	3	0.52	1
153	172	9758	8	4	4	0.00	1
153	173	9753	8	3	5	-0.52	-1
153	174	9670	8	4	4	0.00	1
153	175	9609	8	2	6	-1.04	-1
153	176	6918	6	1	5	-1.04	-1
153	177	6018	3	1	2	-0.26	-1
153	178	5901	3	1	2	-0.26	-1
153	179	5706	3	1	2	-0.26	-1
154	155	16539	15	9	6	0.78	1
154	156	17146	15	4	11	-1.82	-1
154	157	18844	15	7	8	-0.26	-1
154	158	17427	14	8	6	0.52	1
154	159	14673	14	7	7	0.00	1
154	160	16592	14	9	5	1.04	1
154	161	16531	14	8	6	0.52	1
154	162	14723	13	7	6	0.26	1
154	163	14086	12	4	8	-1.04	-1
154	164	12242	12	9	3	1.56	1
154	165	12934	12	4	8	-1.04	-1
154	166	12905	12	4	8	-1.04	-1
154	167	11721	12	4	8	-1.04	-1
154	168	10322	11	4	7	-0.78	-1
154	169	11829	10	6	4	0.52	1
154	170	10756	8	6	2	1.04	1
154	171	10711	8	5	3	0.52	1
154	172	10074	8	2	6	-1.04	-1
154	173	10069	8	6	2	1.04	1
154	174	9986	8	2	6	-1.04	-1
154	175	9925	8	2	6	-1.04	-1
154	176	7234	6	2	4	-0.52	-1
154	177	6334	3	1	2	-0.26	-1
154	178	6217	3	1	2	-0.26	-1
154	179	6022	3	1	2	-0.26	-1
155	156	16285	15	4	11	-1.82	-1
155	157	16262	15	6	9	-0.78	-1
155	158	14845	14	5	9	-1.04	-1
155	159	14673	14	9	5	1.04	1
155	160	14486	14	8	6	0.52	1
155	161	13949	14	5	9	-1.04	-1
155	162	12141	13	6	7	-0.26	-1
155	163	11504	12	8	4	1.04	1
155	164	11202	12	5	7	-0.52	-1
155	165	10352	12	7	5	0.52	1
155	166	10323	12	6	6	0.00	1
155	167	10045	12	5	7	-0.52	-1
155	168	9792	11	5	6	-0.26	-1
155	169	9247	10	3	7	-1.04	-1
155	170	8174	8	5	3	0.52	1
155	171	8129	8	3	5	-0.52	-1
155	172	7492	8	3	5	-0.52	-1
155	173	7487	8	5	3	0.52	1
155	174	7404	8	7	1	1.56	1
155	175	7343	8	4	4	0.00	1
155	176	4652	6	0	6	-1.56	-1
155	177	3752	3	2	1	0.26	1
155	178	3635	3	2	1	0.26	1
155	179	3440	3	2	1	0.26	1
156	157	17123	15	6	9	-0.78	-1
156	158	15706	14	6	8	-0.52	-1
156	159	14673	14	7	7	0.00	1
156	160	15347	14	4	10	-1.56	-1
156	161	14810	14	7	7	0.00	1
156	162	13002	13	7	6	0.26	1
156	163	12365	12	6	6	0.00	1
156	164	12063	12	5	7	-0.52	-1
156	165	11213	12	8	4	1.04	1
156	166	11184	12	6	6	0.00	1
156	167	10906	12	10	2	2.09	1
156	168	10322	11	2	9	-1.82	-1
156	169	10108	10	3	7	-1.04	-1
156	170	9035	8	6	2	1.04	1
156	171	8990	8	3	5	-0.52	-1
156	172	8353	8	4	4	0.00	1
156	173	8348	8	4	4	0.00	1
156	174	8265	8	2	6	-1.04	-1
156	175	8204	8	6	2	1.04	1
156	176	5513	6	2	4	-0.52	-1
156	177	4613	3	2	1	0.26	1
156	178	4496	3	1	2	-0.26	-1
156	179	4301	3	2	1	0.26	1
157	158	21459	18	11	7	1.04	1
157	159	14673	14	8	6	0.52	1
157	160	16592	14	8	6	0.52	1
157	161	20563	18	6	12	-1.56	-1
157	162	18755	17	8	9	-0.26	-1
157	163	18118	16	10	6	1.04	1
157	164	12242	12	3	9	-1.56	-1
157	165	16966	16	6	10	-1.04	-1
157	166	15045	15	7	8	-0.26	-1
157	167	11721	12	4	8	-1.04	-1
157	168	10322	11	4	7	-0.78	-1
157	169	15861	14	10	4	1.56	1
157	170	14788	12	6	6	0.00	1
157	171	13769	12	7	5	0.52	1
157	172	14106	12	3	9	-1.56	-1
157	173	14101	12	6	6	0.00	1
157	174	14018	12	3	9	-1.56	-1
157	175	13957	12	5	7	-0.52	-1
157	176	11266	10	4	6	-0.52	-1
157	177	10366	7	2	5	-0.78	-1
157	178	10249	7	5	2	0.78	1
157	179	10054	7	2	5	-0.78	-1
157	180	5630	4	3	1	0.52	1
157	181	5481	4	2	2	0.00	1
157	182	5460	4	1	3	-0.52	-1
157	183	4024	4	2	2	0.00	1
157	184	3260	3	1	2	-0.26	-1
157	185	3121	2	2	0	0.52	1
157	186	2487	1	0	1	-0.26	-1
158	159	14673	14	10	4	1.56	1
158	160	16592	14	12	2	2.61	1
158	161	21153	18	9	9	0.00	1
158	162	21335	19	7	12	-1.30	-1
158	163	18184	16	9	7	0.52	1
158	164	12242	12	6	6	0.00	1
158	165	19546	18	9	9	0.00	1
158	166	15045	15	10	5	1.30	1
158	167	11721	12	4	8	-1.04	-1
158	168	10322	11	4	7	-0.78	-1
158	169	16029	14	9	5	1.04	1
158	170	17368	14	6	8	-0.52	-1
158	171	13769	12	6	6	0.00	1
158	172	16686	14	8	6	0.52	1
158	173	16681	14	6	8	-0.52	-1
158	174	16598	14	9	5	1.04	1
158	175	16537	14	4	10	-1.56	-1
158	176	13846	12	6	6	0.00	1
158	177	12946	9	5	4	0.26	1
158	178	12829	9	3	6	-0.78	-1
158	179	12634	9	5	4	0.26	1
158	180	8210	6	1	5	-1.04	-1
158	181	8061	6	3	3	0.00	1
158	182	8040	6	4	2	0.52	1
158	183	6604	6	5	1	1.04	1
158	184	5840	5	1	4	-0.78	-1
158	185	5701	4	1	3	-0.52	-1
158	186	5067	3	1	2	-0.26	-1
158	187	3264	2	0	2	-0.52	-1
158	188	2683	2	1	1	0.00	1
158	189	1565	1	0	1	-0.26	-1
158	190	1318	1	1	0	0.26	1
158	191	1104	1	0	1	-0.26	-1
159	160	14367	14	7	7	0.00	1
159	161	13830	14	7	7	0.00	1
159	162	12022	13	5	8	-0.78	-1
159	163	11385	12	9	3	1.56	1
159	164	11083	12	4	8	-1.04	-1
159	165	10233	12	7	5	0.52	1
159	166	10204	12	7	5	0.52	1
159	167	9926	12	3	9	-1.56	-1
159	168	9673	11	4	7	-0.78	-1
159	169	9128	10	5	5	0.00	1
159	170	8055	8	5	3	0.52	1
159	171	8010	8	4	4	0.00	1
159	172	7373	8	1	7	-1.56	-1
159	173	7368	8	3	5	-0.52	-1
159	174	7285	8	6	2	1.04	1
159	175	7224	8	5	3	0.52	1
159	176	4533	6	3	3	0.00	1
159	177	3633	3	2	1	0.26	1
159	178	3516	3	2	1	0.26	1
159	179	3321	3	1	2	-0.26	-1
160	161	16055	14	6	8	-0.52	-1
160	162	14247	13	6	7	-0.26	-1
160	163	13610	12	6	6	0.00	1
160	164	12242	12	4	8	-1.04	-1
160	165	12458	12	3	9	-1.56	-1
160	166	12429	12	6	6	0.00	1
160	167	11721	12	4	8	-1.04	-1
160	168	10322	11	1	10	-2.35	-1
160	169	11353	10	6	4	0.52	1
160	170	10280	8	5	3	0.52	1
160	171	10235	8	3	5	-0.52	-1
160	172	9598	8	3	5	-0.52	-1
160	173	9593	8	4	4	0.00	1
160	174	9510	8	6	2	1.04	1
160	175	9449	8	5	3	0.52	1
160	176	6758	6	5	1	1.04	1
160	177	5858	3	2	1	0.26	1
160	178	5741	3	1	2	-0.26	-1
160	179	5546	3	3	0	0.78	1
161	162	19345	17	11	6	1.30	1
161	163	18184	16	10	6	1.04	1
161	164	12242	12	6	6	0.00	1
161	165	17556	16	7	9	-0.52	-1
161	166	15045	15	8	7	0.26	1
161	167	11721	12	7	5	0.52	1
161	168	10322	11	8	3	1.30	1
161	169	16029	14	8	6	0.52	1
161	170	15378	12	5	7	-0.52	-1
161	171	13769	12	5	7	-0.52	-1
161	172	14696	12	8	4	1.04	1
161	173	14691	12	6	6	0.00	1
161	174	14608	12	7	5	0.52	1
161	175	14547	12	7	5	0.52	1
161	176	11856	10	4	6	-0.52	-1
161	177	10956	7	4	3	0.26	1
161	178	10839	7	3	4	-0.26	-1
161	179	10644	7	6	1	1.30	1
161	180	6220	4	1	3	-0.52	-1
161	181	6071	4	2	2	0.00	1
161	182	6050	4	1	3	-0.52	-1
161	183	4614	4	1	3	-0.52	-1
161	184	3850	3	1	2	-0.26	-1
161	185	3711	2	2	0	0.52	1
161	186	3077	1	1	0	0.26	1
162	163	18184	16	8	8	0.00	1
162	164	12242	12	6	6	0.00	1
162	165	19747	18	9	9	0.00	1
162	166	15045	15	10	5	1.30	1
162	167	11721	12	7	5	0.52	1
162	168	10322	11	3	8	-1.30	-1
162	169	16029	14	10	4	1.56	1
162	170	21023	17	5	12	-1.82	-1
162	171	13769	12	7	5	0.52	1
162	172	18061	15	9	6	0.78	1
162	173	20215	17	13	4	2.35	1
162	174	18737	16	9	7	0.52	1
162	175	20832	21	12	9	0.78	1
162	176	17604	16	10	6	1.04	1
162	177	17241	16	13	3	2.61	1
162	178	17124	16	11	5	1.56	1
162	179	16929	16	9	7	0.52	1
162	180	12505	13	8	5	0.78	1
162	181	12356	13	13	0	3.39	1
162	182	12335	13	12	1	2.87	1
162	183	10899	13	5	8	-0.78	-1
162	184	10135	12	4	8	-1.04	-1
162	185	9996	11	6	5	0.26	1
162	186	9362	10	2	8	-1.56	-1
162	187	7559	9	4	5	-0.26	-1
162	188	6978	9	2	7	-1.30	-1
162	189	5860	8	5	3	0.52	1
162	190	5613	8	2	6	-1.04	-1
162	191	5399	8	3	5	-0.52	-1
162	192	3939	7	7	0	1.82	1
162	193	3819	7	2	5	-0.78	-1
162	194	2617	6	2	4	-0.52	-1
162	195	2384	6	3	3	0.00	1
162	196	1678	5	0	5	-1.30	-1
162	197	563	3	0	3	-0.78	-1
162	198	526	2	1	1	0.00	1
162	199	489	2	1	1	0.00	1
162	200	353	1	0	1	-0.26	-1
163	164	12242	12	5	7	-0.52	-1
163	165	17032	16	9	7	0.52	1
163	166	15045	15	5	10	-1.30	-1
163	167	11721	12	4	8	-1.04	-1
163	168	10322	11	4	7	-0.78	-1
163	169	15927	14	10	4	1.56	1
163	170	14854	12	8	4	1.04	1
163	171	13769	12	7	5	0.52	1
163	172	14172	12	4	8	-1.04	-1
163	173	14167	12	7	5	0.52	1
163	174	14084	12	6	6	0.00	1
163	175	14023	12	6	6	0.00	1
163	176	11332	10	3	7	-1.04	-1
163	177	10432	7	3	4	-0.26	-1
163	178	10315	7	2	5	-0.78	-1
163	179	10120	7	2	5	-0.78	-1
163	180	5696	4	3	1	0.52	1
163	181	5547	4	3	1	0.52	1
163	182	5526	4	1	3	-0.52	-1
163	183	4090	4	2	2	0.00	1
163	184	3326	3	1	2	-0.26	-1
163	185	3187	2	2	0	0.52	1
163	186	2553	1	0	1	-0.26	-1
164	165	11392	12	9	3	1.56	1
164	166	11363	12	7	5	0.52	1
164	167	11085	12	10	2	2.09	1
164	168	10322	11	5	6	-0.26	-1
164	169	10287	10	8	2	1.56	1
164	170	9214	8	2	6	-1.04	-1
164	171	9169	8	4	4	0.00	1
164	172	8532	8	4	4	0.00	1
164	173	8527	8	6	2	1.04	1
164	174	8444	8	6	2	1.04	1
164	175	8383	8	3	5	-0.52	-1
164	176	5692	6	3	3	0.00	1
164	177	4792	3	2	1	0.26	1
164	178	4675	3	1	2	-0.26	-1
164	179	4480	3	3	0	0.78	1
165	166	15045	15	10	5	1.30	1
165	167	11721	12	7	5	0.52	1
165	168	10322	11	8	3	1.30	1
165	169	16029	14	5	9	-1.04	-1
165	170	17569	14	6	8	-0.52	-1
165	171	13769	12	6	6	0.00	1
165	172	16887	14	10	4	1.56	1
165	173	16882	14	4	10	-1.56	-1
165	174	16799	14	4	10	-1.56	-1
165	175	16738	14	8	6	0.52	1
165	176	14047	12	9	3	1.56	1
165	177	13147	9	4	5	-0.26	-1
165	178	13030	9	6	3	0.78	1
165	179	12835	9	3	6	-0.78	-1
165	180	8411	6	4	2	0.52	1
165	181	8262	6	0	6	-1.56	-1
165	182	8241	6	4	2	0.52	1
165	183	6805	6	1	5	-1.04	-1
165	184	6041	5	3	2	0.26	1
165	185	5902	4	0	4	-1.04	-1
165	186	5268	3	1	2	-0.26	-1
165	187	3465	2	1	1	0.00	1
165	188	2884	2	1	1	0.00	1
165	189	1766	1	0	1	-0.26	-1
165	190	1519	1	1	0	0.26	1
165	191	1305	1	0	1	-0.26	-1
166	167	11721	12	6	6	0.00	1
166	168	10322	11	6	5	0.26	1
166	169	13969	13	8	5	0.78	1
166	170	12896	11	7	4	0.78	1
166	171	12851	11	6	5	0.26	1
166	172	12214	11	5	6	-0.26	-1
166	173	12209	11	2	9	-1.82	-1
166	174	12126	11	3	8	-1.30	-1
166	175	12065	11	8	3	1.30	1
166	176	9374	9	6	3	0.78	1
166	177	8474	6	2	4	-0.52	-1
166	178	8357	6	3	3	0.00	1
166	179	8162	6	4	2	0.52	1
166	180	3738	3	2	1	0.26	1
166	181	3589	3	2	1	0.26	1
166	182	3568	3	1	2	-0.26	-1
166	183	2132	3	1	2	-0.26	-1
166	184	1368	2	0	2	-0.52	-1
166	185	1229	1	0	1	-0.26	-1
167	168	10322	11	9	2	1.82	1
167	169	10923	10	7	3	1.04	1
167	170	9850	8	5	3	0.52	1
167	171	9805	8	4	4	0.00	1
167	172	9168	8	5	3	0.52	1
167	173	9163	8	3	5	-0.52	-1
167	174	9080	8	2	6	-1.04	-1
167	175	9019	8	6	2	1.04	1
167	176	6328	6	4	2	0.52	1
167	177	5428	3	2	1	0.26	1
167	178	5311	3	1	2	-0.26	-1
167	179	5116	3	2	1	0.26	1
168	169	9777	10	5	5	0.00	1
168	170	8704	8	3	5	-0.52	-1
168	171	8659	8	4	4	0.00	1
168	172	8022	8	5	3	0.52	1
168	173	8017	8	4	4	0.00	1
168	174	7934	8	6	2	1.04	1
168	175	7873	8	4	4	0.00	1
168	176	5182	6	5	1	1.04	1
168	177	4282	3	1	2	-0.26	-1
168	178	4165	3	1	2	-0.26	-1
168	179	3970	3	3	0	0.78	1
169	170	14956	12	5	7	-0.52	-1
169	171	13769	12	9	3	1.56	1
169	172	14274	12	4	8	-1.04	-1
169	173	14269	12	8	4	1.04	1
169	174	14186	12	9	3	1.56	1
169	175	14125	12	9	3	1.56	1
169	176	11434	10	4	6	-0.52	-1
169	177	10534	7	3	4	-0.26	-1
169	178	10417	7	3	4	-0.26	-1
169	179	10222	7	3	4	-0.26	-1
169	180	5798	4	2	2	0.00	1
169	181	5649	4	1	3	-0.52	-1
169	182	5628	4	2	2	0.00	1
169	183	4192	4	2	2	0.00	1
169	184	3428	3	1	2	-0.26	-1
169	185	3289	2	0	2	-0.52	-1
169	186	2655	1	1	0	0.26	1
170	171	13769	12	9	3	1.56	1
170	172	18061	15	7	8	-0.26	-1
170	173	20215	17	14	3	2.87	1
170	174	18737	16	11	5	1.56	1
170	175	20192	17	6	11	-1.30	-1
170	176	17501	15	8	7	0.26	1
170	177	16601	12	5	7	-0.52	-1
170	178	16484	12	7	5	0.52	1
170	179	16289	12	8	4	1.04	1
170	180	11865	9	7	2	1.30	1
170	181	11716	9	3	6	-0.78	-1
170	182	11695	9	4	5	-0.26	-1
170	183	10259	9	7	2	1.30	1
170	184	9495	8	3	5	-0.52	-1
170	185	9356	7	5	2	0.78	1
170	186	8722	6	3	3	0.00	1
170	187	6919	5	2	3	-0.26	-1
170	188	6338	5	4	1	0.78	1
170	189	5220	4	3	1	0.52	1
170	190	4973	4	2	2	0.00	1
170	191	4759	4	1	3	-0.52	-1
170	192	3299	3	2	1	0.26	1
170	193	3179	3	2	1	0.26	1
170	194	1977	2	1	1	0.00	1
170	195	1744	2	1	1	0.00	1
170	196	1038	1	1	0	0.26	1
171	172	13132	12	6	6	0.00	1
171	173	13127	12	3	9	-1.56	-1
171	174	13044	12	6	6	0.00	1
171	175	12983	12	4	8	-1.04	-1
171	176	10292	10	5	5	0.00	1
171	177	9392	7	5	2	0.78	1
171	178	9275	7	4	3	0.26	1
171	179	9080	7	3	4	-0.26	-1
171	180	4656	4	1	3	-0.52	-1
171	181	4507	4	0	4	-1.04	-1
171	182	4486	4	2	2	0.00	1
171	183	3050	4	4	0	1.04	1
171	184	2286	3	2	1	0.26	1
171	185	2147	2	1	1	0.00	1
171	186	1513	1	0	1	-0.26	-1
172	173	18056	15	7	8	-0.26	-1
172	174	17973	15	4	11	-1.82	-1
172	175	17912	15	8	7	0.26	1
172	176	15221	13	4	9	-1.30	-1
172	177	14321	10	3	7	-1.04	-1
172	178	14204	10	7	3	1.04	1
172	179	14009	10	6	4	0.52	1
172	180	9585	7	4	3	0.26	1
172	181	9436	7	5	2	0.78	1
172	182	9415	7	4	3	0.26	1
172	183	7979	7	2	5	-0.78	-1
172	184	7215	6	3	3	0.00	1
172	185	7076	5	2	3	-0.26	-1
172	186	6442	4	2	2	0.00	1
172	187	4639	3	1	2	-0.26	-1
172	188	4058	3	1	2	-0.26	-1
172	189	2940	2	0	2	-0.52	-1
172	190	2693	2	0	2	-0.52	-1
172	191	2479	2	1	1	0.00	1
172	192	1019	1	1	0	0.26	1
172	193	899	1	0	1	-0.26	-1
173	174	18737	16	6	10	-1.04	-1
173	175	20071	17	7	10	-0.78	-1
173	176	17380	15	5	10	-1.30	-1
173	177	16480	12	6	6	0.00	1
173	178	16363	12	7	5	0.52	1
173	179	16168	12	9	3	1.56	1
173	180	11744	9	5	4	0.26	1
173	181	11595	9	6	3	0.78	1
173	182	11574	9	5	4	0.26	1
173	183	10138	9	4	5	-0.26	-1
173	184	9374	8	5	3	0.52	1
173	185	9235	7	3	4	-0.26	-1
173	186	8601	6	5	1	1.04	1
173	187	6798	5	1	4	-0.78	-1
173	188	6217	5	2	3	-0.26	-1
173	189	5099	4	1	3	-0.52	-1
173	190	4852	4	3	1	0.52	1
173	191	4638	4	3	1	0.52	1
173	192	3178	3	2	1	0.26	1
173	193	3058	3	2	1	0.26	1
173	194	1856	2	2	0	0.52	1
173	195	1623	2	2	0	0.52	1
173	196	917	1	1	0	0.26	1
174	175	18676	16	9	7	0.52	1
174	176	15985	14	5	9	-1.04	-1
174	177	15085	11	4	7	-0.78	-1
174	178	14968	11	5	6	-0.26	-1
174	179	14773	11	5	6	-0.26	-1
174	180	10349	8	4	4	0.00	1
174	181	10200	8	4	4	0.00	1
174	182	10179	8	0	8	-2.09	-1
174	183	8743	8	5	3	0.52	1
174	184	7979	7	4	3	0.26	1
174	185	7840	6	5	1	1.04	1
174	186	7206	5	3	2	0.26	1
174	187	5403	4	2	2	0.00	1
174	188	4822	4	3	1	0.52	1
174	189	3704	3	3	0	0.78	1
174	190	3457	3	2	1	0.26	1
174	191	3243	3	2	1	0.26	1
174	192	1783	2	2	0	0.52	1
174	193	1663	2	1	1	0.00	1
174	194	461	1	0	1	-0.26	-1
174	195	228	1	1	0	0.26	1
175	176	17604	16	10	6	1.04	1
175	177	18038	16	9	7	0.52	1
175	178	17163	16	9	7	0.52	1
175	179	21449	19	9	10	-0.26	-1
175	180	13540	14	8	6	0.52	1
175	181	17332	16	3	13	-2.61	-1
175	182	18653	18	12	6	1.56	1
175	183	17217	18	8	10	-0.52	-1
175	184	16453	17	9	8	0.26	1
175	185	13786	14	5	9	-1.04	-1
175	186	12291	13	5	8	-0.78	-1
175	187	13877	14	10	4	1.56	1
175	188	13296	14	3	11	-2.09	-1
175	189	12178	13	6	7	-0.26	-1
175	190	11931	13	6	7	-0.26	-1
175	191	11717	13	9	4	1.30	1
175	192	10257	12	8	4	1.04	1
175	193	10137	12	5	7	-0.52	-1
175	194	8935	11	5	6	-0.26	-1
175	195	8702	11	5	6	-0.26	-1
175	196	7996	10	6	4	0.52	1
175	197	6881	8	4	4	0.00	1
175	198	6844	7	0	7	-1.82	-1
175	199	6807	7	3	4	-0.26	-1
175	200	6671	6	3	3	0.00	1
175	201	5926	5	3	2	0.26	1
175	202	5413	5	2	3	-0.26	-1
175	203	5052	4	3	1	0.52	1
175	204	4189	3	2	1	0.26	1
175	205	3688	2	1	1	0.00	1
175	206	3329	2	1	1	0.00	1
175	207	3316	2	0	2	-0.52	-1
175	208	2679	2	2	0	0.52	1
175	209	2675	2	1	1	0.00	1
175	210	2461	2	2	0	0.52	1
175	211	836	2	1	1	0.00	1
175	212	438	1	0	1	-0.26	-1
175	213	348	1	1	0	0.26	1
176	177	16704	13	9	4	1.30	1
176	178	16587	13	5	8	-0.78	-1
176	179	16392	13	8	5	0.78	1
176	180	11968	10	6	4	0.52	1
176	181	11819	10	7	3	1.04	1
176	182	11798	10	6	4	0.52	1
176	183	10362	10	2	8	-1.56	-1
176	184	9598	9	2	7	-1.30	-1
176	185	9459	8	3	5	-0.52	-1
176	186	8825	7	3	4	-0.26	-1
176	187	7022	6	3	3	0.00	1
176	188	6441	6	3	3	0.00	1
176	189	5323	5	2	3	-0.26	-1
176	190	5076	5	1	4	-0.78	-1
176	191	4862	5	2	3	-0.26	-1
176	192	3402	4	3	1	0.52	1
176	193	3282	4	1	3	-0.52	-1
176	194	2080	3	2	1	0.26	1
176	195	1847	3	1	2	-0.26	-1
176	196	1141	2	0	2	-0.52	-1
177	178	17163	16	9	7	0.52	1
177	179	17726	16	10	6	1.04	1
177	180	13302	13	8	5	0.78	1
177	181	13153	13	9	4	1.30	1
177	182	13132	13	8	5	0.78	1
177	183	11696	13	6	7	-0.26	-1
177	184	10932	12	6	6	0.00	1
177	185	10793	11	6	5	0.26	1
177	186	10159	10	6	4	0.52	1
177	187	8356	9	5	4	0.26	1
177	188	7775	9	3	6	-0.78	-1
177	189	6657	8	5	3	0.52	1
177	190	6410	8	0	8	-2.09	-1
177	191	6196	8	2	6	-1.04	-1
177	192	4736	7	4	3	0.26	1
177	193	4616	7	2	5	-0.78	-1
177	194	3414	6	5	1	1.04	1
177	195	3181	6	2	4	-0.52	-1
177	196	2475	5	3	2	0.26	1
177	197	1360	3	3	0	0.78	1
177	198	1323	2	0	2	-0.52	-1
177	199	1286	2	1	1	0.00	1
177	200	1150	1	1	0	0.26	1
178	179	16968	16	10	6	1.04	1
178	180	12544	13	9	4	1.30	1
178	181	12395	13	6	7	-0.26	-1
178	182	12374	13	9	4	1.30	1
178	183	10938	13	7	6	0.26	1
178	184	10174	12	6	6	0.00	1
178	185	10035	11	6	5	0.26	1
178	186	9401	10	6	4	0.52	1
178	187	7598	9	5	4	0.26	1
178	188	7017	9	1	8	-1.82	-1
178	189	5899	8	3	5	-0.52	-1
178	190	5652	8	4	4	0.00	1
178	191	5438	8	3	5	-0.52	-1
178	192	3978	7	5	2	0.78	1
178	193	3858	7	2	5	-0.78	-1
178	194	2656	6	3	3	0.00	1
178	195	2423	6	2	4	-0.52	-1
178	196	1717	5	3	2	0.26	1
178	197	602	3	1	2	-0.26	-1
178	198	565	2	1	1	0.00	1
178	199	528	2	0	2	-0.52	-1
178	200	392	1	1	0	0.26	1
179	180	13540	14	12	2	2.61	1
179	181	16876	16	9	7	0.52	1
179	182	16855	16	7	9	-0.52	-1
179	183	15419	16	11	5	1.56	1
179	184	14655	15	7	8	-0.26	-1
179	185	13786	14	8	6	0.52	1
179	186	12291	13	1	12	-2.87	-1
179	187	12079	12	5	7	-0.52	-1
179	188	11498	12	4	8	-1.04	-1
179	189	10380	11	4	7	-0.78	-1
179	190	10133	11	4	7	-0.78	-1
179	191	9919	11	6	5	0.26	1
179	192	8459	10	5	5	0.00	1
179	193	8339	10	3	7	-1.04	-1
179	194	7137	9	4	5	-0.26	-1
179	195	6904	9	4	5	-0.26	-1
179	196	6198	8	3	5	-0.52	-1
179	197	5083	6	1	5	-1.04	-1
179	198	5046	5	3	2	0.26	1
179	199	5009	5	2	3	-0.26	-1
179	200	4873	4	1	3	-0.52	-1
179	201	4128	3	1	2	-0.26	-1
179	202	3615	3	0	3	-0.78	-1
179	203	3254	2	0	2	-0.52	-1
179	204	2391	1	1	0	0.26	1
180	181	13391	14	9	5	1.04	1
180	182	13370	14	7	7	0.00	1
180	183	11934	14	3	11	-2.09	-1
180	184	11170	13	3	10	-1.82	-1
180	185	11031	12	6	6	0.00	1
180	186	10397	11	6	5	0.26	1
180	187	8594	10	6	4	0.52	1
180	188	8013	10	5	5	0.00	1
180	189	6895	9	3	6	-0.78	-1
180	190	6648	9	5	4	0.26	1
180	191	6434	9	5	4	0.26	1
180	192	4974	8	5	3	0.52	1
180	193	4854	8	5	3	0.52	1
180	194	3652	7	3	4	-0.26	-1
180	195	3419	7	3	4	-0.26	-1
180	196	2713	6	1	5	-1.04	-1
180	197	1598	4	1	3	-0.52	-1
180	198	1561	3	2	1	0.26	1
180	199	1524	3	2	1	0.26	1
180	200	1388	2	2	0	0.52	1
180	201	643	1	0	1	-0.26	-1
180	202	130	1	1	0	0.26	1
181	182	17311	16	12	4	2.09	1
181	183	15875	16	5	11	-1.56	-1
181	184	15111	15	4	11	-1.82	-1
181	185	13786	14	6	8	-0.52	-1
181	186	12291	13	1	12	-2.87	-1
181	187	12535	12	8	4	1.04	1
181	188	11954	12	4	8	-1.04	-1
181	189	10836	11	7	4	0.78	1
181	190	10589	11	4	7	-0.78	-1
181	191	10375	11	7	4	0.78	1
181	192	8915	10	5	5	0.00	1
181	193	8795	10	4	6	-0.52	-1
181	194	7593	9	3	6	-0.78	-1
181	195	7360	9	5	4	0.26	1
181	196	6654	8	6	2	1.04	1
181	197	5539	6	3	3	0.00	1
181	198	5502	5	1	4	-0.78	-1
181	199	5465	5	3	2	0.26	1
181	200	5329	4	2	2	0.00	1
181	201	4584	3	0	3	-0.78	-1
181	202	4071	3	0	3	-0.78	-1
181	203	3710	2	1	1	0.00	1
181	204	2847	1	0	1	-0.26	-1
182	183	17508	18	9	9	0.00	1
182	184	18650	18	6	12	-1.56	-1
182	185	13786	14	12	2	2.61	1
182	186	12291	13	4	9	-1.30	-1
182	187	17240	19	11	8	0.78	1
182	188	14493	15	6	9	-0.78	-1
182	189	15308	17	9	8	0.26	1
182	190	15294	18	7	11	-1.04	-1
182	191	15080	18	10	8	0.52	1
182	192	13620	17	6	11	-1.30	-1
182	193	13500	17	4	13	-2.35	-1
182	194	12298	16	5	11	-1.56	-1
182	195	12065	16	8	8	0.00	1
182	196	11359	15	6	9	-0.78	-1
182	197	10244	13	9	4	1.30	1
182	198	10207	12	4	8	-1.04	-1
182	199	10170	12	6	6	0.00	1
182	200	10034	11	5	6	-0.26	-1
182	201	9289	10	2	8	-1.56	-1
182	202	8776	10	5	5	0.00	1
182	203	8415	9	2	7	-1.30	-1
182	204	7552	8	2	6	-1.04	-1
182	205	7051	7	0	7	-1.82	-1
182	206	6692	7	2	5	-0.78	-1
182	207	6679	7	3	4	-0.26	-1
182	208	6042	7	2	5	-0.78	-1
182	209	6038	7	4	3	0.26	1
182	210	5824	7	2	5	-0.78	-1
182	211	4199	7	4	3	0.26	1
182	212	3801	6	3	3	0.00	1
182	213	3711	6	2	4	-0.52	-1
182	214	342	1	1	0	0.26	1
183	184	16744	17	10	7	0.78	1
183	185	13786	14	5	9	-1.04	-1
183	186	12291	13	5	8	-0.78	-1
183	187	14168	14	6	8	-0.52	-1
183	188	13587	14	10	4	1.56	1
183	189	12469	13	7	6	0.26	1
183	190	12222	13	10	3	1.82	1
183	191	12008	13	7	6	0.26	1
183	192	10548	12	4	8	-1.04	-1
183	193	10428	12	4	8	-1.04	-1
183	194	9226	11	6	5	0.26	1
183	195	8993	11	6	5	0.26	1
183	196	8287	10	5	5	0.00	1
183	197	7172	8	5	3	0.52	1
183	198	7135	7	5	2	0.78	1
183	199	7098	7	4	3	0.26	1
183	200	6962	6	3	3	0.00	1
183	201	6217	5	2	3	-0.26	-1
183	202	5704	5	4	1	0.78	1
183	203	5343	4	2	2	0.00	1
183	204	4480	3	1	2	-0.26	-1
183	205	3979	2	2	0	0.52	1
183	206	3620	2	1	1	0.00	1
183	207	3607	2	2	0	0.52	1
183	208	2970	2	2	0	0.52	1
183	209	2966	2	2	0	0.52	1
183	210	2752	2	1	1	0.00	1
183	211	1127	2	0	2	-0.52	-1
183	212	729	1	0	1	-0.26	-1
183	213	639	1	1	0	0.26	1
184	185	13786	14	8	6	0.52	1
184	186	12291	13	8	5	0.78	1
184	187	16074	15	7	8	-0.26	-1
184	188	14493	15	7	8	-0.26	-1
184	189	14375	14	9	5	1.04	1
184	190	14128	14	8	6	0.52	1
184	191	13914	14	9	5	1.04	1
184	192	12454	13	7	6	0.26	1
184	193	12334	13	6	7	-0.26	-1
184	194	11132	12	9	3	1.56	1
184	195	10899	12	8	4	1.04	1
184	196	10193	11	7	4	0.78	1
184	197	9078	9	5	4	0.26	1
184	198	9041	8	7	1	1.56	1
184	199	9004	8	4	4	0.00	1
184	200	8868	7	3	4	-0.26	-1
184	201	8123	6	3	3	0.00	1
184	202	7610	6	3	3	0.00	1
184	203	7249	5	1	4	-0.78	-1
184	204	6386	4	2	2	0.00	1
184	205	5885	3	1	2	-0.26	-1
184	206	5526	3	0	3	-0.78	-1
184	207	5513	3	2	1	0.26	1
184	208	4876	3	1	2	-0.26	-1
184	209	4872	3	0	3	-0.78	-1
184	210	4658	3	2	1	0.26	1
184	211	3033	3	0	3	-0.78	-1
184	212	2635	2	1	1	0.00	1
184	213	2545	2	0	2	-0.52	-1
185	186	12291	13	7	6	0.26	1
185	187	11349	12	7	5	0.52	1
185	188	10768	12	4	8	-1.04	-1
185	189	9650	11	4	7	-0.78	-1
185	190	9403	11	5	6	-0.26	-1
185	191	9189	11	8	3	1.30	1
185	192	7729	10	6	4	0.52	1
185	193	7609	10	5	5	0.00	1
185	194	6407	9	5	4	0.26	1
185	195	6174	9	4	5	-0.26	-1
185	196	5468	8	4	4	0.00	1
185	197	4353	6	3	3	0.00	1
185	198	4316	5	0	5	-1.30	-1
185	199	4279	5	0	5	-1.30	-1
185	200	4143	4	2	2	0.00	1
185	201	3398	3	0	3	-0.78	-1
185	202	2885	3	1	2	-0.26	-1
185	203	2524	2	1	1	0.00	1
185	204	1661	1	0	1	-0.26	-1
186	187	10488	12	7	5	0.52	1
186	188	9907	12	7	5	0.52	1
186	189	8789	11	6	5	0.26	1
186	190	8542	11	7	4	0.78	1
186	191	8328	11	7	4	0.78	1
186	192	6868	10	7	3	1.04	1
186	193	6748	10	9	1	2.09	1
186	194	5546	9	6	3	0.78	1
186	195	5313	9	5	4	0.26	1
186	196	4607	8	4	4	0.00	1
186	197	3492	6	3	3	0.00	1
186	198	3455	5	4	1	0.78	1
186	199	3418	5	1	4	-0.78	-1
186	200	3282	4	3	1	0.52	1
186	201	2537	3	3	0	0.78	1
186	202	2024	3	3	0	0.78	1
186	203	1663	2	1	1	0.00	1
186	204	800	1	0	1	-0.26	-1
187	188	14493	15	8	7	0.26	1
187	189	15308	17	7	10	-0.78	-1
187	190	17602	19	9	10	-0.26	-1
187	191	17388	19	9	10	-0.26	-1
187	192	15928	18	9	9	0.00	1
187	193	15808	18	7	11	-1.04	-1
187	194	12955	17	8	9	-0.26	-1
187	195	12398	17	9	8	0.26	1
187	196	13667	16	9	7	0.52	1
187	197	12552	14	8	6	0.52	1
187	198	12515	13	5	8	-0.78	-1
187	199	12478	13	4	9	-1.30	-1
187	200	12342	12	8	4	1.04	1
187	201	11597	11	7	4	0.78	1
187	202	11084	11	5	6	-0.26	-1
187	203	10723	10	5	5	0.00	1
187	204	9860	9	3	6	-0.78	-1
187	205	9359	8	5	3	0.52	1
187	206	9000	8	4	4	0.00	1
187	207	8987	8	3	5	-0.52	-1
187	208	8350	8	2	6	-1.04	-1
187	209	8346	8	4	4	0.00	1
187	210	8132	8	2	6	-1.04	-1
187	211	6507	8	5	3	0.52	1
187	212	6109	7	2	5	-0.78	-1
187	213	6019	7	7	0	1.82	1
187	214	2650	2	1	1	0.00	1
187	215	2313	1	0	1	-0.26	-1
187	216	2262	1	0	1	-0.26	-1
188	189	13375	14	7	7	0.00	1
188	190	13128	14	10	4	1.56	1
188	191	12914	14	8	6	0.52	1
188	192	11454	13	7	6	0.26	1
188	193	11334	13	3	10	-1.82	-1
188	194	10132	12	5	7	-0.52	-1
188	195	9899	12	10	2	2.09	1
188	196	9193	11	6	5	0.26	1
188	197	8078	9	6	3	0.78	1
188	198	8041	8	5	3	0.52	1
188	199	8004	8	7	1	1.56	1
188	200	7868	7	3	4	-0.26	-1
188	201	7123	6	2	4	-0.52	-1
188	202	6610	6	4	2	0.52	1
188	203	6249	5	1	4	-0.78	-1
188	204	5386	4	2	2	0.00	1
188	205	4885	3	1	2	-0.26	-1
188	206	4526	3	3	0	0.78	1
188	207	4513	3	2	1	0.26	1
188	208	3876	3	3	0	0.78	1
188	209	3872	3	2	1	0.26	1
188	210	3658	3	1	2	-0.26	-1
188	211	2033	3	3	0	0.78	1
188	212	1635	2	1	1	0.00	1
188	213	1545	2	1	1	0.00	1
189	190	15061	17	11	6	1.30	1
189	191	14847	17	8	9	-0.26	-1
189	192	13387	16	11	5	1.56	1
189	193	13267	16	10	6	1.04	1
189	194	12065	15	9	6	0.78	1
189	195	11832	15	10	5	1.30	1
189	196	11126	14	7	7	0.00	1
189	197	10011	12	8	4	1.04	1
189	198	9974	11	6	5	0.26	1
189	199	9937	11	6	5	0.26	1
189	200	9801	10	4	6	-0.52	-1
189	201	9056	9	6	3	0.78	1
189	202	8543	9	8	1	1.82	1
189	203	8182	8	2	6	-1.04	-1
189	204	7319	7	4	3	0.26	1
189	205	6818	6	4	2	0.52	1
189	206	6459	6	4	2	0.52	1
189	207	6446	6	2	4	-0.52	-1
189	208	5809	6	4	2	0.52	1
189	209	5805	6	2	4	-0.52	-1
189	210	5591	6	3	3	0.00	1
189	211	3966	6	2	4	-0.52	-1
189	212	3568	5	1	4	-0.78	-1
189	213	3478	5	3	2	0.26	1
190	191	18677	19	5	14	-2.35	-1
190	192	17217	18	4	14	-2.61	-1
190	193	16828	18	9	9	0.00	1
190	194	12955	17	12	5	1.82	1
190	195	12398	17	11	6	1.30	1
190	196	14956	16	9	7	0.52	1
190	197	12964	14	8	6	0.52	1
190	198	13804	13	6	7	-0.26	-1
190	199	13767	13	7	6	0.26	1
190	200	13631	12	8	4	1.04	1
190	201	12886	11	8	3	1.30	1
190	202	12373	11	4	7	-0.78	-1
190	203	12012	10	7	3	1.04	1
190	204	11149	9	5	4	0.26	1
190	205	10648	8	3	5	-0.52	-1
190	206	10289	8	1	7	-1.56	-1
190	207	10276	8	5	3	0.52	1
190	208	9639	8	4	4	0.00	1
190	209	9635	8	5	3	0.52	1
190	210	9421	8	5	3	0.52	1
190	211	7796	8	1	7	-1.56	-1
190	212	7398	7	4	3	0.26	1
190	213	7308	7	3	4	-0.26	-1
190	214	3939	2	1	1	0.00	1
190	215	3602	1	0	1	-0.26	-1
190	216	3551	1	0	1	-0.26	-1
191	192	22342	21	11	10	0.26	1
191	193	16828	18	8	10	-0.52	-1
191	194	12955	17	8	9	-0.26	-1
191	195	12398	17	11	6	1.30	1
191	196	19637	19	5	14	-2.35	-1
191	197	12964	14	8	6	0.52	1
191	198	14316	14	4	10	-1.56	-1
191	199	17042	15	5	10	-1.30	-1
191	200	16079	14	8	6	0.52	1
191	201	18011	14	5	9	-1.04	-1
191	202	16119	14	5	9	-1.04	-1
191	203	17137	13	4	9	-1.30	-1
191	204	12362	10	4	6	-0.52	-1
191	205	15773	11	4	7	-0.78	-1
191	206	15414	11	7	4	0.78	1
191	207	15401	11	7	4	0.78	1
191	208	11372	9	7	2	1.30	1
191	209	11523	9	5	4	0.26	1
191	210	14546	11	4	7	-0.78	-1
191	211	12921	11	5	6	-0.26	-1
191	212	12523	10	2	8	-1.56	-1
191	213	12433	10	5	5	0.00	1
191	214	9064	5	3	2	0.26	1
191	215	8727	4	0	4	-1.04	-1
191	216	8676	4	1	3	-0.52	-1
191	217	8444	3	1	2	-0.26	-1
191	218	8123	3	1	2	-0.26	-1
191	219	7214	3	1	2	-0.26	-1
191	220	6700	3	2	1	0.26	1
191	221	5711	3	1	2	-0.26	-1
191	222	5428	3	2	1	0.26	1
191	223	4923	2	0	2	-0.52	-1
191	224	4885	2	0	2	-0.52	-1
191	225	3671	2	1	1	0.00	1
191	226	3511	2	1	1	0.00	1
191	227	3277	2	1	1	0.00	1
191	228	2600	1	0	1	-0.26	-1
191	229	2192	1	0	1	-0.26	-1
192	193	16828	18	8	10	-0.52	-1
192	194	12955	17	8	9	-0.26	-1
192	195	12398	17	5	12	-1.82	-1
192	196	19637	19	10	9	0.26	1
192	197	12964	14	6	8	-0.52	-1
192	198	14316	14	5	9	-1.04	-1
192	199	17042	15	4	11	-1.82	-1
192	200	16079	14	8	6	0.52	1
192	201	18555	14	8	6	0.52	1
192	202	16119	14	6	8	-0.52	-1
192	203	17681	13	6	7	-0.26	-1
192	204	12362	10	4	6	-0.52	-1
192	205	16317	11	6	5	0.26	1
192	206	15958	11	6	5	0.26	1
192	207	15945	11	4	7	-0.78	-1
192	208	11372	9	3	6	-0.78	-1
192	209	11523	9	6	3	0.78	1
192	210	15090	11	4	7	-0.78	-1
192	211	13465	11	6	5	0.26	1
192	212	13067	10	6	4	0.52	1
192	213	12977	10	7	3	1.04	1
192	214	9608	5	4	1	0.78	1
192	215	9271	4	3	1	0.52	1
192	216	9220	4	2	2	0.00	1
192	217	8988	3	1	2	-0.26	-1
192	218	8667	3	0	3	-0.78	-1
192	219	7758	3	2	1	0.26	1
192	220	7244	3	2	1	0.26	1
192	221	6255	3	3	0	0.78	1
192	222	5972	3	1	2	-0.26	-1
192	223	5467	2	2	0	0.52	1
192	224	5429	2	0	2	-0.52	-1
192	225	4215	2	1	1	0.00	1
192	226	4055	2	0	2	-0.52	-1
192	227	3821	2	1	1	0.00	1
192	228	3144	1	0	1	-0.26	-1
192	229	2736	1	1	0	0.26	1
193	194	12955	17	9	8	0.26	1
193	195	12398	17	13	4	2.35	1
193	196	14687	16	9	7	0.52	1
193	197	12964	14	10	4	1.56	1
193	198	13535	13	6	7	-0.26	-1
193	199	13498	13	6	7	-0.26	-1
193	200	13362	12	7	5	0.52	1
193	201	12617	11	5	6	-0.26	-1
193	202	12104	11	4	7	-0.78	-1
193	203	11743	10	6	4	0.52	1
193	204	10880	9	5	4	0.26	1
193	205	10379	8	6	2	1.04	1
193	206	10020	8	3	5	-0.52	-1
193	207	10007	8	5	3	0.52	1
193	208	9370	8	6	2	1.04	1
193	209	9366	8	5	3	0.52	1
193	210	9152	8	4	4	0.00	1
193	211	7527	8	1	7	-1.56	-1
193	212	7129	7	2	5	-0.78	-1
193	213	7039	7	1	6	-1.30	-1
193	214	3670	2	2	0	0.52	1
193	215	3333	1	0	1	-0.26	-1
193	216	3282	1	0	1	-0.26	-1
194	195	12398	17	10	7	0.78	1
194	196	12016	16	9	7	0.52	1
194	197	10901	14	9	5	1.04	1
194	198	10864	13	7	6	0.26	1
194	199	10827	13	10	3	1.82	1
194	200	10691	12	6	6	0.00	1
194	201	9946	11	7	4	0.78	1
194	202	9433	11	7	4	0.78	1
194	203	9072	10	6	4	0.52	1
194	204	8209	9	5	4	0.26	1
194	205	7708	8	4	4	0.00	1
194	206	7349	8	4	4	0.00	1
194	207	7336	8	6	2	1.04	1
194	208	6699	8	3	5	-0.52	-1
194	209	6695	8	4	4	0.00	1
194	210	6481	8	4	4	0.00	1
194	211	4856	8	4	4	0.00	1
194	212	4458	7	3	4	-0.26	-1
194	213	4368	7	4	3	0.26	1
194	214	999	2	1	1	0.00	1
194	215	662	1	0	1	-0.26	-1
194	216	611	1	0	1	-0.26	-1
195	196	11692	16	9	7	0.52	1
195	197	10577	14	10	4	1.56	1
195	198	10540	13	8	5	0.78	1
195	199	10503	13	7	6	0.26	1
195	200	10367	12	7	5	0.52	1
195	201	9622	11	4	7	-0.78	-1
195	202	9109	11	7	4	0.78	1
195	203	8748	10	5	5	0.00	1
195	204	7885	9	4	5	-0.26	-1
195	205	7384	8	6	2	1.04	1
195	206	7025	8	4	4	0.00	1
195	207	7012	8	2	6	-1.04	-1
195	208	6375	8	4	4	0.00	1
195	209	6371	8	6	2	1.04	1
195	210	6157	8	5	3	0.52	1
195	211	4532	8	5	3	0.52	1
195	212	4134	7	4	3	0.26	1
195	213	4044	7	2	5	-0.78	-1
195	214	675	2	0	2	-0.52	-1
195	215	338	1	0	1	-0.26	-1
195	216	287	1	1	0	0.26	1
196	197	12964	14	6	8	-0.52	-1
196	198	14316	14	9	5	1.04	1
196	199	17042	15	9	6	0.78	1
196	200	16079	14	6	8	-0.52	-1
196	201	17567	14	9	5	1.04	1
196	202	16119	14	8	6	0.52	1
196	203	16693	13	9	4	1.30	1
196	204	12362	10	8	2	1.56	1
196	205	15329	11	8	3	1.30	1
196	206	14970	11	5	6	-0.26	-1
196	207	14957	11	3	8	-1.30	-1
196	208	11372	9	5	4	0.26	1
196	209	11523	9	5	4	0.26	1
196	210	14102	11	7	4	0.78	1
196	211	12477	11	8	3	1.30	1
196	212	12079	10	6	4	0.52	1
196	213	11989	10	4	6	-0.52	-1
196	214	8620	5	2	3	-0.26	-1
196	215	8283	4	2	2	0.00	1
196	216	8232	4	3	1	0.52	1
196	217	8000	3	3	0	0.78	1
196	218	7679	3	1	2	-0.26	-1
196	219	6770	3	1	2	-0.26	-1
196	220	6256	3	1	2	-0.26	-1
196	221	5267	3	2	1	0.26	1
196	222	4984	3	2	1	0.26	1
196	223	4479	2	2	0	0.52	1
196	224	4441	2	1	1	0.00	1
196	225	3227	2	1	1	0.00	1
196	226	3067	2	0	2	-0.52	-1
196	227	2833	2	0	2	-0.52	-1
196	228	2156	1	0	1	-0.26	-1
196	229	1748	1	0	1	-0.26	-1
197	198	12927	13	8	5	0.78	1
197	199	12890	13	8	5	0.78	1
197	200	12754	12	7	5	0.52	1
197	201	12009	11	7	4	0.78	1
197	202	11496	11	7	4	0.78	1
197	203	11135	10	4	6	-0.52	-1
197	204	10272	9	4	5	-0.26	-1
197	205	9771	8	3	5	-0.52	-1
197	206	9412	8	3	5	-0.52	-1
197	207	9399	8	2	6	-1.04	-1
197	208	8762	8	5	3	0.52	1
197	209	8758	8	3	5	-0.52	-1
197	210	8544	8	5	3	0.52	1
197	211	6919	8	2	6	-1.04	-1
197	212	6521	7	3	4	-0.26	-1
197	213	6431	7	4	3	0.26	1
197	214	3062	2	2	0	0.52	1
197	215	2725	1	0	1	-0.26	-1
197	216	2674	1	1	0	0.26	1
198	199	14279	14	8	6	0.52	1
198	200	14143	13	5	8	-0.78	-1
198	201	13398	12	8	4	1.04	1
198	202	12885	12	3	9	-1.56	-1
198	203	12524	11	7	4	0.78	1
198	204	11661	10	3	7	-1.04	-1
198	205	11160	9	6	3	0.78	1
198	206	10801	9	4	5	-0.26	-1
198	207	10788	9	5	4	0.26	1
198	208	10151	9	3	6	-0.78	-1
198	209	10147	9	4	5	-0.26	-1
198	210	9933	9	5	4	0.26	1
198	211	8308	9	3	6	-0.78	-1
198	212	7910	8	5	3	0.52	1
198	213	7820	8	3	5	-0.52	-1
198	214	4451	3	1	2	-0.26	-1
198	215	4114	2	2	0	0.52	1
198	216	4063	2	0	2	-0.52	-1
198	217	3831	1	0	1	-0.26	-1
198	218	3510	1	1	0	0.26	1
198	219	2601	1	1	0	0.26	1
198	220	2087	1	0	1	-0.26	-1
198	221	1098	1	0	1	-0.26	-1
198	222	815	1	0	1	-0.26	-1
199	200	16079	14	4	10	-1.56	-1
199	201	16161	13	6	7	-0.26	-1
199	202	15648	13	9	4	1.30	1
199	203	15287	12	7	5	0.52	1
199	204	12362	10	7	3	1.04	1
199	205	13923	10	5	5	0.00	1
199	206	13564	10	3	7	-1.04	-1
199	207	13551	10	5	5	0.00	1
199	208	11372	9	4	5	-0.26	-1
199	209	11523	9	2	7	-1.30	-1
199	210	12696	10	7	3	1.04	1
199	211	11071	10	2	8	-1.56	-1
199	212	10673	9	4	5	-0.26	-1
199	213	10583	9	2	7	-1.30	-1
199	214	7214	4	2	2	0.00	1
199	215	6877	3	1	2	-0.26	-1
199	216	6826	3	1	2	-0.26	-1
199	217	6594	2	0	2	-0.52	-1
199	218	6273	2	2	0	0.52	1
199	219	5364	2	0	2	-0.52	-1
199	220	4850	2	2	0	0.52	1
199	221	3861	2	0	2	-0.52	-1
199	222	3578	2	1	1	0.00	1
199	223	3073	1	0	1	-0.26	-1
199	224	3035	1	0	1	-0.26	-1
199	225	1821	1	0	1	-0.26	-1
199	226	1661	1	1	0	0.26	1
199	227	1427	1	0	1	-0.26	-1
200	201	15334	13	8	5	0.78	1
200	202	14821	13	11	2	2.35	1
200	203	14460	12	9	3	1.56	1
200	204	12362	10	7	3	1.04	1
200	205	13096	10	9	1	2.09	1
200	206	12737	10	4	6	-0.52	-1
200	207	12724	10	4	6	-0.52	-1
200	208	11372	9	4	5	-0.26	-1
200	209	11523	9	4	5	-0.26	-1
200	210	11869	10	5	5	0.00	1
200	211	10244	10	2	8	-1.56	-1
200	212	9846	9	5	4	0.26	1
200	213	9756	9	3	6	-0.78	-1
200	214	6387	4	1	3	-0.52	-1
200	215	6050	3	1	2	-0.26	-1
200	216	5999	3	2	1	0.26	1
200	217	5767	2	1	1	0.00	1
200	218	5446	2	1	1	0.00	1
200	219	4537	2	1	1	0.00	1
200	220	4023	2	1	1	0.00	1
200	221	3034	2	1	1	0.00	1
200	222	2751	2	2	0	0.52	1
200	223	2246	1	1	0	0.26	1
200	224	2208	1	1	0	0.26	1
200	225	994	1	0	1	-0.26	-1
200	226	834	1	0	1	-0.26	-1
200	227	600	1	0	1	-0.26	-1
201	202	16119	14	9	5	1.04	1
201	203	18800	14	11	3	2.09	1
201	204	12362	10	7	3	1.04	1
201	205	17436	12	7	5	0.52	1
201	206	17077	12	3	9	-1.56	-1
201	207	17064	12	8	4	1.04	1
201	208	11372	9	8	1	1.82	1
201	209	11523	9	6	3	0.78	1
201	210	16209	12	8	4	1.04	1
201	211	14584	12	2	10	-2.09	-1
201	212	14186	11	7	4	0.78	1
201	213	14096	11	6	5	0.26	1
201	214	10727	6	1	5	-1.04	-1
201	215	10390	5	5	0	1.30	1
201	216	10339	5	2	3	-0.26	-1
201	217	10107	4	4	0	1.04	1
201	218	9786	4	4	0	1.04	1
201	219	8877	4	1	3	-0.52	-1
201	220	8363	4	1	3	-0.52	-1
201	221	7374	4	2	2	0.00	1
201	222	7091	4	2	2	0.00	1
201	223	6586	3	2	1	0.26	1
201	224	6548	3	2	1	0.26	1
201	225	5334	3	2	1	0.26	1
201	226	5174	3	3	0	0.78	1
201	227	4940	3	2	1	0.26	1
201	228	4263	2	0	2	-0.52	-1
201	229	3855	2	1	1	0.00	1
201	230	2440	1	0	1	-0.26	-1
201	231	2419	1	0	1	-0.26	-1
201	232	1911	1	1	0	0.26	1
201	233	1204	1	1	0	0.26	1
201	234	1020	1	0	1	-0.26	-1
201	235	592	1	1	0	0.26	1
202	203	15758	13	10	3	1.82	1
202	204	12362	10	6	4	0.52	1
202	205	14394	11	8	3	1.30	1
202	206	14035	11	8	3	1.30	1
202	207	14022	11	8	3	1.30	1
202	208	11372	9	3	6	-0.78	-1
202	209	11523	9	6	3	0.78	1
202	210	13167	11	8	3	1.30	1
202	211	11542	11	6	5	0.26	1
202	212	11144	10	7	3	1.04	1
202	213	11054	10	3	7	-1.04	-1
202	214	7685	5	2	3	-0.26	-1
202	215	7348	4	1	3	-0.52	-1
202	216	7297	4	2	2	0.00	1
202	217	7065	3	2	1	0.26	1
202	218	6744	3	2	1	0.26	1
202	219	5835	3	0	3	-0.78	-1
202	220	5321	3	1	2	-0.26	-1
202	221	4332	3	2	1	0.26	1
202	222	4049	3	1	2	-0.26	-1
202	223	3544	2	1	1	0.00	1
202	224	3506	2	1	1	0.00	1
202	225	2292	2	1	1	0.00	1
202	226	2132	2	1	1	0.00	1
202	227	1898	2	2	0	0.52	1
202	228	1221	1	1	0	0.26	1
202	229	813	1	1	0	0.26	1
203	204	12362	10	6	4	0.52	1
203	205	18490	12	8	4	1.04	1
203	206	18165	12	6	6	0.00	1
203	207	17573	12	5	7	-0.52	-1
203	208	11372	9	5	4	0.26	1
203	209	11523	9	7	2	1.30	1
203	210	20624	14	8	6	0.52	1
203	211	18425	14	9	5	1.04	1
203	212	18156	13	8	5	0.78	1
203	213	15719	11	6	5	0.26	1
203	214	17041	10	2	8	-1.56	-1
203	215	17166	9	5	4	0.26	1
203	216	17315	9	4	5	-0.26	-1
203	217	19690	9	4	5	-0.26	-1
203	218	16599	8	4	4	0.00	1
203	219	19076	9	5	4	0.26	1
203	220	21300	14	6	8	-0.52	-1
203	221	20049	13	4	9	-1.30	-1
203	222	13354	8	2	6	-1.04	-1
203	223	16699	8	7	1	1.56	1
203	224	14054	7	5	2	0.78	1
203	225	16762	9	2	7	-1.30	-1
203	226	18111	13	7	6	0.26	1
203	227	10512	6	1	5	-1.04	-1
203	228	13941	7	3	4	-0.26	-1
203	229	15213	8	3	5	-0.52	-1
203	230	15377	11	5	6	-0.26	-1
203	231	15356	11	7	4	0.78	1
203	232	14848	11	2	9	-1.82	-1
203	233	14141	11	6	5	0.26	1
203	234	13957	11	1	10	-2.35	-1
203	235	13244	10	5	5	0.00	1
203	236	12029	10	6	4	0.52	1
203	237	11607	10	4	6	-0.52	-1
203	238	11258	9	4	5	-0.26	-1
203	239	11002	9	4	5	-0.26	-1
203	240	10816	8	5	3	0.52	1
203	241	10523	8	4	4	0.00	1
203	242	10084	8	4	4	0.00	1
203	243	9567	8	2	6	-1.04	-1
203	244	8966	8	5	3	0.52	1
203	245	8885	8	7	1	1.56	1
203	246	8706	8	5	3	0.52	1
203	247	7752	7	4	3	0.26	1
203	248	7378	7	0	7	-1.82	-1
203	249	6801	6	2	4	-0.52	-1
203	250	6653	6	2	4	-0.52	-1
203	251	6598	6	3	3	0.00	1
203	252	5986	6	2	4	-0.52	-1
203	253	5974	6	3	3	0.00	1
203	254	5033	6	3	3	0.00	1
203	255	4261	5	0	5	-1.30	-1
203	256	4180	5	2	3	-0.26	-1
203	257	3792	5	4	1	0.78	1
203	258	2995	5	0	5	-1.30	-1
203	259	2356	5	2	3	-0.26	-1
203	260	1106	2	1	1	0.00	1
203	261	992	2	2	0	0.52	1
204	205	11861	9	3	6	-0.78	-1
204	206	11502	9	7	2	1.30	1
204	207	11489	9	6	3	0.78	1
204	208	10852	9	5	4	0.26	1
204	209	10848	9	7	2	1.30	1
204	210	10634	9	6	3	0.78	1
204	211	9009	9	4	5	-0.26	-1
204	212	8611	8	6	2	1.04	1
204	213	8521	8	5	3	0.52	1
204	214	5152	3	2	1	0.26	1
204	215	4815	2	1	1	0.00	1
204	216	4764	2	1	1	0.00	1
204	217	4532	1	1	0	0.26	1
204	218	4211	1	1	0	0.26	1
204	219	3302	1	1	0	0.26	1
204	220	2788	1	1	0	0.26	1
204	221	1799	1	0	1	-0.26	-1
204	222	1516	1	1	0	0.26	1
205	206	18131	12	3	9	-1.56	-1
205	207	17573	12	7	5	0.52	1
205	208	11372	9	5	4	0.26	1
205	209	11523	9	4	5	-0.26	-1
205	210	17263	12	8	4	1.04	1
205	211	15638	12	3	9	-1.56	-1
205	212	15240	11	7	4	0.78	1
205	213	15150	11	6	5	0.26	1
205	214	11781	6	4	2	0.52	1
205	215	11444	5	2	3	-0.26	-1
205	216	11393	5	1	4	-0.78	-1
205	217	11161	4	1	3	-0.52	-1
205	218	10840	4	2	2	0.00	1
205	219	9931	4	2	2	0.00	1
205	220	9417	4	2	2	0.00	1
205	221	8428	4	1	3	-0.52	-1
205	222	8145	4	1	3	-0.52	-1
205	223	7640	3	2	1	0.26	1
205	224	7602	3	1	2	-0.26	-1
205	225	6388	3	2	1	0.26	1
205	226	6228	3	3	0	0.78	1
205	227	5994	3	2	1	0.26	1
205	228	5317	2	2	0	0.52	1
205	229	4909	2	1	1	0.00	1
205	230	3494	1	1	0	0.26	1
205	231	3473	1	0	1	-0.26	-1
205	232	2965	1	0	1	-0.26	-1
205	233	2258	1	0	1	-0.26	-1
205	234	2074	1	1	0	0.26	1
205	235	1646	1	1	0	0.26	1
206	207	17573	12	7	5	0.52	1
206	208	11372	9	2	7	-1.30	-1
206	209	11523	9	2	7	-1.30	-1
206	210	17297	12	6	6	0.00	1
206	211	15672	12	6	6	0.00	1
206	212	15274	11	5	6	-0.26	-1
206	213	15184	11	6	5	0.26	1
206	214	11815	6	4	2	0.52	1
206	215	11478	5	3	2	0.26	1
206	216	11427	5	4	1	0.78	1
206	217	11195	4	2	2	0.00	1
206	218	10874	4	2	2	0.00	1
206	219	9965	4	3	1	0.52	1
206	220	9451	4	0	4	-1.04	-1
206	221	8462	4	1	3	-0.52	-1
206	222	8179	4	2	2	0.00	1
206	223	7674	3	1	2	-0.26	-1
206	224	7636	3	2	1	0.26	1
206	225	6422	3	2	1	0.26	1
206	226	6262	3	1	2	-0.26	-1
206	227	6028	3	1	2	-0.26	-1
206	228	5351	2	1	1	0.00	1
206	229	4943	2	1	1	0.00	1
206	230	3528	1	0	1	-0.26	-1
206	231	3507	1	0	1	-0.26	-1
206	232	2999	1	1	0	0.26	1
206	233	2292	1	1	0	0.26	1
206	234	2108	1	0	1	-0.26	-1
206	235	1680	1	0	1	-0.26	-1
207	208	11372	9	4	5	-0.26	-1
207	209	11523	9	6	3	0.78	1
207	210	16718	12	9	3	1.56	1
207	211	15093	12	5	7	-0.52	-1
207	212	14695	11	6	5	0.26	1
207	213	14605	11	4	7	-0.78	-1
207	214	11236	6	3	3	0.00	1
207	215	10899	5	4	1	0.78	1
207	216	10848	5	1	4	-0.78	-1
207	217	10616	4	1	3	-0.52	-1
207	218	10295	4	3	1	0.52	1
207	219	9386	4	2	2	0.00	1
207	220	8872	4	3	1	0.52	1
207	221	7883	4	1	3	-0.52	-1
207	222	7600	4	2	2	0.00	1
207	223	7095	3	2	1	0.26	1
207	224	7057	3	2	1	0.26	1
207	225	5843	3	1	2	-0.26	-1
207	226	5683	3	2	1	0.26	1
207	227	5449	3	2	1	0.26	1
207	228	4772	2	2	0	0.52	1
207	229	4364	2	0	2	-0.52	-1
207	230	2949	1	0	1	-0.26	-1
207	231	2928	1	0	1	-0.26	-1
207	232	2420	1	1	0	0.26	1
207	233	1713	1	1	0	0.26	1
207	234	1529	1	1	0	0.26	1
207	235	1101	1	0	1	-0.26	-1
208	209	11368	9	5	4	0.26	1
208	210	11154	9	5	4	0.26	1
208	211	9529	9	1	8	-1.82	-1
208	212	9131	8	4	4	0.00	1
208	213	9041	8	5	3	0.52	1
208	214	5672	3	1	2	-0.26	-1
208	215	5335	2	2	0	0.52	1
208	216	5284	2	2	0	0.52	1
208	217	5052	1	1	0	0.26	1
208	218	4731	1	0	1	-0.26	-1
208	219	3822	1	1	0	0.26	1
208	220	3308	1	0	1	-0.26	-1
208	221	2319	1	0	1	-0.26	-1
208	222	2036	1	0	1	-0.26	-1
209	210	11309	9	5	4	0.26	1
209	211	9684	9	5	4	0.26	1
209	212	9286	8	6	2	1.04	1
209	213	9196	8	1	7	-1.56	-1
209	214	5827	3	1	2	-0.26	-1
209	215	5490	2	2	0	0.52	1
209	216	5439	2	1	1	0.00	1
209	217	5207	1	1	0	0.26	1
209	218	4886	1	0	1	-0.26	-1
209	219	3977	1	0	1	-0.26	-1
209	220	3463	1	1	0	0.26	1
209	221	2474	1	1	0	0.26	1
209	222	2191	1	1	0	0.26	1
210	211	18425	14	7	7	0.00	1
210	212	18156	13	7	6	0.26	1
210	213	15719	11	6	5	0.26	1
210	214	15142	8	4	4	0.00	1
210	215	14805	7	2	5	-0.78	-1
210	216	14754	7	1	6	-1.30	-1
210	217	14522	6	2	4	-0.52	-1
210	218	14201	6	3	3	0.00	1
210	219	13292	6	3	3	0.00	1
210	220	12778	6	4	2	0.52	1
210	221	11789	6	3	3	0.00	1
210	222	11506	6	2	4	-0.52	-1
210	223	11001	5	4	1	0.78	1
210	224	10963	5	4	1	0.78	1
210	225	9749	5	4	1	0.78	1
210	226	9589	5	4	1	0.78	1
210	227	9355	5	2	3	-0.26	-1
210	228	8678	4	1	3	-0.52	-1
210	229	8270	4	0	4	-1.04	-1
210	230	6855	3	3	0	0.78	1
210	231	6834	3	2	1	0.26	1
210	232	6326	3	1	2	-0.26	-1
210	233	5619	3	1	2	-0.26	-1
210	234	5435	3	3	0	0.78	1
210	235	5007	3	2	1	0.26	1
210	236	3507	2	1	1	0.00	1
210	237	3085	2	2	0	0.52	1
210	238	2736	1	1	0	0.26	1
210	239	2480	1	1	0	0.26	1
211	212	18027	13	6	7	-0.26	-1
211	213	15719	11	7	4	0.78	1
211	214	14568	8	3	5	-0.52	-1
211	215	14231	7	1	6	-1.30	-1
211	216	14180	7	4	3	0.26	1
211	217	13948	6	4	2	0.52	1
211	218	13627	6	3	3	0.00	1
211	219	12718	6	1	5	-1.04	-1
211	220	12204	6	3	3	0.00	1
211	221	11215	6	2	4	-0.52	-1
211	222	10932	6	5	1	1.04	1
211	223	10427	5	2	3	-0.26	-1
211	224	10389	5	3	2	0.26	1
211	225	9175	5	3	2	0.26	1
211	226	9015	5	3	2	0.26	1
211	227	8781	5	2	3	-0.26	-1
211	228	8104	4	3	1	0.52	1
211	229	7696	4	2	2	0.00	1
211	230	6281	3	1	2	-0.26	-1
211	231	6260	3	1	2	-0.26	-1
211	232	5752	3	1	2	-0.26	-1
211	233	5045	3	2	1	0.26	1
211	234	4861	3	1	2	-0.26	-1
211	235	4433	3	2	1	0.26	1
211	236	2933	2	0	2	-0.52	-1
211	237	2511	2	1	1	0.00	1
211	238	2162	1	1	0	0.26	1
211	239	1906	1	0	1	-0.26	-1
212	213	15719	11	4	7	-0.78	-1
212	214	14697	8	5	3	0.52	1
212	215	14360	7	4	3	0.26	1
212	216	14309	7	4	3	0.26	1
212	217	14077	6	5	1	1.04	1
212	218	13756	6	5	1	1.04	1
212	219	12847	6	4	2	0.52	1
212	220	12333	6	2	4	-0.52	-1
212	221	11344	6	2	4	-0.52	-1
212	222	11061	6	1	5	-1.04	-1
212	223	10556	5	3	2	0.26	1
212	224	10518	5	3	2	0.26	1
212	225	9304	5	3	2	0.26	1
212	226	9144	5	3	2	0.26	1
212	227	8910	5	2	3	-0.26	-1
212	228	8233	4	1	3	-0.52	-1
212	229	7825	4	0	4	-1.04	-1
212	230	6410	3	3	0	0.78	1
212	231	6389	3	1	2	-0.26	-1
212	232	5881	3	1	2	-0.26	-1
212	233	5174	3	2	1	0.26	1
212	234	4990	3	3	0	0.78	1
212	235	4562	3	1	2	-0.26	-1
212	236	3062	2	2	0	0.52	1
212	237	2640	2	1	1	0.00	1
212	238	2291	1	1	0	0.26	1
212	239	2035	1	0	1	-0.26	-1
213	214	12350	6	3	3	0.00	1
213	215	12013	5	2	3	-0.26	-1
213	216	11962	5	4	1	0.78	1
213	217	11730	4	2	2	0.00	1
213	218	11409	4	3	1	0.52	1
213	219	10500	4	0	4	-1.04	-1
213	220	9986	4	2	2	0.00	1
213	221	8997	4	2	2	0.00	1
213	222	8714	4	2	2	0.00	1
213	223	8209	3	2	1	0.26	1
213	224	8171	3	2	1	0.26	1
213	225	6957	3	2	1	0.26	1
213	226	6797	3	1	2	-0.26	-1
213	227	6563	3	2	1	0.26	1
213	228	5886	2	1	1	0.00	1
213	229	5478	2	1	1	0.00	1
213	230	4063	1	0	1	-0.26	-1
213	231	4042	1	1	0	0.26	1
213	232	3534	1	0	1	-0.26	-1
213	233	2827	1	1	0	0.26	1
213	234	2643	1	1	0	0.26	1
213	235	2215	1	0	1	-0.26	-1
214	215	16704	9	7	2	1.30	1
214	216	16653	9	4	5	-0.26	-1
214	217	16421	8	5	3	0.52	1
214	218	16100	8	4	4	0.00	1
214	219	15191	8	6	2	1.04	1
214	220	14677	8	4	4	0.00	1
214	221	13688	8	3	5	-0.52	-1
214	222	13354	8	6	2	1.04	1
214	223	12900	7	2	5	-0.78	-1
214	224	12862	7	2	5	-0.78	-1
214	225	11648	7	5	2	0.78	1
214	226	11488	7	3	4	-0.26	-1
214	227	10512	6	3	3	0.00	1
214	228	10577	6	5	1	1.04	1
214	229	10169	6	4	2	0.52	1
214	230	8754	5	1	4	-0.78	-1
214	231	8733	5	4	1	0.78	1
214	232	8225	5	3	2	0.26	1
214	233	7518	5	3	2	0.26	1
214	234	7334	5	3	2	0.26	1
214	235	6906	5	3	2	0.26	1
214	236	5406	4	1	3	-0.52	-1
214	237	4984	4	3	1	0.52	1
214	238	4635	3	2	1	0.26	1
214	239	4379	3	0	3	-0.78	-1
214	240	4193	2	2	0	0.52	1
214	241	3900	2	2	0	0.52	1
214	242	3461	2	1	1	0.00	1
214	243	2944	2	1	1	0.00	1
214	244	2343	2	0	2	-0.52	-1
214	245	2262	2	1	1	0.00	1
214	246	2083	2	0	2	-0.52	-1
214	247	1129	1	1	0	0.26	1
214	248	755	1	1	0	0.26	1
215	216	17115	9	3	6	-0.78	-1
215	217	16883	8	3	5	-0.52	-1
215	218	16562	8	3	5	-0.52	-1
215	219	15653	8	4	4	0.00	1
215	220	15139	8	4	4	0.00	1
215	221	14150	8	4	4	0.00	1
215	222	13354	8	5	3	0.52	1
215	223	13362	7	2	5	-0.78	-1
215	224	13324	7	4	3	0.26	1
215	225	12110	7	2	5	-0.78	-1
215	226	11950	7	5	2	0.78	1
215	227	10512	6	6	0	1.56	1
215	228	11039	6	4	2	0.52	1
215	229	10631	6	4	2	0.52	1
215	230	9216	5	3	2	0.26	1
215	231	9195	5	3	2	0.26	1
215	232	8687	5	5	0	1.30	1
215	233	7980	5	1	4	-0.78	-1
215	234	7796	5	1	4	-0.78	-1
215	235	7368	5	4	1	0.78	1
215	236	5868	4	3	1	0.52	1
215	237	5446	4	1	3	-0.52	-1
215	238	5097	3	1	2	-0.26	-1
215	239	4841	3	0	3	-0.78	-1
215	240	4655	2	0	2	-0.52	-1
215	241	4362	2	1	1	0.00	1
215	242	3923	2	2	0	0.52	1
215	243	3406	2	2	0	0.52	1
215	244	2805	2	1	1	0.00	1
215	245	2724	2	1	1	0.00	1
215	246	2545	2	1	1	0.00	1
215	247	1591	1	0	1	-0.26	-1
215	248	1217	1	0	1	-0.26	-1
216	217	17083	8	6	2	1.04	1
216	218	16599	8	3	5	-0.52	-1
216	219	15853	8	6	2	1.04	1
216	220	15339	8	5	3	0.52	1
216	221	14350	8	4	4	0.00	1
216	222	13354	8	4	4	0.00	1
216	223	13562	7	3	4	-0.26	-1
216	224	13524	7	3	4	-0.26	-1
216	225	12310	7	2	5	-0.78	-1
216	226	12150	7	4	3	0.26	1
216	227	10512	6	3	3	0.00	1
216	228	11239	6	5	1	1.04	1
216	229	10831	6	2	4	-0.52	-1
216	230	9416	5	1	4	-0.78	-1
216	231	9395	5	3	2	0.26	1
216	232	8887	5	2	3	-0.26	-1
216	233	8180	5	2	3	-0.26	-1
216	234	7996	5	4	1	0.78	1
216	235	7568	5	2	3	-0.26	-1
216	236	6068	4	3	1	0.52	1
216	237	5646	4	2	2	0.00	1
216	238	5297	3	1	2	-0.26	-1
216	239	5041	3	1	2	-0.26	-1
216	240	4855	2	0	2	-0.52	-1
216	241	4562	2	0	2	-0.52	-1
216	242	4123	2	0	2	-0.52	-1
216	243	3606	2	0	2	-0.52	-1
216	244	3005	2	1	1	0.00	1
216	245	2924	2	1	1	0.00	1
216	246	2745	2	0	2	-0.52	-1
216	247	1791	1	1	0	0.26	1
216	248	1417	1	1	0	0.26	1
217	218	16599	8	2	6	-1.04	-1
217	219	18460	9	7	2	1.30	1
217	220	17946	9	5	4	0.26	1
217	221	16957	9	5	4	0.26	1
217	222	13354	8	4	4	0.00	1
217	223	16169	8	1	7	-1.56	-1
217	224	14054	7	2	5	-0.78	-1
217	225	14917	8	8	0	2.09	1
217	226	14757	8	6	2	1.04	1
217	227	10512	6	3	3	0.00	1
217	228	13846	7	4	3	0.26	1
217	229	13438	7	4	3	0.26	1
217	230	12023	6	2	4	-0.52	-1
217	231	12002	6	3	3	0.00	1
217	232	11494	6	3	3	0.00	1
217	233	10787	6	2	4	-0.52	-1
217	234	10603	6	3	3	0.00	1
217	235	10175	6	1	5	-1.04	-1
217	236	8675	5	1	4	-0.78	-1
217	237	8253	5	2	3	-0.26	-1
217	238	7904	4	0	4	-1.04	-1
217	239	7648	4	1	3	-0.52	-1
217	240	7462	3	2	1	0.26	1
217	241	7169	3	2	1	0.26	1
217	242	6730	3	1	2	-0.26	-1
217	243	6213	3	1	2	-0.26	-1
217	244	5612	3	1	2	-0.26	-1
217	245	5531	3	2	1	0.26	1
217	246	5352	3	3	0	0.78	1
217	247	4398	2	1	1	0.00	1
217	248	4024	2	1	1	0.00	1
217	249	3447	1	1	0	0.26	1
217	250	3299	1	0	1	-0.26	-1
217	251	3244	1	1	0	0.26	1
217	252	2632	1	1	0	0.26	1
217	253	2620	1	0	1	-0.26	-1
217	254	1679	1	0	1	-0.26	-1
218	219	15690	8	5	3	0.52	1
218	220	15176	8	5	3	0.52	1
218	221	14187	8	3	5	-0.52	-1
218	222	13354	8	5	3	0.52	1
218	223	13399	7	0	7	-1.82	-1
218	224	13361	7	2	5	-0.78	-1
218	225	12147	7	3	4	-0.26	-1
218	226	11987	7	4	3	0.26	1
218	227	10512	6	3	3	0.00	1
218	228	11076	6	3	3	0.00	1
218	229	10668	6	4	2	0.52	1
218	230	9253	5	2	3	-0.26	-1
218	231	9232	5	2	3	-0.26	-1
218	232	8724	5	3	2	0.26	1
218	233	8017	5	4	1	0.78	1
218	234	7833	5	2	3	-0.26	-1
218	235	7405	5	1	4	-0.78	-1
218	236	5905	4	0	4	-1.04	-1
218	237	5483	4	3	1	0.52	1
218	238	5134	3	1	2	-0.26	-1
218	239	4878	3	1	2	-0.26	-1
218	240	4692	2	0	2	-0.52	-1
218	241	4399	2	2	0	0.52	1
218	242	3960	2	2	0	0.52	1
218	243	3443	2	1	1	0.00	1
218	244	2842	2	1	1	0.00	1
218	245	2761	2	1	1	0.00	1
218	246	2582	2	1	1	0.00	1
218	247	1628	1	1	0	0.26	1
218	248	1254	1	1	0	0.26	1
219	220	18562	9	8	1	1.82	1
219	221	17573	9	3	6	-0.78	-1
219	222	13354	8	2	6	-1.04	-1
219	223	16699	8	3	5	-0.52	-1
219	224	14054	7	3	4	-0.26	-1
219	225	15533	8	4	4	0.00	1
219	226	15373	8	7	1	1.56	1
219	227	10512	6	1	5	-1.04	-1
219	228	13941	7	1	6	-1.30	-1
219	229	14054	7	6	1	1.30	1
219	230	12639	6	5	1	1.04	1
219	231	12618	6	1	5	-1.04	-1
219	232	12110	6	4	2	0.52	1
219	233	11403	6	4	2	0.52	1
219	234	11219	6	4	2	0.52	1
219	235	10791	6	4	2	0.52	1
219	236	9291	5	1	4	-0.78	-1
219	237	8869	5	4	1	0.78	1
219	238	8520	4	3	1	0.52	1
219	239	8264	4	1	3	-0.52	-1
219	240	8078	3	1	2	-0.26	-1
219	241	7785	3	3	0	0.78	1
219	242	7346	3	2	1	0.26	1
219	243	6829	3	2	1	0.26	1
219	244	6228	3	1	2	-0.26	-1
219	245	6147	3	2	1	0.26	1
219	246	5968	3	3	0	0.78	1
219	247	5014	2	1	1	0.00	1
219	248	4640	2	0	2	-0.52	-1
219	249	4063	1	0	1	-0.26	-1
219	250	3915	1	0	1	-0.26	-1
219	251	3860	1	0	1	-0.26	-1
219	252	3248	1	0	1	-0.26	-1
219	253	3236	1	0	1	-0.26	-1
219	254	2295	1	0	1	-0.26	-1
220	221	20049	13	6	7	-0.26	-1
220	222	13354	8	7	1	1.56	1
220	223	16699	8	4	4	0.00	1
220	224	14054	7	1	6	-1.30	-1
220	225	16762	9	4	5	-0.26	-1
220	226	19716	13	3	10	-1.82	-1
220	227	10512	6	2	4	-0.52	-1
220	228	13941	7	1	6	-1.30	-1
220	229	15213	8	4	4	0.00	1
220	230	18115	12	4	8	-1.04	-1
220	231	21713	15	9	6	0.78	1
220	232	16730	11	7	4	0.78	1
220	233	17238	12	8	4	1.04	1
220	234	14103	11	6	5	0.26	1
220	235	13244	10	5	5	0.00	1
220	236	16144	11	4	7	-0.78	-1
220	237	17851	14	4	10	-1.56	-1
220	238	18970	17	10	7	0.78	1
220	239	18342	16	10	6	1.04	1
220	240	12818	8	3	5	-0.52	-1
220	241	17443	14	8	6	0.52	1
220	242	18817	16	6	10	-1.04	-1
220	243	17993	16	8	8	0.00	1
220	244	15972	14	4	10	-1.56	-1
220	245	17618	16	7	9	-0.52	-1
220	246	17439	16	8	8	0.00	1
220	247	16485	15	6	9	-0.78	-1
220	248	16111	15	11	4	1.82	1
220	249	15534	14	4	10	-1.56	-1
220	250	15386	14	7	7	0.00	1
220	251	15331	14	8	6	0.52	1
220	252	14719	14	8	6	0.52	1
220	253	14707	14	10	4	1.56	1
220	254	13766	14	4	10	-1.56	-1
220	255	12994	13	5	8	-0.78	-1
220	256	12913	13	9	4	1.30	1
220	257	12525	13	4	9	-1.30	-1
220	258	11728	13	7	6	0.26	1
220	259	11089	13	9	4	1.30	1
220	260	9839	10	4	6	-0.52	-1
220	261	9725	10	4	6	-0.52	-1
220	262	8405	8	1	7	-1.56	-1
220	263	7984	8	5	3	0.52	1
220	264	7590	8	1	7	-1.56	-1
220	265	7001	8	4	4	0.00	1
220	266	6427	7	4	3	0.26	1
220	267	6386	7	6	1	1.30	1
220	268	6359	7	4	3	0.26	1
220	269	6356	7	4	3	0.26	1
220	270	6293	7	4	3	0.26	1
220	271	6032	7	6	1	1.30	1
220	272	5803	7	6	1	1.30	1
220	273	5596	7	5	2	0.78	1
220	274	4878	7	3	4	-0.26	-1
220	275	4612	7	3	4	-0.26	-1
220	276	4007	7	3	4	-0.26	-1
220	277	3160	5	4	1	0.78	1
220	278	2455	4	3	1	0.52	1
220	279	2309	4	3	1	0.52	1
220	280	1464	1	0	1	-0.26	-1
221	222	13354	8	3	5	-0.52	-1
221	223	16699	8	2	6	-1.04	-1
221	224	14054	7	1	6	-1.30	-1
221	225	16762	9	7	2	1.30	1
221	226	17849	12	4	8	-1.04	-1
221	227	10512	6	4	2	0.52	1
221	228	13941	7	6	1	1.30	1
221	229	15213	8	6	2	1.04	1
221	230	15115	10	4	6	-0.52	-1
221	231	15094	10	3	7	-1.04	-1
221	232	14586	10	5	5	0.00	1
221	233	13879	10	4	6	-0.52	-1
221	234	13695	10	3	7	-1.04	-1
221	235	13244	10	9	1	2.09	1
221	236	11767	9	4	5	-0.26	-1
221	237	11345	9	2	7	-1.30	-1
221	238	10996	8	3	5	-0.52	-1
221	239	10740	8	5	3	0.52	1
221	240	10554	7	4	3	0.26	1
221	241	10261	7	0	7	-1.82	-1
221	242	9822	7	4	3	0.26	1
221	243	9305	7	3	4	-0.26	-1
221	244	8704	7	4	3	0.26	1
221	245	8623	7	2	5	-0.78	-1
221	246	8444	7	4	3	0.26	1
221	247	7490	6	3	3	0.00	1
221	248	7116	6	1	5	-1.04	-1
221	249	6539	5	2	3	-0.26	-1
221	250	6391	5	3	2	0.26	1
221	251	6336	5	0	5	-1.30	-1
221	252	5724	5	2	3	-0.26	-1
221	253	5712	5	1	4	-0.78	-1
221	254	4771	5	2	3	-0.26	-1
221	255	3999	4	1	3	-0.52	-1
221	256	3918	4	3	1	0.52	1
221	257	3530	4	2	2	0.00	1
221	258	2733	4	4	0	1.04	1
221	259	2094	4	2	2	0.00	1
221	260	844	1	0	1	-0.26	-1
221	261	730	1	0	1	-0.26	-1
222	223	12849	7	2	5	-0.78	-1
222	224	12811	7	6	1	1.30	1
222	225	11597	7	5	2	0.78	1
222	226	11437	7	4	3	0.26	1
222	227	10512	6	6	0	1.56	1
222	228	10526	6	4	2	0.52	1
222	229	10118	6	4	2	0.52	1
222	230	8703	5	3	2	0.26	1
222	231	8682	5	3	2	0.26	1
222	232	8174	5	4	1	0.78	1
222	233	7467	5	2	3	-0.26	-1
222	234	7283	5	3	2	0.26	1
222	235	6855	5	3	2	0.26	1
222	236	5355	4	0	4	-1.04	-1
222	237	4933	4	3	1	0.52	1
222	238	4584	3	1	2	-0.26	-1
222	239	4328	3	2	1	0.26	1
222	240	4142	2	0	2	-0.52	-1
222	241	3849	2	1	1	0.00	1
222	242	3410	2	2	0	0.52	1
222	243	2893	2	2	0	0.52	1
222	244	2292	2	2	0	0.52	1
222	245	2211	2	0	2	-0.52	-1
222	246	2032	2	1	1	0.00	1
222	247	1078	1	1	0	0.26	1
222	248	704	1	0	1	-0.26	-1
223	224	14054	7	3	4	-0.26	-1
223	225	15447	8	4	4	0.00	1
223	226	15287	8	6	2	1.04	1
223	227	10512	6	2	4	-0.52	-1
223	228	13941	7	2	5	-0.78	-1
223	229	13968	7	3	4	-0.26	-1
223	230	12553	6	4	2	0.52	1
223	231	12532	6	5	1	1.04	1
223	232	12024	6	3	3	0.00	1
223	233	11317	6	3	3	0.00	1
223	234	11133	6	0	6	-1.56	-1
223	235	10705	6	3	3	0.00	1
223	236	9205	5	4	1	0.78	1
223	237	8783	5	2	3	-0.26	-1
223	238	8434	4	3	1	0.52	1
223	239	8178	4	3	1	0.52	1
223	240	7992	3	2	1	0.26	1
223	241	7699	3	1	2	-0.26	-1
223	242	7260	3	2	1	0.26	1
223	243	6743	3	2	1	0.26	1
223	244	6142	3	0	3	-0.78	-1
223	245	6061	3	0	3	-0.78	-1
223	246	5882	3	3	0	0.78	1
223	247	4928	2	0	2	-0.52	-1
223	248	4554	2	2	0	0.52	1
223	249	3977	1	1	0	0.26	1
223	250	3829	1	0	1	-0.26	-1
223	251	3774	1	0	1	-0.26	-1
223	252	3162	1	1	0	0.26	1
223	253	3150	1	0	1	-0.26	-1
223	254	2209	1	0	1	-0.26	-1
224	225	12840	7	4	3	0.26	1
224	226	12680	7	3	4	-0.26	-1
224	227	10512	6	5	1	1.04	1
224	228	11769	6	1	5	-1.04	-1
224	229	11361	6	3	3	0.00	1
224	230	9946	5	3	2	0.26	1
224	231	9925	5	3	2	0.26	1
224	232	9417	5	1	4	-0.78	-1
224	233	8710	5	2	3	-0.26	-1
224	234	8526	5	4	1	0.78	1
224	235	8098	5	2	3	-0.26	-1
224	236	6598	4	1	3	-0.52	-1
224	237	6176	4	3	1	0.52	1
224	238	5827	3	1	2	-0.26	-1
224	239	5571	3	1	2	-0.26	-1
224	240	5385	2	1	1	0.00	1
224	241	5092	2	1	1	0.00	1
224	242	4653	2	0	2	-0.52	-1
224	243	4136	2	1	1	0.00	1
224	244	3535	2	1	1	0.00	1
224	245	3454	2	1	1	0.00	1
224	246	3275	2	2	0	0.52	1
224	247	2321	1	0	1	-0.26	-1
224	248	1947	1	1	0	0.26	1
225	226	16602	9	6	3	0.78	1
225	227	10512	6	3	3	0.00	1
225	228	13941	7	5	2	0.78	1
225	229	15213	8	2	6	-1.04	-1
225	230	13868	7	3	4	-0.26	-1
225	231	13847	7	4	3	0.26	1
225	232	13339	7	4	3	0.26	1
225	233	12632	7	3	4	-0.26	-1
225	234	12448	7	4	3	0.26	1
225	235	12020	7	6	1	1.30	1
225	236	10520	6	2	4	-0.52	-1
225	237	10098	6	1	5	-1.04	-1
225	238	9749	5	4	1	0.78	1
225	239	9493	5	3	2	0.26	1
225	240	9307	4	3	1	0.52	1
225	241	9014	4	2	2	0.00	1
225	242	8575	4	0	4	-1.04	-1
225	243	8058	4	1	3	-0.52	-1
225	244	7457	4	3	1	0.52	1
225	245	7376	4	3	1	0.52	1
225	246	7197	4	1	3	-0.52	-1
225	247	6243	3	1	2	-0.26	-1
225	248	5869	3	2	1	0.26	1
225	249	5292	2	1	1	0.00	1
225	250	5144	2	1	1	0.00	1
225	251	5089	2	2	0	0.52	1
225	252	4477	2	1	1	0.00	1
225	253	4465	2	2	0	0.52	1
225	254	3524	2	1	1	0.00	1
225	255	2752	1	0	1	-0.26	-1
225	256	2671	1	0	1	-0.26	-1
225	257	2283	1	0	1	-0.26	-1
225	258	1486	1	1	0	0.26	1
225	259	847	1	0	1	-0.26	-1
226	227	10512	6	4	2	0.52	1
226	228	13941	7	3	4	-0.26	-1
226	229	15213	8	6	2	1.04	1
226	230	16982	11	8	3	1.30	1
226	231	16961	11	5	6	-0.26	-1
226	232	16453	11	9	2	1.82	1
226	233	15746	11	4	7	-0.78	-1
226	234	14103	11	1	10	-2.35	-1
226	235	13244	10	5	5	0.00	1
226	236	13634	10	2	8	-1.56	-1
226	237	13212	10	7	3	1.04	1
226	238	12863	9	4	5	-0.26	-1
226	239	12607	9	6	3	0.78	1
226	240	12421	8	2	6	-1.04	-1
226	241	12128	8	3	5	-0.52	-1
226	242	11689	8	4	4	0.00	1
226	243	11172	8	3	5	-0.52	-1
226	244	10571	8	6	2	1.04	1
226	245	10490	8	4	4	0.00	1
226	246	10311	8	6	2	1.04	1
226	247	9357	7	2	5	-0.78	-1
226	248	8983	7	3	4	-0.26	-1
226	249	8406	6	3	3	0.00	1
226	250	8258	6	2	4	-0.52	-1
226	251	8203	6	1	5	-1.04	-1
226	252	7591	6	3	3	0.00	1
226	253	7579	6	4	2	0.52	1
226	254	6638	6	2	4	-0.52	-1
226	255	5866	5	2	3	-0.26	-1
226	256	5785	5	2	3	-0.26	-1
226	257	5397	5	2	3	-0.26	-1
226	258	4600	5	1	4	-0.78	-1
226	259	3961	5	3	2	0.26	1
226	260	2711	2	0	2	-0.52	-1
226	261	2597	2	2	0	0.52	1
227	228	9835	5	4	1	0.78	1
227	229	9427	5	2	3	-0.26	-1
227	230	8012	4	2	2	0.00	1
227	231	7991	4	3	1	0.52	1
227	232	7483	4	1	3	-0.52	-1
227	233	6776	4	2	2	0.00	1
227	234	6592	4	3	1	0.52	1
227	235	6164	4	4	0	1.04	1
227	236	4664	3	0	3	-0.78	-1
227	237	4242	3	1	2	-0.26	-1
227	238	3893	2	1	1	0.00	1
227	239	3637	2	1	1	0.00	1
227	240	3451	1	1	0	0.26	1
227	241	3158	1	0	1	-0.26	-1
227	242	2719	1	0	1	-0.26	-1
227	243	2202	1	1	0	0.26	1
227	244	1601	1	0	1	-0.26	-1
227	245	1520	1	1	0	0.26	1
227	246	1341	1	1	0	0.26	1
228	229	13533	7	3	4	-0.26	-1
228	230	12118	6	3	3	0.00	1
228	231	12097	6	5	1	1.04	1
228	232	11589	6	3	3	0.00	1
228	233	10882	6	3	3	0.00	1
228	234	10698	6	3	3	0.00	1
228	235	10270	6	4	2	0.52	1
228	236	8770	5	2	3	-0.26	-1
228	237	8348	5	0	5	-1.30	-1
228	238	7999	4	2	2	0.00	1
228	239	7743	4	1	3	-0.52	-1
228	240	7557	3	2	1	0.26	1
228	241	7264	3	1	2	-0.26	-1
228	242	6825	3	1	2	-0.26	-1
228	243	6308	3	2	1	0.26	1
228	244	5707	3	1	2	-0.26	-1
228	245	5626	3	2	1	0.26	1
228	246	5447	3	1	2	-0.26	-1
228	247	4493	2	1	1	0.00	1
228	248	4119	2	0	2	-0.52	-1
228	249	3542	1	1	0	0.26	1
228	250	3394	1	1	0	0.26	1
228	251	3339	1	1	0	0.26	1
228	252	2727	1	1	0	0.26	1
228	253	2715	1	0	1	-0.26	-1
228	254	1774	1	0	1	-0.26	-1
229	230	13798	7	4	3	0.26	1
229	231	13777	7	4	3	0.26	1
229	232	13269	7	2	5	-0.78	-1
229	233	12562	7	6	1	1.30	1
229	234	12378	7	6	1	1.30	1
229	235	11950	7	5	2	0.78	1
229	236	10450	6	3	3	0.00	1
229	237	10028	6	3	3	0.00	1
229	238	9679	5	3	2	0.26	1
229	239	9423	5	4	1	0.78	1
229	240	9237	4	3	1	0.52	1
229	241	8944	4	1	3	-0.52	-1
229	242	8505	4	1	3	-0.52	-1
229	243	7988	4	2	2	0.00	1
229	244	7387	4	3	1	0.52	1
229	245	7306	4	1	3	-0.52	-1
229	246	7127	4	2	2	0.00	1
229	247	6173	3	2	1	0.26	1
229	248	5799	3	3	0	0.78	1
229	249	5222	2	0	2	-0.52	-1
229	250	5074	2	1	1	0.00	1
229	251	5019	2	1	1	0.00	1
229	252	4407	2	2	0	0.52	1
229	253	4395	2	2	0	0.52	1
229	254	3454	2	0	2	-0.52	-1
229	255	2682	1	0	1	-0.26	-1
229	256	2601	1	0	1	-0.26	-1
229	257	2213	1	1	0	0.26	1
229	258	1416	1	1	0	0.26	1
229	259	777	1	0	1	-0.26	-1
230	231	18094	12	8	4	1.04	1
230	232	16730	11	3	8	-1.30	-1
230	233	16879	12	5	7	-0.52	-1
230	234	14103	11	6	5	0.26	1
230	235	13244	10	4	6	-0.52	-1
230	236	14767	11	5	6	-0.26	-1
230	237	14345	11	4	7	-0.78	-1
230	238	13996	10	4	6	-0.52	-1
230	239	13740	10	4	6	-0.52	-1
230	240	12818	8	4	4	0.00	1
230	241	13261	9	3	6	-0.78	-1
230	242	12822	9	1	8	-1.82	-1
230	243	12305	9	3	6	-0.78	-1
230	244	11704	9	2	7	-1.30	-1
230	245	11623	9	6	3	0.78	1
230	246	11444	9	7	2	1.30	1
230	247	10490	8	3	5	-0.52	-1
230	248	10116	8	3	5	-0.52	-1
230	249	9539	7	5	2	0.78	1
230	250	9391	7	2	5	-0.78	-1
230	251	9336	7	2	5	-0.78	-1
230	252	8724	7	3	4	-0.26	-1
230	253	8712	7	3	4	-0.26	-1
230	254	7771	7	5	2	0.78	1
230	255	6999	6	2	4	-0.52	-1
230	256	6918	6	4	2	0.52	1
230	257	6530	6	3	3	0.00	1
230	258	5733	6	2	4	-0.52	-1
230	259	5094	6	4	2	0.52	1
230	260	3844	3	2	1	0.26	1
230	261	3730	3	1	2	-0.26	-1
230	262	2410	1	1	0	0.26	1
230	263	1989	1	0	1	-0.26	-1
230	264	1595	1	1	0	0.26	1
230	265	1006	1	0	1	-0.26	-1
231	232	16730	11	9	2	1.82	1
231	233	17238	12	8	4	1.04	1
231	234	14103	11	6	5	0.26	1
231	235	13244	10	3	7	-1.04	-1
231	236	16144	11	5	6	-0.26	-1
231	237	17851	14	8	6	0.52	1
231	238	17615	13	7	6	0.26	1
231	239	17359	13	6	7	-0.26	-1
231	240	12818	8	6	2	1.04	1
231	241	16880	12	4	8	-1.04	-1
231	242	16441	12	8	4	1.04	1
231	243	15924	12	4	8	-1.04	-1
231	244	15323	12	5	7	-0.52	-1
231	245	15242	12	5	7	-0.52	-1
231	246	15063	12	6	6	0.00	1
231	247	14109	11	7	4	0.78	1
231	248	13735	11	6	5	0.26	1
231	249	13158	10	7	3	1.04	1
231	250	13010	10	7	3	1.04	1
231	251	12955	10	5	5	0.00	1
231	252	12343	10	10	0	2.61	1
231	253	12331	10	5	5	0.00	1
231	254	11390	10	2	8	-1.56	-1
231	255	10618	9	4	5	-0.26	-1
231	256	10537	9	4	5	-0.26	-1
231	257	10149	9	5	4	0.26	1
231	258	9352	9	5	4	0.26	1
231	259	8713	9	4	5	-0.26	-1
231	260	7463	6	4	2	0.52	1
231	261	7349	6	1	5	-1.04	-1
231	262	6029	4	1	3	-0.52	-1
231	263	5608	4	4	0	1.04	1
231	264	5214	4	4	0	1.04	1
231	265	4625	4	2	2	0.00	1
231	266	4051	3	2	1	0.26	1
231	267	4010	3	1	2	-0.26	-1
231	268	3983	3	2	1	0.26	1
231	269	3980	3	3	0	0.78	1
231	270	3917	3	1	2	-0.26	-1
231	271	3656	3	1	2	-0.26	-1
231	272	3427	3	2	1	0.26	1
231	273	3220	3	2	1	0.26	1
231	274	2502	3	2	1	0.26	1
231	275	2236	3	1	2	-0.26	-1
231	276	1631	3	1	2	-0.26	-1
231	277	784	1	1	0	0.26	1
232	233	16023	11	7	4	0.78	1
232	234	14103	11	5	6	-0.26	-1
232	235	13244	10	9	1	2.09	1
232	236	13911	10	7	3	1.04	1
232	237	13489	10	5	5	0.00	1
232	238	13140	9	6	3	0.78	1
232	239	12884	9	5	4	0.26	1
232	240	12698	8	6	2	1.04	1
232	241	12405	8	2	6	-1.04	-1
232	242	11966	8	3	5	-0.52	-1
232	243	11449	8	5	3	0.52	1
232	244	10848	8	7	1	1.56	1
232	245	10767	8	2	6	-1.04	-1
232	246	10588	8	1	7	-1.56	-1
232	247	9634	7	4	3	0.26	1
232	248	9260	7	2	5	-0.78	-1
232	249	8683	6	2	4	-0.52	-1
232	250	8535	6	5	1	1.04	1
232	251	8480	6	4	2	0.52	1
232	252	7868	6	4	2	0.52	1
232	253	7856	6	2	4	-0.52	-1
232	254	6915	6	2	4	-0.52	-1
232	255	6143	5	3	2	0.26	1
232	256	6062	5	3	2	0.26	1
232	257	5674	5	3	2	0.26	1
232	258	4877	5	4	1	0.78	1
232	259	4238	5	2	3	-0.26	-1
232	260	2988	2	1	1	0.00	1
232	261	2874	2	0	2	-0.52	-1
233	234	14103	11	6	5	0.26	1
233	235	13244	10	7	3	1.04	1
233	236	15126	11	5	6	-0.26	-1
233	237	14704	11	4	7	-0.78	-1
233	238	14355	10	8	2	1.56	1
233	239	14099	10	6	4	0.52	1
233	240	12818	8	7	1	1.56	1
233	241	13620	9	4	5	-0.26	-1
233	242	13181	9	5	4	0.26	1
233	243	12664	9	5	4	0.26	1
233	244	12063	9	6	3	0.78	1
233	245	11982	9	5	4	0.26	1
233	246	11803	9	3	6	-0.78	-1
233	247	10849	8	3	5	-0.52	-1
233	248	10475	8	5	3	0.52	1
233	249	9898	7	2	5	-0.78	-1
233	250	9750	7	4	3	0.26	1
233	251	9695	7	5	2	0.78	1
233	252	9083	7	0	7	-1.82	-1
233	253	9071	7	3	4	-0.26	-1
233	254	8130	7	5	2	0.78	1
233	255	7358	6	4	2	0.52	1
233	256	7277	6	2	4	-0.52	-1
233	257	6889	6	5	1	1.04	1
233	258	6092	6	4	2	0.52	1
233	259	5453	6	3	3	0.00	1
233	260	4203	3	1	2	-0.26	-1
233	261	4089	3	2	1	0.26	1
233	262	2769	1	0	1	-0.26	-1
233	263	2348	1	0	1	-0.26	-1
233	264	1954	1	0	1	-0.26	-1
233	265	1365	1	1	0	0.26	1
234	235	13244	10	6	4	0.52	1
234	236	12175	10	5	5	0.00	1
234	237	11753	10	1	9	-2.09	-1
234	238	11404	9	1	8	-1.82	-1
234	239	11148	9	2	7	-1.30	-1
234	240	10962	8	5	3	0.52	1
234	241	10669	8	3	5	-0.52	-1
234	242	10230	8	4	4	0.00	1
234	243	9713	8	5	3	0.52	1
234	244	9112	8	3	5	-0.52	-1
234	245	9031	8	5	3	0.52	1
234	246	8852	8	4	4	0.00	1
234	247	7898	7	4	3	0.26	1
234	248	7524	7	4	3	0.26	1
234	249	6947	6	1	5	-1.04	-1
234	250	6799	6	2	4	-0.52	-1
234	251	6744	6	6	0	1.56	1
234	252	6132	6	4	2	0.52	1
234	253	6120	6	2	4	-0.52	-1
234	254	5179	6	0	6	-1.56	-1
234	255	4407	5	3	2	0.26	1
234	256	4326	5	2	3	-0.26	-1
234	257	3938	5	1	4	-0.78	-1
234	258	3141	5	5	0	1.30	1
234	259	2502	5	0	5	-1.30	-1
234	260	1252	2	2	0	0.52	1
234	261	1138	2	0	2	-0.52	-1
235	236	11744	9	6	3	0.78	1
235	237	11322	9	2	7	-1.30	-1
235	238	10973	8	5	3	0.52	1
235	239	10717	8	4	4	0.00	1
235	240	10531	7	3	4	-0.26	-1
235	241	10238	7	3	4	-0.26	-1
235	242	9799	7	3	4	-0.26	-1
235	243	9282	7	4	3	0.26	1
235	244	8681	7	4	3	0.26	1
235	245	8600	7	4	3	0.26	1
235	246	8421	7	2	5	-0.78	-1
235	247	7467	6	3	3	0.00	1
235	248	7093	6	2	4	-0.52	-1
235	249	6516	5	2	3	-0.26	-1
235	250	6368	5	2	3	-0.26	-1
235	251	6313	5	3	2	0.26	1
235	252	5701	5	1	4	-0.78	-1
235	253	5689	5	4	1	0.78	1
235	254	4748	5	3	2	0.26	1
235	255	3976	4	1	3	-0.52	-1
235	256	3895	4	1	3	-0.52	-1
235	257	3507	4	2	2	0.00	1
235	258	2710	4	4	0	1.04	1
235	259	2071	4	1	3	-0.52	-1
235	260	821	1	1	0	0.26	1
235	261	707	1	0	1	-0.26	-1
236	237	15722	11	3	8	-1.30	-1
236	238	15373	10	5	5	0.00	1
236	239	15117	10	5	5	0.00	1
236	240	12818	8	4	4	0.00	1
236	241	14638	9	4	5	-0.26	-1
236	242	14199	9	4	5	-0.26	-1
236	243	13682	9	5	4	0.26	1
236	244	13081	9	5	4	0.26	1
236	245	13000	9	4	5	-0.26	-1
236	246	12821	9	6	3	0.78	1
236	247	11867	8	1	7	-1.56	-1
236	248	11493	8	0	8	-2.09	-1
236	249	10916	7	3	4	-0.26	-1
236	250	10768	7	2	5	-0.78	-1
236	251	10713	7	4	3	0.26	1
236	252	10101	7	2	5	-0.78	-1
236	253	10089	7	4	3	0.26	1
236	254	9148	7	3	4	-0.26	-1
236	255	8376	6	3	3	0.00	1
236	256	8295	6	1	5	-1.04	-1
236	257	7907	6	2	4	-0.52	-1
236	258	7110	6	2	4	-0.52	-1
236	259	6471	6	3	3	0.00	1
236	260	5221	3	0	3	-0.78	-1
236	261	5107	3	0	3	-0.78	-1
236	262	3787	1	1	0	0.26	1
236	263	3366	1	0	1	-0.26	-1
236	264	2972	1	1	0	0.26	1
236	265	2383	1	0	1	-0.26	-1
237	238	17502	13	5	8	-0.78	-1
237	239	17246	13	9	4	1.30	1
237	240	12818	8	2	6	-1.04	-1
237	241	16767	12	8	4	1.04	1
237	242	16328	12	4	8	-1.04	-1
237	243	15811	12	3	9	-1.56	-1
237	244	15210	12	6	6	0.00	1
237	245	15129	12	7	5	0.52	1
237	246	14950	12	8	4	1.04	1
237	247	13996	11	5	6	-0.26	-1
237	248	13622	11	6	5	0.26	1
237	249	13045	10	4	6	-0.52	-1
237	250	12897	10	4	6	-0.52	-1
237	251	12842	10	4	6	-0.52	-1
237	252	12230	10	4	6	-0.52	-1
237	253	12218	10	2	8	-1.56	-1
237	254	11277	10	6	4	0.52	1
237	255	10505	9	6	3	0.78	1
237	256	10424	9	5	4	0.26	1
237	257	10036	9	3	6	-0.78	-1
237	258	9239	9	5	4	0.26	1
237	259	8600	9	6	3	0.78	1
237	260	7350	6	4	2	0.52	1
237	261	7236	6	4	2	0.52	1
237	262	5916	4	4	0	1.04	1
237	263	5495	4	2	2	0.00	1
237	264	5101	4	1	3	-0.52	-1
237	265	4512	4	3	1	0.52	1
237	266	3938	3	2	1	0.26	1
237	267	3897	3	1	2	-0.26	-1
237	268	3870	3	1	2	-0.26	-1
237	269	3867	3	1	2	-0.26	-1
237	270	3804	3	1	2	-0.26	-1
237	271	3543	3	1	2	-0.26	-1
237	272	3314	3	2	1	0.26	1
237	273	3107	3	2	1	0.26	1
237	274	2389	3	1	2	-0.26	-1
237	275	2123	3	3	0	0.78	1
237	276	1518	3	2	1	0.26	1
237	277	671	1	0	1	-0.26	-1
238	239	18342	16	9	7	0.52	1
238	240	12818	8	1	7	-1.56	-1
238	241	17443	14	7	7	0.00	1
238	242	17796	16	11	5	1.56	1
238	243	17279	16	8	8	0.00	1
238	244	15972	14	4	10	-1.56	-1
238	245	16597	16	11	5	1.56	1
238	246	16418	16	8	8	0.00	1
238	247	15464	15	7	8	-0.26	-1
238	248	15090	15	8	7	0.26	1
238	249	14513	14	6	8	-0.52	-1
238	250	14365	14	4	10	-1.56	-1
238	251	14310	14	5	9	-1.04	-1
238	252	13698	14	8	6	0.52	1
238	253	13686	14	8	6	0.52	1
238	254	12745	14	9	5	1.04	1
238	255	11973	13	10	3	1.82	1
238	256	11892	13	8	5	0.78	1
238	257	11504	13	5	8	-0.78	-1
238	258	10707	13	5	8	-0.78	-1
238	259	10068	13	4	9	-1.30	-1
238	260	8818	10	3	7	-1.04	-1
238	261	8704	10	8	2	1.56	1
238	262	7384	8	5	3	0.52	1
238	263	6963	8	5	3	0.52	1
238	264	6569	8	3	5	-0.52	-1
238	265	5980	8	4	4	0.00	1
238	266	5406	7	2	5	-0.78	-1
238	267	5365	7	4	3	0.26	1
238	268	5338	7	3	4	-0.26	-1
238	269	5335	7	2	5	-0.78	-1
238	270	5272	7	2	5	-0.78	-1
238	271	5011	7	2	5	-0.78	-1
238	272	4782	7	2	5	-0.78	-1
238	273	4575	7	4	3	0.26	1
238	274	3857	7	4	3	0.26	1
238	275	3591	7	2	5	-0.78	-1
238	276	2986	7	3	4	-0.26	-1
238	277	2139	5	2	3	-0.26	-1
238	278	1434	4	2	2	0.00	1
238	279	1288	4	0	4	-1.04	-1
238	280	443	1	0	1	-0.26	-1
239	240	12818	8	3	5	-0.52	-1
239	241	17443	14	7	7	0.00	1
239	242	17424	15	7	8	-0.26	-1
239	243	16907	15	8	7	0.26	1
239	244	15972	14	6	8	-0.52	-1
239	245	16225	15	9	6	0.78	1
239	246	16046	15	9	6	0.78	1
239	247	15092	14	4	10	-1.56	-1
239	248	14718	14	7	7	0.00	1
239	249	14141	13	5	8	-0.78	-1
239	250	13993	13	4	9	-1.30	-1
239	251	13938	13	6	7	-0.26	-1
239	252	13326	13	9	4	1.30	1
239	253	13314	13	6	7	-0.26	-1
239	254	12373	13	7	6	0.26	1
239	255	11601	12	8	4	1.04	1
239	256	11520	12	6	6	0.00	1
239	257	11132	12	6	6	0.00	1
239	258	10335	12	6	6	0.00	1
239	259	9696	12	9	3	1.56	1
239	260	8446	9	5	4	0.26	1
239	261	8332	9	7	2	1.30	1
239	262	7012	7	5	2	0.78	1
239	263	6591	7	3	4	-0.26	-1
239	264	6197	7	6	1	1.30	1
239	265	5608	7	3	4	-0.26	-1
239	266	5034	6	2	4	-0.52	-1
239	267	4993	6	2	4	-0.52	-1
239	268	4966	6	2	4	-0.52	-1
239	269	4963	6	2	4	-0.52	-1
239	270	4900	6	3	3	0.00	1
239	271	4639	6	4	2	0.52	1
239	272	4410	6	2	4	-0.52	-1
239	273	4203	6	2	4	-0.52	-1
239	274	3485	6	3	3	0.00	1
239	275	3219	6	4	2	0.52	1
239	276	2614	6	1	5	-1.04	-1
239	277	1767	4	3	1	0.52	1
239	278	1062	3	3	0	0.78	1
239	279	916	3	0	3	-0.78	-1
240	241	12525	8	4	4	0.00	1
240	242	12086	8	3	5	-0.52	-1
240	243	11569	8	4	4	0.00	1
240	244	10968	8	8	0	2.09	1
240	245	10887	8	4	4	0.00	1
240	246	10708	8	2	6	-1.04	-1
240	247	9754	7	5	2	0.78	1
240	248	9380	7	4	3	0.26	1
240	249	8803	6	5	1	1.04	1
240	250	8655	6	4	2	0.52	1
240	251	8600	6	5	1	1.04	1
240	252	7988	6	3	3	0.00	1
240	253	7976	6	5	1	1.04	1
240	254	7035	6	4	2	0.52	1
240	255	6263	5	2	3	-0.26	-1
240	256	6182	5	3	2	0.26	1
240	257	5794	5	3	2	0.26	1
240	258	4997	5	3	2	0.26	1
240	259	4358	5	2	3	-0.26	-1
240	260	3108	2	2	0	0.52	1
240	261	2994	2	2	0	0.52	1
241	242	17004	14	9	5	1.04	1
241	243	16487	14	6	8	-0.52	-1
241	244	15886	14	7	7	0.00	1
241	245	15805	14	11	3	2.09	1
241	246	15626	14	9	5	1.04	1
241	247	14672	13	8	5	0.78	1
241	248	14298	13	9	4	1.30	1
241	249	13721	12	6	6	0.00	1
241	250	13573	12	8	4	1.04	1
241	251	13518	12	8	4	1.04	1
241	252	12906	12	5	7	-0.52	-1
241	253	12894	12	7	5	0.52	1
241	254	11953	12	7	5	0.52	1
241	255	11181	11	4	7	-0.78	-1
241	256	11100	11	8	3	1.30	1
241	257	10712	11	5	6	-0.26	-1
241	258	9915	11	6	5	0.26	1
241	259	9276	11	5	6	-0.26	-1
241	260	8026	8	4	4	0.00	1
241	261	7912	8	6	2	1.04	1
241	262	6592	6	4	2	0.52	1
241	263	6171	6	3	3	0.00	1
241	264	5777	6	3	3	0.00	1
241	265	5188	6	3	3	0.00	1
241	266	4614	5	3	2	0.26	1
241	267	4573	5	3	2	0.26	1
241	268	4546	5	4	1	0.78	1
241	269	4543	5	1	4	-0.78	-1
241	270	4480	5	2	3	-0.26	-1
241	271	4219	5	3	2	0.26	1
241	272	3990	5	1	4	-0.78	-1
241	273	3783	5	3	2	0.26	1
241	274	3065	5	3	2	0.26	1
241	275	2799	5	5	0	1.30	1
241	276	2194	5	3	2	0.26	1
241	277	1347	3	3	0	0.78	1
241	278	642	2	0	2	-0.52	-1
241	279	496	2	1	1	0.00	1
242	243	17993	16	9	7	0.52	1
242	244	15972	14	9	5	1.04	1
242	245	19617	16	8	8	0.00	1
242	246	19438	16	11	5	1.56	1
242	247	18484	15	10	5	1.30	1
242	248	17622	15	9	6	0.78	1
242	249	17533	14	8	6	0.52	1
242	250	17385	14	6	8	-0.52	-1
242	251	17330	14	8	6	0.52	1
242	252	16718	14	10	4	1.56	1
242	253	16706	14	8	6	0.52	1
242	254	15765	14	9	5	1.04	1
242	255	14173	13	6	7	-0.26	-1
242	256	14912	13	7	6	0.26	1
242	257	13717	13	7	6	0.26	1
242	258	13727	13	6	7	-0.26	-1
242	259	13088	13	7	6	0.26	1
242	260	11838	10	6	4	0.52	1
242	261	11724	10	5	5	0.00	1
242	262	10404	8	5	3	0.52	1
242	263	9983	8	4	4	0.00	1
242	264	9589	8	4	4	0.00	1
242	265	9000	8	3	5	-0.52	-1
242	266	8426	7	4	3	0.26	1
242	267	8385	7	5	2	0.78	1
242	268	8358	7	4	3	0.26	1
242	269	8355	7	5	2	0.78	1
242	270	8292	7	4	3	0.26	1
242	271	8031	7	5	2	0.78	1
242	272	7802	7	4	3	0.26	1
242	273	7595	7	3	4	-0.26	-1
242	274	6877	7	1	6	-1.30	-1
242	275	6611	7	3	4	-0.26	-1
242	276	6006	7	4	3	0.26	1
242	277	5159	5	3	2	0.26	1
242	278	4454	4	1	3	-0.52	-1
242	279	4308	4	1	3	-0.52	-1
242	280	3463	1	0	1	-0.26	-1
243	244	15972	14	10	4	1.56	1
243	245	17311	16	6	10	-1.04	-1
243	246	17132	16	12	4	2.09	1
243	247	16178	15	11	4	1.82	1
243	248	15804	15	9	6	0.78	1
243	249	15227	14	9	5	1.04	1
243	250	15079	14	7	7	0.00	1
243	251	15024	14	7	7	0.00	1
243	252	14412	14	7	7	0.00	1
243	253	14400	14	6	8	-0.52	-1
243	254	13459	14	8	6	0.52	1
243	255	12687	13	5	8	-0.78	-1
243	256	12606	13	8	5	0.78	1
243	257	12218	13	5	8	-0.78	-1
243	258	11421	13	8	5	0.78	1
243	259	10782	13	5	8	-0.78	-1
243	260	9532	10	0	10	-2.61	-1
243	261	9418	10	4	6	-0.52	-1
243	262	8098	8	6	2	1.04	1
243	263	7677	8	2	6	-1.04	-1
243	264	7283	8	2	6	-1.04	-1
243	265	6694	8	3	5	-0.52	-1
243	266	6120	7	5	2	0.78	1
243	267	6079	7	3	4	-0.26	-1
243	268	6052	7	2	5	-0.78	-1
243	269	6049	7	6	1	1.30	1
243	270	5986	7	3	4	-0.26	-1
243	271	5725	7	3	4	-0.26	-1
243	272	5496	7	5	2	0.78	1
243	273	5289	7	4	3	0.26	1
243	274	4571	7	2	5	-0.78	-1
243	275	4305	7	4	3	0.26	1
243	276	3700	7	2	5	-0.78	-1
243	277	2853	5	4	1	0.78	1
243	278	2148	4	1	3	-0.52	-1
243	279	2002	4	0	4	-1.04	-1
243	280	1157	1	0	1	-0.26	-1
244	245	15891	14	4	10	-1.56	-1
244	246	15712	14	6	8	-0.52	-1
244	247	14758	13	8	5	0.78	1
244	248	14384	13	8	5	0.78	1
244	249	13807	12	6	6	0.00	1
244	250	13659	12	8	4	1.04	1
244	251	13604	12	10	2	2.09	1
244	252	12992	12	6	6	0.00	1
244	253	12980	12	9	3	1.56	1
244	254	12039	12	7	5	0.52	1
244	255	11267	11	4	7	-0.78	-1
244	256	11186	11	4	7	-0.78	-1
244	257	10798	11	5	6	-0.26	-1
244	258	10001	11	4	7	-0.78	-1
244	259	9362	11	3	8	-1.30	-1
244	260	8112	8	6	2	1.04	1
244	261	7998	8	6	2	1.04	1
244	262	6678	6	1	5	-1.04	-1
244	263	6257	6	4	2	0.52	1
244	264	5863	6	4	2	0.52	1
244	265	5274	6	3	3	0.00	1
244	266	4700	5	4	1	0.78	1
244	267	4659	5	1	4	-0.78	-1
244	268	4632	5	4	1	0.78	1
244	269	4629	5	3	2	0.26	1
244	270	4566	5	1	4	-0.78	-1
244	271	4305	5	4	1	0.78	1
244	272	4076	5	5	0	1.30	1
244	273	3869	5	4	1	0.78	1
244	274	3151	5	4	1	0.78	1
244	275	2885	5	1	4	-0.78	-1
244	276	2280	5	3	2	0.26	1
244	277	1433	3	3	0	0.78	1
244	278	728	2	0	2	-0.52	-1
244	279	582	2	0	2	-0.52	-1
245	246	20324	17	9	8	0.26	1
245	247	19176	15	6	9	-0.78	-1
245	248	17622	15	6	9	-0.78	-1
245	249	18419	15	8	7	0.26	1
245	250	18271	15	8	7	0.26	1
245	251	18216	15	6	9	-0.78	-1
245	252	17604	15	7	8	-0.26	-1
245	253	16780	14	5	9	-1.04	-1
245	254	16651	15	6	9	-0.78	-1
245	255	14173	13	8	5	0.78	1
245	256	15798	14	9	5	1.04	1
245	257	13717	13	6	7	-0.26	-1
245	258	14613	14	9	5	1.04	1
245	259	13974	14	6	8	-0.52	-1
245	260	12724	11	5	6	-0.26	-1
245	261	12610	11	8	3	1.30	1
245	262	11290	9	7	2	1.30	1
245	263	10869	9	5	4	0.26	1
245	264	10475	9	6	3	0.78	1
245	265	9886	9	5	4	0.26	1
245	266	9312	8	4	4	0.00	1
245	267	9271	8	7	1	1.56	1
245	268	9244	8	5	3	0.52	1
245	269	9241	8	4	4	0.00	1
245	270	9178	8	6	2	1.04	1
245	271	8917	8	2	6	-1.04	-1
245	272	8688	8	1	7	-1.56	-1
245	273	8481	8	2	6	-1.04	-1
245	274	7763	8	3	5	-0.52	-1
245	275	7497	8	5	3	0.52	1
245	276	6892	8	4	4	0.00	1
245	277	6045	6	2	4	-0.52	-1
245	278	5340	5	3	2	0.26	1
245	279	5194	5	1	4	-0.78	-1
245	280	4349	2	1	1	0.00	1
245	281	3991	1	1	0	0.26	1
245	282	3935	1	0	1	-0.26	-1
245	283	3117	1	1	0	0.26	1
245	284	2920	1	1	0	0.26	1
245	285	2839	1	0	1	-0.26	-1
245	286	2288	1	1	0	0.26	1
245	287	1833	1	1	0	0.26	1
245	288	1398	1	1	0	0.26	1
245	289	1100	1	0	1	-0.26	-1
245	290	501	1	1	0	0.26	1
245	291	270	1	1	0	0.26	1
246	247	19176	15	8	7	0.26	1
246	248	17622	15	9	6	0.78	1
246	249	22359	19	8	11	-0.78	-1
246	250	18675	16	6	10	-1.04	-1
246	251	22156	19	5	14	-2.35	-1
246	252	21135	18	6	12	-1.56	-1
246	253	16780	14	7	7	0.00	1
246	254	20591	19	9	10	-0.26	-1
246	255	14173	13	6	7	-0.26	-1
246	256	16769	15	8	7	0.26	1
246	257	13717	13	8	5	0.78	1
246	258	15053	15	6	9	-0.78	-1
246	259	15479	16	9	7	0.52	1
246	260	16664	15	5	10	-1.30	-1
246	261	16550	15	10	5	1.30	1
246	262	15230	13	5	8	-0.78	-1
246	263	14809	13	5	8	-0.78	-1
246	264	14415	13	7	6	0.26	1
246	265	13826	13	8	5	0.78	1
246	266	13252	12	3	9	-1.56	-1
246	267	13211	12	6	6	0.00	1
246	268	13184	12	5	7	-0.52	-1
246	269	13181	12	5	7	-0.52	-1
246	270	13118	12	5	7	-0.52	-1
246	271	12857	12	5	7	-0.52	-1
246	272	12628	12	6	6	0.00	1
246	273	12421	12	6	6	0.00	1
246	274	11703	12	7	5	0.52	1
246	275	11437	12	7	5	0.52	1
246	276	10832	12	3	9	-1.56	-1
246	277	9985	10	5	5	0.00	1
246	278	9280	9	4	5	-0.26	-1
246	279	9134	9	3	6	-0.78	-1
246	280	8289	6	3	3	0.00	1
246	281	7931	5	4	1	0.78	1
246	282	7875	5	1	4	-0.78	-1
246	283	7057	5	1	4	-0.78	-1
246	284	6860	5	4	1	0.78	1
246	285	6779	5	3	2	0.26	1
246	286	6228	5	1	4	-0.78	-1
246	287	5773	5	2	3	-0.26	-1
246	288	5338	5	3	2	0.26	1
246	289	5040	5	4	1	0.78	1
246	290	4441	5	4	1	0.78	1
246	291	4210	5	1	4	-0.78	-1
246	292	2530	2	0	2	-0.52	-1
246	293	2429	2	1	1	0.00	1
246	294	811	1	1	0	0.26	1
246	295	731	1	0	1	-0.26	-1
247	248	17622	15	10	5	1.30	1
247	249	18225	14	6	8	-0.52	-1
247	250	18077	14	6	8	-0.52	-1
247	251	18022	14	9	5	1.04	1
247	252	17410	14	7	7	0.00	1
247	253	16780	14	12	2	2.61	1
247	254	16457	14	7	7	0.00	1
247	255	14173	13	7	6	0.26	1
247	256	15604	13	9	4	1.30	1
247	257	13717	13	7	6	0.26	1
247	258	14419	13	6	7	-0.26	-1
247	259	13780	13	4	9	-1.30	-1
247	260	12530	10	6	4	0.52	1
247	261	12416	10	6	4	0.52	1
247	262	11096	8	2	6	-1.04	-1
247	263	10675	8	3	5	-0.52	-1
247	264	10281	8	4	4	0.00	1
247	265	9692	8	4	4	0.00	1
247	266	9118	7	2	5	-0.78	-1
247	267	9077	7	4	3	0.26	1
247	268	9050	7	5	2	0.78	1
247	269	9047	7	3	4	-0.26	-1
247	270	8984	7	6	1	1.30	1
247	271	8723	7	5	2	0.78	1
247	272	8494	7	4	3	0.26	1
247	273	8287	7	3	4	-0.26	-1
247	274	7569	7	2	5	-0.78	-1
247	275	7303	7	1	6	-1.30	-1
247	276	6698	7	2	5	-0.78	-1
247	277	5851	5	2	3	-0.26	-1
247	278	5146	4	1	3	-0.52	-1
247	279	5000	4	3	1	0.52	1
247	280	4155	1	0	1	-0.26	-1
248	249	17045	14	11	3	2.09	1
248	250	16897	14	12	2	2.61	1
248	251	16842	14	8	6	0.52	1
248	252	16230	14	5	9	-1.04	-1
248	253	16218	14	8	6	0.52	1
248	254	15277	14	6	8	-0.52	-1
248	255	14173	13	3	10	-1.82	-1
248	256	14424	13	8	5	0.78	1
248	257	13717	13	8	5	0.78	1
248	258	13239	13	9	4	1.30	1
248	259	12600	13	4	9	-1.30	-1
248	260	11350	10	5	5	0.00	1
248	261	11236	10	4	6	-0.52	-1
248	262	9916	8	4	4	0.00	1
248	263	9495	8	4	4	0.00	1
248	264	9101	8	6	2	1.04	1
248	265	8512	8	3	5	-0.52	-1
248	266	7938	7	6	1	1.30	1
248	267	7897	7	2	5	-0.78	-1
248	268	7870	7	3	4	-0.26	-1
248	269	7867	7	2	5	-0.78	-1
248	270	7804	7	2	5	-0.78	-1
248	271	7543	7	4	3	0.26	1
248	272	7314	7	5	2	0.78	1
248	273	7107	7	4	3	0.26	1
248	274	6389	7	3	4	-0.26	-1
248	275	6123	7	5	2	0.78	1
248	276	5518	7	3	4	-0.26	-1
248	277	4671	5	3	2	0.26	1
248	278	3966	4	3	1	0.52	1
248	279	3820	4	2	2	0.00	1
248	280	2975	1	1	0	0.26	1
249	250	18675	16	9	7	0.52	1
249	251	26264	19	8	11	-0.78	-1
249	252	21135	18	8	10	-0.52	-1
249	253	16780	14	9	5	1.04	1
249	254	26707	20	11	9	0.52	1
249	255	14173	13	6	7	-0.26	-1
249	256	16769	15	7	8	-0.26	-1
249	257	13717	13	4	9	-1.30	-1
249	258	15053	15	11	4	1.82	1
249	259	15479	16	6	10	-1.04	-1
249	260	18642	15	6	9	-0.78	-1
249	261	22334	16	4	12	-2.09	-1
249	262	24771	16	8	8	0.00	1
249	263	20944	14	8	6	0.52	1
249	264	23808	16	7	9	-0.52	-1
249	265	20666	14	6	8	-0.52	-1
249	266	15189	12	6	6	0.00	1
249	267	16553	12	4	8	-1.04	-1
249	268	15663	12	6	6	0.00	1
249	269	16115	12	8	4	1.04	1
249	270	14489	12	6	6	0.00	1
249	271	17651	13	6	7	-0.26	-1
249	272	15199	12	5	7	-0.52	-1
249	273	21698	15	10	5	1.30	1
249	274	21253	15	7	8	-0.26	-1
249	275	14395	12	9	3	1.56	1
249	276	12929	12	7	5	0.52	1
249	277	15084	11	4	7	-0.78	-1
249	278	18830	12	6	6	0.00	1
249	279	18684	12	6	6	0.00	1
249	280	17839	9	5	4	0.26	1
249	281	17481	8	2	6	-1.04	-1
249	282	10587	5	1	4	-0.78	-1
249	283	16607	8	4	4	0.00	1
249	284	16410	8	3	5	-0.52	-1
249	285	16329	8	2	6	-1.04	-1
249	286	13455	6	2	4	-0.52	-1
249	287	13649	6	1	5	-1.04	-1
249	288	14888	8	3	5	-0.52	-1
249	289	14590	8	6	2	1.04	1
249	290	12734	6	4	2	0.52	1
249	291	13760	8	5	3	0.52	1
249	292	12080	5	3	2	0.26	1
249	293	11979	5	2	3	-0.26	-1
249	294	10361	4	1	3	-0.52	-1
249	295	10281	4	2	2	0.00	1
249	296	9500	3	2	1	0.26	1
249	297	6568	3	1	2	-0.26	-1
249	298	5252	3	1	2	-0.26	-1
249	299	4548	2	1	1	0.00	1
249	300	4426	2	0	2	-0.52	-1
249	301	4391	2	1	1	0.00	1
249	302	4387	2	1	1	0.00	1
249	303	3228	2	0	2	-0.52	-1
249	304	2563	2	0	2	-0.52	-1
249	305	2087	2	2	0	0.52	1
249	306	1874	2	0	2	-0.52	-1
249	307	1527	2	2	0	0.52	1
249	308	1111	2	1	1	0.00	1
249	309	678	1	0	1	-0.26	-1
250	251	18620	16	13	3	2.61	1
250	252	18008	16	9	7	0.52	1
250	253	16780	14	11	3	2.09	1
250	254	17055	16	8	8	0.00	1
250	255	14173	13	4	9	-1.30	-1
250	256	16202	15	9	6	0.78	1
250	257	13717	13	4	9	-1.30	-1
250	258	15017	15	8	7	0.26	1
250	259	14378	15	4	11	-1.82	-1
250	260	13128	12	3	9	-1.56	-1
250	261	13014	12	3	9	-1.56	-1
250	262	11694	10	4	6	-0.52	-1
250	263	11273	10	6	4	0.52	1
250	264	10879	10	3	7	-1.04	-1
250	265	10290	10	4	6	-0.52	-1
250	266	9716	9	4	5	-0.26	-1
250	267	9675	9	5	4	0.26	1
250	268	9648	9	4	5	-0.26	-1
250	269	9645	9	4	5	-0.26	-1
250	270	9582	9	4	5	-0.26	-1
250	271	9321	9	5	4	0.26	1
250	272	9092	9	5	4	0.26	1
250	273	8885	9	4	5	-0.26	-1
250	274	8167	9	4	5	-0.26	-1
250	275	7901	9	4	5	-0.26	-1
250	276	7296	9	4	5	-0.26	-1
250	277	6449	7	2	5	-0.78	-1
250	278	5744	6	2	4	-0.52	-1
250	279	5598	6	2	4	-0.52	-1
250	280	4753	3	3	0	0.78	1
250	281	4395	2	2	0	0.52	1
250	282	4339	2	2	0	0.52	1
250	283	3521	2	1	1	0.00	1
250	284	3324	2	0	2	-0.52	-1
250	285	3243	2	0	2	-0.52	-1
250	286	2692	2	1	1	0.00	1
250	287	2237	2	0	2	-0.52	-1
250	288	1802	2	1	1	0.00	1
250	289	1504	2	1	1	0.00	1
250	290	905	2	2	0	0.52	1
250	291	674	2	0	2	-0.52	-1
251	252	21135	18	10	8	0.52	1
251	253	16780	14	9	5	1.04	1
251	254	24699	19	8	11	-0.78	-1
251	255	14173	13	3	10	-1.82	-1
251	256	16769	15	7	8	-0.26	-1
251	257	13717	13	5	8	-0.78	-1
251	258	15053	15	9	6	0.78	1
251	259	15479	16	9	7	0.52	1
251	260	18642	15	10	5	1.30	1
251	261	20658	15	2	13	-2.87	-1
251	262	19338	13	4	9	-1.30	-1
251	263	18917	13	8	5	0.78	1
251	264	18523	13	7	6	0.26	1
251	265	17934	13	4	9	-1.30	-1
251	266	15189	12	8	4	1.04	1
251	267	16553	12	6	6	0.00	1
251	268	15663	12	6	6	0.00	1
251	269	16115	12	7	5	0.52	1
251	270	14489	12	7	5	0.52	1
251	271	16965	12	10	2	2.09	1
251	272	15199	12	6	6	0.00	1
251	273	16529	12	7	5	0.52	1
251	274	15811	12	3	9	-1.56	-1
251	275	14395	12	4	8	-1.04	-1
251	276	12929	12	5	7	-0.52	-1
251	277	14093	10	3	7	-1.04	-1
251	278	13388	9	1	8	-1.82	-1
251	279	13242	9	7	2	1.30	1
251	280	12397	6	2	4	-0.52	-1
251	281	12039	5	1	4	-0.78	-1
251	282	10587	5	3	2	0.26	1
251	283	11165	5	4	1	0.78	1
251	284	10968	5	3	2	0.26	1
251	285	10887	5	3	2	0.26	1
251	286	10336	5	5	0	1.30	1
251	287	9881	5	5	0	1.30	1
251	288	9446	5	2	3	-0.26	-1
251	289	9148	5	1	4	-0.78	-1
251	290	8549	5	3	2	0.26	1
251	291	8318	5	5	0	1.30	1
251	292	6638	2	0	2	-0.52	-1
251	293	6537	2	0	2	-0.52	-1
251	294	4919	1	0	1	-0.26	-1
251	295	4839	1	0	1	-0.26	-1
252	253	16780	14	6	8	-0.52	-1
252	254	20182	18	7	11	-1.04	-1
252	255	14173	13	2	11	-2.35	-1
252	256	16769	15	8	7	0.26	1
252	257	13717	13	8	5	0.78	1
252	258	15053	15	8	7	0.26	1
252	259	15479	16	6	10	-1.04	-1
252	260	16255	14	10	4	1.56	1
252	261	16141	14	5	9	-1.04	-1
252	262	14821	12	5	7	-0.52	-1
252	263	14400	12	7	5	0.52	1
252	264	14006	12	3	9	-1.56	-1
252	265	13417	12	3	9	-1.56	-1
252	266	12843	11	6	5	0.26	1
252	267	12802	11	7	4	0.78	1
252	268	12775	11	7	4	0.78	1
252	269	12772	11	7	4	0.78	1
252	270	12709	11	4	7	-0.78	-1
252	271	12448	11	6	5	0.26	1
252	272	12219	11	6	5	0.26	1
252	273	12012	11	8	3	1.30	1
252	274	11294	11	6	5	0.26	1
252	275	11028	11	6	5	0.26	1
252	276	10423	11	5	6	-0.26	-1
252	277	9576	9	3	6	-0.78	-1
252	278	8871	8	4	4	0.00	1
252	279	8725	8	5	3	0.52	1
252	280	7880	5	2	3	-0.26	-1
252	281	7522	4	0	4	-1.04	-1
252	282	7466	4	1	3	-0.52	-1
252	283	6648	4	4	0	1.04	1
252	284	6451	4	2	2	0.00	1
252	285	6370	4	1	3	-0.52	-1
252	286	5819	4	3	1	0.52	1
252	287	5364	4	1	3	-0.52	-1
252	288	4929	4	2	2	0.00	1
252	289	4631	4	1	3	-0.52	-1
252	290	4032	4	3	1	0.52	1
252	291	3801	4	2	2	0.00	1
252	292	2121	1	0	1	-0.26	-1
252	293	2020	1	0	1	-0.26	-1
253	254	15839	14	6	8	-0.52	-1
253	255	14173	13	6	7	-0.26	-1
253	256	14986	13	7	6	0.26	1
253	257	13717	13	7	6	0.26	1
253	258	13801	13	3	10	-1.82	-1
253	259	13162	13	4	9	-1.30	-1
253	260	11912	10	8	2	1.56	1
253	261	11798	10	5	5	0.00	1
253	262	10478	8	4	4	0.00	1
253	263	10057	8	5	3	0.52	1
253	264	9663	8	3	5	-0.52	-1
253	265	9074	8	4	4	0.00	1
253	266	8500	7	4	3	0.26	1
253	267	8459	7	1	6	-1.30	-1
253	268	8432	7	3	4	-0.26	-1
253	269	8429	7	4	3	0.26	1
253	270	8366	7	4	3	0.26	1
253	271	8105	7	7	0	1.82	1
253	272	7876	7	6	1	1.30	1
253	273	7669	7	3	4	-0.26	-1
253	274	6951	7	3	4	-0.26	-1
253	275	6685	7	2	5	-0.78	-1
253	276	6080	7	4	3	0.26	1
253	277	5233	5	2	3	-0.26	-1
253	278	4528	4	2	2	0.00	1
253	279	4382	4	2	2	0.00	1
253	280	3537	1	1	0	0.26	1
254	255	14173	13	8	5	0.78	1
254	256	16769	15	9	6	0.78	1
254	257	13717	13	6	7	-0.26	-1
254	258	15053	15	9	6	0.78	1
254	259	15479	16	9	7	0.52	1
254	260	18642	15	7	8	-0.26	-1
254	261	22334	16	10	6	1.04	1
254	262	21346	14	6	8	-0.52	-1
254	263	20925	14	7	7	0.00	1
254	264	20531	14	5	9	-1.04	-1
254	265	19942	14	7	7	0.00	1
254	266	15189	12	6	6	0.00	1
254	267	16553	12	9	3	1.56	1
254	268	15663	12	2	10	-2.09	-1
254	269	16115	12	6	6	0.00	1
254	270	14489	12	11	1	2.61	1
254	271	17651	13	5	8	-0.78	-1
254	272	15199	12	3	9	-1.56	-1
254	273	18537	13	4	9	-1.30	-1
254	274	17819	13	12	1	2.87	1
254	275	14395	12	8	4	1.04	1
254	276	12929	12	5	7	-0.52	-1
254	277	15084	11	6	5	0.26	1
254	278	15396	10	6	4	0.52	1
254	279	15250	10	5	5	0.00	1
254	280	14405	7	4	3	0.26	1
254	281	14047	6	2	4	-0.52	-1
254	282	10587	5	2	3	-0.26	-1
254	283	13173	6	0	6	-1.56	-1
254	284	12976	6	3	3	0.00	1
254	285	12895	6	5	1	1.04	1
254	286	12344	6	4	2	0.52	1
254	287	11889	6	1	5	-1.04	-1
254	288	11454	6	2	4	-0.52	-1
254	289	11156	6	4	2	0.52	1
254	290	10557	6	3	3	0.00	1
254	291	10326	6	6	0	1.56	1
254	292	8646	3	3	0	0.78	1
254	293	8545	3	2	1	0.26	1
254	294	6927	2	1	1	0.00	1
254	295	6847	2	2	0	0.52	1
254	296	6066	1	1	0	0.26	1
254	297	3134	1	0	1	-0.26	-1
254	298	1818	1	0	1	-0.26	-1
255	256	14092	13	7	6	0.26	1
255	257	13704	13	9	4	1.30	1
255	258	12907	13	10	3	1.82	1
255	259	12268	13	4	9	-1.30	-1
255	260	11018	10	6	4	0.52	1
255	261	10904	10	5	5	0.00	1
255	262	9584	8	6	2	1.04	1
255	263	9163	8	3	5	-0.52	-1
255	264	8769	8	5	3	0.52	1
255	265	8180	8	6	2	1.04	1
255	266	7606	7	6	1	1.30	1
255	267	7565	7	5	2	0.78	1
255	268	7538	7	3	4	-0.26	-1
255	269	7535	7	4	3	0.26	1
255	270	7472	7	4	3	0.26	1
255	271	7211	7	3	4	-0.26	-1
255	272	6982	7	4	3	0.26	1
255	273	6775	7	2	5	-0.78	-1
255	274	6057	7	4	3	0.26	1
255	275	5791	7	4	3	0.26	1
255	276	5186	7	3	4	-0.26	-1
255	277	4339	5	2	3	-0.26	-1
255	278	3634	4	2	2	0.00	1
255	279	3488	4	0	4	-1.04	-1
255	280	2643	1	1	0	0.26	1
256	257	13717	13	8	5	0.78	1
256	258	15053	15	5	10	-1.30	-1
256	259	14945	15	11	4	1.82	1
256	260	13695	12	4	8	-1.04	-1
256	261	13581	12	8	4	1.04	1
256	262	12261	10	6	4	0.52	1
256	263	11840	10	6	4	0.52	1
256	264	11446	10	6	4	0.52	1
256	265	10857	10	8	2	1.56	1
256	266	10283	9	1	8	-1.82	-1
256	267	10242	9	6	3	0.78	1
256	268	10215	9	4	5	-0.26	-1
256	269	10212	9	5	4	0.26	1
256	270	10149	9	6	3	0.78	1
256	271	9888	9	3	6	-0.78	-1
256	272	9659	9	2	7	-1.30	-1
256	273	9452	9	5	4	0.26	1
256	274	8734	9	5	4	0.26	1
256	275	8468	9	7	2	1.30	1
256	276	7863	9	7	2	1.30	1
256	277	7016	7	6	1	1.30	1
256	278	6311	6	3	3	0.00	1
256	279	6165	6	3	3	0.00	1
256	280	5320	3	2	1	0.26	1
256	281	4962	2	0	2	-0.52	-1
256	282	4906	2	1	1	0.00	1
256	283	4088	2	0	2	-0.52	-1
256	284	3891	2	1	1	0.00	1
256	285	3810	2	1	1	0.00	1
256	286	3259	2	0	2	-0.52	-1
256	287	2804	2	1	1	0.00	1
256	288	2369	2	2	0	0.52	1
256	289	2071	2	1	1	0.00	1
256	290	1472	2	1	1	0.00	1
256	291	1241	2	1	1	0.00	1
257	258	12920	13	6	7	-0.26	-1
257	259	12281	13	7	6	0.26	1
257	260	11031	10	4	6	-0.52	-1
257	261	10917	10	5	5	0.00	1
257	262	9597	8	7	1	1.56	1
257	263	9176	8	3	5	-0.52	-1
257	264	8782	8	5	3	0.52	1
257	265	8193	8	4	4	0.00	1
257	266	7619	7	0	7	-1.82	-1
257	267	7578	7	4	3	0.26	1
257	268	7551	7	5	2	0.78	1
257	269	7548	7	1	6	-1.30	-1
257	270	7485	7	3	4	-0.26	-1
257	271	7224	7	5	2	0.78	1
257	272	6995	7	4	3	0.26	1
257	273	6788	7	4	3	0.26	1
257	274	6070	7	2	5	-0.78	-1
257	275	5804	7	1	6	-1.30	-1
257	276	5199	7	3	4	-0.26	-1
257	277	4352	5	3	2	0.26	1
257	278	3647	4	2	2	0.00	1
257	279	3501	4	2	2	0.00	1
257	280	2656	1	1	0	0.26	1
258	259	14414	15	8	7	0.26	1
258	260	13164	12	6	6	0.00	1
258	261	13050	12	3	9	-1.56	-1
258	262	11730	10	6	4	0.52	1
258	263	11309	10	6	4	0.52	1
258	264	10915	10	4	6	-0.52	-1
258	265	10326	10	6	4	0.52	1
258	266	9752	9	7	2	1.30	1
258	267	9711	9	4	5	-0.26	-1
258	268	9684	9	2	7	-1.30	-1
258	269	9681	9	6	3	0.78	1
258	270	9618	9	3	6	-0.78	-1
258	271	9357	9	8	1	1.82	1
258	272	9128	9	7	2	1.30	1
258	273	8921	9	4	5	-0.26	-1
258	274	8203	9	3	6	-0.78	-1
258	275	7937	9	2	7	-1.30	-1
258	276	7332	9	5	4	0.26	1
258	277	6485	7	3	4	-0.26	-1
258	278	5780	6	1	5	-1.04	-1
258	279	5634	6	2	4	-0.52	-1
258	280	4789	3	2	1	0.26	1
258	281	4431	2	1	1	0.00	1
258	282	4375	2	1	1	0.00	1
258	283	3557	2	1	1	0.00	1
258	284	3360	2	0	2	-0.52	-1
258	285	3279	2	1	1	0.00	1
258	286	2728	2	0	2	-0.52	-1
258	287	2273	2	2	0	0.52	1
258	288	1838	2	1	1	0.00	1
258	289	1540	2	0	2	-0.52	-1
258	290	941	2	0	2	-0.52	-1
258	291	710	2	1	1	0.00	1
259	260	14229	13	6	7	-0.26	-1
259	261	14115	13	7	6	0.26	1
259	262	12795	11	8	3	1.30	1
259	263	12374	11	5	6	-0.26	-1
259	264	11980	11	6	5	0.26	1
259	265	11391	11	7	4	0.78	1
259	266	10817	10	4	6	-0.52	-1
259	267	10776	10	4	6	-0.52	-1
259	268	10749	10	6	4	0.52	1
259	269	10746	10	4	6	-0.52	-1
259	270	10683	10	4	6	-0.52	-1
259	271	10422	10	7	3	1.04	1
259	272	10193	10	3	7	-1.04	-1
259	273	9986	10	3	7	-1.04	-1
259	274	9268	10	6	4	0.52	1
259	275	9002	10	5	5	0.00	1
259	276	8397	10	6	4	0.52	1
259	277	7550	8	5	3	0.52	1
259	278	6845	7	3	4	-0.26	-1
259	279	6699	7	3	4	-0.26	-1
259	280	5854	4	3	1	0.52	1
259	281	5496	3	1	2	-0.26	-1
259	282	5440	3	0	3	-0.78	-1
259	283	4622	3	2	1	0.26	1
259	284	4425	3	0	3	-0.78	-1
259	285	4344	3	2	1	0.26	1
259	286	3793	3	2	1	0.26	1
259	287	3338	3	1	2	-0.26	-1
259	288	2903	3	0	3	-0.78	-1
259	289	2605	3	3	0	0.78	1
259	290	2006	3	1	2	-0.26	-1
259	291	1775	3	1	2	-0.26	-1
260	261	18528	15	2	13	-2.87	-1
260	262	17208	13	5	8	-0.78	-1
260	263	16787	13	9	4	1.30	1
260	264	16393	13	6	7	-0.26	-1
260	265	15804	13	6	7	-0.26	-1
260	266	15189	12	5	7	-0.52	-1
260	267	15189	12	4	8	-1.04	-1
260	268	15162	12	8	4	1.04	1
260	269	15159	12	5	7	-0.52	-1
260	270	14489	12	7	5	0.52	1
260	271	14835	12	5	7	-0.52	-1
260	272	14606	12	6	6	0.00	1
260	273	14399	12	5	7	-0.52	-1
260	274	13681	12	7	5	0.52	1
260	275	13415	12	4	8	-1.04	-1
260	276	12810	12	7	5	0.52	1
260	277	11963	10	3	7	-1.04	-1
260	278	11258	9	5	4	0.26	1
260	279	11112	9	6	3	0.78	1
260	280	10267	6	3	3	0.00	1
260	281	9909	5	3	2	0.26	1
260	282	9853	5	1	4	-0.78	-1
260	283	9035	5	3	2	0.26	1
260	284	8838	5	3	2	0.26	1
260	285	8757	5	2	3	-0.26	-1
260	286	8206	5	4	1	0.78	1
260	287	7751	5	4	1	0.78	1
260	288	7316	5	3	2	0.26	1
260	289	7018	5	2	3	-0.26	-1
260	290	6419	5	3	2	0.26	1
260	291	6188	5	3	2	0.26	1
260	292	4508	2	0	2	-0.52	-1
260	293	4407	2	0	2	-0.52	-1
260	294	2789	1	0	1	-0.26	-1
260	295	2709	1	0	1	-0.26	-1
261	262	21014	14	8	6	0.52	1
261	263	20593	14	11	3	2.09	1
261	264	20199	14	7	7	0.00	1
261	265	19610	14	9	5	1.04	1
261	266	15189	12	6	6	0.00	1
261	267	16553	12	4	8	-1.04	-1
261	268	15663	12	6	6	0.00	1
261	269	16115	12	6	6	0.00	1
261	270	14489	12	3	9	-1.56	-1
261	271	17651	13	4	9	-1.30	-1
261	272	15199	12	5	7	-0.52	-1
261	273	18205	13	6	7	-0.26	-1
261	274	17487	13	7	6	0.26	1
261	275	14395	12	8	4	1.04	1
261	276	12929	12	5	7	-0.52	-1
261	277	15084	11	5	6	-0.26	-1
261	278	15064	10	4	6	-0.52	-1
261	279	14918	10	6	4	0.52	1
261	280	14073	7	1	6	-1.30	-1
261	281	13715	6	0	6	-1.56	-1
261	282	10587	5	1	4	-0.78	-1
261	283	12841	6	3	3	0.00	1
261	284	12644	6	3	3	0.00	1
261	285	12563	6	3	3	0.00	1
261	286	12012	6	5	1	1.04	1
261	287	11557	6	3	3	0.00	1
261	288	11122	6	5	1	1.04	1
261	289	10824	6	3	3	0.00	1
261	290	10225	6	2	4	-0.52	-1
261	291	9994	6	1	5	-1.04	-1
261	292	8314	3	1	2	-0.26	-1
261	293	8213	3	2	1	0.26	1
261	294	6595	2	2	0	0.52	1
261	295	6515	2	2	0	0.52	1
261	296	5734	1	1	0	0.26	1
261	297	2802	1	1	0	0.26	1
261	298	1486	1	0	1	-0.26	-1
262	263	20944	14	7	7	0.00	1
262	264	23808	16	4	12	-2.09	-1
262	265	20666	14	10	4	1.56	1
262	266	15189	12	3	9	-1.56	-1
262	267	16553	12	7	5	0.52	1
262	268	15663	12	5	7	-0.52	-1
262	269	16115	12	6	6	0.00	1
262	270	14489	12	9	3	1.56	1
262	271	17651	13	3	10	-1.82	-1
262	272	15199	12	5	7	-0.52	-1
262	273	21698	15	8	7	0.26	1
262	274	21244	15	9	6	0.78	1
262	275	14395	12	7	5	0.52	1
262	276	12929	12	5	7	-0.52	-1
262	277	15084	11	7	4	0.78	1
262	278	18821	12	6	6	0.00	1
262	279	18675	12	4	8	-1.04	-1
262	280	17830	9	2	7	-1.30	-1
262	281	17472	8	4	4	0.00	1
262	282	10587	5	3	2	0.26	1
262	283	16598	8	5	3	0.52	1
262	284	16401	8	6	2	1.04	1
262	285	16320	8	5	3	0.52	1
262	286	13455	6	3	3	0.00	1
262	287	13649	6	5	1	1.04	1
262	288	14879	8	3	5	-0.52	-1
262	289	14581	8	5	3	0.52	1
262	290	12734	6	4	2	0.52	1
262	291	13751	8	3	5	-0.52	-1
262	292	12071	5	0	5	-1.30	-1
262	293	11970	5	3	2	0.26	1
262	294	10352	4	2	2	0.00	1
262	295	10272	4	3	1	0.52	1
262	296	9491	3	1	2	-0.26	-1
262	297	6559	3	2	1	0.26	1
262	298	5243	3	3	0	0.78	1
262	299	4539	2	0	2	-0.52	-1
262	300	4417	2	1	1	0.00	1
262	301	4382	2	2	0	0.52	1
262	302	4378	2	1	1	0.00	1
262	303	3219	2	1	1	0.00	1
262	304	2554	2	2	0	0.52	1
262	305	2078	2	1	1	0.00	1
262	306	1865	2	2	0	0.52	1
262	307	1518	2	1	1	0.00	1
262	308	1102	2	0	2	-0.52	-1
262	309	669	1	0	1	-0.26	-1
263	264	20550	14	7	7	0.00	1
263	265	19961	14	3	11	-2.09	-1
263	266	15189	12	6	6	0.00	1
263	267	16553	12	4	8	-1.04	-1
263	268	15663	12	6	6	0.00	1
263	269	16115	12	7	5	0.52	1
263	270	14489	12	3	9	-1.56	-1
263	271	17651	13	6	7	-0.26	-1
263	272	15199	12	11	1	2.61	1
263	273	18556	13	7	6	0.26	1
263	274	17838	13	5	8	-0.78	-1
263	275	14395	12	8	4	1.04	1
263	276	12929	12	7	5	0.52	1
263	277	15084	11	5	6	-0.26	-1
263	278	15415	10	5	5	0.00	1
263	279	15269	10	8	2	1.56	1
263	280	14424	7	5	2	0.78	1
263	281	14066	6	3	3	0.00	1
263	282	10587	5	3	2	0.26	1
263	283	13192	6	3	3	0.00	1
263	284	12995	6	2	4	-0.52	-1
263	285	12914	6	2	4	-0.52	-1
263	286	12363	6	2	4	-0.52	-1
263	287	11908	6	3	3	0.00	1
263	288	11473	6	3	3	0.00	1
263	289	11175	6	2	4	-0.52	-1
263	290	10576	6	3	3	0.00	1
263	291	10345	6	3	3	0.00	1
263	292	8665	3	2	1	0.26	1
263	293	8564	3	2	1	0.26	1
263	294	6946	2	1	1	0.00	1
263	295	6866	2	2	0	0.52	1
263	296	6085	1	0	1	-0.26	-1
263	297	3153	1	1	0	0.26	1
263	298	1837	1	0	1	-0.26	-1
264	265	20666	14	10	4	1.56	1
264	266	15189	12	3	9	-1.56	-1
264	267	16553	12	6	6	0.00	1
264	268	15663	12	7	5	0.52	1
264	269	16115	12	7	5	0.52	1
264	270	14489	12	4	8	-1.04	-1
264	271	17651	13	5	8	-0.78	-1
264	272	15199	12	4	8	-1.04	-1
264	273	21698	15	9	6	0.78	1
264	274	21096	15	7	8	-0.26	-1
264	275	14395	12	8	4	1.04	1
264	276	12929	12	5	7	-0.52	-1
264	277	15084	11	8	3	1.30	1
264	278	18673	12	7	5	0.52	1
264	279	18527	12	9	3	1.56	1
264	280	17682	9	3	6	-0.78	-1
264	281	17324	8	8	0	2.09	1
264	282	10587	5	1	4	-0.78	-1
264	283	16450	8	3	5	-0.52	-1
264	284	16253	8	6	2	1.04	1
264	285	16172	8	8	0	2.09	1
264	286	13455	6	0	6	-1.56	-1
264	287	13649	6	2	4	-0.52	-1
264	288	14731	8	5	3	0.52	1
264	289	14433	8	3	5	-0.52	-1
264	290	12734	6	2	4	-0.52	-1
264	291	13603	8	3	5	-0.52	-1
264	292	11923	5	2	3	-0.26	-1
264	293	11822	5	2	3	-0.26	-1
264	294	10204	4	3	1	0.52	1
264	295	10124	4	2	2	0.00	1
264	296	9343	3	1	2	-0.26	-1
264	297	6411	3	1	2	-0.26	-1
264	298	5095	3	1	2	-0.26	-1
264	299	4391	2	0	2	-0.52	-1
264	300	4269	2	1	1	0.00	1
264	301	4234	2	1	1	0.00	1
264	302	4230	2	1	1	0.00	1
264	303	3071	2	1	1	0.00	1
264	304	2406	2	2	0	0.52	1
264	305	1930	2	1	1	0.00	1
264	306	1717	2	2	0	0.52	1
264	307	1370	2	1	1	0.00	1
264	308	954	2	2	0	0.52	1
264	309	521	1	0	1	-0.26	-1
265	266	15189	12	3	9	-1.56	-1
265	267	16553	12	7	5	0.52	1
265	268	15663	12	7	5	0.52	1
265	269	16115	12	4	8	-1.04	-1
265	270	14489	12	7	5	0.52	1
265	271	17651	13	5	8	-0.78	-1
265	272	15199	12	7	5	0.52	1
265	273	19261	13	4	9	-1.30	-1
265	274	18543	13	9	4	1.30	1
265	275	14395	12	6	6	0.00	1
265	276	12929	12	8	4	1.04	1
265	277	15084	11	7	4	0.78	1
265	278	16120	10	6	4	0.52	1
265	279	15974	10	6	4	0.52	1
265	280	15129	7	2	5	-0.78	-1
265	281	14771	6	4	2	0.52	1
265	282	10587	5	2	3	-0.26	-1
265	283	13897	6	3	3	0.00	1
265	284	13700	6	4	2	0.52	1
265	285	13619	6	3	3	0.00	1
265	286	13068	6	2	4	-0.52	-1
265	287	12613	6	1	5	-1.04	-1
265	288	12178	6	2	4	-0.52	-1
265	289	11880	6	3	3	0.00	1
265	290	11281	6	3	3	0.00	1
265	291	11050	6	2	4	-0.52	-1
265	292	9370	3	0	3	-0.78	-1
265	293	9269	3	2	1	0.26	1
265	294	7651	2	1	1	0.00	1
265	295	7571	2	1	1	0.00	1
265	296	6790	1	1	0	0.26	1
265	297	3858	1	1	0	0.26	1
265	298	2542	1	0	1	-0.26	-1
266	267	15148	12	3	9	-1.56	-1
266	268	15121	12	5	7	-0.52	-1
266	269	15118	12	9	3	1.56	1
266	270	14489	12	2	10	-2.09	-1
266	271	14794	12	7	5	0.52	1
266	272	14565	12	6	6	0.00	1
266	273	14358	12	9	3	1.56	1
266	274	13640	12	6	6	0.00	1
266	275	13374	12	3	9	-1.56	-1
266	276	12769	12	3	9	-1.56	-1
266	277	11922	10	5	5	0.00	1
266	278	11217	9	4	5	-0.26	-1
266	279	11071	9	5	4	0.26	1
266	280	10226	6	5	1	1.04	1
266	281	9868	5	4	1	0.78	1
266	282	9812	5	4	1	0.78	1
266	283	8994	5	3	2	0.26	1
266	284	8797	5	1	4	-0.78	-1
266	285	8716	5	2	3	-0.26	-1
266	286	8165	5	1	4	-0.78	-1
266	287	7710	5	2	3	-0.26	-1
266	288	7275	5	2	3	-0.26	-1
266	289	6977	5	4	1	0.78	1
266	290	6378	5	1	4	-0.78	-1
266	291	6147	5	1	4	-0.78	-1
266	292	4467	2	1	1	0.00	1
266	293	4366	2	0	2	-0.52	-1
266	294	2748	1	1	0	0.26	1
266	295	2668	1	1	0	0.26	1
267	268	15663	12	3	9	-1.56	-1
267	269	16115	12	5	7	-0.52	-1
267	270	14489	12	7	5	0.52	1
267	271	16199	12	6	6	0.00	1
267	272	15199	12	8	4	1.04	1
267	273	15763	12	3	9	-1.56	-1
267	274	15045	12	3	9	-1.56	-1
267	275	14395	12	8	4	1.04	1
267	276	12929	12	7	5	0.52	1
267	277	13327	10	3	7	-1.04	-1
267	278	12622	9	4	5	-0.26	-1
267	279	12476	9	3	6	-0.78	-1
267	280	11631	6	4	2	0.52	1
267	281	11273	5	3	2	0.26	1
267	282	10587	5	1	4	-0.78	-1
267	283	10399	5	1	4	-0.78	-1
267	284	10202	5	4	1	0.78	1
267	285	10121	5	2	3	-0.26	-1
267	286	9570	5	3	2	0.26	1
267	287	9115	5	2	3	-0.26	-1
267	288	8680	5	3	2	0.26	1
267	289	8382	5	3	2	0.26	1
267	290	7783	5	1	4	-0.78	-1
267	291	7552	5	1	4	-0.78	-1
267	292	5872	2	0	2	-0.52	-1
267	293	5771	2	2	0	0.52	1
267	294	4153	1	1	0	0.26	1
267	295	4073	1	0	1	-0.26	-1
268	269	15660	12	7	5	0.52	1
268	270	14489	12	4	8	-1.04	-1
268	271	15336	12	7	5	0.52	1
268	272	15107	12	8	4	1.04	1
268	273	14900	12	8	4	1.04	1
268	274	14182	12	6	6	0.00	1
268	275	13916	12	4	8	-1.04	-1
268	276	12929	12	5	7	-0.52	-1
268	277	12464	10	5	5	0.00	1
268	278	11759	9	6	3	0.78	1
268	279	11613	9	4	5	-0.26	-1
268	280	10768	6	5	1	1.04	1
268	281	10410	5	3	2	0.26	1
268	282	10354	5	0	5	-1.30	-1
268	283	9536	5	2	3	-0.26	-1
268	284	9339	5	4	1	0.78	1
268	285	9258	5	2	3	-0.26	-1
268	286	8707	5	4	1	0.78	1
268	287	8252	5	2	3	-0.26	-1
268	288	7817	5	2	3	-0.26	-1
268	289	7519	5	3	2	0.26	1
268	290	6920	5	3	2	0.26	1
268	291	6689	5	1	4	-0.78	-1
268	292	5009	2	0	2	-0.52	-1
268	293	4908	2	0	2	-0.52	-1
268	294	3290	1	1	0	0.26	1
268	295	3210	1	1	0	0.26	1
269	270	14489	12	5	7	-0.52	-1
269	271	15791	12	2	10	-2.09	-1
269	272	15199	12	7	5	0.52	1
269	273	15355	12	9	3	1.56	1
269	274	14637	12	5	7	-0.52	-1
269	275	14371	12	3	9	-1.56	-1
269	276	12929	12	5	7	-0.52	-1
269	277	12919	10	7	3	1.04	1
269	278	12214	9	7	2	1.30	1
269	279	12068	9	4	5	-0.26	-1
269	280	11223	6	4	2	0.52	1
269	281	10865	5	1	4	-0.78	-1
269	282	10587	5	5	0	1.30	1
269	283	9991	5	3	2	0.26	1
269	284	9794	5	3	2	0.26	1
269	285	9713	5	2	3	-0.26	-1
269	286	9162	5	3	2	0.26	1
269	287	8707	5	2	3	-0.26	-1
269	288	8272	5	3	2	0.26	1
269	289	7974	5	3	2	0.26	1
269	290	7375	5	3	2	0.26	1
269	291	7144	5	2	3	-0.26	-1
269	292	5464	2	1	1	0.00	1
269	293	5363	2	1	1	0.00	1
269	294	3745	1	1	0	0.26	1
269	295	3665	1	1	0	0.26	1
270	271	14228	12	7	5	0.52	1
270	272	13999	12	5	7	-0.52	-1
270	273	13792	12	5	7	-0.52	-1
270	274	13074	12	10	2	2.09	1
270	275	12808	12	8	4	1.04	1
270	276	12203	12	6	6	0.00	1
270	277	11356	10	2	8	-1.56	-1
270	278	10651	9	7	2	1.30	1
270	279	10505	9	3	6	-0.78	-1
270	280	9660	6	3	3	0.00	1
270	281	9302	5	4	1	0.78	1
270	282	9246	5	3	2	0.26	1
270	283	8428	5	0	5	-1.30	-1
270	284	8231	5	1	4	-0.78	-1
270	285	8150	5	4	1	0.78	1
270	286	7599	5	5	0	1.30	1
270	287	7144	5	2	3	-0.26	-1
270	288	6709	5	3	2	0.26	1
270	289	6411	5	2	3	-0.26	-1
270	290	5812	5	3	2	0.26	1
270	291	5581	5	1	4	-0.78	-1
270	292	3901	2	2	0	0.52	1
270	293	3800	2	2	0	0.52	1
270	294	2182	1	0	1	-0.26	-1
270	295	2102	1	1	0	0.26	1
271	272	15199	12	8	4	1.04	1
271	273	17215	13	8	5	0.78	1
271	274	16497	13	3	10	-1.82	-1
271	275	14395	12	6	6	0.00	1
271	276	12929	12	5	7	-0.52	-1
271	277	14779	11	7	4	0.78	1
271	278	14074	10	5	5	0.00	1
271	279	13928	10	5	5	0.00	1
271	280	13083	7	6	1	1.30	1
271	281	12725	6	1	5	-1.04	-1
271	282	10587	5	3	2	0.26	1
271	283	11851	6	3	3	0.00	1
271	284	11654	6	3	3	0.00	1
271	285	11573	6	2	4	-0.52	-1
271	286	11022	6	3	3	0.00	1
271	287	10567	6	4	2	0.52	1
271	288	10132	6	2	4	-0.52	-1
271	289	9834	6	1	5	-1.04	-1
271	290	9235	6	3	3	0.00	1
271	291	9004	6	4	2	0.52	1
271	292	7324	3	2	1	0.26	1
271	293	7223	3	3	0	0.78	1
271	294	5605	2	1	1	0.00	1
271	295	5525	2	0	2	-0.52	-1
271	296	4744	1	0	1	-0.26	-1
271	297	1812	1	1	0	0.26	1
271	298	496	1	0	1	-0.26	-1
272	273	14992	12	8	4	1.04	1
272	274	14274	12	6	6	0.00	1
272	275	14008	12	3	9	-1.56	-1
272	276	12929	12	3	9	-1.56	-1
272	277	12556	10	3	7	-1.04	-1
272	278	11851	9	7	2	1.30	1
272	279	11705	9	3	6	-0.78	-1
272	280	10860	6	2	4	-0.52	-1
272	281	10502	5	2	3	-0.26	-1
272	282	10446	5	3	2	0.26	1
272	283	9628	5	3	2	0.26	1
272	284	9431	5	3	2	0.26	1
272	285	9350	5	0	5	-1.30	-1
272	286	8799	5	2	3	-0.26	-1
272	287	8344	5	4	1	0.78	1
272	288	7909	5	1	4	-0.78	-1
272	289	7611	5	2	3	-0.26	-1
272	290	7012	5	4	1	0.78	1
272	291	6781	5	1	4	-0.78	-1
272	292	5101	2	2	0	0.52	1
272	293	5000	2	2	0	0.52	1
272	294	3382	1	1	0	0.26	1
272	295	3302	1	1	0	0.26	1
273	274	20980	15	6	9	-0.78	-1
273	275	14395	12	3	9	-1.56	-1
273	276	12929	12	7	5	0.52	1
273	277	15084	11	3	8	-1.30	-1
273	278	18557	12	4	8	-1.04	-1
273	279	18411	12	8	4	1.04	1
273	280	17566	9	5	4	0.26	1
273	281	17208	8	3	5	-0.52	-1
273	282	10587	5	4	1	0.78	1
273	283	16334	8	6	2	1.04	1
273	284	16137	8	6	2	1.04	1
273	285	16056	8	3	5	-0.52	-1
273	286	13455	6	3	3	0.00	1
273	287	13649	6	4	2	0.52	1
273	288	14615	8	4	4	0.00	1
273	289	14317	8	3	5	-0.52	-1
273	290	12734	6	3	3	0.00	1
273	291	13487	8	4	4	0.00	1
273	292	11807	5	2	3	-0.26	-1
273	293	11706	5	4	1	0.78	1
273	294	10088	4	3	1	0.52	1
273	295	10008	4	2	2	0.00	1
273	296	9227	3	3	0	0.78	1
273	297	6295	3	3	0	0.78	1
273	298	4979	3	3	0	0.78	1
273	299	4275	2	2	0	0.52	1
273	300	4153	2	2	0	0.52	1
273	301	4118	2	1	1	0.00	1
273	302	4114	2	2	0	0.52	1
273	303	2955	2	1	1	0.00	1
273	304	2290	2	0	2	-0.52	-1
273	305	1814	2	2	0	0.52	1
273	306	1601	2	2	0	0.52	1
273	307	1254	2	0	2	-0.52	-1
273	308	838	2	1	1	0.00	1
273	309	405	1	1	0	0.26	1
274	275	14395	12	6	6	0.00	1
274	276	12929	12	7	5	0.52	1
274	277	15084	11	2	9	-1.82	-1
274	278	19825	14	7	7	0.00	1
274	279	20603	16	5	11	-1.56	-1
274	280	19758	13	5	8	-0.78	-1
274	281	18327	9	5	4	0.26	1
274	282	10587	5	3	2	0.26	1
274	283	18526	12	4	8	-1.04	-1
274	284	18135	12	5	7	-0.52	-1
274	285	18248	12	7	5	0.52	1
274	286	13455	6	2	4	-0.52	-1
274	287	13649	6	2	4	-0.52	-1
274	288	16807	12	7	5	0.52	1
274	289	15677	10	3	7	-1.04	-1
274	290	12734	6	1	5	-1.04	-1
274	291	15152	10	3	7	-1.04	-1
274	292	13999	9	4	5	-0.26	-1
274	293	13898	9	4	5	-0.26	-1
274	294	12280	8	7	1	1.56	1
274	295	12200	8	5	3	0.52	1
274	296	11419	7	3	4	-0.26	-1
274	297	8487	7	3	4	-0.26	-1
274	298	7171	7	5	2	0.78	1
274	299	6467	6	3	3	0.00	1
274	300	6345	6	1	5	-1.04	-1
274	301	6310	6	2	4	-0.52	-1
274	302	6306	6	2	4	-0.52	-1
274	303	5147	6	1	5	-1.04	-1
274	304	4482	6	5	1	1.04	1
274	305	4006	6	3	3	0.00	1
274	306	3793	6	3	3	0.00	1
274	307	3446	6	3	3	0.00	1
274	308	3030	6	3	3	0.00	1
274	309	2597	5	5	0	1.30	1
274	310	1829	4	2	2	0.00	1
274	311	1238	3	2	1	0.26	1
275	276	12929	12	9	3	1.56	1
275	277	12943	10	5	5	0.00	1
275	278	12238	9	2	7	-1.30	-1
275	279	12092	9	3	6	-0.78	-1
275	280	11247	6	1	5	-1.04	-1
275	281	10889	5	3	2	0.26	1
275	282	10587	5	2	3	-0.26	-1
275	283	10015	5	2	3	-0.26	-1
275	284	9818	5	2	3	-0.26	-1
275	285	9737	5	2	3	-0.26	-1
275	286	9186	5	2	3	-0.26	-1
275	287	8731	5	2	3	-0.26	-1
275	288	8296	5	2	3	-0.26	-1
275	289	7998	5	5	0	1.30	1
275	290	7399	5	5	0	1.30	1
275	291	7168	5	1	4	-0.78	-1
275	292	5488	2	2	0	0.52	1
275	293	5387	2	1	1	0.00	1
275	294	3769	1	1	0	0.26	1
275	295	3689	1	0	1	-0.26	-1
276	277	12082	10	6	4	0.52	1
276	278	11377	9	4	5	-0.26	-1
276	279	11231	9	6	3	0.78	1
276	280	10386	6	3	3	0.00	1
276	281	10028	5	5	0	1.30	1
276	282	9972	5	2	3	-0.26	-1
276	283	9154	5	3	2	0.26	1
276	284	8957	5	2	3	-0.26	-1
276	285	8876	5	3	2	0.26	1
276	286	8325	5	3	2	0.26	1
276	287	7870	5	0	5	-1.30	-1
276	288	7435	5	4	1	0.78	1
276	289	7137	5	3	2	0.26	1
276	290	6538	5	2	3	-0.26	-1
276	291	6307	5	3	2	0.26	1
276	292	4627	2	2	0	0.52	1
276	293	4526	2	1	1	0.00	1
276	294	2908	1	1	0	0.26	1
276	295	2828	1	0	1	-0.26	-1
277	278	14379	10	5	5	0.00	1
277	279	14233	10	3	7	-1.04	-1
277	280	13388	7	1	6	-1.30	-1
277	281	13030	6	5	1	1.04	1
277	282	10587	5	4	1	0.78	1
277	283	12156	6	3	3	0.00	1
277	284	11959	6	5	1	1.04	1
277	285	11878	6	6	0	1.56	1
277	286	11327	6	1	5	-1.04	-1
277	287	10872	6	4	2	0.52	1
277	288	10437	6	5	1	1.04	1
277	289	10139	6	3	3	0.00	1
277	290	9540	6	2	4	-0.52	-1
277	291	9309	6	2	4	-0.52	-1
277	292	7629	3	2	1	0.26	1
277	293	7528	3	2	1	0.26	1
277	294	5910	2	1	1	0.00	1
277	295	5830	2	0	2	-0.52	-1
277	296	5049	1	1	0	0.26	1
277	297	2117	1	0	1	-0.26	-1
277	298	801	1	1	0	0.26	1
278	279	19679	14	6	8	-0.52	-1
278	280	18834	11	6	5	0.26	1
278	281	18327	9	5	4	0.26	1
278	282	10587	5	2	3	-0.26	-1
278	283	17602	10	3	7	-1.04	-1
278	284	17405	10	3	7	-1.04	-1
278	285	17324	10	5	5	0.00	1
278	286	13455	6	3	3	0.00	1
278	287	13649	6	5	1	1.04	1
278	288	15883	10	6	4	0.52	1
278	289	15585	10	6	4	0.52	1
278	290	12734	6	2	4	-0.52	-1
278	291	14755	10	5	5	0.00	1
278	292	13075	7	4	3	0.26	1
278	293	12974	7	3	4	-0.26	-1
278	294	11356	6	3	3	0.00	1
278	295	11276	6	3	3	0.00	1
278	296	10495	5	3	2	0.26	1
278	297	7563	5	1	4	-0.78	-1
278	298	6247	5	4	1	0.78	1
278	299	5543	4	3	1	0.52	1
278	300	5421	4	2	2	0.00	1
278	301	5386	4	1	3	-0.52	-1
278	302	5382	4	2	2	0.00	1
278	303	4223	4	3	1	0.52	1
278	304	3558	4	2	2	0.00	1
278	305	3082	4	2	2	0.00	1
278	306	2869	4	1	3	-0.52	-1
278	307	2522	4	3	1	0.52	1
278	308	2106	4	1	3	-0.52	-1
278	309	1673	3	3	0	0.78	1
278	310	905	2	1	1	0.00	1
278	311	314	1	1	0	0.26	1
279	280	20702	14	7	7	0.00	1
279	281	18327	9	4	5	-0.26	-1
279	282	10587	5	4	1	0.78	1
279	283	19804	13	4	9	-1.30	-1
279	284	18135	12	8	4	1.04	1
279	285	21137	16	7	9	-0.52	-1
279	286	13455	6	2	4	-0.52	-1
279	287	13649	6	1	5	-1.04	-1
279	288	19398	16	5	11	-1.56	-1
279	289	15677	10	4	6	-0.52	-1
279	290	12734	6	4	2	0.52	1
279	291	15152	10	5	5	0.00	1
279	292	18119	13	8	5	0.78	1
279	293	16982	13	7	6	0.26	1
279	294	16031	12	4	8	-1.04	-1
279	295	19097	16	6	10	-1.04	-1
279	296	20193	15	9	6	0.78	1
279	297	16966	15	9	6	0.78	1
279	298	18786	15	6	9	-0.78	-1
279	299	17665	14	6	8	-0.52	-1
279	300	16902	14	8	6	0.52	1
279	301	17925	14	5	9	-1.04	-1
279	302	11945	11	6	5	0.26	1
279	303	16762	14	8	6	0.52	1
279	304	16097	14	4	10	-1.56	-1
279	305	15621	14	6	8	-0.52	-1
279	306	14242	14	9	5	1.04	1
279	307	14997	14	5	9	-1.04	-1
279	308	14144	14	4	10	-1.56	-1
279	309	14212	13	4	9	-1.30	-1
279	310	13444	12	5	7	-0.52	-1
279	311	12853	11	5	6	-0.26	-1
279	312	11946	8	4	4	0.00	1
279	313	11729	8	5	3	0.52	1
279	314	10256	8	6	2	1.04	1
279	315	10676	7	2	5	-0.78	-1
279	316	8832	4	1	3	-0.52	-1
279	317	7676	4	2	2	0.00	1
279	318	7371	4	1	3	-0.52	-1
279	319	7164	4	2	2	0.00	1
279	320	7003	4	3	1	0.52	1
279	321	6393	4	2	2	0.00	1
279	322	5541	1	0	1	-0.26	-1
279	323	4993	1	0	1	-0.26	-1
280	281	18327	9	4	5	-0.26	-1
280	282	10587	5	3	2	0.26	1
280	283	19470	13	10	3	1.82	1
280	284	18135	12	5	7	-0.52	-1
280	285	19192	13	4	9	-1.30	-1
280	286	13455	6	3	3	0.00	1
280	287	13649	6	2	4	-0.52	-1
280	288	17751	13	4	9	-1.30	-1
280	289	15677	10	6	4	0.52	1
280	290	12734	6	2	4	-0.52	-1
280	291	15152	10	5	5	0.00	1
280	292	14943	10	8	2	1.56	1
280	293	14842	10	4	6	-0.52	-1
280	294	13224	9	3	6	-0.78	-1
280	295	13144	9	6	3	0.78	1
280	296	12363	8	6	2	1.04	1
280	297	9431	8	2	6	-1.04	-1
280	298	8115	8	4	4	0.00	1
280	299	7411	7	3	4	-0.26	-1
280	300	7289	7	2	5	-0.78	-1
280	301	7254	7	3	4	-0.26	-1
280	302	7250	7	6	1	1.30	1
280	303	6091	7	2	5	-0.78	-1
280	304	5426	7	2	5	-0.78	-1
280	305	4950	7	6	1	1.30	1
280	306	4737	7	5	2	0.78	1
280	307	4390	7	2	5	-0.78	-1
280	308	3974	7	4	3	0.26	1
280	309	3541	6	3	3	0.00	1
280	310	2773	5	0	5	-1.30	-1
280	311	2182	4	3	1	0.52	1
280	312	1275	1	1	0	0.26	1
280	313	1058	1	0	1	-0.26	-1
280	314	368	1	1	0	0.26	1
281	282	10587	5	4	1	0.78	1
281	283	17453	9	5	4	0.26	1
281	284	17256	9	5	4	0.26	1
281	285	17175	9	6	3	0.78	1
281	286	13455	6	0	6	-1.56	-1
281	287	13649	6	3	3	0.00	1
281	288	15734	9	5	4	0.26	1
281	289	15436	9	8	1	1.82	1
281	290	12734	6	3	3	0.00	1
281	291	14606	9	4	5	-0.26	-1
281	292	12926	6	4	2	0.52	1
281	293	12825	6	4	2	0.52	1
281	294	11207	5	4	1	0.78	1
281	295	11127	5	3	2	0.26	1
281	296	10346	4	3	1	0.52	1
281	297	7414	4	2	2	0.00	1
281	298	6098	4	3	1	0.52	1
281	299	5394	3	1	2	-0.26	-1
281	300	5272	3	1	2	-0.26	-1
281	301	5237	3	3	0	0.78	1
281	302	5233	3	1	2	-0.26	-1
281	303	4074	3	0	3	-0.78	-1
281	304	3409	3	3	0	0.78	1
281	305	2933	3	2	1	0.26	1
281	306	2720	3	1	2	-0.26	-1
281	307	2373	3	1	2	-0.26	-1
281	308	1957	3	2	1	0.26	1
281	309	1524	2	0	2	-0.52	-1
281	310	756	1	1	0	0.26	1
282	283	9769	5	4	1	0.78	1
282	284	9572	5	4	1	0.78	1
282	285	9491	5	2	3	-0.26	-1
282	286	8940	5	4	1	0.78	1
282	287	8485	5	4	1	0.78	1
282	288	8050	5	2	3	-0.26	-1
282	289	7752	5	2	3	-0.26	-1
282	290	7153	5	3	2	0.26	1
282	291	6922	5	2	3	-0.26	-1
282	292	5242	2	0	2	-0.52	-1
282	293	5141	2	2	0	0.52	1
282	294	3523	1	0	1	-0.26	-1
282	295	3443	1	0	1	-0.26	-1
283	284	18135	12	6	6	0.00	1
283	285	19526	13	3	10	-1.82	-1
283	286	13455	6	4	2	0.52	1
283	287	13649	6	4	2	0.52	1
283	288	18085	13	6	7	-0.26	-1
283	289	15677	10	3	7	-1.04	-1
283	290	12734	6	5	1	1.04	1
283	291	15152	10	6	4	0.52	1
283	292	15277	10	5	5	0.00	1
283	293	15176	10	7	3	1.04	1
283	294	13558	9	4	5	-0.26	-1
283	295	13478	9	6	3	0.78	1
283	296	12697	8	4	4	0.00	1
283	297	9765	8	5	3	0.52	1
283	298	8449	8	5	3	0.52	1
283	299	7745	7	2	5	-0.78	-1
283	300	7623	7	3	4	-0.26	-1
283	301	7588	7	3	4	-0.26	-1
283	302	7584	7	4	3	0.26	1
283	303	6425	7	2	5	-0.78	-1
283	304	5760	7	3	4	-0.26	-1
283	305	5284	7	5	2	0.78	1
283	306	5071	7	3	4	-0.26	-1
283	307	4724	7	3	4	-0.26	-1
283	308	4308	7	1	6	-1.30	-1
283	309	3875	6	3	3	0.00	1
283	310	3107	5	3	2	0.26	1
283	311	2516	4	3	1	0.52	1
283	312	1609	1	0	1	-0.26	-1
283	313	1392	1	1	0	0.26	1
283	314	702	1	0	1	-0.26	-1
284	285	18054	12	6	6	0.00	1
284	286	13455	6	1	5	-1.04	-1
284	287	13649	6	4	2	0.52	1
284	288	16613	12	8	4	1.04	1
284	289	15677	10	2	8	-1.56	-1
284	290	12734	6	3	3	0.00	1
284	291	15152	10	3	7	-1.04	-1
284	292	13805	9	4	5	-0.26	-1
284	293	13704	9	6	3	0.78	1
284	294	12086	8	5	3	0.52	1
284	295	12006	8	5	3	0.52	1
284	296	11225	7	1	6	-1.30	-1
284	297	8293	7	4	3	0.26	1
284	298	6977	7	3	4	-0.26	-1
284	299	6273	6	5	1	1.04	1
284	300	6151	6	3	3	0.00	1
284	301	6116	6	5	1	1.04	1
284	302	6112	6	4	2	0.52	1
284	303	4953	6	3	3	0.00	1
284	304	4288	6	5	1	1.04	1
284	305	3812	6	1	5	-1.04	-1
284	306	3599	6	2	4	-0.52	-1
284	307	3252	6	1	5	-1.04	-1
284	308	2836	6	4	2	0.52	1
284	309	2403	5	2	3	-0.26	-1
284	310	1635	4	1	3	-0.52	-1
284	311	1044	3	2	1	0.26	1
285	286	13455	6	3	3	0.00	1
285	287	13649	6	3	3	0.00	1
285	288	19398	16	11	5	1.56	1
285	289	15677	10	4	6	-0.52	-1
285	290	12734	6	3	3	0.00	1
285	291	15152	10	4	6	-0.52	-1
285	292	16888	13	9	4	1.30	1
285	293	16787	13	5	8	-0.78	-1
285	294	15169	12	7	5	0.52	1
285	295	15089	12	7	5	0.52	1
285	296	14308	11	6	5	0.26	1
285	297	11376	11	3	8	-1.30	-1
285	298	10060	11	9	2	1.82	1
285	299	9356	10	4	6	-0.52	-1
285	300	9234	10	4	6	-0.52	-1
285	301	9199	10	7	3	1.04	1
285	302	9195	10	4	6	-0.52	-1
285	303	8036	10	7	3	1.04	1
285	304	7371	10	7	3	1.04	1
285	305	6895	10	3	7	-1.04	-1
285	306	6682	10	4	6	-0.52	-1
285	307	6335	10	6	4	0.52	1
285	308	5919	10	7	3	1.04	1
285	309	5486	9	3	6	-0.78	-1
285	310	4718	8	2	6	-1.04	-1
285	311	4127	7	4	3	0.26	1
285	312	3220	4	3	1	0.52	1
285	313	3003	4	2	2	0.00	1
285	314	2313	4	1	3	-0.52	-1
285	315	1950	3	1	2	-0.26	-1
286	287	13000	6	4	2	0.52	1
286	288	12565	6	2	4	-0.52	-1
286	289	12267	6	3	3	0.00	1
286	290	11668	6	4	2	0.52	1
286	291	11437	6	3	3	0.00	1
286	292	9757	3	1	2	-0.26	-1
286	293	9656	3	1	2	-0.26	-1
286	294	8038	2	0	2	-0.52	-1
286	295	7958	2	1	1	0.00	1
286	296	7177	1	0	1	-0.26	-1
286	297	4245	1	1	0	0.26	1
286	298	2929	1	1	0	0.26	1
287	288	13214	6	2	4	-0.52	-1
287	289	12916	6	4	2	0.52	1
287	290	12317	6	3	3	0.00	1
287	291	12086	6	3	3	0.00	1
287	292	10406	3	2	1	0.26	1
287	293	10305	3	0	3	-0.78	-1
287	294	8687	2	0	2	-0.52	-1
287	295	8607	2	1	1	0.00	1
287	296	7826	1	0	1	-0.26	-1
287	297	4894	1	0	1	-0.26	-1
287	298	3578	1	0	1	-0.26	-1
288	289	15677	10	3	7	-1.04	-1
288	290	12734	6	2	4	-0.52	-1
288	291	15152	10	3	7	-1.04	-1
288	292	16590	13	4	9	-1.30	-1
288	293	16489	13	4	9	-1.30	-1
288	294	14871	12	6	6	0.00	1
288	295	14791	12	4	8	-1.04	-1
288	296	14010	11	7	4	0.78	1
288	297	11078	11	1	10	-2.35	-1
288	298	9762	11	6	5	0.26	1
288	299	9058	10	7	3	1.04	1
288	300	8936	10	2	8	-1.56	-1
288	301	8901	10	4	6	-0.52	-1
288	302	8897	10	9	1	2.09	1
288	303	7738	10	7	3	1.04	1
288	304	7073	10	8	2	1.56	1
288	305	6597	10	4	6	-0.52	-1
288	306	6384	10	4	6	-0.52	-1
288	307	6037	10	4	6	-0.52	-1
288	308	5621	10	7	3	1.04	1
288	309	5188	9	4	5	-0.26	-1
288	310	4420	8	6	2	1.04	1
288	311	3829	7	5	2	0.78	1
288	312	2922	4	0	4	-1.04	-1
288	313	2705	4	1	3	-0.52	-1
288	314	2015	4	1	3	-0.52	-1
288	315	1652	3	1	2	-0.26	-1
289	290	12734	6	3	3	0.00	1
289	291	14847	10	6	4	0.52	1
289	292	13167	7	1	6	-1.30	-1
289	293	13066	7	5	2	0.78	1
289	294	11448	6	4	2	0.52	1
289	295	11368	6	2	4	-0.52	-1
289	296	10587	5	2	3	-0.26	-1
289	297	7655	5	2	3	-0.26	-1
289	298	6339	5	4	1	0.78	1
289	299	5635	4	2	2	0.00	1
289	300	5513	4	0	4	-1.04	-1
289	301	5478	4	2	2	0.00	1
289	302	5474	4	3	1	0.52	1
289	303	4315	4	2	2	0.00	1
289	304	3650	4	2	2	0.00	1
289	305	3174	4	2	2	0.00	1
289	306	2961	4	2	2	0.00	1
289	307	2614	4	1	3	-0.52	-1
289	308	2198	4	2	2	0.00	1
289	309	1765	3	2	1	0.26	1
289	310	997	2	0	2	-0.52	-1
289	311	406	1	1	0	0.26	1
290	291	12503	6	3	3	0.00	1
290	292	10823	3	0	3	-0.78	-1
290	293	10722	3	0	3	-0.78	-1
290	294	9104	2	0	2	-0.52	-1
290	295	9024	2	1	1	0.00	1
290	296	8243	1	1	0	0.26	1
290	297	5311	1	1	0	0.26	1
290	298	3995	1	1	0	0.26	1
291	292	13472	7	4	3	0.26	1
291	293	13371	7	4	3	0.26	1
291	294	11753	6	3	3	0.00	1
291	295	11673	6	5	1	1.04	1
291	296	10892	5	4	1	0.78	1
291	297	7960	5	4	1	0.78	1
291	298	6644	5	2	3	-0.26	-1
291	299	5940	4	4	0	1.04	1
291	300	5818	4	2	2	0.00	1
291	301	5783	4	1	3	-0.52	-1
291	302	5779	4	1	3	-0.52	-1
291	303	4620	4	2	2	0.00	1
291	304	3955	4	1	3	-0.52	-1
291	305	3479	4	1	3	-0.52	-1
291	306	3266	4	1	3	-0.52	-1
291	307	2919	4	2	2	0.00	1
291	308	2503	4	4	0	1.04	1
291	309	2070	3	0	3	-0.78	-1
291	310	1302	2	2	0	0.52	1
291	311	711	1	1	0	0.26	1
292	293	16982	13	7	6	0.26	1
292	294	16031	12	4	8	-1.04	-1
292	295	16320	12	8	4	1.04	1
292	296	15539	11	8	3	1.30	1
292	297	12607	11	6	5	0.26	1
292	298	11291	11	3	8	-1.30	-1
292	299	10587	10	7	3	1.04	1
292	300	10465	10	3	7	-1.04	-1
292	301	10430	10	5	5	0.00	1
292	302	10426	10	6	4	0.52	1
292	303	9267	10	2	8	-1.56	-1
292	304	8602	10	4	6	-0.52	-1
292	305	8126	10	6	4	0.52	1
292	306	7913	10	6	4	0.52	1
292	307	7566	10	7	3	1.04	1
292	308	7150	10	6	4	0.52	1
292	309	6717	9	6	3	0.78	1
292	310	5949	8	3	5	-0.52	-1
292	311	5358	7	4	3	0.26	1
292	312	4451	4	1	3	-0.52	-1
292	313	4234	4	3	1	0.52	1
292	314	3544	4	2	2	0.00	1
292	315	3181	3	0	3	-0.78	-1
293	294	15364	12	8	4	1.04	1
293	295	15284	12	4	8	-1.04	-1
293	296	14503	11	8	3	1.30	1
293	297	11571	11	6	5	0.26	1
293	298	10255	11	5	6	-0.26	-1
293	299	9551	10	8	2	1.56	1
293	300	9429	10	2	8	-1.56	-1
293	301	9394	10	4	6	-0.52	-1
293	302	9390	10	6	4	0.52	1
293	303	8231	10	6	4	0.52	1
293	304	7566	10	6	4	0.52	1
293	305	7090	10	4	6	-0.52	-1
293	306	6877	10	3	7	-1.04	-1
293	307	6530	10	4	6	-0.52	-1
293	308	6114	10	9	1	2.09	1
293	309	5681	9	4	5	-0.26	-1
293	310	4913	8	3	5	-0.52	-1
293	311	4322	7	3	4	-0.26	-1
293	312	3415	4	2	2	0.00	1
293	313	3198	4	3	1	0.52	1
293	314	2508	4	1	3	-0.52	-1
293	315	2145	3	2	1	0.26	1
294	295	15951	12	9	3	1.56	1
294	296	15170	11	5	6	-0.26	-1
294	297	12238	11	3	8	-1.30	-1
294	298	10922	11	6	5	0.26	1
294	299	10218	10	7	3	1.04	1
294	300	10096	10	7	3	1.04	1
294	301	10061	10	4	6	-0.52	-1
294	302	10057	10	5	5	0.00	1
294	303	8898	10	2	8	-1.56	-1
294	304	8233	10	6	4	0.52	1
294	305	7757	10	7	3	1.04	1
294	306	7544	10	5	5	0.00	1
294	307	7197	10	3	7	-1.04	-1
294	308	6781	10	7	3	1.04	1
294	309	6348	9	6	3	0.78	1
294	310	5580	8	5	3	0.52	1
294	311	4989	7	4	3	0.26	1
294	312	4082	4	1	3	-0.52	-1
294	313	3865	4	0	4	-1.04	-1
294	314	3175	4	1	3	-0.52	-1
294	315	2812	3	2	1	0.26	1
295	296	18316	15	9	6	0.78	1
295	297	15384	15	6	9	-0.78	-1
295	298	14068	15	8	7	0.26	1
295	299	13364	14	5	9	-1.04	-1
295	300	13242	14	8	6	0.52	1
295	301	13207	14	5	9	-1.04	-1
295	302	11945	11	3	8	-1.30	-1
295	303	12044	14	8	6	0.52	1
295	304	11379	14	1	13	-3.13	-1
295	305	10903	14	5	9	-1.04	-1
295	306	10690	14	4	10	-1.56	-1
295	307	10343	14	9	5	1.04	1
295	308	9927	14	5	9	-1.04	-1
295	309	9494	13	6	7	-0.26	-1
295	310	8726	12	5	7	-0.52	-1
295	311	8135	11	6	5	0.26	1
295	312	7228	8	3	5	-0.52	-1
295	313	7011	8	6	2	1.04	1
295	314	6321	8	6	2	1.04	1
295	315	5958	7	4	3	0.26	1
295	316	4114	4	1	3	-0.52	-1
295	317	2958	4	3	1	0.52	1
295	318	2653	4	1	3	-0.52	-1
295	319	2446	4	2	2	0.00	1
295	320	2285	4	2	2	0.00	1
295	321	1675	4	3	1	0.52	1
295	322	823	1	1	0	0.26	1
295	323	275	1	0	1	-0.26	-1
296	297	16966	15	8	7	0.26	1
296	298	15945	15	7	8	-0.26	-1
296	299	15241	14	6	8	-0.52	-1
296	300	15119	14	6	8	-0.52	-1
296	301	15084	14	7	7	0.00	1
296	302	11945	11	6	5	0.26	1
296	303	13921	14	8	6	0.52	1
296	304	13256	14	7	7	0.00	1
296	305	12780	14	4	10	-1.56	-1
296	306	12567	14	6	8	-0.52	-1
296	307	12220	14	5	9	-1.04	-1
296	308	11804	14	5	9	-1.04	-1
296	309	11371	13	7	6	0.26	1
296	310	10603	12	2	10	-2.09	-1
296	311	10012	11	3	8	-1.30	-1
296	312	9105	8	7	1	1.56	1
296	313	8888	8	3	5	-0.52	-1
296	314	8198	8	3	5	-0.52	-1
296	315	7835	7	3	4	-0.26	-1
296	316	5991	4	2	2	0.00	1
296	317	4835	4	0	4	-1.04	-1
296	318	4530	4	3	1	0.52	1
296	319	4323	4	0	4	-1.04	-1
296	320	4162	4	1	3	-0.52	-1
296	321	3552	4	1	3	-0.52	-1
296	322	2700	1	1	0	0.26	1
296	323	2152	1	1	0	0.26	1
297	298	15650	15	5	10	-1.30	-1
297	299	14946	14	7	7	0.00	1
297	300	14824	14	3	11	-2.09	-1
297	301	14789	14	6	8	-0.52	-1
297	302	11945	11	3	8	-1.30	-1
297	303	13626	14	5	9	-1.04	-1
297	304	12961	14	6	8	-0.52	-1
297	305	12485	14	11	3	2.09	1
297	306	12272	14	4	10	-1.56	-1
297	307	11925	14	5	9	-1.04	-1
297	308	11509	14	6	8	-0.52	-1
297	309	11076	13	5	8	-0.78	-1
297	310	10308	12	9	3	1.56	1
297	311	9717	11	6	5	0.26	1
297	312	8810	8	6	2	1.04	1
297	313	8593	8	4	4	0.00	1
297	314	7903	8	6	2	1.04	1
297	315	7540	7	3	4	-0.26	-1
297	316	5696	4	2	2	0.00	1
297	317	4540	4	0	4	-1.04	-1
297	318	4235	4	4	0	1.04	1
297	319	4028	4	2	2	0.00	1
297	320	3867	4	2	2	0.00	1
297	321	3257	4	3	1	0.52	1
297	322	2405	1	1	0	0.26	1
297	323	1857	1	0	1	-0.26	-1
298	299	17665	14	7	7	0.00	1
298	300	16902	14	8	6	0.52	1
298	301	21012	17	6	11	-1.30	-1
298	302	11945	11	5	6	-0.26	-1
298	303	23047	19	12	7	1.30	1
298	304	18933	17	12	5	1.82	1
298	305	21906	19	9	10	-0.26	-1
298	306	14242	14	8	6	0.52	1
298	307	14997	14	6	8	-0.52	-1
298	308	14144	14	11	3	2.09	1
298	309	14891	13	5	8	-0.78	-1
298	310	16179	14	10	4	1.56	1
298	311	13954	12	5	7	-0.52	-1
298	312	16329	11	4	7	-0.78	-1
298	313	17271	13	7	6	0.26	1
298	314	10256	8	3	5	-0.52	-1
298	315	16961	12	9	3	1.56	1
298	316	15117	9	4	5	-0.26	-1
298	317	13961	9	2	7	-1.30	-1
298	318	13656	9	8	1	1.82	1
298	319	13449	9	5	4	0.26	1
298	320	13288	9	6	3	0.78	1
298	321	12678	9	5	4	0.26	1
298	322	11826	6	3	3	0.00	1
298	323	11278	6	5	1	1.04	1
298	324	8579	5	1	4	-0.78	-1
298	325	8507	5	3	2	0.26	1
298	326	8090	5	1	4	-0.78	-1
298	327	7261	5	5	0	1.30	1
298	328	7023	5	3	2	0.26	1
298	329	6999	5	0	5	-1.30	-1
298	330	6772	5	1	4	-0.78	-1
298	331	6564	5	4	1	0.78	1
298	332	6499	5	2	3	-0.26	-1
298	333	6013	5	3	2	0.26	1
298	334	5794	5	2	3	-0.26	-1
298	335	5727	5	1	4	-0.78	-1
298	336	5590	5	4	1	0.78	1
298	337	5036	4	3	1	0.52	1
298	338	4569	3	1	2	-0.26	-1
298	339	4478	3	2	1	0.26	1
298	340	4233	3	3	0	0.78	1
298	341	4149	3	3	0	0.78	1
298	342	3781	3	1	2	-0.26	-1
298	343	3729	3	1	2	-0.26	-1
298	344	3549	3	1	2	-0.26	-1
298	345	3149	2	1	1	0.00	1
299	300	16902	14	4	10	-1.56	-1
299	301	17508	14	6	8	-0.52	-1
299	302	11945	11	2	9	-1.82	-1
299	303	16345	14	8	6	0.52	1
299	304	15680	14	8	6	0.52	1
299	305	15204	14	1	13	-3.13	-1
299	306	14242	14	6	8	-0.52	-1
299	307	14644	14	4	10	-1.56	-1
299	308	14144	14	7	7	0.00	1
299	309	13795	13	8	5	0.78	1
299	310	13027	12	10	2	2.09	1
299	311	12436	11	5	6	-0.26	-1
299	312	11529	8	2	6	-1.04	-1
299	313	11312	8	4	4	0.00	1
299	314	10256	8	2	6	-1.04	-1
299	315	10259	7	6	1	1.30	1
299	316	8415	4	2	2	0.00	1
299	317	7259	4	1	3	-0.52	-1
299	318	6954	4	2	2	0.00	1
299	319	6747	4	2	2	0.00	1
299	320	6586	4	2	2	0.00	1
299	321	5976	4	1	3	-0.52	-1
299	322	5124	1	1	0	0.26	1
299	323	4576	1	1	0	0.26	1
300	301	16867	14	7	7	0.00	1
300	302	11945	11	4	7	-0.78	-1
300	303	15704	14	6	8	-0.52	-1
300	304	15039	14	4	10	-1.56	-1
300	305	14563	14	8	6	0.52	1
300	306	14242	14	4	10	-1.56	-1
300	307	14003	14	8	6	0.52	1
300	308	13587	14	6	8	-0.52	-1
300	309	13154	13	1	12	-2.87	-1
300	310	12386	12	6	6	0.00	1
300	311	11795	11	6	5	0.26	1
300	312	10888	8	6	2	1.04	1
300	313	10671	8	6	2	1.04	1
300	314	9981	8	5	3	0.52	1
300	315	9618	7	3	4	-0.26	-1
300	316	7774	4	1	3	-0.52	-1
300	317	6618	4	4	0	1.04	1
300	318	6313	4	2	2	0.00	1
300	319	6106	4	2	2	0.00	1
300	320	5945	4	1	3	-0.52	-1
300	321	5335	4	4	0	1.04	1
300	322	4483	1	1	0	0.26	1
300	323	3935	1	1	0	0.26	1
301	302	11945	11	7	4	0.78	1
301	303	19849	17	9	8	0.26	1
301	304	18933	17	5	12	-1.82	-1
301	305	18708	17	7	10	-0.78	-1
301	306	14242	14	6	8	-0.52	-1
301	307	14997	14	7	7	0.00	1
301	308	14144	14	6	8	-0.52	-1
301	309	14891	13	6	7	-0.26	-1
301	310	16179	14	8	6	0.52	1
301	311	13954	12	7	5	0.52	1
301	312	15033	11	6	5	0.26	1
301	313	14816	11	6	5	0.26	1
301	314	10256	8	2	6	-1.04	-1
301	315	13763	10	9	1	2.09	1
301	316	11919	7	5	2	0.78	1
301	317	10763	7	1	6	-1.30	-1
301	318	10458	7	6	1	1.30	1
301	319	10251	7	4	3	0.26	1
301	320	10090	7	1	6	-1.30	-1
301	321	9480	7	4	3	0.26	1
301	322	8628	4	1	3	-0.52	-1
301	323	8080	4	1	3	-0.52	-1
301	324	5381	3	2	1	0.26	1
301	325	5309	3	2	1	0.26	1
301	326	4892	3	0	3	-0.78	-1
301	327	4063	3	0	3	-0.78	-1
301	328	3825	3	0	3	-0.78	-1
301	329	3801	3	0	3	-0.78	-1
301	330	3574	3	0	3	-0.78	-1
301	331	3366	3	1	2	-0.26	-1
301	332	3301	3	1	2	-0.26	-1
301	333	2815	3	2	1	0.26	1
301	334	2596	3	2	1	0.26	1
301	335	2529	3	2	1	0.26	1
301	336	2392	3	1	2	-0.26	-1
301	337	1838	2	2	0	0.52	1
301	338	1371	1	0	1	-0.26	-1
301	339	1280	1	0	1	-0.26	-1
301	340	1035	1	1	0	0.26	1
301	341	951	1	1	0	0.26	1
301	342	583	1	0	1	-0.26	-1
301	343	531	1	1	0	0.26	1
301	344	351	1	1	0	0.26	1
302	303	10786	11	2	9	-1.82	-1
302	304	10121	11	3	8	-1.30	-1
302	305	9645	11	7	4	0.78	1
302	306	9432	11	7	4	0.78	1
302	307	9085	11	7	4	0.78	1
302	308	8669	11	7	4	0.78	1
302	309	8236	10	6	4	0.52	1
302	310	7468	9	5	4	0.26	1
302	311	6877	8	1	7	-1.56	-1
302	312	5970	5	2	3	-0.26	-1
302	313	5753	5	4	1	0.78	1
302	314	5063	5	2	3	-0.26	-1
302	315	4700	4	1	3	-0.52	-1
302	316	2856	1	0	1	-0.26	-1
302	317	1700	1	0	1	-0.26	-1
302	318	1395	1	0	1	-0.26	-1
302	319	1188	1	0	1	-0.26	-1
302	320	1027	1	0	1	-0.26	-1
302	321	417	1	1	0	0.26	1
303	304	18933	17	12	5	1.82	1
303	305	23007	20	6	14	-2.09	-1
303	306	14242	14	12	2	2.61	1
303	307	14997	14	7	7	0.00	1
303	308	14144	14	7	7	0.00	1
303	309	14891	13	9	4	1.30	1
303	310	16179	14	7	7	0.00	1
303	311	13954	12	5	7	-0.52	-1
303	312	16329	11	7	4	0.78	1
303	313	17271	13	7	6	0.26	1
303	314	10256	8	2	6	-1.04	-1
303	315	18062	13	9	4	1.30	1
303	316	16218	10	6	4	0.52	1
303	317	15062	10	2	8	-1.56	-1
303	318	14757	10	7	3	1.04	1
303	319	13759	9	2	7	-1.30	-1
303	320	13801	9	4	5	-0.26	-1
303	321	13779	10	6	4	0.52	1
303	322	12927	7	2	5	-0.78	-1
303	323	12379	7	3	4	-0.26	-1
303	324	9680	6	4	2	0.52	1
303	325	9608	6	1	5	-1.04	-1
303	326	9191	6	3	3	0.00	1
303	327	8362	6	5	1	1.04	1
303	328	8124	6	3	3	0.00	1
303	329	8100	6	2	4	-0.52	-1
303	330	7873	6	3	3	0.00	1
303	331	7665	6	3	3	0.00	1
303	332	7600	6	4	2	0.52	1
303	333	7114	6	1	5	-1.04	-1
303	334	6895	6	2	4	-0.52	-1
303	335	6828	6	3	3	0.00	1
303	336	6691	6	4	2	0.52	1
303	337	6137	5	2	3	-0.26	-1
303	338	5670	4	2	2	0.00	1
303	339	5579	4	1	3	-0.52	-1
303	340	5334	4	1	3	-0.52	-1
303	341	5250	4	4	0	1.04	1
303	342	4882	4	3	1	0.52	1
303	343	4830	4	2	2	0.00	1
303	344	4650	4	2	2	0.00	1
303	345	4250	3	0	3	-0.78	-1
303	346	961	1	0	1	-0.26	-1
304	305	18457	17	8	9	-0.26	-1
304	306	14242	14	9	5	1.04	1
304	307	14997	14	5	9	-1.04	-1
304	308	14144	14	8	6	0.52	1
304	309	14891	13	8	5	0.78	1
304	310	16179	14	7	7	0.00	1
304	311	13954	12	3	9	-1.56	-1
304	312	14782	11	6	5	0.26	1
304	313	14565	11	5	6	-0.26	-1
304	314	10256	8	3	5	-0.52	-1
304	315	13512	10	7	3	1.04	1
304	316	11668	7	3	4	-0.26	-1
304	317	10512	7	4	3	0.26	1
304	318	10207	7	4	3	0.26	1
304	319	10000	7	4	3	0.26	1
304	320	9839	7	2	5	-0.78	-1
304	321	9229	7	4	3	0.26	1
304	322	8377	4	0	4	-1.04	-1
304	323	7829	4	3	1	0.52	1
304	324	5130	3	2	1	0.26	1
304	325	5058	3	2	1	0.26	1
304	326	4641	3	1	2	-0.26	-1
304	327	3812	3	2	1	0.26	1
304	328	3574	3	2	1	0.26	1
304	329	3550	3	1	2	-0.26	-1
304	330	3323	3	2	1	0.26	1
304	331	3115	3	1	2	-0.26	-1
304	332	3050	3	2	1	0.26	1
304	333	2564	3	2	1	0.26	1
304	334	2345	3	0	3	-0.78	-1
304	335	2278	3	2	1	0.26	1
304	336	2141	3	2	1	0.26	1
304	337	1587	2	1	1	0.00	1
304	338	1120	1	1	0	0.26	1
304	339	1029	1	0	1	-0.26	-1
304	340	784	1	1	0	0.26	1
304	341	700	1	0	1	-0.26	-1
304	342	332	1	1	0	0.26	1
304	343	280	1	1	0	0.26	1
304	344	100	1	1	0	0.26	1
305	306	14242	14	8	6	0.52	1
305	307	14997	14	7	7	0.00	1
305	308	14144	14	5	9	-1.04	-1
305	309	14891	13	3	10	-1.82	-1
305	310	16179	14	5	9	-1.04	-1
305	311	13954	12	6	6	0.00	1
305	312	16329	11	8	3	1.30	1
305	313	17271	13	7	6	0.26	1
305	314	10256	8	4	4	0.00	1
305	315	20879	16	6	10	-1.04	-1
305	316	19771	13	6	7	-0.26	-1
305	317	18615	13	8	5	0.78	1
305	318	18310	13	5	8	-0.78	-1
305	319	13759	9	4	5	-0.26	-1
305	320	13801	9	7	2	1.30	1
305	321	14024	11	6	5	0.26	1
305	322	16480	10	7	3	1.04	1
305	323	13414	8	4	4	0.00	1
305	324	13233	9	7	2	1.30	1
305	325	13161	9	4	5	-0.26	-1
305	326	12744	9	4	5	-0.26	-1
305	327	11915	9	4	5	-0.26	-1
305	328	11677	9	4	5	-0.26	-1
305	329	11653	9	3	6	-0.78	-1
305	330	11426	9	6	3	0.78	1
305	331	11218	9	4	5	-0.26	-1
305	332	11153	9	2	7	-1.30	-1
305	333	10667	9	8	1	1.82	1
305	334	10448	9	7	2	1.30	1
305	335	10381	9	4	5	-0.26	-1
305	336	10244	9	4	5	-0.26	-1
305	337	9690	8	6	2	1.04	1
305	338	9223	7	2	5	-0.78	-1
305	339	9132	7	3	4	-0.26	-1
305	340	8887	7	5	2	0.78	1
305	341	8803	7	4	3	0.26	1
305	342	8435	7	2	5	-0.78	-1
305	343	8383	7	4	3	0.26	1
305	344	8203	7	3	4	-0.26	-1
305	345	7803	6	2	4	-0.52	-1
305	346	4514	4	1	3	-0.52	-1
305	347	3797	3	1	2	-0.26	-1
305	348	2883	2	2	0	0.52	1
305	349	2880	2	1	1	0.00	1
305	350	2604	2	0	2	-0.52	-1
305	351	2556	2	1	1	0.00	1
305	352	2433	2	1	1	0.00	1
305	353	1434	1	1	0	0.26	1
305	354	955	1	1	0	0.26	1
306	307	13895	14	4	10	-1.56	-1
306	308	13479	14	5	9	-1.04	-1
306	309	13046	13	8	5	0.78	1
306	310	12278	12	6	6	0.00	1
306	311	11687	11	7	4	0.78	1
306	312	10780	8	3	5	-0.52	-1
306	313	10563	8	4	4	0.00	1
306	314	9873	8	4	4	0.00	1
306	315	9510	7	5	2	0.78	1
306	316	7666	4	4	0	1.04	1
306	317	6510	4	0	4	-1.04	-1
306	318	6205	4	2	2	0.00	1
306	319	5998	4	3	1	0.52	1
306	320	5837	4	0	4	-1.04	-1
306	321	5227	4	2	2	0.00	1
306	322	4375	1	1	0	0.26	1
306	323	3827	1	1	0	0.26	1
307	308	14144	14	7	7	0.00	1
307	309	14148	13	6	7	-0.26	-1
307	310	13380	12	6	6	0.00	1
307	311	12789	11	9	2	1.82	1
307	312	11882	8	3	5	-0.52	-1
307	313	11665	8	6	2	1.04	1
307	314	10256	8	6	2	1.04	1
307	315	10612	7	1	6	-1.30	-1
307	316	8768	4	3	1	0.52	1
307	317	7612	4	4	0	1.04	1
307	318	7307	4	3	1	0.52	1
307	319	7100	4	2	2	0.00	1
307	320	6939	4	3	1	0.52	1
307	321	6329	4	0	4	-1.04	-1
307	322	5477	1	0	1	-0.26	-1
307	323	4929	1	0	1	-0.26	-1
308	309	13711	13	9	4	1.30	1
308	310	12943	12	8	4	1.04	1
308	311	12352	11	7	4	0.78	1
308	312	11445	8	3	5	-0.52	-1
308	313	11228	8	5	3	0.52	1
308	314	10256	8	2	6	-1.04	-1
308	315	10175	7	2	5	-0.78	-1
308	316	8331	4	2	2	0.00	1
308	317	7175	4	0	4	-1.04	-1
308	318	6870	4	3	1	0.52	1
308	319	6663	4	3	1	0.52	1
308	320	6502	4	1	3	-0.52	-1
308	321	5892	4	2	2	0.00	1
308	322	5040	1	1	0	0.26	1
308	323	4492	1	1	0	0.26	1
309	310	14123	12	10	2	2.09	1
309	311	13532	11	9	2	1.82	1
309	312	12625	8	3	5	-0.52	-1
309	313	12408	8	4	4	0.00	1
309	314	10256	8	4	4	0.00	1
309	315	11355	7	5	2	0.78	1
309	316	9511	4	2	2	0.00	1
309	317	8355	4	3	1	0.52	1
309	318	8050	4	1	3	-0.52	-1
309	319	7843	4	2	2	0.00	1
309	320	7682	4	2	2	0.00	1
309	321	7072	4	3	1	0.52	1
309	322	6220	1	0	1	-0.26	-1
309	323	5672	1	1	0	0.26	1
310	311	13954	12	6	6	0.00	1
310	312	14681	10	4	6	-0.52	-1
310	313	14464	10	5	5	0.00	1
310	314	10256	8	2	6	-1.04	-1
310	315	13411	9	4	5	-0.26	-1
310	316	11567	6	3	3	0.00	1
310	317	10411	6	3	3	0.00	1
310	318	10106	6	0	6	-1.56	-1
310	319	9899	6	4	2	0.52	1
310	320	9738	6	3	3	0.00	1
310	321	9128	6	3	3	0.00	1
310	322	8276	3	1	2	-0.26	-1
310	323	7728	3	2	1	0.26	1
310	324	5029	2	1	1	0.00	1
310	325	4957	2	1	1	0.00	1
310	326	4540	2	2	0	0.52	1
310	327	3711	2	1	1	0.00	1
310	328	3473	2	2	0	0.52	1
310	329	3449	2	1	1	0.00	1
310	330	3222	2	2	0	0.52	1
310	331	3014	2	1	1	0.00	1
310	332	2949	2	1	1	0.00	1
310	333	2463	2	1	1	0.00	1
310	334	2244	2	2	0	0.52	1
310	335	2177	2	1	1	0.00	1
310	336	2040	2	2	0	0.52	1
310	337	1486	1	1	0	0.26	1
311	312	13047	9	2	7	-1.30	-1
311	313	12830	9	2	7	-1.30	-1
311	314	10256	8	2	6	-1.04	-1
311	315	11777	8	5	3	0.52	1
311	316	9933	5	3	2	0.26	1
311	317	8777	5	3	2	0.26	1
311	318	8472	5	4	1	0.78	1
311	319	8265	5	2	3	-0.26	-1
311	320	8104	5	3	2	0.26	1
311	321	7494	5	4	1	0.78	1
311	322	6642	2	1	1	0.00	1
311	323	6094	2	2	0	0.52	1
311	324	3395	1	0	1	-0.26	-1
311	325	3323	1	0	1	-0.26	-1
311	326	2906	1	0	1	-0.26	-1
311	327	2077	1	1	0	0.26	1
311	328	1839	1	0	1	-0.26	-1
311	329	1815	1	0	1	-0.26	-1
311	330	1588	1	0	1	-0.26	-1
311	331	1380	1	1	0	0.26	1
311	332	1315	1	1	0	0.26	1
311	333	829	1	0	1	-0.26	-1
311	334	610	1	1	0	0.26	1
311	335	543	1	1	0	0.26	1
311	336	406	1	0	1	-0.26	-1
312	313	16112	11	7	4	0.78	1
312	314	10256	8	4	4	0.00	1
312	315	15059	10	3	7	-1.04	-1
312	316	13215	7	5	2	0.78	1
312	317	12059	7	4	3	0.26	1
312	318	11754	7	3	4	-0.26	-1
312	319	11547	7	4	3	0.26	1
312	320	11386	7	5	2	0.78	1
312	321	10776	7	5	2	0.78	1
312	322	9924	4	4	0	1.04	1
312	323	9376	4	0	4	-1.04	-1
312	324	6677	3	2	1	0.26	1
312	325	6605	3	1	2	-0.26	-1
312	326	6188	3	0	3	-0.78	-1
312	327	5359	3	2	1	0.26	1
312	328	5121	3	1	2	-0.26	-1
312	329	5097	3	0	3	-0.78	-1
312	330	4870	3	2	1	0.26	1
312	331	4662	3	0	3	-0.78	-1
312	332	4597	3	2	1	0.26	1
312	333	4111	3	2	1	0.26	1
312	334	3892	3	0	3	-0.78	-1
312	335	3825	3	1	2	-0.26	-1
312	336	3688	3	0	3	-0.78	-1
312	337	3134	2	2	0	0.52	1
312	338	2667	1	1	0	0.26	1
312	339	2576	1	1	0	0.26	1
312	340	2331	1	0	1	-0.26	-1
312	341	2247	1	0	1	-0.26	-1
312	342	1879	1	0	1	-0.26	-1
312	343	1827	1	1	0	0.26	1
312	344	1647	1	1	0	0.26	1
313	314	10256	8	3	5	-0.52	-1
313	315	16218	12	4	8	-1.04	-1
313	316	14374	9	3	6	-0.78	-1
313	317	13218	9	5	4	0.26	1
313	318	12913	9	2	7	-1.30	-1
313	319	12706	9	7	2	1.30	1
313	320	12545	9	5	4	0.26	1
313	321	11935	9	6	3	0.78	1
313	322	11083	6	5	1	1.04	1
313	323	10535	6	2	4	-0.52	-1
313	324	7836	5	2	3	-0.26	-1
313	325	7764	5	1	4	-0.78	-1
313	326	7347	5	4	1	0.78	1
313	327	6518	5	2	3	-0.26	-1
313	328	6280	5	4	1	0.78	1
313	329	6256	5	3	2	0.26	1
313	330	6029	5	2	3	-0.26	-1
313	331	5821	5	3	2	0.26	1
313	332	5756	5	1	4	-0.78	-1
313	333	5270	5	3	2	0.26	1
313	334	5051	5	2	3	-0.26	-1
313	335	4984	5	1	4	-0.78	-1
313	336	4847	5	3	2	0.26	1
313	337	4293	4	0	4	-1.04	-1
313	338	3826	3	2	1	0.26	1
313	339	3735	3	2	1	0.26	1
313	340	3490	3	1	2	-0.26	-1
313	341	3406	3	2	1	0.26	1
313	342	3038	3	2	1	0.26	1
313	343	2986	3	2	1	0.26	1
313	344	2806	3	2	1	0.26	1
313	345	2406	2	1	1	0.00	1
314	315	9893	7	5	2	0.78	1
314	316	8049	4	1	3	-0.52	-1
314	317	6893	4	2	2	0.00	1
314	318	6588	4	4	0	1.04	1
314	319	6381	4	2	2	0.00	1
314	320	6220	4	3	1	0.52	1
314	321	5610	4	2	2	0.00	1
314	322	4758	1	0	1	-0.26	-1
314	323	4210	1	1	0	0.26	1
315	316	19035	13	8	5	0.78	1
315	317	17879	13	7	6	0.26	1
315	318	17574	13	5	8	-0.78	-1
315	319	13759	9	4	5	-0.26	-1
315	320	13801	9	1	8	-1.82	-1
315	321	14024	11	6	5	0.26	1
315	322	15744	10	2	8	-1.56	-1
315	323	13414	8	3	5	-0.52	-1
315	324	12497	9	6	3	0.78	1
315	325	12425	9	6	3	0.78	1
315	326	12008	9	3	6	-0.78	-1
315	327	11179	9	4	5	-0.26	-1
315	328	10941	9	3	6	-0.78	-1
315	329	10917	9	5	4	0.26	1
315	330	10690	9	4	5	-0.26	-1
315	331	10482	9	6	3	0.78	1
315	332	10417	9	6	3	0.78	1
315	333	9931	9	7	2	1.30	1
315	334	9712	9	6	3	0.78	1
315	335	9645	9	3	6	-0.78	-1
315	336	9508	9	3	6	-0.78	-1
315	337	8954	8	3	5	-0.52	-1
315	338	8487	7	4	3	0.26	1
315	339	8396	7	5	2	0.78	1
315	340	8151	7	3	4	-0.26	-1
315	341	8067	7	2	5	-0.78	-1
315	342	7699	7	5	2	0.78	1
315	343	7647	7	2	5	-0.78	-1
315	344	7467	7	5	2	0.78	1
315	345	7067	6	3	3	0.00	1
315	346	3778	4	2	2	0.00	1
315	347	3061	3	2	1	0.26	1
315	348	2147	2	0	2	-0.52	-1
315	349	2144	2	1	1	0.00	1
315	350	1868	2	1	1	0.00	1
315	351	1820	2	1	1	0.00	1
315	352	1697	2	1	1	0.00	1
315	353	698	1	1	0	0.26	1
315	354	219	1	1	0	0.26	1
316	317	18767	13	5	8	-0.78	-1
316	318	18462	13	9	4	1.30	1
316	319	13759	9	5	4	0.26	1
316	320	13801	9	5	4	0.26	1
316	321	14024	11	6	5	0.26	1
316	322	16632	10	5	5	0.00	1
316	323	13414	8	5	3	0.52	1
316	324	13385	9	5	4	0.26	1
316	325	13313	9	3	6	-0.78	-1
316	326	12896	9	2	7	-1.30	-1
316	327	12067	9	6	3	0.78	1
316	328	11829	9	3	6	-0.78	-1
316	329	11805	9	5	4	0.26	1
316	330	11578	9	3	6	-0.78	-1
316	331	11370	9	3	6	-0.78	-1
316	332	11305	9	3	6	-0.78	-1
316	333	10819	9	5	4	0.26	1
316	334	10600	9	2	7	-1.30	-1
316	335	10533	9	4	5	-0.26	-1
316	336	10396	9	4	5	-0.26	-1
316	337	9842	8	4	4	0.00	1
316	338	9375	7	3	4	-0.26	-1
316	339	9284	7	6	1	1.30	1
316	340	9039	7	2	5	-0.78	-1
316	341	8955	7	2	5	-0.78	-1
316	342	8587	7	5	2	0.78	1
316	343	8535	7	1	6	-1.30	-1
316	344	8355	7	5	2	0.78	1
316	345	7955	6	4	2	0.52	1
316	346	4666	4	3	1	0.52	1
316	347	3949	3	2	1	0.26	1
316	348	3035	2	1	1	0.00	1
316	349	3032	2	0	2	-0.52	-1
316	350	2756	2	2	0	0.52	1
316	351	2708	2	0	2	-0.52	-1
316	352	2585	2	1	1	0.00	1
316	353	1586	1	1	0	0.26	1
316	354	1107	1	0	1	-0.26	-1
317	318	19785	15	10	5	1.30	1
317	319	13759	9	4	5	-0.26	-1
317	320	13801	9	6	3	0.78	1
317	321	14024	11	4	7	-0.78	-1
317	322	18425	12	6	6	0.00	1
317	323	13414	8	5	3	0.52	1
317	324	15178	11	3	8	-1.30	-1
317	325	15106	11	7	4	0.78	1
317	326	14689	11	8	3	1.30	1
317	327	13860	11	5	6	-0.26	-1
317	328	13622	11	5	6	-0.26	-1
317	329	13598	11	3	8	-1.30	-1
317	330	13371	11	8	3	1.30	1
317	331	13163	11	5	6	-0.26	-1
317	332	13098	11	7	4	0.78	1
317	333	12612	11	9	2	1.82	1
317	334	12393	11	9	2	1.82	1
317	335	12326	11	2	9	-1.82	-1
317	336	12189	11	3	8	-1.30	-1
317	337	11635	10	4	6	-0.52	-1
317	338	11168	9	6	3	0.78	1
317	339	11077	9	1	8	-1.82	-1
317	340	10832	9	7	2	1.30	1
317	341	10748	9	3	6	-0.78	-1
317	342	10380	9	2	7	-1.30	-1
317	343	10328	9	5	4	0.26	1
317	344	10148	9	4	5	-0.26	-1
317	345	9748	8	3	5	-0.52	-1
317	346	6459	6	3	3	0.00	1
317	347	5742	5	3	2	0.26	1
317	348	4828	4	0	4	-1.04	-1
317	349	4825	4	3	1	0.52	1
317	350	4549	4	3	1	0.52	1
317	351	4501	4	2	2	0.00	1
317	352	4378	4	1	3	-0.52	-1
317	353	3379	3	2	1	0.26	1
317	354	2900	3	1	2	-0.26	-1
317	355	2515	2	1	1	0.00	1
317	356	2430	2	1	1	0.00	1
317	357	2266	2	1	1	0.00	1
318	319	13759	9	4	5	-0.26	-1
318	320	13801	9	3	6	-0.78	-1
318	321	14024	11	6	5	0.26	1
318	322	17955	12	2	10	-2.09	-1
318	323	13414	8	2	6	-1.04	-1
318	324	14708	11	5	6	-0.26	-1
318	325	14636	11	3	8	-1.30	-1
318	326	14219	11	2	9	-1.82	-1
318	327	13390	11	5	6	-0.26	-1
318	328	13152	11	4	7	-0.78	-1
318	329	13128	11	4	7	-0.78	-1
318	330	12901	11	4	7	-0.78	-1
318	331	12693	11	7	4	0.78	1
318	332	12628	11	7	4	0.78	1
318	333	12142	11	5	6	-0.26	-1
318	334	11923	11	5	6	-0.26	-1
318	335	11856	11	4	7	-0.78	-1
318	336	11719	11	7	4	0.78	1
318	337	11165	10	4	6	-0.52	-1
318	338	10698	9	6	3	0.78	1
318	339	10607	9	5	4	0.26	1
318	340	10362	9	4	5	-0.26	-1
318	341	10278	9	6	3	0.78	1
318	342	9910	9	7	2	1.30	1
318	343	9858	9	4	5	-0.26	-1
318	344	9678	9	3	6	-0.78	-1
318	345	9278	8	6	2	1.04	1
318	346	5989	6	3	3	0.00	1
318	347	5272	5	3	2	0.26	1
318	348	4358	4	3	1	0.52	1
318	349	4355	4	1	3	-0.52	-1
318	350	4079	4	0	4	-1.04	-1
318	351	4031	4	3	1	0.52	1
318	352	3908	4	1	3	-0.52	-1
318	353	2909	3	1	2	-0.26	-1
318	354	2430	3	0	3	-0.78	-1
318	355	2045	2	1	1	0.00	1
318	356	1960	2	1	1	0.00	1
318	357	1796	2	2	0	0.52	1
319	320	13598	9	4	5	-0.26	-1
319	321	12988	9	4	5	-0.26	-1
319	322	12136	6	3	3	0.00	1
319	323	11588	6	4	2	0.52	1
319	324	8889	5	4	1	0.78	1
319	325	8817	5	2	3	-0.26	-1
319	326	8400	5	2	3	-0.26	-1
319	327	7571	5	4	1	0.78	1
319	328	7333	5	4	1	0.78	1
319	329	7309	5	3	2	0.26	1
319	330	7082	5	2	3	-0.26	-1
319	331	6874	5	2	3	-0.26	-1
319	332	6809	5	2	3	-0.26	-1
319	333	6323	5	5	0	1.30	1
319	334	6104	5	3	2	0.26	1
319	335	6037	5	2	3	-0.26	-1
319	336	5900	5	3	2	0.26	1
319	337	5346	4	3	1	0.52	1
319	338	4879	3	2	1	0.26	1
319	339	4788	3	2	1	0.26	1
319	340	4543	3	2	1	0.26	1
319	341	4459	3	1	2	-0.26	-1
319	342	4091	3	2	1	0.26	1
319	343	4039	3	1	2	-0.26	-1
319	344	3859	3	3	0	0.78	1
319	345	3459	2	1	1	0.00	1
320	321	13191	9	4	5	-0.26	-1
320	322	12339	6	4	2	0.52	1
320	323	11791	6	1	5	-1.04	-1
320	324	9092	5	3	2	0.26	1
320	325	9020	5	2	3	-0.26	-1
320	326	8603	5	5	0	1.30	1
320	327	7774	5	1	4	-0.78	-1
320	328	7536	5	2	3	-0.26	-1
320	329	7512	5	3	2	0.26	1
320	330	7285	5	3	2	0.26	1
320	331	7077	5	2	3	-0.26	-1
320	332	7012	5	2	3	-0.26	-1
320	333	6526	5	2	3	-0.26	-1
320	334	6307	5	3	2	0.26	1
320	335	6240	5	3	2	0.26	1
320	336	6103	5	2	3	-0.26	-1
320	337	5549	4	1	3	-0.52	-1
320	338	5082	3	2	1	0.26	1
320	339	4991	3	0	3	-0.78	-1
320	340	4746	3	2	1	0.26	1
320	341	4662	3	1	2	-0.26	-1
320	342	4294	3	0	3	-0.78	-1
320	343	4242	3	2	1	0.26	1
320	344	4062	3	2	1	0.26	1
320	345	3662	2	2	0	0.52	1
321	322	13172	8	4	4	0.00	1
321	323	12624	8	3	5	-0.52	-1
321	324	9925	7	3	4	-0.26	-1
321	325	9853	7	4	3	0.26	1
321	326	9436	7	0	7	-1.82	-1
321	327	8607	7	3	4	-0.26	-1
321	328	8369	7	5	2	0.78	1
321	329	8345	7	5	2	0.78	1
321	330	8118	7	2	5	-0.78	-1
321	331	7910	7	4	3	0.26	1
321	332	7845	7	3	4	-0.26	-1
321	333	7359	7	2	5	-0.78	-1
321	334	7140	7	1	6	-1.30	-1
321	335	7073	7	6	1	1.30	1
321	336	6936	7	4	3	0.26	1
321	337	6382	6	3	3	0.00	1
321	338	5915	5	2	3	-0.26	-1
321	339	5824	5	1	4	-0.78	-1
321	340	5579	5	3	2	0.26	1
321	341	5495	5	2	3	-0.26	-1
321	342	5127	5	4	1	0.78	1
321	343	5075	5	3	2	0.26	1
321	344	4895	5	2	3	-0.26	-1
321	345	4495	4	3	1	0.52	1
321	346	1206	2	1	1	0.00	1
321	347	489	1	1	0	0.26	1
322	323	13414	8	1	7	-1.56	-1
322	324	16048	12	7	5	0.52	1
322	325	15740	11	4	7	-0.78	-1
322	326	16871	15	7	8	-0.26	-1
322	327	16042	15	5	10	-1.30	-1
322	328	15804	15	9	6	0.78	1
322	329	15780	15	12	3	2.35	1
322	330	15553	15	10	5	1.30	1
322	331	14057	12	5	7	-0.52	-1
322	332	15280	15	8	7	0.26	1
322	333	14794	15	7	8	-0.26	-1
322	334	14575	15	10	5	1.30	1
322	335	14508	15	6	9	-0.78	-1
322	336	14371	15	8	7	0.26	1
322	337	13817	14	6	8	-0.52	-1
322	338	13350	13	7	6	0.26	1
322	339	13259	13	3	10	-1.82	-1
322	340	13014	13	7	6	0.26	1
322	341	12930	13	2	11	-2.35	-1
322	342	12562	13	6	7	-0.26	-1
322	343	12510	13	9	4	1.30	1
322	344	12330	13	7	6	0.26	1
322	345	11930	12	7	5	0.52	1
322	346	8641	10	2	8	-1.56	-1
322	347	7924	9	4	5	-0.26	-1
322	348	7010	8	3	5	-0.52	-1
322	349	7007	8	5	3	0.52	1
322	350	6731	8	7	1	1.56	1
322	351	6683	8	6	2	1.04	1
322	352	6560	8	3	5	-0.52	-1
322	353	5561	7	0	7	-1.82	-1
322	354	5082	7	7	0	1.82	1
322	355	4697	6	3	3	0.00	1
322	356	4612	6	5	1	1.04	1
322	357	4448	6	3	3	0.00	1
322	358	3513	4	2	2	0.00	1
322	359	3295	4	3	1	0.52	1
322	360	1083	3	2	1	0.26	1
322	361	1073	3	1	2	-0.26	-1
322	362	631	1	1	0	0.26	1
323	324	10715	7	3	4	-0.26	-1
323	325	10643	7	4	3	0.26	1
323	326	10226	7	5	2	0.78	1
323	327	9397	7	3	4	-0.26	-1
323	328	9159	7	4	3	0.26	1
323	329	9135	7	3	4	-0.26	-1
323	330	8908	7	4	3	0.26	1
323	331	8700	7	4	3	0.26	1
323	332	8635	7	5	2	0.78	1
323	333	8149	7	2	5	-0.78	-1
323	334	7930	7	3	4	-0.26	-1
323	335	7863	7	2	5	-0.78	-1
323	336	7726	7	5	2	0.78	1
323	337	7172	6	3	3	0.00	1
323	338	6705	5	4	1	0.78	1
323	339	6614	5	2	3	-0.26	-1
323	340	6369	5	1	4	-0.78	-1
323	341	6285	5	2	3	-0.26	-1
323	342	5917	5	5	0	1.30	1
323	343	5865	5	3	2	0.26	1
323	344	5685	5	0	5	-1.30	-1
323	345	5285	4	3	1	0.52	1
323	346	1996	2	2	0	0.52	1
323	347	1279	1	1	0	0.26	1
324	325	15740	11	4	7	-0.78	-1
324	326	15559	12	8	4	1.04	1
324	327	14730	12	8	4	1.04	1
324	328	14492	12	9	3	1.56	1
324	329	14468	12	4	8	-1.04	-1
324	330	14241	12	8	4	1.04	1
324	331	14033	12	2	10	-2.09	-1
324	332	13968	12	9	3	1.56	1
324	333	13482	12	6	6	0.00	1
324	334	13263	12	7	5	0.52	1
324	335	13196	12	5	7	-0.52	-1
324	336	13059	12	6	6	0.00	1
324	337	12505	11	5	6	-0.26	-1
324	338	12038	10	4	6	-0.52	-1
324	339	11947	10	3	7	-1.04	-1
324	340	11702	10	7	3	1.04	1
324	341	11618	10	8	2	1.56	1
324	342	11250	10	3	7	-1.04	-1
324	343	11198	10	6	4	0.52	1
324	344	11018	10	7	3	1.04	1
324	345	10618	9	4	5	-0.26	-1
324	346	7329	7	5	2	0.78	1
324	347	6612	6	3	3	0.00	1
324	348	5698	5	4	1	0.78	1
324	349	5695	5	1	4	-0.78	-1
324	350	5419	5	4	1	0.78	1
324	351	5371	5	3	2	0.26	1
324	352	5248	5	2	3	-0.26	-1
324	353	4249	4	2	2	0.00	1
324	354	3770	4	2	2	0.00	1
324	355	3385	3	2	1	0.26	1
324	356	3300	3	0	3	-0.78	-1
324	357	3136	3	3	0	0.78	1
324	358	2201	1	1	0	0.26	1
324	359	1983	1	0	1	-0.26	-1
325	326	15323	11	3	8	-1.30	-1
325	327	14494	11	8	3	1.30	1
325	328	14256	11	5	6	-0.26	-1
325	329	14232	11	4	7	-0.78	-1
325	330	14005	11	3	8	-1.30	-1
325	331	13797	11	5	6	-0.26	-1
325	332	13732	11	8	3	1.30	1
325	333	13246	11	4	7	-0.78	-1
325	334	13027	11	6	5	0.26	1
325	335	12960	11	7	4	0.78	1
325	336	12823	11	6	5	0.26	1
325	337	12269	10	7	3	1.04	1
325	338	11802	9	5	4	0.26	1
325	339	11711	9	5	4	0.26	1
325	340	11466	9	5	4	0.26	1
325	341	11382	9	6	3	0.78	1
325	342	11014	9	7	2	1.30	1
325	343	10962	9	3	6	-0.78	-1
325	344	10782	9	4	5	-0.26	-1
325	345	10382	8	6	2	1.04	1
325	346	7093	6	3	3	0.00	1
325	347	6376	5	4	1	0.78	1
325	348	5462	4	3	1	0.52	1
325	349	5459	4	2	2	0.00	1
325	350	5183	4	3	1	0.52	1
325	351	5135	4	2	2	0.00	1
325	352	5012	4	1	3	-0.52	-1
325	353	4013	3	2	1	0.26	1
325	354	3534	3	2	1	0.26	1
325	355	3149	2	2	0	0.52	1
325	356	3064	2	2	0	0.52	1
325	357	2900	2	0	2	-0.52	-1
326	327	20857	20	13	7	1.56	1
326	328	15895	15	6	9	-0.78	-1
326	329	17539	16	9	7	0.52	1
326	330	24937	24	15	9	1.56	1
326	331	14057	12	8	4	1.04	1
326	332	17484	18	7	11	-1.04	-1
326	333	21394	22	15	7	2.09	1
326	334	18129	20	7	13	-1.56	-1
326	335	23062	24	14	10	1.04	1
326	336	22900	24	11	13	-0.52	-1
326	337	20411	21	9	12	-0.78	-1
326	338	23036	22	8	14	-1.56	-1
326	339	21664	22	7	15	-2.09	-1
326	340	22700	22	12	10	0.52	1
326	341	18553	20	6	14	-2.09	-1
326	342	18031	20	8	12	-1.04	-1
326	343	21875	22	13	9	1.04	1
326	344	19284	21	10	11	-0.26	-1
326	345	21616	21	9	12	-0.78	-1
326	346	18327	19	12	7	1.30	1
326	347	14659	17	9	8	0.26	1
326	348	16696	17	10	7	0.78	1
326	349	16693	17	11	6	1.30	1
326	350	16417	17	10	7	0.78	1
326	351	16369	17	6	11	-1.30	-1
326	352	16246	17	12	5	1.82	1
326	353	12852	15	8	7	0.26	1
326	354	14768	16	9	7	0.52	1
326	355	14383	15	3	12	-2.35	-1
326	356	14298	15	8	7	0.26	1
326	357	14134	15	10	5	1.30	1
326	358	13199	13	5	8	-0.78	-1
326	359	12981	13	8	5	0.78	1
326	360	10769	12	5	7	-0.52	-1
326	361	10759	12	8	4	1.04	1
326	362	10317	10	5	5	0.00	1
326	363	10225	9	3	6	-0.78	-1
326	364	9963	9	2	7	-1.30	-1
326	365	9376	9	6	3	0.78	1
326	366	8732	8	3	5	-0.52	-1
326	367	6989	6	2	4	-0.52	-1
326	368	6919	6	3	3	0.00	1
326	369	6912	6	2	4	-0.52	-1
326	370	6792	6	4	2	0.52	1
326	371	5968	4	2	2	0.00	1
326	372	5806	4	2	2	0.00	1
326	373	5772	4	2	2	0.00	1
326	374	5719	4	2	2	0.00	1
326	375	5182	4	3	1	0.52	1
326	376	4317	2	1	1	0.00	1
326	377	3701	2	1	1	0.00	1
326	378	3349	2	2	0	0.52	1
326	379	2565	1	1	0	0.26	1
327	328	15895	15	5	10	-1.30	-1
327	329	17539	16	7	9	-0.52	-1
327	330	20368	20	8	12	-1.04	-1
327	331	14057	12	4	8	-1.04	-1
327	332	17484	18	10	8	0.52	1
327	333	19609	20	8	12	-1.04	-1
327	334	18129	20	8	12	-1.04	-1
327	335	19323	20	12	8	1.04	1
327	336	19186	20	11	9	0.52	1
327	337	18632	19	13	6	1.82	1
327	338	18165	18	10	8	0.52	1
327	339	18074	18	10	8	0.52	1
327	340	17829	18	8	10	-0.52	-1
327	341	17745	18	10	8	0.52	1
327	342	17377	18	9	9	0.00	1
327	343	17325	18	10	8	0.52	1
327	344	17145	18	9	9	0.00	1
327	345	16745	17	9	8	0.26	1
327	346	13456	15	5	10	-1.30	-1
327	347	12739	14	5	9	-1.04	-1
327	348	11825	13	4	9	-1.30	-1
327	349	11822	13	2	11	-2.35	-1
327	350	11546	13	4	9	-1.30	-1
327	351	11498	13	5	8	-0.78	-1
327	352	11375	13	8	5	0.78	1
327	353	10376	12	9	3	1.56	1
327	354	9897	12	6	6	0.00	1
327	355	9512	11	9	2	1.82	1
327	356	9427	11	6	5	0.26	1
327	357	9263	11	2	9	-1.82	-1
327	358	8328	9	5	4	0.26	1
327	359	8110	9	2	7	-1.30	-1
327	360	5898	8	7	1	1.56	1
327	361	5888	8	3	5	-0.52	-1
327	362	5446	6	1	5	-1.04	-1
327	363	5354	5	2	3	-0.26	-1
327	364	5092	5	3	2	0.26	1
327	365	4505	5	4	1	0.78	1
327	366	3861	4	2	2	0.00	1
327	367	2118	2	1	1	0.00	1
327	368	2048	2	1	1	0.00	1
327	369	2041	2	0	2	-0.52	-1
327	370	1921	2	2	0	0.52	1
328	329	15871	15	8	7	0.26	1
328	330	15644	15	9	6	0.78	1
328	331	14057	12	6	6	0.00	1
328	332	15371	15	9	6	0.78	1
328	333	14885	15	8	7	0.26	1
328	334	14666	15	9	6	0.78	1
328	335	14599	15	5	10	-1.30	-1
328	336	14462	15	7	8	-0.26	-1
328	337	13908	14	4	10	-1.56	-1
328	338	13441	13	2	11	-2.35	-1
328	339	13350	13	7	6	0.26	1
328	340	13105	13	6	7	-0.26	-1
328	341	13021	13	3	10	-1.82	-1
328	342	12653	13	6	7	-0.26	-1
328	343	12601	13	7	6	0.26	1
328	344	12421	13	10	3	1.82	1
328	345	12021	12	3	9	-1.56	-1
328	346	8732	10	3	7	-1.04	-1
328	347	8015	9	3	6	-0.78	-1
328	348	7101	8	5	3	0.52	1
328	349	7098	8	4	4	0.00	1
328	350	6822	8	5	3	0.52	1
328	351	6774	8	3	5	-0.52	-1
328	352	6651	8	2	6	-1.04	-1
328	353	5652	7	2	5	-0.78	-1
328	354	5173	7	3	4	-0.26	-1
328	355	4788	6	2	4	-0.52	-1
328	356	4703	6	2	4	-0.52	-1
328	357	4539	6	5	1	1.04	1
328	358	3604	4	3	1	0.52	1
328	359	3386	4	2	2	0.00	1
328	360	1174	3	1	2	-0.26	-1
328	361	1164	3	2	1	0.26	1
328	362	722	1	1	0	0.26	1
329	330	17312	16	6	10	-1.04	-1
329	331	14057	12	4	8	-1.04	-1
329	332	17039	16	8	8	0.00	1
329	333	16553	16	4	12	-2.09	-1
329	334	16334	16	6	10	-1.04	-1
329	335	16267	16	8	8	0.00	1
329	336	16130	16	13	3	2.61	1
329	337	15576	15	7	8	-0.26	-1
329	338	15109	14	6	8	-0.52	-1
329	339	15018	14	8	6	0.52	1
329	340	14773	14	8	6	0.52	1
329	341	14689	14	7	7	0.00	1
329	342	14321	14	5	9	-1.04	-1
329	343	14269	14	7	7	0.00	1
329	344	14089	14	11	3	2.09	1
329	345	13689	13	8	5	0.78	1
329	346	10400	11	4	7	-0.78	-1
329	347	9683	10	4	6	-0.52	-1
329	348	8769	9	3	6	-0.78	-1
329	349	8766	9	5	4	0.26	1
329	350	8490	9	3	6	-0.78	-1
329	351	8442	9	6	3	0.78	1
329	352	8319	9	3	6	-0.78	-1
329	353	7320	8	5	3	0.52	1
329	354	6841	8	2	6	-1.04	-1
329	355	6456	7	4	3	0.26	1
329	356	6371	7	2	5	-0.78	-1
329	357	6207	7	3	4	-0.26	-1
329	358	5272	5	2	3	-0.26	-1
329	359	5054	5	1	4	-0.78	-1
329	360	2842	4	1	3	-0.52	-1
329	361	2832	4	2	2	0.00	1
329	362	2390	2	1	1	0.00	1
329	363	2298	1	1	0	0.26	1
329	364	2036	1	1	0	0.26	1
329	365	1449	1	1	0	0.26	1
330	331	14057	12	3	9	-1.56	-1
330	332	17484	18	5	13	-2.09	-1
330	333	21394	22	13	9	1.04	1
330	334	18129	20	10	10	0.00	1
330	335	23062	24	10	14	-1.04	-1
330	336	22900	24	16	8	2.09	1
330	337	20411	21	7	14	-1.82	-1
330	338	22734	22	6	16	-2.61	-1
330	339	21664	22	9	13	-1.04	-1
330	340	22398	22	12	10	0.52	1
330	341	18553	20	10	10	0.00	1
330	342	18031	20	10	10	0.00	1
330	343	21875	22	11	11	0.00	1
330	344	19284	21	13	8	1.30	1
330	345	21314	21	7	14	-1.82	-1
330	346	18025	19	11	8	0.78	1
330	347	14659	17	7	10	-0.78	-1
330	348	16394	17	9	8	0.26	1
330	349	16391	17	13	4	2.35	1
330	350	16115	17	10	7	0.78	1
330	351	16067	17	8	9	-0.26	-1
330	352	15944	17	9	8	0.26	1
330	353	12852	15	8	7	0.26	1
330	354	14466	16	6	10	-1.04	-1
330	355	14081	15	8	7	0.26	1
330	356	13996	15	7	8	-0.26	-1
330	357	13832	15	9	6	0.78	1
330	358	12897	13	9	4	1.30	1
330	359	12679	13	6	7	-0.26	-1
330	360	10467	12	3	9	-1.56	-1
330	361	10457	12	9	3	1.56	1
330	362	10015	10	5	5	0.00	1
330	363	9923	9	4	5	-0.26	-1
330	364	9661	9	8	1	1.82	1
330	365	9074	9	2	7	-1.30	-1
330	366	8430	8	2	6	-1.04	-1
330	367	6687	6	4	2	0.52	1
330	368	6617	6	2	4	-0.52	-1
330	369	6610	6	3	3	0.00	1
330	370	6490	6	3	3	0.00	1
330	371	5666	4	3	1	0.52	1
330	372	5504	4	2	2	0.00	1
330	373	5470	4	3	1	0.52	1
330	374	5417	4	2	2	0.00	1
330	375	4880	4	2	2	0.00	1
330	376	4015	2	0	2	-0.52	-1
330	377	3399	2	2	0	0.52	1
330	378	3047	2	1	1	0.00	1
330	379	2263	1	0	1	-0.26	-1
331	332	13992	12	10	2	2.09	1
331	333	13506	12	4	8	-1.04	-1
331	334	13287	12	3	9	-1.56	-1
331	335	13220	12	5	7	-0.52	-1
331	336	13083	12	4	8	-1.04	-1
331	337	12529	11	4	7	-0.78	-1
331	338	12062	10	4	6	-0.52	-1
331	339	11971	10	8	2	1.56	1
331	340	11726	10	7	3	1.04	1
331	341	11642	10	6	4	0.52	1
331	342	11274	10	3	7	-1.04	-1
331	343	11222	10	6	4	0.52	1
331	344	11042	10	4	6	-0.52	-1
331	345	10642	9	6	3	0.78	1
331	346	7353	7	5	2	0.78	1
331	347	6636	6	3	3	0.00	1
331	348	5722	5	2	3	-0.26	-1
331	349	5719	5	3	2	0.26	1
331	350	5443	5	1	4	-0.78	-1
331	351	5395	5	3	2	0.26	1
331	352	5272	5	3	2	0.26	1
331	353	4273	4	3	1	0.52	1
331	354	3794	4	3	1	0.52	1
331	355	3409	3	1	2	-0.26	-1
331	356	3324	3	3	0	0.78	1
331	357	3160	3	2	1	0.26	1
331	358	2225	1	0	1	-0.26	-1
331	359	2007	1	1	0	0.26	1
332	333	16998	18	8	10	-0.52	-1
332	334	16779	18	10	8	0.52	1
332	335	16712	18	10	8	0.52	1
332	336	16575	18	10	8	0.52	1
332	337	16021	17	9	8	0.26	1
332	338	15554	16	12	4	2.09	1
332	339	15463	16	7	9	-0.52	-1
332	340	15218	16	5	11	-1.56	-1
332	341	15134	16	11	5	1.56	1
332	342	14766	16	10	6	1.04	1
332	343	14714	16	6	10	-1.04	-1
332	344	14534	16	6	10	-1.04	-1
332	345	14134	15	8	7	0.26	1
332	346	10845	13	8	5	0.78	1
332	347	10128	12	6	6	0.00	1
332	348	9214	11	6	5	0.26	1
332	349	9211	11	6	5	0.26	1
332	350	8935	11	6	5	0.26	1
332	351	8887	11	3	8	-1.30	-1
332	352	8764	11	8	3	1.30	1
332	353	7765	10	8	2	1.56	1
332	354	7286	10	5	5	0.00	1
332	355	6901	9	6	3	0.78	1
332	356	6816	9	7	2	1.30	1
332	357	6652	9	4	5	-0.26	-1
332	358	5717	7	3	4	-0.26	-1
332	359	5499	7	3	4	-0.26	-1
332	360	3287	6	2	4	-0.52	-1
332	361	3277	6	1	5	-1.04	-1
332	362	2835	4	3	1	0.52	1
332	363	2743	3	2	1	0.26	1
332	364	2481	3	2	1	0.26	1
332	365	1894	3	1	2	-0.26	-1
332	366	1250	2	1	1	0.00	1
333	334	18129	20	11	9	0.52	1
333	335	21108	22	10	12	-0.52	-1
333	336	20971	22	10	12	-0.52	-1
333	337	20411	21	10	11	-0.26	-1
333	338	19950	20	12	8	1.04	1
333	339	19859	20	9	11	-0.52	-1
333	340	19614	20	13	7	1.56	1
333	341	18553	20	6	14	-2.09	-1
333	342	18031	20	11	9	0.52	1
333	343	19110	20	10	10	0.00	1
333	344	18930	20	8	12	-1.04	-1
333	345	18530	19	11	8	0.78	1
333	346	15241	17	6	11	-1.30	-1
333	347	14524	16	5	11	-1.56	-1
333	348	13610	15	3	12	-2.35	-1
333	349	13607	15	12	3	2.35	1
333	350	13331	15	7	8	-0.26	-1
333	351	13283	15	8	7	0.26	1
333	352	13160	15	8	7	0.26	1
333	353	12161	14	7	7	0.00	1
333	354	11682	14	6	8	-0.52	-1
333	355	11297	13	4	9	-1.30	-1
333	356	11212	13	6	7	-0.26	-1
333	357	11048	13	8	5	0.78	1
333	358	10113	11	5	6	-0.26	-1
333	359	9895	11	7	4	0.78	1
333	360	7683	10	7	3	1.04	1
333	361	7673	10	7	3	1.04	1
333	362	7231	8	6	2	1.04	1
333	363	7139	7	1	6	-1.30	-1
333	364	6877	7	2	5	-0.78	-1
333	365	6290	7	5	2	0.78	1
333	366	5646	6	1	5	-1.04	-1
333	367	3903	4	2	2	0.00	1
333	368	3833	4	1	3	-0.52	-1
333	369	3826	4	2	2	0.00	1
333	370	3706	4	2	2	0.00	1
333	371	2882	2	2	0	0.52	1
333	372	2720	2	1	1	0.00	1
333	373	2686	2	2	0	0.52	1
333	374	2633	2	1	1	0.00	1
333	375	2096	2	2	0	0.52	1
334	335	18062	20	13	7	1.56	1
334	336	17925	20	11	9	0.52	1
334	337	17371	19	6	13	-1.82	-1
334	338	16904	18	9	9	0.00	1
334	339	16813	18	7	11	-1.04	-1
334	340	16568	18	11	7	1.04	1
334	341	16484	18	5	13	-2.09	-1
334	342	16116	18	6	12	-1.56	-1
334	343	16064	18	11	7	1.04	1
334	344	15884	18	11	7	1.04	1
334	345	15484	17	7	10	-0.78	-1
334	346	12195	15	8	7	0.26	1
334	347	11478	14	3	11	-2.09	-1
334	348	10564	13	8	5	0.78	1
334	349	10561	13	9	4	1.30	1
334	350	10285	13	10	3	1.82	1
334	351	10237	13	6	7	-0.26	-1
334	352	10114	13	7	6	0.26	1
334	353	9115	12	4	8	-1.04	-1
334	354	8636	12	7	5	0.52	1
334	355	8251	11	4	7	-0.78	-1
334	356	8166	11	5	6	-0.26	-1
334	357	8002	11	7	4	0.78	1
334	358	7067	9	7	2	1.30	1
334	359	6849	9	4	5	-0.26	-1
334	360	4637	8	7	1	1.56	1
334	361	4627	8	7	1	1.56	1
334	362	4185	6	1	5	-1.04	-1
334	363	4093	5	4	1	0.78	1
334	364	3831	5	1	4	-0.78	-1
334	365	3244	5	2	3	-0.26	-1
334	366	2600	4	1	3	-0.52	-1
334	367	857	2	2	0	0.52	1
334	368	787	2	2	0	0.52	1
334	369	780	2	1	1	0.00	1
334	370	660	2	2	0	0.52	1
335	336	22900	24	17	7	2.61	1
335	337	20411	21	7	14	-1.82	-1
335	338	21904	22	11	11	0.00	1
335	339	21664	22	11	11	0.00	1
335	340	21568	22	9	13	-1.04	-1
335	341	18553	20	12	8	1.04	1
335	342	18031	20	10	10	0.00	1
335	343	21064	22	8	14	-1.56	-1
335	344	19284	21	8	13	-1.30	-1
335	345	20484	21	10	11	-0.26	-1
335	346	17195	19	10	9	0.26	1
335	347	14659	17	11	6	1.30	1
335	348	15564	17	10	7	0.78	1
335	349	15561	17	7	10	-0.78	-1
335	350	15285	17	6	11	-1.30	-1
335	351	15237	17	6	11	-1.30	-1
335	352	15114	17	9	8	0.26	1
335	353	12852	15	7	8	-0.26	-1
335	354	13636	16	9	7	0.52	1
335	355	13251	15	6	9	-0.78	-1
335	356	13166	15	8	7	0.26	1
335	357	13002	15	6	9	-0.78	-1
335	358	12067	13	4	9	-1.30	-1
335	359	11849	13	5	8	-0.78	-1
335	360	9637	12	5	7	-0.52	-1
335	361	9627	12	8	4	1.04	1
335	362	9185	10	2	8	-1.56	-1
335	363	9093	9	7	2	1.30	1
335	364	8831	9	6	3	0.78	1
335	365	8244	9	3	6	-0.78	-1
335	366	7600	8	4	4	0.00	1
335	367	5857	6	2	4	-0.52	-1
335	368	5787	6	4	2	0.52	1
335	369	5780	6	4	2	0.52	1
335	370	5660	6	3	3	0.00	1
335	371	4836	4	3	1	0.52	1
335	372	4674	4	1	3	-0.52	-1
335	373	4640	4	1	3	-0.52	-1
335	374	4587	4	1	3	-0.52	-1
335	375	4050	4	0	4	-1.04	-1
335	376	3185	2	2	0	0.52	1
335	377	2569	2	1	1	0.00	1
335	378	2217	2	1	1	0.00	1
335	379	1433	1	1	0	0.26	1
336	337	20411	21	10	11	-0.26	-1
336	338	21879	22	12	10	0.52	1
336	339	21664	22	12	10	0.52	1
336	340	21543	22	9	13	-1.04	-1
336	341	18553	20	14	6	2.09	1
336	342	18031	20	10	10	0.00	1
336	343	21039	22	10	12	-0.52	-1
336	344	19284	21	11	10	0.26	1
336	345	20459	21	9	12	-0.78	-1
336	346	17170	19	12	7	1.30	1
336	347	14659	17	11	6	1.30	1
336	348	15539	17	6	11	-1.30	-1
336	349	15536	17	9	8	0.26	1
336	350	15260	17	7	10	-0.78	-1
336	351	15212	17	8	9	-0.26	-1
336	352	15089	17	8	9	-0.26	-1
336	353	12852	15	8	7	0.26	1
336	354	13611	16	10	6	1.04	1
336	355	13226	15	7	8	-0.26	-1
336	356	13141	15	9	6	0.78	1
336	357	12977	15	5	10	-1.30	-1
336	358	12042	13	6	7	-0.26	-1
336	359	11824	13	3	10	-1.82	-1
336	360	9612	12	6	6	0.00	1
336	361	9602	12	8	4	1.04	1
336	362	9160	10	3	7	-1.04	-1
336	363	9068	9	5	4	0.26	1
336	364	8806	9	3	6	-0.78	-1
336	365	8219	9	3	6	-0.78	-1
336	366	7575	8	4	4	0.00	1
336	367	5832	6	2	4	-0.52	-1
336	368	5762	6	4	2	0.52	1
336	369	5755	6	3	3	0.00	1
336	370	5635	6	3	3	0.00	1
336	371	4811	4	2	2	0.00	1
336	372	4649	4	2	2	0.00	1
336	373	4615	4	2	2	0.00	1
336	374	4562	4	3	1	0.52	1
336	375	4025	4	1	3	-0.52	-1
336	376	3160	2	2	0	0.52	1
336	377	2544	2	1	1	0.00	1
336	378	2192	2	1	1	0.00	1
336	379	1408	1	1	0	0.26	1
337	338	19944	20	11	9	0.52	1
337	339	19853	20	10	10	0.00	1
337	340	19608	20	8	12	-1.04	-1
337	341	18553	20	13	7	1.56	1
337	342	18031	20	14	6	2.09	1
337	343	19104	20	9	11	-0.52	-1
337	344	18924	20	11	9	0.52	1
337	345	18524	19	8	11	-0.78	-1
337	346	15235	17	10	7	0.78	1
337	347	14518	16	11	5	1.56	1
337	348	13604	15	7	8	-0.26	-1
337	349	13601	15	9	6	0.78	1
337	350	13325	15	7	8	-0.26	-1
337	351	13277	15	6	9	-0.78	-1
337	352	13154	15	10	5	1.30	1
337	353	12155	14	3	11	-2.09	-1
337	354	11676	14	11	3	2.09	1
337	355	11291	13	6	7	-0.26	-1
337	356	11206	13	7	6	0.26	1
337	357	11042	13	5	8	-0.78	-1
337	358	10107	11	4	7	-0.78	-1
337	359	9889	11	4	7	-0.78	-1
337	360	7677	10	4	6	-0.52	-1
337	361	7667	10	7	3	1.04	1
337	362	7225	8	3	5	-0.52	-1
337	363	7133	7	3	4	-0.26	-1
337	364	6871	7	4	3	0.26	1
337	365	6284	7	2	5	-0.78	-1
337	366	5640	6	1	5	-1.04	-1
337	367	3897	4	2	2	0.00	1
337	368	3827	4	1	3	-0.52	-1
337	369	3820	4	4	0	1.04	1
337	370	3700	4	3	1	0.52	1
337	371	2876	2	1	1	0.00	1
337	372	2714	2	1	1	0.00	1
337	373	2680	2	1	1	0.00	1
337	374	2627	2	1	1	0.00	1
337	375	2090	2	1	1	0.00	1
338	339	21664	22	12	10	0.52	1
338	340	23565	22	10	12	-0.52	-1
338	341	18553	20	13	7	1.56	1
338	342	18031	20	11	9	0.52	1
338	343	21875	22	7	15	-2.09	-1
338	344	19284	21	9	12	-0.78	-1
338	345	21743	21	16	5	2.87	1
338	346	19192	19	10	9	0.26	1
338	347	14659	17	10	7	0.78	1
338	348	16844	17	9	8	0.26	1
338	349	17558	17	7	10	-0.78	-1
338	350	17081	17	9	8	0.26	1
338	351	17234	17	8	9	-0.26	-1
338	352	17111	17	7	10	-0.78	-1
338	353	12852	15	4	11	-1.82	-1
338	354	15633	16	9	7	0.52	1
338	355	15248	15	7	8	-0.26	-1
338	356	15163	15	5	10	-1.30	-1
338	357	14999	15	6	9	-0.78	-1
338	358	14064	13	6	7	-0.26	-1
338	359	13846	13	7	6	0.26	1
338	360	11634	12	8	4	1.04	1
338	361	11624	12	8	4	1.04	1
338	362	11182	10	4	6	-0.52	-1
338	363	11090	9	5	4	0.26	1
338	364	10828	9	6	3	0.78	1
338	365	10241	9	4	5	-0.26	-1
338	366	9597	8	5	3	0.52	1
338	367	7854	6	3	3	0.00	1
338	368	7784	6	5	1	1.04	1
338	369	7777	6	5	1	1.04	1
338	370	7657	6	2	4	-0.52	-1
338	371	6833	4	3	1	0.52	1
338	372	6671	4	4	0	1.04	1
338	373	6637	4	2	2	0.00	1
338	374	6584	4	0	4	-1.04	-1
338	375	6047	4	1	3	-0.52	-1
338	376	5182	2	0	2	-0.52	-1
338	377	4566	2	0	2	-0.52	-1
338	378	4214	2	1	1	0.00	1
338	379	3430	1	1	0	0.26	1
339	340	21419	22	10	12	-0.52	-1
339	341	18553	20	10	10	0.00	1
339	342	18031	20	10	10	0.00	1
339	343	20915	22	11	11	0.00	1
339	344	19284	21	10	11	-0.26	-1
339	345	20335	21	10	11	-0.26	-1
339	346	17046	19	15	4	2.87	1
339	347	14659	17	11	6	1.30	1
339	348	15415	17	6	11	-1.30	-1
339	349	15412	17	8	9	-0.26	-1
339	350	15136	17	6	11	-1.30	-1
339	351	15088	17	10	7	0.78	1
339	352	14965	17	11	6	1.30	1
339	353	12852	15	12	3	2.35	1
339	354	13487	16	4	12	-2.09	-1
339	355	13102	15	8	7	0.26	1
339	356	13017	15	9	6	0.78	1
339	357	12853	15	10	5	1.30	1
339	358	11918	13	4	9	-1.30	-1
339	359	11700	13	6	7	-0.26	-1
339	360	9488	12	7	5	0.52	1
339	361	9478	12	7	5	0.52	1
339	362	9036	10	5	5	0.00	1
339	363	8944	9	4	5	-0.26	-1
339	364	8682	9	4	5	-0.26	-1
339	365	8095	9	3	6	-0.78	-1
339	366	7451	8	6	2	1.04	1
339	367	5708	6	4	2	0.52	1
339	368	5638	6	3	3	0.00	1
339	369	5631	6	5	1	1.04	1
339	370	5511	6	2	4	-0.52	-1
339	371	4687	4	3	1	0.52	1
339	372	4525	4	2	2	0.00	1
339	373	4491	4	0	4	-1.04	-1
339	374	4438	4	4	0	1.04	1
339	375	3901	4	2	2	0.00	1
339	376	3036	2	0	2	-0.52	-1
339	377	2420	2	2	0	0.52	1
339	378	2068	2	2	0	0.52	1
339	379	1284	1	1	0	0.26	1
340	341	18553	20	8	12	-1.04	-1
340	342	18031	20	7	13	-1.56	-1
340	343	21875	22	9	13	-1.04	-1
340	344	19284	21	16	5	2.87	1
340	345	21743	21	9	12	-0.78	-1
340	346	21446	23	9	14	-1.30	-1
340	347	14659	17	4	13	-2.35	-1
340	348	16844	17	9	8	0.26	1
340	349	20993	21	11	10	0.26	1
340	350	17081	17	10	7	0.78	1
340	351	20472	21	13	8	1.30	1
340	352	18382	20	9	11	-0.52	-1
340	353	12852	15	6	9	-0.78	-1
340	354	19355	20	10	10	0.00	1
340	355	17717	19	7	12	-1.30	-1
340	356	16963	19	10	9	0.26	1
340	357	17962	19	11	8	0.78	1
340	358	14560	14	8	6	0.52	1
340	359	16776	17	12	5	1.82	1
340	360	15292	16	11	5	1.56	1
340	361	14656	16	8	8	0.00	1
340	362	14904	14	9	5	1.04	1
340	363	13868	13	7	6	0.26	1
340	364	14226	13	6	7	-0.26	-1
340	365	13963	13	8	5	0.78	1
340	366	13058	12	9	3	1.56	1
340	367	11576	10	7	3	1.04	1
340	368	11506	10	5	5	0.00	1
340	369	11499	10	3	7	-1.04	-1
340	370	11379	10	4	6	-0.52	-1
340	371	10555	8	4	4	0.00	1
340	372	10393	8	5	3	0.52	1
340	373	10359	8	5	3	0.52	1
340	374	10306	8	6	2	1.04	1
340	375	9769	8	5	3	0.52	1
340	376	8904	6	2	4	-0.52	-1
340	377	8288	6	3	3	0.00	1
340	378	7936	6	3	3	0.00	1
340	379	7152	5	3	2	0.26	1
340	380	6307	4	2	2	0.00	1
340	381	6121	4	1	3	-0.52	-1
340	382	6051	4	4	0	1.04	1
340	383	3612	4	3	1	0.52	1
340	384	3167	3	1	2	-0.26	-1
341	342	18031	20	11	9	0.52	1
341	343	18133	20	14	6	2.09	1
341	344	17953	20	7	13	-1.56	-1
341	345	17553	19	10	9	0.26	1
341	346	14264	17	10	7	0.78	1
341	347	13547	16	9	7	0.52	1
341	348	12633	15	8	7	0.26	1
341	349	12630	15	5	10	-1.30	-1
341	350	12354	15	5	10	-1.30	-1
341	351	12306	15	9	6	0.78	1
341	352	12183	15	8	7	0.26	1
341	353	11184	14	8	6	0.52	1
341	354	10705	14	7	7	0.00	1
341	355	10320	13	7	6	0.26	1
341	356	10235	13	11	2	2.35	1
341	357	10071	13	7	6	0.26	1
341	358	9136	11	5	6	-0.26	-1
341	359	8918	11	5	6	-0.26	-1
341	360	6706	10	3	7	-1.04	-1
341	361	6696	10	5	5	0.00	1
341	362	6254	8	5	3	0.52	1
341	363	6162	7	3	4	-0.26	-1
341	364	5900	7	4	3	0.26	1
341	365	5313	7	5	2	0.78	1
341	366	4669	6	2	4	-0.52	-1
341	367	2926	4	1	3	-0.52	-1
341	368	2856	4	2	2	0.00	1
341	369	2849	4	0	4	-1.04	-1
341	370	2729	4	1	3	-0.52	-1
341	371	1905	2	2	0	0.52	1
341	372	1743	2	0	2	-0.52	-1
341	373	1709	2	1	1	0.00	1
341	374	1656	2	0	2	-0.52	-1
341	375	1119	2	2	0	0.52	1
342	343	17979	20	10	10	0.00	1
342	344	17799	20	5	15	-2.61	-1
342	345	17399	19	10	9	0.26	1
342	346	14110	17	12	5	1.82	1
342	347	13393	16	10	6	1.04	1
342	348	12479	15	8	7	0.26	1
342	349	12476	15	10	5	1.30	1
342	350	12200	15	5	10	-1.30	-1
342	351	12152	15	5	10	-1.30	-1
342	352	12029	15	12	3	2.35	1
342	353	11030	14	6	8	-0.52	-1
342	354	10551	14	9	5	1.04	1
342	355	10166	13	8	5	0.78	1
342	356	10081	13	10	3	1.82	1
342	357	9917	13	6	7	-0.26	-1
342	358	8982	11	7	4	0.78	1
342	359	8764	11	3	8	-1.30	-1
342	360	6552	10	6	4	0.52	1
342	361	6542	10	6	4	0.52	1
342	362	6100	8	2	6	-1.04	-1
342	363	6008	7	7	0	1.82	1
342	364	5746	7	4	3	0.26	1
342	365	5159	7	2	5	-0.78	-1
342	366	4515	6	4	2	0.52	1
342	367	2772	4	1	3	-0.52	-1
342	368	2702	4	1	3	-0.52	-1
342	369	2695	4	1	3	-0.52	-1
342	370	2575	4	2	2	0.00	1
342	371	1751	2	0	2	-0.52	-1
342	372	1589	2	1	1	0.00	1
342	373	1555	2	1	1	0.00	1
342	374	1502	2	0	2	-0.52	-1
342	375	965	2	1	1	0.00	1
343	344	19284	21	13	8	1.30	1
343	345	21295	21	11	10	0.26	1
343	346	18006	19	7	12	-1.30	-1
343	347	14659	17	10	7	0.78	1
343	348	16375	17	10	7	0.78	1
343	349	16372	17	10	7	0.78	1
343	350	16096	17	12	5	1.82	1
343	351	16048	17	9	8	0.26	1
343	352	15925	17	9	8	0.26	1
343	353	12852	15	9	6	0.78	1
343	354	14447	16	10	6	1.04	1
343	355	14062	15	6	9	-0.78	-1
343	356	13977	15	6	9	-0.78	-1
343	357	13813	15	9	6	0.78	1
343	358	12878	13	6	7	-0.26	-1
343	359	12660	13	7	6	0.26	1
343	360	10448	12	6	6	0.00	1
343	361	10438	12	5	7	-0.52	-1
343	362	9996	10	4	6	-0.52	-1
343	363	9904	9	6	3	0.78	1
343	364	9642	9	3	6	-0.78	-1
343	365	9055	9	4	5	-0.26	-1
343	366	8411	8	5	3	0.52	1
343	367	6668	6	2	4	-0.52	-1
343	368	6598	6	4	2	0.52	1
343	369	6591	6	4	2	0.52	1
343	370	6471	6	4	2	0.52	1
343	371	5647	4	3	1	0.52	1
343	372	5485	4	3	1	0.52	1
343	373	5451	4	2	2	0.00	1
343	374	5398	4	4	0	1.04	1
343	375	4861	4	3	1	0.52	1
343	376	3996	2	1	1	0.00	1
343	377	3380	2	0	2	-0.52	-1
343	378	3028	2	0	2	-0.52	-1
343	379	2244	1	0	1	-0.26	-1
344	345	18884	20	7	13	-1.56	-1
344	346	15595	18	8	10	-0.52	-1
344	347	14659	17	7	10	-0.78	-1
344	348	13964	16	11	5	1.56	1
344	349	13961	16	9	7	0.52	1
344	350	13685	16	9	7	0.52	1
344	351	13637	16	7	9	-0.52	-1
344	352	13514	16	7	9	-0.52	-1
344	353	12515	15	6	9	-0.78	-1
344	354	12036	15	9	6	0.78	1
344	355	11651	14	6	8	-0.52	-1
344	356	11566	14	6	8	-0.52	-1
344	357	11402	14	6	8	-0.52	-1
344	358	10467	12	6	6	0.00	1
344	359	10249	12	7	5	0.52	1
344	360	8037	11	9	2	1.82	1
344	361	8027	11	9	2	1.82	1
344	362	7585	9	5	4	0.26	1
344	363	7493	8	5	3	0.52	1
344	364	7231	8	3	5	-0.52	-1
344	365	6644	8	1	7	-1.56	-1
344	366	6000	7	2	5	-0.78	-1
344	367	4257	5	3	2	0.26	1
344	368	4187	5	2	3	-0.26	-1
344	369	4180	5	3	2	0.26	1
344	370	4060	5	2	3	-0.26	-1
344	371	3236	3	2	1	0.26	1
344	372	3074	3	2	1	0.26	1
344	373	3040	3	0	3	-0.78	-1
344	374	2987	3	2	1	0.26	1
344	375	2450	3	0	3	-0.78	-1
344	376	1585	1	1	0	0.26	1
344	377	969	1	0	1	-0.26	-1
344	378	617	1	1	0	0.26	1
345	346	18454	19	14	5	2.35	1
345	347	14659	17	4	13	-2.35	-1
345	348	16823	17	6	11	-1.30	-1
345	349	16820	17	9	8	0.26	1
345	350	16544	17	7	10	-0.78	-1
345	351	16496	17	6	11	-1.30	-1
345	352	16373	17	6	11	-1.30	-1
345	353	12852	15	12	3	2.35	1
345	354	14895	16	9	7	0.52	1
345	355	14510	15	7	8	-0.26	-1
345	356	14425	15	8	7	0.26	1
345	357	14261	15	7	8	-0.26	-1
345	358	13326	13	2	11	-2.35	-1
345	359	13108	13	5	8	-0.78	-1
345	360	10896	12	6	6	0.00	1
345	361	10886	12	3	9	-1.56	-1
345	362	10444	10	2	8	-1.56	-1
345	363	10352	9	5	4	0.26	1
345	364	10090	9	2	7	-1.30	-1
345	365	9503	9	3	6	-0.78	-1
345	366	8859	8	2	6	-1.04	-1
345	367	7116	6	2	4	-0.52	-1
345	368	7046	6	3	3	0.00	1
345	369	7039	6	2	4	-0.52	-1
345	370	6919	6	2	4	-0.52	-1
345	371	6095	4	4	0	1.04	1
345	372	5933	4	0	4	-1.04	-1
345	373	5899	4	2	2	0.00	1
345	374	5846	4	1	3	-0.52	-1
345	375	5309	4	3	1	0.52	1
345	376	4444	2	1	1	0.00	1
345	377	3828	2	1	1	0.00	1
345	378	3476	2	1	1	0.00	1
345	379	2692	1	1	0	0.26	1
346	347	14659	17	9	8	0.26	1
346	348	16844	17	5	12	-1.82	-1
346	349	19812	21	6	15	-2.35	-1
346	350	17081	17	10	7	0.78	1
346	351	19488	21	11	10	0.26	1
346	352	18382	20	8	12	-1.04	-1
346	353	12852	15	9	6	0.78	1
346	354	17887	20	14	6	2.09	1
346	355	17502	19	9	10	-0.26	-1
346	356	16963	19	6	13	-1.82	-1
346	357	17253	19	10	9	0.26	1
346	358	14560	14	7	7	0.00	1
346	359	16100	17	6	11	-1.30	-1
346	360	13888	16	8	8	0.00	1
346	361	13878	16	5	11	-1.56	-1
346	362	13436	14	2	12	-2.61	-1
346	363	13344	13	8	5	0.78	1
346	364	13082	13	6	7	-0.26	-1
346	365	12495	13	4	9	-1.30	-1
346	366	11851	12	9	3	1.56	1
346	367	10108	10	5	5	0.00	1
346	368	10038	10	7	3	1.04	1
346	369	10031	10	7	3	1.04	1
346	370	9911	10	4	6	-0.52	-1
346	371	9087	8	4	4	0.00	1
346	372	8925	8	3	5	-0.52	-1
346	373	8891	8	5	3	0.52	1
346	374	8838	8	3	5	-0.52	-1
346	375	8301	8	4	4	0.00	1
346	376	7436	6	4	2	0.52	1
346	377	6820	6	3	3	0.00	1
346	378	6468	6	3	3	0.00	1
346	379	5684	5	4	1	0.78	1
346	380	4839	4	3	1	0.52	1
346	381	4653	4	2	2	0.00	1
346	382	4583	4	3	1	0.52	1
346	383	2144	4	1	3	-0.52	-1
346	384	1699	3	3	0	0.78	1
347	348	13745	16	12	4	2.09	1
347	349	13742	16	8	8	0.00	1
347	350	13466	16	5	11	-1.56	-1
347	351	13418	16	6	10	-1.04	-1
347	352	13295	16	11	5	1.56	1
347	353	12296	15	10	5	1.30	1
347	354	11817	15	8	7	0.26	1
347	355	11432	14	9	5	1.04	1
347	356	11347	14	4	10	-1.56	-1
347	357	11183	14	5	9	-1.04	-1
347	358	10248	12	4	8	-1.04	-1
347	359	10030	12	4	8	-1.04	-1
347	360	7818	11	4	7	-0.78	-1
347	361	7808	11	5	6	-0.26	-1
347	362	7366	9	2	7	-1.30	-1
347	363	7274	8	3	5	-0.52	-1
347	364	7012	8	4	4	0.00	1
347	365	6425	8	4	4	0.00	1
347	366	5781	7	3	4	-0.26	-1
347	367	4038	5	4	1	0.78	1
347	368	3968	5	4	1	0.78	1
347	369	3961	5	3	2	0.26	1
347	370	3841	5	2	3	-0.26	-1
347	371	3017	3	1	2	-0.26	-1
347	372	2855	3	0	3	-0.78	-1
347	373	2821	3	1	2	-0.26	-1
347	374	2768	3	2	1	0.26	1
347	375	2231	3	2	1	0.26	1
347	376	1366	1	1	0	0.26	1
347	377	750	1	1	0	0.26	1
347	378	398	1	1	0	0.26	1
348	349	16841	17	11	6	1.30	1
348	350	16565	17	12	5	1.82	1
348	351	16517	17	14	3	2.87	1
348	352	16394	17	6	11	-1.30	-1
348	353	12852	15	9	6	0.78	1
348	354	14916	16	10	6	1.04	1
348	355	14531	15	7	8	-0.26	-1
348	356	14446	15	2	13	-2.87	-1
348	357	14282	15	7	8	-0.26	-1
348	358	13347	13	6	7	-0.26	-1
348	359	13129	13	8	5	0.78	1
348	360	10917	12	7	5	0.52	1
348	361	10907	12	8	4	1.04	1
348	362	10465	10	4	6	-0.52	-1
348	363	10373	9	4	5	-0.26	-1
348	364	10111	9	5	4	0.26	1
348	365	9524	9	6	3	0.78	1
348	366	8880	8	4	4	0.00	1
348	367	7137	6	3	3	0.00	1
348	368	7067	6	2	4	-0.52	-1
348	369	7060	6	3	3	0.00	1
348	370	6940	6	3	3	0.00	1
348	371	6116	4	1	3	-0.52	-1
348	372	5954	4	1	3	-0.52	-1
348	373	5920	4	3	1	0.52	1
348	374	5867	4	2	2	0.00	1
348	375	5330	4	3	1	0.52	1
348	376	4465	2	1	1	0.00	1
348	377	3849	2	1	1	0.00	1
348	378	3497	2	2	0	0.52	1
348	379	2713	1	0	1	-0.26	-1
349	350	17081	17	11	6	1.30	1
349	351	20472	21	11	10	0.26	1
349	352	18382	20	5	15	-2.61	-1
349	353	12852	15	2	13	-2.87	-1
349	354	19068	20	7	13	-1.56	-1
349	355	17717	19	9	10	-0.26	-1
349	356	16963	19	6	13	-1.82	-1
349	357	17962	19	11	8	0.78	1
349	358	14560	14	6	8	-0.52	-1
349	359	16776	17	9	8	0.26	1
349	360	15069	16	8	8	0.00	1
349	361	14656	16	7	9	-0.52	-1
349	362	14617	14	6	8	-0.52	-1
349	363	13868	13	4	9	-1.30	-1
349	364	14226	13	4	9	-1.30	-1
349	365	13676	13	10	3	1.82	1
349	366	13032	12	8	4	1.04	1
349	367	11289	10	7	3	1.04	1
349	368	11219	10	5	5	0.00	1
349	369	11212	10	5	5	0.00	1
349	370	11092	10	4	6	-0.52	-1
349	371	10268	8	2	6	-1.04	-1
349	372	10106	8	3	5	-0.52	-1
349	373	10072	8	4	4	0.00	1
349	374	10019	8	3	5	-0.52	-1
349	375	9482	8	6	2	1.04	1
349	376	8617	6	2	4	-0.52	-1
349	377	8001	6	3	3	0.00	1
349	378	7649	6	0	6	-1.56	-1
349	379	6865	5	3	2	0.26	1
349	380	6020	4	2	2	0.00	1
349	381	5834	4	3	1	0.52	1
349	382	5764	4	1	3	-0.52	-1
349	383	3325	4	3	1	0.52	1
349	384	2880	3	1	2	-0.26	-1
350	351	17033	17	10	7	0.78	1
350	352	16910	17	7	10	-0.78	-1
350	353	12852	15	5	10	-1.30	-1
350	354	15432	16	6	10	-1.04	-1
350	355	15047	15	7	8	-0.26	-1
350	356	14962	15	7	8	-0.26	-1
350	357	14798	15	8	7	0.26	1
350	358	13863	13	4	9	-1.30	-1
350	359	13645	13	8	5	0.78	1
350	360	11433	12	6	6	0.00	1
350	361	11423	12	8	4	1.04	1
350	362	10981	10	5	5	0.00	1
350	363	10889	9	4	5	-0.26	-1
350	364	10627	9	4	5	-0.26	-1
350	365	10040	9	5	4	0.26	1
350	366	9396	8	2	6	-1.04	-1
350	367	7653	6	4	2	0.52	1
350	368	7583	6	2	4	-0.52	-1
350	369	7576	6	4	2	0.52	1
350	370	7456	6	6	0	1.56	1
350	371	6632	4	2	2	0.00	1
350	372	6470	4	2	2	0.00	1
350	373	6436	4	2	2	0.00	1
350	374	6383	4	3	1	0.52	1
350	375	5846	4	4	0	1.04	1
350	376	4981	2	2	0	0.52	1
350	377	4365	2	1	1	0.00	1
350	378	4013	2	1	1	0.00	1
350	379	3229	1	0	1	-0.26	-1
351	352	18382	20	14	6	2.09	1
351	353	12852	15	8	7	0.26	1
351	354	18871	20	6	14	-2.09	-1
351	355	17717	19	8	11	-0.78	-1
351	356	16963	19	6	13	-1.82	-1
351	357	17962	19	13	6	1.82	1
351	358	14560	14	5	9	-1.04	-1
351	359	16776	17	8	9	-0.26	-1
351	360	14872	16	10	6	1.04	1
351	361	14656	16	10	6	1.04	1
351	362	14420	14	6	8	-0.52	-1
351	363	13868	13	8	5	0.78	1
351	364	14066	13	4	9	-1.30	-1
351	365	13479	13	5	8	-0.78	-1
351	366	12835	12	5	7	-0.52	-1
351	367	11092	10	6	4	0.52	1
351	368	11022	10	5	5	0.00	1
351	369	11015	10	4	6	-0.52	-1
351	370	10895	10	7	3	1.04	1
351	371	10071	8	4	4	0.00	1
351	372	9909	8	3	5	-0.52	-1
351	373	9875	8	4	4	0.00	1
351	374	9822	8	3	5	-0.52	-1
351	375	9285	8	6	2	1.04	1
351	376	8420	6	4	2	0.52	1
351	377	7804	6	2	4	-0.52	-1
351	378	7452	6	1	5	-1.04	-1
351	379	6668	5	4	1	0.78	1
351	380	5823	4	3	1	0.52	1
351	381	5637	4	2	2	0.00	1
351	382	5567	4	2	2	0.00	1
351	383	3128	4	2	2	0.00	1
351	384	2683	3	1	2	-0.26	-1
352	353	12852	15	6	9	-0.78	-1
352	354	16904	19	13	6	1.82	1
352	355	16519	18	13	5	2.09	1
352	356	16434	18	8	10	-0.52	-1
352	357	16270	18	9	9	0.00	1
352	358	14560	14	6	8	-0.52	-1
352	359	15117	16	6	10	-1.04	-1
352	360	12905	15	7	8	-0.26	-1
352	361	12895	15	7	8	-0.26	-1
352	362	12453	13	5	8	-0.78	-1
352	363	12361	12	10	2	2.09	1
352	364	12099	12	3	9	-1.56	-1
352	365	11512	12	7	5	0.52	1
352	366	10868	11	9	2	1.82	1
352	367	9125	9	6	3	0.78	1
352	368	9055	9	4	5	-0.26	-1
352	369	9048	9	6	3	0.78	1
352	370	8928	9	4	5	-0.26	-1
352	371	8104	7	5	2	0.78	1
352	372	7942	7	1	6	-1.30	-1
352	373	7908	7	2	5	-0.78	-1
352	374	7855	7	4	3	0.26	1
352	375	7318	7	4	3	0.26	1
352	376	6453	5	3	2	0.26	1
352	377	5837	5	2	3	-0.26	-1
352	378	5485	5	4	1	0.78	1
352	379	4701	4	2	2	0.00	1
352	380	3856	3	0	3	-0.78	-1
352	381	3670	3	1	2	-0.26	-1
352	382	3600	3	1	2	-0.26	-1
352	383	1161	3	3	0	0.78	1
352	384	716	2	1	1	0.00	1
353	354	12373	15	9	6	0.78	1
353	355	11988	14	10	4	1.56	1
353	356	11903	14	6	8	-0.52	-1
353	357	11739	14	5	9	-1.04	-1
353	358	10804	12	4	8	-1.04	-1
353	359	10586	12	7	5	0.52	1
353	360	8374	11	4	7	-0.78	-1
353	361	8364	11	6	5	0.26	1
353	362	7922	9	5	4	0.26	1
353	363	7830	8	4	4	0.00	1
353	364	7568	8	7	1	1.56	1
353	365	6981	8	3	5	-0.52	-1
353	366	6337	7	1	6	-1.30	-1
353	367	4594	5	1	4	-0.78	-1
353	368	4524	5	3	2	0.26	1
353	369	4517	5	1	4	-0.78	-1
353	370	4397	5	4	1	0.78	1
353	371	3573	3	1	2	-0.26	-1
353	372	3411	3	2	1	0.26	1
353	373	3377	3	0	3	-0.78	-1
353	374	3324	3	0	3	-0.78	-1
353	375	2787	3	3	0	0.78	1
353	376	1922	1	0	1	-0.26	-1
353	377	1306	1	1	0	0.26	1
353	378	954	1	1	0	0.26	1
354	355	17717	19	12	7	1.30	1
354	356	16963	19	13	6	1.82	1
354	357	17962	19	6	13	-1.82	-1
354	358	14560	14	6	8	-0.52	-1
354	359	16776	17	8	9	-0.26	-1
354	360	15292	16	6	10	-1.04	-1
354	361	14656	16	9	7	0.52	1
354	362	14930	14	3	11	-2.09	-1
354	363	13868	13	7	6	0.26	1
354	364	14226	13	8	5	0.78	1
354	365	13989	13	6	7	-0.26	-1
354	366	13058	12	7	5	0.52	1
354	367	11602	10	5	5	0.00	1
354	368	11532	10	7	3	1.04	1
354	369	11525	10	6	4	0.52	1
354	370	11405	10	6	4	0.52	1
354	371	10581	8	4	4	0.00	1
354	372	10419	8	3	5	-0.52	-1
354	373	10385	8	5	3	0.52	1
354	374	10332	8	2	6	-1.04	-1
354	375	9795	8	2	6	-1.04	-1
354	376	8930	6	3	3	0.00	1
354	377	8314	6	6	0	1.56	1
354	378	7962	6	3	3	0.00	1
354	379	7178	5	4	1	0.78	1
354	380	6333	4	2	2	0.00	1
354	381	6147	4	1	3	-0.52	-1
354	382	6077	4	1	3	-0.52	-1
354	383	3638	4	2	2	0.00	1
354	384	3193	3	2	1	0.26	1
355	356	16963	19	9	10	-0.26	-1
355	357	17468	19	6	13	-1.82	-1
355	358	14560	14	6	8	-0.52	-1
355	359	16315	17	8	9	-0.26	-1
355	360	14103	16	8	8	0.00	1
355	361	14093	16	5	11	-1.56	-1
355	362	13651	14	6	8	-0.52	-1
355	363	13559	13	8	5	0.78	1
355	364	13297	13	4	9	-1.30	-1
355	365	12710	13	5	8	-0.78	-1
355	366	12066	12	8	4	1.04	1
355	367	10323	10	3	7	-1.04	-1
355	368	10253	10	6	4	0.52	1
355	369	10246	10	3	7	-1.04	-1
355	370	10126	10	3	7	-1.04	-1
355	371	9302	8	4	4	0.00	1
355	372	9140	8	4	4	0.00	1
355	373	9106	8	6	2	1.04	1
355	374	9053	8	3	5	-0.52	-1
355	375	8516	8	3	5	-0.52	-1
355	376	7651	6	5	1	1.04	1
355	377	7035	6	4	2	0.52	1
355	378	6683	6	3	3	0.00	1
355	379	5899	5	3	2	0.26	1
355	380	5054	4	1	3	-0.52	-1
355	381	4868	4	2	2	0.00	1
355	382	4798	4	1	3	-0.52	-1
355	383	2359	4	1	3	-0.52	-1
355	384	1914	3	1	2	-0.26	-1
356	357	16799	19	9	10	-0.26	-1
356	358	14560	14	5	9	-1.04	-1
356	359	15646	17	7	10	-0.78	-1
356	360	13434	16	8	8	0.00	1
356	361	13424	16	7	9	-0.52	-1
356	362	12982	14	6	8	-0.52	-1
356	363	12890	13	10	3	1.82	1
356	364	12628	13	7	6	0.26	1
356	365	12041	13	2	11	-2.35	-1
356	366	11397	12	9	3	1.56	1
356	367	9654	10	6	4	0.52	1
356	368	9584	10	4	6	-0.52	-1
356	369	9577	10	4	6	-0.52	-1
356	370	9457	10	4	6	-0.52	-1
356	371	8633	8	4	4	0.00	1
356	372	8471	8	5	3	0.52	1
356	373	8437	8	3	5	-0.52	-1
356	374	8384	8	2	6	-1.04	-1
356	375	7847	8	6	2	1.04	1
356	376	6982	6	1	5	-1.04	-1
356	377	6366	6	5	1	1.04	1
356	378	6014	6	2	4	-0.52	-1
356	379	5230	5	1	4	-0.78	-1
356	380	4385	4	2	2	0.00	1
356	381	4199	4	2	2	0.00	1
356	382	4129	4	1	3	-0.52	-1
356	383	1690	4	2	2	0.00	1
356	384	1245	3	1	2	-0.26	-1
357	358	14560	14	5	9	-1.04	-1
357	359	16776	17	7	10	-0.78	-1
357	360	14597	16	12	4	2.09	1
357	361	14587	16	13	3	2.61	1
357	362	14145	14	7	7	0.00	1
357	363	13868	13	4	9	-1.30	-1
357	364	13791	13	5	8	-0.78	-1
357	365	13204	13	9	4	1.30	1
357	366	12560	12	4	8	-1.04	-1
357	367	10817	10	5	5	0.00	1
357	368	10747	10	4	6	-0.52	-1
357	369	10740	10	2	8	-1.56	-1
357	370	10620	10	3	7	-1.04	-1
357	371	9796	8	3	5	-0.52	-1
357	372	9634	8	7	1	1.56	1
357	373	9600	8	1	7	-1.56	-1
357	374	9547	8	3	5	-0.52	-1
357	375	9010	8	6	2	1.04	1
357	376	8145	6	3	3	0.00	1
357	377	7529	6	5	1	1.04	1
357	378	7177	6	2	4	-0.52	-1
357	379	6393	5	4	1	0.78	1
357	380	5548	4	2	2	0.00	1
357	381	5362	4	3	1	0.52	1
357	382	5292	4	2	2	0.00	1
357	383	2853	4	1	3	-0.52	-1
357	384	2408	3	1	2	-0.26	-1
358	359	14342	14	9	5	1.04	1
358	360	12130	13	8	5	0.78	1
358	361	12120	13	9	4	1.30	1
358	362	11678	11	8	3	1.30	1
358	363	11586	10	4	6	-0.52	-1
358	364	11324	10	7	3	1.04	1
358	365	10737	10	9	1	2.09	1
358	366	10093	9	4	5	-0.26	-1
358	367	8350	7	4	3	0.26	1
358	368	8280	7	3	4	-0.26	-1
358	369	8273	7	4	3	0.26	1
358	370	8153	7	2	5	-0.78	-1
358	371	7329	5	2	3	-0.26	-1
358	372	7167	5	5	0	1.30	1
358	373	7133	5	4	1	0.78	1
358	374	7080	5	2	3	-0.26	-1
358	375	6543	5	3	2	0.26	1
358	376	5678	3	0	3	-0.78	-1
358	377	5062	3	2	1	0.26	1
358	378	4710	3	1	2	-0.26	-1
358	379	3926	2	1	1	0.00	1
358	380	3081	1	0	1	-0.26	-1
358	381	2895	1	1	0	0.26	1
358	382	2825	1	0	1	-0.26	-1
358	383	386	1	0	1	-0.26	-1
359	360	14564	16	10	6	1.04	1
359	361	14554	16	9	7	0.52	1
359	362	14112	14	8	6	0.52	1
359	363	13868	13	7	6	0.26	1
359	364	13758	13	7	6	0.26	1
359	365	13171	13	8	5	0.78	1
359	366	12527	12	4	8	-1.04	-1
359	367	10784	10	7	3	1.04	1
359	368	10714	10	3	7	-1.04	-1
359	369	10707	10	4	6	-0.52	-1
359	370	10587	10	4	6	-0.52	-1
359	371	9763	8	4	4	0.00	1
359	372	9601	8	3	5	-0.52	-1
359	373	9567	8	3	5	-0.52	-1
359	374	9514	8	6	2	1.04	1
359	375	8977	8	3	5	-0.52	-1
359	376	8112	6	4	2	0.52	1
359	377	7496	6	2	4	-0.52	-1
359	378	7144	6	3	3	0.00	1
359	379	6360	5	3	2	0.26	1
359	380	5515	4	2	2	0.00	1
359	381	5329	4	2	2	0.00	1
359	382	5259	4	4	0	1.04	1
359	383	2820	4	0	4	-1.04	-1
359	384	2375	3	3	0	0.78	1
360	361	14656	16	13	3	2.61	1
360	362	14840	14	7	7	0.00	1
360	363	13868	13	7	6	0.26	1
360	364	14226	13	1	12	-2.87	-1
360	365	13899	13	10	3	1.82	1
360	366	13058	12	7	5	0.52	1
360	367	11512	10	7	3	1.04	1
360	368	11442	10	3	7	-1.04	-1
360	369	11435	10	3	7	-1.04	-1
360	370	11315	10	3	7	-1.04	-1
360	371	10491	8	5	3	0.52	1
360	372	10329	8	2	6	-1.04	-1
360	373	10295	8	4	4	0.00	1
360	374	10242	8	5	3	0.52	1
360	375	9705	8	5	3	0.52	1
360	376	8840	6	1	5	-1.04	-1
360	377	8224	6	1	5	-1.04	-1
360	378	7872	6	4	2	0.52	1
360	379	7088	5	2	3	-0.26	-1
360	380	6243	4	3	1	0.52	1
360	381	6057	4	1	3	-0.52	-1
360	382	5987	4	4	0	1.04	1
360	383	3548	4	0	4	-1.04	-1
360	384	3103	3	3	0	0.78	1
361	362	14214	14	8	6	0.52	1
361	363	13868	13	5	8	-0.78	-1
361	364	13860	13	6	7	-0.26	-1
361	365	13273	13	9	4	1.30	1
361	366	12629	12	2	10	-2.09	-1
361	367	10886	10	6	4	0.52	1
361	368	10816	10	3	7	-1.04	-1
361	369	10809	10	4	6	-0.52	-1
361	370	10689	10	6	4	0.52	1
361	371	9865	8	2	6	-1.04	-1
361	372	9703	8	5	3	0.52	1
361	373	9669	8	2	6	-1.04	-1
361	374	9616	8	5	3	0.52	1
361	375	9079	8	7	1	1.56	1
361	376	8214	6	3	3	0.00	1
361	377	7598	6	1	5	-1.04	-1
361	378	7246	6	2	4	-0.52	-1
361	379	6462	5	2	3	-0.26	-1
361	380	5617	4	3	1	0.52	1
361	381	5431	4	2	2	0.00	1
361	382	5361	4	3	1	0.52	1
361	383	2922	4	2	2	0.00	1
361	384	2477	3	1	2	-0.26	-1
362	363	13868	13	5	8	-0.78	-1
362	364	14226	13	5	8	-0.78	-1
362	365	15649	14	8	6	0.52	1
362	366	13058	12	7	5	0.52	1
362	367	13262	11	6	5	0.26	1
362	368	11919	10	5	5	0.00	1
362	369	13185	11	4	7	-0.78	-1
362	370	13065	11	4	7	-0.78	-1
362	371	12241	9	8	1	1.82	1
362	372	12079	9	6	3	0.78	1
362	373	12045	9	5	4	0.26	1
362	374	11992	9	4	5	-0.26	-1
362	375	11455	9	7	2	1.30	1
362	376	10590	7	3	4	-0.26	-1
362	377	9974	7	4	3	0.26	1
362	378	9622	7	3	4	-0.26	-1
362	379	8838	6	2	4	-0.52	-1
362	380	7993	5	5	0	1.30	1
362	381	7807	5	2	3	-0.26	-1
362	382	7737	5	4	1	0.78	1
362	383	5298	5	2	3	-0.26	-1
362	384	4853	4	3	1	0.52	1
362	385	4051	1	1	0	0.26	1
362	386	3134	1	0	1	-0.26	-1
362	387	3050	1	1	0	0.26	1
362	388	2938	1	1	0	0.26	1
362	389	2705	1	0	1	-0.26	-1
362	390	2702	1	1	0	0.26	1
362	391	2298	1	0	1	-0.26	-1
362	392	1690	1	0	1	-0.26	-1
362	393	1486	1	0	1	-0.26	-1
362	394	1128	1	1	0	0.26	1
362	395	885	1	0	1	-0.26	-1
363	364	13606	13	4	9	-1.30	-1
363	365	13019	13	4	9	-1.30	-1
363	366	12375	12	7	5	0.52	1
363	367	10632	10	3	7	-1.04	-1
363	368	10562	10	7	3	1.04	1
363	369	10555	10	7	3	1.04	1
363	370	10435	10	5	5	0.00	1
363	371	9611	8	4	4	0.00	1
363	372	9449	8	3	5	-0.52	-1
363	373	9415	8	5	3	0.52	1
363	374	9362	8	3	5	-0.52	-1
363	375	8825	8	5	3	0.52	1
363	376	7960	6	2	4	-0.52	-1
363	377	7344	6	4	2	0.52	1
363	378	6992	6	1	5	-1.04	-1
363	379	6208	5	2	3	-0.26	-1
363	380	5363	4	3	1	0.52	1
363	381	5177	4	1	3	-0.52	-1
363	382	5107	4	2	2	0.00	1
363	383	2668	4	4	0	1.04	1
363	384	2223	3	3	0	0.78	1
364	365	13639	13	7	6	0.26	1
364	366	12995	12	5	7	-0.52	-1
364	367	11252	10	6	4	0.52	1
364	368	11182	10	6	4	0.52	1
364	369	11175	10	6	4	0.52	1
364	370	11055	10	4	6	-0.52	-1
364	371	10231	8	6	2	1.04	1
364	372	10069	8	2	6	-1.04	-1
364	373	10035	8	2	6	-1.04	-1
364	374	9982	8	2	6	-1.04	-1
364	375	9445	8	3	5	-0.52	-1
364	376	8580	6	3	3	0.00	1
364	377	7964	6	1	5	-1.04	-1
364	378	7612	6	3	3	0.00	1
364	379	6828	5	3	2	0.26	1
364	380	5983	4	1	3	-0.52	-1
364	381	5797	4	1	3	-0.52	-1
364	382	5727	4	0	4	-1.04	-1
364	383	3288	4	4	0	1.04	1
364	384	2843	3	3	0	0.78	1
365	366	13058	12	5	7	-0.52	-1
365	367	16209	13	4	9	-1.30	-1
365	368	11919	10	5	5	0.00	1
365	369	15891	13	5	8	-0.78	-1
365	370	17014	13	5	8	-0.78	-1
365	371	16190	11	6	5	0.26	1
365	372	16028	11	6	5	0.26	1
365	373	14882	11	7	4	0.78	1
365	374	15941	11	7	4	0.78	1
365	375	12729	9	4	5	-0.26	-1
365	376	14539	9	5	4	0.26	1
365	377	11361	7	3	4	-0.26	-1
365	378	13571	9	6	3	0.78	1
365	379	12787	8	3	5	-0.52	-1
365	380	11942	7	2	5	-0.78	-1
365	381	11756	7	2	5	-0.78	-1
365	382	11686	7	4	3	0.26	1
365	383	9247	7	3	4	-0.26	-1
365	384	8802	6	1	5	-1.04	-1
365	385	8000	3	2	1	0.26	1
365	386	7083	3	3	0	0.78	1
365	387	6999	3	0	3	-0.78	-1
365	388	6887	3	3	0	0.78	1
365	389	6654	3	2	1	0.26	1
365	390	6651	3	1	2	-0.26	-1
365	391	6247	3	1	2	-0.26	-1
365	392	5639	3	0	3	-0.78	-1
365	393	5435	3	2	1	0.26	1
365	394	5077	3	2	1	0.26	1
365	395	4834	3	2	1	0.26	1
365	396	4276	2	1	1	0.00	1
365	397	3952	2	2	0	0.52	1
365	398	3922	2	1	1	0.00	1
365	399	3811	2	1	1	0.00	1
365	400	3657	2	1	1	0.00	1
365	401	3600	2	1	1	0.00	1
365	402	3502	2	0	2	-0.52	-1
365	403	1685	1	1	0	0.26	1
366	367	11315	10	4	6	-0.52	-1
366	368	11245	10	4	6	-0.52	-1
366	369	11238	10	6	4	0.52	1
366	370	11118	10	4	6	-0.52	-1
366	371	10294	8	1	7	-1.56	-1
366	372	10132	8	5	3	0.52	1
366	373	10098	8	3	5	-0.52	-1
366	374	10045	8	2	6	-1.04	-1
366	375	9508	8	2	6	-1.04	-1
366	376	8643	6	5	1	1.04	1
366	377	8027	6	2	4	-0.52	-1
366	378	7675	6	3	3	0.00	1
366	379	6891	5	4	1	0.78	1
366	380	6046	4	3	1	0.52	1
366	381	5860	4	1	3	-0.52	-1
366	382	5790	4	1	3	-0.52	-1
366	383	3351	4	4	0	1.04	1
366	384	2906	3	1	2	-0.26	-1
367	368	11919	10	6	4	0.52	1
367	369	15891	13	6	7	-0.26	-1
367	370	16012	13	6	7	-0.26	-1
367	371	15188	11	8	3	1.30	1
367	372	15026	11	5	6	-0.26	-1
367	373	14882	11	7	4	0.78	1
367	374	14939	11	6	5	0.26	1
367	375	12729	9	4	5	-0.26	-1
367	376	13537	9	4	5	-0.26	-1
367	377	11361	7	2	5	-0.78	-1
367	378	12569	9	5	4	0.26	1
367	379	11785	8	5	3	0.52	1
367	380	10940	7	6	1	1.30	1
367	381	10754	7	5	2	0.78	1
367	382	10684	7	6	1	1.30	1
367	383	8245	7	2	5	-0.78	-1
367	384	7800	6	5	1	1.04	1
367	385	6998	3	3	0	0.78	1
367	386	6081	3	0	3	-0.78	-1
367	387	5997	3	1	2	-0.26	-1
367	388	5885	3	1	2	-0.26	-1
367	389	5652	3	1	2	-0.26	-1
367	390	5649	3	2	1	0.26	1
367	391	5245	3	2	1	0.26	1
367	392	4637	3	1	2	-0.26	-1
367	393	4433	3	2	1	0.26	1
367	394	4075	3	2	1	0.26	1
367	395	3832	3	2	1	0.26	1
367	396	3274	2	2	0	0.52	1
367	397	2950	2	2	0	0.52	1
367	398	2920	2	0	2	-0.52	-1
367	399	2809	2	2	0	0.52	1
367	400	2655	2	1	1	0.00	1
367	401	2598	2	1	1	0.00	1
367	402	2500	2	1	1	0.00	1
367	403	683	1	1	0	0.26	1
368	369	11912	10	4	6	-0.52	-1
368	370	11792	10	3	7	-1.04	-1
368	371	10968	8	3	5	-0.52	-1
368	372	10806	8	2	6	-1.04	-1
368	373	10772	8	3	5	-0.52	-1
368	374	10719	8	4	4	0.00	1
368	375	10182	8	2	6	-1.04	-1
368	376	9317	6	6	0	1.56	1
368	377	8701	6	2	4	-0.52	-1
368	378	8349	6	3	3	0.00	1
368	379	7565	5	2	3	-0.26	-1
368	380	6720	4	1	3	-0.52	-1
368	381	6534	4	2	2	0.00	1
368	382	6464	4	1	3	-0.52	-1
368	383	4025	4	3	1	0.52	1
368	384	3580	3	1	2	-0.26	-1
369	370	15771	13	5	8	-0.78	-1
369	371	14947	11	7	4	0.78	1
369	372	14785	11	4	7	-0.78	-1
369	373	14751	11	5	6	-0.26	-1
369	374	14698	11	3	8	-1.30	-1
369	375	12729	9	4	5	-0.26	-1
369	376	13296	9	5	4	0.26	1
369	377	11361	7	5	2	0.78	1
369	378	12328	9	4	5	-0.26	-1
369	379	11544	8	6	2	1.04	1
369	380	10699	7	2	5	-0.78	-1
369	381	10513	7	3	4	-0.26	-1
369	382	10443	7	3	4	-0.26	-1
369	383	8004	7	3	4	-0.26	-1
369	384	7559	6	4	2	0.52	1
369	385	6757	3	1	2	-0.26	-1
369	386	5840	3	2	1	0.26	1
369	387	5756	3	2	1	0.26	1
369	388	5644	3	0	3	-0.78	-1
369	389	5411	3	2	1	0.26	1
369	390	5408	3	3	0	0.78	1
369	391	5004	3	0	3	-0.78	-1
369	392	4396	3	0	3	-0.78	-1
369	393	4192	3	2	1	0.26	1
369	394	3834	3	1	2	-0.26	-1
369	395	3591	3	2	1	0.26	1
369	396	3033	2	0	2	-0.52	-1
369	397	2709	2	2	0	0.52	1
369	398	2679	2	0	2	-0.52	-1
369	399	2568	2	0	2	-0.52	-1
369	400	2414	2	2	0	0.52	1
369	401	2357	2	1	1	0.00	1
369	402	2259	2	1	1	0.00	1
369	403	442	1	0	1	-0.26	-1
370	371	18324	12	6	6	0.00	1
370	372	17679	12	8	4	1.04	1
370	373	14882	11	9	2	1.82	1
370	374	18626	13	4	9	-1.30	-1
370	375	12729	9	6	3	0.78	1
370	376	17621	11	5	6	-0.26	-1
370	377	11361	7	3	4	-0.26	-1
370	378	21536	16	9	7	0.52	1
370	379	20243	14	5	9	-1.04	-1
370	380	14713	9	2	7	-1.30	-1
370	381	17680	13	10	3	1.82	1
370	382	19651	14	9	5	1.04	1
370	383	17212	14	9	5	1.04	1
370	384	15732	12	9	3	1.56	1
370	385	12829	8	4	4	0.00	1
370	386	14804	9	6	3	0.78	1
370	387	14964	10	5	5	0.00	1
370	388	14852	10	3	7	-1.04	-1
370	389	14211	9	3	6	-0.78	-1
370	390	14616	10	7	3	1.04	1
370	391	14212	10	4	6	-0.52	-1
370	392	13604	10	4	6	-0.52	-1
370	393	13400	10	3	7	-1.04	-1
370	394	13042	10	3	7	-1.04	-1
370	395	12799	10	8	2	1.56	1
370	396	12241	9	6	3	0.78	1
370	397	11917	9	3	6	-0.78	-1
370	398	11887	9	2	7	-1.30	-1
370	399	9769	8	4	4	0.00	1
370	400	11622	9	4	5	-0.26	-1
370	401	11565	9	4	5	-0.26	-1
370	402	11467	9	5	4	0.26	1
370	403	9650	8	4	4	0.00	1
370	404	8865	7	5	2	0.78	1
370	405	8865	7	5	2	0.78	1
370	406	8432	7	3	4	-0.26	-1
370	407	7832	6	6	0	1.56	1
370	408	7747	6	4	2	0.52	1
370	409	6989	6	3	3	0.00	1
370	410	6151	6	3	3	0.00	1
370	411	5489	5	0	5	-1.30	-1
370	412	5178	5	1	4	-0.78	-1
370	413	4895	5	2	3	-0.26	-1
370	414	4387	4	2	2	0.00	1
370	415	4335	4	1	3	-0.52	-1
370	416	4204	4	4	0	1.04	1
370	417	3154	2	2	0	0.52	1
370	418	2723	1	0	1	-0.26	-1
370	419	2550	1	1	0	0.26	1
370	420	2381	1	1	0	0.26	1
370	421	2371	1	1	0	0.26	1
370	422	1130	1	1	0	0.26	1
371	372	17679	12	4	8	-1.04	-1
371	373	14882	11	8	3	1.30	1
371	374	18075	12	9	3	1.56	1
371	375	12729	9	6	3	0.78	1
371	376	16673	10	4	6	-0.52	-1
371	377	11361	7	7	0	1.82	1
371	378	15705	10	4	6	-0.52	-1
371	379	14921	9	2	7	-1.30	-1
371	380	14076	8	7	1	1.56	1
371	381	13890	8	5	3	0.52	1
371	382	13820	8	6	2	1.04	1
371	383	11381	8	3	5	-0.52	-1
371	384	10936	7	4	3	0.26	1
371	385	10134	4	2	2	0.00	1
371	386	9217	4	2	2	0.00	1
371	387	9133	4	1	3	-0.52	-1
371	388	9021	4	1	3	-0.52	-1
371	389	8788	4	1	3	-0.52	-1
371	390	8785	4	1	3	-0.52	-1
371	391	8381	4	2	2	0.00	1
371	392	7773	4	2	2	0.00	1
371	393	7569	4	2	2	0.00	1
371	394	7211	4	4	0	1.04	1
371	395	6968	4	2	2	0.00	1
371	396	6410	3	2	1	0.26	1
371	397	6086	3	2	1	0.26	1
371	398	6056	3	2	1	0.26	1
371	399	5945	3	1	2	-0.26	-1
371	400	5791	3	0	3	-0.78	-1
371	401	5734	3	2	1	0.26	1
371	402	5636	3	3	0	0.78	1
371	403	3819	2	1	1	0.00	1
371	404	3034	1	1	0	0.26	1
371	405	3034	1	1	0	0.26	1
371	406	2601	1	0	1	-0.26	-1
372	373	14882	11	9	2	1.82	1
372	374	17592	12	7	5	0.52	1
372	375	12729	9	6	3	0.78	1
372	376	16190	10	4	6	-0.52	-1
372	377	11361	7	1	6	-1.30	-1
372	378	15222	10	7	3	1.04	1
372	379	14438	9	4	5	-0.26	-1
372	380	13593	8	6	2	1.04	1
372	381	13407	8	5	3	0.52	1
372	382	13337	8	5	3	0.52	1
372	383	10898	8	0	8	-2.09	-1
372	384	10453	7	3	4	-0.26	-1
372	385	9651	4	1	3	-0.52	-1
372	386	8734	4	0	4	-1.04	-1
372	387	8650	4	3	1	0.52	1
372	388	8538	4	2	2	0.00	1
372	389	8305	4	2	2	0.00	1
372	390	8302	4	2	2	0.00	1
372	391	7898	4	2	2	0.00	1
372	392	7290	4	3	1	0.52	1
372	393	7086	4	3	1	0.52	1
372	394	6728	4	4	0	1.04	1
372	395	6485	4	2	2	0.00	1
372	396	5927	3	1	2	-0.26	-1
372	397	5603	3	3	0	0.78	1
372	398	5573	3	1	2	-0.26	-1
372	399	5462	3	2	1	0.26	1
372	400	5308	3	1	2	-0.26	-1
372	401	5251	3	2	1	0.26	1
372	402	5153	3	1	2	-0.26	-1
372	403	3336	2	2	0	0.52	1
372	404	2551	1	0	1	-0.26	-1
372	405	2551	1	0	1	-0.26	-1
372	406	2118	1	1	0	0.26	1
373	374	14829	11	8	3	1.30	1
373	375	12729	9	5	4	0.26	1
373	376	13427	9	4	5	-0.26	-1
373	377	11361	7	4	3	0.26	1
373	378	12459	9	6	3	0.78	1
373	379	11675	8	4	4	0.00	1
373	380	10830	7	4	3	0.26	1
373	381	10644	7	4	3	0.26	1
373	382	10574	7	6	1	1.30	1
373	383	8135	7	3	4	-0.26	-1
373	384	7690	6	5	1	1.04	1
373	385	6888	3	1	2	-0.26	-1
373	386	5971	3	1	2	-0.26	-1
373	387	5887	3	1	2	-0.26	-1
373	388	5775	3	1	2	-0.26	-1
373	389	5542	3	1	2	-0.26	-1
373	390	5539	3	2	1	0.26	1
373	391	5135	3	1	2	-0.26	-1
373	392	4527	3	1	2	-0.26	-1
373	393	4323	3	2	1	0.26	1
373	394	3965	3	1	2	-0.26	-1
373	395	3722	3	0	3	-0.78	-1
373	396	3164	2	0	2	-0.52	-1
373	397	2840	2	2	0	0.52	1
373	398	2810	2	1	1	0.00	1
373	399	2699	2	2	0	0.52	1
373	400	2545	2	1	1	0.00	1
373	401	2488	2	0	2	-0.52	-1
373	402	2390	2	2	0	0.52	1
373	403	573	1	0	1	-0.26	-1
374	375	12729	9	2	7	-1.30	-1
374	376	17224	11	7	4	0.78	1
374	377	11361	7	5	2	0.78	1
374	378	16256	11	7	4	0.78	1
374	379	15472	10	4	6	-0.52	-1
374	380	14627	9	4	5	-0.26	-1
374	381	14441	9	6	3	0.78	1
374	382	14371	9	4	5	-0.26	-1
374	383	11932	9	4	5	-0.26	-1
374	384	11487	8	4	4	0.00	1
374	385	10685	5	3	2	0.26	1
374	386	9768	5	1	4	-0.78	-1
374	387	9684	5	2	3	-0.26	-1
374	388	9572	5	3	2	0.26	1
374	389	9339	5	1	4	-0.78	-1
374	390	9336	5	1	4	-0.78	-1
374	391	8932	5	3	2	0.26	1
374	392	8324	5	3	2	0.26	1
374	393	8120	5	2	3	-0.26	-1
374	394	7762	5	3	2	0.26	1
374	395	7519	5	3	2	0.26	1
374	396	6961	4	4	0	1.04	1
374	397	6637	4	1	3	-0.52	-1
374	398	6607	4	1	3	-0.52	-1
374	399	6496	4	2	2	0.00	1
374	400	6342	4	1	3	-0.52	-1
374	401	6285	4	4	0	1.04	1
374	402	6187	4	4	0	1.04	1
374	403	4370	3	2	1	0.26	1
374	404	3585	2	1	1	0.00	1
374	405	3585	2	2	0	0.52	1
374	406	3152	2	1	1	0.00	1
374	407	2552	1	0	1	-0.26	-1
374	408	2467	1	0	1	-0.26	-1
374	409	1709	1	1	0	0.26	1
374	410	871	1	0	1	-0.26	-1
375	376	11864	7	1	6	-1.30	-1
375	377	11248	7	5	2	0.78	1
375	378	10896	7	5	2	0.78	1
375	379	10112	6	1	5	-1.04	-1
375	380	9267	5	2	3	-0.26	-1
375	381	9081	5	4	1	0.78	1
375	382	9011	5	2	3	-0.26	-1
375	383	6572	5	4	1	0.78	1
375	384	6127	4	1	3	-0.52	-1
375	385	5325	1	0	1	-0.26	-1
375	386	4408	1	1	0	0.26	1
375	387	4324	1	0	1	-0.26	-1
375	388	4212	1	0	1	-0.26	-1
375	389	3979	1	0	1	-0.26	-1
375	390	3976	1	1	0	0.26	1
375	391	3572	1	1	0	0.26	1
375	392	2964	1	1	0	0.26	1
375	393	2760	1	0	1	-0.26	-1
375	394	2402	1	1	0	0.26	1
375	395	2159	1	0	1	-0.26	-1
376	377	11361	7	2	5	-0.78	-1
376	378	16653	11	7	4	0.78	1
376	379	15869	10	5	5	0.00	1
376	380	14713	9	6	3	0.78	1
376	381	14838	9	4	5	-0.26	-1
376	382	14768	9	3	6	-0.78	-1
376	383	12329	9	2	7	-1.30	-1
376	384	11884	8	2	6	-1.04	-1
376	385	11082	5	2	3	-0.26	-1
376	386	10165	5	1	4	-0.78	-1
376	387	10081	5	4	1	0.78	1
376	388	9969	5	1	4	-0.78	-1
376	389	9736	5	3	2	0.26	1
376	390	9733	5	3	2	0.26	1
376	391	9329	5	1	4	-0.78	-1
376	392	8721	5	1	4	-0.78	-1
376	393	8517	5	2	3	-0.26	-1
376	394	8159	5	4	1	0.78	1
376	395	7916	5	4	1	0.78	1
376	396	7358	4	2	2	0.00	1
376	397	7034	4	3	1	0.52	1
376	398	7004	4	2	2	0.00	1
376	399	6893	4	2	2	0.00	1
376	400	6739	4	2	2	0.00	1
376	401	6682	4	2	2	0.00	1
376	402	6584	4	1	3	-0.52	-1
376	403	4767	3	3	0	0.78	1
376	404	3982	2	1	1	0.00	1
376	405	3982	2	1	1	0.00	1
376	406	3549	2	1	1	0.00	1
376	407	2949	1	1	0	0.26	1
376	408	2864	1	1	0	0.26	1
376	409	2106	1	0	1	-0.26	-1
376	410	1268	1	1	0	0.26	1
377	378	11009	7	4	3	0.26	1
377	379	10225	6	3	3	0.00	1
377	380	9380	5	1	4	-0.78	-1
377	381	9194	5	3	2	0.26	1
377	382	9124	5	3	2	0.26	1
377	383	6685	5	2	3	-0.26	-1
377	384	6240	4	2	2	0.00	1
377	385	5438	1	1	0	0.26	1
377	386	4521	1	0	1	-0.26	-1
377	387	4437	1	1	0	0.26	1
377	388	4325	1	0	1	-0.26	-1
377	389	4092	1	0	1	-0.26	-1
377	390	4089	1	0	1	-0.26	-1
377	391	3685	1	1	0	0.26	1
377	392	3077	1	1	0	0.26	1
377	393	2873	1	0	1	-0.26	-1
377	394	2515	1	0	1	-0.26	-1
377	395	2272	1	1	0	0.26	1
378	379	20243	14	5	9	-1.04	-1
378	380	14713	9	7	2	1.30	1
378	381	17680	13	7	6	0.26	1
378	382	21971	14	10	4	1.56	1
378	383	18386	14	6	8	-0.52	-1
378	384	15732	12	8	4	1.04	1
378	385	12829	8	5	3	0.52	1
378	386	14804	9	4	5	-0.26	-1
378	387	15689	10	7	3	1.04	1
378	388	17172	10	6	4	0.52	1
378	389	14211	9	5	4	0.26	1
378	390	16936	10	5	5	0.00	1
378	391	16532	10	3	7	-1.04	-1
378	392	14607	10	2	8	-1.56	-1
378	393	15720	10	3	7	-1.04	-1
378	394	15362	10	5	5	0.00	1
378	395	15119	10	5	5	0.00	1
378	396	14561	9	7	2	1.30	1
378	397	14237	9	3	6	-0.78	-1
378	398	14207	9	3	6	-0.78	-1
378	399	9769	8	5	3	0.52	1
378	400	13500	9	5	4	0.26	1
378	401	13885	9	7	2	1.30	1
378	402	13787	9	4	5	-0.26	-1
378	403	11970	8	4	4	0.00	1
378	404	11185	7	4	3	0.26	1
378	405	11185	7	6	1	1.30	1
378	406	10752	7	3	4	-0.26	-1
378	407	10152	6	4	2	0.52	1
378	408	10067	6	3	3	0.00	1
378	409	9309	6	6	0	1.56	1
378	410	8471	6	4	2	0.52	1
378	411	7809	5	2	3	-0.26	-1
378	412	7498	5	3	2	0.26	1
378	413	7215	5	2	3	-0.26	-1
378	414	6707	4	3	1	0.52	1
378	415	6655	4	0	4	-1.04	-1
378	416	6524	4	4	0	1.04	1
378	417	5474	2	0	2	-0.52	-1
378	418	5043	1	1	0	0.26	1
378	419	4870	1	0	1	-0.26	-1
378	420	4701	1	1	0	0.26	1
378	421	4691	1	1	0	0.26	1
378	422	3450	1	1	0	0.26	1
379	380	14713	9	5	4	0.26	1
379	381	17680	13	6	7	-0.26	-1
379	382	19142	13	2	11	-2.35	-1
379	383	16703	13	7	6	0.26	1
379	384	15732	12	6	6	0.00	1
379	385	12829	8	5	3	0.52	1
379	386	14539	9	5	4	0.26	1
379	387	14455	9	5	4	0.26	1
379	388	14343	9	1	8	-1.82	-1
379	389	14110	9	3	6	-0.78	-1
379	390	14107	9	5	4	0.26	1
379	391	13703	9	5	4	0.26	1
379	392	13095	9	4	5	-0.26	-1
379	393	12891	9	7	2	1.30	1
379	394	12533	9	4	5	-0.26	-1
379	395	12290	9	3	6	-0.78	-1
379	396	11732	8	1	7	-1.56	-1
379	397	11408	8	2	6	-1.04	-1
379	398	11378	8	5	3	0.52	1
379	399	9769	8	4	4	0.00	1
379	400	11113	8	4	4	0.00	1
379	401	11056	8	2	6	-1.04	-1
379	402	10958	8	2	6	-1.04	-1
379	403	9141	7	4	3	0.26	1
379	404	8356	6	3	3	0.00	1
379	405	8356	6	2	4	-0.52	-1
379	406	7923	6	5	1	1.04	1
379	407	7323	5	2	3	-0.26	-1
379	408	7238	5	2	3	-0.26	-1
379	409	6480	5	2	3	-0.26	-1
379	410	5642	5	0	5	-1.30	-1
379	411	4980	4	1	3	-0.52	-1
379	412	4669	4	2	2	0.00	1
379	413	4386	4	3	1	0.52	1
379	414	3878	3	2	1	0.26	1
379	415	3826	3	0	3	-0.78	-1
379	416	3695	3	1	2	-0.26	-1
379	417	2645	1	0	1	-0.26	-1
380	381	14527	9	3	6	-0.78	-1
380	382	14457	9	6	3	0.78	1
380	383	12018	9	5	4	0.26	1
380	384	11573	8	2	6	-1.04	-1
380	385	10771	5	4	1	0.78	1
380	386	9854	5	2	3	-0.26	-1
380	387	9770	5	3	2	0.26	1
380	388	9658	5	2	3	-0.26	-1
380	389	9425	5	2	3	-0.26	-1
380	390	9422	5	2	3	-0.26	-1
380	391	9018	5	0	5	-1.30	-1
380	392	8410	5	3	2	0.26	1
380	393	8206	5	2	3	-0.26	-1
380	394	7848	5	1	4	-0.78	-1
380	395	7605	5	3	2	0.26	1
380	396	7047	4	3	1	0.52	1
380	397	6723	4	2	2	0.00	1
380	398	6693	4	1	3	-0.52	-1
380	399	6582	4	2	2	0.00	1
380	400	6428	4	3	1	0.52	1
380	401	6371	4	2	2	0.00	1
380	402	6273	4	3	1	0.52	1
380	403	4456	3	1	2	-0.26	-1
380	404	3671	2	1	1	0.00	1
380	405	3671	2	1	1	0.00	1
380	406	3238	2	1	1	0.00	1
380	407	2638	1	0	1	-0.26	-1
380	408	2553	1	1	0	0.26	1
380	409	1795	1	0	1	-0.26	-1
380	410	957	1	1	0	0.26	1
381	382	17610	13	4	9	-1.30	-1
381	383	15171	13	7	6	0.26	1
381	384	14726	12	3	9	-1.56	-1
381	385	12829	8	6	2	1.04	1
381	386	13007	9	8	1	1.82	1
381	387	12923	9	5	4	0.26	1
381	388	12811	9	6	3	0.78	1
381	389	12578	9	4	5	-0.26	-1
381	390	12575	9	4	5	-0.26	-1
381	391	12171	9	4	5	-0.26	-1
381	392	11563	9	4	5	-0.26	-1
381	393	11359	9	3	6	-0.78	-1
381	394	11001	9	5	4	0.26	1
381	395	10758	9	2	7	-1.30	-1
381	396	10200	8	5	3	0.52	1
381	397	9876	8	7	1	1.56	1
381	398	9846	8	3	5	-0.52	-1
381	399	9735	8	5	3	0.52	1
381	400	9581	8	3	5	-0.52	-1
381	401	9524	8	4	4	0.00	1
381	402	9426	8	4	4	0.00	1
381	403	7609	7	3	4	-0.26	-1
381	404	6824	6	3	3	0.00	1
381	405	6824	6	2	4	-0.52	-1
381	406	6391	6	4	2	0.52	1
381	407	5791	5	2	3	-0.26	-1
381	408	5706	5	3	2	0.26	1
381	409	4948	5	3	2	0.26	1
381	410	4110	5	2	3	-0.26	-1
381	411	3448	4	3	1	0.52	1
381	412	3137	4	2	2	0.00	1
381	413	2854	4	1	3	-0.52	-1
381	414	2346	3	2	1	0.26	1
381	415	2294	3	0	3	-0.78	-1
381	416	2163	3	2	1	0.26	1
381	417	1113	1	0	1	-0.26	-1
382	383	18386	14	3	11	-2.09	-1
382	384	15732	12	6	6	0.00	1
382	385	12829	8	4	4	0.00	1
382	386	14804	9	1	8	-1.82	-1
382	387	15689	10	4	6	-0.52	-1
382	388	17852	10	6	4	0.52	1
382	389	14211	9	2	7	-1.30	-1
382	390	17616	10	2	8	-1.56	-1
382	391	16970	10	4	6	-0.52	-1
382	392	14607	10	5	5	0.00	1
382	393	16400	10	5	5	0.00	1
382	394	16042	10	6	4	0.52	1
382	395	15799	10	3	7	-1.04	-1
382	396	15241	9	4	5	-0.26	-1
382	397	14917	9	3	6	-0.78	-1
382	398	14887	9	6	3	0.78	1
382	399	9769	8	7	1	1.56	1
382	400	13500	9	7	2	1.30	1
382	401	14565	9	4	5	-0.26	-1
382	402	14467	9	3	6	-0.78	-1
382	403	12650	8	7	1	1.56	1
382	404	11865	7	2	5	-0.78	-1
382	405	11865	7	2	5	-0.78	-1
382	406	11432	7	4	3	0.26	1
382	407	10832	6	2	4	-0.52	-1
382	408	10747	6	4	2	0.52	1
382	409	9989	6	3	3	0.00	1
382	410	9151	6	3	3	0.00	1
382	411	8489	5	2	3	-0.26	-1
382	412	8178	5	0	5	-1.30	-1
382	413	7895	5	3	2	0.26	1
382	414	7387	4	4	0	1.04	1
382	415	7335	4	4	0	1.04	1
382	416	7204	4	2	2	0.00	1
382	417	6154	2	0	2	-0.52	-1
382	418	5723	1	0	1	-0.26	-1
382	419	5550	1	1	0	0.26	1
382	420	5381	1	0	1	-0.26	-1
382	421	5371	1	1	0	0.26	1
382	422	4130	1	1	0	0.26	1
383	384	15732	12	7	5	0.52	1
383	385	12829	8	3	5	-0.52	-1
383	386	14804	9	5	4	0.26	1
383	387	15689	10	5	5	0.00	1
383	388	16026	10	5	5	0.00	1
383	389	14211	9	3	6	-0.78	-1
383	390	15790	10	6	4	0.52	1
383	391	15386	10	6	4	0.52	1
383	392	14607	10	6	4	0.52	1
383	393	14574	10	8	2	1.56	1
383	394	14216	10	3	7	-1.04	-1
383	395	13973	10	5	5	0.00	1
383	396	13415	9	3	6	-0.78	-1
383	397	13091	9	2	7	-1.30	-1
383	398	13061	9	7	2	1.30	1
383	399	9769	8	3	5	-0.52	-1
383	400	12796	9	2	7	-1.30	-1
383	401	12739	9	4	5	-0.26	-1
383	402	12641	9	5	4	0.26	1
383	403	10824	8	2	6	-1.04	-1
383	404	10039	7	3	4	-0.26	-1
383	405	10039	7	4	3	0.26	1
383	406	9606	7	5	2	0.78	1
383	407	9006	6	4	2	0.52	1
383	408	8921	6	5	1	1.04	1
383	409	8163	6	4	2	0.52	1
383	410	7325	6	1	5	-1.04	-1
383	411	6663	5	1	4	-0.78	-1
383	412	6352	5	2	3	-0.26	-1
383	413	6069	5	2	3	-0.26	-1
383	414	5561	4	1	3	-0.52	-1
383	415	5509	4	2	2	0.00	1
383	416	5378	4	2	2	0.00	1
383	417	4328	2	1	1	0.00	1
383	418	3897	1	1	0	0.26	1
383	419	3724	1	1	0	0.26	1
383	420	3555	1	1	0	0.26	1
383	421	3545	1	1	0	0.26	1
383	422	2304	1	0	1	-0.26	-1
384	385	12829	8	4	4	0.00	1
384	386	14013	9	2	7	-1.30	-1
384	387	13929	9	4	5	-0.26	-1
384	388	13817	9	7	2	1.30	1
384	389	13584	9	4	5	-0.26	-1
384	390	13581	9	3	6	-0.78	-1
384	391	13177	9	3	6	-0.78	-1
384	392	12569	9	3	6	-0.78	-1
384	393	12365	9	1	8	-1.82	-1
384	394	12007	9	7	2	1.30	1
384	395	11764	9	6	3	0.78	1
384	396	11206	8	4	4	0.00	1
384	397	10882	8	3	5	-0.52	-1
384	398	10852	8	5	3	0.52	1
384	399	9769	8	4	4	0.00	1
384	400	10587	8	4	4	0.00	1
384	401	10530	8	4	4	0.00	1
384	402	10432	8	6	2	1.04	1
384	403	8615	7	2	5	-0.78	-1
384	404	7830	6	4	2	0.52	1
384	405	7830	6	4	2	0.52	1
384	406	7397	6	4	2	0.52	1
384	407	6797	5	1	4	-0.78	-1
384	408	6712	5	4	1	0.78	1
384	409	5954	5	4	1	0.78	1
384	410	5116	5	2	3	-0.26	-1
384	411	4454	4	3	1	0.52	1
384	412	4143	4	1	3	-0.52	-1
384	413	3860	4	1	3	-0.52	-1
384	414	3352	3	2	1	0.26	1
384	415	3300	3	0	3	-0.78	-1
384	416	3169	3	3	0	0.78	1
384	417	2119	1	0	1	-0.26	-1
385	386	11912	8	2	6	-1.04	-1
385	387	11828	8	4	4	0.00	1
385	388	11716	8	7	1	1.56	1
385	389	11483	8	3	5	-0.52	-1
385	390	11480	8	4	4	0.00	1
385	391	11076	8	2	6	-1.04	-1
385	392	10468	8	4	4	0.00	1
385	393	10264	8	3	5	-0.52	-1
385	394	9906	8	3	5	-0.52	-1
385	395	9663	8	4	4	0.00	1
385	396	9105	7	4	3	0.26	1
385	397	8781	7	5	2	0.78	1
385	398	8751	7	6	1	1.30	1
385	399	8640	7	3	4	-0.26	-1
385	400	8486	7	2	5	-0.78	-1
385	401	8429	7	4	3	0.26	1
385	402	8331	7	3	4	-0.26	-1
385	403	6514	6	2	4	-0.52	-1
385	404	5729	5	1	4	-0.78	-1
385	405	5729	5	4	1	0.78	1
385	406	5296	5	1	4	-0.78	-1
385	407	4696	4	2	2	0.00	1
385	408	4611	4	3	1	0.52	1
385	409	3853	4	2	2	0.00	1
385	410	3015	4	2	2	0.00	1
385	411	2353	3	2	1	0.26	1
385	412	2042	3	2	1	0.26	1
385	413	1759	3	1	2	-0.26	-1
385	414	1251	2	2	0	0.52	1
385	415	1199	2	1	1	0.00	1
385	416	1068	2	1	1	0.00	1
386	387	14720	9	4	5	-0.26	-1
386	388	14608	9	4	5	-0.26	-1
386	389	14211	9	6	3	0.78	1
386	390	14372	9	5	4	0.26	1
386	391	13968	9	5	4	0.26	1
386	392	13360	9	7	2	1.30	1
386	393	13156	9	8	1	1.82	1
386	394	12798	9	2	7	-1.30	-1
386	395	12555	9	3	6	-0.78	-1
386	396	11997	8	2	6	-1.04	-1
386	397	11673	8	3	5	-0.52	-1
386	398	11643	8	4	4	0.00	1
386	399	9769	8	2	6	-1.04	-1
386	400	11378	8	5	3	0.52	1
386	401	11321	8	3	5	-0.52	-1
386	402	11223	8	4	4	0.00	1
386	403	9406	7	5	2	0.78	1
386	404	8621	6	2	4	-0.52	-1
386	405	8621	6	2	4	-0.52	-1
386	406	8188	6	3	3	0.00	1
386	407	7588	5	3	2	0.26	1
386	408	7503	5	3	2	0.26	1
386	409	6745	5	1	4	-0.78	-1
386	410	5907	5	1	4	-0.78	-1
386	411	5245	4	2	2	0.00	1
386	412	4934	4	3	1	0.52	1
386	413	4651	4	0	4	-1.04	-1
386	414	4143	3	1	2	-0.26	-1
386	415	4091	3	1	2	-0.26	-1
386	416	3960	3	1	2	-0.26	-1
386	417	2910	1	1	0	0.26	1
387	388	15577	10	5	5	0.00	1
387	389	14211	9	4	5	-0.26	-1
387	390	15341	10	6	4	0.52	1
387	391	14937	10	8	2	1.56	1
387	392	14329	10	6	4	0.52	1
387	393	14125	10	5	5	0.00	1
387	394	13767	10	5	5	0.00	1
387	395	13524	10	5	5	0.00	1
387	396	12966	9	4	5	-0.26	-1
387	397	12642	9	4	5	-0.26	-1
387	398	12612	9	5	4	0.26	1
387	399	9769	8	1	7	-1.56	-1
387	400	12347	9	5	4	0.26	1
387	401	12290	9	6	3	0.78	1
387	402	12192	9	6	3	0.78	1
387	403	10375	8	3	5	-0.52	-1
387	404	9590	7	6	1	1.30	1
387	405	9590	7	4	3	0.26	1
387	406	9157	7	5	2	0.78	1
387	407	8557	6	3	3	0.00	1
387	408	8472	6	4	2	0.52	1
387	409	7714	6	4	2	0.52	1
387	410	6876	6	1	5	-1.04	-1
387	411	6214	5	3	2	0.26	1
387	412	5903	5	4	1	0.78	1
387	413	5620	5	4	1	0.78	1
387	414	5112	4	2	2	0.00	1
387	415	5060	4	3	1	0.52	1
387	416	4929	4	1	3	-0.52	-1
387	417	3879	2	2	0	0.52	1
387	418	3448	1	1	0	0.26	1
387	419	3275	1	0	1	-0.26	-1
387	420	3106	1	0	1	-0.26	-1
387	421	3096	1	0	1	-0.26	-1
387	422	1855	1	0	1	-0.26	-1
388	389	14211	9	2	7	-1.30	-1
388	390	23507	15	5	10	-1.30	-1
388	391	16970	10	5	5	0.00	1
388	392	14607	10	3	7	-1.04	-1
388	393	22447	15	7	8	-0.26	-1
388	394	18476	13	6	7	-0.26	-1
388	395	21846	15	8	7	0.26	1
388	396	21288	14	9	5	1.04	1
388	397	15080	10	4	6	-0.52	-1
388	398	15755	10	4	6	-0.52	-1
388	399	9769	8	5	3	0.52	1
388	400	13500	9	3	6	-0.78	-1
388	401	20612	14	9	5	1.04	1
388	402	17691	13	9	4	1.30	1
388	403	15829	12	6	6	0.00	1
388	404	14820	11	6	5	0.26	1
388	405	17912	12	6	6	0.00	1
388	406	13721	10	3	7	-1.04	-1
388	407	13160	9	6	3	0.78	1
388	408	15982	11	9	2	1.82	1
388	409	15621	11	4	7	-0.78	-1
388	410	15198	11	7	4	0.78	1
388	411	14536	10	6	4	0.52	1
388	412	14225	10	6	4	0.52	1
388	413	13942	10	6	4	0.52	1
388	414	13434	9	7	2	1.30	1
388	415	13382	9	3	6	-0.78	-1
388	416	13251	9	7	2	1.30	1
388	417	12201	7	4	3	0.26	1
388	418	11770	6	2	4	-0.52	-1
388	419	10862	6	4	2	0.52	1
388	420	11428	6	5	1	1.04	1
388	421	11418	6	3	3	0.00	1
388	422	10177	6	3	3	0.00	1
388	423	7974	5	4	1	0.78	1
388	424	7723	5	3	2	0.26	1
388	425	7643	5	4	1	0.78	1
388	426	7623	5	4	1	0.78	1
388	427	7594	5	4	1	0.78	1
388	428	7477	5	3	2	0.26	1
388	429	4452	3	3	0	0.78	1
388	430	3368	1	1	0	0.26	1
388	431	2610	1	1	0	0.26	1
389	390	14208	9	6	3	0.78	1
389	391	13804	9	4	5	-0.26	-1
389	392	13196	9	6	3	0.78	1
389	393	12992	9	4	5	-0.26	-1
389	394	12634	9	3	6	-0.78	-1
389	395	12391	9	7	2	1.30	1
389	396	11833	8	4	4	0.00	1
389	397	11509	8	4	4	0.00	1
389	398	11479	8	3	5	-0.52	-1
389	399	9769	8	5	3	0.52	1
389	400	11214	8	3	5	-0.52	-1
389	401	11157	8	4	4	0.00	1
389	402	11059	8	4	4	0.00	1
389	403	9242	7	6	1	1.30	1
389	404	8457	6	3	3	0.00	1
389	405	8457	6	3	3	0.00	1
389	406	8024	6	3	3	0.00	1
389	407	7424	5	0	5	-1.30	-1
389	408	7339	5	3	2	0.26	1
389	409	6581	5	3	2	0.26	1
389	410	5743	5	3	2	0.26	1
389	411	5081	4	0	4	-1.04	-1
389	412	4770	4	1	3	-0.52	-1
389	413	4487	4	3	1	0.52	1
389	414	3979	3	1	2	-0.26	-1
389	415	3927	3	1	2	-0.26	-1
389	416	3796	3	0	3	-0.78	-1
389	417	2746	1	1	0	0.26	1
390	391	16970	10	6	4	0.52	1
390	392	14607	10	4	6	-0.52	-1
390	393	22291	15	9	6	0.78	1
390	394	18476	13	8	5	0.78	1
390	395	21690	15	8	7	0.26	1
390	396	21132	14	6	8	-0.52	-1
390	397	15080	10	3	7	-1.04	-1
390	398	15755	10	6	4	0.52	1
390	399	9769	8	5	3	0.52	1
390	400	13500	9	8	1	1.82	1
390	401	20456	14	2	12	-2.61	-1
390	402	17691	13	4	9	-1.30	-1
390	403	15829	12	9	3	1.56	1
390	404	14820	11	7	4	0.78	1
390	405	17756	12	4	8	-1.04	-1
390	406	13721	10	7	3	1.04	1
390	407	13160	9	5	4	0.26	1
390	408	15982	11	3	8	-1.30	-1
390	409	15621	11	7	4	0.78	1
390	410	15042	11	4	7	-0.78	-1
390	411	14380	10	4	6	-0.52	-1
390	412	14069	10	7	3	1.04	1
390	413	13786	10	8	2	1.56	1
390	414	13278	9	4	5	-0.26	-1
390	415	13226	9	4	5	-0.26	-1
390	416	13095	9	2	7	-1.30	-1
390	417	12045	7	4	3	0.26	1
390	418	11614	6	1	5	-1.04	-1
390	419	10862	6	3	3	0.00	1
390	420	11272	6	3	3	0.00	1
390	421	11262	6	5	1	1.04	1
390	422	10021	6	4	2	0.52	1
390	423	7818	5	2	3	-0.26	-1
390	424	7567	5	2	3	-0.26	-1
390	425	7487	5	3	2	0.26	1
390	426	7467	5	4	1	0.78	1
390	427	7438	5	4	1	0.78	1
390	428	7321	5	2	3	-0.26	-1
390	429	4296	3	0	3	-0.78	-1
390	430	3212	1	0	1	-0.26	-1
390	431	2454	1	0	1	-0.26	-1
391	392	14607	10	4	6	-0.52	-1
391	393	16158	10	6	4	0.52	1
391	394	15800	10	3	7	-1.04	-1
391	395	15557	10	7	3	1.04	1
391	396	14999	9	4	5	-0.26	-1
391	397	14675	9	2	7	-1.30	-1
391	398	14645	9	6	3	0.78	1
391	399	9769	8	4	4	0.00	1
391	400	13500	9	4	5	-0.26	-1
391	401	14323	9	3	6	-0.78	-1
391	402	14225	9	4	5	-0.26	-1
391	403	12408	8	5	3	0.52	1
391	404	11623	7	4	3	0.26	1
391	405	11623	7	4	3	0.26	1
391	406	11190	7	3	4	-0.26	-1
391	407	10590	6	1	5	-1.04	-1
391	408	10505	6	3	3	0.00	1
391	409	9747	6	3	3	0.00	1
391	410	8909	6	0	6	-1.56	-1
391	411	8247	5	1	4	-0.78	-1
391	412	7936	5	3	2	0.26	1
391	413	7653	5	2	3	-0.26	-1
391	414	7145	4	2	2	0.00	1
391	415	7093	4	2	2	0.00	1
391	416	6962	4	3	1	0.52	1
391	417	5912	2	0	2	-0.52	-1
391	418	5481	1	1	0	0.26	1
391	419	5308	1	0	1	-0.26	-1
391	420	5139	1	0	1	-0.26	-1
391	421	5129	1	0	1	-0.26	-1
391	422	3888	1	0	1	-0.26	-1
392	393	14403	10	3	7	-1.04	-1
392	394	14045	10	3	7	-1.04	-1
392	395	13802	10	3	7	-1.04	-1
392	396	13244	9	1	8	-1.82	-1
392	397	12920	9	4	5	-0.26	-1
392	398	12890	9	5	4	0.26	1
392	399	9769	8	4	4	0.00	1
392	400	12625	9	5	4	0.26	1
392	401	12568	9	2	7	-1.30	-1
392	402	12470	9	3	6	-0.78	-1
392	403	10653	8	5	3	0.52	1
392	404	9868	7	5	2	0.78	1
392	405	9868	7	2	5	-0.78	-1
392	406	9435	7	1	6	-1.30	-1
392	407	8835	6	2	4	-0.52	-1
392	408	8750	6	2	4	-0.52	-1
392	409	7992	6	2	4	-0.52	-1
392	410	7154	6	1	5	-1.04	-1
392	411	6492	5	1	4	-0.78	-1
392	412	6181	5	3	2	0.26	1
392	413	5898	5	2	3	-0.26	-1
392	414	5390	4	0	4	-1.04	-1
392	415	5338	4	2	2	0.00	1
392	416	5207	4	1	3	-0.52	-1
392	417	4157	2	1	1	0.00	1
392	418	3726	1	1	0	0.26	1
392	419	3553	1	1	0	0.26	1
392	420	3384	1	0	1	-0.26	-1
392	421	3374	1	0	1	-0.26	-1
392	422	2133	1	0	1	-0.26	-1
393	394	18476	13	2	11	-2.35	-1
393	395	22295	15	5	10	-1.30	-1
393	396	21737	14	5	9	-1.04	-1
393	397	15080	10	5	5	0.00	1
393	398	15755	10	6	4	0.52	1
393	399	9769	8	5	3	0.52	1
393	400	13500	9	2	7	-1.30	-1
393	401	21061	14	7	7	0.00	1
393	402	17691	13	6	7	-0.26	-1
393	403	15829	12	5	7	-0.52	-1
393	404	14820	11	4	7	-0.78	-1
393	405	18361	12	5	7	-0.52	-1
393	406	13721	10	5	5	0.00	1
393	407	13160	9	2	7	-1.30	-1
393	408	15982	11	7	4	0.78	1
393	409	15621	11	6	5	0.26	1
393	410	15647	11	5	6	-0.26	-1
393	411	14985	10	6	4	0.52	1
393	412	14674	10	9	1	2.09	1
393	413	14391	10	7	3	1.04	1
393	414	13883	9	2	7	-1.30	-1
393	415	13831	9	6	3	0.78	1
393	416	13700	9	6	3	0.78	1
393	417	12650	7	4	3	0.26	1
393	418	12219	6	2	4	-0.52	-1
393	419	10862	6	3	3	0.00	1
393	420	11877	6	1	5	-1.04	-1
393	421	11867	6	1	5	-1.04	-1
393	422	10626	6	1	5	-1.04	-1
393	423	8423	5	2	3	-0.26	-1
393	424	8172	5	2	3	-0.26	-1
393	425	8092	5	3	2	0.26	1
393	426	8072	5	3	2	0.26	1
393	427	8043	5	3	2	0.26	1
393	428	7926	5	2	3	-0.26	-1
393	429	4901	3	1	2	-0.26	-1
393	430	3817	1	0	1	-0.26	-1
393	431	3059	1	0	1	-0.26	-1
394	395	18233	13	4	9	-1.30	-1
394	396	17675	12	7	5	0.52	1
394	397	15080	10	5	5	0.00	1
394	398	15755	10	5	5	0.00	1
394	399	9769	8	5	3	0.52	1
394	400	13500	9	5	4	0.26	1
394	401	16999	12	7	5	0.52	1
394	402	16901	12	9	3	1.56	1
394	403	15084	11	8	3	1.30	1
394	404	14299	10	5	5	0.00	1
394	405	14299	10	6	4	0.52	1
394	406	13721	10	3	7	-1.04	-1
394	407	13160	9	7	2	1.30	1
394	408	13181	9	2	7	-1.30	-1
394	409	12423	9	5	4	0.26	1
394	410	11585	9	8	1	1.82	1
394	411	10923	8	4	4	0.00	1
394	412	10612	8	3	5	-0.52	-1
394	413	10329	8	1	7	-1.56	-1
394	414	9821	7	3	4	-0.26	-1
394	415	9769	7	3	4	-0.26	-1
394	416	9638	7	2	5	-0.78	-1
394	417	8588	5	0	5	-1.30	-1
394	418	8157	4	2	2	0.00	1
394	419	7984	4	2	2	0.00	1
394	420	7815	4	3	1	0.52	1
394	421	7805	4	2	2	0.00	1
394	422	6564	4	3	1	0.52	1
394	423	4361	3	3	0	0.78	1
394	424	4110	3	1	2	-0.26	-1
394	425	4030	3	1	2	-0.26	-1
394	426	4010	3	3	0	0.78	1
394	427	3981	3	2	1	0.26	1
394	428	3864	3	0	3	-0.78	-1
394	429	839	1	0	1	-0.26	-1
395	396	24956	15	12	3	2.35	1
395	397	15080	10	6	4	0.52	1
395	398	15755	10	4	6	-0.52	-1
395	399	9769	8	4	4	0.00	1
395	400	13500	9	3	6	-0.78	-1
395	401	22592	15	10	5	1.30	1
395	402	17691	13	10	3	1.82	1
395	403	15829	12	6	6	0.00	1
395	404	14820	11	4	7	-0.78	-1
395	405	21580	13	8	5	0.78	1
395	406	13721	10	3	7	-1.04	-1
395	407	13160	9	5	4	0.26	1
395	408	15982	11	6	5	0.26	1
395	409	15621	11	5	6	-0.26	-1
395	410	18629	12	5	7	-0.52	-1
395	411	18204	11	3	8	-1.30	-1
395	412	17893	11	4	7	-0.78	-1
395	413	17610	11	5	6	-0.26	-1
395	414	17102	10	7	3	1.04	1
395	415	17050	10	4	6	-0.52	-1
395	416	16919	10	3	7	-1.04	-1
395	417	15869	8	5	3	0.52	1
395	418	15438	7	4	3	0.26	1
395	419	10862	6	3	3	0.00	1
395	420	15096	7	3	4	-0.26	-1
395	421	15086	7	3	4	-0.26	-1
395	422	13845	7	3	4	-0.26	-1
395	423	11642	6	3	3	0.00	1
395	424	11391	6	2	4	-0.52	-1
395	425	11311	6	4	2	0.52	1
395	426	11291	6	4	2	0.52	1
395	427	11262	6	2	4	-0.52	-1
395	428	11145	6	2	4	-0.52	-1
395	429	8120	4	2	2	0.00	1
395	430	7036	2	0	2	-0.52	-1
395	431	6278	2	2	0	0.52	1
395	432	4768	1	1	0	0.26	1
395	433	4637	1	0	1	-0.26	-1
395	434	4524	1	0	1	-0.26	-1
395	435	4453	1	0	1	-0.26	-1
395	436	4105	1	0	1	-0.26	-1
395	437	3961	1	0	1	-0.26	-1
395	438	3409	1	1	0	0.26	1
395	439	3067	1	1	0	0.26	1
395	440	2958	1	1	0	0.26	1
396	397	15080	10	7	3	1.04	1
396	398	15755	10	4	6	-0.52	-1
396	399	9769	8	1	7	-1.56	-1
396	400	13500	9	6	3	0.78	1
396	401	22592	15	7	8	-0.26	-1
396	402	17691	13	8	5	0.78	1
396	403	15829	12	7	5	0.52	1
396	404	14820	11	7	4	0.78	1
396	405	21678	13	5	8	-0.78	-1
396	406	13721	10	5	5	0.00	1
396	407	13160	9	3	6	-0.78	-1
396	408	15982	11	6	5	0.26	1
396	409	15621	11	2	9	-1.82	-1
396	410	18629	12	10	2	2.09	1
396	411	19154	12	6	6	0.00	1
396	412	18843	12	5	7	-0.52	-1
396	413	18560	12	6	6	0.00	1
396	414	18052	11	6	5	0.26	1
396	415	18000	11	3	8	-1.30	-1
396	416	17869	11	3	8	-1.30	-1
396	417	16819	9	4	5	-0.26	-1
396	418	16388	8	3	5	-0.52	-1
396	419	10862	6	2	4	-0.52	-1
396	420	15374	7	1	6	-1.30	-1
396	421	15610	8	4	4	0.00	1
396	422	14795	8	6	2	1.04	1
396	423	12592	7	2	5	-0.78	-1
396	424	12341	7	4	3	0.26	1
396	425	12261	7	3	4	-0.26	-1
396	426	12241	7	3	4	-0.26	-1
396	427	12212	7	1	6	-1.30	-1
396	428	12095	7	4	3	0.26	1
396	429	9070	5	5	0	1.30	1
396	430	7986	3	1	2	-0.26	-1
396	431	7228	3	0	3	-0.78	-1
396	432	5718	2	1	1	0.00	1
396	433	5587	2	1	1	0.00	1
396	434	5474	2	2	0	0.52	1
396	435	5403	2	2	0	0.52	1
396	436	5055	2	1	1	0.00	1
396	437	4911	2	1	1	0.00	1
396	438	4359	2	0	2	-0.52	-1
396	439	4017	2	1	1	0.00	1
396	440	3908	2	0	2	-0.52	-1
396	441	2101	1	0	1	-0.26	-1
396	442	1539	1	1	0	0.26	1
396	443	1280	1	1	0	0.26	1
396	444	1127	1	0	1	-0.26	-1
396	445	911	1	1	0	0.26	1
397	398	15050	10	3	7	-1.04	-1
397	399	9769	8	7	1	1.56	1
397	400	13500	9	4	5	-0.26	-1
397	401	14728	10	5	5	0.00	1
397	402	14630	10	3	7	-1.04	-1
397	403	12813	9	3	6	-0.78	-1
397	404	12028	8	3	5	-0.52	-1
397	405	12028	8	4	4	0.00	1
397	406	11595	8	3	5	-0.52	-1
397	407	10995	7	4	3	0.26	1
397	408	10910	7	3	4	-0.26	-1
397	409	10152	7	5	2	0.78	1
397	410	9314	7	2	5	-0.78	-1
397	411	8652	6	3	3	0.00	1
397	412	8341	6	6	0	1.56	1
397	413	8058	6	2	4	-0.52	-1
397	414	7550	5	4	1	0.78	1
397	415	7498	5	4	1	0.78	1
397	416	7367	5	2	3	-0.26	-1
397	417	6317	3	2	1	0.26	1
397	418	5886	2	0	2	-0.52	-1
397	419	5713	2	1	1	0.00	1
397	420	5544	2	2	0	0.52	1
397	421	5534	2	2	0	0.52	1
397	422	4293	2	1	1	0.00	1
397	423	2090	1	0	1	-0.26	-1
397	424	1839	1	1	0	0.26	1
397	425	1759	1	1	0	0.26	1
397	426	1739	1	1	0	0.26	1
397	427	1710	1	1	0	0.26	1
397	428	1593	1	0	1	-0.26	-1
398	399	9769	8	4	4	0.00	1
398	400	13500	9	4	5	-0.26	-1
398	401	15433	10	6	4	0.52	1
398	402	15335	10	6	4	0.52	1
398	403	13518	9	5	4	0.26	1
398	404	12733	8	4	4	0.00	1
398	405	12733	8	2	6	-1.04	-1
398	406	12300	8	4	4	0.00	1
398	407	11700	7	4	3	0.26	1
398	408	11615	7	0	7	-1.82	-1
398	409	10857	7	4	3	0.26	1
398	410	10019	7	2	5	-0.78	-1
398	411	9357	6	2	4	-0.52	-1
398	412	9046	6	2	4	-0.52	-1
398	413	8763	6	3	3	0.00	1
398	414	8255	5	4	1	0.78	1
398	415	8203	5	3	2	0.26	1
398	416	8072	5	2	3	-0.26	-1
398	417	7022	3	2	1	0.26	1
398	418	6591	2	1	1	0.00	1
398	419	6418	2	1	1	0.00	1
398	420	6249	2	1	1	0.00	1
398	421	6239	2	1	1	0.00	1
398	422	4998	2	1	1	0.00	1
398	423	2795	1	1	0	0.26	1
398	424	2544	1	0	1	-0.26	-1
398	425	2464	1	0	1	-0.26	-1
398	426	2444	1	0	1	-0.26	-1
398	427	2415	1	0	1	-0.26	-1
398	428	2298	1	1	0	0.26	1
399	400	9615	8	5	3	0.52	1
399	401	9558	8	2	6	-1.04	-1
399	402	9460	8	3	5	-0.52	-1
399	403	7643	7	2	5	-0.78	-1
399	404	6858	6	2	4	-0.52	-1
399	405	6858	6	2	4	-0.52	-1
399	406	6425	6	1	5	-1.04	-1
399	407	5825	5	1	4	-0.78	-1
399	408	5740	5	4	1	0.78	1
399	409	4982	5	1	4	-0.78	-1
399	410	4144	5	4	1	0.78	1
399	411	3482	4	2	2	0.00	1
399	412	3171	4	1	3	-0.52	-1
399	413	2888	4	2	2	0.00	1
399	414	2380	3	1	2	-0.26	-1
399	415	2328	3	1	2	-0.26	-1
399	416	2197	3	2	1	0.26	1
399	417	1147	1	1	0	0.26	1
400	401	13443	9	4	5	-0.26	-1
400	402	13345	9	3	6	-0.78	-1
400	403	11528	8	5	3	0.52	1
400	404	10743	7	5	2	0.78	1
400	405	10743	7	2	5	-0.78	-1
400	406	10310	7	4	3	0.26	1
400	407	9710	6	1	5	-1.04	-1
400	408	9625	6	3	3	0.00	1
400	409	8867	6	3	3	0.00	1
400	410	8029	6	2	4	-0.52	-1
400	411	7367	5	1	4	-0.78	-1
400	412	7056	5	4	1	0.78	1
400	413	6773	5	3	2	0.26	1
400	414	6265	4	1	3	-0.52	-1
400	415	6213	4	4	0	1.04	1
400	416	6082	4	2	2	0.00	1
400	417	5032	2	2	0	0.52	1
400	418	4601	1	1	0	0.26	1
400	419	4428	1	0	1	-0.26	-1
400	420	4259	1	0	1	-0.26	-1
400	421	4249	1	0	1	-0.26	-1
400	422	3008	1	0	1	-0.26	-1
401	402	17691	13	9	4	1.30	1
401	403	15829	12	6	6	0.00	1
401	404	14820	11	5	6	-0.26	-1
401	405	19892	13	5	8	-0.78	-1
401	406	13721	10	4	6	-0.52	-1
401	407	13160	9	5	4	0.26	1
401	408	15982	11	10	1	2.35	1
401	409	15621	11	6	5	0.26	1
401	410	17178	12	4	8	-1.04	-1
401	411	16516	11	6	5	0.26	1
401	412	16205	11	3	8	-1.30	-1
401	413	15922	11	8	3	1.30	1
401	414	15414	10	5	5	0.00	1
401	415	15362	10	5	5	0.00	1
401	416	15231	10	6	4	0.52	1
401	417	14181	8	4	4	0.00	1
401	418	13750	7	2	5	-0.78	-1
401	419	10862	6	5	1	1.04	1
401	420	13408	7	2	5	-0.78	-1
401	421	13398	7	5	2	0.78	1
401	422	12157	7	5	2	0.78	1
401	423	9954	6	1	5	-1.04	-1
401	424	9703	6	0	6	-1.56	-1
401	425	9623	6	1	5	-1.04	-1
401	426	9603	6	1	5	-1.04	-1
401	427	9574	6	3	3	0.00	1
401	428	9457	6	1	5	-1.04	-1
401	429	6432	4	1	3	-0.52	-1
401	430	5348	2	0	2	-0.52	-1
401	431	4590	2	0	2	-0.52	-1
401	432	3080	1	0	1	-0.26	-1
401	433	2949	1	1	0	0.26	1
401	434	2836	1	0	1	-0.26	-1
401	435	2765	1	0	1	-0.26	-1
401	436	2417	1	0	1	-0.26	-1
401	437	2273	1	1	0	0.26	1
401	438	1721	1	0	1	-0.26	-1
401	439	1379	1	0	1	-0.26	-1
401	440	1270	1	0	1	-0.26	-1
402	403	15829	12	5	7	-0.52	-1
402	404	14820	11	3	8	-1.30	-1
402	405	15089	11	4	7	-0.78	-1
402	406	13721	10	3	7	-1.04	-1
402	407	13160	9	6	3	0.78	1
402	408	13971	10	7	3	1.04	1
402	409	13213	10	5	5	0.00	1
402	410	12375	10	3	7	-1.04	-1
402	411	11713	9	6	3	0.78	1
402	412	11402	9	3	6	-0.78	-1
402	413	11119	9	2	7	-1.30	-1
402	414	10611	8	2	6	-1.04	-1
402	415	10559	8	4	4	0.00	1
402	416	10428	8	5	3	0.52	1
402	417	9378	6	3	3	0.00	1
402	418	8947	5	2	3	-0.26	-1
402	419	8774	5	5	0	1.30	1
402	420	8605	5	4	1	0.78	1
402	421	8595	5	4	1	0.78	1
402	422	7354	5	4	1	0.78	1
402	423	5151	4	3	1	0.52	1
402	424	4900	4	1	3	-0.52	-1
402	425	4820	4	3	1	0.52	1
402	426	4800	4	1	3	-0.52	-1
402	427	4771	4	2	2	0.00	1
402	428	4654	4	3	1	0.52	1
402	429	1629	2	1	1	0.00	1
403	404	14820	11	2	9	-1.82	-1
403	405	15044	11	7	4	0.78	1
403	406	13721	10	7	3	1.04	1
403	407	13160	9	1	8	-1.82	-1
403	408	13926	10	5	5	0.00	1
403	409	13168	10	3	7	-1.04	-1
403	410	12330	10	6	4	0.52	1
403	411	11668	9	2	7	-1.30	-1
403	412	11357	9	5	4	0.26	1
403	413	11074	9	7	2	1.30	1
403	414	10566	8	2	6	-1.04	-1
403	415	10514	8	6	2	1.04	1
403	416	10383	8	5	3	0.52	1
403	417	9333	6	5	1	1.04	1
403	418	8902	5	1	4	-0.78	-1
403	419	8729	5	4	1	0.78	1
403	420	8560	5	0	5	-1.30	-1
403	421	8550	5	2	3	-0.26	-1
403	422	7309	5	1	4	-0.78	-1
403	423	5106	4	1	3	-0.52	-1
403	424	4855	4	2	2	0.00	1
403	425	4775	4	2	2	0.00	1
403	426	4755	4	3	1	0.52	1
403	427	4726	4	3	1	0.52	1
403	428	4609	4	2	2	0.00	1
403	429	1584	2	0	2	-0.52	-1
404	405	14820	11	5	6	-0.26	-1
404	406	13721	10	7	3	1.04	1
404	407	13160	9	2	7	-1.30	-1
404	408	13702	10	2	8	-1.56	-1
404	409	12944	10	7	3	1.04	1
404	410	12106	10	6	4	0.52	1
404	411	11444	9	3	6	-0.78	-1
404	412	11133	9	5	4	0.26	1
404	413	10850	9	5	4	0.26	1
404	414	10342	8	3	5	-0.52	-1
404	415	10290	8	4	4	0.00	1
404	416	10159	8	4	4	0.00	1
404	417	9109	6	2	4	-0.52	-1
404	418	8678	5	2	3	-0.26	-1
404	419	8505	5	5	0	1.30	1
404	420	8336	5	1	4	-0.78	-1
404	421	8326	5	2	3	-0.26	-1
404	422	7085	5	2	3	-0.26	-1
404	423	4882	4	0	4	-1.04	-1
404	424	4631	4	4	0	1.04	1
404	425	4551	4	0	4	-1.04	-1
404	426	4531	4	2	2	0.00	1
404	427	4502	4	3	1	0.52	1
404	428	4385	4	2	2	0.00	1
404	429	1360	2	1	1	0.00	1
405	406	13721	10	7	3	1.04	1
405	407	13160	9	6	3	0.78	1
405	408	15982	11	9	2	1.82	1
405	409	15621	11	2	9	-1.82	-1
405	410	18629	12	8	4	1.04	1
405	411	18302	11	4	7	-0.78	-1
405	412	17991	11	7	4	0.78	1
405	413	17708	11	5	6	-0.26	-1
405	414	17200	10	7	3	1.04	1
405	415	17148	10	2	8	-1.56	-1
405	416	17017	10	6	4	0.52	1
405	417	15967	8	4	4	0.00	1
405	418	15536	7	3	4	-0.26	-1
405	419	10862	6	2	4	-0.52	-1
405	420	15194	7	4	3	0.26	1
405	421	15184	7	4	3	0.26	1
405	422	13943	7	4	3	0.26	1
405	423	11740	6	2	4	-0.52	-1
405	424	11489	6	4	2	0.52	1
405	425	11409	6	1	5	-1.04	-1
405	426	11389	6	2	4	-0.52	-1
405	427	11360	6	1	5	-1.04	-1
405	428	11243	6	4	2	0.52	1
405	429	8218	4	2	2	0.00	1
405	430	7134	2	2	0	0.52	1
405	431	6376	2	1	1	0.00	1
405	432	4866	1	1	0	0.26	1
405	433	4735	1	0	1	-0.26	-1
405	434	4622	1	0	1	-0.26	-1
405	435	4551	1	1	0	0.26	1
405	436	4203	1	1	0	0.26	1
405	437	4059	1	0	1	-0.26	-1
405	438	3507	1	0	1	-0.26	-1
405	439	3165	1	1	0	0.26	1
405	440	3056	1	0	1	-0.26	-1
406	407	13121	9	3	6	-0.78	-1
406	408	13036	9	2	7	-1.30	-1
406	409	12278	9	8	1	1.82	1
406	410	11440	9	2	7	-1.30	-1
406	411	10778	8	4	4	0.00	1
406	412	10467	8	6	2	1.04	1
406	413	10184	8	5	3	0.52	1
406	414	9676	7	1	6	-1.30	-1
406	415	9624	7	5	2	0.78	1
406	416	9493	7	4	3	0.26	1
406	417	8443	5	2	3	-0.26	-1
406	418	8012	4	3	1	0.52	1
406	419	7839	4	1	3	-0.52	-1
406	420	7670	4	4	0	1.04	1
406	421	7660	4	1	3	-0.52	-1
406	422	6419	4	2	2	0.00	1
406	423	4216	3	1	2	-0.26	-1
406	424	3965	3	3	0	0.78	1
406	425	3885	3	2	1	0.26	1
406	426	3865	3	2	1	0.26	1
406	427	3836	3	3	0	0.78	1
406	428	3719	3	1	2	-0.26	-1
406	429	694	1	0	1	-0.26	-1
407	408	13075	9	5	4	0.26	1
407	409	12317	9	3	6	-0.78	-1
407	410	11479	9	5	4	0.26	1
407	411	10817	8	3	5	-0.52	-1
407	412	10506	8	2	6	-1.04	-1
407	413	10223	8	6	2	1.04	1
407	414	9715	7	3	4	-0.26	-1
407	415	9663	7	2	5	-0.78	-1
407	416	9532	7	6	1	1.30	1
407	417	8482	5	3	2	0.26	1
407	418	8051	4	3	1	0.52	1
407	419	7878	4	1	3	-0.52	-1
407	420	7709	4	1	3	-0.52	-1
407	421	7699	4	2	2	0.00	1
407	422	6458	4	3	1	0.52	1
407	423	4255	3	0	3	-0.78	-1
407	424	4004	3	2	1	0.26	1
407	425	3924	3	1	2	-0.26	-1
407	426	3904	3	2	1	0.26	1
407	427	3875	3	2	1	0.26	1
407	428	3758	3	1	2	-0.26	-1
407	429	733	1	1	0	0.26	1
408	409	15224	11	4	7	-0.78	-1
408	410	14386	11	8	3	1.30	1
408	411	13724	10	7	3	1.04	1
408	412	13413	10	5	5	0.00	1
408	413	13130	10	5	5	0.00	1
408	414	12622	9	5	4	0.26	1
408	415	12570	9	1	8	-1.82	-1
408	416	12439	9	6	3	0.78	1
408	417	11389	7	5	2	0.78	1
408	418	10958	6	4	2	0.52	1
408	419	10785	6	3	3	0.00	1
408	420	10616	6	4	2	0.52	1
408	421	10606	6	4	2	0.52	1
408	422	9365	6	4	2	0.52	1
408	423	7162	5	4	1	0.78	1
408	424	6911	5	3	2	0.26	1
408	425	6831	5	4	1	0.78	1
408	426	6811	5	4	1	0.78	1
408	427	6782	5	2	3	-0.26	-1
408	428	6665	5	3	2	0.26	1
408	429	3640	3	1	2	-0.26	-1
408	430	2556	1	0	1	-0.26	-1
408	431	1798	1	0	1	-0.26	-1
409	410	14783	11	2	9	-1.82	-1
409	411	14121	10	6	4	0.52	1
409	412	13810	10	9	1	2.09	1
409	413	13527	10	6	4	0.52	1
409	414	13019	9	5	4	0.26	1
409	415	12967	9	2	7	-1.30	-1
409	416	12836	9	3	6	-0.78	-1
409	417	11786	7	4	3	0.26	1
409	418	11355	6	1	5	-1.04	-1
409	419	10862	6	2	4	-0.52	-1
409	420	11013	6	0	6	-1.56	-1
409	421	11003	6	3	3	0.00	1
409	422	9762	6	5	1	1.04	1
409	423	7559	5	2	3	-0.26	-1
409	424	7308	5	3	2	0.26	1
409	425	7228	5	1	4	-0.78	-1
409	426	7208	5	2	3	-0.26	-1
409	427	7179	5	2	3	-0.26	-1
409	428	7062	5	2	3	-0.26	-1
409	429	4037	3	2	1	0.26	1
409	430	2953	1	0	1	-0.26	-1
409	431	2195	1	0	1	-0.26	-1
410	411	17967	11	7	4	0.78	1
410	412	17656	11	5	6	-0.26	-1
410	413	17373	11	6	5	0.26	1
410	414	16865	10	5	5	0.00	1
410	415	16813	10	5	5	0.00	1
410	416	16682	10	8	2	1.56	1
410	417	15632	8	0	8	-2.09	-1
410	418	15201	7	2	5	-0.78	-1
410	419	10862	6	4	2	0.52	1
410	420	14859	7	4	3	0.26	1
410	421	14849	7	5	2	0.78	1
410	422	13608	7	5	2	0.78	1
410	423	11405	6	4	2	0.52	1
410	424	11154	6	1	5	-1.04	-1
410	425	11074	6	3	3	0.00	1
410	426	11054	6	1	5	-1.04	-1
410	427	11025	6	4	2	0.52	1
410	428	10908	6	6	0	1.56	1
410	429	7883	4	2	2	0.00	1
410	430	6799	2	2	0	0.52	1
410	431	6041	2	2	0	0.52	1
410	432	4531	1	0	1	-0.26	-1
410	433	4400	1	1	0	0.26	1
410	434	4287	1	1	0	0.26	1
410	435	4216	1	0	1	-0.26	-1
410	436	3868	1	0	1	-0.26	-1
410	437	3724	1	0	1	-0.26	-1
410	438	3172	1	0	1	-0.26	-1
410	439	2830	1	1	0	0.26	1
410	440	2721	1	1	0	0.26	1
411	412	18921	12	5	7	-0.52	-1
411	413	18638	12	2	10	-2.09	-1
411	414	18130	11	7	4	0.78	1
411	415	18078	11	3	8	-1.30	-1
411	416	17947	11	5	6	-0.26	-1
411	417	16897	9	3	6	-0.78	-1
411	418	16466	8	3	5	-0.52	-1
411	419	10862	6	2	4	-0.52	-1
411	420	15374	7	2	5	-0.78	-1
411	421	15610	8	5	3	0.52	1
411	422	14873	8	4	4	0.00	1
411	423	12670	7	4	3	0.26	1
411	424	12419	7	5	2	0.78	1
411	425	12339	7	4	3	0.26	1
411	426	12319	7	1	6	-1.30	-1
411	427	12290	7	2	5	-0.78	-1
411	428	12173	7	5	2	0.78	1
411	429	9148	5	1	4	-0.78	-1
411	430	8064	3	2	1	0.26	1
411	431	7306	3	2	1	0.26	1
411	432	5796	2	1	1	0.00	1
411	433	5665	2	0	2	-0.52	-1
411	434	5552	2	1	1	0.00	1
411	435	5481	2	2	0	0.52	1
411	436	5133	2	2	0	0.52	1
411	437	4989	2	1	1	0.00	1
411	438	4437	2	2	0	0.52	1
411	439	4095	2	2	0	0.52	1
411	440	3986	2	1	1	0.00	1
411	441	2179	1	0	1	-0.26	-1
411	442	1617	1	0	1	-0.26	-1
411	443	1358	1	0	1	-0.26	-1
411	444	1205	1	1	0	0.26	1
411	445	989	1	0	1	-0.26	-1
412	413	20049	12	9	3	1.56	1
412	414	18314	11	6	5	0.26	1
412	415	19489	11	5	6	-0.26	-1
412	416	19358	11	7	4	0.78	1
412	417	18308	9	6	3	0.78	1
412	418	17877	8	2	6	-1.04	-1
412	419	10862	6	2	4	-0.52	-1
412	420	15374	7	3	4	-0.26	-1
412	421	15610	8	1	7	-1.56	-1
412	422	16284	8	5	3	0.52	1
412	423	14081	7	4	3	0.26	1
412	424	13830	7	4	3	0.26	1
412	425	12375	7	2	5	-0.78	-1
412	426	13730	7	5	2	0.78	1
412	427	13701	7	4	3	0.26	1
412	428	13584	7	3	4	-0.26	-1
412	429	10559	5	3	2	0.26	1
412	430	9475	3	2	1	0.26	1
412	431	8717	3	2	1	0.26	1
412	432	7207	2	1	1	0.00	1
412	433	7076	2	1	1	0.00	1
412	434	6963	2	1	1	0.00	1
412	435	6892	2	2	0	0.52	1
412	436	6544	2	1	1	0.00	1
412	437	6400	2	0	2	-0.52	-1
412	438	5848	2	1	1	0.00	1
412	439	5506	2	1	1	0.00	1
412	440	5397	2	2	0	0.52	1
412	441	3590	1	1	0	0.26	1
412	442	3028	1	1	0	0.26	1
412	443	2769	1	0	1	-0.26	-1
412	444	2616	1	1	0	0.26	1
412	445	2400	1	1	0	0.26	1
413	414	18314	11	6	5	0.26	1
413	415	23369	15	7	8	-0.26	-1
413	416	22742	15	6	9	-0.78	-1
413	417	19840	11	5	6	-0.26	-1
413	418	21757	12	4	8	-1.04	-1
413	419	10862	6	4	2	0.52	1
413	420	15374	7	1	6	-1.30	-1
413	421	15610	8	3	5	-0.52	-1
413	422	20164	12	4	8	-1.04	-1
413	423	17961	11	5	6	-0.26	-1
413	424	16870	11	5	6	-0.26	-1
413	425	12375	7	4	3	0.26	1
413	426	17153	11	6	5	0.26	1
413	427	14902	8	3	5	-0.52	-1
413	428	17324	11	3	8	-1.30	-1
413	429	14439	9	4	5	-0.26	-1
413	430	13355	7	1	6	-1.30	-1
413	431	12597	7	3	4	-0.26	-1
413	432	11087	6	4	2	0.52	1
413	433	10956	6	3	3	0.00	1
413	434	10843	6	2	4	-0.52	-1
413	435	10748	6	3	3	0.00	1
413	436	10424	6	4	2	0.52	1
413	437	10280	6	4	2	0.52	1
413	438	9728	6	3	3	0.00	1
413	439	9386	6	4	2	0.52	1
413	440	9277	6	4	2	0.52	1
413	441	7470	5	2	3	-0.26	-1
413	442	6908	5	2	3	-0.26	-1
413	443	6649	5	4	1	0.78	1
413	444	6496	5	2	3	-0.26	-1
413	445	6280	5	4	1	0.78	1
413	446	5775	4	2	2	0.00	1
413	447	5473	4	0	4	-1.04	-1
413	448	4919	4	3	1	0.52	1
413	449	4511	4	1	3	-0.52	-1
413	450	4433	4	2	2	0.00	1
414	415	18262	11	4	7	-0.78	-1
414	416	18131	11	6	5	0.26	1
414	417	17081	9	5	4	0.26	1
414	418	16650	8	7	1	1.56	1
414	419	10862	6	2	4	-0.52	-1
414	420	15374	7	6	1	1.30	1
414	421	15610	8	2	6	-1.04	-1
414	422	15057	8	7	1	1.56	1
414	423	12854	7	3	4	-0.26	-1
414	424	12603	7	4	3	0.26	1
414	425	12375	7	5	2	0.78	1
414	426	12503	7	1	6	-1.30	-1
414	427	12474	7	4	3	0.26	1
414	428	12357	7	6	1	1.30	1
414	429	9332	5	3	2	0.26	1
414	430	8248	3	1	2	-0.26	-1
414	431	7490	3	2	1	0.26	1
414	432	5980	2	2	0	0.52	1
414	433	5849	2	2	0	0.52	1
414	434	5736	2	2	0	0.52	1
414	435	5665	2	2	0	0.52	1
414	436	5317	2	1	1	0.00	1
414	437	5173	2	2	0	0.52	1
414	438	4621	2	1	1	0.00	1
414	439	4279	2	1	1	0.00	1
414	440	4170	2	2	0	0.52	1
414	441	2363	1	1	0	0.26	1
414	442	1801	1	0	1	-0.26	-1
414	443	1542	1	1	0	0.26	1
414	444	1389	1	0	1	-0.26	-1
414	445	1173	1	0	1	-0.26	-1
415	416	22742	15	6	9	-0.78	-1
415	417	19840	11	8	3	1.30	1
415	418	25885	19	12	7	1.30	1
415	419	10862	6	2	4	-0.52	-1
415	420	15374	7	2	5	-0.78	-1
415	421	15610	8	4	4	0.00	1
415	422	24292	19	6	13	-1.82	-1
415	423	21450	15	6	9	-0.78	-1
415	424	16870	11	8	3	1.30	1
415	425	12375	7	2	5	-0.78	-1
415	426	17153	11	4	7	-0.78	-1
415	427	14902	8	6	2	1.04	1
415	428	17324	11	3	8	-1.30	-1
415	429	18567	16	8	8	0.00	1
415	430	17483	14	6	8	-0.52	-1
415	431	15445	11	4	7	-0.78	-1
415	432	15215	13	7	6	0.26	1
415	433	15084	13	6	7	-0.26	-1
415	434	14926	13	7	6	0.26	1
415	435	10748	6	4	2	0.52	1
415	436	14552	13	5	8	-0.78	-1
415	437	14408	13	5	8	-0.78	-1
415	438	13856	13	10	3	1.82	1
415	439	13514	13	5	8	-0.78	-1
415	440	13405	13	5	8	-0.78	-1
415	441	11598	12	8	4	1.04	1
415	442	11036	12	5	7	-0.52	-1
415	443	10777	12	5	7	-0.52	-1
415	444	10624	12	7	5	0.52	1
415	445	10408	12	5	7	-0.52	-1
415	446	9903	11	7	4	0.78	1
415	447	9601	11	3	8	-1.30	-1
415	448	9047	11	6	5	0.26	1
415	449	8639	11	5	6	-0.26	-1
415	450	8561	11	8	3	1.30	1
415	451	6125	7	3	4	-0.26	-1
415	452	5787	7	4	3	0.26	1
415	453	5752	7	1	6	-1.30	-1
415	454	5654	7	4	3	0.26	1
415	455	3545	7	3	4	-0.26	-1
415	456	3489	7	4	3	0.26	1
415	457	3385	7	4	3	0.26	1
415	458	3187	7	4	3	0.26	1
415	459	2730	6	4	2	0.52	1
415	460	2504	6	3	3	0.00	1
415	461	2417	6	3	3	0.00	1
415	462	1595	3	2	1	0.26	1
415	463	1581	3	2	1	0.26	1
415	464	1376	3	1	2	-0.26	-1
415	465	530	3	1	2	-0.26	-1
415	466	167	1	0	1	-0.26	-1
416	417	19840	11	5	6	-0.26	-1
416	418	21261	12	6	6	0.00	1
416	419	10862	6	3	3	0.00	1
416	420	15374	7	6	1	1.30	1
416	421	15610	8	2	6	-1.04	-1
416	422	19668	12	3	9	-1.56	-1
416	423	17465	11	6	5	0.26	1
416	424	16870	11	5	6	-0.26	-1
416	425	12375	7	4	3	0.26	1
416	426	17114	11	5	6	-0.26	-1
416	427	14902	8	5	3	0.52	1
416	428	16968	11	7	4	0.78	1
416	429	13943	9	4	5	-0.26	-1
416	430	12859	7	5	2	0.78	1
416	431	12101	7	6	1	1.30	1
416	432	10591	6	4	2	0.52	1
416	433	10460	6	4	2	0.52	1
416	434	10347	6	1	5	-1.04	-1
416	435	10276	6	4	2	0.52	1
416	436	9928	6	1	5	-1.04	-1
416	437	9784	6	1	5	-1.04	-1
416	438	9232	6	3	3	0.00	1
416	439	8890	6	3	3	0.00	1
416	440	8781	6	5	1	1.04	1
416	441	6974	5	2	3	-0.26	-1
416	442	6412	5	1	4	-0.78	-1
416	443	6153	5	3	2	0.26	1
416	444	6000	5	3	2	0.26	1
416	445	5784	5	4	1	0.78	1
416	446	5279	4	1	3	-0.52	-1
416	447	4977	4	2	2	0.00	1
416	448	4423	4	2	2	0.00	1
416	449	4015	4	3	1	0.52	1
416	450	3937	4	2	2	0.00	1
417	418	19409	10	7	3	1.04	1
417	419	10862	6	1	5	-1.04	-1
417	420	15374	7	3	4	-0.26	-1
417	421	15610	8	5	3	0.52	1
417	422	17816	10	3	7	-1.04	-1
417	423	15613	9	3	6	-0.78	-1
417	424	15362	9	3	6	-0.78	-1
417	425	12375	7	2	5	-0.78	-1
417	426	15262	9	4	5	-0.26	-1
417	427	14902	8	6	2	1.04	1
417	428	15116	9	4	5	-0.26	-1
417	429	12091	7	1	6	-1.30	-1
417	430	11007	5	2	3	-0.26	-1
417	431	10249	5	5	0	1.30	1
417	432	8739	4	2	2	0.00	1
417	433	8608	4	2	2	0.00	1
417	434	8495	4	1	3	-0.52	-1
417	435	8424	4	4	0	1.04	1
417	436	8076	4	1	3	-0.52	-1
417	437	7932	4	1	3	-0.52	-1
417	438	7380	4	1	3	-0.52	-1
417	439	7038	4	2	2	0.00	1
417	440	6929	4	2	2	0.00	1
417	441	5122	3	3	0	0.78	1
417	442	4560	3	2	1	0.26	1
417	443	4301	3	1	2	-0.26	-1
417	444	4148	3	2	1	0.26	1
417	445	3932	3	1	2	-0.26	-1
417	446	3427	2	1	1	0.00	1
417	447	3125	2	1	1	0.00	1
417	448	2571	2	0	2	-0.52	-1
417	449	2163	2	2	0	0.52	1
417	450	2085	2	2	0	0.52	1
418	419	10862	6	3	3	0.00	1
418	420	15374	7	5	2	0.78	1
418	421	15610	8	5	3	0.52	1
418	422	24717	19	5	14	-2.35	-1
418	423	21450	15	8	7	0.26	1
418	424	16870	11	10	1	2.35	1
418	425	12375	7	0	7	-1.82	-1
418	426	17153	11	6	5	0.26	1
418	427	14902	8	3	5	-0.52	-1
418	428	17324	11	4	7	-0.78	-1
418	429	18992	16	5	11	-1.56	-1
418	430	17908	14	6	8	-0.52	-1
418	431	15445	11	3	8	-1.30	-1
418	432	15640	13	4	9	-1.30	-1
418	433	15509	13	7	6	0.26	1
418	434	14926	13	7	6	0.26	1
418	435	10748	6	3	3	0.00	1
418	436	14977	13	5	8	-0.78	-1
418	437	14833	13	3	10	-1.82	-1
418	438	14262	13	8	5	0.78	1
418	439	13939	13	5	8	-0.78	-1
418	440	13830	13	4	9	-1.30	-1
418	441	12023	12	7	5	0.52	1
418	442	11461	12	8	4	1.04	1
418	443	11202	12	6	6	0.00	1
418	444	11049	12	5	7	-0.52	-1
418	445	10833	12	5	7	-0.52	-1
418	446	10328	11	8	3	1.30	1
418	447	10026	11	5	6	-0.26	-1
418	448	9472	11	6	5	0.26	1
418	449	9064	11	6	5	0.26	1
418	450	8986	11	7	4	0.78	1
418	451	6550	7	4	3	0.26	1
418	452	6212	7	3	4	-0.26	-1
418	453	6177	7	2	5	-0.78	-1
418	454	6079	7	3	4	-0.26	-1
418	455	3970	7	4	3	0.26	1
418	456	3914	7	3	4	-0.26	-1
418	457	3810	7	6	1	1.30	1
418	458	3612	7	5	2	0.78	1
418	459	3155	6	1	5	-1.04	-1
418	460	2929	6	5	1	1.04	1
418	461	2842	6	3	3	0.00	1
418	462	2020	3	1	2	-0.26	-1
418	463	2006	3	2	1	0.26	1
418	464	1801	3	1	2	-0.26	-1
418	465	955	3	2	1	0.26	1
418	466	592	1	1	0	0.26	1
419	420	10693	6	0	6	-1.56	-1
419	421	10683	6	1	5	-1.04	-1
419	422	9442	6	4	2	0.52	1
419	423	7239	5	4	1	0.78	1
419	424	6988	5	1	4	-0.78	-1
419	425	6908	5	3	2	0.26	1
419	426	6888	5	1	4	-0.78	-1
419	427	6859	5	0	5	-1.30	-1
419	428	6742	5	3	2	0.26	1
419	429	3717	3	2	1	0.26	1
419	430	2633	1	0	1	-0.26	-1
419	431	1875	1	0	1	-0.26	-1
420	421	15364	7	5	2	0.78	1
420	422	14123	7	3	4	-0.26	-1
420	423	11920	6	2	4	-0.52	-1
420	424	11669	6	2	4	-0.52	-1
420	425	11589	6	4	2	0.52	1
420	426	11569	6	4	2	0.52	1
420	427	11540	6	2	4	-0.52	-1
420	428	11423	6	3	3	0.00	1
420	429	8398	4	4	0	1.04	1
420	430	7314	2	2	0	0.52	1
420	431	6556	2	2	0	0.52	1
420	432	5046	1	1	0	0.26	1
420	433	4915	1	1	0	0.26	1
420	434	4802	1	0	1	-0.26	-1
420	435	4731	1	1	0	0.26	1
420	436	4383	1	1	0	0.26	1
420	437	4239	1	0	1	-0.26	-1
420	438	3687	1	1	0	0.26	1
420	439	3345	1	0	1	-0.26	-1
420	440	3236	1	1	0	0.26	1
421	422	14369	8	3	5	-0.52	-1
421	423	12166	7	4	3	0.26	1
421	424	11915	7	3	4	-0.26	-1
421	425	11835	7	5	2	0.78	1
421	426	11815	7	2	5	-0.78	-1
421	427	11786	7	3	4	-0.26	-1
421	428	11669	7	3	4	-0.26	-1
421	429	8644	5	2	3	-0.26	-1
421	430	7560	3	1	2	-0.26	-1
421	431	6802	3	2	1	0.26	1
421	432	5292	2	2	0	0.52	1
421	433	5161	2	0	2	-0.52	-1
421	434	5048	2	1	1	0.00	1
421	435	4977	2	0	2	-0.52	-1
421	436	4629	2	0	2	-0.52	-1
421	437	4485	2	1	1	0.00	1
421	438	3933	2	1	1	0.00	1
421	439	3591	2	2	0	0.52	1
421	440	3482	2	0	2	-0.52	-1
421	441	1675	1	1	0	0.26	1
421	442	1113	1	0	1	-0.26	-1
421	443	854	1	1	0	0.26	1
421	444	701	1	1	0	0.26	1
421	445	485	1	0	1	-0.26	-1
422	423	21450	15	7	8	-0.26	-1
422	424	16870	11	5	6	-0.26	-1
422	425	12375	7	4	3	0.26	1
422	426	17153	11	3	8	-1.30	-1
422	427	14902	8	4	4	0.00	1
422	428	17324	11	8	3	1.30	1
422	429	20115	17	9	8	0.26	1
422	430	19209	15	7	8	-0.26	-1
422	431	15445	11	5	6	-0.26	-1
422	432	16941	14	8	6	0.52	1
422	433	16810	14	9	5	1.04	1
422	434	14926	13	5	8	-0.78	-1
422	435	10748	6	2	4	-0.52	-1
422	436	16278	14	6	8	-0.52	-1
422	437	16134	14	9	5	1.04	1
422	438	14262	13	5	8	-0.78	-1
422	439	15240	14	6	8	-0.52	-1
422	440	15131	14	8	6	0.52	1
422	441	13324	13	5	8	-0.78	-1
422	442	12762	13	6	7	-0.26	-1
422	443	12503	13	6	7	-0.26	-1
422	444	12350	13	10	3	1.82	1
422	445	12134	13	6	7	-0.26	-1
422	446	11629	12	5	7	-0.52	-1
422	447	11327	12	4	8	-1.04	-1
422	448	10773	12	4	8	-1.04	-1
422	449	10365	12	4	8	-1.04	-1
422	450	10287	12	6	6	0.00	1
422	451	7851	8	5	3	0.52	1
422	452	7513	8	4	4	0.00	1
422	453	7478	8	3	5	-0.52	-1
422	454	7380	8	5	3	0.52	1
422	455	5271	8	5	3	0.52	1
422	456	5215	8	1	7	-1.56	-1
422	457	5111	8	5	3	0.52	1
422	458	4913	8	5	3	0.52	1
422	459	4456	7	2	5	-0.78	-1
422	460	4230	7	3	4	-0.26	-1
422	461	4143	7	3	4	-0.26	-1
422	462	3321	4	2	2	0.00	1
422	463	3307	4	3	1	0.52	1
422	464	3102	4	2	2	0.00	1
422	465	2256	4	3	1	0.52	1
422	466	1893	2	2	0	0.52	1
422	467	1708	1	0	1	-0.26	-1
422	468	914	1	1	0	0.26	1
423	424	16870	11	3	8	-1.30	-1
423	425	12375	7	1	6	-1.30	-1
423	426	17153	11	4	7	-0.78	-1
423	427	14902	8	5	3	0.52	1
423	428	17324	11	7	4	0.78	1
423	429	17928	13	8	5	0.78	1
423	430	16844	11	9	2	1.82	1
423	431	15445	11	7	4	0.78	1
423	432	14576	10	7	3	1.04	1
423	433	14445	10	6	4	0.52	1
423	434	14332	10	4	6	-0.52	-1
423	435	10748	6	1	5	-1.04	-1
423	436	13913	10	4	6	-0.52	-1
423	437	13769	10	7	3	1.04	1
423	438	13217	10	5	5	0.00	1
423	439	12875	10	4	6	-0.52	-1
423	440	12766	10	5	5	0.00	1
423	441	10959	9	4	5	-0.26	-1
423	442	10397	9	7	2	1.30	1
423	443	10138	9	7	2	1.30	1
423	444	9985	9	4	5	-0.26	-1
423	445	9769	9	3	6	-0.78	-1
423	446	9264	8	2	6	-1.04	-1
423	447	8962	8	4	4	0.00	1
423	448	8408	8	5	3	0.52	1
423	449	8000	8	5	3	0.52	1
423	450	7922	8	4	4	0.00	1
423	451	5486	4	1	3	-0.52	-1
423	452	5148	4	3	1	0.52	1
423	453	5113	4	3	1	0.52	1
423	454	5015	4	2	2	0.00	1
423	455	2906	4	1	3	-0.52	-1
423	456	2850	4	1	3	-0.52	-1
423	457	2746	4	3	1	0.52	1
423	458	2548	4	3	1	0.52	1
423	459	2091	3	0	3	-0.78	-1
423	460	1865	3	1	2	-0.26	-1
423	461	1778	3	1	2	-0.26	-1
424	425	12375	7	4	3	0.26	1
424	426	16770	11	9	2	1.82	1
424	427	14902	8	5	3	0.52	1
424	428	16624	11	4	7	-0.78	-1
424	429	13599	9	5	4	0.26	1
424	430	12515	7	4	3	0.26	1
424	431	11757	7	0	7	-1.82	-1
424	432	10247	6	2	4	-0.52	-1
424	433	10116	6	2	4	-0.52	-1
424	434	10003	6	2	4	-0.52	-1
424	435	9932	6	2	4	-0.52	-1
424	436	9584	6	1	5	-1.04	-1
424	437	9440	6	5	1	1.04	1
424	438	8888	6	5	1	1.04	1
424	439	8546	6	1	5	-1.04	-1
424	440	8437	6	3	3	0.00	1
424	441	6630	5	4	1	0.78	1
424	442	6068	5	2	3	-0.26	-1
424	443	5809	5	3	2	0.26	1
424	444	5656	5	4	1	0.78	1
424	445	5440	5	4	1	0.78	1
424	446	4935	4	4	0	1.04	1
424	447	4633	4	2	2	0.00	1
424	448	4079	4	3	1	0.52	1
424	449	3671	4	0	4	-1.04	-1
424	450	3593	4	2	2	0.00	1
425	426	12355	7	3	4	-0.26	-1
425	427	12326	7	2	5	-0.78	-1
425	428	12209	7	5	2	0.78	1
425	429	9184	5	2	3	-0.26	-1
425	430	8100	3	2	1	0.26	1
425	431	7342	3	2	1	0.26	1
425	432	5832	2	1	1	0.00	1
425	433	5701	2	2	0	0.52	1
425	434	5588	2	1	1	0.00	1
425	435	5517	2	1	1	0.00	1
425	436	5169	2	1	1	0.00	1
425	437	5025	2	2	0	0.52	1
425	438	4473	2	1	1	0.00	1
425	439	4131	2	0	2	-0.52	-1
425	440	4022	2	1	1	0.00	1
425	441	2215	1	1	0	0.26	1
425	442	1653	1	0	1	-0.26	-1
425	443	1394	1	1	0	0.26	1
425	444	1241	1	0	1	-0.26	-1
425	445	1025	1	1	0	0.26	1
426	427	14902	8	5	3	0.52	1
426	428	17007	11	5	6	-0.26	-1
426	429	13982	9	7	2	1.30	1
426	430	12898	7	4	3	0.26	1
426	431	12140	7	1	6	-1.30	-1
426	432	10630	6	5	1	1.04	1
426	433	10499	6	2	4	-0.52	-1
426	434	10386	6	4	2	0.52	1
426	435	10315	6	4	2	0.52	1
426	436	9967	6	2	4	-0.52	-1
426	437	9823	6	1	5	-1.04	-1
426	438	9271	6	5	1	1.04	1
426	439	8929	6	2	4	-0.52	-1
426	440	8820	6	1	5	-1.04	-1
426	441	7013	5	4	1	0.78	1
426	442	6451	5	3	2	0.26	1
426	443	6192	5	1	4	-0.78	-1
426	444	6039	5	4	1	0.78	1
426	445	5823	5	5	0	1.30	1
426	446	5318	4	4	0	1.04	1
426	447	5016	4	3	1	0.52	1
426	448	4462	4	2	2	0.00	1
426	449	4054	4	1	3	-0.52	-1
426	450	3976	4	3	1	0.52	1
427	428	14785	8	4	4	0.00	1
427	429	11760	6	3	3	0.00	1
427	430	10676	4	3	1	0.52	1
427	431	9918	4	1	3	-0.52	-1
427	432	8408	3	2	1	0.26	1
427	433	8277	3	1	2	-0.26	-1
427	434	8164	3	2	1	0.26	1
427	435	8093	3	1	2	-0.26	-1
427	436	7745	3	3	0	0.78	1
427	437	7601	3	0	3	-0.78	-1
427	438	7049	3	2	1	0.26	1
427	439	6707	3	3	0	0.78	1
427	440	6598	3	1	2	-0.26	-1
427	441	4791	2	2	0	0.52	1
427	442	4229	2	1	1	0.00	1
427	443	3970	2	0	2	-0.52	-1
427	444	3817	2	2	0	0.52	1
427	445	3601	2	1	1	0.00	1
427	446	3096	1	1	0	0.26	1
427	447	2794	1	0	1	-0.26	-1
427	448	2240	1	0	1	-0.26	-1
427	449	1832	1	1	0	0.26	1
427	450	1754	1	1	0	0.26	1
428	429	14299	9	7	2	1.30	1
428	430	13215	7	6	1	1.30	1
428	431	12457	7	2	5	-0.78	-1
428	432	10947	6	5	1	1.04	1
428	433	10816	6	4	2	0.52	1
428	434	10703	6	2	4	-0.52	-1
428	435	10632	6	1	5	-1.04	-1
428	436	10284	6	5	1	1.04	1
428	437	10140	6	1	5	-1.04	-1
428	438	9588	6	3	3	0.00	1
428	439	9246	6	3	3	0.00	1
428	440	9137	6	3	3	0.00	1
428	441	7330	5	4	1	0.78	1
428	442	6768	5	3	2	0.26	1
428	443	6509	5	3	2	0.26	1
428	444	6356	5	0	5	-1.30	-1
428	445	6140	5	2	3	-0.26	-1
428	446	5635	4	3	1	0.52	1
428	447	5333	4	2	2	0.00	1
428	448	4779	4	1	3	-0.52	-1
428	449	4371	4	1	3	-0.52	-1
428	450	4293	4	4	0	1.04	1
429	430	19031	15	6	9	-0.78	-1
429	431	15445	11	4	7	-0.78	-1
429	432	16763	14	5	9	-1.04	-1
429	433	16632	14	7	7	0.00	1
429	434	14926	13	5	8	-0.78	-1
429	435	10748	6	3	3	0.00	1
429	436	16100	14	10	4	1.56	1
429	437	15956	14	8	6	0.52	1
429	438	14262	13	4	9	-1.30	-1
429	439	15062	14	6	8	-0.52	-1
429	440	14953	14	10	4	1.56	1
429	441	13146	13	4	9	-1.30	-1
429	442	12584	13	8	5	0.78	1
429	443	12325	13	7	6	0.26	1
429	444	12172	13	4	9	-1.30	-1
429	445	11956	13	5	8	-0.78	-1
429	446	11451	12	7	5	0.52	1
429	447	11149	12	8	4	1.04	1
429	448	10595	12	4	8	-1.04	-1
429	449	10187	12	7	5	0.52	1
429	450	10109	12	5	7	-0.52	-1
429	451	7673	8	4	4	0.00	1
429	452	7335	8	4	4	0.00	1
429	453	7300	8	5	3	0.52	1
429	454	7202	8	5	3	0.52	1
429	455	5093	8	3	5	-0.52	-1
429	456	5037	8	4	4	0.00	1
429	457	4933	8	2	6	-1.04	-1
429	458	4735	8	4	4	0.00	1
429	459	4278	7	1	6	-1.30	-1
429	460	4052	7	2	5	-0.78	-1
429	461	3965	7	3	4	-0.26	-1
429	462	3143	4	1	3	-0.52	-1
429	463	3129	4	2	2	0.00	1
429	464	2924	4	0	4	-1.04	-1
429	465	2078	4	2	2	0.00	1
429	466	1715	2	1	1	0.00	1
429	467	1530	1	1	0	0.26	1
429	468	736	1	1	0	0.26	1
430	431	15445	11	7	4	0.78	1
430	432	17041	14	7	7	0.00	1
430	433	17318	14	8	6	0.52	1
430	434	14926	13	3	10	-1.82	-1
430	435	10748	6	1	5	-1.04	-1
430	436	16786	14	4	10	-1.56	-1
430	437	16642	14	6	8	-0.52	-1
430	438	14262	13	10	3	1.82	1
430	439	15748	14	10	4	1.56	1
430	440	15639	14	6	8	-0.52	-1
430	441	13832	13	7	6	0.26	1
430	442	13157	13	6	7	-0.26	-1
430	443	13011	13	7	6	0.26	1
430	444	12858	13	6	7	-0.26	-1
430	445	12642	13	4	9	-1.30	-1
430	446	12137	12	6	6	0.00	1
430	447	11835	12	6	6	0.00	1
430	448	11281	12	7	5	0.52	1
430	449	10873	12	9	3	1.56	1
430	450	10795	12	6	6	0.00	1
430	451	8359	8	6	2	1.04	1
430	452	8021	8	4	4	0.00	1
430	453	7986	8	4	4	0.00	1
430	454	7888	8	3	5	-0.52	-1
430	455	5779	8	7	1	1.56	1
430	456	5723	8	2	6	-1.04	-1
430	457	5619	8	4	4	0.00	1
430	458	5421	8	3	5	-0.52	-1
430	459	4964	7	1	6	-1.30	-1
430	460	4738	7	2	5	-0.78	-1
430	461	4651	7	3	4	-0.26	-1
430	462	3829	4	2	2	0.00	1
430	463	3815	4	2	2	0.00	1
430	464	3610	4	2	2	0.00	1
430	465	2764	4	1	3	-0.52	-1
430	466	2401	2	2	0	0.52	1
430	467	2216	1	1	0	0.26	1
430	468	1422	1	0	1	-0.26	-1
431	432	13935	10	6	4	0.52	1
431	433	13804	10	8	2	1.56	1
431	434	13691	10	6	4	0.52	1
431	435	10748	6	2	4	-0.52	-1
431	436	13272	10	6	4	0.52	1
431	437	13128	10	5	5	0.00	1
431	438	12576	10	2	8	-1.56	-1
431	439	12234	10	4	6	-0.52	-1
431	440	12125	10	5	5	0.00	1
431	441	10318	9	5	4	0.26	1
431	442	9756	9	4	5	-0.26	-1
431	443	9497	9	4	5	-0.26	-1
431	444	9344	9	6	3	0.78	1
431	445	9128	9	2	7	-1.30	-1
431	446	8623	8	5	3	0.52	1
431	447	8321	8	1	7	-1.56	-1
431	448	7767	8	3	5	-0.52	-1
431	449	7359	8	3	5	-0.52	-1
431	450	7281	8	3	5	-0.52	-1
431	451	4845	4	2	2	0.00	1
431	452	4507	4	1	3	-0.52	-1
431	453	4472	4	1	3	-0.52	-1
431	454	4374	4	0	4	-1.04	-1
431	455	2265	4	1	3	-0.52	-1
431	456	2209	4	1	3	-0.52	-1
431	457	2105	4	3	1	0.52	1
431	458	1907	4	2	2	0.00	1
431	459	1450	3	1	2	-0.26	-1
431	460	1224	3	1	2	-0.26	-1
431	461	1137	3	1	2	-0.26	-1
432	433	16910	14	9	5	1.04	1
432	434	14926	13	6	7	-0.26	-1
432	435	10748	6	2	4	-0.52	-1
432	436	16378	14	8	6	0.52	1
432	437	16234	14	7	7	0.00	1
432	438	14262	13	8	5	0.78	1
432	439	15340	14	11	3	2.09	1
432	440	15231	14	9	5	1.04	1
432	441	13424	13	8	5	0.78	1
432	442	12862	13	10	3	1.82	1
432	443	12603	13	8	5	0.78	1
432	444	12450	13	5	8	-0.78	-1
432	445	12234	13	6	7	-0.26	-1
432	446	11729	12	10	2	2.09	1
432	447	11427	12	8	4	1.04	1
432	448	10873	12	6	6	0.00	1
432	449	10465	12	4	8	-1.04	-1
432	450	10387	12	4	8	-1.04	-1
432	451	7951	8	5	3	0.52	1
432	452	7613	8	2	6	-1.04	-1
432	453	7578	8	7	1	1.56	1
432	454	7480	8	4	4	0.00	1
432	455	5371	8	5	3	0.52	1
432	456	5315	8	3	5	-0.52	-1
432	457	5211	8	2	6	-1.04	-1
432	458	5013	8	2	6	-1.04	-1
432	459	4556	7	3	4	-0.26	-1
432	460	4330	7	3	4	-0.26	-1
432	461	4243	7	3	4	-0.26	-1
432	462	3421	4	4	0	1.04	1
432	463	3407	4	1	3	-0.52	-1
432	464	3202	4	2	2	0.00	1
432	465	2356	4	2	2	0.00	1
432	466	1993	2	1	1	0.00	1
432	467	1808	1	0	1	-0.26	-1
432	468	1014	1	0	1	-0.26	-1
433	434	14926	13	6	7	-0.26	-1
433	435	10748	6	1	5	-1.04	-1
433	436	17976	15	10	5	1.30	1
433	437	17832	15	8	7	0.26	1
433	438	14262	13	6	7	-0.26	-1
433	439	16938	15	10	5	1.30	1
433	440	16829	15	7	8	-0.26	-1
433	441	15022	14	6	8	-0.52	-1
433	442	13157	13	6	7	-0.26	-1
433	443	14201	14	2	12	-2.61	-1
433	444	14048	14	3	11	-2.09	-1
433	445	13832	14	5	9	-1.04	-1
433	446	13327	13	6	7	-0.26	-1
433	447	13025	13	6	7	-0.26	-1
433	448	12471	13	5	8	-0.78	-1
433	449	12063	13	6	7	-0.26	-1
433	450	11985	13	6	7	-0.26	-1
433	451	9549	9	7	2	1.30	1
433	452	9211	9	4	5	-0.26	-1
433	453	9176	9	5	4	0.26	1
433	454	9078	9	7	2	1.30	1
433	455	6969	9	3	6	-0.78	-1
433	456	6913	9	4	5	-0.26	-1
433	457	6809	9	3	6	-0.78	-1
433	458	6611	9	6	3	0.78	1
433	459	6154	8	4	4	0.00	1
433	460	5928	8	2	6	-1.04	-1
433	461	5841	8	3	5	-0.52	-1
433	462	5019	5	2	3	-0.26	-1
433	463	5005	5	2	3	-0.26	-1
433	464	4800	5	2	3	-0.26	-1
433	465	3954	5	4	1	0.78	1
433	466	3591	3	1	2	-0.26	-1
433	467	3406	2	1	1	0.00	1
433	468	2612	2	1	1	0.00	1
433	469	1215	1	1	0	0.26	1
434	435	10748	6	4	2	0.52	1
434	436	14507	13	4	9	-1.30	-1
434	437	14363	13	9	4	1.30	1
434	438	13811	13	10	3	1.82	1
434	439	13469	13	5	8	-0.78	-1
434	440	13360	13	7	6	0.26	1
434	441	11553	12	8	4	1.04	1
434	442	10991	12	6	6	0.00	1
434	443	10732	12	6	6	0.00	1
434	444	10579	12	9	3	1.56	1
434	445	10363	12	6	6	0.00	1
434	446	9858	11	4	7	-0.78	-1
434	447	9556	11	7	4	0.78	1
434	448	9002	11	5	6	-0.26	-1
434	449	8594	11	5	6	-0.26	-1
434	450	8516	11	6	5	0.26	1
434	451	6080	7	2	5	-0.78	-1
434	452	5742	7	3	4	-0.26	-1
434	453	5707	7	2	5	-0.78	-1
434	454	5609	7	4	3	0.26	1
434	455	3500	7	5	2	0.78	1
434	456	3444	7	5	2	0.78	1
434	457	3340	7	4	3	0.26	1
434	458	3142	7	5	2	0.78	1
434	459	2685	6	4	2	0.52	1
434	460	2459	6	2	4	-0.52	-1
434	461	2372	6	5	1	1.04	1
434	462	1550	3	2	1	0.26	1
434	463	1536	3	2	1	0.26	1
434	464	1331	3	2	1	0.26	1
434	465	485	3	3	0	0.78	1
434	466	122	1	0	1	-0.26	-1
435	436	10400	6	1	5	-1.04	-1
435	437	10256	6	3	3	0.00	1
435	438	9704	6	5	1	1.04	1
435	439	9362	6	4	2	0.52	1
435	440	9253	6	3	3	0.00	1
435	441	7446	5	3	2	0.26	1
435	442	6884	5	2	3	-0.26	-1
435	443	6625	5	1	4	-0.78	-1
435	444	6472	5	4	1	0.78	1
435	445	6256	5	2	3	-0.26	-1
435	446	5751	4	2	2	0.00	1
435	447	5449	4	2	2	0.00	1
435	448	4895	4	2	2	0.00	1
435	449	4487	4	1	3	-0.52	-1
435	450	4409	4	2	2	0.00	1
436	437	18238	15	8	7	0.26	1
436	438	14262	13	7	6	0.26	1
436	439	19034	17	8	9	-0.26	-1
436	440	19441	18	12	6	1.56	1
436	441	17634	17	10	7	0.78	1
436	442	13157	13	5	8	-0.78	-1
436	443	16813	17	10	7	0.78	1
436	444	16660	17	8	9	-0.26	-1
436	445	15487	16	9	7	0.52	1
436	446	14995	15	7	8	-0.26	-1
436	447	15637	16	7	9	-0.52	-1
436	448	14975	15	9	6	0.78	1
436	449	14675	16	9	7	0.52	1
436	450	14597	16	3	13	-2.61	-1
436	451	11550	11	9	2	1.82	1
436	452	11823	12	7	5	0.52	1
436	453	11788	12	9	3	1.56	1
436	454	11690	12	8	4	1.04	1
436	455	9581	12	5	7	-0.52	-1
436	456	9525	12	4	8	-1.04	-1
436	457	9421	12	4	8	-1.04	-1
436	458	9223	12	4	8	-1.04	-1
436	459	8766	11	7	4	0.78	1
436	460	8540	11	3	8	-1.30	-1
436	461	8453	11	5	6	-0.26	-1
436	462	7631	8	5	3	0.52	1
436	463	7617	8	8	0	2.09	1
436	464	7412	8	5	3	0.52	1
436	465	6566	8	4	4	0.00	1
436	466	6203	6	1	5	-1.04	-1
436	467	6018	5	2	3	-0.26	-1
436	468	5224	5	2	3	-0.26	-1
436	469	3827	4	0	4	-1.04	-1
436	470	2555	3	2	1	0.26	1
436	471	1634	1	0	1	-0.26	-1
436	472	336	1	0	1	-0.26	-1
437	438	14262	13	9	4	1.30	1
437	439	17344	15	7	8	-0.26	-1
437	440	17235	15	6	9	-0.78	-1
437	441	15428	14	6	8	-0.52	-1
437	442	13157	13	5	8	-0.78	-1
437	443	14607	14	7	7	0.00	1
437	444	14454	14	6	8	-0.52	-1
437	445	14238	14	7	7	0.00	1
437	446	13733	13	4	9	-1.30	-1
437	447	13431	13	6	7	-0.26	-1
437	448	12877	13	4	9	-1.30	-1
437	449	12469	13	7	6	0.26	1
437	450	12391	13	5	8	-0.78	-1
437	451	9955	9	6	3	0.78	1
437	452	9617	9	6	3	0.78	1
437	453	9582	9	6	3	0.78	1
437	454	9484	9	4	5	-0.26	-1
437	455	7375	9	3	6	-0.78	-1
437	456	7319	9	5	4	0.26	1
437	457	7215	9	7	2	1.30	1
437	458	7017	9	5	4	0.26	1
437	459	6560	8	4	4	0.00	1
437	460	6334	8	2	6	-1.04	-1
437	461	6247	8	2	6	-1.04	-1
437	462	5425	5	2	3	-0.26	-1
437	463	5411	5	4	1	0.78	1
437	464	5206	5	2	3	-0.26	-1
437	465	4360	5	1	4	-0.78	-1
437	466	3997	3	0	3	-0.78	-1
437	467	3812	2	0	2	-0.52	-1
437	468	3018	2	0	2	-0.52	-1
437	469	1621	1	0	1	-0.26	-1
438	439	13920	13	5	8	-0.78	-1
438	440	13811	13	6	7	-0.26	-1
438	441	12004	12	8	4	1.04	1
438	442	11442	12	4	8	-1.04	-1
438	443	11183	12	3	9	-1.56	-1
438	444	11030	12	5	7	-0.52	-1
438	445	10814	12	7	5	0.52	1
438	446	10309	11	6	5	0.26	1
438	447	10007	11	4	7	-0.78	-1
438	448	9453	11	6	5	0.26	1
438	449	9045	11	9	2	1.82	1
438	450	8967	11	5	6	-0.26	-1
438	451	6531	7	4	3	0.26	1
438	452	6193	7	3	4	-0.26	-1
438	453	6158	7	4	3	0.26	1
438	454	6060	7	4	3	0.26	1
438	455	3951	7	4	3	0.26	1
438	456	3895	7	6	1	1.30	1
438	457	3791	7	3	4	-0.26	-1
438	458	3593	7	4	3	0.26	1
438	459	3136	6	5	1	1.04	1
438	460	2910	6	3	3	0.00	1
438	461	2823	6	3	3	0.00	1
438	462	2001	3	2	1	0.26	1
438	463	1987	3	2	1	0.26	1
438	464	1782	3	1	2	-0.26	-1
438	465	936	3	2	1	0.26	1
438	466	573	1	1	0	0.26	1
439	440	18925	17	11	6	1.30	1
439	441	17118	16	10	6	1.04	1
439	442	13157	13	9	4	1.30	1
439	443	16297	16	9	7	0.52	1
439	444	16144	16	6	10	-1.04	-1
439	445	15487	16	1	15	-3.65	-1
439	446	14995	15	6	9	-0.78	-1
439	447	15121	15	6	9	-0.78	-1
439	448	14567	15	5	10	-1.30	-1
439	449	14159	15	9	6	0.78	1
439	450	14081	15	3	12	-2.35	-1
439	451	11550	11	1	10	-2.35	-1
439	452	11307	11	2	9	-1.82	-1
439	453	11272	11	8	3	1.30	1
439	454	11174	11	6	5	0.26	1
439	455	9065	11	4	7	-0.78	-1
439	456	9009	11	9	2	1.82	1
439	457	8905	11	6	5	0.26	1
439	458	8707	11	3	8	-1.30	-1
439	459	8250	10	6	4	0.52	1
439	460	8024	10	2	8	-1.56	-1
439	461	7937	10	5	5	0.00	1
439	462	7115	7	3	4	-0.26	-1
439	463	7101	7	6	1	1.30	1
439	464	6896	7	3	4	-0.26	-1
439	465	6050	7	5	2	0.78	1
439	466	5687	5	1	4	-0.78	-1
439	467	5502	4	3	1	0.52	1
439	468	4708	4	3	1	0.52	1
439	469	3311	3	2	1	0.26	1
439	470	2039	2	1	1	0.00	1
440	441	21243	20	10	10	0.00	1
440	442	13157	13	6	7	-0.26	-1
440	443	17942	19	9	10	-0.26	-1
440	444	23069	21	10	11	-0.26	-1
440	445	15487	16	7	9	-0.52	-1
440	446	14995	15	6	9	-0.78	-1
440	447	19925	20	12	8	1.04	1
440	448	14975	15	7	8	-0.26	-1
440	449	14952	17	8	9	-0.26	-1
440	450	19975	20	9	11	-0.52	-1
440	451	11550	11	4	7	-0.78	-1
440	452	20629	18	6	12	-1.56	-1
440	453	16070	16	9	7	0.52	1
440	454	20213	18	12	6	1.56	1
440	455	19357	20	8	12	-1.04	-1
440	456	19301	20	7	13	-1.56	-1
440	457	18881	20	7	13	-1.56	-1
440	458	13441	16	10	6	1.04	1
440	459	18542	19	6	13	-1.82	-1
440	460	15459	16	4	12	-2.09	-1
440	461	18229	19	7	12	-1.30	-1
440	462	14838	13	7	6	0.26	1
440	463	9358	10	3	7	-1.04	-1
440	464	17188	16	7	9	-0.52	-1
440	465	16342	16	9	7	0.52	1
440	466	15979	14	6	8	-0.52	-1
440	467	13865	10	6	4	0.52	1
440	468	13036	10	6	4	0.52	1
440	469	13603	12	8	4	1.04	1
440	470	12331	11	2	9	-1.82	-1
440	471	11410	9	3	6	-0.78	-1
440	472	10112	9	4	5	-0.26	-1
440	473	9063	7	6	1	1.30	1
440	474	8913	6	2	4	-0.52	-1
440	475	7984	6	3	3	0.00	1
440	476	7398	6	5	1	1.04	1
440	477	7295	6	3	3	0.00	1
440	478	6856	5	3	2	0.26	1
440	479	6452	5	2	3	-0.26	-1
440	480	6202	5	2	3	-0.26	-1
440	481	5978	5	3	2	0.26	1
440	482	5054	4	1	3	-0.52	-1
440	483	4080	4	2	2	0.00	1
440	484	3919	4	3	1	0.52	1
440	485	3240	4	2	2	0.00	1
440	486	3010	3	3	0	0.78	1
440	487	2113	3	2	1	0.26	1
440	488	782	2	1	1	0.00	1
441	442	13157	13	8	5	0.78	1
441	443	17942	19	11	8	0.78	1
441	444	20269	20	15	5	2.61	1
441	445	15487	16	9	7	0.52	1
441	446	14995	15	8	7	0.26	1
441	447	19246	19	6	13	-1.82	-1
441	448	14975	15	12	3	2.35	1
441	449	14952	17	8	9	-0.26	-1
441	450	18206	19	12	7	1.30	1
441	451	11550	11	3	8	-1.30	-1
441	452	15432	15	11	4	1.82	1
441	453	15397	15	6	9	-0.78	-1
441	454	15299	15	5	10	-1.30	-1
441	455	13190	15	12	3	2.35	1
441	456	13134	15	12	3	2.35	1
441	457	13030	15	5	10	-1.30	-1
441	458	12832	15	10	5	1.30	1
441	459	12375	14	8	6	0.52	1
441	460	12149	14	6	8	-0.52	-1
441	461	12062	14	8	6	0.52	1
441	462	11240	11	6	5	0.26	1
441	463	9358	10	3	7	-1.04	-1
441	464	11021	11	7	4	0.78	1
441	465	10175	11	6	5	0.26	1
441	466	9812	9	6	3	0.78	1
441	467	9627	8	3	5	-0.52	-1
441	468	8833	8	4	4	0.00	1
441	469	7436	7	4	3	0.26	1
441	470	6164	6	2	4	-0.52	-1
441	471	5243	4	1	3	-0.52	-1
441	472	3945	4	2	2	0.00	1
441	473	2896	2	1	1	0.00	1
441	474	2746	1	0	1	-0.26	-1
441	475	1817	1	1	0	0.26	1
441	476	1231	1	0	1	-0.26	-1
441	477	1128	1	0	1	-0.26	-1
442	443	12898	13	8	5	0.78	1
442	444	12745	13	5	8	-0.78	-1
442	445	12529	13	6	7	-0.26	-1
442	446	12024	12	4	8	-1.04	-1
442	447	11722	12	9	3	1.56	1
442	448	11168	12	5	7	-0.52	-1
442	449	10760	12	10	2	2.09	1
442	450	10682	12	8	4	1.04	1
442	451	8246	8	4	4	0.00	1
442	452	7908	8	3	5	-0.52	-1
442	453	7873	8	3	5	-0.52	-1
442	454	7775	8	3	5	-0.52	-1
442	455	5666	8	3	5	-0.52	-1
442	456	5610	8	5	3	0.52	1
442	457	5506	8	4	4	0.00	1
442	458	5308	8	1	7	-1.56	-1
442	459	4851	7	4	3	0.26	1
442	460	4625	7	3	4	-0.26	-1
442	461	4538	7	2	5	-0.78	-1
442	462	3716	4	2	2	0.00	1
442	463	3702	4	2	2	0.00	1
442	464	3497	4	2	2	0.00	1
442	465	2651	4	3	1	0.52	1
442	466	2288	2	1	1	0.00	1
442	467	2103	1	0	1	-0.26	-1
442	468	1309	1	0	1	-0.26	-1
443	444	17789	19	11	8	0.78	1
443	445	15487	16	7	9	-0.52	-1
443	446	14995	15	3	12	-2.35	-1
443	447	16766	18	8	10	-0.52	-1
443	448	14975	15	2	13	-2.87	-1
443	449	14952	17	9	8	0.26	1
443	450	15726	18	10	8	0.52	1
443	451	11550	11	7	4	0.78	1
443	452	12952	14	6	8	-0.52	-1
443	453	12917	14	6	8	-0.52	-1
443	454	12819	14	9	5	1.04	1
443	455	10710	14	6	8	-0.52	-1
443	456	10654	14	2	12	-2.61	-1
443	457	10550	14	6	8	-0.52	-1
443	458	10352	14	4	10	-1.56	-1
443	459	9895	13	5	8	-0.78	-1
443	460	9669	13	7	6	0.26	1
443	461	9582	13	5	8	-0.78	-1
443	462	8760	10	5	5	0.00	1
443	463	8746	10	4	6	-0.52	-1
443	464	8541	10	1	9	-2.09	-1
443	465	7695	10	8	2	1.56	1
443	466	7332	8	1	7	-1.56	-1
443	467	7147	7	3	4	-0.26	-1
443	468	6353	7	4	3	0.26	1
443	469	4956	6	4	2	0.52	1
443	470	3684	5	3	2	0.26	1
443	471	2763	3	3	0	0.78	1
443	472	1465	3	1	2	-0.26	-1
443	473	416	1	1	0	0.26	1
444	445	15487	16	11	5	1.56	1
444	446	14995	15	8	7	0.26	1
444	447	19925	20	11	9	0.52	1
444	448	14975	15	7	8	-0.26	-1
444	449	14952	17	7	10	-0.78	-1
444	450	19975	20	10	10	0.00	1
444	451	11550	11	8	3	1.30	1
444	452	18232	16	10	6	1.04	1
444	453	16070	16	9	7	0.52	1
444	454	18099	16	5	11	-1.56	-1
444	455	15990	16	10	6	1.04	1
444	456	15934	16	8	8	0.00	1
444	457	15830	16	7	9	-0.52	-1
444	458	13441	16	10	6	1.04	1
444	459	15175	15	10	5	1.30	1
444	460	14949	15	9	6	0.78	1
444	461	14862	15	9	6	0.78	1
444	462	14040	12	8	4	1.04	1
444	463	9358	10	4	6	-0.52	-1
444	464	13821	12	8	4	1.04	1
444	465	12975	12	5	7	-0.52	-1
444	466	12612	10	7	3	1.04	1
444	467	12427	9	4	5	-0.26	-1
444	468	11633	9	2	7	-1.30	-1
444	469	10236	8	6	2	1.04	1
444	470	8964	7	3	4	-0.26	-1
444	471	8043	5	1	4	-0.78	-1
444	472	6745	5	2	3	-0.26	-1
444	473	5696	3	1	2	-0.26	-1
444	474	5546	2	0	2	-0.52	-1
444	475	4617	2	1	1	0.00	1
444	476	4031	2	0	2	-0.52	-1
444	477	3928	2	1	1	0.00	1
444	478	3489	1	0	1	-0.26	-1
444	479	3085	1	1	0	0.26	1
444	480	2835	1	0	1	-0.26	-1
444	481	2611	1	0	1	-0.26	-1
445	446	14982	15	11	4	1.82	1
445	447	14680	15	9	6	0.78	1
445	448	14126	15	6	9	-0.78	-1
445	449	13718	15	6	9	-0.78	-1
445	450	13640	15	8	7	0.26	1
445	451	11204	11	4	7	-0.78	-1
445	452	10866	11	5	6	-0.26	-1
445	453	10831	11	6	5	0.26	1
445	454	10733	11	4	7	-0.78	-1
445	455	8624	11	8	3	1.30	1
445	456	8568	11	8	3	1.30	1
445	457	8464	11	5	6	-0.26	-1
445	458	8266	11	6	5	0.26	1
445	459	7809	10	7	3	1.04	1
445	460	7583	10	5	5	0.00	1
445	461	7496	10	6	4	0.52	1
445	462	6674	7	2	5	-0.78	-1
445	463	6660	7	5	2	0.78	1
445	464	6455	7	5	2	0.78	1
445	465	5609	7	0	7	-1.82	-1
445	466	5246	5	3	2	0.26	1
445	467	5061	4	1	3	-0.52	-1
445	468	4267	4	3	1	0.52	1
445	469	2870	3	1	2	-0.26	-1
445	470	1598	2	2	0	0.52	1
446	447	14693	15	6	9	-0.78	-1
446	448	14139	15	7	8	-0.26	-1
446	449	13731	15	9	6	0.78	1
446	450	13653	15	11	4	1.82	1
446	451	11217	11	7	4	0.78	1
446	452	10879	11	6	5	0.26	1
446	453	10844	11	3	8	-1.30	-1
446	454	10746	11	1	10	-2.35	-1
446	455	8637	11	2	9	-1.82	-1
446	456	8581	11	9	2	1.82	1
446	457	8477	11	6	5	0.26	1
446	458	8279	11	7	4	0.78	1
446	459	7822	10	4	6	-0.52	-1
446	460	7596	10	5	5	0.00	1
446	461	7509	10	4	6	-0.52	-1
446	462	6687	7	4	3	0.26	1
446	463	6673	7	2	5	-0.78	-1
446	464	6468	7	1	6	-1.30	-1
446	465	5622	7	4	3	0.26	1
446	466	5259	5	3	2	0.26	1
446	467	5074	4	2	2	0.00	1
446	468	4280	4	2	2	0.00	1
446	469	2883	3	0	3	-0.78	-1
446	470	1611	2	2	0	0.52	1
447	448	14975	15	5	10	-1.30	-1
447	449	14952	17	7	10	-0.78	-1
447	450	18885	20	10	10	0.00	1
447	451	11550	11	6	5	0.26	1
447	452	16111	16	4	12	-2.09	-1
447	453	16070	16	7	9	-0.52	-1
447	454	15978	16	10	6	1.04	1
447	455	13869	16	10	6	1.04	1
447	456	13813	16	7	9	-0.52	-1
447	457	13709	16	5	11	-1.56	-1
447	458	13441	16	7	9	-0.52	-1
447	459	13054	15	6	9	-0.78	-1
447	460	12828	15	7	8	-0.26	-1
447	461	12741	15	8	7	0.26	1
447	462	11919	12	6	6	0.00	1
447	463	9358	10	5	5	0.00	1
447	464	11700	12	6	6	0.00	1
447	465	10854	12	6	6	0.00	1
447	466	10491	10	3	7	-1.04	-1
447	467	10306	9	4	5	-0.26	-1
447	468	9512	9	5	4	0.26	1
447	469	8115	8	3	5	-0.52	-1
447	470	6843	7	1	6	-1.30	-1
447	471	5922	5	2	3	-0.26	-1
447	472	4624	5	3	2	0.26	1
447	473	3575	3	3	0	0.78	1
447	474	3425	2	1	1	0.00	1
447	475	2496	2	1	1	0.00	1
447	476	1910	2	2	0	0.52	1
447	477	1807	2	0	2	-0.52	-1
447	478	1368	1	1	0	0.26	1
447	479	964	1	0	1	-0.26	-1
447	480	714	1	0	1	-0.26	-1
447	481	490	1	1	0	0.26	1
448	449	14567	15	6	9	-0.78	-1
448	450	14489	15	8	7	0.26	1
448	451	11550	11	6	5	0.26	1
448	452	11715	11	5	6	-0.26	-1
448	453	11680	11	3	8	-1.30	-1
448	454	11582	11	6	5	0.26	1
448	455	9473	11	5	6	-0.26	-1
448	456	9417	11	3	8	-1.30	-1
448	457	9313	11	5	6	-0.26	-1
448	458	9115	11	7	4	0.78	1
448	459	8658	10	2	8	-1.56	-1
448	460	8432	10	4	6	-0.52	-1
448	461	8345	10	3	7	-1.04	-1
448	462	7523	7	3	4	-0.26	-1
448	463	7509	7	3	4	-0.26	-1
448	464	7304	7	6	1	1.30	1
448	465	6458	7	2	5	-0.78	-1
448	466	6095	5	4	1	0.78	1
448	467	5910	4	0	4	-1.04	-1
448	468	5116	4	3	1	0.52	1
448	469	3719	3	3	0	0.78	1
448	470	2447	2	0	2	-0.52	-1
449	450	14874	17	8	9	-0.26	-1
449	451	11550	11	4	7	-0.78	-1
449	452	12100	13	7	6	0.26	1
449	453	12065	13	7	6	0.26	1
449	454	11967	13	8	5	0.78	1
449	455	9858	13	5	8	-0.78	-1
449	456	9802	13	7	6	0.26	1
449	457	9698	13	9	4	1.30	1
449	458	9500	13	7	6	0.26	1
449	459	9043	12	7	5	0.52	1
449	460	8817	12	3	9	-1.56	-1
449	461	8730	12	4	8	-1.04	-1
449	462	7908	9	3	6	-0.78	-1
449	463	7894	9	5	4	0.26	1
449	464	7689	9	4	5	-0.26	-1
449	465	6843	9	5	4	0.26	1
449	466	6480	7	2	5	-0.78	-1
449	467	6295	6	5	1	1.04	1
449	468	5501	6	2	4	-0.52	-1
449	469	4104	5	1	4	-0.78	-1
449	470	2832	4	3	1	0.52	1
449	471	1911	2	2	0	0.52	1
449	472	613	2	1	1	0.00	1
450	451	11550	11	2	9	-1.82	-1
450	452	17201	16	9	7	0.52	1
450	453	16070	16	6	10	-1.04	-1
450	454	17068	16	7	9	-0.52	-1
450	455	14959	16	10	6	1.04	1
450	456	14903	16	7	9	-0.52	-1
450	457	14799	16	10	6	1.04	1
450	458	13441	16	12	4	2.09	1
450	459	14144	15	11	4	1.82	1
450	460	13918	15	11	4	1.82	1
450	461	13831	15	8	7	0.26	1
450	462	13009	12	7	5	0.52	1
450	463	9358	10	5	5	0.00	1
450	464	12790	12	9	3	1.56	1
450	465	11944	12	4	8	-1.04	-1
450	466	11581	10	7	3	1.04	1
450	467	11396	9	3	6	-0.78	-1
450	468	10602	9	4	5	-0.26	-1
450	469	9205	8	5	3	0.52	1
450	470	7933	7	4	3	0.26	1
450	471	7012	5	3	2	0.26	1
450	472	5714	5	0	5	-1.30	-1
450	473	4665	3	2	1	0.26	1
450	474	4515	2	2	0	0.52	1
450	475	3586	2	2	0	0.52	1
450	476	3000	2	1	1	0.00	1
450	477	2897	2	2	0	0.52	1
450	478	2458	1	1	0	0.26	1
450	479	2054	1	0	1	-0.26	-1
450	480	1804	1	0	1	-0.26	-1
450	481	1580	1	0	1	-0.26	-1
451	452	11212	11	5	6	-0.26	-1
451	453	11177	11	8	3	1.30	1
451	454	11079	11	7	4	0.78	1
451	455	8970	11	4	7	-0.78	-1
451	456	8914	11	5	6	-0.26	-1
451	457	8810	11	4	7	-0.78	-1
451	458	8612	11	8	3	1.30	1
451	459	8155	10	3	7	-1.04	-1
451	460	7929	10	5	5	0.00	1
451	461	7842	10	7	3	1.04	1
451	462	7020	7	5	2	0.78	1
451	463	7006	7	5	2	0.78	1
451	464	6801	7	3	4	-0.26	-1
451	465	5955	7	3	4	-0.26	-1
451	466	5592	5	2	3	-0.26	-1
451	467	5407	4	3	1	0.52	1
451	468	4613	4	2	2	0.00	1
451	469	3216	3	0	3	-0.78	-1
451	470	1944	2	2	0	0.52	1
452	453	16070	16	6	10	-1.04	-1
452	454	20213	18	5	13	-2.09	-1
452	455	18387	18	11	7	1.04	1
452	456	18331	18	10	8	0.52	1
452	457	18227	18	9	9	0.00	1
452	458	13441	16	10	6	1.04	1
452	459	17572	17	8	9	-0.26	-1
452	460	15459	16	10	6	1.04	1
452	461	17259	17	9	8	0.26	1
452	462	14838	13	1	12	-2.87	-1
452	463	9358	10	5	5	0.00	1
452	464	16218	14	10	4	1.56	1
452	465	15372	14	5	9	-1.04	-1
452	466	15009	12	7	5	0.52	1
452	467	13865	10	6	4	0.52	1
452	468	13036	10	3	7	-1.04	-1
452	469	12633	10	8	2	1.56	1
452	470	11361	9	7	2	1.30	1
452	471	10440	7	3	4	-0.26	-1
452	472	9142	7	3	4	-0.26	-1
452	473	8093	5	2	3	-0.26	-1
452	474	7943	4	1	3	-0.52	-1
452	475	7014	4	1	3	-0.52	-1
452	476	6428	4	3	1	0.52	1
452	477	6325	4	3	1	0.52	1
452	478	5886	3	1	2	-0.26	-1
452	479	5482	3	3	0	0.78	1
452	480	5232	3	1	2	-0.26	-1
452	481	5008	3	1	2	-0.26	-1
452	482	4084	2	1	1	0.00	1
452	483	3110	2	1	1	0.00	1
452	484	2949	2	0	2	-0.52	-1
452	485	2270	2	2	0	0.52	1
452	486	2040	1	1	0	0.26	1
452	487	1143	1	1	0	0.26	1
453	454	15972	16	12	4	2.09	1
453	455	13863	16	6	10	-1.04	-1
453	456	13807	16	7	9	-0.52	-1
453	457	13703	16	5	11	-1.56	-1
453	458	13441	16	6	10	-1.04	-1
453	459	13048	15	9	6	0.78	1
453	460	12822	15	9	6	0.78	1
453	461	12735	15	9	6	0.78	1
453	462	11913	12	6	6	0.00	1
453	463	9358	10	7	3	1.04	1
453	464	11694	12	7	5	0.52	1
453	465	10848	12	6	6	0.00	1
453	466	10485	10	2	8	-1.56	-1
453	467	10300	9	6	3	0.78	1
453	468	9506	9	5	4	0.26	1
453	469	8109	8	3	5	-0.52	-1
453	470	6837	7	3	4	-0.26	-1
453	471	5916	5	1	4	-0.78	-1
453	472	4618	5	4	1	0.78	1
453	473	3569	3	2	1	0.26	1
453	474	3419	2	0	2	-0.52	-1
453	475	2490	2	1	1	0.00	1
453	476	1904	2	1	1	0.00	1
453	477	1801	2	0	2	-0.52	-1
453	478	1362	1	1	0	0.26	1
453	479	958	1	0	1	-0.26	-1
453	480	708	1	0	1	-0.26	-1
453	481	484	1	0	1	-0.26	-1
454	455	18104	18	8	10	-0.52	-1
454	456	18048	18	6	12	-1.56	-1
454	457	17944	18	12	6	1.56	1
454	458	13441	16	10	6	1.04	1
454	459	17289	17	6	11	-1.30	-1
454	460	15459	16	6	10	-1.04	-1
454	461	16976	17	8	9	-0.26	-1
454	462	14838	13	6	7	-0.26	-1
454	463	9358	10	3	7	-1.04	-1
454	464	15935	14	3	11	-2.09	-1
454	465	15089	14	9	5	1.04	1
454	466	14726	12	6	6	0.00	1
454	467	13865	10	5	5	0.00	1
454	468	13036	10	3	7	-1.04	-1
454	469	12350	10	4	6	-0.52	-1
454	470	11078	9	2	7	-1.30	-1
454	471	10157	7	3	4	-0.26	-1
454	472	8859	7	3	4	-0.26	-1
454	473	7810	5	4	1	0.78	1
454	474	7660	4	2	2	0.00	1
454	475	6731	4	1	3	-0.52	-1
454	476	6145	4	2	2	0.00	1
454	477	6042	4	2	2	0.00	1
454	478	5603	3	3	0	0.78	1
454	479	5199	3	1	2	-0.26	-1
454	480	4949	3	2	1	0.26	1
454	481	4725	3	3	0	0.78	1
454	482	3801	2	1	1	0.00	1
454	483	2827	2	1	1	0.00	1
454	484	2666	2	1	1	0.00	1
454	485	1987	2	0	2	-0.52	-1
454	486	1757	1	0	1	-0.26	-1
454	487	860	1	0	1	-0.26	-1
455	456	19529	21	11	10	0.26	1
455	457	18881	20	15	5	2.61	1
455	458	13441	16	7	9	-0.52	-1
455	459	19045	21	16	5	2.87	1
455	460	15459	16	8	8	0.00	1
455	461	19164	22	13	9	1.04	1
455	462	14838	13	4	9	-1.30	-1
455	463	9358	10	5	5	0.00	1
455	464	18576	19	10	9	0.26	1
455	465	16827	18	6	12	-1.56	-1
455	466	18224	17	8	9	-0.26	-1
455	467	13865	10	6	4	0.52	1
455	468	13036	10	4	6	-0.52	-1
455	469	15848	15	7	8	-0.26	-1
455	470	14576	14	6	8	-0.52	-1
455	471	13655	12	6	6	0.00	1
455	472	12357	12	5	7	-0.52	-1
455	473	11308	10	6	4	0.52	1
455	474	11158	9	4	5	-0.26	-1
455	475	10229	9	5	4	0.26	1
455	476	9643	9	4	5	-0.26	-1
455	477	9540	9	6	3	0.78	1
455	478	9101	8	2	6	-1.04	-1
455	479	8697	8	4	4	0.00	1
455	480	8447	8	6	2	1.04	1
455	481	8223	8	4	4	0.00	1
455	482	7299	7	4	3	0.26	1
455	483	6325	7	2	5	-0.78	-1
455	484	6164	7	2	5	-0.78	-1
455	485	5485	7	5	2	0.78	1
455	486	5255	6	4	2	0.52	1
455	487	4358	6	3	3	0.00	1
455	488	3027	5	2	3	-0.26	-1
455	489	2661	3	0	3	-0.78	-1
456	457	18881	20	14	6	2.09	1
456	458	13441	16	7	9	-0.52	-1
456	459	18770	20	10	10	0.00	1
456	460	15459	16	6	10	-1.04	-1
456	461	18457	20	10	10	0.00	1
456	462	14838	13	8	5	0.78	1
456	463	9358	10	5	5	0.00	1
456	464	17416	17	8	9	-0.26	-1
456	465	16570	17	7	10	-0.78	-1
456	466	16207	15	9	6	0.78	1
456	467	13865	10	6	4	0.52	1
456	468	13036	10	5	5	0.00	1
456	469	13831	13	7	6	0.26	1
456	470	12559	12	5	7	-0.52	-1
456	471	11638	10	6	4	0.52	1
456	472	10340	10	6	4	0.52	1
456	473	9291	8	5	3	0.52	1
456	474	9141	7	5	2	0.78	1
456	475	8212	7	4	3	0.26	1
456	476	7626	7	4	3	0.26	1
456	477	7523	7	5	2	0.78	1
456	478	7084	6	2	4	-0.52	-1
456	479	6680	6	4	2	0.52	1
456	480	6430	6	3	3	0.00	1
456	481	6206	6	2	4	-0.52	-1
456	482	5282	5	2	3	-0.26	-1
456	483	4308	5	3	2	0.26	1
456	484	4147	5	1	4	-0.78	-1
456	485	3468	5	2	3	-0.26	-1
456	486	3238	4	3	1	0.52	1
456	487	2341	4	2	2	0.00	1
456	488	1010	3	2	1	0.26	1
456	489	644	1	1	0	0.26	1
457	458	13441	16	8	8	0.00	1
457	459	18226	19	15	4	2.87	1
457	460	15459	16	10	6	1.04	1
457	461	17913	19	11	8	0.78	1
457	462	14838	13	6	7	-0.26	-1
457	463	9358	10	1	9	-2.09	-1
457	464	16872	16	8	8	0.00	1
457	465	16026	16	10	6	1.04	1
457	466	15663	14	10	4	1.56	1
457	467	13865	10	5	5	0.00	1
457	468	13036	10	3	7	-1.04	-1
457	469	13287	12	7	5	0.52	1
457	470	12015	11	6	5	0.26	1
457	471	11094	9	4	5	-0.26	-1
457	472	9796	9	5	4	0.26	1
457	473	8747	7	3	4	-0.26	-1
457	474	8597	6	4	2	0.52	1
457	475	7668	6	2	4	-0.52	-1
457	476	7082	6	3	3	0.00	1
457	477	6979	6	5	1	1.04	1
457	478	6540	5	1	4	-0.78	-1
457	479	6136	5	2	3	-0.26	-1
457	480	5886	5	2	3	-0.26	-1
457	481	5662	5	3	2	0.26	1
457	482	4738	4	3	1	0.52	1
457	483	3764	4	2	2	0.00	1
457	484	3603	4	2	2	0.00	1
457	485	2924	4	2	2	0.00	1
457	486	2694	3	2	1	0.26	1
457	487	1797	3	0	3	-0.78	-1
457	488	466	2	2	0	0.52	1
458	459	12984	15	9	6	0.78	1
458	460	12758	15	11	4	1.82	1
458	461	12671	15	6	9	-0.78	-1
458	462	11849	12	8	4	1.04	1
458	463	9358	10	6	4	0.52	1
458	464	11630	12	9	3	1.56	1
458	465	10784	12	5	7	-0.52	-1
458	466	10421	10	7	3	1.04	1
458	467	10236	9	6	3	0.78	1
458	468	9442	9	4	5	-0.26	-1
458	469	8045	8	5	3	0.52	1
458	470	6773	7	5	2	0.78	1
458	471	5852	5	4	1	0.78	1
458	472	4554	5	2	3	-0.26	-1
458	473	3505	3	2	1	0.26	1
458	474	3355	2	1	1	0.00	1
458	475	2426	2	2	0	0.52	1
458	476	1840	2	1	1	0.00	1
458	477	1737	2	0	2	-0.52	-1
458	478	1298	1	0	1	-0.26	-1
458	479	894	1	1	0	0.26	1
458	480	644	1	1	0	0.26	1
458	481	420	1	1	0	0.26	1
459	460	15459	16	7	9	-0.52	-1
459	461	18732	21	14	7	1.82	1
459	462	14838	13	5	8	-0.78	-1
459	463	9358	10	5	5	0.00	1
459	464	17691	18	8	10	-0.52	-1
459	465	16827	18	9	9	0.00	1
459	466	16482	16	9	7	0.52	1
459	467	13865	10	5	5	0.00	1
459	468	13036	10	4	6	-0.52	-1
459	469	14106	14	9	5	1.04	1
459	470	12834	13	6	7	-0.26	-1
459	471	11913	11	4	7	-0.78	-1
459	472	10615	11	6	5	0.26	1
459	473	9566	9	4	5	-0.26	-1
459	474	9416	8	2	6	-1.04	-1
459	475	8487	8	3	5	-0.52	-1
459	476	7901	8	5	3	0.52	1
459	477	7798	8	5	3	0.52	1
459	478	7359	7	4	3	0.26	1
459	479	6955	7	4	3	0.26	1
459	480	6705	7	3	4	-0.26	-1
459	481	6481	7	3	4	-0.26	-1
459	482	5557	6	4	2	0.52	1
459	483	4583	6	1	5	-1.04	-1
459	484	4422	6	3	3	0.00	1
459	485	3743	6	5	1	1.04	1
459	486	3513	5	3	2	0.26	1
459	487	2616	5	1	4	-0.78	-1
459	488	1285	4	3	1	0.52	1
459	489	919	2	1	1	0.00	1
460	461	15372	16	5	11	-1.56	-1
460	462	14550	13	5	8	-0.78	-1
460	463	9358	10	3	7	-1.04	-1
460	464	14331	13	4	9	-1.30	-1
460	465	13485	13	7	6	0.26	1
460	466	13122	11	6	5	0.26	1
460	467	12937	10	3	7	-1.04	-1
460	468	12143	10	5	5	0.00	1
460	469	10746	9	6	3	0.78	1
460	470	9474	8	5	3	0.52	1
460	471	8553	6	3	3	0.00	1
460	472	7255	6	2	4	-0.52	-1
460	473	6206	4	2	2	0.00	1
460	474	6056	3	1	2	-0.26	-1
460	475	5127	3	3	0	0.78	1
460	476	4541	3	0	3	-0.78	-1
460	477	4438	3	3	0	0.78	1
460	478	3999	2	2	0	0.52	1
460	479	3595	2	1	1	0.00	1
460	480	3345	2	1	1	0.00	1
460	481	3121	2	1	1	0.00	1
460	482	2197	1	1	0	0.26	1
460	483	1223	1	0	1	-0.26	-1
460	484	1062	1	0	1	-0.26	-1
460	485	383	1	1	0	0.26	1
461	462	14838	13	7	6	0.26	1
461	463	9358	10	3	7	-1.04	-1
461	464	18123	19	11	8	0.78	1
461	465	16827	18	8	10	-0.52	-1
461	466	16914	17	11	6	1.30	1
461	467	13865	10	2	8	-1.56	-1
461	468	13036	10	6	4	0.52	1
461	469	14538	15	10	5	1.30	1
461	470	13266	14	4	10	-1.56	-1
461	471	12345	12	4	8	-1.04	-1
461	472	11047	12	5	7	-0.52	-1
461	473	9998	10	3	7	-1.04	-1
461	474	9848	9	6	3	0.78	1
461	475	8919	9	3	6	-0.78	-1
461	476	8333	9	4	5	-0.26	-1
461	477	8230	9	5	4	0.26	1
461	478	7791	8	1	7	-1.56	-1
461	479	7387	8	2	6	-1.04	-1
461	480	7137	8	5	3	0.52	1
461	481	6913	8	6	2	1.04	1
461	482	5989	7	3	4	-0.26	-1
461	483	5015	7	3	4	-0.26	-1
461	484	4854	7	4	3	0.26	1
461	485	4175	7	3	4	-0.26	-1
461	486	3945	6	3	3	0.00	1
461	487	3048	6	3	3	0.00	1
461	488	1717	5	4	1	0.78	1
461	489	1351	3	2	1	0.26	1
462	463	9358	10	4	6	-0.52	-1
462	464	14619	13	5	8	-0.78	-1
462	465	13773	13	5	8	-0.78	-1
462	466	13410	11	7	4	0.78	1
462	467	13225	10	6	4	0.52	1
462	468	12431	10	6	4	0.52	1
462	469	11034	9	5	4	0.26	1
462	470	9762	8	5	3	0.52	1
462	471	8841	6	3	3	0.00	1
462	472	7543	6	4	2	0.52	1
462	473	6494	4	2	2	0.00	1
462	474	6344	3	1	2	-0.26	-1
462	475	5415	3	2	1	0.26	1
462	476	4829	3	3	0	0.78	1
462	477	4726	3	1	2	-0.26	-1
462	478	4287	2	1	1	0.00	1
462	479	3883	2	0	2	-0.52	-1
462	480	3633	2	1	1	0.00	1
462	481	3409	2	0	2	-0.52	-1
462	482	2485	1	1	0	0.26	1
462	483	1511	1	0	1	-0.26	-1
462	484	1350	1	1	0	0.26	1
462	485	671	1	0	1	-0.26	-1
463	464	9153	10	5	5	0.00	1
463	465	8307	10	5	5	0.00	1
463	466	7944	8	3	5	-0.52	-1
463	467	7759	7	5	2	0.78	1
463	468	6965	7	5	2	0.78	1
463	469	5568	6	3	3	0.00	1
463	470	4296	5	5	0	1.30	1
463	471	3375	3	2	1	0.26	1
463	472	2077	3	2	1	0.26	1
463	473	1028	1	1	0	0.26	1
464	465	16827	18	6	12	-1.56	-1
464	466	17367	17	11	6	1.30	1
464	467	13865	10	5	5	0.00	1
464	468	13036	10	4	6	-0.52	-1
464	469	14991	15	9	6	0.78	1
464	470	13719	14	8	6	0.52	1
464	471	12798	12	4	8	-1.04	-1
464	472	11500	12	5	7	-0.52	-1
464	473	10451	10	2	8	-1.56	-1
464	474	10301	9	3	6	-0.78	-1
464	475	9372	9	4	5	-0.26	-1
464	476	8786	9	4	5	-0.26	-1
464	477	8683	9	2	7	-1.30	-1
464	478	8244	8	1	7	-1.56	-1
464	479	7840	8	5	3	0.52	1
464	480	7590	8	2	6	-1.04	-1
464	481	7366	8	2	6	-1.04	-1
464	482	6442	7	4	3	0.26	1
464	483	5468	7	4	3	0.26	1
464	484	5307	7	1	6	-1.30	-1
464	485	4628	7	4	3	0.26	1
464	486	4398	6	2	4	-0.52	-1
464	487	3501	6	2	4	-0.52	-1
464	488	2170	5	3	2	0.26	1
464	489	1804	3	3	0	0.78	1
465	466	16464	16	8	8	0.00	1
465	467	13865	10	6	4	0.52	1
465	468	13036	10	3	7	-1.04	-1
465	469	14088	14	5	9	-1.04	-1
465	470	12816	13	8	5	0.78	1
465	471	11895	11	8	3	1.30	1
465	472	10597	11	7	4	0.78	1
465	473	9548	9	6	3	0.78	1
465	474	9398	8	5	3	0.52	1
465	475	8469	8	6	2	1.04	1
465	476	7883	8	3	5	-0.52	-1
465	477	7780	8	4	4	0.00	1
465	478	7341	7	5	2	0.78	1
465	479	6937	7	3	4	-0.26	-1
465	480	6687	7	0	7	-1.82	-1
465	481	6463	7	4	3	0.26	1
465	482	5539	6	5	1	1.04	1
465	483	4565	6	3	3	0.00	1
465	484	4404	6	4	2	0.52	1
465	485	3725	6	3	3	0.00	1
465	486	3495	5	2	3	-0.26	-1
465	487	2598	5	3	2	0.26	1
465	488	1267	4	1	3	-0.52	-1
465	489	901	2	2	0	0.52	1
466	467	13865	10	3	7	-1.04	-1
466	468	13036	10	3	7	-1.04	-1
466	469	20847	17	8	9	-0.26	-1
466	470	21395	16	11	5	1.56	1
466	471	17755	14	7	7	0.00	1
466	472	20566	15	5	10	-1.30	-1
466	473	18521	13	6	7	-0.26	-1
466	474	19367	12	8	4	1.04	1
466	475	15395	11	3	8	-1.30	-1
466	476	17852	12	0	12	-3.13	-1
466	477	17749	12	5	7	-0.52	-1
466	478	17310	11	6	5	0.26	1
466	479	11185	8	6	2	1.04	1
466	480	15568	11	6	5	0.26	1
466	481	13195	10	5	5	0.00	1
466	482	15508	10	6	4	0.52	1
466	483	14534	10	3	7	-1.04	-1
466	484	14373	10	5	5	0.00	1
466	485	13321	10	3	7	-1.04	-1
466	486	13464	9	2	7	-1.30	-1
466	487	12567	9	3	6	-0.78	-1
466	488	11236	8	2	6	-1.04	-1
466	489	10870	6	2	4	-0.52	-1
466	490	8657	3	1	2	-0.26	-1
466	491	7764	3	0	3	-0.78	-1
466	492	6442	3	3	0	0.78	1
466	493	5581	3	0	3	-0.78	-1
466	494	4794	3	1	2	-0.26	-1
466	495	4712	2	0	2	-0.52	-1
466	496	4679	2	2	0	0.52	1
466	497	3639	1	0	1	-0.26	-1
466	498	3267	1	0	1	-0.26	-1
466	499	2657	1	1	0	0.26	1
466	500	2584	1	0	1	-0.26	-1
466	501	2178	1	0	1	-0.26	-1
466	502	1800	1	0	1	-0.26	-1
466	503	1169	1	0	1	-0.26	-1
467	468	13036	10	6	4	0.52	1
467	469	11674	9	6	3	0.78	1
467	470	10402	8	2	6	-1.04	-1
467	471	9481	6	2	4	-0.52	-1
467	472	8183	6	1	5	-1.04	-1
467	473	7134	4	3	1	0.52	1
467	474	6984	3	1	2	-0.26	-1
467	475	6055	3	1	2	-0.26	-1
467	476	5469	3	1	2	-0.26	-1
467	477	5366	3	1	2	-0.26	-1
467	478	4927	2	0	2	-0.52	-1
467	479	4523	2	1	1	0.00	1
467	480	4273	2	2	0	0.52	1
467	481	4049	2	1	1	0.00	1
467	482	3125	1	1	0	0.26	1
467	483	2151	1	1	0	0.26	1
467	484	1990	1	0	1	-0.26	-1
467	485	1311	1	1	0	0.26	1
468	469	11639	9	4	5	-0.26	-1
468	470	10367	8	6	2	1.04	1
468	471	9446	6	4	2	0.52	1
468	472	8148	6	4	2	0.52	1
468	473	7099	4	2	2	0.00	1
468	474	6949	3	0	3	-0.78	-1
468	475	6020	3	2	1	0.26	1
468	476	5434	3	1	2	-0.26	-1
468	477	5331	3	2	1	0.26	1
468	478	4892	2	0	2	-0.52	-1
468	479	4488	2	2	0	0.52	1
468	480	4238	2	2	0	0.52	1
468	481	4014	2	0	2	-0.52	-1
468	482	3090	1	0	1	-0.26	-1
468	483	2116	1	1	0	0.26	1
468	484	1955	1	0	1	-0.26	-1
468	485	1276	1	1	0	0.26	1
469	470	19575	16	2	14	-3.13	-1
469	471	17755	14	8	6	0.52	1
469	472	17356	14	3	11	-2.09	-1
469	473	16307	12	4	8	-1.04	-1
469	474	16157	11	6	5	0.26	1
469	475	15228	11	4	7	-0.78	-1
469	476	14642	11	5	6	-0.26	-1
469	477	14539	11	8	3	1.30	1
469	478	14100	10	6	4	0.52	1
469	479	11185	8	3	5	-0.52	-1
469	480	13446	10	5	5	0.00	1
469	481	13195	10	6	4	0.52	1
469	482	12298	9	1	8	-1.82	-1
469	483	11324	9	4	5	-0.26	-1
469	484	11163	9	1	8	-1.82	-1
469	485	10484	9	8	1	1.82	1
469	486	10254	8	5	3	0.52	1
469	487	9357	8	5	3	0.52	1
469	488	8026	7	4	3	0.26	1
469	489	7660	5	0	5	-1.30	-1
469	490	5447	2	2	0	0.52	1
469	491	4554	2	1	1	0.00	1
469	492	3232	2	1	1	0.00	1
469	493	2371	2	2	0	0.52	1
469	494	1584	2	0	2	-0.52	-1
469	495	1502	1	1	0	0.26	1
469	496	1469	1	0	1	-0.26	-1
470	471	17755	14	8	6	0.52	1
470	472	19176	14	7	7	0.00	1
470	473	18127	12	7	5	0.52	1
470	474	17977	11	7	4	0.78	1
470	475	15395	11	5	6	-0.26	-1
470	476	16462	11	8	3	1.30	1
470	477	16359	11	2	9	-1.82	-1
470	478	15920	10	5	5	0.00	1
470	479	11185	8	4	4	0.00	1
470	480	15266	10	5	5	0.00	1
470	481	13195	10	4	6	-0.52	-1
470	482	14118	9	4	5	-0.26	-1
470	483	13144	9	3	6	-0.78	-1
470	484	12983	9	8	1	1.82	1
470	485	12304	9	4	5	-0.26	-1
470	486	12074	8	5	3	0.52	1
470	487	11177	8	7	1	1.56	1
470	488	9846	7	1	6	-1.30	-1
470	489	9480	5	3	2	0.26	1
470	490	7267	2	2	0	0.52	1
470	491	6374	2	1	1	0.00	1
470	492	5052	2	1	1	0.00	1
470	493	4191	2	1	1	0.00	1
470	494	3404	2	0	2	-0.52	-1
470	495	3322	1	1	0	0.26	1
470	496	3289	1	0	1	-0.26	-1
471	472	16457	14	6	8	-0.52	-1
471	473	15408	12	9	3	1.56	1
471	474	15258	11	6	5	0.26	1
471	475	14329	11	4	7	-0.78	-1
471	476	13743	11	6	5	0.26	1
471	477	13640	11	7	4	0.78	1
471	478	13201	10	8	2	1.56	1
471	479	11185	8	4	4	0.00	1
471	480	12547	10	3	7	-1.04	-1
471	481	12323	10	3	7	-1.04	-1
471	482	11399	9	4	5	-0.26	-1
471	483	10425	9	4	5	-0.26	-1
471	484	10264	9	4	5	-0.26	-1
471	485	9585	9	4	5	-0.26	-1
471	486	9355	8	4	4	0.00	1
471	487	8458	8	5	3	0.52	1
471	488	7127	7	3	4	-0.26	-1
471	489	6761	5	3	2	0.26	1
471	490	4548	2	1	1	0.00	1
471	491	3655	2	0	2	-0.52	-1
471	492	2333	2	1	1	0.00	1
471	493	1472	2	1	1	0.00	1
471	494	685	2	1	1	0.00	1
471	495	603	1	0	1	-0.26	-1
471	496	570	1	0	1	-0.26	-1
472	473	18521	13	4	9	-1.30	-1
472	474	19825	13	6	7	-0.26	-1
472	475	15395	11	7	4	0.78	1
472	476	18310	13	8	5	0.78	1
472	477	18207	13	4	9	-1.30	-1
472	478	17768	12	6	6	0.00	1
472	479	11185	8	3	5	-0.52	-1
472	480	15568	11	7	4	0.78	1
472	481	13195	10	1	9	-2.09	-1
472	482	15966	11	2	9	-1.82	-1
472	483	14992	11	8	3	1.30	1
472	484	14831	11	3	8	-1.30	-1
472	485	13321	10	5	5	0.00	1
472	486	13922	10	3	7	-1.04	-1
472	487	13025	10	5	5	0.00	1
472	488	11694	9	5	4	0.26	1
472	489	11328	7	3	4	-0.26	-1
472	490	9115	4	0	4	-1.04	-1
472	491	8222	4	1	3	-0.52	-1
472	492	6900	4	4	0	1.04	1
472	493	6039	4	2	2	0.00	1
472	494	5252	4	3	1	0.52	1
472	495	5170	3	2	1	0.26	1
472	496	5137	3	1	2	-0.26	-1
472	497	4097	2	2	0	0.52	1
472	498	3725	2	1	1	0.00	1
472	499	3115	2	1	1	0.00	1
472	500	3042	2	0	2	-0.52	-1
472	501	2636	2	1	1	0.00	1
472	502	2258	2	0	2	-0.52	-1
472	503	1627	2	1	1	0.00	1
472	504	1267	1	1	0	0.26	1
472	505	967	1	1	0	0.26	1
472	506	656	1	0	1	-0.26	-1
472	507	608	1	0	1	-0.26	-1
472	508	589	1	1	0	0.26	1
473	474	18371	12	4	8	-1.04	-1
473	475	15395	11	7	4	0.78	1
473	476	16856	12	9	3	1.56	1
473	477	16753	12	5	7	-0.52	-1
473	478	16314	11	7	4	0.78	1
473	479	11185	8	5	3	0.52	1
473	480	15568	11	2	9	-1.82	-1
473	481	13195	10	4	6	-0.52	-1
473	482	14512	10	6	4	0.52	1
473	483	13538	10	5	5	0.00	1
473	484	13377	10	9	1	2.09	1
473	485	12698	10	4	6	-0.52	-1
473	486	12468	9	4	5	-0.26	-1
473	487	11571	9	4	5	-0.26	-1
473	488	10240	8	3	5	-0.52	-1
473	489	9874	6	2	4	-0.52	-1
473	490	7661	3	3	0	0.78	1
473	491	6768	3	1	2	-0.26	-1
473	492	5446	3	1	2	-0.26	-1
473	493	4585	3	1	2	-0.26	-1
473	494	3798	3	2	1	0.26	1
473	495	3716	2	1	1	0.00	1
473	496	3683	2	1	1	0.00	1
473	497	2643	1	0	1	-0.26	-1
473	498	2271	1	1	0	0.26	1
473	499	1661	1	0	1	-0.26	-1
473	500	1588	1	1	0	0.26	1
473	501	1182	1	1	0	0.26	1
473	502	804	1	1	0	0.26	1
473	503	173	1	0	1	-0.26	-1
474	475	15395	11	6	5	0.26	1
474	476	19467	13	3	10	-1.82	-1
474	477	19364	13	9	4	1.30	1
474	478	18925	12	3	9	-1.56	-1
474	479	11185	8	5	3	0.52	1
474	480	15568	11	7	4	0.78	1
474	481	13195	10	9	1	2.09	1
474	482	17123	11	8	3	1.30	1
474	483	16149	11	4	7	-0.78	-1
474	484	15988	11	4	7	-0.78	-1
474	485	13321	10	6	4	0.52	1
474	486	15079	10	1	9	-2.09	-1
474	487	14182	10	5	5	0.00	1
474	488	12851	9	5	4	0.26	1
474	489	12485	7	4	3	0.26	1
474	490	10272	4	0	4	-1.04	-1
474	491	9379	4	3	1	0.52	1
474	492	8057	4	2	2	0.00	1
474	493	7196	4	2	2	0.00	1
474	494	6409	4	1	3	-0.52	-1
474	495	6327	3	2	1	0.26	1
474	496	6294	3	3	0	0.78	1
474	497	5254	2	1	1	0.00	1
474	498	4882	2	2	0	0.52	1
474	499	4272	2	0	2	-0.52	-1
474	500	4199	2	1	1	0.00	1
474	501	3793	2	1	1	0.00	1
474	502	3415	2	1	1	0.00	1
474	503	2784	2	1	1	0.00	1
474	504	2424	1	0	1	-0.26	-1
474	505	2124	1	1	0	0.26	1
474	506	1813	1	1	0	0.26	1
474	507	1765	1	0	1	-0.26	-1
474	508	1746	1	1	0	0.26	1
475	476	14809	11	5	6	-0.26	-1
475	477	14706	11	5	6	-0.26	-1
475	478	14267	10	5	5	0.00	1
475	479	11185	8	5	3	0.52	1
475	480	13613	10	8	2	1.56	1
475	481	13195	10	4	6	-0.52	-1
475	482	12465	9	4	5	-0.26	-1
475	483	11491	9	5	4	0.26	1
475	484	11330	9	5	4	0.26	1
475	485	10651	9	3	6	-0.78	-1
475	486	10421	8	2	6	-1.04	-1
475	487	9524	8	4	4	0.00	1
475	488	8193	7	2	5	-0.78	-1
475	489	7827	5	3	2	0.26	1
475	490	5614	2	1	1	0.00	1
475	491	4721	2	1	1	0.00	1
475	492	3399	2	1	1	0.00	1
475	493	2538	2	1	1	0.00	1
475	494	1751	2	1	1	0.00	1
475	495	1669	1	1	0	0.26	1
475	496	1636	1	1	0	0.26	1
476	477	22065	15	8	7	0.26	1
476	478	19280	12	10	2	2.09	1
476	479	11185	8	3	5	-0.52	-1
476	480	15568	11	5	6	-0.26	-1
476	481	13195	10	5	5	0.00	1
476	482	17488	11	4	7	-0.78	-1
476	483	18207	13	9	4	1.30	1
476	484	16294	11	5	6	-0.26	-1
476	485	13321	10	4	6	-0.52	-1
476	486	15493	10	6	4	0.52	1
476	487	17521	13	7	6	0.26	1
476	488	16190	12	3	9	-1.56	-1
476	489	15824	10	5	5	0.00	1
476	490	13611	7	4	3	0.26	1
476	491	12718	7	2	5	-0.78	-1
476	492	11396	7	4	3	0.26	1
476	493	10535	7	2	5	-0.78	-1
476	494	9748	7	3	4	-0.26	-1
476	495	9666	6	5	1	1.04	1
476	496	9633	6	2	4	-0.52	-1
476	497	8593	5	3	2	0.26	1
476	498	8221	5	3	2	0.26	1
476	499	7611	5	3	2	0.26	1
476	500	7538	5	2	3	-0.26	-1
476	501	7132	5	3	2	0.26	1
476	502	6754	5	3	2	0.26	1
476	503	6123	5	3	2	0.26	1
476	504	5763	4	0	4	-1.04	-1
476	505	5463	4	3	1	0.52	1
476	506	5152	4	1	3	-0.52	-1
476	507	5104	4	3	1	0.52	1
476	508	5085	4	3	1	0.52	1
476	509	4005	3	1	2	-0.26	-1
476	510	3664	3	0	3	-0.78	-1
476	511	3637	3	1	2	-0.26	-1
476	512	3243	3	2	1	0.26	1
476	513	3157	3	2	1	0.26	1
476	514	3002	3	2	1	0.26	1
476	515	2459	2	1	1	0.00	1
476	516	2216	2	1	1	0.00	1
476	517	2092	2	2	0	0.52	1
476	518	2091	2	2	0	0.52	1
476	519	794	1	0	1	-0.26	-1
477	478	19280	12	5	7	-0.52	-1
477	479	11185	8	5	3	0.52	1
477	480	15568	11	7	4	0.78	1
477	481	13195	10	6	4	0.52	1
477	482	17488	11	7	4	0.78	1
477	483	18207	13	6	7	-0.26	-1
477	484	16294	11	8	3	1.30	1
477	485	13321	10	6	4	0.52	1
477	486	15493	10	5	5	0.00	1
477	487	16883	12	5	7	-0.52	-1
477	488	15552	11	6	5	0.26	1
477	489	15186	9	2	7	-1.30	-1
477	490	12973	6	2	4	-0.52	-1
477	491	12080	6	3	3	0.00	1
477	492	10758	6	3	3	0.00	1
477	493	9897	6	3	3	0.00	1
477	494	9110	6	2	4	-0.52	-1
477	495	9028	5	3	2	0.26	1
477	496	8995	5	2	3	-0.26	-1
477	497	7955	4	2	2	0.00	1
477	498	7583	4	2	2	0.00	1
477	499	6973	4	3	1	0.52	1
477	500	6900	4	2	2	0.00	1
477	501	6494	4	3	1	0.52	1
477	502	6116	4	0	4	-1.04	-1
477	503	5485	4	1	3	-0.52	-1
477	504	5125	3	2	1	0.26	1
477	505	4825	3	0	3	-0.78	-1
477	506	4514	3	2	1	0.26	1
477	507	4466	3	3	0	0.78	1
477	508	4447	3	2	1	0.26	1
477	509	3367	2	1	1	0.00	1
477	510	3026	2	1	1	0.00	1
477	511	2999	2	0	2	-0.52	-1
477	512	2605	2	0	2	-0.52	-1
477	513	2519	2	1	1	0.00	1
477	514	2364	2	2	0	0.52	1
477	515	1821	1	1	0	0.26	1
477	516	1578	1	0	1	-0.26	-1
477	517	1454	1	0	1	-0.26	-1
477	518	1453	1	1	0	0.26	1
478	479	11185	8	0	8	-2.09	-1
478	480	15568	11	3	8	-1.30	-1
478	481	13195	10	5	5	0.00	1
478	482	17478	11	3	8	-1.30	-1
478	483	16504	11	6	5	0.26	1
478	484	16294	11	7	4	0.78	1
478	485	13321	10	4	6	-0.52	-1
478	486	15434	10	5	5	0.00	1
478	487	14537	10	5	5	0.00	1
478	488	13206	9	4	5	-0.26	-1
478	489	12840	7	5	2	0.78	1
478	490	10627	4	2	2	0.00	1
478	491	9734	4	4	0	1.04	1
478	492	8412	4	2	2	0.00	1
478	493	7551	4	2	2	0.00	1
478	494	6764	4	2	2	0.00	1
478	495	6682	3	2	1	0.26	1
478	496	6649	3	2	1	0.26	1
478	497	5609	2	2	0	0.52	1
478	498	5237	2	1	1	0.00	1
478	499	4627	2	1	1	0.00	1
478	500	4554	2	1	1	0.00	1
478	501	4148	2	1	1	0.00	1
478	502	3770	2	0	2	-0.52	-1
478	503	3139	2	1	1	0.00	1
478	504	2779	1	1	0	0.26	1
478	505	2479	1	1	0	0.26	1
478	506	2168	1	0	1	-0.26	-1
478	507	2120	1	0	1	-0.26	-1
478	508	2101	1	1	0	0.26	1
479	480	10935	8	6	2	1.04	1
479	481	10711	8	3	5	-0.52	-1
479	482	9787	7	4	3	0.26	1
479	483	8813	7	2	5	-0.78	-1
479	484	8652	7	5	2	0.78	1
479	485	7973	7	6	1	1.30	1
479	486	7743	6	2	4	-0.52	-1
479	487	6846	6	3	3	0.00	1
479	488	5515	5	1	4	-0.78	-1
479	489	5149	3	2	1	0.26	1
480	481	13195	10	4	6	-0.52	-1
480	482	14420	10	6	4	0.52	1
480	483	13446	10	1	9	-2.09	-1
480	484	13285	10	6	4	0.52	1
480	485	12606	10	7	3	1.04	1
480	486	12376	9	5	4	0.26	1
480	487	11479	9	2	7	-1.30	-1
480	488	10148	8	6	2	1.04	1
480	489	9782	6	3	3	0.00	1
480	490	7569	3	0	3	-0.78	-1
480	491	6676	3	1	2	-0.26	-1
480	492	5354	3	1	2	-0.26	-1
480	493	4493	3	2	1	0.26	1
480	494	3706	3	0	3	-0.78	-1
480	495	3624	2	0	2	-0.52	-1
480	496	3591	2	1	1	0.00	1
480	497	2551	1	0	1	-0.26	-1
480	498	2179	1	1	0	0.26	1
480	499	1569	1	0	1	-0.26	-1
480	500	1496	1	0	1	-0.26	-1
480	501	1090	1	1	0	0.26	1
480	502	712	1	1	0	0.26	1
480	503	81	1	0	1	-0.26	-1
481	482	12271	9	3	6	-0.78	-1
481	483	11297	9	3	6	-0.78	-1
481	484	11136	9	3	6	-0.78	-1
481	485	10457	9	6	3	0.78	1
481	486	10227	8	5	3	0.52	1
481	487	9330	8	3	5	-0.52	-1
481	488	7999	7	6	1	1.30	1
481	489	7633	5	1	4	-0.78	-1
481	490	5420	2	1	1	0.00	1
481	491	4527	2	2	0	0.52	1
481	492	3205	2	2	0	0.52	1
481	493	2344	2	0	2	-0.52	-1
481	494	1557	2	0	2	-0.52	-1
481	495	1475	1	0	1	-0.26	-1
481	496	1442	1	1	0	0.26	1
482	483	16514	11	3	8	-1.30	-1
482	484	16294	11	2	9	-1.82	-1
482	485	13321	10	5	5	0.00	1
482	486	15444	10	4	6	-0.52	-1
482	487	14547	10	5	5	0.00	1
482	488	13216	9	6	3	0.78	1
482	489	12850	7	2	5	-0.78	-1
482	490	10637	4	3	1	0.52	1
482	491	9744	4	3	1	0.52	1
482	492	8422	4	2	2	0.00	1
482	493	7561	4	1	3	-0.52	-1
482	494	6774	4	3	1	0.52	1
482	495	6692	3	0	3	-0.78	-1
482	496	6659	3	2	1	0.26	1
482	497	5619	2	0	2	-0.52	-1
482	498	5247	2	1	1	0.00	1
482	499	4637	2	1	1	0.00	1
482	500	4564	2	0	2	-0.52	-1
482	501	4158	2	0	2	-0.52	-1
482	502	3780	2	1	1	0.00	1
482	503	3149	2	1	1	0.00	1
482	504	2789	1	0	1	-0.26	-1
482	505	2489	1	1	0	0.26	1
482	506	2178	1	1	0	0.26	1
482	507	2130	1	1	0	0.26	1
482	508	2111	1	1	0	0.26	1
483	484	16294	11	4	7	-0.78	-1
483	485	13321	10	7	3	1.04	1
483	486	15493	10	4	6	-0.52	-1
483	487	16240	12	8	4	1.04	1
483	488	14909	11	5	6	-0.26	-1
483	489	14543	9	5	4	0.26	1
483	490	12330	6	3	3	0.00	1
483	491	11437	6	5	1	1.04	1
483	492	10115	6	4	2	0.52	1
483	493	9254	6	1	5	-1.04	-1
483	494	8467	6	1	5	-1.04	-1
483	495	8385	5	3	2	0.26	1
483	496	8352	5	1	4	-0.78	-1
483	497	7312	4	3	1	0.52	1
483	498	6940	4	3	1	0.52	1
483	499	6330	4	2	2	0.00	1
483	500	6257	4	2	2	0.00	1
483	501	5851	4	3	1	0.52	1
483	502	5473	4	1	3	-0.52	-1
483	503	4842	4	0	4	-1.04	-1
483	504	4482	3	2	1	0.26	1
483	505	4182	3	2	1	0.26	1
483	506	3871	3	2	1	0.26	1
483	507	3823	3	2	1	0.26	1
483	508	3804	3	1	2	-0.26	-1
483	509	2724	2	1	1	0.00	1
483	510	2383	2	1	1	0.00	1
483	511	2356	2	1	1	0.00	1
483	512	1962	2	1	1	0.00	1
483	513	1876	2	0	2	-0.52	-1
483	514	1721	2	2	0	0.52	1
483	515	1178	1	1	0	0.26	1
483	516	935	1	1	0	0.26	1
483	517	811	1	1	0	0.26	1
483	518	810	1	1	0	0.26	1
484	485	13321	10	4	6	-0.52	-1
484	486	15385	10	3	7	-1.04	-1
484	487	14488	10	4	6	-0.52	-1
484	488	13157	9	3	6	-0.78	-1
484	489	12791	7	5	2	0.78	1
484	490	10578	4	1	3	-0.52	-1
484	491	9685	4	3	1	0.52	1
484	492	8363	4	1	3	-0.52	-1
484	493	7502	4	3	1	0.52	1
484	494	6715	4	1	3	-0.52	-1
484	495	6633	3	2	1	0.26	1
484	496	6600	3	1	2	-0.26	-1
484	497	5560	2	0	2	-0.52	-1
484	498	5188	2	1	1	0.00	1
484	499	4578	2	0	2	-0.52	-1
484	500	4505	2	1	1	0.00	1
484	501	4099	2	2	0	0.52	1
484	502	3721	2	1	1	0.00	1
484	503	3090	2	1	1	0.00	1
484	504	2730	1	0	1	-0.26	-1
484	505	2430	1	1	0	0.26	1
484	506	2119	1	1	0	0.26	1
484	507	2071	1	1	0	0.26	1
484	508	2052	1	1	0	0.26	1
485	486	13091	9	5	4	0.26	1
485	487	12194	9	6	3	0.78	1
485	488	10863	8	4	4	0.00	1
485	489	10497	6	1	5	-1.04	-1
485	490	8284	3	1	2	-0.26	-1
485	491	7391	3	1	2	-0.26	-1
485	492	6069	3	2	1	0.26	1
485	493	5208	3	1	2	-0.26	-1
485	494	4421	3	1	2	-0.26	-1
485	495	4339	2	0	2	-0.52	-1
485	496	4306	2	1	1	0.00	1
485	497	3266	1	0	1	-0.26	-1
485	498	2894	1	0	1	-0.26	-1
485	499	2284	1	0	1	-0.26	-1
485	500	2211	1	0	1	-0.26	-1
485	501	1805	1	1	0	0.26	1
485	502	1427	1	0	1	-0.26	-1
485	503	796	1	1	0	0.26	1
486	487	14596	10	10	0	2.61	1
486	488	13265	9	4	5	-0.26	-1
486	489	12899	7	4	3	0.26	1
486	490	10686	4	2	2	0.00	1
486	491	9793	4	2	2	0.00	1
486	492	8471	4	2	2	0.00	1
486	493	7610	4	2	2	0.00	1
486	494	6823	4	3	1	0.52	1
486	495	6741	3	0	3	-0.78	-1
486	496	6708	3	2	1	0.26	1
486	497	5668	2	1	1	0.00	1
486	498	5296	2	1	1	0.00	1
486	499	4686	2	2	0	0.52	1
486	500	4613	2	1	1	0.00	1
486	501	4207	2	2	0	0.52	1
486	502	3829	2	2	0	0.52	1
486	503	3198	2	2	0	0.52	1
486	504	2838	1	1	0	0.26	1
486	505	2538	1	0	1	-0.26	-1
486	506	2227	1	1	0	0.26	1
486	507	2179	1	0	1	-0.26	-1
486	508	2160	1	0	1	-0.26	-1
487	488	18244	14	7	7	0.00	1
487	489	16413	11	6	5	0.26	1
487	490	15665	9	4	5	-0.26	-1
487	491	14772	9	5	4	0.26	1
487	492	13450	9	3	6	-0.78	-1
487	493	12589	9	4	5	-0.26	-1
487	494	11802	9	5	4	0.26	1
487	495	11720	8	6	2	1.04	1
487	496	11687	8	3	5	-0.52	-1
487	497	10647	7	3	4	-0.26	-1
487	498	10275	7	4	3	0.26	1
487	499	9665	7	4	3	0.26	1
487	500	9592	7	4	3	0.26	1
487	501	9186	7	4	3	0.26	1
487	502	8808	7	3	4	-0.26	-1
487	503	8177	7	2	5	-0.78	-1
487	504	7817	6	4	2	0.52	1
487	505	7517	6	3	3	0.00	1
487	506	7206	6	5	1	1.04	1
487	507	7158	6	4	2	0.52	1
487	508	7139	6	2	4	-0.52	-1
487	509	6059	5	3	2	0.26	1
487	510	5718	5	4	1	0.78	1
487	511	5691	5	2	3	-0.26	-1
487	512	5297	5	3	2	0.26	1
487	513	5211	5	3	2	0.26	1
487	514	5056	5	4	1	0.78	1
487	515	4513	4	3	1	0.52	1
487	516	4270	4	2	2	0.00	1
487	517	4146	4	3	1	0.52	1
487	518	4145	4	3	1	0.52	1
487	519	2848	3	1	2	-0.26	-1
487	520	2246	2	1	1	0.00	1
487	521	1928	2	0	2	-0.52	-1
488	489	16413	11	4	7	-0.78	-1
488	490	24870	15	6	9	-0.78	-1
488	491	17709	14	6	8	-0.52	-1
488	492	22655	15	2	13	-2.87	-1
488	493	19416	15	6	9	-0.78	-1
488	494	17905	14	9	5	1.04	1
488	495	17051	13	8	5	0.78	1
488	496	14304	13	6	7	-0.26	-1
488	497	19852	13	4	9	-1.30	-1
488	498	16442	13	6	7	-0.26	-1
488	499	14395	12	5	7	-0.52	-1
488	500	17307	13	7	6	0.26	1
488	501	18391	13	3	10	-1.82	-1
488	502	13747	12	8	4	1.04	1
488	503	15617	13	7	6	0.26	1
488	504	11745	11	5	6	-0.26	-1
488	505	16722	12	5	7	-0.52	-1
488	506	16411	12	8	4	1.04	1
488	507	15623	12	9	3	1.56	1
488	508	16344	12	5	7	-0.52	-1
488	509	15264	11	1	10	-2.35	-1
488	510	14923	11	8	3	1.30	1
488	511	14896	11	6	5	0.26	1
488	512	13483	11	4	7	-0.78	-1
488	513	14416	11	5	6	-0.26	-1
488	514	14261	11	5	6	-0.26	-1
488	515	13718	10	5	5	0.00	1
488	516	11162	10	7	3	1.04	1
488	517	13351	10	3	7	-1.04	-1
488	518	13350	10	6	4	0.52	1
488	519	12053	9	6	3	0.78	1
488	520	11451	8	3	5	-0.52	-1
488	521	11133	8	6	2	1.04	1
488	522	10346	6	3	3	0.00	1
488	523	9378	6	4	2	0.52	1
488	524	8683	5	0	5	-1.30	-1
488	525	8523	5	1	4	-0.78	-1
488	526	7877	3	1	2	-0.26	-1
488	527	7654	3	1	2	-0.26	-1
488	528	7291	3	0	3	-0.78	-1
488	529	6773	1	1	0	0.26	1
488	530	6677	1	0	1	-0.26	-1
488	531	6540	1	0	1	-0.26	-1
488	532	6436	1	0	1	-0.26	-1
488	533	5387	1	1	0	0.26	1
488	534	4945	1	0	1	-0.26	-1
488	535	4696	1	0	1	-0.26	-1
488	536	4487	1	1	0	0.26	1
488	537	4392	1	0	1	-0.26	-1
488	538	4055	1	1	0	0.26	1
489	490	14200	8	5	3	0.52	1
489	491	13307	8	4	4	0.00	1
489	492	11985	8	3	5	-0.52	-1
489	493	11124	8	5	3	0.52	1
489	494	10337	8	3	5	-0.52	-1
489	495	10255	7	5	2	0.78	1
489	496	10222	7	3	4	-0.26	-1
489	497	9182	6	3	3	0.00	1
489	498	8810	6	3	3	0.00	1
489	499	8200	6	4	2	0.52	1
489	500	8127	6	5	1	1.04	1
489	501	7721	6	4	2	0.52	1
489	502	7343	6	3	3	0.00	1
489	503	6712	6	3	3	0.00	1
489	504	6352	5	2	3	-0.26	-1
489	505	6052	5	4	1	0.78	1
489	506	5741	5	1	4	-0.78	-1
489	507	5693	5	2	3	-0.26	-1
489	508	5674	5	4	1	0.78	1
489	509	4594	4	3	1	0.52	1
489	510	4253	4	1	3	-0.52	-1
489	511	4226	4	4	0	1.04	1
489	512	3832	4	2	2	0.00	1
489	513	3746	4	3	1	0.52	1
489	514	3591	4	2	2	0.00	1
489	515	3048	3	0	3	-0.78	-1
489	516	2805	3	2	1	0.26	1
489	517	2681	3	1	2	-0.26	-1
489	518	2680	3	0	3	-0.78	-1
489	519	1383	2	1	1	0.00	1
489	520	781	1	0	1	-0.26	-1
489	521	463	1	1	0	0.26	1
490	491	17709	14	8	6	0.52	1
490	492	24908	16	9	7	0.52	1
490	493	19416	15	10	5	1.30	1
490	494	17905	14	10	4	1.56	1
490	495	17051	13	6	7	-0.26	-1
490	496	14304	13	6	7	-0.26	-1
490	497	24679	15	7	8	-0.26	-1
490	498	16442	13	5	8	-0.78	-1
490	499	14395	12	6	6	0.00	1
490	500	17307	13	7	6	0.26	1
490	501	25632	17	11	6	1.30	1
490	502	13747	12	7	5	0.52	1
490	503	15617	13	9	4	1.30	1
490	504	11745	11	10	1	2.35	1
490	505	17401	12	6	6	0.00	1
490	506	18537	13	5	8	-0.78	-1
490	507	15623	12	11	1	2.61	1
490	508	16942	12	4	8	-1.04	-1
490	509	20881	15	5	10	-1.30	-1
490	510	18552	12	6	6	0.00	1
490	511	16527	12	4	8	-1.04	-1
490	512	13483	11	5	6	-0.26	-1
490	513	18291	12	6	6	0.00	1
490	514	16554	12	7	5	0.52	1
490	515	14989	11	7	4	0.78	1
490	516	11162	10	3	7	-1.04	-1
490	517	17888	12	7	5	0.52	1
490	518	20591	14	7	7	0.00	1
490	519	15018	10	7	3	1.04	1
490	520	18692	12	7	5	0.52	1
490	521	12540	9	5	4	0.26	1
490	522	15566	10	2	8	-1.56	-1
490	523	16619	10	5	5	0.00	1
490	524	15924	9	4	5	-0.26	-1
490	525	15764	9	4	5	-0.26	-1
490	526	12217	5	4	1	0.78	1
490	527	14895	7	0	7	-1.82	-1
490	528	11706	5	3	2	0.26	1
490	529	13560	5	2	3	-0.26	-1
490	530	13918	5	2	3	-0.26	-1
490	531	13781	5	2	3	-0.26	-1
490	532	13677	5	2	3	-0.26	-1
490	533	12628	5	1	4	-0.78	-1
490	534	12186	5	3	2	0.26	1
490	535	11937	5	2	3	-0.26	-1
490	536	11728	5	2	3	-0.26	-1
490	537	11633	5	4	1	0.78	1
490	538	11296	5	0	5	-1.30	-1
490	539	10187	4	3	1	0.52	1
490	540	8611	4	2	2	0.00	1
490	541	8364	4	1	3	-0.52	-1
490	542	7752	4	1	3	-0.52	-1
490	543	7632	4	1	3	-0.52	-1
490	544	6250	4	1	3	-0.52	-1
490	545	5830	3	0	3	-0.78	-1
490	546	5594	3	1	2	-0.26	-1
490	547	3127	3	0	3	-0.78	-1
490	548	2561	2	2	0	0.52	1
491	492	16387	14	8	6	0.52	1
491	493	15526	14	8	6	0.52	1
491	494	14739	14	4	10	-1.56	-1
491	495	14657	13	9	4	1.30	1
491	496	14304	13	4	9	-1.30	-1
491	497	13584	12	8	4	1.04	1
491	498	13212	12	3	9	-1.56	-1
491	499	12602	12	8	4	1.04	1
491	500	12529	12	7	5	0.52	1
491	501	12123	12	6	6	0.00	1
491	502	11745	12	5	7	-0.52	-1
491	503	11114	12	7	5	0.52	1
491	504	10754	11	5	6	-0.26	-1
491	505	10454	11	3	8	-1.30	-1
491	506	10143	11	2	9	-1.82	-1
491	507	10095	11	3	8	-1.30	-1
491	508	10076	11	8	3	1.30	1
491	509	8996	10	3	7	-1.04	-1
491	510	8655	10	4	6	-0.52	-1
491	511	8628	10	3	7	-1.04	-1
491	512	8234	10	5	5	0.00	1
491	513	8148	10	8	2	1.56	1
491	514	7993	10	8	2	1.56	1
491	515	7450	9	6	3	0.78	1
491	516	7207	9	4	5	-0.26	-1
491	517	7083	9	5	4	0.26	1
491	518	7082	9	5	4	0.26	1
491	519	5785	8	2	6	-1.04	-1
491	520	5183	7	5	2	0.78	1
491	521	4865	7	3	4	-0.26	-1
491	522	4078	5	2	3	-0.26	-1
491	523	3110	5	3	2	0.26	1
491	524	2415	4	3	1	0.52	1
491	525	2255	4	3	1	0.52	1
491	526	1609	2	1	1	0.00	1
491	527	1386	2	2	0	0.52	1
491	528	1023	2	1	1	0.00	1
492	493	19416	15	9	6	0.78	1
492	494	17905	14	9	5	1.04	1
492	495	17051	13	6	7	-0.26	-1
492	496	14304	13	3	10	-1.82	-1
492	497	22105	14	6	8	-0.52	-1
492	498	16442	13	4	9	-1.30	-1
492	499	14395	12	9	3	1.56	1
492	500	17307	13	8	5	0.78	1
492	501	20644	14	5	9	-1.04	-1
492	502	13747	12	7	5	0.52	1
492	503	15617	13	9	4	1.30	1
492	504	11745	11	6	5	0.26	1
492	505	17401	12	5	7	-0.52	-1
492	506	18537	13	6	7	-0.26	-1
492	507	15623	12	8	4	1.04	1
492	508	16942	12	4	8	-1.04	-1
492	509	17517	12	6	6	0.00	1
492	510	17176	12	8	4	1.04	1
492	511	16527	12	3	9	-1.56	-1
492	512	13483	11	5	6	-0.26	-1
492	513	16669	12	8	4	1.04	1
492	514	16514	12	8	4	1.04	1
492	515	14989	11	4	7	-0.78	-1
492	516	11162	10	4	6	-0.52	-1
492	517	15604	11	7	4	0.78	1
492	518	15603	11	4	7	-0.78	-1
492	519	14306	10	2	8	-1.56	-1
492	520	13704	9	6	3	0.78	1
492	521	12540	9	6	3	0.78	1
492	522	12599	7	5	2	0.78	1
492	523	11631	7	3	4	-0.26	-1
492	524	10936	6	2	4	-0.52	-1
492	525	10776	6	4	2	0.52	1
492	526	10130	4	3	1	0.52	1
492	527	9907	4	1	3	-0.52	-1
492	528	9544	4	4	0	1.04	1
492	529	9026	2	1	1	0.00	1
492	530	8930	2	1	1	0.00	1
492	531	8793	2	1	1	0.00	1
492	532	8689	2	1	1	0.00	1
492	533	7640	2	2	0	0.52	1
492	534	7198	2	0	2	-0.52	-1
492	535	6949	2	2	0	0.52	1
492	536	6740	2	2	0	0.52	1
492	537	6645	2	1	1	0.00	1
492	538	6308	2	0	2	-0.52	-1
492	539	5199	1	1	0	0.26	1
492	540	3623	1	1	0	0.26	1
492	541	3376	1	1	0	0.26	1
492	542	2764	1	0	1	-0.26	-1
492	543	2644	1	0	1	-0.26	-1
492	544	1262	1	0	1	-0.26	-1
493	494	17905	14	7	7	0.00	1
493	495	17051	13	7	6	0.26	1
493	496	14304	13	4	9	-1.30	-1
493	497	17474	13	6	7	-0.26	-1
493	498	16442	13	3	10	-1.82	-1
493	499	14395	12	8	4	1.04	1
493	500	16419	13	10	3	1.82	1
493	501	16013	13	2	11	-2.35	-1
493	502	13747	12	8	4	1.04	1
493	503	15004	13	7	6	0.26	1
493	504	11745	11	5	6	-0.26	-1
493	505	14344	12	4	8	-1.04	-1
493	506	14033	12	5	7	-0.52	-1
493	507	13985	12	6	6	0.00	1
493	508	13966	12	8	4	1.04	1
493	509	12886	11	5	6	-0.26	-1
493	510	12545	11	6	5	0.26	1
493	511	12518	11	2	9	-1.82	-1
493	512	12124	11	9	2	1.82	1
493	513	12038	11	7	4	0.78	1
493	514	11883	11	8	3	1.30	1
493	515	11340	10	7	3	1.04	1
493	516	11097	10	6	4	0.52	1
493	517	10973	10	7	3	1.04	1
493	518	10972	10	8	2	1.56	1
493	519	9675	9	5	4	0.26	1
493	520	9073	8	3	5	-0.52	-1
493	521	8755	8	5	3	0.52	1
493	522	7968	6	4	2	0.52	1
493	523	7000	6	3	3	0.00	1
493	524	6305	5	2	3	-0.26	-1
493	525	6145	5	4	1	0.78	1
493	526	5499	3	2	1	0.26	1
493	527	5276	3	1	2	-0.26	-1
493	528	4913	3	1	2	-0.26	-1
493	529	4395	1	0	1	-0.26	-1
493	530	4299	1	1	0	0.26	1
493	531	4162	1	1	0	0.26	1
493	532	4058	1	1	0	0.26	1
493	533	3009	1	1	0	0.26	1
493	534	2567	1	1	0	0.26	1
493	535	2318	1	0	1	-0.26	-1
493	536	2109	1	1	0	0.26	1
493	537	2014	1	1	0	0.26	1
493	538	1677	1	0	1	-0.26	-1
494	495	17051	13	10	3	1.82	1
494	496	14304	13	6	7	-0.26	-1
494	497	16750	12	3	9	-1.56	-1
494	498	16378	12	5	7	-0.52	-1
494	499	14395	12	8	4	1.04	1
494	500	15695	12	4	8	-1.04	-1
494	501	15289	12	4	8	-1.04	-1
494	502	13747	12	7	5	0.52	1
494	503	14280	12	5	7	-0.52	-1
494	504	11745	11	8	3	1.30	1
494	505	13620	11	3	8	-1.30	-1
494	506	13309	11	7	4	0.78	1
494	507	13261	11	7	4	0.78	1
494	508	13242	11	7	4	0.78	1
494	509	12162	10	3	7	-1.04	-1
494	510	11821	10	5	5	0.00	1
494	511	11794	10	6	4	0.52	1
494	512	11400	10	3	7	-1.04	-1
494	513	11314	10	3	7	-1.04	-1
494	514	11159	10	3	7	-1.04	-1
494	515	10616	9	3	6	-0.78	-1
494	516	10373	9	6	3	0.78	1
494	517	10249	9	4	5	-0.26	-1
494	518	10248	9	6	3	0.78	1
494	519	8951	8	4	4	0.00	1
494	520	8349	7	4	3	0.26	1
494	521	8031	7	3	4	-0.26	-1
494	522	7244	5	2	3	-0.26	-1
494	523	6276	5	3	2	0.26	1
494	524	5581	4	1	3	-0.52	-1
494	525	5421	4	2	2	0.00	1
494	526	4775	2	1	1	0.00	1
494	527	4552	2	1	1	0.00	1
494	528	4189	2	1	1	0.00	1
495	496	14304	13	5	8	-0.78	-1
495	497	15978	12	6	6	0.00	1
495	498	15606	12	3	9	-1.56	-1
495	499	14395	12	7	5	0.52	1
495	500	14923	12	8	4	1.04	1
495	501	14517	12	6	6	0.00	1
495	502	13747	12	3	9	-1.56	-1
495	503	13508	12	7	5	0.52	1
495	504	11745	11	3	8	-1.30	-1
495	505	12848	11	4	7	-0.78	-1
495	506	12537	11	6	5	0.26	1
495	507	12489	11	9	2	1.82	1
495	508	12470	11	4	7	-0.78	-1
495	509	11390	10	5	5	0.00	1
495	510	11049	10	7	3	1.04	1
495	511	11022	10	4	6	-0.52	-1
495	512	10628	10	5	5	0.00	1
495	513	10542	10	6	4	0.52	1
495	514	10387	10	4	6	-0.52	-1
495	515	9844	9	5	4	0.26	1
495	516	9601	9	3	6	-0.78	-1
495	517	9477	9	6	3	0.78	1
495	518	9476	9	3	6	-0.78	-1
495	519	8179	8	4	4	0.00	1
495	520	7577	7	3	4	-0.26	-1
495	521	7259	7	3	4	-0.26	-1
495	522	6472	5	1	4	-0.78	-1
495	523	5504	5	2	3	-0.26	-1
495	524	4809	4	1	3	-0.52	-1
495	525	4649	4	3	1	0.52	1
495	526	4003	2	1	1	0.00	1
495	527	3780	2	0	2	-0.52	-1
495	528	3417	2	2	0	0.52	1
496	497	13264	12	4	8	-1.04	-1
496	498	12892	12	5	7	-0.52	-1
496	499	12282	12	2	10	-2.09	-1
496	500	12209	12	3	9	-1.56	-1
496	501	11803	12	5	7	-0.52	-1
496	502	11425	12	6	6	0.00	1
496	503	10794	12	5	7	-0.52	-1
496	504	10434	11	5	6	-0.26	-1
496	505	10134	11	5	6	-0.26	-1
496	506	9823	11	4	7	-0.78	-1
496	507	9775	11	5	6	-0.26	-1
496	508	9756	11	8	3	1.30	1
496	509	8676	10	6	4	0.52	1
496	510	8335	10	3	7	-1.04	-1
496	511	8308	10	6	4	0.52	1
496	512	7914	10	4	6	-0.52	-1
496	513	7828	10	5	5	0.00	1
496	514	7673	10	4	6	-0.52	-1
496	515	7130	9	4	5	-0.26	-1
496	516	6887	9	7	2	1.30	1
496	517	6763	9	4	5	-0.26	-1
496	518	6762	9	4	5	-0.26	-1
496	519	5465	8	5	3	0.52	1
496	520	4863	7	6	1	1.30	1
496	521	4545	7	3	4	-0.26	-1
496	522	3758	5	0	5	-1.30	-1
496	523	2790	5	0	5	-1.30	-1
496	524	2095	4	3	1	0.52	1
496	525	1935	4	3	1	0.52	1
496	526	1289	2	1	1	0.00	1
496	527	1066	2	2	0	0.52	1
496	528	703	2	2	0	0.52	1
497	498	16442	13	5	8	-0.78	-1
497	499	14395	12	7	5	0.52	1
497	500	17307	13	7	6	0.26	1
497	501	23218	15	9	6	0.78	1
497	502	13747	12	7	5	0.52	1
497	503	15617	13	9	4	1.30	1
497	504	11745	11	7	4	0.78	1
497	505	17401	12	6	6	0.00	1
497	506	18537	13	6	7	-0.26	-1
497	507	15623	12	6	6	0.00	1
497	508	16942	12	5	7	-0.52	-1
497	509	20091	13	5	8	-0.78	-1
497	510	18552	12	5	7	-0.52	-1
497	511	16527	12	5	7	-0.52	-1
497	512	13483	11	6	5	0.26	1
497	513	18291	12	10	2	2.09	1
497	514	16554	12	8	4	1.04	1
497	515	14989	11	3	8	-1.30	-1
497	516	11162	10	5	5	0.00	1
497	517	17888	12	4	8	-1.04	-1
497	518	18177	12	3	9	-1.56	-1
497	519	15018	10	7	3	1.04	1
497	520	16278	10	6	4	0.52	1
497	521	12540	9	3	6	-0.78	-1
497	522	15173	8	2	6	-1.04	-1
497	523	14205	8	4	4	0.00	1
497	524	13510	7	4	3	0.26	1
497	525	13350	7	6	1	1.30	1
497	526	12217	5	2	3	-0.26	-1
497	527	12481	5	4	1	0.78	1
497	528	11706	5	4	1	0.78	1
497	529	11600	3	3	0	0.78	1
497	530	11504	3	2	1	0.26	1
497	531	11367	3	1	2	-0.26	-1
497	532	11263	3	1	2	-0.26	-1
497	533	10214	3	1	2	-0.26	-1
497	534	9772	3	1	2	-0.26	-1
497	535	9523	3	1	2	-0.26	-1
497	536	9314	3	0	3	-0.78	-1
497	537	9219	3	1	2	-0.26	-1
497	538	8882	3	2	1	0.26	1
497	539	7773	2	0	2	-0.52	-1
497	540	6197	2	2	0	0.52	1
497	541	5950	2	1	1	0.00	1
497	542	5338	2	1	1	0.00	1
497	543	5218	2	2	0	0.52	1
497	544	3836	2	0	2	-0.52	-1
497	545	3416	1	0	1	-0.26	-1
497	546	3180	1	0	1	-0.26	-1
497	547	713	1	0	1	-0.26	-1
498	499	14395	12	6	6	0.00	1
498	500	15759	13	4	9	-1.30	-1
498	501	15353	13	7	6	0.26	1
498	502	13747	12	5	7	-0.52	-1
498	503	14344	13	6	7	-0.26	-1
498	504	11745	11	4	7	-0.78	-1
498	505	13684	12	5	7	-0.52	-1
498	506	13373	12	6	6	0.00	1
498	507	13325	12	7	5	0.52	1
498	508	13306	12	6	6	0.00	1
498	509	12226	11	4	7	-0.78	-1
498	510	11885	11	9	2	1.82	1
498	511	11858	11	7	4	0.78	1
498	512	11464	11	7	4	0.78	1
498	513	11378	11	6	5	0.26	1
498	514	11223	11	6	5	0.26	1
498	515	10680	10	3	7	-1.04	-1
498	516	10437	10	6	4	0.52	1
498	517	10313	10	7	3	1.04	1
498	518	10312	10	4	6	-0.52	-1
498	519	9015	9	8	1	1.82	1
498	520	8413	8	6	2	1.04	1
498	521	8095	8	4	4	0.00	1
498	522	7308	6	1	5	-1.04	-1
498	523	6340	6	3	3	0.00	1
498	524	5645	5	2	3	-0.26	-1
498	525	5485	5	2	3	-0.26	-1
498	526	4839	3	0	3	-0.78	-1
498	527	4616	3	0	3	-0.78	-1
498	528	4253	3	1	2	-0.26	-1
498	529	3735	1	0	1	-0.26	-1
498	530	3639	1	0	1	-0.26	-1
498	531	3502	1	0	1	-0.26	-1
498	532	3398	1	0	1	-0.26	-1
498	533	2349	1	1	0	0.26	1
498	534	1907	1	1	0	0.26	1
498	535	1658	1	0	1	-0.26	-1
498	536	1449	1	0	1	-0.26	-1
498	537	1354	1	1	0	0.26	1
498	538	1017	1	1	0	0.26	1
499	500	14322	12	4	8	-1.04	-1
499	501	13916	12	9	3	1.56	1
499	502	13538	12	10	2	2.09	1
499	503	12907	12	5	7	-0.52	-1
499	504	11745	11	6	5	0.26	1
499	505	12247	11	3	8	-1.30	-1
499	506	11936	11	3	8	-1.30	-1
499	507	11888	11	7	4	0.78	1
499	508	11869	11	4	7	-0.78	-1
499	509	10789	10	3	7	-1.04	-1
499	510	10448	10	4	6	-0.52	-1
499	511	10421	10	4	6	-0.52	-1
499	512	10027	10	6	4	0.52	1
499	513	9941	10	6	4	0.52	1
499	514	9786	10	3	7	-1.04	-1
499	515	9243	9	5	4	0.26	1
499	516	9000	9	6	3	0.78	1
499	517	8876	9	6	3	0.78	1
499	518	8875	9	1	8	-1.82	-1
499	519	7578	8	4	4	0.00	1
499	520	6976	7	4	3	0.26	1
499	521	6658	7	3	4	-0.26	-1
499	522	5871	5	5	0	1.30	1
499	523	4903	5	0	5	-1.30	-1
499	524	4208	4	3	1	0.52	1
499	525	4048	4	1	3	-0.52	-1
499	526	3402	2	1	1	0.00	1
499	527	3179	2	1	1	0.00	1
499	528	2816	2	1	1	0.00	1
500	501	16901	13	9	4	1.30	1
500	502	13747	12	4	8	-1.04	-1
500	503	15617	13	9	4	1.30	1
500	504	11745	11	5	6	-0.26	-1
500	505	15232	12	8	4	1.04	1
500	506	14921	12	5	7	-0.52	-1
500	507	14873	12	9	3	1.56	1
500	508	14854	12	5	7	-0.52	-1
500	509	13774	11	8	3	1.30	1
500	510	13433	11	6	5	0.26	1
500	511	13406	11	2	9	-1.82	-1
500	512	13012	11	7	4	0.78	1
500	513	12926	11	4	7	-0.78	-1
500	514	12771	11	8	3	1.30	1
500	515	12228	10	6	4	0.52	1
500	516	11162	10	6	4	0.52	1
500	517	11861	10	4	6	-0.52	-1
500	518	11860	10	3	7	-1.04	-1
500	519	10563	9	4	5	-0.26	-1
500	520	9961	8	3	5	-0.52	-1
500	521	9643	8	2	6	-1.04	-1
500	522	8856	6	3	3	0.00	1
500	523	7888	6	5	1	1.04	1
500	524	7193	5	4	1	0.78	1
500	525	7033	5	4	1	0.78	1
500	526	6387	3	2	1	0.26	1
500	527	6164	3	0	3	-0.78	-1
500	528	5801	3	1	2	-0.26	-1
500	529	5283	1	1	0	0.26	1
500	530	5187	1	1	0	0.26	1
500	531	5050	1	1	0	0.26	1
500	532	4946	1	1	0	0.26	1
500	533	3897	1	0	1	-0.26	-1
500	534	3455	1	0	1	-0.26	-1
500	535	3206	1	1	0	0.26	1
500	536	2997	1	1	0	0.26	1
500	537	2902	1	0	1	-0.26	-1
500	538	2565	1	0	1	-0.26	-1
501	502	13747	12	7	5	0.52	1
501	503	15617	13	6	7	-0.26	-1
501	504	11745	11	4	7	-0.78	-1
501	505	17401	12	8	4	1.04	1
501	506	18537	13	3	10	-1.82	-1
501	507	15623	12	9	3	1.56	1
501	508	16942	12	5	7	-0.52	-1
501	509	20881	15	12	3	2.35	1
501	510	18552	12	7	5	0.52	1
501	511	16527	12	3	9	-1.56	-1
501	512	13483	11	6	5	0.26	1
501	513	18291	12	9	3	1.56	1
501	514	16554	12	5	7	-0.52	-1
501	515	14989	11	7	4	0.78	1
501	516	11162	10	5	5	0.00	1
501	517	17888	12	8	4	1.04	1
501	518	21460	14	4	10	-1.56	-1
501	519	15018	10	3	7	-1.04	-1
501	520	21096	14	10	4	1.56	1
501	521	12540	9	3	6	-0.78	-1
501	522	15566	10	4	6	-0.52	-1
501	523	19023	12	5	7	-0.52	-1
501	524	18328	11	5	6	-0.26	-1
501	525	16176	9	6	3	0.78	1
501	526	12217	5	3	2	0.26	1
501	527	17299	9	3	6	-0.78	-1
501	528	11706	5	3	2	0.26	1
501	529	13560	5	2	3	-0.26	-1
501	530	14016	5	3	2	0.26	1
501	531	16185	7	3	4	-0.26	-1
501	532	15590	6	5	1	1.04	1
501	533	15032	7	5	2	0.78	1
501	534	14590	7	2	5	-0.78	-1
501	535	14341	7	5	2	0.78	1
501	536	14132	7	4	3	0.26	1
501	537	14037	7	2	5	-0.78	-1
501	538	13700	7	4	3	0.26	1
501	539	12591	6	2	4	-0.52	-1
501	540	11015	6	2	4	-0.52	-1
501	541	10768	6	2	4	-0.52	-1
501	542	10156	6	2	4	-0.52	-1
501	543	10036	6	3	3	0.00	1
501	544	8654	6	2	4	-0.52	-1
501	545	8234	5	2	3	-0.26	-1
501	546	7998	5	4	1	0.78	1
501	547	5531	5	3	2	0.26	1
501	548	4965	4	2	2	0.00	1
501	549	3665	2	1	1	0.00	1
501	550	3599	2	1	1	0.00	1
501	551	1847	2	1	1	0.00	1
501	552	1291	2	2	0	0.52	1
502	503	13116	12	4	8	-1.04	-1
502	504	11745	11	9	2	1.82	1
502	505	12456	11	7	4	0.78	1
502	506	12145	11	4	7	-0.78	-1
502	507	12097	11	5	6	-0.26	-1
502	508	12078	11	8	3	1.30	1
502	509	10998	10	3	7	-1.04	-1
502	510	10657	10	3	7	-1.04	-1
502	511	10630	10	5	5	0.00	1
502	512	10236	10	9	1	2.09	1
502	513	10150	10	6	4	0.52	1
502	514	9995	10	6	4	0.52	1
502	515	9452	9	5	4	0.26	1
502	516	9209	9	5	4	0.26	1
502	517	9085	9	4	5	-0.26	-1
502	518	9084	9	5	4	0.26	1
502	519	7787	8	1	7	-1.56	-1
502	520	7185	7	3	4	-0.26	-1
502	521	6867	7	4	3	0.26	1
502	522	6080	5	3	2	0.26	1
502	523	5112	5	1	4	-0.78	-1
502	524	4417	4	2	2	0.00	1
502	525	4257	4	3	1	0.52	1
502	526	3611	2	1	1	0.00	1
502	527	3388	2	1	1	0.00	1
502	528	3025	2	2	0	0.52	1
503	504	11745	11	6	5	0.26	1
503	505	14957	12	8	4	1.04	1
503	506	14646	12	5	7	-0.52	-1
503	507	14598	12	6	6	0.00	1
503	508	14579	12	9	3	1.56	1
503	509	13499	11	5	6	-0.26	-1
503	510	13158	11	6	5	0.26	1
503	511	13131	11	4	7	-0.78	-1
503	512	12737	11	7	4	0.78	1
503	513	12651	11	8	3	1.30	1
503	514	12496	11	5	6	-0.26	-1
503	515	11953	10	5	5	0.00	1
503	516	11162	10	5	5	0.00	1
503	517	11586	10	4	6	-0.52	-1
503	518	11585	10	4	6	-0.52	-1
503	519	10288	9	2	7	-1.30	-1
503	520	9686	8	4	4	0.00	1
503	521	9368	8	4	4	0.00	1
503	522	8581	6	5	1	1.04	1
503	523	7613	6	3	3	0.00	1
503	524	6918	5	3	2	0.26	1
503	525	6758	5	4	1	0.78	1
503	526	6112	3	1	2	-0.26	-1
503	527	5889	3	2	1	0.26	1
503	528	5526	3	2	1	0.26	1
503	529	5008	1	0	1	-0.26	-1
503	530	4912	1	1	0	0.26	1
503	531	4775	1	1	0	0.26	1
503	532	4671	1	0	1	-0.26	-1
503	533	3622	1	0	1	-0.26	-1
503	534	3180	1	1	0	0.26	1
503	535	2931	1	1	0	0.26	1
503	536	2722	1	0	1	-0.26	-1
503	537	2627	1	1	0	0.26	1
503	538	2290	1	0	1	-0.26	-1
504	505	11445	11	3	8	-1.30	-1
504	506	11134	11	3	8	-1.30	-1
504	507	11086	11	5	6	-0.26	-1
504	508	11067	11	5	6	-0.26	-1
504	509	9987	10	6	4	0.52	1
504	510	9646	10	5	5	0.00	1
504	511	9619	10	5	5	0.00	1
504	512	9225	10	7	3	1.04	1
504	513	9139	10	8	2	1.56	1
504	514	8984	10	3	7	-1.04	-1
504	515	8441	9	7	2	1.30	1
504	516	8198	9	2	7	-1.30	-1
504	517	8074	9	4	5	-0.26	-1
504	518	8073	9	1	8	-1.82	-1
504	519	6776	8	3	5	-0.52	-1
504	520	6174	7	3	4	-0.26	-1
504	521	5856	7	4	3	0.26	1
504	522	5069	5	4	1	0.78	1
504	523	4101	5	1	4	-0.78	-1
504	524	3406	4	3	1	0.52	1
504	525	3246	4	0	4	-1.04	-1
504	526	2600	2	1	1	0.00	1
504	527	2377	2	2	0	0.52	1
504	528	2014	2	1	1	0.00	1
505	506	17090	12	2	10	-2.09	-1
505	507	15623	12	7	5	0.52	1
505	508	16942	12	5	7	-0.52	-1
505	509	15943	11	6	5	0.26	1
505	510	15602	11	5	6	-0.26	-1
505	511	15575	11	8	3	1.30	1
505	512	13483	11	5	6	-0.26	-1
505	513	15095	11	7	4	0.78	1
505	514	14940	11	6	5	0.26	1
505	515	14397	10	5	5	0.00	1
505	516	11162	10	3	7	-1.04	-1
505	517	14030	10	8	2	1.56	1
505	518	14029	10	5	5	0.00	1
505	519	12732	9	3	6	-0.78	-1
505	520	12130	8	3	5	-0.52	-1
505	521	11812	8	3	5	-0.52	-1
505	522	11025	6	2	4	-0.52	-1
505	523	10057	6	1	5	-1.04	-1
505	524	9362	5	4	1	0.78	1
505	525	9202	5	2	3	-0.26	-1
505	526	8556	3	3	0	0.78	1
505	527	8333	3	2	1	0.26	1
505	528	7970	3	0	3	-0.78	-1
505	529	7452	1	0	1	-0.26	-1
505	530	7356	1	0	1	-0.26	-1
505	531	7219	1	0	1	-0.26	-1
505	532	7115	1	0	1	-0.26	-1
505	533	6066	1	0	1	-0.26	-1
505	534	5624	1	1	0	0.26	1
505	535	5375	1	1	0	0.26	1
505	536	5166	1	0	1	-0.26	-1
505	537	5071	1	0	1	-0.26	-1
505	538	4734	1	0	1	-0.26	-1
506	507	15623	12	6	6	0.00	1
506	508	16942	12	9	3	1.56	1
506	509	17390	12	7	5	0.52	1
506	510	17049	12	7	5	0.52	1
506	511	16527	12	10	2	2.09	1
506	512	13483	11	6	5	0.26	1
506	513	16542	12	4	8	-1.04	-1
506	514	16387	12	4	8	-1.04	-1
506	515	14989	11	5	6	-0.26	-1
506	516	11162	10	5	5	0.00	1
506	517	15477	11	8	3	1.30	1
506	518	15476	11	5	6	-0.26	-1
506	519	14179	10	6	4	0.52	1
506	520	13577	9	8	1	1.82	1
506	521	12540	9	4	5	-0.26	-1
506	522	12472	7	3	4	-0.26	-1
506	523	11504	7	4	3	0.26	1
506	524	10809	6	2	4	-0.52	-1
506	525	10649	6	2	4	-0.52	-1
506	526	10003	4	2	2	0.00	1
506	527	9780	4	1	3	-0.52	-1
506	528	9417	4	2	2	0.00	1
506	529	8899	2	1	1	0.00	1
506	530	8803	2	2	0	0.52	1
506	531	8666	2	1	1	0.00	1
506	532	8562	2	1	1	0.00	1
506	533	7513	2	0	2	-0.52	-1
506	534	7071	2	2	0	0.52	1
506	535	6822	2	0	2	-0.52	-1
506	536	6613	2	2	0	0.52	1
506	537	6518	2	0	2	-0.52	-1
506	538	6181	2	2	0	0.52	1
506	539	5072	1	0	1	-0.26	-1
506	540	3496	1	1	0	0.26	1
506	541	3249	1	1	0	0.26	1
506	542	2637	1	1	0	0.26	1
506	543	2517	1	0	1	-0.26	-1
506	544	1135	1	0	1	-0.26	-1
507	508	15604	12	4	8	-1.04	-1
507	509	14524	11	6	5	0.26	1
507	510	14183	11	6	5	0.26	1
507	511	14156	11	3	8	-1.30	-1
507	512	13483	11	8	3	1.30	1
507	513	13676	11	7	4	0.78	1
507	514	13521	11	7	4	0.78	1
507	515	12978	10	8	2	1.56	1
507	516	11162	10	3	7	-1.04	-1
507	517	12611	10	7	3	1.04	1
507	518	12610	10	5	5	0.00	1
507	519	11313	9	5	4	0.26	1
507	520	10711	8	2	6	-1.04	-1
507	521	10393	8	6	2	1.04	1
507	522	9606	6	1	5	-1.04	-1
507	523	8638	6	3	3	0.00	1
507	524	7943	5	2	3	-0.26	-1
507	525	7783	5	2	3	-0.26	-1
507	526	7137	3	3	0	0.78	1
507	527	6914	3	1	2	-0.26	-1
507	528	6551	3	2	1	0.26	1
507	529	6033	1	0	1	-0.26	-1
507	530	5937	1	0	1	-0.26	-1
507	531	5800	1	0	1	-0.26	-1
507	532	5696	1	1	0	0.26	1
507	533	4647	1	1	0	0.26	1
507	534	4205	1	0	1	-0.26	-1
507	535	3956	1	1	0	0.26	1
507	536	3747	1	0	1	-0.26	-1
507	537	3652	1	1	0	0.26	1
507	538	3315	1	0	1	-0.26	-1
508	509	15862	11	5	6	-0.26	-1
508	510	15521	11	7	4	0.78	1
508	511	15494	11	6	5	0.26	1
508	512	13483	11	4	7	-0.78	-1
508	513	15014	11	3	8	-1.30	-1
508	514	14859	11	8	3	1.30	1
508	515	14316	10	5	5	0.00	1
508	516	11162	10	5	5	0.00	1
508	517	13949	10	3	7	-1.04	-1
508	518	13948	10	4	6	-0.52	-1
508	519	12651	9	4	5	-0.26	-1
508	520	12049	8	4	4	0.00	1
508	521	11731	8	3	5	-0.52	-1
508	522	10944	6	1	5	-1.04	-1
508	523	9976	6	4	2	0.52	1
508	524	9281	5	3	2	0.26	1
508	525	9121	5	3	2	0.26	1
508	526	8475	3	3	0	0.78	1
508	527	8252	3	1	2	-0.26	-1
508	528	7889	3	1	2	-0.26	-1
508	529	7371	1	1	0	0.26	1
508	530	7275	1	0	1	-0.26	-1
508	531	7138	1	0	1	-0.26	-1
508	532	7034	1	0	1	-0.26	-1
508	533	5985	1	1	0	0.26	1
508	534	5543	1	0	1	-0.26	-1
508	535	5294	1	0	1	-0.26	-1
508	536	5085	1	1	0	0.26	1
508	537	4990	1	1	0	0.26	1
508	538	4653	1	0	1	-0.26	-1
509	510	18552	12	4	8	-1.04	-1
509	511	16527	12	5	7	-0.52	-1
509	512	13483	11	7	4	0.78	1
509	513	18291	12	6	6	0.00	1
509	514	16554	12	9	3	1.56	1
509	515	14989	11	5	6	-0.26	-1
509	516	11162	10	5	5	0.00	1
509	517	17888	12	7	5	0.52	1
509	518	18967	14	5	9	-1.04	-1
509	519	15018	10	6	4	0.52	1
509	520	17068	12	3	9	-1.56	-1
509	521	12540	9	2	7	-1.30	-1
509	522	15566	10	4	6	-0.52	-1
509	523	14995	10	2	8	-1.56	-1
509	524	14300	9	5	4	0.26	1
509	525	14140	9	3	6	-0.78	-1
509	526	12217	5	3	2	0.26	1
509	527	13271	7	2	5	-0.78	-1
509	528	11706	5	2	3	-0.26	-1
509	529	12390	5	2	3	-0.26	-1
509	530	12294	5	3	2	0.26	1
509	531	12157	5	4	1	0.78	1
509	532	12053	5	5	0	1.30	1
509	533	11004	5	3	2	0.26	1
509	534	10562	5	0	5	-1.30	-1
509	535	10313	5	3	2	0.26	1
509	536	10104	5	1	4	-0.78	-1
509	537	10009	5	1	4	-0.78	-1
509	538	9672	5	3	2	0.26	1
509	539	8563	4	1	3	-0.52	-1
509	540	6987	4	1	3	-0.52	-1
509	541	6740	4	1	3	-0.52	-1
509	542	6128	4	3	1	0.52	1
509	543	6008	4	2	2	0.00	1
509	544	4626	4	2	2	0.00	1
509	545	4206	3	2	1	0.26	1
509	546	3970	3	2	1	0.26	1
509	547	1503	3	3	0	0.78	1
509	548	937	2	2	0	0.52	1
510	511	16527	12	6	6	0.00	1
510	512	13483	11	6	5	0.26	1
510	513	18045	12	6	6	0.00	1
510	514	16554	12	7	5	0.52	1
510	515	14989	11	8	3	1.30	1
510	516	11162	10	6	4	0.52	1
510	517	16980	11	7	4	0.78	1
510	518	16979	11	7	4	0.78	1
510	519	15018	10	6	4	0.52	1
510	520	15080	9	2	7	-1.30	-1
510	521	12540	9	2	7	-1.30	-1
510	522	13975	7	4	3	0.26	1
510	523	13007	7	5	2	0.78	1
510	524	12312	6	3	3	0.00	1
510	525	12152	6	3	3	0.00	1
510	526	11506	4	3	1	0.52	1
510	527	11283	4	2	2	0.00	1
510	528	10920	4	4	0	1.04	1
510	529	10402	2	2	0	0.52	1
510	530	10306	2	1	1	0.00	1
510	531	10169	2	2	0	0.52	1
510	532	10065	2	2	0	0.52	1
510	533	9016	2	1	1	0.00	1
510	534	8574	2	2	0	0.52	1
510	535	8325	2	1	1	0.00	1
510	536	8116	2	0	2	-0.52	-1
510	537	8021	2	1	1	0.00	1
510	538	7684	2	0	2	-0.52	-1
510	539	6575	1	1	0	0.26	1
510	540	4999	1	0	1	-0.26	-1
510	541	4752	1	0	1	-0.26	-1
510	542	4140	1	1	0	0.26	1
510	543	4020	1	1	0	0.26	1
510	544	2638	1	1	0	0.26	1
511	512	13483	11	3	8	-1.30	-1
511	513	16047	12	3	9	-1.56	-1
511	514	15892	12	4	8	-1.04	-1
511	515	14989	11	5	6	-0.26	-1
511	516	11162	10	6	4	0.52	1
511	517	14982	11	2	9	-1.82	-1
511	518	14981	11	8	3	1.30	1
511	519	13684	10	6	4	0.52	1
511	520	13082	9	5	4	0.26	1
511	521	12540	9	4	5	-0.26	-1
511	522	11977	7	2	5	-0.78	-1
511	523	11009	7	4	3	0.26	1
511	524	10314	6	2	4	-0.52	-1
511	525	10154	6	3	3	0.00	1
511	526	9508	4	0	4	-1.04	-1
511	527	9285	4	2	2	0.00	1
511	528	8922	4	4	0	1.04	1
511	529	8404	2	1	1	0.00	1
511	530	8308	2	1	1	0.00	1
511	531	8171	2	1	1	0.00	1
511	532	8067	2	1	1	0.00	1
511	533	7018	2	1	1	0.00	1
511	534	6576	2	2	0	0.52	1
511	535	6327	2	1	1	0.00	1
511	536	6118	2	2	0	0.52	1
511	537	6023	2	2	0	0.52	1
511	538	5686	2	0	2	-0.52	-1
511	539	4577	1	0	1	-0.26	-1
511	540	3001	1	1	0	0.26	1
511	541	2754	1	1	0	0.26	1
511	542	2142	1	1	0	0.26	1
511	543	2022	1	0	1	-0.26	-1
511	544	640	1	1	0	0.26	1
512	513	13397	11	9	2	1.82	1
512	514	13242	11	6	5	0.26	1
512	515	12699	10	6	4	0.52	1
512	516	11162	10	1	9	-2.09	-1
512	517	12332	10	7	3	1.04	1
512	518	12331	10	3	7	-1.04	-1
512	519	11034	9	5	4	0.26	1
512	520	10432	8	3	5	-0.52	-1
512	521	10114	8	1	7	-1.56	-1
512	522	9327	6	4	2	0.52	1
512	523	8359	6	1	5	-1.04	-1
512	524	7664	5	2	3	-0.26	-1
512	525	7504	5	2	3	-0.26	-1
512	526	6858	3	3	0	0.78	1
512	527	6635	3	0	3	-0.78	-1
512	528	6272	3	3	0	0.78	1
512	529	5754	1	0	1	-0.26	-1
512	530	5658	1	0	1	-0.26	-1
512	531	5521	1	1	0	0.26	1
512	532	5417	1	0	1	-0.26	-1
512	533	4368	1	0	1	-0.26	-1
512	534	3926	1	1	0	0.26	1
512	535	3677	1	0	1	-0.26	-1
512	536	3468	1	1	0	0.26	1
512	537	3373	1	0	1	-0.26	-1
512	538	3036	1	0	1	-0.26	-1
513	514	16554	12	9	3	1.56	1
513	515	14989	11	7	4	0.78	1
513	516	11162	10	4	6	-0.52	-1
513	517	17226	11	7	4	0.78	1
513	518	17225	11	1	10	-2.35	-1
513	519	15018	10	5	5	0.00	1
513	520	15326	9	3	6	-0.78	-1
513	521	12540	9	6	3	0.78	1
513	522	14221	7	5	2	0.78	1
513	523	13253	7	4	3	0.26	1
513	524	12558	6	4	2	0.52	1
513	525	12398	6	3	3	0.00	1
513	526	11752	4	3	1	0.52	1
513	527	11529	4	2	2	0.00	1
513	528	11166	4	1	3	-0.52	-1
513	529	10648	2	1	1	0.00	1
513	530	10552	2	1	1	0.00	1
513	531	10415	2	2	0	0.52	1
513	532	10311	2	0	2	-0.52	-1
513	533	9262	2	0	2	-0.52	-1
513	534	8820	2	0	2	-0.52	-1
513	535	8571	2	1	1	0.00	1
513	536	8362	2	0	2	-0.52	-1
513	537	8267	2	1	1	0.00	1
513	538	7930	2	0	2	-0.52	-1
513	539	6821	1	0	1	-0.26	-1
513	540	5245	1	0	1	-0.26	-1
513	541	4998	1	1	0	0.26	1
513	542	4386	1	1	0	0.26	1
513	543	4266	1	1	0	0.26	1
513	544	2884	1	1	0	0.26	1
514	515	14989	11	7	4	0.78	1
514	516	11162	10	3	7	-1.04	-1
514	517	15644	11	5	6	-0.26	-1
514	518	15643	11	0	11	-2.87	-1
514	519	14346	10	7	3	1.04	1
514	520	13744	9	3	6	-0.78	-1
514	521	12540	9	5	4	0.26	1
514	522	12639	7	6	1	1.30	1
514	523	11671	7	4	3	0.26	1
514	524	10976	6	3	3	0.00	1
514	525	10816	6	4	2	0.52	1
514	526	10170	4	4	0	1.04	1
514	527	9947	4	2	2	0.00	1
514	528	9584	4	2	2	0.00	1
514	529	9066	2	2	0	0.52	1
514	530	8970	2	0	2	-0.52	-1
514	531	8833	2	2	0	0.52	1
514	532	8729	2	2	0	0.52	1
514	533	7680	2	1	1	0.00	1
514	534	7238	2	0	2	-0.52	-1
514	535	6989	2	1	1	0.00	1
514	536	6780	2	2	0	0.52	1
514	537	6685	2	1	1	0.00	1
514	538	6348	2	1	1	0.00	1
514	539	5239	1	1	0	0.26	1
514	540	3663	1	0	1	-0.26	-1
514	541	3416	1	1	0	0.26	1
514	542	2804	1	0	1	-0.26	-1
514	543	2684	1	1	0	0.26	1
514	544	1302	1	1	0	0.26	1
515	516	11162	10	4	6	-0.52	-1
515	517	14622	11	6	5	0.26	1
515	518	14621	11	6	5	0.26	1
515	519	13324	10	6	4	0.52	1
515	520	12722	9	5	4	0.26	1
515	521	12404	9	2	7	-1.30	-1
515	522	11617	7	5	2	0.78	1
515	523	10649	7	7	0	1.82	1
515	524	9954	6	3	3	0.00	1
515	525	9794	6	5	1	1.04	1
515	526	9148	4	3	1	0.52	1
515	527	8925	4	1	3	-0.52	-1
515	528	8562	4	4	0	1.04	1
515	529	8044	2	1	1	0.00	1
515	530	7948	2	1	1	0.00	1
515	531	7811	2	1	1	0.00	1
515	532	7707	2	2	0	0.52	1
515	533	6658	2	2	0	0.52	1
515	534	6216	2	2	0	0.52	1
515	535	5967	2	2	0	0.52	1
515	536	5758	2	1	1	0.00	1
515	537	5663	2	1	1	0.00	1
515	538	5326	2	1	1	0.00	1
515	539	4217	1	1	0	0.26	1
515	540	2641	1	1	0	0.26	1
515	541	2394	1	0	1	-0.26	-1
515	542	1782	1	0	1	-0.26	-1
515	543	1662	1	1	0	0.26	1
515	544	280	1	0	1	-0.26	-1
516	517	11038	10	5	5	0.00	1
516	518	11037	10	5	5	0.00	1
516	519	9740	9	5	4	0.26	1
516	520	9138	8	5	3	0.52	1
516	521	8820	8	5	3	0.52	1
516	522	8033	6	1	5	-1.04	-1
516	523	7065	6	4	2	0.52	1
516	524	6370	5	3	2	0.26	1
516	525	6210	5	2	3	-0.26	-1
516	526	5564	3	1	2	-0.26	-1
516	527	5341	3	0	3	-0.78	-1
516	528	4978	3	2	1	0.26	1
516	529	4460	1	1	0	0.26	1
516	530	4364	1	0	1	-0.26	-1
516	531	4227	1	0	1	-0.26	-1
516	532	4123	1	0	1	-0.26	-1
516	533	3074	1	0	1	-0.26	-1
516	534	2632	1	1	0	0.26	1
516	535	2383	1	0	1	-0.26	-1
516	536	2174	1	0	1	-0.26	-1
516	537	2079	1	1	0	0.26	1
516	538	1742	1	0	1	-0.26	-1
517	518	17887	12	3	9	-1.56	-1
517	519	15018	10	5	5	0.00	1
517	520	15988	10	4	6	-0.52	-1
517	521	12540	9	3	6	-0.78	-1
517	522	14883	8	7	1	1.56	1
517	523	13915	8	1	7	-1.56	-1
517	524	13220	7	4	3	0.26	1
517	525	13060	7	4	3	0.26	1
517	526	12217	5	2	3	-0.26	-1
517	527	12191	5	3	2	0.26	1
517	528	11706	5	3	2	0.26	1
517	529	11310	3	3	0	0.78	1
517	530	11214	3	2	1	0.26	1
517	531	11077	3	2	1	0.26	1
517	532	10973	3	1	2	-0.26	-1
517	533	9924	3	3	0	0.78	1
517	534	9482	3	2	1	0.26	1
517	535	9233	3	3	0	0.78	1
517	536	9024	3	1	2	-0.26	-1
517	537	8929	3	0	3	-0.78	-1
517	538	8592	3	1	2	-0.26	-1
517	539	7483	2	0	2	-0.52	-1
517	540	5907	2	1	1	0.00	1
517	541	5660	2	2	0	0.52	1
517	542	5048	2	2	0	0.52	1
517	543	4928	2	1	1	0.00	1
517	544	3546	2	1	1	0.00	1
517	545	3126	1	1	0	0.26	1
517	546	2890	1	1	0	0.26	1
517	547	423	1	0	1	-0.26	-1
518	519	15018	10	7	3	1.04	1
518	520	19561	12	6	6	0.00	1
518	521	12540	9	7	2	1.30	1
518	522	15566	10	4	6	-0.52	-1
518	523	17488	10	4	6	-0.52	-1
518	524	16793	9	4	5	-0.26	-1
518	525	16176	9	4	5	-0.26	-1
518	526	12217	5	3	2	0.26	1
518	527	15764	7	5	2	0.78	1
518	528	11706	5	4	1	0.78	1
518	529	13560	5	1	4	-0.78	-1
518	530	14016	5	3	2	0.26	1
518	531	14650	5	2	3	-0.26	-1
518	532	14546	5	2	3	-0.26	-1
518	533	13497	5	1	4	-0.78	-1
518	534	13055	5	1	4	-0.78	-1
518	535	12806	5	1	4	-0.78	-1
518	536	12597	5	4	1	0.78	1
518	537	12502	5	2	3	-0.26	-1
518	538	12165	5	4	1	0.78	1
518	539	11056	4	3	1	0.52	1
518	540	9480	4	2	2	0.00	1
518	541	9233	4	2	2	0.00	1
518	542	8621	4	1	3	-0.52	-1
518	543	8501	4	1	3	-0.52	-1
518	544	7119	4	3	1	0.52	1
518	545	6699	3	3	0	0.78	1
518	546	6463	3	2	1	0.26	1
518	547	3996	3	2	1	0.26	1
518	548	3430	2	1	1	0.00	1
519	520	14416	9	6	3	0.78	1
519	521	12540	9	6	3	0.78	1
519	522	13311	7	1	6	-1.30	-1
519	523	12343	7	3	4	-0.26	-1
519	524	11648	6	5	1	1.04	1
519	525	11488	6	3	3	0.00	1
519	526	10842	4	3	1	0.52	1
519	527	10619	4	4	0	1.04	1
519	528	10256	4	1	3	-0.52	-1
519	529	9738	2	1	1	0.00	1
519	530	9642	2	2	0	0.52	1
519	531	9505	2	0	2	-0.52	-1
519	532	9401	2	1	1	0.00	1
519	533	8352	2	2	0	0.52	1
519	534	7910	2	2	0	0.52	1
519	535	7661	2	0	2	-0.52	-1
519	536	7452	2	2	0	0.52	1
519	537	7357	2	1	1	0.00	1
519	538	7020	2	2	0	0.52	1
519	539	5911	1	0	1	-0.26	-1
519	540	4335	1	1	0	0.26	1
519	541	4088	1	1	0	0.26	1
519	542	3476	1	0	1	-0.26	-1
519	543	3356	1	1	0	0.26	1
519	544	1974	1	0	1	-0.26	-1
520	521	12540	9	4	5	-0.26	-1
520	522	15566	10	6	4	0.52	1
520	523	19048	12	5	7	-0.52	-1
520	524	18353	11	3	8	-1.30	-1
520	525	16176	9	4	5	-0.26	-1
520	526	12217	5	4	1	0.78	1
520	527	17324	9	5	4	0.26	1
520	528	11706	5	4	1	0.78	1
520	529	13560	5	2	3	-0.26	-1
520	530	14016	5	4	1	0.78	1
520	531	16210	7	5	2	0.78	1
520	532	15590	6	2	4	-0.52	-1
520	533	15057	7	3	4	-0.26	-1
520	534	14615	7	4	3	0.26	1
520	535	14366	7	2	5	-0.78	-1
520	536	14157	7	4	3	0.26	1
520	537	14062	7	4	3	0.26	1
520	538	13725	7	4	3	0.26	1
520	539	12616	6	2	4	-0.52	-1
520	540	11040	6	2	4	-0.52	-1
520	541	10793	6	3	3	0.00	1
520	542	10181	6	2	4	-0.52	-1
520	543	10061	6	3	3	0.00	1
520	544	8679	6	3	3	0.00	1
520	545	8259	5	2	3	-0.26	-1
520	546	8023	5	2	3	-0.26	-1
520	547	5556	5	4	1	0.78	1
520	548	4990	4	1	3	-0.52	-1
520	549	3690	2	0	2	-0.52	-1
520	550	3624	2	1	1	0.00	1
520	551	1872	2	1	1	0.00	1
520	552	1316	2	1	1	0.00	1
521	522	11753	7	2	5	-0.78	-1
521	523	10785	7	2	5	-0.78	-1
521	524	10090	6	2	4	-0.52	-1
521	525	9930	6	4	2	0.52	1
521	526	9284	4	2	2	0.00	1
521	527	9061	4	3	1	0.52	1
521	528	8698	4	3	1	0.52	1
521	529	8180	2	2	0	0.52	1
521	530	8084	2	2	0	0.52	1
521	531	7947	2	1	1	0.00	1
521	532	7843	2	1	1	0.00	1
521	533	6794	2	1	1	0.00	1
521	534	6352	2	2	0	0.52	1
521	535	6103	2	0	2	-0.52	-1
521	536	5894	2	2	0	0.52	1
521	537	5799	2	2	0	0.52	1
521	538	5462	2	1	1	0.00	1
521	539	4353	1	0	1	-0.26	-1
521	540	2777	1	1	0	0.26	1
521	541	2530	1	1	0	0.26	1
521	542	1918	1	1	0	0.26	1
521	543	1798	1	0	1	-0.26	-1
521	544	416	1	1	0	0.26	1
522	523	14598	10	5	5	0.00	1
522	524	13903	9	5	4	0.26	1
522	525	13743	9	5	4	0.26	1
522	526	12217	5	2	3	-0.26	-1
522	527	12874	7	3	4	-0.26	-1
522	528	11706	5	4	1	0.78	1
522	529	11993	5	4	1	0.78	1
522	530	11897	5	3	2	0.26	1
522	531	11760	5	2	3	-0.26	-1
522	532	11656	5	4	1	0.78	1
522	533	10607	5	2	3	-0.26	-1
522	534	10165	5	2	3	-0.26	-1
522	535	9916	5	4	1	0.78	1
522	536	9707	5	2	3	-0.26	-1
522	537	9612	5	1	4	-0.78	-1
522	538	9275	5	2	3	-0.26	-1
522	539	8166	4	2	2	0.00	1
522	540	6590	4	1	3	-0.52	-1
522	541	6343	4	2	2	0.00	1
522	542	5731	4	1	3	-0.52	-1
522	543	5611	4	3	1	0.52	1
522	544	4229	4	1	3	-0.52	-1
522	545	3809	3	1	2	-0.26	-1
522	546	3573	3	1	2	-0.26	-1
522	547	1106	3	2	1	0.26	1
522	548	540	2	2	0	0.52	1
523	524	18595	11	3	8	-1.30	-1
523	525	16176	9	1	8	-1.82	-1
523	526	12217	5	3	2	0.26	1
523	527	17566	9	3	6	-0.78	-1
523	528	11706	5	1	4	-0.78	-1
523	529	13560	5	4	1	0.78	1
523	530	14016	5	2	3	-0.26	-1
523	531	16452	7	4	3	0.26	1
523	532	15590	6	2	4	-0.52	-1
523	533	15299	7	4	3	0.26	1
523	534	14857	7	5	2	0.78	1
523	535	14608	7	3	4	-0.26	-1
523	536	14399	7	6	1	1.30	1
523	537	14304	7	5	2	0.78	1
523	538	13967	7	4	3	0.26	1
523	539	12858	6	0	6	-1.56	-1
523	540	11282	6	4	2	0.52	1
523	541	11035	6	3	3	0.00	1
523	542	10423	6	4	2	0.52	1
523	543	10303	6	2	4	-0.52	-1
523	544	8921	6	5	1	1.04	1
523	545	8501	5	3	2	0.26	1
523	546	8265	5	4	1	0.78	1
523	547	5798	5	1	4	-0.78	-1
523	548	5232	4	1	3	-0.52	-1
523	549	3932	2	1	1	0.00	1
523	550	3866	2	2	0	0.52	1
523	551	2114	2	1	1	0.00	1
523	552	1558	2	1	1	0.00	1
524	525	16176	9	7	2	1.30	1
524	526	12217	5	2	3	-0.26	-1
524	527	18202	9	4	5	-0.26	-1
524	528	11706	5	1	4	-0.78	-1
524	529	13560	5	4	1	0.78	1
524	530	14016	5	3	2	0.26	1
524	531	16660	7	2	5	-0.78	-1
524	532	15590	6	4	2	0.52	1
524	533	15935	7	1	6	-1.30	-1
524	534	15493	7	3	4	-0.26	-1
524	535	15244	7	4	3	0.26	1
524	536	14946	7	4	3	0.26	1
524	537	14940	7	3	4	-0.26	-1
524	538	14603	7	2	5	-0.78	-1
524	539	13494	6	4	2	0.52	1
524	540	11761	6	5	1	1.04	1
524	541	11671	6	1	5	-1.04	-1
524	542	11059	6	3	3	0.00	1
524	543	10939	6	4	2	0.52	1
524	544	9557	6	2	4	-0.52	-1
524	545	9137	5	2	3	-0.26	-1
524	546	8901	5	4	1	0.78	1
524	547	6434	5	2	3	-0.26	-1
524	548	5868	4	4	0	1.04	1
524	549	4568	2	1	1	0.00	1
524	550	4502	2	0	2	-0.52	-1
524	551	2750	2	0	2	-0.52	-1
524	552	2194	2	1	1	0.00	1
525	526	12217	5	3	2	0.26	1
525	527	15307	7	4	3	0.26	1
525	528	11706	5	1	4	-0.78	-1
525	529	13560	5	2	3	-0.26	-1
525	530	14016	5	0	5	-1.30	-1
525	531	14193	5	2	3	-0.26	-1
525	532	14089	5	1	4	-0.78	-1
525	533	13040	5	3	2	0.26	1
525	534	12598	5	2	3	-0.26	-1
525	535	12349	5	2	3	-0.26	-1
525	536	12140	5	2	3	-0.26	-1
525	537	12045	5	1	4	-0.78	-1
525	538	11708	5	2	3	-0.26	-1
525	539	10599	4	2	2	0.00	1
525	540	9023	4	3	1	0.52	1
525	541	8776	4	2	2	0.00	1
525	542	8164	4	1	3	-0.52	-1
525	543	8044	4	3	1	0.52	1
525	544	6662	4	2	2	0.00	1
525	545	6242	3	1	2	-0.26	-1
525	546	6006	3	1	2	-0.26	-1
525	547	3539	3	0	3	-0.78	-1
525	548	2973	2	2	0	0.52	1
526	527	11994	5	0	5	-1.30	-1
526	528	11631	5	2	3	-0.26	-1
526	529	11113	3	2	1	0.26	1
526	530	11017	3	1	2	-0.26	-1
526	531	10880	3	2	1	0.26	1
526	532	10776	3	1	2	-0.26	-1
526	533	9727	3	1	2	-0.26	-1
526	534	9285	3	1	2	-0.26	-1
526	535	9036	3	2	1	0.26	1
526	536	8827	3	2	1	0.26	1
526	537	8732	3	2	1	0.26	1
526	538	8395	3	2	1	0.26	1
526	539	7286	2	1	1	0.00	1
526	540	5710	2	1	1	0.00	1
526	541	5463	2	1	1	0.00	1
526	542	4851	2	1	1	0.00	1
526	543	4731	2	2	0	0.52	1
526	544	3349	2	1	1	0.00	1
526	545	2929	1	1	0	0.26	1
526	546	2693	1	0	1	-0.26	-1
526	547	226	1	0	1	-0.26	-1
527	528	11706	5	1	4	-0.78	-1
527	529	13560	5	3	2	0.26	1
527	530	14016	5	2	3	-0.26	-1
527	531	16660	7	1	6	-1.30	-1
527	532	15590	6	3	3	0.00	1
527	533	16777	7	1	6	-1.30	-1
527	534	18064	7	4	3	0.26	1
527	535	17815	7	1	6	-1.30	-1
527	536	14946	7	0	7	-1.82	-1
527	537	17511	7	2	5	-0.78	-1
527	538	16794	7	4	3	0.26	1
527	539	14478	6	2	4	-0.52	-1
527	540	11761	6	3	3	0.00	1
527	541	14242	6	1	5	-1.04	-1
527	542	13630	6	2	4	-0.52	-1
527	543	11691	6	4	2	0.52	1
527	544	12128	6	5	1	1.04	1
527	545	11708	5	2	3	-0.26	-1
527	546	11472	5	4	1	0.78	1
527	547	9005	5	4	1	0.78	1
527	548	8439	4	2	2	0.00	1
527	549	7139	2	0	2	-0.52	-1
527	550	7073	2	2	0	0.52	1
527	551	5321	2	1	1	0.00	1
527	552	4765	2	0	2	-0.52	-1
528	529	11188	3	2	1	0.26	1
528	530	11092	3	0	3	-0.78	-1
528	531	10955	3	3	0	0.78	1
528	532	10851	3	2	1	0.26	1
528	533	9802	3	1	2	-0.26	-1
528	534	9360	3	2	1	0.26	1
528	535	9111	3	1	2	-0.26	-1
528	536	8902	3	0	3	-0.78	-1
528	537	8807	3	2	1	0.26	1
528	538	8470	3	2	1	0.26	1
528	539	7361	2	1	1	0.00	1
528	540	5785	2	0	2	-0.52	-1
528	541	5538	2	0	2	-0.52	-1
528	542	4926	2	0	2	-0.52	-1
528	543	4806	2	1	1	0.00	1
528	544	3424	2	1	1	0.00	1
528	545	3004	1	0	1	-0.26	-1
528	546	2768	1	1	0	0.26	1
528	547	301	1	1	0	0.26	1
529	530	13464	5	2	3	-0.26	-1
529	531	13327	5	2	3	-0.26	-1
529	532	13223	5	2	3	-0.26	-1
529	533	12174	5	2	3	-0.26	-1
529	534	11732	5	2	3	-0.26	-1
529	535	11483	5	2	3	-0.26	-1
529	536	11274	5	2	3	-0.26	-1
529	537	11179	5	1	4	-0.78	-1
529	538	10842	5	1	4	-0.78	-1
529	539	9733	4	4	0	1.04	1
529	540	8157	4	3	1	0.52	1
529	541	7910	4	3	1	0.52	1
529	542	7298	4	2	2	0.00	1
529	543	7178	4	1	3	-0.52	-1
529	544	5796	4	2	2	0.00	1
529	545	5376	3	2	1	0.26	1
529	546	5140	3	2	1	0.26	1
529	547	2673	3	0	3	-0.78	-1
529	548	2107	2	0	2	-0.52	-1
530	531	13879	5	0	5	-1.30	-1
530	532	13775	5	1	4	-0.78	-1
530	533	12726	5	0	5	-1.30	-1
530	534	12284	5	4	1	0.78	1
530	535	12035	5	3	2	0.26	1
530	536	11826	5	4	1	0.78	1
530	537	11731	5	4	1	0.78	1
530	538	11394	5	4	1	0.78	1
530	539	10285	4	3	1	0.52	1
530	540	8709	4	1	3	-0.52	-1
530	541	8462	4	2	2	0.00	1
530	542	7850	4	1	3	-0.52	-1
530	543	7730	4	3	1	0.52	1
530	544	6348	4	2	2	0.00	1
530	545	5928	3	2	1	0.26	1
530	546	5692	3	0	3	-0.78	-1
530	547	3225	3	1	2	-0.26	-1
530	548	2659	2	0	2	-0.52	-1
531	532	15590	6	5	1	1.04	1
531	533	15507	7	5	2	0.78	1
531	534	15065	7	3	4	-0.26	-1
531	535	14816	7	6	1	1.30	1
531	536	14607	7	2	5	-0.78	-1
531	537	14512	7	6	1	1.30	1
531	538	14175	7	5	2	0.78	1
531	539	13066	6	5	1	1.04	1
531	540	11490	6	2	4	-0.52	-1
531	541	11243	6	3	3	0.00	1
531	542	10631	6	3	3	0.00	1
531	543	10511	6	3	3	0.00	1
531	544	9129	6	4	2	0.52	1
531	545	8709	5	3	2	0.26	1
531	546	8473	5	2	3	-0.26	-1
531	547	6006	5	1	4	-0.78	-1
531	548	5440	4	3	1	0.52	1
531	549	4140	2	0	2	-0.52	-1
531	550	4074	2	1	1	0.00	1
531	551	2322	2	0	2	-0.52	-1
531	552	1766	2	1	1	0.00	1
532	533	14541	6	3	3	0.00	1
532	534	14099	6	3	3	0.00	1
532	535	13850	6	2	4	-0.52	-1
532	536	13641	6	2	4	-0.52	-1
532	537	13546	6	2	4	-0.52	-1
532	538	13209	6	2	4	-0.52	-1
532	539	12100	5	2	3	-0.26	-1
532	540	10524	5	5	0	1.30	1
532	541	10277	5	4	1	0.78	1
532	542	9665	5	5	0	1.30	1
532	543	9545	5	3	2	0.26	1
532	544	8163	5	2	3	-0.26	-1
532	545	7743	4	1	3	-0.52	-1
532	546	7507	4	2	2	0.00	1
532	547	5040	4	1	3	-0.52	-1
532	548	4474	3	3	0	0.78	1
532	549	3174	1	1	0	0.26	1
532	550	3108	1	0	1	-0.26	-1
532	551	1356	1	0	1	-0.26	-1
532	552	800	1	0	1	-0.26	-1
533	534	16335	7	2	5	-0.78	-1
533	535	16086	7	4	3	0.26	1
533	536	14946	7	2	5	-0.78	-1
533	537	15782	7	5	2	0.78	1
533	538	15445	7	6	1	1.30	1
533	539	14336	6	1	5	-1.04	-1
533	540	11761	6	4	2	0.52	1
533	541	12513	6	4	2	0.52	1
533	542	11901	6	1	5	-1.04	-1
533	543	11691	6	2	4	-0.52	-1
533	544	10399	6	1	5	-1.04	-1
533	545	9979	5	1	4	-0.78	-1
533	546	9743	5	2	3	-0.26	-1
533	547	7276	5	2	3	-0.26	-1
533	548	6710	4	3	1	0.52	1
533	549	5410	2	1	1	0.00	1
533	550	5344	2	0	2	-0.52	-1
533	551	3592	2	2	0	0.52	1
533	552	3036	2	2	0	0.52	1
534	535	22757	8	3	5	-0.52	-1
534	536	14946	7	5	2	0.78	1
534	537	21837	8	2	6	-1.04	-1
534	538	16794	7	4	3	0.26	1
534	539	14478	6	2	4	-0.52	-1
534	540	11761	6	1	5	-1.04	-1
534	541	16484	7	7	0	1.82	1
534	542	20191	8	5	3	0.52	1
534	543	11691	6	3	3	0.00	1
534	544	18689	8	5	3	0.52	1
534	545	18269	7	5	2	0.78	1
534	546	18033	7	6	1	1.30	1
534	547	15566	7	7	0	1.82	1
534	548	15000	6	4	2	0.52	1
534	549	12747	4	2	2	0.00	1
534	550	13634	4	2	2	0.00	1
534	551	11882	4	0	4	-1.04	-1
534	552	11326	4	1	3	-0.52	-1
534	553	10007	2	1	1	0.00	1
534	554	9975	2	1	1	0.00	1
534	555	8420	2	2	0	0.52	1
534	556	7806	2	2	0	0.52	1
534	557	7787	2	1	1	0.00	1
534	558	6750	2	0	2	-0.52	-1
534	559	6052	2	1	1	0.00	1
534	560	5860	1	0	1	-0.26	-1
534	561	4909	1	1	0	0.26	1
534	562	4025	1	1	0	0.26	1
534	563	3980	1	0	1	-0.26	-1
534	564	3837	1	0	1	-0.26	-1
534	565	3610	1	0	1	-0.26	-1
534	566	2979	1	1	0	0.26	1
534	567	2060	1	0	1	-0.26	-1
535	536	14946	7	4	3	0.26	1
535	537	21837	8	5	3	0.52	1
535	538	16794	7	1	6	-1.30	-1
535	539	14478	6	1	5	-1.04	-1
535	540	11761	6	4	2	0.52	1
535	541	16484	7	2	5	-0.78	-1
535	542	18572	7	4	3	0.26	1
535	543	11691	6	2	4	-0.52	-1
535	544	17070	7	5	2	0.78	1
535	545	16650	6	4	2	0.52	1
535	546	16414	6	4	2	0.52	1
535	547	13947	6	5	1	1.04	1
535	548	13381	5	2	3	-0.26	-1
535	549	12081	3	2	1	0.26	1
535	550	12015	3	1	2	-0.26	-1
535	551	10263	3	2	1	0.26	1
535	552	9707	3	2	1	0.26	1
535	553	8388	1	0	1	-0.26	-1
535	554	8356	1	0	1	-0.26	-1
535	555	6801	1	0	1	-0.26	-1
535	556	6187	1	0	1	-0.26	-1
535	557	6168	1	1	0	0.26	1
535	558	5131	1	0	1	-0.26	-1
535	559	4433	1	0	1	-0.26	-1
536	537	14851	7	3	4	-0.26	-1
536	538	14514	7	2	5	-0.78	-1
536	539	13405	6	2	4	-0.52	-1
536	540	11761	6	1	5	-1.04	-1
536	541	11582	6	4	2	0.52	1
536	542	10970	6	2	4	-0.52	-1
536	543	10850	6	1	5	-1.04	-1
536	544	9468	6	0	6	-1.56	-1
536	545	9048	5	1	4	-0.78	-1
536	546	8812	5	2	3	-0.26	-1
536	547	6345	5	4	1	0.78	1
536	548	5779	4	3	1	0.52	1
536	549	4479	2	1	1	0.00	1
536	550	4413	2	2	0	0.52	1
536	551	2661	2	1	1	0.00	1
536	552	2105	2	0	2	-0.52	-1
537	538	16794	7	3	4	-0.26	-1
537	539	14478	6	2	4	-0.52	-1
537	540	11761	6	3	3	0.00	1
537	541	16484	7	3	4	-0.26	-1
537	542	17956	7	5	2	0.78	1
537	543	11691	6	2	4	-0.52	-1
537	544	16454	7	2	5	-0.78	-1
537	545	16034	6	5	1	1.04	1
537	546	15798	6	2	4	-0.52	-1
537	547	13331	6	3	3	0.00	1
537	548	12765	5	2	3	-0.26	-1
537	549	11465	3	2	1	0.26	1
537	550	11399	3	2	1	0.26	1
537	551	9647	3	2	1	0.26	1
537	552	9091	3	1	2	-0.26	-1
537	553	7772	1	0	1	-0.26	-1
537	554	7740	1	0	1	-0.26	-1
537	555	6185	1	1	0	0.26	1
537	556	5571	1	0	1	-0.26	-1
537	557	5552	1	1	0	0.26	1
537	558	4515	1	1	0	0.26	1
537	559	3817	1	1	0	0.26	1
538	539	14478	6	5	1	1.04	1
538	540	11761	6	2	4	-0.52	-1
538	541	13862	6	3	3	0.00	1
538	542	13250	6	3	3	0.00	1
538	543	11691	6	2	4	-0.52	-1
538	544	11748	6	2	4	-0.52	-1
538	545	11328	5	3	2	0.26	1
538	546	11092	5	3	2	0.26	1
538	547	8625	5	5	0	1.30	1
538	548	8059	4	2	2	0.00	1
538	549	6759	2	1	1	0.00	1
538	550	6693	2	1	1	0.00	1
538	551	4941	2	1	1	0.00	1
538	552	4385	2	2	0	0.52	1
539	540	11761	6	2	4	-0.52	-1
539	541	12655	6	1	5	-1.04	-1
539	542	12043	6	3	3	0.00	1
539	543	11691	6	4	2	0.52	1
539	544	10541	6	3	3	0.00	1
539	545	10121	5	2	3	-0.26	-1
539	546	9885	5	1	4	-0.78	-1
539	547	7418	5	2	3	-0.26	-1
539	548	6852	4	4	0	1.04	1
539	549	5552	2	1	1	0.00	1
539	550	5486	2	1	1	0.00	1
539	551	3734	2	1	1	0.00	1
539	552	3178	2	1	1	0.00	1
540	541	11514	6	1	5	-1.04	-1
540	542	10902	6	1	5	-1.04	-1
540	543	10782	6	4	2	0.52	1
540	544	9400	6	1	5	-1.04	-1
540	545	8980	5	2	3	-0.26	-1
540	546	8744	5	1	4	-0.78	-1
540	547	6277	5	4	1	0.78	1
540	548	5711	4	3	1	0.52	1
540	549	4411	2	1	1	0.00	1
540	550	4345	2	1	1	0.00	1
540	551	2593	2	1	1	0.00	1
540	552	2037	2	0	2	-0.52	-1
541	542	15872	7	4	3	0.26	1
541	543	11691	6	3	3	0.00	1
541	544	14370	7	4	3	0.26	1
541	545	13950	6	4	2	0.52	1
541	546	13714	6	4	2	0.52	1
541	547	11247	6	4	2	0.52	1
541	548	10681	5	2	3	-0.26	-1
541	549	9381	3	2	1	0.26	1
541	550	9315	3	0	3	-0.78	-1
541	551	7563	3	2	1	0.26	1
541	552	7007	3	2	1	0.26	1
541	553	5688	1	0	1	-0.26	-1
541	554	5656	1	1	0	0.26	1
541	555	4101	1	1	0	0.26	1
541	556	3487	1	0	1	-0.26	-1
541	557	3468	1	0	1	-0.26	-1
541	558	2431	1	0	1	-0.26	-1
541	559	1733	1	0	1	-0.26	-1
542	543	11691	6	2	4	-0.52	-1
542	544	22481	11	8	3	1.30	1
542	545	23492	12	8	4	1.04	1
542	546	24052	13	9	4	1.30	1
542	547	16372	7	4	3	0.26	1
542	548	18904	9	4	5	-0.26	-1
542	549	12747	4	4	0	1.04	1
542	550	19653	10	6	4	0.52	1
542	551	17901	10	7	3	1.04	1
542	552	16403	8	5	3	0.52	1
542	553	16026	8	2	6	-1.04	-1
542	554	15267	7	3	4	-0.26	-1
542	555	14439	8	2	6	-1.04	-1
542	556	13825	8	2	6	-1.04	-1
542	557	13806	8	3	5	-0.52	-1
542	558	12769	8	3	5	-0.52	-1
542	559	12071	8	5	3	0.52	1
542	560	11879	7	4	3	0.26	1
542	561	10928	7	7	0	1.82	1
542	562	10044	7	6	1	1.30	1
542	563	9999	7	5	2	0.78	1
542	564	9856	7	3	4	-0.26	-1
542	565	9629	7	4	3	0.26	1
542	566	8998	7	5	2	0.78	1
542	567	8079	7	4	3	0.26	1
542	568	6943	6	2	4	-0.52	-1
542	569	6779	6	4	2	0.52	1
542	570	6367	6	5	1	1.04	1
542	571	5358	6	5	1	1.04	1
542	572	5212	6	5	1	1.04	1
542	573	4886	5	2	3	-0.26	-1
542	574	4864	5	3	2	0.26	1
542	575	4719	5	1	4	-0.78	-1
542	576	4451	4	1	3	-0.52	-1
542	577	4216	4	4	0	1.04	1
542	578	3364	3	0	3	-0.78	-1
542	579	2280	3	2	1	0.26	1
542	580	2244	3	2	1	0.26	1
542	581	1817	3	2	1	0.26	1
542	582	1458	3	1	2	-0.26	-1
542	583	1378	3	2	1	0.26	1
542	584	1360	3	3	0	0.78	1
542	585	1251	2	2	0	0.52	1
542	586	1024	2	0	2	-0.52	-1
542	587	972	2	2	0	0.52	1
543	544	10309	6	2	4	-0.52	-1
543	545	9889	5	3	2	0.26	1
543	546	9653	5	1	4	-0.78	-1
543	547	7186	5	1	4	-0.78	-1
543	548	6620	4	3	1	0.52	1
543	549	5320	2	2	0	0.52	1
543	550	5254	2	1	1	0.00	1
543	551	3502	2	1	1	0.00	1
543	552	2946	2	1	1	0.00	1
544	545	22061	10	5	5	0.00	1
544	546	21825	10	7	3	1.04	1
544	547	16372	7	6	1	1.30	1
544	548	18792	9	5	4	0.26	1
544	549	12747	4	1	3	-0.52	-1
544	550	17426	7	6	1	1.30	1
544	551	15674	7	4	3	0.26	1
544	552	15118	7	5	2	0.78	1
544	553	13799	5	1	4	-0.78	-1
544	554	13767	5	3	2	0.26	1
544	555	12212	5	1	4	-0.78	-1
544	556	11598	5	1	4	-0.78	-1
544	557	11579	5	2	3	-0.26	-1
544	558	10542	5	4	1	0.78	1
544	559	9844	5	3	2	0.26	1
544	560	9652	4	1	3	-0.52	-1
544	561	8701	4	0	4	-1.04	-1
544	562	7817	4	1	3	-0.52	-1
544	563	7772	4	2	2	0.00	1
544	564	7629	4	3	1	0.52	1
544	565	7402	4	2	2	0.00	1
544	566	6771	4	2	2	0.00	1
544	567	5852	4	1	3	-0.52	-1
544	568	4716	3	1	2	-0.26	-1
544	569	4552	3	3	0	0.78	1
544	570	4140	3	1	2	-0.26	-1
544	571	3131	3	2	1	0.26	1
544	572	2985	3	1	2	-0.26	-1
544	573	2659	2	2	0	0.52	1
544	574	2637	2	0	2	-0.52	-1
544	575	2492	2	0	2	-0.52	-1
544	576	2224	1	1	0	0.26	1
544	577	1989	1	1	0	0.26	1
545	546	23256	12	8	4	1.04	1
545	547	16372	7	3	4	-0.26	-1
545	548	18904	9	3	6	-0.78	-1
545	549	12747	4	2	2	0.00	1
545	550	18857	9	4	5	-0.26	-1
545	551	17105	9	5	4	0.26	1
545	552	16403	8	3	5	-0.52	-1
545	553	15230	7	3	4	-0.26	-1
545	554	15198	7	4	3	0.26	1
545	555	13643	7	2	5	-0.78	-1
545	556	13029	7	3	4	-0.26	-1
545	557	13010	7	3	4	-0.26	-1
545	558	11973	7	5	2	0.78	1
545	559	11275	7	4	3	0.26	1
545	560	11083	6	1	5	-1.04	-1
545	561	10132	6	3	3	0.00	1
545	562	9248	6	3	3	0.00	1
545	563	9203	6	4	2	0.52	1
545	564	9060	6	3	3	0.00	1
545	565	8833	6	4	2	0.52	1
545	566	8202	6	5	1	1.04	1
545	567	7283	6	1	5	-1.04	-1
545	568	6147	5	3	2	0.26	1
545	569	5983	5	4	1	0.78	1
545	570	5571	5	2	3	-0.26	-1
545	571	4562	5	0	5	-1.30	-1
545	572	4416	5	5	0	1.30	1
545	573	4090	4	2	2	0.00	1
545	574	4068	4	4	0	1.04	1
545	575	3923	4	2	2	0.00	1
545	576	3655	3	1	2	-0.26	-1
545	577	3420	3	2	1	0.26	1
545	578	2568	2	1	1	0.00	1
545	579	1484	2	0	2	-0.52	-1
545	580	1448	2	1	1	0.00	1
545	581	1021	2	1	1	0.00	1
545	582	662	2	0	2	-0.52	-1
545	583	582	2	2	0	0.52	1
545	584	564	2	1	1	0.00	1
545	585	455	1	1	0	0.26	1
545	586	228	1	1	0	0.26	1
545	587	176	1	0	1	-0.26	-1
546	547	16372	7	4	3	0.26	1
546	548	18904	9	5	4	0.26	1
546	549	12747	4	1	3	-0.52	-1
546	550	20220	11	8	3	1.30	1
546	551	18468	11	9	2	1.82	1
546	552	16403	8	6	2	1.04	1
546	553	16593	9	4	5	-0.26	-1
546	554	15267	7	6	1	1.30	1
546	555	15006	9	4	5	-0.26	-1
546	556	14392	9	7	2	1.30	1
546	557	14373	9	5	4	0.26	1
546	558	13336	9	6	3	0.78	1
546	559	12638	9	5	4	0.26	1
546	560	12446	8	2	6	-1.04	-1
546	561	11495	8	8	0	2.09	1
546	562	10611	8	7	1	1.56	1
546	563	10566	8	3	5	-0.52	-1
546	564	10423	8	5	3	0.52	1
546	565	10196	8	5	3	0.52	1
546	566	9565	8	6	2	1.04	1
546	567	8646	8	2	6	-1.04	-1
546	568	7510	7	2	5	-0.78	-1
546	569	7346	7	5	2	0.78	1
546	570	6934	7	2	5	-0.78	-1
546	571	5925	7	2	5	-0.78	-1
546	572	5779	7	3	4	-0.26	-1
546	573	5453	6	4	2	0.52	1
546	574	5431	6	2	4	-0.52	-1
546	575	5286	6	3	3	0.00	1
546	576	5018	5	3	2	0.26	1
546	577	4783	5	2	3	-0.26	-1
546	578	3931	4	3	1	0.52	1
546	579	2847	4	0	4	-1.04	-1
546	580	2811	4	3	1	0.52	1
546	581	2384	4	3	1	0.52	1
546	582	2025	4	1	3	-0.52	-1
546	583	1945	4	1	3	-0.52	-1
546	584	1927	4	3	1	0.52	1
546	585	1818	3	1	2	-0.26	-1
546	586	1591	3	0	3	-0.78	-1
546	587	1539	3	3	0	0.78	1
546	588	1018	1	0	1	-0.26	-1
547	548	15806	6	3	3	0.00	1
547	549	12747	4	1	3	-0.52	-1
547	550	14440	4	3	1	0.52	1
547	551	12688	4	1	3	-0.52	-1
547	552	12132	4	3	1	0.52	1
547	553	10813	2	0	2	-0.52	-1
547	554	10781	2	2	0	0.52	1
547	555	9226	2	1	1	0.00	1
547	556	8612	2	1	1	0.00	1
547	557	8593	2	2	0	0.52	1
547	558	7556	2	0	2	-0.52	-1
547	559	6858	2	2	0	0.52	1
547	560	6666	1	0	1	-0.26	-1
547	561	5715	1	0	1	-0.26	-1
547	562	4831	1	1	0	0.26	1
547	563	4786	1	1	0	0.26	1
547	564	4643	1	0	1	-0.26	-1
547	565	4416	1	0	1	-0.26	-1
547	566	3785	1	0	1	-0.26	-1
547	567	2866	1	1	0	0.26	1
548	549	12747	4	2	2	0.00	1
548	550	17538	7	4	3	0.26	1
548	551	15786	7	1	6	-1.30	-1
548	552	15230	7	5	2	0.78	1
548	553	13911	5	3	2	0.26	1
548	554	13879	5	3	2	0.26	1
548	555	12324	5	3	2	0.26	1
548	556	11710	5	4	1	0.78	1
548	557	11691	5	1	4	-0.78	-1
548	558	10654	5	2	3	-0.26	-1
548	559	9956	5	4	1	0.78	1
548	560	9764	4	2	2	0.00	1
548	561	8813	4	0	4	-1.04	-1
548	562	7929	4	2	2	0.00	1
548	563	7884	4	0	4	-1.04	-1
548	564	7741	4	1	3	-0.52	-1
548	565	7514	4	1	3	-0.52	-1
548	566	6883	4	3	1	0.52	1
548	567	5964	4	2	2	0.00	1
548	568	4828	3	1	2	-0.26	-1
548	569	4664	3	1	2	-0.26	-1
548	570	4252	3	0	3	-0.78	-1
548	571	3243	3	3	0	0.78	1
548	572	3097	3	2	1	0.26	1
548	573	2771	2	0	2	-0.52	-1
548	574	2749	2	1	1	0.00	1
548	575	2604	2	1	1	0.00	1
548	576	2336	1	0	1	-0.26	-1
548	577	2101	1	1	0	0.26	1
549	550	12681	4	0	4	-1.04	-1
549	551	10929	4	2	2	0.00	1
549	552	10373	4	4	0	1.04	1
549	553	9054	2	1	1	0.00	1
549	554	9022	2	2	0	0.52	1
549	555	7467	2	1	1	0.00	1
549	556	6853	2	0	2	-0.52	-1
549	557	6834	2	0	2	-0.52	-1
549	558	5797	2	0	2	-0.52	-1
549	559	5099	2	1	1	0.00	1
549	560	4907	1	1	0	0.26	1
549	561	3956	1	1	0	0.26	1
549	562	3072	1	1	0	0.26	1
549	563	3027	1	0	1	-0.26	-1
549	564	2884	1	1	0	0.26	1
549	565	2657	1	1	0	0.26	1
549	566	2026	1	1	0	0.26	1
549	567	1107	1	1	0	0.26	1
550	551	19492	11	6	5	0.26	1
550	552	16403	8	3	5	-0.52	-1
550	553	21222	10	6	4	0.52	1
550	554	15267	7	2	5	-0.78	-1
550	555	19635	10	4	6	-0.52	-1
550	556	18481	10	5	5	0.00	1
550	557	19002	10	4	6	-0.52	-1
550	558	17965	10	3	7	-1.04	-1
550	559	16507	10	6	4	0.52	1
550	560	17075	9	4	5	-0.26	-1
550	561	16124	9	3	6	-0.78	-1
550	562	15240	9	4	5	-0.26	-1
550	563	14292	9	5	4	0.26	1
550	564	14569	9	6	3	0.78	1
550	565	14825	9	7	2	1.30	1
550	566	14194	9	5	4	0.26	1
550	567	13275	9	5	4	0.26	1
550	568	12139	8	5	3	0.52	1
550	569	11975	8	3	5	-0.52	-1
550	570	11563	8	5	3	0.52	1
550	571	10554	8	2	6	-1.04	-1
550	572	10408	8	5	3	0.52	1
550	573	10082	7	3	4	-0.26	-1
550	574	10060	7	4	3	0.26	1
550	575	9915	7	4	3	0.26	1
550	576	9647	6	3	3	0.00	1
550	577	9412	6	0	6	-1.56	-1
550	578	8560	5	2	3	-0.26	-1
550	579	7476	5	1	4	-0.78	-1
550	580	7440	5	4	1	0.78	1
550	581	7013	5	2	3	-0.26	-1
550	582	6654	5	1	4	-0.78	-1
550	583	6574	5	0	5	-1.30	-1
550	584	6556	5	2	3	-0.26	-1
550	585	6447	4	2	2	0.00	1
550	586	6220	4	1	3	-0.52	-1
550	587	6168	4	3	1	0.52	1
550	588	5647	2	1	1	0.00	1
550	589	3679	1	0	1	-0.26	-1
550	590	2568	1	0	1	-0.26	-1
550	591	2543	1	0	1	-0.26	-1
550	592	1702	1	0	1	-0.26	-1
551	552	16403	8	3	5	-0.52	-1
551	553	17617	9	3	6	-0.78	-1
551	554	15267	7	3	4	-0.26	-1
551	555	16030	9	5	4	0.26	1
551	556	15416	9	3	6	-0.78	-1
551	557	15397	9	4	5	-0.26	-1
551	558	14360	9	6	3	0.78	1
551	559	13662	9	3	6	-0.78	-1
551	560	13470	8	5	3	0.52	1
551	561	12519	8	6	2	1.04	1
551	562	11635	8	5	3	0.52	1
551	563	11590	8	4	4	0.00	1
551	564	11447	8	2	6	-1.04	-1
551	565	11220	8	7	1	1.56	1
551	566	10589	8	3	5	-0.52	-1
551	567	9670	8	6	2	1.04	1
551	568	8534	7	6	1	1.30	1
551	569	8370	7	2	5	-0.78	-1
551	570	7958	7	5	2	0.78	1
551	571	6949	7	6	1	1.30	1
551	572	6803	7	5	2	0.78	1
551	573	6477	6	2	4	-0.52	-1
551	574	6455	6	3	3	0.00	1
551	575	6310	6	5	1	1.04	1
551	576	6042	5	1	4	-0.78	-1
551	577	5807	5	3	2	0.26	1
551	578	4955	4	3	1	0.52	1
551	579	3871	4	3	1	0.52	1
551	580	3835	4	2	2	0.00	1
551	581	3408	4	2	2	0.00	1
551	582	3049	4	1	3	-0.52	-1
551	583	2969	4	4	0	1.04	1
551	584	2951	4	3	1	0.52	1
551	585	2842	3	1	2	-0.26	-1
551	586	2615	3	2	1	0.26	1
551	587	2563	3	2	1	0.26	1
551	588	2042	1	0	1	-0.26	-1
552	553	15084	6	5	1	1.04	1
552	554	15052	6	3	3	0.00	1
552	555	13497	6	6	0	1.56	1
552	556	12883	6	4	2	0.52	1
552	557	12864	6	2	4	-0.52	-1
552	558	11827	6	2	4	-0.52	-1
552	559	11129	6	5	1	1.04	1
552	560	10937	5	2	3	-0.26	-1
552	561	9986	5	1	4	-0.78	-1
552	562	9102	5	1	4	-0.78	-1
552	563	9057	5	2	3	-0.26	-1
552	564	8914	5	3	2	0.26	1
552	565	8687	5	2	3	-0.26	-1
552	566	8056	5	3	2	0.26	1
552	567	7137	5	1	4	-0.78	-1
552	568	6001	4	2	2	0.00	1
552	569	5837	4	0	4	-1.04	-1
552	570	5425	4	3	1	0.52	1
552	571	4416	4	4	0	1.04	1
552	572	4270	4	1	3	-0.52	-1
552	573	3944	3	2	1	0.26	1
552	574	3922	3	1	2	-0.26	-1
552	575	3777	3	2	1	0.26	1
552	576	3509	2	0	2	-0.52	-1
552	577	3274	2	0	2	-0.52	-1
552	578	2422	1	0	1	-0.26	-1
552	579	1338	1	0	1	-0.26	-1
552	580	1302	1	1	0	0.26	1
552	581	875	1	1	0	0.26	1
552	582	516	1	0	1	-0.26	-1
552	583	436	1	1	0	0.26	1
552	584	418	1	0	1	-0.26	-1
553	554	15267	7	3	4	-0.26	-1
553	555	20171	10	6	4	0.52	1
553	556	18481	10	6	4	0.52	1
553	557	19114	10	0	10	-2.61	-1
553	558	19838	13	6	7	-0.26	-1
553	559	16507	10	5	5	0.00	1
553	560	18897	11	7	4	0.78	1
553	561	18524	12	6	6	0.00	1
553	562	15931	10	5	5	0.00	1
553	563	14292	9	5	4	0.26	1
553	564	14569	9	4	5	-0.26	-1
553	565	19759	13	6	7	-0.26	-1
553	566	19128	13	4	9	-1.30	-1
553	567	18209	13	6	7	-0.26	-1
553	568	16991	12	6	6	0.00	1
553	569	13700	10	4	6	-0.52	-1
553	570	16497	12	4	8	-1.04	-1
553	571	11514	9	7	2	1.30	1
553	572	15155	12	4	8	-1.04	-1
553	573	15016	11	5	6	-0.26	-1
553	574	14994	11	4	7	-0.78	-1
553	575	14849	11	3	8	-1.30	-1
553	576	14581	10	8	2	1.56	1
553	577	14346	10	7	3	1.04	1
553	578	13494	9	1	8	-1.82	-1
553	579	12410	9	5	4	0.26	1
553	580	12374	9	5	4	0.26	1
553	581	11526	9	6	3	0.78	1
553	582	11588	9	2	7	-1.30	-1
553	583	11508	9	5	4	0.26	1
553	584	11490	9	3	6	-0.78	-1
553	585	11381	8	6	2	1.04	1
553	586	11154	8	5	3	0.52	1
553	587	11102	8	5	3	0.52	1
553	588	10581	6	5	1	1.04	1
553	589	8613	5	2	3	-0.26	-1
553	590	7502	5	3	2	0.26	1
553	591	7477	5	4	1	0.78	1
553	592	6636	5	2	3	-0.26	-1
553	593	5033	4	3	1	0.52	1
553	594	4543	4	3	1	0.52	1
553	595	2965	1	1	0	0.26	1
553	596	2492	1	1	0	0.26	1
553	597	2080	1	1	0	0.26	1
554	555	13712	7	3	4	-0.26	-1
554	556	13098	7	3	4	-0.26	-1
554	557	13079	7	5	2	0.78	1
554	558	12042	7	5	2	0.78	1
554	559	11344	7	4	3	0.26	1
554	560	11152	6	0	6	-1.56	-1
554	561	10201	6	6	0	1.56	1
554	562	9317	6	1	5	-1.04	-1
554	563	9272	6	3	3	0.00	1
554	564	9129	6	4	2	0.52	1
554	565	8902	6	4	2	0.52	1
554	566	8271	6	2	4	-0.52	-1
554	567	7352	6	3	3	0.00	1
554	568	6216	5	2	3	-0.26	-1
554	569	6052	5	1	4	-0.78	-1
554	570	5640	5	1	4	-0.78	-1
554	571	4631	5	4	1	0.78	1
554	572	4485	5	4	1	0.78	1
554	573	4159	4	3	1	0.52	1
554	574	4137	4	3	1	0.52	1
554	575	3992	4	1	3	-0.52	-1
554	576	3724	3	1	2	-0.26	-1
554	577	3489	3	2	1	0.26	1
554	578	2637	2	2	0	0.52	1
554	579	1553	2	0	2	-0.52	-1
554	580	1517	2	1	1	0.00	1
554	581	1090	2	0	2	-0.52	-1
554	582	731	2	0	2	-0.52	-1
554	583	651	2	1	1	0.00	1
554	584	633	2	2	0	0.52	1
554	585	524	1	0	1	-0.26	-1
554	586	297	1	1	0	0.26	1
554	587	245	1	1	0	0.26	1
555	556	18481	10	7	3	1.04	1
555	557	19114	10	5	5	0.00	1
555	558	18501	10	4	6	-0.52	-1
555	559	16507	10	3	7	-1.04	-1
555	560	17611	9	5	4	0.26	1
555	561	16660	9	5	4	0.26	1
555	562	15776	9	2	7	-1.30	-1
555	563	14292	9	4	5	-0.26	-1
555	564	14569	9	7	2	1.30	1
555	565	15361	9	5	4	0.26	1
555	566	14730	9	1	8	-1.82	-1
555	567	13811	9	3	6	-0.78	-1
555	568	12675	8	3	5	-0.52	-1
555	569	12511	8	5	3	0.52	1
555	570	12099	8	2	6	-1.04	-1
555	571	11090	8	6	2	1.04	1
555	572	10944	8	5	3	0.52	1
555	573	10618	7	3	4	-0.26	-1
555	574	10596	7	3	4	-0.26	-1
555	575	10451	7	5	2	0.78	1
555	576	10183	6	5	1	1.04	1
555	577	9948	6	3	3	0.00	1
555	578	9096	5	4	1	0.78	1
555	579	8012	5	4	1	0.78	1
555	580	7976	5	0	5	-1.30	-1
555	581	7549	5	2	3	-0.26	-1
555	582	7190	5	2	3	-0.26	-1
555	583	7110	5	3	2	0.26	1
555	584	7092	5	3	2	0.26	1
555	585	6983	4	2	2	0.00	1
555	586	6756	4	2	2	0.00	1
555	587	6704	4	2	2	0.00	1
555	588	6183	2	0	2	-0.52	-1
555	589	4215	1	0	1	-0.26	-1
555	590	3104	1	1	0	0.26	1
555	591	3079	1	0	1	-0.26	-1
555	592	2238	1	1	0	0.26	1
556	557	18462	10	6	4	0.52	1
556	558	17425	10	5	5	0.00	1
556	559	16507	10	6	4	0.52	1
556	560	16535	9	3	6	-0.78	-1
556	561	15584	9	4	5	-0.26	-1
556	562	14700	9	2	7	-1.30	-1
556	563	14292	9	6	3	0.78	1
556	564	14512	9	1	8	-1.82	-1
556	565	14285	9	6	3	0.78	1
556	566	13654	9	5	4	0.26	1
556	567	12735	9	5	4	0.26	1
556	568	11599	8	4	4	0.00	1
556	569	11435	8	3	5	-0.52	-1
556	570	11023	8	6	2	1.04	1
556	571	10014	8	6	2	1.04	1
556	572	9868	8	2	6	-1.04	-1
556	573	9542	7	4	3	0.26	1
556	574	9520	7	3	4	-0.26	-1
556	575	9375	7	1	6	-1.30	-1
556	576	9107	6	3	3	0.00	1
556	577	8872	6	2	4	-0.52	-1
556	578	8020	5	3	2	0.26	1
556	579	6936	5	3	2	0.26	1
556	580	6900	5	1	4	-0.78	-1
556	581	6473	5	2	3	-0.26	-1
556	582	6114	5	3	2	0.26	1
556	583	6034	5	1	4	-0.78	-1
556	584	6016	5	3	2	0.26	1
556	585	5907	4	4	0	1.04	1
556	586	5680	4	3	1	0.52	1
556	587	5628	4	1	3	-0.52	-1
556	588	5107	2	2	0	0.52	1
556	589	3139	1	0	1	-0.26	-1
556	590	2028	1	1	0	0.26	1
556	591	2003	1	1	0	0.26	1
556	592	1162	1	1	0	0.26	1
557	558	18077	10	5	5	0.00	1
557	559	16507	10	5	5	0.00	1
557	560	17187	9	2	7	-1.30	-1
557	561	16236	9	5	4	0.26	1
557	562	15352	9	6	3	0.78	1
557	563	14292	9	6	3	0.78	1
557	564	14569	9	4	5	-0.26	-1
557	565	14937	9	4	5	-0.26	-1
557	566	14306	9	7	2	1.30	1
557	567	13387	9	5	4	0.26	1
557	568	12251	8	5	3	0.52	1
557	569	12087	8	5	3	0.52	1
557	570	11675	8	6	2	1.04	1
557	571	10666	8	5	3	0.52	1
557	572	10520	8	4	4	0.00	1
557	573	10194	7	3	4	-0.26	-1
557	574	10172	7	3	4	-0.26	-1
557	575	10027	7	4	3	0.26	1
557	576	9759	6	5	1	1.04	1
557	577	9524	6	3	3	0.00	1
557	578	8672	5	3	2	0.26	1
557	579	7588	5	2	3	-0.26	-1
557	580	7552	5	2	3	-0.26	-1
557	581	7125	5	4	1	0.78	1
557	582	6766	5	2	3	-0.26	-1
557	583	6686	5	2	3	-0.26	-1
557	584	6668	5	5	0	1.30	1
557	585	6559	4	3	1	0.52	1
557	586	6332	4	0	4	-1.04	-1
557	587	6280	4	2	2	0.00	1
557	588	5759	2	1	1	0.00	1
557	589	3791	1	0	1	-0.26	-1
557	590	2680	1	0	1	-0.26	-1
557	591	2655	1	0	1	-0.26	-1
557	592	1814	1	1	0	0.26	1
558	559	16507	10	6	4	0.52	1
558	560	18897	11	7	4	0.78	1
558	561	17997	12	7	5	0.52	1
558	562	15931	10	5	5	0.00	1
558	563	14292	9	3	6	-0.78	-1
558	564	14569	9	5	4	0.26	1
558	565	16698	12	6	6	0.00	1
558	566	16067	12	7	5	0.52	1
558	567	15148	12	5	7	-0.52	-1
558	568	14012	11	9	2	1.82	1
558	569	13700	10	3	7	-1.04	-1
558	570	13436	11	8	3	1.30	1
558	571	11514	9	1	8	-1.82	-1
558	572	12281	11	5	6	-0.26	-1
558	573	11955	10	2	8	-1.56	-1
558	574	11933	10	6	4	0.52	1
558	575	11788	10	5	5	0.00	1
558	576	11520	9	5	4	0.26	1
558	577	11285	9	7	2	1.30	1
558	578	10433	8	6	2	1.04	1
558	579	9349	8	1	7	-1.56	-1
558	580	9313	8	6	2	1.04	1
558	581	8886	8	5	3	0.52	1
558	582	8527	8	4	4	0.00	1
558	583	8447	8	3	5	-0.52	-1
558	584	8429	8	4	4	0.00	1
558	585	8320	7	4	3	0.26	1
558	586	8093	7	4	3	0.26	1
558	587	8041	7	6	1	1.30	1
558	588	7520	5	3	2	0.26	1
558	589	5552	4	1	3	-0.52	-1
558	590	4441	4	2	2	0.00	1
558	591	4416	4	3	1	0.52	1
558	592	3575	4	3	1	0.52	1
558	593	1972	3	2	1	0.26	1
558	594	1482	3	1	2	-0.26	-1
559	560	16315	9	2	7	-1.30	-1
559	561	15364	9	4	5	-0.26	-1
559	562	14480	9	6	3	0.78	1
559	563	14292	9	8	1	1.82	1
559	564	14292	9	6	3	0.78	1
559	565	14065	9	6	3	0.78	1
559	566	13434	9	5	4	0.26	1
559	567	12515	9	5	4	0.26	1
559	568	11379	8	4	4	0.00	1
559	569	11215	8	4	4	0.00	1
559	570	10803	8	5	3	0.52	1
559	571	9794	8	6	2	1.04	1
559	572	9648	8	7	1	1.56	1
559	573	9322	7	3	4	-0.26	-1
559	574	9300	7	4	3	0.26	1
559	575	9155	7	4	3	0.26	1
559	576	8887	6	1	5	-1.04	-1
559	577	8652	6	4	2	0.52	1
559	578	7800	5	1	4	-0.78	-1
559	579	6716	5	0	5	-1.30	-1
559	580	6680	5	4	1	0.78	1
559	581	6253	5	3	2	0.26	1
559	582	5894	5	3	2	0.26	1
559	583	5814	5	1	4	-0.78	-1
559	584	5796	5	1	4	-0.78	-1
559	585	5687	4	2	2	0.00	1
559	586	5460	4	1	3	-0.52	-1
559	587	5408	4	3	1	0.52	1
559	588	4887	2	0	2	-0.52	-1
559	589	2919	1	1	0	0.26	1
559	590	1808	1	0	1	-0.26	-1
559	591	1783	1	1	0	0.26	1
559	592	942	1	1	0	0.26	1
560	561	17946	11	4	7	-0.78	-1
560	562	15931	10	4	6	-0.52	-1
560	563	14292	9	5	4	0.26	1
560	564	14569	9	4	5	-0.26	-1
560	565	16647	11	6	5	0.26	1
560	566	16016	11	4	7	-0.78	-1
560	567	15097	11	6	5	0.26	1
560	568	13961	10	4	6	-0.52	-1
560	569	13700	10	5	5	0.00	1
560	570	13385	10	6	4	0.52	1
560	571	11514	9	7	2	1.30	1
560	572	12230	10	4	6	-0.52	-1
560	573	11904	9	4	5	-0.26	-1
560	574	11882	9	5	4	0.26	1
560	575	11737	9	4	5	-0.26	-1
560	576	11469	8	3	5	-0.52	-1
560	577	11234	8	4	4	0.00	1
560	578	10382	7	4	3	0.26	1
560	579	9298	7	5	2	0.78	1
560	580	9262	7	4	3	0.26	1
560	581	8835	7	3	4	-0.26	-1
560	582	8476	7	3	4	-0.26	-1
560	583	8396	7	3	4	-0.26	-1
560	584	8378	7	4	3	0.26	1
560	585	8269	6	4	2	0.52	1
560	586	8042	6	4	2	0.52	1
560	587	7990	6	3	3	0.00	1
560	588	7469	4	2	2	0.00	1
560	589	5501	3	2	1	0.26	1
560	590	4390	3	1	2	-0.26	-1
560	591	4365	3	1	2	-0.26	-1
560	592	3524	3	2	1	0.26	1
560	593	1921	2	1	1	0.00	1
560	594	1431	2	1	1	0.00	1
561	562	15931	10	6	4	0.52	1
561	563	14292	9	4	5	-0.26	-1
561	564	14569	9	3	6	-0.78	-1
561	565	17225	12	9	3	1.56	1
561	566	16594	12	7	5	0.52	1
561	567	15675	12	7	5	0.52	1
561	568	14539	11	7	4	0.78	1
561	569	13700	10	5	5	0.00	1
561	570	13963	11	5	6	-0.26	-1
561	571	11514	9	5	4	0.26	1
561	572	12808	11	9	2	1.82	1
561	573	12482	10	5	5	0.00	1
561	574	12460	10	7	3	1.04	1
561	575	12315	10	4	6	-0.52	-1
561	576	12047	9	3	6	-0.78	-1
561	577	11812	9	3	6	-0.78	-1
561	578	10960	8	4	4	0.00	1
561	579	9876	8	2	6	-1.04	-1
561	580	9840	8	3	5	-0.52	-1
561	581	9413	8	1	7	-1.56	-1
561	582	9054	8	4	4	0.00	1
561	583	8974	8	3	5	-0.52	-1
561	584	8956	8	5	3	0.52	1
561	585	8847	7	1	6	-1.30	-1
561	586	8620	7	2	5	-0.78	-1
561	587	8568	7	1	6	-1.30	-1
561	588	8047	5	3	2	0.26	1
561	589	6079	4	1	3	-0.52	-1
561	590	4968	4	2	2	0.00	1
561	591	4943	4	1	3	-0.52	-1
561	592	4102	4	2	2	0.00	1
561	593	2499	3	1	2	-0.26	-1
561	594	2009	3	1	2	-0.26	-1
562	563	14292	9	5	4	0.26	1
562	564	14569	9	3	6	-0.78	-1
562	565	15516	10	6	4	0.52	1
562	566	14885	10	7	3	1.04	1
562	567	13966	10	8	2	1.56	1
562	568	12830	9	3	6	-0.78	-1
562	569	12666	9	6	3	0.78	1
562	570	12254	9	7	2	1.30	1
562	571	11245	9	1	8	-1.82	-1
562	572	11099	9	7	2	1.30	1
562	573	10773	8	5	3	0.52	1
562	574	10751	8	5	3	0.52	1
562	575	10606	8	7	1	1.56	1
562	576	10338	7	4	3	0.26	1
562	577	10103	7	5	2	0.78	1
562	578	9251	6	3	3	0.00	1
562	579	8167	6	5	1	1.04	1
562	580	8131	6	4	2	0.52	1
562	581	7704	6	3	3	0.00	1
562	582	7345	6	3	3	0.00	1
562	583	7265	6	3	3	0.00	1
562	584	7247	6	1	5	-1.04	-1
562	585	7138	5	3	2	0.26	1
562	586	6911	5	2	3	-0.26	-1
562	587	6859	5	3	2	0.26	1
562	588	6338	3	3	0	0.78	1
562	589	4370	2	2	0	0.52	1
562	590	3259	2	1	1	0.00	1
562	591	3234	2	1	1	0.00	1
562	592	2393	2	1	1	0.00	1
562	593	790	1	0	1	-0.26	-1
562	594	300	1	0	1	-0.26	-1
563	564	14149	9	4	5	-0.26	-1
563	565	13922	9	5	4	0.26	1
563	566	13291	9	7	2	1.30	1
563	567	12372	9	4	5	-0.26	-1
563	568	11236	8	5	3	0.52	1
563	569	11072	8	4	4	0.00	1
563	570	10660	8	4	4	0.00	1
563	571	9651	8	1	7	-1.56	-1
563	572	9505	8	6	2	1.04	1
563	573	9179	7	2	5	-0.78	-1
563	574	9157	7	5	2	0.78	1
563	575	9012	7	3	4	-0.26	-1
563	576	8744	6	3	3	0.00	1
563	577	8509	6	4	2	0.52	1
563	578	7657	5	4	1	0.78	1
563	579	6573	5	4	1	0.78	1
563	580	6537	5	3	2	0.26	1
563	581	6110	5	3	2	0.26	1
563	582	5751	5	1	4	-0.78	-1
563	583	5671	5	3	2	0.26	1
563	584	5653	5	3	2	0.26	1
563	585	5544	4	1	3	-0.52	-1
563	586	5317	4	2	2	0.00	1
563	587	5265	4	3	1	0.52	1
563	588	4744	2	1	1	0.00	1
563	589	2776	1	0	1	-0.26	-1
563	590	1665	1	0	1	-0.26	-1
563	591	1640	1	1	0	0.26	1
563	592	799	1	1	0	0.26	1
564	565	14342	9	6	3	0.78	1
564	566	13711	9	6	3	0.78	1
564	567	12792	9	5	4	0.26	1
564	568	11656	8	5	3	0.52	1
564	569	11492	8	6	2	1.04	1
564	570	11080	8	5	3	0.52	1
564	571	10071	8	3	5	-0.52	-1
564	572	9925	8	6	2	1.04	1
564	573	9599	7	3	4	-0.26	-1
564	574	9577	7	4	3	0.26	1
564	575	9432	7	3	4	-0.26	-1
564	576	9164	6	2	4	-0.52	-1
564	577	8929	6	5	1	1.04	1
564	578	8077	5	5	0	1.30	1
564	579	6993	5	4	1	0.78	1
564	580	6957	5	4	1	0.78	1
564	581	6530	5	4	1	0.78	1
564	582	6171	5	3	2	0.26	1
564	583	6091	5	1	4	-0.78	-1
564	584	6073	5	4	1	0.78	1
564	585	5964	4	2	2	0.00	1
564	586	5737	4	1	3	-0.52	-1
564	587	5685	4	3	1	0.52	1
564	588	5164	2	0	2	-0.52	-1
564	589	3196	1	1	0	0.26	1
564	590	2085	1	0	1	-0.26	-1
564	591	2060	1	0	1	-0.26	-1
564	592	1219	1	1	0	0.26	1
565	566	22207	13	7	6	0.26	1
565	567	20875	13	9	4	1.30	1
565	568	16991	12	6	6	0.00	1
565	569	13700	10	4	6	-0.52	-1
565	570	18840	12	8	4	1.04	1
565	571	11514	9	1	8	-1.82	-1
565	572	15155	12	7	5	0.52	1
565	573	18095	11	6	5	0.26	1
565	574	15986	11	5	6	-0.26	-1
565	575	17928	11	5	6	-0.26	-1
565	576	16916	10	4	6	-0.52	-1
565	577	17336	10	2	8	-1.56	-1
565	578	15214	9	2	7	-1.30	-1
565	579	15489	9	5	4	0.26	1
565	580	15453	9	4	5	-0.26	-1
565	581	11526	9	4	5	-0.26	-1
565	582	13225	9	6	3	0.78	1
565	583	14587	9	3	6	-0.78	-1
565	584	14569	9	6	3	0.78	1
565	585	14460	8	3	5	-0.52	-1
565	586	14079	8	4	4	0.00	1
565	587	14181	8	7	1	1.56	1
565	588	13660	6	2	4	-0.52	-1
565	589	11692	5	3	2	0.26	1
565	590	10581	5	2	3	-0.26	-1
565	591	10556	5	2	3	-0.26	-1
565	592	9715	5	3	2	0.26	1
565	593	8112	4	2	2	0.00	1
565	594	7622	4	2	2	0.00	1
565	595	6044	1	0	1	-0.26	-1
565	596	5571	1	0	1	-0.26	-1
565	597	5159	1	0	1	-0.26	-1
566	567	20875	13	11	2	2.35	1
566	568	16991	12	7	5	0.52	1
566	569	13700	10	6	4	0.52	1
566	570	18840	12	7	5	0.52	1
566	571	11514	9	1	8	-1.82	-1
566	572	15155	12	6	6	0.00	1
566	573	18842	11	5	6	-0.26	-1
566	574	15986	11	6	5	0.26	1
566	575	19640	13	10	3	1.82	1
566	576	16916	10	4	6	-0.52	-1
566	577	17336	10	1	9	-2.09	-1
566	578	15214	9	6	3	0.78	1
566	579	17201	11	6	5	0.26	1
566	580	17165	11	6	5	0.26	1
566	581	11526	9	5	4	0.26	1
566	582	13225	9	6	3	0.78	1
566	583	15478	9	4	5	-0.26	-1
566	584	16281	11	7	4	0.78	1
566	585	16172	10	5	5	0.00	1
566	586	14079	8	4	4	0.00	1
566	587	15893	10	8	2	1.56	1
566	588	14890	6	1	5	-1.04	-1
566	589	13404	7	4	3	0.26	1
566	590	12293	7	3	4	-0.26	-1
566	591	12268	7	6	1	1.30	1
566	592	11427	7	4	3	0.26	1
566	593	9824	6	5	1	1.04	1
566	594	9334	6	3	3	0.00	1
566	595	7756	3	0	3	-0.78	-1
566	596	7283	3	0	3	-0.78	-1
566	597	6871	3	1	2	-0.26	-1
566	598	6612	2	0	2	-0.52	-1
566	599	6521	2	0	2	-0.52	-1
566	600	6143	2	2	0	0.52	1
566	601	5156	2	1	1	0.00	1
566	602	5121	2	0	2	-0.52	-1
566	603	4793	2	0	2	-0.52	-1
566	604	4686	2	1	1	0.00	1
566	605	2256	2	1	1	0.00	1
566	606	1492	2	0	2	-0.52	-1
566	607	1382	2	1	1	0.00	1
566	608	494	2	2	0	0.52	1
567	568	16991	12	5	7	-0.52	-1
567	569	13700	10	5	5	0.00	1
567	570	18840	12	7	5	0.52	1
567	571	11514	9	4	5	-0.26	-1
567	572	15155	12	5	7	-0.52	-1
567	573	17682	11	6	5	0.26	1
567	574	15986	11	6	5	0.26	1
567	575	17515	11	7	4	0.78	1
567	576	16916	10	5	5	0.00	1
567	577	17012	10	6	4	0.52	1
567	578	15214	9	6	3	0.78	1
567	579	15076	9	3	6	-0.78	-1
567	580	15040	9	8	1	1.82	1
567	581	11526	9	4	5	-0.26	-1
567	582	13225	9	3	6	-0.78	-1
567	583	14174	9	4	5	-0.26	-1
567	584	14156	9	5	4	0.26	1
567	585	14047	8	3	5	-0.52	-1
567	586	13820	8	1	7	-1.56	-1
567	587	13768	8	3	5	-0.52	-1
567	588	13247	6	2	4	-0.52	-1
567	589	11279	5	3	2	0.26	1
567	590	10168	5	1	4	-0.78	-1
567	591	10143	5	1	4	-0.78	-1
567	592	9302	5	3	2	0.26	1
567	593	7699	4	1	3	-0.52	-1
567	594	7209	4	2	2	0.00	1
567	595	5631	1	0	1	-0.26	-1
567	596	5158	1	1	0	0.26	1
567	597	4746	1	1	0	0.26	1
568	569	13700	10	6	4	0.52	1
568	570	16415	12	6	6	0.00	1
568	571	11514	9	5	4	0.26	1
568	572	15155	12	8	4	1.04	1
568	573	14934	11	4	7	-0.78	-1
568	574	14912	11	6	5	0.26	1
568	575	14767	11	7	4	0.78	1
568	576	14499	10	4	6	-0.52	-1
568	577	14264	10	4	6	-0.52	-1
568	578	13412	9	5	4	0.26	1
568	579	12328	9	3	6	-0.78	-1
568	580	12292	9	4	5	-0.26	-1
568	581	11526	9	4	5	-0.26	-1
568	582	11506	9	6	3	0.78	1
568	583	11426	9	5	4	0.26	1
568	584	11408	9	4	5	-0.26	-1
568	585	11299	8	5	3	0.52	1
568	586	11072	8	4	4	0.00	1
568	587	11020	8	4	4	0.00	1
568	588	10499	6	2	4	-0.52	-1
568	589	8531	5	2	3	-0.26	-1
568	590	7420	5	2	3	-0.26	-1
568	591	7395	5	1	4	-0.78	-1
568	592	6554	5	3	2	0.26	1
568	593	4951	4	3	1	0.52	1
568	594	4461	4	2	2	0.00	1
568	595	2883	1	1	0	0.26	1
568	596	2410	1	1	0	0.26	1
568	597	1998	1	0	1	-0.26	-1
569	570	13288	10	8	2	1.56	1
569	571	11514	9	4	5	-0.26	-1
569	572	12133	10	4	6	-0.52	-1
569	573	11807	9	3	6	-0.78	-1
569	574	11785	9	5	4	0.26	1
569	575	11640	9	6	3	0.78	1
569	576	11372	8	5	3	0.52	1
569	577	11137	8	3	5	-0.52	-1
569	578	10285	7	3	4	-0.26	-1
569	579	9201	7	3	4	-0.26	-1
569	580	9165	7	4	3	0.26	1
569	581	8738	7	5	2	0.78	1
569	582	8379	7	2	5	-0.78	-1
569	583	8299	7	5	2	0.78	1
569	584	8281	7	3	4	-0.26	-1
569	585	8172	6	0	6	-1.56	-1
569	586	7945	6	5	1	1.04	1
569	587	7893	6	2	4	-0.52	-1
569	588	7372	4	4	0	1.04	1
569	589	5404	3	1	2	-0.26	-1
569	590	4293	3	2	1	0.26	1
569	591	4268	3	1	2	-0.26	-1
569	592	3427	3	1	2	-0.26	-1
569	593	1824	2	2	0	0.52	1
569	594	1334	2	1	1	0.00	1
570	571	11514	9	1	8	-1.82	-1
570	572	15155	12	6	6	0.00	1
570	573	17359	11	4	7	-0.78	-1
570	574	15986	11	6	5	0.26	1
570	575	17192	11	8	3	1.30	1
570	576	16916	10	4	6	-0.52	-1
570	577	16689	10	8	2	1.56	1
570	578	15214	9	5	4	0.26	1
570	579	14753	9	5	4	0.26	1
570	580	14717	9	6	3	0.78	1
570	581	11526	9	4	5	-0.26	-1
570	582	13225	9	5	4	0.26	1
570	583	13851	9	3	6	-0.78	-1
570	584	13833	9	6	3	0.78	1
570	585	13724	8	2	6	-1.04	-1
570	586	13497	8	3	5	-0.52	-1
570	587	13445	8	5	3	0.52	1
570	588	12924	6	2	4	-0.52	-1
570	589	10956	5	0	5	-1.30	-1
570	590	9845	5	2	3	-0.26	-1
570	591	9820	5	2	3	-0.26	-1
570	592	8979	5	4	1	0.78	1
570	593	7376	4	3	1	0.52	1
570	594	6886	4	1	3	-0.52	-1
570	595	5308	1	1	0	0.26	1
570	596	4835	1	1	0	0.26	1
570	597	4423	1	0	1	-0.26	-1
571	572	11368	9	4	5	-0.26	-1
571	573	11042	8	3	5	-0.52	-1
571	574	11020	8	3	5	-0.52	-1
571	575	10875	8	3	5	-0.52	-1
571	576	10607	7	1	6	-1.30	-1
571	577	10372	7	2	5	-0.78	-1
571	578	9520	6	3	3	0.00	1
571	579	8436	6	4	2	0.52	1
571	580	8400	6	1	5	-1.04	-1
571	581	7973	6	5	1	1.04	1
571	582	7614	6	3	3	0.00	1
571	583	7534	6	3	3	0.00	1
571	584	7516	6	2	4	-0.52	-1
571	585	7407	5	5	0	1.30	1
571	586	7180	5	1	4	-0.78	-1
571	587	7128	5	3	2	0.26	1
571	588	6607	3	3	0	0.78	1
571	589	4639	2	2	0	0.52	1
571	590	3528	2	0	2	-0.52	-1
571	591	3503	2	1	1	0.00	1
571	592	2662	2	1	1	0.00	1
571	593	1059	1	1	0	0.26	1
571	594	569	1	0	1	-0.26	-1
572	573	14829	11	6	5	0.26	1
572	574	14807	11	5	6	-0.26	-1
572	575	14662	11	6	5	0.26	1
572	576	14394	10	7	3	1.04	1
572	577	14159	10	4	6	-0.52	-1
572	578	13307	9	3	6	-0.78	-1
572	579	12223	9	2	7	-1.30	-1
572	580	12187	9	1	8	-1.82	-1
572	581	11526	9	5	4	0.26	1
572	582	11401	9	3	6	-0.78	-1
572	583	11321	9	6	3	0.78	1
572	584	11303	9	6	3	0.78	1
572	585	11194	8	5	3	0.52	1
572	586	10967	8	4	4	0.00	1
572	587	10915	8	3	5	-0.52	-1
572	588	10394	6	4	2	0.52	1
572	589	8426	5	2	3	-0.26	-1
572	590	7315	5	1	4	-0.78	-1
572	591	7290	5	2	3	-0.26	-1
572	592	6449	5	2	3	-0.26	-1
572	593	4846	4	2	2	0.00	1
572	594	4356	4	2	2	0.00	1
572	595	2778	1	0	1	-0.26	-1
572	596	2305	1	0	1	-0.26	-1
572	597	1893	1	0	1	-0.26	-1
573	574	15986	11	4	7	-0.78	-1
573	575	18675	11	5	6	-0.26	-1
573	576	16916	10	4	6	-0.52	-1
573	577	17336	10	2	8	-1.56	-1
573	578	15214	9	6	3	0.78	1
573	579	16236	9	4	5	-0.26	-1
573	580	16200	9	4	5	-0.26	-1
573	581	11526	9	4	5	-0.26	-1
573	582	13225	9	3	6	-0.78	-1
573	583	15334	9	6	3	0.78	1
573	584	15316	9	4	5	-0.26	-1
573	585	15207	8	5	3	0.52	1
573	586	14079	8	6	2	1.04	1
573	587	14928	8	4	4	0.00	1
573	588	14407	6	4	2	0.52	1
573	589	12439	5	3	2	0.26	1
573	590	11328	5	2	3	-0.26	-1
573	591	11303	5	2	3	-0.26	-1
573	592	10462	5	3	2	0.26	1
573	593	8859	4	2	2	0.00	1
573	594	8369	4	4	0	1.04	1
573	595	6791	1	0	1	-0.26	-1
573	596	6318	1	0	1	-0.26	-1
573	597	5906	1	0	1	-0.26	-1
574	575	15841	11	6	5	0.26	1
574	576	15573	10	8	2	1.56	1
574	577	15338	10	8	2	1.56	1
574	578	14486	9	4	5	-0.26	-1
574	579	13402	9	5	4	0.26	1
574	580	13366	9	6	3	0.78	1
574	581	11526	9	0	9	-2.35	-1
574	582	12580	9	5	4	0.26	1
574	583	12500	9	2	7	-1.30	-1
574	584	12482	9	7	2	1.30	1
574	585	12373	8	4	4	0.00	1
574	586	12146	8	5	3	0.52	1
574	587	12094	8	3	5	-0.52	-1
574	588	11573	6	4	2	0.52	1
574	589	9605	5	1	4	-0.78	-1
574	590	8494	5	2	3	-0.26	-1
574	591	8469	5	2	3	-0.26	-1
574	592	7628	5	3	2	0.26	1
574	593	6025	4	3	1	0.52	1
574	594	5535	4	2	2	0.00	1
574	595	3957	1	1	0	0.26	1
574	596	3484	1	1	0	0.26	1
574	597	3072	1	0	1	-0.26	-1
575	576	16916	10	7	3	1.04	1
575	577	17336	10	5	5	0.00	1
575	578	15214	9	6	3	0.78	1
575	579	18357	12	7	5	0.52	1
575	580	17923	12	8	4	1.04	1
575	581	11526	9	4	5	-0.26	-1
575	582	13225	9	2	7	-1.30	-1
575	583	15478	9	4	5	-0.26	-1
575	584	17437	12	8	4	1.04	1
575	585	17328	11	5	6	-0.26	-1
575	586	14079	8	4	4	0.00	1
575	587	17049	11	6	5	0.26	1
575	588	14890	6	3	3	0.00	1
575	589	14560	8	5	3	0.52	1
575	590	13449	8	4	4	0.00	1
575	591	13424	8	4	4	0.00	1
575	592	12583	8	5	3	0.52	1
575	593	10980	7	3	4	-0.26	-1
575	594	10490	7	3	4	-0.26	-1
575	595	8912	4	3	1	0.52	1
575	596	8439	4	3	1	0.52	1
575	597	8027	4	1	3	-0.52	-1
575	598	7768	3	0	3	-0.78	-1
575	599	7677	3	3	0	0.78	1
575	600	7299	3	1	2	-0.26	-1
575	601	6312	3	2	1	0.26	1
575	602	6277	3	1	2	-0.26	-1
575	603	5949	3	2	1	0.26	1
575	604	5842	3	3	0	0.78	1
575	605	3412	3	1	2	-0.26	-1
575	606	2648	3	1	2	-0.26	-1
575	607	2538	3	1	2	-0.26	-1
575	608	1650	3	1	2	-0.26	-1
575	609	1391	1	1	0	0.26	1
575	610	638	1	0	1	-0.26	-1
576	577	16681	10	3	7	-1.04	-1
576	578	15214	9	3	6	-0.78	-1
576	579	14745	9	6	3	0.78	1
576	580	14709	9	6	3	0.78	1
576	581	11526	9	5	4	0.26	1
576	582	13225	9	4	5	-0.26	-1
576	583	13843	9	6	3	0.78	1
576	584	13825	9	4	5	-0.26	-1
576	585	13716	8	1	7	-1.56	-1
576	586	13489	8	6	2	1.04	1
576	587	13437	8	6	2	1.04	1
576	588	12916	6	2	4	-0.52	-1
576	589	10948	5	3	2	0.26	1
576	590	9837	5	2	3	-0.26	-1
576	591	9812	5	0	5	-1.30	-1
576	592	8971	5	3	2	0.26	1
576	593	7368	4	1	3	-0.52	-1
576	594	6878	4	4	0	1.04	1
576	595	5300	1	1	0	0.26	1
576	596	4827	1	0	1	-0.26	-1
576	597	4415	1	1	0	0.26	1
577	578	15214	9	3	6	-0.78	-1
577	579	15400	9	5	4	0.26	1
577	580	15364	9	6	3	0.78	1
577	581	11526	9	4	5	-0.26	-1
577	582	13225	9	3	6	-0.78	-1
577	583	14498	9	6	3	0.78	1
577	584	14480	9	4	5	-0.26	-1
577	585	14371	8	5	3	0.52	1
577	586	14079	8	4	4	0.00	1
577	587	14092	8	5	3	0.52	1
577	588	13571	6	2	4	-0.52	-1
577	589	11603	5	0	5	-1.30	-1
577	590	10492	5	3	2	0.26	1
577	591	10467	5	3	2	0.26	1
577	592	9626	5	2	3	-0.26	-1
577	593	8023	4	2	2	0.00	1
577	594	7533	4	2	2	0.00	1
577	595	5955	1	1	0	0.26	1
577	596	5482	1	1	0	0.26	1
577	597	5070	1	0	1	-0.26	-1
578	579	14130	9	3	6	-0.78	-1
578	580	14094	9	4	5	-0.26	-1
578	581	11526	9	5	4	0.26	1
578	582	13225	9	4	5	-0.26	-1
578	583	13228	9	4	5	-0.26	-1
578	584	13210	9	3	6	-0.78	-1
578	585	13101	8	4	4	0.00	1
578	586	12874	8	4	4	0.00	1
578	587	12822	8	1	7	-1.56	-1
578	588	12301	6	2	4	-0.52	-1
578	589	10333	5	3	2	0.26	1
578	590	9222	5	2	3	-0.26	-1
578	591	9197	5	4	1	0.78	1
578	592	8356	5	4	1	0.78	1
578	593	6753	4	2	2	0.00	1
578	594	6263	4	0	4	-1.04	-1
578	595	4685	1	1	0	0.26	1
578	596	4212	1	0	1	-0.26	-1
578	597	3800	1	1	0	0.26	1
579	580	17923	12	6	6	0.00	1
579	581	11526	9	4	5	-0.26	-1
579	582	13225	9	4	5	-0.26	-1
579	583	15478	9	3	6	-0.78	-1
579	584	17689	12	6	6	0.00	1
579	585	21397	12	7	5	0.52	1
579	586	14079	8	4	4	0.00	1
579	587	21118	12	3	9	-1.56	-1
579	588	14890	6	4	2	0.52	1
579	589	15897	8	4	4	0.00	1
579	590	14769	8	5	3	0.52	1
579	591	17493	9	4	5	-0.26	-1
579	592	16652	9	2	7	-1.30	-1
579	593	15049	8	2	6	-1.04	-1
579	594	14559	8	6	2	1.04	1
579	595	12981	5	2	3	-0.26	-1
579	596	12508	5	3	2	0.26	1
579	597	12096	5	3	2	0.26	1
579	598	11837	4	1	3	-0.52	-1
579	599	11746	4	2	2	0.00	1
579	600	11368	4	1	3	-0.52	-1
579	601	10381	4	2	2	0.00	1
579	602	10346	4	3	1	0.52	1
579	603	10018	4	2	2	0.00	1
579	604	9911	4	3	1	0.52	1
579	605	7481	4	1	3	-0.52	-1
579	606	6717	4	4	0	1.04	1
579	607	6607	4	3	1	0.52	1
579	608	5719	4	0	4	-1.04	-1
579	609	5460	2	0	2	-0.52	-1
579	610	4707	2	1	1	0.00	1
579	611	4284	1	0	1	-0.26	-1
579	612	4089	1	1	0	0.26	1
579	613	3567	1	0	1	-0.26	-1
579	614	3308	1	1	0	0.26	1
580	581	11526	9	6	3	0.78	1
580	582	13225	9	3	6	-0.78	-1
580	583	15478	9	3	6	-0.78	-1
580	584	17039	12	4	8	-1.04	-1
580	585	16930	11	6	5	0.26	1
580	586	14079	8	3	5	-0.52	-1
580	587	16651	11	5	6	-0.26	-1
580	588	14890	6	1	5	-1.04	-1
580	589	14162	8	5	3	0.52	1
580	590	13051	8	2	6	-1.04	-1
580	591	13026	8	5	3	0.52	1
580	592	12185	8	6	2	1.04	1
580	593	10582	7	7	0	1.82	1
580	594	10092	7	3	4	-0.26	-1
580	595	8514	4	0	4	-1.04	-1
580	596	8041	4	3	1	0.52	1
580	597	7629	4	1	3	-0.52	-1
580	598	7370	3	3	0	0.78	1
580	599	7279	3	3	0	0.78	1
580	600	6901	3	2	1	0.26	1
580	601	5914	3	2	1	0.26	1
580	602	5879	3	2	1	0.26	1
580	603	5551	3	2	1	0.26	1
580	604	5444	3	0	3	-0.78	-1
580	605	3014	3	0	3	-0.78	-1
580	606	2250	3	1	2	-0.26	-1
580	607	2140	3	1	2	-0.26	-1
580	608	1252	3	1	2	-0.26	-1
580	609	993	1	0	1	-0.26	-1
580	610	240	1	0	1	-0.26	-1
581	582	11167	9	3	6	-0.78	-1
581	583	11087	9	5	4	0.26	1
581	584	11069	9	6	3	0.78	1
581	585	10960	8	4	4	0.00	1
581	586	10733	8	5	3	0.52	1
581	587	10681	8	3	5	-0.52	-1
581	588	10160	6	3	3	0.00	1
581	589	8192	5	3	2	0.26	1
581	590	7081	5	4	1	0.78	1
581	591	7056	5	2	3	-0.26	-1
581	592	6215	5	3	2	0.26	1
581	593	4612	4	2	2	0.00	1
581	594	4122	4	4	0	1.04	1
581	595	2544	1	0	1	-0.26	-1
581	596	2071	1	1	0	0.26	1
581	597	1659	1	1	0	0.26	1
582	583	13145	9	6	3	0.78	1
582	584	13127	9	3	6	-0.78	-1
582	585	13018	8	5	3	0.52	1
582	586	12791	8	3	5	-0.52	-1
582	587	12739	8	4	4	0.00	1
582	588	12218	6	2	4	-0.52	-1
582	589	10250	5	3	2	0.26	1
582	590	9139	5	4	1	0.78	1
582	591	9114	5	3	2	0.26	1
582	592	8273	5	2	3	-0.26	-1
582	593	6670	4	1	3	-0.52	-1
582	594	6180	4	1	3	-0.52	-1
582	595	4602	1	0	1	-0.26	-1
582	596	4129	1	0	1	-0.26	-1
582	597	3717	1	0	1	-0.26	-1
583	584	15460	9	4	5	-0.26	-1
583	585	15351	8	3	5	-0.52	-1
583	586	14079	8	4	4	0.00	1
583	587	15072	8	4	4	0.00	1
583	588	14551	6	3	3	0.00	1
583	589	12583	5	3	2	0.26	1
583	590	11472	5	4	1	0.78	1
583	591	11447	5	4	1	0.78	1
583	592	10606	5	3	2	0.26	1
583	593	9003	4	2	2	0.00	1
583	594	8513	4	3	1	0.52	1
583	595	6935	1	0	1	-0.26	-1
583	596	6462	1	0	1	-0.26	-1
583	597	6050	1	1	0	0.26	1
584	585	17580	11	4	7	-0.78	-1
584	586	14079	8	1	7	-1.56	-1
584	587	17301	11	9	2	1.82	1
584	588	14890	6	3	3	0.00	1
584	589	14812	8	3	5	-0.52	-1
584	590	13701	8	2	6	-1.04	-1
584	591	13676	8	4	4	0.00	1
584	592	12835	8	5	3	0.52	1
584	593	11232	7	3	4	-0.26	-1
584	594	10742	7	3	4	-0.26	-1
584	595	9164	4	0	4	-1.04	-1
584	596	8691	4	2	2	0.00	1
584	597	8279	4	4	0	1.04	1
584	598	8020	3	0	3	-0.78	-1
584	599	7929	3	1	2	-0.26	-1
584	600	7551	3	3	0	0.78	1
584	601	6564	3	2	1	0.26	1
584	602	6529	3	2	1	0.26	1
584	603	6201	3	2	1	0.26	1
584	604	6094	3	2	1	0.26	1
584	605	3664	3	1	2	-0.26	-1
584	606	2900	3	1	2	-0.26	-1
584	607	2790	3	1	2	-0.26	-1
584	608	1902	3	1	2	-0.26	-1
584	609	1643	1	0	1	-0.26	-1
584	610	890	1	1	0	0.26	1
585	586	14079	8	6	2	1.04	1
585	587	22668	13	6	7	-0.26	-1
585	588	14890	6	3	3	0.00	1
585	589	15897	8	6	2	1.04	1
585	590	14769	8	7	1	1.56	1
585	591	19406	11	4	7	-0.78	-1
585	592	18631	11	5	6	-0.26	-1
585	593	17028	10	4	6	-0.52	-1
585	594	14571	8	7	1	1.56	1
585	595	14960	7	5	2	0.78	1
585	596	14487	7	2	5	-0.78	-1
585	597	14075	7	1	6	-1.30	-1
585	598	13816	6	3	3	0.00	1
585	599	13725	6	3	3	0.00	1
585	600	13347	6	2	4	-0.52	-1
585	601	12360	6	2	4	-0.52	-1
585	602	12325	6	5	1	1.04	1
585	603	11997	6	2	4	-0.52	-1
585	604	11890	6	5	1	1.04	1
585	605	9460	6	4	2	0.52	1
585	606	8696	6	3	3	0.00	1
585	607	8586	6	3	3	0.00	1
585	608	7698	6	4	2	0.52	1
585	609	7439	4	3	1	0.52	1
585	610	6686	4	2	2	0.00	1
585	611	6263	3	3	0	0.78	1
585	612	6068	3	2	1	0.26	1
585	613	5546	3	2	1	0.26	1
585	614	5287	3	3	0	0.78	1
585	615	2704	2	1	1	0.00	1
585	616	1782	1	1	0	0.26	1
585	617	1094	1	0	1	-0.26	-1
586	587	14027	8	2	6	-1.04	-1
586	588	13506	6	2	4	-0.52	-1
586	589	11538	5	3	2	0.26	1
586	590	10427	5	4	1	0.78	1
586	591	10402	5	2	3	-0.26	-1
586	592	9561	5	2	3	-0.26	-1
586	593	7958	4	2	2	0.00	1
586	594	7468	4	2	2	0.00	1
586	595	5890	1	1	0	0.26	1
586	596	5417	1	1	0	0.26	1
586	597	5005	1	1	0	0.26	1
587	588	14890	6	4	2	0.52	1
587	589	15897	8	2	6	-1.04	-1
587	590	14769	8	4	4	0.00	1
587	591	19043	10	5	5	0.00	1
587	592	18202	10	3	7	-1.04	-1
587	593	16599	9	7	2	1.30	1
587	594	14571	8	1	7	-1.56	-1
587	595	14531	6	3	3	0.00	1
587	596	14058	6	5	1	1.04	1
587	597	13646	6	1	5	-1.04	-1
587	598	13387	5	4	1	0.78	1
587	599	13296	5	4	1	0.78	1
587	600	12918	5	2	3	-0.26	-1
587	601	11931	5	4	1	0.78	1
587	602	11896	5	3	2	0.26	1
587	603	11568	5	2	3	-0.26	-1
587	604	11461	5	1	4	-0.78	-1
587	605	9031	5	2	3	-0.26	-1
587	606	8267	5	1	4	-0.78	-1
587	607	8157	5	4	1	0.78	1
587	608	7269	5	2	3	-0.26	-1
587	609	7010	3	2	1	0.26	1
587	610	6257	3	1	2	-0.26	-1
587	611	5834	2	2	0	0.52	1
587	612	5639	2	1	1	0.00	1
587	613	5117	2	1	1	0.00	1
587	614	4858	2	1	1	0.00	1
587	615	2275	1	1	0	0.26	1
588	589	12922	5	3	2	0.26	1
588	590	11811	5	2	3	-0.26	-1
588	591	11786	5	2	3	-0.26	-1
588	592	10945	5	2	3	-0.26	-1
588	593	9342	4	2	2	0.00	1
588	594	8852	4	0	4	-1.04	-1
588	595	7274	1	1	0	0.26	1
588	596	6801	1	0	1	-0.26	-1
588	597	6389	1	0	1	-0.26	-1
589	590	14769	8	5	3	0.52	1
589	591	14761	8	5	3	0.52	1
589	592	13920	8	4	4	0.00	1
589	593	12317	7	4	3	0.26	1
589	594	11827	7	4	3	0.26	1
589	595	10249	4	2	2	0.00	1
589	596	9776	4	2	2	0.00	1
589	597	9364	4	2	2	0.00	1
589	598	9105	3	2	1	0.26	1
589	599	9014	3	2	1	0.26	1
589	600	8636	3	0	3	-0.78	-1
589	601	7649	3	1	2	-0.26	-1
589	602	7614	3	1	2	-0.26	-1
589	603	7286	3	2	1	0.26	1
589	604	7179	3	0	3	-0.78	-1
589	605	4749	3	0	3	-0.78	-1
589	606	3985	3	2	1	0.26	1
589	607	3875	3	0	3	-0.78	-1
589	608	2987	3	2	1	0.26	1
589	609	2728	1	1	0	0.26	1
589	610	1975	1	1	0	0.26	1
590	591	14744	8	5	3	0.52	1
590	592	13903	8	4	4	0.00	1
590	593	12300	7	2	5	-0.78	-1
590	594	11810	7	4	3	0.26	1
590	595	10232	4	3	1	0.52	1
590	596	9759	4	2	2	0.00	1
590	597	9347	4	1	3	-0.52	-1
590	598	9088	3	3	0	0.78	1
590	599	8997	3	1	2	-0.26	-1
590	600	8619	3	0	3	-0.78	-1
590	601	7632	3	1	2	-0.26	-1
590	602	7597	3	3	0	0.78	1
590	603	7269	3	1	2	-0.26	-1
590	604	7162	3	3	0	0.78	1
590	605	4732	3	0	3	-0.78	-1
590	606	3968	3	2	1	0.26	1
590	607	3858	3	1	2	-0.26	-1
590	608	2970	3	1	2	-0.26	-1
590	609	2711	1	0	1	-0.26	-1
590	610	1958	1	1	0	0.26	1
591	592	18565	11	5	6	-0.26	-1
591	593	16962	10	4	6	-0.52	-1
591	594	14571	8	2	6	-1.04	-1
591	595	14894	7	4	3	0.26	1
591	596	14421	7	2	5	-0.78	-1
591	597	14009	7	1	6	-1.30	-1
591	598	13750	6	1	5	-1.04	-1
591	599	13659	6	3	3	0.00	1
591	600	13281	6	4	2	0.52	1
591	601	12294	6	4	2	0.52	1
591	602	12259	6	3	3	0.00	1
591	603	11931	6	2	4	-0.52	-1
591	604	11824	6	4	2	0.52	1
591	605	9394	6	4	2	0.52	1
591	606	8630	6	1	5	-1.04	-1
591	607	8520	6	1	5	-1.04	-1
591	608	7632	6	0	6	-1.56	-1
591	609	7373	4	3	1	0.52	1
591	610	6620	4	2	2	0.00	1
591	611	6197	3	1	2	-0.26	-1
591	612	6002	3	1	2	-0.26	-1
591	613	5480	3	2	1	0.26	1
591	614	5221	3	1	2	-0.26	-1
591	615	2638	2	1	1	0.00	1
591	616	1716	1	1	0	0.26	1
591	617	1028	1	0	1	-0.26	-1
592	593	17907	10	6	4	0.52	1
592	594	14571	8	4	4	0.00	1
592	595	18421	10	3	7	-1.04	-1
592	596	17948	10	7	3	1.04	1
592	597	17536	10	3	7	-1.04	-1
592	598	15745	8	4	4	0.00	1
592	599	17186	9	4	5	-0.26	-1
592	600	16808	9	4	5	-0.26	-1
592	601	15821	9	4	5	-0.26	-1
592	602	15786	9	3	6	-0.78	-1
592	603	15458	9	5	4	0.26	1
592	604	15351	9	6	3	0.78	1
592	605	12921	9	6	3	0.78	1
592	606	12157	9	2	7	-1.30	-1
592	607	12047	9	5	4	0.26	1
592	608	11159	9	6	3	0.78	1
592	609	10900	7	2	5	-0.78	-1
592	610	10147	7	1	6	-1.30	-1
592	611	9724	6	0	6	-1.56	-1
592	612	9529	6	1	5	-1.04	-1
592	613	9007	6	3	3	0.00	1
592	614	8748	6	3	3	0.00	1
592	615	6165	5	2	3	-0.26	-1
592	616	5243	4	2	2	0.00	1
592	617	4555	4	2	2	0.00	1
592	618	2985	3	2	1	0.26	1
592	619	2566	3	3	0	0.78	1
592	620	2155	2	1	1	0.00	1
592	621	1118	1	0	1	-0.26	-1
593	594	14571	8	4	4	0.00	1
593	595	15839	7	2	5	-0.78	-1
593	596	15366	7	5	2	0.78	1
593	597	14954	7	3	4	-0.26	-1
593	598	14695	6	3	3	0.00	1
593	599	14604	6	5	1	1.04	1
593	600	14226	6	2	4	-0.52	-1
593	601	13239	6	2	4	-0.52	-1
593	602	13204	6	2	4	-0.52	-1
593	603	12876	6	3	3	0.00	1
593	604	12769	6	1	5	-1.04	-1
593	605	10339	6	2	4	-0.52	-1
593	606	9575	6	2	4	-0.52	-1
593	607	9465	6	3	3	0.00	1
593	608	8577	6	4	2	0.52	1
593	609	8318	4	3	1	0.52	1
593	610	7565	4	2	2	0.00	1
593	611	7142	3	1	2	-0.26	-1
593	612	6947	3	0	3	-0.78	-1
593	613	6425	3	0	3	-0.78	-1
593	614	6166	3	1	2	-0.26	-1
593	615	3583	2	1	1	0.00	1
593	616	2661	1	1	0	0.26	1
593	617	1973	1	1	0	0.26	1
594	595	12993	5	3	2	0.26	1
594	596	12520	5	4	1	0.78	1
594	597	12108	5	4	1	0.78	1
594	598	11849	4	1	3	-0.52	-1
594	599	11758	4	1	3	-0.52	-1
594	600	11380	4	4	0	1.04	1
594	601	10393	4	2	2	0.00	1
594	602	10358	4	3	1	0.52	1
594	603	10030	4	2	2	0.00	1
594	604	9923	4	0	4	-1.04	-1
594	605	7493	4	1	3	-0.52	-1
594	606	6729	4	4	0	1.04	1
594	607	6619	4	4	0	1.04	1
594	608	5731	4	1	3	-0.52	-1
594	609	5472	2	0	2	-0.52	-1
594	610	4719	2	1	1	0.00	1
594	611	4296	1	1	0	0.26	1
594	612	4101	1	1	0	0.26	1
594	613	3579	1	1	0	0.26	1
594	614	3320	1	0	1	-0.26	-1
595	596	19412	11	6	5	0.26	1
595	597	19000	11	5	6	-0.26	-1
595	598	15745	8	7	1	1.56	1
595	599	17484	9	5	4	0.26	1
595	600	18272	10	4	6	-0.52	-1
595	601	17285	10	6	4	0.52	1
595	602	17250	10	7	3	1.04	1
595	603	15604	9	4	5	-0.26	-1
595	604	16815	10	6	4	0.52	1
595	605	14385	10	4	6	-0.52	-1
595	606	13621	10	5	5	0.00	1
595	607	13511	10	3	7	-1.04	-1
595	608	12623	10	5	5	0.00	1
595	609	12364	8	5	3	0.52	1
595	610	11611	8	3	5	-0.52	-1
595	611	11188	7	7	0	1.82	1
595	612	10993	7	4	3	0.26	1
595	613	10471	7	3	4	-0.26	-1
595	614	10212	7	4	3	0.26	1
595	615	7629	6	3	3	0.00	1
595	616	6707	5	3	2	0.26	1
595	617	6019	5	2	3	-0.26	-1
595	618	4449	4	2	2	0.00	1
595	619	4030	4	0	4	-1.04	-1
595	620	3619	3	2	1	0.26	1
595	621	2582	2	2	0	0.52	1
595	622	2027	1	1	0	0.26	1
596	597	19309	11	6	5	0.26	1
596	598	15745	8	5	3	0.52	1
596	599	17484	9	4	5	-0.26	-1
596	600	18581	10	5	5	0.00	1
596	601	17594	10	9	1	2.09	1
596	602	17559	10	6	4	0.52	1
596	603	15604	9	6	3	0.78	1
596	604	17124	10	8	2	1.56	1
596	605	14694	10	5	5	0.00	1
596	606	13930	10	7	3	1.04	1
596	607	13820	10	5	5	0.00	1
596	608	12932	10	4	6	-0.52	-1
596	609	12673	8	5	3	0.52	1
596	610	11920	8	5	3	0.52	1
596	611	11497	7	3	4	-0.26	-1
596	612	11302	7	6	1	1.30	1
596	613	10780	7	4	3	0.26	1
596	614	10521	7	3	4	-0.26	-1
596	615	7938	6	2	4	-0.52	-1
596	616	7016	5	1	4	-0.78	-1
596	617	6328	5	3	2	0.26	1
596	618	4758	4	2	2	0.00	1
596	619	4339	4	2	2	0.00	1
596	620	3928	3	0	3	-0.78	-1
596	621	2891	2	0	2	-0.52	-1
596	622	2336	1	1	0	0.26	1
597	598	15745	8	4	4	0.00	1
597	599	17484	9	3	6	-0.78	-1
597	600	21375	11	6	5	0.26	1
597	601	17790	10	8	2	1.56	1
597	602	20304	11	8	3	1.30	1
597	603	15604	9	5	4	0.26	1
597	604	21321	11	6	5	0.26	1
597	605	19661	12	7	5	0.52	1
597	606	18897	12	6	6	0.00	1
597	607	18787	12	6	6	0.00	1
597	608	17506	12	8	4	1.04	1
597	609	17640	10	3	7	-1.04	-1
597	610	16887	10	4	6	-0.52	-1
597	611	16464	9	6	3	0.78	1
597	612	15146	8	6	2	1.04	1
597	613	15747	9	5	4	0.26	1
597	614	15488	9	4	5	-0.26	-1
597	615	12905	8	4	4	0.00	1
597	616	11983	7	4	3	0.26	1
597	617	11295	7	4	3	0.26	1
597	618	9725	6	1	5	-1.04	-1
597	619	9306	6	4	2	0.52	1
597	620	8895	5	3	2	0.26	1
597	621	7858	4	2	2	0.00	1
597	622	7303	3	1	2	-0.26	-1
597	623	1912	1	1	0	0.26	1
597	624	1684	1	0	1	-0.26	-1
597	625	1425	1	1	0	0.26	1
597	626	915	1	0	1	-0.26	-1
598	599	15654	8	2	6	-1.04	-1
598	600	15276	8	5	3	0.52	1
598	601	14289	8	5	3	0.52	1
598	602	14254	8	2	6	-1.04	-1
598	603	13926	8	3	5	-0.52	-1
598	604	13819	8	7	1	1.56	1
598	605	11389	8	5	3	0.52	1
598	606	10625	8	4	4	0.00	1
598	607	10515	8	6	2	1.04	1
598	608	9627	8	6	2	1.04	1
598	609	9368	6	4	2	0.52	1
598	610	8615	6	5	1	1.04	1
598	611	8192	5	4	1	0.78	1
598	612	7997	5	3	2	0.26	1
598	613	7475	5	1	4	-0.78	-1
598	614	7216	5	1	4	-0.78	-1
598	615	4633	4	3	1	0.52	1
598	616	3711	3	1	2	-0.26	-1
598	617	3023	3	2	1	0.26	1
598	618	1453	2	0	2	-0.52	-1
598	619	1034	2	1	1	0.00	1
598	620	623	1	1	0	0.26	1
599	600	17106	9	4	5	-0.26	-1
599	601	16119	9	2	7	-1.30	-1
599	602	16084	9	3	6	-0.78	-1
599	603	15604	9	5	4	0.26	1
599	604	15649	9	6	3	0.78	1
599	605	13219	9	5	4	0.26	1
599	606	12455	9	5	4	0.26	1
599	607	12345	9	5	4	0.26	1
599	608	11457	9	6	3	0.78	1
599	609	11198	7	1	6	-1.30	-1
599	610	10445	7	2	5	-0.78	-1
599	611	10022	6	0	6	-1.56	-1
599	612	9827	6	4	2	0.52	1
599	613	9305	6	1	5	-1.04	-1
599	614	9046	6	4	2	0.52	1
599	615	6463	5	4	1	0.78	1
599	616	5541	4	1	3	-0.52	-1
599	617	4853	4	3	1	0.52	1
599	618	3283	3	2	1	0.26	1
599	619	2864	3	1	2	-0.26	-1
599	620	2453	2	1	1	0.00	1
599	621	1416	1	1	0	0.26	1
600	601	17790	10	5	5	0.00	1
600	602	20304	11	6	5	0.26	1
600	603	15604	9	3	6	-0.78	-1
600	604	19918	11	4	7	-0.78	-1
600	605	17488	11	6	5	0.26	1
600	606	16724	11	6	5	0.26	1
600	607	16614	11	5	6	-0.26	-1
600	608	15726	11	7	4	0.78	1
600	609	15467	9	4	5	-0.26	-1
600	610	14714	9	3	6	-0.78	-1
600	611	14291	8	2	6	-1.04	-1
600	612	14096	8	4	4	0.00	1
600	613	13574	8	6	2	1.04	1
600	614	13315	8	5	3	0.52	1
600	615	10732	7	3	4	-0.26	-1
600	616	9810	6	6	0	1.56	1
600	617	9122	6	3	3	0.00	1
600	618	7552	5	3	2	0.26	1
600	619	7133	5	3	2	0.26	1
600	620	6722	4	1	3	-0.52	-1
600	621	5685	3	1	2	-0.26	-1
600	622	5130	2	2	0	0.52	1
601	602	17755	10	6	4	0.52	1
601	603	15604	9	3	6	-0.78	-1
601	604	17320	10	5	5	0.00	1
601	605	14890	10	4	6	-0.52	-1
601	606	14126	10	4	6	-0.52	-1
601	607	14016	10	3	7	-1.04	-1
601	608	13128	10	6	4	0.52	1
601	609	12869	8	4	4	0.00	1
601	610	12116	8	4	4	0.00	1
601	611	11693	7	3	4	-0.26	-1
601	612	11498	7	3	4	-0.26	-1
601	613	10976	7	2	5	-0.78	-1
601	614	10717	7	5	2	0.78	1
601	615	8134	6	0	6	-1.56	-1
601	616	7212	5	2	3	-0.26	-1
601	617	6524	5	3	2	0.26	1
601	618	4954	4	2	2	0.00	1
601	619	4535	4	2	2	0.00	1
601	620	4124	3	1	2	-0.26	-1
601	621	3087	2	0	2	-0.52	-1
601	622	2532	1	0	1	-0.26	-1
602	603	15604	9	3	6	-0.78	-1
602	604	19869	11	8	3	1.30	1
602	605	17439	11	4	7	-0.78	-1
602	606	16675	11	7	4	0.78	1
602	607	16565	11	4	7	-0.78	-1
602	608	15677	11	8	3	1.30	1
602	609	15418	9	4	5	-0.26	-1
602	610	14665	9	7	2	1.30	1
602	611	14242	8	5	3	0.52	1
602	612	14047	8	4	4	0.00	1
602	613	13525	8	5	3	0.52	1
602	614	13266	8	6	2	1.04	1
602	615	10683	7	5	2	0.78	1
602	616	9761	6	4	2	0.52	1
602	617	9073	6	2	4	-0.52	-1
602	618	7503	5	3	2	0.26	1
602	619	7084	5	3	2	0.26	1
602	620	6673	4	2	2	0.00	1
602	621	5636	3	0	3	-0.78	-1
602	622	5081	2	1	1	0.00	1
603	604	15497	9	5	4	0.26	1
603	605	13067	9	5	4	0.26	1
603	606	12303	9	5	4	0.26	1
603	607	12193	9	3	6	-0.78	-1
603	608	11305	9	8	1	1.82	1
603	609	11046	7	3	4	-0.26	-1
603	610	10293	7	4	3	0.26	1
603	611	9870	6	4	2	0.52	1
603	612	9675	6	3	3	0.00	1
603	613	9153	6	2	4	-0.52	-1
603	614	8894	6	3	3	0.00	1
603	615	6311	5	4	1	0.78	1
603	616	5389	4	1	3	-0.52	-1
603	617	4701	4	1	3	-0.52	-1
603	618	3131	3	1	2	-0.26	-1
603	619	2712	3	0	3	-0.78	-1
603	620	2301	2	2	0	0.52	1
603	621	1264	1	0	1	-0.26	-1
604	605	18891	11	5	6	-0.26	-1
604	606	18127	11	4	7	-0.78	-1
604	607	18017	11	5	6	-0.26	-1
604	608	17129	11	3	8	-1.30	-1
604	609	16870	9	4	5	-0.26	-1
604	610	16117	9	8	1	1.82	1
604	611	15694	8	6	2	1.04	1
604	612	15146	8	5	3	0.52	1
604	613	14977	8	5	3	0.52	1
604	614	14718	8	7	1	1.56	1
604	615	12135	7	5	2	0.78	1
604	616	11213	6	0	6	-1.56	-1
604	617	10525	6	3	3	0.00	1
604	618	8955	5	3	2	0.26	1
604	619	8536	5	2	3	-0.26	-1
604	620	8125	4	3	1	0.52	1
604	621	7088	3	2	1	0.26	1
604	622	6533	2	0	2	-0.52	-1
605	606	20617	12	8	4	1.04	1
605	607	20507	12	7	5	0.52	1
605	608	17506	12	7	5	0.52	1
605	609	18477	10	7	3	1.04	1
605	610	18587	10	2	8	-1.56	-1
605	611	18184	9	5	4	0.26	1
605	612	15146	8	4	4	0.00	1
605	613	16856	9	5	4	0.26	1
605	614	17208	9	4	5	-0.26	-1
605	615	14625	8	4	4	0.00	1
605	616	12514	7	3	4	-0.26	-1
605	617	13015	7	3	4	-0.26	-1
605	618	11445	6	2	4	-0.52	-1
605	619	11026	6	2	4	-0.52	-1
605	620	10615	5	3	2	0.26	1
605	621	9578	4	0	4	-1.04	-1
605	622	9023	3	2	1	0.26	1
605	623	3632	1	0	1	-0.26	-1
605	624	3404	1	1	0	0.26	1
605	625	3145	1	0	1	-0.26	-1
605	626	2635	1	1	0	0.26	1
606	607	22365	14	4	10	-1.56	-1
606	608	17506	12	3	9	-1.56	-1
606	609	18477	10	6	4	0.52	1
606	610	18587	10	5	5	0.00	1
606	611	20042	11	8	3	1.30	1
606	612	15146	8	6	2	1.04	1
606	613	16856	9	7	2	1.30	1
606	614	19066	11	7	4	0.78	1
606	615	16483	10	3	7	-1.04	-1
606	616	12514	7	3	4	-0.26	-1
606	617	14873	9	4	5	-0.26	-1
606	618	13303	8	4	4	0.00	1
606	619	12884	8	3	5	-0.52	-1
606	620	12473	7	6	1	1.30	1
606	621	11436	6	3	3	0.00	1
606	622	10881	5	3	2	0.26	1
606	623	5490	3	1	2	-0.26	-1
606	624	5262	3	1	2	-0.26	-1
606	625	5003	3	3	0	0.78	1
606	626	4493	3	0	3	-0.78	-1
606	627	2050	2	0	2	-0.52	-1
606	628	1934	2	1	1	0.00	1
606	629	704	1	0	1	-0.26	-1
607	608	17506	12	9	3	1.56	1
607	609	18477	10	4	6	-0.52	-1
607	610	18587	10	3	7	-1.04	-1
607	611	21110	12	6	6	0.00	1
607	612	15146	8	4	4	0.00	1
607	613	16856	9	3	6	-0.78	-1
607	614	21165	12	5	7	-0.52	-1
607	615	18582	11	8	3	1.30	1
607	616	12514	7	6	1	1.30	1
607	617	16972	10	5	5	0.00	1
607	618	15402	9	6	3	0.78	1
607	619	14983	9	3	6	-0.78	-1
607	620	14572	8	3	5	-0.52	-1
607	621	13535	7	5	2	0.78	1
607	622	12980	6	4	2	0.52	1
607	623	7589	4	1	3	-0.52	-1
607	624	7361	4	4	0	1.04	1
607	625	7102	4	0	4	-1.04	-1
607	626	6592	4	3	1	0.52	1
607	627	4149	3	3	0	0.78	1
607	628	4033	3	2	1	0.26	1
607	629	2803	2	1	1	0.00	1
607	630	1920	1	0	1	-0.26	-1
608	609	17247	10	6	4	0.52	1
608	610	16494	10	3	7	-1.04	-1
608	611	16071	9	6	3	0.78	1
608	612	15146	8	5	3	0.52	1
608	613	15354	9	4	5	-0.26	-1
608	614	15095	9	4	5	-0.26	-1
608	615	12512	8	3	5	-0.52	-1
608	616	11590	7	6	1	1.30	1
608	617	10902	7	5	2	0.78	1
608	618	9332	6	5	1	1.04	1
608	619	8913	6	4	2	0.52	1
608	620	8502	5	2	3	-0.26	-1
608	621	7465	4	1	3	-0.52	-1
608	622	6910	3	0	3	-0.78	-1
608	623	1519	1	1	0	0.26	1
608	624	1291	1	0	1	-0.26	-1
608	625	1032	1	1	0	0.26	1
608	626	522	1	0	1	-0.26	-1
609	610	17724	10	2	8	-1.56	-1
609	611	17301	9	3	6	-0.78	-1
609	612	15146	8	3	5	-0.52	-1
609	613	16584	9	4	5	-0.26	-1
609	614	16325	9	7	2	1.30	1
609	615	13742	8	3	5	-0.52	-1
609	616	12514	7	6	1	1.30	1
609	617	12132	7	6	1	1.30	1
609	618	10562	6	3	3	0.00	1
609	619	10143	6	2	4	-0.52	-1
609	620	9732	5	3	2	0.26	1
609	621	8695	4	3	1	0.52	1
609	622	8140	3	2	1	0.26	1
609	623	2749	1	0	1	-0.26	-1
609	624	2521	1	1	0	0.26	1
609	625	2262	1	0	1	-0.26	-1
609	626	1752	1	1	0	0.26	1
610	611	18164	9	4	5	-0.26	-1
610	612	15146	8	5	3	0.52	1
610	613	16856	9	4	5	-0.26	-1
610	614	17188	9	5	4	0.26	1
610	615	14605	8	4	4	0.00	1
610	616	12514	7	2	5	-0.78	-1
610	617	12995	7	5	2	0.78	1
610	618	11425	6	4	2	0.52	1
610	619	11006	6	2	4	-0.52	-1
610	620	10595	5	5	0	1.30	1
610	621	9558	4	3	1	0.52	1
610	622	9003	3	2	1	0.26	1
610	623	3612	1	1	0	0.26	1
610	624	3384	1	0	1	-0.26	-1
610	625	3125	1	1	0	0.26	1
610	626	2615	1	0	1	-0.26	-1
611	612	15146	8	5	3	0.52	1
611	613	16856	9	5	4	0.26	1
611	614	20134	12	8	4	1.04	1
611	615	17551	11	6	5	0.26	1
611	616	12514	7	3	4	-0.26	-1
611	617	15941	10	5	5	0.00	1
611	618	14371	9	3	6	-0.78	-1
611	619	13952	9	4	5	-0.26	-1
611	620	13541	8	5	3	0.52	1
611	621	12504	7	2	5	-0.78	-1
611	622	11949	6	3	3	0.00	1
611	623	6558	4	1	3	-0.52	-1
611	624	6330	4	1	3	-0.52	-1
611	625	6071	4	2	2	0.00	1
611	626	5561	4	0	4	-1.04	-1
611	627	3118	3	2	1	0.26	1
611	628	3002	3	0	3	-0.78	-1
611	629	1772	2	1	1	0.00	1
611	630	889	1	1	0	0.26	1
612	613	14624	8	6	2	1.04	1
612	614	14365	8	4	4	0.00	1
612	615	11782	7	2	5	-0.78	-1
612	616	10860	6	1	5	-1.04	-1
612	617	10172	6	3	3	0.00	1
612	618	8602	5	0	5	-1.30	-1
612	619	8183	5	2	3	-0.26	-1
612	620	7772	4	3	1	0.52	1
612	621	6735	3	2	1	0.26	1
612	622	6180	2	0	2	-0.52	-1
613	614	16597	9	4	5	-0.26	-1
613	615	14014	8	3	5	-0.52	-1
613	616	12514	7	3	4	-0.26	-1
613	617	12404	7	4	3	0.26	1
613	618	10834	6	3	3	0.00	1
613	619	10415	6	2	4	-0.52	-1
613	620	10004	5	1	4	-0.78	-1
613	621	8967	4	2	2	0.00	1
613	622	8412	3	2	1	0.26	1
613	623	3021	1	1	0	0.26	1
613	624	2793	1	0	1	-0.26	-1
613	625	2534	1	0	1	-0.26	-1
613	626	2024	1	0	1	-0.26	-1
614	615	19538	12	6	6	0.00	1
614	616	12514	7	4	3	0.26	1
614	617	18153	11	3	8	-1.30	-1
614	618	16583	10	5	5	0.00	1
614	619	16164	10	4	6	-0.52	-1
614	620	15753	9	2	7	-1.30	-1
614	621	14716	8	5	3	0.52	1
614	622	14161	7	3	4	-0.26	-1
614	623	8770	5	4	1	0.78	1
614	624	8542	5	1	4	-0.78	-1
614	625	8283	5	2	3	-0.26	-1
614	626	7773	5	3	2	0.26	1
614	627	5330	4	2	2	0.00	1
614	628	5214	4	1	3	-0.52	-1
614	629	3984	3	2	1	0.26	1
614	630	3101	2	2	0	0.52	1
614	631	1996	1	1	0	0.26	1
614	632	1215	1	1	0	0.26	1
614	633	524	1	1	0	0.26	1
615	616	12514	7	3	4	-0.26	-1
615	617	17928	11	6	5	0.26	1
615	618	16358	10	7	3	1.04	1
615	619	15939	10	7	3	1.04	1
615	620	15528	9	3	6	-0.78	-1
615	621	14491	8	4	4	0.00	1
615	622	13936	7	4	3	0.26	1
615	623	8545	5	2	3	-0.26	-1
615	624	8317	5	4	1	0.78	1
615	625	8058	5	2	3	-0.26	-1
615	626	7548	5	3	2	0.26	1
615	627	5105	4	3	1	0.52	1
615	628	4989	4	3	1	0.52	1
615	629	3759	3	2	1	0.26	1
615	630	2876	2	2	0	0.52	1
615	631	1771	1	1	0	0.26	1
615	632	990	1	1	0	0.26	1
615	633	299	1	0	1	-0.26	-1
616	617	11826	7	3	4	-0.26	-1
616	618	10256	6	1	5	-1.04	-1
616	619	9837	6	4	2	0.52	1
616	620	9426	5	0	5	-1.30	-1
616	621	8389	4	1	3	-0.52	-1
616	622	7834	3	2	1	0.26	1
616	623	2443	1	1	0	0.26	1
616	624	2215	1	1	0	0.26	1
616	625	1956	1	0	1	-0.26	-1
616	626	1446	1	0	1	-0.26	-1
617	618	16802	10	4	6	-0.52	-1
617	619	16383	10	4	6	-0.52	-1
617	620	15972	9	4	5	-0.26	-1
617	621	14935	8	6	2	1.04	1
617	622	14380	7	2	5	-0.78	-1
617	623	8989	5	0	5	-1.30	-1
617	624	8761	5	2	3	-0.26	-1
617	625	8502	5	1	4	-0.78	-1
617	626	7992	5	2	3	-0.26	-1
617	627	5549	4	2	2	0.00	1
617	628	5433	4	2	2	0.00	1
617	629	4203	3	2	1	0.26	1
617	630	3320	2	0	2	-0.52	-1
617	631	2215	1	1	0	0.26	1
617	632	1434	1	0	1	-0.26	-1
617	633	743	1	1	0	0.26	1
618	619	17451	11	7	4	0.78	1
618	620	18282	10	3	7	-1.04	-1
618	621	18041	10	8	2	1.56	1
618	622	16643	8	6	2	1.04	1
618	623	13959	8	5	3	0.52	1
618	624	14761	8	4	4	0.00	1
618	625	14502	8	4	4	0.00	1
618	626	13992	8	6	2	1.04	1
618	627	11549	7	5	2	0.78	1
618	628	11433	7	4	3	0.26	1
618	629	10203	6	2	4	-0.52	-1
618	630	9320	5	1	4	-0.78	-1
618	631	8215	4	3	1	0.52	1
618	632	7434	4	2	2	0.00	1
618	633	6743	4	4	0	1.04	1
618	634	4639	2	0	2	-0.52	-1
618	635	3358	1	0	1	-0.26	-1
618	636	2679	1	0	1	-0.26	-1
618	637	1748	1	0	1	-0.26	-1
619	620	17040	10	4	6	-0.52	-1
619	621	16003	9	4	5	-0.26	-1
619	622	15448	8	4	4	0.00	1
619	623	10057	6	2	4	-0.52	-1
619	624	9829	6	1	5	-1.04	-1
619	625	9570	6	2	4	-0.52	-1
619	626	9060	6	2	4	-0.52	-1
619	627	6617	5	3	2	0.26	1
619	628	6501	5	3	2	0.26	1
619	629	5271	4	3	1	0.52	1
619	630	4388	3	1	2	-0.26	-1
619	631	3283	2	1	1	0.00	1
619	632	2502	2	1	1	0.00	1
619	633	1811	2	0	2	-0.52	-1
620	621	17245	9	3	6	-0.78	-1
620	622	16643	8	5	3	0.52	1
620	623	11299	6	3	3	0.00	1
620	624	11071	6	3	3	0.00	1
620	625	10812	6	5	1	1.04	1
620	626	10302	6	1	5	-1.04	-1
620	627	7859	5	3	2	0.26	1
620	628	7743	5	2	3	-0.26	-1
620	629	6513	4	2	2	0.00	1
620	630	5630	3	2	1	0.26	1
620	631	4525	2	0	2	-0.52	-1
620	632	3744	2	0	2	-0.52	-1
620	633	3053	2	2	0	0.52	1
621	622	16643	8	5	3	0.52	1
621	623	12095	7	5	2	0.78	1
621	624	11867	7	5	2	0.78	1
621	625	11608	7	4	3	0.26	1
621	626	11098	7	3	4	-0.26	-1
621	627	8655	6	4	2	0.52	1
621	628	8539	6	4	2	0.52	1
621	629	7309	5	1	4	-0.78	-1
621	630	6426	4	3	1	0.52	1
621	631	5321	3	1	2	-0.26	-1
621	632	4540	3	2	1	0.26	1
621	633	3849	3	1	2	-0.26	-1
621	634	1745	1	0	1	-0.26	-1
622	623	11252	6	3	3	0.00	1
622	624	11024	6	2	4	-0.52	-1
622	625	10765	6	1	5	-1.04	-1
622	626	10255	6	2	4	-0.52	-1
622	627	7812	5	3	2	0.26	1
622	628	7696	5	2	3	-0.26	-1
622	629	6466	4	1	3	-0.52	-1
622	630	5583	3	3	0	0.78	1
622	631	4478	2	0	2	-0.52	-1
622	632	3697	2	1	1	0.00	1
622	633	3006	2	0	2	-0.52	-1
623	624	13731	8	6	2	1.04	1
623	625	13472	8	5	3	0.52	1
623	626	12962	8	6	2	1.04	1
623	627	10519	7	3	4	-0.26	-1
623	628	10403	7	3	4	-0.26	-1
623	629	9173	6	1	5	-1.04	-1
623	630	8290	5	4	1	0.78	1
623	631	7185	4	1	3	-0.52	-1
623	632	6404	4	2	2	0.00	1
623	633	5713	4	2	2	0.00	1
623	634	3609	2	1	1	0.00	1
623	635	2328	1	1	0	0.26	1
623	636	1649	1	0	1	-0.26	-1
623	637	718	1	0	1	-0.26	-1
624	625	19166	14	7	7	0.00	1
624	626	15433	8	3	5	-0.52	-1
624	627	16213	13	7	6	0.26	1
624	628	16097	13	4	9	-1.30	-1
624	629	14867	12	5	7	-0.52	-1
624	630	13984	11	5	6	-0.26	-1
624	631	12879	10	6	4	0.52	1
624	632	12098	10	6	4	0.52	1
624	633	11407	10	5	5	0.00	1
624	634	9303	8	4	4	0.00	1
624	635	8022	7	3	4	-0.26	-1
624	636	7343	7	3	4	-0.26	-1
624	637	6412	7	4	3	0.26	1
624	638	4637	6	3	3	0.00	1
624	639	3859	6	2	4	-0.52	-1
624	640	3344	6	6	0	1.56	1
624	641	2155	4	3	1	0.52	1
624	642	1974	4	2	2	0.00	1
624	643	1517	2	1	1	0.00	1
624	644	804	2	1	1	0.00	1
625	626	15433	8	4	4	0.00	1
625	627	16586	14	4	10	-1.56	-1
625	628	16470	14	5	9	-1.04	-1
625	629	15240	13	8	5	0.78	1
625	630	14357	12	7	5	0.52	1
625	631	13252	11	6	5	0.26	1
625	632	12471	11	9	2	1.82	1
625	633	11780	11	5	6	-0.26	-1
625	634	9676	9	2	7	-1.30	-1
625	635	8395	8	5	3	0.52	1
625	636	7716	8	4	4	0.00	1
625	637	6785	8	5	3	0.52	1
625	638	5010	7	2	5	-0.78	-1
625	639	4232	7	3	4	-0.26	-1
625	640	3717	7	3	4	-0.26	-1
625	641	2528	5	2	3	-0.26	-1
625	642	2347	5	3	2	0.26	1
625	643	1890	3	0	3	-0.78	-1
625	644	1177	3	2	1	0.26	1
625	645	900	1	0	1	-0.26	-1
625	646	872	1	1	0	0.26	1
625	647	551	1	0	1	-0.26	-1
625	648	329	1	0	1	-0.26	-1
625	649	172	1	0	1	-0.26	-1
626	627	12990	7	3	4	-0.26	-1
626	628	12874	7	4	3	0.26	1
626	629	11644	6	2	4	-0.52	-1
626	630	10761	5	3	2	0.26	1
626	631	9656	4	3	1	0.52	1
626	632	8875	4	2	2	0.00	1
626	633	8184	4	3	1	0.52	1
626	634	6080	2	0	2	-0.52	-1
626	635	4799	1	0	1	-0.26	-1
626	636	4120	1	1	0	0.26	1
626	637	3189	1	1	0	0.26	1
627	628	18327	16	7	9	-0.52	-1
627	629	15461	13	3	10	-1.82	-1
627	630	17068	17	12	5	1.82	1
627	631	15963	16	6	10	-1.04	-1
627	632	15182	16	8	8	0.00	1
627	633	14491	16	5	11	-1.56	-1
627	634	12387	14	9	5	1.04	1
627	635	11106	13	4	9	-1.30	-1
627	636	10427	13	8	5	0.78	1
627	637	9496	13	9	4	1.30	1
627	638	7721	12	5	7	-0.52	-1
627	639	6943	12	4	8	-1.04	-1
627	640	6428	12	7	5	0.52	1
627	641	5239	10	5	5	0.00	1
627	642	5058	10	5	5	0.00	1
627	643	4601	8	5	3	0.52	1
627	644	3888	8	1	7	-1.56	-1
627	645	3611	6	1	5	-1.04	-1
627	646	3583	6	4	2	0.52	1
627	647	3262	6	5	1	1.04	1
627	648	3040	6	2	4	-0.52	-1
627	649	2883	6	2	4	-0.52	-1
627	650	1923	5	3	2	0.26	1
627	651	1876	5	1	4	-0.78	-1
628	629	15461	13	6	7	-0.26	-1
628	630	16214	14	6	8	-0.52	-1
628	631	15109	13	6	7	-0.26	-1
628	632	14328	13	5	8	-0.78	-1
628	633	13637	13	7	6	0.26	1
628	634	11533	11	5	6	-0.26	-1
628	635	10252	10	4	6	-0.52	-1
628	636	9573	10	5	5	0.00	1
628	637	8642	10	6	4	0.52	1
628	638	6867	9	3	6	-0.78	-1
628	639	6089	9	0	9	-2.35	-1
628	640	5574	9	4	5	-0.26	-1
628	641	4385	7	3	4	-0.26	-1
628	642	4204	7	4	3	0.26	1
628	643	3747	5	5	0	1.30	1
628	644	3034	5	2	3	-0.26	-1
628	645	2757	3	2	1	0.26	1
628	646	2729	3	2	1	0.26	1
628	647	2408	3	2	1	0.26	1
628	648	2186	3	0	3	-0.78	-1
628	649	2029	3	0	3	-0.78	-1
628	650	1069	2	2	0	0.52	1
628	651	1022	2	2	0	0.52	1
629	630	14578	12	7	5	0.52	1
629	631	13473	11	8	3	1.30	1
629	632	12692	11	4	7	-0.78	-1
629	633	12001	11	6	5	0.26	1
629	634	9897	9	4	5	-0.26	-1
629	635	8616	8	4	4	0.00	1
629	636	7937	8	4	4	0.00	1
629	637	7006	8	3	5	-0.52	-1
629	638	5231	7	2	5	-0.78	-1
629	639	4453	7	3	4	-0.26	-1
629	640	3938	7	2	5	-0.78	-1
629	641	2749	5	4	1	0.78	1
629	642	2568	5	3	2	0.26	1
629	643	2111	3	2	1	0.26	1
629	644	1398	3	3	0	0.78	1
629	645	1121	1	0	1	-0.26	-1
629	646	1093	1	0	1	-0.26	-1
629	647	772	1	0	1	-0.26	-1
629	648	550	1	0	1	-0.26	-1
629	649	393	1	1	0	0.26	1
630	631	20086	20	13	7	1.56	1
630	632	19305	20	13	7	1.56	1
630	633	15473	16	9	7	0.52	1
630	634	16510	18	11	7	1.04	1
630	635	15229	17	8	9	-0.26	-1
630	636	14550	17	2	15	-3.39	-1
630	637	13619	17	5	12	-1.82	-1
630	638	11844	16	7	9	-0.52	-1
630	639	11066	16	8	8	0.00	1
630	640	10551	16	12	4	2.09	1
630	641	9362	14	10	4	1.56	1
630	642	9181	14	8	6	0.52	1
630	643	8724	12	5	7	-0.52	-1
630	644	8011	12	5	7	-0.52	-1
630	645	7734	10	7	3	1.04	1
630	646	7706	10	5	5	0.00	1
630	647	7385	10	6	4	0.52	1
630	648	7163	10	5	5	0.00	1
630	649	7006	10	5	5	0.00	1
630	650	6046	9	5	4	0.26	1
630	651	5999	9	3	6	-0.78	-1
630	652	2821	4	4	0	1.04	1
631	632	22305	22	10	12	-0.52	-1
631	633	15473	16	7	9	-0.52	-1
631	634	16718	18	10	8	0.52	1
631	635	19285	22	10	12	-0.52	-1
631	636	18606	22	10	12	-0.52	-1
631	637	16742	19	10	9	0.26	1
631	638	15900	21	12	9	0.78	1
631	639	15122	21	10	11	-0.26	-1
631	640	14607	21	13	8	1.30	1
631	641	13418	19	11	8	0.78	1
631	642	13237	19	8	11	-0.78	-1
631	643	12289	15	9	6	0.78	1
631	644	12067	17	9	8	0.26	1
631	645	11790	15	8	7	0.26	1
631	646	11762	15	10	5	1.30	1
631	647	11441	15	9	6	0.78	1
631	648	11219	15	5	10	-1.30	-1
631	649	11062	15	6	9	-0.78	-1
631	650	10102	14	10	4	1.56	1
631	651	10055	14	9	5	1.04	1
631	652	6877	9	5	4	0.26	1
631	653	3005	5	1	4	-0.78	-1
631	654	2785	5	4	1	0.78	1
631	655	1646	3	3	0	0.78	1
631	656	1530	3	2	1	0.26	1
631	657	1016	3	2	1	0.26	1
631	658	784	3	1	2	-0.26	-1
632	633	15473	16	8	8	0.00	1
632	634	16718	18	10	8	0.52	1
632	635	18229	19	13	6	1.82	1
632	636	17550	19	8	11	-0.78	-1
632	637	16619	19	8	11	-0.78	-1
632	638	14844	18	12	6	1.56	1
632	639	14066	18	7	11	-1.04	-1
632	640	13551	18	10	8	0.52	1
632	641	12362	16	8	8	0.00	1
632	642	12181	16	7	9	-0.52	-1
632	643	11724	14	2	12	-2.61	-1
632	644	11011	14	8	6	0.52	1
632	645	10734	12	6	6	0.00	1
632	646	10706	12	7	5	0.52	1
632	647	10385	12	8	4	1.04	1
632	648	10163	12	7	5	0.52	1
632	649	10006	12	4	8	-1.04	-1
632	650	9046	11	4	7	-0.78	-1
632	651	8999	11	7	4	0.78	1
632	652	5821	6	4	2	0.52	1
632	653	1949	2	0	2	-0.52	-1
632	654	1729	2	1	1	0.00	1
633	634	13369	14	8	6	0.52	1
633	635	12088	13	7	6	0.26	1
633	636	11409	13	8	5	0.78	1
633	637	10478	13	4	9	-1.30	-1
633	638	8703	12	7	5	0.52	1
633	639	7925	12	5	7	-0.52	-1
633	640	7410	12	2	10	-2.09	-1
633	641	6221	10	3	7	-1.04	-1
633	642	6040	10	6	4	0.52	1
633	643	5583	8	3	5	-0.52	-1
633	644	4870	8	5	3	0.52	1
633	645	4593	6	6	0	1.56	1
633	646	4565	6	1	5	-1.04	-1
633	647	4244	6	1	5	-1.04	-1
633	648	4022	6	4	2	0.52	1
633	649	3865	6	4	2	0.52	1
633	650	2905	5	2	3	-0.26	-1
633	651	2858	5	2	3	-0.26	-1
634	635	15437	17	9	8	0.26	1
634	636	14758	17	6	11	-1.30	-1
634	637	13827	17	3	14	-2.87	-1
634	638	12052	16	5	11	-1.56	-1
634	639	11274	16	9	7	0.52	1
634	640	10759	16	10	6	1.04	1
634	641	9570	14	8	6	0.52	1
634	642	9389	14	5	9	-1.04	-1
634	643	8932	12	5	7	-0.52	-1
634	644	8219	12	10	2	2.09	1
634	645	7942	10	5	5	0.00	1
634	646	7914	10	6	4	0.52	1
634	647	7593	10	2	8	-1.56	-1
634	648	7371	10	4	6	-0.52	-1
634	649	7214	10	5	5	0.00	1
634	650	6254	9	3	6	-0.78	-1
634	651	6207	9	4	5	-0.26	-1
634	652	3029	4	2	2	0.00	1
635	636	22155	25	8	17	-2.35	-1
635	637	16742	19	8	11	-0.78	-1
635	638	22781	25	6	19	-3.39	-1
635	639	17582	23	13	10	0.78	1
635	640	15659	22	10	12	-0.52	-1
635	641	15202	21	11	10	0.26	1
635	642	16228	21	13	8	1.30	1
635	643	12289	15	13	2	2.87	1
635	644	20809	21	15	6	2.35	1
635	645	15133	18	11	7	1.04	1
635	646	13026	16	11	5	1.56	1
635	647	20183	19	8	11	-0.78	-1
635	648	19961	19	10	9	0.26	1
635	649	17200	19	9	10	-0.26	-1
635	650	15174	18	9	9	0.00	1
635	651	13644	17	5	12	-1.82	-1
635	652	13532	13	9	4	1.30	1
635	653	11747	9	4	5	-0.26	-1
635	654	11527	9	5	4	0.26	1
635	655	10388	7	1	6	-1.30	-1
635	656	10272	7	3	4	-0.26	-1
635	657	9758	7	5	2	0.78	1
635	658	9526	7	5	2	0.78	1
635	659	8470	4	3	1	0.52	1
635	660	8394	4	3	1	0.52	1
635	661	7869	3	1	2	-0.26	-1
635	662	7818	3	1	2	-0.26	-1
635	663	7629	3	2	1	0.26	1
635	664	6212	2	1	1	0.00	1
635	665	5931	2	2	0	0.52	1
635	666	5072	1	1	0	0.26	1
635	667	4794	1	0	1	-0.26	-1
635	668	4074	1	0	1	-0.26	-1
636	637	16742	19	13	6	1.82	1
636	638	19449	24	12	12	0.00	1
636	639	17582	23	7	16	-2.35	-1
636	640	15659	22	10	12	-0.52	-1
636	641	15202	21	10	11	-0.26	-1
636	642	16228	21	11	10	0.26	1
636	643	12289	15	8	7	0.26	1
636	644	15616	20	4	16	-3.13	-1
636	645	15133	18	8	10	-0.52	-1
636	646	13026	16	10	6	1.04	1
636	647	14990	18	11	7	1.04	1
636	648	14768	18	7	11	-1.04	-1
636	649	14611	18	4	14	-2.61	-1
636	650	13651	17	11	6	1.30	1
636	651	13604	17	10	7	0.78	1
636	652	10426	12	8	4	1.04	1
636	653	6554	8	3	5	-0.52	-1
636	654	6334	8	4	4	0.00	1
636	655	5195	6	3	3	0.00	1
636	656	5079	6	5	1	1.04	1
636	657	4565	6	3	3	0.00	1
636	658	4333	6	4	2	0.52	1
636	659	3277	3	2	1	0.26	1
636	660	3201	3	2	1	0.26	1
636	661	2676	2	1	1	0.00	1
636	662	2625	2	2	0	0.52	1
636	663	2436	2	1	1	0.00	1
636	664	1019	1	0	1	-0.26	-1
636	665	738	1	0	1	-0.26	-1
637	638	14967	18	12	6	1.56	1
637	639	14189	18	7	11	-1.04	-1
637	640	13674	18	11	7	1.04	1
637	641	12485	16	5	11	-1.56	-1
637	642	12304	16	11	5	1.56	1
637	643	11847	14	10	4	1.56	1
637	644	11134	14	5	9	-1.04	-1
637	645	10857	12	6	6	0.00	1
637	646	10829	12	8	4	1.04	1
637	647	10508	12	5	7	-0.52	-1
637	648	10286	12	5	7	-0.52	-1
637	649	10129	12	6	6	0.00	1
637	650	9169	11	5	6	-0.26	-1
637	651	9122	11	9	2	1.82	1
637	652	5944	6	5	1	1.04	1
637	653	2072	2	1	1	0.00	1
637	654	1852	2	0	2	-0.52	-1
638	639	17582	23	11	12	-0.26	-1
638	640	15659	22	14	8	1.56	1
638	641	15202	21	11	10	0.26	1
638	642	16228	21	7	14	-1.82	-1
638	643	12289	15	7	8	-0.26	-1
638	644	18948	21	11	10	0.26	1
638	645	15133	18	5	13	-2.09	-1
638	646	13026	16	9	7	0.52	1
638	647	18322	19	9	10	-0.26	-1
638	648	18100	19	11	8	0.78	1
638	649	17200	19	9	10	-0.26	-1
638	650	15174	18	10	8	0.52	1
638	651	13644	17	10	7	0.78	1
638	652	13532	13	9	4	1.30	1
638	653	9886	9	6	3	0.78	1
638	654	9666	9	4	5	-0.26	-1
638	655	8527	7	3	4	-0.26	-1
638	656	8411	7	2	5	-0.78	-1
638	657	7897	7	2	5	-0.78	-1
638	658	7665	7	4	3	0.26	1
638	659	6609	4	1	3	-0.52	-1
638	660	6533	4	1	3	-0.52	-1
638	661	6008	3	1	2	-0.26	-1
638	662	5957	3	1	2	-0.26	-1
638	663	5768	3	3	0	0.78	1
638	664	4351	2	2	0	0.52	1
638	665	4070	2	0	2	-0.52	-1
638	666	3211	1	1	0	0.26	1
638	667	2933	1	0	1	-0.26	-1
638	668	2213	1	0	1	-0.26	-1
639	640	15659	22	14	8	1.56	1
639	641	15202	21	14	7	1.82	1
639	642	15697	21	11	10	0.26	1
639	643	12289	15	8	7	0.26	1
639	644	14527	19	9	10	-0.26	-1
639	645	14250	17	12	5	1.82	1
639	646	13026	16	10	6	1.04	1
639	647	13901	17	9	8	0.26	1
639	648	13679	17	9	8	0.26	1
639	649	13522	17	8	9	-0.26	-1
639	650	12562	16	5	11	-1.56	-1
639	651	12515	16	4	12	-2.09	-1
639	652	9337	11	7	4	0.78	1
639	653	5465	7	5	2	0.78	1
639	654	5245	7	3	4	-0.26	-1
639	655	4106	5	3	2	0.26	1
639	656	3990	5	3	2	0.26	1
639	657	3476	5	2	3	-0.26	-1
639	658	3244	5	0	5	-1.30	-1
639	659	2188	2	2	0	0.52	1
639	660	2112	2	0	2	-0.52	-1
639	661	1587	1	0	1	-0.26	-1
639	662	1536	1	1	0	0.26	1
639	663	1347	1	0	1	-0.26	-1
640	641	14470	20	10	10	0.00	1
640	642	14289	20	9	11	-0.52	-1
640	643	12289	15	7	8	-0.26	-1
640	644	13119	18	6	12	-1.56	-1
640	645	12842	16	10	6	1.04	1
640	646	12814	16	10	6	1.04	1
640	647	12493	16	8	8	0.00	1
640	648	12271	16	10	6	1.04	1
640	649	12114	16	9	7	0.52	1
640	650	11154	15	7	8	-0.26	-1
640	651	11107	15	11	4	1.82	1
640	652	7929	10	4	6	-0.52	-1
640	653	4057	6	1	5	-1.04	-1
640	654	3837	6	5	1	1.04	1
640	655	2698	4	1	3	-0.52	-1
640	656	2582	4	3	1	0.52	1
640	657	2068	4	0	4	-1.04	-1
640	658	1836	4	3	1	0.52	1
640	659	780	1	1	0	0.26	1
640	660	704	1	0	1	-0.26	-1
641	642	15021	21	13	8	1.30	1
641	643	12289	15	5	10	-1.30	-1
641	644	13851	19	13	6	1.82	1
641	645	13574	17	11	6	1.30	1
641	646	13026	16	9	7	0.52	1
641	647	13225	17	7	10	-0.78	-1
641	648	13003	17	12	5	1.82	1
641	649	12846	17	10	7	0.78	1
641	650	11886	16	10	6	1.04	1
641	651	11839	16	7	9	-0.52	-1
641	652	8661	11	5	6	-0.26	-1
641	653	4789	7	4	3	0.26	1
641	654	4569	7	5	2	0.78	1
641	655	3430	5	5	0	1.30	1
641	656	3314	5	3	2	0.26	1
641	657	2800	5	3	2	0.26	1
641	658	2568	5	2	3	-0.26	-1
641	659	1512	2	1	1	0.00	1
641	660	1436	2	2	0	0.52	1
641	661	911	1	1	0	0.26	1
641	662	860	1	0	1	-0.26	-1
641	663	671	1	1	0	0.26	1
642	643	12289	15	8	7	0.26	1
642	644	15058	19	11	8	0.78	1
642	645	14781	17	8	9	-0.26	-1
642	646	13026	16	8	8	0.00	1
642	647	14432	17	10	7	0.78	1
642	648	14210	17	9	8	0.26	1
642	649	14053	17	9	8	0.26	1
642	650	13093	16	6	10	-1.04	-1
642	651	13046	16	6	10	-1.04	-1
642	652	9868	11	4	7	-0.78	-1
642	653	5996	7	6	1	1.30	1
642	654	5776	7	6	1	1.30	1
642	655	4637	5	4	1	0.78	1
642	656	4521	5	4	1	0.78	1
642	657	4007	5	3	2	0.26	1
642	658	3775	5	3	2	0.26	1
642	659	2719	2	0	2	-0.52	-1
642	660	2643	2	2	0	0.52	1
642	661	2118	1	1	0	0.26	1
642	662	2067	1	0	1	-0.26	-1
642	663	1878	1	0	1	-0.26	-1
643	644	11576	15	8	7	0.26	1
643	645	11299	13	8	5	0.78	1
643	646	11271	13	8	5	0.78	1
643	647	10950	13	11	2	2.35	1
643	648	10728	13	7	6	0.26	1
643	649	10571	13	4	9	-1.30	-1
643	650	9611	12	6	6	0.00	1
643	651	9564	12	8	4	1.04	1
643	652	6386	7	4	3	0.26	1
643	653	2514	3	1	2	-0.26	-1
643	654	2294	3	1	2	-0.26	-1
643	655	1155	1	0	1	-0.26	-1
643	656	1039	1	0	1	-0.26	-1
643	657	525	1	1	0	0.26	1
643	658	293	1	0	1	-0.26	-1
644	645	15133	18	7	11	-1.04	-1
644	646	13026	16	11	5	1.56	1
644	647	20434	19	10	9	0.26	1
644	648	20324	19	11	8	0.78	1
644	649	17200	19	15	4	2.87	1
644	650	15174	18	8	10	-0.52	-1
644	651	13644	17	6	11	-1.30	-1
644	652	13532	13	4	9	-1.30	-1
644	653	12110	9	6	3	0.78	1
644	654	11890	9	5	4	0.26	1
644	655	10751	7	5	2	0.78	1
644	656	10635	7	3	4	-0.26	-1
644	657	10121	7	5	2	0.78	1
644	658	9889	7	3	4	-0.26	-1
644	659	8833	4	2	2	0.00	1
644	660	8757	4	2	2	0.00	1
644	661	8232	3	2	1	0.26	1
644	662	8181	3	1	2	-0.26	-1
644	663	7992	3	2	1	0.26	1
644	664	6575	2	0	2	-0.52	-1
644	665	6294	2	1	1	0.00	1
644	666	5435	1	1	0	0.26	1
644	667	5157	1	1	0	0.26	1
644	668	4437	1	1	0	0.26	1
645	646	13026	16	6	10	-1.04	-1
645	647	14784	18	6	12	-1.56	-1
645	648	14562	18	9	9	0.00	1
645	649	14405	18	9	9	0.00	1
645	650	13445	17	5	12	-1.82	-1
645	651	13398	17	10	7	0.78	1
645	652	10220	12	5	7	-0.52	-1
645	653	6348	8	6	2	1.04	1
645	654	6128	8	4	4	0.00	1
645	655	4989	6	3	3	0.00	1
645	656	4873	6	1	5	-1.04	-1
645	657	4359	6	3	3	0.00	1
645	658	4127	6	3	3	0.00	1
645	659	3071	3	2	1	0.26	1
645	660	2995	3	2	1	0.26	1
645	661	2470	2	0	2	-0.52	-1
645	662	2419	2	0	2	-0.52	-1
645	663	2230	2	2	0	0.52	1
645	664	813	1	1	0	0.26	1
645	665	532	1	0	1	-0.26	-1
646	647	12705	16	8	8	0.00	1
646	648	12483	16	7	9	-0.52	-1
646	649	12326	16	10	6	1.04	1
646	650	11366	15	7	8	-0.26	-1
646	651	11319	15	8	7	0.26	1
646	652	8141	10	9	1	2.09	1
646	653	4269	6	4	2	0.52	1
646	654	4049	6	3	3	0.00	1
646	655	2910	4	2	2	0.00	1
646	656	2794	4	3	1	0.52	1
646	657	2280	4	3	1	0.52	1
646	658	2048	4	3	1	0.52	1
646	659	992	1	0	1	-0.26	-1
646	660	916	1	0	1	-0.26	-1
647	648	20212	19	10	9	0.26	1
647	649	17200	19	8	11	-0.78	-1
647	650	15174	18	9	9	0.00	1
647	651	13644	17	10	7	0.78	1
647	652	13532	13	2	11	-2.35	-1
647	653	11998	9	3	6	-0.78	-1
647	654	11778	9	3	6	-0.78	-1
647	655	10639	7	3	4	-0.26	-1
647	656	10523	7	3	4	-0.26	-1
647	657	10009	7	3	4	-0.26	-1
647	658	9777	7	4	3	0.26	1
647	659	8721	4	2	2	0.00	1
647	660	8645	4	1	3	-0.52	-1
647	661	8120	3	2	1	0.26	1
647	662	8069	3	2	1	0.26	1
647	663	7880	3	2	1	0.26	1
647	664	6463	2	0	2	-0.52	-1
647	665	6182	2	2	0	0.52	1
647	666	5323	1	0	1	-0.26	-1
647	667	5045	1	1	0	0.26	1
647	668	4325	1	1	0	0.26	1
648	649	17200	19	6	13	-1.82	-1
648	650	15174	18	10	8	0.52	1
648	651	13644	17	7	10	-0.78	-1
648	652	13532	13	8	5	0.78	1
648	653	14783	12	9	3	1.56	1
648	654	13509	11	3	8	-1.30	-1
648	655	13424	10	7	3	1.04	1
648	656	13308	10	6	4	0.52	1
648	657	11620	8	5	3	0.52	1
648	658	12562	10	5	5	0.00	1
648	659	11506	7	3	4	-0.26	-1
648	660	11430	7	3	4	-0.26	-1
648	661	10905	6	3	3	0.00	1
648	662	10854	6	4	2	0.52	1
648	663	10665	6	4	2	0.52	1
648	664	9248	5	4	1	0.78	1
648	665	8967	5	5	0	1.30	1
648	666	8108	4	2	2	0.00	1
648	667	7830	4	3	1	0.52	1
648	668	7110	4	2	2	0.00	1
648	669	6801	3	3	0	0.78	1
648	670	6418	3	2	1	0.26	1
648	671	6243	3	1	2	-0.26	-1
648	672	3698	3	3	0	0.78	1
648	673	3674	3	1	2	-0.26	-1
648	674	2919	3	2	1	0.26	1
648	675	1431	2	1	1	0.00	1
649	650	15174	18	5	13	-2.09	-1
649	651	13644	17	7	10	-0.78	-1
649	652	13015	13	5	8	-0.78	-1
649	653	9143	9	3	6	-0.78	-1
649	654	8923	9	4	5	-0.26	-1
649	655	7784	7	6	1	1.30	1
649	656	7668	7	3	4	-0.26	-1
649	657	7154	7	3	4	-0.26	-1
649	658	6922	7	3	4	-0.26	-1
649	659	5866	4	3	1	0.52	1
649	660	5790	4	2	2	0.00	1
649	661	5265	3	0	3	-0.78	-1
649	662	5214	3	2	1	0.26	1
649	663	5025	3	2	1	0.26	1
649	664	3608	2	1	1	0.00	1
649	665	3327	2	2	0	0.52	1
649	666	2468	1	0	1	-0.26	-1
649	667	2190	1	0	1	-0.26	-1
649	668	1470	1	1	0	0.26	1
650	651	13644	17	8	9	-0.26	-1
650	652	11949	13	6	7	-0.26	-1
650	653	8077	9	7	2	1.30	1
650	654	7857	9	5	4	0.26	1
650	655	6718	7	5	2	0.78	1
650	656	6602	7	5	2	0.78	1
650	657	6088	7	3	4	-0.26	-1
650	658	5856	7	2	5	-0.78	-1
650	659	4800	4	1	3	-0.52	-1
650	660	4724	4	2	2	0.00	1
650	661	4199	3	3	0	0.78	1
650	662	4148	3	0	3	-0.78	-1
650	663	3959	3	2	1	0.26	1
650	664	2542	2	0	2	-0.52	-1
650	665	2261	2	0	2	-0.52	-1
650	666	1402	1	0	1	-0.26	-1
650	667	1124	1	1	0	0.26	1
650	668	404	1	0	1	-0.26	-1
651	652	10466	12	6	6	0.00	1
651	653	6594	8	5	3	0.52	1
651	654	6374	8	4	4	0.00	1
651	655	5235	6	2	4	-0.52	-1
651	656	5119	6	4	2	0.52	1
651	657	4605	6	2	4	-0.52	-1
651	658	4373	6	3	3	0.00	1
651	659	3317	3	2	1	0.26	1
651	660	3241	3	1	2	-0.26	-1
651	661	2716	2	2	0	0.52	1
651	662	2665	2	1	1	0.00	1
651	663	2476	2	1	1	0.00	1
651	664	1059	1	1	0	0.26	1
651	665	778	1	0	1	-0.26	-1
652	653	9660	9	5	4	0.26	1
652	654	9440	9	6	3	0.78	1
652	655	8301	7	5	2	0.78	1
652	656	8185	7	4	3	0.26	1
652	657	7671	7	3	4	-0.26	-1
652	658	7439	7	4	3	0.26	1
652	659	6383	4	2	2	0.00	1
652	660	6307	4	1	3	-0.52	-1
652	661	5782	3	0	3	-0.78	-1
652	662	5731	3	2	1	0.26	1
652	663	5542	3	0	3	-0.78	-1
652	664	4125	2	0	2	-0.52	-1
652	665	3844	2	2	0	0.52	1
652	666	2985	1	0	1	-0.26	-1
652	667	2707	1	1	0	0.26	1
652	668	1987	1	1	0	0.26	1
653	654	13509	11	6	5	0.26	1
653	655	17520	15	12	3	2.35	1
653	656	13727	10	3	7	-1.04	-1
653	657	11620	8	5	3	0.52	1
653	658	16610	15	12	3	2.35	1
653	659	12120	7	5	2	0.78	1
653	660	15526	12	5	7	-0.52	-1
653	661	15001	11	5	6	-0.26	-1
653	662	14950	11	4	7	-0.78	-1
653	663	14761	11	6	5	0.26	1
653	664	13344	10	9	1	2.09	1
653	665	13063	10	7	3	1.04	1
653	666	12204	9	5	4	0.26	1
653	667	11926	9	6	3	0.78	1
653	668	11206	9	4	5	-0.26	-1
653	669	10897	8	4	4	0.00	1
653	670	10514	8	6	2	1.04	1
653	671	10339	8	6	2	1.04	1
653	672	7794	8	5	3	0.52	1
653	673	7770	8	3	5	-0.52	-1
653	674	7015	8	5	3	0.52	1
653	675	5527	7	4	3	0.26	1
653	676	3553	5	4	1	0.78	1
653	677	2748	5	2	3	-0.26	-1
653	678	2398	4	3	1	0.52	1
653	679	2361	4	1	3	-0.52	-1
653	680	2158	3	3	0	0.78	1
653	681	1648	3	3	0	0.78	1
653	682	1630	3	2	1	0.26	1
653	683	1448	3	1	2	-0.26	-1
654	655	12370	9	6	3	0.78	1
654	656	12254	9	3	6	-0.78	-1
654	657	11620	8	5	3	0.52	1
654	658	11508	9	4	5	-0.26	-1
654	659	10452	6	4	2	0.52	1
654	660	10376	6	4	2	0.52	1
654	661	9851	5	1	4	-0.78	-1
654	662	9800	5	1	4	-0.78	-1
654	663	9611	5	3	2	0.26	1
654	664	8194	4	2	2	0.00	1
654	665	7913	4	1	3	-0.52	-1
654	666	7054	3	2	1	0.26	1
654	667	6776	3	1	2	-0.26	-1
654	668	6056	3	1	2	-0.26	-1
654	669	5747	2	1	1	0.00	1
654	670	5364	2	1	1	0.00	1
654	671	5189	2	2	0	0.52	1
654	672	2644	2	1	1	0.00	1
654	673	2620	2	2	0	0.52	1
654	674	1865	2	0	2	-0.52	-1
654	675	377	1	1	0	0.26	1
655	656	13727	10	6	4	0.52	1
655	657	11620	8	3	5	-0.52	-1
655	658	16610	15	6	9	-0.78	-1
655	659	12120	7	4	3	0.26	1
655	660	16957	12	7	5	0.52	1
655	661	16432	11	7	4	0.78	1
655	662	16381	11	7	4	0.78	1
655	663	16192	11	8	3	1.30	1
655	664	14775	10	7	3	1.04	1
655	665	14494	10	6	4	0.52	1
655	666	13635	9	3	6	-0.78	-1
655	667	13357	9	3	6	-0.78	-1
655	668	12637	9	4	5	-0.26	-1
655	669	12328	8	5	3	0.52	1
655	670	11945	8	4	4	0.00	1
655	671	11770	8	4	4	0.00	1
655	672	9225	8	4	4	0.00	1
655	673	9201	8	3	5	-0.52	-1
655	674	8446	8	5	3	0.52	1
655	675	6958	7	3	4	-0.26	-1
655	676	4984	5	1	4	-0.78	-1
655	677	4179	5	3	2	0.26	1
655	678	3829	4	3	1	0.52	1
655	679	3792	4	1	3	-0.52	-1
655	680	3589	3	0	3	-0.78	-1
655	681	3079	3	0	3	-0.78	-1
655	682	3061	3	1	2	-0.26	-1
655	683	2879	3	1	2	-0.26	-1
656	657	11620	8	2	6	-1.04	-1
656	658	12981	10	3	7	-1.04	-1
656	659	11925	7	3	4	-0.26	-1
656	660	11849	7	1	6	-1.30	-1
656	661	11324	6	3	3	0.00	1
656	662	11273	6	3	3	0.00	1
656	663	11084	6	3	3	0.00	1
656	664	9667	5	0	5	-1.30	-1
656	665	9386	5	1	4	-0.78	-1
656	666	8527	4	2	2	0.00	1
656	667	8249	4	2	2	0.00	1
656	668	7529	4	1	3	-0.52	-1
656	669	7220	3	1	2	-0.26	-1
656	670	6837	3	1	2	-0.26	-1
656	671	6662	3	1	2	-0.26	-1
656	672	4117	3	0	3	-0.78	-1
656	673	4093	3	1	2	-0.26	-1
656	674	3338	3	1	2	-0.26	-1
656	675	1850	2	1	1	0.00	1
657	658	11388	8	7	1	1.56	1
657	659	10332	5	3	2	0.26	1
657	660	10256	5	1	4	-0.78	-1
657	661	9731	4	1	3	-0.52	-1
657	662	9680	4	2	2	0.00	1
657	663	9491	4	2	2	0.00	1
657	664	8074	3	0	3	-0.78	-1
657	665	7793	3	2	1	0.26	1
657	666	6934	2	1	1	0.00	1
657	667	6656	2	0	2	-0.52	-1
657	668	5936	2	2	0	0.52	1
657	669	5627	1	0	1	-0.26	-1
657	670	5244	1	1	0	0.26	1
657	671	5069	1	0	1	-0.26	-1
657	672	2524	1	0	1	-0.26	-1
657	673	2500	1	0	1	-0.26	-1
657	674	1745	1	1	0	0.26	1
658	659	12120	7	4	3	0.26	1
658	660	15478	12	7	5	0.52	1
658	661	14953	11	6	5	0.26	1
658	662	14902	11	7	4	0.78	1
658	663	14713	11	6	5	0.26	1
658	664	13296	10	3	7	-1.04	-1
658	665	13015	10	6	4	0.52	1
658	666	12156	9	7	2	1.30	1
658	667	11878	9	3	6	-0.78	-1
658	668	11158	9	3	6	-0.78	-1
658	669	10849	8	3	5	-0.52	-1
658	670	10466	8	3	5	-0.52	-1
658	671	10291	8	4	4	0.00	1
658	672	7746	8	6	2	1.04	1
658	673	7722	8	4	4	0.00	1
658	674	6967	8	4	4	0.00	1
658	675	5479	7	4	3	0.26	1
658	676	3505	5	2	3	-0.26	-1
658	677	2700	5	4	1	0.78	1
658	678	2350	4	3	1	0.52	1
658	679	2313	4	2	2	0.00	1
658	680	2110	3	2	1	0.26	1
658	681	1600	3	2	1	0.26	1
658	682	1582	3	2	1	0.26	1
658	683	1400	3	2	1	0.26	1
659	660	12044	7	2	5	-0.78	-1
659	661	11519	6	0	6	-1.56	-1
659	662	11468	6	2	4	-0.52	-1
659	663	11279	6	2	4	-0.52	-1
659	664	9862	5	3	2	0.26	1
659	665	9581	5	4	1	0.78	1
659	666	8722	4	0	4	-1.04	-1
659	667	8444	4	1	3	-0.52	-1
659	668	7724	4	2	2	0.00	1
659	669	7415	3	1	2	-0.26	-1
659	670	7032	3	2	1	0.26	1
659	671	6857	3	3	0	0.78	1
659	672	4312	3	1	2	-0.26	-1
659	673	4288	3	1	2	-0.26	-1
659	674	3533	3	1	2	-0.26	-1
659	675	2045	2	0	2	-0.52	-1
660	661	16831	11	4	7	-0.78	-1
660	662	17112	11	5	6	-0.26	-1
660	663	16923	11	6	5	0.26	1
660	664	15376	10	8	2	1.56	1
660	665	15225	10	5	5	0.00	1
660	666	14366	9	5	4	0.26	1
660	667	14088	9	6	3	0.78	1
660	668	13368	9	5	4	0.26	1
660	669	13059	8	4	4	0.00	1
660	670	12676	8	4	4	0.00	1
660	671	12501	8	5	3	0.52	1
660	672	9956	8	6	2	1.04	1
660	673	9932	8	3	5	-0.52	-1
660	674	9177	8	4	4	0.00	1
660	675	7689	7	2	5	-0.78	-1
660	676	5715	5	3	2	0.26	1
660	677	4910	5	3	2	0.26	1
660	678	4560	4	1	3	-0.52	-1
660	679	4523	4	3	1	0.52	1
660	680	4320	3	1	2	-0.26	-1
660	681	3810	3	0	3	-0.78	-1
660	682	3792	3	2	1	0.26	1
660	683	3610	3	2	1	0.26	1
661	662	16780	11	4	7	-0.78	-1
661	663	16591	11	4	7	-0.78	-1
661	664	15174	10	4	6	-0.52	-1
661	665	14893	10	6	4	0.52	1
661	666	14034	9	6	3	0.78	1
661	667	13756	9	2	7	-1.30	-1
661	668	13036	9	1	8	-1.82	-1
661	669	12727	8	5	3	0.52	1
661	670	12344	8	4	4	0.00	1
661	671	12169	8	4	4	0.00	1
661	672	9624	8	3	5	-0.52	-1
661	673	9600	8	4	4	0.00	1
661	674	8845	8	5	3	0.52	1
661	675	7357	7	2	5	-0.78	-1
661	676	5383	5	3	2	0.26	1
661	677	4578	5	1	4	-0.78	-1
661	678	4228	4	1	3	-0.52	-1
661	679	4191	4	1	3	-0.52	-1
661	680	3988	3	3	0	0.78	1
661	681	3478	3	1	2	-0.26	-1
661	682	3460	3	1	2	-0.26	-1
661	683	3278	3	0	3	-0.78	-1
662	663	24205	18	10	8	0.52	1
662	664	15376	10	6	4	0.52	1
662	665	20674	13	4	9	-1.30	-1
662	666	18612	11	9	2	1.82	1
662	667	17360	10	4	6	-0.52	-1
662	668	14874	10	2	8	-1.56	-1
662	669	17817	10	3	7	-1.04	-1
662	670	16944	10	7	3	1.04	1
662	671	15764	9	3	6	-0.78	-1
662	672	17238	15	11	4	1.82	1
662	673	17214	15	9	6	0.78	1
662	674	12259	9	2	7	-1.30	-1
662	675	13978	13	8	5	0.78	1
662	676	12997	12	5	7	-0.52	-1
662	677	12192	12	4	8	-1.04	-1
662	678	11842	11	3	8	-1.30	-1
662	679	11805	11	2	9	-1.82	-1
662	680	11602	10	3	7	-1.04	-1
662	681	11092	10	4	6	-0.52	-1
662	682	11074	10	4	6	-0.52	-1
662	683	10892	10	7	3	1.04	1
662	684	10152	7	6	1	1.30	1
662	685	9120	7	1	6	-1.30	-1
662	686	8079	7	0	7	-1.82	-1
662	687	8035	7	2	5	-0.78	-1
662	688	7417	7	1	6	-1.30	-1
662	689	6286	6	4	2	0.52	1
662	690	2921	5	4	1	0.78	1
662	691	1427	3	1	2	-0.26	-1
663	664	15376	10	4	6	-0.52	-1
663	665	20674	13	6	7	-0.26	-1
663	666	18612	11	8	3	1.30	1
663	667	17360	10	7	3	1.04	1
663	668	14874	10	1	9	-2.09	-1
663	669	17817	10	4	6	-0.52	-1
663	670	16944	10	6	4	0.52	1
663	671	15764	9	5	4	0.26	1
663	672	17982	16	12	4	2.09	1
663	673	17935	16	7	9	-0.52	-1
663	674	12259	9	5	4	0.26	1
663	675	13978	13	7	6	0.26	1
663	676	17516	16	9	7	0.52	1
663	677	16711	16	7	9	-0.52	-1
663	678	16361	15	6	9	-0.78	-1
663	679	16324	15	8	7	0.26	1
663	680	12234	11	6	5	0.26	1
663	681	15611	14	8	6	0.52	1
663	682	15233	14	1	13	-3.13	-1
663	683	15411	14	8	6	0.52	1
663	684	14671	11	6	5	0.26	1
663	685	13639	11	4	7	-0.78	-1
663	686	12598	11	4	7	-0.78	-1
663	687	12554	11	5	6	-0.26	-1
663	688	11936	11	5	6	-0.26	-1
663	689	10805	10	2	8	-1.56	-1
663	690	7440	9	3	6	-0.78	-1
663	691	5946	7	3	4	-0.26	-1
663	692	4435	4	1	3	-0.52	-1
663	693	4212	4	3	1	0.52	1
663	694	4059	3	3	0	0.78	1
663	695	3208	3	1	2	-0.26	-1
663	696	3077	3	0	3	-0.78	-1
663	697	2948	3	3	0	0.78	1
663	698	2728	3	0	3	-0.78	-1
663	699	2558	3	2	1	0.26	1
663	700	1465	2	0	2	-0.52	-1
663	701	1000	1	1	0	0.26	1
663	702	796	1	1	0	0.26	1
664	665	15095	10	9	1	2.09	1
664	666	14236	9	6	3	0.78	1
664	667	13958	9	4	5	-0.26	-1
664	668	13238	9	5	4	0.26	1
664	669	12929	8	3	5	-0.52	-1
664	670	12546	8	3	5	-0.52	-1
664	671	12371	8	2	6	-1.04	-1
664	672	9826	8	4	4	0.00	1
664	673	9802	8	3	5	-0.52	-1
664	674	9047	8	4	4	0.00	1
664	675	7559	7	2	5	-0.78	-1
664	676	5585	5	3	2	0.26	1
664	677	4780	5	3	2	0.26	1
664	678	4430	4	4	0	1.04	1
664	679	4393	4	3	1	0.52	1
664	680	4190	3	1	2	-0.26	-1
664	681	3680	3	1	2	-0.26	-1
664	682	3662	3	1	2	-0.26	-1
664	683	3480	3	1	2	-0.26	-1
665	666	18612	11	7	4	0.78	1
665	667	17360	10	4	6	-0.52	-1
665	668	14874	10	9	1	2.09	1
665	669	17817	10	7	3	1.04	1
665	670	16944	10	8	2	1.56	1
665	671	15764	9	7	2	1.30	1
665	672	15405	11	5	6	-0.26	-1
665	673	15381	11	5	6	-0.26	-1
665	674	12259	9	6	3	0.78	1
665	675	13138	10	7	3	1.04	1
665	676	11164	8	2	6	-1.04	-1
665	677	10359	8	6	2	1.04	1
665	678	10009	7	2	5	-0.78	-1
665	679	9972	7	4	3	0.26	1
665	680	9769	6	2	4	-0.52	-1
665	681	9259	6	1	5	-1.04	-1
665	682	9241	6	3	3	0.00	1
665	683	9059	6	4	2	0.52	1
665	684	8319	3	1	2	-0.26	-1
665	685	7287	3	1	2	-0.26	-1
665	686	6246	3	1	2	-0.26	-1
665	687	6202	3	1	2	-0.26	-1
665	688	5584	3	2	1	0.26	1
665	689	4453	2	2	0	0.52	1
665	690	1088	1	1	0	0.26	1
666	667	17360	10	4	6	-0.52	-1
666	668	14874	10	4	6	-0.52	-1
666	669	17305	10	2	8	-1.56	-1
666	670	16922	10	6	4	0.52	1
666	671	15764	9	4	5	-0.26	-1
666	672	14202	10	5	5	0.00	1
666	673	14178	10	5	5	0.00	1
666	674	12259	9	6	3	0.78	1
666	675	11935	9	4	5	-0.26	-1
666	676	9961	7	3	4	-0.26	-1
666	677	9156	7	5	2	0.78	1
666	678	8806	6	0	6	-1.56	-1
666	679	8769	6	2	4	-0.52	-1
666	680	8566	5	1	4	-0.78	-1
666	681	8056	5	3	2	0.26	1
666	682	8038	5	2	3	-0.26	-1
666	683	7856	5	3	2	0.26	1
666	684	7116	2	2	0	0.52	1
666	685	6084	2	1	1	0.00	1
666	686	5043	2	0	2	-0.52	-1
666	687	4999	2	1	1	0.00	1
666	688	4381	2	1	1	0.00	1
666	689	3250	1	1	0	0.26	1
667	668	14874	10	7	3	1.04	1
667	669	16331	9	4	5	-0.26	-1
667	670	15948	9	3	6	-0.78	-1
667	671	15764	9	3	6	-0.78	-1
667	672	13228	9	6	3	0.78	1
667	673	13204	9	6	3	0.78	1
667	674	12259	9	4	5	-0.26	-1
667	675	10961	8	5	3	0.52	1
667	676	8987	6	3	3	0.00	1
667	677	8182	6	5	1	1.04	1
667	678	7832	5	2	3	-0.26	-1
667	679	7795	5	2	3	-0.26	-1
667	680	7592	4	2	2	0.00	1
667	681	7082	4	1	3	-0.52	-1
667	682	7064	4	1	3	-0.52	-1
667	683	6882	4	2	2	0.00	1
667	684	6142	1	0	1	-0.26	-1
667	685	5110	1	1	0	0.26	1
667	686	4069	1	0	1	-0.26	-1
667	687	4025	1	0	1	-0.26	-1
667	688	3407	1	1	0	0.26	1
668	669	14565	9	4	5	-0.26	-1
668	670	14182	9	3	6	-0.78	-1
668	671	14007	9	4	5	-0.26	-1
668	672	11462	9	2	7	-1.30	-1
668	673	11438	9	6	3	0.78	1
668	674	10683	9	5	4	0.26	1
668	675	9195	8	5	3	0.52	1
668	676	7221	6	1	5	-1.04	-1
668	677	6416	6	3	3	0.00	1
668	678	6066	5	2	3	-0.26	-1
668	679	6029	5	2	3	-0.26	-1
668	680	5826	4	1	3	-0.52	-1
668	681	5316	4	1	3	-0.52	-1
668	682	5298	4	3	1	0.52	1
668	683	5116	4	2	2	0.00	1
668	684	4376	1	1	0	0.26	1
668	685	3344	1	1	0	0.26	1
668	686	2303	1	1	0	0.26	1
668	687	2259	1	0	1	-0.26	-1
668	688	1641	1	0	1	-0.26	-1
669	670	16944	10	6	4	0.52	1
669	671	15764	9	5	4	0.26	1
669	672	14714	10	6	4	0.52	1
669	673	14690	10	2	8	-1.56	-1
669	674	12259	9	3	6	-0.78	-1
669	675	12447	9	5	4	0.26	1
669	676	10473	7	4	3	0.26	1
669	677	9668	7	3	4	-0.26	-1
669	678	9318	6	2	4	-0.52	-1
669	679	9281	6	5	1	1.04	1
669	680	9078	5	2	3	-0.26	-1
669	681	8568	5	2	3	-0.26	-1
669	682	8550	5	3	2	0.26	1
669	683	8368	5	3	2	0.26	1
669	684	7628	2	0	2	-0.52	-1
669	685	6596	2	0	2	-0.52	-1
669	686	5555	2	0	2	-0.52	-1
669	687	5511	2	1	1	0.00	1
669	688	4893	2	1	1	0.00	1
669	689	3762	1	0	1	-0.26	-1
670	671	15764	9	4	5	-0.26	-1
670	672	14224	10	3	7	-1.04	-1
670	673	14200	10	5	5	0.00	1
670	674	12259	9	4	5	-0.26	-1
670	675	11957	9	6	3	0.78	1
670	676	9983	7	4	3	0.26	1
670	677	9178	7	6	1	1.30	1
670	678	8828	6	1	5	-1.04	-1
670	679	8791	6	3	3	0.00	1
670	680	8588	5	1	4	-0.78	-1
670	681	8078	5	2	3	-0.26	-1
670	682	8060	5	1	4	-0.78	-1
670	683	7878	5	3	2	0.26	1
670	684	7138	2	2	0	0.52	1
670	685	6106	2	1	1	0.00	1
670	686	5065	2	2	0	0.52	1
670	687	5021	2	1	1	0.00	1
670	688	4403	2	1	1	0.00	1
670	689	3272	1	1	0	0.26	1
671	672	13219	9	1	8	-1.82	-1
671	673	13195	9	7	2	1.30	1
671	674	12259	9	2	7	-1.30	-1
671	675	10952	8	4	4	0.00	1
671	676	8978	6	3	3	0.00	1
671	677	8173	6	4	2	0.52	1
671	678	7823	5	3	2	0.26	1
671	679	7786	5	2	3	-0.26	-1
671	680	7583	4	3	1	0.52	1
671	681	7073	4	2	2	0.00	1
671	682	7055	4	2	2	0.00	1
671	683	6873	4	2	2	0.00	1
671	684	6133	1	1	0	0.26	1
671	685	5101	1	1	0	0.26	1
671	686	4060	1	0	1	-0.26	-1
671	687	4016	1	0	1	-0.26	-1
671	688	3398	1	0	1	-0.26	-1
672	673	17935	16	10	6	1.04	1
672	674	12259	9	5	4	0.26	1
672	675	13978	13	5	8	-0.78	-1
672	676	13741	13	9	4	1.30	1
672	677	12936	13	5	8	-0.78	-1
672	678	12586	12	3	9	-1.56	-1
672	679	12549	12	5	7	-0.52	-1
672	680	12234	11	4	7	-0.78	-1
672	681	11836	11	5	6	-0.26	-1
672	682	11818	11	2	9	-1.82	-1
672	683	11636	11	6	5	0.26	1
672	684	10896	8	7	1	1.56	1
672	685	9864	8	4	4	0.00	1
672	686	8823	8	5	3	0.52	1
672	687	8779	8	2	6	-1.04	-1
672	688	8161	8	5	3	0.52	1
672	689	7030	7	4	3	0.26	1
672	690	3665	6	1	5	-1.04	-1
672	691	2171	4	3	1	0.52	1
672	692	660	1	1	0	0.26	1
672	693	437	1	0	1	-0.26	-1
673	674	12259	9	5	4	0.26	1
673	675	13978	13	6	7	-0.26	-1
673	676	13718	13	10	3	1.82	1
673	677	12913	13	6	7	-0.26	-1
673	678	12563	12	5	7	-0.52	-1
673	679	12526	12	7	5	0.52	1
673	680	12234	11	5	6	-0.26	-1
673	681	11813	11	5	6	-0.26	-1
673	682	11795	11	5	6	-0.26	-1
673	683	11613	11	7	4	0.78	1
673	684	10873	8	5	3	0.52	1
673	685	9841	8	4	4	0.00	1
673	686	8800	8	1	7	-1.56	-1
673	687	8756	8	5	3	0.52	1
673	688	8138	8	4	4	0.00	1
673	689	7007	7	1	6	-1.30	-1
673	690	3642	6	2	4	-0.52	-1
673	691	2148	4	2	2	0.00	1
673	692	637	1	0	1	-0.26	-1
673	693	414	1	0	1	-0.26	-1
674	675	10771	8	3	5	-0.52	-1
674	676	8797	6	2	4	-0.52	-1
674	677	7992	6	4	2	0.52	1
674	678	7642	5	3	2	0.26	1
674	679	7605	5	1	4	-0.78	-1
674	680	7402	4	3	1	0.52	1
674	681	6892	4	2	2	0.00	1
674	682	6874	4	3	1	0.52	1
674	683	6692	4	3	1	0.52	1
674	684	5952	1	0	1	-0.26	-1
674	685	4920	1	0	1	-0.26	-1
674	686	3879	1	1	0	0.26	1
674	687	3835	1	0	1	-0.26	-1
674	688	3217	1	0	1	-0.26	-1
675	676	12004	11	6	5	0.26	1
675	677	11199	11	3	8	-1.30	-1
675	678	10849	10	3	7	-1.04	-1
675	679	10812	10	8	2	1.56	1
675	680	10609	9	2	7	-1.30	-1
675	681	10099	9	3	6	-0.78	-1
675	682	10081	9	4	5	-0.26	-1
675	683	9899	9	2	7	-1.30	-1
675	684	9159	6	1	5	-1.04	-1
675	685	8127	6	4	2	0.52	1
675	686	7086	6	4	2	0.52	1
675	687	7042	6	1	5	-1.04	-1
675	688	6424	6	2	4	-0.52	-1
675	689	5293	5	4	1	0.78	1
675	690	1928	4	1	3	-0.52	-1
675	691	434	2	0	2	-0.52	-1
676	677	16782	16	8	8	0.00	1
676	678	16432	15	8	7	0.26	1
676	679	16395	15	6	9	-0.78	-1
676	680	12234	11	5	6	-0.26	-1
676	681	15682	14	9	5	1.04	1
676	682	15233	14	3	11	-2.09	-1
676	683	15482	14	9	5	1.04	1
676	684	14742	11	6	5	0.26	1
676	685	13710	11	5	6	-0.26	-1
676	686	12669	11	4	7	-0.78	-1
676	687	12625	11	5	6	-0.26	-1
676	688	12007	11	5	6	-0.26	-1
676	689	10876	10	5	5	0.00	1
676	690	7511	9	3	6	-0.78	-1
676	691	6017	7	4	3	0.26	1
676	692	4506	4	2	2	0.00	1
676	693	4283	4	1	3	-0.52	-1
676	694	4130	3	1	2	-0.26	-1
676	695	3279	3	1	2	-0.26	-1
676	696	3148	3	3	0	0.78	1
676	697	3019	3	2	1	0.26	1
676	698	2799	3	1	2	-0.26	-1
676	699	2629	3	2	1	0.26	1
676	700	1536	2	1	1	0.00	1
676	701	1071	1	0	1	-0.26	-1
676	702	867	1	0	1	-0.26	-1
677	678	16577	15	10	5	1.30	1
677	679	16540	15	6	9	-0.78	-1
677	680	12234	11	4	7	-0.78	-1
677	681	15827	14	5	9	-1.04	-1
677	682	15233	14	4	10	-1.56	-1
677	683	15627	14	9	5	1.04	1
677	684	14887	11	6	5	0.26	1
677	685	13855	11	5	6	-0.26	-1
677	686	12814	11	3	8	-1.30	-1
677	687	12770	11	2	9	-1.82	-1
677	688	12152	11	3	8	-1.30	-1
677	689	11021	10	7	3	1.04	1
677	690	7656	9	4	5	-0.26	-1
677	691	6162	7	4	3	0.26	1
677	692	4651	4	3	1	0.52	1
677	693	4428	4	4	0	1.04	1
677	694	4275	3	1	2	-0.26	-1
677	695	3424	3	0	3	-0.78	-1
677	696	3293	3	1	2	-0.26	-1
677	697	3164	3	1	2	-0.26	-1
677	698	2944	3	1	2	-0.26	-1
677	699	2774	3	2	1	0.26	1
677	700	1681	2	1	1	0.00	1
677	701	1216	1	0	1	-0.26	-1
677	702	1012	1	0	1	-0.26	-1
678	679	18311	15	10	5	1.30	1
678	680	12234	11	5	6	-0.26	-1
678	681	17598	14	5	9	-1.04	-1
678	682	15233	14	7	7	0.00	1
678	683	17398	14	7	7	0.00	1
678	684	16658	11	3	8	-1.30	-1
678	685	15626	11	5	6	-0.26	-1
678	686	14585	11	7	4	0.78	1
678	687	12829	11	5	6	-0.26	-1
678	688	13923	11	5	6	-0.26	-1
678	689	12792	10	5	5	0.00	1
678	690	9427	9	3	6	-0.78	-1
678	691	7933	7	1	6	-1.30	-1
678	692	6422	4	3	1	0.52	1
678	693	6199	4	2	2	0.00	1
678	694	6046	3	0	3	-0.78	-1
678	695	5195	3	1	2	-0.26	-1
678	696	5064	3	2	1	0.26	1
678	697	4935	3	0	3	-0.78	-1
678	698	4715	3	2	1	0.26	1
678	699	4545	3	2	1	0.26	1
678	700	3452	2	1	1	0.00	1
678	701	2987	1	1	0	0.26	1
678	702	2783	1	1	0	0.26	1
679	680	12234	11	7	4	0.78	1
679	681	25530	21	10	11	-0.26	-1
679	682	15233	14	5	9	-1.04	-1
679	683	23954	19	5	14	-2.35	-1
679	684	24590	18	6	12	-1.56	-1
679	685	18629	12	6	6	0.00	1
679	686	14880	11	6	5	0.26	1
679	687	12829	11	3	8	-1.30	-1
679	688	21855	18	7	11	-1.04	-1
679	689	13384	10	9	1	2.09	1
679	690	13105	11	5	6	-0.26	-1
679	691	15865	14	5	9	-1.04	-1
679	692	14354	11	7	4	0.78	1
679	693	12621	9	5	4	0.26	1
679	694	13978	10	6	4	0.52	1
679	695	11091	7	3	4	-0.26	-1
679	696	9481	6	5	1	1.04	1
679	697	12867	10	6	4	0.52	1
679	698	12647	10	8	2	1.56	1
679	699	12477	10	2	8	-1.56	-1
679	700	11384	9	5	4	0.26	1
679	701	10919	8	3	5	-0.52	-1
679	702	10715	8	6	2	1.04	1
679	703	10297	7	2	5	-0.78	-1
679	704	10223	7	2	5	-0.78	-1
679	705	9180	7	3	4	-0.26	-1
679	706	7876	7	2	5	-0.78	-1
679	707	7544	7	4	3	0.26	1
679	708	7544	7	3	4	-0.26	-1
679	709	6517	7	0	7	-1.82	-1
679	710	5235	6	2	4	-0.52	-1
679	711	5136	6	4	2	0.52	1
679	712	4256	5	1	4	-0.78	-1
679	713	3016	4	2	2	0.00	1
679	714	2785	4	3	1	0.52	1
679	715	2126	3	1	2	-0.26	-1
679	716	1975	3	3	0	0.78	1
680	681	11724	11	5	6	-0.26	-1
680	682	11706	11	4	7	-0.78	-1
680	683	11524	11	8	3	1.30	1
680	684	10784	8	7	1	1.56	1
680	685	9752	8	3	5	-0.52	-1
680	686	8711	8	4	4	0.00	1
680	687	8667	8	4	4	0.00	1
680	688	8049	8	2	6	-1.04	-1
680	689	6918	7	3	4	-0.26	-1
680	690	3553	6	2	4	-0.52	-1
680	691	2059	4	3	1	0.52	1
680	692	548	1	0	1	-0.26	-1
680	693	325	1	0	1	-0.26	-1
681	682	15233	14	9	5	1.04	1
681	683	23954	19	10	9	0.26	1
681	684	24885	18	10	8	0.52	1
681	685	18629	12	8	4	1.04	1
681	686	14880	11	5	6	-0.26	-1
681	687	12829	11	3	8	-1.30	-1
681	688	22348	18	11	7	1.04	1
681	689	13384	10	5	5	0.00	1
681	690	13105	11	7	4	0.78	1
681	691	16358	14	5	9	-1.04	-1
681	692	14422	11	5	6	-0.26	-1
681	693	12621	9	4	5	-0.26	-1
681	694	14145	10	6	4	0.52	1
681	695	11091	7	5	2	0.78	1
681	696	9481	6	3	3	0.00	1
681	697	13360	10	5	5	0.00	1
681	698	13140	10	4	6	-0.52	-1
681	699	12512	10	3	7	-1.04	-1
681	700	11877	9	3	6	-0.78	-1
681	701	11412	8	4	4	0.00	1
681	702	11208	8	4	4	0.00	1
681	703	10790	7	5	2	0.78	1
681	704	10716	7	2	5	-0.78	-1
681	705	9673	7	6	1	1.30	1
681	706	8369	7	3	4	-0.26	-1
681	707	8037	7	4	3	0.26	1
681	708	8037	7	5	2	0.78	1
681	709	7010	7	1	6	-1.30	-1
681	710	5728	6	2	4	-0.52	-1
681	711	5629	6	2	4	-0.52	-1
681	712	4749	5	2	3	-0.26	-1
681	713	3509	4	3	1	0.52	1
681	714	3278	4	4	0	1.04	1
681	715	2619	3	1	2	-0.26	-1
681	716	2468	3	1	2	-0.26	-1
682	683	15051	14	4	10	-1.56	-1
682	684	14311	11	4	7	-0.78	-1
682	685	13279	11	7	4	0.78	1
682	686	12238	11	5	6	-0.26	-1
682	687	12194	11	6	5	0.26	1
682	688	11576	11	6	5	0.26	1
682	689	10445	10	6	4	0.52	1
682	690	7080	9	3	6	-0.78	-1
682	691	5586	7	5	2	0.78	1
682	692	4075	4	0	4	-1.04	-1
682	693	3852	4	2	2	0.00	1
682	694	3699	3	2	1	0.26	1
682	695	2848	3	1	2	-0.26	-1
682	696	2717	3	2	1	0.26	1
682	697	2588	3	1	2	-0.26	-1
682	698	2368	3	1	2	-0.26	-1
682	699	2198	3	0	3	-0.78	-1
682	700	1105	2	2	0	0.52	1
682	701	640	1	1	0	0.26	1
682	702	436	1	1	0	0.26	1
683	684	23214	16	10	6	1.04	1
683	685	18629	12	3	9	-1.56	-1
683	686	14880	11	7	4	0.78	1
683	687	12829	11	6	5	0.26	1
683	688	20479	16	7	9	-0.52	-1
683	689	13384	10	4	6	-0.52	-1
683	690	13105	11	4	7	-0.78	-1
683	691	14489	12	7	5	0.52	1
683	692	12978	9	4	5	-0.26	-1
683	693	12621	9	5	4	0.26	1
683	694	12602	8	4	4	0.00	1
683	695	11091	7	4	3	0.26	1
683	696	9481	6	5	1	1.04	1
683	697	11491	8	5	3	0.52	1
683	698	11271	8	4	4	0.00	1
683	699	11101	8	6	2	1.04	1
683	700	10008	7	4	3	0.26	1
683	701	9543	6	4	2	0.52	1
683	702	9339	6	2	4	-0.52	-1
683	703	8921	5	5	0	1.30	1
683	704	8847	5	2	3	-0.26	-1
683	705	7804	5	5	0	1.30	1
683	706	6500	5	2	3	-0.26	-1
683	707	6168	5	2	3	-0.26	-1
683	708	6168	5	1	4	-0.78	-1
683	709	5141	5	5	0	1.30	1
683	710	3859	4	2	2	0.00	1
683	711	3760	4	2	2	0.00	1
683	712	2880	3	2	1	0.26	1
683	713	1640	2	1	1	0.00	1
683	714	1409	2	1	1	0.00	1
683	715	750	1	1	0	0.26	1
683	716	599	1	1	0	0.26	1
684	685	18629	12	3	9	-1.56	-1
684	686	14880	11	3	8	-1.30	-1
684	687	12829	11	5	6	-0.26	-1
684	688	22150	18	13	5	2.09	1
684	689	13384	10	5	5	0.00	1
684	690	13105	11	4	7	-0.78	-1
684	691	16160	14	3	11	-2.09	-1
684	692	14422	11	6	5	0.26	1
684	693	12621	9	4	5	-0.26	-1
684	694	14145	10	5	5	0.00	1
684	695	11091	7	5	2	0.78	1
684	696	9481	6	3	3	0.00	1
684	697	13162	10	2	8	-1.56	-1
684	698	12942	10	7	3	1.04	1
684	699	12512	10	6	4	0.52	1
684	700	11679	9	5	4	0.26	1
684	701	11214	8	4	4	0.00	1
684	702	11010	8	5	3	0.52	1
684	703	10592	7	6	1	1.30	1
684	704	10518	7	3	4	-0.26	-1
684	705	9475	7	3	4	-0.26	-1
684	706	8171	7	2	5	-0.78	-1
684	707	7839	7	2	5	-0.78	-1
684	708	7839	7	3	4	-0.26	-1
684	709	6812	7	3	4	-0.26	-1
684	710	5530	6	4	2	0.52	1
684	711	5431	6	5	1	1.04	1
684	712	4551	5	3	2	0.26	1
684	713	3311	4	1	3	-0.52	-1
684	714	3080	4	3	1	0.52	1
684	715	2421	3	2	1	0.26	1
684	716	2270	3	2	1	0.26	1
685	686	14880	11	4	7	-0.78	-1
685	687	12829	11	4	7	-0.78	-1
685	688	16926	12	6	6	0.00	1
685	689	13384	10	4	6	-0.52	-1
685	690	12430	10	9	1	2.09	1
685	691	10936	8	5	3	0.52	1
685	692	9425	5	3	2	0.26	1
685	693	9202	5	4	1	0.78	1
685	694	9049	4	2	2	0.00	1
685	695	8198	4	2	2	0.00	1
685	696	8067	4	2	2	0.00	1
685	697	7938	4	1	3	-0.52	-1
685	698	7718	4	2	2	0.00	1
685	699	7548	4	0	4	-1.04	-1
685	700	6455	3	2	1	0.26	1
685	701	5990	2	1	1	0.00	1
685	702	5786	2	2	0	0.52	1
685	703	5368	1	1	0	0.26	1
685	704	5294	1	0	1	-0.26	-1
685	705	4251	1	1	0	0.26	1
685	706	2947	1	1	0	0.26	1
685	707	2615	1	0	1	-0.26	-1
685	708	2615	1	0	1	-0.26	-1
685	709	1588	1	0	1	-0.26	-1
686	687	12829	11	7	4	0.78	1
686	688	14218	11	4	7	-0.78	-1
686	689	13087	10	6	4	0.52	1
686	690	9722	9	3	6	-0.78	-1
686	691	8228	7	4	3	0.26	1
686	692	6717	4	1	3	-0.52	-1
686	693	6494	4	1	3	-0.52	-1
686	694	6341	3	1	2	-0.26	-1
686	695	5490	3	2	1	0.26	1
686	696	5359	3	1	2	-0.26	-1
686	697	5230	3	2	1	0.26	1
686	698	5010	3	2	1	0.26	1
686	699	4840	3	3	0	0.78	1
686	700	3747	2	1	1	0.00	1
686	701	3282	1	1	0	0.26	1
686	702	3078	1	0	1	-0.26	-1
687	688	12211	11	3	8	-1.30	-1
687	689	11080	10	4	6	-0.52	-1
687	690	7715	9	4	5	-0.26	-1
687	691	6221	7	5	2	0.78	1
687	692	4710	4	2	2	0.00	1
687	693	4487	4	3	1	0.52	1
687	694	4334	3	2	1	0.26	1
687	695	3483	3	1	2	-0.26	-1
687	696	3352	3	1	2	-0.26	-1
687	697	3223	3	1	2	-0.26	-1
687	698	3003	3	1	2	-0.26	-1
687	699	2833	3	1	2	-0.26	-1
687	700	1740	2	0	2	-0.52	-1
687	701	1275	1	1	0	0.26	1
687	702	1071	1	0	1	-0.26	-1
688	689	13384	10	5	5	0.00	1
688	690	13105	11	7	4	0.78	1
688	691	16449	14	7	7	0.00	1
688	692	14422	11	8	3	1.30	1
688	693	12621	9	3	6	-0.78	-1
688	694	14145	10	6	4	0.52	1
688	695	11091	7	3	4	-0.26	-1
688	696	9481	6	3	3	0.00	1
688	697	16662	15	10	5	1.30	1
688	698	16442	15	10	5	1.30	1
688	699	12512	10	4	6	-0.52	-1
688	700	15179	14	9	5	1.04	1
688	701	14714	13	4	9	-1.30	-1
688	702	14510	13	8	5	0.78	1
688	703	14092	12	6	6	0.00	1
688	704	14018	12	7	5	0.52	1
688	705	12975	12	10	2	2.09	1
688	706	11671	12	6	6	0.00	1
688	707	11339	12	6	6	0.00	1
688	708	11339	12	3	9	-1.56	-1
688	709	10312	12	8	4	1.04	1
688	710	9030	11	5	6	-0.26	-1
688	711	8931	11	7	4	0.78	1
688	712	8051	10	7	3	1.04	1
688	713	6811	9	6	3	0.78	1
688	714	6580	9	4	5	-0.26	-1
688	715	5921	8	5	3	0.52	1
688	716	5770	8	5	3	0.52	1
688	717	4169	5	4	1	0.78	1
688	718	3717	5	3	2	0.26	1
688	719	3497	5	4	1	0.78	1
688	720	3490	5	4	1	0.78	1
688	721	3432	5	3	2	0.26	1
688	722	2733	5	2	3	-0.26	-1
688	723	2374	3	0	3	-0.78	-1
688	724	2368	3	0	3	-0.78	-1
689	690	10019	9	6	3	0.78	1
689	691	8525	7	2	5	-0.78	-1
689	692	7014	4	2	2	0.00	1
689	693	6791	4	0	4	-1.04	-1
689	694	6638	3	0	3	-0.78	-1
689	695	5787	3	2	1	0.26	1
689	696	5656	3	1	2	-0.26	-1
689	697	5527	3	2	1	0.26	1
689	698	5307	3	2	1	0.26	1
689	699	5137	3	1	2	-0.26	-1
689	700	4044	2	2	0	0.52	1
689	701	3579	1	0	1	-0.26	-1
689	702	3375	1	0	1	-0.26	-1
690	691	11611	9	5	4	0.26	1
690	692	10100	6	1	5	-1.04	-1
690	693	9877	6	2	4	-0.52	-1
690	694	9724	5	3	2	0.26	1
690	695	8873	5	1	4	-0.78	-1
690	696	8742	5	5	0	1.30	1
690	697	8613	5	2	3	-0.26	-1
690	698	8393	5	1	4	-0.78	-1
690	699	8223	5	1	4	-0.78	-1
690	700	7130	4	3	1	0.52	1
690	701	6665	3	2	1	0.26	1
690	702	6461	3	2	1	0.26	1
690	703	6043	2	1	1	0.00	1
690	704	5969	2	1	1	0.00	1
690	705	4926	2	2	0	0.52	1
690	706	3622	2	0	2	-0.52	-1
690	707	3290	2	0	2	-0.52	-1
690	708	3290	2	2	0	0.52	1
690	709	2263	2	1	1	0.00	1
690	710	981	1	0	1	-0.26	-1
690	711	882	1	0	1	-0.26	-1
691	692	14422	11	5	6	-0.26	-1
691	693	12621	9	3	6	-0.78	-1
691	694	14145	10	5	5	0.00	1
691	695	11091	7	5	2	0.78	1
691	696	9481	6	4	2	0.52	1
691	697	13451	10	6	4	0.52	1
691	698	13231	10	2	8	-1.56	-1
691	699	12512	10	3	7	-1.04	-1
691	700	11968	9	2	7	-1.30	-1
691	701	11503	8	3	5	-0.52	-1
691	702	11299	8	2	6	-1.04	-1
691	703	10881	7	5	2	0.78	1
691	704	10807	7	4	3	0.26	1
691	705	9764	7	4	3	0.26	1
691	706	8460	7	4	3	0.26	1
691	707	8128	7	6	1	1.30	1
691	708	8128	7	3	4	-0.26	-1
691	709	7101	7	4	3	0.26	1
691	710	5819	6	0	6	-1.56	-1
691	711	5720	6	4	2	0.52	1
691	712	4840	5	1	4	-0.78	-1
691	713	3600	4	2	2	0.00	1
691	714	3369	4	2	2	0.00	1
691	715	2710	3	3	0	0.78	1
691	716	2559	3	0	3	-0.78	-1
692	693	12621	9	6	3	0.78	1
692	694	14046	10	2	8	-1.56	-1
692	695	11091	7	1	6	-1.30	-1
692	696	9481	6	3	3	0.00	1
692	697	12935	10	4	6	-0.52	-1
692	698	12715	10	6	4	0.52	1
692	699	12512	10	4	6	-0.52	-1
692	700	11452	9	7	2	1.30	1
692	701	10987	8	5	3	0.52	1
692	702	10783	8	2	6	-1.04	-1
692	703	10365	7	2	5	-0.78	-1
692	704	10291	7	4	3	0.26	1
692	705	9248	7	6	1	1.30	1
692	706	7944	7	5	2	0.78	1
692	707	7612	7	4	3	0.26	1
692	708	7612	7	3	4	-0.26	-1
692	709	6585	7	1	6	-1.30	-1
692	710	5303	6	2	4	-0.52	-1
692	711	5204	6	2	4	-0.52	-1
692	712	4324	5	2	3	-0.26	-1
692	713	3084	4	1	3	-0.52	-1
692	714	2853	4	1	3	-0.52	-1
692	715	2194	3	0	3	-0.78	-1
692	716	2043	3	1	2	-0.26	-1
693	694	12468	8	3	5	-0.52	-1
693	695	11091	7	3	4	-0.26	-1
693	696	9481	6	1	5	-1.04	-1
693	697	11357	8	4	4	0.00	1
693	698	11137	8	3	5	-0.52	-1
693	699	10967	8	1	7	-1.56	-1
693	700	9874	7	5	2	0.78	1
693	701	9409	6	4	2	0.52	1
693	702	9205	6	3	3	0.00	1
693	703	8787	5	2	3	-0.26	-1
693	704	8713	5	2	3	-0.26	-1
693	705	7670	5	3	2	0.26	1
693	706	6366	5	4	1	0.78	1
693	707	6034	5	4	1	0.78	1
693	708	6034	5	1	4	-0.78	-1
693	709	5007	5	2	3	-0.26	-1
693	710	3725	4	2	2	0.00	1
693	711	3626	4	4	0	1.04	1
693	712	2746	3	2	1	0.26	1
693	713	1506	2	2	0	0.52	1
693	714	1275	2	2	0	0.52	1
693	715	616	1	1	0	0.26	1
693	716	465	1	1	0	0.26	1
694	695	11091	7	5	2	0.78	1
694	696	9481	6	3	3	0.00	1
694	697	13034	10	3	7	-1.04	-1
694	698	12814	10	5	5	0.00	1
694	699	12512	10	3	7	-1.04	-1
694	700	11551	9	4	5	-0.26	-1
694	701	11086	8	3	5	-0.52	-1
694	702	10882	8	4	4	0.00	1
694	703	10464	7	5	2	0.78	1
694	704	10390	7	4	3	0.26	1
694	705	9347	7	3	4	-0.26	-1
694	706	8043	7	2	5	-0.78	-1
694	707	7711	7	2	5	-0.78	-1
694	708	7711	7	3	4	-0.26	-1
694	709	6684	7	5	2	0.78	1
694	710	5402	6	2	4	-0.52	-1
694	711	5303	6	1	5	-1.04	-1
694	712	4423	5	4	1	0.78	1
694	713	3183	4	2	2	0.00	1
694	714	2952	4	1	3	-0.52	-1
694	715	2293	3	0	3	-0.78	-1
694	716	2142	3	2	1	0.26	1
695	696	9481	6	3	3	0.00	1
695	697	10831	7	4	3	0.26	1
695	698	10611	7	3	4	-0.26	-1
695	699	10441	7	4	3	0.26	1
695	700	9348	6	3	3	0.00	1
695	701	8883	5	2	3	-0.26	-1
695	702	8679	5	2	3	-0.26	-1
695	703	8261	4	2	2	0.00	1
695	704	8187	4	3	1	0.52	1
695	705	7144	4	4	0	1.04	1
695	706	5840	4	2	2	0.00	1
695	707	5508	4	1	3	-0.52	-1
695	708	5508	4	1	3	-0.52	-1
695	709	4481	4	3	1	0.52	1
695	710	3199	3	1	2	-0.26	-1
695	711	3100	3	2	1	0.26	1
695	712	2220	2	1	1	0.00	1
695	713	980	1	1	0	0.26	1
695	714	749	1	1	0	0.26	1
696	697	9352	6	3	3	0.00	1
696	698	9132	6	3	3	0.00	1
696	699	8962	6	3	3	0.00	1
696	700	7869	5	3	2	0.26	1
696	701	7404	4	1	3	-0.52	-1
696	702	7200	4	4	0	1.04	1
696	703	6782	3	2	1	0.26	1
696	704	6708	3	1	2	-0.26	-1
696	705	5665	3	3	0	0.78	1
696	706	4361	3	1	2	-0.26	-1
696	707	4029	3	1	2	-0.26	-1
696	708	4029	3	1	2	-0.26	-1
696	709	3002	3	2	1	0.26	1
696	710	1720	2	1	1	0.00	1
696	711	1621	2	1	1	0.00	1
696	712	741	1	1	0	0.26	1
697	698	17581	16	8	8	0.00	1
697	699	12512	10	5	5	0.00	1
697	700	16318	15	5	10	-1.30	-1
697	701	15853	14	10	4	1.56	1
697	702	15323	14	7	7	0.00	1
697	703	15231	13	7	6	0.26	1
697	704	15157	13	8	5	0.78	1
697	705	14114	13	9	4	1.30	1
697	706	12810	13	5	8	-0.78	-1
697	707	12478	13	4	9	-1.30	-1
697	708	12478	13	8	5	0.78	1
697	709	11451	13	9	4	1.30	1
697	710	10169	12	5	7	-0.52	-1
697	711	10070	12	5	7	-0.52	-1
697	712	9190	11	7	4	0.78	1
697	713	7950	10	7	3	1.04	1
697	714	7719	10	4	6	-0.52	-1
697	715	7060	9	4	5	-0.26	-1
697	716	6909	9	5	4	0.26	1
697	717	5308	6	4	2	0.52	1
697	718	4856	6	3	3	0.00	1
697	719	4636	6	5	1	1.04	1
697	720	4629	6	3	3	0.00	1
697	721	4571	6	1	5	-1.04	-1
697	722	3872	6	4	2	0.52	1
697	723	3513	4	2	2	0.00	1
697	724	3507	4	3	1	0.52	1
697	725	2922	1	1	0	0.26	1
697	726	2883	1	0	1	-0.26	-1
697	727	2837	1	0	1	-0.26	-1
697	728	1866	1	1	0	0.26	1
697	729	1637	1	0	1	-0.26	-1
698	699	12512	10	2	8	-1.56	-1
698	700	17322	16	8	8	0.00	1
698	701	16857	15	9	6	0.78	1
698	702	15323	14	9	5	1.04	1
698	703	16235	14	5	9	-1.04	-1
698	704	16161	14	7	7	0.00	1
698	705	14647	13	8	5	0.78	1
698	706	13814	14	8	6	0.52	1
698	707	13482	14	7	7	0.00	1
698	708	13482	14	6	8	-0.52	-1
698	709	12455	14	8	6	0.52	1
698	710	11173	13	8	5	0.78	1
698	711	11074	13	7	6	0.26	1
698	712	10194	12	4	8	-1.04	-1
698	713	8954	11	7	4	0.78	1
698	714	8723	11	5	6	-0.26	-1
698	715	8064	10	3	7	-1.04	-1
698	716	7913	10	4	6	-0.52	-1
698	717	6312	7	4	3	0.26	1
698	718	5860	7	5	2	0.78	1
698	719	5640	7	2	5	-0.78	-1
698	720	5633	7	4	3	0.26	1
698	721	5575	7	3	4	-0.26	-1
698	722	4876	7	1	6	-1.30	-1
698	723	4517	5	3	2	0.26	1
698	724	4511	5	1	4	-0.78	-1
698	725	3926	2	1	1	0.00	1
698	726	3887	2	0	2	-0.52	-1
698	727	3841	2	0	2	-0.52	-1
698	728	2870	2	2	0	0.52	1
698	729	2641	2	1	1	0.00	1
698	730	1484	1	0	1	-0.26	-1
698	731	305	1	0	1	-0.26	-1
699	700	11419	9	4	5	-0.26	-1
699	701	10954	8	3	5	-0.52	-1
699	702	10750	8	1	7	-1.56	-1
699	703	10332	7	6	1	1.30	1
699	704	10258	7	5	2	0.78	1
699	705	9215	7	4	3	0.26	1
699	706	7911	7	4	3	0.26	1
699	707	7579	7	3	4	-0.26	-1
699	708	7579	7	5	2	0.78	1
699	709	6552	7	4	3	0.26	1
699	710	5270	6	3	3	0.00	1
699	711	5171	6	2	4	-0.52	-1
699	712	4291	5	4	1	0.78	1
699	713	3051	4	3	1	0.52	1
699	714	2820	4	1	3	-0.52	-1
699	715	2161	3	1	2	-0.26	-1
699	716	2010	3	2	1	0.26	1
700	701	17019	15	8	7	0.26	1
700	702	15323	14	10	4	1.56	1
700	703	21416	21	9	12	-0.78	-1
700	704	21342	21	13	8	1.30	1
700	705	14647	13	8	5	0.78	1
700	706	18995	21	13	8	1.30	1
700	707	17865	21	7	14	-1.82	-1
700	708	16587	19	12	7	1.30	1
700	709	13253	15	9	6	0.78	1
700	710	16354	20	16	4	3.13	1
700	711	16255	20	12	8	1.04	1
700	712	12469	15	8	7	0.26	1
700	713	14135	18	7	11	-1.04	-1
700	714	13904	18	10	8	0.52	1
700	715	13245	17	7	10	-0.78	-1
700	716	13094	17	8	9	-0.26	-1
700	717	11493	14	4	10	-1.56	-1
700	718	11041	14	12	2	2.61	1
700	719	10821	14	9	5	1.04	1
700	720	10814	14	7	7	0.00	1
700	721	10756	14	6	8	-0.52	-1
700	722	10057	14	4	10	-1.56	-1
700	723	9698	12	6	6	0.00	1
700	724	9692	12	5	7	-0.52	-1
700	725	9107	9	3	6	-0.78	-1
700	726	9068	9	6	3	0.78	1
700	727	9022	9	4	5	-0.26	-1
700	728	8051	9	3	6	-0.78	-1
700	729	7822	9	3	6	-0.78	-1
700	730	6665	8	7	1	1.56	1
700	731	5486	8	3	5	-0.52	-1
700	732	5058	7	2	5	-0.78	-1
700	733	4797	7	6	1	1.30	1
700	734	3857	5	3	2	0.26	1
700	735	2852	4	3	1	0.52	1
700	736	2696	4	3	1	0.52	1
700	737	1765	2	0	2	-0.52	-1
700	738	1726	2	0	2	-0.52	-1
701	702	15323	14	7	7	0.00	1
701	703	16397	14	3	11	-2.09	-1
701	704	16323	14	7	7	0.00	1
701	705	14647	13	7	6	0.26	1
701	706	13976	14	10	4	1.56	1
701	707	13644	14	9	5	1.04	1
701	708	13644	14	8	6	0.52	1
701	709	12617	14	6	8	-0.52	-1
701	710	11335	13	8	5	0.78	1
701	711	11236	13	7	6	0.26	1
701	712	10356	12	7	5	0.52	1
701	713	9116	11	5	6	-0.26	-1
701	714	8885	11	6	5	0.26	1
701	715	8226	10	4	6	-0.52	-1
701	716	8075	10	5	5	0.00	1
701	717	6474	7	2	5	-0.78	-1
701	718	6022	7	4	3	0.26	1
701	719	5802	7	2	5	-0.78	-1
701	720	5795	7	3	4	-0.26	-1
701	721	5737	7	2	5	-0.78	-1
701	722	5038	7	2	5	-0.78	-1
701	723	4679	5	4	1	0.78	1
701	724	4673	5	3	2	0.26	1
701	725	4088	2	2	0	0.52	1
701	726	4049	2	1	1	0.00	1
701	727	4003	2	2	0	0.52	1
701	728	3032	2	0	2	-0.52	-1
701	729	2803	2	1	1	0.00	1
701	730	1646	1	0	1	-0.26	-1
701	731	467	1	0	1	-0.26	-1
702	703	14905	13	7	6	0.26	1
702	704	14831	13	9	4	1.30	1
702	705	13788	13	5	8	-0.78	-1
702	706	12484	13	9	4	1.30	1
702	707	12152	13	5	8	-0.78	-1
702	708	12152	13	6	7	-0.26	-1
702	709	11125	13	6	7	-0.26	-1
702	710	9843	12	9	3	1.56	1
702	711	9744	12	7	5	0.52	1
702	712	8864	11	5	6	-0.26	-1
702	713	7624	10	6	4	0.52	1
702	714	7393	10	5	5	0.00	1
702	715	6734	9	4	5	-0.26	-1
702	716	6583	9	6	3	0.78	1
702	717	4982	6	3	3	0.00	1
702	718	4530	6	5	1	1.04	1
702	719	4310	6	3	3	0.00	1
702	720	4303	6	3	3	0.00	1
702	721	4245	6	3	3	0.00	1
702	722	3546	6	3	3	0.00	1
702	723	3187	4	3	1	0.52	1
702	724	3181	4	3	1	0.52	1
702	725	2596	1	0	1	-0.26	-1
702	726	2557	1	0	1	-0.26	-1
702	727	2511	1	1	0	0.26	1
702	728	1540	1	1	0	0.26	1
702	729	1311	1	1	0	0.26	1
703	704	21393	21	7	14	-1.82	-1
703	705	14647	13	7	6	0.26	1
703	706	19046	21	11	10	0.26	1
703	707	17865	21	11	10	0.26	1
703	708	16587	19	9	10	-0.26	-1
703	709	13253	15	8	7	0.26	1
703	710	16405	20	6	14	-2.09	-1
703	711	16306	20	9	11	-0.52	-1
703	712	12469	15	9	6	0.78	1
703	713	14186	18	6	12	-1.56	-1
703	714	13955	18	11	7	1.04	1
703	715	13296	17	10	7	0.78	1
703	716	13145	17	14	3	2.87	1
703	717	11544	14	7	7	0.00	1
703	718	11092	14	6	8	-0.52	-1
703	719	10872	14	5	9	-1.04	-1
703	720	10865	14	8	6	0.52	1
703	721	10807	14	8	6	0.52	1
703	722	10108	14	5	9	-1.04	-1
703	723	9749	12	7	5	0.52	1
703	724	9743	12	5	7	-0.52	-1
703	725	9158	9	5	4	0.26	1
703	726	9119	9	5	4	0.26	1
703	727	9073	9	4	5	-0.26	-1
703	728	8102	9	6	3	0.78	1
703	729	7873	9	2	7	-1.30	-1
703	730	6716	8	6	2	1.04	1
703	731	5537	8	7	1	1.56	1
703	732	5109	7	6	1	1.30	1
703	733	4848	7	6	1	1.30	1
703	734	3908	5	3	2	0.26	1
703	735	2903	4	2	2	0.00	1
703	736	2747	4	4	0	1.04	1
703	737	1816	2	2	0	0.52	1
703	738	1777	2	1	1	0.00	1
704	705	14647	13	6	7	-0.26	-1
704	706	20315	22	10	12	-0.52	-1
704	707	17865	21	10	11	-0.26	-1
704	708	16587	19	8	11	-0.78	-1
704	709	13253	15	8	7	0.26	1
704	710	16935	21	13	8	1.30	1
704	711	23107	26	17	9	2.09	1
704	712	12469	15	5	10	-1.30	-1
704	713	21346	24	8	16	-2.09	-1
704	714	16979	22	14	8	1.56	1
704	715	18975	23	7	16	-2.35	-1
704	716	15986	21	13	8	1.30	1
704	717	16816	20	9	11	-0.52	-1
704	718	18252	20	9	11	-0.52	-1
704	719	16779	20	7	13	-1.56	-1
704	720	16657	20	9	11	-0.52	-1
704	721	11420	15	7	8	-0.26	-1
704	722	17268	20	8	12	-1.04	-1
704	723	16909	18	11	7	1.04	1
704	724	14911	18	10	8	0.52	1
704	725	16318	15	5	10	-1.30	-1
704	726	16279	15	9	6	0.78	1
704	727	12864	14	6	8	-0.52	-1
704	728	14169	15	6	9	-0.78	-1
704	729	15033	15	6	9	-0.78	-1
704	730	13876	14	6	8	-0.52	-1
704	731	12697	14	6	8	-0.52	-1
704	732	12269	13	7	6	0.26	1
704	733	12008	13	7	6	0.26	1
704	734	11068	11	5	6	-0.26	-1
704	735	10063	10	7	3	1.04	1
704	736	9907	10	8	2	1.56	1
704	737	8976	8	2	6	-1.04	-1
704	738	8937	8	6	2	1.04	1
704	739	7595	6	5	1	1.04	1
704	740	7412	6	4	2	0.52	1
704	741	6568	5	3	2	0.26	1
704	742	6232	5	2	3	-0.26	-1
704	743	6191	5	4	1	0.78	1
704	744	5933	5	4	1	0.78	1
704	745	5631	5	1	4	-0.78	-1
704	746	5581	5	2	3	-0.26	-1
704	747	4753	2	1	1	0.00	1
704	748	4635	2	1	1	0.00	1
704	749	4368	2	1	1	0.00	1
704	750	3501	1	1	0	0.26	1
704	751	2975	1	1	0	0.26	1
705	706	13343	13	6	7	-0.26	-1
705	707	13011	13	5	8	-0.78	-1
705	708	13011	13	3	10	-1.82	-1
705	709	11984	13	5	8	-0.78	-1
705	710	10702	12	4	8	-1.04	-1
705	711	10603	12	5	7	-0.52	-1
705	712	9723	11	6	5	0.26	1
705	713	8483	10	4	6	-0.52	-1
705	714	8252	10	3	7	-1.04	-1
705	715	7593	9	7	2	1.30	1
705	716	7442	9	7	2	1.30	1
705	717	5841	6	3	3	0.00	1
705	718	5389	6	5	1	1.04	1
705	719	5169	6	4	2	0.52	1
705	720	5162	6	3	3	0.00	1
705	721	5104	6	4	2	0.52	1
705	722	4405	6	3	3	0.00	1
705	723	4046	4	0	4	-1.04	-1
705	724	4040	4	2	2	0.00	1
705	725	3455	1	1	0	0.26	1
705	726	3416	1	0	1	-0.26	-1
705	727	3370	1	1	0	0.26	1
705	728	2399	1	1	0	0.26	1
705	729	2170	1	0	1	-0.26	-1
706	707	17865	21	15	6	2.35	1
706	708	16587	19	9	10	-0.26	-1
706	709	13253	15	6	9	-0.78	-1
706	710	16935	21	12	9	0.78	1
706	711	17575	21	14	7	1.82	1
706	712	12469	15	8	7	0.26	1
706	713	15455	19	11	8	0.78	1
706	714	15224	19	8	11	-0.78	-1
706	715	14565	18	13	5	2.09	1
706	716	14414	18	5	13	-2.09	-1
706	717	12813	15	8	7	0.26	1
706	718	12361	15	10	5	1.30	1
706	719	12141	15	7	8	-0.26	-1
706	720	12134	15	5	10	-1.30	-1
706	721	11420	15	8	7	0.26	1
706	722	11377	15	5	10	-1.30	-1
706	723	11018	13	10	3	1.82	1
706	724	11012	13	9	4	1.30	1
706	725	10427	10	1	9	-2.09	-1
706	726	10388	10	8	2	1.56	1
706	727	10342	10	5	5	0.00	1
706	728	9371	10	3	7	-1.04	-1
706	729	9142	10	5	5	0.00	1
706	730	7985	9	3	6	-0.78	-1
706	731	6806	9	5	4	0.26	1
706	732	6378	8	3	5	-0.52	-1
706	733	6117	8	5	3	0.52	1
706	734	5177	6	3	3	0.00	1
706	735	4172	5	1	4	-0.78	-1
706	736	4016	5	3	2	0.26	1
706	737	3085	3	2	1	0.26	1
706	738	3046	3	0	3	-0.78	-1
706	739	1704	1	0	1	-0.26	-1
706	740	1521	1	1	0	0.26	1
707	708	16587	19	14	5	2.35	1
707	709	13253	15	6	9	-0.78	-1
707	710	15556	20	12	8	1.04	1
707	711	15457	20	9	11	-0.52	-1
707	712	12469	15	8	7	0.26	1
707	713	13337	18	7	11	-1.04	-1
707	714	13106	18	9	9	0.00	1
707	715	12447	17	4	13	-2.35	-1
707	716	12296	17	6	11	-1.30	-1
707	717	10695	14	6	8	-0.52	-1
707	718	10243	14	6	8	-0.52	-1
707	719	10023	14	7	7	0.00	1
707	720	10016	14	4	10	-1.56	-1
707	721	9958	14	7	7	0.00	1
707	722	9259	14	6	8	-0.52	-1
707	723	8900	12	7	5	0.52	1
707	724	8894	12	8	4	1.04	1
707	725	8309	9	4	5	-0.26	-1
707	726	8270	9	4	5	-0.26	-1
707	727	8224	9	8	1	1.82	1
707	728	7253	9	2	7	-1.30	-1
707	729	7024	9	4	5	-0.26	-1
707	730	5867	8	5	3	0.52	1
707	731	4688	8	4	4	0.00	1
707	732	4260	7	4	3	0.26	1
707	733	3999	7	2	5	-0.78	-1
707	734	3059	5	5	0	1.30	1
707	735	2054	4	3	1	0.52	1
707	736	1898	4	3	1	0.52	1
707	737	967	2	0	2	-0.52	-1
707	738	928	2	1	1	0.00	1
708	709	13253	15	7	8	-0.26	-1
708	710	14278	18	9	9	0.00	1
708	711	14179	18	13	5	2.09	1
708	712	12469	15	7	8	-0.26	-1
708	713	12059	16	7	9	-0.52	-1
708	714	11828	16	7	9	-0.52	-1
708	715	11169	15	6	9	-0.78	-1
708	716	11018	15	4	11	-1.82	-1
708	717	9417	12	6	6	0.00	1
708	718	8965	12	6	6	0.00	1
708	719	8745	12	7	5	0.52	1
708	720	8738	12	8	4	1.04	1
708	721	8680	12	2	10	-2.09	-1
708	722	7981	12	9	3	1.56	1
708	723	7622	10	5	5	0.00	1
708	724	7616	10	5	5	0.00	1
708	725	7031	7	4	3	0.26	1
708	726	6992	7	4	3	0.26	1
708	727	6946	7	2	5	-0.78	-1
708	728	5975	7	1	6	-1.30	-1
708	729	5746	7	5	2	0.78	1
708	730	4589	6	3	3	0.00	1
708	731	3410	6	5	1	1.04	1
708	732	2982	5	1	4	-0.78	-1
708	733	2721	5	0	5	-1.30	-1
708	734	1781	3	2	1	0.26	1
708	735	776	2	2	0	0.52	1
708	736	620	2	2	0	0.52	1
709	710	11971	14	4	10	-1.56	-1
709	711	11872	14	2	12	-2.61	-1
709	712	10992	13	7	6	0.26	1
709	713	9752	12	8	4	1.04	1
709	714	9521	12	7	5	0.52	1
709	715	8862	11	4	7	-0.78	-1
709	716	8711	11	4	7	-0.78	-1
709	717	7110	8	4	4	0.00	1
709	718	6658	8	3	5	-0.52	-1
709	719	6438	8	6	2	1.04	1
709	720	6431	8	6	2	1.04	1
709	721	6373	8	3	5	-0.52	-1
709	722	5674	8	6	2	1.04	1
709	723	5315	6	4	2	0.52	1
709	724	5309	6	1	5	-1.04	-1
709	725	4724	3	1	2	-0.26	-1
709	726	4685	3	2	1	0.26	1
709	727	4639	3	1	2	-0.26	-1
709	728	3668	3	1	2	-0.26	-1
709	729	3439	3	2	1	0.26	1
709	730	2282	2	2	0	0.52	1
709	731	1103	2	1	1	0.00	1
709	732	675	1	0	1	-0.26	-1
709	733	414	1	1	0	0.26	1
710	711	16836	21	14	7	1.82	1
710	712	12469	15	11	4	1.82	1
710	713	14716	19	10	9	0.26	1
710	714	14485	19	10	9	0.26	1
710	715	13826	18	8	10	-0.52	-1
710	716	13675	18	6	12	-1.56	-1
710	717	12074	15	8	7	0.26	1
710	718	11622	15	10	5	1.30	1
710	719	11402	15	5	10	-1.30	-1
710	720	11395	15	7	8	-0.26	-1
710	721	11337	15	8	7	0.26	1
710	722	10638	15	6	9	-0.78	-1
710	723	10279	13	6	7	-0.26	-1
710	724	10273	13	11	2	2.35	1
710	725	9688	10	6	4	0.52	1
710	726	9649	10	6	4	0.52	1
710	727	9603	10	6	4	0.52	1
710	728	8632	10	7	3	1.04	1
710	729	8403	10	5	5	0.00	1
710	730	7246	9	5	4	0.26	1
710	731	6067	9	4	5	-0.26	-1
710	732	5639	8	2	6	-1.04	-1
710	733	5378	8	5	3	0.52	1
710	734	4438	6	2	4	-0.52	-1
710	735	3433	5	2	3	-0.26	-1
710	736	3277	5	1	4	-0.78	-1
710	737	2346	3	3	0	0.78	1
710	738	2307	3	0	3	-0.78	-1
710	739	965	1	1	0	0.26	1
710	740	782	1	1	0	0.26	1
711	712	12469	15	3	12	-2.35	-1
711	713	20987	24	8	16	-2.09	-1
711	714	16979	22	13	9	1.04	1
711	715	18975	23	13	10	0.78	1
711	716	15986	21	9	12	-0.78	-1
711	717	16816	20	7	13	-1.56	-1
711	718	17893	20	14	6	2.09	1
711	719	16779	20	9	11	-0.52	-1
711	720	16657	20	11	9	0.52	1
711	721	11420	15	7	8	-0.26	-1
711	722	16909	20	9	11	-0.52	-1
711	723	16550	18	11	7	1.04	1
711	724	14911	18	9	9	0.00	1
711	725	15959	15	9	6	0.78	1
711	726	15920	15	8	7	0.26	1
711	727	12864	14	7	7	0.00	1
711	728	14169	15	5	10	-1.30	-1
711	729	14674	15	7	8	-0.26	-1
711	730	13517	14	8	6	0.52	1
711	731	12338	14	2	12	-2.61	-1
711	732	11910	13	7	6	0.26	1
711	733	11649	13	8	5	0.78	1
711	734	10709	11	4	7	-0.78	-1
711	735	9704	10	5	5	0.00	1
711	736	9548	10	6	4	0.52	1
711	737	8617	8	2	6	-1.04	-1
711	738	8578	8	2	6	-1.04	-1
711	739	7236	6	3	3	0.00	1
711	740	7053	6	4	2	0.52	1
711	741	6209	5	4	1	0.78	1
711	742	5873	5	3	2	0.26	1
711	743	5832	5	2	3	-0.26	-1
711	744	5574	5	2	3	-0.26	-1
711	745	5272	5	3	2	0.26	1
711	746	5222	5	4	1	0.78	1
711	747	4394	2	0	2	-0.52	-1
711	748	4276	2	0	2	-0.52	-1
711	749	4009	2	1	1	0.00	1
711	750	3142	1	0	1	-0.26	-1
711	751	2616	1	1	0	0.26	1
712	713	11229	14	5	9	-1.04	-1
712	714	10998	14	6	8	-0.52	-1
712	715	10339	13	11	2	2.35	1
712	716	10188	13	10	3	1.82	1
712	717	8587	10	9	1	2.09	1
712	718	8135	10	4	6	-0.52	-1
712	719	7915	10	8	2	1.56	1
712	720	7908	10	6	4	0.52	1
712	721	7850	10	7	3	1.04	1
712	722	7151	10	3	7	-1.04	-1
712	723	6792	8	3	5	-0.52	-1
712	724	6786	8	3	5	-0.52	-1
712	725	6201	5	4	1	0.78	1
712	726	6162	5	3	2	0.26	1
712	727	6116	5	3	2	0.26	1
712	728	5145	5	2	3	-0.26	-1
712	729	4916	5	3	2	0.26	1
712	730	3759	4	1	3	-0.52	-1
712	731	2580	4	3	1	0.52	1
712	732	2152	3	2	1	0.26	1
712	733	1891	3	2	1	0.26	1
712	734	951	1	0	1	-0.26	-1
713	714	16979	22	12	10	0.52	1
713	715	18975	23	10	13	-0.78	-1
713	716	15986	21	13	8	1.30	1
713	717	16816	20	10	10	0.00	1
713	718	19962	23	16	7	2.35	1
713	719	16779	20	11	9	0.52	1
713	720	16657	20	10	10	0.00	1
713	721	11420	15	7	8	-0.26	-1
713	722	18978	23	11	12	-0.26	-1
713	723	18619	21	12	9	0.78	1
713	724	14911	18	7	11	-1.04	-1
713	725	16722	16	9	7	0.52	1
713	726	17989	18	7	11	-1.04	-1
713	727	12864	14	4	10	-1.56	-1
713	728	14169	15	11	4	1.82	1
713	729	16204	16	4	12	-2.09	-1
713	730	15586	17	8	9	-0.26	-1
713	731	14407	17	10	7	0.78	1
713	732	13979	16	7	9	-0.52	-1
713	733	13718	16	12	4	2.09	1
713	734	12778	14	4	10	-1.56	-1
713	735	11773	13	10	3	1.82	1
713	736	11617	13	3	10	-1.82	-1
713	737	10686	11	8	3	1.30	1
713	738	10647	11	7	4	0.78	1
713	739	9305	9	4	5	-0.26	-1
713	740	9122	9	4	5	-0.26	-1
713	741	8278	8	4	4	0.00	1
713	742	7942	8	3	5	-0.52	-1
713	743	7901	8	5	3	0.52	1
713	744	7643	8	4	4	0.00	1
713	745	7341	8	7	1	1.56	1
713	746	7291	8	5	3	0.52	1
713	747	6463	5	3	2	0.26	1
713	748	6345	5	3	2	0.26	1
713	749	6078	5	2	3	-0.26	-1
713	750	5211	4	3	1	0.52	1
713	751	4685	4	4	0	1.04	1
713	752	4025	3	2	1	0.26	1
713	753	3917	3	0	3	-0.78	-1
713	754	3538	3	0	3	-0.78	-1
713	755	2766	3	2	1	0.26	1
713	756	1072	2	2	0	0.52	1
713	757	870	2	0	2	-0.52	-1
713	758	777	2	1	1	0.00	1
713	759	360	2	1	1	0.00	1
714	715	16320	21	10	11	-0.26	-1
714	716	15986	21	12	9	0.78	1
714	717	14568	18	11	7	1.04	1
714	718	14116	18	8	10	-0.52	-1
714	719	13896	18	5	13	-2.09	-1
714	720	13889	18	7	11	-1.04	-1
714	721	11420	15	4	11	-1.82	-1
714	722	13132	18	11	7	1.04	1
714	723	12773	16	10	6	1.04	1
714	724	12767	16	10	6	1.04	1
714	725	12182	13	6	7	-0.26	-1
714	726	12143	13	7	6	0.26	1
714	727	12097	13	8	5	0.78	1
714	728	11126	13	7	6	0.26	1
714	729	10897	13	8	5	0.78	1
714	730	9740	12	6	6	0.00	1
714	731	8561	12	3	9	-1.56	-1
714	732	8133	11	6	5	0.26	1
714	733	7872	11	4	7	-0.78	-1
714	734	6932	9	4	5	-0.26	-1
714	735	5927	8	7	1	1.56	1
714	736	5771	8	5	3	0.52	1
714	737	4840	6	3	3	0.00	1
714	738	4801	6	1	5	-1.04	-1
714	739	3459	4	2	2	0.00	1
714	740	3276	4	3	1	0.52	1
714	741	2432	3	0	3	-0.78	-1
714	742	2096	3	0	3	-0.78	-1
714	743	2055	3	2	1	0.26	1
714	744	1797	3	3	0	0.78	1
714	745	1495	3	1	2	-0.26	-1
714	746	1445	3	1	2	-0.26	-1
715	716	15986	21	14	7	1.82	1
715	717	16816	20	14	6	2.09	1
715	718	16771	20	6	14	-2.09	-1
715	719	16551	20	10	10	0.00	1
715	720	16544	20	16	4	3.13	1
715	721	11420	15	11	4	1.82	1
715	722	15787	20	9	11	-0.52	-1
715	723	15428	18	8	10	-0.52	-1
715	724	14911	18	8	10	-0.52	-1
715	725	14837	15	10	5	1.30	1
715	726	14798	15	5	10	-1.30	-1
715	727	12864	14	6	8	-0.52	-1
715	728	13781	15	11	4	1.82	1
715	729	13552	15	5	10	-1.30	-1
715	730	12395	14	10	4	1.56	1
715	731	11216	14	5	9	-1.04	-1
715	732	10788	13	10	3	1.82	1
715	733	10527	13	3	10	-1.82	-1
715	734	9587	11	6	5	0.26	1
715	735	8582	10	7	3	1.04	1
715	736	8426	10	3	7	-1.04	-1
715	737	7495	8	5	3	0.52	1
715	738	7456	8	6	2	1.04	1
715	739	6114	6	5	1	1.04	1
715	740	5931	6	4	2	0.52	1
715	741	5087	5	2	3	-0.26	-1
715	742	4751	5	3	2	0.26	1
715	743	4710	5	3	2	0.26	1
715	744	4452	5	2	3	-0.26	-1
715	745	4150	5	0	5	-1.30	-1
715	746	4100	5	1	4	-0.78	-1
715	747	3272	2	0	2	-0.52	-1
715	748	3154	2	1	1	0.00	1
715	749	2887	2	1	1	0.00	1
715	750	2020	1	0	1	-0.26	-1
715	751	1494	1	1	0	0.26	1
716	717	14385	18	13	5	2.09	1
716	718	13933	18	9	9	0.00	1
716	719	13713	18	10	8	0.52	1
716	720	13706	18	8	10	-0.52	-1
716	721	11420	15	8	7	0.26	1
716	722	12949	18	11	7	1.04	1
716	723	12590	16	5	11	-1.56	-1
716	724	12584	16	10	6	1.04	1
716	725	11999	13	9	4	1.30	1
716	726	11960	13	4	9	-1.30	-1
716	727	11914	13	5	8	-0.78	-1
716	728	10943	13	7	6	0.26	1
716	729	10714	13	5	8	-0.78	-1
716	730	9557	12	9	3	1.56	1
716	731	8378	12	7	5	0.52	1
716	732	7950	11	7	4	0.78	1
716	733	7689	11	6	5	0.26	1
716	734	6749	9	4	5	-0.26	-1
716	735	5744	8	4	4	0.00	1
716	736	5588	8	5	3	0.52	1
716	737	4657	6	2	4	-0.52	-1
716	738	4618	6	3	3	0.00	1
716	739	3276	4	2	2	0.00	1
716	740	3093	4	1	3	-0.52	-1
716	741	2249	3	2	1	0.26	1
716	742	1913	3	1	2	-0.26	-1
716	743	1872	3	2	1	0.26	1
716	744	1614	3	1	2	-0.26	-1
716	745	1312	3	2	1	0.26	1
716	746	1262	3	2	1	0.26	1
717	718	16364	20	7	13	-1.56	-1
717	719	16144	20	11	9	0.52	1
717	720	16137	20	12	8	1.04	1
717	721	11420	15	11	4	1.82	1
717	722	15380	20	13	7	1.56	1
717	723	15021	18	5	13	-2.09	-1
717	724	14911	18	6	12	-1.56	-1
717	725	14430	15	7	8	-0.26	-1
717	726	14391	15	9	6	0.78	1
717	727	12864	14	6	8	-0.52	-1
717	728	13374	15	9	6	0.78	1
717	729	13145	15	7	8	-0.26	-1
717	730	11988	14	5	9	-1.04	-1
717	731	10809	14	8	6	0.52	1
717	732	10381	13	9	4	1.30	1
717	733	10120	13	8	5	0.78	1
717	734	9180	11	3	8	-1.30	-1
717	735	8175	10	4	6	-0.52	-1
717	736	8019	10	5	5	0.00	1
717	737	7088	8	3	5	-0.52	-1
717	738	7049	8	2	6	-1.04	-1
717	739	5707	6	4	2	0.52	1
717	740	5524	6	2	4	-0.52	-1
717	741	4680	5	3	2	0.26	1
717	742	4344	5	2	3	-0.26	-1
717	743	4303	5	2	3	-0.26	-1
717	744	4045	5	2	3	-0.26	-1
717	745	3743	5	4	1	0.78	1
717	746	3693	5	2	3	-0.26	-1
717	747	2865	2	1	1	0.00	1
717	748	2747	2	0	2	-0.52	-1
717	749	2480	2	1	1	0.00	1
717	750	1613	1	0	1	-0.26	-1
717	751	1087	1	0	1	-0.26	-1
718	719	16779	20	7	13	-1.56	-1
718	720	16657	20	7	13	-1.56	-1
718	721	11420	15	8	7	0.26	1
718	722	20519	26	16	10	1.56	1
718	723	20338	24	15	9	1.56	1
718	724	14911	18	13	5	2.09	1
718	725	16722	16	6	10	-1.04	-1
718	726	19648	21	12	9	0.78	1
718	727	12864	14	9	5	1.04	1
718	728	14169	15	6	9	-0.78	-1
718	729	16204	16	10	6	1.04	1
718	730	17305	20	7	13	-1.56	-1
718	731	16126	20	10	10	0.00	1
718	732	15698	19	10	9	0.26	1
718	733	15437	19	5	14	-2.35	-1
718	734	14497	17	8	9	-0.26	-1
718	735	13492	16	8	8	0.00	1
718	736	13336	16	12	4	2.09	1
718	737	12227	14	5	9	-1.04	-1
718	738	12366	14	6	8	-0.52	-1
718	739	11024	12	8	4	1.04	1
718	740	10841	12	8	4	1.04	1
718	741	9997	11	7	4	0.78	1
718	742	9661	11	8	3	1.30	1
718	743	9620	11	7	4	0.78	1
718	744	9362	11	5	6	-0.26	-1
718	745	9060	11	5	6	-0.26	-1
718	746	9010	11	8	3	1.30	1
718	747	8182	8	2	6	-1.04	-1
718	748	8064	8	5	3	0.52	1
718	749	7797	8	6	2	1.04	1
718	750	6930	7	3	4	-0.26	-1
718	751	6404	7	6	1	1.30	1
718	752	5744	6	6	0	1.56	1
718	753	5636	6	5	1	1.04	1
718	754	5257	6	3	3	0.00	1
718	755	4485	6	3	3	0.00	1
718	756	2791	5	3	2	0.26	1
718	757	2589	5	5	0	1.30	1
718	758	2496	5	2	3	-0.26	-1
718	759	2079	5	4	1	0.78	1
718	760	1059	2	1	1	0.00	1
718	761	926	2	2	0	0.52	1
718	762	773	2	2	0	0.52	1
719	720	16657	20	14	6	2.09	1
719	721	11420	15	6	9	-0.78	-1
719	722	16015	20	9	11	-0.52	-1
719	723	15656	18	7	11	-1.04	-1
719	724	14911	18	7	11	-1.04	-1
719	725	15065	15	7	8	-0.26	-1
719	726	15026	15	6	9	-0.78	-1
719	727	12864	14	6	8	-0.52	-1
719	728	14009	15	8	7	0.26	1
719	729	13780	15	7	8	-0.26	-1
719	730	12623	14	8	6	0.52	1
719	731	11444	14	7	7	0.00	1
719	732	11016	13	10	3	1.82	1
719	733	10755	13	9	4	1.30	1
719	734	9815	11	2	9	-1.82	-1
719	735	8810	10	6	4	0.52	1
719	736	8654	10	3	7	-1.04	-1
719	737	7723	8	4	4	0.00	1
719	738	7684	8	3	5	-0.52	-1
719	739	6342	6	4	2	0.52	1
719	740	6159	6	2	4	-0.52	-1
719	741	5315	5	3	2	0.26	1
719	742	4979	5	2	3	-0.26	-1
719	743	4938	5	0	5	-1.30	-1
719	744	4680	5	1	4	-0.78	-1
719	745	4378	5	4	1	0.78	1
719	746	4328	5	2	3	-0.26	-1
719	747	3500	2	1	1	0.00	1
719	748	3382	2	1	1	0.00	1
719	749	3115	2	0	2	-0.52	-1
719	750	2248	1	0	1	-0.26	-1
719	751	1722	1	1	0	0.26	1
720	721	11420	15	9	6	0.78	1
720	722	15900	20	12	8	1.04	1
720	723	15541	18	8	10	-0.52	-1
720	724	14911	18	7	11	-1.04	-1
720	725	14950	15	8	7	0.26	1
720	726	14911	15	9	6	0.78	1
720	727	12864	14	7	7	0.00	1
720	728	13894	15	7	8	-0.26	-1
720	729	13665	15	6	9	-0.78	-1
720	730	12508	14	7	7	0.00	1
720	731	11329	14	8	6	0.52	1
720	732	10901	13	9	4	1.30	1
720	733	10640	13	3	10	-1.82	-1
720	734	9700	11	6	5	0.26	1
720	735	8695	10	4	6	-0.52	-1
720	736	8539	10	5	5	0.00	1
720	737	7608	8	3	5	-0.52	-1
720	738	7569	8	4	4	0.00	1
720	739	6227	6	1	5	-1.04	-1
720	740	6044	6	4	2	0.52	1
720	741	5200	5	3	2	0.26	1
720	742	4864	5	2	3	-0.26	-1
720	743	4823	5	0	5	-1.30	-1
720	744	4565	5	1	4	-0.78	-1
720	745	4263	5	3	2	0.26	1
720	746	4213	5	3	2	0.26	1
720	747	3385	2	0	2	-0.52	-1
720	748	3267	2	2	0	0.52	1
720	749	3000	2	1	1	0.00	1
720	750	2133	1	1	0	0.26	1
720	751	1607	1	1	0	0.26	1
721	722	10721	15	7	8	-0.26	-1
721	723	10362	13	5	8	-0.78	-1
721	724	10356	13	6	7	-0.26	-1
721	725	9771	10	6	4	0.52	1
721	726	9732	10	7	3	1.04	1
721	727	9686	10	4	6	-0.52	-1
721	728	8715	10	1	9	-2.09	-1
721	729	8486	10	5	5	0.00	1
721	730	7329	9	4	5	-0.26	-1
721	731	6150	9	4	5	-0.26	-1
721	732	5722	8	3	5	-0.52	-1
721	733	5461	8	7	1	1.56	1
721	734	4521	6	1	5	-1.04	-1
721	735	3516	5	2	3	-0.26	-1
721	736	3360	5	3	2	0.26	1
721	737	2429	3	2	1	0.26	1
721	738	2390	3	2	1	0.26	1
721	739	1048	1	0	1	-0.26	-1
721	740	865	1	0	1	-0.26	-1
722	723	20160	24	8	16	-2.09	-1
722	724	14911	18	6	12	-1.56	-1
722	725	16722	16	10	6	1.04	1
722	726	19530	21	7	14	-1.82	-1
722	727	12864	14	8	6	0.52	1
722	728	14169	15	8	7	0.26	1
722	729	16204	16	6	10	-1.04	-1
722	730	17127	20	7	13	-1.56	-1
722	731	15948	20	11	9	0.52	1
722	732	15520	19	5	14	-2.35	-1
722	733	15259	19	5	14	-2.35	-1
722	734	14319	17	4	13	-2.35	-1
722	735	13314	16	8	8	0.00	1
722	736	13158	16	9	7	0.52	1
722	737	12227	14	4	10	-1.56	-1
722	738	12188	14	6	8	-0.52	-1
722	739	10846	12	4	8	-1.04	-1
722	740	10663	12	5	7	-0.52	-1
722	741	9819	11	6	5	0.26	1
722	742	9483	11	5	6	-0.26	-1
722	743	9442	11	5	6	-0.26	-1
722	744	9184	11	3	8	-1.30	-1
722	745	8882	11	8	3	1.30	1
722	746	8832	11	4	7	-0.78	-1
722	747	8004	8	3	5	-0.52	-1
722	748	7886	8	4	4	0.00	1
722	749	7619	8	4	4	0.00	1
722	750	6752	7	3	4	-0.26	-1
722	751	6226	7	5	2	0.78	1
722	752	5566	6	5	1	1.04	1
722	753	5458	6	4	2	0.52	1
722	754	5079	6	5	1	1.04	1
722	755	4307	6	1	5	-1.04	-1
722	756	2613	5	2	3	-0.26	-1
722	757	2411	5	1	4	-0.78	-1
722	758	2318	5	4	1	0.78	1
722	759	1901	5	2	3	-0.26	-1
722	760	881	2	0	2	-0.52	-1
722	761	748	2	0	2	-0.52	-1
722	762	595	2	2	0	0.52	1
723	724	14911	18	8	10	-0.52	-1
723	725	16722	16	6	10	-1.04	-1
723	726	19648	21	15	6	2.35	1
723	727	12864	14	10	4	1.56	1
723	728	14169	15	5	10	-1.30	-1
723	729	16204	16	9	7	0.52	1
723	730	19143	21	6	15	-2.35	-1
723	731	17964	21	7	14	-1.82	-1
723	732	17536	20	8	12	-1.04	-1
723	733	17275	20	7	13	-1.56	-1
723	734	15318	17	8	9	-0.26	-1
723	735	15330	17	10	7	0.78	1
723	736	14918	17	10	7	0.78	1
723	737	12227	14	4	10	-1.56	-1
723	738	14204	15	4	11	-1.82	-1
723	739	12862	13	8	5	0.78	1
723	740	12679	13	11	2	2.35	1
723	741	11835	12	6	6	0.00	1
723	742	9945	11	5	6	-0.26	-1
723	743	11458	12	7	5	0.52	1
723	744	11200	12	7	5	0.52	1
723	745	10898	12	5	7	-0.52	-1
723	746	10848	12	8	4	1.04	1
723	747	10020	9	6	3	0.78	1
723	748	9902	9	6	3	0.78	1
723	749	9635	9	7	2	1.30	1
723	750	8768	8	3	5	-0.52	-1
723	751	8242	8	4	4	0.00	1
723	752	7582	7	3	4	-0.26	-1
723	753	7474	7	5	2	0.78	1
723	754	7095	7	3	4	-0.26	-1
723	755	6323	7	4	3	0.26	1
723	756	4629	6	2	4	-0.52	-1
723	757	4427	6	1	5	-1.04	-1
723	758	4334	6	3	3	0.00	1
723	759	3917	6	6	0	1.56	1
723	760	2897	3	3	0	0.78	1
723	761	2764	3	0	3	-0.78	-1
723	762	2611	3	2	1	0.26	1
723	763	1959	1	0	1	-0.26	-1
723	764	1837	1	1	0	0.26	1
723	765	1464	1	0	1	-0.26	-1
723	766	981	1	1	0	0.26	1
724	725	14326	15	9	6	0.78	1
724	726	14287	15	6	9	-0.78	-1
724	727	12864	14	8	6	0.52	1
724	728	13270	15	9	6	0.78	1
724	729	13041	15	4	11	-1.82	-1
724	730	11884	14	3	11	-2.09	-1
724	731	10705	14	6	8	-0.52	-1
724	732	10277	13	3	10	-1.82	-1
724	733	10016	13	7	6	0.26	1
724	734	9076	11	7	4	0.78	1
724	735	8071	10	9	1	2.09	1
724	736	7915	10	6	4	0.52	1
724	737	6984	8	5	3	0.52	1
724	738	6945	8	1	7	-1.56	-1
724	739	5603	6	3	3	0.00	1
724	740	5420	6	2	4	-0.52	-1
724	741	4576	5	2	3	-0.26	-1
724	742	4240	5	2	3	-0.26	-1
724	743	4199	5	2	3	-0.26	-1
724	744	3941	5	3	2	0.26	1
724	745	3639	5	2	3	-0.26	-1
724	746	3589	5	4	1	0.78	1
724	747	2761	2	1	1	0.00	1
724	748	2643	2	1	1	0.00	1
724	749	2376	2	1	1	0.00	1
724	750	1509	1	1	0	0.26	1
724	751	983	1	0	1	-0.26	-1
725	726	16683	16	4	12	-2.09	-1
725	727	12864	14	8	6	0.52	1
725	728	14169	15	12	3	2.35	1
725	729	15437	16	10	6	1.04	1
725	730	14280	15	12	3	2.35	1
725	731	13101	15	12	3	2.35	1
725	732	12673	14	8	6	0.52	1
725	733	12412	14	7	7	0.00	1
725	734	11472	12	4	8	-1.04	-1
725	735	10467	11	7	4	0.78	1
725	736	10311	11	5	6	-0.26	-1
725	737	9380	9	5	4	0.26	1
725	738	9341	9	5	4	0.26	1
725	739	7999	7	4	3	0.26	1
725	740	7816	7	6	1	1.30	1
725	741	6972	6	3	3	0.00	1
725	742	6636	6	2	4	-0.52	-1
725	743	6595	6	2	4	-0.52	-1
725	744	6337	6	3	3	0.00	1
725	745	6035	6	3	3	0.00	1
725	746	5985	6	1	5	-1.04	-1
725	747	5157	3	1	2	-0.26	-1
725	748	5039	3	1	2	-0.26	-1
725	749	4772	3	2	1	0.26	1
725	750	3905	2	2	0	0.52	1
725	751	3379	2	0	2	-0.52	-1
725	752	2719	1	1	0	0.26	1
725	753	2611	1	0	1	-0.26	-1
725	754	2232	1	1	0	0.26	1
725	755	1460	1	0	1	-0.26	-1
726	727	12864	14	9	5	1.04	1
726	728	14169	15	7	8	-0.26	-1
726	729	16204	16	8	8	0.00	1
726	730	17245	20	8	12	-1.04	-1
726	731	16066	20	9	11	-0.52	-1
726	732	15638	19	9	10	-0.26	-1
726	733	15377	19	12	7	1.30	1
726	734	14437	17	10	7	0.78	1
726	735	13432	16	10	6	1.04	1
726	736	13276	16	6	10	-1.04	-1
726	737	12227	14	4	10	-1.56	-1
726	738	12306	14	9	5	1.04	1
726	739	10964	12	11	1	2.61	1
726	740	10781	12	6	6	0.00	1
726	741	9937	11	2	9	-1.82	-1
726	742	9601	11	7	4	0.78	1
726	743	9560	11	10	1	2.35	1
726	744	9302	11	7	4	0.78	1
726	745	9000	11	6	5	0.26	1
726	746	8950	11	9	2	1.82	1
726	747	8122	8	5	3	0.52	1
726	748	8004	8	5	3	0.52	1
726	749	7737	8	5	3	0.52	1
726	750	6870	7	3	4	-0.26	-1
726	751	6344	7	4	3	0.26	1
726	752	5684	6	4	2	0.52	1
726	753	5576	6	4	2	0.52	1
726	754	5197	6	4	2	0.52	1
726	755	4425	6	4	2	0.52	1
726	756	2731	5	2	3	-0.26	-1
726	757	2529	5	3	2	0.26	1
726	758	2436	5	1	4	-0.78	-1
726	759	2019	5	3	2	0.26	1
726	760	999	2	1	1	0.00	1
726	761	866	2	1	1	0.00	1
726	762	713	2	1	1	0.00	1
727	728	11893	14	5	9	-1.04	-1
727	729	11664	14	11	3	2.09	1
727	730	10507	13	6	7	-0.26	-1
727	731	9328	13	5	8	-0.78	-1
727	732	8900	12	7	5	0.52	1
727	733	8639	12	3	9	-1.56	-1
727	734	7699	10	5	5	0.00	1
727	735	6694	9	3	6	-0.78	-1
727	736	6538	9	6	3	0.78	1
727	737	5607	7	4	3	0.26	1
727	738	5568	7	5	2	0.78	1
727	739	4226	5	3	2	0.26	1
727	740	4043	5	2	3	-0.26	-1
727	741	3199	4	3	1	0.52	1
727	742	2863	4	2	2	0.00	1
727	743	2822	4	3	1	0.52	1
727	744	2564	4	3	1	0.52	1
727	745	2262	4	1	3	-0.52	-1
727	746	2212	4	3	1	0.52	1
727	747	1384	1	1	0	0.26	1
727	748	1266	1	1	0	0.26	1
727	749	999	1	0	1	-0.26	-1
728	729	13940	15	8	7	0.26	1
728	730	12783	14	6	8	-0.52	-1
728	731	11604	14	7	7	0.00	1
728	732	11176	13	5	8	-0.78	-1
728	733	10915	13	7	6	0.26	1
728	734	9975	11	4	7	-0.78	-1
728	735	8970	10	4	6	-0.52	-1
728	736	8814	10	5	5	0.00	1
728	737	7883	8	4	4	0.00	1
728	738	7844	8	5	3	0.52	1
728	739	6502	6	3	3	0.00	1
728	740	6319	6	1	5	-1.04	-1
728	741	5475	5	3	2	0.26	1
728	742	5139	5	2	3	-0.26	-1
728	743	5098	5	0	5	-1.30	-1
728	744	4840	5	2	3	-0.26	-1
728	745	4538	5	3	2	0.26	1
728	746	4488	5	3	2	0.26	1
728	747	3660	2	1	1	0.00	1
728	748	3542	2	2	0	0.52	1
728	749	3275	2	0	2	-0.52	-1
728	750	2408	1	0	1	-0.26	-1
728	751	1882	1	0	1	-0.26	-1
729	730	15047	15	7	8	-0.26	-1
729	731	13868	15	6	9	-0.78	-1
729	732	13440	14	3	11	-2.09	-1
729	733	13179	14	8	6	0.52	1
729	734	12239	12	8	4	1.04	1
729	735	11234	11	5	6	-0.26	-1
729	736	11078	11	6	5	0.26	1
729	737	10147	9	4	5	-0.26	-1
729	738	10108	9	5	4	0.26	1
729	739	8766	7	5	2	0.78	1
729	740	8583	7	5	2	0.78	1
729	741	7739	6	2	4	-0.52	-1
729	742	7403	6	3	3	0.00	1
729	743	7362	6	3	3	0.00	1
729	744	7104	6	4	2	0.52	1
729	745	6802	6	3	3	0.00	1
729	746	6752	6	2	4	-0.52	-1
729	747	5924	3	2	1	0.26	1
729	748	5806	3	2	1	0.26	1
729	749	5539	3	1	2	-0.26	-1
729	750	4672	2	2	0	0.52	1
729	751	4146	2	1	1	0.00	1
729	752	3486	1	1	0	0.26	1
729	753	3378	1	0	1	-0.26	-1
729	754	2999	1	0	1	-0.26	-1
729	755	2227	1	0	1	-0.26	-1
730	731	20410	21	13	8	1.30	1
730	732	20748	21	17	4	3.39	1
730	733	20866	21	13	8	1.30	1
730	734	15318	17	7	10	-0.78	-1
730	735	18921	18	4	14	-2.61	-1
730	736	14918	17	9	8	0.26	1
730	737	12227	14	9	5	1.04	1
730	738	17795	16	11	5	1.56	1
730	739	16453	14	6	8	-0.52	-1
730	740	16270	14	5	9	-1.04	-1
730	741	13758	12	9	3	1.56	1
730	742	9945	11	6	5	0.26	1
730	743	15049	13	5	8	-0.78	-1
730	744	14791	13	7	6	0.26	1
730	745	14489	13	5	8	-0.78	-1
730	746	14439	13	6	7	-0.26	-1
730	747	13611	10	5	5	0.00	1
730	748	13493	10	4	6	-0.52	-1
730	749	13226	10	3	7	-1.04	-1
730	750	12359	9	1	8	-1.82	-1
730	751	11833	9	9	0	2.35	1
730	752	11173	8	4	4	0.00	1
730	753	11065	8	2	6	-1.04	-1
730	754	10686	8	4	4	0.00	1
730	755	9914	8	3	5	-0.52	-1
730	756	8220	7	5	2	0.78	1
730	757	8018	7	3	4	-0.26	-1
730	758	7925	7	4	3	0.26	1
730	759	7508	7	2	5	-0.78	-1
730	760	6488	4	3	1	0.52	1
730	761	6355	4	3	1	0.52	1
730	762	6202	4	2	2	0.00	1
730	763	5550	2	1	1	0.00	1
730	764	5428	2	0	2	-0.52	-1
730	765	5055	2	1	1	0.00	1
730	766	4572	2	1	1	0.00	1
730	767	4282	1	1	0	0.26	1
730	768	3774	1	0	1	-0.26	-1
730	769	3445	1	0	1	-0.26	-1
730	770	3101	1	0	1	-0.26	-1
730	771	2789	1	1	0	0.26	1
730	772	2388	1	0	1	-0.26	-1
730	773	2371	1	1	0	0.26	1
730	774	851	1	1	0	0.26	1
731	732	19982	20	13	7	1.56	1
731	733	19721	20	12	8	1.04	1
731	734	15318	17	6	11	-1.30	-1
731	735	17776	17	4	13	-2.35	-1
731	736	14918	17	12	5	1.82	1
731	737	12227	14	11	3	2.09	1
731	738	16650	15	9	6	0.78	1
731	739	15308	13	6	7	-0.26	-1
731	740	15125	13	7	6	0.26	1
731	741	13758	12	8	4	1.04	1
731	742	9945	11	4	7	-0.78	-1
731	743	13904	12	4	8	-1.04	-1
731	744	13646	12	7	5	0.52	1
731	745	13344	12	8	4	1.04	1
731	746	13294	12	3	9	-1.56	-1
731	747	12466	9	6	3	0.78	1
731	748	12348	9	5	4	0.26	1
731	749	12081	9	5	4	0.26	1
731	750	11214	8	4	4	0.00	1
731	751	10688	8	5	3	0.52	1
731	752	10028	7	4	3	0.26	1
731	753	9920	7	3	4	-0.26	-1
731	754	9541	7	5	2	0.78	1
731	755	8769	7	3	4	-0.26	-1
731	756	7075	6	3	3	0.00	1
731	757	6873	6	0	6	-1.56	-1
731	758	6780	6	5	1	1.04	1
731	759	6363	6	2	4	-0.52	-1
731	760	5343	3	1	2	-0.26	-1
731	761	5210	3	1	2	-0.26	-1
731	762	5057	3	2	1	0.26	1
731	763	4405	1	0	1	-0.26	-1
731	764	4283	1	1	0	0.26	1
731	765	3910	1	1	0	0.26	1
731	766	3427	1	0	1	-0.26	-1
732	733	20487	21	9	12	-0.78	-1
732	734	15318	17	5	12	-1.82	-1
732	735	18542	18	9	9	0.00	1
732	736	14918	17	8	9	-0.26	-1
732	737	12227	14	10	4	1.56	1
732	738	17416	16	9	7	0.52	1
732	739	16074	14	7	7	0.00	1
732	740	15891	14	10	4	1.56	1
732	741	13758	12	8	4	1.04	1
732	742	9945	11	6	5	0.26	1
732	743	14670	13	7	6	0.26	1
732	744	14412	13	5	8	-0.78	-1
732	745	14110	13	5	8	-0.78	-1
732	746	14060	13	6	7	-0.26	-1
732	747	13232	10	5	5	0.00	1
732	748	13114	10	4	6	-0.52	-1
732	749	12847	10	2	8	-1.56	-1
732	750	11980	9	2	7	-1.30	-1
732	751	11454	9	7	2	1.30	1
732	752	10794	8	3	5	-0.52	-1
732	753	10686	8	1	7	-1.56	-1
732	754	10307	8	5	3	0.52	1
732	755	9535	8	2	6	-1.04	-1
732	756	7841	7	3	4	-0.26	-1
732	757	7639	7	5	2	0.78	1
732	758	7546	7	5	2	0.78	1
732	759	7129	7	2	5	-0.78	-1
732	760	6109	4	4	0	1.04	1
732	761	5976	4	2	2	0.00	1
732	762	5823	4	2	2	0.00	1
732	763	5171	2	2	0	0.52	1
732	764	5049	2	2	0	0.52	1
732	765	4676	2	1	1	0.00	1
732	766	4193	2	2	0	0.52	1
732	767	3903	1	1	0	0.26	1
732	768	3395	1	0	1	-0.26	-1
732	769	3066	1	0	1	-0.26	-1
732	770	2722	1	0	1	-0.26	-1
732	771	2410	1	1	0	0.26	1
732	772	2009	1	0	1	-0.26	-1
732	773	1992	1	1	0	0.26	1
732	774	472	1	0	1	-0.26	-1
733	734	15318	17	12	5	1.82	1
733	735	20271	20	11	9	0.52	1
733	736	14918	17	4	13	-2.35	-1
733	737	12227	14	11	3	2.09	1
733	738	18937	18	11	7	1.04	1
733	739	17627	16	6	10	-1.04	-1
733	740	17620	16	6	10	-1.04	-1
733	741	13758	12	7	5	0.52	1
733	742	9945	11	4	7	-0.78	-1
733	743	16399	15	6	9	-0.78	-1
733	744	16141	15	6	9	-0.78	-1
733	745	15839	15	9	6	0.78	1
733	746	15789	15	9	6	0.78	1
733	747	14961	12	3	9	-1.56	-1
733	748	14843	12	4	8	-1.04	-1
733	749	14576	12	3	9	-1.56	-1
733	750	13709	11	4	7	-0.78	-1
733	751	13183	11	8	3	1.30	1
733	752	12523	10	5	5	0.00	1
733	753	12415	10	6	4	0.52	1
733	754	12036	10	4	6	-0.52	-1
733	755	11264	10	4	6	-0.52	-1
733	756	9570	9	3	6	-0.78	-1
733	757	9368	9	2	7	-1.30	-1
733	758	9275	9	4	5	-0.26	-1
733	759	8858	9	2	7	-1.30	-1
733	760	7838	6	3	3	0.00	1
733	761	7705	6	2	4	-0.52	-1
733	762	7552	6	3	3	0.00	1
733	763	6900	4	1	3	-0.52	-1
733	764	6778	4	1	3	-0.52	-1
733	765	6405	4	1	3	-0.52	-1
733	766	5922	4	0	4	-1.04	-1
733	767	5632	3	1	2	-0.26	-1
733	768	5124	3	2	1	0.26	1
733	769	4795	3	2	1	0.26	1
733	770	4451	3	2	1	0.26	1
733	771	4139	3	3	0	0.78	1
733	772	3738	3	2	1	0.26	1
733	773	3721	3	2	1	0.26	1
733	774	2201	3	1	2	-0.26	-1
733	775	944	1	0	1	-0.26	-1
733	776	527	1	0	1	-0.26	-1
734	735	14313	16	9	7	0.52	1
734	736	14157	16	10	6	1.04	1
734	737	12227	14	6	8	-0.52	-1
734	738	13187	14	5	9	-1.04	-1
734	739	11845	12	9	3	1.56	1
734	740	11662	12	7	5	0.52	1
734	741	10818	11	6	5	0.26	1
734	742	9945	11	9	2	1.82	1
734	743	10441	11	5	6	-0.26	-1
734	744	10183	11	6	5	0.26	1
734	745	9881	11	5	6	-0.26	-1
734	746	9831	11	6	5	0.26	1
734	747	9003	8	3	5	-0.52	-1
734	748	8885	8	3	5	-0.52	-1
734	749	8618	8	5	3	0.52	1
734	750	7751	7	4	3	0.26	1
734	751	7225	7	4	3	0.26	1
734	752	6565	6	4	2	0.52	1
734	753	6457	6	3	3	0.00	1
734	754	6078	6	5	1	1.04	1
734	755	5306	6	3	3	0.00	1
734	756	3612	5	2	3	-0.26	-1
734	757	3410	5	1	4	-0.78	-1
734	758	3317	5	1	4	-0.78	-1
734	759	2900	5	1	4	-0.78	-1
734	760	1880	2	1	1	0.00	1
734	761	1747	2	1	1	0.00	1
734	762	1594	2	2	0	0.52	1
735	736	14918	17	8	9	-0.26	-1
735	737	12227	14	10	4	1.56	1
735	738	18937	18	13	5	2.09	1
735	739	17627	16	9	7	0.52	1
735	740	20388	18	8	10	-0.52	-1
735	741	13758	12	5	7	-0.52	-1
735	742	9945	11	6	5	0.26	1
735	743	17679	16	10	6	1.04	1
735	744	18909	17	7	10	-0.78	-1
735	745	18607	17	5	12	-1.82	-1
735	746	18557	17	9	8	0.26	1
735	747	17729	14	5	9	-1.04	-1
735	748	17611	14	8	6	0.52	1
735	749	17344	14	7	7	0.00	1
735	750	15071	12	8	4	1.04	1
735	751	15951	13	6	7	-0.26	-1
735	752	14491	12	5	7	-0.52	-1
735	753	14595	12	8	4	1.04	1
735	754	14804	12	5	7	-0.52	-1
735	755	14032	12	7	5	0.52	1
735	756	12338	11	5	6	-0.26	-1
735	757	12136	11	5	6	-0.26	-1
735	758	12043	11	7	4	0.78	1
735	759	11626	11	6	5	0.26	1
735	760	10606	8	3	5	-0.52	-1
735	761	10473	8	3	5	-0.52	-1
735	762	10320	8	4	4	0.00	1
735	763	9668	6	4	2	0.52	1
735	764	9546	6	5	1	1.04	1
735	765	9173	6	2	4	-0.52	-1
735	766	8690	6	3	3	0.00	1
735	767	8400	5	2	3	-0.26	-1
735	768	7892	5	1	4	-0.78	-1
735	769	7563	5	2	3	-0.26	-1
735	770	7219	5	3	2	0.26	1
735	771	6907	5	1	4	-0.78	-1
735	772	6506	5	3	2	0.26	1
735	773	6489	5	3	2	0.26	1
735	774	4969	5	4	1	0.78	1
735	775	3712	3	2	1	0.26	1
735	776	3295	3	2	1	0.26	1
735	777	2840	2	1	1	0.00	1
735	778	2370	2	1	1	0.00	1
735	779	1614	1	0	1	-0.26	-1
735	780	1371	1	0	1	-0.26	-1
736	737	12227	14	6	8	-0.52	-1
736	738	13948	15	4	11	-1.82	-1
736	739	12606	13	8	5	0.78	1
736	740	12423	13	7	6	0.26	1
736	741	11579	12	8	4	1.04	1
736	742	9945	11	8	3	1.30	1
736	743	11202	12	5	7	-0.52	-1
736	744	10944	12	7	5	0.52	1
736	745	10642	12	3	9	-1.56	-1
736	746	10592	12	5	7	-0.52	-1
736	747	9764	9	2	7	-1.30	-1
736	748	9646	9	5	4	0.26	1
736	749	9379	9	5	4	0.26	1
736	750	8512	8	5	3	0.52	1
736	751	7986	8	2	6	-1.04	-1
736	752	7326	7	5	2	0.78	1
736	753	7218	7	3	4	-0.26	-1
736	754	6839	7	3	4	-0.26	-1
736	755	6067	7	4	3	0.26	1
736	756	4373	6	3	3	0.00	1
736	757	4171	6	1	5	-1.04	-1
736	758	4078	6	2	4	-0.52	-1
736	759	3661	6	1	5	-1.04	-1
736	760	2641	3	1	2	-0.26	-1
736	761	2508	3	3	0	0.78	1
736	762	2355	3	1	2	-0.26	-1
736	763	1703	1	1	0	0.26	1
736	764	1581	1	1	0	0.26	1
736	765	1208	1	0	1	-0.26	-1
736	766	725	1	0	1	-0.26	-1
737	738	12188	14	9	5	1.04	1
737	739	10846	12	4	8	-1.04	-1
737	740	10663	12	8	4	1.04	1
737	741	9819	11	8	3	1.30	1
737	742	9483	11	5	6	-0.26	-1
737	743	9442	11	3	8	-1.30	-1
737	744	9184	11	7	4	0.78	1
737	745	8882	11	4	7	-0.78	-1
737	746	8832	11	5	6	-0.26	-1
737	747	8004	8	3	5	-0.52	-1
737	748	7886	8	5	3	0.52	1
737	749	7619	8	4	4	0.00	1
737	750	6752	7	3	4	-0.26	-1
737	751	6226	7	3	4	-0.26	-1
737	752	5566	6	4	2	0.52	1
737	753	5458	6	1	5	-1.04	-1
737	754	5079	6	3	3	0.00	1
737	755	4307	6	2	4	-0.52	-1
737	756	2613	5	2	3	-0.26	-1
737	757	2411	5	3	2	0.26	1
737	758	2318	5	2	3	-0.26	-1
737	759	1901	5	3	2	0.26	1
737	760	881	2	0	2	-0.52	-1
737	761	748	2	1	1	0.00	1
737	762	595	2	2	0	0.52	1
738	739	17595	16	8	8	0.00	1
738	740	17412	16	6	10	-1.04	-1
738	741	13758	12	6	6	0.00	1
738	742	9945	11	5	6	-0.26	-1
738	743	16191	15	7	8	-0.26	-1
738	744	15933	15	7	8	-0.26	-1
738	745	15631	15	9	6	0.78	1
738	746	15581	15	5	10	-1.30	-1
738	747	14753	12	8	4	1.04	1
738	748	14635	12	6	6	0.00	1
738	749	14368	12	3	9	-1.56	-1
738	750	13501	11	2	9	-1.82	-1
738	751	12975	11	6	5	0.26	1
738	752	12315	10	3	7	-1.04	-1
738	753	12207	10	3	7	-1.04	-1
738	754	11828	10	7	3	1.04	1
738	755	11056	10	5	5	0.00	1
738	756	9362	9	3	6	-0.78	-1
738	757	9160	9	6	3	0.78	1
738	758	9067	9	5	4	0.26	1
738	759	8650	9	4	5	-0.26	-1
738	760	7630	6	1	5	-1.04	-1
738	761	7497	6	4	2	0.52	1
738	762	7344	6	4	2	0.52	1
738	763	6692	4	1	3	-0.52	-1
738	764	6570	4	1	3	-0.52	-1
738	765	6197	4	2	2	0.00	1
738	766	5714	4	2	2	0.00	1
738	767	5424	3	1	2	-0.26	-1
738	768	4916	3	2	1	0.26	1
738	769	4587	3	1	2	-0.26	-1
738	770	4243	3	1	2	-0.26	-1
738	771	3931	3	2	1	0.26	1
738	772	3530	3	1	2	-0.26	-1
738	773	3513	3	1	2	-0.26	-1
738	774	1993	3	2	1	0.26	1
738	775	736	1	1	0	0.26	1
738	776	319	1	0	1	-0.26	-1
739	740	17444	16	6	10	-1.04	-1
739	741	13758	12	5	7	-0.52	-1
739	742	9945	11	4	7	-0.78	-1
739	743	16223	15	11	4	1.82	1
739	744	15965	15	7	8	-0.26	-1
739	745	15663	15	9	6	0.78	1
739	746	15613	15	10	5	1.30	1
739	747	14785	12	8	4	1.04	1
739	748	14667	12	6	6	0.00	1
739	749	14400	12	5	7	-0.52	-1
739	750	13533	11	8	3	1.30	1
739	751	13007	11	7	4	0.78	1
739	752	12347	10	6	4	0.52	1
739	753	12239	10	4	6	-0.52	-1
739	754	11860	10	3	7	-1.04	-1
739	755	11088	10	4	6	-0.52	-1
739	756	9394	9	5	4	0.26	1
739	757	9192	9	5	4	0.26	1
739	758	9099	9	5	4	0.26	1
739	759	8682	9	5	4	0.26	1
739	760	7662	6	1	5	-1.04	-1
739	761	7529	6	4	2	0.52	1
739	762	7376	6	3	3	0.00	1
739	763	6724	4	4	0	1.04	1
739	764	6602	4	4	0	1.04	1
739	765	6229	4	2	2	0.00	1
739	766	5746	4	2	2	0.00	1
739	767	5456	3	0	3	-0.78	-1
739	768	4948	3	1	2	-0.26	-1
739	769	4619	3	2	1	0.26	1
739	770	4275	3	3	0	0.78	1
739	771	3963	3	1	2	-0.26	-1
739	772	3562	3	1	2	-0.26	-1
739	773	3545	3	0	3	-0.78	-1
739	774	2025	3	1	2	-0.26	-1
739	775	768	1	1	0	0.26	1
739	776	351	1	0	1	-0.26	-1
740	741	13758	12	2	10	-2.09	-1
740	742	9945	11	8	3	1.30	1
740	743	17679	16	8	8	0.00	1
740	744	26264	20	16	4	3.13	1
740	745	20368	18	3	15	-3.13	-1
740	746	23264	20	13	7	1.56	1
740	747	22657	17	6	11	-1.30	-1
740	748	17976	15	8	7	0.26	1
740	749	26455	18	13	5	2.09	1
740	750	15071	12	4	8	-1.04	-1
740	751	21205	16	9	7	0.52	1
740	752	14491	12	7	5	0.52	1
740	753	14595	12	10	2	2.09	1
740	754	21550	15	4	11	-1.82	-1
740	755	15201	13	7	6	0.26	1
740	756	12509	11	5	6	-0.26	-1
740	757	21247	15	7	8	-0.26	-1
740	758	16875	14	8	6	0.52	1
740	759	20737	15	5	10	-1.30	-1
740	760	18972	11	7	4	0.78	1
740	761	19584	12	7	5	0.52	1
740	762	19431	12	5	7	-0.52	-1
740	763	15158	9	4	5	-0.26	-1
740	764	18657	10	8	2	1.56	1
740	765	18284	10	5	5	0.00	1
740	766	16549	9	4	5	-0.26	-1
740	767	14862	8	4	4	0.00	1
740	768	17003	9	3	6	-0.78	-1
740	769	16674	9	6	3	0.78	1
740	770	16330	9	5	4	0.26	1
740	771	16018	9	4	5	-0.26	-1
740	772	15617	9	5	4	0.26	1
740	773	15600	9	3	6	-0.78	-1
740	774	14080	9	7	2	1.30	1
740	775	12823	7	1	6	-1.30	-1
740	776	12406	7	5	2	0.78	1
740	777	11951	6	2	4	-0.52	-1
740	778	11481	6	1	5	-1.04	-1
740	779	10725	5	1	4	-0.78	-1
740	780	10482	5	3	2	0.26	1
740	781	9285	4	0	4	-1.04	-1
740	782	9265	4	1	3	-0.52	-1
740	783	8552	3	1	2	-0.26	-1
740	784	7987	3	0	3	-0.78	-1
740	785	6994	3	1	2	-0.26	-1
740	786	6232	3	0	3	-0.78	-1
740	787	5708	3	1	2	-0.26	-1
740	788	4022	1	1	0	0.26	1
740	789	3813	1	0	1	-0.26	-1
740	790	2763	1	1	0	0.26	1
740	791	2244	1	1	0	0.26	1
740	792	846	1	0	1	-0.26	-1
740	793	805	1	1	0	0.26	1
740	794	268	1	1	0	0.26	1
741	742	9945	11	8	3	1.30	1
741	743	13381	12	4	8	-1.04	-1
741	744	13123	12	6	6	0.00	1
741	745	12821	12	5	7	-0.52	-1
741	746	12771	12	6	6	0.00	1
741	747	11943	9	6	3	0.78	1
741	748	11825	9	4	5	-0.26	-1
741	749	11558	9	6	3	0.78	1
741	750	10691	8	4	4	0.00	1
741	751	10165	8	6	2	1.04	1
741	752	9505	7	2	5	-0.78	-1
741	753	9397	7	3	4	-0.26	-1
741	754	9018	7	4	3	0.26	1
741	755	8246	7	7	0	1.82	1
741	756	6552	6	2	4	-0.52	-1
741	757	6350	6	1	5	-1.04	-1
741	758	6257	6	5	1	1.04	1
741	759	5840	6	4	2	0.52	1
741	760	4820	3	1	2	-0.26	-1
741	761	4687	3	2	1	0.26	1
741	762	4534	3	1	2	-0.26	-1
741	763	3882	1	1	0	0.26	1
741	764	3760	1	0	1	-0.26	-1
741	765	3387	1	1	0	0.26	1
741	766	2904	1	0	1	-0.26	-1
742	743	9904	11	6	5	0.26	1
742	744	9646	11	4	7	-0.78	-1
742	745	9344	11	6	5	0.26	1
742	746	9294	11	5	6	-0.26	-1
742	747	8466	8	6	2	1.04	1
742	748	8348	8	6	2	1.04	1
742	749	8081	8	5	3	0.52	1
742	750	7214	7	2	5	-0.78	-1
742	751	6688	7	5	2	0.78	1
742	752	6028	6	4	2	0.52	1
742	753	5920	6	4	2	0.52	1
742	754	5541	6	0	6	-1.56	-1
742	755	4769	6	5	1	1.04	1
742	756	3075	5	3	2	0.26	1
742	757	2873	5	1	4	-0.78	-1
742	758	2780	5	2	3	-0.26	-1
742	759	2363	5	2	3	-0.26	-1
742	760	1343	2	1	1	0.00	1
742	761	1210	2	1	1	0.00	1
742	762	1057	2	0	2	-0.52	-1
743	744	17421	16	8	8	0.00	1
743	745	17119	16	6	10	-1.04	-1
743	746	17069	16	6	10	-1.04	-1
743	747	16241	13	6	7	-0.26	-1
743	748	16123	13	7	6	0.26	1
743	749	15856	13	7	6	0.26	1
743	750	14989	12	8	4	1.04	1
743	751	14463	12	9	3	1.56	1
743	752	13803	11	8	3	1.30	1
743	753	13695	11	5	6	-0.26	-1
743	754	13316	11	3	8	-1.30	-1
743	755	12544	11	7	4	0.78	1
743	756	10850	10	7	3	1.04	1
743	757	10648	10	5	5	0.00	1
743	758	10555	10	5	5	0.00	1
743	759	10138	10	7	3	1.04	1
743	760	9118	7	3	4	-0.26	-1
743	761	8985	7	5	2	0.78	1
743	762	8832	7	3	4	-0.26	-1
743	763	8180	5	2	3	-0.26	-1
743	764	8058	5	4	1	0.78	1
743	765	7685	5	2	3	-0.26	-1
743	766	7202	5	2	3	-0.26	-1
743	767	6912	4	3	1	0.52	1
743	768	6404	4	2	2	0.00	1
743	769	6075	4	3	1	0.52	1
743	770	5731	4	2	2	0.00	1
743	771	5419	4	3	1	0.52	1
743	772	5018	4	3	1	0.52	1
743	773	5001	4	2	2	0.00	1
743	774	3481	4	3	1	0.52	1
743	775	2224	2	1	1	0.00	1
743	776	1807	2	0	2	-0.52	-1
743	777	1352	1	1	0	0.26	1
743	778	882	1	1	0	0.26	1
744	745	20368	18	9	9	0.00	1
744	746	23264	20	11	9	0.52	1
744	747	22657	17	6	11	-1.30	-1
744	748	17976	15	12	3	2.35	1
744	749	24699	17	10	7	0.78	1
744	750	15071	12	5	7	-0.52	-1
744	751	21205	16	11	5	1.56	1
744	752	14491	12	9	3	1.56	1
744	753	14595	12	9	3	1.56	1
744	754	21550	15	6	9	-0.78	-1
744	755	15201	13	8	5	0.78	1
744	756	12509	11	4	7	-0.78	-1
744	757	19491	14	10	4	1.56	1
744	758	16875	14	7	7	0.00	1
744	759	18981	14	6	8	-0.52	-1
744	760	17961	11	6	5	0.26	1
744	761	17828	11	3	8	-1.30	-1
744	762	17675	11	3	8	-1.30	-1
744	763	15158	9	6	3	0.78	1
744	764	16901	9	1	8	-1.82	-1
744	765	16528	9	4	5	-0.26	-1
744	766	16045	9	5	4	0.26	1
744	767	14862	8	6	2	1.04	1
744	768	15247	8	2	6	-1.04	-1
744	769	14918	8	6	2	1.04	1
744	770	14574	8	6	2	1.04	1
744	771	14262	8	2	6	-1.04	-1
744	772	13861	8	5	3	0.52	1
744	773	13844	8	1	7	-1.56	-1
744	774	12324	8	4	4	0.00	1
744	775	11067	6	4	2	0.52	1
744	776	10650	6	2	4	-0.52	-1
744	777	10195	5	3	2	0.26	1
744	778	9725	5	5	0	1.30	1
744	779	8969	4	1	3	-0.52	-1
744	780	8726	4	1	3	-0.52	-1
744	781	7529	3	1	2	-0.26	-1
744	782	7509	3	2	1	0.26	1
744	783	6796	2	1	1	0.00	1
744	784	6231	2	0	2	-0.52	-1
744	785	5238	2	1	1	0.00	1
744	786	4476	2	1	1	0.00	1
744	787	3952	2	1	1	0.00	1
745	746	20318	18	9	9	0.00	1
745	747	19490	15	12	3	2.35	1
745	748	17976	15	3	12	-2.35	-1
745	749	19105	15	7	8	-0.26	-1
745	750	15071	12	7	5	0.52	1
745	751	17712	14	7	7	0.00	1
745	752	14491	12	6	6	0.00	1
745	753	14595	12	7	5	0.52	1
745	754	16565	13	9	4	1.30	1
745	755	15201	13	6	7	-0.26	-1
745	756	12509	11	6	5	0.26	1
745	757	13897	12	5	7	-0.52	-1
745	758	13804	12	7	5	0.52	1
745	759	13387	12	7	5	0.52	1
745	760	12367	9	6	3	0.78	1
745	761	12234	9	4	5	-0.26	-1
745	762	12081	9	5	4	0.26	1
745	763	11429	7	2	5	-0.78	-1
745	764	11307	7	6	1	1.30	1
745	765	10934	7	5	2	0.78	1
745	766	10451	7	4	3	0.26	1
745	767	10161	6	3	3	0.00	1
745	768	9653	6	3	3	0.00	1
745	769	9324	6	3	3	0.00	1
745	770	8980	6	2	4	-0.52	-1
745	771	8668	6	1	5	-1.04	-1
745	772	8267	6	2	4	-0.52	-1
745	773	8250	6	5	1	1.04	1
745	774	6730	6	4	2	0.52	1
745	775	5473	4	4	0	1.04	1
745	776	5056	4	0	4	-1.04	-1
745	777	4601	3	2	1	0.26	1
745	778	4131	3	0	3	-0.78	-1
745	779	3375	2	2	0	0.52	1
745	780	3132	2	1	1	0.00	1
745	781	1935	1	0	1	-0.26	-1
745	782	1915	1	1	0	0.26	1
746	747	22436	17	4	13	-2.35	-1
746	748	17976	15	10	5	1.30	1
746	749	22051	17	10	7	0.78	1
746	750	15071	12	5	7	-0.52	-1
746	751	20658	16	7	9	-0.52	-1
746	752	14491	12	8	4	1.04	1
746	753	14595	12	7	5	0.52	1
746	754	19511	15	6	9	-0.78	-1
746	755	15201	13	6	7	-0.26	-1
746	756	12509	11	5	6	-0.26	-1
746	757	16843	14	10	4	1.56	1
746	758	16750	14	6	8	-0.52	-1
746	759	16333	14	11	3	2.09	1
746	760	15313	11	5	6	-0.26	-1
746	761	15180	11	2	9	-1.82	-1
746	762	15027	11	8	3	1.30	1
746	763	14375	9	4	5	-0.26	-1
746	764	14253	9	4	5	-0.26	-1
746	765	13880	9	4	5	-0.26	-1
746	766	13397	9	5	4	0.26	1
746	767	13107	8	7	1	1.56	1
746	768	12599	8	2	6	-1.04	-1
746	769	12270	8	7	1	1.56	1
746	770	11926	8	4	4	0.00	1
746	771	11614	8	5	3	0.52	1
746	772	11213	8	4	4	0.00	1
746	773	11196	8	2	6	-1.04	-1
746	774	9676	8	6	2	1.04	1
746	775	8419	6	3	3	0.00	1
746	776	8002	6	2	4	-0.52	-1
746	777	7547	5	1	4	-0.78	-1
746	778	7077	5	2	3	-0.26	-1
746	779	6321	4	4	0	1.04	1
746	780	6078	4	1	3	-0.52	-1
746	781	4881	3	1	2	-0.26	-1
746	782	4861	3	2	1	0.26	1
746	783	4148	2	0	2	-0.52	-1
746	784	3583	2	1	1	0.00	1
746	785	2590	2	1	1	0.00	1
746	786	1828	2	1	1	0.00	1
746	787	1304	2	1	1	0.00	1
747	748	17976	15	9	6	0.78	1
747	749	22272	17	6	11	-1.30	-1
747	750	15071	12	10	2	2.09	1
747	751	20879	16	5	11	-1.56	-1
747	752	14491	12	3	9	-1.56	-1
747	753	14595	12	5	7	-0.52	-1
747	754	19732	15	8	7	0.26	1
747	755	15201	13	3	10	-1.82	-1
747	756	12509	11	3	8	-1.30	-1
747	757	17064	14	6	8	-0.52	-1
747	758	16875	14	8	6	0.52	1
747	759	16554	14	8	6	0.52	1
747	760	15534	11	8	3	1.30	1
747	761	15401	11	6	5	0.26	1
747	762	15248	11	7	4	0.78	1
747	763	14596	9	1	8	-1.82	-1
747	764	14474	9	3	6	-0.78	-1
747	765	14101	9	5	4	0.26	1
747	766	13618	9	6	3	0.78	1
747	767	13328	8	3	5	-0.52	-1
747	768	12820	8	7	1	1.56	1
747	769	12491	8	4	4	0.00	1
747	770	12147	8	5	3	0.52	1
747	771	11835	8	2	6	-1.04	-1
747	772	11434	8	5	3	0.52	1
747	773	11417	8	4	4	0.00	1
747	774	9897	8	3	5	-0.52	-1
747	775	8640	6	2	4	-0.52	-1
747	776	8223	6	4	2	0.52	1
747	777	7768	5	1	4	-0.78	-1
747	778	7298	5	1	4	-0.78	-1
747	779	6542	4	2	2	0.00	1
747	780	6299	4	4	0	1.04	1
747	781	5102	3	1	2	-0.26	-1
747	782	5082	3	0	3	-0.78	-1
747	783	4369	2	2	0	0.52	1
747	784	3804	2	2	0	0.52	1
747	785	2811	2	0	2	-0.52	-1
747	786	2049	2	2	0	0.52	1
747	787	1525	2	0	2	-0.52	-1
748	749	17709	15	10	5	1.30	1
748	750	15071	12	5	7	-0.52	-1
748	751	16316	14	7	7	0.00	1
748	752	14491	12	8	4	1.04	1
748	753	14595	12	3	9	-1.56	-1
748	754	15169	13	6	7	-0.26	-1
748	755	14397	13	5	8	-0.78	-1
748	756	12509	11	5	6	-0.26	-1
748	757	12501	12	6	6	0.00	1
748	758	12408	12	3	9	-1.56	-1
748	759	11991	12	5	7	-0.52	-1
748	760	10971	9	4	5	-0.26	-1
748	761	10838	9	5	4	0.26	1
748	762	10685	9	5	4	0.26	1
748	763	10033	7	2	5	-0.78	-1
748	764	9911	7	5	2	0.78	1
748	765	9538	7	2	5	-0.78	-1
748	766	9055	7	4	3	0.26	1
748	767	8765	6	5	1	1.04	1
748	768	8257	6	2	4	-0.52	-1
748	769	7928	6	4	2	0.52	1
748	770	7584	6	3	3	0.00	1
748	771	7272	6	3	3	0.00	1
748	772	6871	6	5	1	1.04	1
748	773	6854	6	1	5	-1.04	-1
748	774	5334	6	3	3	0.00	1
748	775	4077	4	3	1	0.52	1
748	776	3660	4	3	1	0.52	1
748	777	3205	3	3	0	0.78	1
748	778	2735	3	1	2	-0.26	-1
748	779	1979	2	1	1	0.00	1
748	780	1736	2	1	1	0.00	1
748	781	539	1	1	0	0.26	1
748	782	519	1	1	0	0.26	1
749	750	15071	12	10	2	2.09	1
749	751	21205	16	6	10	-1.04	-1
749	752	14491	12	7	5	0.52	1
749	753	14595	12	9	3	1.56	1
749	754	21550	15	6	9	-0.78	-1
749	755	15201	13	5	8	-0.78	-1
749	756	12509	11	6	5	0.26	1
749	757	24285	16	5	11	-1.56	-1
749	758	16875	14	1	13	-3.13	-1
749	759	23775	16	11	5	1.56	1
749	760	18972	11	6	5	0.26	1
749	761	22118	12	6	6	0.00	1
749	762	19919	12	2	10	-2.09	-1
749	763	15158	9	6	3	0.78	1
749	764	21695	11	5	6	-0.26	-1
749	765	21322	11	4	7	-0.78	-1
749	766	16549	9	6	3	0.78	1
749	767	14862	8	5	3	0.52	1
749	768	17137	9	4	5	-0.26	-1
749	769	17829	9	5	4	0.26	1
749	770	19368	10	6	4	0.52	1
749	771	19056	10	4	6	-0.52	-1
749	772	18655	10	5	5	0.00	1
749	773	18638	10	3	7	-1.04	-1
749	774	17118	10	8	2	1.56	1
749	775	15789	7	2	5	-0.78	-1
749	776	15444	8	2	6	-1.04	-1
749	777	14684	6	1	5	-1.04	-1
749	778	12531	6	6	0	1.56	1
749	779	13763	6	4	2	0.52	1
749	780	13520	6	4	2	0.52	1
749	781	12323	5	1	4	-0.78	-1
749	782	12303	5	3	2	0.26	1
749	783	11590	4	2	2	0.00	1
749	784	11025	4	3	1	0.52	1
749	785	10032	4	2	2	0.00	1
749	786	9270	4	2	2	0.00	1
749	787	8746	4	2	2	0.00	1
749	788	7060	2	0	2	-0.52	-1
749	789	6851	2	0	2	-0.52	-1
749	790	5801	2	1	1	0.00	1
749	791	5282	2	2	0	0.52	1
749	792	3884	2	1	1	0.00	1
749	793	3843	2	0	2	-0.52	-1
749	794	3306	2	1	1	0.00	1
749	795	2365	1	1	0	0.26	1
749	796	2176	1	1	0	0.26	1
749	797	1790	1	1	0	0.26	1
749	798	1735	1	0	1	-0.26	-1
749	799	1561	1	1	0	0.26	1
749	800	989	1	1	0	0.26	1
749	801	685	1	1	0	0.26	1
750	751	14545	12	7	5	0.52	1
750	752	13885	11	7	4	0.78	1
750	753	13777	11	9	2	1.82	1
750	754	13398	11	5	6	-0.26	-1
750	755	12626	11	4	7	-0.78	-1
750	756	10932	10	3	7	-1.04	-1
750	757	10730	10	6	4	0.52	1
750	758	10637	10	4	6	-0.52	-1
750	759	10220	10	4	6	-0.52	-1
750	760	9200	7	3	4	-0.26	-1
750	761	9067	7	3	4	-0.26	-1
750	762	8914	7	4	3	0.26	1
750	763	8262	5	4	1	0.78	1
750	764	8140	5	2	3	-0.26	-1
750	765	7767	5	0	5	-1.30	-1
750	766	7284	5	2	3	-0.26	-1
750	767	6994	4	3	1	0.52	1
750	768	6486	4	3	1	0.52	1
750	769	6157	4	0	4	-1.04	-1
750	770	5813	4	2	2	0.00	1
750	771	5501	4	3	1	0.52	1
750	772	5100	4	2	2	0.00	1
750	773	5083	4	1	3	-0.52	-1
750	774	3563	4	3	1	0.52	1
750	775	2306	2	1	1	0.00	1
750	776	1889	2	0	2	-0.52	-1
750	777	1434	1	0	1	-0.26	-1
750	778	964	1	1	0	0.26	1
751	752	14491	12	5	7	-0.52	-1
751	753	14595	12	2	10	-2.09	-1
751	754	20058	15	7	8	-0.26	-1
751	755	15201	13	7	6	0.26	1
751	756	12509	11	5	6	-0.26	-1
751	757	17390	14	4	10	-1.56	-1
751	758	16875	14	9	5	1.04	1
751	759	16880	14	6	8	-0.52	-1
751	760	15860	11	7	4	0.78	1
751	761	15727	11	5	6	-0.26	-1
751	762	15574	11	5	6	-0.26	-1
751	763	14922	9	4	5	-0.26	-1
751	764	14800	9	2	7	-1.30	-1
751	765	14427	9	6	3	0.78	1
751	766	13944	9	3	6	-0.78	-1
751	767	13654	8	4	4	0.00	1
751	768	13146	8	5	3	0.52	1
751	769	12817	8	5	3	0.52	1
751	770	12473	8	3	5	-0.52	-1
751	771	12161	8	2	6	-1.04	-1
751	772	11760	8	3	5	-0.52	-1
751	773	11743	8	6	2	1.04	1
751	774	10223	8	6	2	1.04	1
751	775	8966	6	5	1	1.04	1
751	776	8549	6	3	3	0.00	1
751	777	8094	5	0	5	-1.30	-1
751	778	7624	5	3	2	0.26	1
751	779	6868	4	4	0	1.04	1
751	780	6625	4	2	2	0.00	1
751	781	5428	3	2	1	0.26	1
751	782	5408	3	2	1	0.26	1
751	783	4695	2	1	1	0.00	1
751	784	4130	2	1	1	0.00	1
751	785	3137	2	0	2	-0.52	-1
751	786	2375	2	1	1	0.00	1
751	787	1851	2	1	1	0.00	1
752	753	14383	12	9	3	1.56	1
752	754	14004	12	5	7	-0.52	-1
752	755	13232	12	7	5	0.52	1
752	756	11538	11	5	6	-0.26	-1
752	757	11336	11	8	3	1.30	1
752	758	11243	11	6	5	0.26	1
752	759	10826	11	6	5	0.26	1
752	760	9806	8	3	5	-0.52	-1
752	761	9673	8	5	3	0.52	1
752	762	9520	8	4	4	0.00	1
752	763	8868	6	3	3	0.00	1
752	764	8746	6	2	4	-0.52	-1
752	765	8373	6	5	1	1.04	1
752	766	7890	6	2	4	-0.52	-1
752	767	7600	5	1	4	-0.78	-1
752	768	7092	5	3	2	0.26	1
752	769	6763	5	3	2	0.26	1
752	770	6419	5	3	2	0.26	1
752	771	6107	5	5	0	1.30	1
752	772	5706	5	3	2	0.26	1
752	773	5689	5	3	2	0.26	1
752	774	4169	5	4	1	0.78	1
752	775	2912	3	1	2	-0.26	-1
752	776	2495	3	1	2	-0.26	-1
752	777	2040	2	2	0	0.52	1
752	778	1570	2	2	0	0.52	1
752	779	814	1	1	0	0.26	1
752	780	571	1	0	1	-0.26	-1
753	754	14216	12	7	5	0.52	1
753	755	13444	12	9	3	1.56	1
753	756	11750	11	6	5	0.26	1
753	757	11548	11	8	3	1.30	1
753	758	11455	11	5	6	-0.26	-1
753	759	11038	11	5	6	-0.26	-1
753	760	10018	8	4	4	0.00	1
753	761	9885	8	3	5	-0.52	-1
753	762	9732	8	2	6	-1.04	-1
753	763	9080	6	5	1	1.04	1
753	764	8958	6	4	2	0.52	1
753	765	8585	6	2	4	-0.52	-1
753	766	8102	6	2	4	-0.52	-1
753	767	7812	5	3	2	0.26	1
753	768	7304	5	1	4	-0.78	-1
753	769	6975	5	1	4	-0.78	-1
753	770	6631	5	3	2	0.26	1
753	771	6319	5	4	1	0.78	1
753	772	5918	5	3	2	0.26	1
753	773	5901	5	3	2	0.26	1
753	774	4381	5	3	2	0.26	1
753	775	3124	3	2	1	0.26	1
753	776	2707	3	2	1	0.26	1
753	777	2252	2	1	1	0.00	1
753	778	1782	2	1	1	0.00	1
753	779	1026	1	0	1	-0.26	-1
753	780	783	1	1	0	0.26	1
754	755	15201	13	4	9	-1.30	-1
754	756	12509	11	7	4	0.78	1
754	757	18882	14	6	8	-0.52	-1
754	758	16875	14	8	6	0.52	1
754	759	18372	14	4	10	-1.56	-1
754	760	17352	11	8	3	1.30	1
754	761	17219	11	4	7	-0.78	-1
754	762	17066	11	6	5	0.26	1
754	763	15158	9	5	4	0.26	1
754	764	16292	9	5	4	0.26	1
754	765	15919	9	4	5	-0.26	-1
754	766	15436	9	5	4	0.26	1
754	767	14862	8	4	4	0.00	1
754	768	14638	8	6	2	1.04	1
754	769	14309	8	5	3	0.52	1
754	770	13965	8	5	3	0.52	1
754	771	13653	8	5	3	0.52	1
754	772	13252	8	1	7	-1.56	-1
754	773	13235	8	5	3	0.52	1
754	774	11715	8	3	5	-0.52	-1
754	775	10458	6	3	3	0.00	1
754	776	10041	6	1	5	-1.04	-1
754	777	9586	5	0	5	-1.30	-1
754	778	9116	5	3	2	0.26	1
754	779	8360	4	4	0	1.04	1
754	780	8117	4	1	3	-0.52	-1
754	781	6920	3	1	2	-0.26	-1
754	782	6900	3	1	2	-0.26	-1
754	783	6187	2	1	1	0.00	1
754	784	5622	2	0	2	-0.52	-1
754	785	4629	2	0	2	-0.52	-1
754	786	3867	2	0	2	-0.52	-1
754	787	3343	2	0	2	-0.52	-1
755	756	12509	11	6	5	0.26	1
755	757	13305	12	8	4	1.04	1
755	758	13212	12	9	3	1.56	1
755	759	12795	12	5	7	-0.52	-1
755	760	11775	9	4	5	-0.26	-1
755	761	11642	9	3	6	-0.78	-1
755	762	11489	9	5	4	0.26	1
755	763	10837	7	6	1	1.30	1
755	764	10715	7	4	3	0.26	1
755	765	10342	7	4	3	0.26	1
755	766	9859	7	2	5	-0.78	-1
755	767	9569	6	2	4	-0.52	-1
755	768	9061	6	2	4	-0.52	-1
755	769	8732	6	3	3	0.00	1
755	770	8388	6	4	2	0.52	1
755	771	8076	6	5	1	1.04	1
755	772	7675	6	5	1	1.04	1
755	773	7658	6	0	6	-1.56	-1
755	774	6138	6	4	2	0.52	1
755	775	4881	4	2	2	0.00	1
755	776	4464	4	2	2	0.00	1
755	777	4009	3	3	0	0.78	1
755	778	3539	3	1	2	-0.26	-1
755	779	2783	2	0	2	-0.52	-1
755	780	2540	2	1	1	0.00	1
755	781	1343	1	1	0	0.26	1
755	782	1323	1	0	1	-0.26	-1
756	757	12307	11	9	2	1.82	1
756	758	12214	11	1	10	-2.35	-1
756	759	11797	11	7	4	0.78	1
756	760	10777	8	4	4	0.00	1
756	761	10644	8	4	4	0.00	1
756	762	10491	8	4	4	0.00	1
756	763	9839	6	3	3	0.00	1
756	764	9717	6	4	2	0.52	1
756	765	9344	6	4	2	0.52	1
756	766	8861	6	4	2	0.52	1
756	767	8571	5	2	3	-0.26	-1
756	768	8063	5	2	3	-0.26	-1
756	769	7734	5	4	1	0.78	1
756	770	7390	5	4	1	0.78	1
756	771	7078	5	3	2	0.26	1
756	772	6677	5	2	3	-0.26	-1
756	773	6660	5	3	2	0.26	1
756	774	5140	5	3	2	0.26	1
756	775	3883	3	2	1	0.26	1
756	776	3466	3	1	2	-0.26	-1
756	777	3011	2	1	1	0.00	1
756	778	2541	2	1	1	0.00	1
756	779	1785	1	0	1	-0.26	-1
756	780	1542	1	1	0	0.26	1
757	758	16875	14	5	9	-1.04	-1
757	759	24768	21	12	9	0.78	1
757	760	18972	11	9	2	1.82	1
757	761	22118	12	6	6	0.00	1
757	762	19919	12	4	8	-1.04	-1
757	763	15158	9	5	4	0.26	1
757	764	23685	16	10	6	1.04	1
757	765	23312	16	12	4	2.09	1
757	766	16549	9	4	5	-0.26	-1
757	767	14862	8	3	5	-0.52	-1
757	768	17137	9	5	4	0.26	1
757	769	17829	9	6	3	0.78	1
757	770	21358	15	6	9	-0.78	-1
757	771	21046	15	6	9	-0.78	-1
757	772	20238	15	8	7	0.26	1
757	773	19941	15	7	8	-0.26	-1
757	774	19108	15	10	5	1.30	1
757	775	15789	7	3	4	-0.26	-1
757	776	16172	13	6	7	-0.26	-1
757	777	14684	6	4	2	0.52	1
757	778	12531	6	2	4	-0.52	-1
757	779	14067	7	3	4	-0.26	-1
757	780	15510	11	5	6	-0.26	-1
757	781	14313	10	6	4	0.52	1
757	782	14293	10	3	7	-1.04	-1
757	783	13580	9	5	4	0.26	1
757	784	13005	9	2	7	-1.30	-1
757	785	12022	9	6	3	0.78	1
757	786	11260	9	3	6	-0.78	-1
757	787	10736	9	4	5	-0.26	-1
757	788	9050	7	6	1	1.30	1
757	789	8841	7	6	1	1.30	1
757	790	7791	7	4	3	0.26	1
757	791	7272	7	3	4	-0.26	-1
757	792	5874	7	2	5	-0.78	-1
757	793	5833	7	6	1	1.30	1
757	794	5296	7	4	3	0.26	1
757	795	4355	6	5	1	1.04	1
757	796	4166	6	2	4	-0.52	-1
757	797	3780	6	3	3	0.00	1
757	798	3725	6	4	2	0.52	1
757	799	3551	6	2	4	-0.52	-1
757	800	2979	6	2	4	-0.52	-1
757	801	2675	6	1	5	-1.04	-1
758	759	16458	14	4	10	-1.56	-1
758	760	15438	11	5	6	-0.26	-1
758	761	15305	11	6	5	0.26	1
758	762	15152	11	7	4	0.78	1
758	763	14500	9	4	5	-0.26	-1
758	764	14378	9	5	4	0.26	1
758	765	14005	9	6	3	0.78	1
758	766	13522	9	3	6	-0.78	-1
758	767	13232	8	3	5	-0.52	-1
758	768	12724	8	6	2	1.04	1
758	769	12395	8	4	4	0.00	1
758	770	12051	8	2	6	-1.04	-1
758	771	11739	8	3	5	-0.52	-1
758	772	11338	8	4	4	0.00	1
758	773	11321	8	5	3	0.52	1
758	774	9801	8	6	2	1.04	1
758	775	8544	6	4	2	0.52	1
758	776	8127	6	4	2	0.52	1
758	777	7672	5	1	4	-0.78	-1
758	778	7202	5	3	2	0.26	1
758	779	6446	4	2	2	0.00	1
758	780	6203	4	2	2	0.00	1
758	781	5006	3	0	3	-0.78	-1
758	782	4986	3	1	2	-0.26	-1
758	783	4273	2	2	0	0.52	1
758	784	3708	2	1	1	0.00	1
758	785	2715	2	1	1	0.00	1
758	786	1953	2	1	1	0.00	1
758	787	1429	2	0	2	-0.52	-1
759	760	18972	11	6	5	0.26	1
759	761	22118	12	5	7	-0.52	-1
759	762	19919	12	5	7	-0.52	-1
759	763	15158	9	5	4	0.26	1
759	764	22688	16	13	3	2.61	1
759	765	22315	16	8	8	0.00	1
759	766	16549	9	6	3	0.78	1
759	767	14862	8	2	6	-1.04	-1
759	768	17137	9	4	5	-0.26	-1
759	769	17829	9	4	5	-0.26	-1
759	770	20361	15	11	4	1.82	1
759	771	20049	15	7	8	-0.26	-1
759	772	19648	15	7	8	-0.26	-1
759	773	19631	15	5	10	-1.30	-1
759	774	18111	15	9	6	0.78	1
759	775	15789	7	5	2	0.78	1
759	776	16172	13	5	8	-0.78	-1
759	777	14684	6	5	1	1.04	1
759	778	12531	6	4	2	0.52	1
759	779	14067	7	1	6	-1.30	-1
759	780	14513	11	9	2	1.82	1
759	781	13316	10	4	6	-0.52	-1
759	782	13296	10	4	6	-0.52	-1
759	783	12583	9	2	7	-1.30	-1
759	784	12018	9	4	5	-0.26	-1
759	785	11025	9	3	6	-0.78	-1
759	786	10263	9	5	4	0.26	1
759	787	9739	9	5	4	0.26	1
759	788	8053	7	3	4	-0.26	-1
759	789	7844	7	3	4	-0.26	-1
759	790	6794	7	5	2	0.78	1
759	791	6275	7	4	3	0.26	1
759	792	4877	7	2	5	-0.78	-1
759	793	4836	7	4	3	0.26	1
759	794	4299	7	6	1	1.30	1
759	795	3358	6	3	3	0.00	1
759	796	3169	6	2	4	-0.52	-1
759	797	2783	6	4	2	0.52	1
759	798	2728	6	2	4	-0.52	-1
759	799	2554	6	5	1	1.04	1
759	800	1982	6	2	4	-0.52	-1
759	801	1678	6	2	4	-0.52	-1
760	761	18839	11	6	5	0.26	1
760	762	18686	11	7	4	0.78	1
760	763	15158	9	7	2	1.30	1
760	764	17912	9	4	5	-0.26	-1
760	765	17539	9	5	4	0.26	1
760	766	16549	9	7	2	1.30	1
760	767	14862	8	3	5	-0.52	-1
760	768	16258	8	4	4	0.00	1
760	769	15929	8	6	2	1.04	1
760	770	15585	8	4	4	0.00	1
760	771	15273	8	2	6	-1.04	-1
760	772	14872	8	3	5	-0.52	-1
760	773	14855	8	4	4	0.00	1
760	774	13335	8	4	4	0.00	1
760	775	12078	6	4	2	0.52	1
760	776	11661	6	4	2	0.52	1
760	777	11206	5	1	4	-0.78	-1
760	778	10736	5	1	4	-0.78	-1
760	779	9980	4	2	2	0.00	1
760	780	9737	4	2	2	0.00	1
760	781	8540	3	2	1	0.26	1
760	782	8520	3	2	1	0.26	1
760	783	7807	2	1	1	0.00	1
760	784	7242	2	0	2	-0.52	-1
760	785	6249	2	2	0	0.52	1
760	786	5487	2	0	2	-0.52	-1
760	787	4963	2	1	1	0.00	1
761	762	19919	12	6	6	0.00	1
761	763	15158	9	3	6	-0.78	-1
761	764	21191	10	2	8	-1.56	-1
761	765	20818	10	4	6	-0.52	-1
761	766	16549	9	7	2	1.30	1
761	767	14862	8	4	4	0.00	1
761	768	17137	9	5	4	0.26	1
761	769	17829	9	4	5	-0.26	-1
761	770	18864	9	6	3	0.78	1
761	771	18552	9	3	6	-0.78	-1
761	772	18151	9	3	6	-0.78	-1
761	773	18134	9	5	4	0.26	1
761	774	16614	9	5	4	0.26	1
761	775	15357	7	2	5	-0.78	-1
761	776	14940	7	6	1	1.30	1
761	777	14485	6	2	4	-0.52	-1
761	778	12531	6	4	2	0.52	1
761	779	13259	5	2	3	-0.26	-1
761	780	13016	5	3	2	0.26	1
761	781	11819	4	2	2	0.00	1
761	782	11799	4	0	4	-1.04	-1
761	783	11086	3	2	1	0.26	1
761	784	10521	3	3	0	0.78	1
761	785	9528	3	1	2	-0.26	-1
761	786	8766	3	1	2	-0.26	-1
761	787	8242	3	0	3	-0.78	-1
761	788	6556	1	0	1	-0.26	-1
761	789	6347	1	1	0	0.26	1
761	790	5297	1	0	1	-0.26	-1
761	791	4778	1	1	0	0.26	1
761	792	3380	1	1	0	0.26	1
761	793	3339	1	1	0	0.26	1
761	794	2802	1	1	0	0.26	1
762	763	15158	9	3	6	-0.78	-1
762	764	19145	10	3	7	-1.04	-1
762	765	18772	10	6	4	0.52	1
762	766	16549	9	6	3	0.78	1
762	767	14862	8	3	5	-0.52	-1
762	768	17137	9	4	5	-0.26	-1
762	769	17162	9	4	5	-0.26	-1
762	770	16818	9	4	5	-0.26	-1
762	771	16506	9	3	6	-0.78	-1
762	772	16105	9	6	3	0.78	1
762	773	16088	9	4	5	-0.26	-1
762	774	14568	9	1	8	-1.82	-1
762	775	13311	7	5	2	0.78	1
762	776	12894	7	6	1	1.30	1
762	777	12439	6	3	3	0.00	1
762	778	11969	6	1	5	-1.04	-1
762	779	11213	5	2	3	-0.26	-1
762	780	10970	5	4	1	0.78	1
762	781	9773	4	4	0	1.04	1
762	782	9753	4	2	2	0.00	1
762	783	9040	3	1	2	-0.26	-1
762	784	8475	3	1	2	-0.26	-1
762	785	7482	3	2	1	0.26	1
762	786	6720	3	0	3	-0.78	-1
762	787	6196	3	0	3	-0.78	-1
762	788	4510	1	1	0	0.26	1
762	789	4301	1	0	1	-0.26	-1
762	790	3251	1	1	0	0.26	1
762	791	2732	1	1	0	0.26	1
762	792	1334	1	0	1	-0.26	-1
762	793	1293	1	1	0	0.26	1
762	794	756	1	1	0	0.26	1
763	764	15036	9	6	3	0.78	1
763	765	14663	9	3	6	-0.78	-1
763	766	14180	9	4	5	-0.26	-1
763	767	13890	8	8	0	2.09	1
763	768	13382	8	2	6	-1.04	-1
763	769	13053	8	4	4	0.00	1
763	770	12709	8	5	3	0.52	1
763	771	12397	8	5	3	0.52	1
763	772	11996	8	3	5	-0.52	-1
763	773	11979	8	1	7	-1.56	-1
763	774	10459	8	4	4	0.00	1
763	775	9202	6	4	2	0.52	1
763	776	8785	6	2	4	-0.52	-1
763	777	8330	5	3	2	0.26	1
763	778	7860	5	4	1	0.78	1
763	779	7104	4	3	1	0.52	1
763	780	6861	4	1	3	-0.52	-1
763	781	5664	3	0	3	-0.78	-1
763	782	5644	3	2	1	0.26	1
763	783	4931	2	0	2	-0.52	-1
763	784	4366	2	0	2	-0.52	-1
763	785	3373	2	2	0	0.52	1
763	786	2611	2	2	0	0.52	1
763	787	2087	2	0	2	-0.52	-1
764	765	24127	19	8	11	-0.78	-1
764	766	16549	9	5	4	0.26	1
764	767	14862	8	5	3	0.52	1
764	768	17137	9	1	8	-1.82	-1
764	769	17829	9	5	4	0.26	1
764	770	22173	18	12	6	1.56	1
764	771	21861	18	13	5	2.09	1
764	772	20238	15	6	9	-0.78	-1
764	773	19941	15	10	5	1.30	1
764	774	19923	18	12	6	1.56	1
764	775	15789	7	2	5	-0.78	-1
764	776	16172	13	3	10	-1.82	-1
764	777	14684	6	4	2	0.52	1
764	778	12531	6	2	4	-0.52	-1
764	779	14067	7	3	4	-0.26	-1
764	780	16325	14	10	4	1.56	1
764	781	15128	13	6	7	-0.26	-1
764	782	15108	13	1	12	-2.87	-1
764	783	14395	12	8	4	1.04	1
764	784	13005	9	2	7	-1.30	-1
764	785	12837	12	6	6	0.00	1
764	786	12075	12	6	6	0.00	1
764	787	11551	12	7	5	0.52	1
764	788	9865	10	6	4	0.52	1
764	789	9656	10	5	5	0.00	1
764	790	8606	10	7	3	1.04	1
764	791	8087	10	6	4	0.52	1
764	792	6689	10	5	5	0.00	1
764	793	6648	10	5	5	0.00	1
764	794	6111	10	6	4	0.52	1
764	795	5170	9	3	6	-0.78	-1
764	796	4981	9	7	2	1.30	1
764	797	4595	9	7	2	1.30	1
764	798	4540	9	2	7	-1.30	-1
764	799	4366	9	6	3	0.78	1
764	800	3794	9	2	7	-1.30	-1
764	801	3490	9	3	6	-0.78	-1
764	802	1510	3	2	1	0.26	1
764	803	96	1	0	1	-0.26	-1
765	766	16549	9	5	4	0.26	1
765	767	14862	8	6	2	1.04	1
765	768	17137	9	6	3	0.78	1
765	769	17829	9	1	8	-1.82	-1
765	770	22551	18	11	7	1.04	1
765	771	22616	18	7	11	-1.04	-1
765	772	20238	15	5	10	-1.30	-1
765	773	19941	15	10	5	1.30	1
765	774	20318	18	7	11	-1.04	-1
765	775	15789	7	5	2	0.78	1
765	776	16172	13	8	5	0.78	1
765	777	14684	6	2	4	-0.52	-1
765	778	12531	6	0	6	-1.56	-1
765	779	14067	7	4	3	0.26	1
765	780	16444	14	10	4	1.56	1
765	781	15883	13	7	6	0.26	1
765	782	15863	13	9	4	1.30	1
765	783	15150	12	7	5	0.52	1
765	784	13005	9	3	6	-0.78	-1
765	785	13592	12	6	6	0.00	1
765	786	12830	12	7	5	0.52	1
765	787	12306	12	8	4	1.04	1
765	788	10620	10	3	7	-1.04	-1
765	789	10411	10	8	2	1.56	1
765	790	9361	10	6	4	0.52	1
765	791	8842	10	1	9	-2.09	-1
765	792	7444	10	3	7	-1.04	-1
765	793	7403	10	6	4	0.52	1
765	794	6866	10	3	7	-1.04	-1
765	795	5925	9	3	6	-0.78	-1
765	796	5736	9	5	4	0.26	1
765	797	5350	9	5	4	0.26	1
765	798	5295	9	3	6	-0.78	-1
765	799	5121	9	3	6	-0.78	-1
765	800	4549	9	5	4	0.26	1
765	801	4245	9	4	5	-0.26	-1
765	802	2265	3	3	0	0.78	1
765	803	851	1	1	0	0.26	1
766	767	14862	8	1	7	-1.56	-1
766	768	15751	8	4	4	0.00	1
766	769	15422	8	5	3	0.52	1
766	770	15078	8	1	7	-1.56	-1
766	771	14766	8	5	3	0.52	1
766	772	14365	8	4	4	0.00	1
766	773	14348	8	4	4	0.00	1
766	774	12828	8	7	1	1.56	1
766	775	11571	6	4	2	0.52	1
766	776	11154	6	4	2	0.52	1
766	777	10699	5	1	4	-0.78	-1
766	778	10229	5	3	2	0.26	1
766	779	9473	4	3	1	0.52	1
766	780	9230	4	2	2	0.00	1
766	781	8033	3	0	3	-0.78	-1
766	782	8013	3	2	1	0.26	1
766	783	7300	2	1	1	0.00	1
766	784	6735	2	1	1	0.00	1
766	785	5742	2	2	0	0.52	1
766	786	4980	2	2	0	0.52	1
766	787	4456	2	1	1	0.00	1
767	768	14354	8	2	6	-1.04	-1
767	769	14025	8	5	3	0.52	1
767	770	13681	8	3	5	-0.52	-1
767	771	13369	8	5	3	0.52	1
767	772	12968	8	5	3	0.52	1
767	773	12951	8	6	2	1.04	1
767	774	11431	8	1	7	-1.56	-1
767	775	10174	6	2	4	-0.52	-1
767	776	9757	6	1	5	-1.04	-1
767	777	9302	5	4	1	0.78	1
767	778	8832	5	2	3	-0.26	-1
767	779	8076	4	3	1	0.52	1
767	780	7833	4	1	3	-0.52	-1
767	781	6636	3	1	2	-0.26	-1
767	782	6616	3	1	2	-0.26	-1
767	783	5903	2	1	1	0.00	1
767	784	5338	2	1	1	0.00	1
767	785	4345	2	2	0	0.52	1
767	786	3583	2	2	0	0.52	1
767	787	3059	2	0	2	-0.52	-1
768	769	16808	9	4	5	-0.26	-1
768	770	16464	9	3	6	-0.78	-1
768	771	16152	9	3	6	-0.78	-1
768	772	15751	9	3	6	-0.78	-1
768	773	15734	9	5	4	0.26	1
768	774	14214	9	4	5	-0.26	-1
768	775	12957	7	3	4	-0.26	-1
768	776	12540	7	4	3	0.26	1
768	777	12085	6	2	4	-0.52	-1
768	778	11615	6	2	4	-0.52	-1
768	779	10859	5	3	2	0.26	1
768	780	10616	5	3	2	0.26	1
768	781	9419	4	3	1	0.52	1
768	782	9399	4	2	2	0.00	1
768	783	8686	3	1	2	-0.26	-1
768	784	8121	3	0	3	-0.78	-1
768	785	7128	3	2	1	0.26	1
768	786	6366	3	2	1	0.26	1
768	787	5842	3	2	1	0.26	1
768	788	4156	1	1	0	0.26	1
768	789	3947	1	0	1	-0.26	-1
768	790	2897	1	0	1	-0.26	-1
768	791	2378	1	1	0	0.26	1
768	792	980	1	0	1	-0.26	-1
768	793	939	1	0	1	-0.26	-1
768	794	402	1	0	1	-0.26	-1
769	770	17485	9	6	3	0.78	1
769	771	17173	9	5	4	0.26	1
769	772	16772	9	5	4	0.26	1
769	773	16755	9	6	3	0.78	1
769	774	15235	9	4	5	-0.26	-1
769	775	13978	7	3	4	-0.26	-1
769	776	13561	7	3	4	-0.26	-1
769	777	13106	6	3	3	0.00	1
769	778	12531	6	2	4	-0.52	-1
769	779	11880	5	3	2	0.26	1
769	780	11637	5	0	5	-1.30	-1
769	781	10440	4	2	2	0.00	1
769	782	10420	4	1	3	-0.52	-1
769	783	9707	3	2	1	0.26	1
769	784	9142	3	2	1	0.26	1
769	785	8149	3	2	1	0.26	1
769	786	7387	3	1	2	-0.26	-1
769	787	6863	3	1	2	-0.26	-1
769	788	5177	1	1	0	0.26	1
769	789	4968	1	0	1	-0.26	-1
769	790	3918	1	0	1	-0.26	-1
769	791	3399	1	1	0	0.26	1
769	792	2001	1	0	1	-0.26	-1
769	793	1960	1	1	0	0.26	1
769	794	1423	1	1	0	0.26	1
770	771	22239	18	11	7	1.04	1
770	772	20238	15	6	9	-0.78	-1
770	773	19941	15	8	7	0.26	1
770	774	20301	18	11	7	1.04	1
770	775	15789	7	3	4	-0.26	-1
770	776	16172	13	5	8	-0.78	-1
770	777	14684	6	3	3	0.00	1
770	778	12531	6	6	0	1.56	1
770	779	14067	7	5	2	0.78	1
770	780	16444	14	7	7	0.00	1
770	781	15506	13	6	7	-0.26	-1
770	782	15486	13	6	7	-0.26	-1
770	783	14773	12	7	5	0.52	1
770	784	13005	9	5	4	0.26	1
770	785	13215	12	7	5	0.52	1
770	786	12453	12	6	6	0.00	1
770	787	11929	12	7	5	0.52	1
770	788	10243	10	5	5	0.00	1
770	789	10034	10	3	7	-1.04	-1
770	790	8984	10	8	2	1.56	1
770	791	8465	10	4	6	-0.52	-1
770	792	7067	10	4	6	-0.52	-1
770	793	7026	10	7	3	1.04	1
770	794	6489	10	5	5	0.00	1
770	795	5548	9	3	6	-0.78	-1
770	796	5359	9	3	6	-0.78	-1
770	797	4973	9	6	3	0.78	1
770	798	4918	9	5	4	0.26	1
770	799	4744	9	6	3	0.78	1
770	800	4172	9	2	7	-1.30	-1
770	801	3868	9	4	5	-0.26	-1
770	802	1888	3	3	0	0.78	1
770	803	474	1	0	1	-0.26	-1
771	772	20238	15	10	5	1.30	1
771	773	19941	15	10	5	1.30	1
771	774	20318	18	13	5	2.09	1
771	775	15789	7	3	4	-0.26	-1
771	776	16172	13	6	7	-0.26	-1
771	777	14684	6	3	3	0.00	1
771	778	12531	6	2	4	-0.52	-1
771	779	14067	7	2	5	-0.78	-1
771	780	16444	14	8	6	0.52	1
771	781	17634	15	5	10	-1.30	-1
771	782	17614	15	8	7	0.26	1
771	783	16901	14	4	10	-1.56	-1
771	784	13005	9	7	2	1.30	1
771	785	15343	14	9	5	1.04	1
771	786	14581	14	9	5	1.04	1
771	787	14057	14	8	6	0.52	1
771	788	12371	12	9	3	1.56	1
771	789	12162	12	9	3	1.56	1
771	790	11112	12	6	6	0.00	1
771	791	10593	12	7	5	0.52	1
771	792	9195	12	8	4	1.04	1
771	793	9154	12	4	8	-1.04	-1
771	794	8617	12	7	5	0.52	1
771	795	7676	11	4	7	-0.78	-1
771	796	7487	11	5	6	-0.26	-1
771	797	7101	11	9	2	1.82	1
771	798	7046	11	7	4	0.78	1
771	799	6872	11	6	5	0.26	1
771	800	6300	11	6	5	0.26	1
771	801	5996	11	4	7	-0.78	-1
771	802	4016	5	2	3	-0.26	-1
771	803	2602	3	0	3	-0.78	-1
771	804	2347	2	0	2	-0.52	-1
771	805	2056	2	1	1	0.00	1
771	806	1718	2	1	1	0.00	1
771	807	1471	2	0	2	-0.52	-1
771	808	1288	2	2	0	0.52	1
771	809	526	2	1	1	0.00	1
772	773	19941	15	8	7	0.26	1
772	774	18701	15	8	7	0.26	1
772	775	15789	7	4	3	0.26	1
772	776	16172	13	4	9	-1.30	-1
772	777	14684	6	4	2	0.52	1
772	778	12531	6	5	1	1.04	1
772	779	14067	7	2	5	-0.78	-1
772	780	15103	11	8	3	1.30	1
772	781	13906	10	3	7	-1.04	-1
772	782	13886	10	5	5	0.00	1
772	783	13173	9	6	3	0.78	1
772	784	12608	9	6	3	0.78	1
772	785	11615	9	4	5	-0.26	-1
772	786	10853	9	4	5	-0.26	-1
772	787	10329	9	4	5	-0.26	-1
772	788	8643	7	2	5	-0.78	-1
772	789	8434	7	4	3	0.26	1
772	790	7384	7	5	2	0.78	1
772	791	6865	7	4	3	0.26	1
772	792	5467	7	5	2	0.78	1
772	793	5426	7	1	6	-1.30	-1
772	794	4889	7	4	3	0.26	1
772	795	3948	6	2	4	-0.52	-1
772	796	3759	6	4	2	0.52	1
772	797	3373	6	4	2	0.52	1
772	798	3318	6	2	4	-0.52	-1
772	799	3144	6	2	4	-0.52	-1
772	800	2572	6	2	4	-0.52	-1
772	801	2268	6	2	4	-0.52	-1
773	774	18421	15	6	9	-0.78	-1
773	775	15789	7	3	4	-0.26	-1
773	776	16172	13	7	6	0.26	1
773	777	14684	6	4	2	0.52	1
773	778	12531	6	2	4	-0.52	-1
773	779	14067	7	5	2	0.78	1
773	780	14823	11	5	6	-0.26	-1
773	781	13626	10	5	5	0.00	1
773	782	13606	10	7	3	1.04	1
773	783	12893	9	3	6	-0.78	-1
773	784	12328	9	5	4	0.26	1
773	785	11335	9	7	2	1.30	1
773	786	10573	9	2	7	-1.30	-1
773	787	10049	9	1	8	-1.82	-1
773	788	8363	7	2	5	-0.78	-1
773	789	8154	7	6	1	1.30	1
773	790	7104	7	2	5	-0.78	-1
773	791	6585	7	1	6	-1.30	-1
773	792	5187	7	4	3	0.26	1
773	793	5146	7	2	5	-0.78	-1
773	794	4609	7	4	3	0.26	1
773	795	3668	6	4	2	0.52	1
773	796	3479	6	5	1	1.04	1
773	797	3093	6	4	2	0.52	1
773	798	3038	6	3	3	0.00	1
773	799	2864	6	4	2	0.52	1
773	800	2292	6	2	4	-0.52	-1
773	801	1988	6	4	2	0.52	1
774	775	15789	7	3	4	-0.26	-1
774	776	16172	13	6	7	-0.26	-1
774	777	14684	6	4	2	0.52	1
774	778	12531	6	1	5	-1.04	-1
774	779	14067	7	3	4	-0.26	-1
774	780	16444	14	8	6	0.52	1
774	781	15523	13	6	7	-0.26	-1
774	782	15503	13	5	8	-0.78	-1
774	783	14790	12	3	9	-1.56	-1
774	784	13005	9	6	3	0.78	1
774	785	13232	12	7	5	0.52	1
774	786	12470	12	8	4	1.04	1
774	787	11946	12	6	6	0.00	1
774	788	10260	10	6	4	0.52	1
774	789	10051	10	5	5	0.00	1
774	790	9001	10	7	3	1.04	1
774	791	8482	10	4	6	-0.52	-1
774	792	7084	10	5	5	0.00	1
774	793	7043	10	4	6	-0.52	-1
774	794	6506	10	7	3	1.04	1
774	795	5565	9	4	5	-0.26	-1
774	796	5376	9	5	4	0.26	1
774	797	4990	9	5	4	0.26	1
774	798	4935	9	4	5	-0.26	-1
774	799	4761	9	7	2	1.30	1
774	800	4189	9	4	5	-0.26	-1
774	801	3885	9	3	6	-0.78	-1
774	802	1905	3	3	0	0.78	1
774	803	491	1	0	1	-0.26	-1
775	776	15372	7	4	3	0.26	1
775	777	14684	6	2	4	-0.52	-1
775	778	12531	6	4	2	0.52	1
775	779	13691	5	1	4	-0.78	-1
775	780	13448	5	1	4	-0.78	-1
775	781	12251	4	1	3	-0.52	-1
775	782	12231	4	0	4	-1.04	-1
775	783	11518	3	1	2	-0.26	-1
775	784	10953	3	1	2	-0.26	-1
775	785	9960	3	1	2	-0.26	-1
775	786	9198	3	2	1	0.26	1
775	787	8674	3	2	1	0.26	1
775	788	6988	1	1	0	0.26	1
775	789	6779	1	1	0	0.26	1
775	790	5729	1	1	0	0.26	1
775	791	5210	1	0	1	-0.26	-1
775	792	3812	1	0	1	-0.26	-1
775	793	3771	1	1	0	0.26	1
775	794	3234	1	1	0	0.26	1
776	777	14684	6	3	3	0.00	1
776	778	12531	6	3	3	0.00	1
776	779	14067	7	7	0	1.82	1
776	780	14248	11	6	5	0.26	1
776	781	13051	10	5	5	0.00	1
776	782	13031	10	3	7	-1.04	-1
776	783	12318	9	6	3	0.78	1
776	784	11753	9	3	6	-0.78	-1
776	785	10760	9	5	4	0.26	1
776	786	9998	9	4	5	-0.26	-1
776	787	9474	9	4	5	-0.26	-1
776	788	7788	7	1	6	-1.30	-1
776	789	7579	7	2	5	-0.78	-1
776	790	6529	7	4	3	0.26	1
776	791	6010	7	3	4	-0.26	-1
776	792	4612	7	3	4	-0.26	-1
776	793	4571	7	5	2	0.78	1
776	794	4034	7	2	5	-0.78	-1
776	795	3093	6	2	4	-0.52	-1
776	796	2904	6	4	2	0.52	1
776	797	2518	6	3	3	0.00	1
776	798	2463	6	2	4	-0.52	-1
776	799	2289	6	3	3	0.00	1
776	800	1717	6	4	2	0.52	1
776	801	1413	6	4	2	0.52	1
777	778	12531	6	2	4	-0.52	-1
777	779	13458	5	3	2	0.26	1
777	780	13215	5	4	1	0.78	1
777	781	12018	4	4	0	1.04	1
777	782	11998	4	1	3	-0.52	-1
777	783	11285	3	2	1	0.26	1
777	784	10720	3	2	1	0.26	1
777	785	9727	3	2	1	0.26	1
777	786	8965	3	2	1	0.26	1
777	787	8441	3	1	2	-0.26	-1
777	788	6755	1	1	0	0.26	1
777	789	6546	1	0	1	-0.26	-1
777	790	5496	1	0	1	-0.26	-1
777	791	4977	1	0	1	-0.26	-1
777	792	3579	1	1	0	0.26	1
777	793	3538	1	1	0	0.26	1
777	794	3001	1	1	0	0.26	1
778	779	11775	5	3	2	0.26	1
778	780	11532	5	2	3	-0.26	-1
778	781	10335	4	1	3	-0.52	-1
778	782	10315	4	2	2	0.00	1
778	783	9602	3	1	2	-0.26	-1
778	784	9037	3	2	1	0.26	1
778	785	8044	3	2	1	0.26	1
778	786	7282	3	2	1	0.26	1
778	787	6758	3	2	1	0.26	1
778	788	5072	1	1	0	0.26	1
778	789	4863	1	1	0	0.26	1
778	790	3813	1	1	0	0.26	1
778	791	3294	1	0	1	-0.26	-1
778	792	1896	1	1	0	0.26	1
778	793	1855	1	1	0	0.26	1
778	794	1318	1	0	1	-0.26	-1
779	780	13824	7	4	3	0.26	1
779	781	12627	6	4	2	0.52	1
779	782	12607	6	5	1	1.04	1
779	783	11894	5	3	2	0.26	1
779	784	11329	5	4	1	0.78	1
779	785	10336	5	2	3	-0.26	-1
779	786	9574	5	3	2	0.26	1
779	787	9050	5	2	3	-0.26	-1
779	788	7364	3	1	2	-0.26	-1
779	789	7155	3	2	1	0.26	1
779	790	6105	3	2	1	0.26	1
779	791	5586	3	1	2	-0.26	-1
779	792	4188	3	2	1	0.26	1
779	793	4147	3	3	0	0.78	1
779	794	3610	3	1	2	-0.26	-1
779	795	2669	2	1	1	0.00	1
779	796	2480	2	1	1	0.00	1
779	797	2094	2	0	2	-0.52	-1
779	798	2039	2	1	1	0.00	1
779	799	1865	2	0	2	-0.52	-1
779	800	1293	2	0	2	-0.52	-1
779	801	989	2	2	0	0.52	1
780	781	15247	13	4	9	-1.30	-1
780	782	15227	13	11	2	2.35	1
780	783	14514	12	8	4	1.04	1
780	784	13005	9	5	4	0.26	1
780	785	12956	12	4	8	-1.04	-1
780	786	12194	12	6	6	0.00	1
780	787	11670	12	3	9	-1.56	-1
780	788	9984	10	5	5	0.00	1
780	789	9775	10	6	4	0.52	1
780	790	8725	10	4	6	-0.52	-1
780	791	8206	10	4	6	-0.52	-1
780	792	6808	10	6	4	0.52	1
780	793	6767	10	6	4	0.52	1
780	794	6230	10	5	5	0.00	1
780	795	5289	9	5	4	0.26	1
780	796	5100	9	5	4	0.26	1
780	797	4714	9	5	4	0.26	1
780	798	4659	9	4	5	-0.26	-1
780	799	4485	9	5	4	0.26	1
780	800	3913	9	8	1	1.82	1
780	801	3609	9	4	5	-0.26	-1
780	802	1629	3	2	1	0.26	1
780	803	215	1	1	0	0.26	1
781	782	19537	15	9	6	0.78	1
781	783	17239	14	9	5	1.04	1
781	784	13005	9	6	3	0.78	1
781	785	20463	18	6	12	-1.56	-1
781	786	17835	17	8	9	-0.26	-1
781	787	19001	18	5	13	-2.09	-1
781	788	13610	12	5	7	-0.52	-1
781	789	13393	12	5	7	-0.52	-1
781	790	15538	15	9	6	0.78	1
781	791	14415	15	8	7	0.26	1
781	792	14315	16	6	10	-1.04	-1
781	793	14274	16	7	9	-0.52	-1
781	794	13737	16	9	7	0.52	1
781	795	12796	15	10	5	1.30	1
781	796	12607	15	7	8	-0.26	-1
781	797	12221	15	4	11	-1.82	-1
781	798	12166	15	4	11	-1.82	-1
781	799	11992	15	10	5	1.30	1
781	800	11420	15	6	9	-0.78	-1
781	801	11116	15	7	8	-0.26	-1
781	802	9136	9	4	5	-0.26	-1
781	803	7722	7	4	3	0.26	1
781	804	7467	6	5	1	1.04	1
781	805	7176	6	1	5	-1.04	-1
781	806	6838	6	4	2	0.52	1
781	807	6591	6	5	1	1.04	1
781	808	6408	6	2	4	-0.52	-1
781	809	5646	6	5	1	1.04	1
781	810	4882	4	2	2	0.00	1
781	811	3887	4	3	1	0.52	1
781	812	2760	3	2	1	0.26	1
781	813	1010	1	1	0	0.26	1
781	814	933	1	1	0	0.26	1
782	783	17239	14	9	5	1.04	1
782	784	13005	9	5	4	0.26	1
782	785	17266	14	7	7	0.00	1
782	786	16504	14	6	8	-0.52	-1
782	787	15980	14	4	10	-1.56	-1
782	788	13610	12	8	4	1.04	1
782	789	13393	12	6	6	0.00	1
782	790	13035	12	9	3	1.56	1
782	791	12516	12	3	9	-1.56	-1
782	792	11118	12	3	9	-1.56	-1
782	793	11077	12	3	9	-1.56	-1
782	794	10540	12	3	9	-1.56	-1
782	795	9599	11	6	5	0.26	1
782	796	9410	11	5	6	-0.26	-1
782	797	9024	11	6	5	0.26	1
782	798	8969	11	7	4	0.78	1
782	799	8795	11	4	7	-0.78	-1
782	800	8223	11	5	6	-0.26	-1
782	801	7919	11	4	7	-0.78	-1
782	802	5939	5	2	3	-0.26	-1
782	803	4525	3	2	1	0.26	1
782	804	4270	2	1	1	0.00	1
782	805	3979	2	0	2	-0.52	-1
782	806	3641	2	1	1	0.00	1
782	807	3394	2	1	1	0.00	1
782	808	3211	2	2	0	0.52	1
782	809	2449	2	2	0	0.52	1
783	784	13005	9	7	2	1.30	1
783	785	15681	14	6	8	-0.52	-1
783	786	14919	14	4	10	-1.56	-1
783	787	14395	14	5	9	-1.04	-1
783	788	12709	12	5	7	-0.52	-1
783	789	12500	12	3	9	-1.56	-1
783	790	11450	12	5	7	-0.52	-1
783	791	10931	12	5	7	-0.52	-1
783	792	9533	12	5	7	-0.52	-1
783	793	9492	12	5	7	-0.52	-1
783	794	8955	12	4	8	-1.04	-1
783	795	8014	11	3	8	-1.30	-1
783	796	7825	11	5	6	-0.26	-1
783	797	7439	11	6	5	0.26	1
783	798	7384	11	5	6	-0.26	-1
783	799	7210	11	4	7	-0.78	-1
783	800	6638	11	8	3	1.30	1
783	801	6334	11	7	4	0.78	1
783	802	4354	5	0	5	-1.30	-1
783	803	2940	3	2	1	0.26	1
783	804	2685	2	1	1	0.00	1
783	805	2394	2	1	1	0.00	1
783	806	2056	2	1	1	0.00	1
783	807	1809	2	0	2	-0.52	-1
783	808	1626	2	2	0	0.52	1
783	809	864	2	1	1	0.00	1
784	785	12012	9	5	4	0.26	1
784	786	11250	9	4	5	-0.26	-1
784	787	10726	9	4	5	-0.26	-1
784	788	9040	7	6	1	1.30	1
784	789	8831	7	3	4	-0.26	-1
784	790	7781	7	6	1	1.30	1
784	791	7262	7	4	3	0.26	1
784	792	5864	7	4	3	0.26	1
784	793	5823	7	1	6	-1.30	-1
784	794	5286	7	5	2	0.78	1
784	795	4345	6	2	4	-0.52	-1
784	796	4156	6	2	4	-0.52	-1
784	797	3770	6	4	2	0.52	1
784	798	3715	6	4	2	0.52	1
784	799	3541	6	4	2	0.52	1
784	800	2969	6	3	3	0.00	1
784	801	2665	6	4	2	0.52	1
785	786	17835	17	8	9	-0.26	-1
785	787	19001	18	15	3	3.13	1
785	788	13610	12	7	5	0.52	1
785	789	13393	12	7	5	0.52	1
785	790	15538	15	5	10	-1.30	-1
785	791	14415	15	8	7	0.26	1
785	792	16795	17	9	8	0.26	1
785	793	14912	17	6	11	-1.30	-1
785	794	16217	17	6	11	-1.30	-1
785	795	15276	16	8	8	0.00	1
785	796	15035	16	11	5	1.56	1
785	797	14472	16	13	3	2.61	1
785	798	14646	16	7	9	-0.52	-1
785	799	14472	16	13	3	2.61	1
785	800	13900	16	7	9	-0.52	-1
785	801	13596	16	7	9	-0.52	-1
785	802	11616	10	4	6	-0.52	-1
785	803	10202	8	4	4	0.00	1
785	804	9947	7	3	4	-0.26	-1
785	805	9656	7	2	5	-0.78	-1
785	806	9318	7	4	3	0.26	1
785	807	9071	7	3	4	-0.26	-1
785	808	8888	7	1	6	-1.30	-1
785	809	8126	7	2	5	-0.78	-1
785	810	7362	5	2	3	-0.26	-1
785	811	6367	5	1	4	-0.78	-1
785	812	5240	4	1	3	-0.52	-1
785	813	3490	2	1	1	0.00	1
785	814	3413	2	1	1	0.00	1
785	815	3113	1	1	0	0.26	1
786	787	17311	17	8	9	-0.26	-1
786	788	13610	12	10	2	2.09	1
786	789	13393	12	5	7	-0.52	-1
786	790	14366	15	8	7	0.26	1
786	791	13847	15	8	7	0.26	1
786	792	12449	15	11	4	1.82	1
786	793	12408	15	9	6	0.78	1
786	794	11871	15	9	6	0.78	1
786	795	10930	14	5	9	-1.04	-1
786	796	10741	14	6	8	-0.52	-1
786	797	10355	14	7	7	0.00	1
786	798	10300	14	10	4	1.56	1
786	799	10126	14	3	11	-2.09	-1
786	800	9554	14	7	7	0.00	1
786	801	9250	14	8	6	0.52	1
786	802	7270	8	3	5	-0.52	-1
786	803	5856	6	4	2	0.52	1
786	804	5601	5	4	1	0.78	1
786	805	5310	5	1	4	-0.78	-1
786	806	4972	5	4	1	0.78	1
786	807	4725	5	1	4	-0.78	-1
786	808	4542	5	2	3	-0.26	-1
786	809	3780	5	0	5	-1.30	-1
786	810	3016	3	1	2	-0.26	-1
786	811	2021	3	3	0	0.78	1
786	812	894	2	1	1	0.00	1
787	788	13610	12	6	6	0.00	1
787	789	13393	12	6	6	0.00	1
787	790	15538	15	8	7	0.26	1
787	791	14415	15	8	7	0.26	1
787	792	14139	16	11	5	1.56	1
787	793	14098	16	8	8	0.00	1
787	794	13561	16	13	3	2.61	1
787	795	12620	15	3	12	-2.35	-1
787	796	12431	15	7	8	-0.26	-1
787	797	12045	15	9	6	0.78	1
787	798	11990	15	8	7	0.26	1
787	799	11816	15	8	7	0.26	1
787	800	11244	15	6	9	-0.78	-1
787	801	10940	15	9	6	0.78	1
787	802	8960	9	8	1	1.82	1
787	803	7546	7	3	4	-0.26	-1
787	804	7291	6	3	3	0.00	1
787	805	7000	6	5	1	1.04	1
787	806	6662	6	4	2	0.52	1
787	807	6415	6	5	1	1.04	1
787	808	6232	6	2	4	-0.52	-1
787	809	5470	6	3	3	0.00	1
787	810	4706	4	2	2	0.00	1
787	811	3711	4	3	1	0.52	1
787	812	2584	3	0	3	-0.78	-1
787	813	834	1	0	1	-0.26	-1
787	814	757	1	0	1	-0.26	-1
788	789	13393	12	5	7	-0.52	-1
788	790	12351	12	6	6	0.00	1
788	791	11832	12	9	3	1.56	1
788	792	10434	12	9	3	1.56	1
788	793	10393	12	8	4	1.04	1
788	794	9856	12	6	6	0.00	1
788	795	8915	11	4	7	-0.78	-1
788	796	8726	11	9	2	1.82	1
788	797	8340	11	7	4	0.78	1
788	798	8285	11	6	5	0.26	1
788	799	8111	11	8	3	1.30	1
788	800	7539	11	3	8	-1.30	-1
788	801	7235	11	6	5	0.26	1
788	802	5255	5	4	1	0.78	1
788	803	3841	3	1	2	-0.26	-1
788	804	3586	2	1	1	0.00	1
788	805	3295	2	1	1	0.00	1
788	806	2957	2	1	1	0.00	1
788	807	2710	2	1	1	0.00	1
788	808	2527	2	2	0	0.52	1
788	809	1765	2	1	1	0.00	1
789	790	12343	12	7	5	0.52	1
789	791	11824	12	8	4	1.04	1
789	792	10426	12	5	7	-0.52	-1
789	793	10385	12	4	8	-1.04	-1
789	794	9848	12	9	3	1.56	1
789	795	8907	11	2	9	-1.82	-1
789	796	8718	11	5	6	-0.26	-1
789	797	8332	11	6	5	0.26	1
789	798	8277	11	6	5	0.26	1
789	799	8103	11	6	5	0.26	1
789	800	7531	11	7	4	0.78	1
789	801	7227	11	6	5	0.26	1
789	802	5247	5	4	1	0.78	1
789	803	3833	3	1	2	-0.26	-1
789	804	3578	2	1	1	0.00	1
789	805	3287	2	1	1	0.00	1
789	806	2949	2	2	0	0.52	1
789	807	2702	2	1	1	0.00	1
789	808	2519	2	1	1	0.00	1
789	809	1757	2	0	2	-0.52	-1
790	791	14415	15	9	6	0.78	1
790	792	13621	15	7	8	-0.26	-1
790	793	13580	15	5	10	-1.30	-1
790	794	13043	15	7	8	-0.26	-1
790	795	12102	14	5	9	-1.04	-1
790	796	11913	14	8	6	0.52	1
790	797	11527	14	9	5	1.04	1
790	798	11472	14	8	6	0.52	1
790	799	11298	14	8	6	0.52	1
790	800	10726	14	6	8	-0.52	-1
790	801	10422	14	7	7	0.00	1
790	802	8442	8	3	5	-0.52	-1
790	803	7028	6	3	3	0.00	1
790	804	6773	5	1	4	-0.78	-1
790	805	6482	5	2	3	-0.26	-1
790	806	6144	5	4	1	0.78	1
790	807	5897	5	2	3	-0.26	-1
790	808	5714	5	1	4	-0.78	-1
790	809	4952	5	1	4	-0.78	-1
790	810	4188	3	2	1	0.26	1
790	811	3193	3	1	2	-0.26	-1
790	812	2066	2	1	1	0.00	1
791	792	13017	15	7	8	-0.26	-1
791	793	12976	15	8	7	0.26	1
791	794	12439	15	9	6	0.78	1
791	795	11498	14	6	8	-0.52	-1
791	796	11309	14	8	6	0.52	1
791	797	10923	14	8	6	0.52	1
791	798	10868	14	6	8	-0.52	-1
791	799	10694	14	10	4	1.56	1
791	800	10122	14	7	7	0.00	1
791	801	9818	14	8	6	0.52	1
791	802	7838	8	4	4	0.00	1
791	803	6424	6	4	2	0.52	1
791	804	6169	5	3	2	0.26	1
791	805	5878	5	3	2	0.26	1
791	806	5540	5	5	0	1.30	1
791	807	5293	5	2	3	-0.26	-1
791	808	5110	5	3	2	0.26	1
791	809	4348	5	1	4	-0.78	-1
791	810	3584	3	3	0	0.78	1
791	811	2589	3	1	2	-0.26	-1
791	812	1462	2	1	1	0.00	1
792	793	14912	17	9	8	0.26	1
792	794	21573	21	12	9	0.78	1
792	795	21476	21	9	12	-0.78	-1
792	796	15035	16	10	6	1.04	1
792	797	14472	16	13	3	2.61	1
792	798	20846	21	12	9	0.78	1
792	799	19613	19	12	7	1.30	1
792	800	17079	18	8	10	-0.52	-1
792	801	17871	18	9	9	0.00	1
792	802	17816	15	11	4	1.82	1
792	803	16402	13	7	6	0.26	1
792	804	14644	9	3	6	-0.78	-1
792	805	15856	12	9	3	1.56	1
792	806	15518	12	7	5	0.52	1
792	807	13658	9	2	7	-1.30	-1
792	808	15088	12	9	3	1.56	1
792	809	14326	12	2	10	-2.09	-1
792	810	13562	10	6	4	0.52	1
792	811	12567	10	4	6	-0.52	-1
792	812	11440	9	3	6	-0.78	-1
792	813	9690	7	3	4	-0.26	-1
792	814	9613	7	4	3	0.26	1
792	815	9313	6	4	2	0.52	1
792	816	7838	5	2	3	-0.26	-1
792	817	7518	5	1	4	-0.78	-1
792	818	6963	5	2	3	-0.26	-1
792	819	6650	5	2	3	-0.26	-1
792	820	6511	5	4	1	0.78	1
792	821	4418	4	3	1	0.52	1
792	822	4239	4	3	1	0.52	1
792	823	3917	4	0	4	-1.04	-1
792	824	2956	3	0	3	-0.78	-1
792	825	2392	3	2	1	0.26	1
792	826	2302	3	3	0	0.78	1
792	827	1994	3	1	2	-0.26	-1
792	828	1886	3	1	2	-0.26	-1
792	829	1471	3	3	0	0.78	1
792	830	892	2	1	1	0.00	1
793	794	14375	17	5	12	-1.82	-1
793	795	13434	16	11	5	1.56	1
793	796	13245	16	9	7	0.52	1
793	797	12859	16	8	8	0.00	1
793	798	12804	16	7	9	-0.52	-1
793	799	12630	16	5	11	-1.56	-1
793	800	12058	16	9	7	0.52	1
793	801	11754	16	9	7	0.52	1
793	802	9774	10	3	7	-1.04	-1
793	803	8360	8	7	1	1.56	1
793	804	8105	7	2	5	-0.78	-1
793	805	7814	7	2	5	-0.78	-1
793	806	7476	7	5	2	0.78	1
793	807	7229	7	4	3	0.26	1
793	808	7046	7	3	4	-0.26	-1
793	809	6284	7	4	3	0.26	1
793	810	5520	5	3	2	0.26	1
793	811	4525	5	4	1	0.78	1
793	812	3398	4	3	1	0.52	1
793	813	1648	2	1	1	0.00	1
793	814	1571	2	2	0	0.52	1
793	815	1271	1	0	1	-0.26	-1
794	795	20632	20	9	11	-0.52	-1
794	796	15035	16	7	9	-0.52	-1
794	797	14472	16	7	9	-0.52	-1
794	798	20002	20	10	10	0.00	1
794	799	19613	19	10	9	0.26	1
794	800	17079	18	6	12	-1.56	-1
794	801	17871	18	6	12	-1.56	-1
794	802	16972	14	9	5	1.04	1
794	803	15558	12	6	6	0.00	1
794	804	14644	9	4	5	-0.26	-1
794	805	15012	11	8	3	1.30	1
794	806	14674	11	5	6	-0.26	-1
794	807	13658	9	4	5	-0.26	-1
794	808	14244	11	7	4	0.78	1
794	809	13482	11	5	6	-0.26	-1
794	810	12718	9	6	3	0.78	1
794	811	11723	9	4	5	-0.26	-1
794	812	10596	8	3	5	-0.52	-1
794	813	8846	6	0	6	-1.56	-1
794	814	8769	6	2	4	-0.52	-1
794	815	8469	5	3	2	0.26	1
794	816	6994	4	4	0	1.04	1
794	817	6674	4	4	0	1.04	1
794	818	6119	4	2	2	0.00	1
794	819	5806	4	0	4	-1.04	-1
794	820	5667	4	4	0	1.04	1
794	821	3574	3	0	3	-0.78	-1
794	822	3395	3	1	2	-0.26	-1
794	823	3073	3	1	2	-0.26	-1
794	824	2112	2	0	2	-0.52	-1
794	825	1548	2	1	1	0.00	1
794	826	1458	2	1	1	0.00	1
794	827	1150	2	0	2	-0.52	-1
794	828	1042	2	1	1	0.00	1
794	829	627	2	1	1	0.00	1
794	830	48	1	1	0	0.26	1
795	796	15035	16	6	10	-1.04	-1
795	797	14472	16	7	9	-0.52	-1
795	798	21362	21	7	14	-1.82	-1
795	799	19613	19	10	9	0.26	1
795	800	17079	18	9	9	0.00	1
795	801	17871	18	7	11	-1.04	-1
795	802	18332	15	3	12	-2.35	-1
795	803	16414	13	8	5	0.78	1
795	804	14644	9	3	6	-0.78	-1
795	805	16372	12	5	7	-0.52	-1
795	806	16034	12	4	8	-1.04	-1
795	807	13658	9	5	4	0.26	1
795	808	15604	12	5	7	-0.52	-1
795	809	14842	12	9	3	1.56	1
795	810	14078	10	5	5	0.00	1
795	811	13083	10	5	5	0.00	1
795	812	11956	9	6	3	0.78	1
795	813	10206	7	6	1	1.30	1
795	814	10129	7	5	2	0.78	1
795	815	9829	6	0	6	-1.56	-1
795	816	8354	5	4	1	0.78	1
795	817	8034	5	3	2	0.26	1
795	818	7479	5	2	3	-0.26	-1
795	819	7166	5	2	3	-0.26	-1
795	820	7027	5	4	1	0.78	1
795	821	4934	4	3	1	0.52	1
795	822	4755	4	2	2	0.00	1
795	823	4433	4	2	2	0.00	1
795	824	3472	3	3	0	0.78	1
795	825	2908	3	0	3	-0.78	-1
795	826	2818	3	2	1	0.26	1
795	827	2510	3	3	0	0.78	1
795	828	2402	3	2	1	0.26	1
795	829	1987	3	1	2	-0.26	-1
795	830	1408	2	0	2	-0.52	-1
796	797	14472	16	5	11	-1.56	-1
796	798	14594	16	10	6	1.04	1
796	799	14420	16	11	5	1.56	1
796	800	13848	16	9	7	0.52	1
796	801	13544	16	10	6	1.04	1
796	802	11564	10	5	5	0.00	1
796	803	10150	8	3	5	-0.52	-1
796	804	9895	7	2	5	-0.78	-1
796	805	9604	7	3	4	-0.26	-1
796	806	9266	7	5	2	0.78	1
796	807	9019	7	2	5	-0.78	-1
796	808	8836	7	2	5	-0.78	-1
796	809	8074	7	1	6	-1.30	-1
796	810	7310	5	5	0	1.30	1
796	811	6315	5	1	4	-0.78	-1
796	812	5188	4	2	2	0.00	1
796	813	3438	2	1	1	0.00	1
796	814	3361	2	2	0	0.52	1
796	815	3061	1	0	1	-0.26	-1
797	798	14417	16	11	5	1.56	1
797	799	14243	16	6	10	-1.04	-1
797	800	13671	16	8	8	0.00	1
797	801	13367	16	7	9	-0.52	-1
797	802	11387	10	5	5	0.00	1
797	803	9973	8	2	6	-1.04	-1
797	804	9718	7	2	5	-0.78	-1
797	805	9427	7	2	5	-0.78	-1
797	806	9089	7	4	3	0.26	1
797	807	8842	7	2	5	-0.78	-1
797	808	8659	7	1	6	-1.30	-1
797	809	7897	7	2	5	-0.78	-1
797	810	7133	5	5	0	1.30	1
797	811	6138	5	3	2	0.26	1
797	812	5011	4	1	3	-0.52	-1
797	813	3261	2	2	0	0.52	1
797	814	3184	2	2	0	0.52	1
797	815	2884	1	1	0	0.26	1
798	799	19613	19	13	6	1.82	1
798	800	17079	18	8	10	-0.52	-1
798	801	17871	18	13	5	2.09	1
798	802	21260	17	10	7	0.78	1
798	803	16414	13	8	5	0.78	1
798	804	14644	9	3	6	-0.78	-1
798	805	19300	14	7	7	0.00	1
798	806	18962	14	4	10	-1.56	-1
798	807	13658	9	1	8	-1.82	-1
798	808	18532	14	6	8	-0.52	-1
798	809	15552	12	5	7	-0.52	-1
798	810	17006	12	8	4	1.04	1
798	811	16011	12	4	8	-1.04	-1
798	812	14884	11	6	5	0.26	1
798	813	13134	9	4	5	-0.26	-1
798	814	13057	9	0	9	-2.35	-1
798	815	12757	8	3	5	-0.52	-1
798	816	11282	7	3	4	-0.26	-1
798	817	10962	7	5	2	0.78	1
798	818	10407	7	2	5	-0.78	-1
798	819	10094	7	4	3	0.26	1
798	820	9955	7	5	2	0.78	1
798	821	7862	6	4	2	0.52	1
798	822	7683	6	2	4	-0.52	-1
798	823	7361	6	3	3	0.00	1
798	824	6400	5	0	5	-1.30	-1
798	825	5836	5	3	2	0.26	1
798	826	5746	5	1	4	-0.78	-1
798	827	5438	5	4	1	0.78	1
798	828	5330	5	4	1	0.78	1
798	829	4915	5	2	3	-0.26	-1
798	830	4336	4	1	3	-0.52	-1
798	831	3500	2	0	2	-0.52	-1
798	832	2214	2	1	1	0.00	1
798	833	1424	1	1	0	0.26	1
798	834	863	1	0	1	-0.26	-1
799	800	17079	18	13	5	2.09	1
799	801	17871	18	10	8	0.52	1
799	802	16757	13	6	7	-0.26	-1
799	803	15343	11	3	8	-1.30	-1
799	804	14644	9	4	5	-0.26	-1
799	805	14797	10	6	4	0.52	1
799	806	14459	10	7	3	1.04	1
799	807	13658	9	5	4	0.26	1
799	808	14029	10	6	4	0.52	1
799	809	13267	10	6	4	0.52	1
799	810	12503	8	6	2	1.04	1
799	811	11508	8	4	4	0.00	1
799	812	10381	7	3	4	-0.26	-1
799	813	8631	5	2	3	-0.26	-1
799	814	8554	5	1	4	-0.78	-1
799	815	8254	4	3	1	0.52	1
799	816	6779	3	2	1	0.26	1
799	817	6459	3	3	0	0.78	1
799	818	5904	3	0	3	-0.78	-1
799	819	5591	3	3	0	0.78	1
799	820	5452	3	2	1	0.26	1
799	821	3359	2	0	2	-0.52	-1
799	822	3180	2	1	1	0.00	1
799	823	2858	2	2	0	0.52	1
799	824	1897	1	1	0	0.26	1
799	825	1333	1	1	0	0.26	1
799	826	1243	1	1	0	0.26	1
799	827	935	1	1	0	0.26	1
799	828	827	1	0	1	-0.26	-1
799	829	412	1	0	1	-0.26	-1
800	801	16775	18	9	9	0.00	1
800	802	14795	12	6	6	0.00	1
800	803	13381	10	5	5	0.00	1
800	804	13126	9	4	5	-0.26	-1
800	805	12835	9	3	6	-0.78	-1
800	806	12497	9	5	4	0.26	1
800	807	12250	9	4	5	-0.26	-1
800	808	12067	9	4	5	-0.26	-1
800	809	11305	9	4	5	-0.26	-1
800	810	10541	7	4	3	0.26	1
800	811	9546	7	5	2	0.78	1
800	812	8419	6	4	2	0.52	1
800	813	6669	4	2	2	0.00	1
800	814	6592	4	3	1	0.52	1
800	815	6292	3	3	0	0.78	1
800	816	4817	2	1	1	0.00	1
800	817	4497	2	1	1	0.00	1
800	818	3942	2	2	0	0.52	1
800	819	3629	2	0	2	-0.52	-1
800	820	3490	2	2	0	0.52	1
800	821	1397	1	0	1	-0.26	-1
800	822	1218	1	1	0	0.26	1
800	823	896	1	1	0	0.26	1
801	802	15891	12	6	6	0.00	1
801	803	14477	10	5	5	0.00	1
801	804	14222	9	4	5	-0.26	-1
801	805	13931	9	1	8	-1.82	-1
801	806	13593	9	2	7	-1.30	-1
801	807	13346	9	2	7	-1.30	-1
801	808	13163	9	5	4	0.26	1
801	809	12401	9	5	4	0.26	1
801	810	11637	7	3	4	-0.26	-1
801	811	10642	7	6	1	1.30	1
801	812	9515	6	2	4	-0.52	-1
801	813	7765	4	2	2	0.00	1
801	814	7688	4	3	1	0.52	1
801	815	7388	3	1	2	-0.26	-1
801	816	5913	2	2	0	0.52	1
801	817	5593	2	1	1	0.00	1
801	818	5038	2	1	1	0.00	1
801	819	4725	2	1	1	0.00	1
801	820	4586	2	1	1	0.00	1
801	821	2493	1	1	0	0.26	1
801	822	2314	1	0	1	-0.26	-1
801	823	1992	1	1	0	0.26	1
802	803	16414	13	4	9	-1.30	-1
802	804	14644	9	6	3	0.78	1
802	805	20469	14	5	9	-1.04	-1
802	806	20131	14	6	8	-0.52	-1
802	807	13658	9	7	2	1.30	1
802	808	19701	14	8	6	0.52	1
802	809	15552	12	2	10	-2.09	-1
802	810	18175	12	10	2	2.09	1
802	811	16442	12	2	10	-2.09	-1
802	812	15942	11	9	2	1.82	1
802	813	14303	9	2	7	-1.30	-1
802	814	14226	9	3	6	-0.78	-1
802	815	13926	8	4	4	0.00	1
802	816	12451	7	3	4	-0.26	-1
802	817	12131	7	4	3	0.26	1
802	818	11576	7	3	4	-0.26	-1
802	819	11263	7	4	3	0.26	1
802	820	11124	7	4	3	0.26	1
802	821	9031	6	5	1	1.04	1
802	822	8852	6	5	1	1.04	1
802	823	8530	6	3	3	0.00	1
802	824	7569	5	1	4	-0.78	-1
802	825	7005	5	3	2	0.26	1
802	826	6915	5	3	2	0.26	1
802	827	6607	5	4	1	0.78	1
802	828	6499	5	0	5	-1.30	-1
802	829	6084	5	1	4	-0.78	-1
802	830	5505	4	2	2	0.00	1
802	831	4669	2	1	1	0.00	1
802	832	3383	2	1	1	0.00	1
802	833	2593	1	1	0	0.26	1
802	834	2032	1	1	0	0.26	1
803	804	14644	9	6	3	0.78	1
803	805	15868	12	4	8	-1.04	-1
803	806	15530	12	5	7	-0.52	-1
803	807	13658	9	5	4	0.26	1
803	808	15100	12	6	6	0.00	1
803	809	14338	12	6	6	0.00	1
803	810	13574	10	5	5	0.00	1
803	811	12579	10	8	2	1.56	1
803	812	11452	9	8	1	1.82	1
803	813	9702	7	5	2	0.78	1
803	814	9625	7	4	3	0.26	1
803	815	9325	6	2	4	-0.52	-1
803	816	7850	5	0	5	-1.30	-1
803	817	7530	5	2	3	-0.26	-1
803	818	6975	5	2	3	-0.26	-1
803	819	6662	5	3	2	0.26	1
803	820	6523	5	3	2	0.26	1
803	821	4430	4	2	2	0.00	1
803	822	4251	4	1	3	-0.52	-1
803	823	3929	4	2	2	0.00	1
803	824	2968	3	3	0	0.78	1
803	825	2404	3	1	2	-0.26	-1
803	826	2314	3	1	2	-0.26	-1
803	827	2006	3	1	2	-0.26	-1
803	828	1898	3	3	0	0.78	1
803	829	1483	3	1	2	-0.26	-1
803	830	904	2	2	0	0.52	1
804	805	14353	9	5	4	0.26	1
804	806	14015	9	2	7	-1.30	-1
804	807	13658	9	7	2	1.30	1
804	808	13585	9	1	8	-1.82	-1
804	809	12823	9	3	6	-0.78	-1
804	810	12059	7	4	3	0.26	1
804	811	11064	7	4	3	0.26	1
804	812	9937	6	5	1	1.04	1
804	813	8187	4	3	1	0.52	1
804	814	8110	4	4	0	1.04	1
804	815	7810	3	1	2	-0.26	-1
804	816	6335	2	2	0	0.52	1
804	817	6015	2	1	1	0.00	1
804	818	5460	2	1	1	0.00	1
804	819	5147	2	2	0	0.52	1
804	820	5008	2	1	1	0.00	1
804	821	2915	1	1	0	0.26	1
804	822	2736	1	0	1	-0.26	-1
804	823	2414	1	1	0	0.26	1
805	806	21948	14	9	5	1.04	1
805	807	13658	9	4	5	-0.26	-1
805	808	22099	14	4	10	-1.56	-1
805	809	15552	12	4	8	-1.04	-1
805	810	20573	12	7	5	0.52	1
805	811	16442	12	7	5	0.52	1
805	812	15942	11	5	6	-0.26	-1
805	813	16701	9	1	8	-1.82	-1
805	814	16624	9	3	6	-0.78	-1
805	815	15954	8	3	5	-0.52	-1
805	816	14849	7	3	4	-0.26	-1
805	817	14529	7	4	3	0.26	1
805	818	13974	7	2	5	-0.78	-1
805	819	12338	7	5	2	0.78	1
805	820	13522	7	3	4	-0.26	-1
805	821	11429	6	3	3	0.00	1
805	822	11250	6	2	4	-0.52	-1
805	823	10928	6	1	5	-1.04	-1
805	824	9967	5	2	3	-0.26	-1
805	825	9403	5	2	3	-0.26	-1
805	826	9313	5	1	4	-0.78	-1
805	827	9005	5	3	2	0.26	1
805	828	8897	5	2	3	-0.26	-1
805	829	8482	5	2	3	-0.26	-1
805	830	7903	4	2	2	0.00	1
805	831	7067	2	1	1	0.00	1
805	832	5781	2	1	1	0.00	1
805	833	4991	1	0	1	-0.26	-1
805	834	4430	1	0	1	-0.26	-1
806	807	13658	9	4	5	-0.26	-1
806	808	21518	14	7	7	0.00	1
806	809	15552	12	6	6	0.00	1
806	810	19992	12	9	3	1.56	1
806	811	16442	12	2	10	-2.09	-1
806	812	15942	11	3	8	-1.30	-1
806	813	16120	9	4	5	-0.26	-1
806	814	16043	9	5	4	0.26	1
806	815	15743	8	3	5	-0.52	-1
806	816	14268	7	3	4	-0.26	-1
806	817	13948	7	0	7	-1.82	-1
806	818	13393	7	6	1	1.30	1
806	819	12338	7	4	3	0.26	1
806	820	12941	7	4	3	0.26	1
806	821	10848	6	3	3	0.00	1
806	822	10669	6	3	3	0.00	1
806	823	10347	6	5	1	1.04	1
806	824	9386	5	2	3	-0.26	-1
806	825	8822	5	4	1	0.78	1
806	826	8732	5	3	2	0.26	1
806	827	8424	5	4	1	0.78	1
806	828	8316	5	3	2	0.26	1
806	829	7901	5	2	3	-0.26	-1
806	830	7322	4	3	1	0.52	1
806	831	6486	2	1	1	0.00	1
806	832	5200	2	1	1	0.00	1
806	833	4410	1	0	1	-0.26	-1
806	834	3849	1	0	1	-0.26	-1
807	808	13475	9	4	5	-0.26	-1
807	809	12713	9	5	4	0.26	1
807	810	11949	7	4	3	0.26	1
807	811	10954	7	6	1	1.30	1
807	812	9827	6	2	4	-0.52	-1
807	813	8077	4	4	0	1.04	1
807	814	8000	4	2	2	0.00	1
807	815	7700	3	2	1	0.26	1
807	816	6225	2	1	1	0.00	1
807	817	5905	2	1	1	0.00	1
807	818	5350	2	0	2	-0.52	-1
807	819	5037	2	0	2	-0.52	-1
807	820	4898	2	2	0	0.52	1
807	821	2805	1	0	1	-0.26	-1
807	822	2626	1	1	0	0.26	1
807	823	2304	1	0	1	-0.26	-1
808	809	15552	12	4	8	-1.04	-1
808	810	21626	12	7	5	0.52	1
808	811	16442	12	6	6	0.00	1
808	812	15942	11	6	5	0.26	1
808	813	17754	9	6	3	0.78	1
808	814	17677	9	5	4	0.26	1
808	815	15954	8	5	3	0.52	1
808	816	15902	7	4	3	0.26	1
808	817	14985	7	7	0	1.82	1
808	818	15027	7	1	6	-1.30	-1
808	819	12338	7	4	3	0.26	1
808	820	14575	7	3	4	-0.26	-1
808	821	11909	6	3	3	0.00	1
808	822	12303	6	2	4	-0.52	-1
808	823	11981	6	3	3	0.00	1
808	824	11020	5	1	4	-0.78	-1
808	825	10456	5	2	3	-0.26	-1
808	826	10366	5	3	2	0.26	1
808	827	10058	5	4	1	0.78	1
808	828	9950	5	2	3	-0.26	-1
808	829	9535	5	3	2	0.26	1
808	830	8956	4	0	4	-1.04	-1
808	831	8120	2	1	1	0.00	1
808	832	6834	2	2	0	0.52	1
808	833	6044	1	0	1	-0.26	-1
808	834	5483	1	0	1	-0.26	-1
809	810	14788	10	6	4	0.52	1
809	811	13793	10	7	3	1.04	1
809	812	12666	9	6	3	0.78	1
809	813	10916	7	4	3	0.26	1
809	814	10839	7	3	4	-0.26	-1
809	815	10539	6	2	4	-0.52	-1
809	816	9064	5	3	2	0.26	1
809	817	8744	5	4	1	0.78	1
809	818	8189	5	4	1	0.78	1
809	819	7876	5	3	2	0.26	1
809	820	7737	5	4	1	0.78	1
809	821	5644	4	1	3	-0.52	-1
809	822	5465	4	1	3	-0.52	-1
809	823	5143	4	2	2	0.00	1
809	824	4182	3	2	1	0.26	1
809	825	3618	3	1	2	-0.26	-1
809	826	3528	3	0	3	-0.78	-1
809	827	3220	3	2	1	0.26	1
809	828	3112	3	1	2	-0.26	-1
809	829	2697	3	3	0	0.78	1
809	830	2118	2	1	1	0.00	1
810	811	16442	12	5	7	-0.52	-1
810	812	15942	11	6	5	0.26	1
810	813	18077	9	6	3	0.78	1
810	814	18000	9	4	5	-0.26	-1
810	815	15954	8	6	2	1.04	1
810	816	16225	7	2	5	-0.78	-1
810	817	14985	7	1	6	-1.30	-1
810	818	15350	7	3	4	-0.26	-1
810	819	12338	7	1	6	-1.30	-1
810	820	14898	7	2	5	-0.78	-1
810	821	11909	6	4	2	0.52	1
810	822	12626	6	4	2	0.52	1
810	823	12304	6	4	2	0.52	1
810	824	11343	5	1	4	-0.78	-1
810	825	10779	5	3	2	0.26	1
810	826	10689	5	3	2	0.26	1
810	827	10381	5	1	4	-0.78	-1
810	828	10273	5	3	2	0.26	1
810	829	9858	5	3	2	0.26	1
810	830	9279	4	3	1	0.52	1
810	831	8443	2	0	2	-0.52	-1
810	832	7157	2	0	2	-0.52	-1
810	833	6367	1	0	1	-0.26	-1
810	834	5806	1	0	1	-0.26	-1
811	812	15315	11	5	6	-0.26	-1
811	813	13565	9	6	3	0.78	1
811	814	13488	9	4	5	-0.26	-1
811	815	13188	8	5	3	0.52	1
811	816	11713	7	4	3	0.26	1
811	817	11393	7	1	6	-1.30	-1
811	818	10838	7	4	3	0.26	1
811	819	10525	7	5	2	0.78	1
811	820	10386	7	5	2	0.78	1
811	821	8293	6	2	4	-0.52	-1
811	822	8114	6	1	5	-1.04	-1
811	823	7792	6	5	1	1.04	1
811	824	6831	5	4	1	0.78	1
811	825	6267	5	1	4	-0.78	-1
811	826	6177	5	1	4	-0.78	-1
811	827	5869	5	1	4	-0.78	-1
811	828	5761	5	3	2	0.26	1
811	829	5346	5	4	1	0.78	1
811	830	4767	4	2	2	0.00	1
811	831	3931	2	0	2	-0.52	-1
811	832	2645	2	1	1	0.00	1
811	833	1855	1	0	1	-0.26	-1
811	834	1294	1	1	0	0.26	1
812	813	14192	9	7	2	1.30	1
812	814	14115	9	6	3	0.78	1
812	815	13815	8	5	3	0.52	1
812	816	12340	7	3	4	-0.26	-1
812	817	12020	7	4	3	0.26	1
812	818	11465	7	3	4	-0.26	-1
812	819	11152	7	3	4	-0.26	-1
812	820	11013	7	1	6	-1.30	-1
812	821	8920	6	2	4	-0.52	-1
812	822	8741	6	5	1	1.04	1
812	823	8419	6	2	4	-0.52	-1
812	824	7458	5	2	3	-0.26	-1
812	825	6894	5	2	3	-0.26	-1
812	826	6804	5	3	2	0.26	1
812	827	6496	5	1	4	-0.78	-1
812	828	6388	5	1	4	-0.78	-1
812	829	5973	5	2	3	-0.26	-1
812	830	5394	4	1	3	-0.52	-1
812	831	4558	2	1	1	0.00	1
812	832	3272	2	1	1	0.00	1
812	833	2482	1	1	0	0.26	1
812	834	1921	1	1	0	0.26	1
813	814	22223	12	11	1	2.61	1
813	815	15954	8	5	3	0.52	1
813	816	20448	10	3	7	-1.04	-1
813	817	14985	7	3	4	-0.26	-1
813	818	19573	10	3	7	-1.04	-1
813	819	12338	7	3	4	-0.26	-1
813	820	18608	10	5	5	0.00	1
813	821	11909	6	3	3	0.00	1
813	822	16179	9	6	3	0.78	1
813	823	16527	9	7	2	1.30	1
813	824	15566	8	5	3	0.52	1
813	825	14073	8	3	5	-0.52	-1
813	826	14912	8	5	3	0.52	1
813	827	14604	8	4	4	0.00	1
813	828	14496	8	5	3	0.52	1
813	829	14081	8	3	5	-0.52	-1
813	830	13502	7	6	1	1.30	1
813	831	12666	5	3	2	0.26	1
813	832	11380	5	3	2	0.26	1
813	833	10590	4	2	2	0.00	1
813	834	10029	4	3	1	0.52	1
813	835	9020	3	2	1	0.26	1
813	836	8985	3	2	1	0.26	1
813	837	8501	3	1	2	-0.26	-1
813	838	7780	3	1	2	-0.26	-1
813	839	6878	3	2	1	0.26	1
813	840	5423	3	0	3	-0.78	-1
813	841	5401	3	1	2	-0.26	-1
813	842	5039	3	0	3	-0.78	-1
813	843	5026	3	2	1	0.26	1
813	844	4885	3	1	2	-0.26	-1
813	845	4816	3	2	1	0.26	1
813	846	4655	3	1	2	-0.26	-1
813	847	4007	3	1	2	-0.26	-1
813	848	3812	3	2	1	0.26	1
813	849	3462	3	2	1	0.26	1
813	850	3364	3	3	0	0.78	1
813	851	2895	2	1	1	0.00	1
813	852	2592	2	2	0	0.52	1
813	853	2118	1	0	1	-0.26	-1
813	854	1784	1	1	0	0.26	1
814	815	15954	8	4	4	0.00	1
814	816	21241	11	5	6	-0.26	-1
814	817	14985	7	5	2	0.78	1
814	818	20366	11	6	5	0.26	1
814	819	12338	7	3	4	-0.26	-1
814	820	18608	10	6	4	0.52	1
814	821	11909	6	2	4	-0.52	-1
814	822	16179	9	5	4	0.26	1
814	823	17320	10	8	2	1.56	1
814	824	16359	9	5	4	0.26	1
814	825	14073	8	5	3	0.52	1
814	826	15593	9	4	5	-0.26	-1
814	827	15397	9	4	5	-0.26	-1
814	828	15289	9	5	4	0.26	1
814	829	14874	9	5	4	0.26	1
814	830	14295	8	4	4	0.00	1
814	831	13459	6	0	6	-1.56	-1
814	832	12173	6	4	2	0.52	1
814	833	11383	5	5	0	1.30	1
814	834	10822	5	2	3	-0.26	-1
814	835	9813	4	2	2	0.00	1
814	836	9778	4	2	2	0.00	1
814	837	9294	4	3	1	0.52	1
814	838	8573	4	3	1	0.52	1
814	839	7671	4	3	1	0.52	1
814	840	6216	4	1	3	-0.52	-1
814	841	6194	4	0	4	-1.04	-1
814	842	5832	4	3	1	0.52	1
814	843	5819	4	2	2	0.00	1
814	844	5678	4	2	2	0.00	1
814	845	5609	4	2	2	0.00	1
814	846	5448	4	3	1	0.52	1
814	847	4800	4	3	1	0.52	1
814	848	4605	4	4	0	1.04	1
814	849	4255	4	2	2	0.00	1
814	850	4157	4	2	2	0.00	1
814	851	3688	3	0	3	-0.78	-1
814	852	3385	3	1	2	-0.26	-1
814	853	2911	2	1	1	0.00	1
814	854	2577	2	1	1	0.00	1
814	855	2093	1	0	1	-0.26	-1
815	816	14479	7	4	3	0.26	1
815	817	14159	7	5	2	0.78	1
815	818	13604	7	1	6	-1.30	-1
815	819	12338	7	6	1	1.30	1
815	820	13152	7	2	5	-0.78	-1
815	821	11059	6	5	1	1.04	1
815	822	10880	6	5	1	1.04	1
815	823	10558	6	3	3	0.00	1
815	824	9597	5	4	1	0.78	1
815	825	9033	5	3	2	0.26	1
815	826	8943	5	2	3	-0.26	-1
815	827	8635	5	5	0	1.30	1
815	828	8527	5	2	3	-0.26	-1
815	829	8112	5	4	1	0.78	1
815	830	7533	4	3	1	0.52	1
815	831	6697	2	1	1	0.00	1
815	832	5411	2	2	0	0.52	1
815	833	4621	1	1	0	0.26	1
815	834	4060	1	0	1	-0.26	-1
816	817	14985	7	4	3	0.26	1
816	818	20569	12	7	5	0.52	1
816	819	12338	7	2	5	-0.78	-1
816	820	18608	10	7	3	1.04	1
816	821	11909	6	2	4	-0.52	-1
816	822	16179	9	3	6	-0.78	-1
816	823	17523	11	6	5	0.26	1
816	824	16562	10	5	5	0.00	1
816	825	14073	8	3	5	-0.52	-1
816	826	15593	9	4	5	-0.26	-1
816	827	15600	10	8	2	1.56	1
816	828	15492	10	4	6	-0.52	-1
816	829	15077	10	5	5	0.00	1
816	830	14498	9	3	6	-0.78	-1
816	831	13662	7	4	3	0.26	1
816	832	12376	7	6	1	1.30	1
816	833	11586	6	4	2	0.52	1
816	834	11025	6	5	1	1.04	1
816	835	10016	5	3	2	0.26	1
816	836	9981	5	4	1	0.78	1
816	837	9497	5	1	4	-0.78	-1
816	838	8776	5	2	3	-0.26	-1
816	839	7874	5	4	1	0.78	1
816	840	6419	5	0	5	-1.30	-1
816	841	6397	5	2	3	-0.26	-1
816	842	6035	5	3	2	0.26	1
816	843	6022	5	3	2	0.26	1
816	844	5881	5	2	3	-0.26	-1
816	845	5812	5	2	3	-0.26	-1
816	846	5651	5	3	2	0.26	1
816	847	5003	5	4	1	0.78	1
816	848	4808	5	2	3	-0.26	-1
816	849	4458	5	1	4	-0.78	-1
816	850	4360	5	1	4	-0.78	-1
816	851	3891	4	3	1	0.52	1
816	852	3588	4	1	3	-0.52	-1
816	853	3114	3	2	1	0.26	1
816	854	2780	3	1	2	-0.26	-1
816	855	2296	2	0	2	-0.52	-1
817	818	14430	7	1	6	-1.30	-1
817	819	12338	7	4	3	0.26	1
817	820	13978	7	3	4	-0.26	-1
817	821	11885	6	1	5	-1.04	-1
817	822	11706	6	1	5	-1.04	-1
817	823	11384	6	4	2	0.52	1
817	824	10423	5	3	2	0.26	1
817	825	9859	5	2	3	-0.26	-1
817	826	9769	5	1	4	-0.78	-1
817	827	9461	5	3	2	0.26	1
817	828	9353	5	1	4	-0.78	-1
817	829	8938	5	3	2	0.26	1
817	830	8359	4	0	4	-1.04	-1
817	831	7523	2	1	1	0.00	1
817	832	6237	2	2	0	0.52	1
817	833	5447	1	0	1	-0.26	-1
817	834	4886	1	1	0	0.26	1
818	819	12338	7	2	5	-0.78	-1
818	820	18608	10	7	3	1.04	1
818	821	11909	6	3	3	0.00	1
818	822	16179	9	3	6	-0.78	-1
818	823	17848	11	4	7	-0.78	-1
818	824	16887	10	5	5	0.00	1
818	825	14073	8	1	7	-1.56	-1
818	826	15593	9	4	5	-0.26	-1
818	827	15925	10	2	8	-1.56	-1
818	828	15817	10	1	9	-2.09	-1
818	829	15402	10	5	5	0.00	1
818	830	14823	9	4	5	-0.26	-1
818	831	13987	7	4	3	0.26	1
818	832	12701	7	0	7	-1.82	-1
818	833	11911	6	3	3	0.00	1
818	834	11350	6	1	5	-1.04	-1
818	835	10341	5	2	3	-0.26	-1
818	836	10306	5	4	1	0.78	1
818	837	9822	5	4	1	0.78	1
818	838	9101	5	2	3	-0.26	-1
818	839	8199	5	3	2	0.26	1
818	840	6744	5	2	3	-0.26	-1
818	841	6722	5	4	1	0.78	1
818	842	6360	5	4	1	0.78	1
818	843	6347	5	3	2	0.26	1
818	844	6206	5	2	3	-0.26	-1
818	845	6137	5	1	4	-0.78	-1
818	846	5976	5	2	3	-0.26	-1
818	847	5328	5	0	5	-1.30	-1
818	848	5133	5	3	2	0.26	1
818	849	4783	5	3	2	0.26	1
818	850	4685	5	3	2	0.26	1
818	851	4216	4	3	1	0.52	1
818	852	3913	4	1	3	-0.52	-1
818	853	3439	3	1	2	-0.26	-1
818	854	3105	3	0	3	-0.78	-1
818	855	2621	2	0	2	-0.52	-1
819	820	12199	7	4	3	0.26	1
819	821	10106	6	2	4	-0.52	-1
819	822	9927	6	3	3	0.00	1
819	823	9605	6	3	3	0.00	1
819	824	8644	5	2	3	-0.26	-1
819	825	8080	5	2	3	-0.26	-1
819	826	7990	5	3	2	0.26	1
819	827	7682	5	4	1	0.78	1
819	828	7574	5	2	3	-0.26	-1
819	829	7159	5	3	2	0.26	1
819	830	6580	4	2	2	0.00	1
819	831	5744	2	1	1	0.00	1
819	832	4458	2	0	2	-0.52	-1
819	833	3668	1	0	1	-0.26	-1
819	834	3107	1	0	1	-0.26	-1
820	821	11909	6	3	3	0.00	1
820	822	16179	9	2	7	-1.30	-1
820	823	16014	9	6	3	0.78	1
820	824	15053	8	4	4	0.00	1
820	825	14073	8	3	5	-0.52	-1
820	826	14399	8	3	5	-0.52	-1
820	827	14091	8	4	4	0.00	1
820	828	13983	8	4	4	0.00	1
820	829	13568	8	5	3	0.52	1
820	830	12989	7	2	5	-0.78	-1
820	831	12153	5	4	1	0.78	1
820	832	10867	5	4	1	0.78	1
820	833	10077	4	1	3	-0.52	-1
820	834	9516	4	0	4	-1.04	-1
820	835	8507	3	2	1	0.26	1
820	836	8472	3	1	2	-0.26	-1
820	837	7988	3	1	2	-0.26	-1
820	838	7267	3	2	1	0.26	1
820	839	6365	3	2	1	0.26	1
820	840	4910	3	1	2	-0.26	-1
820	841	4888	3	1	2	-0.26	-1
820	842	4526	3	2	1	0.26	1
820	843	4513	3	1	2	-0.26	-1
820	844	4372	3	1	2	-0.26	-1
820	845	4303	3	2	1	0.26	1
820	846	4142	3	2	1	0.26	1
820	847	3494	3	3	0	0.78	1
820	848	3299	3	2	1	0.26	1
820	849	2949	3	2	1	0.26	1
820	850	2851	3	1	2	-0.26	-1
820	851	2382	2	0	2	-0.52	-1
820	852	2079	2	1	1	0.00	1
820	853	1605	1	1	0	0.26	1
820	854	1271	1	0	1	-0.26	-1
821	822	11730	6	5	1	1.04	1
821	823	11408	6	1	5	-1.04	-1
821	824	10447	5	1	4	-0.78	-1
821	825	9883	5	3	2	0.26	1
821	826	9793	5	2	3	-0.26	-1
821	827	9485	5	3	2	0.26	1
821	828	9377	5	4	1	0.78	1
821	829	8962	5	1	4	-0.78	-1
821	830	8383	4	3	1	0.52	1
821	831	7547	2	2	0	0.52	1
821	832	6261	2	0	2	-0.52	-1
821	833	5471	1	0	1	-0.26	-1
821	834	4910	1	1	0	0.26	1
822	823	15857	9	3	6	-0.78	-1
822	824	14896	8	3	5	-0.52	-1
822	825	14073	8	5	3	0.52	1
822	826	14242	8	5	3	0.52	1
822	827	13934	8	4	4	0.00	1
822	828	13826	8	3	5	-0.52	-1
822	829	13411	8	2	6	-1.04	-1
822	830	12832	7	3	4	-0.26	-1
822	831	11996	5	3	2	0.26	1
822	832	10710	5	3	2	0.26	1
822	833	9920	4	1	3	-0.52	-1
822	834	9359	4	2	2	0.00	1
822	835	8350	3	1	2	-0.26	-1
822	836	8315	3	1	2	-0.26	-1
822	837	7831	3	1	2	-0.26	-1
822	838	7110	3	2	1	0.26	1
822	839	6208	3	2	1	0.26	1
822	840	4753	3	3	0	0.78	1
822	841	4731	3	2	1	0.26	1
822	842	4369	3	1	2	-0.26	-1
822	843	4356	3	1	2	-0.26	-1
822	844	4215	3	2	1	0.26	1
822	845	4146	3	1	2	-0.26	-1
822	846	3985	3	2	1	0.26	1
822	847	3337	3	1	2	-0.26	-1
822	848	3142	3	0	3	-0.78	-1
822	849	2792	3	0	3	-0.78	-1
822	850	2694	3	2	1	0.26	1
822	851	2225	2	0	2	-0.52	-1
822	852	1922	2	1	1	0.00	1
822	853	1448	1	1	0	0.26	1
822	854	1114	1	0	1	-0.26	-1
823	824	20291	11	6	5	0.26	1
823	825	14073	8	6	2	1.04	1
823	826	15593	9	5	4	0.26	1
823	827	19397	11	6	5	0.26	1
823	828	19289	11	8	3	1.30	1
823	829	17875	10	2	8	-1.56	-1
823	830	17386	9	8	1	1.82	1
823	831	17459	8	3	5	-0.52	-1
823	832	16173	8	6	2	1.04	1
823	833	15383	7	5	2	0.78	1
823	834	14774	7	4	3	0.26	1
823	835	13813	6	3	3	0.00	1
823	836	13778	6	2	4	-0.52	-1
823	837	13294	6	3	3	0.00	1
823	838	12573	6	6	0	1.56	1
823	839	11671	6	3	3	0.00	1
823	840	10216	6	3	3	0.00	1
823	841	10194	6	2	4	-0.52	-1
823	842	9832	6	2	4	-0.52	-1
823	843	9819	6	4	2	0.52	1
823	844	9678	6	3	3	0.00	1
823	845	9609	6	1	5	-1.04	-1
823	846	9448	6	4	2	0.52	1
823	847	8800	6	2	4	-0.52	-1
823	848	8605	6	4	2	0.52	1
823	849	8255	6	2	4	-0.52	-1
823	850	8157	6	5	1	1.04	1
823	851	7688	5	3	2	0.26	1
823	852	7385	5	2	3	-0.26	-1
823	853	6911	4	0	4	-1.04	-1
823	854	6577	4	1	3	-0.52	-1
823	855	6093	3	2	1	0.26	1
823	856	3813	1	1	0	0.26	1
823	857	3702	1	1	0	0.26	1
823	858	3397	1	0	1	-0.26	-1
823	859	3284	1	1	0	0.26	1
823	860	3252	1	0	1	-0.26	-1
823	861	1928	1	1	0	0.26	1
823	862	1725	1	0	1	-0.26	-1
823	863	1269	1	0	1	-0.26	-1
823	864	652	1	0	1	-0.26	-1
824	825	14073	8	5	3	0.52	1
824	826	15593	9	4	5	-0.26	-1
824	827	19329	11	6	5	0.26	1
824	828	19221	11	5	6	-0.26	-1
824	829	17875	10	8	2	1.56	1
824	830	17386	9	6	3	0.78	1
824	831	17391	8	3	5	-0.52	-1
824	832	16105	8	4	4	0.00	1
824	833	15315	7	3	4	-0.26	-1
824	834	14754	7	4	3	0.26	1
824	835	13745	6	3	3	0.00	1
824	836	13710	6	4	2	0.52	1
824	837	13226	6	1	5	-1.04	-1
824	838	12505	6	3	3	0.00	1
824	839	11603	6	3	3	0.00	1
824	840	10148	6	3	3	0.00	1
824	841	10126	6	3	3	0.00	1
824	842	9764	6	3	3	0.00	1
824	843	9751	6	3	3	0.00	1
824	844	9610	6	4	2	0.52	1
824	845	9541	6	4	2	0.52	1
824	846	9380	6	2	4	-0.52	-1
824	847	8732	6	1	5	-1.04	-1
824	848	8537	6	3	3	0.00	1
824	849	8187	6	5	1	1.04	1
824	850	8089	6	0	6	-1.56	-1
824	851	7620	5	4	1	0.78	1
824	852	7317	5	3	2	0.26	1
824	853	6843	4	2	2	0.00	1
824	854	6509	4	2	2	0.00	1
824	855	6025	3	0	3	-0.78	-1
824	856	3745	1	1	0	0.26	1
824	857	3634	1	1	0	0.26	1
824	858	3329	1	1	0	0.26	1
824	859	3216	1	0	1	-0.26	-1
824	860	3184	1	0	1	-0.26	-1
824	861	1860	1	0	1	-0.26	-1
824	862	1657	1	0	1	-0.26	-1
824	863	1201	1	0	1	-0.26	-1
824	864	584	1	1	0	0.26	1
825	826	13983	8	4	4	0.00	1
825	827	13675	8	7	1	1.56	1
825	828	13567	8	3	5	-0.52	-1
825	829	13152	8	4	4	0.00	1
825	830	12573	7	5	2	0.78	1
825	831	11737	5	1	4	-0.78	-1
825	832	10451	5	3	2	0.26	1
825	833	9661	4	1	3	-0.52	-1
825	834	9100	4	1	3	-0.52	-1
825	835	8091	3	3	0	0.78	1
825	836	8056	3	3	0	0.78	1
825	837	7572	3	1	2	-0.26	-1
825	838	6851	3	2	1	0.26	1
825	839	5949	3	0	3	-0.78	-1
825	840	4494	3	2	1	0.26	1
825	841	4472	3	3	0	0.78	1
825	842	4110	3	1	2	-0.26	-1
825	843	4097	3	0	3	-0.78	-1
825	844	3956	3	1	2	-0.26	-1
825	845	3887	3	2	1	0.26	1
825	846	3726	3	2	1	0.26	1
825	847	3078	3	1	2	-0.26	-1
825	848	2883	3	2	1	0.26	1
825	849	2533	3	1	2	-0.26	-1
825	850	2435	3	1	2	-0.26	-1
825	851	1966	2	1	1	0.00	1
825	852	1663	2	2	0	0.52	1
825	853	1189	1	0	1	-0.26	-1
825	854	855	1	0	1	-0.26	-1
826	827	15285	9	6	3	0.78	1
826	828	15177	9	4	5	-0.26	-1
826	829	14762	9	2	7	-1.30	-1
826	830	14183	8	1	7	-1.56	-1
826	831	13347	6	5	1	1.04	1
826	832	12061	6	2	4	-0.52	-1
826	833	11271	5	2	3	-0.26	-1
826	834	10710	5	0	5	-1.30	-1
826	835	9701	4	2	2	0.00	1
826	836	9666	4	1	3	-0.52	-1
826	837	9182	4	2	2	0.00	1
826	838	8461	4	1	3	-0.52	-1
826	839	7559	4	1	3	-0.52	-1
826	840	6104	4	2	2	0.00	1
826	841	6082	4	4	0	1.04	1
826	842	5720	4	3	1	0.52	1
826	843	5707	4	1	3	-0.52	-1
826	844	5566	4	2	2	0.00	1
826	845	5497	4	1	3	-0.52	-1
826	846	5336	4	3	1	0.52	1
826	847	4688	4	4	0	1.04	1
826	848	4493	4	2	2	0.00	1
826	849	4143	4	1	3	-0.52	-1
826	850	4045	4	1	3	-0.52	-1
826	851	3576	3	3	0	0.78	1
826	852	3273	3	2	1	0.26	1
826	853	2799	2	0	2	-0.52	-1
826	854	2465	2	2	0	0.52	1
826	855	1981	1	1	0	0.26	1
827	828	23220	13	4	9	-1.30	-1
827	829	17875	10	2	8	-1.56	-1
827	830	17386	9	3	6	-0.78	-1
827	831	23657	11	6	5	0.26	1
827	832	17273	8	2	6	-1.04	-1
827	833	17749	8	3	5	-0.52	-1
827	834	14774	7	3	4	-0.26	-1
827	835	20011	9	5	4	0.26	1
827	836	19976	9	7	2	1.30	1
827	837	19492	9	6	3	0.78	1
827	838	16725	8	4	4	0.00	1
827	839	17327	9	4	5	-0.26	-1
827	840	16414	9	4	5	-0.26	-1
827	841	13824	8	6	2	1.04	1
827	842	16030	9	2	7	-1.30	-1
827	843	14634	8	6	2	1.04	1
827	844	14523	8	5	3	0.52	1
827	845	15807	9	5	4	0.26	1
827	846	12834	8	1	7	-1.56	-1
827	847	14998	9	5	4	0.26	1
827	848	14803	9	4	5	-0.26	-1
827	849	14453	9	7	2	1.30	1
827	850	14355	9	5	4	0.26	1
827	851	13886	8	5	3	0.52	1
827	852	13583	8	0	8	-2.09	-1
827	853	13109	7	2	5	-0.78	-1
827	854	12775	7	4	3	0.26	1
827	855	12291	6	2	4	-0.52	-1
827	856	10011	4	4	0	1.04	1
827	857	9900	4	3	1	0.52	1
827	858	9595	4	2	2	0.00	1
827	859	9482	4	1	3	-0.52	-1
827	860	9450	4	3	1	0.52	1
827	861	8126	4	2	2	0.00	1
827	862	7923	4	1	3	-0.52	-1
827	863	7467	4	2	2	0.00	1
827	864	6850	4	3	1	0.52	1
827	865	5270	3	3	0	0.78	1
827	866	4944	3	1	2	-0.26	-1
827	867	4446	3	1	2	-0.26	-1
827	868	3751	2	1	1	0.00	1
827	869	3632	2	0	2	-0.52	-1
827	870	2242	1	1	0	0.26	1
827	871	2210	1	0	1	-0.26	-1
827	872	1526	1	1	0	0.26	1
828	829	17875	10	5	5	0.00	1
828	830	17386	9	7	2	1.30	1
828	831	21390	10	7	3	1.04	1
828	832	17273	8	5	3	0.52	1
828	833	17749	8	3	5	-0.52	-1
828	834	14774	7	5	2	0.78	1
828	835	17744	8	3	5	-0.52	-1
828	836	17709	8	4	4	0.00	1
828	837	17225	8	4	4	0.00	1
828	838	16504	8	5	3	0.52	1
828	839	15602	8	3	5	-0.52	-1
828	840	14147	8	3	5	-0.52	-1
828	841	13824	8	2	6	-1.04	-1
828	842	13763	8	6	2	1.04	1
828	843	13750	8	3	5	-0.52	-1
828	844	13609	8	3	5	-0.52	-1
828	845	13540	8	3	5	-0.52	-1
828	846	12834	8	5	3	0.52	1
828	847	12731	8	6	2	1.04	1
828	848	12536	8	6	2	1.04	1
828	849	12186	8	1	7	-1.56	-1
828	850	12088	8	4	4	0.00	1
828	851	11619	7	4	3	0.26	1
828	852	11316	7	2	5	-0.78	-1
828	853	10842	6	3	3	0.00	1
828	854	10508	6	4	2	0.52	1
828	855	10024	5	4	1	0.78	1
828	856	7744	3	2	1	0.26	1
828	857	7633	3	2	1	0.26	1
828	858	7328	3	1	2	-0.26	-1
828	859	7215	3	3	0	0.78	1
828	860	7183	3	0	3	-0.78	-1
828	861	5859	3	2	1	0.26	1
828	862	5656	3	3	0	0.78	1
828	863	5200	3	2	1	0.26	1
828	864	4583	3	2	1	0.26	1
828	865	3003	2	1	1	0.00	1
828	866	2677	2	2	0	0.52	1
828	867	2179	2	2	0	0.52	1
828	868	1484	1	0	1	-0.26	-1
828	869	1365	1	0	1	-0.26	-1
829	830	17296	9	2	7	-1.30	-1
829	831	16460	7	3	4	-0.26	-1
829	832	15174	7	5	2	0.78	1
829	833	14384	6	2	4	-0.52	-1
829	834	13823	6	2	4	-0.52	-1
829	835	12814	5	3	2	0.26	1
829	836	12779	5	2	3	-0.26	-1
829	837	12295	5	2	3	-0.26	-1
829	838	11574	5	3	2	0.26	1
829	839	10672	5	2	3	-0.26	-1
829	840	9217	5	0	5	-1.30	-1
829	841	9195	5	2	3	-0.26	-1
829	842	8833	5	1	4	-0.78	-1
829	843	8820	5	1	4	-0.78	-1
829	844	8679	5	2	3	-0.26	-1
829	845	8610	5	1	4	-0.78	-1
829	846	8449	5	4	1	0.78	1
829	847	7801	5	3	2	0.26	1
829	848	7606	5	2	3	-0.26	-1
829	849	7256	5	1	4	-0.78	-1
829	850	7158	5	2	3	-0.26	-1
829	851	6689	4	2	2	0.00	1
829	852	6386	4	2	2	0.00	1
829	853	5912	3	2	1	0.26	1
829	854	5578	3	3	0	0.78	1
829	855	5094	2	1	1	0.00	1
830	831	16550	7	4	3	0.26	1
830	832	15264	7	4	3	0.26	1
830	833	14474	6	4	2	0.52	1
830	834	13913	6	4	2	0.52	1
830	835	12904	5	2	3	-0.26	-1
830	836	12869	5	2	3	-0.26	-1
830	837	12385	5	3	2	0.26	1
830	838	11664	5	0	5	-1.30	-1
830	839	10762	5	3	2	0.26	1
830	840	9307	5	2	3	-0.26	-1
830	841	9285	5	3	2	0.26	1
830	842	8923	5	3	2	0.26	1
830	843	8910	5	2	3	-0.26	-1
830	844	8769	5	3	2	0.26	1
830	845	8700	5	2	3	-0.26	-1
830	846	8539	5	5	0	1.30	1
830	847	7891	5	4	1	0.78	1
830	848	7696	5	3	2	0.26	1
830	849	7346	5	3	2	0.26	1
830	850	7248	5	2	3	-0.26	-1
830	851	6779	4	3	1	0.52	1
830	852	6476	4	3	1	0.52	1
830	853	6002	3	2	1	0.26	1
830	854	5668	3	0	3	-0.78	-1
830	855	5184	2	1	1	0.00	1
831	832	17273	8	0	8	-2.09	-1
831	833	17749	8	1	7	-1.56	-1
831	834	14774	7	3	4	-0.26	-1
831	835	22071	11	2	9	-1.82	-1
831	836	22301	11	5	6	-0.26	-1
831	837	19800	9	3	6	-0.78	-1
831	838	16725	8	4	4	0.00	1
831	839	17327	9	4	5	-0.26	-1
831	840	18407	11	6	5	0.26	1
831	841	13824	8	5	3	0.52	1
831	842	19070	11	4	7	-0.78	-1
831	843	14634	8	3	5	-0.52	-1
831	844	14523	8	3	5	-0.52	-1
831	845	17889	11	6	5	0.26	1
831	846	12834	8	2	6	-1.04	-1
831	847	15589	10	6	4	0.52	1
831	848	17881	11	3	8	-1.30	-1
831	849	17531	11	7	4	0.78	1
831	850	17433	11	5	6	-0.26	-1
831	851	16964	10	6	4	0.52	1
831	852	16661	10	5	5	0.00	1
831	853	16187	9	4	5	-0.26	-1
831	854	15853	9	6	3	0.78	1
831	855	15369	8	5	3	0.52	1
831	856	13089	6	4	2	0.52	1
831	857	12978	6	1	5	-1.04	-1
831	858	12673	6	5	1	1.04	1
831	859	12560	6	2	4	-0.52	-1
831	860	12528	6	3	3	0.00	1
831	861	11204	6	4	2	0.52	1
831	862	11001	6	4	2	0.52	1
831	863	10545	6	4	2	0.52	1
831	864	9928	6	4	2	0.52	1
831	865	8348	5	1	4	-0.78	-1
831	866	8022	5	2	3	-0.26	-1
831	867	7524	5	1	4	-0.78	-1
831	868	6829	4	2	2	0.00	1
831	869	6710	4	2	2	0.00	1
831	870	5320	3	2	1	0.26	1
831	871	5288	3	2	1	0.26	1
831	872	4604	3	1	2	-0.26	-1
831	873	4350	2	1	1	0.00	1
831	874	3674	2	1	1	0.00	1
831	875	2484	1	0	1	-0.26	-1
831	876	2465	1	0	1	-0.26	-1
832	833	16483	7	2	5	-0.78	-1
832	834	14774	7	4	3	0.26	1
832	835	14913	6	4	2	0.52	1
832	836	14878	6	3	3	0.00	1
832	837	14394	6	6	0	1.56	1
832	838	13673	6	4	2	0.52	1
832	839	12771	6	3	3	0.00	1
832	840	11316	6	4	2	0.52	1
832	841	11294	6	4	2	0.52	1
832	842	10932	6	3	3	0.00	1
832	843	10919	6	2	4	-0.52	-1
832	844	10778	6	3	3	0.00	1
832	845	10709	6	4	2	0.52	1
832	846	10548	6	3	3	0.00	1
832	847	9900	6	4	2	0.52	1
832	848	9705	6	3	3	0.00	1
832	849	9355	6	4	2	0.52	1
832	850	9257	6	1	5	-1.04	-1
832	851	8788	5	3	2	0.26	1
832	852	8485	5	5	0	1.30	1
832	853	8011	4	2	2	0.00	1
832	854	7677	4	2	2	0.00	1
832	855	7193	3	1	2	-0.26	-1
832	856	4913	1	1	0	0.26	1
832	857	4802	1	1	0	0.26	1
832	858	4497	1	1	0	0.26	1
832	859	4384	1	1	0	0.26	1
832	860	4352	1	0	1	-0.26	-1
832	861	3028	1	0	1	-0.26	-1
832	862	2825	1	0	1	-0.26	-1
832	863	2369	1	1	0	0.26	1
832	864	1752	1	0	1	-0.26	-1
833	834	14774	7	3	4	-0.26	-1
833	835	16179	7	4	3	0.26	1
833	836	16144	7	3	4	-0.26	-1
833	837	15660	7	3	4	-0.26	-1
833	838	14939	7	4	3	0.26	1
833	839	14037	7	5	2	0.78	1
833	840	12582	7	0	7	-1.82	-1
833	841	12560	7	0	7	-1.82	-1
833	842	12198	7	4	3	0.26	1
833	843	12185	7	3	4	-0.26	-1
833	844	12044	7	5	2	0.78	1
833	845	11975	7	3	4	-0.26	-1
833	846	11814	7	3	4	-0.26	-1
833	847	11166	7	4	3	0.26	1
833	848	10971	7	7	0	1.82	1
833	849	10621	7	1	6	-1.30	-1
833	850	10523	7	4	3	0.26	1
833	851	10054	6	4	2	0.52	1
833	852	9751	6	4	2	0.52	1
833	853	9277	5	4	1	0.78	1
833	854	8943	5	2	3	-0.26	-1
833	855	8459	4	2	2	0.00	1
833	856	6179	2	2	0	0.52	1
833	857	6068	2	2	0	0.52	1
833	858	5763	2	2	0	0.52	1
833	859	5650	2	1	1	0.00	1
833	860	5618	2	1	1	0.00	1
833	861	4294	2	2	0	0.52	1
833	862	4091	2	1	1	0.00	1
833	863	3635	2	2	0	0.52	1
833	864	3018	2	1	1	0.00	1
833	865	1438	1	1	0	0.26	1
833	866	1112	1	0	1	-0.26	-1
833	867	614	1	0	1	-0.26	-1
834	835	13765	6	3	3	0.00	1
834	836	13730	6	4	2	0.52	1
834	837	13246	6	4	2	0.52	1
834	838	12525	6	5	1	1.04	1
834	839	11623	6	4	2	0.52	1
834	840	10168	6	3	3	0.00	1
834	841	10146	6	1	5	-1.04	-1
834	842	9784	6	3	3	0.00	1
834	843	9771	6	5	1	1.04	1
834	844	9630	6	1	5	-1.04	-1
834	845	9561	6	3	3	0.00	1
834	846	9400	6	3	3	0.00	1
834	847	8752	6	4	2	0.52	1
834	848	8557	6	3	3	0.00	1
834	849	8207	6	2	4	-0.52	-1
834	850	8109	6	2	4	-0.52	-1
834	851	7640	5	3	2	0.26	1
834	852	7337	5	2	3	-0.26	-1
834	853	6863	4	4	0	1.04	1
834	854	6529	4	2	2	0.00	1
834	855	6045	3	2	1	0.26	1
834	856	3765	1	0	1	-0.26	-1
834	857	3654	1	1	0	0.26	1
834	858	3349	1	1	0	0.26	1
834	859	3236	1	1	0	0.26	1
834	860	3204	1	1	0	0.26	1
834	861	1880	1	0	1	-0.26	-1
834	862	1677	1	0	1	-0.26	-1
834	863	1221	1	1	0	0.26	1
834	864	604	1	0	1	-0.26	-1
835	836	22036	11	3	8	-1.30	-1
835	837	19800	9	6	3	0.78	1
835	838	16725	8	5	3	0.52	1
835	839	17327	9	6	3	0.78	1
835	840	18407	11	4	7	-0.78	-1
835	841	13824	8	4	4	0.00	1
835	842	18090	11	9	2	1.82	1
835	843	14634	8	2	6	-1.04	-1
835	844	14523	8	3	5	-0.52	-1
835	845	17867	11	3	8	-1.30	-1
835	846	12834	8	4	4	0.00	1
835	847	15589	10	3	7	-1.04	-1
835	848	16863	11	8	3	1.30	1
835	849	16513	11	4	7	-0.78	-1
835	850	16415	11	6	5	0.26	1
835	851	15946	10	5	5	0.00	1
835	852	15643	10	2	8	-1.56	-1
835	853	15169	9	6	3	0.78	1
835	854	14835	9	6	3	0.78	1
835	855	14351	8	5	3	0.52	1
835	856	12071	6	3	3	0.00	1
835	857	11960	6	3	3	0.00	1
835	858	11655	6	1	5	-1.04	-1
835	859	11542	6	2	4	-0.52	-1
835	860	11510	6	0	6	-1.56	-1
835	861	10186	6	5	1	1.04	1
835	862	9983	6	3	3	0.00	1
835	863	9527	6	3	3	0.00	1
835	864	8910	6	2	4	-0.52	-1
835	865	7330	5	4	1	0.78	1
835	866	7004	5	4	1	0.78	1
835	867	6506	5	4	1	0.78	1
835	868	5811	4	2	2	0.00	1
835	869	5692	4	1	3	-0.52	-1
835	870	4302	3	2	1	0.26	1
835	871	4270	3	2	1	0.26	1
835	872	3586	3	1	2	-0.26	-1
835	873	3332	2	1	1	0.00	1
835	874	2656	2	0	2	-0.52	-1
835	875	1466	1	0	1	-0.26	-1
835	876	1447	1	0	1	-0.26	-1
836	837	19800	9	5	4	0.26	1
836	838	16725	8	5	3	0.52	1
836	839	17327	9	5	4	0.26	1
836	840	18407	11	6	5	0.26	1
836	841	13824	8	2	6	-1.04	-1
836	842	18355	11	5	6	-0.26	-1
836	843	14634	8	2	6	-1.04	-1
836	844	14523	8	5	3	0.52	1
836	845	17889	11	4	7	-0.78	-1
836	846	12834	8	4	4	0.00	1
836	847	15589	10	4	6	-0.52	-1
836	848	17128	11	5	6	-0.26	-1
836	849	16778	11	4	7	-0.78	-1
836	850	16680	11	5	6	-0.26	-1
836	851	16211	10	7	3	1.04	1
836	852	15908	10	3	7	-1.04	-1
836	853	15434	9	5	4	0.26	1
836	854	15100	9	5	4	0.26	1
836	855	14616	8	3	5	-0.52	-1
836	856	12336	6	3	3	0.00	1
836	857	12225	6	2	4	-0.52	-1
836	858	11920	6	3	3	0.00	1
836	859	11807	6	3	3	0.00	1
836	860	11775	6	2	4	-0.52	-1
836	861	10451	6	2	4	-0.52	-1
836	862	10248	6	5	1	1.04	1
836	863	9792	6	3	3	0.00	1
836	864	9175	6	5	1	1.04	1
836	865	7595	5	3	2	0.26	1
836	866	7269	5	2	3	-0.26	-1
836	867	6771	5	1	4	-0.78	-1
836	868	6076	4	3	1	0.52	1
836	869	5957	4	3	1	0.52	1
836	870	4567	3	2	1	0.26	1
836	871	4535	3	2	1	0.26	1
836	872	3851	3	2	1	0.26	1
836	873	3597	2	2	0	0.52	1
836	874	2921	2	2	0	0.52	1
836	875	1731	1	1	0	0.26	1
836	876	1712	1	0	1	-0.26	-1
837	838	16725	8	6	2	1.04	1
837	839	17327	9	6	3	0.78	1
837	840	16722	9	3	6	-0.78	-1
837	841	13824	8	4	4	0.00	1
837	842	16338	9	6	3	0.78	1
837	843	14634	8	2	6	-1.04	-1
837	844	14523	8	4	4	0.00	1
837	845	16115	9	3	6	-0.78	-1
837	846	12834	8	4	4	0.00	1
837	847	15306	9	6	3	0.78	1
837	848	15111	9	6	3	0.78	1
837	849	14761	9	5	4	0.26	1
837	850	14663	9	2	7	-1.30	-1
837	851	14194	8	5	3	0.52	1
837	852	13891	8	4	4	0.00	1
837	853	13417	7	3	4	-0.26	-1
837	854	13083	7	5	2	0.78	1
837	855	12599	6	2	4	-0.52	-1
837	856	10319	4	4	0	1.04	1
837	857	10208	4	0	4	-1.04	-1
837	858	9903	4	2	2	0.00	1
837	859	9790	4	1	3	-0.52	-1
837	860	9758	4	1	3	-0.52	-1
837	861	8434	4	1	3	-0.52	-1
837	862	8231	4	2	2	0.00	1
837	863	7775	4	2	2	0.00	1
837	864	7158	4	1	3	-0.52	-1
837	865	5578	3	2	1	0.26	1
837	866	5252	3	1	2	-0.26	-1
837	867	4754	3	1	2	-0.26	-1
837	868	4059	2	1	1	0.00	1
837	869	3940	2	1	1	0.00	1
837	870	2550	1	0	1	-0.26	-1
837	871	2518	1	0	1	-0.26	-1
837	872	1834	1	1	0	0.26	1
838	839	15823	8	4	4	0.00	1
838	840	14368	8	2	6	-1.04	-1
838	841	13824	8	3	5	-0.52	-1
838	842	13984	8	5	3	0.52	1
838	843	13971	8	4	4	0.00	1
838	844	13830	8	2	6	-1.04	-1
838	845	13761	8	4	4	0.00	1
838	846	12834	8	5	3	0.52	1
838	847	12952	8	1	7	-1.56	-1
838	848	12757	8	5	3	0.52	1
838	849	12407	8	5	3	0.52	1
838	850	12309	8	5	3	0.52	1
838	851	11840	7	6	1	1.30	1
838	852	11537	7	2	5	-0.78	-1
838	853	11063	6	3	3	0.00	1
838	854	10729	6	2	4	-0.52	-1
838	855	10245	5	4	1	0.78	1
838	856	7965	3	3	0	0.78	1
838	857	7854	3	2	1	0.26	1
838	858	7549	3	1	2	-0.26	-1
838	859	7436	3	3	0	0.78	1
838	860	7404	3	2	1	0.26	1
838	861	6080	3	2	1	0.26	1
838	862	5877	3	3	0	0.78	1
838	863	5421	3	1	2	-0.26	-1
838	864	4804	3	1	2	-0.26	-1
838	865	3224	2	1	1	0.00	1
838	866	2898	2	1	1	0.00	1
838	867	2400	2	0	2	-0.52	-1
838	868	1705	1	1	0	0.26	1
838	869	1586	1	1	0	0.26	1
839	840	15872	9	4	5	-0.26	-1
839	841	13824	8	2	6	-1.04	-1
839	842	15488	9	6	3	0.78	1
839	843	14634	8	4	4	0.00	1
839	844	14523	8	1	7	-1.56	-1
839	845	15265	9	4	5	-0.26	-1
839	846	12834	8	5	3	0.52	1
839	847	14456	9	6	3	0.78	1
839	848	14261	9	5	4	0.26	1
839	849	13911	9	3	6	-0.78	-1
839	850	13813	9	5	4	0.26	1
839	851	13344	8	3	5	-0.52	-1
839	852	13041	8	2	6	-1.04	-1
839	853	12567	7	2	5	-0.78	-1
839	854	12233	7	2	5	-0.78	-1
839	855	11749	6	2	4	-0.52	-1
839	856	9469	4	2	2	0.00	1
839	857	9358	4	1	3	-0.52	-1
839	858	9053	4	4	0	1.04	1
839	859	8940	4	2	2	0.00	1
839	860	8908	4	3	1	0.52	1
839	861	7584	4	1	3	-0.52	-1
839	862	7381	4	3	1	0.52	1
839	863	6925	4	3	1	0.52	1
839	864	6308	4	2	2	0.00	1
839	865	4728	3	1	2	-0.26	-1
839	866	4402	3	2	1	0.26	1
839	867	3904	3	2	1	0.26	1
839	868	3209	2	1	1	0.00	1
839	869	3090	2	1	1	0.00	1
839	870	1700	1	1	0	0.26	1
839	871	1668	1	0	1	-0.26	-1
839	872	984	1	1	0	0.26	1
840	841	13824	8	1	7	-1.56	-1
840	842	18023	11	2	9	-1.82	-1
840	843	14634	8	4	4	0.00	1
840	844	14523	8	4	4	0.00	1
840	845	17800	11	4	7	-0.78	-1
840	846	12834	8	3	5	-0.52	-1
840	847	15589	10	4	6	-0.52	-1
840	848	16796	11	5	6	-0.26	-1
840	849	16446	11	5	6	-0.26	-1
840	850	16348	11	6	5	0.26	1
840	851	15879	10	3	7	-1.04	-1
840	852	15576	10	7	3	1.04	1
840	853	15102	9	5	4	0.26	1
840	854	14768	9	5	4	0.26	1
840	855	14284	8	5	3	0.52	1
840	856	12004	6	2	4	-0.52	-1
840	857	11893	6	4	2	0.52	1
840	858	11588	6	3	3	0.00	1
840	859	11475	6	1	5	-1.04	-1
840	860	11443	6	1	5	-1.04	-1
840	861	10119	6	2	4	-0.52	-1
840	862	9916	6	4	2	0.52	1
840	863	9460	6	2	4	-0.52	-1
840	864	8843	6	4	2	0.52	1
840	865	7263	5	2	3	-0.26	-1
840	866	6937	5	2	3	-0.26	-1
840	867	6439	5	2	3	-0.26	-1
840	868	5744	4	1	3	-0.52	-1
840	869	5625	4	1	3	-0.52	-1
840	870	4235	3	0	3	-0.78	-1
840	871	4203	3	1	2	-0.26	-1
840	872	3519	3	3	0	0.78	1
840	873	3265	2	0	2	-0.52	-1
840	874	2589	2	2	0	0.52	1
840	875	1399	1	0	1	-0.26	-1
840	876	1380	1	1	0	0.26	1
841	842	13462	8	3	5	-0.52	-1
841	843	13449	8	5	3	0.52	1
841	844	13308	8	4	4	0.00	1
841	845	13239	8	2	6	-1.04	-1
841	846	12834	8	3	5	-0.52	-1
841	847	12430	8	3	5	-0.52	-1
841	848	12235	8	4	4	0.00	1
841	849	11885	8	6	2	1.04	1
841	850	11787	8	6	2	1.04	1
841	851	11318	7	4	3	0.26	1
841	852	11015	7	5	2	0.78	1
841	853	10541	6	2	4	-0.52	-1
841	854	10207	6	2	4	-0.52	-1
841	855	9723	5	3	2	0.26	1
841	856	7443	3	2	1	0.26	1
841	857	7332	3	2	1	0.26	1
841	858	7027	3	1	2	-0.26	-1
841	859	6914	3	0	3	-0.78	-1
841	860	6882	3	1	2	-0.26	-1
841	861	5558	3	2	1	0.26	1
841	862	5355	3	1	2	-0.26	-1
841	863	4899	3	1	2	-0.26	-1
841	864	4282	3	1	2	-0.26	-1
841	865	2702	2	0	2	-0.52	-1
841	866	2376	2	1	1	0.00	1
841	867	1878	2	2	0	0.52	1
841	868	1183	1	0	1	-0.26	-1
841	869	1064	1	0	1	-0.26	-1
842	843	14634	8	4	4	0.00	1
842	844	14523	8	1	7	-1.56	-1
842	845	17889	11	8	3	1.30	1
842	846	12834	8	2	6	-1.04	-1
842	847	15589	10	7	3	1.04	1
842	848	17843	11	6	5	0.26	1
842	849	17493	11	4	7	-0.78	-1
842	850	17395	11	7	4	0.78	1
842	851	16926	10	3	7	-1.04	-1
842	852	16623	10	6	4	0.52	1
842	853	16149	9	6	3	0.78	1
842	854	15815	9	3	6	-0.78	-1
842	855	15331	8	4	4	0.00	1
842	856	13051	6	2	4	-0.52	-1
842	857	12940	6	3	3	0.00	1
842	858	12635	6	1	5	-1.04	-1
842	859	12522	6	5	1	1.04	1
842	860	12490	6	3	3	0.00	1
842	861	11166	6	4	2	0.52	1
842	862	10963	6	1	5	-1.04	-1
842	863	10507	6	4	2	0.52	1
842	864	9890	6	0	6	-1.56	-1
842	865	8310	5	3	2	0.26	1
842	866	7984	5	4	1	0.78	1
842	867	7486	5	3	2	0.26	1
842	868	6791	4	2	2	0.00	1
842	869	6672	4	2	2	0.00	1
842	870	5282	3	1	2	-0.26	-1
842	871	5250	3	3	0	0.78	1
842	872	4566	3	1	2	-0.26	-1
842	873	4312	2	1	1	0.00	1
842	874	3636	2	1	1	0.00	1
842	875	2446	1	1	0	0.26	1
842	876	2427	1	0	1	-0.26	-1
843	844	14493	8	4	4	0.00	1
843	845	14424	8	2	6	-1.04	-1
843	846	12834	8	4	4	0.00	1
843	847	13615	8	6	2	1.04	1
843	848	13420	8	6	2	1.04	1
843	849	13070	8	4	4	0.00	1
843	850	12972	8	4	4	0.00	1
843	851	12503	7	3	4	-0.26	-1
843	852	12200	7	3	4	-0.26	-1
843	853	11726	6	3	3	0.00	1
843	854	11392	6	3	3	0.00	1
843	855	10908	5	3	2	0.26	1
843	856	8628	3	2	1	0.26	1
843	857	8517	3	1	2	-0.26	-1
843	858	8212	3	2	1	0.26	1
843	859	8099	3	2	1	0.26	1
843	860	8067	3	0	3	-0.78	-1
843	861	6743	3	1	2	-0.26	-1
843	862	6540	3	2	1	0.26	1
843	863	6084	3	0	3	-0.78	-1
843	864	5467	3	2	1	0.26	1
843	865	3887	2	1	1	0.00	1
843	866	3561	2	2	0	0.52	1
843	867	3063	2	0	2	-0.52	-1
843	868	2368	1	1	0	0.26	1
843	869	2249	1	1	0	0.26	1
844	845	14454	8	5	3	0.52	1
844	846	12834	8	3	5	-0.52	-1
844	847	13645	8	7	1	1.56	1
844	848	13450	8	1	7	-1.56	-1
844	849	13100	8	5	3	0.52	1
844	850	13002	8	4	4	0.00	1
844	851	12533	7	2	5	-0.78	-1
844	852	12230	7	3	4	-0.26	-1
844	853	11756	6	0	6	-1.56	-1
844	854	11422	6	3	3	0.00	1
844	855	10938	5	2	3	-0.26	-1
844	856	8658	3	2	1	0.26	1
844	857	8547	3	2	1	0.26	1
844	858	8242	3	0	3	-0.78	-1
844	859	8129	3	1	2	-0.26	-1
844	860	8097	3	0	3	-0.78	-1
844	861	6773	3	1	2	-0.26	-1
844	862	6570	3	2	1	0.26	1
844	863	6114	3	2	1	0.26	1
844	864	5497	3	2	1	0.26	1
844	865	3917	2	1	1	0.00	1
844	866	3591	2	1	1	0.00	1
844	867	3093	2	1	1	0.00	1
844	868	2398	1	1	0	0.26	1
844	869	2279	1	0	1	-0.26	-1
845	846	12834	8	1	7	-1.56	-1
845	847	15589	10	5	5	0.00	1
845	848	16885	11	7	4	0.78	1
845	849	16535	11	7	4	0.78	1
845	850	16437	11	6	5	0.26	1
845	851	15968	10	5	5	0.00	1
845	852	15665	10	6	4	0.52	1
845	853	15191	9	3	6	-0.78	-1
845	854	14857	9	4	5	-0.26	-1
845	855	14373	8	6	2	1.04	1
845	856	12093	6	3	3	0.00	1
845	857	11982	6	2	4	-0.52	-1
845	858	11677	6	3	3	0.00	1
845	859	11564	6	3	3	0.00	1
845	860	11532	6	4	2	0.52	1
845	861	10208	6	0	6	-1.56	-1
845	862	10005	6	4	2	0.52	1
845	863	9549	6	1	5	-1.04	-1
845	864	8932	6	2	4	-0.52	-1
845	865	7352	5	3	2	0.26	1
845	866	7026	5	5	0	1.30	1
845	867	6528	5	1	4	-0.78	-1
845	868	5833	4	0	4	-1.04	-1
845	869	5714	4	1	3	-0.52	-1
845	870	4324	3	1	2	-0.26	-1
845	871	4292	3	1	2	-0.26	-1
845	872	3608	3	0	3	-0.78	-1
845	873	3354	2	1	1	0.00	1
845	874	2678	2	1	1	0.00	1
845	875	1488	1	0	1	-0.26	-1
845	876	1469	1	0	1	-0.26	-1
846	847	12186	8	4	4	0.00	1
846	848	11991	8	4	4	0.00	1
846	849	11641	8	3	5	-0.52	-1
846	850	11543	8	6	2	1.04	1
846	851	11074	7	6	1	1.30	1
846	852	10771	7	5	2	0.78	1
846	853	10297	6	3	3	0.00	1
846	854	9963	6	3	3	0.00	1
846	855	9479	5	3	2	0.26	1
846	856	7199	3	2	1	0.26	1
846	857	7088	3	2	1	0.26	1
846	858	6783	3	3	0	0.78	1
846	859	6670	3	1	2	-0.26	-1
846	860	6638	3	1	2	-0.26	-1
846	861	5314	3	2	1	0.26	1
846	862	5111	3	1	2	-0.26	-1
846	863	4655	3	1	2	-0.26	-1
846	864	4038	3	2	1	0.26	1
846	865	2458	2	2	0	0.52	1
846	866	2132	2	2	0	0.52	1
846	867	1634	2	0	2	-0.52	-1
846	868	939	1	0	1	-0.26	-1
846	869	820	1	1	0	0.26	1
847	848	15394	10	2	8	-1.56	-1
847	849	15044	10	7	3	1.04	1
847	850	14946	10	6	4	0.52	1
847	851	14477	9	2	7	-1.30	-1
847	852	14174	9	4	5	-0.26	-1
847	853	13700	8	3	5	-0.52	-1
847	854	13366	8	6	2	1.04	1
847	855	12882	7	4	3	0.26	1
847	856	10602	5	4	1	0.78	1
847	857	10491	5	5	0	1.30	1
847	858	10186	5	3	2	0.26	1
847	859	10073	5	3	2	0.26	1
847	860	10041	5	2	3	-0.26	-1
847	861	8717	5	2	3	-0.26	-1
847	862	8514	5	3	2	0.26	1
847	863	8058	5	2	3	-0.26	-1
847	864	7441	5	3	2	0.26	1
847	865	5861	4	2	2	0.00	1
847	866	5535	4	3	1	0.52	1
847	867	5037	4	2	2	0.00	1
847	868	4342	3	2	1	0.26	1
847	869	4223	3	1	2	-0.26	-1
847	870	2833	2	1	1	0.00	1
847	871	2801	2	0	2	-0.52	-1
847	872	2117	2	1	1	0.00	1
847	873	1863	1	1	0	0.26	1
847	874	1187	1	0	1	-0.26	-1
848	849	17679	11	4	7	-0.78	-1
848	850	19656	13	5	8	-0.78	-1
848	851	19187	12	6	6	0.00	1
848	852	18844	12	10	2	2.09	1
848	853	16656	9	5	4	0.26	1
848	854	18076	11	2	9	-1.82	-1
848	855	16716	9	1	8	-1.82	-1
848	856	15312	8	6	2	1.04	1
848	857	15201	8	3	5	-0.52	-1
848	858	14896	8	3	5	-0.52	-1
848	859	14343	8	2	6	-1.04	-1
848	860	14751	8	5	3	0.52	1
848	861	13427	8	4	4	0.00	1
848	862	13224	8	3	5	-0.52	-1
848	863	12768	8	5	3	0.52	1
848	864	12151	8	3	5	-0.52	-1
848	865	10571	7	3	4	-0.26	-1
848	866	10245	7	5	2	0.78	1
848	867	9747	7	5	2	0.78	1
848	868	9052	6	3	3	0.00	1
848	869	8933	6	3	3	0.00	1
848	870	7543	5	4	1	0.78	1
848	871	7511	5	2	3	-0.26	-1
848	872	6827	5	3	2	0.26	1
848	873	6573	4	2	2	0.00	1
848	874	5897	4	2	2	0.00	1
848	875	4707	3	1	2	-0.26	-1
848	876	4688	3	2	1	0.26	1
848	877	3832	2	1	1	0.00	1
848	878	3747	2	2	0	0.52	1
848	879	2559	2	2	0	0.52	1
848	880	2481	2	1	1	0.00	1
848	881	2353	2	1	1	0.00	1
848	882	2178	2	1	1	0.00	1
848	883	2103	2	1	1	0.00	1
848	884	1778	2	0	2	-0.52	-1
848	885	1741	2	1	1	0.00	1
848	886	1053	1	0	1	-0.26	-1
848	887	846	1	1	0	0.26	1
849	850	17581	11	8	3	1.30	1
849	851	17112	10	5	5	0.00	1
849	852	16809	10	7	3	1.04	1
849	853	16335	9	3	6	-0.78	-1
849	854	16001	9	7	2	1.30	1
849	855	15517	8	4	4	0.00	1
849	856	13237	6	3	3	0.00	1
849	857	13126	6	3	3	0.00	1
849	858	12821	6	5	1	1.04	1
849	859	12708	6	4	2	0.52	1
849	860	12676	6	3	3	0.00	1
849	861	11352	6	3	3	0.00	1
849	862	11149	6	2	4	-0.52	-1
849	863	10693	6	4	2	0.52	1
849	864	10076	6	4	2	0.52	1
849	865	8496	5	4	1	0.78	1
849	866	8170	5	2	3	-0.26	-1
849	867	7672	5	3	2	0.26	1
849	868	6977	4	2	2	0.00	1
849	869	6858	4	4	0	1.04	1
849	870	5468	3	1	2	-0.26	-1
849	871	5436	3	2	1	0.26	1
849	872	4752	3	2	1	0.26	1
849	873	4498	2	1	1	0.00	1
849	874	3822	2	1	1	0.00	1
849	875	2632	1	1	0	0.26	1
849	876	2613	1	0	1	-0.26	-1
850	851	19912	12	6	6	0.00	1
850	852	18844	12	6	6	0.00	1
850	853	16656	9	4	5	-0.26	-1
850	854	18801	11	10	1	2.35	1
850	855	16716	9	7	2	1.30	1
850	856	16037	8	3	5	-0.52	-1
850	857	15926	8	1	7	-1.56	-1
850	858	15201	8	2	6	-1.04	-1
850	859	14343	8	3	5	-0.52	-1
850	860	15476	8	5	3	0.52	1
850	861	14152	8	5	3	0.52	1
850	862	13949	8	6	2	1.04	1
850	863	13493	8	3	5	-0.52	-1
850	864	12876	8	3	5	-0.52	-1
850	865	11296	7	3	4	-0.26	-1
850	866	10970	7	5	2	0.78	1
850	867	10472	7	6	1	1.30	1
850	868	9777	6	4	2	0.52	1
850	869	9658	6	2	4	-0.52	-1
850	870	8268	5	2	3	-0.26	-1
850	871	8236	5	3	2	0.26	1
850	872	7552	5	3	2	0.26	1
850	873	7298	4	1	3	-0.52	-1
850	874	6622	4	2	2	0.00	1
850	875	5432	3	2	1	0.26	1
850	876	5413	3	1	2	-0.26	-1
850	877	4557	2	0	2	-0.52	-1
850	878	4472	2	0	2	-0.52	-1
850	879	3284	2	1	1	0.00	1
850	880	3206	2	1	1	0.00	1
850	881	3078	2	1	1	0.00	1
850	882	2903	2	1	1	0.00	1
850	883	2828	2	0	2	-0.52	-1
850	884	2503	2	1	1	0.00	1
850	885	2466	2	1	1	0.00	1
850	886	1778	1	0	1	-0.26	-1
850	887	1571	1	1	0	0.26	1
851	852	18844	12	7	5	0.52	1
851	853	16656	9	8	1	1.82	1
851	854	19037	11	6	5	0.26	1
851	855	16716	9	3	6	-0.78	-1
851	856	16239	8	6	2	1.04	1
851	857	16162	8	6	2	1.04	1
851	858	15201	8	5	3	0.52	1
851	859	14343	8	3	5	-0.52	-1
851	860	15712	8	6	2	1.04	1
851	861	14388	8	4	4	0.00	1
851	862	14185	8	3	5	-0.52	-1
851	863	13729	8	5	3	0.52	1
851	864	13072	8	5	3	0.52	1
851	865	11532	7	6	1	1.30	1
851	866	11206	7	5	2	0.78	1
851	867	10708	7	2	5	-0.78	-1
851	868	10013	6	4	2	0.52	1
851	869	9894	6	2	4	-0.52	-1
851	870	8504	5	3	2	0.26	1
851	871	8472	5	5	0	1.30	1
851	872	7788	5	4	1	0.78	1
851	873	7534	4	3	1	0.52	1
851	874	6858	4	1	3	-0.52	-1
851	875	5668	3	3	0	0.78	1
851	876	5649	3	1	2	-0.26	-1
851	877	4793	2	1	1	0.00	1
851	878	4708	2	0	2	-0.52	-1
851	879	3520	2	1	1	0.00	1
851	880	3442	2	0	2	-0.52	-1
851	881	3314	2	1	1	0.00	1
851	882	3139	2	1	1	0.00	1
851	883	3064	2	2	0	0.52	1
851	884	2739	2	1	1	0.00	1
851	885	2702	2	1	1	0.00	1
851	886	2014	1	0	1	-0.26	-1
851	887	1807	1	1	0	0.26	1
852	853	16656	9	4	5	-0.26	-1
852	854	18036	11	7	4	0.78	1
852	855	16716	9	3	6	-0.78	-1
852	856	15272	8	2	6	-1.04	-1
852	857	15161	8	5	3	0.52	1
852	858	14856	8	6	2	1.04	1
852	859	14343	8	2	6	-1.04	-1
852	860	14711	8	2	6	-1.04	-1
852	861	13387	8	5	3	0.52	1
852	862	13184	8	5	3	0.52	1
852	863	12728	8	4	4	0.00	1
852	864	12111	8	6	2	1.04	1
852	865	10531	7	2	5	-0.78	-1
852	866	10205	7	3	4	-0.26	-1
852	867	9707	7	4	3	0.26	1
852	868	9012	6	2	4	-0.52	-1
852	869	8893	6	2	4	-0.52	-1
852	870	7503	5	2	3	-0.26	-1
852	871	7471	5	2	3	-0.26	-1
852	872	6787	5	1	4	-0.78	-1
852	873	6533	4	3	1	0.52	1
852	874	5857	4	2	2	0.00	1
852	875	4667	3	3	0	0.78	1
852	876	4648	3	2	1	0.26	1
852	877	3792	2	1	1	0.00	1
852	878	3707	2	0	2	-0.52	-1
852	879	2519	2	1	1	0.00	1
852	880	2441	2	1	1	0.00	1
852	881	2313	2	1	1	0.00	1
852	882	2138	2	1	1	0.00	1
852	883	2063	2	0	2	-0.52	-1
852	884	1738	2	1	1	0.00	1
852	885	1701	2	0	2	-0.52	-1
852	886	1013	1	0	1	-0.26	-1
852	887	806	1	0	1	-0.26	-1
853	854	16322	9	4	5	-0.26	-1
853	855	15838	8	2	6	-1.04	-1
853	856	13558	6	1	5	-1.04	-1
853	857	13447	6	2	4	-0.52	-1
853	858	13142	6	4	2	0.52	1
853	859	13029	6	3	3	0.00	1
853	860	12997	6	0	6	-1.56	-1
853	861	11673	6	3	3	0.00	1
853	862	11470	6	1	5	-1.04	-1
853	863	11014	6	3	3	0.00	1
853	864	10397	6	1	5	-1.04	-1
853	865	8817	5	3	2	0.26	1
853	866	8491	5	3	2	0.26	1
853	867	7993	5	3	2	0.26	1
853	868	7298	4	1	3	-0.52	-1
853	869	7179	4	2	2	0.00	1
853	870	5789	3	1	2	-0.26	-1
853	871	5757	3	1	2	-0.26	-1
853	872	5073	3	3	0	0.78	1
853	873	4819	2	1	1	0.00	1
853	874	4143	2	0	2	-0.52	-1
853	875	2953	1	1	0	0.26	1
853	876	2934	1	0	1	-0.26	-1
854	855	16716	9	3	6	-0.78	-1
854	856	16239	8	5	3	0.52	1
854	857	17723	10	3	7	-1.04	-1
854	858	15201	8	7	1	1.56	1
854	859	14343	8	3	5	-0.52	-1
854	860	23474	13	9	4	1.30	1
854	861	15926	10	4	6	-0.52	-1
854	862	19967	13	7	6	0.26	1
854	863	15799	10	4	6	-0.52	-1
854	864	13072	8	5	3	0.52	1
854	865	19489	12	5	7	-0.52	-1
854	866	14584	9	3	6	-0.78	-1
854	867	16082	12	5	7	-0.52	-1
854	868	17970	11	5	6	-0.26	-1
854	869	17851	11	4	7	-0.78	-1
854	870	16461	10	4	6	-0.52	-1
854	871	16429	10	6	4	0.52	1
854	872	14464	10	4	6	-0.52	-1
854	873	15491	9	4	5	-0.26	-1
854	874	14561	9	5	4	0.26	1
854	875	13625	8	1	7	-1.56	-1
854	876	13606	8	3	5	-0.52	-1
854	877	12750	7	6	1	1.30	1
854	878	12665	7	2	5	-0.78	-1
854	879	11477	7	3	4	-0.26	-1
854	880	11399	7	1	6	-1.30	-1
854	881	11271	7	4	3	0.26	1
854	882	11096	7	3	4	-0.26	-1
854	883	11021	7	3	4	-0.26	-1
854	884	10696	7	2	5	-0.78	-1
854	885	10659	7	2	5	-0.78	-1
854	886	9971	6	1	5	-1.04	-1
854	887	9764	6	4	2	0.52	1
854	888	9201	5	2	3	-0.26	-1
854	889	9197	5	4	1	0.78	1
854	890	8763	5	3	2	0.26	1
854	891	7885	5	4	1	0.78	1
854	892	7750	5	1	4	-0.78	-1
854	893	6920	4	1	3	-0.52	-1
854	894	6760	4	3	1	0.52	1
854	895	3838	3	1	2	-0.26	-1
854	896	3491	2	0	2	-0.52	-1
854	897	3410	2	1	1	0.00	1
854	898	3064	2	1	1	0.00	1
855	856	14436	7	3	4	-0.26	-1
855	857	14325	7	4	3	0.26	1
855	858	14020	7	1	6	-1.30	-1
855	859	13907	7	2	5	-0.78	-1
855	860	13875	7	3	4	-0.26	-1
855	861	12551	7	2	5	-0.78	-1
855	862	12348	7	3	4	-0.26	-1
855	863	11892	7	3	4	-0.26	-1
855	864	11275	7	4	3	0.26	1
855	865	9695	6	5	1	1.04	1
855	866	9369	6	1	5	-1.04	-1
855	867	8871	6	1	5	-1.04	-1
855	868	8176	5	1	4	-0.78	-1
855	869	8057	5	3	2	0.26	1
855	870	6667	4	2	2	0.00	1
855	871	6635	4	1	3	-0.52	-1
855	872	5951	4	2	2	0.00	1
855	873	5697	3	1	2	-0.26	-1
855	874	5021	3	2	1	0.26	1
855	875	3831	2	2	0	0.52	1
855	876	3812	2	2	0	0.52	1
855	877	2956	1	0	1	-0.26	-1
855	878	2871	1	1	0	0.26	1
855	879	1683	1	0	1	-0.26	-1
855	880	1605	1	0	1	-0.26	-1
855	881	1477	1	0	1	-0.26	-1
855	882	1302	1	1	0	0.26	1
855	883	1227	1	1	0	0.26	1
855	884	902	1	1	0	0.26	1
855	885	865	1	0	1	-0.26	-1
856	857	16128	8	3	5	-0.52	-1
856	858	15201	8	3	5	-0.52	-1
856	859	14343	8	3	5	-0.52	-1
856	860	15678	8	6	2	1.04	1
856	861	14354	8	2	6	-1.04	-1
856	862	14151	8	3	5	-0.52	-1
856	863	13695	8	6	2	1.04	1
856	864	13072	8	2	6	-1.04	-1
856	865	11498	7	4	3	0.26	1
856	866	11172	7	5	2	0.78	1
856	867	10674	7	3	4	-0.26	-1
856	868	9979	6	0	6	-1.56	-1
856	869	9860	6	2	4	-0.52	-1
856	870	8470	5	2	3	-0.26	-1
856	871	8438	5	1	4	-0.78	-1
856	872	7754	5	3	2	0.26	1
856	873	7500	4	3	1	0.52	1
856	874	6824	4	3	1	0.52	1
856	875	5634	3	2	1	0.26	1
856	876	5615	3	3	0	0.78	1
856	877	4759	2	0	2	-0.52	-1
856	878	4674	2	1	1	0.00	1
856	879	3486	2	1	1	0.00	1
856	880	3408	2	1	1	0.00	1
856	881	3280	2	1	1	0.00	1
856	882	3105	2	2	0	0.52	1
856	883	3030	2	1	1	0.00	1
856	884	2705	2	0	2	-0.52	-1
856	885	2668	2	1	1	0.00	1
856	886	1980	1	1	0	0.26	1
856	887	1773	1	0	1	-0.26	-1
857	858	15201	8	6	2	1.04	1
857	859	14343	8	1	7	-1.56	-1
857	860	17273	10	7	3	1.04	1
857	861	15926	10	6	4	0.52	1
857	862	15746	10	5	5	0.00	1
857	863	15290	10	4	6	-0.52	-1
857	864	13072	8	4	4	0.00	1
857	865	13093	9	3	6	-0.78	-1
857	866	12767	9	5	4	0.26	1
857	867	12269	9	6	3	0.78	1
857	868	11574	8	4	4	0.00	1
857	869	11455	8	2	6	-1.04	-1
857	870	10065	7	3	4	-0.26	-1
857	871	10033	7	4	3	0.26	1
857	872	9349	7	3	4	-0.26	-1
857	873	9095	6	2	4	-0.52	-1
857	874	8419	6	2	4	-0.52	-1
857	875	7229	5	3	2	0.26	1
857	876	7210	5	2	3	-0.26	-1
857	877	6354	4	3	1	0.52	1
857	878	6269	4	1	3	-0.52	-1
857	879	5081	4	3	1	0.52	1
857	880	5003	4	1	3	-0.52	-1
857	881	4875	4	3	1	0.52	1
857	882	4700	4	0	4	-1.04	-1
857	883	4625	4	1	3	-0.52	-1
857	884	4300	4	2	2	0.00	1
857	885	4263	4	2	2	0.00	1
857	886	3575	3	1	2	-0.26	-1
857	887	3368	3	2	1	0.26	1
857	888	2805	2	1	1	0.00	1
857	889	2801	2	0	2	-0.52	-1
857	890	2367	2	0	2	-0.52	-1
857	891	1489	2	2	0	0.52	1
857	892	1354	2	2	0	0.52	1
857	893	524	1	1	0	0.26	1
857	894	364	1	0	1	-0.26	-1
858	859	14343	8	3	5	-0.52	-1
858	860	15056	8	5	3	0.52	1
858	861	13732	8	6	2	1.04	1
858	862	13529	8	3	5	-0.52	-1
858	863	13073	8	6	2	1.04	1
858	864	12456	8	4	4	0.00	1
858	865	10876	7	3	4	-0.26	-1
858	866	10550	7	2	5	-0.78	-1
858	867	10052	7	3	4	-0.26	-1
858	868	9357	6	3	3	0.00	1
858	869	9238	6	2	4	-0.52	-1
858	870	7848	5	2	3	-0.26	-1
858	871	7816	5	2	3	-0.26	-1
858	872	7132	5	1	4	-0.78	-1
858	873	6878	4	4	0	1.04	1
858	874	6202	4	2	2	0.00	1
858	875	5012	3	2	1	0.26	1
858	876	4993	3	3	0	0.78	1
858	877	4137	2	2	0	0.52	1
858	878	4052	2	1	1	0.00	1
858	879	2864	2	1	1	0.00	1
858	880	2786	2	0	2	-0.52	-1
858	881	2658	2	1	1	0.00	1
858	882	2483	2	1	1	0.00	1
858	883	2408	2	2	0	0.52	1
858	884	2083	2	0	2	-0.52	-1
858	885	2046	2	2	0	0.52	1
858	886	1358	1	1	0	0.26	1
858	887	1151	1	0	1	-0.26	-1
859	860	14311	8	5	3	0.52	1
859	861	12987	8	6	2	1.04	1
859	862	12784	8	1	7	-1.56	-1
859	863	12328	8	7	1	1.56	1
859	864	11711	8	5	3	0.52	1
859	865	10131	7	2	5	-0.78	-1
859	866	9805	7	4	3	0.26	1
859	867	9307	7	4	3	0.26	1
859	868	8612	6	2	4	-0.52	-1
859	869	8493	6	2	4	-0.52	-1
859	870	7103	5	3	2	0.26	1
859	871	7071	5	1	4	-0.78	-1
859	872	6387	5	0	5	-1.30	-1
859	873	6133	4	2	2	0.00	1
859	874	5457	4	2	2	0.00	1
859	875	4267	3	1	2	-0.26	-1
859	876	4248	3	3	0	0.78	1
859	877	3392	2	1	1	0.00	1
859	878	3307	2	2	0	0.52	1
859	879	2119	2	0	2	-0.52	-1
859	880	2041	2	1	1	0.00	1
859	881	1913	2	1	1	0.00	1
859	882	1738	2	0	2	-0.52	-1
859	883	1663	2	2	0	0.52	1
859	884	1338	2	1	1	0.00	1
859	885	1301	2	2	0	0.52	1
859	886	613	1	0	1	-0.26	-1
859	887	406	1	0	1	-0.26	-1
860	861	15926	10	6	4	0.52	1
860	862	19967	13	6	7	-0.26	-1
860	863	15799	10	6	4	0.52	1
860	864	13072	8	1	7	-1.56	-1
860	865	19294	12	8	4	1.04	1
860	866	14584	9	6	3	0.78	1
860	867	16082	12	4	8	-1.04	-1
860	868	17775	11	5	6	-0.26	-1
860	869	17656	11	7	4	0.78	1
860	870	16266	10	6	4	0.52	1
860	871	16234	10	5	5	0.00	1
860	872	14464	10	4	6	-0.52	-1
860	873	15296	9	5	4	0.26	1
860	874	14561	9	4	5	-0.26	-1
860	875	13430	8	5	3	0.52	1
860	876	13411	8	5	3	0.52	1
860	877	12555	7	3	4	-0.26	-1
860	878	12470	7	4	3	0.26	1
860	879	11282	7	3	4	-0.26	-1
860	880	11204	7	3	4	-0.26	-1
860	881	11076	7	4	3	0.26	1
860	882	10901	7	2	5	-0.78	-1
860	883	10826	7	3	4	-0.26	-1
860	884	10501	7	5	2	0.78	1
860	885	10464	7	1	6	-1.30	-1
860	886	9776	6	3	3	0.00	1
860	887	9569	6	2	4	-0.52	-1
860	888	9006	5	4	1	0.78	1
860	889	9002	5	3	2	0.26	1
860	890	8568	5	3	2	0.26	1
860	891	7690	5	4	1	0.78	1
860	892	7555	5	1	4	-0.78	-1
860	893	6725	4	2	2	0.00	1
860	894	6565	4	1	3	-0.52	-1
860	895	3643	3	2	1	0.26	1
860	896	3296	2	1	1	0.00	1
860	897	3215	2	2	0	0.52	1
860	898	2869	2	2	0	0.52	1
861	862	15723	10	6	4	0.52	1
861	863	15267	10	4	6	-0.52	-1
861	864	13072	8	4	4	0.00	1
861	865	13070	9	5	4	0.26	1
861	866	12744	9	6	3	0.78	1
861	867	12246	9	3	6	-0.78	-1
861	868	11551	8	8	0	2.09	1
861	869	11432	8	5	3	0.52	1
861	870	10042	7	3	4	-0.26	-1
861	871	10010	7	7	0	1.82	1
861	872	9326	7	4	3	0.26	1
861	873	9072	6	2	4	-0.52	-1
861	874	8396	6	3	3	0.00	1
861	875	7206	5	2	3	-0.26	-1
861	876	7187	5	1	4	-0.78	-1
861	877	6331	4	3	1	0.52	1
861	878	6246	4	2	2	0.00	1
861	879	5058	4	2	2	0.00	1
861	880	4980	4	2	2	0.00	1
861	881	4852	4	4	0	1.04	1
861	882	4677	4	1	3	-0.52	-1
861	883	4602	4	0	4	-1.04	-1
861	884	4277	4	2	2	0.00	1
861	885	4240	4	2	2	0.00	1
861	886	3552	3	3	0	0.78	1
861	887	3345	3	1	2	-0.26	-1
861	888	2782	2	1	1	0.00	1
861	889	2778	2	1	1	0.00	1
861	890	2344	2	2	0	0.52	1
861	891	1466	2	1	1	0.00	1
861	892	1331	2	2	0	0.52	1
861	893	501	1	0	1	-0.26	-1
861	894	341	1	1	0	0.26	1
862	863	15799	10	2	8	-1.56	-1
862	864	13072	8	4	4	0.00	1
862	865	17314	12	7	5	0.52	1
862	866	14584	9	1	8	-1.82	-1
862	867	16082	12	3	9	-1.56	-1
862	868	15795	11	5	6	-0.26	-1
862	869	15676	11	2	9	-1.82	-1
862	870	14286	10	6	4	0.52	1
862	871	14254	10	5	5	0.00	1
862	872	13570	10	6	4	0.52	1
862	873	13316	9	5	4	0.26	1
862	874	12640	9	6	3	0.78	1
862	875	11450	8	2	6	-1.04	-1
862	876	11431	8	4	4	0.00	1
862	877	10575	7	4	3	0.26	1
862	878	10490	7	2	5	-0.78	-1
862	879	9302	7	3	4	-0.26	-1
862	880	9224	7	2	5	-0.78	-1
862	881	9096	7	4	3	0.26	1
862	882	8921	7	2	5	-0.78	-1
862	883	8846	7	2	5	-0.78	-1
862	884	8521	7	5	2	0.78	1
862	885	8484	7	3	4	-0.26	-1
862	886	7796	6	4	2	0.52	1
862	887	7589	6	5	1	1.04	1
862	888	7026	5	0	5	-1.30	-1
862	889	7022	5	2	3	-0.26	-1
862	890	6588	5	3	2	0.26	1
862	891	5710	5	4	1	0.78	1
862	892	5575	5	3	2	0.26	1
862	893	4745	4	3	1	0.52	1
862	894	4585	4	2	2	0.00	1
862	895	1663	3	2	1	0.26	1
862	896	1316	2	0	2	-0.52	-1
862	897	1235	2	0	2	-0.52	-1
862	898	889	2	2	0	0.52	1
863	864	13072	8	5	3	0.52	1
863	865	13602	9	5	4	0.26	1
863	866	13276	9	6	3	0.78	1
863	867	12778	9	6	3	0.78	1
863	868	12083	8	4	4	0.00	1
863	869	11964	8	6	2	1.04	1
863	870	10574	7	3	4	-0.26	-1
863	871	10542	7	4	3	0.26	1
863	872	9858	7	2	5	-0.78	-1
863	873	9604	6	2	4	-0.52	-1
863	874	8928	6	3	3	0.00	1
863	875	7738	5	3	2	0.26	1
863	876	7719	5	5	0	1.30	1
863	877	6863	4	2	2	0.00	1
863	878	6778	4	2	2	0.00	1
863	879	5590	4	2	2	0.00	1
863	880	5512	4	3	1	0.52	1
863	881	5384	4	3	1	0.52	1
863	882	5209	4	4	0	1.04	1
863	883	5134	4	3	1	0.52	1
863	884	4809	4	4	0	1.04	1
863	885	4772	4	3	1	0.52	1
863	886	4084	3	1	2	-0.26	-1
863	887	3877	3	1	2	-0.26	-1
863	888	3314	2	0	2	-0.52	-1
863	889	3310	2	0	2	-0.52	-1
863	890	2876	2	1	1	0.00	1
863	891	1998	2	0	2	-0.52	-1
863	892	1863	2	0	2	-0.52	-1
863	893	1033	1	0	1	-0.26	-1
863	894	873	1	0	1	-0.26	-1
864	865	11492	7	3	4	-0.26	-1
864	866	11166	7	3	4	-0.26	-1
864	867	10668	7	2	5	-0.78	-1
864	868	9973	6	2	4	-0.52	-1
864	869	9854	6	3	3	0.00	1
864	870	8464	5	2	3	-0.26	-1
864	871	8432	5	2	3	-0.26	-1
864	872	7748	5	3	2	0.26	1
864	873	7494	4	2	2	0.00	1
864	874	6818	4	0	4	-1.04	-1
864	875	5628	3	0	3	-0.78	-1
864	876	5609	3	2	1	0.26	1
864	877	4753	2	1	1	0.00	1
864	878	4668	2	1	1	0.00	1
864	879	3480	2	1	1	0.00	1
864	880	3402	2	1	1	0.00	1
864	881	3274	2	1	1	0.00	1
864	882	3099	2	2	0	0.52	1
864	883	3024	2	1	1	0.00	1
864	884	2699	2	2	0	0.52	1
864	885	2662	2	1	1	0.00	1
864	886	1974	1	0	1	-0.26	-1
864	887	1767	1	0	1	-0.26	-1
865	866	14584	9	5	4	0.26	1
865	867	16082	12	5	7	-0.52	-1
865	868	18184	12	6	6	0.00	1
865	869	18996	14	9	5	1.04	1
865	870	19498	13	9	4	1.30	1
865	871	17533	13	8	5	0.78	1
865	872	14464	10	7	3	1.04	1
865	873	19184	12	8	4	1.04	1
865	874	14561	9	4	5	-0.26	-1
865	875	17318	11	6	5	0.26	1
865	876	14135	10	6	4	0.52	1
865	877	15847	10	4	6	-0.52	-1
865	878	16358	10	4	6	-0.52	-1
865	879	15170	10	6	4	0.52	1
865	880	14421	10	3	7	-1.04	-1
865	881	14964	10	5	5	0.00	1
865	882	14789	10	5	5	0.00	1
865	883	14714	10	5	5	0.00	1
865	884	14389	10	4	6	-0.52	-1
865	885	14352	10	3	7	-1.04	-1
865	886	13183	9	6	3	0.78	1
865	887	13457	9	4	5	-0.26	-1
865	888	12894	8	4	4	0.00	1
865	889	12022	8	1	7	-1.56	-1
865	890	12456	8	3	5	-0.52	-1
865	891	11578	8	4	4	0.00	1
865	892	11443	8	5	3	0.52	1
865	893	10613	7	2	5	-0.78	-1
865	894	10453	7	3	4	-0.26	-1
865	895	7531	6	2	4	-0.52	-1
865	896	7184	5	3	2	0.26	1
865	897	7103	5	3	2	0.26	1
865	898	6757	5	5	0	1.30	1
865	899	6580	3	2	1	0.26	1
865	900	6434	3	2	1	0.26	1
865	901	5427	3	1	2	-0.26	-1
865	902	4795	3	1	2	-0.26	-1
865	903	3449	2	2	0	0.52	1
866	867	14086	9	5	4	0.26	1
866	868	13391	8	5	3	0.52	1
866	869	13272	8	6	2	1.04	1
866	870	11882	7	3	4	-0.26	-1
866	871	11850	7	4	3	0.26	1
866	872	11166	7	4	3	0.26	1
866	873	10912	6	5	1	1.04	1
866	874	10236	6	1	5	-1.04	-1
866	875	9046	5	3	2	0.26	1
866	876	9027	5	1	4	-0.78	-1
866	877	8171	4	3	1	0.52	1
866	878	8086	4	0	4	-1.04	-1
866	879	6898	4	2	2	0.00	1
866	880	6820	4	3	1	0.52	1
866	881	6692	4	1	3	-0.52	-1
866	882	6517	4	2	2	0.00	1
866	883	6442	4	3	1	0.52	1
866	884	6117	4	0	4	-1.04	-1
866	885	6080	4	2	2	0.00	1
866	886	5392	3	3	0	0.78	1
866	887	5185	3	1	2	-0.26	-1
866	888	4622	2	2	0	0.52	1
866	889	4618	2	0	2	-0.52	-1
866	890	4184	2	2	0	0.52	1
866	891	3306	2	2	0	0.52	1
866	892	3171	2	1	1	0.00	1
866	893	2341	1	1	0	0.26	1
866	894	2181	1	0	1	-0.26	-1
867	868	15387	11	3	8	-1.30	-1
867	869	15268	11	8	3	1.30	1
867	870	13878	10	7	3	1.04	1
867	871	13846	10	6	4	0.52	1
867	872	13162	10	5	5	0.00	1
867	873	12908	9	6	3	0.78	1
867	874	12232	9	5	4	0.26	1
867	875	11042	8	6	2	1.04	1
867	876	11023	8	7	1	1.56	1
867	877	10167	7	3	4	-0.26	-1
867	878	10082	7	6	1	1.30	1
867	879	8894	7	3	4	-0.26	-1
867	880	8816	7	3	4	-0.26	-1
867	881	8688	7	4	3	0.26	1
867	882	8513	7	6	1	1.30	1
867	883	8438	7	5	2	0.78	1
867	884	8113	7	6	1	1.30	1
867	885	8076	7	4	3	0.26	1
867	886	7388	6	3	3	0.00	1
867	887	7181	6	3	3	0.00	1
867	888	6618	5	3	2	0.26	1
867	889	6614	5	2	3	-0.26	-1
867	890	6180	5	3	2	0.26	1
867	891	5302	5	1	4	-0.78	-1
867	892	5167	5	1	4	-0.78	-1
867	893	4337	4	3	1	0.52	1
867	894	4177	4	1	3	-0.52	-1
867	895	1255	3	2	1	0.26	1
867	896	908	2	1	1	0.00	1
867	897	827	2	1	1	0.00	1
867	898	481	2	0	2	-0.52	-1
868	869	18065	12	6	6	0.00	1
868	870	16675	11	6	5	0.26	1
868	871	16643	11	9	2	1.82	1
868	872	14464	10	7	3	1.04	1
868	873	15705	10	7	3	1.04	1
868	874	14561	9	3	6	-0.78	-1
868	875	13839	9	5	4	0.26	1
868	876	13820	9	5	4	0.26	1
868	877	12964	8	5	3	0.52	1
868	878	12879	8	6	2	1.04	1
868	879	11691	8	4	4	0.00	1
868	880	11613	8	4	4	0.00	1
868	881	11485	8	4	4	0.00	1
868	882	11310	8	4	4	0.00	1
868	883	11235	8	6	2	1.04	1
868	884	10910	8	2	6	-1.04	-1
868	885	10873	8	4	4	0.00	1
868	886	10185	7	4	3	0.26	1
868	887	9978	7	2	5	-0.78	-1
868	888	9415	6	3	3	0.00	1
868	889	9411	6	5	1	1.04	1
868	890	8977	6	4	2	0.52	1
868	891	8099	6	4	2	0.52	1
868	892	7964	6	4	2	0.52	1
868	893	7134	5	3	2	0.26	1
868	894	6974	5	4	1	0.78	1
868	895	4052	4	2	2	0.00	1
868	896	3705	3	2	1	0.26	1
868	897	3624	3	1	2	-0.26	-1
868	898	3278	3	1	2	-0.26	-1
868	899	3101	1	1	0	0.26	1
868	900	2955	1	0	1	-0.26	-1
868	901	1948	1	0	1	-0.26	-1
868	902	1316	1	1	0	0.26	1
869	870	17606	13	4	9	-1.30	-1
869	871	17533	13	7	6	0.26	1
869	872	14464	10	6	4	0.52	1
869	873	16636	12	4	8	-1.04	-1
869	874	14561	9	4	5	-0.26	-1
869	875	14770	11	5	6	-0.26	-1
869	876	14135	10	6	4	0.52	1
869	877	13895	10	2	8	-1.56	-1
869	878	13810	10	7	3	1.04	1
869	879	12622	10	5	5	0.00	1
869	880	12544	10	3	7	-1.04	-1
869	881	12416	10	6	4	0.52	1
869	882	12241	10	6	4	0.52	1
869	883	12166	10	3	7	-1.04	-1
869	884	11841	10	5	5	0.00	1
869	885	11804	10	7	3	1.04	1
869	886	11116	9	5	4	0.26	1
869	887	10909	9	5	4	0.26	1
869	888	10346	8	6	2	1.04	1
869	889	10342	8	5	3	0.52	1
869	890	9908	8	6	2	1.04	1
869	891	9030	8	3	5	-0.52	-1
869	892	8895	8	3	5	-0.52	-1
869	893	8065	7	3	4	-0.26	-1
869	894	7905	7	3	4	-0.26	-1
869	895	4983	6	3	3	0.00	1
869	896	4636	5	3	2	0.26	1
869	897	4555	5	3	2	0.26	1
869	898	4209	5	2	3	-0.26	-1
869	899	4032	3	1	2	-0.26	-1
869	900	3886	3	2	1	0.26	1
869	901	2879	3	1	2	-0.26	-1
869	902	2247	3	1	2	-0.26	-1
869	903	901	2	1	1	0.00	1
870	871	17533	13	8	5	0.78	1
870	872	14464	10	3	7	-1.04	-1
870	873	18528	12	5	7	-0.52	-1
870	874	14561	9	2	7	-1.30	-1
870	875	16662	11	7	4	0.78	1
870	876	14135	10	5	5	0.00	1
870	877	15787	10	6	4	0.52	1
870	878	15702	10	8	2	1.56	1
870	879	14514	10	7	3	1.04	1
870	880	14421	10	3	7	-1.04	-1
870	881	14308	10	5	5	0.00	1
870	882	14133	10	6	4	0.52	1
870	883	14058	10	6	4	0.52	1
870	884	13733	10	2	8	-1.56	-1
870	885	13696	10	5	5	0.00	1
870	886	13008	9	7	2	1.30	1
870	887	12801	9	5	4	0.26	1
870	888	12238	8	4	4	0.00	1
870	889	12022	8	5	3	0.52	1
870	890	11800	8	5	3	0.52	1
870	891	10922	8	6	2	1.04	1
870	892	10787	8	4	4	0.00	1
870	893	9957	7	4	3	0.26	1
870	894	9797	7	3	4	-0.26	-1
870	895	6875	6	2	4	-0.52	-1
870	896	6528	5	3	2	0.26	1
870	897	6447	5	1	4	-0.78	-1
870	898	6101	5	1	4	-0.78	-1
870	899	5924	3	1	2	-0.26	-1
870	900	5778	3	3	0	0.78	1
870	901	4771	3	1	2	-0.26	-1
870	902	4139	3	3	0	0.78	1
870	903	2793	2	1	1	0.00	1
871	872	14464	10	6	4	0.52	1
871	873	16595	12	9	3	1.56	1
871	874	14561	9	3	6	-0.78	-1
871	875	14729	11	7	4	0.78	1
871	876	14135	10	3	7	-1.04	-1
871	877	13854	10	3	7	-1.04	-1
871	878	13769	10	7	3	1.04	1
871	879	12581	10	9	1	2.09	1
871	880	12503	10	5	5	0.00	1
871	881	12375	10	4	6	-0.52	-1
871	882	12200	10	7	3	1.04	1
871	883	12125	10	6	4	0.52	1
871	884	11800	10	4	6	-0.52	-1
871	885	11763	10	5	5	0.00	1
871	886	11075	9	7	2	1.30	1
871	887	10868	9	3	6	-0.78	-1
871	888	10305	8	4	4	0.00	1
871	889	10301	8	4	4	0.00	1
871	890	9867	8	5	3	0.52	1
871	891	8989	8	2	6	-1.04	-1
871	892	8854	8	2	6	-1.04	-1
871	893	8024	7	3	4	-0.26	-1
871	894	7864	7	3	4	-0.26	-1
871	895	4942	6	3	3	0.00	1
871	896	4595	5	3	2	0.26	1
871	897	4514	5	3	2	0.26	1
871	898	4168	5	3	2	0.26	1
871	899	3991	3	2	1	0.26	1
871	900	3845	3	1	2	-0.26	-1
871	901	2838	3	1	2	-0.26	-1
871	902	2206	3	2	1	0.26	1
871	903	860	2	0	2	-0.52	-1
872	873	14210	9	5	4	0.26	1
872	874	13534	9	7	2	1.30	1
872	875	12344	8	1	7	-1.56	-1
872	876	12325	8	7	1	1.56	1
872	877	11469	7	4	3	0.26	1
872	878	11384	7	3	4	-0.26	-1
872	879	10196	7	3	4	-0.26	-1
872	880	10118	7	2	5	-0.78	-1
872	881	9990	7	5	2	0.78	1
872	882	9815	7	3	4	-0.26	-1
872	883	9740	7	5	2	0.78	1
872	884	9415	7	4	3	0.26	1
872	885	9378	7	4	3	0.26	1
872	886	8690	6	2	4	-0.52	-1
872	887	8483	6	4	2	0.52	1
872	888	7920	5	2	3	-0.26	-1
872	889	7916	5	2	3	-0.26	-1
872	890	7482	5	2	3	-0.26	-1
872	891	6604	5	2	3	-0.26	-1
872	892	6469	5	4	1	0.78	1
872	893	5639	4	4	0	1.04	1
872	894	5479	4	3	1	0.52	1
872	895	2557	3	1	2	-0.26	-1
872	896	2210	2	1	1	0.00	1
872	897	2129	2	2	0	0.52	1
872	898	1783	2	2	0	0.52	1
873	874	14561	9	6	3	0.78	1
873	875	19015	12	5	7	-0.52	-1
873	876	14135	10	3	7	-1.04	-1
873	877	15847	10	5	5	0.00	1
873	878	18055	11	7	4	0.78	1
873	879	16867	11	4	7	-0.78	-1
873	880	14421	10	3	7	-1.04	-1
873	881	16661	11	4	7	-0.78	-1
873	882	16486	11	7	4	0.78	1
873	883	16411	11	8	3	1.30	1
873	884	16086	11	8	3	1.30	1
873	885	16049	11	6	5	0.26	1
873	886	13183	9	6	3	0.78	1
873	887	15154	10	5	5	0.00	1
873	888	14591	9	7	2	1.30	1
873	889	12022	8	2	6	-1.04	-1
873	890	14153	9	5	4	0.26	1
873	891	13275	9	3	6	-0.78	-1
873	892	13140	9	3	6	-0.78	-1
873	893	12310	8	3	5	-0.52	-1
873	894	12150	8	3	5	-0.52	-1
873	895	9228	7	5	2	0.78	1
873	896	8881	6	1	5	-1.04	-1
873	897	8800	6	1	5	-1.04	-1
873	898	8454	6	4	2	0.52	1
873	899	8277	4	3	1	0.52	1
873	900	8131	4	3	1	0.52	1
873	901	7124	4	1	3	-0.52	-1
873	902	6492	4	3	1	0.52	1
873	903	5146	3	2	1	0.26	1
873	904	4302	1	1	0	0.26	1
873	905	3037	1	0	1	-0.26	-1
873	906	1740	1	1	0	0.26	1
873	907	1135	1	1	0	0.26	1
874	875	13371	8	3	5	-0.52	-1
874	876	13352	8	4	4	0.00	1
874	877	12496	7	3	4	-0.26	-1
874	878	12411	7	4	3	0.26	1
874	879	11223	7	3	4	-0.26	-1
874	880	11145	7	5	2	0.78	1
874	881	11017	7	5	2	0.78	1
874	882	10842	7	3	4	-0.26	-1
874	883	10767	7	2	5	-0.78	-1
874	884	10442	7	4	3	0.26	1
874	885	10405	7	2	5	-0.78	-1
874	886	9717	6	3	3	0.00	1
874	887	9510	6	2	4	-0.52	-1
874	888	8947	5	2	3	-0.26	-1
874	889	8943	5	3	2	0.26	1
874	890	8509	5	4	1	0.78	1
874	891	7631	5	4	1	0.78	1
874	892	7496	5	2	3	-0.26	-1
874	893	6666	4	1	3	-0.52	-1
874	894	6506	4	2	2	0.00	1
874	895	3584	3	2	1	0.26	1
874	896	3237	2	2	0	0.52	1
874	897	3156	2	0	2	-0.52	-1
874	898	2810	2	0	2	-0.52	-1
875	876	14135	10	7	3	1.04	1
875	877	15847	10	6	4	0.52	1
875	878	18626	11	5	6	-0.26	-1
875	879	20412	12	9	3	1.56	1
875	880	14421	10	4	6	-0.52	-1
875	881	20206	12	3	9	-1.56	-1
875	882	20011	12	4	8	-1.04	-1
875	883	17399	11	5	6	-0.26	-1
875	884	19631	12	6	6	0.00	1
875	885	17732	11	3	8	-1.30	-1
875	886	13183	9	3	6	-0.78	-1
875	887	17382	10	3	7	-1.04	-1
875	888	17709	9	6	3	0.78	1
875	889	12022	8	3	5	-0.52	-1
875	890	14462	9	5	4	0.26	1
875	891	16355	9	6	3	0.78	1
875	892	16685	10	6	4	0.52	1
875	893	15855	9	4	5	-0.26	-1
875	894	15695	9	3	6	-0.78	-1
875	895	12773	8	5	3	0.52	1
875	896	12426	7	4	3	0.26	1
875	897	12345	7	2	5	-0.78	-1
875	898	11999	7	3	4	-0.26	-1
875	899	11822	5	1	4	-0.78	-1
875	900	11676	5	3	2	0.26	1
875	901	10669	5	3	2	0.26	1
875	902	10037	5	3	2	0.26	1
875	903	8691	4	3	1	0.52	1
875	904	7847	2	1	1	0.00	1
875	905	6582	2	0	2	-0.52	-1
875	906	5285	2	0	2	-0.52	-1
875	907	4680	2	1	1	0.00	1
875	908	4013	1	1	0	0.26	1
875	909	3257	1	1	0	0.26	1
875	910	2840	1	1	0	0.26	1
875	911	2524	1	1	0	0.26	1
875	912	2246	1	1	0	0.26	1
876	877	13279	9	3	6	-0.78	-1
876	878	13194	9	6	3	0.78	1
876	879	12006	9	5	4	0.26	1
876	880	11928	9	7	2	1.30	1
876	881	11800	9	6	3	0.78	1
876	882	11625	9	5	4	0.26	1
876	883	11550	9	7	2	1.30	1
876	884	11225	9	4	5	-0.26	-1
876	885	11188	9	7	2	1.30	1
876	886	10500	8	5	3	0.52	1
876	887	10293	8	6	2	1.04	1
876	888	9730	7	4	3	0.26	1
876	889	9726	7	4	3	0.26	1
876	890	9292	7	5	2	0.78	1
876	891	8414	7	3	4	-0.26	-1
876	892	8279	7	6	1	1.30	1
876	893	7449	6	1	5	-1.04	-1
876	894	7289	6	2	4	-0.52	-1
876	895	4367	5	4	1	0.78	1
876	896	4020	4	3	1	0.52	1
876	897	3939	4	2	2	0.00	1
876	898	3593	4	3	1	0.52	1
876	899	3416	2	1	1	0.00	1
876	900	3270	2	1	1	0.00	1
876	901	2263	2	1	1	0.00	1
876	902	1631	2	2	0	0.52	1
876	903	285	1	0	1	-0.26	-1
877	878	15762	10	3	7	-1.04	-1
877	879	14574	10	1	9	-2.09	-1
877	880	14421	10	3	7	-1.04	-1
877	881	14368	10	5	5	0.00	1
877	882	14193	10	7	3	1.04	1
877	883	14118	10	5	5	0.00	1
877	884	13793	10	8	2	1.56	1
877	885	13756	10	3	7	-1.04	-1
877	886	13068	9	5	4	0.26	1
877	887	12861	9	8	1	1.82	1
877	888	12298	8	6	2	1.04	1
877	889	12022	8	5	3	0.52	1
877	890	11860	8	3	5	-0.52	-1
877	891	10982	8	5	3	0.52	1
877	892	10847	8	2	6	-1.04	-1
877	893	10017	7	3	4	-0.26	-1
877	894	9857	7	5	2	0.78	1
877	895	6935	6	3	3	0.00	1
877	896	6588	5	3	2	0.26	1
877	897	6507	5	1	4	-0.78	-1
877	898	6161	5	2	3	-0.26	-1
877	899	5984	3	3	0	0.78	1
877	900	5838	3	2	1	0.26	1
877	901	4831	3	1	2	-0.26	-1
877	902	4199	3	0	3	-0.78	-1
877	903	2853	2	2	0	0.52	1
878	879	17438	11	6	5	0.26	1
878	880	14421	10	3	7	-1.04	-1
878	881	17232	11	6	5	0.26	1
878	882	17057	11	5	6	-0.26	-1
878	883	16982	11	8	3	1.30	1
878	884	16657	11	9	2	1.82	1
878	885	16620	11	6	5	0.26	1
878	886	13183	9	4	5	-0.26	-1
878	887	15725	10	6	4	0.52	1
878	888	15162	9	7	2	1.30	1
878	889	12022	8	3	5	-0.52	-1
878	890	14462	9	4	5	-0.26	-1
878	891	13846	9	7	2	1.30	1
878	892	13711	9	3	6	-0.78	-1
878	893	12881	8	2	6	-1.04	-1
878	894	12721	8	3	5	-0.52	-1
878	895	9799	7	4	3	0.26	1
878	896	9452	6	4	2	0.52	1
878	897	9371	6	2	4	-0.52	-1
878	898	9025	6	2	4	-0.52	-1
878	899	8848	4	2	2	0.00	1
878	900	8702	4	2	2	0.00	1
878	901	7695	4	2	2	0.00	1
878	902	7063	4	3	1	0.52	1
878	903	5717	3	1	2	-0.26	-1
878	904	4873	1	0	1	-0.26	-1
878	905	3608	1	1	0	0.26	1
878	906	2311	1	1	0	0.26	1
878	907	1706	1	1	0	0.26	1
879	880	14421	10	6	4	0.52	1
879	881	23174	14	5	9	-1.04	-1
879	882	20011	12	8	4	1.04	1
879	883	17399	11	5	6	-0.26	-1
879	884	22599	14	8	6	0.52	1
879	885	17732	11	3	8	-1.30	-1
879	886	13183	9	6	3	0.78	1
879	887	17382	10	2	8	-1.56	-1
879	888	17709	9	5	4	0.26	1
879	889	12022	8	1	7	-1.56	-1
879	890	14462	9	2	7	-1.30	-1
879	891	16355	9	6	3	0.78	1
879	892	17261	10	5	5	0.00	1
879	893	17592	10	3	7	-1.04	-1
879	894	18663	11	6	5	0.26	1
879	895	15741	10	5	5	0.00	1
879	896	15394	9	8	1	1.82	1
879	897	15208	9	5	4	0.26	1
879	898	14967	9	2	7	-1.30	-1
879	899	14790	7	4	3	0.26	1
879	900	14644	7	2	5	-0.78	-1
879	901	11684	5	3	2	0.26	1
879	902	13005	7	3	4	-0.26	-1
879	903	11659	6	4	2	0.52	1
879	904	10815	4	1	3	-0.52	-1
879	905	9550	4	3	1	0.52	1
879	906	8253	4	3	1	0.52	1
879	907	7648	4	2	2	0.00	1
879	908	6981	3	2	1	0.26	1
879	909	6225	3	1	2	-0.26	-1
879	910	5808	3	0	3	-0.78	-1
879	911	5492	3	0	3	-0.78	-1
879	912	5214	3	1	2	-0.26	-1
879	913	2767	2	1	1	0.00	1
879	914	1349	1	0	1	-0.26	-1
879	915	1311	1	0	1	-0.26	-1
879	916	992	1	0	1	-0.26	-1
879	917	638	1	0	1	-0.26	-1
880	881	14293	10	3	7	-1.04	-1
880	882	14118	10	4	6	-0.52	-1
880	883	14043	10	3	7	-1.04	-1
880	884	13718	10	6	4	0.52	1
880	885	13681	10	5	5	0.00	1
880	886	12993	9	8	1	1.82	1
880	887	12786	9	1	8	-1.82	-1
880	888	12223	8	4	4	0.00	1
880	889	12022	8	6	2	1.04	1
880	890	11785	8	4	4	0.00	1
880	891	10907	8	3	5	-0.52	-1
880	892	10772	8	3	5	-0.52	-1
880	893	9942	7	4	3	0.26	1
880	894	9782	7	4	3	0.26	1
880	895	6860	6	1	5	-1.04	-1
880	896	6513	5	4	1	0.78	1
880	897	6432	5	3	2	0.26	1
880	898	6086	5	0	5	-1.30	-1
880	899	5909	3	2	1	0.26	1
880	900	5763	3	3	0	0.78	1
880	901	4756	3	1	2	-0.26	-1
880	902	4124	3	2	1	0.26	1
880	903	2778	2	1	1	0.00	1
881	882	20011	12	6	6	0.00	1
881	883	17399	11	4	7	-0.78	-1
881	884	24410	17	7	10	-0.78	-1
881	885	17732	11	6	5	0.26	1
881	886	13183	9	2	7	-1.30	-1
881	887	17382	10	5	5	0.00	1
881	888	17709	9	3	6	-0.78	-1
881	889	12022	8	5	3	0.52	1
881	890	14462	9	3	6	-0.78	-1
881	891	16355	9	6	3	0.78	1
881	892	17261	10	5	5	0.00	1
881	893	17592	10	4	6	-0.52	-1
881	894	19221	12	8	4	1.04	1
881	895	18680	14	4	10	-1.56	-1
881	896	15546	9	3	6	-0.78	-1
881	897	15208	9	4	5	-0.26	-1
881	898	17208	12	8	4	1.04	1
881	899	18744	11	6	5	0.26	1
881	900	18598	11	7	4	0.78	1
881	901	11684	5	4	1	0.78	1
881	902	16959	11	3	8	-1.30	-1
881	903	15613	10	6	4	0.52	1
881	904	14769	8	4	4	0.00	1
881	905	13504	8	3	5	-0.52	-1
881	906	12207	8	4	4	0.00	1
881	907	11602	8	4	4	0.00	1
881	908	10935	7	2	5	-0.78	-1
881	909	10179	7	6	1	1.30	1
881	910	9762	7	3	4	-0.26	-1
881	911	9446	7	1	6	-1.30	-1
881	912	9168	7	5	2	0.78	1
881	913	6721	6	4	2	0.52	1
881	914	5303	5	2	3	-0.26	-1
881	915	5265	5	2	3	-0.26	-1
881	916	4946	5	4	1	0.78	1
881	917	4592	5	1	4	-0.78	-1
881	918	3590	3	2	1	0.26	1
881	919	2254	1	1	0	0.26	1
882	883	17399	11	5	6	-0.26	-1
882	884	19611	12	4	8	-1.04	-1
882	885	17732	11	9	2	1.82	1
882	886	13183	9	8	1	1.82	1
882	887	17382	10	6	4	0.52	1
882	888	17709	9	8	1	1.82	1
882	889	12022	8	5	3	0.52	1
882	890	14462	9	7	2	1.30	1
882	891	16355	9	3	6	-0.78	-1
882	892	16665	10	2	8	-1.56	-1
882	893	15835	9	6	3	0.78	1
882	894	15675	9	4	5	-0.26	-1
882	895	12753	8	5	3	0.52	1
882	896	12406	7	4	3	0.26	1
882	897	12325	7	3	4	-0.26	-1
882	898	11979	7	6	1	1.30	1
882	899	11802	5	3	2	0.26	1
882	900	11656	5	3	2	0.26	1
882	901	10649	5	2	3	-0.26	-1
882	902	10017	5	2	3	-0.26	-1
882	903	8671	4	4	0	1.04	1
882	904	7827	2	1	1	0.00	1
882	905	6562	2	2	0	0.52	1
882	906	5265	2	2	0	0.52	1
882	907	4660	2	2	0	0.52	1
882	908	3993	1	1	0	0.26	1
882	909	3237	1	0	1	-0.26	-1
882	910	2820	1	1	0	0.26	1
882	911	2504	1	1	0	0.26	1
882	912	2226	1	1	0	0.26	1
883	884	17074	11	1	10	-2.35	-1
883	885	17037	11	3	8	-1.30	-1
883	886	13183	9	5	4	0.26	1
883	887	16142	10	3	7	-1.04	-1
883	888	15579	9	6	3	0.78	1
883	889	12022	8	5	3	0.52	1
883	890	14462	9	2	7	-1.30	-1
883	891	14263	9	2	7	-1.30	-1
883	892	14128	9	2	7	-1.30	-1
883	893	13298	8	4	4	0.00	1
883	894	13138	8	4	4	0.00	1
883	895	10216	7	7	0	1.82	1
883	896	9869	6	1	5	-1.04	-1
883	897	9788	6	3	3	0.00	1
883	898	9442	6	3	3	0.00	1
883	899	9265	4	3	1	0.52	1
883	900	9119	4	1	3	-0.52	-1
883	901	8112	4	2	2	0.00	1
883	902	7480	4	2	2	0.00	1
883	903	6134	3	3	0	0.78	1
883	904	5290	1	0	1	-0.26	-1
883	905	4025	1	0	1	-0.26	-1
883	906	2728	1	0	1	-0.26	-1
883	907	2123	1	1	0	0.26	1
884	885	17732	11	7	4	0.78	1
884	886	13183	9	3	6	-0.78	-1
884	887	17382	10	9	1	2.09	1
884	888	17709	9	3	6	-0.78	-1
884	889	12022	8	6	2	1.04	1
884	890	14462	9	4	5	-0.26	-1
884	891	16355	9	4	5	-0.26	-1
884	892	17261	10	4	6	-0.52	-1
884	893	17592	10	5	5	0.00	1
884	894	19221	12	4	8	-1.04	-1
884	895	17552	13	7	6	0.26	1
884	896	15546	9	1	8	-1.82	-1
884	897	15208	9	5	4	0.26	1
884	898	16778	12	8	4	1.04	1
884	899	16601	10	6	4	0.52	1
884	900	16455	10	4	6	-0.52	-1
884	901	11684	5	3	2	0.26	1
884	902	14816	10	5	5	0.00	1
884	903	13470	9	5	4	0.26	1
884	904	12626	7	5	2	0.78	1
884	905	11361	7	1	6	-1.30	-1
884	906	10064	7	4	3	0.26	1
884	907	9459	7	3	4	-0.26	-1
884	908	8792	6	1	5	-1.04	-1
884	909	8036	6	2	4	-0.52	-1
884	910	7619	6	4	2	0.52	1
884	911	7303	6	0	6	-1.56	-1
884	912	7025	6	3	3	0.00	1
884	913	4578	5	1	4	-0.78	-1
884	914	3160	4	4	0	1.04	1
884	915	3122	4	3	1	0.52	1
884	916	2803	4	2	2	0.00	1
884	917	2449	4	1	3	-0.52	-1
884	918	1447	2	1	1	0.00	1
885	886	13183	9	4	5	-0.26	-1
885	887	16837	10	4	6	-0.52	-1
885	888	16274	9	6	3	0.78	1
885	889	12022	8	4	4	0.00	1
885	890	14462	9	6	3	0.78	1
885	891	14958	9	3	6	-0.78	-1
885	892	14823	9	7	2	1.30	1
885	893	13993	8	5	3	0.52	1
885	894	13833	8	2	6	-1.04	-1
885	895	10911	7	4	3	0.26	1
885	896	10564	6	4	2	0.52	1
885	897	10483	6	3	3	0.00	1
885	898	10137	6	3	3	0.00	1
885	899	9960	4	2	2	0.00	1
885	900	9814	4	1	3	-0.52	-1
885	901	8807	4	2	2	0.00	1
885	902	8175	4	1	3	-0.52	-1
885	903	6829	3	2	1	0.26	1
885	904	5985	1	1	0	0.26	1
885	905	4720	1	0	1	-0.26	-1
885	906	3423	1	1	0	0.26	1
885	907	2818	1	1	0	0.26	1
886	887	12976	9	5	4	0.26	1
886	888	12413	8	1	7	-1.56	-1
886	889	12022	8	2	6	-1.04	-1
886	890	11975	8	5	3	0.52	1
886	891	11097	8	7	1	1.56	1
886	892	10962	8	2	6	-1.04	-1
886	893	10132	7	3	4	-0.26	-1
886	894	9972	7	4	3	0.26	1
886	895	7050	6	3	3	0.00	1
886	896	6703	5	2	3	-0.26	-1
886	897	6622	5	1	4	-0.78	-1
886	898	6276	5	0	5	-1.30	-1
886	899	6099	3	1	2	-0.26	-1
886	900	5953	3	1	2	-0.26	-1
886	901	4946	3	1	2	-0.26	-1
886	902	4314	3	1	2	-0.26	-1
886	903	2968	2	1	1	0.00	1
887	888	16819	9	2	7	-1.30	-1
887	889	12022	8	3	5	-0.52	-1
887	890	14462	9	5	4	0.26	1
887	891	15503	9	4	5	-0.26	-1
887	892	15368	9	6	3	0.78	1
887	893	14538	8	2	6	-1.04	-1
887	894	14378	8	3	5	-0.52	-1
887	895	11456	7	5	2	0.78	1
887	896	11109	6	1	5	-1.04	-1
887	897	11028	6	2	4	-0.52	-1
887	898	10682	6	4	2	0.52	1
887	899	10505	4	2	2	0.00	1
887	900	10359	4	2	2	0.00	1
887	901	9352	4	3	1	0.52	1
887	902	8720	4	0	4	-1.04	-1
887	903	7374	3	1	2	-0.26	-1
887	904	6530	1	1	0	0.26	1
887	905	5265	1	0	1	-0.26	-1
887	906	3968	1	1	0	0.26	1
887	907	3363	1	1	0	0.26	1
888	889	12022	8	4	4	0.00	1
888	890	14462	9	8	1	1.82	1
888	891	16355	9	2	7	-1.30	-1
888	892	16258	9	5	4	0.26	1
888	893	15428	8	5	3	0.52	1
888	894	15268	8	4	4	0.00	1
888	895	12346	7	3	4	-0.26	-1
888	896	11999	6	3	3	0.00	1
888	897	11918	6	2	4	-0.52	-1
888	898	11572	6	3	3	0.00	1
888	899	11395	4	2	2	0.00	1
888	900	11249	4	2	2	0.00	1
888	901	10242	4	1	3	-0.52	-1
888	902	9610	4	3	1	0.52	1
888	903	8264	3	0	3	-0.78	-1
888	904	7420	1	1	0	0.26	1
888	905	6155	1	1	0	0.26	1
888	906	4858	1	0	1	-0.26	-1
888	907	4253	1	1	0	0.26	1
889	890	11588	8	2	6	-1.04	-1
889	891	10710	8	5	3	0.52	1
889	892	10575	8	5	3	0.52	1
889	893	9745	7	2	5	-0.78	-1
889	894	9585	7	4	3	0.26	1
889	895	6663	6	3	3	0.00	1
889	896	6316	5	2	3	-0.26	-1
889	897	6235	5	3	2	0.26	1
889	898	5889	5	2	3	-0.26	-1
889	899	5712	3	0	3	-0.78	-1
889	900	5566	3	1	2	-0.26	-1
889	901	4559	3	1	2	-0.26	-1
889	902	3927	3	2	1	0.26	1
889	903	2581	2	0	2	-0.52	-1
890	891	13584	9	5	4	0.26	1
890	892	13449	9	5	4	0.26	1
890	893	12619	8	6	2	1.04	1
890	894	12459	8	2	6	-1.04	-1
890	895	9537	7	4	3	0.26	1
890	896	9190	6	2	4	-0.52	-1
890	897	9109	6	5	1	1.04	1
890	898	8763	6	4	2	0.52	1
890	899	8586	4	2	2	0.00	1
890	900	8440	4	1	3	-0.52	-1
890	901	7433	4	1	3	-0.52	-1
890	902	6801	4	2	2	0.00	1
890	903	5455	3	2	1	0.26	1
890	904	4611	1	1	0	0.26	1
890	905	3346	1	0	1	-0.26	-1
890	906	2049	1	0	1	-0.26	-1
890	907	1444	1	1	0	0.26	1
891	892	16220	9	4	5	-0.26	-1
891	893	15390	8	2	6	-1.04	-1
891	894	15230	8	7	1	1.56	1
891	895	12308	7	3	4	-0.26	-1
891	896	11961	6	3	3	0.00	1
891	897	11880	6	3	3	0.00	1
891	898	11534	6	3	3	0.00	1
891	899	11357	4	1	3	-0.52	-1
891	900	11211	4	1	3	-0.52	-1
891	901	10204	4	3	1	0.52	1
891	902	9572	4	2	2	0.00	1
891	903	8226	3	1	2	-0.26	-1
891	904	7382	1	0	1	-0.26	-1
891	905	6117	1	0	1	-0.26	-1
891	906	4820	1	1	0	0.26	1
891	907	4215	1	1	0	0.26	1
892	893	16431	9	5	4	0.26	1
892	894	16271	9	5	4	0.26	1
892	895	13349	8	3	5	-0.52	-1
892	896	13002	7	2	5	-0.78	-1
892	897	12921	7	2	5	-0.78	-1
892	898	12575	7	5	2	0.78	1
892	899	12398	5	4	1	0.78	1
892	900	12252	5	1	4	-0.78	-1
892	901	11245	5	2	3	-0.26	-1
892	902	10613	5	2	3	-0.26	-1
892	903	9267	4	3	1	0.52	1
892	904	8423	2	2	0	0.52	1
892	905	7158	2	2	0	0.52	1
892	906	5861	2	2	0	0.52	1
892	907	5256	2	1	1	0.00	1
892	908	4589	1	0	1	-0.26	-1
892	909	3833	1	1	0	0.26	1
892	910	3416	1	0	1	-0.26	-1
892	911	3100	1	0	1	-0.26	-1
892	912	2822	1	0	1	-0.26	-1
893	894	17432	10	4	6	-0.52	-1
893	895	14510	9	6	3	0.78	1
893	896	14163	8	3	5	-0.52	-1
893	897	14082	8	2	6	-1.04	-1
893	898	13736	8	3	5	-0.52	-1
893	899	13559	6	3	3	0.00	1
893	900	13413	6	2	4	-0.52	-1
893	901	11684	5	2	3	-0.26	-1
893	902	11774	6	5	1	1.04	1
893	903	10428	5	3	2	0.26	1
893	904	9584	3	2	1	0.26	1
893	905	8319	3	3	0	0.78	1
893	906	7022	3	1	2	-0.26	-1
893	907	6417	3	0	3	-0.78	-1
893	908	5750	2	2	0	0.52	1
893	909	4994	2	2	0	0.52	1
893	910	4577	2	2	0	0.52	1
893	911	4261	2	1	1	0.00	1
893	912	3983	2	0	2	-0.52	-1
893	913	1536	1	1	0	0.26	1
894	895	16299	11	4	7	-0.78	-1
894	896	15546	9	3	6	-0.78	-1
894	897	15208	9	7	2	1.30	1
894	898	15525	10	3	7	-1.04	-1
894	899	15348	8	6	2	1.04	1
894	900	15202	8	2	6	-1.04	-1
894	901	11684	5	2	3	-0.26	-1
894	902	13563	8	1	7	-1.56	-1
894	903	12217	7	2	5	-0.78	-1
894	904	11373	5	3	2	0.26	1
894	905	10108	5	3	2	0.26	1
894	906	8811	5	3	2	0.26	1
894	907	8206	5	2	3	-0.26	-1
894	908	7539	4	1	3	-0.52	-1
894	909	6783	4	1	3	-0.52	-1
894	910	6366	4	3	1	0.52	1
894	911	6050	4	1	3	-0.52	-1
894	912	5772	4	2	2	0.00	1
894	913	3325	3	0	3	-0.78	-1
894	914	1907	2	1	1	0.00	1
894	915	1869	2	2	0	0.52	1
894	916	1550	2	1	1	0.00	1
894	917	1196	2	1	1	0.00	1
895	896	15546	9	3	6	-0.78	-1
895	897	15208	9	2	7	-1.30	-1
895	898	17208	12	5	7	-0.52	-1
895	899	17729	11	6	5	0.26	1
895	900	17583	11	6	5	0.26	1
895	901	11684	5	4	1	0.78	1
895	902	15944	11	8	3	1.30	1
895	903	14598	10	6	4	0.52	1
895	904	13754	8	6	2	1.04	1
895	905	12489	8	5	3	0.52	1
895	906	11192	8	5	3	0.52	1
895	907	10587	8	2	6	-1.04	-1
895	908	9920	7	3	4	-0.26	-1
895	909	9164	7	3	4	-0.26	-1
895	910	8747	7	4	3	0.26	1
895	911	8431	7	4	3	0.26	1
895	912	8153	7	1	6	-1.30	-1
895	913	5706	6	1	5	-1.04	-1
895	914	4288	5	4	1	0.78	1
895	915	4250	5	2	3	-0.26	-1
895	916	3931	5	4	1	0.78	1
895	917	3577	5	3	2	0.26	1
895	918	2575	3	0	3	-0.78	-1
895	919	1239	1	0	1	-0.26	-1
896	897	15208	9	2	7	-1.30	-1
896	898	15119	9	6	3	0.78	1
896	899	14942	7	4	3	0.26	1
896	900	14796	7	5	2	0.78	1
896	901	11684	5	1	4	-0.78	-1
896	902	13157	7	6	1	1.30	1
896	903	11811	6	3	3	0.00	1
896	904	10967	4	3	1	0.52	1
896	905	9702	4	3	1	0.52	1
896	906	8405	4	1	3	-0.52	-1
896	907	7800	4	0	4	-1.04	-1
896	908	7133	3	1	2	-0.26	-1
896	909	6377	3	0	3	-0.78	-1
896	910	5960	3	1	2	-0.26	-1
896	911	5644	3	2	1	0.26	1
896	912	5366	3	2	1	0.26	1
896	913	2919	2	2	0	0.52	1
896	914	1501	1	1	0	0.26	1
896	915	1463	1	1	0	0.26	1
896	916	1144	1	1	0	0.26	1
896	917	790	1	1	0	0.26	1
897	898	14862	9	4	5	-0.26	-1
897	899	14685	7	3	4	-0.26	-1
897	900	14539	7	1	6	-1.30	-1
897	901	11684	5	1	4	-0.78	-1
897	902	12900	7	2	5	-0.78	-1
897	903	11554	6	2	4	-0.52	-1
897	904	10710	4	1	3	-0.52	-1
897	905	9445	4	2	2	0.00	1
897	906	8148	4	3	1	0.52	1
897	907	7543	4	2	2	0.00	1
897	908	6876	3	0	3	-0.78	-1
897	909	6120	3	1	2	-0.26	-1
897	910	5703	3	1	2	-0.26	-1
897	911	5387	3	2	1	0.26	1
897	912	5109	3	1	2	-0.26	-1
897	913	2662	2	1	1	0.00	1
897	914	1244	1	0	1	-0.26	-1
897	915	1206	1	1	0	0.26	1
897	916	887	1	0	1	-0.26	-1
897	917	533	1	1	0	0.26	1
898	899	17031	10	5	5	0.00	1
898	900	16885	10	5	5	0.00	1
898	901	11684	5	2	3	-0.26	-1
898	902	15246	10	4	6	-0.52	-1
898	903	13900	9	6	3	0.78	1
898	904	13056	7	5	2	0.78	1
898	905	11791	7	4	3	0.26	1
898	906	10494	7	6	1	1.30	1
898	907	9889	7	6	1	1.30	1
898	908	9222	6	2	4	-0.52	-1
898	909	8466	6	4	2	0.52	1
898	910	8049	6	2	4	-0.52	-1
898	911	7733	6	6	0	1.56	1
898	912	7455	6	2	4	-0.52	-1
898	913	5008	5	4	1	0.78	1
898	914	3590	4	2	2	0.00	1
898	915	3552	4	1	3	-0.52	-1
898	916	3233	4	1	3	-0.52	-1
898	917	2879	4	3	1	0.52	1
898	918	1877	2	0	2	-0.52	-1
899	900	20478	12	5	7	-0.52	-1
899	901	11684	5	3	2	0.26	1
899	902	18839	12	9	3	1.56	1
899	903	17493	11	4	7	-0.78	-1
899	904	16649	9	3	6	-0.78	-1
899	905	15384	9	4	5	-0.26	-1
899	906	14087	9	3	6	-0.78	-1
899	907	13482	9	5	4	0.26	1
899	908	12815	8	1	7	-1.56	-1
899	909	12059	8	7	1	1.56	1
899	910	11642	8	5	3	0.52	1
899	911	11326	8	4	4	0.00	1
899	912	11048	8	6	2	1.04	1
899	913	8601	7	4	3	0.26	1
899	914	7183	6	3	3	0.00	1
899	915	7145	6	4	2	0.52	1
899	916	6826	6	5	1	1.04	1
899	917	6472	6	2	4	-0.52	-1
899	918	5470	4	0	4	-1.04	-1
899	919	4134	2	1	1	0.00	1
899	920	2616	1	0	1	-0.26	-1
899	921	2588	1	0	1	-0.26	-1
900	901	11684	5	4	1	0.78	1
900	902	18934	12	7	5	0.52	1
900	903	18918	12	7	5	0.52	1
900	904	20012	12	7	5	0.52	1
900	905	18418	12	7	5	0.52	1
900	906	14808	9	7	2	1.30	1
900	907	16845	12	3	9	-1.56	-1
900	908	16178	11	4	7	-0.78	-1
900	909	15422	11	6	5	0.26	1
900	910	15005	11	4	7	-0.78	-1
900	911	14689	11	5	6	-0.26	-1
900	912	14411	11	2	9	-1.82	-1
900	913	11964	10	6	4	0.52	1
900	914	10546	9	4	5	-0.26	-1
900	915	10508	9	4	5	-0.26	-1
900	916	10189	9	4	5	-0.26	-1
900	917	9835	9	4	5	-0.26	-1
900	918	8833	7	5	2	0.78	1
900	919	7497	5	2	3	-0.26	-1
900	920	5979	4	3	1	0.52	1
900	921	5951	4	2	2	0.00	1
900	922	3948	3	0	3	-0.78	-1
900	923	1964	2	1	1	0.00	1
900	924	1734	2	2	0	0.52	1
900	925	1700	2	0	2	-0.52	-1
900	926	1609	2	2	0	0.52	1
900	927	400	1	1	0	0.26	1
901	902	11052	5	2	3	-0.26	-1
901	903	9706	4	4	0	1.04	1
901	904	8862	2	1	1	0.00	1
901	905	7597	2	0	2	-0.52	-1
901	906	6300	2	0	2	-0.52	-1
901	907	5695	2	2	0	0.52	1
901	908	5028	1	0	1	-0.26	-1
901	909	4272	1	1	0	0.26	1
901	910	3855	1	1	0	0.26	1
901	911	3539	1	0	1	-0.26	-1
901	912	3261	1	0	1	-0.26	-1
902	903	17588	11	6	5	0.26	1
902	904	16744	9	6	3	0.78	1
902	905	15479	9	6	3	0.78	1
902	906	14182	9	5	4	0.26	1
902	907	13577	9	3	6	-0.78	-1
902	908	12910	8	2	6	-1.04	-1
902	909	12154	8	3	5	-0.52	-1
902	910	11737	8	3	5	-0.52	-1
902	911	11421	8	2	6	-1.04	-1
902	912	11143	8	2	6	-1.04	-1
902	913	8696	7	4	3	0.26	1
902	914	7278	6	5	1	1.04	1
902	915	7240	6	1	5	-1.04	-1
902	916	6921	6	1	5	-1.04	-1
902	917	6567	6	3	3	0.00	1
902	918	5565	4	1	3	-0.52	-1
902	919	4229	2	2	0	0.52	1
902	920	2711	1	0	1	-0.26	-1
902	921	2683	1	1	0	0.26	1
903	904	18074	10	5	5	0.00	1
903	905	16809	10	6	4	0.52	1
903	906	14808	9	6	3	0.78	1
903	907	14907	10	4	6	-0.52	-1
903	908	14240	9	5	4	0.26	1
903	909	13484	9	3	6	-0.78	-1
903	910	13067	9	2	7	-1.30	-1
903	911	12751	9	6	3	0.78	1
903	912	12473	9	3	6	-0.78	-1
903	913	10026	8	4	4	0.00	1
903	914	8608	7	5	2	0.78	1
903	915	8570	7	4	3	0.26	1
903	916	8251	7	4	3	0.26	1
903	917	7897	7	5	2	0.78	1
903	918	6895	5	3	2	0.26	1
903	919	5559	3	2	1	0.26	1
903	920	4041	2	2	0	0.52	1
903	921	4013	2	1	1	0.00	1
903	922	2010	1	1	0	0.26	1
904	905	18418	12	5	7	-0.52	-1
904	906	14808	9	4	5	-0.26	-1
904	907	18157	14	6	8	-0.52	-1
904	908	19711	15	11	4	1.82	1
904	909	18955	15	9	6	0.78	1
904	910	18538	15	8	7	0.26	1
904	911	16605	14	7	7	0.00	1
904	912	14827	11	7	4	0.78	1
904	913	15497	14	10	4	1.56	1
904	914	14079	13	4	9	-1.30	-1
904	915	14041	13	7	6	0.26	1
904	916	13722	13	8	5	0.78	1
904	917	13368	13	8	5	0.78	1
904	918	12366	11	6	5	0.26	1
904	919	11030	9	3	6	-0.78	-1
904	920	9512	8	6	2	1.04	1
904	921	9484	8	2	6	-1.04	-1
904	922	7481	7	3	4	-0.26	-1
904	923	5497	6	4	2	0.52	1
904	924	5267	6	2	4	-0.52	-1
904	925	5233	6	3	3	0.00	1
904	926	5142	6	2	4	-0.52	-1
904	927	3933	5	5	0	1.30	1
904	928	3662	4	2	2	0.00	1
904	929	2305	2	2	0	0.52	1
904	930	2011	2	0	2	-0.52	-1
904	931	1948	2	1	1	0.00	1
904	932	1914	2	2	0	0.52	1
904	933	1552	1	1	0	0.26	1
904	934	1422	1	1	0	0.26	1
905	906	14808	9	4	5	-0.26	-1
905	907	16516	12	7	5	0.52	1
905	908	15849	11	8	3	1.30	1
905	909	15093	11	2	9	-1.82	-1
905	910	14676	11	6	5	0.26	1
905	911	14360	11	7	4	0.78	1
905	912	14082	11	4	7	-0.78	-1
905	913	11635	10	6	4	0.52	1
905	914	10217	9	1	8	-1.82	-1
905	915	10179	9	5	4	0.26	1
905	916	9860	9	5	4	0.26	1
905	917	9506	9	4	5	-0.26	-1
905	918	8504	7	6	1	1.30	1
905	919	7168	5	3	2	0.26	1
905	920	5650	4	2	2	0.00	1
905	921	5622	4	2	2	0.00	1
905	922	3619	3	2	1	0.26	1
905	923	1635	2	1	1	0.00	1
905	924	1405	2	0	2	-0.52	-1
905	925	1371	2	2	0	0.52	1
905	926	1280	2	0	2	-0.52	-1
905	927	71	1	1	0	0.26	1
906	907	14203	9	5	4	0.26	1
906	908	13536	8	2	6	-1.04	-1
906	909	12780	8	5	3	0.52	1
906	910	12363	8	4	4	0.00	1
906	911	12047	8	5	3	0.52	1
906	912	11769	8	3	5	-0.52	-1
906	913	9322	7	4	3	0.26	1
906	914	7904	6	2	4	-0.52	-1
906	915	7866	6	5	1	1.04	1
906	916	7547	6	1	5	-1.04	-1
906	917	7193	6	2	4	-0.52	-1
906	918	6191	4	1	3	-0.52	-1
906	919	4855	2	1	1	0.00	1
906	920	3337	1	0	1	-0.26	-1
906	921	3309	1	1	0	0.26	1
907	908	17490	13	6	7	-0.26	-1
907	909	16734	13	11	2	2.35	1
907	910	16317	13	8	5	0.78	1
907	911	16001	13	4	9	-1.30	-1
907	912	14827	11	7	4	0.78	1
907	913	13276	12	7	5	0.52	1
907	914	11858	11	5	6	-0.26	-1
907	915	11820	11	5	6	-0.26	-1
907	916	11501	11	8	3	1.30	1
907	917	11147	11	4	7	-0.78	-1
907	918	10145	9	4	5	-0.26	-1
907	919	8809	7	3	4	-0.26	-1
907	920	7291	6	3	3	0.00	1
907	921	7263	6	4	2	0.52	1
907	922	5260	5	2	3	-0.26	-1
907	923	3276	4	2	2	0.00	1
907	924	3046	4	1	3	-0.52	-1
907	925	3012	4	3	1	0.52	1
907	926	2921	4	3	1	0.52	1
907	927	1712	3	2	1	0.26	1
907	928	1441	2	2	0	0.52	1
908	909	22188	19	6	13	-1.82	-1
908	910	21719	19	5	14	-2.35	-1
908	911	16605	14	7	7	0.00	1
908	912	14827	11	2	9	-1.82	-1
908	913	17022	14	8	6	0.52	1
908	914	25460	24	13	11	0.52	1
908	915	19093	18	11	7	1.04	1
908	916	14606	13	3	10	-1.82	-1
908	917	13733	13	5	8	-0.78	-1
908	918	15376	15	10	5	1.30	1
908	919	17196	16	6	10	-1.04	-1
908	920	13526	12	7	5	0.52	1
908	921	16188	16	6	10	-1.04	-1
908	922	19303	18	9	9	0.00	1
908	923	13889	16	9	7	0.52	1
908	924	14238	16	9	7	0.52	1
908	925	17055	17	8	9	-0.26	-1
908	926	16964	17	10	7	0.78	1
908	927	10595	13	6	7	-0.26	-1
908	928	15484	15	6	9	-0.78	-1
908	929	14127	13	6	7	-0.26	-1
908	930	13833	13	5	8	-0.78	-1
908	931	13291	13	7	6	0.26	1
908	932	13736	13	7	6	0.26	1
908	933	13374	12	6	6	0.00	1
908	934	13244	12	6	6	0.00	1
908	935	12750	11	6	5	0.26	1
908	936	12204	11	5	6	-0.26	-1
908	937	11804	11	5	6	-0.26	-1
908	938	11467	11	6	5	0.26	1
908	939	10741	11	6	5	0.26	1
908	940	10548	11	5	6	-0.26	-1
908	941	10514	11	5	6	-0.26	-1
908	942	10262	11	5	6	-0.26	-1
908	943	10093	11	7	4	0.78	1
908	944	9544	10	3	7	-1.04	-1
908	945	9502	10	6	4	0.52	1
908	946	8518	7	4	3	0.26	1
908	947	8173	7	3	4	-0.26	-1
908	948	7982	7	5	2	0.78	1
908	949	7907	7	4	3	0.26	1
908	950	7384	7	5	2	0.78	1
908	951	7279	7	4	3	0.26	1
908	952	6951	6	4	2	0.52	1
908	953	6653	6	4	2	0.52	1
908	954	6548	6	2	4	-0.52	-1
908	955	6480	6	3	3	0.00	1
908	956	6330	6	2	4	-0.52	-1
908	957	6272	6	3	3	0.00	1
908	958	5856	6	5	1	1.04	1
908	959	5507	3	0	3	-0.78	-1
908	960	5038	3	2	1	0.26	1
908	961	4531	3	1	2	-0.26	-1
908	962	3206	1	0	1	-0.26	-1
908	963	3025	1	0	1	-0.26	-1
908	964	2844	1	0	1	-0.26	-1
908	965	1941	1	0	1	-0.26	-1
908	966	1807	1	1	0	0.26	1
909	910	21719	19	10	9	0.26	1
909	911	16605	14	4	10	-1.56	-1
909	912	14827	11	8	3	1.30	1
909	913	17022	14	8	6	0.52	1
909	914	17312	17	12	5	1.82	1
909	915	17274	17	12	5	1.82	1
909	916	14606	13	9	4	1.30	1
909	917	13733	13	4	9	-1.30	-1
909	918	15376	15	6	9	-0.78	-1
909	919	14263	13	5	8	-0.78	-1
909	920	12745	12	3	9	-1.56	-1
909	921	12717	12	8	4	1.04	1
909	922	10714	11	5	6	-0.26	-1
909	923	8730	10	3	7	-1.04	-1
909	924	8500	10	9	1	2.09	1
909	925	8466	10	3	7	-1.04	-1
909	926	8375	10	7	3	1.04	1
909	927	7166	9	3	6	-0.78	-1
909	928	6895	8	5	3	0.52	1
909	929	5538	6	2	4	-0.52	-1
909	930	5244	6	3	3	0.00	1
909	931	5181	6	3	3	0.00	1
909	932	5147	6	4	2	0.52	1
909	933	4785	5	1	4	-0.78	-1
909	934	4655	5	3	2	0.26	1
909	935	4161	4	1	3	-0.52	-1
909	936	3615	4	1	3	-0.52	-1
909	937	3215	4	0	4	-1.04	-1
909	938	2878	4	1	3	-0.52	-1
909	939	2152	4	2	2	0.00	1
909	940	1959	4	1	3	-0.52	-1
909	941	1925	4	2	2	0.00	1
909	942	1673	4	2	2	0.00	1
909	943	1504	4	0	4	-1.04	-1
909	944	955	3	2	1	0.26	1
909	945	913	3	1	2	-0.26	-1
910	911	16605	14	9	5	1.04	1
910	912	14827	11	4	7	-0.78	-1
910	913	17022	14	6	8	-0.52	-1
910	914	17260	17	10	7	0.78	1
910	915	17222	17	11	6	1.30	1
910	916	14606	13	4	9	-1.30	-1
910	917	13733	13	5	8	-0.78	-1
910	918	15376	15	7	8	-0.26	-1
910	919	14211	13	4	9	-1.30	-1
910	920	12693	12	7	5	0.52	1
910	921	12665	12	5	7	-0.52	-1
910	922	10662	11	6	5	0.26	1
910	923	8678	10	5	5	0.00	1
910	924	8448	10	6	4	0.52	1
910	925	8414	10	2	8	-1.56	-1
910	926	8323	10	4	6	-0.52	-1
910	927	7114	9	2	7	-1.30	-1
910	928	6843	8	3	5	-0.52	-1
910	929	5486	6	3	3	0.00	1
910	930	5192	6	4	2	0.52	1
910	931	5129	6	4	2	0.52	1
910	932	5095	6	4	2	0.52	1
910	933	4733	5	2	3	-0.26	-1
910	934	4603	5	3	2	0.26	1
910	935	4109	4	3	1	0.52	1
910	936	3563	4	3	1	0.52	1
910	937	3163	4	0	4	-1.04	-1
910	938	2826	4	0	4	-1.04	-1
910	939	2100	4	2	2	0.00	1
910	940	1907	4	4	0	1.04	1
910	941	1873	4	3	1	0.52	1
910	942	1621	4	1	3	-0.52	-1
910	943	1452	4	2	2	0.00	1
910	944	903	3	1	2	-0.26	-1
910	945	861	3	2	1	0.26	1
911	912	14827	11	3	8	-1.30	-1
911	913	13880	13	8	5	0.78	1
911	914	12462	12	4	8	-1.04	-1
911	915	12424	12	5	7	-0.52	-1
911	916	12105	12	5	7	-0.52	-1
911	917	11751	12	7	5	0.52	1
911	918	10749	10	6	4	0.52	1
911	919	9413	8	5	3	0.52	1
911	920	7895	7	5	2	0.78	1
911	921	7867	7	1	6	-1.30	-1
911	922	5864	6	4	2	0.52	1
911	923	3880	5	4	1	0.78	1
911	924	3650	5	2	3	-0.26	-1
911	925	3616	5	2	3	-0.26	-1
911	926	3525	5	2	3	-0.26	-1
911	927	2316	4	4	0	1.04	1
911	928	2045	3	0	3	-0.78	-1
911	929	688	1	1	0	0.26	1
911	930	394	1	0	1	-0.26	-1
911	931	331	1	1	0	0.26	1
911	932	297	1	0	1	-0.26	-1
912	913	12380	10	4	6	-0.52	-1
912	914	10962	9	8	1	1.82	1
912	915	10924	9	5	4	0.26	1
912	916	10605	9	6	3	0.78	1
912	917	10251	9	4	5	-0.26	-1
912	918	9249	7	4	3	0.26	1
912	919	7913	5	1	4	-0.78	-1
912	920	6395	4	1	3	-0.52	-1
912	921	6367	4	2	2	0.00	1
912	922	4364	3	1	2	-0.26	-1
912	923	2380	2	1	1	0.00	1
912	924	2150	2	1	1	0.00	1
912	925	2116	2	0	2	-0.52	-1
912	926	2025	2	1	1	0.00	1
912	927	816	1	0	1	-0.26	-1
913	914	15604	13	4	9	-1.30	-1
913	915	15566	13	7	6	0.26	1
913	916	14606	13	4	9	-1.30	-1
913	917	13733	13	5	8	-0.78	-1
913	918	13891	11	7	4	0.78	1
913	919	12555	9	6	3	0.78	1
913	920	11037	8	3	5	-0.52	-1
913	921	11009	8	3	5	-0.52	-1
913	922	9006	7	6	1	1.30	1
913	923	7022	6	2	4	-0.52	-1
913	924	6792	6	2	4	-0.52	-1
913	925	6758	6	4	2	0.52	1
913	926	6667	6	3	3	0.00	1
913	927	5458	5	2	3	-0.26	-1
913	928	5187	4	0	4	-1.04	-1
913	929	3830	2	0	2	-0.52	-1
913	930	3536	2	2	0	0.52	1
913	931	3473	2	0	2	-0.52	-1
913	932	3439	2	1	1	0.00	1
913	933	3077	1	1	0	0.26	1
913	934	2947	1	1	0	0.26	1
914	915	19093	18	13	5	2.09	1
914	916	14606	13	6	7	-0.26	-1
914	917	13733	13	7	6	0.26	1
914	918	15376	15	8	7	0.26	1
914	919	17196	16	10	6	1.04	1
914	920	13526	12	5	7	-0.52	-1
914	921	16188	16	11	5	1.56	1
914	922	18862	18	5	13	-2.09	-1
914	923	13889	16	6	10	-1.04	-1
914	924	14238	16	7	9	-0.52	-1
914	925	16614	17	2	15	-3.39	-1
914	926	16523	17	11	6	1.30	1
914	927	10595	13	7	6	0.26	1
914	928	15043	15	12	3	2.35	1
914	929	13686	13	4	9	-1.30	-1
914	930	13392	13	5	8	-0.78	-1
914	931	13291	13	8	5	0.78	1
914	932	13295	13	8	5	0.78	1
914	933	12933	12	10	2	2.09	1
914	934	12803	12	6	6	0.00	1
914	935	12309	11	7	4	0.78	1
914	936	11763	11	6	5	0.26	1
914	937	11363	11	7	4	0.78	1
914	938	11026	11	7	4	0.78	1
914	939	10300	11	5	6	-0.26	-1
914	940	10107	11	7	4	0.78	1
914	941	10073	11	5	6	-0.26	-1
914	942	9821	11	3	8	-1.30	-1
914	943	9652	11	8	3	1.30	1
914	944	9103	10	6	4	0.52	1
914	945	9061	10	2	8	-1.56	-1
914	946	8077	7	5	2	0.78	1
914	947	7732	7	1	6	-1.30	-1
914	948	7541	7	2	5	-0.78	-1
914	949	7466	7	6	1	1.30	1
914	950	6943	7	3	4	-0.26	-1
914	951	6838	7	4	3	0.26	1
914	952	6510	6	0	6	-1.56	-1
914	953	6212	6	3	3	0.00	1
914	954	6107	6	0	6	-1.56	-1
914	955	6039	6	3	3	0.00	1
914	956	5889	6	1	5	-1.04	-1
914	957	5831	6	1	5	-1.04	-1
914	958	5415	6	4	2	0.52	1
914	959	5066	3	1	2	-0.26	-1
914	960	4597	3	1	2	-0.26	-1
914	961	4090	3	2	1	0.26	1
914	962	2765	1	0	1	-0.26	-1
914	963	2584	1	1	0	0.26	1
914	964	2403	1	1	0	0.26	1
914	965	1500	1	1	0	0.26	1
914	966	1366	1	0	1	-0.26	-1
915	916	14606	13	8	5	0.78	1
915	917	13733	13	7	6	0.26	1
915	918	15376	15	8	7	0.26	1
915	919	16082	14	5	9	-1.04	-1
915	920	13526	12	3	9	-1.56	-1
915	921	14536	13	8	5	0.78	1
915	922	12533	12	6	6	0.00	1
915	923	10549	11	7	4	0.78	1
915	924	10319	11	5	6	-0.26	-1
915	925	10285	11	5	6	-0.26	-1
915	926	10194	11	7	4	0.78	1
915	927	8985	10	6	4	0.52	1
915	928	8714	9	2	7	-1.30	-1
915	929	7357	7	4	3	0.26	1
915	930	7063	7	5	2	0.78	1
915	931	7000	7	3	4	-0.26	-1
915	932	6966	7	4	3	0.26	1
915	933	6604	6	3	3	0.00	1
915	934	6474	6	2	4	-0.52	-1
915	935	5980	5	3	2	0.26	1
915	936	5434	5	2	3	-0.26	-1
915	937	5034	5	2	3	-0.26	-1
915	938	4697	5	4	1	0.78	1
915	939	3971	5	1	4	-0.78	-1
915	940	3778	5	3	2	0.26	1
915	941	3744	5	4	1	0.78	1
915	942	3492	5	1	4	-0.78	-1
915	943	3323	5	4	1	0.78	1
915	944	2774	4	4	0	1.04	1
915	945	2732	4	3	1	0.52	1
915	946	1748	1	0	1	-0.26	-1
915	947	1403	1	1	0	0.26	1
915	948	1212	1	0	1	-0.26	-1
915	949	1137	1	1	0	0.26	1
915	950	614	1	1	0	0.26	1
915	951	509	1	1	0	0.26	1
916	917	13733	13	8	5	0.78	1
916	918	13250	11	6	5	0.26	1
916	919	11914	9	2	7	-1.30	-1
916	920	10396	8	3	5	-0.52	-1
916	921	10368	8	5	3	0.52	1
916	922	8365	7	4	3	0.26	1
916	923	6381	6	4	2	0.52	1
916	924	6151	6	3	3	0.00	1
916	925	6117	6	5	1	1.04	1
916	926	6026	6	4	2	0.52	1
916	927	4817	5	4	1	0.78	1
916	928	4546	4	2	2	0.00	1
916	929	3189	2	1	1	0.00	1
916	930	2895	2	2	0	0.52	1
916	931	2832	2	2	0	0.52	1
916	932	2798	2	1	1	0.00	1
916	933	2436	1	1	0	0.26	1
916	934	2306	1	0	1	-0.26	-1
917	918	12731	11	8	3	1.30	1
917	919	11395	9	5	4	0.26	1
917	920	9877	8	5	3	0.52	1
917	921	9849	8	4	4	0.00	1
917	922	7846	7	4	3	0.26	1
917	923	5862	6	4	2	0.52	1
917	924	5632	6	4	2	0.52	1
917	925	5598	6	3	3	0.00	1
917	926	5507	6	4	2	0.52	1
917	927	4298	5	3	2	0.26	1
917	928	4027	4	2	2	0.00	1
917	929	2670	2	1	1	0.00	1
917	930	2376	2	1	1	0.00	1
917	931	2313	2	1	1	0.00	1
917	932	2279	2	2	0	0.52	1
917	933	1917	1	1	0	0.26	1
917	934	1787	1	0	1	-0.26	-1
918	919	14040	13	6	7	-0.26	-1
918	920	12522	12	9	3	1.56	1
918	921	12494	12	7	5	0.52	1
918	922	10491	11	7	4	0.78	1
918	923	8507	10	7	3	1.04	1
918	924	8277	10	6	4	0.52	1
918	925	8243	10	6	4	0.52	1
918	926	8152	10	4	6	-0.52	-1
918	927	6943	9	5	4	0.26	1
918	928	6672	8	4	4	0.00	1
918	929	5315	6	6	0	1.56	1
918	930	5021	6	4	2	0.52	1
918	931	4958	6	0	6	-1.56	-1
918	932	4924	6	2	4	-0.52	-1
918	933	4562	5	2	3	-0.26	-1
918	934	4432	5	2	3	-0.26	-1
918	935	3938	4	2	2	0.00	1
918	936	3392	4	3	1	0.52	1
918	937	2992	4	2	2	0.00	1
918	938	2655	4	3	1	0.52	1
918	939	1929	4	1	3	-0.52	-1
918	940	1736	4	4	0	1.04	1
918	941	1702	4	2	2	0.00	1
918	942	1450	4	1	3	-0.52	-1
918	943	1281	4	2	2	0.00	1
918	944	732	3	2	1	0.26	1
918	945	690	3	2	1	0.26	1
919	920	13526	12	11	1	2.61	1
919	921	15650	15	8	7	0.26	1
919	922	13647	14	4	10	-1.56	-1
919	923	11663	13	7	6	0.26	1
919	924	11433	13	6	7	-0.26	-1
919	925	11399	13	8	5	0.78	1
919	926	11308	13	5	8	-0.78	-1
919	927	10099	12	6	6	0.00	1
919	928	9828	11	6	5	0.26	1
919	929	8471	9	3	6	-0.78	-1
919	930	8177	9	3	6	-0.78	-1
919	931	8114	9	4	5	-0.26	-1
919	932	8080	9	5	4	0.26	1
919	933	7718	8	2	6	-1.04	-1
919	934	7588	8	7	1	1.56	1
919	935	7094	7	3	4	-0.26	-1
919	936	6548	7	3	4	-0.26	-1
919	937	6148	7	7	0	1.82	1
919	938	5811	7	5	2	0.78	1
919	939	5085	7	4	3	0.26	1
919	940	4892	7	3	4	-0.26	-1
919	941	4858	7	1	6	-1.30	-1
919	942	4606	7	4	3	0.26	1
919	943	4437	7	3	4	-0.26	-1
919	944	3888	6	2	4	-0.52	-1
919	945	3846	6	5	1	1.04	1
919	946	2862	3	1	2	-0.26	-1
919	947	2517	3	3	0	0.78	1
919	948	2326	3	1	2	-0.26	-1
919	949	2251	3	3	0	0.78	1
919	950	1728	3	2	1	0.26	1
919	951	1623	3	2	1	0.26	1
919	952	1295	2	2	0	0.52	1
919	953	997	2	2	0	0.52	1
919	954	892	2	1	1	0.00	1
919	955	824	2	2	0	0.52	1
919	956	674	2	1	1	0.00	1
919	957	616	2	1	1	0.00	1
919	958	200	2	2	0	0.52	1
920	921	13498	12	4	8	-1.04	-1
920	922	11495	11	9	2	1.82	1
920	923	9511	10	5	5	0.00	1
920	924	9281	10	7	3	1.04	1
920	925	9247	10	4	6	-0.52	-1
920	926	9156	10	1	9	-2.09	-1
920	927	7947	9	5	4	0.26	1
920	928	7676	8	6	2	1.04	1
920	929	6319	6	3	3	0.00	1
920	930	6025	6	2	4	-0.52	-1
920	931	5962	6	3	3	0.00	1
920	932	5928	6	3	3	0.00	1
920	933	5566	5	3	2	0.26	1
920	934	5436	5	2	3	-0.26	-1
920	935	4942	4	1	3	-0.52	-1
920	936	4396	4	1	3	-0.52	-1
920	937	3996	4	0	4	-1.04	-1
920	938	3659	4	1	3	-0.52	-1
920	939	2933	4	0	4	-1.04	-1
920	940	2740	4	2	2	0.00	1
920	941	2706	4	0	4	-1.04	-1
920	942	2454	4	0	4	-1.04	-1
920	943	2285	4	1	3	-0.52	-1
920	944	1736	3	1	2	-0.26	-1
920	945	1694	3	0	3	-0.78	-1
921	922	14185	15	6	9	-0.78	-1
921	923	12201	14	4	10	-1.56	-1
921	924	11971	14	5	9	-1.04	-1
921	925	11937	14	7	7	0.00	1
921	926	11846	14	9	5	1.04	1
921	927	10595	13	7	6	0.26	1
921	928	10366	12	4	8	-1.04	-1
921	929	9009	10	4	6	-0.52	-1
921	930	8715	10	8	2	1.56	1
921	931	8652	10	6	4	0.52	1
921	932	8618	10	5	5	0.00	1
921	933	8256	9	5	4	0.26	1
921	934	8126	9	2	7	-1.30	-1
921	935	7632	8	7	1	1.56	1
921	936	7086	8	5	3	0.52	1
921	937	6686	8	2	6	-1.04	-1
921	938	6349	8	6	2	1.04	1
921	939	5623	8	4	4	0.00	1
921	940	5430	8	1	7	-1.56	-1
921	941	5396	8	5	3	0.52	1
921	942	5144	8	4	4	0.00	1
921	943	4975	8	3	5	-0.52	-1
921	944	4426	7	0	7	-1.82	-1
921	945	4384	7	3	4	-0.26	-1
921	946	3400	4	4	0	1.04	1
921	947	3055	4	3	1	0.52	1
921	948	2864	4	2	2	0.00	1
921	949	2789	4	2	2	0.00	1
921	950	2266	4	4	0	1.04	1
921	951	2161	4	1	3	-0.52	-1
921	952	1833	3	2	1	0.26	1
921	953	1535	3	1	2	-0.26	-1
921	954	1430	3	2	1	0.26	1
921	955	1362	3	3	0	0.78	1
921	956	1212	3	1	2	-0.26	-1
921	957	1154	3	2	1	0.26	1
921	958	738	3	1	2	-0.26	-1
922	923	13889	16	7	9	-0.52	-1
922	924	14238	16	9	7	0.52	1
922	925	18399	20	9	11	-0.52	-1
922	926	18308	20	6	14	-2.09	-1
922	927	10595	13	7	6	0.26	1
922	928	16828	18	11	7	1.04	1
922	929	15471	16	12	4	2.09	1
922	930	15177	16	6	10	-1.04	-1
922	931	13291	13	6	7	-0.26	-1
922	932	15080	16	4	12	-2.09	-1
922	933	14718	15	1	14	-3.39	-1
922	934	14588	15	8	7	0.26	1
922	935	13736	14	6	8	-0.52	-1
922	936	13548	14	7	7	0.00	1
922	937	13148	14	7	7	0.00	1
922	938	12811	14	5	9	-1.04	-1
922	939	12085	14	12	2	2.61	1
922	940	11892	14	8	6	0.52	1
922	941	11858	14	8	6	0.52	1
922	942	11606	14	8	6	0.52	1
922	943	11437	14	7	7	0.00	1
922	944	10888	13	6	7	-0.26	-1
922	945	10846	13	10	3	1.82	1
922	946	9862	10	4	6	-0.52	-1
922	947	9517	10	6	4	0.52	1
922	948	9326	10	6	4	0.52	1
922	949	9251	10	3	7	-1.04	-1
922	950	8728	10	3	7	-1.04	-1
922	951	8623	10	3	7	-1.04	-1
922	952	8295	9	5	4	0.26	1
922	953	7997	9	7	2	1.30	1
922	954	7892	9	6	3	0.78	1
922	955	7824	9	7	2	1.30	1
922	956	7674	9	2	7	-1.30	-1
922	957	7616	9	6	3	0.78	1
922	958	7200	9	4	5	-0.26	-1
922	959	6851	6	2	4	-0.52	-1
922	960	6382	6	3	3	0.00	1
922	961	5875	6	1	5	-1.04	-1
922	962	4550	4	2	2	0.00	1
922	963	4369	4	3	1	0.52	1
922	964	4188	4	3	1	0.52	1
922	965	3285	4	3	1	0.52	1
922	966	3151	4	1	3	-0.52	-1
922	967	2869	3	0	3	-0.78	-1
922	968	2798	3	2	1	0.26	1
922	969	1691	3	2	1	0.26	1
922	970	1473	3	1	2	-0.26	-1
922	971	1413	3	1	2	-0.26	-1
922	972	1386	3	3	0	0.78	1
923	924	13659	16	8	8	0.00	1
923	925	13625	16	10	6	1.04	1
923	926	13534	16	4	12	-2.09	-1
923	927	10595	13	8	5	0.78	1
923	928	12054	14	8	6	0.52	1
923	929	10697	12	5	7	-0.52	-1
923	930	10403	12	5	7	-0.52	-1
923	931	10340	12	5	7	-0.52	-1
923	932	10306	12	4	8	-1.04	-1
923	933	9944	11	2	9	-1.82	-1
923	934	9814	11	7	4	0.78	1
923	935	9320	10	4	6	-0.52	-1
923	936	8774	10	3	7	-1.04	-1
923	937	8374	10	7	3	1.04	1
923	938	8037	10	6	4	0.52	1
923	939	7311	10	7	3	1.04	1
923	940	7118	10	2	8	-1.56	-1
923	941	7084	10	5	5	0.00	1
923	942	6832	10	4	6	-0.52	-1
923	943	6663	10	6	4	0.52	1
923	944	6114	9	3	6	-0.78	-1
923	945	6072	9	5	4	0.26	1
923	946	5088	6	3	3	0.00	1
923	947	4743	6	3	3	0.00	1
923	948	4552	6	3	3	0.00	1
923	949	4477	6	1	5	-1.04	-1
923	950	3954	6	3	3	0.00	1
923	951	3849	6	1	5	-1.04	-1
923	952	3521	5	4	1	0.78	1
923	953	3223	5	1	4	-0.78	-1
923	954	3118	5	4	1	0.78	1
923	955	3050	5	0	5	-1.30	-1
923	956	2900	5	3	2	0.26	1
923	957	2842	5	4	1	0.78	1
923	958	2426	5	3	2	0.26	1
923	959	2077	2	0	2	-0.52	-1
923	960	1608	2	1	1	0.00	1
923	961	1101	2	2	0	0.52	1
924	925	14204	16	11	5	1.56	1
924	926	14113	16	6	10	-1.04	-1
924	927	10595	13	10	3	1.82	1
924	928	12633	14	3	11	-2.09	-1
924	929	11276	12	9	3	1.56	1
924	930	10982	12	4	8	-1.04	-1
924	931	10919	12	6	6	0.00	1
924	932	10885	12	6	6	0.00	1
924	933	10523	11	6	5	0.26	1
924	934	10393	11	4	7	-0.78	-1
924	935	9899	10	3	7	-1.04	-1
924	936	9353	10	5	5	0.00	1
924	937	8953	10	3	7	-1.04	-1
924	938	8616	10	7	3	1.04	1
924	939	7890	10	7	3	1.04	1
924	940	7697	10	3	7	-1.04	-1
924	941	7663	10	5	5	0.00	1
924	942	7411	10	5	5	0.00	1
924	943	7242	10	3	7	-1.04	-1
924	944	6693	9	6	3	0.78	1
924	945	6651	9	4	5	-0.26	-1
924	946	5667	6	4	2	0.52	1
924	947	5322	6	4	2	0.52	1
924	948	5131	6	2	4	-0.52	-1
924	949	5056	6	3	3	0.00	1
924	950	4533	6	4	2	0.52	1
924	951	4428	6	2	4	-0.52	-1
924	952	4100	5	2	3	-0.26	-1
924	953	3802	5	3	2	0.26	1
924	954	3697	5	3	2	0.26	1
924	955	3629	5	4	1	0.78	1
924	956	3479	5	2	3	-0.26	-1
924	957	3421	5	2	3	-0.26	-1
924	958	3005	5	4	1	0.78	1
924	959	2656	2	2	0	0.52	1
924	960	2187	2	1	1	0.00	1
924	961	1680	2	1	1	0.00	1
925	926	19223	20	10	10	0.00	1
925	927	10595	13	6	7	-0.26	-1
925	928	17743	18	10	8	0.52	1
925	929	16386	16	11	5	1.56	1
925	930	16092	16	6	10	-1.04	-1
925	931	13291	13	7	6	0.26	1
925	932	15995	16	3	13	-2.61	-1
925	933	15633	15	7	8	-0.26	-1
925	934	15503	15	10	5	1.30	1
925	935	13736	14	5	9	-1.04	-1
925	936	14463	14	7	7	0.00	1
925	937	13727	14	5	9	-1.04	-1
925	938	13726	14	4	10	-1.56	-1
925	939	13000	14	6	8	-0.52	-1
925	940	12807	14	7	7	0.00	1
925	941	12773	14	7	7	0.00	1
925	942	12521	14	7	7	0.00	1
925	943	12352	14	7	7	0.00	1
925	944	11803	13	7	6	0.26	1
925	945	11761	13	6	7	-0.26	-1
925	946	10777	10	5	5	0.00	1
925	947	10432	10	4	6	-0.52	-1
925	948	10241	10	7	3	1.04	1
925	949	10166	10	4	6	-0.52	-1
925	950	9643	10	6	4	0.52	1
925	951	9538	10	4	6	-0.52	-1
925	952	9210	9	4	5	-0.26	-1
925	953	8912	9	3	6	-0.78	-1
925	954	8807	9	5	4	0.26	1
925	955	8739	9	6	3	0.78	1
925	956	8589	9	3	6	-0.78	-1
925	957	8531	9	6	3	0.78	1
925	958	8115	9	7	2	1.30	1
925	959	7766	6	1	5	-1.04	-1
925	960	7297	6	4	2	0.52	1
925	961	6790	6	3	3	0.00	1
925	962	5465	4	0	4	-1.04	-1
925	963	5284	4	2	2	0.00	1
925	964	5103	4	2	2	0.00	1
925	965	4200	4	3	1	0.52	1
925	966	4066	4	0	4	-1.04	-1
925	967	3784	3	2	1	0.26	1
925	968	3713	3	2	1	0.26	1
925	969	2606	3	1	2	-0.26	-1
925	970	2388	3	1	2	-0.26	-1
925	971	2328	3	3	0	0.78	1
925	972	2301	3	1	2	-0.26	-1
926	927	10595	13	5	8	-0.78	-1
926	928	17983	18	9	9	0.00	1
926	929	17239	16	10	6	1.04	1
926	930	16945	16	13	3	2.61	1
926	931	13291	13	11	2	2.35	1
926	932	16848	16	6	10	-1.04	-1
926	933	16486	15	7	8	-0.26	-1
926	934	15616	15	7	8	-0.26	-1
926	935	13736	14	5	9	-1.04	-1
926	936	15316	14	9	5	1.04	1
926	937	13727	14	5	9	-1.04	-1
926	938	14579	14	9	5	1.04	1
926	939	13853	14	6	8	-0.52	-1
926	940	13660	14	9	5	1.04	1
926	941	13626	14	7	7	0.00	1
926	942	13374	14	6	8	-0.52	-1
926	943	13205	14	10	4	1.56	1
926	944	12656	13	7	6	0.26	1
926	945	12614	13	6	7	-0.26	-1
926	946	11630	10	4	6	-0.52	-1
926	947	11285	10	3	7	-1.04	-1
926	948	11094	10	4	6	-0.52	-1
926	949	11019	10	6	4	0.52	1
926	950	10496	10	5	5	0.00	1
926	951	10391	10	8	2	1.56	1
926	952	10063	9	3	6	-0.78	-1
926	953	9765	9	5	4	0.26	1
926	954	9660	9	6	3	0.78	1
926	955	9592	9	3	6	-0.78	-1
926	956	9442	9	6	3	0.78	1
926	957	9384	9	5	4	0.26	1
926	958	8968	9	4	5	-0.26	-1
926	959	8619	6	3	3	0.00	1
926	960	8150	6	2	4	-0.52	-1
926	961	7643	6	2	4	-0.52	-1
926	962	6318	4	1	3	-0.52	-1
926	963	6137	4	1	3	-0.52	-1
926	964	5956	4	3	1	0.52	1
926	965	5053	4	1	3	-0.52	-1
926	966	4919	4	2	2	0.00	1
926	967	4637	3	2	1	0.26	1
926	968	4566	3	0	3	-0.78	-1
926	969	3459	3	2	1	0.26	1
926	970	3241	3	3	0	0.78	1
926	971	3181	3	3	0	0.78	1
926	972	3154	3	1	2	-0.26	-1
927	928	10324	12	6	6	0.00	1
927	929	8967	10	5	5	0.00	1
927	930	8673	10	4	6	-0.52	-1
927	931	8610	10	3	7	-1.04	-1
927	932	8576	10	3	7	-1.04	-1
927	933	8214	9	3	6	-0.78	-1
927	934	8084	9	6	3	0.78	1
927	935	7590	8	3	5	-0.52	-1
927	936	7044	8	3	5	-0.52	-1
927	937	6644	8	4	4	0.00	1
927	938	6307	8	4	4	0.00	1
927	939	5581	8	4	4	0.00	1
927	940	5388	8	3	5	-0.52	-1
927	941	5354	8	2	6	-1.04	-1
927	942	5102	8	3	5	-0.52	-1
927	943	4933	8	4	4	0.00	1
927	944	4384	7	6	1	1.30	1
927	945	4342	7	5	2	0.78	1
927	946	3358	4	2	2	0.00	1
927	947	3013	4	2	2	0.00	1
927	948	2822	4	4	0	1.04	1
927	949	2747	4	3	1	0.52	1
927	950	2224	4	2	2	0.00	1
927	951	2119	4	1	3	-0.52	-1
927	952	1791	3	1	2	-0.26	-1
927	953	1493	3	3	0	0.78	1
927	954	1388	3	1	2	-0.26	-1
927	955	1320	3	2	1	0.26	1
927	956	1170	3	2	1	0.26	1
927	957	1112	3	1	2	-0.26	-1
927	958	696	3	1	2	-0.26	-1
928	929	16626	16	7	9	-0.52	-1
928	930	16332	16	5	11	-1.56	-1
928	931	13291	13	7	6	0.26	1
928	932	16235	16	6	10	-1.04	-1
928	933	15873	15	8	7	0.26	1
928	934	15616	15	7	8	-0.26	-1
928	935	13736	14	5	9	-1.04	-1
928	936	14703	14	4	10	-1.56	-1
928	937	13727	14	5	9	-1.04	-1
928	938	13966	14	7	7	0.00	1
928	939	13240	14	8	6	0.52	1
928	940	13047	14	6	8	-0.52	-1
928	941	13013	14	10	4	1.56	1
928	942	12761	14	9	5	1.04	1
928	943	12592	14	6	8	-0.52	-1
928	944	12043	13	2	11	-2.35	-1
928	945	12001	13	6	7	-0.26	-1
928	946	11017	10	4	6	-0.52	-1
928	947	10672	10	9	1	2.09	1
928	948	10481	10	6	4	0.52	1
928	949	10406	10	6	4	0.52	1
928	950	9883	10	2	8	-1.56	-1
928	951	9778	10	8	2	1.56	1
928	952	9450	9	6	3	0.78	1
928	953	9152	9	5	4	0.26	1
928	954	9047	9	7	2	1.30	1
928	955	8979	9	6	3	0.78	1
928	956	8829	9	1	8	-1.82	-1
928	957	8771	9	5	4	0.26	1
928	958	8355	9	2	7	-1.30	-1
928	959	8006	6	3	3	0.00	1
928	960	7537	6	3	3	0.00	1
928	961	7030	6	4	2	0.52	1
928	962	5705	4	2	2	0.00	1
928	963	5524	4	3	1	0.52	1
928	964	5343	4	2	2	0.00	1
928	965	4440	4	2	2	0.00	1
928	966	4306	4	0	4	-1.04	-1
928	967	4024	3	1	2	-0.26	-1
928	968	3953	3	1	2	-0.26	-1
928	969	2846	3	1	2	-0.26	-1
928	970	2628	3	0	3	-0.78	-1
928	971	2568	3	1	2	-0.26	-1
928	972	2541	3	3	0	0.78	1
929	930	17906	16	9	7	0.52	1
929	931	13291	13	6	7	-0.26	-1
929	932	18715	16	9	7	0.52	1
929	933	18353	15	8	7	0.26	1
929	934	15616	15	7	8	-0.26	-1
929	935	13736	14	6	8	-0.52	-1
929	936	17183	14	3	11	-2.09	-1
929	937	13727	14	7	7	0.00	1
929	938	15968	14	7	7	0.00	1
929	939	15720	14	9	5	1.04	1
929	940	15527	14	3	11	-2.09	-1
929	941	15493	14	6	8	-0.52	-1
929	942	15241	14	11	3	2.09	1
929	943	13968	14	10	4	1.56	1
929	944	14523	13	2	11	-2.35	-1
929	945	14481	13	7	6	0.26	1
929	946	13497	10	5	5	0.00	1
929	947	13152	10	5	5	0.00	1
929	948	12961	10	6	4	0.52	1
929	949	12886	10	4	6	-0.52	-1
929	950	10861	10	2	8	-1.56	-1
929	951	12258	10	3	7	-1.04	-1
929	952	11930	9	6	3	0.78	1
929	953	11632	9	4	5	-0.26	-1
929	954	11527	9	2	7	-1.30	-1
929	955	11459	9	5	4	0.26	1
929	956	11309	9	3	6	-0.78	-1
929	957	11251	9	8	1	1.82	1
929	958	10835	9	4	5	-0.26	-1
929	959	10486	6	3	3	0.00	1
929	960	10017	6	3	3	0.00	1
929	961	9510	6	3	3	0.00	1
929	962	8185	4	2	2	0.00	1
929	963	8004	4	3	1	0.52	1
929	964	7823	4	3	1	0.52	1
929	965	6920	4	3	1	0.52	1
929	966	6786	4	0	4	-1.04	-1
929	967	6504	3	1	2	-0.26	-1
929	968	6433	3	3	0	0.78	1
929	969	5326	3	2	1	0.26	1
929	970	5108	3	1	2	-0.26	-1
929	971	5048	3	2	1	0.26	1
929	972	5021	3	3	0	0.78	1
930	931	13291	13	8	5	0.78	1
930	932	17809	16	9	7	0.52	1
930	933	17447	15	6	9	-0.78	-1
930	934	15616	15	8	7	0.26	1
930	935	13736	14	9	5	1.04	1
930	936	16277	14	5	9	-1.04	-1
930	937	13727	14	8	6	0.52	1
930	938	15540	14	5	9	-1.04	-1
930	939	14814	14	6	8	-0.52	-1
930	940	14621	14	11	3	2.09	1
930	941	14587	14	7	7	0.00	1
930	942	14335	14	5	9	-1.04	-1
930	943	13968	14	4	10	-1.56	-1
930	944	13617	13	6	7	-0.26	-1
930	945	13575	13	6	7	-0.26	-1
930	946	12591	10	3	7	-1.04	-1
930	947	12246	10	8	2	1.56	1
930	948	12055	10	4	6	-0.52	-1
930	949	11980	10	3	7	-1.04	-1
930	950	10861	10	9	1	2.09	1
930	951	11352	10	6	4	0.52	1
930	952	11024	9	5	4	0.26	1
930	953	10726	9	7	2	1.30	1
930	954	10621	9	3	6	-0.78	-1
930	955	10553	9	5	4	0.26	1
930	956	10403	9	4	5	-0.26	-1
930	957	10345	9	3	6	-0.78	-1
930	958	9929	9	6	3	0.78	1
930	959	9580	6	3	3	0.00	1
930	960	9111	6	1	5	-1.04	-1
930	961	8604	6	3	3	0.00	1
930	962	7279	4	3	1	0.52	1
930	963	7098	4	1	3	-0.52	-1
930	964	6917	4	2	2	0.00	1
930	965	6014	4	1	3	-0.52	-1
930	966	5880	4	4	0	1.04	1
930	967	5598	3	2	1	0.26	1
930	968	5527	3	0	3	-0.78	-1
930	969	4420	3	3	0	0.78	1
930	970	4202	3	1	2	-0.26	-1
930	971	4142	3	2	1	0.26	1
930	972	4115	3	2	1	0.26	1
931	932	13257	13	10	3	1.82	1
931	933	12895	12	8	4	1.04	1
931	934	12765	12	7	5	0.52	1
931	935	12271	11	4	7	-0.78	-1
931	936	11725	11	8	3	1.30	1
931	937	11325	11	5	6	-0.26	-1
931	938	10988	11	5	6	-0.26	-1
931	939	10262	11	5	6	-0.26	-1
931	940	10069	11	7	4	0.78	1
931	941	10035	11	5	6	-0.26	-1
931	942	9783	11	5	6	-0.26	-1
931	943	9614	11	7	4	0.78	1
931	944	9065	10	6	4	0.52	1
931	945	9023	10	5	5	0.00	1
931	946	8039	7	2	5	-0.78	-1
931	947	7694	7	3	4	-0.26	-1
931	948	7503	7	1	6	-1.30	-1
931	949	7428	7	3	4	-0.26	-1
931	950	6905	7	3	4	-0.26	-1
931	951	6800	7	4	3	0.26	1
931	952	6472	6	2	4	-0.52	-1
931	953	6174	6	1	5	-1.04	-1
931	954	6069	6	0	6	-1.56	-1
931	955	6001	6	2	4	-0.52	-1
931	956	5851	6	3	3	0.00	1
931	957	5793	6	5	1	1.04	1
931	958	5377	6	0	6	-1.56	-1
931	959	5028	3	2	1	0.26	1
931	960	4559	3	0	3	-0.78	-1
931	961	4052	3	2	1	0.26	1
931	962	2727	1	0	1	-0.26	-1
931	963	2546	1	0	1	-0.26	-1
931	964	2365	1	1	0	0.26	1
931	965	1462	1	0	1	-0.26	-1
931	966	1328	1	1	0	0.26	1
932	933	18641	15	10	5	1.30	1
932	934	15616	15	4	11	-1.82	-1
932	935	13736	14	10	4	1.56	1
932	936	19002	16	8	8	0.00	1
932	937	13727	14	5	9	-1.04	-1
932	938	15968	14	7	7	0.00	1
932	939	18281	17	7	10	-0.78	-1
932	940	18088	17	12	5	1.82	1
932	941	18054	17	7	10	-0.78	-1
932	942	17802	17	8	9	-0.26	-1
932	943	13968	14	7	7	0.00	1
932	944	17084	16	7	9	-0.52	-1
932	945	15001	13	5	8	-0.78	-1
932	946	16058	13	6	7	-0.26	-1
932	947	14683	11	6	5	0.26	1
932	948	15271	12	7	5	0.52	1
932	949	15447	13	9	4	1.30	1
932	950	10861	10	9	1	2.09	1
932	951	14819	13	8	5	0.78	1
932	952	14491	12	3	9	-1.56	-1
932	953	14193	12	4	8	-1.04	-1
932	954	14088	12	5	7	-0.52	-1
932	955	13720	11	5	6	-0.26	-1
932	956	13317	11	8	3	1.30	1
932	957	13812	12	6	6	0.00	1
932	958	12162	10	2	8	-1.56	-1
932	959	13047	9	5	4	0.26	1
932	960	11678	7	5	2	0.78	1
932	961	10279	6	4	2	0.52	1
932	962	10746	7	4	3	0.26	1
932	963	10565	7	2	5	-0.78	-1
932	964	10384	7	5	2	0.78	1
932	965	9481	7	2	5	-0.78	-1
932	966	9347	7	4	3	0.26	1
932	967	9065	6	3	3	0.00	1
932	968	8994	6	4	2	0.52	1
932	969	7887	6	2	4	-0.52	-1
932	970	7669	6	4	2	0.52	1
932	971	7609	6	4	2	0.52	1
932	972	7582	6	2	4	-0.52	-1
932	973	6787	3	1	2	-0.26	-1
932	974	6542	3	3	0	0.78	1
932	975	5870	3	3	0	0.78	1
932	976	4183	3	3	0	0.78	1
932	977	4076	3	0	3	-0.78	-1
932	978	3807	3	2	1	0.26	1
932	979	3617	3	0	3	-0.78	-1
932	980	2636	3	0	3	-0.78	-1
932	981	2604	3	2	1	0.26	1
932	982	1817	3	3	0	0.78	1
932	983	1531	3	2	1	0.26	1
932	984	1100	2	1	1	0.00	1
932	985	699	1	1	0	0.26	1
932	986	554	1	0	1	-0.26	-1
932	987	302	1	0	1	-0.26	-1
933	934	15616	15	8	7	0.26	1
933	935	13736	14	5	9	-1.04	-1
933	936	17471	14	6	8	-0.52	-1
933	937	13727	14	3	11	-2.09	-1
933	938	15968	14	5	9	-1.04	-1
933	939	16008	14	5	9	-1.04	-1
933	940	15815	14	4	10	-1.56	-1
933	941	15781	14	11	3	2.09	1
933	942	15529	14	5	9	-1.04	-1
933	943	13968	14	6	8	-0.52	-1
933	944	14811	13	7	6	0.26	1
933	945	14769	13	8	5	0.78	1
933	946	13785	10	3	7	-1.04	-1
933	947	13440	10	8	2	1.56	1
933	948	13249	10	5	5	0.00	1
933	949	13174	10	5	5	0.00	1
933	950	10861	10	5	5	0.00	1
933	951	12546	10	7	3	1.04	1
933	952	12218	9	6	3	0.78	1
933	953	11920	9	5	4	0.26	1
933	954	11815	9	3	6	-0.78	-1
933	955	11747	9	8	1	1.82	1
933	956	11597	9	3	6	-0.78	-1
933	957	11539	9	3	6	-0.78	-1
933	958	11123	9	1	8	-1.82	-1
933	959	10774	6	4	2	0.52	1
933	960	10305	6	2	4	-0.52	-1
933	961	9798	6	4	2	0.52	1
933	962	8473	4	2	2	0.00	1
933	963	8292	4	3	1	0.52	1
933	964	8111	4	2	2	0.00	1
933	965	7208	4	1	3	-0.52	-1
933	966	7074	4	4	0	1.04	1
933	967	6792	3	1	2	-0.26	-1
933	968	6721	3	0	3	-0.78	-1
933	969	5614	3	1	2	-0.26	-1
933	970	5396	3	2	1	0.26	1
933	971	5336	3	2	1	0.26	1
933	972	5309	3	2	1	0.26	1
934	935	13736	14	7	7	0.00	1
934	936	14576	14	6	8	-0.52	-1
934	937	13727	14	11	3	2.09	1
934	938	13839	14	8	6	0.52	1
934	939	13113	14	9	5	1.04	1
934	940	12920	14	8	6	0.52	1
934	941	12886	14	8	6	0.52	1
934	942	12634	14	8	6	0.52	1
934	943	12465	14	7	7	0.00	1
934	944	11916	13	3	10	-1.82	-1
934	945	11874	13	5	8	-0.78	-1
934	946	10890	10	5	5	0.00	1
934	947	10545	10	6	4	0.52	1
934	948	10354	10	6	4	0.52	1
934	949	10279	10	2	8	-1.56	-1
934	950	9756	10	5	5	0.00	1
934	951	9651	10	7	3	1.04	1
934	952	9323	9	2	7	-1.30	-1
934	953	9025	9	5	4	0.26	1
934	954	8920	9	3	6	-0.78	-1
934	955	8852	9	8	1	1.82	1
934	956	8702	9	4	5	-0.26	-1
934	957	8644	9	4	5	-0.26	-1
934	958	8228	9	8	1	1.82	1
934	959	7879	6	4	2	0.52	1
934	960	7410	6	4	2	0.52	1
934	961	6903	6	5	1	1.04	1
934	962	5578	4	2	2	0.00	1
934	963	5397	4	2	2	0.00	1
934	964	5216	4	3	1	0.52	1
934	965	4313	4	1	3	-0.52	-1
934	966	4179	4	1	3	-0.52	-1
934	967	3897	3	0	3	-0.78	-1
934	968	3826	3	3	0	0.78	1
934	969	2719	3	2	1	0.26	1
934	970	2501	3	0	3	-0.78	-1
934	971	2441	3	2	1	0.26	1
934	972	2414	3	0	3	-0.78	-1
935	936	13190	14	4	10	-1.56	-1
935	937	12790	14	6	8	-0.52	-1
935	938	12453	14	7	7	0.00	1
935	939	11727	14	7	7	0.00	1
935	940	11534	14	9	5	1.04	1
935	941	11500	14	7	7	0.00	1
935	942	11248	14	7	7	0.00	1
935	943	11079	14	10	4	1.56	1
935	944	10530	13	11	2	2.35	1
935	945	10488	13	4	9	-1.30	-1
935	946	9504	10	5	5	0.00	1
935	947	9159	10	4	6	-0.52	-1
935	948	8968	10	4	6	-0.52	-1
935	949	8893	10	6	4	0.52	1
935	950	8370	10	6	4	0.52	1
935	951	8265	10	7	3	1.04	1
935	952	7937	9	5	4	0.26	1
935	953	7639	9	4	5	-0.26	-1
935	954	7534	9	5	4	0.26	1
935	955	7466	9	4	5	-0.26	-1
935	956	7316	9	6	3	0.78	1
935	957	7258	9	4	5	-0.26	-1
935	958	6842	9	4	5	-0.26	-1
935	959	6493	6	1	5	-1.04	-1
935	960	6024	6	1	5	-1.04	-1
935	961	5517	6	3	3	0.00	1
935	962	4192	4	3	1	0.52	1
935	963	4011	4	2	2	0.00	1
935	964	3830	4	2	2	0.00	1
935	965	2927	4	3	1	0.52	1
935	966	2793	4	3	1	0.52	1
935	967	2511	3	2	1	0.26	1
935	968	2440	3	1	2	-0.26	-1
935	969	1333	3	1	2	-0.26	-1
935	970	1115	3	1	2	-0.26	-1
935	971	1055	3	1	2	-0.26	-1
935	972	1028	3	1	2	-0.26	-1
936	937	13727	14	6	8	-0.52	-1
936	938	15968	14	7	7	0.00	1
936	939	17539	16	8	8	0.00	1
936	940	17346	16	6	10	-1.04	-1
936	941	17312	16	10	6	1.04	1
936	942	17060	16	5	11	-1.56	-1
936	943	13968	14	5	9	-1.04	-1
936	944	16342	15	10	5	1.30	1
936	945	15001	13	4	9	-1.30	-1
936	946	15316	12	4	8	-1.04	-1
936	947	14683	11	6	5	0.26	1
936	948	14780	12	4	8	-1.04	-1
936	949	14705	12	5	7	-0.52	-1
936	950	10861	10	8	2	1.56	1
936	951	14077	12	6	6	0.00	1
936	952	13749	11	7	4	0.78	1
936	953	13451	11	5	6	-0.26	-1
936	954	13346	11	3	8	-1.30	-1
936	955	13278	11	5	6	-0.26	-1
936	956	13128	11	5	6	-0.26	-1
936	957	13070	11	6	5	0.26	1
936	958	12162	10	3	7	-1.04	-1
936	959	12305	8	5	3	0.52	1
936	960	11678	7	5	2	0.78	1
936	961	10279	6	4	2	0.52	1
936	962	10004	6	3	3	0.00	1
936	963	9823	6	3	3	0.00	1
936	964	9642	6	1	5	-1.04	-1
936	965	8739	6	4	2	0.52	1
936	966	8605	6	5	1	1.04	1
936	967	8323	5	3	2	0.26	1
936	968	8252	5	1	4	-0.78	-1
936	969	7145	5	3	2	0.26	1
936	970	6927	5	2	3	-0.26	-1
936	971	6867	5	2	3	-0.26	-1
936	972	6840	5	1	4	-0.78	-1
936	973	6045	2	0	2	-0.52	-1
936	974	5800	2	1	1	0.00	1
936	975	5128	2	1	1	0.00	1
936	976	3441	2	1	1	0.00	1
936	977	3334	2	0	2	-0.52	-1
936	978	3065	2	0	2	-0.52	-1
936	979	2875	2	1	1	0.00	1
936	980	1894	2	2	0	0.52	1
936	981	1862	2	1	1	0.00	1
936	982	1075	2	0	2	-0.52	-1
936	983	789	2	2	0	0.52	1
936	984	358	1	1	0	0.26	1
937	938	13390	14	11	3	2.09	1
937	939	12664	14	10	4	1.56	1
937	940	12471	14	6	8	-0.52	-1
937	941	12437	14	8	6	0.52	1
937	942	12185	14	7	7	0.00	1
937	943	12016	14	5	9	-1.04	-1
937	944	11467	13	5	8	-0.78	-1
937	945	11425	13	10	3	1.82	1
937	946	10441	10	4	6	-0.52	-1
937	947	10096	10	8	2	1.56	1
937	948	9905	10	6	4	0.52	1
937	949	9830	10	4	6	-0.52	-1
937	950	9307	10	4	6	-0.52	-1
937	951	9202	10	3	7	-1.04	-1
937	952	8874	9	7	2	1.30	1
937	953	8576	9	6	3	0.78	1
937	954	8471	9	6	3	0.78	1
937	955	8403	9	5	4	0.26	1
937	956	8253	9	2	7	-1.30	-1
937	957	8195	9	8	1	1.82	1
937	958	7779	9	8	1	1.82	1
937	959	7430	6	4	2	0.52	1
937	960	6961	6	4	2	0.52	1
937	961	6454	6	3	3	0.00	1
937	962	5129	4	3	1	0.52	1
937	963	4948	4	1	3	-0.52	-1
937	964	4767	4	4	0	1.04	1
937	965	3864	4	3	1	0.52	1
937	966	3730	4	2	2	0.00	1
937	967	3448	3	1	2	-0.26	-1
937	968	3377	3	3	0	0.78	1
937	969	2270	3	3	0	0.78	1
937	970	2052	3	2	1	0.26	1
937	971	1992	3	1	2	-0.26	-1
937	972	1965	3	3	0	0.78	1
938	939	15242	14	7	7	0.00	1
938	940	15049	14	6	8	-0.52	-1
938	941	15015	14	4	10	-1.56	-1
938	942	14763	14	8	6	0.52	1
938	943	13968	14	6	8	-0.52	-1
938	944	14045	13	7	6	0.26	1
938	945	14003	13	8	5	0.78	1
938	946	13019	10	6	4	0.52	1
938	947	12674	10	7	3	1.04	1
938	948	12483	10	4	6	-0.52	-1
938	949	12408	10	3	7	-1.04	-1
938	950	10861	10	5	5	0.00	1
938	951	11780	10	1	9	-2.09	-1
938	952	11452	9	8	1	1.82	1
938	953	11154	9	6	3	0.78	1
938	954	11049	9	7	2	1.30	1
938	955	10981	9	7	2	1.30	1
938	956	10831	9	4	5	-0.26	-1
938	957	10773	9	4	5	-0.26	-1
938	958	10357	9	3	6	-0.78	-1
938	959	10008	6	4	2	0.52	1
938	960	9539	6	3	3	0.00	1
938	961	9032	6	5	1	1.04	1
938	962	7707	4	3	1	0.52	1
938	963	7526	4	2	2	0.00	1
938	964	7345	4	2	2	0.00	1
938	965	6442	4	3	1	0.52	1
938	966	6308	4	2	2	0.00	1
938	967	6026	3	3	0	0.78	1
938	968	5955	3	2	1	0.26	1
938	969	4848	3	1	2	-0.26	-1
938	970	4630	3	3	0	0.78	1
938	971	4570	3	1	2	-0.26	-1
938	972	4543	3	2	1	0.26	1
939	940	19997	17	8	9	-0.26	-1
939	941	19791	17	8	9	-0.26	-1
939	942	23728	18	12	6	1.56	1
939	943	13968	14	8	6	0.52	1
939	944	21628	17	9	8	0.26	1
939	945	15001	13	7	6	0.26	1
939	946	18688	14	8	6	0.52	1
939	947	14683	11	4	7	-0.78	-1
939	948	15271	12	4	8	-1.04	-1
939	949	16248	13	8	5	0.78	1
939	950	10861	10	5	5	0.00	1
939	951	20745	14	4	10	-1.56	-1
939	952	14491	12	7	5	0.52	1
939	953	15853	12	8	4	1.04	1
939	954	20014	13	11	2	2.35	1
939	955	13720	11	6	5	0.26	1
939	956	13317	11	8	3	1.30	1
939	957	15279	12	7	5	0.52	1
939	958	12162	10	6	4	0.52	1
939	959	18973	10	5	5	0.00	1
939	960	11678	7	6	1	1.30	1
939	961	10279	6	3	3	0.00	1
939	962	15071	8	3	5	-0.52	-1
939	963	16491	8	4	4	0.00	1
939	964	16310	8	6	2	1.04	1
939	965	15407	8	4	4	0.00	1
939	966	14868	8	5	3	0.52	1
939	967	14991	7	4	3	0.26	1
939	968	13080	7	6	1	1.30	1
939	969	13813	7	3	4	-0.26	-1
939	970	11869	7	1	6	-1.30	-1
939	971	13535	7	3	4	-0.26	-1
939	972	13508	7	1	6	-1.30	-1
939	973	12713	4	1	3	-0.52	-1
939	974	12468	4	2	2	0.00	1
939	975	11796	4	1	3	-0.52	-1
939	976	10109	4	1	3	-0.52	-1
939	977	10002	4	3	1	0.52	1
939	978	9733	4	3	1	0.52	1
939	979	9543	4	3	1	0.52	1
939	980	8562	4	1	3	-0.52	-1
939	981	8530	4	4	0	1.04	1
939	982	7743	4	0	4	-1.04	-1
939	983	7457	4	1	3	-0.52	-1
939	984	7026	3	2	1	0.26	1
939	985	6625	2	2	0	0.52	1
939	986	6480	2	2	0	0.52	1
939	987	6228	2	2	0	0.52	1
939	988	5673	1	0	1	-0.26	-1
939	989	5181	1	0	1	-0.26	-1
939	990	4334	1	0	1	-0.26	-1
940	941	19791	17	9	8	0.26	1
940	942	19711	17	8	9	-0.26	-1
940	943	13968	14	7	7	0.00	1
940	944	18993	16	11	5	1.56	1
940	945	15001	13	8	5	0.78	1
940	946	17967	13	5	8	-0.78	-1
940	947	14683	11	6	5	0.26	1
940	948	15271	12	2	10	-2.09	-1
940	949	16248	13	5	8	-0.78	-1
940	950	10861	10	4	6	-0.52	-1
940	951	16728	13	6	7	-0.26	-1
940	952	14491	12	1	11	-2.61	-1
940	953	15853	12	6	6	0.00	1
940	954	15997	12	2	10	-2.09	-1
940	955	13720	11	4	7	-0.78	-1
940	956	13317	11	6	5	0.26	1
940	957	15279	12	5	7	-0.52	-1
940	958	12162	10	5	5	0.00	1
940	959	14956	9	4	5	-0.26	-1
940	960	11678	7	3	4	-0.26	-1
940	961	10279	6	4	2	0.52	1
940	962	12655	7	6	1	1.30	1
940	963	12474	7	5	2	0.78	1
940	964	12293	7	3	4	-0.26	-1
940	965	11390	7	0	7	-1.82	-1
940	966	11256	7	5	2	0.78	1
940	967	10974	6	5	1	1.04	1
940	968	10903	6	3	3	0.00	1
940	969	9796	6	3	3	0.00	1
940	970	9578	6	3	3	0.00	1
940	971	9518	6	4	2	0.52	1
940	972	9491	6	1	5	-1.04	-1
940	973	8696	3	2	1	0.26	1
940	974	8451	3	3	0	0.78	1
940	975	7779	3	1	2	-0.26	-1
940	976	6092	3	2	1	0.26	1
940	977	5985	3	2	1	0.26	1
940	978	5716	3	1	2	-0.26	-1
940	979	5526	3	2	1	0.26	1
940	980	4545	3	0	3	-0.78	-1
940	981	4513	3	2	1	0.26	1
940	982	3726	3	2	1	0.26	1
940	983	3440	3	3	0	0.78	1
940	984	3009	2	2	0	0.52	1
940	985	2608	1	0	1	-0.26	-1
940	986	2463	1	1	0	0.26	1
940	987	2211	1	1	0	0.26	1
941	942	19539	17	6	11	-1.30	-1
941	943	13968	14	8	6	0.52	1
941	944	18821	16	8	8	0.00	1
941	945	15001	13	9	4	1.30	1
941	946	17795	13	6	7	-0.26	-1
941	947	14683	11	6	5	0.26	1
941	948	15271	12	5	7	-0.52	-1
941	949	16248	13	6	7	-0.26	-1
941	950	10861	10	5	5	0.00	1
941	951	16556	13	6	7	-0.26	-1
941	952	14491	12	5	7	-0.52	-1
941	953	15853	12	6	6	0.00	1
941	954	15825	12	8	4	1.04	1
941	955	13720	11	6	5	0.26	1
941	956	13317	11	7	4	0.78	1
941	957	15279	12	4	8	-1.04	-1
941	958	12162	10	6	4	0.52	1
941	959	14784	9	4	5	-0.26	-1
941	960	11678	7	4	3	0.26	1
941	961	10279	6	2	4	-0.52	-1
941	962	12483	7	2	5	-0.78	-1
941	963	12302	7	5	2	0.78	1
941	964	12121	7	3	4	-0.26	-1
941	965	11218	7	1	6	-1.30	-1
941	966	11084	7	0	7	-1.82	-1
941	967	10802	6	4	2	0.52	1
941	968	10731	6	3	3	0.00	1
941	969	9624	6	2	4	-0.52	-1
941	970	9406	6	5	1	1.04	1
941	971	9346	6	4	2	0.52	1
941	972	9319	6	3	3	0.00	1
941	973	8524	3	2	1	0.26	1
941	974	8279	3	2	1	0.26	1
941	975	7607	3	2	1	0.26	1
941	976	5920	3	2	1	0.26	1
941	977	5813	3	2	1	0.26	1
941	978	5544	3	1	2	-0.26	-1
941	979	5354	3	1	2	-0.26	-1
941	980	4373	3	2	1	0.26	1
941	981	4341	3	1	2	-0.26	-1
941	982	3554	3	3	0	0.78	1
941	983	3268	3	2	1	0.26	1
941	984	2837	2	1	1	0.00	1
941	985	2436	1	1	0	0.26	1
941	986	2291	1	0	1	-0.26	-1
941	987	2039	1	1	0	0.26	1
942	943	13968	14	5	9	-1.04	-1
942	944	21628	17	9	8	0.26	1
942	945	15001	13	7	6	0.26	1
942	946	18688	14	7	7	0.00	1
942	947	14683	11	7	4	0.78	1
942	948	15271	12	6	6	0.00	1
942	949	16248	13	5	8	-0.78	-1
942	950	10861	10	4	6	-0.52	-1
942	951	21235	15	5	10	-1.30	-1
942	952	14491	12	8	4	1.04	1
942	953	15853	12	7	5	0.52	1
942	954	20504	14	10	4	1.56	1
942	955	13720	11	8	3	1.30	1
942	956	13317	11	3	8	-1.30	-1
942	957	15279	12	6	6	0.00	1
942	958	12162	10	7	3	1.04	1
942	959	19201	11	4	7	-0.78	-1
942	960	11678	7	4	3	0.26	1
942	961	10279	6	5	1	1.04	1
942	962	15071	8	3	5	-0.52	-1
942	963	16981	9	4	5	-0.26	-1
942	964	16800	9	6	3	0.78	1
942	965	15897	9	6	3	0.78	1
942	966	14868	8	6	2	1.04	1
942	967	15047	8	3	5	-0.52	-1
942	968	13080	7	2	5	-0.78	-1
942	969	14303	8	5	3	0.52	1
942	970	11869	7	3	4	-0.26	-1
942	971	14025	8	3	5	-0.52	-1
942	972	13998	8	3	5	-0.52	-1
942	973	13203	5	3	2	0.26	1
942	974	12958	5	3	2	0.26	1
942	975	12286	5	1	4	-0.78	-1
942	976	10599	5	0	5	-1.30	-1
942	977	10492	5	3	2	0.26	1
942	978	10223	5	2	3	-0.26	-1
942	979	10033	5	3	2	0.26	1
942	980	9052	5	2	3	-0.26	-1
942	981	9020	5	1	4	-0.78	-1
942	982	8233	5	3	2	0.26	1
942	983	7947	5	0	5	-1.30	-1
942	984	7516	4	1	3	-0.52	-1
942	985	7115	3	1	2	-0.26	-1
942	986	6970	3	3	0	0.78	1
942	987	6718	3	0	3	-0.78	-1
942	988	6163	2	1	1	0.00	1
942	989	5671	2	2	0	0.52	1
942	990	4824	2	1	1	0.00	1
942	991	4397	1	0	1	-0.26	-1
942	992	2941	1	0	1	-0.26	-1
942	993	2595	1	1	0	0.26	1
942	994	1843	1	1	0	0.26	1
942	995	1048	1	0	1	-0.26	-1
942	996	641	1	0	1	-0.26	-1
943	944	13419	13	5	8	-0.78	-1
943	945	13377	13	7	6	0.26	1
943	946	12393	10	2	8	-1.56	-1
943	947	12048	10	2	8	-1.56	-1
943	948	11857	10	4	6	-0.52	-1
943	949	11782	10	6	4	0.52	1
943	950	10861	10	7	3	1.04	1
943	951	11154	10	7	3	1.04	1
943	952	10826	9	4	5	-0.26	-1
943	953	10528	9	7	2	1.30	1
943	954	10423	9	5	4	0.26	1
943	955	10355	9	5	4	0.26	1
943	956	10205	9	6	3	0.78	1
943	957	10147	9	5	4	0.26	1
943	958	9731	9	7	2	1.30	1
943	959	9382	6	3	3	0.00	1
943	960	8913	6	2	4	-0.52	-1
943	961	8406	6	4	2	0.52	1
943	962	7081	4	1	3	-0.52	-1
943	963	6900	4	3	1	0.52	1
943	964	6719	4	2	2	0.00	1
943	965	5816	4	1	3	-0.52	-1
943	966	5682	4	2	2	0.00	1
943	967	5400	3	1	2	-0.26	-1
943	968	5329	3	1	2	-0.26	-1
943	969	4222	3	2	1	0.26	1
943	970	4004	3	0	3	-0.78	-1
943	971	3944	3	2	1	0.26	1
943	972	3917	3	2	1	0.26	1
944	945	15001	13	5	8	-0.78	-1
944	946	18688	14	4	10	-1.56	-1
944	947	14683	11	7	4	0.78	1
944	948	15271	12	7	5	0.52	1
944	949	16248	13	8	5	0.78	1
944	950	10861	10	5	5	0.00	1
944	951	19363	14	9	5	1.04	1
944	952	14491	12	6	6	0.00	1
944	953	15853	12	5	7	-0.52	-1
944	954	18632	13	6	7	-0.26	-1
944	955	13720	11	4	7	-0.78	-1
944	956	13317	11	7	4	0.78	1
944	957	15279	12	5	7	-0.52	-1
944	958	12162	10	5	5	0.00	1
944	959	17591	10	5	5	0.00	1
944	960	11678	7	3	4	-0.26	-1
944	961	10279	6	2	4	-0.52	-1
944	962	15071	8	4	4	0.00	1
944	963	15109	8	0	8	-2.09	-1
944	964	14928	8	2	6	-1.04	-1
944	965	14025	8	5	3	0.52	1
944	966	13891	8	5	3	0.52	1
944	967	13609	7	3	4	-0.26	-1
944	968	13080	7	4	3	0.26	1
944	969	12431	7	3	4	-0.26	-1
944	970	11869	7	5	2	0.78	1
944	971	12153	7	5	2	0.78	1
944	972	12126	7	2	5	-0.78	-1
944	973	11331	4	1	3	-0.52	-1
944	974	11086	4	3	1	0.52	1
944	975	10414	4	1	3	-0.52	-1
944	976	8727	4	3	1	0.52	1
944	977	8620	4	1	3	-0.52	-1
944	978	8351	4	2	2	0.00	1
944	979	8161	4	1	3	-0.52	-1
944	980	7180	4	1	3	-0.52	-1
944	981	7148	4	3	1	0.52	1
944	982	6361	4	1	3	-0.52	-1
944	983	6075	4	2	2	0.00	1
944	984	5644	3	1	2	-0.26	-1
944	985	5243	2	1	1	0.00	1
944	986	5098	2	1	1	0.00	1
944	987	4846	2	0	2	-0.52	-1
944	988	4291	1	0	1	-0.26	-1
944	989	3799	1	1	0	0.26	1
944	990	2952	1	0	1	-0.26	-1
945	946	14017	10	5	5	0.00	1
945	947	13672	10	9	1	2.09	1
945	948	13481	10	7	3	1.04	1
945	949	13406	10	4	6	-0.52	-1
945	950	10861	10	4	6	-0.52	-1
945	951	12778	10	5	5	0.00	1
945	952	12450	9	6	3	0.78	1
945	953	12152	9	4	5	-0.26	-1
945	954	12047	9	2	7	-1.30	-1
945	955	11979	9	6	3	0.78	1
945	956	11829	9	3	6	-0.78	-1
945	957	11771	9	8	1	1.82	1
945	958	11355	9	6	3	0.78	1
945	959	11006	6	3	3	0.00	1
945	960	10537	6	5	1	1.04	1
945	961	10030	6	5	1	1.04	1
945	962	8705	4	3	1	0.52	1
945	963	8524	4	2	2	0.00	1
945	964	8343	4	3	1	0.52	1
945	965	7440	4	4	0	1.04	1
945	966	7306	4	2	2	0.00	1
945	967	7024	3	0	3	-0.78	-1
945	968	6953	3	2	1	0.26	1
945	969	5846	3	1	2	-0.26	-1
945	970	5628	3	1	2	-0.26	-1
945	971	5568	3	0	3	-0.78	-1
945	972	5541	3	2	1	0.26	1
946	947	14683	11	6	5	0.26	1
946	948	15271	12	8	4	1.04	1
946	949	16248	13	3	10	-1.82	-1
946	950	10861	10	6	4	0.52	1
946	951	17449	14	6	8	-0.52	-1
946	952	14491	12	6	6	0.00	1
946	953	15853	12	6	6	0.00	1
946	954	16718	13	9	4	1.30	1
946	955	13720	11	8	3	1.30	1
946	956	13317	11	6	5	0.26	1
946	957	15279	12	5	7	-0.52	-1
946	958	12162	10	4	6	-0.52	-1
946	959	15677	10	4	6	-0.52	-1
946	960	11678	7	5	2	0.78	1
946	961	10279	6	2	4	-0.52	-1
946	962	13376	8	1	7	-1.56	-1
946	963	13195	8	4	4	0.00	1
946	964	13014	8	4	4	0.00	1
946	965	12111	8	4	4	0.00	1
946	966	11977	8	3	5	-0.52	-1
946	967	11695	7	4	3	0.26	1
946	968	11624	7	3	4	-0.26	-1
946	969	10517	7	2	5	-0.78	-1
946	970	10299	7	4	3	0.26	1
946	971	10239	7	4	3	0.26	1
946	972	10212	7	5	2	0.78	1
946	973	9417	4	2	2	0.00	1
946	974	9172	4	1	3	-0.52	-1
946	975	8500	4	2	2	0.00	1
946	976	6813	4	3	1	0.52	1
946	977	6706	4	2	2	0.00	1
946	978	6437	4	4	0	1.04	1
946	979	6247	4	2	2	0.00	1
946	980	5266	4	1	3	-0.52	-1
946	981	5234	4	3	1	0.52	1
946	982	4447	4	2	2	0.00	1
946	983	4161	4	2	2	0.00	1
946	984	3730	3	1	2	-0.26	-1
946	985	3329	2	2	0	0.52	1
946	986	3184	2	1	1	0.00	1
946	987	2932	2	1	1	0.00	1
946	988	2377	1	1	0	0.26	1
946	989	1885	1	0	1	-0.26	-1
946	990	1038	1	1	0	0.26	1
947	948	14492	11	8	3	1.30	1
947	949	14417	11	3	8	-1.30	-1
947	950	10861	10	2	8	-1.56	-1
947	951	13789	11	5	6	-0.26	-1
947	952	13461	10	4	6	-0.52	-1
947	953	13163	10	3	7	-1.04	-1
947	954	13058	10	6	4	0.52	1
947	955	12990	10	4	6	-0.52	-1
947	956	12840	10	3	7	-1.04	-1
947	957	12782	10	8	2	1.56	1
947	958	12162	10	6	4	0.52	1
947	959	12017	7	5	2	0.78	1
947	960	11548	7	4	3	0.26	1
947	961	10279	6	4	2	0.52	1
947	962	9716	5	4	1	0.78	1
947	963	9535	5	2	3	-0.26	-1
947	964	9354	5	3	2	0.26	1
947	965	8451	5	3	2	0.26	1
947	966	8317	5	2	3	-0.26	-1
947	967	8035	4	0	4	-1.04	-1
947	968	7964	4	3	1	0.52	1
947	969	6857	4	2	2	0.00	1
947	970	6639	4	2	2	0.00	1
947	971	6579	4	1	3	-0.52	-1
947	972	6552	4	3	1	0.52	1
947	973	5757	1	1	0	0.26	1
947	974	5512	1	0	1	-0.26	-1
947	975	4840	1	1	0	0.26	1
947	976	3153	1	1	0	0.26	1
947	977	3046	1	1	0	0.26	1
947	978	2777	1	1	0	0.26	1
947	979	2587	1	0	1	-0.26	-1
947	980	1606	1	0	1	-0.26	-1
947	981	1574	1	1	0	0.26	1
947	982	787	1	1	0	0.26	1
947	983	501	1	1	0	0.26	1
948	949	15196	12	3	9	-1.56	-1
948	950	10861	10	3	7	-1.04	-1
948	951	14568	12	3	9	-1.56	-1
948	952	14240	11	4	7	-0.78	-1
948	953	13942	11	8	3	1.30	1
948	954	13837	11	8	3	1.30	1
948	955	13720	11	7	4	0.78	1
948	956	13317	11	5	6	-0.26	-1
948	957	13561	11	5	6	-0.26	-1
948	958	12162	10	6	4	0.52	1
948	959	12796	8	4	4	0.00	1
948	960	11678	7	6	1	1.30	1
948	961	10279	6	5	1	1.04	1
948	962	10495	6	4	2	0.52	1
948	963	10314	6	4	2	0.52	1
948	964	10133	6	3	3	0.00	1
948	965	9230	6	3	3	0.00	1
948	966	9096	6	3	3	0.00	1
948	967	8814	5	1	4	-0.78	-1
948	968	8743	5	3	2	0.26	1
948	969	7636	5	1	4	-0.78	-1
948	970	7418	5	2	3	-0.26	-1
948	971	7358	5	4	1	0.78	1
948	972	7331	5	3	2	0.26	1
948	973	6536	2	1	1	0.00	1
948	974	6291	2	1	1	0.00	1
948	975	5619	2	0	2	-0.52	-1
948	976	3932	2	1	1	0.00	1
948	977	3825	2	1	1	0.00	1
948	978	3556	2	1	1	0.00	1
948	979	3366	2	0	2	-0.52	-1
948	980	2385	2	1	1	0.00	1
948	981	2353	2	1	1	0.00	1
948	982	1566	2	1	1	0.00	1
948	983	1280	2	1	1	0.00	1
948	984	849	1	1	0	0.26	1
949	950	10861	10	6	4	0.52	1
949	951	15620	13	5	8	-0.78	-1
949	952	14491	12	4	8	-1.04	-1
949	953	14994	12	6	6	0.00	1
949	954	14889	12	6	6	0.00	1
949	955	13720	11	5	6	-0.26	-1
949	956	13317	11	4	7	-0.78	-1
949	957	14613	12	5	7	-0.52	-1
949	958	12162	10	2	8	-1.56	-1
949	959	13848	9	3	6	-0.78	-1
949	960	11678	7	4	3	0.26	1
949	961	10279	6	4	2	0.52	1
949	962	11547	7	5	2	0.78	1
949	963	11366	7	3	4	-0.26	-1
949	964	11185	7	3	4	-0.26	-1
949	965	10282	7	5	2	0.78	1
949	966	10148	7	5	2	0.78	1
949	967	9866	6	5	1	1.04	1
949	968	9795	6	3	3	0.00	1
949	969	8688	6	2	4	-0.52	-1
949	970	8470	6	3	3	0.00	1
949	971	8410	6	3	3	0.00	1
949	972	8383	6	3	3	0.00	1
949	973	7588	3	1	2	-0.26	-1
949	974	7343	3	1	2	-0.26	-1
949	975	6671	3	2	1	0.26	1
949	976	4984	3	2	1	0.26	1
949	977	4877	3	0	3	-0.78	-1
949	978	4608	3	1	2	-0.26	-1
949	979	4418	3	2	1	0.26	1
949	980	3437	3	1	2	-0.26	-1
949	981	3405	3	2	1	0.26	1
949	982	2618	3	1	2	-0.26	-1
949	983	2332	3	2	1	0.26	1
949	984	1901	2	0	2	-0.52	-1
949	985	1500	1	1	0	0.26	1
949	986	1355	1	1	0	0.26	1
949	987	1103	1	0	1	-0.26	-1
950	951	10756	10	7	3	1.04	1
950	952	10428	9	3	6	-0.78	-1
950	953	10130	9	4	5	-0.26	-1
950	954	10025	9	2	7	-1.30	-1
950	955	9957	9	5	4	0.26	1
950	956	9807	9	6	3	0.78	1
950	957	9749	9	4	5	-0.26	-1
950	958	9333	9	7	2	1.30	1
950	959	8984	6	4	2	0.52	1
950	960	8515	6	1	5	-1.04	-1
950	961	8008	6	5	1	1.04	1
950	962	6683	4	2	2	0.00	1
950	963	6502	4	1	3	-0.52	-1
950	964	6321	4	1	3	-0.52	-1
950	965	5418	4	1	3	-0.52	-1
950	966	5284	4	3	1	0.52	1
950	967	5002	3	0	3	-0.78	-1
950	968	4931	3	3	0	0.78	1
950	969	3824	3	3	0	0.78	1
950	970	3606	3	1	2	-0.26	-1
950	971	3546	3	1	2	-0.26	-1
950	972	3519	3	3	0	0.78	1
951	952	14491	12	4	8	-1.04	-1
951	953	15853	12	7	5	0.52	1
951	954	20629	14	5	9	-1.04	-1
951	955	13720	11	5	6	-0.26	-1
951	956	13317	11	4	7	-0.78	-1
951	957	15279	12	4	8	-1.04	-1
951	958	12162	10	5	5	0.00	1
951	959	19201	11	6	5	0.26	1
951	960	11678	7	1	6	-1.30	-1
951	961	10279	6	3	3	0.00	1
951	962	15071	8	6	2	1.04	1
951	963	17106	9	4	5	-0.26	-1
951	964	16925	9	2	7	-1.30	-1
951	965	16022	9	4	5	-0.26	-1
951	966	14868	8	4	4	0.00	1
951	967	15047	8	3	5	-0.52	-1
951	968	13080	7	0	7	-1.82	-1
951	969	14428	8	3	5	-0.52	-1
951	970	11869	7	3	4	-0.26	-1
951	971	14150	8	3	5	-0.52	-1
951	972	14123	8	4	4	0.00	1
951	973	13328	5	0	5	-1.30	-1
951	974	13083	5	3	2	0.26	1
951	975	12411	5	4	1	0.78	1
951	976	10724	5	3	2	0.26	1
951	977	10617	5	4	1	0.78	1
951	978	10348	5	1	4	-0.78	-1
951	979	10158	5	3	2	0.26	1
951	980	9177	5	0	5	-1.30	-1
951	981	9145	5	2	3	-0.26	-1
951	982	8358	5	1	4	-0.78	-1
951	983	8072	5	2	3	-0.26	-1
951	984	7641	4	2	2	0.00	1
951	985	7240	3	1	2	-0.26	-1
951	986	7095	3	1	2	-0.26	-1
951	987	6843	3	2	1	0.26	1
951	988	6288	2	0	2	-0.52	-1
951	989	5796	2	1	1	0.00	1
951	990	4949	2	2	0	0.52	1
951	991	4522	1	1	0	0.26	1
951	992	3066	1	0	1	-0.26	-1
951	993	2720	1	1	0	0.26	1
951	994	1968	1	0	1	-0.26	-1
951	995	1173	1	0	1	-0.26	-1
951	996	766	1	0	1	-0.26	-1
952	953	14193	12	6	6	0.00	1
952	954	14088	12	6	6	0.00	1
952	955	13720	11	5	6	-0.26	-1
952	956	13317	11	5	6	-0.26	-1
952	957	13812	12	6	6	0.00	1
952	958	12162	10	7	3	1.04	1
952	959	13047	9	5	4	0.26	1
952	960	11678	7	6	1	1.30	1
952	961	10279	6	4	2	0.52	1
952	962	10746	7	7	0	1.82	1
952	963	10565	7	2	5	-0.78	-1
952	964	10384	7	5	2	0.78	1
952	965	9481	7	6	1	1.30	1
952	966	9347	7	3	4	-0.26	-1
952	967	9065	6	3	3	0.00	1
952	968	8994	6	3	3	0.00	1
952	969	7887	6	4	2	0.52	1
952	970	7669	6	1	5	-1.04	-1
952	971	7609	6	2	4	-0.52	-1
952	972	7582	6	2	4	-0.52	-1
952	973	6787	3	2	1	0.26	1
952	974	6542	3	2	1	0.26	1
952	975	5870	3	0	3	-0.78	-1
952	976	4183	3	2	1	0.26	1
952	977	4076	3	1	2	-0.26	-1
952	978	3807	3	2	1	0.26	1
952	979	3617	3	1	2	-0.26	-1
952	980	2636	3	0	3	-0.78	-1
952	981	2604	3	1	2	-0.26	-1
952	982	1817	3	1	2	-0.26	-1
952	983	1531	3	2	1	0.26	1
952	984	1100	2	2	0	0.52	1
952	985	699	1	0	1	-0.26	-1
952	986	554	1	1	0	0.26	1
952	987	302	1	0	1	-0.26	-1
953	954	15748	12	9	3	1.56	1
953	955	13720	11	5	6	-0.26	-1
953	956	13317	11	2	9	-1.82	-1
953	957	15279	12	6	6	0.00	1
953	958	12162	10	4	6	-0.52	-1
953	959	14707	9	3	6	-0.78	-1
953	960	11678	7	4	3	0.26	1
953	961	10279	6	3	3	0.00	1
953	962	12406	7	3	4	-0.26	-1
953	963	12225	7	4	3	0.26	1
953	964	12044	7	5	2	0.78	1
953	965	11141	7	3	4	-0.26	-1
953	966	11007	7	2	5	-0.78	-1
953	967	10725	6	4	2	0.52	1
953	968	10654	6	4	2	0.52	1
953	969	9547	6	3	3	0.00	1
953	970	9329	6	2	4	-0.52	-1
953	971	9269	6	5	1	1.04	1
953	972	9242	6	3	3	0.00	1
953	973	8447	3	2	1	0.26	1
953	974	8202	3	0	3	-0.78	-1
953	975	7530	3	2	1	0.26	1
953	976	5843	3	3	0	0.78	1
953	977	5736	3	2	1	0.26	1
953	978	5467	3	2	1	0.26	1
953	979	5277	3	2	1	0.26	1
953	980	4296	3	1	2	-0.26	-1
953	981	4264	3	2	1	0.26	1
953	982	3477	3	1	2	-0.26	-1
953	983	3191	3	0	3	-0.78	-1
953	984	2760	2	1	1	0.00	1
953	985	2359	1	0	1	-0.26	-1
953	986	2214	1	0	1	-0.26	-1
953	987	1962	1	0	1	-0.26	-1
954	955	13720	11	4	7	-0.78	-1
954	956	13317	11	4	7	-0.78	-1
954	957	15279	12	7	5	0.52	1
954	958	12162	10	6	4	0.52	1
954	959	19201	11	9	2	1.82	1
954	960	11678	7	4	3	0.26	1
954	961	10279	6	4	2	0.52	1
954	962	15071	8	1	7	-1.56	-1
954	963	18317	9	3	6	-0.78	-1
954	964	18316	9	6	3	0.78	1
954	965	17241	9	7	2	1.30	1
954	966	14868	8	4	4	0.00	1
954	967	15047	8	4	4	0.00	1
954	968	13080	7	5	2	0.78	1
954	969	21909	10	7	3	1.04	1
954	970	11869	7	5	2	0.78	1
954	971	20253	9	2	7	-1.30	-1
954	972	18789	8	4	4	0.00	1
954	973	14446	5	4	1	0.78	1
954	974	19121	6	2	4	-0.52	-1
954	975	19751	7	5	2	0.78	1
954	976	15389	5	3	2	0.26	1
954	977	19227	9	5	4	0.26	1
954	978	16415	6	3	3	0.00	1
954	979	17225	7	4	3	0.26	1
954	980	13072	5	3	2	0.26	1
954	981	17795	9	4	5	-0.26	-1
954	982	15682	7	3	4	-0.26	-1
954	983	12039	5	0	5	-1.30	-1
954	984	16291	8	5	3	0.52	1
954	985	15890	7	2	5	-0.78	-1
954	986	10295	3	2	1	0.26	1
954	987	15493	7	4	3	0.26	1
954	988	14938	6	5	1	1.04	1
954	989	12125	3	1	2	-0.26	-1
954	990	13599	6	3	3	0.00	1
954	991	13172	5	2	3	-0.26	-1
954	992	11716	5	2	3	-0.26	-1
954	993	11370	5	4	1	0.78	1
954	994	10618	5	5	0	1.30	1
954	995	9823	5	1	4	-0.78	-1
954	996	9416	5	2	3	-0.26	-1
954	997	8154	4	2	2	0.00	1
954	998	7661	4	1	3	-0.52	-1
954	999	7154	4	2	2	0.00	1
955	956	13317	11	3	8	-1.30	-1
955	957	13512	11	2	9	-1.82	-1
955	958	12162	10	6	4	0.52	1
955	959	12747	8	4	4	0.00	1
955	960	11678	7	5	2	0.78	1
955	961	10279	6	5	1	1.04	1
955	962	10446	6	2	4	-0.52	-1
955	963	10265	6	3	3	0.00	1
955	964	10084	6	2	4	-0.52	-1
955	965	9181	6	3	3	0.00	1
955	966	9047	6	2	4	-0.52	-1
955	967	8765	5	2	3	-0.26	-1
955	968	8694	5	3	2	0.26	1
955	969	7587	5	4	1	0.78	1
955	970	7369	5	3	2	0.26	1
955	971	7309	5	3	2	0.26	1
955	972	7282	5	4	1	0.78	1
955	973	6487	2	1	1	0.00	1
955	974	6242	2	1	1	0.00	1
955	975	5570	2	1	1	0.00	1
955	976	3883	2	2	0	0.52	1
955	977	3776	2	1	1	0.00	1
955	978	3507	2	0	2	-0.52	-1
955	979	3317	2	0	2	-0.52	-1
955	980	2336	2	2	0	0.52	1
955	981	2304	2	2	0	0.52	1
955	982	1517	2	1	1	0.00	1
955	983	1231	2	1	1	0.00	1
955	984	800	1	1	0	0.26	1
956	957	13259	11	4	7	-0.78	-1
956	958	12162	10	4	6	-0.52	-1
956	959	12494	8	2	6	-1.04	-1
956	960	11678	7	4	3	0.26	1
956	961	10279	6	2	4	-0.52	-1
956	962	10193	6	2	4	-0.52	-1
956	963	10012	6	2	4	-0.52	-1
956	964	9831	6	2	4	-0.52	-1
956	965	8928	6	2	4	-0.52	-1
956	966	8794	6	4	2	0.52	1
956	967	8512	5	3	2	0.26	1
956	968	8441	5	3	2	0.26	1
956	969	7334	5	3	2	0.26	1
956	970	7116	5	2	3	-0.26	-1
956	971	7056	5	2	3	-0.26	-1
956	972	7029	5	3	2	0.26	1
956	973	6234	2	1	1	0.00	1
956	974	5989	2	2	0	0.52	1
956	975	5317	2	2	0	0.52	1
956	976	3630	2	1	1	0.00	1
956	977	3523	2	2	0	0.52	1
956	978	3254	2	1	1	0.00	1
956	979	3064	2	1	1	0.00	1
956	980	2083	2	1	1	0.00	1
956	981	2051	2	1	1	0.00	1
956	982	1264	2	1	1	0.00	1
956	983	978	2	0	2	-0.52	-1
956	984	547	1	0	1	-0.26	-1
957	958	12162	10	6	4	0.52	1
957	959	14514	9	5	4	0.26	1
957	960	11678	7	2	5	-0.78	-1
957	961	10279	6	6	0	1.56	1
957	962	12213	7	3	4	-0.26	-1
957	963	12032	7	4	3	0.26	1
957	964	11851	7	5	2	0.78	1
957	965	10948	7	4	3	0.26	1
957	966	10814	7	5	2	0.78	1
957	967	10532	6	1	5	-1.04	-1
957	968	10461	6	5	1	1.04	1
957	969	9354	6	5	1	1.04	1
957	970	9136	6	4	2	0.52	1
957	971	9076	6	2	4	-0.52	-1
957	972	9049	6	2	4	-0.52	-1
957	973	8254	3	1	2	-0.26	-1
957	974	8009	3	0	3	-0.78	-1
957	975	7337	3	0	3	-0.78	-1
957	976	5650	3	1	2	-0.26	-1
957	977	5543	3	1	2	-0.26	-1
957	978	5274	3	0	3	-0.78	-1
957	979	5084	3	1	2	-0.26	-1
957	980	4103	3	1	2	-0.26	-1
957	981	4071	3	2	1	0.26	1
957	982	3284	3	2	1	0.26	1
957	983	2998	3	0	3	-0.78	-1
957	984	2567	2	1	1	0.00	1
957	985	2166	1	0	1	-0.26	-1
957	986	2021	1	1	0	0.26	1
957	987	1769	1	0	1	-0.26	-1
958	959	11813	7	6	1	1.30	1
958	960	11344	7	3	4	-0.26	-1
958	961	10279	6	3	3	0.00	1
958	962	9512	5	2	3	-0.26	-1
958	963	9331	5	4	1	0.78	1
958	964	9150	5	3	2	0.26	1
958	965	8247	5	5	0	1.30	1
958	966	8113	5	1	4	-0.78	-1
958	967	7831	4	0	4	-1.04	-1
958	968	7760	4	1	3	-0.52	-1
958	969	6653	4	3	1	0.52	1
958	970	6435	4	2	2	0.00	1
958	971	6375	4	1	3	-0.52	-1
958	972	6348	4	2	2	0.00	1
958	973	5553	1	1	0	0.26	1
958	974	5308	1	1	0	0.26	1
958	975	4636	1	0	1	-0.26	-1
958	976	2949	1	1	0	0.26	1
958	977	2842	1	0	1	-0.26	-1
958	978	2573	1	1	0	0.26	1
958	979	2383	1	0	1	-0.26	-1
958	980	1402	1	0	1	-0.26	-1
958	981	1370	1	1	0	0.26	1
958	982	583	1	1	0	0.26	1
958	983	297	1	0	1	-0.26	-1
959	960	11678	7	5	2	0.78	1
959	961	10279	6	5	1	1.04	1
959	962	15071	8	1	7	-1.56	-1
959	963	16719	9	6	3	0.78	1
959	964	16538	9	5	4	0.26	1
959	965	15635	9	2	7	-1.30	-1
959	966	14868	8	2	6	-1.04	-1
959	967	15047	8	4	4	0.00	1
959	968	13080	7	4	3	0.26	1
959	969	14041	8	5	3	0.52	1
959	970	11869	7	2	5	-0.78	-1
959	971	13763	8	3	5	-0.52	-1
959	972	13736	8	6	2	1.04	1
959	973	12941	5	2	3	-0.26	-1
959	974	12696	5	4	1	0.78	1
959	975	12024	5	0	5	-1.30	-1
959	976	10337	5	1	4	-0.78	-1
959	977	10230	5	2	3	-0.26	-1
959	978	9961	5	2	3	-0.26	-1
959	979	9771	5	3	2	0.26	1
959	980	8790	5	2	3	-0.26	-1
959	981	8758	5	1	4	-0.78	-1
959	982	7971	5	2	3	-0.26	-1
959	983	7685	5	2	3	-0.26	-1
959	984	7254	4	2	2	0.00	1
959	985	6853	3	2	1	0.26	1
959	986	6708	3	2	1	0.26	1
959	987	6456	3	0	3	-0.78	-1
959	988	5901	2	1	1	0.00	1
959	989	5409	2	0	2	-0.52	-1
959	990	4562	2	1	1	0.00	1
959	991	4135	1	0	1	-0.26	-1
959	992	2679	1	1	0	0.26	1
959	993	2333	1	0	1	-0.26	-1
959	994	1581	1	1	0	0.26	1
959	995	786	1	1	0	0.26	1
959	996	379	1	0	1	-0.26	-1
960	961	10279	6	6	0	1.56	1
960	962	9846	5	2	3	-0.26	-1
960	963	9665	5	2	3	-0.26	-1
960	964	9484	5	4	1	0.78	1
960	965	8581	5	2	3	-0.26	-1
960	966	8447	5	2	3	-0.26	-1
960	967	8165	4	3	1	0.52	1
960	968	8094	4	3	1	0.52	1
960	969	6987	4	1	3	-0.52	-1
960	970	6769	4	2	2	0.00	1
960	971	6709	4	1	3	-0.52	-1
960	972	6682	4	2	2	0.00	1
960	973	5887	1	1	0	0.26	1
960	974	5642	1	1	0	0.26	1
960	975	4970	1	0	1	-0.26	-1
960	976	3283	1	1	0	0.26	1
960	977	3176	1	1	0	0.26	1
960	978	2907	1	0	1	-0.26	-1
960	979	2717	1	1	0	0.26	1
960	980	1736	1	1	0	0.26	1
960	981	1704	1	0	1	-0.26	-1
960	982	917	1	0	1	-0.26	-1
960	983	631	1	0	1	-0.26	-1
961	962	8954	4	0	4	-1.04	-1
961	963	8773	4	1	3	-0.52	-1
961	964	8592	4	2	2	0.00	1
961	965	7689	4	2	2	0.00	1
961	966	7555	4	1	3	-0.52	-1
961	967	7273	3	2	1	0.26	1
961	968	7202	3	2	1	0.26	1
961	969	6095	3	2	1	0.26	1
961	970	5877	3	0	3	-0.78	-1
961	971	5817	3	2	1	0.26	1
961	972	5790	3	1	2	-0.26	-1
962	963	14890	8	3	5	-0.52	-1
962	964	14709	8	4	4	0.00	1
962	965	13806	8	1	7	-1.56	-1
962	966	13672	8	3	5	-0.52	-1
962	967	13390	7	6	1	1.30	1
962	968	13080	7	4	3	0.26	1
962	969	12212	7	5	2	0.78	1
962	970	11869	7	3	4	-0.26	-1
962	971	11934	7	5	2	0.78	1
962	972	11907	7	3	4	-0.26	-1
962	973	11112	4	2	2	0.00	1
962	974	10867	4	4	0	1.04	1
962	975	10195	4	3	1	0.52	1
962	976	8508	4	2	2	0.00	1
962	977	8401	4	1	3	-0.52	-1
962	978	8132	4	2	2	0.00	1
962	979	7942	4	4	0	1.04	1
962	980	6961	4	3	1	0.52	1
962	981	6929	4	1	3	-0.52	-1
962	982	6142	4	2	2	0.00	1
962	983	5856	4	3	1	0.52	1
962	984	5425	3	1	2	-0.26	-1
962	985	5024	2	2	0	0.52	1
962	986	4879	2	1	1	0.00	1
962	987	4627	2	0	2	-0.52	-1
962	988	4072	1	0	1	-0.26	-1
962	989	3580	1	1	0	0.26	1
962	990	2733	1	0	1	-0.26	-1
963	964	18136	9	7	2	1.30	1
963	965	17233	9	3	6	-0.78	-1
963	966	14868	8	3	5	-0.52	-1
963	967	15047	8	3	5	-0.52	-1
963	968	13080	7	6	1	1.30	1
963	969	15639	8	5	3	0.52	1
963	970	11869	7	1	6	-1.30	-1
963	971	15361	8	1	7	-1.56	-1
963	972	15334	8	6	2	1.04	1
963	973	14446	5	3	2	0.26	1
963	974	14294	5	3	2	0.26	1
963	975	13622	5	0	5	-1.30	-1
963	976	11935	5	2	3	-0.26	-1
963	977	11828	5	3	2	0.26	1
963	978	11559	5	2	3	-0.26	-1
963	979	11369	5	1	4	-0.78	-1
963	980	10388	5	4	1	0.78	1
963	981	10356	5	5	0	1.30	1
963	982	9569	5	2	3	-0.26	-1
963	983	9283	5	3	2	0.26	1
963	984	8852	4	2	2	0.00	1
963	985	8451	3	2	1	0.26	1
963	986	8306	3	1	2	-0.26	-1
963	987	8054	3	1	2	-0.26	-1
963	988	7499	2	0	2	-0.52	-1
963	989	7007	2	1	1	0.00	1
963	990	6160	2	1	1	0.00	1
963	991	5733	1	1	0	0.26	1
963	992	4277	1	0	1	-0.26	-1
963	993	3931	1	1	0	0.26	1
963	994	3179	1	0	1	-0.26	-1
963	995	2384	1	1	0	0.26	1
963	996	1977	1	1	0	0.26	1
964	965	17241	9	6	3	0.78	1
964	966	14868	8	4	4	0.00	1
964	967	15047	8	6	2	1.04	1
964	968	13080	7	3	4	-0.26	-1
964	969	15819	8	4	4	0.00	1
964	970	11869	7	2	5	-0.78	-1
964	971	15541	8	3	5	-0.52	-1
964	972	15514	8	6	2	1.04	1
964	973	14446	5	3	2	0.26	1
964	974	14474	5	1	4	-0.78	-1
964	975	13802	5	2	3	-0.26	-1
964	976	12115	5	2	3	-0.26	-1
964	977	12008	5	3	2	0.26	1
964	978	11739	5	3	2	0.26	1
964	979	11549	5	1	4	-0.78	-1
964	980	10568	5	3	2	0.26	1
964	981	10536	5	3	2	0.26	1
964	982	9749	5	3	2	0.26	1
964	983	9463	5	3	2	0.26	1
964	984	9032	4	1	3	-0.52	-1
964	985	8631	3	3	0	0.78	1
964	986	8486	3	2	1	0.26	1
964	987	8234	3	2	1	0.26	1
964	988	7679	2	1	1	0.00	1
964	989	7187	2	1	1	0.00	1
964	990	6340	2	1	1	0.00	1
964	991	5913	1	1	0	0.26	1
964	992	4457	1	1	0	0.26	1
964	993	4111	1	1	0	0.26	1
964	994	3359	1	0	1	-0.26	-1
964	995	2564	1	0	1	-0.26	-1
964	996	2157	1	1	0	0.26	1
965	966	14868	8	3	5	-0.52	-1
965	967	15047	8	4	4	0.00	1
965	968	13080	7	5	2	0.78	1
965	969	15647	8	4	4	0.00	1
965	970	11869	7	4	3	0.26	1
965	971	15369	8	4	4	0.00	1
965	972	15342	8	5	3	0.52	1
965	973	14446	5	3	2	0.26	1
965	974	14302	5	2	3	-0.26	-1
965	975	13630	5	1	4	-0.78	-1
965	976	11943	5	3	2	0.26	1
965	977	11836	5	2	3	-0.26	-1
965	978	11567	5	1	4	-0.78	-1
965	979	11377	5	3	2	0.26	1
965	980	10396	5	2	3	-0.26	-1
965	981	10364	5	3	2	0.26	1
965	982	9577	5	4	1	0.78	1
965	983	9291	5	4	1	0.78	1
965	984	8860	4	2	2	0.00	1
965	985	8459	3	2	1	0.26	1
965	986	8314	3	0	3	-0.78	-1
965	987	8062	3	1	2	-0.26	-1
965	988	7507	2	2	0	0.52	1
965	989	7015	2	1	1	0.00	1
965	990	6168	2	1	1	0.00	1
965	991	5741	1	0	1	-0.26	-1
965	992	4285	1	0	1	-0.26	-1
965	993	3939	1	0	1	-0.26	-1
965	994	3187	1	0	1	-0.26	-1
965	995	2392	1	1	0	0.26	1
965	996	1985	1	1	0	0.26	1
966	967	14586	7	3	4	-0.26	-1
966	968	13080	7	5	2	0.78	1
966	969	13408	7	2	5	-0.78	-1
966	970	11869	7	4	3	0.26	1
966	971	13130	7	7	0	1.82	1
966	972	13103	7	1	6	-1.30	-1
966	973	12308	4	1	3	-0.52	-1
966	974	12063	4	2	2	0.00	1
966	975	11391	4	4	0	1.04	1
966	976	9704	4	2	2	0.00	1
966	977	9597	4	2	2	0.00	1
966	978	9328	4	0	4	-1.04	-1
966	979	9138	4	3	1	0.52	1
966	980	8157	4	3	1	0.52	1
966	981	8125	4	3	1	0.52	1
966	982	7338	4	1	3	-0.52	-1
966	983	7052	4	2	2	0.00	1
966	984	6621	3	2	1	0.26	1
966	985	6220	2	2	0	0.52	1
966	986	6075	2	0	2	-0.52	-1
966	987	5823	2	1	1	0.00	1
966	988	5268	1	0	1	-0.26	-1
966	989	4776	1	1	0	0.26	1
966	990	3929	1	1	0	0.26	1
967	968	13080	7	2	5	-0.78	-1
967	969	13869	8	3	5	-0.52	-1
967	970	11869	7	6	1	1.30	1
967	971	13591	8	3	5	-0.52	-1
967	972	13564	8	2	6	-1.04	-1
967	973	12769	5	3	2	0.26	1
967	974	12524	5	3	2	0.26	1
967	975	11852	5	3	2	0.26	1
967	976	10165	5	4	1	0.78	1
967	977	10058	5	3	2	0.26	1
967	978	9789	5	3	2	0.26	1
967	979	9599	5	3	2	0.26	1
967	980	8618	5	2	3	-0.26	-1
967	981	8586	5	3	2	0.26	1
967	982	7799	5	4	1	0.78	1
967	983	7513	5	3	2	0.26	1
967	984	7082	4	2	2	0.00	1
967	985	6681	3	2	1	0.26	1
967	986	6536	3	2	1	0.26	1
967	987	6284	3	2	1	0.26	1
967	988	5729	2	0	2	-0.52	-1
967	989	5237	2	2	0	0.52	1
967	990	4390	2	1	1	0.00	1
967	991	3963	1	0	1	-0.26	-1
967	992	2507	1	0	1	-0.26	-1
967	993	2161	1	0	1	-0.26	-1
967	994	1409	1	1	0	0.26	1
967	995	614	1	1	0	0.26	1
967	996	207	1	0	1	-0.26	-1
968	969	11973	7	3	4	-0.26	-1
968	970	11755	7	2	5	-0.78	-1
968	971	11695	7	5	2	0.78	1
968	972	11668	7	3	4	-0.26	-1
968	973	10873	4	2	2	0.00	1
968	974	10628	4	3	1	0.52	1
968	975	9956	4	2	2	0.00	1
968	976	8269	4	2	2	0.00	1
968	977	8162	4	1	3	-0.52	-1
968	978	7893	4	3	1	0.52	1
968	979	7703	4	2	2	0.00	1
968	980	6722	4	3	1	0.52	1
968	981	6690	4	1	3	-0.52	-1
968	982	5903	4	2	2	0.00	1
968	983	5617	4	3	1	0.52	1
968	984	5186	3	2	1	0.26	1
968	985	4785	2	0	2	-0.52	-1
968	986	4640	2	0	2	-0.52	-1
968	987	4388	2	0	2	-0.52	-1
968	988	3833	1	1	0	0.26	1
968	989	3341	1	0	1	-0.26	-1
968	990	2494	1	1	0	0.26	1
969	970	11869	7	5	2	0.78	1
969	971	20253	9	3	6	-0.78	-1
969	972	18789	8	6	2	1.04	1
969	973	14446	5	2	3	-0.26	-1
969	974	19121	6	3	3	0.00	1
969	975	19751	7	4	3	0.26	1
969	976	15389	5	1	4	-0.78	-1
969	977	18098	7	4	3	0.26	1
969	978	16415	6	4	2	0.52	1
969	979	17225	7	3	4	-0.26	-1
969	980	13072	5	3	2	0.26	1
969	981	16626	7	4	3	0.26	1
969	982	15682	7	4	3	0.26	1
969	983	12039	5	3	2	0.26	1
969	984	15122	6	2	4	-0.52	-1
969	985	14721	5	2	3	-0.26	-1
969	986	10295	3	2	1	0.26	1
969	987	14324	5	2	3	-0.26	-1
969	988	13769	4	1	3	-0.52	-1
969	989	12125	3	1	2	-0.26	-1
969	990	12430	4	2	2	0.00	1
969	991	12003	3	0	3	-0.78	-1
969	992	10547	3	0	3	-0.78	-1
969	993	10201	3	0	3	-0.78	-1
969	994	9449	3	2	1	0.26	1
969	995	8654	3	1	2	-0.26	-1
969	996	8247	3	1	2	-0.26	-1
969	997	6985	2	2	0	0.52	1
969	998	6492	2	1	1	0.00	1
969	999	5985	2	0	2	-0.52	-1
970	971	11809	7	6	1	1.30	1
970	972	11782	7	6	1	1.30	1
970	973	10987	4	1	3	-0.52	-1
970	974	10742	4	1	3	-0.52	-1
970	975	10070	4	1	3	-0.52	-1
970	976	8383	4	3	1	0.52	1
970	977	8276	4	2	2	0.00	1
970	978	8007	4	2	2	0.00	1
970	979	7817	4	2	2	0.00	1
970	980	6836	4	0	4	-1.04	-1
970	981	6804	4	2	2	0.00	1
970	982	6017	4	1	3	-0.52	-1
970	983	5731	4	4	0	1.04	1
970	984	5300	3	2	1	0.26	1
970	985	4899	2	2	0	0.52	1
970	986	4754	2	1	1	0.00	1
970	987	4502	2	2	0	0.52	1
970	988	3947	1	1	0	0.26	1
970	989	3455	1	0	1	-0.26	-1
970	990	2608	1	0	1	-0.26	-1
971	972	18789	8	4	4	0.00	1
971	973	14446	5	4	1	0.78	1
971	974	19121	6	4	2	0.52	1
971	975	18514	6	4	2	0.52	1
971	976	15389	5	2	3	-0.26	-1
971	977	16720	6	3	3	0.00	1
971	978	16415	6	3	3	0.00	1
971	979	16261	6	3	3	0.00	1
971	980	13072	5	0	5	-1.30	-1
971	981	15248	6	4	2	0.52	1
971	982	14461	6	2	4	-0.52	-1
971	983	12039	5	3	2	0.26	1
971	984	13744	5	2	3	-0.26	-1
971	985	13343	4	2	2	0.00	1
971	986	10295	3	3	0	0.78	1
971	987	12946	4	2	2	0.00	1
971	988	12391	3	1	2	-0.26	-1
971	989	11899	3	1	2	-0.26	-1
971	990	11052	3	2	1	0.26	1
971	991	10625	2	1	1	0.00	1
971	992	9169	2	1	1	0.00	1
971	993	8823	2	1	1	0.00	1
971	994	8071	2	1	1	0.00	1
971	995	7276	2	0	2	-0.52	-1
971	996	6869	2	2	0	0.52	1
971	997	5607	1	1	0	0.26	1
971	998	5114	1	1	0	0.26	1
971	999	4607	1	1	0	0.26	1
972	973	14446	5	2	3	-0.26	-1
972	974	17749	5	3	2	0.26	1
972	975	17077	5	0	5	-1.30	-1
972	976	15389	5	2	3	-0.26	-1
972	977	15283	5	2	3	-0.26	-1
972	978	15014	5	1	4	-0.78	-1
972	979	14824	5	1	4	-0.78	-1
972	980	13072	5	2	3	-0.26	-1
972	981	13811	5	4	1	0.78	1
972	982	13024	5	2	3	-0.26	-1
972	983	12039	5	1	4	-0.78	-1
972	984	12307	4	2	2	0.00	1
972	985	11906	3	1	2	-0.26	-1
972	986	10295	3	2	1	0.26	1
972	987	11509	3	3	0	0.78	1
972	988	10954	2	1	1	0.00	1
972	989	10462	2	1	1	0.00	1
972	990	9615	2	0	2	-0.52	-1
972	991	9188	1	1	0	0.26	1
972	992	7732	1	1	0	0.26	1
972	993	7386	1	1	0	0.26	1
972	994	6634	1	1	0	0.26	1
972	995	5839	1	0	1	-0.26	-1
972	996	5432	1	0	1	-0.26	-1
973	974	14201	5	3	2	0.26	1
973	975	13529	5	3	2	0.26	1
973	976	11842	5	2	3	-0.26	-1
973	977	11735	5	3	2	0.26	1
973	978	11466	5	4	1	0.78	1
973	979	11276	5	1	4	-0.78	-1
973	980	10295	5	2	3	-0.26	-1
973	981	10263	5	2	3	-0.26	-1
973	982	9476	5	3	2	0.26	1
973	983	9190	5	1	4	-0.78	-1
973	984	8759	4	2	2	0.00	1
973	985	8358	3	3	0	0.78	1
973	986	8213	3	2	1	0.26	1
973	987	7961	3	0	3	-0.78	-1
973	988	7406	2	0	2	-0.52	-1
973	989	6914	2	0	2	-0.52	-1
973	990	6067	2	0	2	-0.52	-1
973	991	5640	1	0	1	-0.26	-1
973	992	4184	1	0	1	-0.26	-1
973	993	3838	1	1	0	0.26	1
973	994	3086	1	1	0	0.26	1
973	995	2291	1	1	0	0.26	1
973	996	1884	1	1	0	0.26	1
974	975	18449	6	2	4	-0.52	-1
974	976	15389	5	2	3	-0.26	-1
974	977	16655	6	4	2	0.52	1
974	978	16386	6	1	5	-1.04	-1
974	979	16196	6	3	3	0.00	1
974	980	13072	5	3	2	0.26	1
974	981	15183	6	1	5	-1.04	-1
974	982	14396	6	3	3	0.00	1
974	983	12039	5	3	2	0.26	1
974	984	13679	5	2	3	-0.26	-1
974	985	13278	4	2	2	0.00	1
974	986	10295	3	1	2	-0.26	-1
974	987	12881	4	3	1	0.52	1
974	988	12326	3	0	3	-0.78	-1
974	989	11834	3	3	0	0.78	1
974	990	10987	3	0	3	-0.78	-1
974	991	10560	2	1	1	0.00	1
974	992	9104	2	0	2	-0.52	-1
974	993	8758	2	0	2	-0.52	-1
974	994	8006	2	2	0	0.52	1
974	995	7211	2	2	0	0.52	1
974	996	6804	2	2	0	0.52	1
974	997	5542	1	1	0	0.26	1
974	998	5049	1	1	0	0.26	1
974	999	4542	1	1	0	0.26	1
975	976	15389	5	3	2	0.26	1
975	977	17957	7	1	6	-1.30	-1
975	978	16415	6	3	3	0.00	1
975	979	17225	7	3	4	-0.26	-1
975	980	13072	5	1	4	-0.78	-1
975	981	16485	7	4	3	0.26	1
975	982	15682	7	3	4	-0.26	-1
975	983	12039	5	1	4	-0.78	-1
975	984	14981	6	4	2	0.52	1
975	985	14580	5	2	3	-0.26	-1
975	986	10295	3	1	2	-0.26	-1
975	987	14183	5	2	3	-0.26	-1
975	988	13628	4	3	1	0.52	1
975	989	12125	3	3	0	0.78	1
975	990	12289	4	3	1	0.52	1
975	991	11862	3	1	2	-0.26	-1
975	992	10406	3	0	3	-0.78	-1
975	993	10060	3	1	2	-0.26	-1
975	994	9308	3	0	3	-0.78	-1
975	995	8513	3	3	0	0.78	1
975	996	8106	3	1	2	-0.26	-1
975	997	6844	2	2	0	0.52	1
975	998	6351	2	0	2	-0.52	-1
975	999	5844	2	2	0	0.52	1
976	977	15282	5	2	3	-0.26	-1
976	978	15013	5	3	2	0.26	1
976	979	14823	5	1	4	-0.78	-1
976	980	13072	5	3	2	0.26	1
976	981	13810	5	2	3	-0.26	-1
976	982	13023	5	4	1	0.78	1
976	983	12039	5	1	4	-0.78	-1
976	984	12306	4	2	2	0.00	1
976	985	11905	3	1	2	-0.26	-1
976	986	10295	3	2	1	0.26	1
976	987	11508	3	2	1	0.26	1
976	988	10953	2	1	1	0.00	1
976	989	10461	2	1	1	0.00	1
976	990	9614	2	1	1	0.00	1
976	991	9187	1	1	0	0.26	1
976	992	7731	1	0	1	-0.26	-1
976	993	7385	1	0	1	-0.26	-1
976	994	6633	1	0	1	-0.26	-1
976	995	5838	1	0	1	-0.26	-1
976	996	5431	1	0	1	-0.26	-1
977	978	16415	6	1	5	-1.04	-1
977	979	17225	7	2	5	-0.78	-1
977	980	13072	5	5	0	1.30	1
977	981	17755	9	5	4	0.26	1
977	982	15682	7	1	6	-1.30	-1
977	983	12039	5	2	3	-0.26	-1
977	984	16251	8	6	2	1.04	1
977	985	15850	7	5	2	0.78	1
977	986	10295	3	2	1	0.26	1
977	987	15453	7	3	4	-0.26	-1
977	988	14898	6	3	3	0.00	1
977	989	12125	3	1	2	-0.26	-1
977	990	13559	6	4	2	0.52	1
977	991	13132	5	1	4	-0.78	-1
977	992	11676	5	2	3	-0.26	-1
977	993	11330	5	2	3	-0.26	-1
977	994	10578	5	2	3	-0.26	-1
977	995	9783	5	4	1	0.78	1
977	996	9376	5	2	3	-0.26	-1
977	997	8114	4	2	2	0.00	1
977	998	7621	4	1	3	-0.52	-1
977	999	7114	4	3	1	0.52	1
978	979	16225	6	2	4	-0.52	-1
978	980	13072	5	2	3	-0.26	-1
978	981	15212	6	2	4	-0.52	-1
978	982	14425	6	3	3	0.00	1
978	983	12039	5	4	1	0.78	1
978	984	13708	5	3	2	0.26	1
978	985	13307	4	0	4	-1.04	-1
978	986	10295	3	1	2	-0.26	-1
978	987	12910	4	3	1	0.52	1
978	988	12355	3	2	1	0.26	1
978	989	11863	3	1	2	-0.26	-1
978	990	11016	3	3	0	0.78	1
978	991	10589	2	2	0	0.52	1
978	992	9133	2	2	0	0.52	1
978	993	8787	2	1	1	0.00	1
978	994	8035	2	2	0	0.52	1
978	995	7240	2	2	0	0.52	1
978	996	6833	2	0	2	-0.52	-1
978	997	5571	1	0	1	-0.26	-1
978	998	5078	1	0	1	-0.26	-1
978	999	4571	1	0	1	-0.26	-1
979	980	13072	5	4	1	0.78	1
979	981	16212	7	4	3	0.26	1
979	982	15425	7	2	5	-0.78	-1
979	983	12039	5	0	5	-1.30	-1
979	984	14708	6	1	5	-1.04	-1
979	985	14307	5	3	2	0.26	1
979	986	10295	3	1	2	-0.26	-1
979	987	13910	5	4	1	0.78	1
979	988	13355	4	1	3	-0.52	-1
979	989	12125	3	2	1	0.26	1
979	990	12016	4	2	2	0.00	1
979	991	11589	3	1	2	-0.26	-1
979	992	10133	3	2	1	0.26	1
979	993	9787	3	0	3	-0.78	-1
979	994	9035	3	1	2	-0.26	-1
979	995	8240	3	3	0	0.78	1
979	996	7833	3	2	1	0.26	1
979	997	6571	2	1	1	0.00	1
979	998	6078	2	0	2	-0.52	-1
979	999	5571	2	1	1	0.00	1
980	981	13040	5	1	4	-0.78	-1
980	982	12253	5	4	1	0.78	1
980	983	11967	5	2	3	-0.26	-1
980	984	11536	4	3	1	0.52	1
980	985	11135	3	1	2	-0.26	-1
980	986	10295	3	2	1	0.26	1
980	987	10738	3	2	1	0.26	1
980	988	10183	2	2	0	0.52	1
980	989	9691	2	0	2	-0.52	-1
980	990	8844	2	1	1	0.00	1
980	991	8417	1	0	1	-0.26	-1
980	992	6961	1	0	1	-0.26	-1
980	993	6615	1	0	1	-0.26	-1
980	994	5863	1	1	0	0.26	1
980	995	5068	1	0	1	-0.26	-1
980	996	4661	1	0	1	-0.26	-1
981	982	15682	7	5	2	0.78	1
981	983	12039	5	3	2	0.26	1
981	984	18300	9	7	2	1.30	1
981	985	19147	10	5	5	0.00	1
981	986	10295	3	2	1	0.26	1
981	987	18750	10	5	5	0.00	1
981	988	16060	7	3	4	-0.26	-1
981	989	12125	3	1	2	-0.26	-1
981	990	16856	9	5	4	0.26	1
981	991	16429	8	3	5	-0.52	-1
981	992	13712	6	2	4	-0.52	-1
981	993	14627	8	5	3	0.52	1
981	994	13875	8	4	4	0.00	1
981	995	13080	8	4	4	0.00	1
981	996	12673	8	6	2	1.04	1
981	997	11411	7	3	4	-0.26	-1
981	998	10918	7	4	3	0.26	1
981	999	10411	7	2	5	-0.78	-1
982	983	12039	5	1	4	-0.78	-1
982	984	14965	6	4	2	0.52	1
982	985	14564	5	1	4	-0.78	-1
982	986	10295	3	1	2	-0.26	-1
982	987	14167	5	3	2	0.26	1
982	988	13612	4	1	3	-0.52	-1
982	989	12125	3	2	1	0.26	1
982	990	12273	4	3	1	0.52	1
982	991	11846	3	2	1	0.26	1
982	992	10390	3	3	0	0.78	1
982	993	10044	3	2	1	0.26	1
982	994	9292	3	2	1	0.26	1
982	995	8497	3	0	3	-0.78	-1
982	996	8090	3	2	1	0.26	1
982	997	6828	2	0	2	-0.52	-1
982	998	6335	2	0	2	-0.52	-1
982	999	5828	2	2	0	0.52	1
983	984	11608	4	2	2	0.00	1
983	985	11207	3	2	1	0.26	1
983	986	10295	3	1	2	-0.26	-1
983	987	10810	3	2	1	0.26	1
983	988	10255	2	1	1	0.00	1
983	989	9763	2	1	1	0.00	1
983	990	8916	2	1	1	0.00	1
983	991	8489	1	0	1	-0.26	-1
983	992	7033	1	1	0	0.26	1
983	993	6687	1	1	0	0.26	1
983	994	5935	1	0	1	-0.26	-1
983	995	5140	1	1	0	0.26	1
983	996	4733	1	1	0	0.26	1
984	985	17899	8	3	5	-0.52	-1
984	986	10295	3	2	1	0.26	1
984	987	17502	8	5	3	0.52	1
984	988	16060	7	7	0	1.82	1
984	989	12125	3	0	3	-0.78	-1
984	990	15608	7	4	3	0.26	1
984	991	15181	6	3	3	0.00	1
984	992	13712	6	4	2	0.52	1
984	993	13379	6	3	3	0.00	1
984	994	12627	6	5	1	1.04	1
984	995	11832	6	3	3	0.00	1
984	996	11425	6	4	2	0.52	1
984	997	10163	5	4	1	0.78	1
984	998	9670	5	4	1	0.78	1
984	999	9163	5	3	2	0.26	1
985	986	10295	3	0	3	-0.78	-1
985	987	22710	14	5	9	-1.04	-1
985	988	16060	7	2	5	-0.78	-1
985	989	12125	3	1	2	-0.26	-1
985	990	21972	17	4	13	-2.35	-1
985	991	20844	12	8	4	1.04	1
985	992	13712	6	4	2	0.52	1
985	993	15284	8	5	3	0.52	1
985	994	16799	9	3	6	-0.78	-1
985	995	18196	16	9	7	0.52	1
985	996	17789	16	8	8	0.00	1
985	997	15223	9	3	6	-0.78	-1
985	998	16034	15	8	7	0.26	1
985	999	15527	15	9	6	0.78	1
986	987	10043	3	3	0	0.78	1
986	988	9488	2	2	0	0.52	1
986	989	8996	2	1	1	0.00	1
986	990	8149	2	1	1	0.00	1
986	991	7722	1	0	1	-0.26	-1
986	992	6266	1	1	0	0.26	1
986	993	5920	1	1	0	0.26	1
986	994	5168	1	1	0	0.26	1
986	995	4373	1	1	0	0.26	1
986	996	3966	1	0	1	-0.26	-1
987	988	16060	7	1	6	-1.30	-1
987	989	12125	3	2	1	0.26	1
987	990	20816	13	8	5	0.78	1
987	991	20389	12	10	2	2.09	1
987	992	13712	6	3	3	0.00	1
987	993	15284	8	4	4	0.00	1
987	994	16799	9	5	4	0.26	1
987	995	17040	12	3	9	-1.56	-1
987	996	16633	12	9	3	1.56	1
987	997	15223	9	5	4	0.26	1
987	998	14878	11	4	7	-0.78	-1
987	999	14371	11	6	5	0.26	1
988	989	12125	3	3	0	0.78	1
988	990	14721	7	5	2	0.78	1
988	991	14294	6	2	4	-0.52	-1
988	992	12838	6	3	3	0.00	1
988	993	12492	6	5	1	1.04	1
988	994	11740	6	5	1	1.04	1
988	995	10945	6	2	4	-0.52	-1
988	996	10538	6	2	4	-0.52	-1
988	997	9276	5	3	2	0.26	1
988	998	8783	5	4	1	0.78	1
988	999	8276	5	1	4	-0.78	-1
989	990	11278	3	1	2	-0.26	-1
989	991	10851	2	1	1	0.00	1
989	992	9395	2	0	2	-0.52	-1
989	993	9049	2	0	2	-0.52	-1
989	994	8297	2	1	1	0.00	1
989	995	7502	2	2	0	0.52	1
989	996	7095	2	2	0	0.52	1
989	997	5833	1	0	1	-0.26	-1
989	998	5340	1	0	1	-0.26	-1
989	999	4833	1	1	0	0.26	1
990	991	20844	12	7	5	0.52	1
990	992	13712	6	2	4	-0.52	-1
990	993	15284	8	5	3	0.52	1
990	994	16799	9	6	3	0.78	1
990	995	22361	17	9	8	0.26	1
990	996	23300	17	8	9	-0.26	-1
990	997	15223	9	5	4	0.26	1
990	998	20787	16	10	6	1.04	1
990	999	21107	16	6	10	-1.04	-1
991	992	13712	6	2	4	-0.52	-1
991	993	15284	8	6	2	1.04	1
991	994	16799	9	3	6	-0.78	-1
991	995	17495	12	6	6	0.00	1
991	996	17088	12	8	4	1.04	1
991	997	15223	9	4	5	-0.26	-1
991	998	15333	11	4	7	-0.78	-1
991	999	14826	11	7	4	0.78	1
992	993	13366	6	3	3	0.00	1
992	994	12614	6	4	2	0.52	1
992	995	11819	6	2	4	-0.52	-1
992	996	11412	6	2	4	-0.52	-1
992	997	10150	5	2	3	-0.26	-1
992	998	9657	5	0	5	-1.30	-1
992	999	9150	5	1	4	-0.78	-1
993	994	14532	8	3	5	-0.52	-1
993	995	13737	8	5	3	0.52	1
993	996	13330	8	2	6	-1.04	-1
993	997	12068	7	2	5	-0.78	-1
993	998	11575	7	1	6	-1.30	-1
993	999	11068	7	0	7	-1.82	-1
994	995	16004	9	6	3	0.78	1
994	996	15597	9	1	8	-1.82	-1
994	997	14335	8	6	2	1.04	1
994	998	13842	8	3	5	-0.52	-1
994	999	13335	8	4	4	0.00	1
995	996	21954	17	4	13	-2.35	-1
995	997	15223	9	6	3	0.78	1
995	998	20199	16	12	4	2.09	1
995	999	19692	16	7	9	-0.52	-1
996	997	15223	9	4	5	-0.26	-1
996	998	20787	16	7	9	-0.52	-1
996	999	21038	16	7	9	-0.52	-1
997	998	14730	9	4	5	-0.26	-1
997	999	14223	9	6	3	0.78	1
998	999	20280	16	5	11	-1.56	-1
