node_id	read_id	molecule_id	position	start	end	read_type
0	read_000000	mol_000000	37	37	23351	theory_fixed
1	read_000001	mol_000001	209	209	19079	theory_fixed
2	read_000002	mol_000002	215	215	19307	theory_fixed
3	read_000003	mol_000003	727	727	18443	theory_fixed
4	read_000004	mol_000004	2795	2795	29073	theory_fixed
5	read_000005	mol_000005	3196	3196	21663	theory_fixed
6	read_000006	mol_000006	3285	3285	20234	theory_fixed
7	read_000007	mol_000007	3435	3435	21801	theory_fixed
8	read_000008	mol_000008	3626	3626	19197	theory_fixed
9	read_000009	mol_000009	4011	4011	18676	theory_fixed
10	read_000010	mol_000010	4136	4136	23214	theory_fixed
11	read_000011	mol_000011	4331	4331	20751	theory_fixed
12	read_000012	mol_000012	4507	4507	20670	theory_fixed
13	read_000013	mol_000013	4576	4576	19353	theory_fixed
14	read_000014	mol_000014	4677	4677	21722	theory_fixed
15	read_000015	mol_000015	5435	5435	28248	theory_fixed
16	read_000016	mol_000016	6464	6464	26843	theory_fixed
17	read_000017	mol_000017	7086	7086	32741	theory_fixed
18	read_000018	mol_000018	7399	7399	31381	theory_fixed
19	read_000019	mol_000019	8314	8314	23158	theory_fixed
20	read_000020	mol_000020	9422	9422	31579	theory_fixed
21	read_000021	mol_000021	9583	9583	24904	theory_fixed
22	read_000022	mol_000022	9795	9795	29481	theory_fixed
23	read_000023	mol_000023	10514	10514	31335	theory_fixed
24	read_000024	mol_000024	10785	10785	30049	theory_fixed
25	read_000025	mol_000025	11009	11009	37758	theory_fixed
26	read_000026	mol_000026	11017	11017	31852	theory_fixed
27	read_000027	mol_000027	12120	12120	27301	theory_fixed
28	read_000028	mol_000028	12336	12336	29488	theory_fixed
29	read_000029	mol_000029	12467	12467	32278	theory_fixed
30	read_000030	mol_000030	12879	12879	31299	theory_fixed
31	read_000031	mol_000031	14390	14390	35881	theory_fixed
32	read_000032	mol_000032	14429	14429	32243	theory_fixed
33	read_000033	mol_000033	14677	14677	28903	theory_fixed
34	read_000034	mol_000034	14716	14716	30864	theory_fixed
35	read_000035	mol_000035	15385	15385	32860	theory_fixed
36	read_000036	mol_000036	15588	15588	37602	theory_fixed
37	read_000037	mol_000037	15733	15733	38775	theory_fixed
38	read_000038	mol_000038	16304	16304	34276	theory_fixed
39	read_000039	mol_000039	16939	16939	32882	theory_fixed
40	read_000040	mol_000040	17118	17118	37151	theory_fixed
41	read_000041	mol_000041	19156	19156	41405	theory_fixed
42	read_000042	mol_000042	19782	19782	41143	theory_fixed
43	read_000043	mol_000043	20655	20655	38402	theory_fixed
44	read_000044	mol_000044	20946	20946	41495	theory_fixed
45	read_000045	mol_000045	20968	20968	39223	theory_fixed
46	read_000046	mol_000046	21341	21341	34338	theory_fixed
47	read_000047	mol_000047	21576	21576	37423	theory_fixed
48	read_000048	mol_000048	22499	22499	42909	theory_fixed
49	read_000049	mol_000049	22551	22551	42043	theory_fixed
50	read_000050	mol_000050	22995	22995	38333	theory_fixed
51	read_000051	mol_000051	23004	23004	41557	theory_fixed
52	read_000052	mol_000052	23331	23331	43588	theory_fixed
53	read_000053	mol_000053	24363	24363	39087	theory_fixed
54	read_000054	mol_000054	25938	25938	47108	theory_fixed
55	read_000055	mol_000055	26505	26505	42831	theory_fixed
56	read_000056	mol_000056	28834	28834	43085	theory_fixed
57	read_000057	mol_000057	28885	28885	57635	theory_fixed
58	read_000058	mol_000058	29092	29092	50516	theory_fixed
59	read_000059	mol_000059	29777	29777	46581	theory_fixed
60	read_000060	mol_000060	29813	29813	45482	theory_fixed
61	read_000061	mol_000061	31541	31541	53961	theory_fixed
62	read_000062	mol_000062	31568	31568	46010	theory_fixed
63	read_000063	mol_000063	31629	31629	52972	theory_fixed
64	read_000064	mol_000064	32930	32930	56234	theory_fixed
65	read_000065	mol_000065	33635	33635	55403	theory_fixed
66	read_000066	mol_000066	33734	33734	52081	theory_fixed
67	read_000067	mol_000067	34012	34012	52734	theory_fixed
68	read_000068	mol_000068	34112	34112	49828	theory_fixed
69	read_000069	mol_000069	35187	35187	57346	theory_fixed
70	read_000070	mol_000070	35709	35709	51809	theory_fixed
71	read_000071	mol_000071	35757	35757	67279	theory_fixed
72	read_000072	mol_000072	36160	36160	48582	theory_fixed
73	read_000073	mol_000073	36382	36382	50147	theory_fixed
74	read_000074	mol_000074	37180	37180	57768	theory_fixed
75	read_000075	mol_000075	37310	37310	54590	theory_fixed
76	read_000076	mol_000076	37361	37361	59487	theory_fixed
77	read_000077	mol_000077	37493	37493	52043	theory_fixed
78	read_000078	mol_000078	39080	39080	51049	theory_fixed
79	read_000079	mol_000079	40633	40633	62339	theory_fixed
80	read_000080	mol_000080	40736	40736	56982	theory_fixed
81	read_000081	mol_000081	41139	41139	62062	theory_fixed
82	read_000082	mol_000082	41340	41340	53913	theory_fixed
83	read_000083	mol_000083	41954	41954	64944	theory_fixed
84	read_000084	mol_000084	42137	42137	60163	theory_fixed
85	read_000085	mol_000085	45708	45708	67449	theory_fixed
86	read_000086	mol_000086	45712	45712	62454	theory_fixed
87	read_000087	mol_000087	45807	45807	66492	theory_fixed
88	read_000088	mol_000088	46940	46940	63321	theory_fixed
89	read_000089	mol_000089	47361	47361	67826	theory_fixed
90	read_000090	mol_000090	47367	47367	77262	theory_fixed
91	read_000091	mol_000091	47850	47850	68443	theory_fixed
92	read_000092	mol_000092	48591	48591	62308	theory_fixed
93	read_000093	mol_000093	48639	48639	65660	theory_fixed
94	read_000094	mol_000094	48784	48784	60322	theory_fixed
95	read_000095	mol_000095	48926	48926	76888	theory_fixed
96	read_000096	mol_000096	49156	49156	66242	theory_fixed
97	read_000097	mol_000097	49476	49476	69268	theory_fixed
98	read_000098	mol_000098	49768	49768	75544	theory_fixed
99	read_000099	mol_000099	50248	50248	66933	theory_fixed
100	read_000100	mol_000100	51272	51272	68295	theory_fixed
101	read_000101	mol_000101	51567	51567	74547	theory_fixed
102	read_000102	mol_000102	52066	52066	66399	theory_fixed
103	read_000103	mol_000103	52635	52635	67298	theory_fixed
104	read_000104	mol_000104	52949	52949	65074	theory_fixed
105	read_000105	mol_000105	53010	53010	71377	theory_fixed
106	read_000106	mol_000106	53024	53024	72543	theory_fixed
107	read_000107	mol_000107	53997	53997	72310	theory_fixed
108	read_000108	mol_000108	55182	55182	70274	theory_fixed
109	read_000109	mol_000109	56572	56572	73135	theory_fixed
110	read_000110	mol_000110	58123	58123	81737	theory_fixed
111	read_000111	mol_000111	59072	59072	74242	theory_fixed
112	read_000112	mol_000112	59155	59155	82411	theory_fixed
113	read_000113	mol_000113	59980	59980	73832	theory_fixed
114	read_000114	mol_000114	61264	61264	81056	theory_fixed
115	read_000115	mol_000115	62784	62784	85366	theory_fixed
116	read_000116	mol_000116	63879	63879	85696	theory_fixed
117	read_000117	mol_000117	65756	65756	82745	theory_fixed
118	read_000118	mol_000118	65867	65867	82874	theory_fixed
119	read_000119	mol_000119	67359	67359	82667	theory_fixed
120	read_000120	mol_000120	67421	67421	85754	theory_fixed
121	read_000121	mol_000121	68259	68259	86736	theory_fixed
122	read_000122	mol_000122	68359	68359	85876	theory_fixed
123	read_000123	mol_000123	68515	68515	85988	theory_fixed
124	read_000124	mol_000124	68653	68653	90420	theory_fixed
125	read_000125	mol_000125	68968	68968	82748	theory_fixed
126	read_000126	mol_000126	69093	69093	97084	theory_fixed
127	read_000127	mol_000127	69224	69224	86548	theory_fixed
128	read_000128	mol_000128	69519	69519	86517	theory_fixed
129	read_000129	mol_000129	69835	69835	85778	theory_fixed
130	read_000130	mol_000130	70246	70246	85891	theory_fixed
131	read_000131	mol_000131	72908	72908	85156	theory_fixed
132	read_000132	mol_000132	73568	73568	95743	theory_fixed
133	read_000133	mol_000133	74231	74231	90753	theory_fixed
134	read_000134	mol_000134	74723	74723	90685	theory_fixed
135	read_000135	mol_000135	74804	74804	99151	theory_fixed
136	read_000136	mol_000136	77994	77994	100327	theory_fixed
137	read_000137	mol_000137	78113	78113	97977	theory_fixed
138	read_000138	mol_000138	78209	78209	97752	theory_fixed
139	read_000139	mol_000139	78840	78840	92482	theory_fixed
140	read_000140	mol_000140	78947	78947	97582	theory_fixed
141	read_000141	mol_000141	79971	79971	98769	theory_fixed
142	read_000142	mol_000142	81171	81171	94309	theory_fixed
143	read_000143	mol_000143	81238	81238	105920	theory_fixed
144	read_000144	mol_000144	81948	81948	98436	theory_fixed
145	read_000145	mol_000145	84106	84106	96756	theory_fixed
146	read_000146	mol_000146	84153	84153	100348	theory_fixed
147	read_000147	mol_000147	85350	85350	100151	theory_fixed
148	read_000148	mol_000148	85395	85395	104336	theory_fixed
149	read_000149	mol_000149	88780	88780	103943	theory_fixed
150	read_000150	mol_000150	88887	88887	101045	theory_fixed
151	read_000151	mol_000151	89031	89031	107050	theory_fixed
152	read_000152	mol_000152	89360	89360	111248	theory_fixed
153	read_000153	mol_000153	89743	89743	101182	theory_fixed
154	read_000154	mol_000154	90570	90570	108834	theory_fixed
155	read_000155	mol_000155	91656	91656	109919	theory_fixed
156	read_000156	mol_000156	91679	91679	115347	theory_fixed
157	read_000157	mol_000157	92091	92091	112184	theory_fixed
158	read_000158	mol_000158	92115	92115	115517	theory_fixed
159	read_000159	mol_000159	92172	92172	111488	theory_fixed
160	read_000160	mol_000160	92508	92508	117893	theory_fixed
161	read_000161	mol_000161	93246	93246	116291	theory_fixed
162	read_000162	mol_000162	93476	93476	105916	theory_fixed
163	read_000163	mol_000163	93608	93608	110840	theory_fixed
164	read_000164	mol_000164	94202	94202	109958	theory_fixed
165	read_000165	mol_000165	94455	94455	112137	theory_fixed
166	read_000166	mol_000166	94702	94702	120168	theory_fixed
167	read_000167	mol_000167	95057	95057	111002	theory_fixed
168	read_000168	mol_000168	95335	95335	114633	theory_fixed
169	read_000169	mol_000169	96426	96426	113162	theory_fixed
170	read_000170	mol_000170	96651	96651	116556	theory_fixed
171	read_000171	mol_000171	96748	96748	122815	theory_fixed
172	read_000172	mol_000172	96952	96952	109043	theory_fixed
173	read_000173	mol_000173	99244	99244	125734	theory_fixed
174	read_000174	mol_000174	99596	99596	123359	theory_fixed
175	read_000175	mol_000175	99862	99862	121258	theory_fixed
176	read_000176	mol_000176	100025	100025	121825	theory_fixed
177	read_000177	mol_000177	102416	102416	117719	theory_fixed
178	read_000178	mol_000178	102537	102537	118083	theory_fixed
179	read_000179	mol_000179	102780	102780	118100	theory_fixed
180	read_000180	mol_000180	102877	102877	129548	theory_fixed
181	read_000181	mol_000181	102951	102951	119675	theory_fixed
182	read_000182	mol_000182	103021	103021	119565	theory_fixed
183	read_000183	mol_000183	103535	103535	116721	theory_fixed
184	read_000184	mol_000184	105072	105072	120961	theory_fixed
185	read_000185	mol_000185	105185	105185	121041	theory_fixed
186	read_000186	mol_000186	106242	106242	125071	theory_fixed
187	read_000187	mol_000187	107792	107792	124312	theory_fixed
188	read_000188	mol_000188	109779	109779	128901	theory_fixed
189	read_000189	mol_000189	110084	110084	125026	theory_fixed
190	read_000190	mol_000190	110957	110957	130527	theory_fixed
191	read_000191	mol_000191	111776	111776	129137	theory_fixed
192	read_000192	mol_000192	111915	111915	123894	theory_fixed
193	read_000193	mol_000193	112036	112036	128681	theory_fixed
194	read_000194	mol_000194	113606	113606	126991	theory_fixed
195	read_000195	mol_000195	114003	114003	127552	theory_fixed
196	read_000196	mol_000196	114560	114560	138592	theory_fixed
197	read_000197	mol_000197	115981	115981	127746	theory_fixed
198	read_000198	mol_000198	116189	116189	129159	theory_fixed
199	read_000199	mol_000199	116220	116220	134256	theory_fixed
200	read_000200	mol_000200	116481	116481	129061	theory_fixed
201	read_000201	mol_000201	116908	116908	139948	theory_fixed
202	read_000202	mol_000202	117369	117369	132815	theory_fixed
203	read_000203	mol_000203	117408	117408	135183	theory_fixed
204	read_000204	mol_000204	117769	117769	128223	theory_fixed
205	read_000205	mol_000205	119392	119392	134811	theory_fixed
206	read_000206	mol_000206	121292	121292	139153	theory_fixed
207	read_000207	mol_000207	121937	121937	137249	theory_fixed
208	read_000208	mol_000208	122026	122026	140323	theory_fixed
209	read_000209	mol_000209	122366	122366	138293	theory_fixed
210	read_000210	mol_000210	122989	122989	139934	theory_fixed
211	read_000211	mol_000211	123182	123182	137075	theory_fixed
212	read_000212	mol_000212	123199	123199	137152	theory_fixed
213	read_000213	mol_000213	123662	123662	139021	theory_fixed
214	read_000214	mol_000214	124746	124746	139363	theory_fixed
215	read_000215	mol_000215	125555	125555	135736	theory_fixed
216	read_000216	mol_000216	125851	125851	140788	theory_fixed
217	read_000217	mol_000217	127602	127602	149113	theory_fixed
218	read_000218	mol_000218	128938	128938	148115	theory_fixed
219	read_000219	mol_000219	129188	129188	145455	theory_fixed
220	read_000220	mol_000220	130334	130334	147320	theory_fixed
221	read_000221	mol_000221	130697	130697	147923	theory_fixed
222	read_000222	mol_000222	132797	132797	159874	theory_fixed
223	read_000223	mol_000223	133114	133114	151426	theory_fixed
224	read_000224	mol_000224	135090	135090	150345	theory_fixed
225	read_000225	mol_000225	135797	135797	161158	theory_fixed
226	read_000226	mol_000226	136149	136149	163234	theory_fixed
227	read_000227	mol_000227	136668	136668	154236	theory_fixed
228	read_000228	mol_000228	137799	137799	151169	theory_fixed
229	read_000229	mol_000229	138925	138925	158332	theory_fixed
230	read_000230	mol_000230	139133	139133	161536	theory_fixed
231	read_000231	mol_000231	139565	139565	154673	theory_fixed
232	read_000232	mol_000232	139861	139861	161771	theory_fixed
233	read_000233	mol_000233	141900	141900	164327	theory_fixed
234	read_000234	mol_000234	142617	142617	160880	theory_fixed
235	read_000235	mol_000235	142728	142728	169375	theory_fixed
236	read_000236	mol_000236	143435	143435	157643	theory_fixed
237	read_000237	mol_000237	143704	143704	160579	theory_fixed
238	read_000238	mol_000238	144375	144375	166632	theory_fixed
239	read_000239	mol_000239	144454	144454	158565	theory_fixed
240	read_000240	mol_000240	144938	144938	164235	theory_fixed
241	read_000241	mol_000241	145693	145693	158148	theory_fixed
242	read_000242	mol_000242	146192	146192	161027	theory_fixed
243	read_000243	mol_000243	147032	147032	164442	theory_fixed
244	read_000244	mol_000244	147631	147631	170179	theory_fixed
245	read_000245	mol_000245	148178	148178	162196	theory_fixed
246	read_000246	mol_000246	148469	148469	164615	theory_fixed
247	read_000247	mol_000247	149805	149805	162737	theory_fixed
248	read_000248	mol_000248	150594	150594	165074	theory_fixed
249	read_000249	mol_000249	150635	150635	164056	theory_fixed
250	read_000250	mol_000250	150653	150653	169341	theory_fixed
251	read_000251	mol_000251	152117	152117	167313	theory_fixed
252	read_000252	mol_000252	153329	153329	169056	theory_fixed
253	read_000253	mol_000253	153706	153706	161429	theory_fixed
254	read_000254	mol_000254	154062	154062	180641	theory_fixed
255	read_000255	mol_000255	154536	154536	168981	theory_fixed
256	read_000256	mol_000256	154721	154721	175750	theory_fixed
257	read_000257	mol_000257	158253	158253	177419	theory_fixed
258	read_000258	mol_000258	158988	158988	184518	theory_fixed
259	read_000259	mol_000259	158998	158998	176618	theory_fixed
260	read_000260	mol_000260	159472	159472	179029	theory_fixed
261	read_000261	mol_000261	160185	160185	174310	theory_fixed
262	read_000262	mol_000262	161297	161297	184919	theory_fixed
263	read_000263	mol_000263	163543	163543	185645	theory_fixed
264	read_000264	mol_000264	163944	163944	178261	theory_fixed
265	read_000265	mol_000265	164244	164244	186316	theory_fixed
266	read_000266	mol_000266	164486	164486	176188	theory_fixed
267	read_000267	mol_000267	165301	165301	180517	theory_fixed
268	read_000268	mol_000268	166562	166562	184666	theory_fixed
269	read_000269	mol_000269	166991	166991	179542	theory_fixed
270	read_000270	mol_000270	167403	167403	183045	theory_fixed
271	read_000271	mol_000271	167558	167558	182120	theory_fixed
272	read_000272	mol_000272	167809	167809	182687	theory_fixed
273	read_000273	mol_000273	168678	168678	190181	theory_fixed
274	read_000274	mol_000274	170923	170923	190490	theory_fixed
275	read_000275	mol_000275	171236	171236	189362	theory_fixed
276	read_000276	mol_000276	171277	171277	194511	theory_fixed
277	read_000277	mol_000277	172903	172903	192489	theory_fixed
278	read_000278	mol_000278	172905	172905	191991	theory_fixed
279	read_000279	mol_000279	174001	174001	188976	theory_fixed
280	read_000280	mol_000280	174588	174588	194525	theory_fixed
281	read_000281	mol_000281	175037	175037	198818	theory_fixed
282	read_000282	mol_000282	175993	175993	192956	theory_fixed
283	read_000283	mol_000283	177216	177216	195177	theory_fixed
284	read_000284	mol_000284	177265	177265	193505	theory_fixed
285	read_000285	mol_000285	177476	177476	194762	theory_fixed
286	read_000286	mol_000286	177946	177946	192404	theory_fixed
287	read_000287	mol_000287	178157	178157	196167	theory_fixed
288	read_000288	mol_000288	178168	178168	190926	theory_fixed
289	read_000289	mol_000289	180680	180680	198573	theory_fixed
290	read_000290	mol_000290	181413	181413	204298	theory_fixed
291	read_000291	mol_000291	181789	181789	198583	theory_fixed
292	read_000292	mol_000292	182447	182447	198682	theory_fixed
293	read_000293	mol_000293	183024	183024	208328	theory_fixed
294	read_000294	mol_000294	183683	183683	195490	theory_fixed
295	read_000295	mol_000295	185151	185151	200043	theory_fixed
296	read_000296	mol_000296	185541	185541	203445	theory_fixed
297	read_000297	mol_000297	185784	185784	195769	theory_fixed
298	read_000298	mol_000298	185964	185964	204758	theory_fixed
299	read_000299	mol_000299	187486	187486	208178	theory_fixed
300	read_000300	mol_000300	188674	188674	207151	theory_fixed
301	read_000301	mol_000301	188726	188726	208096	theory_fixed
302	read_000302	mol_000302	188929	188929	207095	theory_fixed
303	read_000303	mol_000303	189773	189773	213544	theory_fixed
304	read_000304	mol_000304	189937	189937	204491	theory_fixed
305	read_000305	mol_000305	190043	190043	208008	theory_fixed
306	read_000306	mol_000306	190128	190128	201631	theory_fixed
307	read_000307	mol_000307	190271	190271	205511	theory_fixed
308	read_000308	mol_000308	191848	191848	218671	theory_fixed
309	read_000309	mol_000309	192593	192593	202662	theory_fixed
310	read_000310	mol_000310	193691	193691	212548	theory_fixed
311	read_000311	mol_000311	194152	194152	215327	theory_fixed
312	read_000312	mol_000312	194243	194243	209131	theory_fixed
313	read_000313	mol_000313	196211	196211	212747	theory_fixed
314	read_000314	mol_000314	197345	197345	210472	theory_fixed
315	read_000315	mol_000315	198017	198017	214473	theory_fixed
316	read_000316	mol_000316	198110	198110	221851	theory_fixed
317	read_000317	mol_000317	199542	199542	224430	theory_fixed
318	read_000318	mol_000318	199899	199899	223702	theory_fixed
319	read_000319	mol_000319	200798	200798	222766	theory_fixed
320	read_000320	mol_000320	200919	200919	220929	theory_fixed
321	read_000321	mol_000321	204580	204580	219591	theory_fixed
322	read_000322	mol_000322	205827	205827	225776	theory_fixed
323	read_000323	mol_000323	206384	206384	230236	theory_fixed
324	read_000324	mol_000324	207440	207440	223153	theory_fixed
325	read_000325	mol_000325	207500	207500	222187	theory_fixed
326	read_000326	mol_000326	207580	207580	220643	theory_fixed
327	read_000327	mol_000327	208150	208150	222233	theory_fixed
328	read_000328	mol_000328	208606	208606	230825	theory_fixed
329	read_000329	mol_000329	208886	208886	226312	theory_fixed
330	read_000330	mol_000330	209124	209124	223139	theory_fixed
331	read_000331	mol_000331	209699	209699	226413	theory_fixed
332	read_000332	mol_000332	209720	209720	224370	theory_fixed
333	read_000333	mol_000333	210809	210809	220416	theory_fixed
334	read_000334	mol_000334	211463	211463	226608	theory_fixed
335	read_000335	mol_000335	212204	212204	230022	theory_fixed
336	read_000336	mol_000336	212803	212803	238419	theory_fixed
337	read_000337	mol_000337	212854	212854	228130	theory_fixed
338	read_000338	mol_000338	212986	212986	229656	theory_fixed
339	read_000339	mol_000339	213299	213299	231766	theory_fixed
340	read_000340	mol_000340	213596	213596	232544	theory_fixed
341	read_000341	mol_000341	213933	213933	232805	theory_fixed
342	read_000342	mol_000342	213968	213968	229505	theory_fixed
343	read_000343	mol_000343	214223	214223	232875	theory_fixed
344	read_000344	mol_000344	214709	214709	231234	theory_fixed
345	read_000345	mol_000345	216194	216194	233891	theory_fixed
346	read_000346	mol_000346	217767	217767	237742	theory_fixed
347	read_000347	mol_000347	218168	218168	238444	theory_fixed
348	read_000348	mol_000348	218547	218547	233566	theory_fixed
349	read_000349	mol_000349	218599	218599	240602	theory_fixed
350	read_000350	mol_000350	219356	219356	246106	theory_fixed
351	read_000351	mol_000351	220326	220326	237817	theory_fixed
352	read_000352	mol_000352	220935	220935	240061	theory_fixed
353	read_000353	mol_000353	221421	221421	239489	theory_fixed
354	read_000354	mol_000354	221439	221439	230351	theory_fixed
355	read_000355	mol_000355	222071	222071	236842	theory_fixed
356	read_000356	mol_000356	223034	223034	239267	theory_fixed
357	read_000357	mol_000357	224062	224062	240702	theory_fixed
358	read_000358	mol_000358	225121	225121	238512	theory_fixed
359	read_000359	mol_000359	225409	225409	243833	theory_fixed
360	read_000360	mol_000360	225687	225687	240992	theory_fixed
361	read_000361	mol_000361	226179	226179	244253	theory_fixed
362	read_000362	mol_000362	227436	227436	240463	theory_fixed
363	read_000363	mol_000363	229167	229167	250163	theory_fixed
364	read_000364	mol_000364	229171	229171	249855	theory_fixed
365	read_000365	mol_000365	230596	230596	247755	theory_fixed
366	read_000366	mol_000366	231807	231807	246006	theory_fixed
367	read_000367	mol_000367	232117	232117	244016	theory_fixed
368	read_000368	mol_000368	234085	234085	252812	theory_fixed
369	read_000369	mol_000369	234433	234433	252776	theory_fixed
370	read_000370	mol_000370	234456	234456	257678	theory_fixed
371	read_000371	mol_000371	234745	234745	253370	theory_fixed
372	read_000372	mol_000372	234898	234898	248098	theory_fixed
373	read_000373	mol_000373	236436	236436	251950	theory_fixed
374	read_000374	mol_000374	236502	236502	260314	theory_fixed
375	read_000375	mol_000375	236538	236538	256342	theory_fixed
376	read_000376	mol_000376	236824	236824	258127	theory_fixed
377	read_000377	mol_000377	237103	237103	256159	theory_fixed
378	read_000378	mol_000378	237902	237902	250409	theory_fixed
379	read_000379	mol_000379	238178	238178	257819	theory_fixed
380	read_000380	mol_000380	238366	238366	252968	theory_fixed
381	read_000381	mol_000381	238826	238826	261811	theory_fixed
382	read_000382	mol_000382	239608	239608	254495	theory_fixed
383	read_000383	mol_000383	239647	239647	257583	theory_fixed
384	read_000384	mol_000384	240346	240346	254175	theory_fixed
385	read_000385	mol_000385	240617	240617	258356	theory_fixed
386	read_000386	mol_000386	241382	241382	254124	theory_fixed
387	read_000387	mol_000387	241424	241424	256036	theory_fixed
388	read_000388	mol_000388	241482	241482	262552	theory_fixed
389	read_000389	mol_000389	243768	243768	255953	theory_fixed
390	read_000390	mol_000390	244697	244697	258314	theory_fixed
391	read_000391	mol_000391	246331	246331	264118	theory_fixed
392	read_000392	mol_000392	246889	246889	261059	theory_fixed
393	read_000393	mol_000393	249264	249264	264013	theory_fixed
394	read_000394	mol_000394	250231	250231	277203	theory_fixed
395	read_000395	mol_000395	250319	250319	267937	theory_fixed
396	read_000396	mol_000396	250606	250606	267175	theory_fixed
397	read_000397	mol_000397	252515	252515	267627	theory_fixed
398	read_000398	mol_000398	252773	252773	270066	theory_fixed
399	read_000399	mol_000399	253017	253017	270486	theory_fixed
400	read_000400	mol_000400	253078	253078	264074	theory_fixed
401	read_000401	mol_000401	254043	254043	275899	theory_fixed
402	read_000402	mol_000402	254265	254265	271502	theory_fixed
403	read_000403	mol_000403	255095	255095	279421	theory_fixed
404	read_000404	mol_000404	255539	255539	268388	theory_fixed
405	read_000405	mol_000405	256323	256323	272071	theory_fixed
406	read_000406	mol_000406	256392	256392	270567	theory_fixed
407	read_000407	mol_000407	257137	257137	271993	theory_fixed
408	read_000408	mol_000408	257231	257231	271759	theory_fixed
409	read_000409	mol_000409	258480	258480	281533	theory_fixed
410	read_000410	mol_000410	259021	259021	279073	theory_fixed
411	read_000411	mol_000411	259418	259418	275162	theory_fixed
412	read_000412	mol_000412	259425	259425	277938	theory_fixed
413	read_000413	mol_000413	259427	259427	283002	theory_fixed
414	read_000414	mol_000414	260102	260102	269996	theory_fixed
415	read_000415	mol_000415	260710	260710	272287	theory_fixed
416	read_000416	mol_000416	260933	260933	277540	theory_fixed
417	read_000417	mol_000417	261420	261420	280507	theory_fixed
418	read_000418	mol_000418	261674	261674	274950	theory_fixed
419	read_000419	mol_000419	262199	262199	277858	theory_fixed
420	read_000420	mol_000420	262530	262530	274941	theory_fixed
421	read_000421	mol_000421	262739	262739	286504	theory_fixed
422	read_000422	mol_000422	263356	263356	290154	theory_fixed
423	read_000423	mol_000423	263503	263503	282932	theory_fixed
424	read_000424	mol_000424	263606	263606	278553	theory_fixed
425	read_000425	mol_000425	264130	264130	275603	theory_fixed
426	read_000426	mol_000426	264814	264814	287976	theory_fixed
427	read_000427	mol_000427	265033	265033	276396	theory_fixed
428	read_000428	mol_000428	265039	265039	290386	theory_fixed
429	read_000429	mol_000429	265864	265864	280465	theory_fixed
430	read_000430	mol_000430	265976	265976	285101	theory_fixed
431	read_000431	mol_000431	267291	267291	283739	theory_fixed
432	read_000432	mol_000432	267531	267531	280933	theory_fixed
433	read_000433	mol_000433	267614	267614	290517	theory_fixed
434	read_000434	mol_000434	268116	268116	286170	theory_fixed
435	read_000435	mol_000435	268602	268602	293131	theory_fixed
436	read_000436	mol_000436	269482	269482	294585	theory_fixed
437	read_000437	mol_000437	270001	270001	284016	theory_fixed
438	read_000438	mol_000438	272544	272544	288631	theory_fixed
439	read_000439	mol_000439	273306	273306	291363	theory_fixed
440	read_000440	mol_000440	273497	273497	292279	theory_fixed
441	read_000441	mol_000441	273541	273541	291044	theory_fixed
442	read_000442	mol_000442	273958	273958	291152	theory_fixed
443	read_000443	mol_000443	274548	274548	291793	theory_fixed
444	read_000444	mol_000444	276393	276393	292580	theory_fixed
445	read_000445	mol_000445	277834	277834	304424	theory_fixed
446	read_000446	mol_000446	278518	278518	290292	theory_fixed
447	read_000447	mol_000447	278910	278910	295429	theory_fixed
448	read_000448	mol_000448	279916	279916	294661	theory_fixed
449	read_000449	mol_000449	281383	281383	300251	theory_fixed
450	read_000450	mol_000450	281411	281411	296427	theory_fixed
451	read_000451	mol_000451	281833	281833	299000	theory_fixed
452	read_000452	mol_000452	283126	283126	307585	theory_fixed
453	read_000453	mol_000453	283816	283816	301933	theory_fixed
454	read_000454	mol_000454	285291	285291	300865	theory_fixed
455	read_000455	mol_000455	285356	285356	311675	theory_fixed
456	read_000456	mol_000456	286100	286100	299302	theory_fixed
457	read_000457	mol_000457	286268	286268	298605	theory_fixed
458	read_000458	mol_000458	286287	286287	307780	theory_fixed
459	read_000459	mol_000459	286305	286305	313276	theory_fixed
460	read_000460	mol_000460	286453	286453	297846	theory_fixed
461	read_000461	mol_000461	286539	286539	304379	theory_fixed
462	read_000462	mol_000462	286629	286629	306540	theory_fixed
463	read_000463	mol_000463	287555	287555	306904	theory_fixed
464	read_000464	mol_000464	287906	287906	309149	theory_fixed
465	read_000465	mol_000465	288569	288569	310482	theory_fixed
466	read_000466	mol_000466	289258	289258	319710	theory_fixed
467	read_000467	mol_000467	289372	289372	301582	theory_fixed
468	read_000468	mol_000468	289962	289962	308012	theory_fixed
469	read_000469	mol_000469	290477	290477	307380	theory_fixed
470	read_000470	mol_000470	292007	292007	313026	theory_fixed
471	read_000471	mol_000471	292441	292441	308071	theory_fixed
472	read_000472	mol_000472	292552	292552	312136	theory_fixed
473	read_000473	mol_000473	293257	293257	308704	theory_fixed
474	read_000474	mol_000474	293313	293313	311513	theory_fixed
475	read_000475	mol_000475	294358	294358	313119	theory_fixed
476	read_000476	mol_000476	294768	294768	315640	theory_fixed
477	read_000477	mol_000477	294957	294957	313520	theory_fixed
478	read_000478	mol_000478	295901	295901	308209	theory_fixed
479	read_000479	mol_000479	296412	296412	319576	theory_fixed
480	read_000480	mol_000480	296694	296694	313308	theory_fixed
481	read_000481	mol_000481	296956	296956	309562	theory_fixed
482	read_000482	mol_000482	297180	297180	316076	theory_fixed
483	read_000483	mol_000483	297542	297542	320723	theory_fixed
484	read_000484	mol_000484	298818	298818	316213	theory_fixed
485	read_000485	mol_000485	299189	299189	319598	theory_fixed
486	read_000486	mol_000486	299850	299850	314716	theory_fixed
487	read_000487	mol_000487	300406	300406	322525	theory_fixed
488	read_000488	mol_000488	300589	300589	317389	theory_fixed
489	read_000489	mol_000489	300763	300763	314582	theory_fixed
490	read_000490	mol_000490	301129	301129	319556	theory_fixed
491	read_000491	mol_000491	301173	301173	318712	theory_fixed
492	read_000492	mol_000492	301364	301364	321816	theory_fixed
493	read_000493	mol_000493	303446	303446	321701	theory_fixed
494	read_000494	mol_000494	303564	303564	319230	theory_fixed
495	read_000495	mol_000495	304543	304543	322671	theory_fixed
496	read_000496	mol_000496	305007	305007	319632	theory_fixed
497	read_000497	mol_000497	305063	305063	322913	theory_fixed
498	read_000498	mol_000498	305218	305218	318888	theory_fixed
499	read_000499	mol_000499	305745	305745	318259	theory_fixed
500	read_000500	mol_000500	306024	306024	320695	theory_fixed
501	read_000501	mol_000501	306604	306604	327385	theory_fixed
502	read_000502	mol_000502	307124	307124	323518	theory_fixed
503	read_000503	mol_000503	307268	307268	324272	theory_fixed
504	read_000504	mol_000504	308444	308444	325578	theory_fixed
505	read_000505	mol_000505	308697	308697	325411	theory_fixed
506	read_000506	mol_000506	309799	309799	324454	theory_fixed
507	read_000507	mol_000507	309963	309963	323467	theory_fixed
508	read_000508	mol_000508	310258	310258	328506	theory_fixed
509	read_000509	mol_000509	311741	311741	330154	theory_fixed
510	read_000510	mol_000510	312051	312051	334547	theory_fixed
511	read_000511	mol_000511	313559	313559	328893	theory_fixed
512	read_000512	mol_000512	315104	315104	331494	theory_fixed
513	read_000513	mol_000513	315315	315315	334120	theory_fixed
514	read_000514	mol_000514	316790	316790	334283	theory_fixed
515	read_000515	mol_000515	317798	317798	335599	theory_fixed
516	read_000516	mol_000516	317817	317817	332273	theory_fixed
517	read_000517	mol_000517	318774	318774	333033	theory_fixed
518	read_000518	mol_000518	318821	318821	337375	theory_fixed
519	read_000519	mol_000519	319248	319248	342733	theory_fixed
520	read_000520	mol_000520	319849	319849	338930	theory_fixed
521	read_000521	mol_000521	320580	320580	339267	theory_fixed
522	read_000522	mol_000522	321199	321199	334647	theory_fixed
523	read_000523	mol_000523	324058	324058	341387	theory_fixed
524	read_000524	mol_000524	327370	327370	346271	theory_fixed
525	read_000525	mol_000525	328477	328477	344676	theory_fixed
526	read_000526	mol_000526	329801	329801	350650	theory_fixed
527	read_000527	mol_000527	330328	330328	339995	theory_fixed
528	read_000528	mol_000528	331922	331922	349496	theory_fixed
529	read_000529	mol_000529	333245	333245	350723	theory_fixed
530	read_000530	mol_000530	333964	333964	354340	theory_fixed
531	read_000531	mol_000531	334248	334248	351887	theory_fixed
532	read_000532	mol_000532	335510	335510	348367	theory_fixed
533	read_000533	mol_000533	335639	335639	355770	theory_fixed
534	read_000534	mol_000534	336497	336497	353464	theory_fixed
535	read_000535	mol_000535	337164	337164	350643	theory_fixed
536	read_000536	mol_000536	337530	337530	352228	theory_fixed
537	read_000537	mol_000537	337766	337766	350853	theory_fixed
538	read_000538	mol_000538	339606	339606	357122	theory_fixed
539	read_000539	mol_000539	340362	340362	356928	theory_fixed
540	read_000540	mol_000540	342059	342059	358953	theory_fixed
541	read_000541	mol_000541	342424	342424	360053	theory_fixed
542	read_000542	mol_000542	342553	342553	364303	theory_fixed
543	read_000543	mol_000543	342808	342808	360090	theory_fixed
544	read_000544	mol_000544	343288	343288	360180	theory_fixed
545	read_000545	mol_000545	345165	345165	363294	theory_fixed
546	read_000546	mol_000546	345744	345744	362501	theory_fixed
547	read_000547	mol_000547	346229	346229	359719	theory_fixed
548	read_000548	mol_000548	347186	347186	364112	theory_fixed
549	read_000549	mol_000549	348249	348249	366845	theory_fixed
550	read_000550	mol_000550	348848	348848	361574	theory_fixed
551	read_000551	mol_000551	348943	348943	363596	theory_fixed
552	read_000552	mol_000552	349115	349115	362270	theory_fixed
553	read_000553	mol_000553	349317	349317	367004	theory_fixed
554	read_000554	mol_000554	349454	349454	363065	theory_fixed
555	read_000555	mol_000555	350036	350036	366378	theory_fixed
556	read_000556	mol_000556	350068	350068	367811	theory_fixed
557	read_000557	mol_000557	351637	351637	368698	theory_fixed
558	read_000558	mol_000558	351863	351863	371882	theory_fixed
559	read_000559	mol_000559	353153	353153	379070	theory_fixed
560	read_000560	mol_000560	353699	353699	371471	theory_fixed
561	read_000561	mol_000561	353791	353791	371636	theory_fixed
562	read_000562	mol_000562	354182	354182	372128	theory_fixed
563	read_000563	mol_000563	355752	355752	372956	theory_fixed
564	read_000564	mol_000564	356440	356440	377640	theory_fixed
565	read_000565	mol_000565	357054	357054	375342	theory_fixed
566	read_000566	mol_000566	358062	358062	377428	theory_fixed
567	read_000567	mol_000567	358234	358234	368297	theory_fixed
568	read_000568	mol_000568	358332	358332	369356	theory_fixed
569	read_000569	mol_000569	360400	360400	373815	theory_fixed
570	read_000570	mol_000570	360466	360466	380092	theory_fixed
571	read_000571	mol_000571	361756	361756	385292	theory_fixed
572	read_000572	mol_000572	361911	361911	379427	theory_fixed
573	read_000573	mol_000573	363114	363114	381726	theory_fixed
574	read_000574	mol_000574	363308	363308	386105	theory_fixed
575	read_000575	mol_000575	363581	363581	375796	theory_fixed
576	read_000576	mol_000576	364446	364446	386442	theory_fixed
577	read_000577	mol_000577	364716	364716	385388	theory_fixed
578	read_000578	mol_000578	364765	364765	380432	theory_fixed
579	read_000579	mol_000579	365208	365208	384941	theory_fixed
580	read_000580	mol_000580	365750	365750	379066	theory_fixed
581	read_000581	mol_000581	365837	365837	380424	theory_fixed
582	read_000582	mol_000582	366047	366047	383878	theory_fixed
583	read_000583	mol_000583	366590	366590	385345	theory_fixed
584	read_000584	mol_000584	367482	367482	384471	theory_fixed
585	read_000585	mol_000585	367747	367747	386137	theory_fixed
586	read_000586	mol_000586	367968	367968	386009	theory_fixed
587	read_000587	mol_000587	368893	368893	384971	theory_fixed
588	read_000588	mol_000588	369566	369566	390044	theory_fixed
589	read_000589	mol_000589	371087	371087	386519	theory_fixed
590	read_000590	mol_000590	371557	371557	386236	theory_fixed
591	read_000591	mol_000591	373145	373145	388865	theory_fixed
592	read_000592	mol_000592	374368	374368	391924	theory_fixed
593	read_000593	mol_000593	374842	374842	391366	theory_fixed
594	read_000594	mol_000594	375233	375233	391291	theory_fixed
595	read_000595	mol_000595	377224	377224	398366	theory_fixed
596	read_000596	mol_000596	377332	377332	390488	theory_fixed
597	read_000597	mol_000597	378226	378226	390669	theory_fixed
598	read_000598	mol_000598	378355	378355	393701	theory_fixed
599	read_000599	mol_000599	380069	380069	398345	theory_fixed
600	read_000600	mol_000600	380171	380171	397253	theory_fixed
601	read_000601	mol_000601	381325	381325	401609	theory_fixed
602	read_000602	mol_000602	381856	381856	409806	theory_fixed
603	read_000603	mol_000603	383609	383609	400503	theory_fixed
604	read_000604	mol_000604	384083	384083	403221	theory_fixed
605	read_000605	mol_000605	384793	384793	406223	theory_fixed
606	read_000606	mol_000606	384903	384903	402201	theory_fixed
607	read_000607	mol_000607	385105	385105	409156	theory_fixed
608	read_000608	mol_000608	386213	386213	402718	theory_fixed
609	read_000609	mol_000609	386354	386354	402865	theory_fixed
610	read_000610	mol_000610	386480	386480	404009	theory_fixed
611	read_000611	mol_000611	387405	387405	403903	theory_fixed
612	read_000612	mol_000612	387773	387773	403007	theory_fixed
613	read_000613	mol_000613	387902	387902	411853	theory_fixed
614	read_000614	mol_000614	388388	388388	404958	theory_fixed
615	read_000615	mol_000615	388742	388742	405262	theory_fixed
616	read_000616	mol_000616	389821	389821	408159	theory_fixed
617	read_000617	mol_000617	389962	389962	403087	theory_fixed
618	read_000618	mol_000618	390166	390166	413223	theory_fixed
619	read_000619	mol_000619	390447	390447	404646	theory_fixed
620	read_000620	mol_000620	390508	390508	414901	theory_fixed
621	read_000621	mol_000621	390732	390732	408067	theory_fixed
622	read_000622	mol_000622	391407	391407	405235	theory_fixed
623	read_000623	mol_000623	391670	391670	408628	theory_fixed
624	read_000624	mol_000624	392776	392776	409563	theory_fixed
625	read_000625	mol_000625	392977	392977	404817	theory_fixed
626	read_000626	mol_000626	393056	393056	413380	theory_fixed
627	read_000627	mol_000627	393186	393186	406835	theory_fixed
628	read_000628	mol_000628	393445	393445	416495	theory_fixed
629	read_000629	mol_000629	393545	393545	408490	theory_fixed
630	read_000630	mol_000630	393781	393781	406409	theory_fixed
631	read_000631	mol_000631	393852	393852	406739	theory_fixed
632	read_000632	mol_000632	393922	393922	412826	theory_fixed
633	read_000633	mol_000633	394768	394768	411885	theory_fixed
634	read_000634	mol_000634	394775	394775	415040	theory_fixed
635	read_000635	mol_000635	394798	394798	410638	theory_fixed
636	read_000636	mol_000636	395065	395065	420458	theory_fixed
637	read_000637	mol_000637	395412	395412	427657	theory_fixed
638	read_000638	mol_000638	395460	395460	409793	theory_fixed
639	read_000639	mol_000639	396419	396419	410861	theory_fixed
640	read_000640	mol_000640	396456	396456	409082	theory_fixed
641	read_000641	mol_000641	396474	396474	411043	theory_fixed
642	read_000642	mol_000642	396601	396601	413602	theory_fixed
643	read_000643	mol_000643	397595	397595	416764	theory_fixed
644	read_000644	mol_000644	397597	397597	416464	theory_fixed
645	read_000645	mol_000645	397693	397693	418274	theory_fixed
646	read_000646	mol_000646	397783	397783	415820	theory_fixed
647	read_000647	mol_000647	398008	398008	413478	theory_fixed
648	read_000648	mol_000648	398422	398422	424156	theory_fixed
649	read_000649	mol_000649	398825	398825	416088	theory_fixed
650	read_000650	mol_000650	399017	399017	416778	theory_fixed
651	read_000651	mol_000651	401072	401072	419983	theory_fixed
652	read_000652	mol_000652	402641	402641	420112	theory_fixed
653	read_000653	mol_000653	402681	402681	422524	theory_fixed
654	read_000654	mol_000654	404470	404470	418836	theory_fixed
655	read_000655	mol_000655	404911	404911	420636	theory_fixed
656	read_000656	mol_000656	406884	406884	428944	theory_fixed
657	read_000657	mol_000657	407014	407014	425974	theory_fixed
658	read_000658	mol_000658	408177	408177	422777	theory_fixed
659	read_000659	mol_000659	409142	409142	425652	theory_fixed
660	read_000660	mol_000660	411373	411373	424648	theory_fixed
661	read_000661	mol_000661	411377	411377	434431	theory_fixed
662	read_000662	mol_000662	413151	413151	429417	theory_fixed
663	read_000663	mol_000663	414627	414627	427249	theory_fixed
664	read_000664	mol_000664	416460	416460	430316	theory_fixed
665	read_000665	mol_000665	416561	416561	433992	theory_fixed
666	read_000666	mol_000666	416690	416690	432456	theory_fixed
667	read_000667	mol_000667	416704	416704	430948	theory_fixed
668	read_000668	mol_000668	416740	416740	443848	theory_fixed
669	read_000669	mol_000669	417230	417230	439200	theory_fixed
670	read_000670	mol_000670	419007	419007	439689	theory_fixed
671	read_000671	mol_000671	419503	419503	436451	theory_fixed
672	read_000672	mol_000672	419924	419924	441698	theory_fixed
673	read_000673	mol_000673	420661	420661	441329	theory_fixed
674	read_000674	mol_000674	420993	420993	432875	theory_fixed
675	read_000675	mol_000675	421001	421001	439209	theory_fixed
676	read_000676	mol_000676	421655	421655	445331	theory_fixed
677	read_000677	mol_000677	421743	421743	436350	theory_fixed
678	read_000678	mol_000678	421863	421863	438507	theory_fixed
679	read_000679	mol_000679	423327	423327	439239	theory_fixed
680	read_000680	mol_000680	423448	423448	438197	theory_fixed
681	read_000681	mol_000681	423915	423915	438773	theory_fixed
682	read_000682	mol_000682	424190	424190	441326	theory_fixed
683	read_000683	mol_000683	424632	424632	440512	theory_fixed
684	read_000684	mol_000684	426941	426941	446088	theory_fixed
685	read_000685	mol_000685	427479	427479	446478	theory_fixed
686	read_000686	mol_000686	427557	427557	449505	theory_fixed
687	read_000687	mol_000687	427709	427709	454864	theory_fixed
688	read_000688	mol_000688	427991	427991	446049	theory_fixed
689	read_000689	mol_000689	428472	428472	445685	theory_fixed
690	read_000690	mol_000690	428556	428556	446063	theory_fixed
691	read_000691	mol_000691	428670	428670	452134	theory_fixed
692	read_000692	mol_000692	428886	428886	448525	theory_fixed
693	read_000693	mol_000693	428910	428910	443064	theory_fixed
694	read_000694	mol_000694	430037	430037	445114	theory_fixed
695	read_000695	mol_000695	431231	431231	449602	theory_fixed
696	read_000696	mol_000696	431739	431739	449587	theory_fixed
697	read_000697	mol_000697	431856	431856	447624	theory_fixed
698	read_000698	mol_000698	431978	431978	452426	theory_fixed
699	read_000699	mol_000699	432184	432184	448483	theory_fixed
700	read_000700	mol_000700	432206	432206	456595	theory_fixed
701	read_000701	mol_000701	432859	432859	449052	theory_fixed
702	read_000702	mol_000702	432941	432941	451460	theory_fixed
703	read_000703	mol_000703	433797	433797	456909	theory_fixed
704	read_000704	mol_000704	434352	434352	454312	theory_fixed
705	read_000705	mol_000705	434368	434368	448536	theory_fixed
706	read_000706	mol_000706	434895	434895	452875	theory_fixed
707	read_000707	mol_000707	436442	436442	450607	theory_fixed
708	read_000708	mol_000708	439717	439717	460933	theory_fixed
709	read_000709	mol_000709	441168	441168	464482	theory_fixed
710	read_000710	mol_000710	443035	443035	465696	theory_fixed
711	read_000711	mol_000711	443148	443148	461733	theory_fixed
712	read_000712	mol_000712	443942	443942	461464	theory_fixed
713	read_000713	mol_000713	444503	444503	462509	theory_fixed
714	read_000714	mol_000714	444844	444844	467952	theory_fixed
715	read_000715	mol_000715	444854	444854	465786	theory_fixed
716	read_000716	mol_000716	444874	444874	465554	theory_fixed
717	read_000717	mol_000717	446300	446300	468427	theory_fixed
718	read_000718	mol_000718	446880	446880	468779	theory_fixed
719	read_000719	mol_000719	447628	447628	466369	theory_fixed
720	read_000720	mol_000720	447875	447875	467029	theory_fixed
721	read_000721	mol_000721	448013	448013	466160	theory_fixed
722	read_000722	mol_000722	448402	448402	458001	theory_fixed
723	read_000723	mol_000723	448934	448934	459115	theory_fixed
724	read_000724	mol_000724	449813	449813	465408	theory_fixed
725	read_000725	mol_000725	450400	450400	464167	theory_fixed
726	read_000726	mol_000726	450415	450415	464465	theory_fixed
727	read_000727	mol_000727	450985	450985	468810	theory_fixed
728	read_000728	mol_000728	451069	451069	468139	theory_fixed
729	read_000729	mol_000729	451989	451989	466585	theory_fixed
730	read_000730	mol_000730	452082	452082	471163	theory_fixed
731	read_000731	mol_000731	452333	452333	474919	theory_fixed
732	read_000732	mol_000732	454529	454529	469946	theory_fixed
733	read_000733	mol_000733	454623	454623	473214	theory_fixed
734	read_000734	mol_000734	454988	454988	480753	theory_fixed
735	read_000735	mol_000735	455796	455796	475911	theory_fixed
736	read_000736	mol_000736	456104	456104	473411	theory_fixed
737	read_000737	mol_000737	457301	457301	475049	theory_fixed
738	read_000738	mol_000738	457820	457820	477653	theory_fixed
739	read_000739	mol_000739	458819	458819	480794	theory_fixed
740	read_000740	mol_000740	459822	459822	470136	theory_fixed
741	read_000741	mol_000741	461122	461122	478282	theory_fixed
742	read_000742	mol_000742	462176	462176	477451	theory_fixed
743	read_000743	mol_000743	462326	462326	474316	theory_fixed
744	read_000744	mol_000744	463144	463144	482508	theory_fixed
745	read_000745	mol_000745	463930	463930	479773	theory_fixed
746	read_000746	mol_000746	464271	464271	479930	theory_fixed
747	read_000747	mol_000747	464535	464535	484567	theory_fixed
748	read_000748	mol_000748	464710	464710	484131	theory_fixed
749	read_000749	mol_000749	465806	465806	484722	theory_fixed
750	read_000750	mol_000750	466441	466441	486950	theory_fixed
751	read_000751	mol_000751	466995	466995	478968	theory_fixed
752	read_000752	mol_000752	468224	468224	486701	theory_fixed
753	read_000753	mol_000753	468298	468298	482768	theory_fixed
754	read_000754	mol_000754	468451	468451	483997	theory_fixed
755	read_000755	mol_000755	470192	470192	489652	theory_fixed
756	read_000756	mol_000756	470455	470455	484522	theory_fixed
757	read_000757	mol_000757	471678	471678	490765	theory_fixed
758	read_000758	mol_000758	473006	473006	487104	theory_fixed
759	read_000759	mol_000759	473656	473656	488108	theory_fixed
760	read_000760	mol_000760	473919	473919	487312	theory_fixed
761	read_000761	mol_000761	475759	475759	499406	theory_fixed
762	read_000762	mol_000762	476377	476377	495534	theory_fixed
763	read_000763	mol_000763	476857	476857	497762	theory_fixed
764	read_000764	mol_000764	477843	477843	497087	theory_fixed
765	read_000765	mol_000765	478365	478365	491269	theory_fixed
766	read_000766	mol_000766	479280	479280	491612	theory_fixed
767	read_000767	mol_000767	479498	479498	498377	theory_fixed
768	read_000768	mol_000768	479767	479767	499248	theory_fixed
769	read_000769	mol_000769	479969	479969	501064	theory_fixed
770	read_000770	mol_000770	480350	480350	495962	theory_fixed
771	read_000771	mol_000771	480620	480620	498136	theory_fixed
772	read_000772	mol_000772	480674	480674	496530	theory_fixed
773	read_000773	mol_000773	480891	480891	501653	theory_fixed
774	read_000774	mol_000774	481127	481127	490952	theory_fixed
775	read_000775	mol_000775	481438	481438	495240	theory_fixed
776	read_000776	mol_000776	481632	481632	499136	theory_fixed
777	read_000777	mol_000777	481809	481809	504826	theory_fixed
778	read_000778	mol_000778	482450	482450	500007	theory_fixed
779	read_000779	mol_000779	482870	482870	514915	theory_fixed
780	read_000780	mol_000780	483075	483075	495514	theory_fixed
781	read_000781	mol_000781	483178	483178	496331	theory_fixed
782	read_000782	mol_000782	483791	483791	497896	theory_fixed
783	read_000783	mol_000783	484103	484103	505491	theory_fixed
784	read_000784	mol_000784	484427	484427	505599	theory_fixed
785	read_000785	mol_000785	484600	484600	498641	theory_fixed
786	read_000786	mol_000786	484716	484716	501174	theory_fixed
787	read_000787	mol_000787	485287	485287	503889	theory_fixed
788	read_000788	mol_000788	486598	486598	500196	theory_fixed
789	read_000789	mol_000789	486626	486626	509390	theory_fixed
790	read_000790	mol_000790	487335	487335	502846	theory_fixed
791	read_000791	mol_000791	487707	487707	505034	theory_fixed
792	read_000792	mol_000792	487947	487947	506089	theory_fixed
793	read_000793	mol_000793	489858	489858	507133	theory_fixed
794	read_000794	mol_000794	490783	490783	505959	theory_fixed
795	read_000795	mol_000795	491638	491638	511463	theory_fixed
796	read_000796	mol_000796	491966	491966	508838	theory_fixed
797	read_000797	mol_000797	492503	492503	508348	theory_fixed
798	read_000798	mol_000798	493891	493891	513129	theory_fixed
799	read_000799	mol_000799	493896	493896	508152	theory_fixed
800	read_000800	mol_000800	494209	494209	509120	theory_fixed
801	read_000801	mol_000801	494523	494523	507226	theory_fixed
802	read_000802	mol_000802	494829	494829	519897	theory_fixed
803	read_000803	mol_000803	496232	496232	519784	theory_fixed
804	read_000804	mol_000804	496389	496389	514155	theory_fixed
805	read_000805	mol_000805	497619	497619	513158	theory_fixed
806	read_000806	mol_000806	498095	498095	518478	theory_fixed
807	read_000807	mol_000807	499471	499471	509337	theory_fixed
808	read_000808	mol_000808	499755	499755	512412	theory_fixed
809	read_000809	mol_000809	499964	499964	525862	theory_fixed
810	read_000810	mol_000810	500850	500850	511808	theory_fixed
811	read_000811	mol_000811	501477	501477	523179	theory_fixed
812	read_000812	mol_000812	501994	501994	521715	theory_fixed
813	read_000813	mol_000813	504655	504655	517707	theory_fixed
814	read_000814	mol_000814	504910	504910	518259	theory_fixed
815	read_000815	mol_000815	505350	505350	525518	theory_fixed
816	read_000816	mol_000816	507553	507553	522844	theory_fixed
817	read_000817	mol_000817	507730	507730	527998	theory_fixed
818	read_000818	mol_000818	507800	507800	528259	theory_fixed
819	read_000819	mol_000819	510609	510609	530720	theory_fixed
820	read_000820	mol_000820	513223	513223	529465	theory_fixed
821	read_000821	mol_000821	513622	513622	535270	theory_fixed
822	read_000822	mol_000822	514111	514111	536810	theory_fixed
823	read_000823	mol_000823	515447	515447	538885	theory_fixed
824	read_000824	mol_000824	515729	515729	534159	theory_fixed
825	read_000825	mol_000825	516031	516031	538651	theory_fixed
826	read_000826	mol_000826	516394	516394	535579	theory_fixed
827	read_000827	mol_000827	516576	516576	531120	theory_fixed
828	read_000828	mol_000828	517200	517200	534029	theory_fixed
829	read_000829	mol_000829	517257	517257	535472	theory_fixed
830	read_000830	mol_000830	517961	517961	534104	theory_fixed
831	read_000831	mol_000831	518534	518534	531074	theory_fixed
832	read_000832	mol_000832	518790	518790	541403	theory_fixed
833	read_000833	mol_000833	518993	518993	537331	theory_fixed
834	read_000834	mol_000834	519493	519493	538963	theory_fixed
835	read_000835	mol_000835	520082	520082	534958	theory_fixed
836	read_000836	mol_000836	520112	520112	535544	theory_fixed
837	read_000837	mol_000837	521393	521393	537375	theory_fixed
838	read_000838	mol_000838	521397	521397	545717	theory_fixed
839	read_000839	mol_000839	521727	521727	535795	theory_fixed
840	read_000840	mol_000840	521998	521998	532622	theory_fixed
841	read_000841	mol_000841	523472	523472	537366	theory_fixed
842	read_000842	mol_000842	524436	524436	538082	theory_fixed
843	read_000843	mol_000843	524658	524658	540577	theory_fixed
844	read_000844	mol_000844	525403	525403	538545	theory_fixed
845	read_000845	mol_000845	526701	526701	545335	theory_fixed
846	read_000846	mol_000846	526925	526925	543330	theory_fixed
847	read_000847	mol_000847	527340	527340	544592	theory_fixed
848	read_000848	mol_000848	528168	528168	547045	theory_fixed
849	read_000849	mol_000849	529954	529954	546778	theory_fixed
850	read_000850	mol_000850	530992	530992	544944	theory_fixed
851	read_000851	mol_000851	531149	531149	546708	theory_fixed
852	read_000852	mol_000852	531598	531598	543179	theory_fixed
853	read_000853	mol_000853	531661	531661	546244	theory_fixed
854	read_000854	mol_000854	531930	531930	544528	theory_fixed
855	read_000855	mol_000855	532125	532125	550728	theory_fixed
856	read_000856	mol_000856	532249	532249	554450	theory_fixed
857	read_000857	mol_000857	533037	533037	557296	theory_fixed
858	read_000858	mol_000858	533285	533285	550766	theory_fixed
859	read_000859	mol_000859	533857	533857	553826	theory_fixed
860	read_000860	mol_000860	534633	534633	554943	theory_fixed
861	read_000861	mol_000861	534820	534820	550351	theory_fixed
862	read_000862	mol_000862	535620	535620	552464	theory_fixed
863	read_000863	mol_000863	535827	535827	550882	theory_fixed
864	read_000864	mol_000864	535888	535888	556172	theory_fixed
865	read_000865	mol_000865	536350	536350	554063	theory_fixed
866	read_000866	mol_000866	536364	536364	554729	theory_fixed
867	read_000867	mol_000867	537691	537691	558514	theory_fixed
868	read_000868	mol_000868	538065	538065	552219	theory_fixed
869	read_000869	mol_000869	538769	538769	549752	theory_fixed
870	read_000870	mol_000870	539203	539203	555169	theory_fixed
871	read_000871	mol_000871	539767	539767	553190	theory_fixed
872	read_000872	mol_000872	541220	541220	557277	theory_fixed
873	read_000873	mol_000873	541797	541797	561545	theory_fixed
874	read_000874	mol_000874	542112	542112	556789	theory_fixed
875	read_000875	mol_000875	542608	542608	562614	theory_fixed
876	read_000876	mol_000876	542955	542955	559521	theory_fixed
877	read_000877	mol_000877	544075	544075	563578	theory_fixed
878	read_000878	mol_000878	544333	544333	559447	theory_fixed
879	read_000879	mol_000879	544344	544344	561290	theory_fixed
880	read_000880	mol_000880	544392	544392	567942	theory_fixed
881	read_000881	mol_000881	544444	544444	559086	theory_fixed
882	read_000882	mol_000882	544653	544653	561660	theory_fixed
883	read_000883	mol_000883	544719	544719	563877	theory_fixed
884	read_000884	mol_000884	544748	544748	561484	theory_fixed
885	read_000885	mol_000885	546312	546312	563930	theory_fixed
886	read_000886	mol_000886	547026	547026	564821	theory_fixed
887	read_000887	mol_000887	547571	547571	562364	theory_fixed
888	read_000888	mol_000888	547578	547578	570284	theory_fixed
889	read_000889	mol_000889	547952	547952	560757	theory_fixed
890	read_000890	mol_000890	548694	548694	570857	theory_fixed
891	read_000891	mol_000891	548723	548723	562978	theory_fixed
892	read_000892	mol_000892	548912	548912	568542	theory_fixed
893	read_000893	mol_000893	549391	549391	569475	theory_fixed
894	read_000894	mol_000894	549656	549656	565017	theory_fixed
895	read_000895	mol_000895	550049	550049	566805	theory_fixed
896	read_000896	mol_000896	551238	551238	565910	theory_fixed
897	read_000897	mol_000897	551595	551595	566395	theory_fixed
898	read_000898	mol_000898	551616	551616	567919	theory_fixed
899	read_000899	mol_000899	552226	552226	574906	theory_fixed
900	read_000900	mol_000900	553620	553620	567085	theory_fixed
901	read_000901	mol_000901	554280	554280	572576	theory_fixed
902	read_000902	mol_000902	555134	555134	569430	theory_fixed
903	read_000903	mol_000903	555839	555839	578883	theory_fixed
904	read_000904	mol_000904	556107	556107	573861	theory_fixed
905	read_000905	mol_000905	558086	558086	571820	theory_fixed
906	read_000906	mol_000906	558745	558745	587012	theory_fixed
907	read_000907	mol_000907	558910	558910	578760	theory_fixed
908	read_000908	mol_000908	559031	559031	575928	theory_fixed
909	read_000909	mol_000909	559119	559119	575431	theory_fixed
910	read_000910	mol_000910	559650	559650	580902	theory_fixed
911	read_000911	mol_000911	560113	560113	576489	theory_fixed
912	read_000912	mol_000912	560185	560185	577885	theory_fixed
913	read_000913	mol_000913	560846	560846	584766	theory_fixed
914	read_000914	mol_000914	561548	561548	577467	theory_fixed
915	read_000915	mol_000915	561700	561700	575704	theory_fixed
916	read_000916	mol_000916	562167	562167	576721	theory_fixed
917	read_000917	mol_000917	562193	562193	578127	theory_fixed
918	read_000918	mol_000918	562834	562834	580804	theory_fixed
919	read_000919	mol_000919	563506	563506	582816	theory_fixed
920	read_000920	mol_000920	563508	563508	580164	theory_fixed
921	read_000921	mol_000921	563889	563889	577937	theory_fixed
922	read_000922	mol_000922	564174	564174	581594	theory_fixed
923	read_000923	mol_000923	564365	564365	578751	theory_fixed
924	read_000924	mol_000924	566819	566819	580500	theory_fixed
925	read_000925	mol_000925	567827	567827	583802	theory_fixed
926	read_000926	mol_000926	568011	568011	584091	theory_fixed
927	read_000927	mol_000927	568933	568933	592503	theory_fixed
928	read_000928	mol_000928	570217	570217	586982	theory_fixed
929	read_000929	mol_000929	570303	570303	587168	theory_fixed
930	read_000930	mol_000930	570819	570819	587657	theory_fixed
931	read_000931	mol_000931	570993	570993	587741	theory_fixed
932	read_000932	mol_000932	572285	572285	596012	theory_fixed
933	read_000933	mol_000933	573722	573722	587514	theory_fixed
934	read_000934	mol_000934	574120	574120	592022	theory_fixed
935	read_000935	mol_000935	574675	574675	603190	theory_fixed
936	read_000936	mol_000936	575425	575425	595791	theory_fixed
937	read_000937	mol_000937	576250	576250	599508	theory_fixed
938	read_000938	mol_000938	577158	577158	591644	theory_fixed
939	read_000939	mol_000939	577701	577701	598878	theory_fixed
940	read_000940	mol_000940	578843	578843	602535	theory_fixed
941	read_000941	mol_000941	579294	579294	598546	theory_fixed
942	read_000942	mol_000942	581529	581529	600029	theory_fixed
943	read_000943	mol_000943	582314	582314	596941	theory_fixed
944	read_000944	mol_000944	582933	582933	606326	theory_fixed
945	read_000945	mol_000945	583043	583043	599439	theory_fixed
946	read_000946	mol_000946	583072	583072	602828	theory_fixed
947	read_000947	mol_000947	583247	583247	601828	theory_fixed
948	read_000948	mol_000948	583526	583526	601406	theory_fixed
949	read_000949	mol_000949	584718	584718	599525	theory_fixed
950	read_000950	mol_000950	584933	584933	608888	theory_fixed
951	read_000951	mol_000951	584942	584942	608386	theory_fixed
952	read_000952	mol_000952	585593	585593	601297	theory_fixed
953	read_000953	mol_000953	586470	586470	600755	theory_fixed
954	read_000954	mol_000954	587073	587073	602040	theory_fixed
955	read_000955	mol_000955	587426	587426	603285	theory_fixed
956	read_000956	mol_000956	588033	588033	601943	theory_fixed
957	read_000957	mol_000957	590348	590348	611433	theory_fixed
958	read_000958	mol_000958	590611	590611	606968	theory_fixed
959	read_000959	mol_000959	590642	590642	613387	theory_fixed
960	read_000960	mol_000960	590669	590669	603978	theory_fixed
961	read_000961	mol_000961	591058	591058	607245	theory_fixed
962	read_000962	mol_000962	592141	592141	608919	theory_fixed
963	read_000963	mol_000963	593975	593975	616461	theory_fixed
964	read_000964	mol_000964	595976	595976	609280	theory_fixed
965	read_000965	mol_000965	595983	595983	613435	theory_fixed
966	read_000966	mol_000966	596682	596682	611450	theory_fixed
967	read_000967	mol_000967	596822	596822	614469	theory_fixed
968	read_000968	mol_000968	596860	596860	612561	theory_fixed
969	read_000969	mol_000969	597202	597202	622523	theory_fixed
970	read_000970	mol_000970	597726	597726	613968	theory_fixed
971	read_000971	mol_000971	599649	599649	614381	theory_fixed
972	read_000972	mol_000972	600338	600338	615320	theory_fixed
973	read_000973	mol_000973	601513	601513	616849	theory_fixed
974	read_000974	mol_000974	603151	603151	617954	theory_fixed
975	read_000975	mol_000975	603359	603359	622781	theory_fixed
976	read_000976	mol_000976	603623	603623	624905	theory_fixed
977	read_000977	mol_000977	603760	603760	615620	theory_fixed
978	read_000978	mol_000978	605398	605398	622491	theory_fixed
979	read_000979	mol_000979	605751	605751	622478	theory_fixed
980	read_000980	mol_000980	606752	606752	624829	theory_fixed
981	read_000981	mol_000981	607132	607132	623453	theory_fixed
982	read_000982	mol_000982	607317	607317	627954	theory_fixed
983	read_000983	mol_000983	608434	608434	627446	theory_fixed
984	read_000984	mol_000984	608546	608546	625363	theory_fixed
985	read_000985	mol_000985	609654	609654	629858	theory_fixed
986	read_000986	mol_000986	609723	609723	635859	theory_fixed
987	read_000987	mol_000987	610326	610326	621716	theory_fixed
988	read_000988	mol_000988	611709	611709	627121	theory_fixed
989	read_000989	mol_000989	611796	611796	632436	theory_fixed
990	read_000990	mol_000990	611868	611868	633775	theory_fixed
991	read_000991	mol_000991	612236	612236	631756	theory_fixed
992	read_000992	mol_000992	612495	612495	626716	theory_fixed
993	read_000993	mol_000993	613398	613398	626998	theory_fixed
994	read_000994	mol_000994	613794	613794	633275	theory_fixed
995	read_000995	mol_000995	614101	614101	628502	theory_fixed
996	read_000996	mol_000996	617397	617397	633586	theory_fixed
997	read_000997	mol_000997	617423	617423	637594	theory_fixed
998	read_000998	mol_000998	617585	617585	632622	theory_fixed
999	read_000999	mol_000999	617752	617752	632110	theory_fixed
1000	read_001000	mol_001000	618119	618119	632701	theory_fixed
1001	read_001001	mol_001001	618636	618636	637874	theory_fixed
1002	read_001002	mol_001002	618821	618821	640771	theory_fixed
1003	read_001003	mol_001003	620343	620343	635676	theory_fixed
1004	read_001004	mol_001004	620670	620670	641969	theory_fixed
1005	read_001005	mol_001005	621458	621458	639495	theory_fixed
1006	read_001006	mol_001006	621531	621531	641259	theory_fixed
1007	read_001007	mol_001007	621747	621747	645754	theory_fixed
1008	read_001008	mol_001008	622207	622207	645772	theory_fixed
1009	read_001009	mol_001009	622215	622215	636756	theory_fixed
1010	read_001010	mol_001010	622863	622863	646930	theory_fixed
1011	read_001011	mol_001011	622995	622995	639775	theory_fixed
1012	read_001012	mol_001012	623090	623090	639809	theory_fixed
1013	read_001013	mol_001013	623538	623538	648965	theory_fixed
1014	read_001014	mol_001014	623578	623578	646072	theory_fixed
1015	read_001015	mol_001015	624135	624135	641300	theory_fixed
1016	read_001016	mol_001016	624152	624152	639235	theory_fixed
1017	read_001017	mol_001017	624588	624588	641083	theory_fixed
1018	read_001018	mol_001018	624773	624773	639449	theory_fixed
1019	read_001019	mol_001019	624860	624860	643743	theory_fixed
1020	read_001020	mol_001020	624913	624913	640374	theory_fixed
1021	read_001021	mol_001021	625219	625219	644354	theory_fixed
1022	read_001022	mol_001022	626776	626776	650621	theory_fixed
1023	read_001023	mol_001023	626840	626840	642076	theory_fixed
1024	read_001024	mol_001024	627395	627395	646513	theory_fixed
1025	read_001025	mol_001025	627915	627915	644653	theory_fixed
1026	read_001026	mol_001026	628151	628151	639499	theory_fixed
1027	read_001027	mol_001027	628373	628373	644077	theory_fixed
1028	read_001028	mol_001028	628474	628474	647282	theory_fixed
1029	read_001029	mol_001029	628580	628580	642812	theory_fixed
1030	read_001030	mol_001030	628758	628758	646533	theory_fixed
1031	read_001031	mol_001031	629021	629021	647345	theory_fixed
1032	read_001032	mol_001032	629112	629112	643619	theory_fixed
1033	read_001033	mol_001033	630458	630458	643448	theory_fixed
1034	read_001034	mol_001034	631581	631581	645695	theory_fixed
1035	read_001035	mol_001035	631872	631872	649161	theory_fixed
1036	read_001036	mol_001036	632731	632731	659189	theory_fixed
1037	read_001037	mol_001037	633389	633389	652973	theory_fixed
1038	read_001038	mol_001038	633976	633976	654937	theory_fixed
1039	read_001039	mol_001039	635779	635779	654259	theory_fixed
1040	read_001040	mol_001040	635861	635861	654452	theory_fixed
1041	read_001041	mol_001041	636431	636431	652889	theory_fixed
1042	read_001042	mol_001042	636438	636438	655833	theory_fixed
1043	read_001043	mol_001043	637031	637031	651574	theory_fixed
1044	read_001044	mol_001044	637509	637509	652061	theory_fixed
1045	read_001045	mol_001045	638922	638922	653438	theory_fixed
1046	read_001046	mol_001046	639207	639207	654541	theory_fixed
1047	read_001047	mol_001047	639724	639724	656593	theory_fixed
1048	read_001048	mol_001048	641142	641142	656147	theory_fixed
1049	read_001049	mol_001049	641462	641462	667463	theory_fixed
1050	read_001050	mol_001050	641629	641629	661594	theory_fixed
1051	read_001051	mol_001051	641857	641857	668457	theory_fixed
1052	read_001052	mol_001052	642064	642064	659237	theory_fixed
1053	read_001053	mol_001053	642911	642911	659009	theory_fixed
1054	read_001054	mol_001054	643198	643198	658921	theory_fixed
1055	read_001055	mol_001055	643790	643790	660305	theory_fixed
1056	read_001056	mol_001056	645649	645649	666503	theory_fixed
1057	read_001057	mol_001057	646004	646004	662503	theory_fixed
1058	read_001058	mol_001058	647122	647122	666487	theory_fixed
1059	read_001059	mol_001059	647272	647272	662913	theory_fixed
1060	read_001060	mol_001060	647601	647601	668195	theory_fixed
1061	read_001061	mol_001061	649179	649179	667548	theory_fixed
1062	read_001062	mol_001062	650332	650332	667902	theory_fixed
1063	read_001063	mol_001063	651824	651824	681863	theory_fixed
1064	read_001064	mol_001064	652168	652168	663663	theory_fixed
1065	read_001065	mol_001065	653080	653080	668441	theory_fixed
1066	read_001066	mol_001066	653668	653668	669980	theory_fixed
1067	read_001067	mol_001067	653817	653817	665776	theory_fixed
1068	read_001068	mol_001068	653939	653939	671814	theory_fixed
1069	read_001069	mol_001069	655313	655313	669521	theory_fixed
1070	read_001070	mol_001070	655362	655362	675730	theory_fixed
1071	read_001071	mol_001071	655920	655920	677465	theory_fixed
1072	read_001072	mol_001072	657191	657191	673114	theory_fixed
1073	read_001073	mol_001073	657253	657253	674996	theory_fixed
1074	read_001074	mol_001074	658139	658139	670214	theory_fixed
1075	read_001075	mol_001075	660183	660183	684332	theory_fixed
1076	read_001076	mol_001076	660501	660501	683760	theory_fixed
1077	read_001077	mol_001077	661259	661259	678853	theory_fixed
1078	read_001078	mol_001078	661440	661440	674432	theory_fixed
1079	read_001079	mol_001079	661809	661809	680819	theory_fixed
1080	read_001080	mol_001080	662132	662132	674400	theory_fixed
1081	read_001081	mol_001081	662213	662213	680935	theory_fixed
1082	read_001082	mol_001082	662858	662858	677526	theory_fixed
1083	read_001083	mol_001083	663431	663431	678894	theory_fixed
1084	read_001084	mol_001084	663478	663478	681137	theory_fixed
1085	read_001085	mol_001085	664164	664164	678085	theory_fixed
1086	read_001086	mol_001086	665078	665078	676191	theory_fixed
1087	read_001087	mol_001087	665329	665329	686661	theory_fixed
1088	read_001088	mol_001088	665979	665979	682069	theory_fixed
1089	read_001089	mol_001089	666041	666041	684312	theory_fixed
1090	read_001090	mol_001090	666252	666252	678414	theory_fixed
1091	read_001091	mol_001091	666470	666470	685043	theory_fixed
1092	read_001092	mol_001092	666775	666775	689862	theory_fixed
1093	read_001093	mol_001093	666978	666978	697753	theory_fixed
1094	read_001094	mol_001094	667538	667538	683124	theory_fixed
1095	read_001095	mol_001095	668640	668640	693379	theory_fixed
1096	read_001096	mol_001096	668795	668795	686657	theory_fixed
1097	read_001097	mol_001097	668875	668875	680654	theory_fixed
1098	read_001098	mol_001098	669745	669745	689025	theory_fixed
1099	read_001099	mol_001099	670608	670608	696053	theory_fixed
1100	read_001100	mol_001100	670990	670990	688586	theory_fixed
1101	read_001101	mol_001101	671064	671064	686660	theory_fixed
1102	read_001102	mol_001102	671253	671253	684611	theory_fixed
1103	read_001103	mol_001103	672225	672225	694364	theory_fixed
1104	read_001104	mol_001104	672636	672636	692357	theory_fixed
1105	read_001105	mol_001105	673616	673616	684050	theory_fixed
1106	read_001106	mol_001106	674502	674502	695012	theory_fixed
1107	read_001107	mol_001107	674932	674932	700026	theory_fixed
1108	read_001108	mol_001108	675025	675025	704724	theory_fixed
1109	read_001109	mol_001109	675899	675899	693900	theory_fixed
1110	read_001110	mol_001110	676337	676337	696600	theory_fixed
1111	read_001111	mol_001111	676935	676935	694372	theory_fixed
1112	read_001112	mol_001112	678066	678066	693293	theory_fixed
1113	read_001113	mol_001113	678283	678283	709091	theory_fixed
1114	read_001114	mol_001114	678387	678387	694042	theory_fixed
1115	read_001115	mol_001115	678710	678710	697010	theory_fixed
1116	read_001116	mol_001116	681376	681376	698142	theory_fixed
1117	read_001117	mol_001117	682346	682346	695055	theory_fixed
1118	read_001118	mol_001118	682387	682387	699059	theory_fixed
1119	read_001119	mol_001119	682527	682527	697932	theory_fixed
1120	read_001120	mol_001120	682986	682986	704362	theory_fixed
1121	read_001121	mol_001121	683970	683970	697212	theory_fixed
1122	read_001122	mol_001122	684076	684076	702897	theory_fixed
1123	read_001123	mol_001123	684659	684659	704451	theory_fixed
1124	read_001124	mol_001124	685328	685328	706731	theory_fixed
1125	read_001125	mol_001125	685611	685611	701752	theory_fixed
1126	read_001126	mol_001126	686093	686093	694997	theory_fixed
1127	read_001127	mol_001127	686290	686290	709932	theory_fixed
1128	read_001128	mol_001128	687235	687235	704320	theory_fixed
1129	read_001129	mol_001129	689197	689197	704529	theory_fixed
1130	read_001130	mol_001130	689317	689317	701712	theory_fixed
1131	read_001131	mol_001131	689925	689925	705862	theory_fixed
1132	read_001132	mol_001132	689995	689995	707091	theory_fixed
1133	read_001133	mol_001133	690568	690568	711856	theory_fixed
1134	read_001134	mol_001134	690778	690778	707739	theory_fixed
1135	read_001135	mol_001135	691898	691898	706708	theory_fixed
1136	read_001136	mol_001136	692019	692019	714450	theory_fixed
1137	read_001137	mol_001137	692289	692289	709270	theory_fixed
1138	read_001138	mol_001138	692353	692353	707372	theory_fixed
1139	read_001139	mol_001139	692894	692894	704770	theory_fixed
1140	read_001140	mol_001140	693464	693464	714316	theory_fixed
1141	read_001141	mol_001141	693812	693812	705180	theory_fixed
1142	read_001142	mol_001142	694934	694934	716257	theory_fixed
1143	read_001143	mol_001143	696314	696314	710933	theory_fixed
1144	read_001144	mol_001144	696362	696362	717083	theory_fixed
1145	read_001145	mol_001145	697389	697389	713907	theory_fixed
1146	read_001146	mol_001146	698093	698093	720797	theory_fixed
1147	read_001147	mol_001147	698267	698267	721100	theory_fixed
1148	read_001148	mol_001148	699793	699793	723369	theory_fixed
1149	read_001149	mol_001149	700146	700146	717419	theory_fixed
1150	read_001150	mol_001150	700731	700731	717060	theory_fixed
1151	read_001151	mol_001151	701433	701433	715935	theory_fixed
1152	read_001152	mol_001152	702214	702214	717905	theory_fixed
1153	read_001153	mol_001153	702682	702682	723051	theory_fixed
1154	read_001154	mol_001154	703023	703023	722647	theory_fixed
1155	read_001155	mol_001155	703645	703645	726387	theory_fixed
1156	read_001156	mol_001156	704824	704824	717609	theory_fixed
1157	read_001157	mol_001157	706014	706014	722540	theory_fixed
1158	read_001158	mol_001158	707062	707062	725640	theory_fixed
1159	read_001159	mol_001159	708669	708669	727226	theory_fixed
1160	read_001160	mol_001160	709163	709163	725172	theory_fixed
1161	read_001161	mol_001161	711232	711232	721470	theory_fixed
1162	read_001162	mol_001162	711323	711323	732288	theory_fixed
1163	read_001163	mol_001163	711475	711475	731623	theory_fixed
1164	read_001164	mol_001164	712222	712222	724495	theory_fixed
1165	read_001165	mol_001165	712494	712494	743579	theory_fixed
1166	read_001166	mol_001166	712917	712917	726913	theory_fixed
1167	read_001167	mol_001167	712932	712932	728981	theory_fixed
1168	read_001168	mol_001168	713391	713391	726989	theory_fixed
1169	read_001169	mol_001169	713806	713806	729690	theory_fixed
1170	read_001170	mol_001170	714261	714261	731856	theory_fixed
1171	read_001171	mol_001171	715003	715003	724016	theory_fixed
1172	read_001172	mol_001172	715295	715295	731146	theory_fixed
1173	read_001173	mol_001173	716358	716358	739461	theory_fixed
1174	read_001174	mol_001174	717368	717368	737042	theory_fixed
1175	read_001175	mol_001175	717997	717997	733425	theory_fixed
1176	read_001176	mol_001176	718730	718730	743826	theory_fixed
1177	read_001177	mol_001177	719701	719701	739159	theory_fixed
1178	read_001178	mol_001178	720892	720892	741281	theory_fixed
1179	read_001179	mol_001179	721075	721075	743374	theory_fixed
1180	read_001180	mol_001180	722648	722648	738068	theory_fixed
1181	read_001181	mol_001181	723486	723486	741749	theory_fixed
1182	read_001182	mol_001182	723503	723503	739033	theory_fixed
1183	read_001183	mol_001183	723879	723879	745212	theory_fixed
1184	read_001184	mol_001184	724045	724045	740794	theory_fixed
1185	read_001185	mol_001185	724071	724071	740513	theory_fixed
1186	read_001186	mol_001186	724276	724276	741001	theory_fixed
1187	read_001187	mol_001187	725010	725010	739544	theory_fixed
1188	read_001188	mol_001188	725527	725527	746755	theory_fixed
1189	read_001189	mol_001189	726487	726487	741734	theory_fixed
1190	read_001190	mol_001190	727467	727467	737763	theory_fixed
1191	read_001191	mol_001191	727468	727468	742614	theory_fixed
1192	read_001192	mol_001192	730070	730070	745744	theory_fixed
1193	read_001193	mol_001193	730520	730520	745300	theory_fixed
1194	read_001194	mol_001194	730559	730559	752293	theory_fixed
1195	read_001195	mol_001195	731636	731636	750825	theory_fixed
1196	read_001196	mol_001196	732318	732318	752460	theory_fixed
1197	read_001197	mol_001197	732426	732426	744211	theory_fixed
1198	read_001198	mol_001198	732878	732878	756259	theory_fixed
1199	read_001199	mol_001199	733307	733307	753124	theory_fixed
1200	read_001200	mol_001200	734158	734158	750364	theory_fixed
1201	read_001201	mol_001201	734172	734172	753527	theory_fixed
1202	read_001202	mol_001202	734769	734769	758226	theory_fixed
1203	read_001203	mol_001203	735053	735053	746375	theory_fixed
1204	read_001204	mol_001204	735062	735062	750908	theory_fixed
1205	read_001205	mol_001205	737197	737197	752858	theory_fixed
1206	read_001206	mol_001206	737550	737550	747493	theory_fixed
1207	read_001207	mol_001207	737902	737902	759897	theory_fixed
1208	read_001208	mol_001208	738456	738456	751612	theory_fixed
1209	read_001209	mol_001209	738925	738925	755659	theory_fixed
1210	read_001210	mol_001210	739127	739127	753091	theory_fixed
1211	read_001211	mol_001211	739860	739860	765721	theory_fixed
1212	read_001212	mol_001212	740045	740045	759005	theory_fixed
1213	read_001213	mol_001213	740686	740686	760454	theory_fixed
1214	read_001214	mol_001214	741067	741067	763312	theory_fixed
1215	read_001215	mol_001215	741165	741165	756002	theory_fixed
1216	read_001216	mol_001216	741196	741196	765859	theory_fixed
1217	read_001217	mol_001217	743264	743264	757213	theory_fixed
1218	read_001218	mol_001218	744854	744854	759194	theory_fixed
1219	read_001219	mol_001219	744990	744990	761378	theory_fixed
1220	read_001220	mol_001220	746470	746470	769863	theory_fixed
1221	read_001221	mol_001221	746631	746631	764815	theory_fixed
1222	read_001222	mol_001222	748810	748810	762431	theory_fixed
1223	read_001223	mol_001223	749045	749045	762183	theory_fixed
1224	read_001224	mol_001224	749211	749211	773292	theory_fixed
1225	read_001225	mol_001225	750310	750310	767433	theory_fixed
1226	read_001226	mol_001226	750774	750774	764449	theory_fixed
1227	read_001227	mol_001227	750782	750782	761382	theory_fixed
1228	read_001228	mol_001228	751240	751240	767445	theory_fixed
1229	read_001229	mol_001229	751972	751972	774543	theory_fixed
1230	read_001230	mol_001230	753818	753818	769175	theory_fixed
1231	read_001231	mol_001231	754108	754108	770288	theory_fixed
1232	read_001232	mol_001232	754981	754981	777061	theory_fixed
1233	read_001233	mol_001233	755027	755027	775002	theory_fixed
1234	read_001234	mol_001234	755398	755398	770341	theory_fixed
1235	read_001235	mol_001235	756547	756547	771217	theory_fixed
1236	read_001236	mol_001236	756556	756556	773491	theory_fixed
1237	read_001237	mol_001237	757582	757582	785627	theory_fixed
1238	read_001238	mol_001238	757600	757600	773749	theory_fixed
1239	read_001239	mol_001239	758019	758019	775765	theory_fixed
1240	read_001240	mol_001240	758171	758171	777142	theory_fixed
1241	read_001241	mol_001241	758201	758201	777621	theory_fixed
1242	read_001242	mol_001242	758271	758271	773556	theory_fixed
1243	read_001243	mol_001243	758272	758272	772005	theory_fixed
1244	read_001244	mol_001244	758795	758795	774507	theory_fixed
1245	read_001245	mol_001245	759848	759848	772145	theory_fixed
1246	read_001246	mol_001246	760330	760330	775749	theory_fixed
1247	read_001247	mol_001247	760956	760956	780580	theory_fixed
1248	read_001248	mol_001248	762476	762476	775291	theory_fixed
1249	read_001249	mol_001249	762557	762557	791451	theory_fixed
1250	read_001250	mol_001250	762790	762790	782345	theory_fixed
1251	read_001251	mol_001251	762803	762803	787303	theory_fixed
1252	read_001252	mol_001252	762857	762857	780652	theory_fixed
1253	read_001253	mol_001253	763210	763210	776888	theory_fixed
1254	read_001254	mol_001254	763361	763361	780876	theory_fixed
1255	read_001255	mol_001255	765387	765387	777523	theory_fixed
1256	read_001256	mol_001256	765820	765820	783701	theory_fixed
1257	read_001257	mol_001257	766868	766868	789704	theory_fixed
1258	read_001258	mol_001258	767128	767128	780545	theory_fixed
1259	read_001259	mol_001259	767166	767166	780566	theory_fixed
1260	read_001260	mol_001260	769032	769032	788344	theory_fixed
1261	read_001261	mol_001261	769565	769565	783887	theory_fixed
1262	read_001262	mol_001262	770348	770348	790007	theory_fixed
1263	read_001263	mol_001263	770644	770644	788221	theory_fixed
1264	read_001264	mol_001264	771136	771136	790001	theory_fixed
1265	read_001265	mol_001265	771143	771143	791881	theory_fixed
1266	read_001266	mol_001266	771279	771279	782285	theory_fixed
1267	read_001267	mol_001267	771965	771965	789648	theory_fixed
1268	read_001268	mol_001268	772291	772291	785714	theory_fixed
1269	read_001269	mol_001269	772592	772592	793264	theory_fixed
1270	read_001270	mol_001270	772783	772783	787106	theory_fixed
1271	read_001271	mol_001271	772838	772838	785613	theory_fixed
1272	read_001272	mol_001272	776041	776041	794577	theory_fixed
1273	read_001273	mol_001273	776385	776385	794795	theory_fixed
1274	read_001274	mol_001274	776644	776644	795498	theory_fixed
1275	read_001275	mol_001275	777867	777867	794140	theory_fixed
1276	read_001276	mol_001276	778760	778760	799622	theory_fixed
1277	read_001277	mol_001277	778928	778928	798767	theory_fixed
1278	read_001278	mol_001278	779105	779105	798933	theory_fixed
1279	read_001279	mol_001279	779957	779957	794722	theory_fixed
1280	read_001280	mol_001280	780080	780080	803413	theory_fixed
1281	read_001281	mol_001281	781608	781608	798125	theory_fixed
1282	read_001282	mol_001282	781675	781675	802203	theory_fixed
1283	read_001283	mol_001283	782409	782409	802579	theory_fixed
1284	read_001284	mol_001284	782516	782516	803574	theory_fixed
1285	read_001285	mol_001285	782533	782533	793293	theory_fixed
1286	read_001286	mol_001286	783258	783258	799700	theory_fixed
1287	read_001287	mol_001287	783566	783566	798683	theory_fixed
1288	read_001288	mol_001288	783930	783930	798411	theory_fixed
1289	read_001289	mol_001289	784278	784278	801625	theory_fixed
1290	read_001290	mol_001290	784681	784681	801607	theory_fixed
1291	read_001291	mol_001291	785372	785372	803930	theory_fixed
1292	read_001292	mol_001292	785786	785786	803972	theory_fixed
1293	read_001293	mol_001293	785838	785838	803061	theory_fixed
1294	read_001294	mol_001294	785890	785890	810573	theory_fixed
1295	read_001295	mol_001295	786796	786796	803293	theory_fixed
1296	read_001296	mol_001296	786918	786918	804708	theory_fixed
1297	read_001297	mol_001297	787163	787163	805698	theory_fixed
1298	read_001298	mol_001298	787600	787600	807256	theory_fixed
1299	read_001299	mol_001299	788428	788428	816909	theory_fixed
1300	read_001300	mol_001300	789148	789148	812888	theory_fixed
1301	read_001301	mol_001301	789313	789313	809042	theory_fixed
1302	read_001302	mol_001302	789622	789622	808737	theory_fixed
1303	read_001303	mol_001303	789694	789694	806288	theory_fixed
1304	read_001304	mol_001304	790671	790671	808280	theory_fixed
1305	read_001305	mol_001305	790944	790944	808978	theory_fixed
1306	read_001306	mol_001306	791043	791043	805829	theory_fixed
1307	read_001307	mol_001307	791624	791624	817631	theory_fixed
1308	read_001308	mol_001308	791841	791841	808394	theory_fixed
1309	read_001309	mol_001309	792214	792214	805985	theory_fixed
1310	read_001310	mol_001310	792425	792425	812191	theory_fixed
1311	read_001311	mol_001311	792515	792515	808360	theory_fixed
1312	read_001312	mol_001312	792644	792644	808249	theory_fixed
1313	read_001313	mol_001313	792955	792955	816671	theory_fixed
1314	read_001314	mol_001314	793354	793354	818780	theory_fixed
1315	read_001315	mol_001315	794300	794300	808942	theory_fixed
1316	read_001316	mol_001316	794878	794878	807753	theory_fixed
1317	read_001317	mol_001317	795911	795911	807750	theory_fixed
1318	read_001318	mol_001318	796060	796060	809746	theory_fixed
1319	read_001319	mol_001319	796266	796266	811818	theory_fixed
1320	read_001320	mol_001320	797278	797278	815554	theory_fixed
1321	read_001321	mol_001321	799288	799288	813050	theory_fixed
1322	read_001322	mol_001322	799458	799458	815010	theory_fixed
1323	read_001323	mol_001323	799595	799595	819541	theory_fixed
1324	read_001324	mol_001324	799717	799717	818355	theory_fixed
1325	read_001325	mol_001325	800607	800607	815919	theory_fixed
1326	read_001326	mol_001326	800981	800981	820755	theory_fixed
1327	read_001327	mol_001327	801123	801123	822637	theory_fixed
1328	read_001328	mol_001328	801680	801680	820348	theory_fixed
1329	read_001329	mol_001329	801818	801818	817558	theory_fixed
1330	read_001330	mol_001330	802009	802009	813939	theory_fixed
1331	read_001331	mol_001331	803789	803789	820178	theory_fixed
1332	read_001332	mol_001332	805231	805231	823539	theory_fixed
1333	read_001333	mol_001333	805408	805408	822702	theory_fixed
1334	read_001334	mol_001334	805896	805896	822857	theory_fixed
1335	read_001335	mol_001335	806017	806017	821570	theory_fixed
1336	read_001336	mol_001336	806434	806434	826140	theory_fixed
1337	read_001337	mol_001337	806479	806479	833615	theory_fixed
1338	read_001338	mol_001338	807040	807040	818646	theory_fixed
1339	read_001339	mol_001339	807274	807274	820391	theory_fixed
1340	read_001340	mol_001340	807400	807400	819872	theory_fixed
1341	read_001341	mol_001341	807641	807641	823615	theory_fixed
1342	read_001342	mol_001342	808062	808062	825533	theory_fixed
1343	read_001343	mol_001343	809195	809195	828519	theory_fixed
1344	read_001344	mol_001344	810586	810586	824493	theory_fixed
1345	read_001345	mol_001345	811028	811028	827029	theory_fixed
1346	read_001346	mol_001346	812425	812425	830214	theory_fixed
1347	read_001347	mol_001347	812744	812744	830223	theory_fixed
1348	read_001348	mol_001348	812802	812802	836418	theory_fixed
1349	read_001349	mol_001349	813526	813526	829404	theory_fixed
1350	read_001350	mol_001350	814468	814468	838040	theory_fixed
1351	read_001351	mol_001351	814661	814661	843173	theory_fixed
1352	read_001352	mol_001352	815636	815636	837417	theory_fixed
1353	read_001353	mol_001353	815977	815977	841602	theory_fixed
1354	read_001354	mol_001354	816117	816117	841641	theory_fixed
1355	read_001355	mol_001355	816609	816609	833118	theory_fixed
1356	read_001356	mol_001356	817166	817166	837186	theory_fixed
1357	read_001357	mol_001357	819555	819555	835172	theory_fixed
1358	read_001358	mol_001358	819593	819593	837799	theory_fixed
1359	read_001359	mol_001359	819745	819745	846648	theory_fixed
1360	read_001360	mol_001360	819973	819973	843860	theory_fixed
1361	read_001361	mol_001361	820848	820848	834534	theory_fixed
1362	read_001362	mol_001362	821247	821247	840718	theory_fixed
1363	read_001363	mol_001363	821939	821939	839929	theory_fixed
1364	read_001364	mol_001364	822564	822564	843363	theory_fixed
1365	read_001365	mol_001365	822922	822922	837996	theory_fixed
1366	read_001366	mol_001366	823265	823265	834937	theory_fixed
1367	read_001367	mol_001367	823271	823271	842109	theory_fixed
1368	read_001368	mol_001368	823837	823837	847595	theory_fixed
1369	read_001369	mol_001369	823857	823857	847438	theory_fixed
1370	read_001370	mol_001370	824341	824341	843207	theory_fixed
1371	read_001371	mol_001371	824464	824464	839084	theory_fixed
1372	read_001372	mol_001372	826547	826547	848325	theory_fixed
1373	read_001373	mol_001373	827150	827150	838099	theory_fixed
1374	read_001374	mol_001374	828416	828416	843415	theory_fixed
1375	read_001375	mol_001375	828894	828894	847232	theory_fixed
1376	read_001376	mol_001376	829154	829154	844266	theory_fixed
1377	read_001377	mol_001377	829297	829297	849936	theory_fixed
1378	read_001378	mol_001378	829601	829601	844835	theory_fixed
1379	read_001379	mol_001379	831710	831710	848588	theory_fixed
1380	read_001380	mol_001380	832230	832230	850737	theory_fixed
1381	read_001381	mol_001381	833142	833142	856326	theory_fixed
1382	read_001382	mol_001382	834030	834030	855084	theory_fixed
1383	read_001383	mol_001383	834123	834123	850768	theory_fixed
1384	read_001384	mol_001384	834938	834938	856270	theory_fixed
1385	read_001385	mol_001385	835165	835165	850062	theory_fixed
1386	read_001386	mol_001386	835544	835544	851533	theory_fixed
1387	read_001387	mol_001387	836002	836002	852456	theory_fixed
1388	read_001388	mol_001388	837566	837566	855495	theory_fixed
1389	read_001389	mol_001389	838099	838099	853865	theory_fixed
1390	read_001390	mol_001390	838489	838489	852093	theory_fixed
1391	read_001391	mol_001391	839949	839949	858829	theory_fixed
1392	read_001392	mol_001392	840268	840268	855538	theory_fixed
1393	read_001393	mol_001393	840597	840597	851965	theory_fixed
1394	read_001394	mol_001394	841618	841618	862612	theory_fixed
1395	read_001395	mol_001395	841813	841813	865247	theory_fixed
1396	read_001396	mol_001396	842329	842329	857949	theory_fixed
1397	read_001397	mol_001397	842606	842606	856950	theory_fixed
1398	read_001398	mol_001398	842653	842653	865631	theory_fixed
1399	read_001399	mol_001399	842672	842672	868991	theory_fixed
1400	read_001400	mol_001400	843214	843214	857234	theory_fixed
1401	read_001401	mol_001401	843353	843353	861517	theory_fixed
1402	read_001402	mol_001402	843521	843521	865559	theory_fixed
1403	read_001403	mol_001403	843810	843810	872111	theory_fixed
1404	read_001404	mol_001404	846056	846056	868929	theory_fixed
1405	read_001405	mol_001405	846462	846462	868693	theory_fixed
1406	read_001406	mol_001406	846822	846822	860564	theory_fixed
1407	read_001407	mol_001407	847374	847374	865200	theory_fixed
1408	read_001408	mol_001408	847516	847516	869513	theory_fixed
1409	read_001409	mol_001409	847790	847790	862310	theory_fixed
1410	read_001410	mol_001410	848182	848182	859585	theory_fixed
1411	read_001411	mol_001411	849104	849104	863850	theory_fixed
1412	read_001412	mol_001412	849333	849333	866724	theory_fixed
1413	read_001413	mol_001413	850012	850012	862787	theory_fixed
1414	read_001414	mol_001414	850122	850122	866765	theory_fixed
1415	read_001415	mol_001415	850712	850712	870585	theory_fixed
1416	read_001416	mol_001416	851112	851112	869349	theory_fixed
1417	read_001417	mol_001417	851426	851426	868483	theory_fixed
1418	read_001418	mol_001418	851563	851563	871700	theory_fixed
1419	read_001419	mol_001419	851980	851980	867966	theory_fixed
1420	read_001420	mol_001420	852224	852224	862709	theory_fixed
1421	read_001421	mol_001421	852224	852224	873793	theory_fixed
1422	read_001422	mol_001422	852318	852318	868840	theory_fixed
1423	read_001423	mol_001423	853159	853159	869746	theory_fixed
1424	read_001424	mol_001424	854032	854032	885359	theory_fixed
1425	read_001425	mol_001425	854082	854082	876206	theory_fixed
1426	read_001426	mol_001426	855121	855121	874239	theory_fixed
1427	read_001427	mol_001427	855126	855126	872210	theory_fixed
1428	read_001428	mol_001428	855434	855434	875563	theory_fixed
1429	read_001429	mol_001429	855656	855656	876004	theory_fixed
1430	read_001430	mol_001430	855695	855695	873125	theory_fixed
1431	read_001431	mol_001431	855738	855738	875873	theory_fixed
1432	read_001432	mol_001432	855783	855783	870396	theory_fixed
1433	read_001433	mol_001433	855953	855953	876808	theory_fixed
1434	read_001434	mol_001434	857617	857617	876562	theory_fixed
1435	read_001435	mol_001435	858379	858379	877538	theory_fixed
1436	read_001436	mol_001436	858811	858811	881696	theory_fixed
1437	read_001437	mol_001437	859375	859375	877150	theory_fixed
1438	read_001438	mol_001438	859734	859734	876729	theory_fixed
1439	read_001439	mol_001439	860075	860075	869772	theory_fixed
1440	read_001440	mol_001440	860931	860931	883499	theory_fixed
1441	read_001441	mol_001441	861501	861501	876056	theory_fixed
1442	read_001442	mol_001442	861864	861864	876146	theory_fixed
1443	read_001443	mol_001443	862219	862219	875390	theory_fixed
1444	read_001444	mol_001444	862839	862839	885228	theory_fixed
1445	read_001445	mol_001445	863787	863787	882632	theory_fixed
1446	read_001446	mol_001446	863907	863907	881857	theory_fixed
1447	read_001447	mol_001447	864899	864899	878641	theory_fixed
1448	read_001448	mol_001448	865630	865630	883612	theory_fixed
1449	read_001449	mol_001449	865718	865718	883480	theory_fixed
1450	read_001450	mol_001450	866164	866164	887808	theory_fixed
1451	read_001451	mol_001451	867050	867050	881509	theory_fixed
1452	read_001452	mol_001452	867392	867392	879063	theory_fixed
1453	read_001453	mol_001453	867838	867838	881425	theory_fixed
1454	read_001454	mol_001454	869241	869241	885978	theory_fixed
1455	read_001455	mol_001455	869953	869953	900883	theory_fixed
1456	read_001456	mol_001456	871905	871905	887938	theory_fixed
1457	read_001457	mol_001457	872109	872109	893193	theory_fixed
1458	read_001458	mol_001458	872143	872143	892316	theory_fixed
1459	read_001459	mol_001459	873420	873420	887809	theory_fixed
1460	read_001460	mol_001460	874072	874072	892646	theory_fixed
1461	read_001461	mol_001461	874168	874168	890715	theory_fixed
1462	read_001462	mol_001462	874506	874506	884274	theory_fixed
1463	read_001463	mol_001463	874506	874506	904328	theory_fixed
1464	read_001464	mol_001464	875584	875584	894405	theory_fixed
1465	read_001465	mol_001465	875817	875817	891486	theory_fixed
1466	read_001466	mol_001466	876058	876058	891574	theory_fixed
1467	read_001467	mol_001467	877751	877751	892578	theory_fixed
1468	read_001468	mol_001468	878752	878752	898316	theory_fixed
1469	read_001469	mol_001469	878835	878835	892642	theory_fixed
1470	read_001470	mol_001470	880292	880292	900896	theory_fixed
1471	read_001471	mol_001471	880432	880432	894170	theory_fixed
1472	read_001472	mol_001472	880670	880670	896954	theory_fixed
1473	read_001473	mol_001473	881809	881809	902711	theory_fixed
1474	read_001474	mol_001474	883435	883435	906891	theory_fixed
1475	read_001475	mol_001475	884807	884807	900263	theory_fixed
1476	read_001476	mol_001476	885621	885621	903132	theory_fixed
1477	read_001477	mol_001477	885678	885678	907265	theory_fixed
1478	read_001478	mol_001478	887766	887766	900724	theory_fixed
1479	read_001479	mol_001479	887977	887977	900453	theory_fixed
1480	read_001480	mol_001480	888943	888943	906920	theory_fixed
1481	read_001481	mol_001481	888976	888976	906897	theory_fixed
1482	read_001482	mol_001482	889171	889171	907218	theory_fixed
1483	read_001483	mol_001483	889694	889694	915549	theory_fixed
1484	read_001484	mol_001484	891255	891255	905535	theory_fixed
1485	read_001485	mol_001485	892743	892743	911079	theory_fixed
1486	read_001486	mol_001486	893061	893061	907053	theory_fixed
1487	read_001487	mol_001487	893150	893150	912250	theory_fixed
1488	read_001488	mol_001488	893441	893441	906076	theory_fixed
1489	read_001489	mol_001489	893964	893964	910927	theory_fixed
1490	read_001490	mol_001490	894235	894235	919872	theory_fixed
1491	read_001491	mol_001491	894576	894576	914475	theory_fixed
1492	read_001492	mol_001492	894586	894586	921633	theory_fixed
1493	read_001493	mol_001493	895596	895596	920102	theory_fixed
1494	read_001494	mol_001494	895668	895668	910708	theory_fixed
1495	read_001495	mol_001495	896977	896977	914241	theory_fixed
1496	read_001496	mol_001496	897691	897691	920267	theory_fixed
1497	read_001497	mol_001497	898628	898628	915232	theory_fixed
1498	read_001498	mol_001498	898704	898704	913126	theory_fixed
1499	read_001499	mol_001499	898760	898760	910848	theory_fixed
1500	read_001500	mol_001500	899084	899084	912868	theory_fixed
1501	read_001501	mol_001501	899574	899574	917049	theory_fixed
1502	read_001502	mol_001502	899751	899751	920289	theory_fixed
1503	read_001503	mol_001503	900198	900198	925839	theory_fixed
1504	read_001504	mol_001504	900542	900542	912153	theory_fixed
1505	read_001505	mol_001505	900853	900853	914054	theory_fixed
1506	read_001506	mol_001506	901347	901347	922468	theory_fixed
1507	read_001507	mol_001507	901366	901366	920279	theory_fixed
1508	read_001508	mol_001508	902153	902153	924641	theory_fixed
1509	read_001509	mol_001509	902810	902810	922388	theory_fixed
1510	read_001510	mol_001510	903057	903057	918392	theory_fixed
1511	read_001511	mol_001511	903282	903282	920672	theory_fixed
1512	read_001512	mol_001512	903923	903923	920321	theory_fixed
1513	read_001513	mol_001513	904603	904603	920084	theory_fixed
1514	read_001514	mol_001514	905112	905112	918493	theory_fixed
1515	read_001515	mol_001515	905352	905352	922668	theory_fixed
1516	read_001516	mol_001516	906814	906814	926545	theory_fixed
1517	read_001517	mol_001517	907153	907153	923468	theory_fixed
1518	read_001518	mol_001518	907272	907272	919466	theory_fixed
1519	read_001519	mol_001519	907555	907555	921121	theory_fixed
1520	read_001520	mol_001520	908063	908063	921340	theory_fixed
1521	read_001521	mol_001521	909121	909121	929032	theory_fixed
1522	read_001522	mol_001522	909834	909834	929393	theory_fixed
1523	read_001523	mol_001523	910657	910657	933154	theory_fixed
1524	read_001524	mol_001524	910789	910789	934682	theory_fixed
1525	read_001525	mol_001525	910913	910913	924756	theory_fixed
1526	read_001526	mol_001526	913605	913605	931768	theory_fixed
1527	read_001527	mol_001527	914217	914217	928173	theory_fixed
1528	read_001528	mol_001528	915767	915767	934028	theory_fixed
1529	read_001529	mol_001529	916094	916094	933099	theory_fixed
1530	read_001530	mol_001530	916992	916992	939138	theory_fixed
1531	read_001531	mol_001531	917999	917999	934683	theory_fixed
1532	read_001532	mol_001532	918164	918164	935974	theory_fixed
1533	read_001533	mol_001533	918746	918746	941081	theory_fixed
1534	read_001534	mol_001534	920243	920243	935013	theory_fixed
1535	read_001535	mol_001535	920267	920267	938416	theory_fixed
1536	read_001536	mol_001536	920631	920631	944517	theory_fixed
1537	read_001537	mol_001537	920707	920707	936284	theory_fixed
1538	read_001538	mol_001538	921806	921806	940353	theory_fixed
1539	read_001539	mol_001539	921872	921872	939118	theory_fixed
1540	read_001540	mol_001540	922229	922229	944787	theory_fixed
1541	read_001541	mol_001541	922401	922401	934815	theory_fixed
1542	read_001542	mol_001542	922426	922426	939233	theory_fixed
1543	read_001543	mol_001543	924276	924276	944935	theory_fixed
1544	read_001544	mol_001544	924501	924501	944567	theory_fixed
1545	read_001545	mol_001545	924993	924993	943478	theory_fixed
1546	read_001546	mol_001546	925337	925337	940660	theory_fixed
1547	read_001547	mol_001547	926097	926097	947328	theory_fixed
1548	read_001548	mol_001548	926109	926109	951382	theory_fixed
1549	read_001549	mol_001549	926502	926502	940316	theory_fixed
1550	read_001550	mol_001550	927281	927281	945495	theory_fixed
1551	read_001551	mol_001551	927328	927328	939789	theory_fixed
1552	read_001552	mol_001552	927890	927890	947049	theory_fixed
1553	read_001553	mol_001553	928252	928252	942860	theory_fixed
1554	read_001554	mol_001554	928665	928665	948381	theory_fixed
1555	read_001555	mol_001555	928864	928864	950016	theory_fixed
1556	read_001556	mol_001556	929090	929090	945057	theory_fixed
1557	read_001557	mol_001557	929717	929717	947749	theory_fixed
1558	read_001558	mol_001558	930220	930220	948003	theory_fixed
1559	read_001559	mol_001559	931253	931253	955246	theory_fixed
1560	read_001560	mol_001560	931310	931310	952117	theory_fixed
1561	read_001561	mol_001561	931398	931398	949033	theory_fixed
1562	read_001562	mol_001562	931775	931775	951479	theory_fixed
1563	read_001563	mol_001563	932196	932196	950247	theory_fixed
1564	read_001564	mol_001564	933015	933015	949180	theory_fixed
1565	read_001565	mol_001565	933296	933296	948079	theory_fixed
1566	read_001566	mol_001566	933432	933432	952822	theory_fixed
1567	read_001567	mol_001567	935709	935709	948439	theory_fixed
1568	read_001568	mol_001568	936066	936066	950685	theory_fixed
1569	read_001569	mol_001569	937687	937687	957109	theory_fixed
1570	read_001570	mol_001570	938193	938193	961845	theory_fixed
1571	read_001571	mol_001571	938624	938624	952707	theory_fixed
1572	read_001572	mol_001572	939077	939077	954744	theory_fixed
1573	read_001573	mol_001573	940325	940325	956440	theory_fixed
1574	read_001574	mol_001574	941208	941208	956253	theory_fixed
1575	read_001575	mol_001575	942529	942529	959485	theory_fixed
1576	read_001576	mol_001576	942621	942621	969308	theory_fixed
1577	read_001577	mol_001577	942639	942639	959264	theory_fixed
1578	read_001578	mol_001578	942722	942722	957997	theory_fixed
1579	read_001579	mol_001579	943652	943652	963204	theory_fixed
1580	read_001580	mol_001580	943831	943831	957210	theory_fixed
1581	read_001581	mol_001581	944353	944353	965468	theory_fixed
1582	read_001582	mol_001582	944461	944461	971533	theory_fixed
1583	read_001583	mol_001583	945032	945032	956822	theory_fixed
1584	read_001584	mol_001584	945161	945161	962707	theory_fixed
1585	read_001585	mol_001585	946301	946301	961576	theory_fixed
1586	read_001586	mol_001586	946803	946803	963425	theory_fixed
1587	read_001587	mol_001587	946881	946881	976307	theory_fixed
1588	read_001588	mol_001588	946984	946984	962105	theory_fixed
1589	read_001589	mol_001589	948494	948494	974907	theory_fixed
1590	read_001590	mol_001590	949133	949133	972251	theory_fixed
1591	read_001591	mol_001591	951302	951302	967152	theory_fixed
1592	read_001592	mol_001592	953197	953197	971962	theory_fixed
1593	read_001593	mol_001593	955083	955083	969674	theory_fixed
1594	read_001594	mol_001594	956010	956010	975145	theory_fixed
1595	read_001595	mol_001595	956011	956011	967813	theory_fixed
1596	read_001596	mol_001596	956277	956277	968737	theory_fixed
1597	read_001597	mol_001597	956636	956636	972257	theory_fixed
1598	read_001598	mol_001598	956740	956740	968410	theory_fixed
1599	read_001599	mol_001599	957004	957004	970846	theory_fixed
1600	read_001600	mol_001600	957642	957642	985216	theory_fixed
1601	read_001601	mol_001601	958101	958101	972947	theory_fixed
1602	read_001602	mol_001602	958379	958379	981244	theory_fixed
1603	read_001603	mol_001603	958395	958395	980946	theory_fixed
1604	read_001604	mol_001604	959296	959296	976022	theory_fixed
1605	read_001605	mol_001605	959540	959540	975664	theory_fixed
1606	read_001606	mol_001606	960002	960002	981542	theory_fixed
1607	read_001607	mol_001607	960655	960655	981499	theory_fixed
1608	read_001608	mol_001608	961743	961743	975940	theory_fixed
1609	read_001609	mol_001609	961858	961858	976904	theory_fixed
1610	read_001610	mol_001610	962067	962067	983180	theory_fixed
1611	read_001611	mol_001611	962494	962494	973019	theory_fixed
1612	read_001612	mol_001612	963544	963544	980255	theory_fixed
1613	read_001613	mol_001613	964211	964211	980906	theory_fixed
1614	read_001614	mol_001614	964266	964266	978682	theory_fixed
1615	read_001615	mol_001615	965398	965398	982843	theory_fixed
1616	read_001616	mol_001616	966325	966325	982720	theory_fixed
1617	read_001617	mol_001617	967241	967241	985087	theory_fixed
1618	read_001618	mol_001618	968121	968121	987263	theory_fixed
1619	read_001619	mol_001619	968410	968410	981019	theory_fixed
1620	read_001620	mol_001620	969224	969224	991033	theory_fixed
1621	read_001621	mol_001621	969738	969738	987361	theory_fixed
1622	read_001622	mol_001622	970584	970584	992972	theory_fixed
1623	read_001623	mol_001623	972048	972048	985226	theory_fixed
1624	read_001624	mol_001624	973069	973069	995237	theory_fixed
1625	read_001625	mol_001625	973215	973215	990781	theory_fixed
1626	read_001626	mol_001626	973902	973902	993379	theory_fixed
1627	read_001627	mol_001627	974303	974303	988996	theory_fixed
1628	read_001628	mol_001628	975112	975112	987031	theory_fixed
1629	read_001629	mol_001629	975315	975315	989303	theory_fixed
1630	read_001630	mol_001630	975415	975415	989239	theory_fixed
1631	read_001631	mol_001631	975924	975924	989827	theory_fixed
1632	read_001632	mol_001632	976006	976006	997909	theory_fixed
1633	read_001633	mol_001633	976264	976264	991646	theory_fixed
1634	read_001634	mol_001634	976684	976684	990659	theory_fixed
1635	read_001635	mol_001635	976778	976778	995373	theory_fixed
1636	read_001636	mol_001636	977362	977362	990983	theory_fixed
1637	read_001637	mol_001637	978190	978190	997491	theory_fixed
1638	read_001638	mol_001638	978534	978534	993829	theory_fixed
1639	read_001639	mol_001639	978935	978935	1003638	theory_fixed
1640	read_001640	mol_001640	979907	979907	993323	theory_fixed
1641	read_001641	mol_001641	980960	980960	996659	theory_fixed
1642	read_001642	mol_001642	981271	981271	998540	theory_fixed
1643	read_001643	mol_001643	981489	981489	1002716	theory_fixed
1644	read_001644	mol_001644	981598	981598	1004100	theory_fixed
1645	read_001645	mol_001645	981652	981652	997488	theory_fixed
1646	read_001646	mol_001646	982014	982014	997358	theory_fixed
1647	read_001647	mol_001647	982099	982099	1005736	theory_fixed
1648	read_001648	mol_001648	983061	983061	1002147	theory_fixed
1649	read_001649	mol_001649	983638	983638	998822	theory_fixed
1650	read_001650	mol_001650	984348	984348	1006301	theory_fixed
1651	read_001651	mol_001651	984588	984588	1004089	theory_fixed
1652	read_001652	mol_001652	985461	985461	1000724	theory_fixed
1653	read_001653	mol_001653	985663	985663	1006593	theory_fixed
1654	read_001654	mol_001654	986275	986275	1007127	theory_fixed
1655	read_001655	mol_001655	987886	987886	1006848	theory_fixed
1656	read_001656	mol_001656	987938	987938	1006434	theory_fixed
1657	read_001657	mol_001657	988167	988167	1009032	theory_fixed
1658	read_001658	mol_001658	988651	988651	1005679	theory_fixed
1659	read_001659	mol_001659	988722	988722	1006055	theory_fixed
1660	read_001660	mol_001660	989280	989280	1008176	theory_fixed
1661	read_001661	mol_001661	989516	989516	1006890	theory_fixed
1662	read_001662	mol_001662	989924	989924	1012621	theory_fixed
1663	read_001663	mol_001663	990170	990170	1012201	theory_fixed
1664	read_001664	mol_001664	990993	990993	1006037	theory_fixed
1665	read_001665	mol_001665	991052	991052	1007655	theory_fixed
1666	read_001666	mol_001666	991993	991993	1011294	theory_fixed
1667	read_001667	mol_001667	992206	992206	1018845	theory_fixed
1668	read_001668	mol_001668	992281	992281	1013584	theory_fixed
1669	read_001669	mol_001669	992652	992652	1012685	theory_fixed
1670	read_001670	mol_001670	995791	995791	1030463	theory_fixed
1671	read_001671	mol_001671	996433	996433	1013011	theory_fixed
1672	read_001672	mol_001672	997057	997057	1013293	theory_fixed
1673	read_001673	mol_001673	998653	998653	1015810	theory_fixed
1674	read_001674	mol_001674	998899	998899	1017621	theory_fixed
1675	read_001675	mol_001675	999291	999291	1021600	theory_fixed
1676	read_001676	mol_001676	999647	999647	1023660	theory_fixed
1677	read_001677	mol_001677	1000294	1000294	1017564	theory_fixed
1678	read_001678	mol_001678	1000610	1000610	1023669	theory_fixed
1679	read_001679	mol_001679	1001622	1001622	1020317	theory_fixed
1680	read_001680	mol_001680	1001675	1001675	1016061	theory_fixed
1681	read_001681	mol_001681	1001720	1001720	1022903	theory_fixed
1682	read_001682	mol_001682	1002021	1002021	1026091	theory_fixed
1683	read_001683	mol_001683	1003510	1003510	1017435	theory_fixed
1684	read_001684	mol_001684	1003750	1003750	1021705	theory_fixed
1685	read_001685	mol_001685	1003941	1003941	1023073	theory_fixed
1686	read_001686	mol_001686	1004059	1004059	1021321	theory_fixed
1687	read_001687	mol_001687	1004411	1004411	1023815	theory_fixed
1688	read_001688	mol_001688	1006152	1006152	1028348	theory_fixed
1689	read_001689	mol_001689	1006247	1006247	1022933	theory_fixed
1690	read_001690	mol_001690	1006630	1006630	1025984	theory_fixed
1691	read_001691	mol_001691	1006840	1006840	1024327	theory_fixed
1692	read_001692	mol_001692	1006891	1006891	1024906	theory_fixed
1693	read_001693	mol_001693	1007705	1007705	1026023	theory_fixed
1694	read_001694	mol_001694	1008507	1008507	1024073	theory_fixed
1695	read_001695	mol_001695	1009260	1009260	1026733	theory_fixed
1696	read_001696	mol_001696	1010165	1010165	1021808	theory_fixed
1697	read_001697	mol_001697	1011214	1011214	1028711	theory_fixed
1698	read_001698	mol_001698	1012884	1012884	1033649	theory_fixed
1699	read_001699	mol_001699	1013071	1013071	1027480	theory_fixed
1700	read_001700	mol_001700	1014391	1014391	1031269	theory_fixed
1701	read_001701	mol_001701	1015930	1015930	1037426	theory_fixed
1702	read_001702	mol_001702	1016254	1016254	1029132	theory_fixed
1703	read_001703	mol_001703	1016462	1016462	1032689	theory_fixed
1704	read_001704	mol_001704	1016783	1016783	1037411	theory_fixed
1705	read_001705	mol_001705	1016972	1016972	1037031	theory_fixed
1706	read_001706	mol_001706	1017375	1017375	1036774	theory_fixed
1707	read_001707	mol_001707	1018056	1018056	1028881	theory_fixed
1708	read_001708	mol_001708	1018143	1018143	1040843	theory_fixed
1709	read_001709	mol_001709	1018543	1018543	1036000	theory_fixed
1710	read_001710	mol_001710	1018725	1018725	1035444	theory_fixed
1711	read_001711	mol_001711	1019051	1019051	1038077	theory_fixed
1712	read_001712	mol_001712	1020332	1020332	1038013	theory_fixed
1713	read_001713	mol_001713	1020346	1020346	1048185	theory_fixed
1714	read_001714	mol_001714	1020498	1020498	1039968	theory_fixed
1715	read_001715	mol_001715	1021480	1021480	1044804	theory_fixed
1716	read_001716	mol_001716	1022509	1022509	1041423	theory_fixed
1717	read_001717	mol_001717	1023577	1023577	1043781	theory_fixed
1718	read_001718	mol_001718	1023671	1023671	1041416	theory_fixed
1719	read_001719	mol_001719	1024603	1024603	1038765	theory_fixed
1720	read_001720	mol_001720	1025607	1025607	1042273	theory_fixed
1721	read_001721	mol_001721	1026281	1026281	1038634	theory_fixed
1722	read_001722	mol_001722	1028719	1028719	1045349	theory_fixed
1723	read_001723	mol_001723	1029242	1029242	1053396	theory_fixed
1724	read_001724	mol_001724	1029516	1029516	1050353	theory_fixed
1725	read_001725	mol_001725	1029922	1029922	1042684	theory_fixed
1726	read_001726	mol_001726	1030120	1030120	1053808	theory_fixed
1727	read_001727	mol_001727	1030451	1030451	1052278	theory_fixed
1728	read_001728	mol_001728	1031328	1031328	1046400	theory_fixed
1729	read_001729	mol_001729	1032469	1032469	1051221	theory_fixed
1730	read_001730	mol_001730	1033061	1033061	1049748	theory_fixed
1731	read_001731	mol_001731	1033237	1033237	1047773	theory_fixed
1732	read_001732	mol_001732	1033290	1033290	1055451	theory_fixed
1733	read_001733	mol_001733	1033388	1033388	1054874	theory_fixed
1734	read_001734	mol_001734	1033879	1033879	1056718	theory_fixed
1735	read_001735	mol_001735	1033981	1033981	1052671	theory_fixed
1736	read_001736	mol_001736	1034023	1034023	1047717	theory_fixed
1737	read_001737	mol_001737	1034780	1034780	1057319	theory_fixed
1738	read_001738	mol_001738	1035108	1035108	1047944	theory_fixed
1739	read_001739	mol_001739	1035211	1035211	1050073	theory_fixed
1740	read_001740	mol_001740	1035340	1035340	1057357	theory_fixed
1741	read_001741	mol_001741	1035598	1035598	1059506	theory_fixed
1742	read_001742	mol_001742	1035865	1035865	1051223	theory_fixed
1743	read_001743	mol_001743	1036658	1036658	1055025	theory_fixed
1744	read_001744	mol_001744	1037886	1037886	1055579	theory_fixed
1745	read_001745	mol_001745	1038457	1038457	1049541	theory_fixed
1746	read_001746	mol_001746	1039474	1039474	1055479	theory_fixed
1747	read_001747	mol_001747	1040444	1040444	1062569	theory_fixed
1748	read_001748	mol_001748	1040835	1040835	1058596	theory_fixed
1749	read_001749	mol_001749	1042137	1042137	1060769	theory_fixed
1750	read_001750	mol_001750	1042536	1042536	1063932	theory_fixed
1751	read_001751	mol_001751	1043361	1043361	1058457	theory_fixed
1752	read_001752	mol_001752	1045533	1045533	1065690	theory_fixed
1753	read_001753	mol_001753	1045716	1045716	1066471	theory_fixed
1754	read_001754	mol_001754	1045851	1045851	1067072	theory_fixed
1755	read_001755	mol_001755	1046072	1046072	1061728	theory_fixed
1756	read_001756	mol_001756	1046094	1046094	1063047	theory_fixed
1757	read_001757	mol_001757	1046251	1046251	1060033	theory_fixed
1758	read_001758	mol_001758	1047146	1047146	1063162	theory_fixed
1759	read_001759	mol_001759	1047725	1047725	1065124	theory_fixed
1760	read_001760	mol_001760	1047738	1047738	1064925	theory_fixed
1761	read_001761	mol_001761	1047861	1047861	1064222	theory_fixed
1762	read_001762	mol_001762	1048025	1048025	1067108	theory_fixed
1763	read_001763	mol_001763	1048278	1048278	1064917	theory_fixed
1764	read_001764	mol_001764	1048870	1048870	1062537	theory_fixed
1765	read_001765	mol_001765	1048939	1048939	1070709	theory_fixed
1766	read_001766	mol_001766	1049230	1049230	1069025	theory_fixed
1767	read_001767	mol_001767	1049458	1049458	1062366	theory_fixed
1768	read_001768	mol_001768	1049708	1049708	1066380	theory_fixed
1769	read_001769	mol_001769	1050482	1050482	1067846	theory_fixed
1770	read_001770	mol_001770	1051341	1051341	1069031	theory_fixed
1771	read_001771	mol_001771	1051690	1051690	1073288	theory_fixed
1772	read_001772	mol_001772	1051893	1051893	1084941	theory_fixed
1773	read_001773	mol_001773	1054153	1054153	1070754	theory_fixed
1774	read_001774	mol_001774	1054212	1054212	1077744	theory_fixed
1775	read_001775	mol_001775	1054405	1054405	1069262	theory_fixed
1776	read_001776	mol_001776	1055608	1055608	1073686	theory_fixed
1777	read_001777	mol_001777	1056504	1056504	1069902	theory_fixed
1778	read_001778	mol_001778	1057880	1057880	1078505	theory_fixed
1779	read_001779	mol_001779	1057975	1057975	1072209	theory_fixed
1780	read_001780	mol_001780	1058067	1058067	1068173	theory_fixed
1781	read_001781	mol_001781	1058213	1058213	1076617	theory_fixed
1782	read_001782	mol_001782	1058783	1058783	1074150	theory_fixed
1783	read_001783	mol_001783	1060538	1060538	1075137	theory_fixed
1784	read_001784	mol_001784	1061516	1061516	1085824	theory_fixed
1785	read_001785	mol_001785	1062279	1062279	1078676	theory_fixed
1786	read_001786	mol_001786	1062307	1062307	1085011	theory_fixed
1787	read_001787	mol_001787	1063692	1063692	1080831	theory_fixed
1788	read_001788	mol_001788	1064367	1064367	1078709	theory_fixed
1789	read_001789	mol_001789	1064714	1064714	1079033	theory_fixed
1790	read_001790	mol_001790	1064941	1064941	1085075	theory_fixed
1791	read_001791	mol_001791	1065560	1065560	1086115	theory_fixed
1792	read_001792	mol_001792	1066978	1066978	1090512	theory_fixed
1793	read_001793	mol_001793	1067133	1067133	1084247	theory_fixed
1794	read_001794	mol_001794	1067383	1067383	1089497	theory_fixed
1795	read_001795	mol_001795	1067979	1067979	1091467	theory_fixed
1796	read_001796	mol_001796	1068307	1068307	1081122	theory_fixed
1797	read_001797	mol_001797	1069412	1069412	1087331	theory_fixed
1798	read_001798	mol_001798	1069634	1069634	1105462	theory_fixed
1799	read_001799	mol_001799	1069850	1069850	1096153	theory_fixed
1800	read_001800	mol_001800	1070178	1070178	1087854	theory_fixed
1801	read_001801	mol_001801	1070804	1070804	1089533	theory_fixed
1802	read_001802	mol_001802	1071192	1071192	1088736	theory_fixed
1803	read_001803	mol_001803	1071512	1071512	1089298	theory_fixed
1804	read_001804	mol_001804	1071917	1071917	1090968	theory_fixed
1805	read_001805	mol_001805	1072930	1072930	1087107	theory_fixed
1806	read_001806	mol_001806	1073078	1073078	1084577	theory_fixed
1807	read_001807	mol_001807	1073224	1073224	1094819	theory_fixed
1808	read_001808	mol_001808	1074657	1074657	1087881	theory_fixed
1809	read_001809	mol_001809	1074958	1074958	1089955	theory_fixed
1810	read_001810	mol_001810	1074969	1074969	1100863	theory_fixed
1811	read_001811	mol_001811	1075878	1075878	1093750	theory_fixed
1812	read_001812	mol_001812	1076048	1076048	1094436	theory_fixed
1813	read_001813	mol_001813	1076333	1076333	1093595	theory_fixed
1814	read_001814	mol_001814	1076419	1076419	1101973	theory_fixed
1815	read_001815	mol_001815	1076837	1076837	1094270	theory_fixed
1816	read_001816	mol_001816	1077506	1077506	1094647	theory_fixed
1817	read_001817	mol_001817	1079037	1079037	1097039	theory_fixed
1818	read_001818	mol_001818	1079593	1079593	1099568	theory_fixed
1819	read_001819	mol_001819	1080109	1080109	1105462	theory_fixed
1820	read_001820	mol_001820	1080132	1080132	1093295	theory_fixed
1821	read_001821	mol_001821	1080701	1080701	1098149	theory_fixed
1822	read_001822	mol_001822	1080728	1080728	1101297	theory_fixed
1823	read_001823	mol_001823	1081159	1081159	1096447	theory_fixed
1824	read_001824	mol_001824	1081516	1081516	1100710	theory_fixed
1825	read_001825	mol_001825	1081781	1081781	1096858	theory_fixed
1826	read_001826	mol_001826	1082121	1082121	1096548	theory_fixed
1827	read_001827	mol_001827	1082472	1082472	1097178	theory_fixed
1828	read_001828	mol_001828	1085643	1085643	1102558	theory_fixed
1829	read_001829	mol_001829	1085852	1085852	1104562	theory_fixed
1830	read_001830	mol_001830	1086985	1086985	1103889	theory_fixed
1831	read_001831	mol_001831	1087288	1087288	1102172	theory_fixed
1832	read_001832	mol_001832	1087812	1087812	1104379	theory_fixed
1833	read_001833	mol_001833	1088712	1088712	1110170	theory_fixed
1834	read_001834	mol_001834	1089100	1089100	1105174	theory_fixed
1835	read_001835	mol_001835	1089601	1089601	1107850	theory_fixed
1836	read_001836	mol_001836	1091014	1091014	1109721	theory_fixed
1837	read_001837	mol_001837	1091174	1091174	1106809	theory_fixed
1838	read_001838	mol_001838	1092564	1092564	1116337	theory_fixed
1839	read_001839	mol_001839	1093060	1093060	1113805	theory_fixed
1840	read_001840	mol_001840	1095589	1095589	1111885	theory_fixed
1841	read_001841	mol_001841	1096613	1096613	1120086	theory_fixed
1842	read_001842	mol_001842	1097034	1097034	1120574	theory_fixed
1843	read_001843	mol_001843	1098966	1098966	1112755	theory_fixed
1844	read_001844	mol_001844	1099044	1099044	1109731	theory_fixed
1845	read_001845	mol_001845	1099469	1099469	1115228	theory_fixed
1846	read_001846	mol_001846	1101751	1101751	1113008	theory_fixed
1847	read_001847	mol_001847	1102020	1102020	1128036	theory_fixed
1848	read_001848	mol_001848	1102491	1102491	1122185	theory_fixed
1849	read_001849	mol_001849	1102801	1102801	1122618	theory_fixed
1850	read_001850	mol_001850	1103036	1103036	1120999	theory_fixed
1851	read_001851	mol_001851	1103248	1103248	1120203	theory_fixed
1852	read_001852	mol_001852	1103519	1103519	1124675	theory_fixed
1853	read_001853	mol_001853	1103546	1103546	1130462	theory_fixed
1854	read_001854	mol_001854	1104188	1104188	1121123	theory_fixed
1855	read_001855	mol_001855	1104315	1104315	1118301	theory_fixed
1856	read_001856	mol_001856	1104399	1104399	1125492	theory_fixed
1857	read_001857	mol_001857	1106623	1106623	1129234	theory_fixed
1858	read_001858	mol_001858	1106984	1106984	1120361	theory_fixed
1859	read_001859	mol_001859	1107177	1107177	1129309	theory_fixed
1860	read_001860	mol_001860	1108837	1108837	1141834	theory_fixed
1861	read_001861	mol_001861	1109137	1109137	1125953	theory_fixed
1862	read_001862	mol_001862	1109229	1109229	1127487	theory_fixed
1863	read_001863	mol_001863	1109736	1109736	1126248	theory_fixed
1864	read_001864	mol_001864	1109970	1109970	1128906	theory_fixed
1865	read_001865	mol_001865	1111766	1111766	1128501	theory_fixed
1866	read_001866	mol_001866	1111871	1111871	1133069	theory_fixed
1867	read_001867	mol_001867	1112464	1112464	1129749	theory_fixed
1868	read_001868	mol_001868	1112916	1112916	1133767	theory_fixed
1869	read_001869	mol_001869	1114764	1114764	1135653	theory_fixed
1870	read_001870	mol_001870	1115770	1115770	1129202	theory_fixed
1871	read_001871	mol_001871	1116136	1116136	1137717	theory_fixed
1872	read_001872	mol_001872	1116521	1116521	1134256	theory_fixed
1873	read_001873	mol_001873	1116850	1116850	1135677	theory_fixed
1874	read_001874	mol_001874	1117330	1117330	1139946	theory_fixed
1875	read_001875	mol_001875	1118824	1118824	1135055	theory_fixed
1876	read_001876	mol_001876	1118844	1118844	1146559	theory_fixed
1877	read_001877	mol_001877	1118976	1118976	1142045	theory_fixed
1878	read_001878	mol_001878	1119234	1119234	1138294	theory_fixed
1879	read_001879	mol_001879	1120113	1120113	1142921	theory_fixed
1880	read_001880	mol_001880	1120780	1120780	1136758	theory_fixed
1881	read_001881	mol_001881	1120803	1120803	1135598	theory_fixed
1882	read_001882	mol_001882	1120831	1120831	1133981	theory_fixed
1883	read_001883	mol_001883	1121889	1121889	1136385	theory_fixed
1884	read_001884	mol_001884	1122207	1122207	1135566	theory_fixed
1885	read_001885	mol_001885	1123270	1123270	1141977	theory_fixed
1886	read_001886	mol_001886	1125269	1125269	1144932	theory_fixed
1887	read_001887	mol_001887	1125832	1125832	1146144	theory_fixed
1888	read_001888	mol_001888	1125847	1125847	1151677	theory_fixed
1889	read_001889	mol_001889	1126018	1126018	1144314	theory_fixed
1890	read_001890	mol_001890	1126500	1126500	1145499	theory_fixed
1891	read_001891	mol_001891	1126998	1126998	1140729	theory_fixed
1892	read_001892	mol_001892	1127360	1127360	1141487	theory_fixed
1893	read_001893	mol_001893	1128371	1128371	1142973	theory_fixed
1894	read_001894	mol_001894	1129250	1129250	1158950	theory_fixed
1895	read_001895	mol_001895	1129636	1129636	1146578	theory_fixed
1896	read_001896	mol_001896	1129775	1129775	1158775	theory_fixed
1897	read_001897	mol_001897	1130070	1130070	1146587	theory_fixed
1898	read_001898	mol_001898	1131614	1131614	1147094	theory_fixed
1899	read_001899	mol_001899	1132870	1132870	1154158	theory_fixed
1900	read_001900	mol_001900	1133009	1133009	1158467	theory_fixed
1901	read_001901	mol_001901	1133243	1133243	1151083	theory_fixed
1902	read_001902	mol_001902	1133397	1133397	1147828	theory_fixed
1903	read_001903	mol_001903	1133629	1133629	1157027	theory_fixed
1904	read_001904	mol_001904	1133768	1133768	1147010	theory_fixed
1905	read_001905	mol_001905	1133859	1133859	1148279	theory_fixed
1906	read_001906	mol_001906	1134077	1134077	1161453	theory_fixed
1907	read_001907	mol_001907	1135166	1135166	1151372	theory_fixed
1908	read_001908	mol_001908	1135730	1135730	1152194	theory_fixed
1909	read_001909	mol_001909	1136078	1136078	1154666	theory_fixed
1910	read_001910	mol_001910	1137273	1137273	1154327	theory_fixed
1911	read_001911	mol_001911	1137317	1137317	1161721	theory_fixed
1912	read_001912	mol_001912	1138422	1138422	1160954	theory_fixed
1913	read_001913	mol_001913	1138452	1138452	1163305	theory_fixed
1914	read_001914	mol_001914	1140449	1140449	1160655	theory_fixed
1915	read_001915	mol_001915	1141766	1141766	1156579	theory_fixed
1916	read_001916	mol_001916	1142226	1142226	1155543	theory_fixed
1917	read_001917	mol_001917	1143886	1143886	1165087	theory_fixed
1918	read_001918	mol_001918	1144440	1144440	1164169	theory_fixed
1919	read_001919	mol_001919	1144634	1144634	1157344	theory_fixed
1920	read_001920	mol_001920	1145958	1145958	1173143	theory_fixed
1921	read_001921	mol_001921	1149164	1149164	1165525	theory_fixed
1922	read_001922	mol_001922	1150127	1150127	1171302	theory_fixed
1923	read_001923	mol_001923	1150311	1150311	1164261	theory_fixed
1924	read_001924	mol_001924	1152702	1152702	1172420	theory_fixed
1925	read_001925	mol_001925	1153248	1153248	1172919	theory_fixed
1926	read_001926	mol_001926	1153419	1153419	1172696	theory_fixed
1927	read_001927	mol_001927	1153891	1153891	1176571	theory_fixed
1928	read_001928	mol_001928	1154258	1154258	1172724	theory_fixed
1929	read_001929	mol_001929	1155933	1155933	1176749	theory_fixed
1930	read_001930	mol_001930	1156245	1156245	1167592	theory_fixed
1931	read_001931	mol_001931	1156300	1156300	1176565	theory_fixed
1932	read_001932	mol_001932	1156543	1156543	1173469	theory_fixed
1933	read_001933	mol_001933	1156649	1156649	1171869	theory_fixed
1934	read_001934	mol_001934	1157260	1157260	1181783	theory_fixed
1935	read_001935	mol_001935	1158496	1158496	1175894	theory_fixed
1936	read_001936	mol_001936	1158866	1158866	1182777	theory_fixed
1937	read_001937	mol_001937	1159065	1159065	1173322	theory_fixed
1938	read_001938	mol_001938	1159070	1159070	1177090	theory_fixed
1939	read_001939	mol_001939	1160689	1160689	1177020	theory_fixed
1940	read_001940	mol_001940	1161140	1161140	1180249	theory_fixed
1941	read_001941	mol_001941	1162586	1162586	1189309	theory_fixed
1942	read_001942	mol_001942	1162886	1162886	1178890	theory_fixed
1943	read_001943	mol_001943	1163473	1163473	1184479	theory_fixed
1944	read_001944	mol_001944	1163951	1163951	1185326	theory_fixed
1945	read_001945	mol_001945	1164395	1164395	1178047	theory_fixed
1946	read_001946	mol_001946	1164638	1164638	1184627	theory_fixed
1947	read_001947	mol_001947	1164650	1164650	1179976	theory_fixed
1948	read_001948	mol_001948	1165158	1165158	1181849	theory_fixed
1949	read_001949	mol_001949	1165975	1165975	1187422	theory_fixed
1950	read_001950	mol_001950	1166026	1166026	1184779	theory_fixed
1951	read_001951	mol_001951	1166374	1166374	1186005	theory_fixed
1952	read_001952	mol_001952	1166572	1166572	1186835	theory_fixed
1953	read_001953	mol_001953	1167213	1167213	1188326	theory_fixed
1954	read_001954	mol_001954	1167498	1167498	1185924	theory_fixed
1955	read_001955	mol_001955	1167732	1167732	1183847	theory_fixed
1956	read_001956	mol_001956	1167900	1167900	1192221	theory_fixed
1957	read_001957	mol_001957	1168391	1168391	1183336	theory_fixed
1958	read_001958	mol_001958	1168694	1168694	1183714	theory_fixed
1959	read_001959	mol_001959	1169070	1169070	1188693	theory_fixed
1960	read_001960	mol_001960	1169694	1169694	1186465	theory_fixed
1961	read_001961	mol_001961	1170473	1170473	1185620	theory_fixed
1962	read_001962	mol_001962	1170642	1170642	1192707	theory_fixed
1963	read_001963	mol_001963	1170933	1170933	1188866	theory_fixed
1964	read_001964	mol_001964	1171758	1171758	1199885	theory_fixed
1965	read_001965	mol_001965	1175033	1175033	1196984	theory_fixed
1966	read_001966	mol_001966	1175711	1175711	1201000	theory_fixed
1967	read_001967	mol_001967	1176957	1176957	1191815	theory_fixed
1968	read_001968	mol_001968	1180859	1180859	1194128	theory_fixed
1969	read_001969	mol_001969	1181753	1181753	1200937	theory_fixed
1970	read_001970	mol_001970	1183493	1183493	1194838	theory_fixed
1971	read_001971	mol_001971	1183750	1183750	1198538	theory_fixed
1972	read_001972	mol_001972	1184592	1184592	1204156	theory_fixed
1973	read_001973	mol_001973	1184801	1184801	1202296	theory_fixed
1974	read_001974	mol_001974	1184836	1184836	1200095	theory_fixed
1975	read_001975	mol_001975	1185560	1185560	1202313	theory_fixed
1976	read_001976	mol_001976	1187030	1187030	1198777	theory_fixed
1977	read_001977	mol_001977	1187171	1187171	1205376	theory_fixed
1978	read_001978	mol_001978	1187968	1187968	1198097	theory_fixed
1979	read_001979	mol_001979	1188878	1188878	1209905	theory_fixed
1980	read_001980	mol_001980	1189138	1189138	1201798	theory_fixed
1981	read_001981	mol_001981	1189325	1189325	1207067	theory_fixed
1982	read_001982	mol_001982	1190064	1190064	1203203	theory_fixed
1983	read_001983	mol_001983	1190283	1190283	1208425	theory_fixed
1984	read_001984	mol_001984	1190411	1190411	1206671	theory_fixed
1985	read_001985	mol_001985	1190897	1190897	1208765	theory_fixed
1986	read_001986	mol_001986	1191605	1191605	1207464	theory_fixed
1987	read_001987	mol_001987	1192148	1192148	1207658	theory_fixed
1988	read_001988	mol_001988	1192755	1192755	1215990	theory_fixed
1989	read_001989	mol_001989	1193387	1193387	1205939	theory_fixed
1990	read_001990	mol_001990	1193502	1193502	1207822	theory_fixed
1991	read_001991	mol_001991	1193582	1193582	1209365	theory_fixed
1992	read_001992	mol_001992	1193669	1193669	1214371	theory_fixed
1993	read_001993	mol_001993	1193728	1193728	1211671	theory_fixed
1994	read_001994	mol_001994	1194601	1194601	1206692	theory_fixed
1995	read_001995	mol_001995	1194737	1194737	1212407	theory_fixed
1996	read_001996	mol_001996	1195055	1195055	1212734	theory_fixed
1997	read_001997	mol_001997	1195268	1195268	1215332	theory_fixed
1998	read_001998	mol_001998	1195307	1195307	1217281	theory_fixed
1999	read_001999	mol_001999	1195344	1195344	1213492	theory_fixed
2000	read_002000	mol_002000	1195402	1195402	1212661	theory_fixed
2001	read_002001	mol_002001	1195412	1195412	1210141	theory_fixed
2002	read_002002	mol_002002	1196278	1196278	1212312	theory_fixed
2003	read_002003	mol_002003	1196352	1196352	1216033	theory_fixed
2004	read_002004	mol_002004	1196688	1196688	1221196	theory_fixed
2005	read_002005	mol_002005	1197442	1197442	1211449	theory_fixed
2006	read_002006	mol_002006	1199029	1199029	1218588	theory_fixed
2007	read_002007	mol_002007	1199110	1199110	1219829	theory_fixed
2008	read_002008	mol_002008	1199217	1199217	1222158	theory_fixed
2009	read_002009	mol_002009	1199399	1199399	1216303	theory_fixed
2010	read_002010	mol_002010	1199438	1199438	1214429	theory_fixed
2011	read_002011	mol_002011	1199529	1199529	1218557	theory_fixed
2012	read_002012	mol_002012	1199728	1199728	1217666	theory_fixed
2013	read_002013	mol_002013	1200346	1200346	1215553	theory_fixed
2014	read_002014	mol_002014	1201988	1201988	1213312	theory_fixed
2015	read_002015	mol_002015	1202532	1202532	1226050	theory_fixed
2016	read_002016	mol_002016	1202606	1202606	1216349	theory_fixed
2017	read_002017	mol_002017	1204552	1204552	1219839	theory_fixed
2018	read_002018	mol_002018	1204656	1204656	1225591	theory_fixed
2019	read_002019	mol_002019	1204966	1204966	1226321	theory_fixed
2020	read_002020	mol_002020	1208060	1208060	1232077	theory_fixed
2021	read_002021	mol_002021	1208402	1208402	1222078	theory_fixed
2022	read_002022	mol_002022	1208957	1208957	1227724	theory_fixed
2023	read_002023	mol_002023	1209725	1209725	1223982	theory_fixed
2024	read_002024	mol_002024	1210213	1210213	1222713	theory_fixed
2025	read_002025	mol_002025	1210368	1210368	1237992	theory_fixed
2026	read_002026	mol_002026	1212567	1212567	1228009	theory_fixed
2027	read_002027	mol_002027	1212980	1212980	1235609	theory_fixed
2028	read_002028	mol_002028	1213013	1213013	1226798	theory_fixed
2029	read_002029	mol_002029	1213575	1213575	1230154	theory_fixed
2030	read_002030	mol_002030	1214216	1214216	1229454	theory_fixed
2031	read_002031	mol_002031	1214343	1214343	1235424	theory_fixed
2032	read_002032	mol_002032	1214413	1214413	1242305	theory_fixed
2033	read_002033	mol_002033	1214488	1214488	1228058	theory_fixed
2034	read_002034	mol_002034	1215442	1215442	1230146	theory_fixed
2035	read_002035	mol_002035	1216018	1216018	1233653	theory_fixed
2036	read_002036	mol_002036	1216383	1216383	1229553	theory_fixed
2037	read_002037	mol_002037	1216508	1216508	1238071	theory_fixed
2038	read_002038	mol_002038	1216688	1216688	1229385	theory_fixed
2039	read_002039	mol_002039	1217309	1217309	1233089	theory_fixed
2040	read_002040	mol_002040	1217745	1217745	1236521	theory_fixed
2041	read_002041	mol_002041	1217933	1217933	1238677	theory_fixed
2042	read_002042	mol_002042	1218015	1218015	1235988	theory_fixed
2043	read_002043	mol_002043	1218284	1218284	1236585	theory_fixed
2044	read_002044	mol_002044	1219925	1219925	1236215	theory_fixed
2045	read_002045	mol_002045	1220192	1220192	1236888	theory_fixed
2046	read_002046	mol_002046	1220575	1220575	1240795	theory_fixed
2047	read_002047	mol_002047	1220682	1220682	1235952	theory_fixed
2048	read_002048	mol_002048	1220985	1220985	1241280	theory_fixed
2049	read_002049	mol_002049	1222493	1222493	1244863	theory_fixed
2050	read_002050	mol_002050	1223045	1223045	1237221	theory_fixed
2051	read_002051	mol_002051	1223759	1223759	1244187	theory_fixed
2052	read_002052	mol_002052	1223981	1223981	1236187	theory_fixed
2053	read_002053	mol_002053	1224322	1224322	1236808	theory_fixed
2054	read_002054	mol_002054	1224369	1224369	1239057	theory_fixed
2055	read_002055	mol_002055	1226947	1226947	1249710	theory_fixed
2056	read_002056	mol_002056	1227414	1227414	1247083	theory_fixed
2057	read_002057	mol_002057	1229003	1229003	1247705	theory_fixed
2058	read_002058	mol_002058	1229221	1229221	1242885	theory_fixed
2059	read_002059	mol_002059	1229351	1229351	1258494	theory_fixed
2060	read_002060	mol_002060	1229959	1229959	1243964	theory_fixed
2061	read_002061	mol_002061	1230478	1230478	1242763	theory_fixed
2062	read_002062	mol_002062	1232663	1232663	1248753	theory_fixed
2063	read_002063	mol_002063	1234599	1234599	1244596	theory_fixed
2064	read_002064	mol_002064	1234832	1234832	1250210	theory_fixed
2065	read_002065	mol_002065	1235069	1235069	1254176	theory_fixed
2066	read_002066	mol_002066	1235296	1235296	1257762	theory_fixed
2067	read_002067	mol_002067	1236541	1236541	1251666	theory_fixed
2068	read_002068	mol_002068	1236855	1236855	1256137	theory_fixed
2069	read_002069	mol_002069	1236968	1236968	1262093	theory_fixed
2070	read_002070	mol_002070	1240952	1240952	1258420	theory_fixed
2071	read_002071	mol_002071	1242222	1242222	1273024	theory_fixed
2072	read_002072	mol_002072	1242522	1242522	1259248	theory_fixed
2073	read_002073	mol_002073	1245749	1245749	1264275	theory_fixed
2074	read_002074	mol_002074	1246729	1246729	1263054	theory_fixed
2075	read_002075	mol_002075	1246735	1246735	1262576	theory_fixed
2076	read_002076	mol_002076	1247486	1247486	1275033	theory_fixed
2077	read_002077	mol_002077	1247752	1247752	1267821	theory_fixed
2078	read_002078	mol_002078	1248641	1248641	1262569	theory_fixed
2079	read_002079	mol_002079	1248749	1248749	1271173	theory_fixed
2080	read_002080	mol_002080	1249699	1249699	1263187	theory_fixed
2081	read_002081	mol_002081	1250104	1250104	1274996	theory_fixed
2082	read_002082	mol_002082	1250469	1250469	1261665	theory_fixed
2083	read_002083	mol_002083	1250844	1250844	1267320	theory_fixed
2084	read_002084	mol_002084	1251222	1251222	1267097	theory_fixed
2085	read_002085	mol_002085	1251717	1251717	1273564	theory_fixed
2086	read_002086	mol_002086	1252038	1252038	1276849	theory_fixed
2087	read_002087	mol_002087	1252930	1252930	1272904	theory_fixed
2088	read_002088	mol_002088	1253179	1253179	1275270	theory_fixed
2089	read_002089	mol_002089	1253790	1253790	1276359	theory_fixed
2090	read_002090	mol_002090	1254179	1254179	1264296	theory_fixed
2091	read_002091	mol_002091	1254304	1254304	1271975	theory_fixed
2092	read_002092	mol_002092	1254329	1254329	1273168	theory_fixed
2093	read_002093	mol_002093	1255300	1255300	1267674	theory_fixed
2094	read_002094	mol_002094	1255802	1255802	1268257	theory_fixed
2095	read_002095	mol_002095	1255950	1255950	1275396	theory_fixed
2096	read_002096	mol_002096	1255959	1255959	1270121	theory_fixed
2097	read_002097	mol_002097	1255973	1255973	1272837	theory_fixed
2098	read_002098	mol_002098	1256847	1256847	1280572	theory_fixed
2099	read_002099	mol_002099	1257302	1257302	1276278	theory_fixed
2100	read_002100	mol_002100	1257427	1257427	1273040	theory_fixed
2101	read_002101	mol_002101	1258542	1258542	1283694	theory_fixed
2102	read_002102	mol_002102	1259112	1259112	1277837	theory_fixed
2103	read_002103	mol_002103	1260945	1260945	1280996	theory_fixed
2104	read_002104	mol_002104	1261402	1261402	1277727	theory_fixed
2105	read_002105	mol_002105	1264008	1264008	1284556	theory_fixed
2106	read_002106	mol_002106	1265832	1265832	1286463	theory_fixed
2107	read_002107	mol_002107	1266084	1266084	1288359	theory_fixed
2108	read_002108	mol_002108	1266302	1266302	1292799	theory_fixed
2109	read_002109	mol_002109	1266571	1266571	1278169	theory_fixed
2110	read_002110	mol_002110	1267403	1267403	1299267	theory_fixed
2111	read_002111	mol_002111	1267633	1267633	1280756	theory_fixed
2112	read_002112	mol_002112	1268182	1268182	1287180	theory_fixed
2113	read_002113	mol_002113	1268306	1268306	1287910	theory_fixed
2114	read_002114	mol_002114	1268470	1268470	1279095	theory_fixed
2115	read_002115	mol_002115	1268962	1268962	1291308	theory_fixed
2116	read_002116	mol_002116	1274856	1274856	1291084	theory_fixed
2117	read_002117	mol_002117	1275481	1275481	1290997	theory_fixed
2118	read_002118	mol_002118	1276120	1276120	1294786	theory_fixed
2119	read_002119	mol_002119	1278342	1278342	1292214	theory_fixed
2120	read_002120	mol_002120	1278343	1278343	1294137	theory_fixed
2121	read_002121	mol_002121	1278720	1278720	1296300	theory_fixed
2122	read_002122	mol_002122	1279372	1279372	1293659	theory_fixed
2123	read_002123	mol_002123	1279802	1279802	1294465	theory_fixed
2124	read_002124	mol_002124	1279898	1279898	1297880	theory_fixed
2125	read_002125	mol_002125	1280101	1280101	1306415	theory_fixed
2126	read_002126	mol_002126	1280280	1280280	1293974	theory_fixed
2127	read_002127	mol_002127	1280896	1280896	1296298	theory_fixed
2128	read_002128	mol_002128	1281258	1281258	1303407	theory_fixed
2129	read_002129	mol_002129	1281507	1281507	1297334	theory_fixed
2130	read_002130	mol_002130	1281745	1281745	1297509	theory_fixed
2131	read_002131	mol_002131	1282322	1282322	1298129	theory_fixed
2132	read_002132	mol_002132	1283326	1283326	1301014	theory_fixed
2133	read_002133	mol_002133	1283531	1283531	1296768	theory_fixed
2134	read_002134	mol_002134	1284519	1284519	1297709	theory_fixed
2135	read_002135	mol_002135	1285412	1285412	1301655	theory_fixed
2136	read_002136	mol_002136	1285844	1285844	1305515	theory_fixed
2137	read_002137	mol_002137	1285979	1285979	1297158	theory_fixed
2138	read_002138	mol_002138	1286050	1286050	1304092	theory_fixed
2139	read_002139	mol_002139	1286188	1286188	1311989	theory_fixed
2140	read_002140	mol_002140	1286353	1286353	1307320	theory_fixed
2141	read_002141	mol_002141	1287116	1287116	1305326	theory_fixed
2142	read_002142	mol_002142	1288220	1288220	1304051	theory_fixed
2143	read_002143	mol_002143	1290906	1290906	1314443	theory_fixed
2144	read_002144	mol_002144	1294416	1294416	1308260	theory_fixed
2145	read_002145	mol_002145	1295125	1295125	1316737	theory_fixed
2146	read_002146	mol_002146	1297776	1297776	1314086	theory_fixed
2147	read_002147	mol_002147	1298071	1298071	1315308	theory_fixed
2148	read_002148	mol_002148	1298648	1298648	1315042	theory_fixed
2149	read_002149	mol_002149	1300457	1300457	1315830	theory_fixed
2150	read_002150	mol_002150	1301288	1301288	1319244	theory_fixed
2151	read_002151	mol_002151	1302970	1302970	1321189	theory_fixed
2152	read_002152	mol_002152	1303343	1303343	1322338	theory_fixed
2153	read_002153	mol_002153	1304140	1304140	1321345	theory_fixed
2154	read_002154	mol_002154	1305927	1305927	1321926	theory_fixed
2155	read_002155	mol_002155	1307046	1307046	1317795	theory_fixed
2156	read_002156	mol_002156	1307066	1307066	1321937	theory_fixed
2157	read_002157	mol_002157	1307981	1307981	1328849	theory_fixed
2158	read_002158	mol_002158	1308064	1308064	1326691	theory_fixed
2159	read_002159	mol_002159	1308166	1308166	1329341	theory_fixed
2160	read_002160	mol_002160	1309752	1309752	1325251	theory_fixed
2161	read_002161	mol_002161	1309989	1309989	1333232	theory_fixed
2162	read_002162	mol_002162	1310425	1310425	1325556	theory_fixed
2163	read_002163	mol_002163	1310624	1310624	1324986	theory_fixed
2164	read_002164	mol_002164	1310646	1310646	1323152	theory_fixed
2165	read_002165	mol_002165	1311147	1311147	1323620	theory_fixed
2166	read_002166	mol_002166	1311414	1311414	1328120	theory_fixed
2167	read_002167	mol_002167	1311629	1311629	1331950	theory_fixed
2168	read_002168	mol_002168	1311822	1311822	1330758	theory_fixed
2169	read_002169	mol_002169	1312032	1312032	1325933	theory_fixed
2170	read_002170	mol_002170	1312457	1312457	1327233	theory_fixed
2171	read_002171	mol_002171	1312629	1312629	1328723	theory_fixed
2172	read_002172	mol_002172	1312896	1312896	1335068	theory_fixed
2173	read_002173	mol_002173	1313122	1313122	1328759	theory_fixed
2174	read_002174	mol_002174	1314861	1314861	1333685	theory_fixed
2175	read_002175	mol_002175	1314870	1314870	1331971	theory_fixed
2176	read_002176	mol_002176	1315502	1315502	1333569	theory_fixed
2177	read_002177	mol_002177	1315777	1315777	1331909	theory_fixed
2178	read_002178	mol_002178	1316303	1316303	1337795	theory_fixed
2179	read_002179	mol_002179	1317933	1317933	1337362	theory_fixed
2180	read_002180	mol_002180	1318155	1318155	1336059	theory_fixed
2181	read_002181	mol_002181	1318156	1318156	1337473	theory_fixed
2182	read_002182	mol_002182	1319910	1319910	1338686	theory_fixed
2183	read_002183	mol_002183	1320307	1320307	1341663	theory_fixed
2184	read_002184	mol_002184	1320309	1320309	1341458	theory_fixed
2185	read_002185	mol_002185	1321939	1321939	1338329	theory_fixed
2186	read_002186	mol_002186	1322014	1322014	1338266	theory_fixed
2187	read_002187	mol_002187	1322248	1322248	1339951	theory_fixed
2188	read_002188	mol_002188	1322521	1322521	1337115	theory_fixed
2189	read_002189	mol_002189	1323921	1323921	1340302	theory_fixed
2190	read_002190	mol_002190	1323957	1323957	1340846	theory_fixed
2191	read_002191	mol_002191	1324054	1324054	1340873	theory_fixed
2192	read_002192	mol_002192	1325499	1325499	1336965	theory_fixed
2193	read_002193	mol_002193	1325831	1325831	1340193	theory_fixed
2194	read_002194	mol_002194	1325887	1325887	1345887	theory_fixed
2195	read_002195	mol_002195	1326059	1326059	1339397	theory_fixed
2196	read_002196	mol_002196	1326325	1326325	1341291	theory_fixed
2197	read_002197	mol_002197	1327296	1327296	1343832	theory_fixed
2198	read_002198	mol_002198	1327654	1327654	1346260	theory_fixed
2199	read_002199	mol_002199	1327676	1327676	1342213	theory_fixed
2200	read_002200	mol_002200	1327877	1327877	1342180	theory_fixed
2201	read_002201	mol_002201	1327878	1327878	1343249	theory_fixed
2202	read_002202	mol_002202	1328668	1328668	1347703	theory_fixed
2203	read_002203	mol_002203	1329328	1329328	1343600	theory_fixed
2204	read_002204	mol_002204	1329785	1329785	1351047	theory_fixed
2205	read_002205	mol_002205	1330363	1330363	1346335	theory_fixed
2206	read_002206	mol_002206	1330657	1330657	1352853	theory_fixed
2207	read_002207	mol_002207	1330728	1330728	1352325	theory_fixed
2208	read_002208	mol_002208	1331379	1331379	1346079	theory_fixed
2209	read_002209	mol_002209	1335119	1335119	1352450	theory_fixed
2210	read_002210	mol_002210	1335250	1335250	1356093	theory_fixed
2211	read_002211	mol_002211	1336748	1336748	1356462	theory_fixed
2212	read_002212	mol_002212	1337218	1337218	1352516	theory_fixed
2213	read_002213	mol_002213	1338971	1338971	1358778	theory_fixed
2214	read_002214	mol_002214	1339083	1339083	1352446	theory_fixed
2215	read_002215	mol_002215	1339462	1339462	1364350	theory_fixed
2216	read_002216	mol_002216	1340144	1340144	1363716	theory_fixed
2217	read_002217	mol_002217	1340389	1340389	1361830	theory_fixed
2218	read_002218	mol_002218	1341502	1341502	1351825	theory_fixed
2219	read_002219	mol_002219	1341795	1341795	1359832	theory_fixed
2220	read_002220	mol_002220	1343054	1343054	1359437	theory_fixed
2221	read_002221	mol_002221	1343679	1343679	1359167	theory_fixed
2222	read_002222	mol_002222	1344091	1344091	1358487	theory_fixed
2223	read_002223	mol_002223	1344700	1344700	1367560	theory_fixed
2224	read_002224	mol_002224	1344955	1344955	1360583	theory_fixed
2225	read_002225	mol_002225	1345528	1345528	1363157	theory_fixed
2226	read_002226	mol_002226	1345649	1345649	1360859	theory_fixed
2227	read_002227	mol_002227	1346365	1346365	1360234	theory_fixed
2228	read_002228	mol_002228	1346879	1346879	1369307	theory_fixed
2229	read_002229	mol_002229	1347239	1347239	1369326	theory_fixed
2230	read_002230	mol_002230	1347421	1347421	1367967	theory_fixed
2231	read_002231	mol_002231	1348055	1348055	1372036	theory_fixed
2232	read_002232	mol_002232	1348416	1348416	1369164	theory_fixed
2233	read_002233	mol_002233	1348483	1348483	1366743	theory_fixed
2234	read_002234	mol_002234	1348818	1348818	1360709	theory_fixed
2235	read_002235	mol_002235	1348894	1348894	1368090	theory_fixed
2236	read_002236	mol_002236	1349282	1349282	1364512	theory_fixed
2237	read_002237	mol_002237	1349651	1349651	1375274	theory_fixed
2238	read_002238	mol_002238	1349919	1349919	1367062	theory_fixed
2239	read_002239	mol_002239	1349987	1349987	1366399	theory_fixed
2240	read_002240	mol_002240	1350093	1350093	1370202	theory_fixed
2241	read_002241	mol_002241	1350339	1350339	1378287	theory_fixed
2242	read_002242	mol_002242	1350816	1350816	1371038	theory_fixed
2243	read_002243	mol_002243	1351197	1351197	1373948	theory_fixed
2244	read_002244	mol_002244	1351332	1351332	1369738	theory_fixed
2245	read_002245	mol_002245	1352382	1352382	1377693	theory_fixed
2246	read_002246	mol_002246	1352507	1352507	1372293	theory_fixed
2247	read_002247	mol_002247	1352670	1352670	1366607	theory_fixed
2248	read_002248	mol_002248	1352935	1352935	1366253	theory_fixed
2249	read_002249	mol_002249	1353940	1353940	1377319	theory_fixed
2250	read_002250	mol_002250	1354596	1354596	1371479	theory_fixed
2251	read_002251	mol_002251	1355097	1355097	1368157	theory_fixed
2252	read_002252	mol_002252	1355898	1355898	1372354	theory_fixed
2253	read_002253	mol_002253	1356948	1356948	1370924	theory_fixed
2254	read_002254	mol_002254	1358293	1358293	1384054	theory_fixed
2255	read_002255	mol_002255	1358308	1358308	1380592	theory_fixed
2256	read_002256	mol_002256	1358356	1358356	1384707	theory_fixed
2257	read_002257	mol_002257	1358454	1358454	1380328	theory_fixed
2258	read_002258	mol_002258	1358990	1358990	1370600	theory_fixed
2259	read_002259	mol_002259	1360573	1360573	1376526	theory_fixed
2260	read_002260	mol_002260	1360764	1360764	1377784	theory_fixed
2261	read_002261	mol_002261	1361212	1361212	1376819	theory_fixed
2262	read_002262	mol_002262	1361621	1361621	1383268	theory_fixed
2263	read_002263	mol_002263	1361968	1361968	1381654	theory_fixed
2264	read_002264	mol_002264	1362148	1362148	1380832	theory_fixed
2265	read_002265	mol_002265	1362516	1362516	1377583	theory_fixed
2266	read_002266	mol_002266	1362836	1362836	1387107	theory_fixed
2267	read_002267	mol_002267	1363517	1363517	1388026	theory_fixed
2268	read_002268	mol_002268	1363864	1363864	1382828	theory_fixed
2269	read_002269	mol_002269	1364170	1364170	1382669	theory_fixed
2270	read_002270	mol_002270	1364359	1364359	1376308	theory_fixed
2271	read_002271	mol_002271	1365265	1365265	1379939	theory_fixed
2272	read_002272	mol_002272	1365764	1365764	1379823	theory_fixed
2273	read_002273	mol_002273	1366379	1366379	1383811	theory_fixed
2274	read_002274	mol_002274	1366851	1366851	1385397	theory_fixed
2275	read_002275	mol_002275	1367064	1367064	1382601	theory_fixed
2276	read_002276	mol_002276	1368465	1368465	1403000	theory_fixed
2277	read_002277	mol_002277	1369971	1369971	1381881	theory_fixed
2278	read_002278	mol_002278	1370092	1370092	1388508	theory_fixed
2279	read_002279	mol_002279	1371446	1371446	1386325	theory_fixed
2280	read_002280	mol_002280	1372944	1372944	1386188	theory_fixed
2281	read_002281	mol_002281	1375330	1375330	1399748	theory_fixed
2282	read_002282	mol_002282	1375520	1375520	1390834	theory_fixed
2283	read_002283	mol_002283	1376467	1376467	1389750	theory_fixed
2284	read_002284	mol_002284	1377984	1377984	1393677	theory_fixed
2285	read_002285	mol_002285	1378148	1378148	1393807	theory_fixed
2286	read_002286	mol_002286	1379087	1379087	1394709	theory_fixed
2287	read_002287	mol_002287	1379339	1379339	1400751	theory_fixed
2288	read_002288	mol_002288	1379401	1379401	1395051	theory_fixed
2289	read_002289	mol_002289	1379404	1379404	1394158	theory_fixed
2290	read_002290	mol_002290	1379641	1379641	1397498	theory_fixed
2291	read_002291	mol_002291	1380188	1380188	1393661	theory_fixed
2292	read_002292	mol_002292	1380679	1380679	1391966	theory_fixed
2293	read_002293	mol_002293	1381688	1381688	1398040	theory_fixed
2294	read_002294	mol_002294	1381710	1381710	1395660	theory_fixed
2295	read_002295	mol_002295	1382212	1382212	1410903	theory_fixed
2296	read_002296	mol_002296	1384410	1384410	1405299	theory_fixed
2297	read_002297	mol_002297	1384525	1384525	1403423	theory_fixed
2298	read_002298	mol_002298	1384819	1384819	1403865	theory_fixed
2299	read_002299	mol_002299	1385049	1385049	1410178	theory_fixed
2300	read_002300	mol_002300	1385777	1385777	1404134	theory_fixed
2301	read_002301	mol_002301	1386123	1386123	1407766	theory_fixed
2302	read_002302	mol_002302	1386311	1386311	1398115	theory_fixed
2303	read_002303	mol_002303	1386511	1386511	1401031	theory_fixed
2304	read_002304	mol_002304	1387168	1387168	1409434	theory_fixed
2305	read_002305	mol_002305	1387781	1387781	1404893	theory_fixed
2306	read_002306	mol_002306	1388857	1388857	1403682	theory_fixed
2307	read_002307	mol_002307	1390179	1390179	1402709	theory_fixed
2308	read_002308	mol_002308	1390277	1390277	1404546	theory_fixed
2309	read_002309	mol_002309	1390752	1390752	1412914	theory_fixed
2310	read_002310	mol_002310	1391449	1391449	1406624	theory_fixed
2311	read_002311	mol_002311	1391538	1391538	1408271	theory_fixed
2312	read_002312	mol_002312	1391579	1391579	1409065	theory_fixed
2313	read_002313	mol_002313	1392652	1392652	1418504	theory_fixed
2314	read_002314	mol_002314	1392935	1392935	1407975	theory_fixed
2315	read_002315	mol_002315	1393196	1393196	1405801	theory_fixed
2316	read_002316	mol_002316	1393488	1393488	1417104	theory_fixed
2317	read_002317	mol_002317	1396102	1396102	1410065	theory_fixed
2318	read_002318	mol_002318	1396634	1396634	1411536	theory_fixed
2319	read_002319	mol_002319	1396728	1396728	1416943	theory_fixed
2320	read_002320	mol_002320	1398558	1398558	1417615	theory_fixed
2321	read_002321	mol_002321	1399298	1399298	1416977	theory_fixed
2322	read_002322	mol_002322	1400507	1400507	1412915	theory_fixed
2323	read_002323	mol_002323	1401156	1401156	1414607	theory_fixed
2324	read_002324	mol_002324	1401471	1401471	1416259	theory_fixed
2325	read_002325	mol_002325	1401823	1401823	1421360	theory_fixed
2326	read_002326	mol_002326	1403864	1403864	1420048	theory_fixed
2327	read_002327	mol_002327	1404568	1404568	1435391	theory_fixed
2328	read_002328	mol_002328	1405419	1405419	1420198	theory_fixed
2329	read_002329	mol_002329	1405764	1405764	1423177	theory_fixed
2330	read_002330	mol_002330	1406427	1406427	1418316	theory_fixed
2331	read_002331	mol_002331	1406819	1406819	1430312	theory_fixed
2332	read_002332	mol_002332	1407576	1407576	1420774	theory_fixed
2333	read_002333	mol_002333	1407757	1407757	1422210	theory_fixed
2334	read_002334	mol_002334	1409277	1409277	1435218	theory_fixed
2335	read_002335	mol_002335	1409761	1409761	1429440	theory_fixed
2336	read_002336	mol_002336	1409993	1409993	1428719	theory_fixed
2337	read_002337	mol_002337	1410038	1410038	1426444	theory_fixed
2338	read_002338	mol_002338	1410124	1410124	1425287	theory_fixed
2339	read_002339	mol_002339	1410364	1410364	1430397	theory_fixed
2340	read_002340	mol_002340	1411188	1411188	1422702	theory_fixed
2341	read_002341	mol_002341	1411257	1411257	1427125	theory_fixed
2342	read_002342	mol_002342	1411746	1411746	1428917	theory_fixed
2343	read_002343	mol_002343	1411910	1411910	1427518	theory_fixed
2344	read_002344	mol_002344	1412210	1412210	1431751	theory_fixed
2345	read_002345	mol_002345	1413110	1413110	1434298	theory_fixed
2346	read_002346	mol_002346	1413119	1413119	1436856	theory_fixed
2347	read_002347	mol_002347	1413285	1413285	1428714	theory_fixed
2348	read_002348	mol_002348	1413664	1413664	1429362	theory_fixed
2349	read_002349	mol_002349	1413967	1413967	1435214	theory_fixed
2350	read_002350	mol_002350	1414119	1414119	1431961	theory_fixed
2351	read_002351	mol_002351	1416084	1416084	1440571	theory_fixed
2352	read_002352	mol_002352	1417191	1417191	1433908	theory_fixed
2353	read_002353	mol_002353	1417240	1417240	1430852	theory_fixed
2354	read_002354	mol_002354	1417285	1417285	1430991	theory_fixed
2355	read_002355	mol_002355	1418180	1418180	1431671	theory_fixed
2356	read_002356	mol_002356	1418314	1418314	1437566	theory_fixed
2357	read_002357	mol_002357	1418767	1418767	1438139	theory_fixed
2358	read_002358	mol_002358	1419600	1419600	1436886	theory_fixed
2359	read_002359	mol_002359	1420654	1420654	1439631	theory_fixed
2360	read_002360	mol_002360	1421525	1421525	1437266	theory_fixed
2361	read_002361	mol_002361	1422533	1422533	1440052	theory_fixed
2362	read_002362	mol_002362	1422771	1422771	1439589	theory_fixed
2363	read_002363	mol_002363	1423271	1423271	1436923	theory_fixed
2364	read_002364	mol_002364	1424241	1424241	1440034	theory_fixed
2365	read_002365	mol_002365	1424932	1424932	1443430	theory_fixed
2366	read_002366	mol_002366	1426360	1426360	1441594	theory_fixed
2367	read_002367	mol_002367	1426548	1426548	1442265	theory_fixed
2368	read_002368	mol_002368	1427098	1427098	1448667	theory_fixed
2369	read_002369	mol_002369	1428926	1428926	1444510	theory_fixed
2370	read_002370	mol_002370	1428931	1428931	1443196	theory_fixed
2371	read_002371	mol_002371	1429608	1429608	1442023	theory_fixed
2372	read_002372	mol_002372	1429740	1429740	1444917	theory_fixed
2373	read_002373	mol_002373	1429762	1429762	1450385	theory_fixed
2374	read_002374	mol_002374	1430024	1430024	1449905	theory_fixed
2375	read_002375	mol_002375	1431907	1431907	1451816	theory_fixed
2376	read_002376	mol_002376	1432002	1432002	1453408	theory_fixed
2377	read_002377	mol_002377	1432672	1432672	1444068	theory_fixed
2378	read_002378	mol_002378	1433331	1433331	1459996	theory_fixed
2379	read_002379	mol_002379	1433482	1433482	1452819	theory_fixed
2380	read_002380	mol_002380	1434269	1434269	1454405	theory_fixed
2381	read_002381	mol_002381	1434730	1434730	1450235	theory_fixed
2382	read_002382	mol_002382	1435367	1435367	1459243	theory_fixed
2383	read_002383	mol_002383	1435986	1435986	1447930	theory_fixed
2384	read_002384	mol_002384	1436803	1436803	1455820	theory_fixed
2385	read_002385	mol_002385	1436909	1436909	1455943	theory_fixed
2386	read_002386	mol_002386	1439641	1439641	1459649	theory_fixed
2387	read_002387	mol_002387	1440334	1440334	1455890	theory_fixed
2388	read_002388	mol_002388	1440352	1440352	1456283	theory_fixed
2389	read_002389	mol_002389	1441008	1441008	1460054	theory_fixed
2390	read_002390	mol_002390	1441945	1441945	1454503	theory_fixed
2391	read_002391	mol_002391	1442627	1442627	1463484	theory_fixed
2392	read_002392	mol_002392	1442987	1442987	1465055	theory_fixed
2393	read_002393	mol_002393	1444315	1444315	1461301	theory_fixed
2394	read_002394	mol_002394	1444359	1444359	1465485	theory_fixed
2395	read_002395	mol_002395	1445675	1445675	1466875	theory_fixed
2396	read_002396	mol_002396	1445687	1445687	1457132	theory_fixed
2397	read_002397	mol_002397	1446053	1446053	1457338	theory_fixed
2398	read_002398	mol_002398	1446374	1446374	1483875	theory_fixed
2399	read_002399	mol_002399	1446395	1446395	1460147	theory_fixed
2400	read_002400	mol_002400	1446743	1446743	1468163	theory_fixed
2401	read_002401	mol_002401	1447922	1447922	1464126	theory_fixed
2402	read_002402	mol_002402	1448586	1448586	1467561	theory_fixed
2403	read_002403	mol_002403	1448598	1448598	1472952	theory_fixed
2404	read_002404	mol_002404	1449915	1449915	1467444	theory_fixed
2405	read_002405	mol_002405	1451469	1451469	1472797	theory_fixed
2406	read_002406	mol_002406	1451508	1451508	1464402	theory_fixed
2407	read_002407	mol_002407	1451511	1451511	1465855	theory_fixed
2408	read_002408	mol_002408	1452242	1452242	1470882	theory_fixed
2409	read_002409	mol_002409	1452765	1452765	1465499	theory_fixed
2410	read_002410	mol_002410	1453953	1453953	1474522	theory_fixed
2411	read_002411	mol_002411	1454430	1454430	1474615	theory_fixed
2412	read_002412	mol_002412	1455105	1455105	1470735	theory_fixed
2413	read_002413	mol_002413	1456498	1456498	1472609	theory_fixed
2414	read_002414	mol_002414	1457867	1457867	1478433	theory_fixed
2415	read_002415	mol_002415	1457913	1457913	1477312	theory_fixed
2416	read_002416	mol_002416	1458251	1458251	1475020	theory_fixed
2417	read_002417	mol_002417	1458835	1458835	1475612	theory_fixed
2418	read_002418	mol_002418	1460865	1460865	1476822	theory_fixed
2419	read_002419	mol_002419	1461350	1461350	1474852	theory_fixed
2420	read_002420	mol_002420	1461433	1461433	1486751	theory_fixed
2421	read_002421	mol_002421	1461659	1461659	1476007	theory_fixed
2422	read_002422	mol_002422	1461742	1461742	1474284	theory_fixed
2423	read_002423	mol_002423	1461820	1461820	1474843	theory_fixed
2424	read_002424	mol_002424	1462108	1462108	1479914	theory_fixed
2425	read_002425	mol_002425	1462333	1462333	1477474	theory_fixed
2426	read_002426	mol_002426	1462417	1462417	1478560	theory_fixed
2427	read_002427	mol_002427	1462597	1462597	1479753	theory_fixed
2428	read_002428	mol_002428	1463559	1463559	1486512	theory_fixed
2429	read_002429	mol_002429	1464003	1464003	1477431	theory_fixed
2430	read_002430	mol_002430	1464123	1464123	1483482	theory_fixed
2431	read_002431	mol_002431	1464261	1464261	1483076	theory_fixed
2432	read_002432	mol_002432	1464458	1464458	1478956	theory_fixed
2433	read_002433	mol_002433	1464889	1464889	1479557	theory_fixed
2434	read_002434	mol_002434	1465088	1465088	1481865	theory_fixed
2435	read_002435	mol_002435	1467256	1467256	1483881	theory_fixed
2436	read_002436	mol_002436	1469204	1469204	1489340	theory_fixed
2437	read_002437	mol_002437	1470017	1470017	1486683	theory_fixed
2438	read_002438	mol_002438	1470851	1470851	1487321	theory_fixed
2439	read_002439	mol_002439	1471617	1471617	1483549	theory_fixed
2440	read_002440	mol_002440	1471816	1471816	1485630	theory_fixed
2441	read_002441	mol_002441	1472077	1472077	1488716	theory_fixed
2442	read_002442	mol_002442	1473437	1473437	1494888	theory_fixed
2443	read_002443	mol_002443	1475552	1475552	1492868	theory_fixed
2444	read_002444	mol_002444	1477310	1477310	1500373	theory_fixed
2445	read_002445	mol_002445	1477775	1477775	1488888	theory_fixed
2446	read_002446	mol_002446	1480175	1480175	1496544	theory_fixed
2447	read_002447	mol_002447	1481177	1481177	1501999	theory_fixed
2448	read_002448	mol_002448	1481257	1481257	1497186	theory_fixed
2449	read_002449	mol_002449	1483702	1483702	1505894	theory_fixed
2450	read_002450	mol_002450	1485619	1485619	1500320	theory_fixed
2451	read_002451	mol_002451	1486056	1486056	1499024	theory_fixed
2452	read_002452	mol_002452	1487564	1487564	1502521	theory_fixed
2453	read_002453	mol_002453	1488204	1488204	1509979	theory_fixed
2454	read_002454	mol_002454	1488332	1488332	1508890	theory_fixed
2455	read_002455	mol_002455	1490309	1490309	1504626	theory_fixed
2456	read_002456	mol_002456	1490424	1490424	1509941	theory_fixed
2457	read_002457	mol_002457	1491341	1491341	1504880	theory_fixed
2458	read_002458	mol_002458	1491422	1491422	1509700	theory_fixed
2459	read_002459	mol_002459	1491625	1491625	1511663	theory_fixed
2460	read_002460	mol_002460	1492273	1492273	1514048	theory_fixed
2461	read_002461	mol_002461	1492832	1492832	1515528	theory_fixed
2462	read_002462	mol_002462	1494201	1494201	1517971	theory_fixed
2463	read_002463	mol_002463	1494475	1494475	1516905	theory_fixed
2464	read_002464	mol_002464	1495318	1495318	1512146	theory_fixed
2465	read_002465	mol_002465	1496030	1496030	1514448	theory_fixed
2466	read_002466	mol_002466	1497850	1497850	1515666	theory_fixed
2467	read_002467	mol_002467	1498118	1498118	1518130	theory_fixed
2468	read_002468	mol_002468	1498447	1498447	1522091	theory_fixed
2469	read_002469	mol_002469	1499643	1499643	1517610	theory_fixed
2470	read_002470	mol_002470	1500033	1500033	1519025	theory_fixed
2471	read_002471	mol_002471	1501604	1501604	1519844	theory_fixed
2472	read_002472	mol_002472	1502718	1502718	1522694	theory_fixed
2473	read_002473	mol_002473	1503174	1503174	1519872	theory_fixed
2474	read_002474	mol_002474	1504329	1504329	1525913	theory_fixed
2475	read_002475	mol_002475	1504819	1504819	1519456	theory_fixed
2476	read_002476	mol_002476	1506744	1506744	1529871	theory_fixed
2477	read_002477	mol_002477	1507394	1507394	1520473	theory_fixed
2478	read_002478	mol_002478	1508834	1508834	1523694	theory_fixed
2479	read_002479	mol_002479	1509639	1509639	1529651	theory_fixed
2480	read_002480	mol_002480	1509837	1509837	1528733	theory_fixed
2481	read_002481	mol_002481	1510267	1510267	1527639	theory_fixed
2482	read_002482	mol_002482	1510399	1510399	1530890	theory_fixed
2483	read_002483	mol_002483	1510902	1510902	1523176	theory_fixed
2484	read_002484	mol_002484	1511546	1511546	1527442	theory_fixed
2485	read_002485	mol_002485	1511710	1511710	1528126	theory_fixed
2486	read_002486	mol_002486	1513993	1513993	1529122	theory_fixed
2487	read_002487	mol_002487	1514520	1514520	1527264	theory_fixed
2488	read_002488	mol_002488	1515412	1515412	1535929	theory_fixed
2489	read_002489	mol_002489	1515509	1515509	1529533	theory_fixed
2490	read_002490	mol_002490	1515538	1515538	1532540	theory_fixed
2491	read_002491	mol_002491	1515719	1515719	1527040	theory_fixed
2492	read_002492	mol_002492	1516589	1516589	1529913	theory_fixed
2493	read_002493	mol_002493	1516608	1516608	1533099	theory_fixed
2494	read_002494	mol_002494	1516925	1516925	1540374	theory_fixed
2495	read_002495	mol_002495	1517307	1517307	1535728	theory_fixed
2496	read_002496	mol_002496	1518367	1518367	1534242	theory_fixed
2497	read_002497	mol_002497	1518413	1518413	1537765	theory_fixed
2498	read_002498	mol_002498	1518560	1518560	1534231	theory_fixed
2499	read_002499	mol_002499	1518642	1518642	1535084	theory_fixed
2500	read_002500	mol_002500	1519598	1519598	1545952	theory_fixed
2501	read_002501	mol_002501	1519644	1519644	1534626	theory_fixed
2502	read_002502	mol_002502	1521093	1521093	1533605	theory_fixed
2503	read_002503	mol_002503	1521193	1521193	1543077	theory_fixed
2504	read_002504	mol_002504	1523163	1523163	1541057	theory_fixed
2505	read_002505	mol_002505	1523659	1523659	1540674	theory_fixed
2506	read_002506	mol_002506	1524061	1524061	1542554	theory_fixed
2507	read_002507	mol_002507	1524205	1524205	1542762	theory_fixed
2508	read_002508	mol_002508	1524616	1524616	1546682	theory_fixed
2509	read_002509	mol_002509	1524960	1524960	1545405	theory_fixed
2510	read_002510	mol_002510	1525068	1525068	1545364	theory_fixed
2511	read_002511	mol_002511	1525450	1525450	1541015	theory_fixed
2512	read_002512	mol_002512	1526369	1526369	1544557	theory_fixed
2513	read_002513	mol_002513	1527222	1527222	1549602	theory_fixed
2514	read_002514	mol_002514	1527553	1527553	1546299	theory_fixed
2515	read_002515	mol_002515	1527573	1527573	1538595	theory_fixed
2516	read_002516	mol_002516	1527671	1527671	1542052	theory_fixed
2517	read_002517	mol_002517	1528914	1528914	1542685	theory_fixed
2518	read_002518	mol_002518	1530332	1530332	1559610	theory_fixed
2519	read_002519	mol_002519	1530523	1530523	1546205	theory_fixed
2520	read_002520	mol_002520	1531439	1531439	1551307	theory_fixed
2521	read_002521	mol_002521	1531618	1531618	1544550	theory_fixed
2522	read_002522	mol_002522	1532337	1532337	1548546	theory_fixed
2523	read_002523	mol_002523	1532713	1532713	1552767	theory_fixed
2524	read_002524	mol_002524	1533017	1533017	1555156	theory_fixed
2525	read_002525	mol_002525	1533183	1533183	1555200	theory_fixed
2526	read_002526	mol_002526	1533286	1533286	1550094	theory_fixed
2527	read_002527	mol_002527	1534230	1534230	1551317	theory_fixed
2528	read_002528	mol_002528	1534710	1534710	1550344	theory_fixed
2529	read_002529	mol_002529	1535834	1535834	1548926	theory_fixed
2530	read_002530	mol_002530	1536201	1536201	1552572	theory_fixed
2531	read_002531	mol_002531	1537746	1537746	1555591	theory_fixed
2532	read_002532	mol_002532	1538148	1538148	1565824	theory_fixed
2533	read_002533	mol_002533	1539152	1539152	1572061	theory_fixed
2534	read_002534	mol_002534	1539219	1539219	1555860	theory_fixed
2535	read_002535	mol_002535	1539663	1539663	1558225	theory_fixed
2536	read_002536	mol_002536	1540450	1540450	1553489	theory_fixed
2537	read_002537	mol_002537	1540710	1540710	1555966	theory_fixed
2538	read_002538	mol_002538	1540808	1540808	1559929	theory_fixed
2539	read_002539	mol_002539	1541121	1541121	1555010	theory_fixed
2540	read_002540	mol_002540	1541773	1541773	1556305	theory_fixed
2541	read_002541	mol_002541	1543103	1543103	1556559	theory_fixed
2542	read_002542	mol_002542	1543912	1543912	1555457	theory_fixed
2543	read_002543	mol_002543	1543971	1543971	1559226	theory_fixed
2544	read_002544	mol_002544	1543992	1543992	1561286	theory_fixed
2545	read_002545	mol_002545	1544247	1544247	1566951	theory_fixed
2546	read_002546	mol_002546	1545288	1545288	1560414	theory_fixed
2547	read_002547	mol_002547	1545329	1545329	1563364	theory_fixed
2548	read_002548	mol_002548	1547358	1547358	1565283	theory_fixed
2549	read_002549	mol_002549	1549648	1549648	1569000	theory_fixed
2550	read_002550	mol_002550	1550531	1550531	1579939	theory_fixed
2551	read_002551	mol_002551	1550642	1550642	1567498	theory_fixed
2552	read_002552	mol_002552	1551726	1551726	1567603	theory_fixed
2553	read_002553	mol_002553	1552053	1552053	1567191	theory_fixed
2554	read_002554	mol_002554	1553091	1553091	1572493	theory_fixed
2555	read_002555	mol_002555	1553185	1553185	1565549	theory_fixed
2556	read_002556	mol_002556	1553416	1553416	1571056	theory_fixed
2557	read_002557	mol_002557	1553687	1553687	1570566	theory_fixed
2558	read_002558	mol_002558	1553749	1553749	1570993	theory_fixed
2559	read_002559	mol_002559	1556232	1556232	1570718	theory_fixed
2560	read_002560	mol_002560	1558274	1558274	1572420	theory_fixed
2561	read_002561	mol_002561	1559048	1559048	1573911	theory_fixed
2562	read_002562	mol_002562	1559049	1559049	1576928	theory_fixed
2563	read_002563	mol_002563	1559366	1559366	1575221	theory_fixed
2564	read_002564	mol_002564	1559764	1559764	1571023	theory_fixed
2565	read_002565	mol_002565	1560121	1560121	1576593	theory_fixed
2566	read_002566	mol_002566	1561014	1561014	1577023	theory_fixed
2567	read_002567	mol_002567	1561021	1561021	1582214	theory_fixed
2568	read_002568	mol_002568	1561023	1561023	1582998	theory_fixed
2569	read_002569	mol_002569	1561128	1561128	1579192	theory_fixed
2570	read_002570	mol_002570	1561232	1561232	1578792	theory_fixed
2571	read_002571	mol_002571	1562607	1562607	1573938	theory_fixed
2572	read_002572	mol_002572	1562818	1562818	1578161	theory_fixed
2573	read_002573	mol_002573	1563482	1563482	1578819	theory_fixed
2574	read_002574	mol_002574	1564458	1564458	1580687	theory_fixed
2575	read_002575	mol_002575	1564547	1564547	1583244	theory_fixed
2576	read_002576	mol_002576	1565976	1565976	1581222	theory_fixed
2577	read_002577	mol_002577	1566049	1566049	1591351	theory_fixed
2578	read_002578	mol_002578	1566089	1566089	1577534	theory_fixed
2579	read_002579	mol_002579	1566772	1566772	1587192	theory_fixed
2580	read_002580	mol_002580	1567043	1567043	1589868	theory_fixed
2581	read_002581	mol_002581	1570497	1570497	1588241	theory_fixed
2582	read_002582	mol_002582	1571480	1571480	1584334	theory_fixed
2583	read_002583	mol_002583	1571801	1571801	1585484	theory_fixed
2584	read_002584	mol_002584	1571853	1571853	1588528	theory_fixed
2585	read_002585	mol_002585	1572088	1572088	1586989	theory_fixed
2586	read_002586	mol_002586	1572730	1572730	1595833	theory_fixed
2587	read_002587	mol_002587	1572732	1572732	1590978	theory_fixed
2588	read_002588	mol_002588	1572762	1572762	1591273	theory_fixed
2589	read_002589	mol_002589	1573780	1573780	1594956	theory_fixed
2590	read_002590	mol_002590	1573908	1573908	1587836	theory_fixed
2591	read_002591	mol_002591	1574255	1574255	1586693	theory_fixed
2592	read_002592	mol_002592	1576634	1576634	1590207	theory_fixed
2593	read_002593	mol_002593	1576845	1576845	1598080	theory_fixed
2594	read_002594	mol_002594	1577415	1577415	1593078	theory_fixed
2595	read_002595	mol_002595	1577586	1577586	1591926	theory_fixed
2596	read_002596	mol_002596	1578660	1578660	1596964	theory_fixed
2597	read_002597	mol_002597	1579889	1579889	1605028	theory_fixed
2598	read_002598	mol_002598	1581041	1581041	1594161	theory_fixed
2599	read_002599	mol_002599	1582060	1582060	1599417	theory_fixed
2600	read_002600	mol_002600	1582369	1582369	1592204	theory_fixed
2601	read_002601	mol_002601	1582716	1582716	1600953	theory_fixed
2602	read_002602	mol_002602	1582828	1582828	1608904	theory_fixed
2603	read_002603	mol_002603	1583913	1583913	1600522	theory_fixed
2604	read_002604	mol_002604	1584156	1584156	1603848	theory_fixed
2605	read_002605	mol_002605	1584424	1584424	1602504	theory_fixed
2606	read_002606	mol_002606	1586250	1586250	1610204	theory_fixed
2607	read_002607	mol_002607	1586314	1586314	1604116	theory_fixed
2608	read_002608	mol_002608	1586987	1586987	1608669	theory_fixed
2609	read_002609	mol_002609	1587138	1587138	1603668	theory_fixed
2610	read_002610	mol_002610	1587514	1587514	1598435	theory_fixed
2611	read_002611	mol_002611	1587542	1587542	1607324	theory_fixed
2612	read_002612	mol_002612	1588049	1588049	1601985	theory_fixed
2613	read_002613	mol_002613	1588265	1588265	1616353	theory_fixed
2614	read_002614	mol_002614	1588404	1588404	1600086	theory_fixed
2615	read_002615	mol_002615	1588858	1588858	1607612	theory_fixed
2616	read_002616	mol_002616	1589426	1589426	1609586	theory_fixed
2617	read_002617	mol_002617	1589573	1589573	1606746	theory_fixed
2618	read_002618	mol_002618	1589804	1589804	1612038	theory_fixed
2619	read_002619	mol_002619	1590016	1590016	1612230	theory_fixed
2620	read_002620	mol_002620	1590346	1590346	1609703	theory_fixed
2621	read_002621	mol_002621	1591570	1591570	1607614	theory_fixed
2622	read_002622	mol_002622	1591620	1591620	1605190	theory_fixed
2623	read_002623	mol_002623	1591711	1591711	1613156	theory_fixed
2624	read_002624	mol_002624	1591986	1591986	1611695	theory_fixed
2625	read_002625	mol_002625	1592023	1592023	1613268	theory_fixed
2626	read_002626	mol_002626	1594362	1594362	1612936	theory_fixed
2627	read_002627	mol_002627	1594441	1594441	1615767	theory_fixed
2628	read_002628	mol_002628	1594469	1594469	1617608	theory_fixed
2629	read_002629	mol_002629	1594550	1594550	1613663	theory_fixed
2630	read_002630	mol_002630	1595123	1595123	1606839	theory_fixed
2631	read_002631	mol_002631	1595283	1595283	1615613	theory_fixed
2632	read_002632	mol_002632	1595350	1595350	1615101	theory_fixed
2633	read_002633	mol_002633	1595368	1595368	1613457	theory_fixed
2634	read_002634	mol_002634	1595776	1595776	1617030	theory_fixed
2635	read_002635	mol_002635	1595929	1595929	1611311	theory_fixed
2636	read_002636	mol_002636	1596436	1596436	1623213	theory_fixed
2637	read_002637	mol_002637	1596963	1596963	1617615	theory_fixed
2638	read_002638	mol_002638	1598515	1598515	1617602	theory_fixed
2639	read_002639	mol_002639	1599826	1599826	1618402	theory_fixed
2640	read_002640	mol_002640	1600720	1600720	1616529	theory_fixed
2641	read_002641	mol_002641	1601207	1601207	1631947	theory_fixed
2642	read_002642	mol_002642	1601582	1601582	1618144	theory_fixed
2643	read_002643	mol_002643	1601794	1601794	1615960	theory_fixed
2644	read_002644	mol_002644	1602525	1602525	1616311	theory_fixed
2645	read_002645	mol_002645	1603344	1603344	1622405	theory_fixed
2646	read_002646	mol_002646	1603969	1603969	1624439	theory_fixed
2647	read_002647	mol_002647	1604050	1604050	1620277	theory_fixed
2648	read_002648	mol_002648	1605196	1605196	1629313	theory_fixed
2649	read_002649	mol_002649	1605399	1605399	1629453	theory_fixed
2650	read_002650	mol_002650	1605752	1605752	1620228	theory_fixed
2651	read_002651	mol_002651	1606325	1606325	1628831	theory_fixed
2652	read_002652	mol_002652	1606756	1606756	1627348	theory_fixed
2653	read_002653	mol_002653	1607245	1607245	1622051	theory_fixed
2654	read_002654	mol_002654	1607387	1607387	1622674	theory_fixed
2655	read_002655	mol_002655	1607895	1607895	1622534	theory_fixed
2656	read_002656	mol_002656	1608885	1608885	1625980	theory_fixed
2657	read_002657	mol_002657	1609425	1609425	1629764	theory_fixed
2658	read_002658	mol_002658	1610000	1610000	1637063	theory_fixed
2659	read_002659	mol_002659	1610520	1610520	1626796	theory_fixed
2660	read_002660	mol_002660	1611029	1611029	1630332	theory_fixed
2661	read_002661	mol_002661	1611735	1611735	1629651	theory_fixed
2662	read_002662	mol_002662	1612119	1612119	1637986	theory_fixed
2663	read_002663	mol_002663	1613507	1613507	1634107	theory_fixed
2664	read_002664	mol_002664	1613734	1613734	1628631	theory_fixed
2665	read_002665	mol_002665	1614340	1614340	1628196	theory_fixed
2666	read_002666	mol_002666	1615181	1615181	1632318	theory_fixed
2667	read_002667	mol_002667	1615270	1615270	1628395	theory_fixed
2668	read_002668	mol_002668	1615328	1615328	1627794	theory_fixed
2669	read_002669	mol_002669	1616999	1616999	1632430	theory_fixed
2670	read_002670	mol_002670	1618505	1618505	1632740	theory_fixed
2671	read_002671	mol_002671	1619110	1619110	1635541	theory_fixed
2672	read_002672	mol_002672	1619426	1619426	1633231	theory_fixed
2673	read_002673	mol_002673	1619800	1619800	1629562	theory_fixed
2674	read_002674	mol_002674	1619814	1619814	1632486	theory_fixed
2675	read_002675	mol_002675	1622563	1622563	1640718	theory_fixed
2676	read_002676	mol_002676	1623162	1623162	1642306	theory_fixed
2677	read_002677	mol_002677	1623372	1623372	1637746	theory_fixed
2678	read_002678	mol_002678	1624224	1624224	1642305	theory_fixed
2679	read_002679	mol_002679	1624508	1624508	1640569	theory_fixed
2680	read_002680	mol_002680	1625199	1625199	1641502	theory_fixed
2681	read_002681	mol_002681	1627008	1627008	1648356	theory_fixed
2682	read_002682	mol_002682	1628420	1628420	1645618	theory_fixed
2683	read_002683	mol_002683	1628661	1628661	1646939	theory_fixed
2684	read_002684	mol_002684	1628782	1628782	1647704	theory_fixed
2685	read_002685	mol_002685	1628853	1628853	1655703	theory_fixed
2686	read_002686	mol_002686	1629040	1629040	1648394	theory_fixed
2687	read_002687	mol_002687	1629618	1629618	1640022	theory_fixed
2688	read_002688	mol_002688	1630060	1630060	1645208	theory_fixed
2689	read_002689	mol_002689	1630344	1630344	1641584	theory_fixed
2690	read_002690	mol_002690	1630594	1630594	1653577	theory_fixed
2691	read_002691	mol_002691	1630872	1630872	1649869	theory_fixed
2692	read_002692	mol_002692	1631345	1631345	1649337	theory_fixed
2693	read_002693	mol_002693	1631570	1631570	1647800	theory_fixed
2694	read_002694	mol_002694	1632748	1632748	1648952	theory_fixed
2695	read_002695	mol_002695	1633012	1633012	1650109	theory_fixed
2696	read_002696	mol_002696	1634224	1634224	1653829	theory_fixed
2697	read_002697	mol_002697	1634461	1634461	1647189	theory_fixed
2698	read_002698	mol_002698	1634685	1634685	1651486	theory_fixed
2699	read_002699	mol_002699	1635407	1635407	1651595	theory_fixed
2700	read_002700	mol_002700	1636617	1636617	1654414	theory_fixed
2701	read_002701	mol_002701	1636748	1636748	1650556	theory_fixed
2702	read_002702	mol_002702	1637419	1637419	1658218	theory_fixed
2703	read_002703	mol_002703	1637455	1637455	1649289	theory_fixed
2704	read_002704	mol_002704	1638004	1638004	1648422	theory_fixed
2705	read_002705	mol_002705	1640027	1640027	1654739	theory_fixed
2706	read_002706	mol_002706	1640307	1640307	1662139	theory_fixed
2707	read_002707	mol_002707	1640913	1640913	1651996	theory_fixed
2708	read_002708	mol_002708	1641973	1641973	1662354	theory_fixed
2709	read_002709	mol_002709	1643063	1643063	1658822	theory_fixed
2710	read_002710	mol_002710	1644173	1644173	1658908	theory_fixed
2711	read_002711	mol_002711	1645437	1645437	1658678	theory_fixed
2712	read_002712	mol_002712	1646032	1646032	1659781	theory_fixed
2713	read_002713	mol_002713	1647069	1647069	1661317	theory_fixed
2714	read_002714	mol_002714	1647982	1647982	1659927	theory_fixed
2715	read_002715	mol_002715	1648184	1648184	1668049	theory_fixed
2716	read_002716	mol_002716	1648655	1648655	1677261	theory_fixed
2717	read_002717	mol_002717	1649260	1649260	1669881	theory_fixed
2718	read_002718	mol_002718	1649734	1649734	1669015	theory_fixed
2719	read_002719	mol_002719	1649959	1649959	1660478	theory_fixed
2720	read_002720	mol_002720	1650224	1650224	1668153	theory_fixed
2721	read_002721	mol_002721	1650375	1650375	1662943	theory_fixed
2722	read_002722	mol_002722	1650522	1650522	1670468	theory_fixed
2723	read_002723	mol_002723	1650870	1650870	1671405	theory_fixed
2724	read_002724	mol_002724	1650882	1650882	1667626	theory_fixed
2725	read_002725	mol_002725	1651722	1651722	1671437	theory_fixed
2726	read_002726	mol_002726	1652332	1652332	1665159	theory_fixed
2727	read_002727	mol_002727	1652433	1652433	1668349	theory_fixed
2728	read_002728	mol_002728	1652486	1652486	1671621	theory_fixed
2729	read_002729	mol_002729	1652595	1652595	1666572	theory_fixed
2730	read_002730	mol_002730	1653005	1653005	1674029	theory_fixed
2731	read_002731	mol_002731	1653172	1653172	1666357	theory_fixed
2732	read_002732	mol_002732	1655464	1655464	1686769	theory_fixed
2733	read_002733	mol_002733	1656447	1656447	1679169	theory_fixed
2734	read_002734	mol_002734	1656455	1656455	1666774	theory_fixed
2735	read_002735	mol_002735	1657057	1657057	1677548	theory_fixed
2736	read_002736	mol_002736	1657387	1657387	1667651	theory_fixed
2737	read_002737	mol_002737	1657528	1657528	1670098	theory_fixed
2738	read_002738	mol_002738	1658069	1658069	1681147	theory_fixed
2739	read_002739	mol_002739	1658332	1658332	1676566	theory_fixed
2740	read_002740	mol_002740	1658800	1658800	1680257	theory_fixed
2741	read_002741	mol_002741	1659537	1659537	1673169	theory_fixed
2742	read_002742	mol_002742	1660100	1660100	1673580	theory_fixed
2743	read_002743	mol_002743	1660102	1660102	1675911	theory_fixed
2744	read_002744	mol_002744	1661127	1661127	1681652	theory_fixed
2745	read_002745	mol_002745	1661342	1661342	1680089	theory_fixed
2746	read_002746	mol_002746	1661908	1661908	1687322	theory_fixed
2747	read_002747	mol_002747	1662190	1662190	1678551	theory_fixed
2748	read_002748	mol_002748	1662656	1662656	1684114	theory_fixed
2749	read_002749	mol_002749	1662805	1662805	1675592	theory_fixed
2750	read_002750	mol_002750	1662918	1662918	1682265	theory_fixed
2751	read_002751	mol_002751	1663229	1663229	1678921	theory_fixed
2752	read_002752	mol_002752	1663542	1663542	1689388	theory_fixed
2753	read_002753	mol_002753	1664005	1664005	1680280	theory_fixed
2754	read_002754	mol_002754	1664092	1664092	1677944	theory_fixed
2755	read_002755	mol_002755	1666312	1666312	1686904	theory_fixed
2756	read_002756	mol_002756	1666561	1666561	1685179	theory_fixed
2757	read_002757	mol_002757	1666984	1666984	1685919	theory_fixed
2758	read_002758	mol_002758	1667108	1667108	1695018	theory_fixed
2759	read_002759	mol_002759	1667391	1667391	1683319	theory_fixed
2760	read_002760	mol_002760	1667690	1667690	1687757	theory_fixed
2761	read_002761	mol_002761	1667788	1667788	1681609	theory_fixed
2762	read_002762	mol_002762	1667832	1667832	1690097	theory_fixed
2763	read_002763	mol_002763	1667906	1667906	1685093	theory_fixed
2764	read_002764	mol_002764	1669745	1669745	1691006	theory_fixed
2765	read_002765	mol_002765	1670930	1670930	1683730	theory_fixed
2766	read_002766	mol_002766	1672341	1672341	1688639	theory_fixed
2767	read_002767	mol_002767	1672558	1672558	1687686	theory_fixed
2768	read_002768	mol_002768	1672992	1672992	1695422	theory_fixed
2769	read_002769	mol_002769	1673683	1673683	1689923	theory_fixed
2770	read_002770	mol_002770	1674251	1674251	1693377	theory_fixed
2771	read_002771	mol_002771	1675190	1675190	1695286	theory_fixed
2772	read_002772	mol_002772	1675255	1675255	1694133	theory_fixed
2773	read_002773	mol_002773	1675259	1675259	1687822	theory_fixed
2774	read_002774	mol_002774	1676079	1676079	1702878	theory_fixed
2775	read_002775	mol_002775	1676373	1676373	1694123	theory_fixed
2776	read_002776	mol_002776	1676443	1676443	1694432	theory_fixed
2777	read_002777	mol_002777	1676483	1676483	1695657	theory_fixed
2778	read_002778	mol_002778	1676779	1676779	1694492	theory_fixed
2779	read_002779	mol_002779	1676850	1676850	1704897	theory_fixed
2780	read_002780	mol_002780	1677044	1677044	1692393	theory_fixed
2781	read_002781	mol_002781	1677465	1677465	1694456	theory_fixed
2782	read_002782	mol_002782	1678083	1678083	1694221	theory_fixed
2783	read_002783	mol_002783	1678297	1678297	1695055	theory_fixed
2784	read_002784	mol_002784	1678332	1678332	1690753	theory_fixed
2785	read_002785	mol_002785	1680664	1680664	1698067	theory_fixed
2786	read_002786	mol_002786	1681405	1681405	1701222	theory_fixed
2787	read_002787	mol_002787	1681476	1681476	1700949	theory_fixed
2788	read_002788	mol_002788	1682245	1682245	1701242	theory_fixed
2789	read_002789	mol_002789	1682620	1682620	1704182	theory_fixed
2790	read_002790	mol_002790	1682964	1682964	1704545	theory_fixed
2791	read_002791	mol_002791	1682978	1682978	1696955	theory_fixed
2792	read_002792	mol_002792	1683959	1683959	1705882	theory_fixed
2793	read_002793	mol_002793	1685124	1685124	1702744	theory_fixed
2794	read_002794	mol_002794	1685876	1685876	1709471	theory_fixed
2795	read_002795	mol_002795	1686090	1686090	1702344	theory_fixed
2796	read_002796	mol_002796	1686519	1686519	1700435	theory_fixed
2797	read_002797	mol_002797	1686622	1686622	1712785	theory_fixed
2798	read_002798	mol_002798	1687023	1687023	1706330	theory_fixed
2799	read_002799	mol_002799	1687040	1687040	1703104	theory_fixed
2800	read_002800	mol_002800	1687745	1687745	1704153	theory_fixed
2801	read_002801	mol_002801	1688124	1688124	1707429	theory_fixed
2802	read_002802	mol_002802	1688241	1688241	1708323	theory_fixed
2803	read_002803	mol_002803	1689576	1689576	1712741	theory_fixed
2804	read_002804	mol_002804	1690336	1690336	1706087	theory_fixed
2805	read_002805	mol_002805	1690792	1690792	1705988	theory_fixed
2806	read_002806	mol_002806	1691286	1691286	1704906	theory_fixed
2807	read_002807	mol_002807	1693675	1693675	1718439	theory_fixed
2808	read_002808	mol_002808	1693696	1693696	1711972	theory_fixed
2809	read_002809	mol_002809	1693802	1693802	1713293	theory_fixed
2810	read_002810	mol_002810	1694089	1694089	1710326	theory_fixed
2811	read_002811	mol_002811	1694408	1694408	1714063	theory_fixed
2812	read_002812	mol_002812	1694512	1694512	1709883	theory_fixed
2813	read_002813	mol_002813	1694548	1694548	1709000	theory_fixed
2814	read_002814	mol_002814	1695625	1695625	1708673	theory_fixed
2815	read_002815	mol_002815	1696609	1696609	1717265	theory_fixed
2816	read_002816	mol_002816	1698019	1698019	1714594	theory_fixed
2817	read_002817	mol_002817	1698413	1698413	1712404	theory_fixed
2818	read_002818	mol_002818	1699547	1699547	1719508	theory_fixed
2819	read_002819	mol_002819	1700734	1700734	1719392	theory_fixed
2820	read_002820	mol_002820	1702417	1702417	1722336	theory_fixed
2821	read_002821	mol_002821	1702424	1702424	1716835	theory_fixed
2822	read_002822	mol_002822	1702858	1702858	1720807	theory_fixed
2823	read_002823	mol_002823	1703728	1703728	1726676	theory_fixed
2824	read_002824	mol_002824	1704491	1704491	1733366	theory_fixed
2825	read_002825	mol_002825	1704801	1704801	1720994	theory_fixed
2826	read_002826	mol_002826	1705096	1705096	1723944	theory_fixed
2827	read_002827	mol_002827	1705692	1705692	1722955	theory_fixed
2828	read_002828	mol_002828	1706422	1706422	1729074	theory_fixed
2829	read_002829	mol_002829	1707229	1707229	1729714	theory_fixed
2830	read_002830	mol_002830	1708086	1708086	1721553	theory_fixed
2831	read_002831	mol_002831	1708175	1708175	1722119	theory_fixed
2832	read_002832	mol_002832	1711303	1711303	1727909	theory_fixed
2833	read_002833	mol_002833	1711382	1711382	1728380	theory_fixed
2834	read_002834	mol_002834	1711909	1711909	1731080	theory_fixed
2835	read_002835	mol_002835	1712355	1712355	1730897	theory_fixed
2836	read_002836	mol_002836	1712460	1712460	1727892	theory_fixed
2837	read_002837	mol_002837	1712982	1712982	1730788	theory_fixed
2838	read_002838	mol_002838	1713043	1713043	1728973	theory_fixed
2839	read_002839	mol_002839	1714249	1714249	1734257	theory_fixed
2840	read_002840	mol_002840	1714327	1714327	1740330	theory_fixed
2841	read_002841	mol_002841	1714796	1714796	1728943	theory_fixed
2842	read_002842	mol_002842	1715556	1715556	1733354	theory_fixed
2843	read_002843	mol_002843	1715818	1715818	1730454	theory_fixed
2844	read_002844	mol_002844	1715872	1715872	1735869	theory_fixed
2845	read_002845	mol_002845	1715979	1715979	1733502	theory_fixed
2846	read_002846	mol_002846	1716473	1716473	1732389	theory_fixed
2847	read_002847	mol_002847	1716534	1716534	1732901	theory_fixed
2848	read_002848	mol_002848	1716548	1716548	1734700	theory_fixed
2849	read_002849	mol_002849	1717202	1717202	1730163	theory_fixed
2850	read_002850	mol_002850	1717354	1717354	1735340	theory_fixed
2851	read_002851	mol_002851	1717355	1717355	1734050	theory_fixed
2852	read_002852	mol_002852	1717479	1717479	1733618	theory_fixed
2853	read_002853	mol_002853	1717689	1717689	1741084	theory_fixed
2854	read_002854	mol_002854	1717780	1717780	1730694	theory_fixed
2855	read_002855	mol_002855	1717826	1717826	1736433	theory_fixed
2856	read_002856	mol_002856	1718303	1718303	1734667	theory_fixed
2857	read_002857	mol_002857	1718562	1718562	1734264	theory_fixed
2858	read_002858	mol_002858	1718664	1718664	1736093	theory_fixed
2859	read_002859	mol_002859	1719759	1719759	1741103	theory_fixed
2860	read_002860	mol_002860	1719799	1719799	1741620	theory_fixed
2861	read_002861	mol_002861	1720342	1720342	1736750	theory_fixed
2862	read_002862	mol_002862	1721742	1721742	1736595	theory_fixed
2863	read_002863	mol_002863	1723480	1723480	1742184	theory_fixed
2864	read_002864	mol_002864	1723907	1723907	1740104	theory_fixed
2865	read_002865	mol_002865	1724620	1724620	1750220	theory_fixed
2866	read_002866	mol_002866	1725240	1725240	1745570	theory_fixed
2867	read_002867	mol_002867	1725282	1725282	1749052	theory_fixed
2868	read_002868	mol_002868	1725812	1725812	1739859	theory_fixed
2869	read_002869	mol_002869	1726334	1726334	1738117	theory_fixed
2870	read_002870	mol_002870	1726681	1726681	1745853	theory_fixed
2871	read_002871	mol_002871	1727536	1727536	1738088	theory_fixed
2872	read_002872	mol_002872	1728235	1728235	1743885	theory_fixed
2873	read_002873	mol_002873	1728506	1728506	1745421	theory_fixed
2874	read_002874	mol_002874	1728719	1728719	1742708	theory_fixed
2875	read_002875	mol_002875	1729122	1729122	1744702	theory_fixed
2876	read_002876	mol_002876	1729187	1729187	1748644	theory_fixed
2877	read_002877	mol_002877	1730841	1730841	1746989	theory_fixed
2878	read_002878	mol_002878	1731009	1731009	1758334	theory_fixed
2879	read_002879	mol_002879	1731041	1731041	1747726	theory_fixed
2880	read_002880	mol_002880	1731499	1731499	1753622	theory_fixed
2881	read_002881	mol_002881	1731530	1731530	1751083	theory_fixed
2882	read_002882	mol_002882	1731765	1731765	1761560	theory_fixed
2883	read_002883	mol_002883	1732141	1732141	1745499	theory_fixed
2884	read_002884	mol_002884	1732626	1732626	1761711	theory_fixed
2885	read_002885	mol_002885	1732679	1732679	1754093	theory_fixed
2886	read_002886	mol_002886	1733341	1733341	1749690	theory_fixed
2887	read_002887	mol_002887	1733391	1733391	1753078	theory_fixed
2888	read_002888	mol_002888	1734428	1734428	1756898	theory_fixed
2889	read_002889	mol_002889	1734635	1734635	1757004	theory_fixed
2890	read_002890	mol_002890	1734872	1734872	1756388	theory_fixed
2891	read_002891	mol_002891	1736916	1736916	1748608	theory_fixed
2892	read_002892	mol_002892	1737075	1737075	1756592	theory_fixed
2893	read_002893	mol_002893	1738268	1738268	1754250	theory_fixed
2894	read_002894	mol_002894	1738614	1738614	1753853	theory_fixed
2895	read_002895	mol_002895	1738667	1738667	1755107	theory_fixed
2896	read_002896	mol_002896	1740081	1740081	1762491	theory_fixed
2897	read_002897	mol_002897	1741070	1741070	1757967	theory_fixed
2898	read_002898	mol_002898	1741233	1741233	1756196	theory_fixed
2899	read_002899	mol_002899	1742115	1742115	1756817	theory_fixed
2900	read_002900	mol_002900	1743067	1743067	1756904	theory_fixed
2901	read_002901	mol_002901	1743227	1743227	1758766	theory_fixed
2902	read_002902	mol_002902	1743685	1743685	1764327	theory_fixed
2903	read_002903	mol_002903	1744919	1744919	1767494	theory_fixed
2904	read_002904	mol_002904	1746988	1746988	1762201	theory_fixed
2905	read_002905	mol_002905	1748071	1748071	1765747	theory_fixed
2906	read_002906	mol_002906	1748076	1748076	1763790	theory_fixed
2907	read_002907	mol_002907	1748350	1748350	1771201	theory_fixed
2908	read_002908	mol_002908	1748408	1748408	1780416	theory_fixed
2909	read_002909	mol_002909	1749182	1749182	1764049	theory_fixed
2910	read_002910	mol_002910	1750093	1750093	1772001	theory_fixed
2911	read_002911	mol_002911	1750652	1750652	1766953	theory_fixed
2912	read_002912	mol_002912	1750866	1750866	1764439	theory_fixed
2913	read_002913	mol_002913	1752289	1752289	1766333	theory_fixed
2914	read_002914	mol_002914	1752813	1752813	1768921	theory_fixed
2915	read_002915	mol_002915	1753313	1753313	1764877	theory_fixed
2916	read_002916	mol_002916	1753897	1753897	1773654	theory_fixed
2917	read_002917	mol_002917	1754187	1754187	1772153	theory_fixed
2918	read_002918	mol_002918	1755089	1755089	1769639	theory_fixed
2919	read_002919	mol_002919	1756608	1756608	1770552	theory_fixed
2920	read_002920	mol_002920	1760027	1760027	1778199	theory_fixed
2921	read_002921	mol_002921	1760143	1760143	1775357	theory_fixed
2922	read_002922	mol_002922	1760399	1760399	1781768	theory_fixed
2923	read_002923	mol_002923	1760968	1760968	1779315	theory_fixed
2924	read_002924	mol_002924	1761126	1761126	1788396	theory_fixed
2925	read_002925	mol_002925	1761169	1761169	1778758	theory_fixed
2926	read_002926	mol_002926	1761201	1761201	1775696	theory_fixed
2927	read_002927	mol_002927	1761331	1761331	1782506	theory_fixed
2928	read_002928	mol_002928	1761856	1761856	1793727	theory_fixed
2929	read_002929	mol_002929	1761987	1761987	1782368	theory_fixed
2930	read_002930	mol_002930	1763796	1763796	1775055	theory_fixed
2931	read_002931	mol_002931	1764239	1764239	1787198	theory_fixed
2932	read_002932	mol_002932	1764688	1764688	1784442	theory_fixed
2933	read_002933	mol_002933	1765018	1765018	1791198	theory_fixed
2934	read_002934	mol_002934	1765401	1765401	1783098	theory_fixed
2935	read_002935	mol_002935	1765692	1765692	1782734	theory_fixed
2936	read_002936	mol_002936	1765854	1765854	1781281	theory_fixed
2937	read_002937	mol_002937	1766299	1766299	1789131	theory_fixed
2938	read_002938	mol_002938	1767091	1767091	1789366	theory_fixed
2939	read_002939	mol_002939	1767581	1767581	1776757	theory_fixed
2940	read_002940	mol_002940	1768109	1768109	1780397	theory_fixed
2941	read_002941	mol_002941	1768407	1768407	1782513	theory_fixed
2942	read_002942	mol_002942	1768753	1768753	1785049	theory_fixed
2943	read_002943	mol_002943	1768828	1768828	1782879	theory_fixed
2944	read_002944	mol_002944	1769107	1769107	1786450	theory_fixed
2945	read_002945	mol_002945	1769361	1769361	1783429	theory_fixed
2946	read_002946	mol_002946	1769617	1769617	1791625	theory_fixed
2947	read_002947	mol_002947	1770330	1770330	1790330	theory_fixed
2948	read_002948	mol_002948	1773462	1773462	1794248	theory_fixed
2949	read_002949	mol_002949	1775373	1775373	1794139	theory_fixed
2950	read_002950	mol_002950	1775565	1775565	1803292	theory_fixed
2951	read_002951	mol_002951	1776025	1776025	1800396	theory_fixed
2952	read_002952	mol_002952	1776238	1776238	1795875	theory_fixed
2953	read_002953	mol_002953	1776839	1776839	1792736	theory_fixed
2954	read_002954	mol_002954	1777310	1777310	1796010	theory_fixed
2955	read_002955	mol_002955	1777850	1777850	1795685	theory_fixed
2956	read_002956	mol_002956	1778244	1778244	1797311	theory_fixed
2957	read_002957	mol_002957	1778568	1778568	1799164	theory_fixed
2958	read_002958	mol_002958	1778727	1778727	1791579	theory_fixed
2959	read_002959	mol_002959	1779472	1779472	1793433	theory_fixed
2960	read_002960	mol_002960	1779892	1779892	1797988	theory_fixed
2961	read_002961	mol_002961	1780192	1780192	1800159	theory_fixed
2962	read_002962	mol_002962	1780248	1780248	1799418	theory_fixed
2963	read_002963	mol_002963	1780832	1780832	1797252	theory_fixed
2964	read_002964	mol_002964	1781336	1781336	1798613	theory_fixed
2965	read_002965	mol_002965	1783367	1783367	1801396	theory_fixed
2966	read_002966	mol_002966	1784094	1784094	1794147	theory_fixed
2967	read_002967	mol_002967	1784210	1784210	1802634	theory_fixed
2968	read_002968	mol_002968	1784292	1784292	1806926	theory_fixed
2969	read_002969	mol_002969	1785430	1785430	1800917	theory_fixed
2970	read_002970	mol_002970	1786852	1786852	1804039	theory_fixed
2971	read_002971	mol_002971	1787282	1787282	1800292	theory_fixed
2972	read_002972	mol_002972	1788205	1788205	1810541	theory_fixed
2973	read_002973	mol_002973	1788702	1788702	1804307	theory_fixed
2974	read_002974	mol_002974	1789055	1789055	1808021	theory_fixed
2975	read_002975	mol_002975	1789639	1789639	1808331	theory_fixed
2976	read_002976	mol_002976	1790228	1790228	1806440	theory_fixed
2977	read_002977	mol_002977	1791825	1791825	1815367	theory_fixed
2978	read_002978	mol_002978	1792363	1792363	1811430	theory_fixed
2979	read_002979	mol_002979	1792841	1792841	1810216	theory_fixed
2980	read_002980	mol_002980	1794834	1794834	1813640	theory_fixed
2981	read_002981	mol_002981	1795209	1795209	1817506	theory_fixed
2982	read_002982	mol_002982	1795292	1795292	1815148	theory_fixed
2983	read_002983	mol_002983	1796218	1796218	1810011	theory_fixed
2984	read_002984	mol_002984	1796641	1796641	1818521	theory_fixed
2985	read_002985	mol_002985	1796870	1796870	1817927	theory_fixed
2986	read_002986	mol_002986	1796929	1796929	1815690	theory_fixed
2987	read_002987	mol_002987	1797038	1797038	1819902	theory_fixed
2988	read_002988	mol_002988	1797555	1797555	1817366	theory_fixed
2989	read_002989	mol_002989	1797613	1797613	1814422	theory_fixed
2990	read_002990	mol_002990	1798278	1798278	1820622	theory_fixed
2991	read_002991	mol_002991	1798432	1798432	1823481	theory_fixed
2992	read_002992	mol_002992	1798954	1798954	1811632	theory_fixed
2993	read_002993	mol_002993	1800200	1800200	1823062	theory_fixed
2994	read_002994	mol_002994	1800266	1800266	1823771	theory_fixed
2995	read_002995	mol_002995	1800493	1800493	1821557	theory_fixed
2996	read_002996	mol_002996	1800830	1800830	1820372	theory_fixed
2997	read_002997	mol_002997	1800831	1800831	1809421	theory_fixed
2998	read_002998	mol_002998	1801951	1801951	1823373	theory_fixed
2999	read_002999	mol_002999	1802218	1802218	1821132	theory_fixed
3000	read_003000	mol_003000	1802272	1802272	1827265	theory_fixed
3001	read_003001	mol_003001	1802348	1802348	1816831	theory_fixed
3002	read_003002	mol_003002	1803713	1803713	1820145	theory_fixed
3003	read_003003	mol_003003	1804240	1804240	1825880	theory_fixed
3004	read_003004	mol_003004	1804898	1804898	1825781	theory_fixed
3005	read_003005	mol_003005	1805148	1805148	1819826	theory_fixed
3006	read_003006	mol_003006	1806242	1806242	1821287	theory_fixed
3007	read_003007	mol_003007	1806423	1806423	1822949	theory_fixed
3008	read_003008	mol_003008	1806860	1806860	1827046	theory_fixed
3009	read_003009	mol_003009	1807317	1807317	1825997	theory_fixed
3010	read_003010	mol_003010	1807720	1807720	1832795	theory_fixed
3011	read_003011	mol_003011	1807737	1807737	1834999	theory_fixed
3012	read_003012	mol_003012	1808516	1808516	1833594	theory_fixed
3013	read_003013	mol_003013	1808566	1808566	1834333	theory_fixed
3014	read_003014	mol_003014	1808570	1808570	1826170	theory_fixed
3015	read_003015	mol_003015	1811049	1811049	1825347	theory_fixed
3016	read_003016	mol_003016	1811408	1811408	1828494	theory_fixed
3017	read_003017	mol_003017	1812901	1812901	1831386	theory_fixed
3018	read_003018	mol_003018	1813065	1813065	1827492	theory_fixed
3019	read_003019	mol_003019	1813353	1813353	1837887	theory_fixed
3020	read_003020	mol_003020	1813948	1813948	1832726	theory_fixed
3021	read_003021	mol_003021	1814630	1814630	1834054	theory_fixed
3022	read_003022	mol_003022	1815599	1815599	1830435	theory_fixed
3023	read_003023	mol_003023	1815879	1815879	1829696	theory_fixed
3024	read_003024	mol_003024	1816344	1816344	1833862	theory_fixed
3025	read_003025	mol_003025	1816418	1816418	1828864	theory_fixed
3026	read_003026	mol_003026	1817119	1817119	1835106	theory_fixed
3027	read_003027	mol_003027	1818182	1818182	1836005	theory_fixed
3028	read_003028	mol_003028	1818222	1818222	1830105	theory_fixed
3029	read_003029	mol_003029	1818249	1818249	1833745	theory_fixed
3030	read_003030	mol_003030	1818317	1818317	1831248	theory_fixed
3031	read_003031	mol_003031	1818352	1818352	1831077	theory_fixed
3032	read_003032	mol_003032	1819201	1819201	1836559	theory_fixed
3033	read_003033	mol_003033	1819456	1819456	1834752	theory_fixed
3034	read_003034	mol_003034	1819833	1819833	1838187	theory_fixed
3035	read_003035	mol_003035	1820844	1820844	1839654	theory_fixed
3036	read_003036	mol_003036	1821042	1821042	1837688	theory_fixed
3037	read_003037	mol_003037	1821644	1821644	1836449	theory_fixed
3038	read_003038	mol_003038	1822700	1822700	1840779	theory_fixed
3039	read_003039	mol_003039	1823327	1823327	1842008	theory_fixed
3040	read_003040	mol_003040	1823948	1823948	1841858	theory_fixed
3041	read_003041	mol_003041	1823980	1823980	1844992	theory_fixed
3042	read_003042	mol_003042	1825260	1825260	1843949	theory_fixed
3043	read_003043	mol_003043	1826629	1826629	1845416	theory_fixed
3044	read_003044	mol_003044	1827528	1827528	1843960	theory_fixed
3045	read_003045	mol_003045	1829074	1829074	1844127	theory_fixed
3046	read_003046	mol_003046	1829438	1829438	1848378	theory_fixed
3047	read_003047	mol_003047	1829484	1829484	1845256	theory_fixed
3048	read_003048	mol_003048	1830276	1830276	1846879	theory_fixed
3049	read_003049	mol_003049	1830455	1830455	1849579	theory_fixed
3050	read_003050	mol_003050	1830641	1830641	1849162	theory_fixed
3051	read_003051	mol_003051	1830836	1830836	1847895	theory_fixed
3052	read_003052	mol_003052	1832500	1832500	1853728	theory_fixed
3053	read_003053	mol_003053	1832942	1832942	1850543	theory_fixed
3054	read_003054	mol_003054	1833451	1833451	1857139	theory_fixed
3055	read_003055	mol_003055	1835068	1835068	1860506	theory_fixed
3056	read_003056	mol_003056	1835775	1835775	1857303	theory_fixed
3057	read_003057	mol_003057	1836082	1836082	1853706	theory_fixed
3058	read_003058	mol_003058	1836309	1836309	1853368	theory_fixed
3059	read_003059	mol_003059	1836517	1836517	1855025	theory_fixed
3060	read_003060	mol_003060	1837986	1837986	1854006	theory_fixed
3061	read_003061	mol_003061	1838524	1838524	1856225	theory_fixed
3062	read_003062	mol_003062	1840277	1840277	1859853	theory_fixed
3063	read_003063	mol_003063	1840820	1840820	1856685	theory_fixed
3064	read_003064	mol_003064	1841049	1841049	1861487	theory_fixed
3065	read_003065	mol_003065	1841903	1841903	1866577	theory_fixed
3066	read_003066	mol_003066	1842556	1842556	1862090	theory_fixed
3067	read_003067	mol_003067	1842995	1842995	1862599	theory_fixed
3068	read_003068	mol_003068	1843441	1843441	1855178	theory_fixed
3069	read_003069	mol_003069	1843529	1843529	1865031	theory_fixed
3070	read_003070	mol_003070	1844053	1844053	1866075	theory_fixed
3071	read_003071	mol_003071	1844277	1844277	1866639	theory_fixed
3072	read_003072	mol_003072	1844348	1844348	1864767	theory_fixed
3073	read_003073	mol_003073	1845733	1845733	1871530	theory_fixed
3074	read_003074	mol_003074	1845786	1845786	1867842	theory_fixed
3075	read_003075	mol_003075	1846780	1846780	1864427	theory_fixed
3076	read_003076	mol_003076	1847199	1847199	1858416	theory_fixed
3077	read_003077	mol_003077	1849388	1849388	1869763	theory_fixed
3078	read_003078	mol_003078	1850131	1850131	1865231	theory_fixed
3079	read_003079	mol_003079	1850697	1850697	1865271	theory_fixed
3080	read_003080	mol_003080	1851579	1851579	1870342	theory_fixed
3081	read_003081	mol_003081	1852207	1852207	1867284	theory_fixed
3082	read_003082	mol_003082	1852566	1852566	1864854	theory_fixed
3083	read_003083	mol_003083	1854165	1854165	1879801	theory_fixed
3084	read_003084	mol_003084	1854260	1854260	1870240	theory_fixed
3085	read_003085	mol_003085	1856759	1856759	1871864	theory_fixed
3086	read_003086	mol_003086	1858768	1858768	1877965	theory_fixed
3087	read_003087	mol_003087	1858770	1858770	1880291	theory_fixed
3088	read_003088	mol_003088	1858777	1858777	1874748	theory_fixed
3089	read_003089	mol_003089	1859062	1859062	1872061	theory_fixed
3090	read_003090	mol_003090	1859234	1859234	1868642	theory_fixed
3091	read_003091	mol_003091	1859608	1859608	1878401	theory_fixed
3092	read_003092	mol_003092	1859722	1859722	1875248	theory_fixed
3093	read_003093	mol_003093	1860371	1860371	1881046	theory_fixed
3094	read_003094	mol_003094	1860966	1860966	1883064	theory_fixed
3095	read_003095	mol_003095	1861380	1861380	1883121	theory_fixed
3096	read_003096	mol_003096	1861627	1861627	1878472	theory_fixed
3097	read_003097	mol_003097	1861663	1861663	1882768	theory_fixed
3098	read_003098	mol_003098	1862015	1862015	1877477	theory_fixed
3099	read_003099	mol_003099	1862870	1862870	1881465	theory_fixed
3100	read_003100	mol_003100	1863032	1863032	1876240	theory_fixed
3101	read_003101	mol_003101	1863082	1863082	1875512	theory_fixed
3102	read_003102	mol_003102	1863907	1863907	1884802	theory_fixed
3103	read_003103	mol_003103	1866015	1866015	1888964	theory_fixed
3104	read_003104	mol_003104	1866161	1866161	1881205	theory_fixed
3105	read_003105	mol_003105	1868521	1868521	1885467	theory_fixed
3106	read_003106	mol_003106	1869085	1869085	1885873	theory_fixed
3107	read_003107	mol_003107	1870038	1870038	1892356	theory_fixed
3108	read_003108	mol_003108	1871621	1871621	1888471	theory_fixed
3109	read_003109	mol_003109	1872154	1872154	1888570	theory_fixed
3110	read_003110	mol_003110	1872204	1872204	1887743	theory_fixed
3111	read_003111	mol_003111	1872508	1872508	1890205	theory_fixed
3112	read_003112	mol_003112	1873200	1873200	1892908	theory_fixed
3113	read_003113	mol_003113	1875530	1875530	1892365	theory_fixed
3114	read_003114	mol_003114	1875939	1875939	1889058	theory_fixed
3115	read_003115	mol_003115	1876624	1876624	1893916	theory_fixed
3116	read_003116	mol_003116	1877329	1877329	1893203	theory_fixed
3117	read_003117	mol_003117	1877330	1877330	1891500	theory_fixed
3118	read_003118	mol_003118	1877631	1877631	1900431	theory_fixed
3119	read_003119	mol_003119	1877779	1877779	1885906	theory_fixed
3120	read_003120	mol_003120	1877887	1877887	1892267	theory_fixed
3121	read_003121	mol_003121	1877950	1877950	1897745	theory_fixed
3122	read_003122	mol_003122	1878166	1878166	1896617	theory_fixed
3123	read_003123	mol_003123	1878266	1878266	1890385	theory_fixed
3124	read_003124	mol_003124	1878292	1878292	1894442	theory_fixed
3125	read_003125	mol_003125	1878625	1878625	1892151	theory_fixed
3126	read_003126	mol_003126	1878798	1878798	1896124	theory_fixed
3127	read_003127	mol_003127	1879466	1879466	1902286	theory_fixed
3128	read_003128	mol_003128	1879573	1879573	1892628	theory_fixed
3129	read_003129	mol_003129	1880164	1880164	1898073	theory_fixed
3130	read_003130	mol_003130	1880695	1880695	1897896	theory_fixed
3131	read_003131	mol_003131	1881397	1881397	1899812	theory_fixed
3132	read_003132	mol_003132	1881934	1881934	1899667	theory_fixed
3133	read_003133	mol_003133	1881986	1881986	1904429	theory_fixed
3134	read_003134	mol_003134	1882226	1882226	1895055	theory_fixed
3135	read_003135	mol_003135	1882930	1882930	1899850	theory_fixed
3136	read_003136	mol_003136	1883145	1883145	1899875	theory_fixed
3137	read_003137	mol_003137	1883578	1883578	1902195	theory_fixed
3138	read_003138	mol_003138	1885190	1885190	1902933	theory_fixed
3139	read_003139	mol_003139	1885547	1885547	1897575	theory_fixed
3140	read_003140	mol_003140	1886522	1886522	1909572	theory_fixed
3141	read_003141	mol_003141	1886594	1886594	1903787	theory_fixed
3142	read_003142	mol_003142	1887145	1887145	1903996	theory_fixed
3143	read_003143	mol_003143	1887717	1887717	1903264	theory_fixed
3144	read_003144	mol_003144	1888339	1888339	1904566	theory_fixed
3145	read_003145	mol_003145	1890252	1890252	1907974	theory_fixed
3146	read_003146	mol_003146	1890576	1890576	1903996	theory_fixed
3147	read_003147	mol_003147	1891369	1891369	1916235	theory_fixed
3148	read_003148	mol_003148	1892901	1892901	1915089	theory_fixed
3149	read_003149	mol_003149	1893190	1893190	1911026	theory_fixed
3150	read_003150	mol_003150	1893884	1893884	1906341	theory_fixed
3151	read_003151	mol_003151	1894018	1894018	1913896	theory_fixed
3152	read_003152	mol_003152	1894420	1894420	1909376	theory_fixed
3153	read_003153	mol_003153	1896424	1896424	1910087	theory_fixed
3154	read_003154	mol_003154	1896999	1896999	1915283	theory_fixed
3155	read_003155	mol_003155	1897459	1897459	1921262	theory_fixed
3156	read_003156	mol_003156	1898238	1898238	1914628	theory_fixed
3157	read_003157	mol_003157	1898761	1898761	1908362	theory_fixed
3158	read_003158	mol_003158	1899955	1899955	1914445	theory_fixed
3159	read_003159	mol_003159	1900302	1900302	1921221	theory_fixed
3160	read_003160	mol_003160	1900946	1900946	1917720	theory_fixed
3161	read_003161	mol_003161	1901209	1901209	1918993	theory_fixed
3162	read_003162	mol_003162	1901257	1901257	1916518	theory_fixed
3163	read_003163	mol_003163	1901737	1901737	1915998	theory_fixed
3164	read_003164	mol_003164	1902453	1902453	1923367	theory_fixed
3165	read_003165	mol_003165	1902871	1902871	1919400	theory_fixed
3166	read_003166	mol_003166	1903303	1903303	1919819	theory_fixed
3167	read_003167	mol_003167	1904514	1904514	1918297	theory_fixed
3168	read_003168	mol_003168	1904611	1904611	1922527	theory_fixed
3169	read_003169	mol_003169	1905888	1905888	1924895	theory_fixed
3170	read_003170	mol_003170	1907266	1907266	1925758	theory_fixed
3171	read_003171	mol_003171	1908151	1908151	1919968	theory_fixed
3172	read_003172	mol_003172	1908189	1908189	1924949	theory_fixed
3173	read_003173	mol_003173	1908281	1908281	1926920	theory_fixed
3174	read_003174	mol_003174	1908897	1908897	1926354	theory_fixed
3175	read_003175	mol_003175	1909042	1909042	1924971	theory_fixed
3176	read_003176	mol_003176	1909503	1909503	1921677	theory_fixed
3177	read_003177	mol_003177	1910155	1910155	1931820	theory_fixed
3178	read_003178	mol_003178	1911128	1911128	1923674	theory_fixed
3179	read_003179	mol_003179	1911357	1911357	1925975	theory_fixed
3180	read_003180	mol_003180	1912124	1912124	1924780	theory_fixed
3181	read_003181	mol_003181	1912878	1912878	1924503	theory_fixed
3182	read_003182	mol_003182	1913207	1913207	1930496	theory_fixed
3183	read_003183	mol_003183	1913980	1913980	1927810	theory_fixed
3184	read_003184	mol_003184	1915029	1915029	1934486	theory_fixed
3185	read_003185	mol_003185	1916037	1916037	1944417	theory_fixed
3186	read_003186	mol_003186	1916195	1916195	1939043	theory_fixed
3187	read_003187	mol_003187	1916726	1916726	1938505	theory_fixed
3188	read_003188	mol_003188	1916749	1916749	1938553	theory_fixed
3189	read_003189	mol_003189	1916796	1916796	1935347	theory_fixed
3190	read_003190	mol_003190	1917936	1917936	1930966	theory_fixed
3191	read_003191	mol_003191	1918036	1918036	1936248	theory_fixed
3192	read_003192	mol_003192	1918517	1918517	1938784	theory_fixed
3193	read_003193	mol_003193	1918796	1918796	1932426	theory_fixed
3194	read_003194	mol_003194	1920382	1920382	1934882	theory_fixed
3195	read_003195	mol_003195	1920773	1920773	1935891	theory_fixed
3196	read_003196	mol_003196	1921166	1921166	1930912	theory_fixed
3197	read_003197	mol_003197	1921458	1921458	1938567	theory_fixed
3198	read_003198	mol_003198	1921792	1921792	1947323	theory_fixed
3199	read_003199	mol_003199	1922201	1922201	1939270	theory_fixed
3200	read_003200	mol_003200	1923298	1923298	1936341	theory_fixed
3201	read_003201	mol_003201	1923378	1923378	1943990	theory_fixed
3202	read_003202	mol_003202	1924088	1924088	1945482	theory_fixed
3203	read_003203	mol_003203	1925464	1925464	1937405	theory_fixed
3204	read_003204	mol_003204	1925656	1925656	1941592	theory_fixed
3205	read_003205	mol_003205	1926252	1926252	1943294	theory_fixed
3206	read_003206	mol_003206	1926436	1926436	1943645	theory_fixed
3207	read_003207	mol_003207	1926663	1926663	1944535	theory_fixed
3208	read_003208	mol_003208	1928356	1928356	1943363	theory_fixed
3209	read_003209	mol_003209	1930873	1930873	1939396	theory_fixed
3210	read_003210	mol_003210	1931184	1931184	1943005	theory_fixed
3211	read_003211	mol_003211	1931375	1931375	1955615	theory_fixed
3212	read_003212	mol_003212	1931441	1931441	1948907	theory_fixed
3213	read_003213	mol_003213	1931506	1931506	1948798	theory_fixed
3214	read_003214	mol_003214	1932159	1932159	1953526	theory_fixed
3215	read_003215	mol_003215	1932303	1932303	1953550	theory_fixed
3216	read_003216	mol_003216	1932360	1932360	1949036	theory_fixed
3217	read_003217	mol_003217	1932656	1932656	1951175	theory_fixed
3218	read_003218	mol_003218	1932893	1932893	1950978	theory_fixed
3219	read_003219	mol_003219	1932919	1932919	1957861	theory_fixed
3220	read_003220	mol_003220	1933690	1933690	1951527	theory_fixed
3221	read_003221	mol_003221	1934116	1934116	1945072	theory_fixed
3222	read_003222	mol_003222	1934722	1934722	1958817	theory_fixed
3223	read_003223	mol_003223	1934984	1934984	1952770	theory_fixed
3224	read_003224	mol_003224	1935430	1935430	1955291	theory_fixed
3225	read_003225	mol_003225	1935573	1935573	1951922	theory_fixed
3226	read_003226	mol_003226	1935772	1935772	1951444	theory_fixed
3227	read_003227	mol_003227	1935822	1935822	1953280	theory_fixed
3228	read_003228	mol_003228	1935854	1935854	1955572	theory_fixed
3229	read_003229	mol_003229	1936513	1936513	1952838	theory_fixed
3230	read_003230	mol_003230	1936983	1936983	1958384	theory_fixed
3231	read_003231	mol_003231	1937135	1937135	1960178	theory_fixed
3232	read_003232	mol_003232	1937834	1937834	1959242	theory_fixed
3233	read_003233	mol_003233	1938142	1938142	1964220	theory_fixed
3234	read_003234	mol_003234	1939309	1939309	1954054	theory_fixed
3235	read_003235	mol_003235	1939726	1939726	1953827	theory_fixed
3236	read_003236	mol_003236	1939893	1939893	1957801	theory_fixed
3237	read_003237	mol_003237	1940374	1940374	1958118	theory_fixed
3238	read_003238	mol_003238	1940483	1940483	1952866	theory_fixed
3239	read_003239	mol_003239	1940592	1940592	1958407	theory_fixed
3240	read_003240	mol_003240	1940593	1940593	1961581	theory_fixed
3241	read_003241	mol_003241	1941345	1941345	1958662	theory_fixed
3242	read_003242	mol_003242	1941758	1941758	1961660	theory_fixed
3243	read_003243	mol_003243	1942120	1942120	1962892	theory_fixed
3244	read_003244	mol_003244	1942517	1942517	1956376	theory_fixed
3245	read_003245	mol_003245	1943508	1943508	1963142	theory_fixed
3246	read_003246	mol_003246	1945548	1945548	1962162	theory_fixed
3247	read_003247	mol_003247	1945909	1945909	1963566	theory_fixed
3248	read_003248	mol_003248	1947175	1947175	1964349	theory_fixed
3249	read_003249	mol_003249	1948058	1948058	1963533	theory_fixed
3250	read_003250	mol_003250	1948697	1948697	1964200	theory_fixed
3251	read_003251	mol_003251	1949834	1949834	1966633	theory_fixed
3252	read_003252	mol_003252	1950256	1950256	1967163	theory_fixed
3253	read_003253	mol_003253	1950408	1950408	1965354	theory_fixed
3254	read_003254	mol_003254	1950500	1950500	1966226	theory_fixed
3255	read_003255	mol_003255	1950639	1950639	1966497	theory_fixed
3256	read_003256	mol_003256	1950660	1950660	1965815	theory_fixed
3257	read_003257	mol_003257	1950852	1950852	1961534	theory_fixed
3258	read_003258	mol_003258	1953097	1953097	1971133	theory_fixed
3259	read_003259	mol_003259	1953150	1953150	1969102	theory_fixed
3260	read_003260	mol_003260	1953574	1953574	1976255	theory_fixed
3261	read_003261	mol_003261	1953980	1953980	1971859	theory_fixed
3262	read_003262	mol_003262	1954702	1954702	1978774	theory_fixed
3263	read_003263	mol_003263	1955206	1955206	1973547	theory_fixed
3264	read_003264	mol_003264	1956678	1956678	1971037	theory_fixed
3265	read_003265	mol_003265	1957021	1957021	1978081	theory_fixed
3266	read_003266	mol_003266	1957686	1957686	1973599	theory_fixed
3267	read_003267	mol_003267	1957792	1957792	1970183	theory_fixed
3268	read_003268	mol_003268	1958615	1958615	1992615	theory_fixed
3269	read_003269	mol_003269	1958919	1958919	1978382	theory_fixed
3270	read_003270	mol_003270	1958970	1958970	1975970	theory_fixed
3271	read_003271	mol_003271	1959129	1959129	1986009	theory_fixed
3272	read_003272	mol_003272	1959484	1959484	1977991	theory_fixed
3273	read_003273	mol_003273	1960022	1960022	1973936	theory_fixed
3274	read_003274	mol_003274	1960220	1960220	1981086	theory_fixed
3275	read_003275	mol_003275	1960299	1960299	1978749	theory_fixed
3276	read_003276	mol_003276	1960350	1960350	1980065	theory_fixed
3277	read_003277	mol_003277	1960391	1960391	1976728	theory_fixed
3278	read_003278	mol_003278	1961328	1961328	1988558	theory_fixed
3279	read_003279	mol_003279	1961921	1961921	1984733	theory_fixed
3280	read_003280	mol_003280	1962160	1962160	1979502	theory_fixed
3281	read_003281	mol_003281	1963853	1963853	1984300	theory_fixed
3282	read_003282	mol_003282	1963957	1963957	1986952	theory_fixed
3283	read_003283	mol_003283	1964078	1964078	1981541	theory_fixed
3284	read_003284	mol_003284	1964724	1964724	1976469	theory_fixed
3285	read_003285	mol_003285	1965425	1965425	1981275	theory_fixed
3286	read_003286	mol_003286	1965629	1965629	1992100	theory_fixed
3287	read_003287	mol_003287	1966849	1966849	1983143	theory_fixed
3288	read_003288	mol_003288	1967582	1967582	1981868	theory_fixed
3289	read_003289	mol_003289	1967754	1967754	1991464	theory_fixed
3290	read_003290	mol_003290	1967775	1967775	1981535	theory_fixed
3291	read_003291	mol_003291	1968093	1968093	1981923	theory_fixed
3292	read_003292	mol_003292	1968188	1968188	1989731	theory_fixed
3293	read_003293	mol_003293	1968881	1968881	1986551	theory_fixed
3294	read_003294	mol_003294	1968972	1968972	1989376	theory_fixed
3295	read_003295	mol_003295	1969036	1969036	1997851	theory_fixed
3296	read_003296	mol_003296	1969412	1969412	1982448	theory_fixed
3297	read_003297	mol_003297	1971027	1971027	1984446	theory_fixed
3298	read_003298	mol_003298	1971402	1971402	1990201	theory_fixed
3299	read_003299	mol_003299	1972613	1972613	1996882	theory_fixed
3300	read_003300	mol_003300	1972690	1972690	1985724	theory_fixed
3301	read_003301	mol_003301	1972871	1972871	1989969	theory_fixed
3302	read_003302	mol_003302	1975556	1975556	1997220	theory_fixed
3303	read_003303	mol_003303	1975718	1975718	1998262	theory_fixed
3304	read_003304	mol_003304	1976230	1976230	1992364	theory_fixed
3305	read_003305	mol_003305	1977675	1977675	1995045	theory_fixed
3306	read_003306	mol_003306	1977752	1977752	1992279	theory_fixed
3307	read_003307	mol_003307	1978745	1978745	1998103	theory_fixed
3308	read_003308	mol_003308	1978964	1978964	2003348	theory_fixed
3309	read_003309	mol_003309	1979442	1979442	2001948	theory_fixed
3310	read_003310	mol_003310	1980425	1980425	1998097	theory_fixed
3311	read_003311	mol_003311	1980639	1980639	2004913	theory_fixed
3312	read_003312	mol_003312	1983352	1983352	2001501	theory_fixed
3313	read_003313	mol_003313	1983438	1983438	1996621	theory_fixed
3314	read_003314	mol_003314	1983518	1983518	1996045	theory_fixed
3315	read_003315	mol_003315	1985196	1985196	2001088	theory_fixed
3316	read_003316	mol_003316	1985404	1985404	2005744	theory_fixed
3317	read_003317	mol_003317	1985500	1985500	2007345	theory_fixed
3318	read_003318	mol_003318	1986205	1986205	2004641	theory_fixed
3319	read_003319	mol_003319	1988022	1988022	2004472	theory_fixed
3320	read_003320	mol_003320	1989690	1989690	2004084	theory_fixed
3321	read_003321	mol_003321	1990094	1990094	2010531	theory_fixed
3322	read_003322	mol_003322	1990242	1990242	2010756	theory_fixed
3323	read_003323	mol_003323	1990933	1990933	2007011	theory_fixed
3324	read_003324	mol_003324	1991367	1991367	2009169	theory_fixed
3325	read_003325	mol_003325	1991637	1991637	2003412	theory_fixed
3326	read_003326	mol_003326	1992834	1992834	2013062	theory_fixed
3327	read_003327	mol_003327	1993384	1993384	2008000	theory_fixed
3328	read_003328	mol_003328	1994039	1994039	2006634	theory_fixed
3329	read_003329	mol_003329	1995127	1995127	2011889	theory_fixed
3330	read_003330	mol_003330	1995457	1995457	2016487	theory_fixed
3331	read_003331	mol_003331	1995633	1995633	2011544	theory_fixed
3332	read_003332	mol_003332	1996366	1996366	2010686	theory_fixed
3333	read_003333	mol_003333	1996777	1996777	2012920	theory_fixed
3334	read_003334	mol_003334	1997179	1997179	2013411	theory_fixed
3335	read_003335	mol_003335	1998053	1998053	2016720	theory_fixed
3336	read_003336	mol_003336	1999085	1999085	2010909	theory_fixed
3337	read_003337	mol_003337	2000398	2000398	2019537	theory_fixed
3338	read_003338	mol_003338	2001854	2001854	2013467	theory_fixed
3339	read_003339	mol_003339	2002215	2002215	2016781	theory_fixed
3340	read_003340	mol_003340	2002507	2002507	2021115	theory_fixed
3341	read_003341	mol_003341	2003011	2003011	2019790	theory_fixed
3342	read_003342	mol_003342	2003146	2003146	2021749	theory_fixed
3343	read_003343	mol_003343	2003345	2003345	2020400	theory_fixed
3344	read_003344	mol_003344	2003369	2003369	2024808	theory_fixed
3345	read_003345	mol_003345	2005464	2005464	2020924	theory_fixed
3346	read_003346	mol_003346	2005789	2005789	2024661	theory_fixed
3347	read_003347	mol_003347	2006260	2006260	2022729	theory_fixed
3348	read_003348	mol_003348	2008145	2008145	2037360	theory_fixed
3349	read_003349	mol_003349	2009386	2009386	2019288	theory_fixed
3350	read_003350	mol_003350	2009413	2009413	2030571	theory_fixed
3351	read_003351	mol_003351	2009810	2009810	2030983	theory_fixed
3352	read_003352	mol_003352	2011562	2011562	2023130	theory_fixed
3353	read_003353	mol_003353	2013338	2013338	2034172	theory_fixed
3354	read_003354	mol_003354	2013783	2013783	2029573	theory_fixed
3355	read_003355	mol_003355	2014601	2014601	2034133	theory_fixed
3356	read_003356	mol_003356	2014751	2014751	2036746	theory_fixed
3357	read_003357	mol_003357	2015470	2015470	2035554	theory_fixed
3358	read_003358	mol_003358	2016307	2016307	2037864	theory_fixed
3359	read_003359	mol_003359	2017528	2017528	2038003	theory_fixed
3360	read_003360	mol_003360	2018391	2018391	2033539	theory_fixed
3361	read_003361	mol_003361	2018852	2018852	2038185	theory_fixed
3362	read_003362	mol_003362	2019712	2019712	2038303	theory_fixed
3363	read_003363	mol_003363	2019990	2019990	2032122	theory_fixed
3364	read_003364	mol_003364	2020014	2020014	2044287	theory_fixed
3365	read_003365	mol_003365	2020880	2020880	2038378	theory_fixed
3366	read_003366	mol_003366	2020937	2020937	2039743	theory_fixed
3367	read_003367	mol_003367	2021363	2021363	2048033	theory_fixed
3368	read_003368	mol_003368	2021913	2021913	2036505	theory_fixed
3369	read_003369	mol_003369	2022327	2022327	2046616	theory_fixed
3370	read_003370	mol_003370	2023027	2023027	2037490	theory_fixed
3371	read_003371	mol_003371	2023553	2023553	2037974	theory_fixed
3372	read_003372	mol_003372	2023969	2023969	2043064	theory_fixed
3373	read_003373	mol_003373	2024611	2024611	2050571	theory_fixed
3374	read_003374	mol_003374	2025216	2025216	2042626	theory_fixed
3375	read_003375	mol_003375	2026182	2026182	2044537	theory_fixed
3376	read_003376	mol_003376	2026199	2026199	2038299	theory_fixed
3377	read_003377	mol_003377	2026393	2026393	2041030	theory_fixed
3378	read_003378	mol_003378	2027787	2027787	2041362	theory_fixed
3379	read_003379	mol_003379	2028594	2028594	2042393	theory_fixed
3380	read_003380	mol_003380	2029341	2029341	2057531	theory_fixed
3381	read_003381	mol_003381	2030290	2030290	2055428	theory_fixed
3382	read_003382	mol_003382	2030594	2030594	2043485	theory_fixed
3383	read_003383	mol_003383	2030871	2030871	2048751	theory_fixed
3384	read_003384	mol_003384	2032342	2032342	2051347	theory_fixed
3385	read_003385	mol_003385	2032355	2032355	2045993	theory_fixed
3386	read_003386	mol_003386	2032623	2032623	2042158	theory_fixed
3387	read_003387	mol_003387	2032656	2032656	2048792	theory_fixed
3388	read_003388	mol_003388	2033436	2033436	2049373	theory_fixed
3389	read_003389	mol_003389	2033764	2033764	2050074	theory_fixed
3390	read_003390	mol_003390	2035030	2035030	2056209	theory_fixed
3391	read_003391	mol_003391	2035115	2035115	2046589	theory_fixed
3392	read_003392	mol_003392	2035286	2035286	2065665	theory_fixed
3393	read_003393	mol_003393	2036721	2036721	2059325	theory_fixed
3394	read_003394	mol_003394	2037171	2037171	2050043	theory_fixed
3395	read_003395	mol_003395	2037398	2037398	2054561	theory_fixed
3396	read_003396	mol_003396	2037701	2037701	2053680	theory_fixed
3397	read_003397	mol_003397	2037998	2037998	2055846	theory_fixed
3398	read_003398	mol_003398	2038170	2038170	2055835	theory_fixed
3399	read_003399	mol_003399	2038803	2038803	2055286	theory_fixed
3400	read_003400	mol_003400	2038842	2038842	2053959	theory_fixed
3401	read_003401	mol_003401	2039246	2039246	2052938	theory_fixed
3402	read_003402	mol_003402	2040104	2040104	2069110	theory_fixed
3403	read_003403	mol_003403	2040403	2040403	2060783	theory_fixed
3404	read_003404	mol_003404	2040987	2040987	2059479	theory_fixed
3405	read_003405	mol_003405	2041215	2041215	2064325	theory_fixed
3406	read_003406	mol_003406	2041781	2041781	2064364	theory_fixed
3407	read_003407	mol_003407	2042361	2042361	2060805	theory_fixed
3408	read_003408	mol_003408	2042532	2042532	2064522	theory_fixed
3409	read_003409	mol_003409	2042749	2042749	2061702	theory_fixed
3410	read_003410	mol_003410	2043683	2043683	2056323	theory_fixed
3411	read_003411	mol_003411	2045990	2045990	2074939	theory_fixed
3412	read_003412	mol_003412	2046719	2046719	2067288	theory_fixed
3413	read_003413	mol_003413	2047298	2047298	2061423	theory_fixed
3414	read_003414	mol_003414	2047463	2047463	2071680	theory_fixed
3415	read_003415	mol_003415	2048880	2048880	2066100	theory_fixed
3416	read_003416	mol_003416	2049079	2049079	2069994	theory_fixed
3417	read_003417	mol_003417	2049736	2049736	2063559	theory_fixed
3418	read_003418	mol_003418	2049875	2049875	2071595	theory_fixed
3419	read_003419	mol_003419	2050181	2050181	2066832	theory_fixed
3420	read_003420	mol_003420	2050241	2050241	2063784	theory_fixed
3421	read_003421	mol_003421	2051723	2051723	2075976	theory_fixed
3422	read_003422	mol_003422	2051933	2051933	2068399	theory_fixed
3423	read_003423	mol_003423	2052109	2052109	2067126	theory_fixed
3424	read_003424	mol_003424	2053262	2053262	2070560	theory_fixed
3425	read_003425	mol_003425	2053413	2053413	2076154	theory_fixed
3426	read_003426	mol_003426	2053780	2053780	2064921	theory_fixed
3427	read_003427	mol_003427	2053790	2053790	2067601	theory_fixed
3428	read_003428	mol_003428	2053902	2053902	2071349	theory_fixed
3429	read_003429	mol_003429	2054048	2054048	2075251	theory_fixed
3430	read_003430	mol_003430	2054300	2054300	2077265	theory_fixed
3431	read_003431	mol_003431	2055397	2055397	2075087	theory_fixed
3432	read_003432	mol_003432	2056370	2056370	2069587	theory_fixed
3433	read_003433	mol_003433	2056547	2056547	2079849	theory_fixed
3434	read_003434	mol_003434	2056744	2056744	2076619	theory_fixed
3435	read_003435	mol_003435	2057017	2057017	2075544	theory_fixed
3436	read_003436	mol_003436	2057244	2057244	2074130	theory_fixed
3437	read_003437	mol_003437	2057632	2057632	2077147	theory_fixed
3438	read_003438	mol_003438	2057797	2057797	2072712	theory_fixed
3439	read_003439	mol_003439	2058721	2058721	2077619	theory_fixed
3440	read_003440	mol_003440	2060035	2060035	2077698	theory_fixed
3441	read_003441	mol_003441	2060356	2060356	2083217	theory_fixed
3442	read_003442	mol_003442	2060583	2060583	2078781	theory_fixed
3443	read_003443	mol_003443	2061439	2061439	2077010	theory_fixed
3444	read_003444	mol_003444	2061892	2061892	2080626	theory_fixed
3445	read_003445	mol_003445	2062044	2062044	2080640	theory_fixed
3446	read_003446	mol_003446	2062624	2062624	2079146	theory_fixed
3447	read_003447	mol_003447	2063356	2063356	2081643	theory_fixed
3448	read_003448	mol_003448	2064618	2064618	2083964	theory_fixed
3449	read_003449	mol_003449	2064921	2064921	2079370	theory_fixed
3450	read_003450	mol_003450	2065167	2065167	2085669	theory_fixed
3451	read_003451	mol_003451	2065306	2065306	2082501	theory_fixed
3452	read_003452	mol_003452	2065331	2065331	2083227	theory_fixed
3453	read_003453	mol_003453	2066494	2066494	2099137	theory_fixed
3454	read_003454	mol_003454	2066905	2066905	2084257	theory_fixed
3455	read_003455	mol_003455	2067791	2067791	2083461	theory_fixed
3456	read_003456	mol_003456	2068444	2068444	2082241	theory_fixed
3457	read_003457	mol_003457	2068535	2068535	2092129	theory_fixed
3458	read_003458	mol_003458	2068710	2068710	2087480	theory_fixed
3459	read_003459	mol_003459	2068884	2068884	2084127	theory_fixed
3460	read_003460	mol_003460	2071088	2071088	2087764	theory_fixed
3461	read_003461	mol_003461	2072072	2072072	2087651	theory_fixed
3462	read_003462	mol_003462	2072171	2072171	2090407	theory_fixed
3463	read_003463	mol_003463	2073890	2073890	2088432	theory_fixed
3464	read_003464	mol_003464	2074242	2074242	2090082	theory_fixed
3465	read_003465	mol_003465	2074278	2074278	2091570	theory_fixed
3466	read_003466	mol_003466	2074722	2074722	2088178	theory_fixed
3467	read_003467	mol_003467	2074887	2074887	2094332	theory_fixed
3468	read_003468	mol_003468	2075996	2075996	2094382	theory_fixed
3469	read_003469	mol_003469	2076259	2076259	2094155	theory_fixed
3470	read_003470	mol_003470	2076664	2076664	2086970	theory_fixed
3471	read_003471	mol_003471	2077645	2077645	2091962	theory_fixed
3472	read_003472	mol_003472	2078038	2078038	2097142	theory_fixed
3473	read_003473	mol_003473	2078937	2078937	2100239	theory_fixed
3474	read_003474	mol_003474	2079368	2079368	2094927	theory_fixed
3475	read_003475	mol_003475	2080563	2080563	2109398	theory_fixed
3476	read_003476	mol_003476	2081280	2081280	2102229	theory_fixed
3477	read_003477	mol_003477	2082816	2082816	2101382	theory_fixed
3478	read_003478	mol_003478	2083805	2083805	2098137	theory_fixed
3479	read_003479	mol_003479	2084820	2084820	2099832	theory_fixed
3480	read_003480	mol_003480	2085469	2085469	2104478	theory_fixed
3481	read_003481	mol_003481	2086172	2086172	2097876	theory_fixed
3482	read_003482	mol_003482	2087001	2087001	2101921	theory_fixed
3483	read_003483	mol_003483	2087560	2087560	2102510	theory_fixed
3484	read_003484	mol_003484	2087784	2087784	2107385	theory_fixed
3485	read_003485	mol_003485	2088097	2088097	2106280	theory_fixed
3486	read_003486	mol_003486	2088140	2088140	2105206	theory_fixed
3487	read_003487	mol_003487	2089875	2089875	2107189	theory_fixed
3488	read_003488	mol_003488	2089884	2089884	2102976	theory_fixed
3489	read_003489	mol_003489	2090053	2090053	2105480	theory_fixed
3490	read_003490	mol_003490	2090178	2090178	2117708	theory_fixed
3491	read_003491	mol_003491	2090825	2090825	2105318	theory_fixed
3492	read_003492	mol_003492	2091028	2091028	2105892	theory_fixed
3493	read_003493	mol_003493	2091219	2091219	2107062	theory_fixed
3494	read_003494	mol_003494	2093333	2093333	2111849	theory_fixed
3495	read_003495	mol_003495	2094589	2094589	2108362	theory_fixed
3496	read_003496	mol_003496	2094885	2094885	2105690	theory_fixed
3497	read_003497	mol_003497	2095104	2095104	2111369	theory_fixed
3498	read_003498	mol_003498	2095598	2095598	2109102	theory_fixed
3499	read_003499	mol_003499	2095637	2095637	2112852	theory_fixed
3500	read_003500	mol_003500	2096419	2096419	2115473	theory_fixed
3501	read_003501	mol_003501	2097711	2097711	2114450	theory_fixed
3502	read_003502	mol_003502	2097951	2097951	2115858	theory_fixed
3503	read_003503	mol_003503	2097953	2097953	2117037	theory_fixed
3504	read_003504	mol_003504	2098053	2098053	2117030	theory_fixed
3505	read_003505	mol_003505	2098667	2098667	2114606	theory_fixed
3506	read_003506	mol_003506	2098729	2098729	2113383	theory_fixed
3507	read_003507	mol_003507	2098772	2098772	2110509	theory_fixed
3508	read_003508	mol_003508	2100326	2100326	2114014	theory_fixed
3509	read_003509	mol_003509	2100923	2100923	2122130	theory_fixed
3510	read_003510	mol_003510	2101847	2101847	2122242	theory_fixed
3511	read_003511	mol_003511	2102738	2102738	2123094	theory_fixed
3512	read_003512	mol_003512	2103627	2103627	2124635	theory_fixed
3513	read_003513	mol_003513	2104385	2104385	2128485	theory_fixed
3514	read_003514	mol_003514	2104417	2104417	2116237	theory_fixed
3515	read_003515	mol_003515	2105777	2105777	2116826	theory_fixed
3516	read_003516	mol_003516	2108701	2108701	2127074	theory_fixed
3517	read_003517	mol_003517	2109571	2109571	2129044	theory_fixed
3518	read_003518	mol_003518	2110417	2110417	2128539	theory_fixed
3519	read_003519	mol_003519	2111029	2111029	2131794	theory_fixed
3520	read_003520	mol_003520	2111591	2111591	2130859	theory_fixed
3521	read_003521	mol_003521	2113048	2113048	2131602	theory_fixed
3522	read_003522	mol_003522	2113257	2113257	2139639	theory_fixed
3523	read_003523	mol_003523	2113527	2113527	2126692	theory_fixed
3524	read_003524	mol_003524	2113687	2113687	2138328	theory_fixed
3525	read_003525	mol_003525	2114346	2114346	2133439	theory_fixed
3526	read_003526	mol_003526	2117191	2117191	2134565	theory_fixed
3527	read_003527	mol_003527	2117321	2117321	2134972	theory_fixed
3528	read_003528	mol_003528	2118026	2118026	2136269	theory_fixed
3529	read_003529	mol_003529	2118736	2118736	2127764	theory_fixed
3530	read_003530	mol_003530	2119228	2119228	2140547	theory_fixed
3531	read_003531	mol_003531	2120100	2120100	2139547	theory_fixed
3532	read_003532	mol_003532	2120677	2120677	2144541	theory_fixed
3533	read_003533	mol_003533	2120700	2120700	2142511	theory_fixed
3534	read_003534	mol_003534	2122609	2122609	2140419	theory_fixed
3535	read_003535	mol_003535	2122891	2122891	2142124	theory_fixed
3536	read_003536	mol_003536	2124195	2124195	2139049	theory_fixed
3537	read_003537	mol_003537	2124349	2124349	2137992	theory_fixed
3538	read_003538	mol_003538	2124365	2124365	2139892	theory_fixed
3539	read_003539	mol_003539	2125629	2125629	2145059	theory_fixed
3540	read_003540	mol_003540	2126028	2126028	2146889	theory_fixed
3541	read_003541	mol_003541	2126238	2126238	2145679	theory_fixed
3542	read_003542	mol_003542	2126697	2126697	2143289	theory_fixed
3543	read_003543	mol_003543	2126832	2126832	2136587	theory_fixed
3544	read_003544	mol_003544	2126861	2126861	2144963	theory_fixed
3545	read_003545	mol_003545	2126869	2126869	2142162	theory_fixed
3546	read_003546	mol_003546	2128650	2128650	2155490	theory_fixed
3547	read_003547	mol_003547	2128825	2128825	2142190	theory_fixed
3548	read_003548	mol_003548	2129313	2129313	2156450	theory_fixed
3549	read_003549	mol_003549	2130118	2130118	2146730	theory_fixed
3550	read_003550	mol_003550	2130454	2130454	2146558	theory_fixed
3551	read_003551	mol_003551	2132162	2132162	2150232	theory_fixed
3552	read_003552	mol_003552	2132677	2132677	2151457	theory_fixed
3553	read_003553	mol_003553	2132942	2132942	2145638	theory_fixed
3554	read_003554	mol_003554	2133221	2133221	2154816	theory_fixed
3555	read_003555	mol_003555	2134100	2134100	2157734	theory_fixed
3556	read_003556	mol_003556	2135012	2135012	2153950	theory_fixed
3557	read_003557	mol_003557	2135896	2135896	2163413	theory_fixed
3558	read_003558	mol_003558	2136300	2136300	2154681	theory_fixed
3559	read_003559	mol_003559	2136491	2136491	2153724	theory_fixed
3560	read_003560	mol_003560	2138421	2138421	2154069	theory_fixed
3561	read_003561	mol_003561	2138657	2138657	2155896	theory_fixed
3562	read_003562	mol_003562	2139934	2139934	2156607	theory_fixed
3563	read_003563	mol_003563	2140314	2140314	2158605	theory_fixed
3564	read_003564	mol_003564	2141924	2141924	2163523	theory_fixed
3565	read_003565	mol_003565	2142064	2142064	2166630	theory_fixed
3566	read_003566	mol_003566	2142841	2142841	2162543	theory_fixed
3567	read_003567	mol_003567	2142936	2142936	2157827	theory_fixed
3568	read_003568	mol_003568	2143167	2143167	2161206	theory_fixed
3569	read_003569	mol_003569	2143184	2143184	2157341	theory_fixed
3570	read_003570	mol_003570	2143385	2143385	2166011	theory_fixed
3571	read_003571	mol_003571	2144608	2144608	2164172	theory_fixed
3572	read_003572	mol_003572	2144751	2144751	2159942	theory_fixed
3573	read_003573	mol_003573	2144797	2144797	2161344	theory_fixed
3574	read_003574	mol_003574	2144931	2144931	2162082	theory_fixed
3575	read_003575	mol_003575	2145265	2145265	2167314	theory_fixed
3576	read_003576	mol_003576	2145977	2145977	2176777	theory_fixed
3577	read_003577	mol_003577	2146449	2146449	2163737	theory_fixed
3578	read_003578	mol_003578	2146741	2146741	2165922	theory_fixed
3579	read_003579	mol_003579	2146962	2146962	2165451	theory_fixed
3580	read_003580	mol_003580	2147863	2147863	2169554	theory_fixed
3581	read_003581	mol_003581	2147865	2147865	2168719	theory_fixed
3582	read_003582	mol_003582	2147907	2147907	2162058	theory_fixed
3583	read_003583	mol_003583	2147914	2147914	2163958	theory_fixed
3584	read_003584	mol_003584	2148164	2148164	2159498	theory_fixed
3585	read_003585	mol_003585	2149151	2149151	2166944	theory_fixed
3586	read_003586	mol_003586	2149279	2149279	2159671	theory_fixed
3587	read_003587	mol_003587	2149496	2149496	2169473	theory_fixed
3588	read_003588	mol_003588	2150963	2150963	2168181	theory_fixed
3589	read_003589	mol_003589	2151365	2151365	2162696	theory_fixed
3590	read_003590	mol_003590	2151948	2151948	2171555	theory_fixed
3591	read_003591	mol_003591	2152259	2152259	2166771	theory_fixed
3592	read_003592	mol_003592	2153268	2153268	2176265	theory_fixed
3593	read_003593	mol_003593	2154327	2154327	2168190	theory_fixed
3594	read_003594	mol_003594	2154828	2154828	2172414	theory_fixed
3595	read_003595	mol_003595	2155091	2155091	2174309	theory_fixed
3596	read_003596	mol_003596	2155138	2155138	2169023	theory_fixed
3597	read_003597	mol_003597	2155534	2155534	2168391	theory_fixed
3598	read_003598	mol_003598	2156316	2156316	2170017	theory_fixed
3599	read_003599	mol_003599	2157098	2157098	2178636	theory_fixed
3600	read_003600	mol_003600	2157259	2157259	2172536	theory_fixed
3601	read_003601	mol_003601	2158344	2158344	2176559	theory_fixed
3602	read_003602	mol_003602	2158714	2158714	2174843	theory_fixed
3603	read_003603	mol_003603	2159020	2159020	2173834	theory_fixed
3604	read_003604	mol_003604	2159271	2159271	2171588	theory_fixed
3605	read_003605	mol_003605	2159439	2159439	2178074	theory_fixed
3606	read_003606	mol_003606	2160046	2160046	2179678	theory_fixed
3607	read_003607	mol_003607	2160151	2160151	2181974	theory_fixed
3608	read_003608	mol_003608	2160231	2160231	2179563	theory_fixed
3609	read_003609	mol_003609	2162182	2162182	2173805	theory_fixed
3610	read_003610	mol_003610	2162591	2162591	2179609	theory_fixed
3611	read_003611	mol_003611	2162766	2162766	2181189	theory_fixed
3612	read_003612	mol_003612	2163769	2163769	2186191	theory_fixed
3613	read_003613	mol_003613	2163843	2163843	2185154	theory_fixed
3614	read_003614	mol_003614	2164452	2164452	2177501	theory_fixed
3615	read_003615	mol_003615	2164533	2164533	2180392	theory_fixed
3616	read_003616	mol_003616	2165456	2165456	2181929	theory_fixed
3617	read_003617	mol_003617	2165521	2165521	2186987	theory_fixed
3618	read_003618	mol_003618	2166354	2166354	2187007	theory_fixed
3619	read_003619	mol_003619	2166503	2166503	2187462	theory_fixed
3620	read_003620	mol_003620	2166561	2166561	2189529	theory_fixed
3621	read_003621	mol_003621	2167045	2167045	2180339	theory_fixed
3622	read_003622	mol_003622	2167461	2167461	2189756	theory_fixed
3623	read_003623	mol_003623	2167626	2167626	2183989	theory_fixed
3624	read_003624	mol_003624	2168169	2168169	2182915	theory_fixed
3625	read_003625	mol_003625	2168477	2168477	2182892	theory_fixed
3626	read_003626	mol_003626	2169068	2169068	2188265	theory_fixed
3627	read_003627	mol_003627	2169091	2169091	2180052	theory_fixed
3628	read_003628	mol_003628	2169330	2169330	2186407	theory_fixed
3629	read_003629	mol_003629	2169934	2169934	2188236	theory_fixed
3630	read_003630	mol_003630	2170758	2170758	2192630	theory_fixed
3631	read_003631	mol_003631	2170856	2170856	2186998	theory_fixed
3632	read_003632	mol_003632	2171641	2171641	2194206	theory_fixed
3633	read_003633	mol_003633	2173577	2173577	2193915	theory_fixed
3634	read_003634	mol_003634	2173827	2173827	2187245	theory_fixed
3635	read_003635	mol_003635	2174749	2174749	2197697	theory_fixed
3636	read_003636	mol_003636	2175164	2175164	2191566	theory_fixed
3637	read_003637	mol_003637	2175249	2175249	2188640	theory_fixed
3638	read_003638	mol_003638	2176512	2176512	2202349	theory_fixed
3639	read_003639	mol_003639	2177040	2177040	2188341	theory_fixed
3640	read_003640	mol_003640	2177096	2177096	2196363	theory_fixed
3641	read_003641	mol_003641	2180019	2180019	2198234	theory_fixed
3642	read_003642	mol_003642	2180139	2180139	2206549	theory_fixed
3643	read_003643	mol_003643	2180275	2180275	2200071	theory_fixed
3644	read_003644	mol_003644	2180943	2180943	2197728	theory_fixed
3645	read_003645	mol_003645	2181515	2181515	2204866	theory_fixed
3646	read_003646	mol_003646	2182153	2182153	2198599	theory_fixed
3647	read_003647	mol_003647	2183448	2183448	2202920	theory_fixed
3648	read_003648	mol_003648	2183525	2183525	2203428	theory_fixed
3649	read_003649	mol_003649	2184080	2184080	2202543	theory_fixed
3650	read_003650	mol_003650	2184605	2184605	2201498	theory_fixed
3651	read_003651	mol_003651	2184718	2184718	2198544	theory_fixed
3652	read_003652	mol_003652	2185028	2185028	2203668	theory_fixed
3653	read_003653	mol_003653	2185132	2185132	2203795	theory_fixed
3654	read_003654	mol_003654	2186203	2186203	2198548	theory_fixed
3655	read_003655	mol_003655	2186394	2186394	2204658	theory_fixed
3656	read_003656	mol_003656	2186505	2186505	2204089	theory_fixed
3657	read_003657	mol_003657	2186554	2186554	2204372	theory_fixed
3658	read_003658	mol_003658	2188077	2188077	2205905	theory_fixed
3659	read_003659	mol_003659	2188381	2188381	2206104	theory_fixed
3660	read_003660	mol_003660	2188440	2188440	2206140	theory_fixed
3661	read_003661	mol_003661	2189568	2189568	2201984	theory_fixed
3662	read_003662	mol_003662	2190002	2190002	2210292	theory_fixed
3663	read_003663	mol_003663	2191306	2191306	2208376	theory_fixed
3664	read_003664	mol_003664	2192271	2192271	2205375	theory_fixed
3665	read_003665	mol_003665	2192710	2192710	2222927	theory_fixed
3666	read_003666	mol_003666	2192848	2192848	2214330	theory_fixed
3667	read_003667	mol_003667	2193648	2193648	2207546	theory_fixed
3668	read_003668	mol_003668	2193654	2193654	2210737	theory_fixed
3669	read_003669	mol_003669	2194358	2194358	2217519	theory_fixed
3670	read_003670	mol_003670	2194621	2194621	2216082	theory_fixed
3671	read_003671	mol_003671	2195337	2195337	2210370	theory_fixed
3672	read_003672	mol_003672	2195814	2195814	2208074	theory_fixed
3673	read_003673	mol_003673	2196274	2196274	2221247	theory_fixed
3674	read_003674	mol_003674	2196916	2196916	2216796	theory_fixed
3675	read_003675	mol_003675	2199806	2199806	2213482	theory_fixed
3676	read_003676	mol_003676	2200240	2200240	2219309	theory_fixed
3677	read_003677	mol_003677	2200717	2200717	2225624	theory_fixed
3678	read_003678	mol_003678	2201072	2201072	2222099	theory_fixed
3679	read_003679	mol_003679	2201279	2201279	2230575	theory_fixed
3680	read_003680	mol_003680	2202661	2202661	2226520	theory_fixed
3681	read_003681	mol_003681	2202888	2202888	2216235	theory_fixed
3682	read_003682	mol_003682	2203463	2203463	2221543	theory_fixed
3683	read_003683	mol_003683	2203531	2203531	2224798	theory_fixed
3684	read_003684	mol_003684	2204193	2204193	2221951	theory_fixed
3685	read_003685	mol_003685	2204490	2204490	2224738	theory_fixed
3686	read_003686	mol_003686	2204593	2204593	2226525	theory_fixed
3687	read_003687	mol_003687	2205927	2205927	2223621	theory_fixed
3688	read_003688	mol_003688	2207087	2207087	2223981	theory_fixed
3689	read_003689	mol_003689	2207312	2207312	2226694	theory_fixed
3690	read_003690	mol_003690	2207928	2207928	2225484	theory_fixed
3691	read_003691	mol_003691	2208977	2208977	2223280	theory_fixed
3692	read_003692	mol_003692	2209375	2209375	2223564	theory_fixed
3693	read_003693	mol_003693	2209465	2209465	2226292	theory_fixed
3694	read_003694	mol_003694	2209485	2209485	2222772	theory_fixed
3695	read_003695	mol_003695	2210186	2210186	2234088	theory_fixed
3696	read_003696	mol_003696	2210846	2210846	2227816	theory_fixed
3697	read_003697	mol_003697	2210920	2210920	2227380	theory_fixed
3698	read_003698	mol_003698	2212292	2212292	2230297	theory_fixed
3699	read_003699	mol_003699	2214178	2214178	2231441	theory_fixed
3700	read_003700	mol_003700	2214669	2214669	2234776	theory_fixed
3701	read_003701	mol_003701	2214826	2214826	2230244	theory_fixed
3702	read_003702	mol_003702	2214904	2214904	2235786	theory_fixed
3703	read_003703	mol_003703	2214979	2214979	2232847	theory_fixed
3704	read_003704	mol_003704	2215059	2215059	2239254	theory_fixed
3705	read_003705	mol_003705	2215710	2215710	2233015	theory_fixed
3706	read_003706	mol_003706	2216271	2216271	2234607	theory_fixed
3707	read_003707	mol_003707	2217127	2217127	2227609	theory_fixed
3708	read_003708	mol_003708	2217779	2217779	2233669	theory_fixed
3709	read_003709	mol_003709	2218222	2218222	2236905	theory_fixed
3710	read_003710	mol_003710	2218321	2218321	2236670	theory_fixed
3711	read_003711	mol_003711	2218787	2218787	2245511	theory_fixed
3712	read_003712	mol_003712	2219583	2219583	2232736	theory_fixed
3713	read_003713	mol_003713	2220503	2220503	2237501	theory_fixed
3714	read_003714	mol_003714	2220929	2220929	2234604	theory_fixed
3715	read_003715	mol_003715	2220943	2220943	2237024	theory_fixed
3716	read_003716	mol_003716	2221132	2221132	2235787	theory_fixed
3717	read_003717	mol_003717	2221186	2221186	2237248	theory_fixed
3718	read_003718	mol_003718	2222494	2222494	2248170	theory_fixed
3719	read_003719	mol_003719	2222756	2222756	2250224	theory_fixed
3720	read_003720	mol_003720	2224344	2224344	2243261	theory_fixed
3721	read_003721	mol_003721	2225844	2225844	2239434	theory_fixed
3722	read_003722	mol_003722	2226217	2226217	2241603	theory_fixed
3723	read_003723	mol_003723	2226941	2226941	2247165	theory_fixed
3724	read_003724	mol_003724	2227345	2227345	2244486	theory_fixed
3725	read_003725	mol_003725	2228588	2228588	2245060	theory_fixed
3726	read_003726	mol_003726	2229022	2229022	2255692	theory_fixed
3727	read_003727	mol_003727	2229523	2229523	2247443	theory_fixed
3728	read_003728	mol_003728	2229537	2229537	2246723	theory_fixed
3729	read_003729	mol_003729	2230107	2230107	2248305	theory_fixed
3730	read_003730	mol_003730	2230653	2230653	2244086	theory_fixed
3731	read_003731	mol_003731	2230844	2230844	2249076	theory_fixed
3732	read_003732	mol_003732	2231737	2231737	2248894	theory_fixed
3733	read_003733	mol_003733	2233414	2233414	2246297	theory_fixed
3734	read_003734	mol_003734	2234415	2234415	2253188	theory_fixed
3735	read_003735	mol_003735	2234967	2234967	2251137	theory_fixed
3736	read_003736	mol_003736	2235004	2235004	2252219	theory_fixed
3737	read_003737	mol_003737	2237225	2237225	2257544	theory_fixed
3738	read_003738	mol_003738	2237699	2237699	2249833	theory_fixed
3739	read_003739	mol_003739	2238154	2238154	2252836	theory_fixed
3740	read_003740	mol_003740	2238671	2238671	2257745	theory_fixed
3741	read_003741	mol_003741	2238926	2238926	2261644	theory_fixed
3742	read_003742	mol_003742	2239155	2239155	2260315	theory_fixed
3743	read_003743	mol_003743	2239164	2239164	2252831	theory_fixed
3744	read_003744	mol_003744	2239260	2239260	2260092	theory_fixed
3745	read_003745	mol_003745	2239564	2239564	2254948	theory_fixed
3746	read_003746	mol_003746	2239665	2239665	2256801	theory_fixed
3747	read_003747	mol_003747	2241085	2241085	2260315	theory_fixed
3748	read_003748	mol_003748	2241105	2241105	2261615	theory_fixed
3749	read_003749	mol_003749	2241385	2241385	2251830	theory_fixed
3750	read_003750	mol_003750	2241530	2241530	2262870	theory_fixed
3751	read_003751	mol_003751	2242019	2242019	2258429	theory_fixed
3752	read_003752	mol_003752	2242365	2242365	2254171	theory_fixed
3753	read_003753	mol_003753	2242516	2242516	2262548	theory_fixed
3754	read_003754	mol_003754	2243267	2243267	2264138	theory_fixed
3755	read_003755	mol_003755	2243581	2243581	2265828	theory_fixed
3756	read_003756	mol_003756	2244055	2244055	2256065	theory_fixed
3757	read_003757	mol_003757	2245547	2245547	2264011	theory_fixed
3758	read_003758	mol_003758	2245772	2245772	2261107	theory_fixed
3759	read_003759	mol_003759	2246609	2246609	2268566	theory_fixed
3760	read_003760	mol_003760	2247837	2247837	2261418	theory_fixed
3761	read_003761	mol_003761	2248885	2248885	2261422	theory_fixed
3762	read_003762	mol_003762	2249476	2249476	2263869	theory_fixed
3763	read_003763	mol_003763	2251347	2251347	2267188	theory_fixed
3764	read_003764	mol_003764	2251556	2251556	2268332	theory_fixed
3765	read_003765	mol_003765	2251743	2251743	2267508	theory_fixed
3766	read_003766	mol_003766	2252201	2252201	2272059	theory_fixed
3767	read_003767	mol_003767	2252412	2252412	2268219	theory_fixed
3768	read_003768	mol_003768	2253840	2253840	2269477	theory_fixed
3769	read_003769	mol_003769	2253962	2253962	2275551	theory_fixed
3770	read_003770	mol_003770	2254407	2254407	2275934	theory_fixed
3771	read_003771	mol_003771	2254851	2254851	2269912	theory_fixed
3772	read_003772	mol_003772	2255424	2255424	2268897	theory_fixed
3773	read_003773	mol_003773	2255913	2255913	2269497	theory_fixed
3774	read_003774	mol_003774	2256246	2256246	2274294	theory_fixed
3775	read_003775	mol_003775	2256356	2256356	2279093	theory_fixed
3776	read_003776	mol_003776	2257728	2257728	2271045	theory_fixed
3777	read_003777	mol_003777	2258126	2258126	2277428	theory_fixed
3778	read_003778	mol_003778	2259555	2259555	2276667	theory_fixed
3779	read_003779	mol_003779	2259586	2259586	2284507	theory_fixed
3780	read_003780	mol_003780	2260156	2260156	2274946	theory_fixed
3781	read_003781	mol_003781	2260529	2260529	2278241	theory_fixed
3782	read_003782	mol_003782	2260554	2260554	2274233	theory_fixed
3783	read_003783	mol_003783	2260791	2260791	2273296	theory_fixed
3784	read_003784	mol_003784	2261556	2261556	2275930	theory_fixed
3785	read_003785	mol_003785	2262402	2262402	2274407	theory_fixed
3786	read_003786	mol_003786	2262638	2262638	2278793	theory_fixed
3787	read_003787	mol_003787	2263457	2263457	2281507	theory_fixed
3788	read_003788	mol_003788	2263557	2263557	2293558	theory_fixed
3789	read_003789	mol_003789	2264115	2264115	2282446	theory_fixed
3790	read_003790	mol_003790	2264719	2264719	2277854	theory_fixed
3791	read_003791	mol_003791	2265125	2265125	2277130	theory_fixed
3792	read_003792	mol_003792	2265752	2265752	2284519	theory_fixed
3793	read_003793	mol_003793	2266598	2266598	2283237	theory_fixed
3794	read_003794	mol_003794	2266898	2266898	2282793	theory_fixed
3795	read_003795	mol_003795	2267686	2267686	2282245	theory_fixed
3796	read_003796	mol_003796	2267976	2267976	2283365	theory_fixed
3797	read_003797	mol_003797	2269839	2269839	2282065	theory_fixed
3798	read_003798	mol_003798	2271850	2271850	2285901	theory_fixed
3799	read_003799	mol_003799	2272447	2272447	2284897	theory_fixed
3800	read_003800	mol_003800	2272476	2272476	2293593	theory_fixed
3801	read_003801	mol_003801	2274406	2274406	2288141	theory_fixed
3802	read_003802	mol_003802	2274915	2274915	2296980	theory_fixed
3803	read_003803	mol_003803	2275598	2275598	2296145	theory_fixed
3804	read_003804	mol_003804	2276158	2276158	2293010	theory_fixed
3805	read_003805	mol_003805	2277476	2277476	2291652	theory_fixed
3806	read_003806	mol_003806	2277732	2277732	2298673	theory_fixed
3807	read_003807	mol_003807	2278214	2278214	2294882	theory_fixed
3808	read_003808	mol_003808	2278598	2278598	2303808	theory_fixed
3809	read_003809	mol_003809	2278701	2278701	2300960	theory_fixed
3810	read_003810	mol_003810	2278845	2278845	2299495	theory_fixed
3811	read_003811	mol_003811	2280163	2280163	2295697	theory_fixed
3812	read_003812	mol_003812	2280315	2280315	2300580	theory_fixed
3813	read_003813	mol_003813	2281636	2281636	2298577	theory_fixed
3814	read_003814	mol_003814	2281696	2281696	2292832	theory_fixed
3815	read_003815	mol_003815	2282321	2282321	2296117	theory_fixed
3816	read_003816	mol_003816	2282373	2282373	2302414	theory_fixed
3817	read_003817	mol_003817	2284319	2284319	2308660	theory_fixed
3818	read_003818	mol_003818	2284798	2284798	2309111	theory_fixed
3819	read_003819	mol_003819	2285362	2285362	2320580	theory_fixed
3820	read_003820	mol_003820	2286319	2286319	2303027	theory_fixed
3821	read_003821	mol_003821	2286789	2286789	2305313	theory_fixed
3822	read_003822	mol_003822	2287073	2287073	2297019	theory_fixed
3823	read_003823	mol_003823	2288013	2288013	2307274	theory_fixed
3824	read_003824	mol_003824	2288910	2288910	2311128	theory_fixed
3825	read_003825	mol_003825	2291367	2291367	2308228	theory_fixed
3826	read_003826	mol_003826	2292056	2292056	2317868	theory_fixed
3827	read_003827	mol_003827	2293143	2293143	2305888	theory_fixed
3828	read_003828	mol_003828	2293316	2293316	2308661	theory_fixed
3829	read_003829	mol_003829	2293696	2293696	2308206	theory_fixed
3830	read_003830	mol_003830	2294160	2294160	2310710	theory_fixed
3831	read_003831	mol_003831	2296446	2296446	2314236	theory_fixed
3832	read_003832	mol_003832	2296976	2296976	2309012	theory_fixed
3833	read_003833	mol_003833	2297167	2297167	2315809	theory_fixed
3834	read_003834	mol_003834	2298739	2298739	2316583	theory_fixed
3835	read_003835	mol_003835	2299782	2299782	2312221	theory_fixed
3836	read_003836	mol_003836	2300070	2300070	2313980	theory_fixed
3837	read_003837	mol_003837	2300457	2300457	2315690	theory_fixed
3838	read_003838	mol_003838	2300612	2300612	2317521	theory_fixed
3839	read_003839	mol_003839	2301487	2301487	2316934	theory_fixed
3840	read_003840	mol_003840	2302743	2302743	2317101	theory_fixed
3841	read_003841	mol_003841	2302823	2302823	2319247	theory_fixed
3842	read_003842	mol_003842	2303707	2303707	2322094	theory_fixed
3843	read_003843	mol_003843	2303869	2303869	2319996	theory_fixed
3844	read_003844	mol_003844	2304310	2304310	2319839	theory_fixed
3845	read_003845	mol_003845	2305258	2305258	2323985	theory_fixed
3846	read_003846	mol_003846	2305289	2305289	2317180	theory_fixed
3847	read_003847	mol_003847	2305433	2305433	2325258	theory_fixed
3848	read_003848	mol_003848	2305694	2305694	2320700	theory_fixed
3849	read_003849	mol_003849	2306249	2306249	2329363	theory_fixed
3850	read_003850	mol_003850	2306569	2306569	2323598	theory_fixed
3851	read_003851	mol_003851	2306907	2306907	2324953	theory_fixed
3852	read_003852	mol_003852	2307199	2307199	2326373	theory_fixed
3853	read_003853	mol_003853	2307278	2307278	2325443	theory_fixed
3854	read_003854	mol_003854	2307539	2307539	2322300	theory_fixed
3855	read_003855	mol_003855	2308179	2308179	2324954	theory_fixed
3856	read_003856	mol_003856	2309231	2309231	2331765	theory_fixed
3857	read_003857	mol_003857	2309305	2309305	2322008	theory_fixed
3858	read_003858	mol_003858	2310634	2310634	2330455	theory_fixed
3859	read_003859	mol_003859	2310830	2310830	2333125	theory_fixed
3860	read_003860	mol_003860	2311712	2311712	2327528	theory_fixed
3861	read_003861	mol_003861	2312857	2312857	2327077	theory_fixed
3862	read_003862	mol_003862	2313248	2313248	2331469	theory_fixed
3863	read_003863	mol_003863	2313535	2313535	2324508	theory_fixed
3864	read_003864	mol_003864	2314067	2314067	2332260	theory_fixed
3865	read_003865	mol_003865	2314222	2314222	2340565	theory_fixed
3866	read_003866	mol_003866	2314372	2314372	2328145	theory_fixed
3867	read_003867	mol_003867	2314546	2314546	2334413	theory_fixed
3868	read_003868	mol_003868	2315583	2315583	2330481	theory_fixed
3869	read_003869	mol_003869	2316225	2316225	2332049	theory_fixed
3870	read_003870	mol_003870	2316374	2316374	2335201	theory_fixed
3871	read_003871	mol_003871	2318292	2318292	2337683	theory_fixed
3872	read_003872	mol_003872	2320886	2320886	2337430	theory_fixed
3873	read_003873	mol_003873	2321889	2321889	2338152	theory_fixed
3874	read_003874	mol_003874	2321945	2321945	2335365	theory_fixed
3875	read_003875	mol_003875	2322018	2322018	2334030	theory_fixed
3876	read_003876	mol_003876	2322024	2322024	2344253	theory_fixed
3877	read_003877	mol_003877	2322273	2322273	2343503	theory_fixed
3878	read_003878	mol_003878	2323016	2323016	2343281	theory_fixed
3879	read_003879	mol_003879	2323176	2323176	2348227	theory_fixed
3880	read_003880	mol_003880	2324173	2324173	2350309	theory_fixed
3881	read_003881	mol_003881	2325149	2325149	2338754	theory_fixed
3882	read_003882	mol_003882	2325452	2325452	2341077	theory_fixed
3883	read_003883	mol_003883	2326168	2326168	2341791	theory_fixed
3884	read_003884	mol_003884	2326344	2326344	2344788	theory_fixed
3885	read_003885	mol_003885	2327089	2327089	2345742	theory_fixed
3886	read_003886	mol_003886	2328033	2328033	2348705	theory_fixed
3887	read_003887	mol_003887	2328389	2328389	2347748	theory_fixed
3888	read_003888	mol_003888	2328767	2328767	2343876	theory_fixed
3889	read_003889	mol_003889	2328925	2328925	2349218	theory_fixed
3890	read_003890	mol_003890	2329514	2329514	2349606	theory_fixed
3891	read_003891	mol_003891	2329518	2329518	2350917	theory_fixed
3892	read_003892	mol_003892	2330063	2330063	2345530	theory_fixed
3893	read_003893	mol_003893	2331636	2331636	2352946	theory_fixed
3894	read_003894	mol_003894	2331774	2331774	2350124	theory_fixed
3895	read_003895	mol_003895	2332127	2332127	2346460	theory_fixed
3896	read_003896	mol_003896	2332284	2332284	2357151	theory_fixed
3897	read_003897	mol_003897	2333697	2333697	2360668	theory_fixed
3898	read_003898	mol_003898	2335071	2335071	2352347	theory_fixed
3899	read_003899	mol_003899	2335269	2335269	2350066	theory_fixed
3900	read_003900	mol_003900	2335563	2335563	2351396	theory_fixed
3901	read_003901	mol_003901	2336038	2336038	2349328	theory_fixed
3902	read_003902	mol_003902	2336798	2336798	2351989	theory_fixed
3903	read_003903	mol_003903	2336806	2336806	2349765	theory_fixed
3904	read_003904	mol_003904	2337119	2337119	2354891	theory_fixed
3905	read_003905	mol_003905	2337180	2337180	2355312	theory_fixed
3906	read_003906	mol_003906	2337208	2337208	2358489	theory_fixed
3907	read_003907	mol_003907	2337422	2337422	2349454	theory_fixed
3908	read_003908	mol_003908	2337643	2337643	2359071	theory_fixed
3909	read_003909	mol_003909	2338626	2338626	2354998	theory_fixed
3910	read_003910	mol_003910	2338687	2338687	2352145	theory_fixed
3911	read_003911	mol_003911	2338692	2338692	2353966	theory_fixed
3912	read_003912	mol_003912	2340107	2340107	2353018	theory_fixed
3913	read_003913	mol_003913	2341102	2341102	2356265	theory_fixed
3914	read_003914	mol_003914	2342094	2342094	2359299	theory_fixed
3915	read_003915	mol_003915	2342434	2342434	2357393	theory_fixed
3916	read_003916	mol_003916	2342608	2342608	2365973	theory_fixed
3917	read_003917	mol_003917	2342999	2342999	2359997	theory_fixed
3918	read_003918	mol_003918	2343145	2343145	2358587	theory_fixed
3919	read_003919	mol_003919	2343453	2343453	2358120	theory_fixed
3920	read_003920	mol_003920	2343628	2343628	2365938	theory_fixed
3921	read_003921	mol_003921	2344218	2344218	2369420	theory_fixed
3922	read_003922	mol_003922	2344693	2344693	2363339	theory_fixed
3923	read_003923	mol_003923	2344804	2344804	2364879	theory_fixed
3924	read_003924	mol_003924	2345156	2345156	2360262	theory_fixed
3925	read_003925	mol_003925	2345170	2345170	2364231	theory_fixed
3926	read_003926	mol_003926	2346869	2346869	2367368	theory_fixed
3927	read_003927	mol_003927	2346988	2346988	2363642	theory_fixed
3928	read_003928	mol_003928	2347601	2347601	2362831	theory_fixed
3929	read_003929	mol_003929	2347851	2347851	2362494	theory_fixed
3930	read_003930	mol_003930	2347855	2347855	2368735	theory_fixed
3931	read_003931	mol_003931	2347920	2347920	2363715	theory_fixed
3932	read_003932	mol_003932	2348215	2348215	2362879	theory_fixed
3933	read_003933	mol_003933	2348379	2348379	2370883	theory_fixed
3934	read_003934	mol_003934	2348818	2348818	2365650	theory_fixed
3935	read_003935	mol_003935	2348991	2348991	2365725	theory_fixed
3936	read_003936	mol_003936	2349465	2349465	2365792	theory_fixed
3937	read_003937	mol_003937	2350716	2350716	2366082	theory_fixed
3938	read_003938	mol_003938	2350760	2350760	2372032	theory_fixed
3939	read_003939	mol_003939	2350876	2350876	2361882	theory_fixed
3940	read_003940	mol_003940	2350959	2350959	2369568	theory_fixed
3941	read_003941	mol_003941	2351441	2351441	2369617	theory_fixed
3942	read_003942	mol_003942	2351809	2351809	2363684	theory_fixed
3943	read_003943	mol_003943	2354960	2354960	2368496	theory_fixed
3944	read_003944	mol_003944	2356068	2356068	2371820	theory_fixed
3945	read_003945	mol_003945	2357592	2357592	2368879	theory_fixed
3946	read_003946	mol_003946	2357681	2357681	2365883	theory_fixed
3947	read_003947	mol_003947	2358730	2358730	2380728	theory_fixed
3948	read_003948	mol_003948	2359664	2359664	2375356	theory_fixed
3949	read_003949	mol_003949	2359792	2359792	2380139	theory_fixed
3950	read_003950	mol_003950	2359830	2359830	2376048	theory_fixed
3951	read_003951	mol_003951	2360541	2360541	2386388	theory_fixed
3952	read_003952	mol_003952	2360901	2360901	2377989	theory_fixed
3953	read_003953	mol_003953	2361547	2361547	2377508	theory_fixed
3954	read_003954	mol_003954	2362106	2362106	2381024	theory_fixed
3955	read_003955	mol_003955	2363297	2363297	2382439	theory_fixed
3956	read_003956	mol_003956	2363304	2363304	2374202	theory_fixed
3957	read_003957	mol_003957	2363319	2363319	2379903	theory_fixed
3958	read_003958	mol_003958	2363338	2363338	2377877	theory_fixed
3959	read_003959	mol_003959	2363430	2363430	2382107	theory_fixed
3960	read_003960	mol_003960	2364825	2364825	2378157	theory_fixed
3961	read_003961	mol_003961	2364840	2364840	2389768	theory_fixed
3962	read_003962	mol_003962	2366361	2366361	2386835	theory_fixed
3963	read_003963	mol_003963	2367303	2367303	2383601	theory_fixed
3964	read_003964	mol_003964	2367713	2367713	2387314	theory_fixed
3965	read_003965	mol_003965	2368561	2368561	2385071	theory_fixed
3966	read_003966	mol_003966	2368787	2368787	2388191	theory_fixed
3967	read_003967	mol_003967	2369180	2369180	2389199	theory_fixed
3968	read_003968	mol_003968	2369320	2369320	2387983	theory_fixed
3969	read_003969	mol_003969	2370011	2370011	2390859	theory_fixed
3970	read_003970	mol_003970	2371693	2371693	2387598	theory_fixed
3971	read_003971	mol_003971	2372271	2372271	2383812	theory_fixed
3972	read_003972	mol_003972	2372388	2372388	2386311	theory_fixed
3973	read_003973	mol_003973	2373887	2373887	2399736	theory_fixed
3974	read_003974	mol_003974	2374151	2374151	2389525	theory_fixed
3975	read_003975	mol_003975	2374494	2374494	2397050	theory_fixed
3976	read_003976	mol_003976	2375100	2375100	2388129	theory_fixed
3977	read_003977	mol_003977	2375163	2375163	2394679	theory_fixed
3978	read_003978	mol_003978	2375339	2375339	2392974	theory_fixed
3979	read_003979	mol_003979	2376517	2376517	2391276	theory_fixed
3980	read_003980	mol_003980	2377086	2377086	2394985	theory_fixed
3981	read_003981	mol_003981	2377347	2377347	2399364	theory_fixed
3982	read_003982	mol_003982	2377559	2377559	2390574	theory_fixed
3983	read_003983	mol_003983	2377942	2377942	2394612	theory_fixed
3984	read_003984	mol_003984	2378656	2378656	2399838	theory_fixed
3985	read_003985	mol_003985	2379093	2379093	2395689	theory_fixed
3986	read_003986	mol_003986	2379220	2379220	2391083	theory_fixed
3987	read_003987	mol_003987	2379412	2379412	2393014	theory_fixed
3988	read_003988	mol_003988	2379897	2379897	2401265	theory_fixed
3989	read_003989	mol_003989	2380159	2380159	2398767	theory_fixed
3990	read_003990	mol_003990	2380618	2380618	2398136	theory_fixed
3991	read_003991	mol_003991	2380625	2380625	2395006	theory_fixed
3992	read_003992	mol_003992	2380969	2380969	2411662	theory_fixed
3993	read_003993	mol_003993	2384318	2384318	2402095	theory_fixed
3994	read_003994	mol_003994	2384819	2384819	2400395	theory_fixed
3995	read_003995	mol_003995	2385632	2385632	2409618	theory_fixed
3996	read_003996	mol_003996	2386149	2386149	2406169	theory_fixed
3997	read_003997	mol_003997	2386166	2386166	2404401	theory_fixed
3998	read_003998	mol_003998	2387807	2387807	2405012	theory_fixed
3999	read_003999	mol_003999	2387848	2387848	2405629	theory_fixed
4000	read_004000	mol_004000	2389911	2389911	2403527	theory_fixed
4001	read_004001	mol_004001	2390514	2390514	2411015	theory_fixed
4002	read_004002	mol_004002	2392735	2392735	2408798	theory_fixed
4003	read_004003	mol_004003	2393455	2393455	2413755	theory_fixed
4004	read_004004	mol_004004	2394820	2394820	2412789	theory_fixed
4005	read_004005	mol_004005	2395067	2395067	2409487	theory_fixed
4006	read_004006	mol_004006	2395265	2395265	2405451	theory_fixed
4007	read_004007	mol_004007	2395406	2395406	2416056	theory_fixed
4008	read_004008	mol_004008	2396629	2396629	2413707	theory_fixed
4009	read_004009	mol_004009	2396640	2396640	2415816	theory_fixed
4010	read_004010	mol_004010	2396716	2396716	2413926	theory_fixed
4011	read_004011	mol_004011	2397466	2397466	2411346	theory_fixed
4012	read_004012	mol_004012	2398185	2398185	2412861	theory_fixed
4013	read_004013	mol_004013	2398559	2398559	2419969	theory_fixed
4014	read_004014	mol_004014	2399290	2399290	2426802	theory_fixed
4015	read_004015	mol_004015	2402114	2402114	2420531	theory_fixed
4016	read_004016	mol_004016	2405626	2405626	2425545	theory_fixed
4017	read_004017	mol_004017	2406196	2406196	2425200	theory_fixed
4018	read_004018	mol_004018	2408163	2408163	2427914	theory_fixed
4019	read_004019	mol_004019	2409048	2409048	2426465	theory_fixed
4020	read_004020	mol_004020	2409864	2409864	2423391	theory_fixed
4021	read_004021	mol_004021	2410017	2410017	2425984	theory_fixed
4022	read_004022	mol_004022	2410825	2410825	2426686	theory_fixed
4023	read_004023	mol_004023	2410884	2410884	2429180	theory_fixed
4024	read_004024	mol_004024	2410912	2410912	2435040	theory_fixed
4025	read_004025	mol_004025	2411596	2411596	2438607	theory_fixed
4026	read_004026	mol_004026	2412660	2412660	2430548	theory_fixed
4027	read_004027	mol_004027	2413081	2413081	2428815	theory_fixed
4028	read_004028	mol_004028	2413911	2413911	2435097	theory_fixed
4029	read_004029	mol_004029	2414383	2414383	2433681	theory_fixed
4030	read_004030	mol_004030	2414488	2414488	2425861	theory_fixed
4031	read_004031	mol_004031	2414607	2414607	2434632	theory_fixed
4032	read_004032	mol_004032	2414697	2414697	2440837	theory_fixed
4033	read_004033	mol_004033	2416207	2416207	2435522	theory_fixed
4034	read_004034	mol_004034	2416338	2416338	2439377	theory_fixed
4035	read_004035	mol_004035	2416500	2416500	2434775	theory_fixed
4036	read_004036	mol_004036	2416738	2416738	2438366	theory_fixed
4037	read_004037	mol_004037	2417209	2417209	2434937	theory_fixed
4038	read_004038	mol_004038	2417714	2417714	2438577	theory_fixed
4039	read_004039	mol_004039	2417999	2417999	2434103	theory_fixed
4040	read_004040	mol_004040	2418126	2418126	2435022	theory_fixed
4041	read_004041	mol_004041	2418853	2418853	2433857	theory_fixed
4042	read_004042	mol_004042	2421012	2421012	2441059	theory_fixed
4043	read_004043	mol_004043	2421075	2421075	2437169	theory_fixed
4044	read_004044	mol_004044	2421188	2421188	2433184	theory_fixed
4045	read_004045	mol_004045	2421961	2421961	2432050	theory_fixed
4046	read_004046	mol_004046	2422297	2422297	2445142	theory_fixed
4047	read_004047	mol_004047	2422340	2422340	2436709	theory_fixed
4048	read_004048	mol_004048	2422651	2422651	2441228	theory_fixed
4049	read_004049	mol_004049	2422952	2422952	2436133	theory_fixed
4050	read_004050	mol_004050	2425358	2425358	2437067	theory_fixed
4051	read_004051	mol_004051	2425786	2425786	2442867	theory_fixed
4052	read_004052	mol_004052	2426062	2426062	2437358	theory_fixed
4053	read_004053	mol_004053	2426609	2426609	2439866	theory_fixed
4054	read_004054	mol_004054	2426934	2426934	2448471	theory_fixed
4055	read_004055	mol_004055	2427115	2427115	2443763	theory_fixed
4056	read_004056	mol_004056	2427474	2427474	2444026	theory_fixed
4057	read_004057	mol_004057	2427667	2427667	2443802	theory_fixed
4058	read_004058	mol_004058	2427962	2427962	2448028	theory_fixed
4059	read_004059	mol_004059	2429488	2429488	2448291	theory_fixed
4060	read_004060	mol_004060	2429495	2429495	2449607	theory_fixed
4061	read_004061	mol_004061	2429700	2429700	2449641	theory_fixed
4062	read_004062	mol_004062	2430412	2430412	2443012	theory_fixed
4063	read_004063	mol_004063	2431129	2431129	2446675	theory_fixed
4064	read_004064	mol_004064	2432228	2432228	2448439	theory_fixed
4065	read_004065	mol_004065	2432620	2432620	2455512	theory_fixed
4066	read_004066	mol_004066	2435296	2435296	2449728	theory_fixed
4067	read_004067	mol_004067	2436300	2436300	2454157	theory_fixed
4068	read_004068	mol_004068	2437205	2437205	2454953	theory_fixed
4069	read_004069	mol_004069	2437220	2437220	2457603	theory_fixed
4070	read_004070	mol_004070	2437611	2437611	2455051	theory_fixed
4071	read_004071	mol_004071	2438761	2438761	2459166	theory_fixed
4072	read_004072	mol_004072	2440282	2440282	2461204	theory_fixed
4073	read_004073	mol_004073	2440395	2440395	2462207	theory_fixed
4074	read_004074	mol_004074	2441559	2441559	2461741	theory_fixed
4075	read_004075	mol_004075	2441724	2441724	2461488	theory_fixed
4076	read_004076	mol_004076	2442089	2442089	2467098	theory_fixed
4077	read_004077	mol_004077	2442547	2442547	2461569	theory_fixed
4078	read_004078	mol_004078	2442730	2442730	2467072	theory_fixed
4079	read_004079	mol_004079	2442905	2442905	2459572	theory_fixed
4080	read_004080	mol_004080	2443028	2443028	2467407	theory_fixed
4081	read_004081	mol_004081	2443144	2443144	2463087	theory_fixed
4082	read_004082	mol_004082	2443292	2443292	2463831	theory_fixed
4083	read_004083	mol_004083	2443631	2443631	2457890	theory_fixed
4084	read_004084	mol_004084	2444149	2444149	2466999	theory_fixed
4085	read_004085	mol_004085	2444480	2444480	2464644	theory_fixed
4086	read_004086	mol_004086	2444913	2444913	2461097	theory_fixed
4087	read_004087	mol_004087	2445444	2445444	2457306	theory_fixed
4088	read_004088	mol_004088	2445738	2445738	2462841	theory_fixed
4089	read_004089	mol_004089	2447154	2447154	2465697	theory_fixed
4090	read_004090	mol_004090	2447193	2447193	2465131	theory_fixed
4091	read_004091	mol_004091	2448212	2448212	2467484	theory_fixed
4092	read_004092	mol_004092	2448966	2448966	2469228	theory_fixed
4093	read_004093	mol_004093	2449851	2449851	2476925	theory_fixed
4094	read_004094	mol_004094	2450503	2450503	2466478	theory_fixed
4095	read_004095	mol_004095	2451212	2451212	2470310	theory_fixed
4096	read_004096	mol_004096	2452550	2452550	2478998	theory_fixed
4097	read_004097	mol_004097	2453894	2453894	2465567	theory_fixed
4098	read_004098	mol_004098	2454082	2454082	2469798	theory_fixed
4099	read_004099	mol_004099	2454244	2454244	2473127	theory_fixed
4100	read_004100	mol_004100	2456419	2456419	2478337	theory_fixed
4101	read_004101	mol_004101	2456850	2456850	2468295	theory_fixed
4102	read_004102	mol_004102	2457717	2457717	2473393	theory_fixed
4103	read_004103	mol_004103	2457856	2457856	2476065	theory_fixed
4104	read_004104	mol_004104	2458804	2458804	2482049	theory_fixed
4105	read_004105	mol_004105	2458884	2458884	2469952	theory_fixed
4106	read_004106	mol_004106	2459150	2459150	2484407	theory_fixed
4107	read_004107	mol_004107	2459507	2459507	2476416	theory_fixed
4108	read_004108	mol_004108	2459622	2459622	2473848	theory_fixed
4109	read_004109	mol_004109	2459730	2459730	2481695	theory_fixed
4110	read_004110	mol_004110	2462091	2462091	2480208	theory_fixed
4111	read_004111	mol_004111	2462365	2462365	2475412	theory_fixed
4112	read_004112	mol_004112	2463490	2463490	2476151	theory_fixed
4113	read_004113	mol_004113	2463501	2463501	2484890	theory_fixed
4114	read_004114	mol_004114	2465596	2465596	2479772	theory_fixed
4115	read_004115	mol_004115	2465849	2465849	2491768	theory_fixed
4116	read_004116	mol_004116	2465933	2465933	2494474	theory_fixed
4117	read_004117	mol_004117	2466213	2466213	2485091	theory_fixed
4118	read_004118	mol_004118	2466507	2466507	2493617	theory_fixed
4119	read_004119	mol_004119	2466511	2466511	2488697	theory_fixed
4120	read_004120	mol_004120	2466704	2466704	2487536	theory_fixed
4121	read_004121	mol_004121	2466825	2466825	2485484	theory_fixed
4122	read_004122	mol_004122	2467286	2467286	2487508	theory_fixed
4123	read_004123	mol_004123	2468839	2468839	2480320	theory_fixed
4124	read_004124	mol_004124	2469485	2469485	2487064	theory_fixed
4125	read_004125	mol_004125	2469491	2469491	2483304	theory_fixed
4126	read_004126	mol_004126	2469606	2469606	2486511	theory_fixed
4127	read_004127	mol_004127	2469750	2469750	2488243	theory_fixed
4128	read_004128	mol_004128	2469798	2469798	2486745	theory_fixed
4129	read_004129	mol_004129	2470373	2470373	2487896	theory_fixed
4130	read_004130	mol_004130	2470562	2470562	2495804	theory_fixed
4131	read_004131	mol_004131	2470856	2470856	2491351	theory_fixed
4132	read_004132	mol_004132	2471146	2471146	2492455	theory_fixed
4133	read_004133	mol_004133	2472724	2472724	2484215	theory_fixed
4134	read_004134	mol_004134	2472747	2472747	2491975	theory_fixed
4135	read_004135	mol_004135	2472753	2472753	2487275	theory_fixed
4136	read_004136	mol_004136	2473055	2473055	2491546	theory_fixed
4137	read_004137	mol_004137	2473447	2473447	2493753	theory_fixed
4138	read_004138	mol_004138	2473592	2473592	2497041	theory_fixed
4139	read_004139	mol_004139	2473722	2473722	2493457	theory_fixed
4140	read_004140	mol_004140	2473901	2473901	2488734	theory_fixed
4141	read_004141	mol_004141	2474370	2474370	2488631	theory_fixed
4142	read_004142	mol_004142	2477141	2477141	2498441	theory_fixed
4143	read_004143	mol_004143	2477724	2477724	2491003	theory_fixed
4144	read_004144	mol_004144	2478843	2478843	2494586	theory_fixed
4145	read_004145	mol_004145	2479129	2479129	2495521	theory_fixed
4146	read_004146	mol_004146	2479340	2479340	2498691	theory_fixed
4147	read_004147	mol_004147	2479802	2479802	2494857	theory_fixed
4148	read_004148	mol_004148	2481936	2481936	2502755	theory_fixed
4149	read_004149	mol_004149	2482159	2482159	2502305	theory_fixed
4150	read_004150	mol_004150	2482266	2482266	2507571	theory_fixed
4151	read_004151	mol_004151	2482933	2482933	2499520	theory_fixed
4152	read_004152	mol_004152	2485084	2485084	2499321	theory_fixed
4153	read_004153	mol_004153	2485178	2485178	2503494	theory_fixed
4154	read_004154	mol_004154	2485702	2485702	2494015	theory_fixed
4155	read_004155	mol_004155	2487065	2487065	2505222	theory_fixed
4156	read_004156	mol_004156	2488009	2488009	2506740	theory_fixed
4157	read_004157	mol_004157	2488144	2488144	2504472	theory_fixed
4158	read_004158	mol_004158	2488489	2488489	2503823	theory_fixed
4159	read_004159	mol_004159	2489296	2489296	2510327	theory_fixed
4160	read_004160	mol_004160	2489667	2489667	2504131	theory_fixed
4161	read_004161	mol_004161	2489727	2489727	2505720	theory_fixed
4162	read_004162	mol_004162	2489799	2489799	2505514	theory_fixed
4163	read_004163	mol_004163	2489913	2489913	2506899	theory_fixed
4164	read_004164	mol_004164	2490297	2490297	2509920	theory_fixed
4165	read_004165	mol_004165	2491435	2491435	2518029	theory_fixed
4166	read_004166	mol_004166	2491637	2491637	2505832	theory_fixed
4167	read_004167	mol_004167	2491721	2491721	2507744	theory_fixed
4168	read_004168	mol_004168	2491965	2491965	2513596	theory_fixed
4169	read_004169	mol_004169	2494000	2494000	2514899	theory_fixed
4170	read_004170	mol_004170	2494903	2494903	2514795	theory_fixed
4171	read_004171	mol_004171	2495902	2495902	2512987	theory_fixed
4172	read_004172	mol_004172	2495990	2495990	2511163	theory_fixed
4173	read_004173	mol_004173	2495997	2495997	2525466	theory_fixed
4174	read_004174	mol_004174	2496282	2496282	2512825	theory_fixed
4175	read_004175	mol_004175	2496589	2496589	2519987	theory_fixed
4176	read_004176	mol_004176	2496641	2496641	2521446	theory_fixed
4177	read_004177	mol_004177	2497587	2497587	2522389	theory_fixed
4178	read_004178	mol_004178	2498002	2498002	2511311	theory_fixed
4179	read_004179	mol_004179	2500120	2500120	2517237	theory_fixed
4180	read_004180	mol_004180	2500145	2500145	2517769	theory_fixed
4181	read_004181	mol_004181	2500511	2500511	2516543	theory_fixed
4182	read_004182	mol_004182	2501214	2501214	2522575	theory_fixed
4183	read_004183	mol_004183	2501579	2501579	2516759	theory_fixed
4184	read_004184	mol_004184	2502275	2502275	2520820	theory_fixed
4185	read_004185	mol_004185	2502370	2502370	2522745	theory_fixed
4186	read_004186	mol_004186	2502656	2502656	2525709	theory_fixed
4187	read_004187	mol_004187	2502884	2502884	2518920	theory_fixed
4188	read_004188	mol_004188	2503643	2503643	2521572	theory_fixed
4189	read_004189	mol_004189	2504973	2504973	2525729	theory_fixed
4190	read_004190	mol_004190	2505114	2505114	2536441	theory_fixed
4191	read_004191	mol_004191	2505700	2505700	2520365	theory_fixed
4192	read_004192	mol_004192	2506068	2506068	2528390	theory_fixed
4193	read_004193	mol_004193	2506976	2506976	2522350	theory_fixed
4194	read_004194	mol_004194	2507050	2507050	2528484	theory_fixed
4195	read_004195	mol_004195	2507495	2507495	2523682	theory_fixed
4196	read_004196	mol_004196	2507506	2507506	2528162	theory_fixed
4197	read_004197	mol_004197	2507720	2507720	2523012	theory_fixed
4198	read_004198	mol_004198	2507941	2507941	2524645	theory_fixed
4199	read_004199	mol_004199	2508039	2508039	2531716	theory_fixed
4200	read_004200	mol_004200	2508164	2508164	2524433	theory_fixed
4201	read_004201	mol_004201	2508894	2508894	2526515	theory_fixed
4202	read_004202	mol_004202	2508963	2508963	2535992	theory_fixed
4203	read_004203	mol_004203	2509258	2509258	2520892	theory_fixed
4204	read_004204	mol_004204	2510963	2510963	2524661	theory_fixed
4205	read_004205	mol_004205	2511019	2511019	2531381	theory_fixed
4206	read_004206	mol_004206	2511902	2511902	2532192	theory_fixed
4207	read_004207	mol_004207	2513128	2513128	2526524	theory_fixed
4208	read_004208	mol_004208	2513595	2513595	2541013	theory_fixed
4209	read_004209	mol_004209	2516356	2516356	2542828	theory_fixed
4210	read_004210	mol_004210	2516779	2516779	2541251	theory_fixed
4211	read_004211	mol_004211	2517028	2517028	2539163	theory_fixed
4212	read_004212	mol_004212	2517483	2517483	2538519	theory_fixed
4213	read_004213	mol_004213	2517699	2517699	2532959	theory_fixed
4214	read_004214	mol_004214	2518929	2518929	2532237	theory_fixed
4215	read_004215	mol_004215	2520358	2520358	2540342	theory_fixed
4216	read_004216	mol_004216	2522795	2522795	2539436	theory_fixed
4217	read_004217	mol_004217	2522992	2522992	2541013	theory_fixed
4218	read_004218	mol_004218	2523062	2523062	2536764	theory_fixed
4219	read_004219	mol_004219	2524714	2524714	2540854	theory_fixed
4220	read_004220	mol_004220	2524838	2524838	2538489	theory_fixed
4221	read_004221	mol_004221	2525525	2525525	2544006	theory_fixed
4222	read_004222	mol_004222	2526221	2526221	2542569	theory_fixed
4223	read_004223	mol_004223	2526297	2526297	2538960	theory_fixed
4224	read_004224	mol_004224	2526537	2526537	2541354	theory_fixed
4225	read_004225	mol_004225	2526915	2526915	2549142	theory_fixed
4226	read_004226	mol_004226	2527575	2527575	2543695	theory_fixed
4227	read_004227	mol_004227	2528474	2528474	2542511	theory_fixed
4228	read_004228	mol_004228	2528537	2528537	2546684	theory_fixed
4229	read_004229	mol_004229	2528696	2528696	2546861	theory_fixed
4230	read_004230	mol_004230	2530200	2530200	2546102	theory_fixed
4231	read_004231	mol_004231	2530449	2530449	2549692	theory_fixed
4232	read_004232	mol_004232	2531069	2531069	2555879	theory_fixed
4233	read_004233	mol_004233	2531196	2531196	2545378	theory_fixed
4234	read_004234	mol_004234	2531326	2531326	2549448	theory_fixed
4235	read_004235	mol_004235	2532000	2532000	2548720	theory_fixed
4236	read_004236	mol_004236	2532838	2532838	2556807	theory_fixed
4237	read_004237	mol_004237	2532863	2532863	2551960	theory_fixed
4238	read_004238	mol_004238	2533044	2533044	2546969	theory_fixed
4239	read_004239	mol_004239	2533573	2533573	2543895	theory_fixed
4240	read_004240	mol_004240	2533822	2533822	2553290	theory_fixed
4241	read_004241	mol_004241	2533922	2533922	2552384	theory_fixed
4242	read_004242	mol_004242	2534511	2534511	2551293	theory_fixed
4243	read_004243	mol_004243	2534895	2534895	2546428	theory_fixed
4244	read_004244	mol_004244	2535750	2535750	2549666	theory_fixed
4245	read_004245	mol_004245	2535896	2535896	2549017	theory_fixed
4246	read_004246	mol_004246	2536015	2536015	2556116	theory_fixed
4247	read_004247	mol_004247	2536047	2536047	2548621	theory_fixed
4248	read_004248	mol_004248	2536409	2536409	2551821	theory_fixed
4249	read_004249	mol_004249	2537362	2537362	2557759	theory_fixed
4250	read_004250	mol_004250	2537572	2537572	2547756	theory_fixed
4251	read_004251	mol_004251	2537675	2537675	2562652	theory_fixed
4252	read_004252	mol_004252	2538076	2538076	2566623	theory_fixed
4253	read_004253	mol_004253	2538361	2538361	2552223	theory_fixed
4254	read_004254	mol_004254	2538910	2538910	2557475	theory_fixed
4255	read_004255	mol_004255	2540384	2540384	2563963	theory_fixed
4256	read_004256	mol_004256	2541007	2541007	2560391	theory_fixed
4257	read_004257	mol_004257	2541083	2541083	2558627	theory_fixed
4258	read_004258	mol_004258	2541396	2541396	2557202	theory_fixed
4259	read_004259	mol_004259	2543628	2543628	2557716	theory_fixed
4260	read_004260	mol_004260	2544755	2544755	2556624	theory_fixed
4261	read_004261	mol_004261	2544898	2544898	2571403	theory_fixed
4262	read_004262	mol_004262	2547195	2547195	2561964	theory_fixed
4263	read_004263	mol_004263	2547624	2547624	2562467	theory_fixed
4264	read_004264	mol_004264	2548600	2548600	2568284	theory_fixed
4265	read_004265	mol_004265	2549267	2549267	2569624	theory_fixed
4266	read_004266	mol_004266	2550206	2550206	2562273	theory_fixed
4267	read_004267	mol_004267	2550552	2550552	2578109	theory_fixed
4268	read_004268	mol_004268	2551733	2551733	2568713	theory_fixed
4269	read_004269	mol_004269	2552192	2552192	2571862	theory_fixed
4270	read_004270	mol_004270	2553589	2553589	2572213	theory_fixed
4271	read_004271	mol_004271	2554728	2554728	2572555	theory_fixed
4272	read_004272	mol_004272	2555517	2555517	2572422	theory_fixed
4273	read_004273	mol_004273	2555673	2555673	2573175	theory_fixed
4274	read_004274	mol_004274	2557674	2557674	2577958	theory_fixed
4275	read_004275	mol_004275	2560079	2560079	2581577	theory_fixed
4276	read_004276	mol_004276	2560272	2560272	2575036	theory_fixed
4277	read_004277	mol_004277	2562600	2562600	2572566	theory_fixed
4278	read_004278	mol_004278	2562688	2562688	2580381	theory_fixed
4279	read_004279	mol_004279	2563146	2563146	2575593	theory_fixed
4280	read_004280	mol_004280	2563668	2563668	2580832	theory_fixed
4281	read_004281	mol_004281	2564113	2564113	2585234	theory_fixed
4282	read_004282	mol_004282	2564462	2564462	2583033	theory_fixed
4283	read_004283	mol_004283	2564695	2564695	2586567	theory_fixed
4284	read_004284	mol_004284	2564768	2564768	2578426	theory_fixed
4285	read_004285	mol_004285	2565820	2565820	2587640	theory_fixed
4286	read_004286	mol_004286	2567228	2567228	2584233	theory_fixed
4287	read_004287	mol_004287	2567592	2567592	2591913	theory_fixed
4288	read_004288	mol_004288	2568101	2568101	2582778	theory_fixed
4289	read_004289	mol_004289	2568921	2568921	2589170	theory_fixed
4290	read_004290	mol_004290	2569464	2569464	2588860	theory_fixed
4291	read_004291	mol_004291	2570348	2570348	2586201	theory_fixed
4292	read_004292	mol_004292	2570746	2570746	2593467	theory_fixed
4293	read_004293	mol_004293	2571703	2571703	2593246	theory_fixed
4294	read_004294	mol_004294	2571802	2571802	2585415	theory_fixed
4295	read_004295	mol_004295	2571920	2571920	2586534	theory_fixed
4296	read_004296	mol_004296	2572703	2572703	2586996	theory_fixed
4297	read_004297	mol_004297	2573011	2573011	2593897	theory_fixed
4298	read_004298	mol_004298	2573338	2573338	2593888	theory_fixed
4299	read_004299	mol_004299	2573937	2573937	2588506	theory_fixed
4300	read_004300	mol_004300	2575248	2575248	2590962	theory_fixed
4301	read_004301	mol_004301	2576854	2576854	2602064	theory_fixed
4302	read_004302	mol_004302	2578305	2578305	2592146	theory_fixed
4303	read_004303	mol_004303	2578399	2578399	2598434	theory_fixed
4304	read_004304	mol_004304	2578515	2578515	2594179	theory_fixed
4305	read_004305	mol_004305	2579014	2579014	2597747	theory_fixed
4306	read_004306	mol_004306	2579025	2579025	2598593	theory_fixed
4307	read_004307	mol_004307	2579082	2579082	2598322	theory_fixed
4308	read_004308	mol_004308	2580309	2580309	2593105	theory_fixed
4309	read_004309	mol_004309	2580562	2580562	2598892	theory_fixed
4310	read_004310	mol_004310	2580566	2580566	2596580	theory_fixed
4311	read_004311	mol_004311	2581505	2581505	2594518	theory_fixed
4312	read_004312	mol_004312	2581692	2581692	2602768	theory_fixed
4313	read_004313	mol_004313	2582128	2582128	2609126	theory_fixed
4314	read_004314	mol_004314	2582229	2582229	2601841	theory_fixed
4315	read_004315	mol_004315	2582412	2582412	2592480	theory_fixed
4316	read_004316	mol_004316	2582977	2582977	2598009	theory_fixed
4317	read_004317	mol_004317	2583273	2583273	2594498	theory_fixed
4318	read_004318	mol_004318	2583677	2583677	2604919	theory_fixed
4319	read_004319	mol_004319	2584215	2584215	2601517	theory_fixed
4320	read_004320	mol_004320	2585313	2585313	2603833	theory_fixed
4321	read_004321	mol_004321	2585347	2585347	2598006	theory_fixed
4322	read_004322	mol_004322	2585561	2585561	2602546	theory_fixed
4323	read_004323	mol_004323	2586999	2586999	2609733	theory_fixed
4324	read_004324	mol_004324	2590179	2590179	2606212	theory_fixed
4325	read_004325	mol_004325	2590529	2590529	2610109	theory_fixed
4326	read_004326	mol_004326	2591318	2591318	2615228	theory_fixed
4327	read_004327	mol_004327	2591628	2591628	2606171	theory_fixed
4328	read_004328	mol_004328	2591822	2591822	2604244	theory_fixed
4329	read_004329	mol_004329	2592214	2592214	2616504	theory_fixed
4330	read_004330	mol_004330	2592440	2592440	2608319	theory_fixed
4331	read_004331	mol_004331	2593050	2593050	2612410	theory_fixed
4332	read_004332	mol_004332	2593398	2593398	2613459	theory_fixed
4333	read_004333	mol_004333	2593449	2593449	2606847	theory_fixed
4334	read_004334	mol_004334	2594545	2594545	2608715	theory_fixed
4335	read_004335	mol_004335	2595025	2595025	2607302	theory_fixed
4336	read_004336	mol_004336	2595658	2595658	2618814	theory_fixed
4337	read_004337	mol_004337	2596105	2596105	2622348	theory_fixed
4338	read_004338	mol_004338	2596882	2596882	2610707	theory_fixed
4339	read_004339	mol_004339	2597805	2597805	2616098	theory_fixed
4340	read_004340	mol_004340	2597979	2597979	2613386	theory_fixed
4341	read_004341	mol_004341	2598385	2598385	2611972	theory_fixed
4342	read_004342	mol_004342	2599087	2599087	2615663	theory_fixed
4343	read_004343	mol_004343	2599098	2599098	2612812	theory_fixed
4344	read_004344	mol_004344	2599546	2599546	2625949	theory_fixed
4345	read_004345	mol_004345	2600002	2600002	2614328	theory_fixed
4346	read_004346	mol_004346	2602332	2602332	2620560	theory_fixed
4347	read_004347	mol_004347	2602481	2602481	2622032	theory_fixed
4348	read_004348	mol_004348	2602573	2602573	2621552	theory_fixed
4349	read_004349	mol_004349	2603441	2603441	2617340	theory_fixed
4350	read_004350	mol_004350	2603680	2603680	2622912	theory_fixed
4351	read_004351	mol_004351	2604325	2604325	2616514	theory_fixed
4352	read_004352	mol_004352	2604684	2604684	2624751	theory_fixed
4353	read_004353	mol_004353	2604902	2604902	2620841	theory_fixed
4354	read_004354	mol_004354	2605327	2605327	2625386	theory_fixed
4355	read_004355	mol_004355	2605822	2605822	2620061	theory_fixed
4356	read_004356	mol_004356	2606237	2606237	2622627	theory_fixed
4357	read_004357	mol_004357	2606315	2606315	2625667	theory_fixed
4358	read_004358	mol_004358	2606372	2606372	2623584	theory_fixed
4359	read_004359	mol_004359	2606546	2606546	2623004	theory_fixed
4360	read_004360	mol_004360	2607421	2607421	2627106	theory_fixed
4361	read_004361	mol_004361	2608026	2608026	2628873	theory_fixed
4362	read_004362	mol_004362	2609624	2609624	2629973	theory_fixed
4363	read_004363	mol_004363	2610366	2610366	2626520	theory_fixed
4364	read_004364	mol_004364	2610776	2610776	2638296	theory_fixed
4365	read_004365	mol_004365	2611056	2611056	2627134	theory_fixed
4366	read_004366	mol_004366	2611232	2611232	2623452	theory_fixed
4367	read_004367	mol_004367	2611895	2611895	2628725	theory_fixed
4368	read_004368	mol_004368	2612761	2612761	2628151	theory_fixed
4369	read_004369	mol_004369	2612783	2612783	2630700	theory_fixed
4370	read_004370	mol_004370	2612841	2612841	2632667	theory_fixed
4371	read_004371	mol_004371	2613108	2613108	2630862	theory_fixed
4372	read_004372	mol_004372	2613339	2613339	2635603	theory_fixed
4373	read_004373	mol_004373	2613531	2613531	2635366	theory_fixed
4374	read_004374	mol_004374	2614689	2614689	2635012	theory_fixed
4375	read_004375	mol_004375	2615880	2615880	2631801	theory_fixed
4376	read_004376	mol_004376	2616387	2616387	2628497	theory_fixed
4377	read_004377	mol_004377	2619210	2619210	2637019	theory_fixed
4378	read_004378	mol_004378	2619222	2619222	2631734	theory_fixed
4379	read_004379	mol_004379	2619893	2619893	2634385	theory_fixed
4380	read_004380	mol_004380	2619909	2619909	2635618	theory_fixed
4381	read_004381	mol_004381	2619972	2619972	2633530	theory_fixed
4382	read_004382	mol_004382	2619981	2619981	2645146	theory_fixed
4383	read_004383	mol_004383	2620390	2620390	2632276	theory_fixed
4384	read_004384	mol_004384	2621021	2621021	2646489	theory_fixed
4385	read_004385	mol_004385	2621872	2621872	2637672	theory_fixed
4386	read_004386	mol_004386	2622274	2622274	2640208	theory_fixed
4387	read_004387	mol_004387	2622280	2622280	2637075	theory_fixed
4388	read_004388	mol_004388	2622819	2622819	2641554	theory_fixed
4389	read_004389	mol_004389	2622977	2622977	2636543	theory_fixed
4390	read_004390	mol_004390	2623229	2623229	2651146	theory_fixed
4391	read_004391	mol_004391	2625090	2625090	2646647	theory_fixed
4392	read_004392	mol_004392	2626095	2626095	2642354	theory_fixed
4393	read_004393	mol_004393	2627014	2627014	2641728	theory_fixed
4394	read_004394	mol_004394	2628973	2628973	2645367	theory_fixed
4395	read_004395	mol_004395	2629821	2629821	2652522	theory_fixed
4396	read_004396	mol_004396	2631407	2631407	2648933	theory_fixed
4397	read_004397	mol_004397	2631732	2631732	2647420	theory_fixed
4398	read_004398	mol_004398	2632785	2632785	2660644	theory_fixed
4399	read_004399	mol_004399	2633271	2633271	2648268	theory_fixed
4400	read_004400	mol_004400	2633664	2633664	2645587	theory_fixed
4401	read_004401	mol_004401	2633819	2633819	2648099	theory_fixed
4402	read_004402	mol_004402	2635009	2635009	2648932	theory_fixed
4403	read_004403	mol_004403	2636403	2636403	2648897	theory_fixed
4404	read_004404	mol_004404	2637174	2637174	2662849	theory_fixed
4405	read_004405	mol_004405	2638580	2638580	2660362	theory_fixed
4406	read_004406	mol_004406	2640955	2640955	2656485	theory_fixed
4407	read_004407	mol_004407	2641213	2641213	2654780	theory_fixed
4408	read_004408	mol_004408	2641436	2641436	2660909	theory_fixed
4409	read_004409	mol_004409	2642151	2642151	2666590	theory_fixed
4410	read_004410	mol_004410	2642800	2642800	2664005	theory_fixed
4411	read_004411	mol_004411	2643859	2643859	2659724	theory_fixed
4412	read_004412	mol_004412	2644046	2644046	2666797	theory_fixed
4413	read_004413	mol_004413	2644134	2644134	2664610	theory_fixed
4414	read_004414	mol_004414	2646416	2646416	2663881	theory_fixed
4415	read_004415	mol_004415	2646460	2646460	2664764	theory_fixed
4416	read_004416	mol_004416	2646719	2646719	2660590	theory_fixed
4417	read_004417	mol_004417	2646785	2646785	2660114	theory_fixed
4418	read_004418	mol_004418	2648053	2648053	2664485	theory_fixed
4419	read_004419	mol_004419	2648191	2648191	2670257	theory_fixed
4420	read_004420	mol_004420	2650503	2650503	2672906	theory_fixed
4421	read_004421	mol_004421	2650527	2650527	2664429	theory_fixed
4422	read_004422	mol_004422	2651110	2651110	2666183	theory_fixed
4423	read_004423	mol_004423	2651786	2651786	2667657	theory_fixed
4424	read_004424	mol_004424	2651788	2651788	2674063	theory_fixed
4425	read_004425	mol_004425	2651813	2651813	2665630	theory_fixed
4426	read_004426	mol_004426	2652808	2652808	2668850	theory_fixed
4427	read_004427	mol_004427	2652825	2652825	2666380	theory_fixed
4428	read_004428	mol_004428	2653041	2653041	2670135	theory_fixed
4429	read_004429	mol_004429	2653816	2653816	2669071	theory_fixed
4430	read_004430	mol_004430	2654074	2654074	2669231	theory_fixed
4431	read_004431	mol_004431	2654525	2654525	2665719	theory_fixed
4432	read_004432	mol_004432	2654917	2654917	2667421	theory_fixed
4433	read_004433	mol_004433	2656040	2656040	2675354	theory_fixed
4434	read_004434	mol_004434	2657001	2657001	2674052	theory_fixed
4435	read_004435	mol_004435	2657179	2657179	2673681	theory_fixed
4436	read_004436	mol_004436	2657303	2657303	2673201	theory_fixed
4437	read_004437	mol_004437	2657885	2657885	2669737	theory_fixed
4438	read_004438	mol_004438	2658492	2658492	2676405	theory_fixed
4439	read_004439	mol_004439	2659232	2659232	2678992	theory_fixed
4440	read_004440	mol_004440	2660038	2660038	2670669	theory_fixed
4441	read_004441	mol_004441	2660891	2660891	2677758	theory_fixed
4442	read_004442	mol_004442	2661942	2661942	2682223	theory_fixed
4443	read_004443	mol_004443	2662300	2662300	2681842	theory_fixed
4444	read_004444	mol_004444	2662521	2662521	2682015	theory_fixed
4445	read_004445	mol_004445	2663286	2663286	2687223	theory_fixed
4446	read_004446	mol_004446	2664119	2664119	2690274	theory_fixed
4447	read_004447	mol_004447	2664649	2664649	2686206	theory_fixed
4448	read_004448	mol_004448	2664921	2664921	2681821	theory_fixed
4449	read_004449	mol_004449	2665330	2665330	2693638	theory_fixed
4450	read_004450	mol_004450	2665634	2665634	2683954	theory_fixed
4451	read_004451	mol_004451	2666557	2666557	2688514	theory_fixed
4452	read_004452	mol_004452	2667293	2667293	2683910	theory_fixed
4453	read_004453	mol_004453	2667330	2667330	2697291	theory_fixed
4454	read_004454	mol_004454	2668538	2668538	2680928	theory_fixed
4455	read_004455	mol_004455	2669820	2669820	2683567	theory_fixed
4456	read_004456	mol_004456	2670380	2670380	2691910	theory_fixed
4457	read_004457	mol_004457	2671695	2671695	2686442	theory_fixed
4458	read_004458	mol_004458	2671851	2671851	2687871	theory_fixed
4459	read_004459	mol_004459	2672452	2672452	2690592	theory_fixed
4460	read_004460	mol_004460	2672922	2672922	2688914	theory_fixed
4461	read_004461	mol_004461	2673683	2673683	2694403	theory_fixed
4462	read_004462	mol_004462	2674691	2674691	2686969	theory_fixed
4463	read_004463	mol_004463	2674986	2674986	2684612	theory_fixed
4464	read_004464	mol_004464	2675877	2675877	2696550	theory_fixed
4465	read_004465	mol_004465	2676073	2676073	2690136	theory_fixed
4466	read_004466	mol_004466	2676115	2676115	2688803	theory_fixed
4467	read_004467	mol_004467	2677270	2677270	2698363	theory_fixed
4468	read_004468	mol_004468	2677374	2677374	2695851	theory_fixed
4469	read_004469	mol_004469	2678306	2678306	2698765	theory_fixed
4470	read_004470	mol_004470	2679244	2679244	2694488	theory_fixed
4471	read_004471	mol_004471	2679276	2679276	2695788	theory_fixed
4472	read_004472	mol_004472	2680000	2680000	2707734	theory_fixed
4473	read_004473	mol_004473	2680095	2680095	2697155	theory_fixed
4474	read_004474	mol_004474	2681478	2681478	2703300	theory_fixed
4475	read_004475	mol_004475	2681722	2681722	2701208	theory_fixed
4476	read_004476	mol_004476	2682733	2682733	2702219	theory_fixed
4477	read_004477	mol_004477	2682920	2682920	2703333	theory_fixed
4478	read_004478	mol_004478	2684688	2684688	2696121	theory_fixed
4479	read_004479	mol_004479	2685662	2685662	2705796	theory_fixed
4480	read_004480	mol_004480	2687024	2687024	2710039	theory_fixed
4481	read_004481	mol_004481	2687328	2687328	2697903	theory_fixed
4482	read_004482	mol_004482	2687707	2687707	2704948	theory_fixed
4483	read_004483	mol_004483	2688445	2688445	2704486	theory_fixed
4484	read_004484	mol_004484	2689290	2689290	2705753	theory_fixed
4485	read_004485	mol_004485	2689762	2689762	2709492	theory_fixed
4486	read_004486	mol_004486	2690543	2690543	2710401	theory_fixed
4487	read_004487	mol_004487	2690605	2690605	2706875	theory_fixed
4488	read_004488	mol_004488	2690927	2690927	2706151	theory_fixed
4489	read_004489	mol_004489	2692205	2692205	2720092	theory_fixed
4490	read_004490	mol_004490	2692304	2692304	2705000	theory_fixed
4491	read_004491	mol_004491	2693245	2693245	2704851	theory_fixed
4492	read_004492	mol_004492	2693801	2693801	2713710	theory_fixed
4493	read_004493	mol_004493	2694075	2694075	2712565	theory_fixed
4494	read_004494	mol_004494	2694749	2694749	2712509	theory_fixed
4495	read_004495	mol_004495	2694975	2694975	2717379	theory_fixed
4496	read_004496	mol_004496	2694991	2694991	2710932	theory_fixed
4497	read_004497	mol_004497	2695145	2695145	2711651	theory_fixed
4498	read_004498	mol_004498	2695563	2695563	2712277	theory_fixed
4499	read_004499	mol_004499	2696711	2696711	2720341	theory_fixed
4500	read_004500	mol_004500	2697851	2697851	2728381	theory_fixed
4501	read_004501	mol_004501	2698954	2698954	2715789	theory_fixed
4502	read_004502	mol_004502	2700993	2700993	2717798	theory_fixed
4503	read_004503	mol_004503	2701160	2701160	2717781	theory_fixed
4504	read_004504	mol_004504	2701243	2701243	2715161	theory_fixed
4505	read_004505	mol_004505	2702708	2702708	2718204	theory_fixed
4506	read_004506	mol_004506	2703458	2703458	2726182	theory_fixed
4507	read_004507	mol_004507	2704114	2704114	2720698	theory_fixed
4508	read_004508	mol_004508	2704489	2704489	2730784	theory_fixed
4509	read_004509	mol_004509	2705421	2705421	2726669	theory_fixed
4510	read_004510	mol_004510	2705430	2705430	2725834	theory_fixed
4511	read_004511	mol_004511	2706421	2706421	2736223	theory_fixed
4512	read_004512	mol_004512	2706709	2706709	2719935	theory_fixed
4513	read_004513	mol_004513	2707133	2707133	2727931	theory_fixed
4514	read_004514	mol_004514	2707260	2707260	2723068	theory_fixed
4515	read_004515	mol_004515	2707430	2707430	2725889	theory_fixed
4516	read_004516	mol_004516	2707762	2707762	2721929	theory_fixed
4517	read_004517	mol_004517	2707834	2707834	2727400	theory_fixed
4518	read_004518	mol_004518	2707929	2707929	2729909	theory_fixed
4519	read_004519	mol_004519	2708016	2708016	2729080	theory_fixed
4520	read_004520	mol_004520	2708089	2708089	2722686	theory_fixed
4521	read_004521	mol_004521	2708668	2708668	2728662	theory_fixed
4522	read_004522	mol_004522	2708685	2708685	2726528	theory_fixed
4523	read_004523	mol_004523	2709234	2709234	2721101	theory_fixed
4524	read_004524	mol_004524	2710673	2710673	2723137	theory_fixed
4525	read_004525	mol_004525	2710739	2710739	2727739	theory_fixed
4526	read_004526	mol_004526	2710807	2710807	2727469	theory_fixed
4527	read_004527	mol_004527	2712188	2712188	2729704	theory_fixed
4528	read_004528	mol_004528	2713704	2713704	2726736	theory_fixed
4529	read_004529	mol_004529	2714660	2714660	2737403	theory_fixed
4530	read_004530	mol_004530	2716377	2716377	2732995	theory_fixed
4531	read_004531	mol_004531	2717292	2717292	2730101	theory_fixed
4532	read_004532	mol_004532	2717312	2717312	2736403	theory_fixed
4533	read_004533	mol_004533	2717405	2717405	2742552	theory_fixed
4534	read_004534	mol_004534	2717653	2717653	2732976	theory_fixed
4535	read_004535	mol_004535	2717956	2717956	2737807	theory_fixed
4536	read_004536	mol_004536	2718181	2718181	2732701	theory_fixed
4537	read_004537	mol_004537	2718807	2718807	2731881	theory_fixed
4538	read_004538	mol_004538	2719220	2719220	2739292	theory_fixed
4539	read_004539	mol_004539	2719713	2719713	2737509	theory_fixed
4540	read_004540	mol_004540	2719824	2719824	2736100	theory_fixed
4541	read_004541	mol_004541	2719848	2719848	2743874	theory_fixed
4542	read_004542	mol_004542	2721914	2721914	2743289	theory_fixed
4543	read_004543	mol_004543	2723267	2723267	2741571	theory_fixed
4544	read_004544	mol_004544	2723853	2723853	2740615	theory_fixed
4545	read_004545	mol_004545	2724098	2724098	2741302	theory_fixed
4546	read_004546	mol_004546	2724442	2724442	2745664	theory_fixed
4547	read_004547	mol_004547	2724903	2724903	2742390	theory_fixed
4548	read_004548	mol_004548	2724915	2724915	2741373	theory_fixed
4549	read_004549	mol_004549	2726087	2726087	2748589	theory_fixed
4550	read_004550	mol_004550	2726826	2726826	2748813	theory_fixed
4551	read_004551	mol_004551	2727520	2727520	2741815	theory_fixed
4552	read_004552	mol_004552	2727850	2727850	2750920	theory_fixed
4553	read_004553	mol_004553	2727978	2727978	2744392	theory_fixed
4554	read_004554	mol_004554	2728491	2728491	2746426	theory_fixed
4555	read_004555	mol_004555	2729681	2729681	2741549	theory_fixed
4556	read_004556	mol_004556	2730771	2730771	2747151	theory_fixed
4557	read_004557	mol_004557	2731801	2731801	2743734	theory_fixed
4558	read_004558	mol_004558	2732741	2732741	2750140	theory_fixed
4559	read_004559	mol_004559	2733112	2733112	2748401	theory_fixed
4560	read_004560	mol_004560	2733864	2733864	2747715	theory_fixed
4561	read_004561	mol_004561	2734385	2734385	2747237	theory_fixed
4562	read_004562	mol_004562	2734658	2734658	2752486	theory_fixed
4563	read_004563	mol_004563	2734836	2734836	2746532	theory_fixed
4564	read_004564	mol_004564	2735605	2735605	2748889	theory_fixed
4565	read_004565	mol_004565	2736054	2736054	2748078	theory_fixed
4566	read_004566	mol_004566	2736598	2736598	2760106	theory_fixed
4567	read_004567	mol_004567	2737040	2737040	2760040	theory_fixed
4568	read_004568	mol_004568	2737968	2737968	2762771	theory_fixed
4569	read_004569	mol_004569	2738384	2738384	2747629	theory_fixed
4570	read_004570	mol_004570	2739894	2739894	2762335	theory_fixed
4571	read_004571	mol_004571	2740126	2740126	2755994	theory_fixed
4572	read_004572	mol_004572	2740164	2740164	2759648	theory_fixed
4573	read_004573	mol_004573	2740855	2740855	2760579	theory_fixed
4574	read_004574	mol_004574	2740936	2740936	2762125	theory_fixed
4575	read_004575	mol_004575	2740941	2740941	2759234	theory_fixed
4576	read_004576	mol_004576	2741122	2741122	2754991	theory_fixed
4577	read_004577	mol_004577	2741214	2741214	2766263	theory_fixed
4578	read_004578	mol_004578	2742651	2742651	2759730	theory_fixed
4579	read_004579	mol_004579	2744454	2744454	2763171	theory_fixed
4580	read_004580	mol_004580	2745151	2745151	2759971	theory_fixed
4581	read_004581	mol_004581	2746153	2746153	2766435	theory_fixed
4582	read_004582	mol_004582	2746514	2746514	2759623	theory_fixed
4583	read_004583	mol_004583	2747959	2747959	2762918	theory_fixed
4584	read_004584	mol_004584	2748173	2748173	2762858	theory_fixed
4585	read_004585	mol_004585	2749580	2749580	2769012	theory_fixed
4586	read_004586	mol_004586	2750440	2750440	2771620	theory_fixed
4587	read_004587	mol_004587	2750677	2750677	2763167	theory_fixed
4588	read_004588	mol_004588	2751088	2751088	2767364	theory_fixed
4589	read_004589	mol_004589	2751381	2751381	2778545	theory_fixed
4590	read_004590	mol_004590	2751821	2751821	2763987	theory_fixed
4591	read_004591	mol_004591	2752690	2752690	2765828	theory_fixed
4592	read_004592	mol_004592	2753915	2753915	2776305	theory_fixed
4593	read_004593	mol_004593	2754036	2754036	2767593	theory_fixed
4594	read_004594	mol_004594	2755362	2755362	2774923	theory_fixed
4595	read_004595	mol_004595	2755475	2755475	2766863	theory_fixed
4596	read_004596	mol_004596	2757398	2757398	2771161	theory_fixed
4597	read_004597	mol_004597	2757436	2757436	2768731	theory_fixed
4598	read_004598	mol_004598	2757506	2757506	2774193	theory_fixed
4599	read_004599	mol_004599	2757753	2757753	2776320	theory_fixed
4600	read_004600	mol_004600	2758566	2758566	2775774	theory_fixed
4601	read_004601	mol_004601	2759374	2759374	2780599	theory_fixed
4602	read_004602	mol_004602	2760451	2760451	2772321	theory_fixed
4603	read_004603	mol_004603	2760592	2760592	2776203	theory_fixed
4604	read_004604	mol_004604	2760734	2760734	2782530	theory_fixed
4605	read_004605	mol_004605	2760911	2760911	2774664	theory_fixed
4606	read_004606	mol_004606	2761158	2761158	2781488	theory_fixed
4607	read_004607	mol_004607	2761349	2761349	2776275	theory_fixed
4608	read_004608	mol_004608	2761623	2761623	2778680	theory_fixed
4609	read_004609	mol_004609	2761642	2761642	2777669	theory_fixed
4610	read_004610	mol_004610	2761759	2761759	2785024	theory_fixed
4611	read_004611	mol_004611	2761839	2761839	2779107	theory_fixed
4612	read_004612	mol_004612	2761856	2761856	2778669	theory_fixed
4613	read_004613	mol_004613	2762594	2762594	2779131	theory_fixed
4614	read_004614	mol_004614	2762643	2762643	2785225	theory_fixed
4615	read_004615	mol_004615	2762879	2762879	2783565	theory_fixed
4616	read_004616	mol_004616	2763262	2763262	2781121	theory_fixed
4617	read_004617	mol_004617	2763779	2763779	2777498	theory_fixed
4618	read_004618	mol_004618	2765013	2765013	2782886	theory_fixed
4619	read_004619	mol_004619	2765841	2765841	2783302	theory_fixed
4620	read_004620	mol_004620	2765847	2765847	2792362	theory_fixed
4621	read_004621	mol_004621	2766394	2766394	2778281	theory_fixed
4622	read_004622	mol_004622	2767160	2767160	2800446	theory_fixed
4623	read_004623	mol_004623	2767203	2767203	2787557	theory_fixed
4624	read_004624	mol_004624	2767544	2767544	2781096	theory_fixed
4625	read_004625	mol_004625	2767549	2767549	2783534	theory_fixed
4626	read_004626	mol_004626	2768240	2768240	2782956	theory_fixed
4627	read_004627	mol_004627	2768654	2768654	2785240	theory_fixed
4628	read_004628	mol_004628	2768962	2768962	2789743	theory_fixed
4629	read_004629	mol_004629	2769785	2769785	2785219	theory_fixed
4630	read_004630	mol_004630	2770441	2770441	2787874	theory_fixed
4631	read_004631	mol_004631	2771034	2771034	2795146	theory_fixed
4632	read_004632	mol_004632	2771106	2771106	2793385	theory_fixed
4633	read_004633	mol_004633	2773219	2773219	2792916	theory_fixed
4634	read_004634	mol_004634	2773231	2773231	2792110	theory_fixed
4635	read_004635	mol_004635	2777327	2777327	2797701	theory_fixed
4636	read_004636	mol_004636	2778217	2778217	2796031	theory_fixed
4637	read_004637	mol_004637	2778366	2778366	2795651	theory_fixed
4638	read_004638	mol_004638	2778661	2778661	2797406	theory_fixed
4639	read_004639	mol_004639	2779060	2779060	2796476	theory_fixed
4640	read_004640	mol_004640	2779323	2779323	2804814	theory_fixed
4641	read_004641	mol_004641	2780877	2780877	2802264	theory_fixed
4642	read_004642	mol_004642	2781460	2781460	2797284	theory_fixed
4643	read_004643	mol_004643	2781652	2781652	2800492	theory_fixed
4644	read_004644	mol_004644	2782540	2782540	2796526	theory_fixed
4645	read_004645	mol_004645	2783119	2783119	2797130	theory_fixed
4646	read_004646	mol_004646	2784470	2784470	2805354	theory_fixed
4647	read_004647	mol_004647	2784787	2784787	2806813	theory_fixed
4648	read_004648	mol_004648	2784942	2784942	2803754	theory_fixed
4649	read_004649	mol_004649	2784975	2784975	2798763	theory_fixed
4650	read_004650	mol_004650	2785385	2785385	2802657	theory_fixed
4651	read_004651	mol_004651	2785436	2785436	2803038	theory_fixed
4652	read_004652	mol_004652	2785782	2785782	2806685	theory_fixed
4653	read_004653	mol_004653	2786719	2786719	2808248	theory_fixed
4654	read_004654	mol_004654	2787833	2787833	2802414	theory_fixed
4655	read_004655	mol_004655	2788302	2788302	2803582	theory_fixed
4656	read_004656	mol_004656	2788647	2788647	2802103	theory_fixed
4657	read_004657	mol_004657	2788956	2788956	2805078	theory_fixed
4658	read_004658	mol_004658	2790353	2790353	2809808	theory_fixed
4659	read_004659	mol_004659	2791004	2791004	2817542	theory_fixed
4660	read_004660	mol_004660	2791241	2791241	2810689	theory_fixed
4661	read_004661	mol_004661	2791248	2791248	2814141	theory_fixed
4662	read_004662	mol_004662	2791338	2791338	2812463	theory_fixed
4663	read_004663	mol_004663	2791671	2791671	2807149	theory_fixed
4664	read_004664	mol_004664	2792291	2792291	2813871	theory_fixed
4665	read_004665	mol_004665	2792537	2792537	2808571	theory_fixed
4666	read_004666	mol_004666	2795544	2795544	2815213	theory_fixed
4667	read_004667	mol_004667	2795766	2795766	2815912	theory_fixed
4668	read_004668	mol_004668	2796113	2796113	2812699	theory_fixed
4669	read_004669	mol_004669	2796647	2796647	2811009	theory_fixed
4670	read_004670	mol_004670	2796749	2796749	2811776	theory_fixed
4671	read_004671	mol_004671	2798610	2798610	2814322	theory_fixed
4672	read_004672	mol_004672	2798658	2798658	2820124	theory_fixed
4673	read_004673	mol_004673	2798714	2798714	2813190	theory_fixed
4674	read_004674	mol_004674	2798848	2798848	2813557	theory_fixed
4675	read_004675	mol_004675	2800174	2800174	2817189	theory_fixed
4676	read_004676	mol_004676	2800487	2800487	2819852	theory_fixed
4677	read_004677	mol_004677	2801285	2801285	2819481	theory_fixed
4678	read_004678	mol_004678	2801549	2801549	2815573	theory_fixed
4679	read_004679	mol_004679	2801615	2801615	2821119	theory_fixed
4680	read_004680	mol_004680	2801818	2801818	2822906	theory_fixed
4681	read_004681	mol_004681	2802743	2802743	2826400	theory_fixed
4682	read_004682	mol_004682	2803005	2803005	2821358	theory_fixed
4683	read_004683	mol_004683	2803089	2803089	2819133	theory_fixed
4684	read_004684	mol_004684	2803528	2803528	2825197	theory_fixed
4685	read_004685	mol_004685	2804646	2804646	2825541	theory_fixed
4686	read_004686	mol_004686	2804940	2804940	2819139	theory_fixed
4687	read_004687	mol_004687	2809317	2809317	2829550	theory_fixed
4688	read_004688	mol_004688	2809737	2809737	2826864	theory_fixed
4689	read_004689	mol_004689	2811047	2811047	2836360	theory_fixed
4690	read_004690	mol_004690	2812147	2812147	2835764	theory_fixed
4691	read_004691	mol_004691	2812753	2812753	2837040	theory_fixed
4692	read_004692	mol_004692	2812789	2812789	2826784	theory_fixed
4693	read_004693	mol_004693	2812920	2812920	2827003	theory_fixed
4694	read_004694	mol_004694	2813590	2813590	2827376	theory_fixed
4695	read_004695	mol_004695	2813757	2813757	2828429	theory_fixed
4696	read_004696	mol_004696	2814268	2814268	2830398	theory_fixed
4697	read_004697	mol_004697	2814338	2814338	2827841	theory_fixed
4698	read_004698	mol_004698	2815845	2815845	2833630	theory_fixed
4699	read_004699	mol_004699	2816112	2816112	2836425	theory_fixed
4700	read_004700	mol_004700	2816694	2816694	2839976	theory_fixed
4701	read_004701	mol_004701	2817369	2817369	2837675	theory_fixed
4702	read_004702	mol_004702	2817718	2817718	2834759	theory_fixed
4703	read_004703	mol_004703	2817754	2817754	2831486	theory_fixed
4704	read_004704	mol_004704	2818141	2818141	2831635	theory_fixed
4705	read_004705	mol_004705	2818767	2818767	2833206	theory_fixed
4706	read_004706	mol_004706	2819127	2819127	2834626	theory_fixed
4707	read_004707	mol_004707	2819648	2819648	2840719	theory_fixed
4708	read_004708	mol_004708	2820207	2820207	2833625	theory_fixed
4709	read_004709	mol_004709	2820711	2820711	2838325	theory_fixed
4710	read_004710	mol_004710	2820928	2820928	2841759	theory_fixed
4711	read_004711	mol_004711	2820959	2820959	2833519	theory_fixed
4712	read_004712	mol_004712	2821058	2821058	2837766	theory_fixed
4713	read_004713	mol_004713	2821105	2821105	2840944	theory_fixed
4714	read_004714	mol_004714	2821287	2821287	2838999	theory_fixed
4715	read_004715	mol_004715	2822307	2822307	2836132	theory_fixed
4716	read_004716	mol_004716	2822508	2822508	2844710	theory_fixed
4717	read_004717	mol_004717	2823651	2823651	2842618	theory_fixed
4718	read_004718	mol_004718	2823698	2823698	2844554	theory_fixed
4719	read_004719	mol_004719	2826176	2826176	2842351	theory_fixed
4720	read_004720	mol_004720	2826267	2826267	2847431	theory_fixed
4721	read_004721	mol_004721	2826563	2826563	2843087	theory_fixed
4722	read_004722	mol_004722	2827433	2827433	2842094	theory_fixed
4723	read_004723	mol_004723	2827503	2827503	2844501	theory_fixed
4724	read_004724	mol_004724	2828340	2828340	2845305	theory_fixed
4725	read_004725	mol_004725	2828607	2828607	2845071	theory_fixed
4726	read_004726	mol_004726	2830095	2830095	2845718	theory_fixed
4727	read_004727	mol_004727	2830527	2830527	2845555	theory_fixed
4728	read_004728	mol_004728	2831098	2831098	2850590	theory_fixed
4729	read_004729	mol_004729	2831455	2831455	2846171	theory_fixed
4730	read_004730	mol_004730	2831817	2831817	2850322	theory_fixed
4731	read_004731	mol_004731	2831902	2831902	2853780	theory_fixed
4732	read_004732	mol_004732	2831934	2831934	2845817	theory_fixed
4733	read_004733	mol_004733	2833770	2833770	2850690	theory_fixed
4734	read_004734	mol_004734	2834523	2834523	2851437	theory_fixed
4735	read_004735	mol_004735	2835142	2835142	2853358	theory_fixed
4736	read_004736	mol_004736	2835148	2835148	2852792	theory_fixed
4737	read_004737	mol_004737	2835309	2835309	2851495	theory_fixed
4738	read_004738	mol_004738	2836815	2836815	2852676	theory_fixed
4739	read_004739	mol_004739	2837097	2837097	2860775	theory_fixed
4740	read_004740	mol_004740	2838109	2838109	2868522	theory_fixed
4741	read_004741	mol_004741	2838122	2838122	2853853	theory_fixed
4742	read_004742	mol_004742	2840152	2840152	2860906	theory_fixed
4743	read_004743	mol_004743	2841179	2841179	2858228	theory_fixed
4744	read_004744	mol_004744	2842894	2842894	2862929	theory_fixed
4745	read_004745	mol_004745	2843866	2843866	2858717	theory_fixed
4746	read_004746	mol_004746	2843929	2843929	2857202	theory_fixed
4747	read_004747	mol_004747	2844472	2844472	2855213	theory_fixed
4748	read_004748	mol_004748	2844510	2844510	2861988	theory_fixed
4749	read_004749	mol_004749	2844517	2844517	2858912	theory_fixed
4750	read_004750	mol_004750	2845376	2845376	2857503	theory_fixed
4751	read_004751	mol_004751	2846139	2846139	2866045	theory_fixed
4752	read_004752	mol_004752	2847198	2847198	2868971	theory_fixed
4753	read_004753	mol_004753	2847745	2847745	2865630	theory_fixed
4754	read_004754	mol_004754	2848039	2848039	2864437	theory_fixed
4755	read_004755	mol_004755	2848411	2848411	2872201	theory_fixed
4756	read_004756	mol_004756	2849090	2849090	2862693	theory_fixed
4757	read_004757	mol_004757	2849095	2849095	2865893	theory_fixed
4758	read_004758	mol_004758	2849310	2849310	2868440	theory_fixed
4759	read_004759	mol_004759	2849603	2849603	2864822	theory_fixed
4760	read_004760	mol_004760	2850310	2850310	2865029	theory_fixed
4761	read_004761	mol_004761	2851360	2851360	2871810	theory_fixed
4762	read_004762	mol_004762	2852889	2852889	2867088	theory_fixed
4763	read_004763	mol_004763	2853501	2853501	2875001	theory_fixed
4764	read_004764	mol_004764	2853502	2853502	2869885	theory_fixed
4765	read_004765	mol_004765	2853507	2853507	2871566	theory_fixed
4766	read_004766	mol_004766	2854135	2854135	2874658	theory_fixed
4767	read_004767	mol_004767	2855681	2855681	2879756	theory_fixed
4768	read_004768	mol_004768	2855825	2855825	2869062	theory_fixed
4769	read_004769	mol_004769	2856001	2856001	2871780	theory_fixed
4770	read_004770	mol_004770	2856188	2856188	2871354	theory_fixed
4771	read_004771	mol_004771	2858210	2858210	2884798	theory_fixed
4772	read_004772	mol_004772	2858214	2858214	2874840	theory_fixed
4773	read_004773	mol_004773	2860074	2860074	2877497	theory_fixed
4774	read_004774	mol_004774	2860195	2860195	2878597	theory_fixed
4775	read_004775	mol_004775	2860597	2860597	2879911	theory_fixed
4776	read_004776	mol_004776	2861129	2861129	2891540	theory_fixed
4777	read_004777	mol_004777	2861753	2861753	2879691	theory_fixed
4778	read_004778	mol_004778	2862480	2862480	2877742	theory_fixed
4779	read_004779	mol_004779	2862750	2862750	2881238	theory_fixed
4780	read_004780	mol_004780	2862862	2862862	2877753	theory_fixed
4781	read_004781	mol_004781	2863871	2863871	2893119	theory_fixed
4782	read_004782	mol_004782	2863874	2863874	2879245	theory_fixed
4783	read_004783	mol_004783	2864039	2864039	2883599	theory_fixed
4784	read_004784	mol_004784	2865599	2865599	2894574	theory_fixed
4785	read_004785	mol_004785	2865612	2865612	2888933	theory_fixed
4786	read_004786	mol_004786	2865728	2865728	2880580	theory_fixed
4787	read_004787	mol_004787	2865893	2865893	2882019	theory_fixed
4788	read_004788	mol_004788	2867543	2867543	2882692	theory_fixed
4789	read_004789	mol_004789	2867640	2867640	2886678	theory_fixed
4790	read_004790	mol_004790	2867695	2867695	2882644	theory_fixed
4791	read_004791	mol_004791	2867911	2867911	2885948	theory_fixed
4792	read_004792	mol_004792	2868423	2868423	2887559	theory_fixed
4793	read_004793	mol_004793	2868921	2868921	2887070	theory_fixed
4794	read_004794	mol_004794	2869530	2869530	2889617	theory_fixed
4795	read_004795	mol_004795	2870524	2870524	2886492	theory_fixed
4796	read_004796	mol_004796	2870581	2870581	2896266	theory_fixed
4797	read_004797	mol_004797	2870741	2870741	2894010	theory_fixed
4798	read_004798	mol_004798	2870967	2870967	2892588	theory_fixed
4799	read_004799	mol_004799	2871083	2871083	2890282	theory_fixed
4800	read_004800	mol_004800	2871712	2871712	2884769	theory_fixed
4801	read_004801	mol_004801	2873382	2873382	2892262	theory_fixed
4802	read_004802	mol_004802	2873798	2873798	2894535	theory_fixed
4803	read_004803	mol_004803	2874262	2874262	2896189	theory_fixed
4804	read_004804	mol_004804	2874918	2874918	2893307	theory_fixed
4805	read_004805	mol_004805	2876237	2876237	2890150	theory_fixed
4806	read_004806	mol_004806	2876262	2876262	2891150	theory_fixed
4807	read_004807	mol_004807	2876673	2876673	2888904	theory_fixed
4808	read_004808	mol_004808	2877118	2877118	2895997	theory_fixed
4809	read_004809	mol_004809	2877389	2877389	2900929	theory_fixed
4810	read_004810	mol_004810	2877597	2877597	2897658	theory_fixed
4811	read_004811	mol_004811	2877668	2877668	2892740	theory_fixed
4812	read_004812	mol_004812	2877746	2877746	2899507	theory_fixed
4813	read_004813	mol_004813	2878856	2878856	2890335	theory_fixed
4814	read_004814	mol_004814	2879198	2879198	2898505	theory_fixed
4815	read_004815	mol_004815	2879271	2879271	2901299	theory_fixed
4816	read_004816	mol_004816	2879271	2879271	2895888	theory_fixed
4817	read_004817	mol_004817	2879932	2879932	2894551	theory_fixed
4818	read_004818	mol_004818	2880229	2880229	2892534	theory_fixed
4819	read_004819	mol_004819	2881904	2881904	2896845	theory_fixed
4820	read_004820	mol_004820	2884576	2884576	2900290	theory_fixed
4821	read_004821	mol_004821	2884991	2884991	2902763	theory_fixed
4822	read_004822	mol_004822	2885579	2885579	2896844	theory_fixed
4823	read_004823	mol_004823	2885599	2885599	2904017	theory_fixed
4824	read_004824	mol_004824	2886855	2886855	2904883	theory_fixed
4825	read_004825	mol_004825	2887225	2887225	2906536	theory_fixed
4826	read_004826	mol_004826	2887569	2887569	2910392	theory_fixed
4827	read_004827	mol_004827	2890031	2890031	2912344	theory_fixed
4828	read_004828	mol_004828	2891194	2891194	2914261	theory_fixed
4829	read_004829	mol_004829	2891196	2891196	2907883	theory_fixed
4830	read_004830	mol_004830	2891453	2891453	2914250	theory_fixed
4831	read_004831	mol_004831	2892970	2892970	2906850	theory_fixed
4832	read_004832	mol_004832	2894019	2894019	2908678	theory_fixed
4833	read_004833	mol_004833	2894423	2894423	2912735	theory_fixed
4834	read_004834	mol_004834	2894558	2894558	2916719	theory_fixed
4835	read_004835	mol_004835	2894805	2894805	2907954	theory_fixed
4836	read_004836	mol_004836	2894935	2894935	2915646	theory_fixed
4837	read_004837	mol_004837	2895018	2895018	2914345	theory_fixed
4838	read_004838	mol_004838	2895107	2895107	2913555	theory_fixed
4839	read_004839	mol_004839	2895537	2895537	2917084	theory_fixed
4840	read_004840	mol_004840	2898845	2898845	2922052	theory_fixed
4841	read_004841	mol_004841	2899359	2899359	2914479	theory_fixed
4842	read_004842	mol_004842	2899675	2899675	2925353	theory_fixed
4843	read_004843	mol_004843	2900077	2900077	2916326	theory_fixed
4844	read_004844	mol_004844	2900203	2900203	2921339	theory_fixed
4845	read_004845	mol_004845	2901884	2901884	2917664	theory_fixed
4846	read_004846	mol_004846	2902761	2902761	2917928	theory_fixed
4847	read_004847	mol_004847	2903007	2903007	2917743	theory_fixed
4848	read_004848	mol_004848	2903135	2903135	2921330	theory_fixed
4849	read_004849	mol_004849	2903561	2903561	2916096	theory_fixed
4850	read_004850	mol_004850	2904191	2904191	2924373	theory_fixed
4851	read_004851	mol_004851	2904613	2904613	2918764	theory_fixed
4852	read_004852	mol_004852	2904936	2904936	2923719	theory_fixed
4853	read_004853	mol_004853	2904979	2904979	2919293	theory_fixed
4854	read_004854	mol_004854	2905188	2905188	2927690	theory_fixed
4855	read_004855	mol_004855	2905978	2905978	2934228	theory_fixed
4856	read_004856	mol_004856	2906405	2906405	2925069	theory_fixed
4857	read_004857	mol_004857	2907658	2907658	2921078	theory_fixed
4858	read_004858	mol_004858	2908087	2908087	2928459	theory_fixed
4859	read_004859	mol_004859	2908688	2908688	2926269	theory_fixed
4860	read_004860	mol_004860	2909154	2909154	2924390	theory_fixed
4861	read_004861	mol_004861	2910086	2910086	2924878	theory_fixed
4862	read_004862	mol_004862	2910223	2910223	2935310	theory_fixed
4863	read_004863	mol_004863	2910323	2910323	2923893	theory_fixed
4864	read_004864	mol_004864	2910744	2910744	2925185	theory_fixed
4865	read_004865	mol_004865	2911259	2911259	2932300	theory_fixed
4866	read_004866	mol_004866	2911451	2911451	2927909	theory_fixed
4867	read_004867	mol_004867	2911620	2911620	2937849	theory_fixed
4868	read_004868	mol_004868	2911898	2911898	2927848	theory_fixed
4869	read_004869	mol_004869	2912044	2912044	2935287	theory_fixed
4870	read_004870	mol_004870	2912670	2912670	2926566	theory_fixed
4871	read_004871	mol_004871	2913095	2913095	2937685	theory_fixed
4872	read_004872	mol_004872	2914212	2914212	2932912	theory_fixed
4873	read_004873	mol_004873	2915751	2915751	2935745	theory_fixed
4874	read_004874	mol_004874	2916559	2916559	2934418	theory_fixed
4875	read_004875	mol_004875	2916585	2916585	2954123	theory_fixed
4876	read_004876	mol_004876	2916596	2916596	2935709	theory_fixed
4877	read_004877	mol_004877	2916933	2916933	2935246	theory_fixed
4878	read_004878	mol_004878	2917167	2917167	2928788	theory_fixed
4879	read_004879	mol_004879	2917369	2917369	2946235	theory_fixed
4880	read_004880	mol_004880	2917406	2917406	2928945	theory_fixed
4881	read_004881	mol_004881	2918342	2918342	2934845	theory_fixed
4882	read_004882	mol_004882	2918564	2918564	2936352	theory_fixed
4883	read_004883	mol_004883	2919697	2919697	2931861	theory_fixed
4884	read_004884	mol_004884	2920527	2920527	2933848	theory_fixed
4885	read_004885	mol_004885	2921339	2921339	2938289	theory_fixed
4886	read_004886	mol_004886	2922321	2922321	2948392	theory_fixed
4887	read_004887	mol_004887	2922481	2922481	2935749	theory_fixed
4888	read_004888	mol_004888	2924553	2924553	2939319	theory_fixed
4889	read_004889	mol_004889	2925548	2925548	2945792	theory_fixed
4890	read_004890	mol_004890	2925609	2925609	2940971	theory_fixed
4891	read_004891	mol_004891	2927699	2927699	2947815	theory_fixed
4892	read_004892	mol_004892	2927971	2927971	2950445	theory_fixed
4893	read_004893	mol_004893	2928339	2928339	2941764	theory_fixed
4894	read_004894	mol_004894	2928455	2928455	2941867	theory_fixed
4895	read_004895	mol_004895	2928583	2928583	2943323	theory_fixed
4896	read_004896	mol_004896	2928751	2928751	2947787	theory_fixed
4897	read_004897	mol_004897	2928785	2928785	2948930	theory_fixed
4898	read_004898	mol_004898	2928811	2928811	2945089	theory_fixed
4899	read_004899	mol_004899	2929386	2929386	2954218	theory_fixed
4900	read_004900	mol_004900	2930299	2930299	2950409	theory_fixed
4901	read_004901	mol_004901	2931659	2931659	2956524	theory_fixed
4902	read_004902	mol_004902	2932208	2932208	2954816	theory_fixed
4903	read_004903	mol_004903	2932878	2932878	2947404	theory_fixed
4904	read_004904	mol_004904	2933166	2933166	2951956	theory_fixed
4905	read_004905	mol_004905	2933340	2933340	2950918	theory_fixed
4906	read_004906	mol_004906	2933361	2933361	2952534	theory_fixed
4907	read_004907	mol_004907	2933776	2933776	2953300	theory_fixed
4908	read_004908	mol_004908	2933794	2933794	2952733	theory_fixed
4909	read_004909	mol_004909	2933811	2933811	2952316	theory_fixed
4910	read_004910	mol_004910	2933865	2933865	2956820	theory_fixed
4911	read_004911	mol_004911	2934518	2934518	2950930	theory_fixed
4912	read_004912	mol_004912	2935012	2935012	2953979	theory_fixed
4913	read_004913	mol_004913	2935973	2935973	2956352	theory_fixed
4914	read_004914	mol_004914	2936598	2936598	2965593	theory_fixed
4915	read_004915	mol_004915	2937086	2937086	2965357	theory_fixed
4916	read_004916	mol_004916	2938287	2938287	2958026	theory_fixed
4917	read_004917	mol_004917	2939701	2939701	2959464	theory_fixed
4918	read_004918	mol_004918	2939905	2939905	2961808	theory_fixed
4919	read_004919	mol_004919	2940107	2940107	2956573	theory_fixed
4920	read_004920	mol_004920	2940149	2940149	2957541	theory_fixed
4921	read_004921	mol_004921	2940504	2940504	2960476	theory_fixed
4922	read_004922	mol_004922	2941276	2941276	2957389	theory_fixed
4923	read_004923	mol_004923	2941478	2941478	2958124	theory_fixed
4924	read_004924	mol_004924	2941616	2941616	2954043	theory_fixed
4925	read_004925	mol_004925	2942050	2942050	2960874	theory_fixed
4926	read_004926	mol_004926	2942431	2942431	2956181	theory_fixed
4927	read_004927	mol_004927	2942609	2942609	2963576	theory_fixed
4928	read_004928	mol_004928	2942636	2942636	2956016	theory_fixed
4929	read_004929	mol_004929	2942905	2942905	2957416	theory_fixed
4930	read_004930	mol_004930	2943430	2943430	2963062	theory_fixed
4931	read_004931	mol_004931	2943486	2943486	2972989	theory_fixed
4932	read_004932	mol_004932	2944208	2944208	2963632	theory_fixed
4933	read_004933	mol_004933	2944230	2944230	2965410	theory_fixed
4934	read_004934	mol_004934	2944476	2944476	2960689	theory_fixed
4935	read_004935	mol_004935	2945081	2945081	2958528	theory_fixed
4936	read_004936	mol_004936	2945304	2945304	2966569	theory_fixed
4937	read_004937	mol_004937	2945541	2945541	2964291	theory_fixed
4938	read_004938	mol_004938	2945759	2945759	2961929	theory_fixed
4939	read_004939	mol_004939	2946086	2946086	2962385	theory_fixed
4940	read_004940	mol_004940	2946116	2946116	2961694	theory_fixed
4941	read_004941	mol_004941	2946478	2946478	2973389	theory_fixed
4942	read_004942	mol_004942	2946878	2946878	2969739	theory_fixed
4943	read_004943	mol_004943	2948423	2948423	2963579	theory_fixed
4944	read_004944	mol_004944	2949908	2949908	2967733	theory_fixed
4945	read_004945	mol_004945	2950414	2950414	2958616	theory_fixed
4946	read_004946	mol_004946	2950501	2950501	2969183	theory_fixed
4947	read_004947	mol_004947	2951530	2951530	2965511	theory_fixed
4948	read_004948	mol_004948	2952053	2952053	2971955	theory_fixed
4949	read_004949	mol_004949	2953028	2953028	2971529	theory_fixed
4950	read_004950	mol_004950	2953203	2953203	2963591	theory_fixed
4951	read_004951	mol_004951	2953718	2953718	2971106	theory_fixed
4952	read_004952	mol_004952	2954051	2954051	2968028	theory_fixed
4953	read_004953	mol_004953	2954844	2954844	2974338	theory_fixed
4954	read_004954	mol_004954	2955251	2955251	2974145	theory_fixed
4955	read_004955	mol_004955	2955478	2955478	2968932	theory_fixed
4956	read_004956	mol_004956	2955961	2955961	2969521	theory_fixed
4957	read_004957	mol_004957	2956156	2956156	2973505	theory_fixed
4958	read_004958	mol_004958	2957532	2957532	2973152	theory_fixed
4959	read_004959	mol_004959	2957817	2957817	2975273	theory_fixed
4960	read_004960	mol_004960	2958300	2958300	2974952	theory_fixed
4961	read_004961	mol_004961	2958461	2958461	2974108	theory_fixed
4962	read_004962	mol_004962	2958963	2958963	2976350	theory_fixed
4963	read_004963	mol_004963	2960356	2960356	2986812	theory_fixed
4964	read_004964	mol_004964	2960565	2960565	2974365	theory_fixed
4965	read_004965	mol_004965	2961761	2961761	2983109	theory_fixed
4966	read_004966	mol_004966	2961937	2961937	2985934	theory_fixed
4967	read_004967	mol_004967	2962102	2962102	2985391	theory_fixed
4968	read_004968	mol_004968	2962513	2962513	2979946	theory_fixed
4969	read_004969	mol_004969	2962999	2962999	2976950	theory_fixed
4970	read_004970	mol_004970	2964304	2964304	2979311	theory_fixed
4971	read_004971	mol_004971	2964342	2964342	2979129	theory_fixed
4972	read_004972	mol_004972	2964576	2964576	2984036	theory_fixed
4973	read_004973	mol_004973	2965483	2965483	2978820	theory_fixed
4974	read_004974	mol_004974	2965560	2965560	2981139	theory_fixed
4975	read_004975	mol_004975	2967381	2967381	2982148	theory_fixed
4976	read_004976	mol_004976	2967945	2967945	2987409	theory_fixed
4977	read_004977	mol_004977	2968213	2968213	2986007	theory_fixed
4978	read_004978	mol_004978	2969053	2969053	2990063	theory_fixed
4979	read_004979	mol_004979	2969241	2969241	2983998	theory_fixed
4980	read_004980	mol_004980	2969529	2969529	2985580	theory_fixed
4981	read_004981	mol_004981	2969656	2969656	2988811	theory_fixed
4982	read_004982	mol_004982	2969852	2969852	2986161	theory_fixed
4983	read_004983	mol_004983	2970424	2970424	2991749	theory_fixed
4984	read_004984	mol_004984	2971067	2971067	2999045	theory_fixed
4985	read_004985	mol_004985	2971679	2971679	2989761	theory_fixed
4986	read_004986	mol_004986	2971761	2971761	2987771	theory_fixed
4987	read_004987	mol_004987	2971972	2971972	2995880	theory_fixed
4988	read_004988	mol_004988	2972881	2972881	2989220	theory_fixed
4989	read_004989	mol_004989	2974463	2974463	2994547	theory_fixed
4990	read_004990	mol_004990	2974854	2974854	2995350	theory_fixed
4991	read_004991	mol_004991	2976060	2976060	2988512	theory_fixed
4992	read_004992	mol_004992	2976877	2976877	2994109	theory_fixed
4993	read_004993	mol_004993	2977407	2977407	2999787	theory_fixed
4994	read_004994	mol_004994	2978131	2978131	2996267	theory_fixed
4995	read_004995	mol_004995	2978602	2978602	2996346	theory_fixed
4996	read_004996	mol_004996	2979674	2979674	3001751	theory_fixed
4997	read_004997	mol_004997	2979718	2979718	2997284	theory_fixed
4998	read_004998	mol_004998	2979845	2979845	2999109	theory_fixed
4999	read_004999	mol_004999	2979908	2979908	2992317	theory_fixed
