position	hap1_allele	hap2_allele
626	0	1
4638	1	0
6394	1	0
7611	1	0
7838	0	1
8065	1	0
8145	1	0
10826	0	1
12051	1	0
13693	1	0
13721	0	1
18391	0	1
20773	0	1
21092	1	0
21360	0	1
21631	1	0
22115	0	1
23107	0	1
23861	0	1
24320	1	0
25582	1	0
25783	1	0
26244	1	0
26853	1	0
27665	0	1
29715	0	1
30012	0	1
30975	0	1
32172	1	0
32236	1	0
33483	1	0
33733	0	1
33823	0	1
37787	1	0
42280	0	1
44483	0	1
44968	1	0
45105	0	1
46642	1	0
47416	0	1
47590	1	0
48502	0	1
48549	1	0
51749	1	0
52149	0	1
53597	0	1
54095	1	0
55074	1	0
56129	1	0
56402	1	0
61058	1	0
63047	0	1
66786	0	1
69788	0	1
71003	0	1
74401	0	1
74525	1	0
74816	0	1
74878	0	1
75403	1	0
76059	1	0
76481	0	1
78833	0	1
79422	1	0
79862	0	1
80905	1	0
81108	0	1
83268	0	1
83372	0	1
89149	0	1
91121	1	0
91417	1	0
91425	0	1
93678	0	1
95314	0	1
97055	0	1
99022	1	0
99125	1	0
99717	0	1
99882	1	0
102533	1	0
103835	0	1
104371	0	1
104459	0	1
104956	1	0
105481	1	0
107225	1	0
108578	1	0
111487	0	1
112339	0	1
112509	0	1
114174	1	0
116081	0	1
117180	0	1
119145	1	0
120053	0	1
121039	1	0
121783	1	0
121818	0	1
121971	0	1
122014	1	0
123363	0	1
123867	0	1
124814	1	0
127988	0	1
128371	1	0
129076	1	0
130954	1	0
131301	1	0
131408	0	1
131865	0	1
132100	0	1
135639	1	0
137840	0	1
139178	1	0
141913	1	0
144083	0	1
144359	0	1
147333	1	0
148367	1	0
150563	1	0
153581	1	0
154092	0	1
154248	0	1
154593	0	1
155336	1	0
157607	1	0
160235	0	1
160245	0	1
161198	0	1
161919	1	0
162254	1	0
162425	1	0
162975	0	1
166792	0	1
167313	0	1
168288	0	1
169907	0	1
170510	0	1
175266	1	0
179641	0	1
180028	0	1
180945	1	0
181423	1	0
181870	1	0
181921	1	0
183175	1	0
184107	1	0
184178	0	1
184614	0	1
187798	0	1
188164	0	1
188373	1	0
189270	1	0
194927	0	1
195297	1	0
196784	1	0
198696	0	1
199058	0	1
200795	0	1
201407	0	1
202741	0	1
204079	0	1
205102	0	1
205229	0	1
207633	1	0
208149	0	1
208425	1	0
208481	0	1
209673	1	0
211182	0	1
211205	0	1
212162	0	1
212505	0	1
213886	0	1
214142	1	0
215708	0	1
216360	0	1
220040	0	1
220238	1	0
220794	1	0
220955	1	0
224402	1	0
227199	1	0
227597	1	0
229035	0	1
231301	0	1
232381	0	1
233387	1	0
233757	0	1
233888	0	1
236921	1	0
239996	0	1
241333	0	1
241885	0	1
242458	1	0
244184	1	0
247215	0	1
250123	0	1
252141	1	0
253511	1	0
253629	1	0
253864	1	0
256914	0	1
258157	1	0
258170	0	1
258313	1	0
259765	0	1
259772	1	0
260006	1	0
261067	1	0
262637	0	1
264044	0	1
264383	0	1
266043	0	1
266404	1	0
266929	1	0
268759	1	0
270157	0	1
272679	1	0
274108	1	0
275228	1	0
275360	0	1
275971	0	1
276382	1	0
276755	0	1
281570	0	1
282236	1	0
285203	1	0
286533	0	1
288644	0	1
289575	1	0
290722	1	0
291627	1	0
291917	1	0
293626	1	0
294066	1	0
294099	1	0
295482	0	1
295742	0	1
299503	1	0
303605	0	1
306889	0	1
307506	1	0
307527	1	0
311040	1	0
311785	0	1
316318	1	0
320735	1	0
323291	0	1
323756	1	0
324405	0	1
326944	0	1
327453	1	0
327701	1	0
328786	1	0
332454	0	1
334042	1	0
335168	0	1
335305	1	0
336578	1	0
342724	1	0
342926	1	0
343900	0	1
346698	1	0
348498	1	0
350090	1	0
351706	1	0
352300	0	1
352764	0	1
354974	1	0
357189	0	1
359879	1	0
363138	0	1
364093	1	0
365021	0	1
367155	0	1
368555	0	1
370169	0	1
372287	0	1
375229	1	0
375779	0	1
376407	1	0
376539	1	0
377690	1	0
377739	1	0
378575	1	0
379618	1	0
380069	1	0
381261	1	0
381303	1	0
381354	1	0
383659	1	0
384255	0	1
384437	1	0
385422	1	0
387381	1	0
387706	0	1
389006	0	1
389125	1	0
389196	0	1
390207	0	1
391244	1	0
392597	1	0
394323	0	1
399286	0	1
400255	1	0
400775	1	0
402889	1	0
403310	1	0
404081	1	0
404190	1	0
404225	0	1
408607	1	0
411017	1	0
412604	0	1
413305	1	0
413559	1	0
413786	0	1
414170	0	1
415232	1	0
416904	0	1
418343	1	0
418781	1	0
422911	0	1
424696	1	0
425774	1	0
427035	1	0
427761	1	0
428141	0	1
428728	0	1
430619	1	0
430639	1	0
430804	1	0
430867	1	0
430923	1	0
433501	0	1
435123	0	1
435980	0	1
436118	1	0
437020	1	0
437875	1	0
438129	0	1
438888	1	0
439566	0	1
440842	1	0
442186	1	0
442248	1	0
442874	1	0
444185	0	1
445118	1	0
447706	1	0
449139	0	1
449377	0	1
449475	0	1
450846	1	0
450882	1	0
452057	1	0
455812	1	0
456954	0	1
457609	0	1
458983	0	1
459800	0	1
460852	0	1
464635	1	0
465286	1	0
469617	1	0
472760	0	1
473051	0	1
473147	1	0
473289	1	0
473314	1	0
473447	1	0
474979	1	0
475078	1	0
475591	0	1
478075	1	0
478107	0	1
480353	1	0
480795	0	1
480963	0	1
482554	0	1
483876	1	0
486675	1	0
488446	1	0
490615	1	0
491057	0	1
491318	1	0
493169	1	0
495361	1	0
501569	0	1
502279	0	1
502900	1	0
504897	1	0
505453	1	0
509012	1	0
511618	0	1
512365	1	0
514218	1	0
516091	0	1
516237	1	0
519341	1	0
520279	1	0
522614	0	1
523129	0	1
526140	1	0
526798	1	0
526813	0	1
529956	0	1
530084	0	1
530597	1	0
534592	0	1
538602	0	1
539738	0	1
541070	1	0
541864	0	1
542327	1	0
542859	1	0
544347	1	0
546208	1	0
548299	0	1
550377	1	0
550505	1	0
551415	1	0
551495	0	1
552558	0	1
553335	0	1
556250	0	1
556827	1	0
556993	1	0
557199	1	0
559110	0	1
560394	0	1
560537	0	1
560655	1	0
562265	1	0
562366	1	0
564666	0	1
566299	0	1
566413	1	0
566532	0	1
572284	1	0
572909	1	0
573527	0	1
575761	1	0
579683	1	0
585373	1	0
587239	1	0
587869	1	0
587986	0	1
589987	1	0
591077	0	1
591813	1	0
594970	0	1
595128	0	1
596033	0	1
596049	1	0
596892	0	1
596970	1	0
597139	1	0
597306	0	1
598703	0	1
600530	1	0
601697	1	0
606062	1	0
606689	0	1
607138	1	0
609843	1	0
610181	1	0
614584	1	0
614601	1	0
619270	1	0
619329	1	0
622285	1	0
623285	1	0
629892	1	0
629995	1	0
631071	1	0
635715	0	1
636702	1	0
638026	1	0
639612	1	0
640420	1	0
641737	1	0
642907	0	1
645992	1	0
646054	0	1
646494	1	0
650498	0	1
653444	0	1
654255	1	0
655546	0	1
655980	0	1
656258	1	0
657089	0	1
657671	0	1
658839	0	1
658947	1	0
663832	1	0
669542	1	0
671139	1	0
672163	0	1
672657	1	0
674898	0	1
676437	1	0
676674	1	0
679898	0	1
682203	0	1
686191	1	0
687916	1	0
689183	1	0
689905	1	0
693503	1	0
696183	0	1
696245	1	0
696281	0	1
696911	1	0
699129	1	0
704946	0	1
705164	1	0
706366	0	1
707006	0	1
711676	1	0
714137	0	1
716566	1	0
717409	1	0
718124	1	0
718550	1	0
718628	1	0
721295	1	0
723529	1	0
734422	0	1
742013	1	0
743094	0	1
745047	1	0
748908	1	0
751434	0	1
751813	0	1
752612	0	1
752797	0	1
756903	1	0
758145	1	0
758492	0	1
759977	1	0
761261	0	1
761853	0	1
762014	0	1
763499	0	1
764479	0	1
766452	1	0
767431	0	1
769980	0	1
771050	1	0
772148	0	1
774938	0	1
775627	1	0
775819	1	0
775858	1	0
777734	1	0
779025	1	0
780648	0	1
780968	0	1
781164	0	1
781184	1	0
781760	1	0
782949	1	0
783613	1	0
784380	1	0
787506	1	0
788077	0	1
789039	1	0
791080	0	1
791754	0	1
793051	0	1
795695	1	0
799676	1	0
799889	1	0
803370	1	0
804273	1	0
804672	0	1
805492	0	1
810709	1	0
811614	0	1
812146	0	1
813484	1	0
813851	0	1
813957	0	1
814141	1	0
814324	0	1
814544	1	0
814744	1	0
816109	1	0
816377	0	1
816943	0	1
819970	0	1
820827	1	0
822295	0	1
822548	0	1
822833	1	0
822889	1	0
823136	1	0
823572	0	1
823832	1	0
823956	0	1
824128	1	0
824952	1	0
825261	1	0
825865	1	0
826798	0	1
828361	0	1
828415	0	1
830557	1	0
831875	0	1
831989	1	0
834746	1	0
838127	0	1
838211	1	0
838644	1	0
840832	0	1
842671	0	1
842943	1	0
843257	0	1
843874	1	0
844758	0	1
846042	1	0
846656	1	0
847484	1	0
849319	0	1
849369	0	1
849757	1	0
851423	0	1
854430	0	1
855386	0	1
856399	1	0
856551	0	1
857342	0	1
858356	0	1
858727	1	0
859146	1	0
859778	1	0
859806	0	1
860325	1	0
860642	0	1
861171	0	1
861342	1	0
864291	0	1
865492	1	0
867007	0	1
869082	0	1
870002	0	1
870124	0	1
871151	0	1
872330	1	0
874154	1	0
874908	1	0
875090	1	0
875535	0	1
876137	0	1
877521	1	0
878649	1	0
879236	0	1
884976	1	0
886217	0	1
886578	0	1
886722	1	0
886944	0	1
887321	0	1
887555	1	0
887831	1	0
888279	0	1
888533	1	0
891560	0	1
891672	1	0
892663	0	1
893368	0	1
898751	0	1
898910	0	1
899587	0	1
904238	0	1
906912	0	1
909177	0	1
909575	0	1
909825	1	0
911298	0	1
914831	1	0
915916	1	0
917046	1	0
917484	0	1
919440	0	1
919717	1	0
920239	0	1
920978	0	1
921923	0	1
922294	0	1
922457	0	1
923715	0	1
924169	1	0
925330	1	0
925554	1	0
926429	1	0
927443	1	0
927514	0	1
928061	0	1
928254	0	1
928342	1	0
934475	1	0
934994	0	1
937207	1	0
937599	0	1
939124	0	1
941028	0	1
942235	1	0
943086	1	0
943794	0	1
944366	0	1
947902	1	0
950269	1	0
954739	1	0
954916	1	0
956666	0	1
960380	0	1
960647	1	0
960739	1	0
962541	1	0
963680	1	0
966138	0	1
966339	1	0
968453	1	0
968754	0	1
968993	1	0
969233	0	1
971479	0	1
972938	0	1
973925	1	0
974518	0	1
977314	1	0
977979	1	0
980240	0	1
981011	0	1
981642	0	1
982470	1	0
982949	1	0
984785	0	1
985717	1	0
986070	0	1
989134	1	0
989780	1	0
990826	1	0
993985	1	0
995290	0	1
995456	0	1
999203	0	1
1000520	1	0
1001064	1	0
1001264	0	1
1003370	0	1
1004660	0	1
1005677	1	0
1008667	0	1
1010739	0	1
1010959	0	1
1011457	0	1
1011838	0	1
1013654	0	1
1013700	0	1
1014825	0	1
1016741	0	1
1019532	1	0
1020091	0	1
1022386	0	1
1022543	0	1
1025041	1	0
1025223	1	0
1025898	0	1
1028026	1	0
1028243	1	0
1028591	0	1
1030299	1	0
1031996	1	0
1033362	0	1
1034941	0	1
1035984	1	0
1036371	0	1
1036937	0	1
1037205	0	1
1040392	1	0
1041560	0	1
1042243	1	0
1043070	1	0
1046993	0	1
1047215	1	0
1048392	0	1
1049332	0	1
1050592	0	1
1050617	0	1
1053359	0	1
1056945	1	0
1058055	1	0
1059645	0	1
1063054	1	0
1064692	1	0
1064913	1	0
1066058	1	0
1067302	0	1
1068038	0	1
1069816	0	1
1073447	1	0
1076910	1	0
1077709	0	1
1077870	0	1
1083454	1	0
1085888	0	1
1086066	1	0
1089447	0	1
1092166	0	1
1093142	1	0
1094335	0	1
1095014	0	1
1095090	0	1
1095635	0	1
1097800	0	1
1097807	0	1
1098348	1	0
1099025	1	0
1100053	1	0
1103417	1	0
1103984	1	0
1104552	0	1
1106335	0	1
1107138	1	0
1107478	0	1
1108281	0	1
1108484	0	1
1108743	0	1
1109663	0	1
1110387	1	0
1113671	1	0
1114271	0	1
1115430	1	0
1116764	1	0
1116782	1	0
1118234	1	0
1118496	0	1
1122823	1	0
1123038	0	1
1123752	1	0
1123871	1	0
1131559	0	1
1132489	0	1
1133695	1	0
1133788	1	0
1135636	0	1
1135951	1	0
1138995	0	1
1139302	0	1
1139584	0	1
1139634	1	0
1140486	0	1
1141595	0	1
1141686	1	0
1143678	0	1
1144483	1	0
1145474	1	0
1146249	0	1
1146932	1	0
1148026	1	0
1148251	1	0
1148519	0	1
1151157	0	1
1155051	0	1
1155674	1	0
1156095	0	1
1157472	0	1
1158173	1	0
1158208	0	1
1158435	1	0
1160113	0	1
1161547	1	0
1161584	1	0
1161919	1	0
1162270	1	0
1163756	0	1
1163783	1	0
1163930	1	0
1166075	1	0
1166338	1	0
1167748	1	0
1168111	1	0
1168251	0	1
1168623	1	0
1170331	0	1
1172912	1	0
1175276	1	0
1175951	0	1
1177421	1	0
1177727	1	0
1178190	0	1
1181211	0	1
1181229	0	1
1181349	0	1
1181660	1	0
1181696	0	1
1181963	0	1
1183129	0	1
1183859	1	0
1186834	0	1
1189101	1	0
1189659	1	0
1190060	1	0
1190697	1	0
1191887	0	1
1192303	0	1
1193608	1	0
1194310	0	1
1195381	0	1
1196145	0	1
1196610	0	1
1200563	1	0
1202486	0	1
1202688	0	1
1205392	1	0
1206283	0	1
1209282	0	1
1211427	0	1
1212166	1	0
1212197	0	1
1212615	0	1
1213655	1	0
1214993	0	1
1215391	1	0
1215592	1	0
1217993	1	0
1223539	0	1
1224534	0	1
1224786	0	1
1225210	0	1
1225235	0	1
1228510	1	0
1228677	1	0
1229823	1	0
1230250	1	0
1231327	0	1
1232732	1	0
1235092	1	0
1235401	0	1
1235416	1	0
1235613	0	1
1238683	0	1
1241443	0	1
1242656	1	0
1243879	1	0
1245337	1	0
1245594	1	0
1248871	1	0
1249595	1	0
1250239	0	1
1251215	0	1
1251280	1	0
1251523	1	0
1253309	0	1
1253425	0	1
1254657	0	1
1255033	1	0
1255691	1	0
1256146	1	0
1256732	0	1
1258425	1	0
1258895	1	0
1260009	1	0
1260871	1	0
1262324	1	0
1266006	1	0
1267764	0	1
1268087	1	0
1268130	0	1
1268536	0	1
1269741	0	1
1269812	1	0
1270727	1	0
1271938	1	0
1272481	1	0
1274446	0	1
1274597	1	0
1274702	0	1
1276439	1	0
1277351	1	0
1278906	0	1
1279667	0	1
1280045	0	1
1282324	1	0
1284466	0	1
1286048	0	1
1286472	0	1
1287662	1	0
1288259	0	1
1288388	0	1
1291711	1	0
1291908	0	1
1295908	0	1
1296696	0	1
1296969	1	0
1298010	0	1
1300760	0	1
1302517	0	1
1304707	0	1
1306141	0	1
1307712	0	1
1310234	0	1
1310617	1	0
1311513	1	0
1311847	1	0
1317706	0	1
1321550	1	0
1321604	0	1
1323234	0	1
1326691	0	1
1326957	1	0
1328076	1	0
1331370	0	1
1331417	0	1
1333011	1	0
1333482	1	0
1336924	1	0
1341646	1	0
1345495	1	0
1346352	1	0
1348993	1	0
1351474	0	1
1351987	0	1
1354341	1	0
1354392	1	0
1355601	0	1
1355950	1	0
1356122	0	1
1356229	0	1
1357818	1	0
1358372	0	1
1360092	1	0
1360183	1	0
1360688	0	1
1361722	0	1
1363807	0	1
1364319	1	0
1365630	1	0
1368525	1	0
1369801	1	0
1370155	1	0
1370188	1	0
1372909	1	0
1372938	0	1
1375707	1	0
1376711	0	1
1380441	0	1
1382579	1	0
1390819	0	1
1391395	0	1
1393338	0	1
1394024	1	0
1394896	0	1
1396213	1	0
1398971	1	0
1404490	1	0
1406439	0	1
1407160	0	1
1407890	1	0
1409674	1	0
1410038	1	0
1410195	0	1
1410779	0	1
1411231	0	1
1411700	0	1
1412055	0	1
1412113	0	1
1412138	0	1
1418003	1	0
1418748	0	1
1419395	1	0
1420913	0	1
1421242	1	0
1425234	0	1
1427292	0	1
1427417	0	1
1428138	1	0
1430955	0	1
1434815	0	1
1435655	1	0
1436922	0	1
1437166	0	1
1443470	1	0
1443822	0	1
1447634	1	0
1449032	1	0
1450280	1	0
1451239	0	1
1451589	0	1
1451848	1	0
1452180	1	0
1452456	0	1
1454472	0	1
1455047	0	1
1455127	1	0
1459762	0	1
1462631	1	0
1466134	1	0
1473172	0	1
1473427	0	1
1474100	1	0
1475993	1	0
1477581	0	1
1477804	1	0
1480060	0	1
1480399	0	1
1480737	1	0
1481764	1	0
1482962	0	1
1484119	1	0
1484247	1	0
1487046	0	1
1487458	1	0
1487643	0	1
1490570	1	0
1494723	0	1
1497364	1	0
1499575	1	0
1500995	1	0
1502062	1	0
1502184	1	0
1502884	1	0
1503506	1	0
1503907	1	0
1505621	0	1
1506534	1	0
1506647	1	0
1506979	1	0
1508512	1	0
1508618	1	0
1511158	0	1
1512069	0	1
1512943	1	0
1514140	1	0
1516461	1	0
1517031	1	0
1518542	0	1
1519654	1	0
1520069	0	1
1522880	1	0
1525009	0	1
1526441	0	1
1528975	0	1
1531667	1	0
1533310	1	0
1535728	1	0
1537322	1	0
1538842	1	0
1540127	0	1
1541990	0	1
1542221	0	1
1545057	1	0
1547796	0	1
1547836	1	0
1550166	0	1
1550350	1	0
1550894	0	1
1552708	1	0
1552942	0	1
1555213	0	1
1557592	0	1
1558536	1	0
1558545	0	1
1558996	0	1
1560275	0	1
1565571	1	0
1566903	0	1
1567304	1	0
1568644	0	1
1569679	0	1
1571697	1	0
1571848	1	0
1573756	0	1
1574795	1	0
1579189	1	0
1579747	1	0
1581082	0	1
1584666	0	1
1584811	0	1
1588501	1	0
1590053	1	0
1590147	1	0
1590625	1	0
1592267	0	1
1592360	1	0
1593524	0	1
1594090	1	0
1595383	0	1
1595446	0	1
1598182	1	0
1603021	1	0
1607646	1	0
1609492	0	1
1609678	1	0
1611571	0	1
1611605	1	0
1611635	0	1
1612157	1	0
1613051	0	1
1615013	0	1
1616546	0	1
1617333	1	0
1617760	0	1
1625560	1	0
1626301	0	1
1627102	1	0
1627341	1	0
1629452	0	1
1631029	0	1
1631362	1	0
1631477	0	1
1632998	1	0
1634415	1	0
1634841	1	0
1638858	1	0
1639077	1	0
1639832	1	0
1643665	1	0
1644391	1	0
1645748	1	0
1646424	0	1
1646852	1	0
1652362	1	0
1653064	1	0
1656057	0	1
1656406	0	1
1656726	0	1
1656769	0	1
1658175	0	1
1658788	0	1
1661451	1	0
1662306	0	1
1666902	0	1
1667176	0	1
1669882	0	1
1671880	0	1
1673845	1	0
1676328	1	0
1678236	0	1
1679548	1	0
1679736	0	1
1679781	1	0
1683162	1	0
1684440	0	1
1686563	0	1
1687439	0	1
1687606	1	0
1687785	1	0
1689328	0	1
1690078	0	1
1690377	1	0
1691279	0	1
1691368	1	0
1692531	1	0
1692949	0	1
1695078	1	0
1695574	1	0
1696384	1	0
1696400	1	0
1696501	0	1
1697166	1	0
1698038	0	1
1699260	1	0
1699720	0	1
1701303	1	0
1703925	1	0
1705943	0	1
1705997	1	0
1706870	0	1
1707018	1	0
1707388	0	1
1713143	0	1
1713348	1	0
1714269	1	0
1715553	1	0
1717169	1	0
1718263	1	0
1718277	1	0
1718804	1	0
1719776	1	0
1719899	1	0
1720475	0	1
1720521	0	1
1720631	0	1
1721306	1	0
1721496	0	1
1722614	1	0
1724173	1	0
1726323	1	0
1726621	1	0
1726866	0	1
1727014	0	1
1728363	0	1
1729997	1	0
1730040	1	0
1733709	0	1
1733781	1	0
1734820	0	1
1736466	0	1
1739196	0	1
1740865	1	0
1743022	0	1
1743575	1	0
1745823	0	1
1745935	1	0
1748937	1	0
1749995	0	1
1752261	1	0
1753064	1	0
1754440	1	0
1755437	0	1
1757190	1	0
1757304	0	1
1757387	0	1
1757766	1	0
1757998	0	1
1760736	0	1
1761066	0	1
1766030	0	1
1766578	0	1
1766846	1	0
1768925	1	0
1770358	0	1
1771278	0	1
1772359	1	0
1774052	1	0
1774398	1	0
1781874	0	1
1786780	0	1
1788181	1	0
1788478	0	1
1789998	1	0
1790098	1	0
1790140	0	1
1790538	1	0
1791366	1	0
1794068	1	0
1795800	1	0
1797610	1	0
1798349	0	1
1798915	1	0
1799534	0	1
1805391	0	1
1805446	1	0
1808136	1	0
1809289	1	0
1810059	0	1
1811781	0	1
1812670	0	1
1815425	1	0
1818504	1	0
1819234	1	0
1819666	1	0
1820863	1	0
1824108	0	1
1824424	0	1
1825725	0	1
1827056	1	0
1828817	1	0
1829006	0	1
1830683	1	0
1833879	0	1
1834143	1	0
1834505	1	0
1839243	1	0
1839510	1	0
1842079	0	1
1842983	1	0
1843362	0	1
1846089	0	1
1846875	0	1
1847839	0	1
1848433	0	1
1849631	1	0
1849869	0	1
1850531	0	1
1855179	0	1
1855577	0	1
1857003	0	1
1857528	1	0
1859508	0	1
1859695	1	0
1864361	0	1
1865168	1	0
1865527	1	0
1865629	1	0
1865877	1	0
1866855	1	0
1867403	1	0
1869756	1	0
1870508	0	1
1870890	1	0
1872170	0	1
1873806	0	1
1874050	0	1
1874295	1	0
1874345	0	1
1876123	1	0
1877576	1	0
1878434	1	0
1880912	0	1
1883096	0	1
1884270	1	0
1886972	1	0
1887280	1	0
1887439	1	0
1887858	0	1
1887937	0	1
1888947	0	1
1892624	0	1
1892678	0	1
1892852	1	0
1893655	1	0
1897276	0	1
1897783	1	0
1898727	0	1
1898784	1	0
1898999	1	0
1904750	1	0
1909223	0	1
1909230	0	1
1913273	0	1
1914632	1	0
1917331	1	0
1918140	1	0
1919107	1	0
1920002	1	0
1921468	0	1
1921669	0	1
1921710	1	0
1922201	0	1
1923827	1	0
1924128	1	0
1925620	0	1
1930290	1	0
1930422	0	1
1931911	0	1
1932693	0	1
1935394	1	0
1935654	0	1
1937227	1	0
1939654	1	0
1943511	1	0
1945044	1	0
1945961	1	0
1947244	1	0
1949953	1	0
1951080	1	0
1951122	0	1
1954685	0	1
1956244	1	0
1957749	1	0
1958073	0	1
1959507	0	1
1960175	0	1
1961579	0	1
1961730	0	1
1963160	0	1
1973079	1	0
1973145	0	1
1978183	0	1
1978880	0	1
1981608	0	1
1983641	1	0
1984757	1	0
1986545	1	0
1989355	1	0
1990046	1	0
1990574	1	0
1992042	1	0
1994241	1	0
1996156	0	1
1998287	0	1
1999050	1	0
2001320	1	0
2001491	1	0
2002540	0	1
2002548	1	0
2003072	1	0
2003681	1	0
2004354	1	0
2005939	0	1
2006595	1	0
2007389	0	1
2007751	0	1
2008374	1	0
2008718	0	1
2008820	1	0
2010053	0	1
2011524	1	0
2012812	0	1
2013642	0	1
2014279	1	0
2016932	0	1
2017908	1	0
2018778	1	0
2018813	0	1
2019370	1	0
2020008	1	0
2020687	1	0
2021844	1	0
2022861	0	1
2024109	0	1
2026039	0	1
2028274	1	0
2029962	0	1
2034111	0	1
2034136	0	1
2034427	1	0
2034438	0	1
2035828	1	0
2038871	0	1
2039243	0	1
2042733	1	0
2042816	0	1
2046448	1	0
2047026	1	0
2047169	0	1
2048056	1	0
2048452	1	0
2048899	1	0
2049389	1	0
2051555	0	1
2052588	1	0
2053086	1	0
2054343	0	1
2056022	0	1
2056447	0	1
2057159	1	0
2057333	1	0
2057600	1	0
2059124	1	0
2059391	0	1
2060384	0	1
2062030	1	0
2062181	1	0
2063298	1	0
2063694	1	0
2068086	0	1
2068967	0	1
2071153	0	1
2072218	0	1
2072278	1	0
2073615	0	1
2077646	1	0
2078873	0	1
2081153	0	1
2084027	1	0
2084373	0	1
2084691	0	1
2085950	0	1
2086656	0	1
2089098	1	0
2092168	0	1
2092750	0	1
2093111	0	1
2095133	1	0
2095562	1	0
2097868	0	1
2098603	0	1
2100071	0	1
2100205	1	0
2101509	0	1
2102311	0	1
2103489	1	0
2103735	1	0
2105515	1	0
2108163	0	1
2108489	0	1
2108624	0	1
2108656	1	0
2110026	0	1
2111272	0	1
2112327	1	0
2112679	1	0
2113340	0	1
2114543	1	0
2115459	0	1
2121331	0	1
2121527	0	1
2123111	1	0
2123802	0	1
2124548	1	0
2126234	1	0
2127806	1	0
2134123	1	0
2134307	0	1
2134454	1	0
2136172	0	1
2137324	0	1
2137752	0	1
2137863	0	1
2137983	1	0
2140977	1	0
2141261	0	1
2141782	0	1
2142125	0	1
2142710	1	0
2142806	1	0
2143782	0	1
2143876	0	1
2146024	0	1
2146379	1	0
2147415	0	1
2150242	1	0
2151645	1	0
2152660	1	0
2153183	0	1
2153723	1	0
2155199	1	0
2162050	0	1
2163496	0	1
2164584	0	1
2166333	1	0
2167168	1	0
2167251	0	1
2168353	1	0
2172567	0	1
2172824	0	1
2174386	1	0
2174685	1	0
2175708	1	0
2175844	1	0
2176642	0	1
2178523	0	1
2179093	1	0
2180551	1	0
2182667	1	0
2186159	0	1
2186516	0	1
2187196	1	0
2187417	0	1
2193936	0	1
2197425	0	1
2198460	0	1
2200920	1	0
2201901	1	0
2203204	1	0
2203329	1	0
2205206	0	1
2205389	1	0
2207721	1	0
2209752	1	0
2211397	1	0
2211447	1	0
2211929	0	1
2212336	1	0
2212932	0	1
2213055	0	1
2216739	0	1
2217815	0	1
2218301	0	1
2218976	0	1
2219767	1	0
2220991	0	1
2221958	1	0
2225315	0	1
2226231	0	1
2232693	0	1
2235235	1	0
2235547	0	1
2239103	0	1
2239268	1	0
2241535	0	1
2242174	0	1
2244978	0	1
2247678	1	0
2249864	0	1
2251945	0	1
2252430	1	0
2252543	1	0
2253231	0	1
2253486	0	1
2255069	0	1
2255636	0	1
2260586	1	0
2261952	1	0
2264257	1	0
2264447	0	1
2267087	1	0
2270501	1	0
2271391	0	1
2272634	0	1
2274564	0	1
2274821	0	1
2275752	0	1
2276430	0	1
2276641	1	0
2277252	0	1
2277347	0	1
2277382	1	0
2277576	1	0
2281975	1	0
2283038	1	0
2287538	1	0
2288294	0	1
2288793	0	1
2289734	1	0
2290506	1	0
2290655	1	0
2292020	1	0
2292345	0	1
2293634	1	0
2295035	1	0
2295255	0	1
2295340	0	1
2297363	0	1
2298184	1	0
2298264	1	0
2305291	0	1
2305371	1	0
2306954	1	0
2312440	0	1
2312805	0	1
2313010	0	1
2313183	1	0
2313665	0	1
2313807	1	0
2315378	1	0
2315464	1	0
2316414	0	1
2324029	0	1
2326271	0	1
2327544	1	0
2328032	0	1
2329336	0	1
2330334	1	0
2331075	1	0
2331262	0	1
2334164	0	1
2334961	1	0
2335250	1	0
2335862	1	0
2336575	0	1
2338918	0	1
2340682	1	0
2342637	0	1
2342652	0	1
2343370	0	1
2344246	1	0
2344272	0	1
2344673	1	0
2346577	0	1
2346774	1	0
2347796	1	0
2348119	0	1
2348136	0	1
2348504	1	0
2353469	1	0
2355625	0	1
2359902	1	0
2360794	1	0
2360949	0	1
2362008	0	1
2362816	0	1
2365296	0	1
2365434	1	0
2366327	0	1
2366544	0	1
2367068	0	1
2368850	0	1
2369712	1	0
2370341	1	0
2371010	0	1
2371830	0	1
2373879	0	1
2376847	0	1
2380991	1	0
2383052	1	0
2383558	1	0
2385111	1	0
2385879	0	1
2386271	1	0
2388721	1	0
2388774	0	1
2391867	1	0
2392692	1	0
2394044	1	0
2395480	0	1
2398486	0	1
2399836	0	1
2401105	0	1
2401197	1	0
2402171	1	0
2402388	0	1
2404171	0	1
2405128	0	1
2406648	1	0
2406705	1	0
2406824	0	1
2408504	0	1
2408604	0	1
2408703	0	1
2408720	0	1
2412899	0	1
2414682	0	1
2415263	0	1
2415732	1	0
2416306	0	1
2418293	1	0
2419737	0	1
2420010	1	0
2420265	0	1
2420404	0	1
2421844	1	0
2423771	0	1
2424182	1	0
2424211	1	0
2424326	1	0
2428908	0	1
2429375	1	0
2431330	0	1
2432637	1	0
2433279	0	1
2433586	1	0
2433759	1	0
2435032	0	1
2437018	0	1
2438395	0	1
2439403	0	1
2439461	0	1
2444070	0	1
2446207	0	1
2446669	0	1
2451882	0	1
2453110	1	0
2454274	1	0
2456112	1	0
2458338	1	0
2459763	0	1
2459946	1	0
2460497	1	0
2464006	1	0
2464346	0	1
2464967	0	1
2465722	1	0
2466494	1	0
2467760	1	0
2471580	0	1
2471947	1	0
2472120	1	0
2472414	0	1
2475320	1	0
2476704	1	0
2477153	1	0
2479409	1	0
2482043	1	0
2484541	1	0
2487890	1	0
2488278	1	0
2490153	0	1
2490976	1	0
2493436	1	0
2495174	1	0
2497171	0	1
2498594	1	0
2498855	0	1
2499905	1	0
2505474	0	1
2509168	0	1
2509227	0	1
2509468	1	0
2509657	1	0
2511383	0	1
2513653	1	0
2513974	0	1
2514914	1	0
2517363	1	0
2519123	0	1
2520165	0	1
2521355	1	0
2522302	0	1
2522773	0	1
2523883	1	0
2525440	0	1
2528194	1	0
2529543	1	0
2531452	0	1
2531685	0	1
2532511	0	1
2532524	1	0
2532902	0	1
2534630	1	0
2541035	0	1
2541175	0	1
2541860	1	0
2544006	0	1
2544311	0	1
2545391	1	0
2547152	0	1
2548428	0	1
2548706	1	0
2549292	0	1
2551334	0	1
2552411	1	0
2552418	0	1
2554326	0	1
2554374	0	1
2556200	1	0
2556502	0	1
2560730	1	0
2561342	0	1
2561870	0	1
2562085	0	1
2562572	0	1
2565362	0	1
2572838	0	1
2573451	0	1
2574245	0	1
2575952	0	1
2578849	1	0
2580048	0	1
2580711	1	0
2581421	1	0
2583007	0	1
2583012	1	0
2584301	1	0
2584887	1	0
2586994	1	0
2587125	0	1
2588308	1	0
2589183	0	1
2590554	1	0
2590644	1	0
2591801	1	0
2592900	0	1
2593997	0	1
2595230	0	1
2596735	0	1
2598914	1	0
2599334	0	1
2601658	1	0
2602578	0	1
2602685	1	0
2602766	1	0
2603309	0	1
2605358	1	0
2606998	1	0
2609070	1	0
2610041	1	0
2610815	1	0
2611028	0	1
2611559	0	1
2612318	1	0
2612442	1	0
2612775	0	1
2613991	0	1
2615765	0	1
2624303	1	0
2627908	1	0
2629280	0	1
2630009	0	1
2631357	0	1
2633410	1	0
2633578	1	0
2634282	1	0
2636723	0	1
2637369	1	0
2638500	0	1
2639682	0	1
2639954	0	1
2640554	1	0
2641097	1	0
2641133	1	0
2641166	1	0
2643542	1	0
2643968	1	0
2644941	0	1
2645414	0	1
2649179	1	0
2649580	1	0
2650329	1	0
2653077	0	1
2655536	1	0
2655811	0	1
2657974	1	0
2658791	0	1
2659671	0	1
2659862	1	0
2659975	0	1
2661710	0	1
2662625	0	1
2663391	0	1
2665134	1	0
2667068	0	1
2667299	0	1
2668555	0	1
2668749	1	0
2670605	1	0
2672031	0	1
2676213	1	0
2676309	1	0
2676388	1	0
2676830	1	0
2677235	1	0
2677614	1	0
2680770	1	0
2681153	0	1
2681577	0	1
2683476	0	1
2684273	1	0
2686272	0	1
2686363	1	0
2687255	1	0
2687301	0	1
2687388	0	1
2690546	0	1
2690746	0	1
2691760	1	0
2692466	0	1
2693035	0	1
2696102	1	0
2696132	1	0
2697585	1	0
2701994	1	0
2703089	1	0
2706771	0	1
2706843	0	1
2707567	1	0
2707969	0	1
2709719	1	0
2715023	0	1
2715419	0	1
2716835	0	1
2717130	0	1
2718241	0	1
2719073	1	0
2723839	0	1
2725089	0	1
2725663	0	1
2725825	0	1
2726044	1	0
2726385	1	0
2726771	1	0
2729306	0	1
2730404	1	0
2731392	1	0
2731555	1	0
2734177	1	0
2735888	0	1
2735982	0	1
2737622	0	1
2738668	0	1
2738782	1	0
2739600	0	1
2740484	0	1
2740726	0	1
2744609	1	0
2747138	1	0
2748612	1	0
2749439	0	1
2750147	0	1
2751550	0	1
2752601	0	1
2752687	1	0
2753645	0	1
2755834	1	0
2756654	1	0
2756726	0	1
2758783	1	0
2759083	0	1
2759482	0	1
2759722	0	1
2760257	0	1
2762142	1	0
2763119	1	0
2763425	0	1
2766228	1	0
2769050	1	0
2771776	1	0
2772140	0	1
2772940	0	1
2778537	0	1
2780508	1	0
2780545	0	1
2780635	0	1
2781467	0	1
2784665	0	1
2785697	0	1
2786616	0	1
2786765	1	0
2788191	0	1
2790493	1	0
2791132	0	1
2793124	1	0
2797573	1	0
2797877	1	0
2798865	0	1
2799317	0	1
2801416	1	0
2802565	1	0
2803907	0	1
2806039	0	1
2806711	0	1
2809998	1	0
2811013	1	0
2811243	1	0
2812830	1	0
2814931	1	0
2815439	0	1
2818033	1	0
2821187	1	0
2821620	0	1
2827093	0	1
2827296	0	1
2827597	1	0
2827869	0	1
2830861	1	0
2832277	0	1
2832497	1	0
2833271	1	0
2834545	0	1
2834662	1	0
2837516	0	1
2839686	1	0
2840624	1	0
2845176	1	0
2845897	0	1
2851418	1	0
2852888	0	1
2854231	1	0
2854473	1	0
2857321	0	1
2858065	0	1
2858301	1	0
2858318	1	0
2859412	1	0
2860411	1	0
2862105	1	0
2865051	1	0
2865162	0	1
2866915	1	0
2867192	0	1
2869796	1	0
2872075	1	0
2873113	0	1
2874764	1	0
2875267	1	0
2876117	0	1
2878415	1	0
2879235	0	1
2879826	1	0
2880735	1	0
2883084	0	1
2883629	0	1
2883884	1	0
2885544	0	1
2887875	0	1
2888017	0	1
2888383	1	0
2888588	0	1
2889158	0	1
2889956	0	1
2891798	0	1
2893202	0	1
2894495	1	0
2895075	1	0
2897530	1	0
2898380	1	0
2903536	1	0
2904877	0	1
2905057	0	1
2906560	1	0
2907085	0	1
2908631	0	1
2908728	0	1
2908985	1	0
2911566	0	1
2911910	0	1
2914329	1	0
2914766	1	0
2916139	0	1
2917718	0	1
2918677	1	0
2919163	1	0
2919482	0	1
2919527	0	1
2920010	1	0
2921422	0	1
2925135	1	0
2927867	1	0
2929804	1	0
2931875	0	1
2933333	0	1
2933735	1	0
2936904	1	0
2938385	1	0
2939481	1	0
2939638	0	1
2940428	1	0
2941251	1	0
2943916	1	0
2944971	0	1
2945610	1	0
2950627	1	0
2950784	1	0
2951516	1	0
2951574	1	0
2953369	0	1
2956704	0	1
2957142	0	1
2959747	1	0
2960208	1	0
2963429	0	1
2965298	1	0
2967477	0	1
2967502	1	0
2971890	0	1
2973619	0	1
2974104	1	0
2976461	1	0
2976902	0	1
2979650	0	1
2979810	1	0
2981432	0	1
2982470	1	0
2982606	0	1
2982976	1	0
2982993	1	0
2983837	1	0
2984315	0	1
2985531	1	0
2986002	1	0
2986478	1	0
2988290	0	1
2988356	1	0
2991465	1	0
2994014	1	0
2995483	1	0
2996682	1	0
2999653	0	1
2999927	1	0
3000037	1	0
3000402	0	1
3002512	0	1
3002560	0	1
3003726	0	1
3010910	1	0
3013491	0	1
3014474	1	0
3014562	0	1
3016935	0	1
3018153	1	0
3018316	0	1
3018448	0	1
3021652	1	0
3023127	0	1
3025484	0	1
3028299	0	1
3029430	1	0
3030402	1	0
3031153	1	0
3031662	1	0
3032423	1	0
3034405	0	1
3035633	1	0
3038606	0	1
3039387	1	0
3040633	0	1
3041963	1	0
3043157	1	0
3044774	0	1
3045136	0	1
3046094	0	1
3046241	0	1
3046888	1	0
3047780	0	1
3049188	0	1
3053196	1	0
3054420	0	1
3056234	0	1
3057175	0	1
3058516	1	0
3058615	0	1
3059007	1	0
3059606	0	1
3060459	1	0
3060522	1	0
3060724	0	1
3061156	0	1
3065900	0	1
3066437	0	1
3067314	0	1
3067605	0	1
3068863	1	0
3069303	1	0
3069613	0	1
3070582	1	0
3070590	0	1
3070601	0	1
3070931	1	0
3070981	0	1
3071134	1	0
3071686	0	1
3073849	1	0
3074981	0	1
3075940	1	0
3076404	1	0
3079983	0	1
3080658	0	1
3080780	1	0
3082060	0	1
3082222	0	1
3082787	0	1
3083731	0	1
3086495	0	1
3087402	0	1
3089017	1	0
3095596	1	0
3095784	0	1
3096213	1	0
3096882	0	1
3097613	1	0
3098319	0	1
3101494	0	1
3103163	0	1
3104411	1	0
3104905	0	1
3107219	0	1
3111355	1	0
3113650	1	0
3113653	0	1
3115002	1	0
3115072	1	0
3115470	0	1
3115552	0	1
3116786	0	1
3118333	0	1
3118496	1	0
3119142	0	1
3119955	0	1
3120569	0	1
3120741	1	0
3121465	0	1
3123319	0	1
3123418	0	1
3123530	1	0
3124114	0	1
3127903	0	1
3129375	0	1
3130889	0	1
3131488	1	0
3132689	1	0
3132703	0	1
3134051	1	0
3137310	1	0
3138574	0	1
3141332	0	1
3143048	1	0
3143220	0	1
3146323	0	1
3146415	0	1
3147433	0	1
3147638	1	0
3147654	0	1
3148385	1	0
3148851	0	1
3149739	0	1
3150887	1	0
3150947	1	0
3151122	1	0
3152213	1	0
3152774	0	1
3154516	0	1
3155924	1	0
3158415	0	1
3159987	0	1
3160737	0	1
3162227	1	0
3162657	1	0
3163145	1	0
3165219	1	0
3166008	1	0
3168143	1	0
3170447	1	0
3173045	0	1
3176357	0	1
3177109	1	0
3177621	0	1
3178785	0	1
3179404	1	0
3180629	0	1
3182259	0	1
3183814	1	0
3184440	1	0
3184684	0	1
3185435	1	0
3185641	1	0
3188585	0	1
3189151	1	0
3189375	0	1
3189410	1	0
3190794	0	1
3192145	1	0
3192701	0	1
3192801	1	0
3193504	0	1
3194001	1	0
3195508	0	1
3196749	1	0
3197354	0	1
3197682	0	1
3203581	1	0
3204388	1	0
3205942	0	1
3206144	1	0
3207030	0	1
3207068	0	1
3208007	0	1
3212439	0	1
3213086	0	1
3213140	0	1
3213182	1	0
3213837	0	1
3214070	0	1
3214102	0	1
3215984	0	1
3216802	0	1
3217258	1	0
3220329	1	0
3220494	0	1
3224655	0	1
3225158	0	1
3228081	1	0
3229313	1	0
3231650	0	1
3237163	1	0
3237617	0	1
3241946	0	1
3242604	1	0
3243254	1	0
3243809	1	0
3244849	1	0
3245073	1	0
3246149	0	1
3247189	1	0
3249102	0	1
3251493	1	0
3252267	0	1
3252747	1	0
3253148	1	0
3253437	0	1
3253517	1	0
3254076	0	1
3254496	1	0
3259020	0	1
3260108	0	1
3260677	1	0
3261835	1	0
3262035	1	0
3262818	1	0
3264130	1	0
3265025	0	1
3265710	1	0
3272496	1	0
3275326	0	1
3276628	0	1
3277751	1	0
3279043	0	1
3279343	1	0
3280014	0	1
3280068	0	1
3280929	0	1
3281973	1	0
3282318	0	1
3286750	1	0
3289952	1	0
3291659	1	0
3292675	0	1
3295394	1	0
3295581	0	1
3297665	0	1
3297843	1	0
3299951	1	0
3300382	1	0
3303177	1	0
3307020	1	0
3307235	0	1
3308063	0	1
3313345	1	0
3314226	1	0
3316881	1	0
3318066	0	1
3318694	0	1
3319143	1	0
3319446	1	0
3321359	0	1
3322011	0	1
3322966	1	0
3323870	1	0
3325018	0	1
3327693	0	1
3332958	0	1
3333656	0	1
3335999	0	1
3337927	1	0
3339063	1	0
3343228	0	1
3343527	0	1
3343682	0	1
3346247	0	1
3347018	1	0
3349520	1	0
3352500	1	0
3352586	1	0
3355452	0	1
3356245	0	1
3357197	1	0
3358510	0	1
3361988	1	0
3362014	0	1
3362878	0	1
3364430	1	0
3366140	0	1
3367712	0	1
3367905	0	1
3368380	1	0
3368973	0	1
3371149	0	1
3371585	0	1
3371901	1	0
3376109	0	1
3376121	0	1
3384290	1	0
3385796	0	1
3388146	0	1
3388612	0	1
3388632	1	0
3390417	0	1
3392812	0	1
3394610	1	0
3394816	1	0
3396683	0	1
3398636	0	1
3400069	0	1
3402006	1	0
3404499	0	1
3405767	1	0
3405891	0	1
3406783	1	0
3406891	1	0
3407589	1	0
3408286	0	1
3408378	1	0
3408950	1	0
3409107	0	1
3411309	1	0
3415242	1	0
3415343	0	1
3419480	1	0
3420466	0	1
3420941	0	1
3421048	0	1
3421974	1	0
3424084	0	1
3425721	1	0
3425790	1	0
3425891	1	0
3426579	1	0
3427046	0	1
3427399	0	1
3427839	1	0
3430008	1	0
3433538	0	1
3434231	0	1
3437385	0	1
3437902	1	0
3438765	0	1
3439107	0	1
3440471	0	1
3445619	1	0
3446852	0	1
3447443	0	1
3448834	0	1
3449009	1	0
3451935	1	0
3452868	0	1
3453664	1	0
3454839	1	0
3456146	0	1
3456246	1	0
3457776	0	1
3458146	1	0
3459815	1	0
3462120	0	1
3464292	0	1
3465364	0	1
3466343	1	0
3466549	1	0
3468540	1	0
3468963	1	0
3469879	0	1
3470325	0	1
3470517	0	1
3471841	0	1
3471916	0	1
3473757	1	0
3474267	1	0
3474268	0	1
3475222	1	0
3475286	1	0
3475717	1	0
3477354	0	1
3477441	1	0
3479879	0	1
3479885	1	0
3480263	1	0
3482064	0	1
3482571	0	1
3482715	0	1
3483311	0	1
3483732	1	0
3486198	0	1
3486700	0	1
3488774	1	0
3491739	1	0
3492498	1	0
3495707	0	1
3496339	0	1
3500773	1	0
3500898	1	0
3502447	1	0
3503355	0	1
3504009	1	0
3505344	0	1
3506966	0	1
3506972	1	0
3507216	0	1
3508880	0	1
3510344	0	1
3514853	0	1
3516761	0	1
3520775	0	1
3522392	1	0
3522864	0	1
3523013	1	0
3525043	0	1
3526421	1	0
3526487	1	0
3527082	1	0
3531270	0	1
3532195	0	1
3532951	0	1
3533767	0	1
3534080	0	1
3534694	0	1
3535310	1	0
3535382	0	1
3537327	0	1
3538046	0	1
3540348	1	0
3542880	1	0
3543198	1	0
3544626	1	0
3545478	0	1
3548306	0	1
3548630	1	0
3550140	1	0
3551388	0	1
3551855	1	0
3552051	1	0
3553457	1	0
3555246	1	0
3555752	0	1
3557132	1	0
3557803	0	1
3559468	1	0
3559765	1	0
3562710	0	1
3563162	0	1
3563774	1	0
3563854	1	0
3564012	1	0
3564979	0	1
3565395	1	0
3567801	1	0
3567821	0	1
3568457	1	0
3569006	1	0
3569033	1	0
3569211	0	1
3569923	1	0
3570828	1	0
3571519	1	0
3572528	1	0
3573734	0	1
3573748	1	0
3574580	1	0
3578993	1	0
3579969	1	0
3581478	0	1
3581977	1	0
3583960	1	0
3585936	0	1
3586918	1	0
3591890	0	1
3592069	1	0
3592092	0	1
3594052	0	1
3596246	1	0
3596417	0	1
3596829	0	1
3596853	1	0
3597316	1	0
3599294	1	0
3600267	1	0
3600838	1	0
3601458	1	0
3601460	1	0
3601936	1	0
3603322	1	0
3608197	0	1
3610700	0	1
3610732	0	1
3613782	0	1
3615820	0	1
3617841	0	1
3618658	0	1
3619335	1	0
3619816	0	1
3619907	0	1
3620253	0	1
3620631	0	1
3621514	0	1
3623349	1	0
3624205	0	1
3624285	0	1
3628504	1	0
3632316	0	1
3634366	1	0
3640694	1	0
3641743	1	0
3646129	0	1
3646234	0	1
3646841	1	0
3647182	0	1
3647473	0	1
3647676	1	0
3648975	1	0
3651002	0	1
3652153	1	0
3652365	1	0
3654587	0	1
3655934	0	1
3656589	1	0
3658084	0	1
3658486	0	1
3659051	0	1
3662377	0	1
3662835	0	1
3663682	0	1
3666626	1	0
3668266	1	0
3668352	1	0
3668565	1	0
3668576	1	0
3669905	0	1
3670697	0	1
3670890	1	0
3675114	0	1
3676120	1	0
3676490	0	1
3677416	1	0
3678934	0	1
3679040	1	0
3679469	0	1
3681662	1	0
3682483	0	1
3683538	0	1
3684294	1	0
3684354	1	0
3684596	1	0
3685383	1	0
3685696	1	0
3685765	1	0
3688239	1	0
3693536	1	0
3695637	0	1
3698200	0	1
3698570	0	1
3702882	0	1
3703175	1	0
3707207	0	1
3714222	0	1
3715880	1	0
3721173	0	1
3722297	1	0
3722698	0	1
3723464	0	1
3724664	1	0
3724766	1	0
3726064	0	1
3731359	0	1
3731641	0	1
3733738	1	0
3736917	1	0
3740752	1	0
3745047	1	0
3746030	1	0
3751076	1	0
3752964	0	1
3753200	1	0
3754064	1	0
3755753	0	1
3756132	0	1
3757496	1	0
3758961	1	0
3759198	1	0
3760308	1	0
3762277	0	1
3763198	0	1
3763215	0	1
3763228	1	0
3763817	0	1
3767291	1	0
3767638	0	1
3768979	1	0
3769314	1	0
3769832	0	1
3772344	0	1
3774084	1	0
3774218	0	1
3774965	1	0
3775005	1	0
3775879	0	1
3777327	0	1
3777496	1	0
3777951	1	0
3778628	1	0
3781987	1	0
3788650	1	0
3788712	1	0
3790620	0	1
3791240	0	1
3791905	0	1
3793776	1	0
3797117	1	0
3801135	0	1
3802283	0	1
3802872	0	1
3804937	1	0
3805323	1	0
3806430	1	0
3807022	0	1
3808447	0	1
3808814	0	1
3809098	1	0
3812436	0	1
3812580	0	1
3813520	1	0
3813853	1	0
3813906	0	1
3813955	1	0
3814212	0	1
3816899	1	0
3817342	1	0
3821348	1	0
3822510	1	0
3823275	1	0
3824432	1	0
3825402	0	1
3827298	0	1
3827741	0	1
3828322	1	0
3831315	1	0
3835217	0	1
3838191	0	1
3838916	0	1
3840937	1	0
3841800	0	1
3842718	0	1
3843024	0	1
3844217	0	1
3844492	1	0
3845029	0	1
3847604	0	1
3847914	1	0
3848013	1	0
3848109	1	0
3851877	1	0
3852820	1	0
3853522	0	1
3855742	0	1
3858151	0	1
3858690	1	0
3860267	0	1
3862233	1	0
3863651	1	0
3863871	0	1
3866652	1	0
3867685	0	1
3868128	1	0
3868867	0	1
3868919	1	0
3869102	1	0
3871036	1	0
3871037	0	1
3871756	1	0
3872742	0	1
3872817	1	0
3877635	0	1
3877977	1	0
3878461	0	1
3878944	1	0
3879294	1	0
3879296	1	0
3881038	0	1
3885579	1	0
3885918	1	0
3887368	1	0
3889174	0	1
3891689	1	0
3892422	0	1
3892903	0	1
3893428	1	0
3895090	1	0
3897352	0	1
3897620	0	1
3898238	1	0
3901334	0	1
3903525	0	1
3909110	1	0
3910981	1	0
3911647	0	1
3912838	0	1
3914280	1	0
3914389	0	1
3915438	0	1
3917085	1	0
3917330	0	1
3919352	0	1
3920521	0	1
3924575	0	1
3924633	1	0
3925044	0	1
3926271	0	1
3926740	1	0
3928411	0	1
3930308	0	1
3930453	1	0
3931415	0	1
3932363	0	1
3932978	0	1
3936580	0	1
3938923	0	1
3940516	0	1
3942186	0	1
3943012	1	0
3946396	1	0
3947977	1	0
3949718	0	1
3952355	1	0
3952782	1	0
3954976	1	0
3955266	1	0
3955831	0	1
3956376	0	1
3961496	0	1
3964084	1	0
3965694	0	1
3967425	1	0
3968526	0	1
3972444	0	1
3973358	1	0
3973997	1	0
3974235	0	1
3976292	0	1
3978060	0	1
3978707	1	0
3978742	1	0
3981177	1	0
3981193	1	0
3982815	0	1
3987501	1	0
3988269	1	0
3988626	1	0
3990253	0	1
3992518	0	1
3993572	1	0
3998121	1	0
3998192	0	1
3999129	0	1
4000819	1	0
4003465	0	1
4003729	1	0
4005875	0	1
4006948	1	0
4007622	1	0
4007811	1	0
4010483	1	0
4010712	0	1
4011207	0	1
4011664	1	0
4014398	0	1
4015887	1	0
4018011	0	1
4018396	1	0
4019703	0	1
4020834	0	1
4023219	0	1
4026372	0	1
4026389	1	0
4027883	1	0
4027954	0	1
4029015	0	1
4029468	0	1
4029957	0	1
4030538	1	0
4031833	0	1
4032375	0	1
4034134	0	1
4034825	0	1
4034920	0	1
4036962	0	1
4037411	0	1
4038167	0	1
4039709	1	0
4040248	0	1
4040326	0	1
4040951	0	1
4044804	0	1
4046173	1	0
4047657	0	1
4048991	1	0
4049287	1	0
4050010	1	0
4051863	1	0
4052006	0	1
4052440	1	0
4052872	1	0
4053626	0	1
4058865	1	0
4058959	1	0
4059934	1	0
4060198	1	0
4064903	0	1
4065064	1	0
4065753	0	1
4067538	0	1
4069164	0	1
4069897	1	0
4070465	1	0
4071141	0	1
4071551	0	1
4071858	0	1
4072738	0	1
4073155	0	1
4073607	0	1
4075033	1	0
4079644	1	0
4080878	1	0
4080985	0	1
4081090	1	0
4085122	0	1
4085593	0	1
4085722	1	0
4086941	0	1
4088244	1	0
4089638	1	0
4090053	1	0
4090074	0	1
4094543	0	1
4094929	0	1
4096432	1	0
4098067	0	1
4099323	1	0
4099824	0	1
4100246	1	0
4101460	1	0
4104140	0	1
4108049	0	1
4108199	1	0
4108424	1	0
4112284	0	1
4114062	1	0
4116922	0	1
4117224	0	1
4118405	1	0
4120015	0	1
4121535	1	0
4122235	0	1
4122256	1	0
4123422	0	1
4123811	0	1
4124609	1	0
4128821	0	1
4129500	1	0
4131941	1	0
4132220	1	0
4133708	1	0
4138737	1	0
4138881	0	1
4138893	0	1
4139651	0	1
4139781	0	1
4141621	0	1
4144900	0	1
4145659	0	1
4146059	1	0
4146819	1	0
4148533	1	0
4148546	0	1
4149733	1	0
4151000	0	1
4152354	0	1
4152724	0	1
4154393	1	0
4154521	1	0
4154818	1	0
4157617	0	1
4159406	0	1
4159425	0	1
4159806	0	1
4160128	1	0
4160549	1	0
4160929	1	0
4161016	1	0
4161835	0	1
4163594	0	1
4164838	1	0
4166328	0	1
4166441	0	1
4170475	1	0
4172906	1	0
4175086	0	1
4177394	1	0
4180991	1	0
4182039	1	0
4182337	1	0
4183616	1	0
4185427	1	0
4187212	1	0
4188195	1	0
4188290	1	0
4188909	0	1
4192289	1	0
4193460	1	0
4194491	1	0
4194909	0	1
4195522	1	0
4198531	1	0
4199995	0	1
4202059	0	1
4202867	1	0
4204194	0	1
4204575	0	1
4206205	0	1
4206949	0	1
4207728	0	1
4209125	1	0
4212795	0	1
4212884	1	0
4215206	1	0
4215667	1	0
4216450	0	1
4216480	1	0
4216958	0	1
4217889	1	0
4217967	1	0
4218868	1	0
4222359	0	1
4222508	1	0
4224436	0	1
4225139	0	1
4226559	0	1
4226961	1	0
4227193	1	0
4227427	1	0
4227525	1	0
4227799	0	1
4229254	1	0
4232099	0	1
4234342	0	1
4235883	1	0
4236039	1	0
4236494	0	1
4236989	0	1
4237373	1	0
4238338	1	0
4239361	1	0
4239950	0	1
4240532	0	1
4242883	1	0
4244959	0	1
4245450	0	1
4248717	0	1
4252788	0	1
4253316	1	0
4253900	0	1
4254839	1	0
4258614	1	0
4261400	0	1
4261545	1	0
4262210	1	0
4263285	1	0
4264218	0	1
4264506	1	0
4267116	0	1
4268622	1	0
4271048	1	0
4273657	1	0
4275496	1	0
4276267	0	1
4277524	1	0
4277757	1	0
4279250	1	0
4279514	0	1
4281093	0	1
4281441	1	0
4281608	1	0
4281849	1	0
4281852	1	0
4283543	0	1
4285301	0	1
4286266	0	1
4286501	1	0
4286618	1	0
4286644	1	0
4286886	1	0
4289839	0	1
4290208	0	1
4290791	0	1
4290940	1	0
4291276	1	0
4292253	1	0
4293501	1	0
4293877	1	0
4293957	0	1
4294619	1	0
4294975	1	0
4295306	0	1
4299592	0	1
4300869	1	0
4301954	0	1
4302671	1	0
4303418	1	0
4304456	0	1
4306045	1	0
4307660	1	0
4307912	1	0
4308837	0	1
4309545	0	1
4312270	0	1
4313601	0	1
4314615	1	0
4314779	0	1
4316020	1	0
4316187	0	1
4316736	0	1
4316942	1	0
4318512	0	1
4318820	0	1
4319483	1	0
4322496	0	1
4322801	1	0
4323746	0	1
4324471	1	0
4324496	0	1
4326594	1	0
4326690	0	1
4327547	1	0
4328644	0	1
4329964	0	1
4331520	0	1
4331910	1	0
4331924	1	0
4333638	0	1
4334661	0	1
4337072	0	1
4339368	0	1
4341839	0	1
4342724	0	1
4343266	0	1
4345357	0	1
4346157	0	1
4346428	0	1
4349002	1	0
4351857	1	0
4352694	0	1
4352799	0	1
4353454	0	1
4355623	1	0
4358716	1	0
4359020	0	1
4359113	0	1
4361910	0	1
4362568	1	0
4363609	1	0
4368200	1	0
4368292	1	0
4369685	0	1
4369788	0	1
4370416	0	1
4372587	0	1
4373345	0	1
4381172	1	0
4382264	0	1
4382781	0	1
4383113	1	0
4383689	0	1
4384311	0	1
4384406	0	1
4385021	1	0
4385853	0	1
4387563	1	0
4388989	1	0
4390634	1	0
4390646	1	0
4390974	0	1
4392419	1	0
4393301	0	1
4393309	1	0
4395485	0	1
4397461	0	1
4398521	0	1
4398613	0	1
4400552	0	1
4401721	0	1
4403752	0	1
4405610	0	1
4407776	0	1
4408749	0	1
4408951	1	0
4410434	0	1
4411726	0	1
4413534	0	1
4413783	1	0
4414073	1	0
4417020	0	1
4418868	0	1
4422052	1	0
4423947	0	1
4425159	0	1
4426575	1	0
4429507	1	0
4430660	0	1
4431994	0	1
4432221	0	1
4433078	1	0
4434758	0	1
4435180	0	1
4435482	1	0
4435984	0	1
4436353	0	1
4436676	0	1
4437414	0	1
4440592	1	0
4441535	1	0
4441813	1	0
4441920	0	1
4443508	0	1
4444152	0	1
4446452	0	1
4447888	1	0
4450009	0	1
4450433	0	1
4452005	0	1
4452414	1	0
4456144	0	1
4457493	0	1
4458016	0	1
4458435	0	1
4458718	0	1
4460300	1	0
4460629	0	1
4461835	0	1
4462245	0	1
4463691	0	1
4465940	0	1
4467947	1	0
4469854	0	1
4470132	1	0
4470256	1	0
4471857	0	1
4472470	0	1
4473225	1	0
4473268	0	1
4473669	1	0
4473715	1	0
4476532	0	1
4476904	0	1
4477991	1	0
4478044	0	1
4479509	1	0
4480029	1	0
4483071	0	1
4485991	1	0
4486516	1	0
4489598	1	0
4497011	1	0
4499338	1	0
4501822	1	0
4502204	0	1
4503350	1	0
4503443	1	0
4503576	0	1
4512647	0	1
4513175	0	1
4515014	1	0
4517205	0	1
4519807	1	0
4527863	1	0
4528232	1	0
4528287	1	0
4528993	0	1
4529179	1	0
4529210	1	0
4529806	1	0
4531847	1	0
4532961	1	0
4533461	1	0
4534877	0	1
4535229	0	1
4535249	1	0
4537176	1	0
4538479	1	0
4540394	1	0
4540447	1	0
4542866	0	1
4544154	1	0
4545259	0	1
4546565	0	1
4549229	0	1
4550408	0	1
4551568	0	1
4557800	1	0
4559685	1	0
4560464	1	0
4562102	1	0
4562760	0	1
4563107	0	1
4564318	1	0
4567829	0	1
4571358	1	0
4571916	0	1
4572916	0	1
4573233	0	1
4580475	0	1
4585766	1	0
4587164	0	1
4589339	1	0
4591013	1	0
4592212	0	1
4592286	1	0
4593095	1	0
4594593	1	0
4596102	1	0
4596725	0	1
4600513	0	1
4600758	0	1
4601683	0	1
4603248	1	0
4604841	1	0
4606236	0	1
4606666	0	1
4606893	1	0
4608240	0	1
4609459	1	0
4609723	0	1
4611351	1	0
4612161	1	0
4613630	0	1
4616051	0	1
4616299	0	1
4616325	1	0
4618338	0	1
4619592	0	1
4621196	0	1
4623624	0	1
4625788	0	1
4630110	1	0
4631134	0	1
4632028	0	1
4632714	0	1
4632937	0	1
4634070	1	0
4634503	1	0
4637892	0	1
4639059	0	1
4640257	0	1
4640842	1	0
4640914	1	0
4640957	0	1
4641691	1	0
4641809	1	0
4643054	1	0
4645891	1	0
4648750	1	0
4650185	1	0
4650502	0	1
4653152	1	0
4656048	0	1
4656340	1	0
4658123	0	1
4658573	1	0
4660736	0	1
4668589	0	1
4668630	1	0
4671665	0	1
4672964	0	1
4677798	1	0
4678632	0	1
4681138	1	0
4681224	0	1
4681769	0	1
4681862	1	0
4686798	0	1
4689062	0	1
4691614	1	0
4695320	1	0
4695439	1	0
4696089	0	1
4696188	0	1
4696504	1	0
4696852	0	1
4697696	0	1
4698113	0	1
4698255	0	1
4698500	0	1
4698713	1	0
4703531	1	0
4705430	0	1
4710008	0	1
4710781	0	1
4711216	1	0
4713350	1	0
4713877	1	0
4714352	1	0
4714705	1	0
4714891	0	1
4715286	0	1
4715872	0	1
4717366	0	1
4717453	1	0
4717769	0	1
4719976	0	1
4720188	0	1
4720748	0	1
4723414	1	0
4723639	1	0
4723755	0	1
4724639	0	1
4725120	0	1
4726225	0	1
4728396	1	0
4728593	1	0
4729752	0	1
4730691	0	1
4730899	1	0
4732203	1	0
4732630	0	1
4733522	0	1
4733637	0	1
4734458	1	0
4734946	1	0
4737250	1	0
4737329	1	0
4738052	1	0
4738870	0	1
4740591	0	1
4741730	0	1
4743197	0	1
4745198	1	0
4747840	0	1
4748343	1	0
4749373	1	0
4751817	0	1
4757884	0	1
4760821	0	1
4761440	0	1
4761730	0	1
4762626	0	1
4764430	1	0
4765335	1	0
4766215	1	0
4768643	0	1
4769241	1	0
4771860	0	1
4772557	0	1
4773088	1	0
4773895	1	0
4775811	0	1
4775991	0	1
4776283	1	0
4780315	1	0
4780573	1	0
4781691	1	0
4782846	1	0
4783743	1	0
4785123	0	1
4785472	1	0
4786545	0	1
4787166	0	1
4788611	1	0
4788814	1	0
4789942	1	0
4790216	0	1
4790652	0	1
4790981	1	0
4791251	1	0
4793580	0	1
4794029	0	1
4797520	1	0
4802191	1	0
4803320	1	0
4803526	0	1
4804152	0	1
4806283	1	0
4806894	1	0
4807016	1	0
4808101	0	1
4810587	0	1
4812706	0	1
4812963	1	0
4814452	1	0
4814785	1	0
4815114	0	1
4817876	0	1
4818259	0	1
4818667	1	0
4818668	1	0
4821395	0	1
4823492	1	0
4824808	1	0
4826658	0	1
4826878	0	1
4827696	0	1
4828273	0	1
4828405	0	1
4829293	1	0
4832672	0	1
4832727	1	0
4833187	1	0
4833498	0	1
4833861	0	1
4837048	1	0
4837890	1	0
4838727	1	0
4840633	0	1
4840857	1	0
4841748	0	1
4842498	0	1
4843710	1	0
4854005	0	1
4855961	1	0
4856638	1	0
4858981	0	1
4859231	0	1
4859273	1	0
4859578	0	1
4860133	0	1
4861086	1	0
4862359	0	1
4865578	1	0
4866529	1	0
4867457	0	1
4867526	1	0
4867574	0	1
4868642	1	0
4869411	0	1
4871847	1	0
4872081	1	0
4872115	0	1
4872910	0	1
4873272	0	1
4873340	0	1
4875059	0	1
4875217	0	1
4876467	0	1
4876907	0	1
4877161	0	1
4877798	1	0
4879953	0	1
4880617	1	0
4882469	0	1
4882648	0	1
4884623	1	0
4884984	1	0
4886492	0	1
4887604	1	0
4891133	0	1
4891786	1	0
4891878	0	1
4891904	1	0
4894242	0	1
4895234	1	0
4897224	0	1
4897581	1	0
4898146	0	1
4898187	0	1
4902528	0	1
4903998	1	0
4907605	1	0
4908017	1	0
4909278	1	0
4910791	1	0
4911301	0	1
4913813	1	0
4917733	0	1
4920615	0	1
4922406	0	1
4922840	0	1
4923281	0	1
4927689	1	0
4927703	0	1
4929381	1	0
4931014	0	1
4932314	0	1
4938467	1	0
4938966	1	0
4939520	0	1
4939630	0	1
4940410	0	1
4940814	1	0
4941375	1	0
4943774	0	1
4947428	1	0
4947702	1	0
4948324	1	0
4951843	1	0
4951929	1	0
4952059	1	0
4952296	1	0
4953502	0	1
4953720	1	0
4958311	1	0
4959100	0	1
4960028	1	0
4960406	1	0
4961255	1	0
4962701	1	0
4964555	0	1
4966424	1	0
4967574	0	1
4970703	1	0
4972970	1	0
4974856	1	0
4974933	1	0
4974943	0	1
4975262	0	1
4976714	0	1
4977420	0	1
4978107	0	1
4980985	1	0
4983997	0	1
4987195	0	1
4987698	1	0
4989264	0	1
4989687	1	0
4989969	0	1
4990242	1	0
4990801	0	1
4991551	1	0
4993921	0	1
4994092	0	1
4995862	1	0
4996873	1	0
4997326	1	0
4998231	0	1
4998707	1	0
4999916	0	1
5000675	1	0
5000915	0	1
5001081	1	0
5002136	1	0
5005238	0	1
5005800	1	0
5007561	1	0
5008994	1	0
5012569	0	1
5014862	0	1
5015977	1	0
5017404	1	0
5020452	0	1
5021132	0	1
5021660	1	0
5021675	0	1
5024010	1	0
5026162	1	0
5026310	0	1
5027457	0	1
5028289	0	1
5028458	0	1
5033711	0	1
5034034	0	1
5034127	0	1
5035332	0	1
5037122	1	0
5037166	1	0
5038599	0	1
5039612	1	0
5039758	1	0
5040011	1	0
5041130	1	0
5041599	1	0
5045312	0	1
5047589	0	1
5053065	0	1
5053466	0	1
5058128	0	1
5058881	0	1
5059451	1	0
5059520	0	1
5059593	1	0
5061163	0	1
5061980	1	0
5062323	1	0
5063592	0	1
5063981	0	1
5065130	0	1
5065724	0	1
5068037	1	0
5070328	0	1
5071193	0	1
5071769	1	0
5072370	1	0
5074554	0	1
5075085	0	1
5075398	1	0
5075516	0	1
5076354	1	0
5077232	1	0
5079683	0	1
5080017	1	0
5080657	0	1
5082860	0	1
5085173	0	1
5085821	1	0
5086641	0	1
5087123	0	1
5090717	1	0
5090886	0	1
5094504	0	1
5096039	0	1
5097050	1	0
5097095	1	0
5097956	0	1
5098655	0	1
5098890	0	1
5100314	1	0
5105040	0	1
5106141	0	1
5107813	0	1
5107908	1	0
5108629	1	0
5108794	1	0
5110059	1	0
5113776	1	0
5115221	0	1
5115328	0	1
5115912	0	1
5116979	0	1
5117667	1	0
5120058	1	0
5122305	0	1
5123567	1	0
5124191	0	1
5124584	1	0
5124734	0	1
5125319	0	1
5126030	0	1
5127532	1	0
5128963	0	1
5129060	0	1
5129731	1	0
5129999	0	1
5130227	1	0
5132568	1	0
5132626	1	0
5133351	0	1
5133597	1	0
5136416	1	0
5137502	1	0
5137853	0	1
5138784	1	0
5140537	0	1
5144766	1	0
5145098	1	0
5147995	0	1
5151624	0	1
5154933	0	1
5156278	1	0
5157603	1	0
5158291	0	1
5160152	0	1
5161162	0	1
5162671	0	1
5163417	0	1
5165170	1	0
5167490	1	0
5167702	0	1
5170087	0	1
5171123	1	0
5173605	0	1
5174358	0	1
5174994	0	1
5178281	0	1
5178667	1	0
5181146	0	1
5182028	1	0
5182990	1	0
5183482	1	0
5184617	1	0
5185142	0	1
5185196	1	0
5185620	0	1
5185629	0	1
5190738	1	0
5195235	0	1
5195906	0	1
5197644	1	0
5198210	1	0
5199693	1	0
5201875	0	1
5205785	0	1
5206467	1	0
5208506	1	0
5208919	0	1
5215102	0	1
5215137	1	0
5216371	0	1
5217807	0	1
5219360	1	0
5219531	1	0
5223249	0	1
5223516	0	1
5224816	0	1
5225152	0	1
5225642	1	0
5226696	0	1
5227416	1	0
5227649	0	1
5227899	1	0
5228621	0	1
5230509	0	1
5233552	1	0
5233670	0	1
5234336	1	0
5234477	1	0
5234500	1	0
5235945	0	1
5237175	0	1
5237413	0	1
5237768	1	0
5237800	0	1
5240202	0	1
5245103	1	0
5245298	1	0
5245649	1	0
5248353	1	0
5251832	0	1
5252558	1	0
5252628	1	0
5252682	0	1
5253820	0	1
5254486	1	0
5254525	0	1
5255692	0	1
5255708	1	0
5257772	0	1
5258260	1	0
5258315	0	1
5259499	0	1
5260175	0	1
5265030	0	1
5266078	1	0
5266508	1	0
5268156	0	1
5268579	0	1
5271706	0	1
5272332	1	0
5273396	0	1
5273466	1	0
5274207	0	1
5276588	1	0
5278772	1	0
5279111	0	1
5279453	1	0
5281719	0	1
5285271	1	0
5285405	1	0
5286202	0	1
5286751	1	0
5289478	0	1
5289595	1	0
5289912	0	1
5291773	1	0
5291844	1	0
5292749	0	1
5293527	1	0
5294070	0	1
5294739	0	1
5295746	1	0
5295981	0	1
5297113	0	1
5299295	0	1
5301199	0	1
5301422	0	1
5301638	0	1
5302055	1	0
5302653	0	1
5303353	0	1
5304871	1	0
5304949	0	1
5304997	0	1
5305660	0	1
5307253	1	0
5307540	1	0
5308908	0	1
5309310	0	1
5312206	1	0
5315219	0	1
5315690	1	0
5316039	0	1
5316746	0	1
5317113	1	0
5318601	0	1
5320933	1	0
5322424	1	0
5324743	0	1
5325418	0	1
5325645	1	0
5327430	1	0
5328026	0	1
5329509	0	1
5329930	0	1
5330043	0	1
5336579	1	0
5336806	1	0
5342749	0	1
5347794	1	0
5349899	0	1
5351335	1	0
5352485	1	0
5355165	0	1
5355621	0	1
5356462	0	1
5357750	0	1
5358456	1	0
5359200	1	0
5359735	0	1
5360843	1	0
5363377	1	0
5363677	0	1
5367309	0	1
5368867	0	1
5371178	1	0
5372261	0	1
5374277	0	1
5374299	1	0
5376573	1	0
5376628	1	0
5379569	1	0
5385999	0	1
5386464	1	0
5386779	0	1
5388712	0	1
5389101	1	0
5391776	0	1
5391921	0	1
5392101	1	0
5397260	1	0
5398754	1	0
5401256	0	1
5401779	0	1
5403284	1	0
5404487	1	0
5405719	1	0
5407249	1	0
5408391	1	0
5409139	1	0
5409570	1	0
5411521	0	1
5411863	1	0
5413435	1	0
5413790	1	0
5415099	1	0
5416932	0	1
5417261	1	0
5417344	0	1
5417532	0	1
5418774	0	1
5421298	1	0
5421360	1	0
5423126	0	1
5423683	0	1
5424551	1	0
5428074	0	1
5428612	0	1
5429447	1	0
5429466	1	0
5429580	0	1
5429979	0	1
5430017	1	0
5431348	1	0
5432089	1	0
5433148	0	1
5433404	1	0
5433872	0	1
5435325	0	1
5439805	1	0
5439874	1	0
5442821	1	0
5443968	1	0
5445075	0	1
5446000	0	1
5446096	0	1
5446222	0	1
5447447	1	0
5448003	0	1
5451325	1	0
5452021	1	0
5452228	0	1
5453900	0	1
5454363	0	1
5455357	0	1
5456953	0	1
5460026	1	0
5462121	1	0
5463625	0	1
5465143	0	1
5469032	0	1
5469500	0	1
5469502	0	1
5469926	0	1
5470254	1	0
5471700	1	0
5473039	0	1
5474239	0	1
5474261	1	0
5476001	0	1
5476522	0	1
5477980	0	1
5479064	1	0
5479624	0	1
5479817	1	0
5479950	0	1
5482324	0	1
5485664	1	0
5487063	0	1
5487209	1	0
5487895	1	0
5489635	0	1
5491652	1	0
5491820	1	0
5491821	0	1
5493481	0	1
5494069	0	1
5494461	1	0
5494479	0	1
5495515	0	1
5498054	0	1
5502268	0	1
5503380	1	0
5504343	0	1
5504462	0	1
5505523	0	1
5506161	0	1
5507407	0	1
5508064	1	0
5508431	0	1
5508564	0	1
5509069	1	0
5509205	0	1
5509465	1	0
5515289	1	0
5516072	1	0
5517084	1	0
5519841	0	1
5527064	0	1
5528229	1	0
5530460	1	0
5530988	1	0
5531475	1	0
5532162	1	0
5533650	0	1
5535178	1	0
5535683	0	1
5535874	1	0
5537208	1	0
5537392	0	1
5538544	1	0
5540120	0	1
5541728	0	1
5543595	1	0
5546344	1	0
5547268	0	1
5549015	0	1
5550302	1	0
5550578	0	1
5550613	1	0
5551060	1	0
5551841	1	0
5553121	0	1
5555650	1	0
5555942	0	1
5556121	0	1
5560533	1	0
5560686	0	1
5561554	0	1
5562729	0	1
5563768	0	1
5563888	0	1
5563967	1	0
5564116	1	0
5565291	0	1
5566339	1	0
5566694	1	0
5568048	1	0
5570335	0	1
5570392	0	1
5571311	1	0
5572870	1	0
5573258	1	0
5573749	0	1
5575017	0	1
5578059	1	0
5580272	0	1
5581439	0	1
5583186	0	1
5583791	1	0
5585157	0	1
5585994	0	1
5586275	1	0
5587888	1	0
5588972	1	0
5589564	0	1
5592794	0	1
5592823	0	1
5593329	0	1
5593408	0	1
5595347	0	1
5596962	1	0
5597499	0	1
5599000	0	1
5599672	1	0
5601554	1	0
5602361	0	1
5603070	0	1
5606708	1	0
5607093	0	1
5607265	1	0
5608436	1	0
5613080	0	1
5613713	1	0
5613799	0	1
5614352	1	0
5615292	1	0
5615528	1	0
5616959	0	1
5625085	0	1
5625887	0	1
5626471	0	1
5627154	0	1
5627318	0	1
5630181	1	0
5630896	1	0
5631549	0	1
5632986	0	1
5633764	0	1
5635157	1	0
5635242	0	1
5637482	0	1
5641244	0	1
5642639	1	0
5646760	1	0
5646979	1	0
5647844	1	0
5649072	0	1
5650234	0	1
5650919	0	1
5651469	1	0
5651650	0	1
5652313	1	0
5652550	0	1
5654317	0	1
5654630	0	1
5654711	0	1
5655783	1	0
5656989	1	0
5659729	1	0
5660876	0	1
5661441	1	0
5663607	0	1
5664643	0	1
5664754	0	1
5665867	0	1
5669048	0	1
5669721	1	0
5670190	1	0
5670397	0	1
5670616	0	1
5671372	1	0
5672579	0	1
5672692	1	0
5676433	0	1
5678309	1	0
5679487	0	1
5681837	1	0
5681949	0	1
5682813	0	1
5684139	0	1
5686491	0	1
5688531	0	1
5688964	1	0
5692734	0	1
5692911	0	1
5695684	0	1
5700401	0	1
5700661	1	0
5702368	1	0
5702423	1	0
5703116	0	1
5704084	0	1
5705243	0	1
5708906	0	1
5710393	0	1
5711268	1	0
5713480	1	0
5717488	1	0
5717518	0	1
5722912	1	0
5723033	1	0
5725278	0	1
5725717	1	0
5725906	0	1
5726679	0	1
5728056	0	1
5728696	0	1
5728771	0	1
5729991	1	0
5733093	0	1
5733738	0	1
5734063	1	0
5734842	0	1
5734909	0	1
5737199	1	0
5739533	1	0
5740715	0	1
5741296	1	0
5743440	0	1
5744519	1	0
5746850	1	0
5748181	0	1
5750227	0	1
5751444	0	1
5752157	1	0
5756381	1	0
5757420	1	0
5758659	0	1
5758991	1	0
5760301	0	1
5761431	0	1
5761704	1	0
5761786	1	0
5763022	1	0
5764945	1	0
5765933	1	0
5766276	0	1
5767740	1	0
5767852	0	1
5768630	1	0
5768868	1	0
5769140	0	1
5769442	1	0
5770094	1	0
5770164	0	1
5770840	0	1
5771796	1	0
5772677	1	0
5773321	1	0
5775757	0	1
5775967	1	0
5776907	1	0
5776993	1	0
5777092	0	1
5778229	1	0
5779342	0	1
5782147	0	1
5783235	0	1
5787519	0	1
5787586	0	1
5787724	1	0
5787785	0	1
5788059	1	0
5789098	1	0
5790481	0	1
5790544	0	1
5794434	0	1
5796895	0	1
5797364	1	0
5797472	1	0
5797721	0	1
5797902	0	1
5798078	1	0
5799053	1	0
5799430	0	1
5800021	1	0
5806095	1	0
5807632	1	0
5811598	0	1
5811803	0	1
5812445	1	0
5813524	0	1
5813631	1	0
5813637	1	0
5815117	0	1
5816486	0	1
5817192	1	0
5818089	0	1
5818805	0	1
5818838	0	1
5819383	0	1
5819643	1	0
5819782	1	0
5823968	0	1
5825188	1	0
5826927	0	1
5827432	0	1
5828098	0	1
5828459	1	0
5828595	1	0
5828858	1	0
5830987	0	1
5832496	1	0
5833552	1	0
5834412	0	1
5837820	0	1
5837921	0	1
5838360	0	1
5838935	1	0
5840968	1	0
5847492	0	1
5847859	0	1
5850624	0	1
5852991	0	1
5853331	1	0
5854011	0	1
5854714	0	1
5859815	1	0
5860081	0	1
5862221	0	1
5862764	0	1
5864514	0	1
5865241	0	1
5866393	1	0
5868776	1	0
5870950	1	0
5873634	1	0
5873716	0	1
5875286	0	1
5875488	0	1
5876205	0	1
5877266	0	1
5877953	0	1
5878931	1	0
5886479	0	1
5886673	0	1
5888173	1	0
5888845	1	0
5889036	0	1
5889267	1	0
5893241	1	0
5896063	0	1
5899230	0	1
5905590	1	0
5905902	1	0
5906488	1	0
5907963	1	0
5908845	1	0
5909568	1	0
5910159	0	1
5911360	0	1
5912503	1	0
5912738	1	0
5913589	0	1
5914664	1	0
5915790	0	1
5916105	1	0
5917913	1	0
5917948	1	0
5918533	1	0
5920553	0	1
5921660	0	1
5922064	0	1
5923647	0	1
5924764	1	0
5926885	0	1
5928656	0	1
5929912	0	1
5930805	1	0
5930996	1	0
5931400	1	0
5932124	1	0
5933343	1	0
5934304	0	1
5934758	0	1
5934767	0	1
5935681	0	1
5936130	1	0
5937899	0	1
5937932	1	0
5939104	1	0
5942887	0	1
5943143	0	1
5943994	0	1
5944122	0	1
5945432	0	1
5946498	1	0
5947196	0	1
5948179	1	0
5951204	1	0
5951496	0	1
5951527	1	0
5954164	1	0
5955312	1	0
5958262	1	0
5959474	1	0
5961689	0	1
5962438	0	1
5964285	0	1
5967541	1	0
5968673	1	0
5968939	0	1
5969357	1	0
5969653	1	0
5970031	1	0
5970519	1	0
5971599	1	0
5972781	0	1
5973523	0	1
5974797	1	0
5974911	0	1
5975034	0	1
5975286	1	0
5976259	0	1
5976580	0	1
5977024	1	0
5977706	0	1
5979933	1	0
5979952	0	1
5981349	0	1
5982823	0	1
5984960	0	1
5988558	1	0
5988586	1	0
5988809	0	1
5991706	1	0
5992524	1	0
5993633	0	1
5995083	0	1
5996598	1	0
6000176	1	0
6007897	1	0
6009595	1	0
6010047	0	1
6012871	1	0
6012939	1	0
6013290	1	0
6016325	0	1
6016720	1	0
6017053	1	0
6017252	0	1
6019865	0	1
6020790	1	0
6022288	0	1
6022653	1	0
6024545	1	0
6026448	0	1
6026948	0	1
6027653	0	1
6027967	1	0
6032970	0	1
6034353	1	0
6037987	0	1
6038469	1	0
6040499	1	0
6042435	0	1
6044004	0	1
6048497	1	0
6049164	0	1
6049351	0	1
6050836	0	1
6052578	0	1
6053719	0	1
6054028	0	1
6054964	0	1
6055463	1	0
6056207	0	1
6057589	1	0
6059412	0	1
6059765	1	0
6060458	1	0
6060876	0	1
6061172	0	1
6063211	0	1
6066410	0	1
6067027	1	0
6068882	1	0
6071912	0	1
6074407	1	0
6074677	0	1
6078850	1	0
6079481	0	1
6080034	1	0
6080120	0	1
6081008	1	0
6081162	0	1
6081543	0	1
6082052	1	0
6084258	1	0
6087035	1	0
6087516	1	0
6090125	1	0
6092720	0	1
6094649	1	0
6094861	1	0
6096424	1	0
6100291	1	0
6101821	0	1
6102358	0	1
6103284	0	1
6104668	0	1
6105621	1	0
6105792	0	1
6106291	0	1
6108453	1	0
6111088	1	0
6111285	1	0
6115344	1	0
6115876	1	0
6117323	1	0
6119181	0	1
6121409	0	1
6125294	1	0
6125795	0	1
6128402	1	0
6128591	1	0
6130219	0	1
6132025	0	1
6133535	0	1
6133923	0	1
6136674	0	1
6136921	1	0
6136995	0	1
6138680	0	1
6139541	1	0
6142062	0	1
6142707	0	1
6142953	0	1
6145367	0	1
6146429	0	1
6146709	1	0
6148408	0	1
6149362	0	1
6150598	1	0
6151422	0	1
6153774	1	0
6156133	1	0
6157781	1	0
6157930	0	1
6160364	0	1
6161846	0	1
6163438	0	1
6164040	1	0
6166858	1	0
6168581	1	0
6168741	0	1
6169440	1	0
6172339	0	1
6172404	1	0
6176743	1	0
6178259	1	0
6179590	0	1
6180011	1	0
6180393	1	0
6184190	0	1
6184663	1	0
6186655	1	0
6187321	0	1
6187521	0	1
6187536	0	1
6188584	0	1
6193543	1	0
6194157	1	0
6194746	0	1
6195309	1	0
6196289	1	0
6197064	0	1
6199890	1	0
6200829	1	0
6201774	1	0
6201973	0	1
6207384	1	0
6207768	1	0
6207870	1	0
6209321	0	1
6210527	0	1
6211242	1	0
6211974	1	0
6214024	0	1
6214315	0	1
6216603	0	1
6217998	0	1
6218722	1	0
6219539	0	1
6219935	0	1
6221795	0	1
6222754	0	1
6223270	1	0
6224479	1	0
6231753	1	0
6232515	1	0
6235893	0	1
6236457	1	0
6236533	1	0
6236838	0	1
6237562	1	0
6237893	1	0
6237894	1	0
6241180	0	1
6243656	0	1
6245464	0	1
6245709	1	0
6245880	0	1
6245974	0	1
6247690	1	0
6251212	0	1
6251963	1	0
6252133	1	0
6253091	0	1
6253663	1	0
6254290	1	0
6255585	1	0
6257276	0	1
6257433	1	0
6257482	0	1
6264377	0	1
6264731	1	0
6264805	1	0
6265086	1	0
6265139	1	0
6265802	1	0
6267964	0	1
6268521	0	1
6269304	1	0
6270805	0	1
6271753	0	1
6274388	0	1
6277068	1	0
6277082	0	1
6279089	0	1
6279913	0	1
6285905	1	0
6286785	0	1
6292563	1	0
6294436	0	1
6294817	1	0
6295848	0	1
6302307	1	0
6304905	0	1
6305042	1	0
6306676	1	0
6307242	0	1
6307252	0	1
6307941	1	0
6308298	1	0
6310576	0	1
6311125	1	0
6313468	0	1
6313469	0	1
6313960	1	0
6314328	0	1
6314683	1	0
6314778	0	1
6315055	0	1
6316136	0	1
6316596	0	1
6317317	0	1
6317948	0	1
6320730	0	1
6323872	0	1
6324778	0	1
6325313	0	1
6325464	0	1
6329551	0	1
6329634	1	0
6330105	1	0
6330577	0	1
6331092	0	1
6331332	1	0
6333370	0	1
6333545	0	1
6334888	0	1
6335065	1	0
6335163	0	1
6338364	1	0
6338646	1	0
6340941	0	1
6341990	1	0
6342099	1	0
6346246	1	0
6346625	0	1
6349243	0	1
6349490	1	0
6352055	0	1
6352073	1	0
6353029	0	1
6354985	0	1
6358624	1	0
6361822	0	1
6364105	1	0
6367026	0	1
6367323	1	0
6367769	0	1
6368224	1	0
6368855	0	1
6369522	0	1
6370571	1	0
6370804	0	1
6372371	1	0
6372616	0	1
6373112	1	0
6374045	1	0
6376167	1	0
6377960	1	0
6379343	1	0
6379569	1	0
6380625	1	0
6380747	1	0
6381379	0	1
6382091	0	1
6382146	0	1
6382573	0	1
6386726	1	0
6390820	1	0
6391399	0	1
6391458	0	1
6391722	1	0
6392386	0	1
6396321	1	0
6396524	0	1
6398446	1	0
6398600	1	0
6403901	0	1
6404542	0	1
6406532	1	0
6407092	0	1
6408409	0	1
6408694	1	0
6408905	0	1
6412613	0	1
6415941	1	0
6418853	1	0
6420162	1	0
6422364	0	1
6422460	1	0
6423004	0	1
6423506	0	1
6424852	0	1
6425439	0	1
6425654	1	0
6426864	0	1
6429109	0	1
6429751	0	1
6429941	1	0
6430233	1	0
6430595	1	0
6431071	0	1
6432444	0	1
6433669	1	0
6435257	1	0
6435858	0	1
6438174	1	0
6438479	0	1
6439323	1	0
6441475	0	1
6441740	0	1
6441896	0	1
6444764	1	0
6445324	1	0
6446859	0	1
6446894	1	0
6448456	0	1
6448963	1	0
6449040	1	0
6450295	0	1
6450663	1	0
6451315	1	0
6451427	0	1
6451640	0	1
6452112	0	1
6452238	0	1
6455460	1	0
6455469	1	0
6456351	0	1
6456527	1	0
6457018	0	1
6460490	0	1
6460726	0	1
6465227	1	0
6465535	1	0
6467339	1	0
6468394	0	1
6471271	0	1
6472348	1	0
6473368	1	0
6473658	1	0
6473901	1	0
6477211	0	1
6477741	1	0
6478362	1	0
6480264	0	1
6480816	1	0
6484865	1	0
6486650	1	0
6487863	0	1
6490699	0	1
6490767	1	0
6491164	0	1
6491998	1	0
6492342	1	0
6494158	0	1
6497512	1	0
6498247	0	1
6498806	0	1
6503149	0	1
6503934	1	0
6504829	1	0
6505407	1	0
6508610	1	0
6509732	0	1
6511647	1	0
6513874	1	0
6514432	0	1
6515190	0	1
6517706	1	0
6518308	0	1
6520414	1	0
6524187	1	0
6525488	0	1
6527292	0	1
6529472	1	0
6531958	1	0
6532628	1	0
6532699	1	0
6533385	1	0
6534878	0	1
6535676	1	0
6537519	0	1
6538108	0	1
6539451	0	1
6539726	1	0
6541571	1	0
6542623	0	1
6542928	0	1
6543389	0	1
6545230	0	1
6546109	0	1
6546434	1	0
6550992	0	1
6552666	1	0
6556865	0	1
6557608	0	1
6558468	1	0
6561510	1	0
6562503	0	1
6564141	1	0
6564529	1	0
6565318	0	1
6565494	0	1
6565802	0	1
6565804	1	0
6565858	0	1
6570903	0	1
6571273	1	0
6572724	0	1
6575160	1	0
6576227	1	0
6576449	0	1
6578185	1	0
6579408	1	0
6581160	0	1
6583118	1	0
6588057	0	1
6589193	0	1
6589751	0	1
6591145	0	1
6591240	0	1
6594275	1	0
6594445	1	0
6594975	1	0
6597230	0	1
6598443	0	1
6599110	0	1
6599965	0	1
6602535	1	0
6603089	1	0
6605805	0	1
6605928	0	1
6607927	0	1
6610434	1	0
6610702	1	0
6611453	0	1
6611695	0	1
6613330	1	0
6614352	1	0
6615697	0	1
6615989	0	1
6616307	0	1
6616364	1	0
6616883	0	1
6617977	1	0
6620578	0	1
6622044	0	1
6622806	0	1
6626885	1	0
6628579	0	1
6632127	1	0
6633127	0	1
6633527	1	0
6633600	0	1
6635326	1	0
6635499	0	1
6635980	1	0
6636994	1	0
6638102	0	1
6639326	1	0
6639569	1	0
6640206	0	1
6641486	1	0
6646152	0	1
6647886	0	1
6651297	1	0
6653212	1	0
6654406	1	0
6654691	1	0
6656156	1	0
6657458	0	1
6658688	0	1
6659585	1	0
6660588	1	0
6661131	1	0
6662108	1	0
6662402	1	0
6664583	0	1
6664857	0	1
6664976	0	1
6665740	1	0
6667172	1	0
6667940	1	0
6668372	0	1
6669461	0	1
6670030	0	1
6673631	0	1
6677043	1	0
6677974	1	0
6678504	1	0
6680285	1	0
6680335	1	0
6681194	1	0
6681741	0	1
6685117	1	0
6685134	1	0
6686207	1	0
6688006	1	0
6688891	1	0
6689010	1	0
6693798	1	0
6694771	1	0
6696041	0	1
6696401	0	1
6697282	0	1
6698030	1	0
6698134	0	1
6698284	1	0
6700706	0	1
6701072	0	1
6701362	1	0
6702300	1	0
6704252	1	0
6704338	1	0
6705485	0	1
6705655	0	1
6705705	1	0
6705778	0	1
6708173	0	1
6708341	0	1
6708403	1	0
6709171	1	0
6711648	1	0
6712054	0	1
6712784	1	0
6712839	1	0
6713634	0	1
6714783	1	0
6715911	1	0
6716450	1	0
6716956	0	1
6717107	1	0
6717717	0	1
6717857	0	1
6719797	0	1
6724315	0	1
6728992	0	1
6731662	0	1
6732886	1	0
6734495	1	0
6734943	0	1
6736271	0	1
6737082	1	0
6737959	1	0
6739849	1	0
6740291	0	1
6740802	0	1
6744249	1	0
6744327	0	1
6745214	0	1
6748466	0	1
6749723	0	1
6750777	1	0
6751160	0	1
6751721	0	1
6754268	0	1
6755360	0	1
6756324	1	0
6756464	0	1
6756486	0	1
6760906	1	0
6761537	0	1
6762770	0	1
6762881	0	1
6764413	0	1
6768008	1	0
6769151	1	0
6769331	1	0
6770493	0	1
6772431	0	1
6773127	1	0
6775952	1	0
6777347	0	1
6780406	0	1
6781708	0	1
6781896	0	1
6782390	0	1
6782691	0	1
6785884	0	1
6787789	0	1
6789293	0	1
6789771	0	1
6790043	1	0
6791926	0	1
6792783	0	1
6793125	0	1
6794403	1	0
6794458	0	1
6794985	1	0
6795828	0	1
6796042	1	0
6801610	1	0
6801923	0	1
6802110	1	0
6802414	1	0
6804368	0	1
6805107	0	1
6806218	0	1
6806247	0	1
6806294	0	1
6807081	0	1
6809343	1	0
6812229	1	0
6812350	0	1
6813381	0	1
6816640	0	1
6817295	0	1
6819654	1	0
6819846	1	0
6823498	0	1
6825354	1	0
6829134	1	0
6830639	0	1
6831241	0	1
6834952	1	0
6835382	0	1
6835921	0	1
6837530	0	1
6839462	1	0
6842996	1	0
6843302	1	0
6845434	1	0
6847222	0	1
6847310	0	1
6847963	1	0
6848406	1	0
6848890	0	1
6854317	1	0
6855690	1	0
6857376	1	0
6862382	1	0
6863014	1	0
6865172	1	0
6865932	1	0
6868647	0	1
6868913	0	1
6872846	0	1
6873176	1	0
6873703	0	1
6875585	0	1
6876253	0	1
6877502	0	1
6878286	1	0
6880094	0	1
6880440	0	1
6880521	0	1
6880997	0	1
6881855	1	0
6882101	1	0
6882686	0	1
6883367	0	1
6883446	0	1
6884613	0	1
6887489	1	0
6887709	1	0
6888923	0	1
6890380	1	0
6891105	1	0
6892715	0	1
6893420	0	1
6894357	1	0
6894367	1	0
6895936	1	0
6897380	0	1
6897433	0	1
6898046	0	1
6903198	0	1
6903926	1	0
6904856	0	1
6908065	1	0
6909749	1	0
6910912	1	0
6913043	1	0
6915706	0	1
6916520	1	0
6917380	1	0
6918031	0	1
6922566	1	0
6924159	0	1
6924275	0	1
6926924	0	1
6927798	0	1
6927893	1	0
6928957	0	1
6929677	1	0
6932479	1	0
6932784	0	1
6935119	1	0
6936207	1	0
6936282	1	0
6941041	0	1
6941999	1	0
6942458	0	1
6943303	0	1
6945904	0	1
6946389	1	0
6946675	1	0
6946860	1	0
6947332	0	1
6949351	1	0
6950202	0	1
6950547	0	1
6950790	1	0
6951330	1	0
6955079	0	1
6955639	0	1
6961548	1	0
6962434	1	0
6962698	1	0
6965654	0	1
6966477	1	0
6968126	1	0
6973614	0	1
6973683	0	1
6973819	1	0
6975518	1	0
6975960	1	0
6976232	0	1
6976286	1	0
6976316	0	1
6978302	1	0
6978495	0	1
6979336	1	0
6980578	1	0
6981324	1	0
6981361	0	1
6983401	0	1
6983416	0	1
6985329	0	1
6988312	1	0
6989068	0	1
6990091	0	1
6990955	1	0
6991613	0	1
6994525	1	0
6997516	0	1
6998062	0	1
6999335	1	0
7002822	1	0
7007183	1	0
7008131	1	0
7008935	0	1
7009371	0	1
7013625	1	0
7013831	1	0
7014987	0	1
7015430	1	0
7015867	0	1
7016559	1	0
7025516	1	0
7025592	1	0
7026744	1	0
7026859	0	1
7027083	1	0
7027855	0	1
7028808	1	0
7029208	1	0
7029716	0	1
7029838	1	0
7030320	0	1
7034849	1	0
7038708	0	1
7039252	1	0
7040380	1	0
7043584	1	0
7043593	1	0
7045812	1	0
7049763	0	1
7049891	0	1
7050126	0	1
7054442	1	0
7055470	1	0
7055490	1	0
7055888	0	1
7056685	0	1
7058259	0	1
7060020	1	0
7067200	1	0
7067652	0	1
7068682	0	1
7069698	0	1
7070392	0	1
7070640	1	0
7075695	0	1
7078254	1	0
7079174	1	0
7080407	1	0
7080751	1	0
7081798	1	0
7083381	1	0
7084346	0	1
7090523	0	1
7091783	0	1
7092401	0	1
7094373	1	0
7094623	0	1
7095270	1	0
7095838	0	1
7096592	0	1
7098621	1	0
7099504	1	0
7101610	0	1
7102756	0	1
7103314	1	0
7105528	1	0
7105891	1	0
7106230	1	0
7107166	1	0
7107569	1	0
7107582	1	0
7108975	1	0
7109929	1	0
7110715	1	0
7115261	0	1
7116390	1	0
7119044	1	0
7119245	0	1
7120368	1	0
7123067	0	1
7124234	1	0
7125922	0	1
7126543	1	0
7126673	0	1
7127490	0	1
7128159	1	0
7130849	1	0
7131222	0	1
7135758	0	1
7139988	0	1
7140368	1	0
7140939	0	1
7143951	0	1
7148483	0	1
7149265	0	1
7149781	1	0
7150777	1	0
7152329	0	1
7152755	1	0
7154533	1	0
7154604	0	1
7154672	0	1
7155323	1	0
7155905	1	0
7156411	0	1
7157312	0	1
7157828	0	1
7158113	0	1
7158607	0	1
7163519	1	0
7164225	0	1
7165010	0	1
7166156	0	1
7171614	0	1
7171983	1	0
7173508	1	0
7175186	1	0
7176432	1	0
7176556	1	0
7178062	1	0
7178151	0	1
7179360	0	1
7181154	0	1
7181470	1	0
7183927	1	0
7183969	1	0
7186444	0	1
7187267	1	0
7187595	0	1
7187787	1	0
7191872	0	1
7191973	1	0
7192269	0	1
7192839	0	1
7194130	1	0
7195179	1	0
7195358	0	1
7195814	1	0
7196178	1	0
7196499	0	1
7197205	0	1
7198828	0	1
7199155	1	0
7199764	0	1
7200425	1	0
7205422	1	0
7209546	0	1
7211693	1	0
7212062	1	0
7212156	0	1
7212664	0	1
7213078	1	0
7214018	0	1
7216023	0	1
7218628	1	0
7221112	0	1
7221707	0	1
7223257	1	0
7223758	1	0
7223842	1	0
7225454	0	1
7225468	0	1
7226170	1	0
7226703	0	1
7228279	0	1
7230217	0	1
7230701	0	1
7232926	1	0
7233390	1	0
7234178	0	1
7235909	0	1
7237483	0	1
7243310	1	0
7243651	1	0
7245098	1	0
7246352	1	0
7249640	1	0
7249867	0	1
7251725	0	1
7252845	1	0
7253274	1	0
7254132	0	1
7254674	1	0
7255829	0	1
7258759	1	0
7259882	0	1
7261214	1	0
7262189	0	1
7262260	0	1
7262614	1	0
7263517	1	0
7264013	1	0
7264281	1	0
7265216	1	0
7265736	0	1
7266134	1	0
7266966	1	0
7267157	1	0
7270660	1	0
7273356	0	1
7274995	1	0
7275145	1	0
7277139	1	0
7279339	1	0
7281285	0	1
7281447	0	1
7282824	0	1
7285221	0	1
7286369	0	1
7287755	1	0
7288573	0	1
7289576	0	1
7289623	1	0
7290981	0	1
7291095	0	1
7291856	0	1
7292318	0	1
7293369	1	0
7293560	0	1
7295129	0	1
7297242	0	1
7297480	0	1
7297627	0	1
7297837	1	0
7300632	0	1
7301634	0	1
7302474	1	0
7302625	1	0
7304023	0	1
7306722	1	0
7309070	0	1
7310382	0	1
7310487	0	1
7310646	0	1
7310714	1	0
7311111	1	0
7311306	1	0
7311708	1	0
7312357	0	1
7316175	0	1
7317432	0	1
7319834	1	0
7321486	0	1
7321646	0	1
7323421	0	1
7323850	1	0
7325209	1	0
7325765	1	0
7333846	1	0
7334254	0	1
7334691	0	1
7338249	0	1
7338283	0	1
7339874	1	0
7341597	0	1
7344010	0	1
7348898	1	0
7353848	0	1
7353938	0	1
7356238	1	0
7357624	1	0
7359014	0	1
7359198	0	1
7360598	0	1
7365989	0	1
7369226	0	1
7369997	1	0
7370052	0	1
7370652	0	1
7372986	0	1
7374598	0	1
7375418	0	1
7375494	0	1
7376236	0	1
7377080	0	1
7380598	0	1
7381964	1	0
7382462	1	0
7383456	0	1
7383548	0	1
7388341	0	1
7388936	0	1
7389803	0	1
7390389	0	1
7391919	1	0
7393366	0	1
7395041	1	0
7395458	1	0
7395964	1	0
7396143	1	0
7397564	1	0
7397619	1	0
7398833	1	0
7401550	1	0
7404503	1	0
7405298	0	1
7406118	0	1
7406225	1	0
7407706	1	0
7410001	1	0
7410375	0	1
7411105	0	1
7413538	1	0
7416333	1	0
7416705	1	0
7417771	1	0
7418056	1	0
7418200	1	0
7421427	0	1
7423717	0	1
7425620	0	1
7425687	1	0
7428161	1	0
7428930	0	1
7429489	0	1
7430543	1	0
7430671	0	1
7432555	0	1
7433719	0	1
7433995	0	1
7434273	1	0
7434545	1	0
7434624	1	0
7435806	1	0
7438252	0	1
7438276	0	1
7438343	0	1
7439477	1	0
7441759	1	0
7442287	1	0
7442861	1	0
7444071	0	1
7444499	1	0
7444535	0	1
7446307	0	1
7447617	0	1
7448776	1	0
7450581	1	0
7452080	0	1
7452388	0	1
7452968	1	0
7453148	1	0
7453334	1	0
7454837	1	0
7457445	0	1
7461830	0	1
7463150	0	1
7463422	0	1
7463571	0	1
7465805	0	1
7466958	1	0
7468242	0	1
7470269	1	0
7471889	1	0
7474287	0	1
7474365	1	0
7476200	0	1
7478737	0	1
7479187	1	0
7480551	1	0
7481054	1	0
7485279	1	0
7485325	1	0
7486481	1	0
7486724	1	0
7488385	1	0
7488643	1	0
7489001	0	1
7489910	0	1
7493193	1	0
7493511	1	0
7493719	1	0
7495616	0	1
7496542	0	1
7499779	1	0
7499991	1	0
7501375	1	0
7501729	1	0
7501957	0	1
7503491	0	1
7504692	1	0
7506566	1	0
7507060	0	1
7507852	0	1
7508546	1	0
7514065	1	0
7514526	0	1
7514992	0	1
7515576	0	1
7516685	1	0
7517073	0	1
7520364	1	0
7520776	0	1
7523791	0	1
7523937	0	1
7525362	1	0
7528528	1	0
7528775	0	1
7533377	1	0
7534181	0	1
7538065	1	0
7539571	0	1
7540050	0	1
7540329	1	0
7540812	0	1
7540943	1	0
7541151	0	1
7541299	1	0
7542032	0	1
7544148	0	1
7544352	1	0
7544539	0	1
7545914	1	0
7546207	0	1
7546344	0	1
7546588	0	1
7550019	0	1
7552316	1	0
7552899	1	0
7554321	1	0
7555349	0	1
7556856	1	0
7558386	1	0
7559707	0	1
7560120	1	0
7560174	0	1
7560985	0	1
7563939	1	0
7565063	1	0
7567444	1	0
7573819	1	0
7574058	0	1
7575627	1	0
7577123	0	1
7582335	1	0
7587987	0	1
7589534	1	0
7589907	1	0
7592043	0	1
7592194	1	0
7594217	1	0
7597430	1	0
7598074	1	0
7599402	0	1
7600152	0	1
7600920	1	0
7601416	0	1
7603330	1	0
7606998	0	1
7610765	0	1
7611022	0	1
7613791	1	0
7615574	0	1
7615963	0	1
7616056	1	0
7616472	0	1
7619715	1	0
7621052	0	1
7622754	1	0
7623151	0	1
7624845	1	0
7624884	0	1
7625512	0	1
7626826	1	0
7627037	0	1
7629345	0	1
7629703	1	0
7631111	1	0
7631804	0	1
7633013	1	0
7633165	0	1
7633188	1	0
7636391	1	0
7636810	1	0
7639094	1	0
7648876	0	1
7649193	1	0
7649604	0	1
7651054	0	1
7655540	0	1
7658839	0	1
7659771	0	1
7661884	1	0
7662079	1	0
7667133	0	1
7671577	0	1
7671816	1	0
7672291	0	1
7672432	1	0
7672855	0	1
7675111	1	0
7675745	1	0
7675869	0	1
7676428	1	0
7681738	0	1
7683063	1	0
7683781	1	0
7684024	0	1
7689731	1	0
7692023	1	0
7692464	0	1
7692561	1	0
7692639	0	1
7692810	0	1
7693969	1	0
7697491	0	1
7698407	1	0
7700875	1	0
7701662	0	1
7703306	1	0
7705061	1	0
7705316	1	0
7705914	0	1
7707266	0	1
7707364	1	0
7707963	0	1
7708983	1	0
7716420	1	0
7717278	0	1
7719535	0	1
7720290	0	1
7722412	1	0
7723619	0	1
7726521	1	0
7727227	1	0
7728463	1	0
7729789	0	1
7730510	0	1
7730718	0	1
7730849	1	0
7730872	1	0
7733629	0	1
7733989	0	1
7734306	0	1
7736082	0	1
7736597	0	1
7737538	0	1
7737775	0	1
7742057	0	1
7744600	0	1
7747258	1	0
7747954	0	1
7749870	0	1
7750078	1	0
7750090	1	0
7750117	1	0
7751295	1	0
7752105	1	0
7753078	1	0
7753088	1	0
7753821	0	1
7755509	0	1
7756289	0	1
7758046	1	0
7758400	0	1
7760636	1	0
7761820	0	1
7762136	1	0
7762497	0	1
7763816	0	1
7766178	0	1
7766895	0	1
7767294	0	1
7769983	0	1
7771458	0	1
7772251	1	0
7773143	1	0
7773448	0	1
7774762	0	1
7775355	0	1
7782601	0	1
7783474	1	0
7784361	1	0
7785474	0	1
7788788	0	1
7790939	0	1
7791739	0	1
7793430	1	0
7794607	1	0
7795511	1	0
7795796	1	0
7796628	0	1
7797005	1	0
7800289	0	1
7800834	1	0
7804889	1	0
7805905	0	1
7807236	1	0
7808280	0	1
7808465	0	1
7809094	0	1
7809234	0	1
7810535	0	1
7811325	1	0
7813331	1	0
7813663	0	1
7813903	0	1
7814598	0	1
7818079	0	1
7819731	1	0
7820455	0	1
7821426	1	0
7821544	1	0
7827105	0	1
7828569	1	0
7829017	0	1
7830192	0	1
7830347	1	0
7834848	0	1
7835105	0	1
7836497	1	0
7836873	1	0
7838559	1	0
7840558	0	1
7842050	1	0
7843321	1	0
7846294	1	0
7846404	1	0
7846940	0	1
7847321	1	0
7853218	1	0
7853876	0	1
7855635	1	0
7857174	1	0
7857492	0	1
7857857	0	1
7858298	0	1
7859004	0	1
7859360	0	1
7859387	1	0
7862207	1	0
7866699	1	0
7867256	1	0
7867807	0	1
7867817	0	1
7869337	0	1
7871664	1	0
7871876	0	1
7872108	0	1
7874189	1	0
7875466	0	1
7875528	0	1
7876827	1	0
7877320	1	0
7877934	0	1
7879892	1	0
7882113	0	1
7882795	1	0
7886715	1	0
7887411	1	0
7889381	1	0
7890263	0	1
7893300	0	1
7896477	0	1
7896599	1	0
7900274	0	1
7902602	1	0
7904691	0	1
7904990	1	0
7907170	1	0
7909700	1	0
7910155	0	1
7914210	0	1
7914279	0	1
7914496	0	1
7915524	1	0
7916667	1	0
7918048	1	0
7918071	1	0
7922374	0	1
7922435	0	1
7922641	1	0
7922660	0	1
7923776	1	0
7927365	1	0
7928827	1	0
7931133	0	1
7931151	1	0
7932192	0	1
7933013	1	0
7933935	0	1
7934035	0	1
7935573	1	0
7936506	1	0
7938438	0	1
7939324	0	1
7939540	0	1
7940933	1	0
7941186	1	0
7943931	0	1
7945197	0	1
7945425	0	1
7949796	1	0
7950770	1	0
7950871	0	1
7952185	0	1
7952575	1	0
7954745	1	0
7957015	0	1
7962161	0	1
7963090	0	1
7963899	1	0
7965766	0	1
7965956	0	1
7967012	0	1
7968066	1	0
7968191	1	0
7968913	1	0
7971472	0	1
7974057	1	0
7974197	1	0
7974324	1	0
7974731	1	0
7977501	1	0
7977685	0	1
7979382	0	1
7979525	0	1
7980826	0	1
7981413	0	1
7983487	1	0
7983842	1	0
7985201	0	1
7985560	1	0
7987227	0	1
7989985	0	1
7990166	1	0
7992851	0	1
7994052	1	0
7994234	0	1
7994978	1	0
7995212	1	0
7996819	1	0
7998715	1	0
7998865	1	0
7999806	1	0
8002053	0	1
8005721	0	1
8006682	1	0
8010683	1	0
8011706	0	1
8012375	0	1
8014888	0	1
8015794	0	1
8016645	0	1
8017544	1	0
8020045	0	1
8022423	0	1
8023112	0	1
8023653	1	0
8024556	0	1
8025690	0	1
8026053	1	0
8028159	1	0
8029048	0	1
8029590	1	0
8029741	0	1
8030105	0	1
8034079	1	0
8034565	0	1
8034812	1	0
8035635	1	0
8036124	1	0
8036172	1	0
8036693	0	1
8037740	0	1
8038810	0	1
8039398	1	0
8040189	0	1
8044678	1	0
8045310	0	1
8045709	1	0
8046081	0	1
8046897	0	1
8048797	1	0
8049105	0	1
8050752	1	0
8050781	1	0
8051505	0	1
8053499	0	1
8054051	0	1
8055157	1	0
8055463	1	0
8057269	1	0
8057341	1	0
8059893	1	0
8060188	1	0
8062954	1	0
8063534	1	0
8065244	1	0
8065757	0	1
8068908	1	0
8069089	1	0
8069352	0	1
8070258	0	1
8070372	1	0
8070663	0	1
8074500	0	1
8079499	1	0
8080129	1	0
8083552	0	1
8084602	1	0
8085021	0	1
8086637	1	0
8088071	1	0
8094098	0	1
8094509	0	1
8095996	0	1
8096068	0	1
8096229	0	1
8096235	1	0
8106265	1	0
8108426	0	1
8110486	0	1
8111437	0	1
8111913	1	0
8112132	1	0
8112579	0	1
8113208	1	0
8115090	1	0
8116125	0	1
8116233	0	1
8116258	1	0
8116402	1	0
8117107	1	0
8120714	1	0
8122067	1	0
8124225	0	1
8125063	1	0
8125662	0	1
8125815	0	1
8128597	1	0
8130635	0	1
8130881	1	0
8131838	0	1
8132729	1	0
8134037	0	1
8137932	1	0
8139088	1	0
8140124	0	1
8140193	0	1
8140280	0	1
8140557	1	0
8140601	0	1
8142414	0	1
8144127	1	0
8144322	1	0
8146733	0	1
8146958	0	1
8147436	1	0
8147818	1	0
8148439	1	0
8148831	0	1
8149726	0	1
8150424	1	0
8156169	1	0
8156246	1	0
8156451	0	1
8156524	0	1
8157835	0	1
8157910	0	1
8160324	1	0
8161281	1	0
8162279	0	1
8163379	1	0
8163629	1	0
8163923	0	1
8164435	1	0
8165635	0	1
8165950	0	1
8166115	0	1
8170794	1	0
8170824	0	1
8172988	1	0
8175056	1	0
8175527	0	1
8175722	0	1
8175932	0	1
8177526	0	1
8178899	0	1
8180934	1	0
8184629	1	0
8186199	1	0
8186425	0	1
8186797	0	1
8189258	1	0
8189572	0	1
8189673	1	0
8191293	1	0
8191980	1	0
8195348	0	1
8196749	0	1
8196876	1	0
8200813	0	1
8201212	0	1
8201761	0	1
8202447	1	0
8202518	1	0
8203433	1	0
8203609	1	0
8204293	1	0
8204869	0	1
8206845	1	0
8209012	0	1
8209234	1	0
8209843	0	1
8210466	0	1
8210685	1	0
8212820	0	1
8214458	0	1
8214740	0	1
8215349	0	1
8215499	0	1
8216818	0	1
8216991	1	0
8222675	0	1
8224698	1	0
8225358	0	1
8226510	0	1
8229740	0	1
8230817	0	1
8231073	0	1
8231708	0	1
8234177	0	1
8235555	0	1
8236957	1	0
8239645	1	0
8242636	1	0
8245999	1	0
8246132	0	1
8247179	0	1
8248978	0	1
8250864	1	0
8252108	1	0
8252352	1	0
8254481	0	1
8256179	0	1
8256300	1	0
8257131	0	1
8257386	0	1
8257935	0	1
8257960	1	0
8258642	0	1
8259706	1	0
8260995	1	0
8262447	0	1
8264859	0	1
8265183	0	1
8265355	1	0
8267898	1	0
8268126	0	1
8273030	0	1
8275494	1	0
8276421	1	0
8281734	1	0
8281871	1	0
8282353	1	0
8283709	0	1
8284284	1	0
8287798	1	0
8287889	0	1
8288952	1	0
8290144	1	0
8291554	0	1
8291948	1	0
8292553	0	1
8295027	1	0
8295317	1	0
8297655	0	1
8298758	1	0
8300673	1	0
8302340	0	1
8302650	1	0
8303772	1	0
8306469	1	0
8307224	1	0
8311755	1	0
8312558	0	1
8312764	1	0
8313422	1	0
8317461	0	1
8317975	0	1
8320675	0	1
8323515	0	1
8324090	1	0
8324206	1	0
8325925	1	0
8326423	1	0
8328459	1	0
8329239	1	0
8330125	1	0
8332131	0	1
8332774	1	0
8333555	0	1
8334184	0	1
8334795	0	1
8335790	1	0
8337996	1	0
8338595	0	1
8339586	1	0
8341067	1	0
8341486	0	1
8341920	0	1
8345531	1	0
8347245	0	1
8348393	0	1
8349784	0	1
8349824	1	0
8351107	1	0
8352057	0	1
8353109	0	1
8353703	1	0
8353817	1	0
8354104	1	0
8358117	1	0
8358818	1	0
8359656	1	0
8359729	0	1
8359781	0	1
8361465	0	1
8362495	1	0
8363443	0	1
8363815	0	1
8365636	0	1
8365882	0	1
8366163	0	1
8366987	0	1
8367437	0	1
8367816	1	0
8369198	0	1
8370601	0	1
8372921	1	0
8373642	0	1
8373744	1	0
8374171	0	1
8379386	1	0
8380595	0	1
8382244	0	1
8382254	0	1
8383228	0	1
8383279	0	1
8384402	1	0
8387782	0	1
8392388	1	0
8393425	0	1
8394242	0	1
8398109	0	1
8399602	1	0
8399692	1	0
8400528	1	0
8400895	1	0
8401741	1	0
8402552	0	1
8403716	0	1
8404305	1	0
8404545	1	0
8405479	0	1
8407843	0	1
8409297	1	0
8409848	1	0
8413502	0	1
8416745	1	0
8417059	0	1
8417113	1	0
8418916	1	0
8421260	0	1
8425843	0	1
8428783	1	0
8430007	0	1
8431014	1	0
8431052	1	0
8431430	0	1
8432251	0	1
8433571	0	1
8434657	1	0
8436467	0	1
8436905	0	1
8438015	0	1
8438138	1	0
8438850	0	1
8440699	0	1
8442275	0	1
8448502	0	1
8448936	1	0
8449856	1	0
8450389	1	0
8451164	1	0
8453756	0	1
8455293	1	0
8458147	0	1
8458451	1	0
8461206	0	1
8461289	0	1
8464215	0	1
8464747	1	0
8465251	1	0
8466208	1	0
8469974	0	1
8470040	1	0
8470619	0	1
8473208	1	0
8473881	1	0
8474178	1	0
8474916	1	0
8475566	1	0
8478859	0	1
8480772	1	0
8481710	1	0
8487647	1	0
8488482	0	1
8488562	1	0
8488968	1	0
8489732	0	1
8489960	1	0
8493890	0	1
8495831	0	1
8496248	1	0
8497439	0	1
8499143	1	0
8502922	0	1
8505767	1	0
8506732	0	1
8508719	0	1
8509820	0	1
8510893	1	0
8511056	0	1
8511236	1	0
8512241	1	0
8512659	0	1
8512688	1	0
8514399	1	0
8514444	0	1
8515650	1	0
8516683	1	0
8521306	0	1
8522189	0	1
8522277	0	1
8523347	0	1
8525799	1	0
8533477	1	0
8534228	1	0
8534743	0	1
8537904	1	0
8538187	0	1
8539461	1	0
8540155	0	1
8540211	1	0
8540780	1	0
8541191	0	1
8542736	1	0
8546697	1	0
8547113	1	0
8549337	1	0
8549413	0	1
8550443	1	0
8550541	0	1
8554165	0	1
8556103	0	1
8557533	1	0
8559848	0	1
8561238	0	1
8565866	0	1
8567535	1	0
8570982	1	0
8571953	0	1
8572119	0	1
8573121	1	0
8573302	0	1
8574499	1	0
8575377	0	1
8576676	1	0
8576690	1	0
8576979	1	0
8577880	0	1
8581887	0	1
8582532	1	0
8583269	1	0
8584941	0	1
8586175	1	0
8586649	0	1
8587355	1	0
8587683	1	0
8592191	0	1
8592378	0	1
8592998	1	0
8593033	0	1
8593368	1	0
8595389	0	1
8595689	1	0
8595801	0	1
8596659	0	1
8596673	1	0
8596792	1	0
8598989	1	0
8600957	1	0
8604245	1	0
8606815	1	0
8608347	0	1
8608419	1	0
8610455	1	0
8612945	1	0
8615085	1	0
8616032	0	1
8616386	1	0
8618874	1	0
8620606	0	1
8625872	0	1
8626098	1	0
8626439	0	1
8626757	1	0
8628854	0	1
8629130	0	1
8629222	0	1
8637944	0	1
8637978	0	1
8640382	1	0
8640989	1	0
8643446	0	1
8644525	0	1
8647616	0	1
8651090	1	0
8651103	1	0
8651208	1	0
8651593	0	1
8653068	1	0
8655990	0	1
8656812	0	1
8658057	0	1
8658336	0	1
8660515	1	0
8665075	1	0
8665492	0	1
8666403	0	1
8666524	0	1
8667616	0	1
8668548	0	1
8668756	0	1
8669534	1	0
8670076	1	0
8671060	1	0
8672235	0	1
8672247	1	0
8674155	1	0
8675819	1	0
8676427	1	0
8676500	1	0
8678375	0	1
8682514	0	1
8682881	0	1
8683402	1	0
8683673	0	1
8684820	1	0
8685045	0	1
8685632	1	0
8687224	1	0
8688319	0	1
8688971	0	1
8689698	1	0
8690799	1	0
8690807	0	1
8690916	0	1
8693757	1	0
8693866	0	1
8695502	0	1
8698870	0	1
8699291	0	1
8699908	1	0
8701030	1	0
8703876	1	0
8707669	0	1
8709463	1	0
8709584	1	0
8711059	0	1
8711763	0	1
8712611	1	0
8712679	1	0
8712962	0	1
8715046	0	1
8715853	0	1
8716332	0	1
8716978	0	1
8719547	1	0
8721390	1	0
8721814	1	0
8721981	1	0
8722368	0	1
8725748	0	1
8726910	1	0
8727927	0	1
8729137	1	0
8729745	1	0
8731939	1	0
8732927	1	0
8733093	1	0
8733278	1	0
8734304	0	1
8737980	0	1
8738472	1	0
8741187	1	0
8743113	1	0
8743493	0	1
8743543	0	1
8743687	0	1
8745425	1	0
8745722	0	1
8746341	1	0
8747270	0	1
8748993	1	0
8749154	1	0
8749850	1	0
8750735	0	1
8751773	0	1
8754047	0	1
8754299	1	0
8756498	1	0
8758072	0	1
8759154	0	1
8760757	1	0
8761465	1	0
8761664	0	1
8763125	1	0
8764117	0	1
8765477	0	1
8766027	1	0
8769191	0	1
8770371	0	1
8770490	1	0
8771287	0	1
8773170	0	1
8775277	1	0
8776187	1	0
8779188	0	1
8779604	0	1
8780309	1	0
8783360	1	0
8786380	0	1
8787923	0	1
8790534	0	1
8790658	0	1
8793327	1	0
8793843	1	0
8794105	1	0
8794470	1	0
8795192	0	1
8795578	1	0
8796094	0	1
8796288	0	1
8796757	1	0
8797889	1	0
8798667	0	1
8799235	1	0
8801064	0	1
8804050	0	1
8805935	1	0
8806473	0	1
8808292	1	0
8808512	1	0
8808699	1	0
8809265	0	1
8811463	1	0
8811840	0	1
8811928	1	0
8812117	0	1
8814726	0	1
8816065	0	1
8816455	0	1
8817536	0	1
8818536	1	0
8819957	0	1
8820311	1	0
8822975	1	0
8823469	1	0
8825048	1	0
8825070	0	1
8825692	1	0
8826270	1	0
8827316	1	0
8827417	1	0
8829498	1	0
8829826	1	0
8831333	0	1
8833500	0	1
8834600	0	1
8836400	1	0
8837846	1	0
8838432	1	0
8840638	0	1
8841104	1	0
8842233	1	0
8844057	0	1
8844692	1	0
8845173	0	1
8845993	1	0
8848264	1	0
8851807	1	0
8852857	0	1
8854301	1	0
8857415	0	1
8857554	1	0
8857906	0	1
8859551	1	0
8861865	0	1
8864458	0	1
8865173	1	0
8865298	0	1
8866066	0	1
8866416	0	1
8866875	1	0
8868848	0	1
8868953	1	0
8871296	0	1
8872040	0	1
8873249	0	1
8873375	0	1
8873924	1	0
8874050	1	0
8878393	0	1
8880588	1	0
8881409	1	0
8881747	0	1
8885359	0	1
8885923	0	1
8886157	0	1
8887261	0	1
8891098	0	1
8891104	1	0
8891467	0	1
8895183	0	1
8895434	0	1
8895595	1	0
8896721	0	1
8899360	1	0
8900225	1	0
8907176	1	0
8908692	0	1
8908795	1	0
8915377	0	1
8916076	0	1
8916528	0	1
8917616	0	1
8918100	1	0
8918221	0	1
8918223	1	0
8919019	1	0
8921436	0	1
8922569	0	1
8932086	1	0
8932537	1	0
8932976	0	1
8933208	0	1
8933447	0	1
8933895	1	0
8935994	0	1
8939142	0	1
8944064	0	1
8944417	0	1
8947258	1	0
8947789	1	0
8947949	0	1
8950669	1	0
8952017	0	1
8952257	1	0
8953006	1	0
8953458	0	1
8955238	0	1
8956044	0	1
8962090	0	1
8962166	1	0
8962751	0	1
8963628	0	1
8964561	0	1
8965068	0	1
8966810	0	1
8969579	0	1
8973301	1	0
8975481	0	1
8978015	1	0
8979081	0	1
8981411	1	0
8981894	1	0
8982572	1	0
8983080	0	1
8983920	1	0
8984369	0	1
8988715	1	0
8989216	0	1
8989354	0	1
8990352	1	0
8990431	0	1
8990588	1	0
8990919	1	0
8991752	0	1
8992509	1	0
8994653	0	1
8996446	1	0
8997187	0	1
8997729	0	1
8998237	0	1
9000220	1	0
9000292	0	1
9000310	0	1
9002426	0	1
9003291	0	1
9003478	0	1
9003837	0	1
9007430	0	1
9010046	0	1
9011695	0	1
9012573	1	0
9013553	0	1
9018483	0	1
9022981	0	1
9023305	1	0
9025527	0	1
9025820	0	1
9026141	1	0
9027644	1	0
9028337	1	0
9031912	0	1
9032037	0	1
9032992	0	1
9036334	0	1
9039459	1	0
9039686	1	0
9040295	0	1
9041582	1	0
9041814	0	1
9046403	0	1
9049685	0	1
9049929	0	1
9050102	1	0
9050221	1	0
9053423	0	1
9053710	0	1
9054428	1	0
9055223	1	0
9056441	0	1
9056541	1	0
9056884	1	0
9060458	1	0
9063645	0	1
9065671	1	0
9065698	1	0
9066226	1	0
9067544	1	0
9067973	1	0
9071177	0	1
9072517	1	0
9072617	1	0
9075812	1	0
9080030	1	0
9080138	0	1
9081152	0	1
9081634	0	1
9082300	1	0
9082564	1	0
9083715	0	1
9087940	0	1
9088873	0	1
9088989	0	1
9090279	0	1
9090834	0	1
9093417	1	0
9094178	1	0
9094464	0	1
9094747	1	0
9096699	1	0
9097111	0	1
9099054	0	1
9099362	1	0
9099880	1	0
9100715	1	0
9104538	0	1
9108116	1	0
9108425	0	1
9109017	0	1
9109233	1	0
9110184	0	1
9111007	0	1
9114087	0	1
9117632	1	0
9118277	1	0
9119180	1	0
9122200	0	1
9124391	1	0
9124396	0	1
9124911	1	0
9125642	0	1
9125990	1	0
9126287	1	0
9126339	0	1
9127714	0	1
9128120	1	0
9128192	1	0
9128543	0	1
9130701	1	0
9133243	0	1
9134123	0	1
9134841	0	1
9139920	0	1
9140219	0	1
9140543	0	1
9141003	0	1
9141256	0	1
9141892	0	1
9145114	0	1
9146388	0	1
9147096	0	1
9150728	0	1
9150795	0	1
9151110	0	1
9152223	0	1
9153498	1	0
9153552	1	0
9154240	0	1
9155637	1	0
9157234	1	0
9158589	1	0
9159105	0	1
9159236	0	1
9159979	0	1
9160163	1	0
9164094	1	0
9164954	0	1
9165463	1	0
9167401	1	0
9168320	0	1
9168815	1	0
9171043	1	0
9173734	0	1
9175224	1	0
9175289	0	1
9176403	0	1
9178324	0	1
9178520	0	1
9178867	0	1
9181721	0	1
9181749	0	1
9183612	1	0
9184468	0	1
9185258	1	0
9185268	1	0
9187550	0	1
9188145	1	0
9189183	0	1
9190691	0	1
9192308	0	1
9196471	0	1
9197482	0	1
9198163	0	1
9202259	1	0
9203629	1	0
9204101	1	0
9204282	1	0
9206746	1	0
9207346	0	1
9208786	1	0
9209635	0	1
9209931	0	1
9211158	0	1
9211242	0	1
9211953	0	1
9213008	0	1
9213772	0	1
9215613	1	0
9217959	0	1
9219926	0	1
9219979	1	0
9220267	1	0
9221293	0	1
9224933	1	0
9227335	0	1
9229799	0	1
9230281	0	1
9231029	0	1
9231877	1	0
9232106	1	0
9232149	1	0
9236062	0	1
9236430	0	1
9236796	1	0
9236913	1	0
9240430	0	1
9241586	1	0
9243052	1	0
9246285	0	1
9246851	1	0
9248146	0	1
9248199	1	0
9248475	1	0
9250847	0	1
9252788	0	1
9253364	0	1
9253995	0	1
9255012	0	1
9255013	0	1
9255381	1	0
9255693	1	0
9256078	0	1
9258264	0	1
9258702	0	1
9258986	1	0
9259922	1	0
9262598	1	0
9262967	1	0
9263077	0	1
9263665	1	0
9265501	1	0
9266568	1	0
9268831	0	1
9273108	1	0
9275206	0	1
9276440	1	0
9277347	1	0
9277402	1	0
9282941	0	1
9283586	1	0
9283807	1	0
9285272	0	1
9285718	1	0
9286893	1	0
9288071	1	0
9288858	1	0
9291269	1	0
9291680	0	1
9292474	1	0
9293503	1	0
9294956	0	1
9296999	0	1
9297669	1	0
9299054	1	0
9299272	1	0
9302868	0	1
9303512	1	0
9305255	0	1
9305283	0	1
9305590	0	1
9306480	1	0
9309287	1	0
9310286	1	0
9313828	0	1
9314710	1	0
9315609	1	0
9315779	0	1
9317942	0	1
9318321	0	1
9321385	0	1
9324607	0	1
9328433	1	0
9329412	0	1
9330919	1	0
9332929	0	1
9333117	1	0
9334342	1	0
9334389	0	1
9335307	0	1
9335532	1	0
9335802	0	1
9336408	0	1
9337163	0	1
9338464	0	1
9338568	0	1
9339502	0	1
9339771	0	1
9340909	0	1
9342262	1	0
9343347	1	0
9345134	0	1
9345679	0	1
9347610	1	0
9348366	0	1
9349249	0	1
9350642	0	1
9350667	0	1
9352082	1	0
9353367	0	1
9353862	1	0
9353982	0	1
9354110	1	0
9357532	1	0
9359090	1	0
9359272	0	1
9359861	0	1
9361058	0	1
9363465	1	0
9363525	0	1
9363885	0	1
9366824	1	0
9366837	0	1
9367137	1	0
9371396	0	1
9372663	1	0
9373068	1	0
9373161	1	0
9373200	1	0
9373575	1	0
9376418	1	0
9377135	1	0
9378834	0	1
9382173	1	0
9382872	0	1
9383155	0	1
9384126	0	1
9387308	1	0
9389483	0	1
9389574	1	0
9391147	0	1
9392278	1	0
9395451	1	0
9395626	0	1
9396644	1	0
9399465	0	1
9400169	1	0
9401046	1	0
9401144	0	1
9401579	1	0
9402102	0	1
9405971	0	1
9406414	0	1
9407238	1	0
9408721	0	1
9408957	0	1
9409846	0	1
9411634	0	1
9414322	1	0
9415634	1	0
9417108	0	1
9417288	0	1
9421173	0	1
9421363	0	1
9423350	0	1
9423761	0	1
9427376	1	0
9429073	0	1
9430942	0	1
9431272	0	1
9432053	0	1
9433335	0	1
9435294	0	1
9435441	1	0
9439813	1	0
9442758	0	1
9443179	1	0
9445486	0	1
9446460	1	0
9447286	0	1
9447790	0	1
9448950	0	1
9450695	1	0
9451401	1	0
9452724	0	1
9454326	0	1
9455982	1	0
9456054	0	1
9458673	0	1
9459490	0	1
9459896	1	0
9460265	1	0
9461145	0	1
9464050	0	1
9464684	1	0
9466531	0	1
9466667	0	1
9467529	0	1
9473914	0	1
9475876	1	0
9476192	0	1
9477120	0	1
9477475	0	1
9478178	1	0
9480197	1	0
9482163	1	0
9482509	0	1
9485913	0	1
9487110	0	1
9487747	1	0
9488677	1	0
9489916	0	1
9491010	0	1
9491899	1	0
9492837	0	1
9493096	0	1
9495329	0	1
9496370	1	0
9496558	0	1
9498495	1	0
9502087	0	1
9506010	1	0
9506624	1	0
9506819	1	0
9507793	0	1
9507953	0	1
9511576	0	1
9511847	1	0
9512236	1	0
9512932	0	1
9513576	1	0
9515687	1	0
9516500	0	1
9516750	1	0
9517165	0	1
9518114	0	1
9518327	1	0
9519588	0	1
9520700	1	0
9522372	0	1
9526072	0	1
9529316	0	1
9533209	0	1
9533584	0	1
9533773	0	1
9534253	0	1
9537259	1	0
9542028	0	1
9544643	0	1
9544799	1	0
9548725	1	0
9549459	0	1
9549472	1	0
9550251	0	1
9550314	0	1
9551361	1	0
9551912	1	0
9552767	0	1
9554033	1	0
9556741	0	1
9558187	0	1
9558946	1	0
9561228	0	1
9564374	1	0
9564545	1	0
9565557	1	0
9566004	0	1
9566069	0	1
9567541	0	1
9570189	1	0
9570426	0	1
9572657	1	0
9575217	1	0
9578493	0	1
9578904	1	0
9582027	0	1
9582543	1	0
9583615	0	1
9583685	1	0
9583745	1	0
9585444	0	1
9586228	0	1
9586623	0	1
9586905	0	1
9588383	0	1
9588384	1	0
9590569	1	0
9590680	0	1
9590964	0	1
9591615	1	0
9592500	1	0
9593085	0	1
9593601	0	1
9598029	0	1
9599397	1	0
9599429	1	0
9600179	1	0
9602951	1	0
9603430	0	1
9603563	0	1
9605457	0	1
9606699	1	0
9607825	1	0
9607899	0	1
9608101	0	1
9609400	1	0
9609711	0	1
9610646	0	1
9611696	1	0
9612141	0	1
9616093	1	0
9618557	0	1
9620265	0	1
9620374	0	1
9620524	1	0
9621429	1	0
9621663	1	0
9626767	1	0
9626998	0	1
9627889	1	0
9628493	0	1
9629853	0	1
9630038	0	1
9630788	0	1
9631217	0	1
9634132	0	1
9634188	0	1
9637454	1	0
9639840	0	1
9640311	1	0
9642387	0	1
9642430	1	0
9646972	0	1
9647969	1	0
9648451	0	1
9649052	1	0
9649144	1	0
9655198	1	0
9655252	0	1
9656671	0	1
9657451	1	0
9661416	1	0
9661793	0	1
9662806	0	1
9663684	0	1
9665302	0	1
9665396	0	1
9665684	1	0
9666006	1	0
9667792	1	0
9668072	1	0
9669208	0	1
9669532	0	1
9672169	1	0
9675969	0	1
9676944	0	1
9677523	1	0
9677879	1	0
9677948	0	1
9678365	1	0
9679781	0	1
9680798	1	0
9684641	0	1
9685314	1	0
9686892	0	1
9687788	0	1
9688746	0	1
9689162	1	0
9689971	0	1
9690820	0	1
9692455	1	0
9696220	1	0
9696753	0	1
9696811	0	1
9697726	1	0
9698774	1	0
9699020	0	1
9700925	0	1
9706517	1	0
9710402	0	1
9710695	0	1
9713471	0	1
9715096	1	0
9715903	1	0
9716940	0	1
9719465	0	1
9720337	0	1
9720960	1	0
9721866	0	1
9723020	1	0
9723300	0	1
9726382	1	0
9727877	0	1
9729215	1	0
9729355	1	0
9730591	0	1
9730763	1	0
9730873	0	1
9731872	1	0
9732560	0	1
9733745	1	0
9733870	1	0
9734622	0	1
9734879	1	0
9740678	0	1
9741776	0	1
9743327	0	1
9743852	1	0
9743985	1	0
9748949	1	0
9749399	0	1
9750134	0	1
9751533	1	0
9751567	0	1
9753783	1	0
9754809	1	0
9755244	0	1
9755329	0	1
9755566	0	1
9758571	0	1
9760116	1	0
9760500	0	1
9760591	0	1
9762155	0	1
9763288	1	0
9763979	0	1
9764582	0	1
9764908	1	0
9766385	1	0
9771089	1	0
9771347	0	1
9772559	1	0
9773295	1	0
9774084	0	1
9774475	0	1
9776800	1	0
9777686	0	1
9778731	0	1
9779216	1	0
9779484	0	1
9779604	0	1
9781273	1	0
9781565	1	0
9783127	0	1
9783787	1	0
9784504	1	0
9785349	0	1
9785960	0	1
9786102	0	1
9786596	1	0
9788049	1	0
9789510	0	1
9789960	0	1
9790782	0	1
9791069	0	1
9791384	1	0
9791416	1	0
9794443	1	0
9794759	1	0
9795104	1	0
9795542	1	0
9795724	0	1
9797083	1	0
9797188	1	0
9797381	1	0
9798761	1	0
9799315	0	1
9800956	0	1
9802043	1	0
9802438	0	1
9803841	0	1
9804006	0	1
9805031	0	1
9805798	1	0
9806214	1	0
9807449	1	0
9810183	1	0
9819269	1	0
9820517	0	1
9821209	1	0
9821550	1	0
9821947	0	1
9822818	0	1
9823429	1	0
9826697	0	1
9827310	1	0
9827934	0	1
9828579	1	0
9830994	1	0
9832397	1	0
9833667	1	0
9834210	0	1
9836481	1	0
9836534	1	0
9839262	1	0
9840221	1	0
9840898	0	1
9841815	0	1
9843283	1	0
9843301	1	0
9846037	0	1
9846826	1	0
9847386	1	0
9847585	0	1
9848357	0	1
9849272	0	1
9849961	1	0
9851475	1	0
9852204	1	0
9856543	1	0
9857762	0	1
9859958	0	1
9860113	0	1
9860788	0	1
9861336	1	0
9862460	1	0
9865092	0	1
9865201	1	0
9865302	0	1
9867834	0	1
9868153	1	0
9869626	1	0
9870670	1	0
9873055	1	0
9873234	1	0
9873420	1	0
9874505	1	0
9878405	1	0
9879120	0	1
9879648	0	1
9880892	1	0
9884445	1	0
9886863	0	1
9894061	0	1
9894092	0	1
9894252	0	1
9895506	1	0
9897796	0	1
9898244	0	1
9898609	0	1
9900671	0	1
9900749	1	0
9901364	0	1
9902304	1	0
9903400	1	0
9905139	1	0
9905724	1	0
9906989	1	0
9908163	0	1
9909221	1	0
9910585	0	1
9910986	0	1
9911104	1	0
9911274	1	0
9911614	0	1
9912539	1	0
9914986	1	0
9916597	1	0
9918672	0	1
9919249	0	1
9919941	1	0
9920608	1	0
9920892	1	0
9920977	0	1
9922169	1	0
9928207	1	0
9928451	1	0
9928515	1	0
9930531	0	1
9930920	1	0
9933279	1	0
9934902	0	1
9938785	1	0
9939486	1	0
9940932	0	1
9941766	1	0
9943094	0	1
9943890	1	0
9944169	1	0
9945115	1	0
9946118	0	1
9948336	1	0
9950109	0	1
9951562	0	1
9951723	0	1
9953423	0	1
9954348	0	1
9957341	0	1
9960706	1	0
9960782	1	0
9963073	1	0
9963125	1	0
9963735	0	1
9964777	1	0
9964991	1	0
9966820	0	1
9966832	1	0
9967079	0	1
9968238	1	0
9969909	1	0
9973221	0	1
9974851	1	0
9976336	1	0
9977005	1	0
9977007	1	0
9977178	0	1
9978198	1	0
9979697	0	1
9980418	0	1
9982167	1	0
9983151	0	1
9983254	1	0
9983539	0	1
9985982	0	1
9987703	0	1
9990704	0	1
9990871	1	0
9997039	1	0
9997353	1	0
9997369	1	0
10005315	0	1
10005755	1	0
10007225	1	0
10007485	1	0
10008642	0	1
10011766	0	1
10012281	0	1
10013760	0	1
10014038	0	1
10015345	1	0
10015892	0	1
10016209	1	0
10016710	0	1
10016973	0	1
10020068	0	1
10020743	0	1
10021119	0	1
10021912	0	1
10022428	1	0
10024247	0	1
10028976	0	1
10029745	1	0
10032376	0	1
10033489	0	1
10033718	1	0
10035282	1	0
10036243	0	1
10037645	0	1
10040584	0	1
10041358	0	1
10044443	0	1
10046295	0	1
10047189	1	0
10048422	1	0
10048948	1	0
10054427	1	0
10055895	0	1
10055955	1	0
10056483	0	1
10057785	0	1
10057863	1	0
10057896	0	1
10058693	1	0
10059233	1	0
10060002	1	0
10060409	1	0
10060649	1	0
10062207	0	1
10063171	1	0
10063469	0	1
10063983	0	1
10065178	0	1
10065278	0	1
10065491	1	0
10065593	0	1
10067823	1	0
10069684	0	1
10071550	1	0
10073230	1	0
10074706	1	0
10075570	1	0
10076941	1	0
10076994	0	1
10078289	0	1
10080295	0	1
10081220	0	1
10081810	1	0
10082244	0	1
10083617	0	1
10085191	0	1
10087921	0	1
10088480	0	1
10090438	1	0
10091537	1	0
10094395	0	1
10095396	1	0
10096368	0	1
10097518	1	0
10099363	1	0
10103820	0	1
10103922	1	0
10103996	0	1
10107693	0	1
10108699	1	0
10109971	1	0
10110849	1	0
10110981	1	0
10112929	0	1
10114762	0	1
10115260	0	1
10115748	0	1
10118173	0	1
10118274	0	1
10121113	1	0
10121509	0	1
10122708	0	1
10126372	1	0
10127883	1	0
10128597	0	1
10130156	0	1
10130718	1	0
10131151	0	1
10138760	1	0
10140612	1	0
10141992	1	0
10142578	0	1
10142646	0	1
10142689	1	0
10143766	1	0
10145680	0	1
10146708	0	1
10149158	0	1
10149204	1	0
10149813	1	0
10150174	1	0
10150965	0	1
10151066	1	0
10155174	1	0
10155511	1	0
10158917	0	1
10159657	1	0
10165302	1	0
10166379	0	1
10169940	1	0
10169948	0	1
10171787	0	1
10174898	1	0
10175099	0	1
10175234	1	0
10175971	0	1
10179588	1	0
10180630	0	1
10181630	0	1
10181833	0	1
10181835	1	0
10184050	1	0
10184173	1	0
10185513	0	1
10188793	0	1
10189105	1	0
10190564	1	0
10190674	0	1
10191908	0	1
10192147	0	1
10193922	1	0
10194400	0	1
10195230	1	0
10196450	0	1
10196701	1	0
10198505	0	1
10198986	0	1
10200434	1	0
10200664	0	1
10202217	0	1
10202400	0	1
10203139	1	0
10203518	0	1
10205358	1	0
10205763	0	1
10208609	0	1
10211574	1	0
10211866	1	0
10213135	1	0
10213258	1	0
10213921	1	0
10215587	1	0
10217023	0	1
10218330	0	1
10218773	0	1
10219406	0	1
10219551	1	0
10221244	0	1
10222179	0	1
10223824	0	1
10224206	1	0
10224729	1	0
10225272	0	1
10225307	1	0
10225863	0	1
10228031	1	0
10231065	0	1
10232039	1	0
10232850	0	1
10232892	0	1
10235710	1	0
10235728	1	0
10239588	1	0
10240484	1	0
10241042	0	1
10244481	0	1
10244514	0	1
10245675	0	1
10246737	0	1
10247067	0	1
10247814	0	1
10249222	0	1
10250954	1	0
10250955	0	1
10254637	1	0
10254877	1	0
10255232	1	0
10255640	1	0
10255692	0	1
10255868	1	0
10261592	0	1
10262097	0	1
10262261	1	0
10262412	0	1
10264107	0	1
10266677	1	0
10267073	1	0
10267102	0	1
10267439	0	1
10267517	0	1
10267663	0	1
10268416	1	0
10268765	1	0
10269733	1	0
10270123	1	0
10273885	0	1
10277036	1	0
10278152	0	1
10278736	0	1
10279376	1	0
10280084	0	1
10281818	0	1
10282619	0	1
10285209	1	0
10289054	0	1
10289600	0	1
10290697	0	1
10290831	0	1
10291130	1	0
10291842	1	0
10292150	0	1
10294939	0	1
10295169	0	1
10295980	1	0
10297221	1	0
10298791	0	1
10299435	0	1
10302146	1	0
10303266	0	1
10304038	1	0
10304131	0	1
10304964	0	1
10307256	0	1
10308527	0	1
10310906	1	0
10311814	1	0
10311983	1	0
10312002	0	1
10312484	0	1
10314080	1	0
10316162	1	0
10316630	0	1
10317543	1	0
10318272	0	1
10318977	1	0
10319328	0	1
10319524	0	1
10319816	1	0
10319892	1	0
10320187	0	1
10320200	0	1
10321516	1	0
10322023	0	1
10326845	1	0
10327132	0	1
10327698	1	0
10328289	0	1
10328301	0	1
10330737	0	1
10330781	0	1
10334535	0	1
10337503	0	1
10338526	0	1
10339572	1	0
10340986	1	0
10341639	0	1
10343028	1	0
10343090	1	0
10343165	0	1
10343980	1	0
10345044	0	1
10347960	1	0
10348108	1	0
10350414	1	0
10350729	0	1
10351397	1	0
10351905	0	1
10352587	0	1
10352805	1	0
10353739	0	1
10355896	0	1
10356673	1	0
10357573	0	1
10360091	1	0
10361723	1	0
10362622	0	1
10363020	1	0
10365902	1	0
10367049	0	1
10367383	0	1
10367801	0	1
10369968	0	1
10370029	1	0
10376480	1	0
10376667	1	0
10378787	1	0
10379457	1	0
10380361	0	1
10383195	1	0
10383905	1	0
10384933	1	0
10385001	1	0
10385005	0	1
10385380	0	1
10386902	0	1
10387075	1	0
10387236	1	0
10387942	1	0
10389334	0	1
10390994	1	0
10391256	0	1
10391367	1	0
10395126	0	1
10395529	0	1
10398088	1	0
10400743	1	0
10402717	0	1
10402964	0	1
10405263	0	1
10407218	0	1
10408429	0	1
10408978	1	0
10409384	0	1
10409558	1	0
10410509	1	0
10411683	1	0
10412277	1	0
10413137	1	0
10413740	0	1
10415106	1	0
10418192	0	1
10418431	1	0
10419072	0	1
10419275	1	0
10420583	0	1
10422323	0	1
10425905	0	1
10426341	1	0
10430340	0	1
10430428	1	0
10431660	1	0
10431739	0	1
10434728	1	0
10435734	1	0
10437210	1	0
10439585	1	0
10439803	0	1
10439856	1	0
10442670	0	1
10443175	1	0
10443360	0	1
10444203	0	1
10445419	1	0
10445461	1	0
10445890	1	0
10445935	1	0
10446662	1	0
10449668	0	1
10455072	0	1
10456423	0	1
10456658	1	0
10459808	1	0
10460776	1	0
10460999	0	1
10464395	1	0
10466284	0	1
10468038	0	1
10469685	1	0
10469983	0	1
10470299	0	1
10471853	0	1
10472184	1	0
10472954	0	1
10474985	1	0
10477028	1	0
10477833	0	1
10479928	1	0
10482360	0	1
10483778	1	0
10484124	1	0
10484551	1	0
10485055	1	0
10485221	1	0
10485647	1	0
10485961	1	0
10486771	0	1
10489958	0	1
10490106	0	1
10491804	1	0
10493354	0	1
10493489	1	0
10496899	1	0
10498020	1	0
10498623	1	0
10500507	1	0
10500904	1	0
10502481	1	0
10502536	1	0
10504974	0	1
10505767	1	0
10507117	0	1
10507451	0	1
10508958	1	0
10510930	0	1
10511785	1	0
10513067	0	1
10513880	1	0
10516873	0	1
10517792	1	0
10520250	0	1
10522405	1	0
10523110	1	0
10523459	0	1
10524154	0	1
10526487	0	1
10526832	0	1
10527823	1	0
10530010	0	1
10530592	0	1
10531962	1	0
10532338	1	0
10532493	1	0
10534602	0	1
10534741	0	1
10535163	0	1
10537738	0	1
10538305	1	0
10543122	0	1
10548319	0	1
10548736	1	0
10548792	1	0
10550420	1	0
10551220	0	1
10551362	0	1
10553001	1	0
10553044	0	1
10555766	0	1
10555965	1	0
10556147	1	0
10556405	1	0
10560705	0	1
10562280	0	1
10564435	0	1
10565111	1	0
10565658	0	1
10566015	0	1
10566889	1	0
10567959	0	1
10569291	0	1
10569688	1	0
10573646	1	0
10573894	1	0
10578388	1	0
10578408	1	0
10579283	0	1
10579824	1	0
10580619	1	0
10581746	1	0
10582509	0	1
10583224	0	1
10584983	1	0
10586527	0	1
10588915	0	1
10589299	0	1
10590553	1	0
10591726	0	1
10592342	0	1
10593230	1	0
10593732	1	0
10593936	0	1
10594257	1	0
10594406	1	0
10595938	1	0
10597379	1	0
10601389	0	1
10603133	1	0
10603205	1	0
10606079	0	1
10608726	1	0
10609507	0	1
10610682	1	0
10615658	0	1
10616671	1	0
10619813	1	0
10619929	0	1
10620212	0	1
10620987	0	1
10622159	0	1
10624417	0	1
10630342	1	0
10630999	0	1
10631064	1	0
10633217	0	1
10634453	0	1
10634748	1	0
10635659	1	0
10637467	1	0
10639429	1	0
10640352	0	1
10640838	1	0
10645690	0	1
10647142	0	1
10647842	0	1
10648281	1	0
10650032	1	0
10650402	1	0
10650654	1	0
10651660	1	0
10652117	1	0
10653439	0	1
10653607	1	0
10655026	0	1
10655470	0	1
10655471	1	0
10655652	1	0
10659268	1	0
10661961	1	0
10662316	0	1
10664325	1	0
10665576	1	0
10670291	0	1
10670915	0	1
10672440	1	0
10672528	0	1
10673201	1	0
10677625	1	0
10678658	0	1
10679111	0	1
10679282	1	0
10680903	1	0
10682283	1	0
10682908	0	1
10686927	0	1
10686957	1	0
10687440	1	0
10690825	0	1
10691341	1	0
10691729	0	1
10692748	1	0
10695062	0	1
10695208	1	0
10699027	1	0
10701140	1	0
10701407	0	1
10703067	1	0
10703715	1	0
10704401	1	0
10706440	1	0
10710827	1	0
10711008	1	0
10711736	0	1
10712610	0	1
10713240	1	0
10713842	1	0
10713914	0	1
10715456	0	1
10716220	1	0
10716509	0	1
10718766	1	0
10720929	1	0
10721818	0	1
10722291	1	0
10723646	1	0
10724100	1	0
10724459	1	0
10726207	0	1
10726262	0	1
10726395	0	1
10726405	1	0
10726627	0	1
10726723	0	1
10734018	0	1
10734473	1	0
10734689	1	0
10735057	1	0
10738724	1	0
10739703	1	0
10740308	0	1
10743063	0	1
10743733	0	1
10744277	1	0
10744587	0	1
10745220	0	1
10745728	1	0
10747236	1	0
10747692	1	0
10748840	1	0
10748931	0	1
10749214	1	0
10749912	1	0
10753596	1	0
10754228	0	1
10755682	0	1
10756075	0	1
10756257	0	1
10756338	0	1
10756824	1	0
10757053	1	0
10757308	1	0
10759215	0	1
10759237	1	0
10760325	0	1
10760961	0	1
10761903	1	0
10763006	1	0
10763508	1	0
10763975	1	0
10765738	0	1
10768471	0	1
10768757	0	1
10768894	1	0
10771934	0	1
10772508	1	0
10773577	0	1
10774171	1	0
10774351	0	1
10775538	1	0
10776531	1	0
10776834	0	1
10777636	1	0
10779761	0	1
10780951	1	0
10781087	0	1
10782146	1	0
10783763	0	1
10785861	0	1
10787183	0	1
10787404	0	1
10789055	1	0
10790563	1	0
10790596	0	1
10791304	0	1
10791844	1	0
10793320	0	1
10793645	0	1
10794837	0	1
10798095	1	0
10800226	0	1
10803617	1	0
10808736	1	0
10808751	1	0
10810051	0	1
10810761	0	1
10813381	0	1
10813768	1	0
10819053	0	1
10820321	0	1
10822424	1	0
10822544	1	0
10822815	1	0
10824709	0	1
10824739	0	1
10827002	0	1
10827021	1	0
10828448	0	1
10829054	1	0
10830315	0	1
10831903	0	1
10832462	0	1
10832615	0	1
10832712	0	1
10833897	1	0
10834878	1	0
10836685	0	1
10837636	0	1
10838368	1	0
10839045	0	1
10839081	1	0
10839626	0	1
10844599	0	1
10847356	1	0
10847889	1	0
10849071	0	1
10851576	1	0
10852352	1	0
10852377	0	1
10852481	0	1
10853433	0	1
10858082	0	1
10859657	1	0
10859756	0	1
10860036	0	1
10862003	1	0
10864458	1	0
10865740	0	1
10867119	0	1
10867158	1	0
10869509	0	1
10871579	1	0
10871979	1	0
10873623	1	0
10873946	0	1
10874001	0	1
10874301	1	0
10874564	0	1
10875114	1	0
10875837	0	1
10876784	0	1
10877648	1	0
10878069	0	1
10878109	0	1
10879348	0	1
10880020	1	0
10880493	0	1
10883182	1	0
10885013	0	1
10887613	0	1
10888524	0	1
10888712	1	0
10890301	1	0
10890609	1	0
10891385	0	1
10891475	0	1
10893801	0	1
10893981	1	0
10897092	0	1
10899754	0	1
10900587	1	0
10902406	0	1
10903694	1	0
10905860	0	1
10906614	0	1
10908668	0	1
10909496	0	1
10913268	0	1
10914157	1	0
10914985	0	1
10917035	0	1
10919333	1	0
10920411	1	0
10920676	1	0
10921517	0	1
10926108	1	0
10927972	1	0
10930194	1	0
10930239	1	0
10931080	0	1
10932467	1	0
10934829	1	0
10934897	0	1
10937448	0	1
10938508	1	0
10938801	0	1
10939310	1	0
10939752	0	1
10940761	0	1
10940832	1	0
10941063	0	1
10943296	0	1
10943486	1	0
10943841	1	0
10944647	0	1
10945618	0	1
10947541	1	0
10948332	0	1
10950412	1	0
10951696	0	1
10951856	0	1
10952083	1	0
10952849	1	0
10953523	0	1
10955337	0	1
10956496	0	1
10957151	0	1
10957401	1	0
10957744	0	1
10958887	0	1
10959621	1	0
10960586	1	0
10960836	1	0
10962286	0	1
10964838	1	0
10965236	1	0
10966138	0	1
10971084	1	0
10971625	1	0
10972830	0	1
10972956	1	0
10974198	0	1
10974324	1	0
10978589	1	0
10980266	1	0
10982335	0	1
10983959	1	0
10985147	1	0
10985944	1	0
10988550	1	0
10992739	0	1
10993661	1	0
10997235	1	0
10998402	1	0
10999433	1	0
11000241	0	1
11000554	0	1
11000559	0	1
11000928	1	0
11001879	0	1
11002517	0	1
11003311	0	1
11008569	1	0
11009144	1	0
11009947	0	1
11010139	1	0
11010205	1	0
11012196	1	0
11013323	0	1
11015230	1	0
11015447	1	0
11016578	0	1
11016968	1	0
11017314	1	0
11017330	0	1
11017517	0	1
11018011	1	0
11018177	1	0
11023854	1	0
11024346	0	1
11024533	0	1
11024829	1	0
11026010	1	0
11026099	1	0
11028743	1	0
11033085	0	1
11033463	1	0
11034261	0	1
11034291	0	1
11035656	0	1
11036369	1	0
11036789	0	1
11037098	0	1
11038513	1	0
11039231	1	0
11039495	0	1
11041053	1	0
11042163	0	1
11044771	1	0
11044938	0	1
11046991	0	1
11048483	1	0
11048646	1	0
11050228	1	0
11051005	0	1
11054871	0	1
11055075	1	0
11056448	0	1
11057090	1	0
11061279	0	1
11061813	0	1
11066179	1	0
11069268	1	0
11069689	0	1
11071858	0	1
11079092	0	1
11079481	0	1
11080247	1	0
11081226	1	0
11081692	1	0
11081713	0	1
11082045	0	1
11082487	0	1
11083269	0	1
11083520	1	0
11086274	1	0
11087901	1	0
11088020	0	1
11089420	1	0
11090834	1	0
11095004	1	0
11095009	1	0
11095389	0	1
11098892	0	1
11102478	1	0
11104178	1	0
11106113	1	0
11106241	1	0
11107203	1	0
11107555	0	1
11107822	1	0
11110038	1	0
11110232	1	0
11111075	0	1
11114794	0	1
11115069	0	1
11120156	0	1
11127041	0	1
11128123	1	0
11128372	1	0
11128879	0	1
11129616	0	1
11130110	0	1
11130550	1	0
11135327	0	1
11135549	0	1
11137311	0	1
11137312	1	0
11138521	0	1
11141822	1	0
11142275	1	0
11142549	1	0
11143955	1	0
11145617	1	0
11147170	0	1
11147683	1	0
11148071	1	0
11152232	1	0
11155655	0	1
11156470	1	0
11158966	1	0
11159769	1	0
11160506	0	1
11160734	1	0
11161475	1	0
11162503	1	0
11162534	1	0
11163317	1	0
11165344	1	0
11166863	1	0
11168207	0	1
11171410	0	1
11171435	0	1
11172521	1	0
11174585	0	1
11175624	1	0
11176146	0	1
11176342	0	1
11179255	1	0
11180104	1	0
11182910	1	0
11184085	1	0
11185580	1	0
11187754	0	1
11189189	1	0
11189866	0	1
11190827	0	1
11192993	1	0
11193617	0	1
11194272	0	1
11194407	1	0
11197687	1	0
11197815	0	1
11199208	0	1
11199919	0	1
11200613	1	0
11202130	1	0
11202223	1	0
11203424	0	1
11205395	1	0
11207743	1	0
11207993	0	1
11211028	0	1
11212451	0	1
11215298	1	0
11216184	1	0
11217225	1	0
11220576	1	0
11223644	1	0
11224437	1	0
11224865	1	0
11225531	0	1
11226185	1	0
11226636	1	0
11227053	0	1
11229684	0	1
11229781	0	1
11231290	0	1
11231543	1	0
11232106	1	0
11232191	0	1
11232611	0	1
11234561	1	0
11237444	0	1
11237778	0	1
11238609	1	0
11239457	0	1
11242214	1	0
11244132	0	1
11245092	1	0
11246573	0	1
11249079	1	0
11249092	1	0
11249780	0	1
11252950	0	1
11254748	0	1
11255792	0	1
11256798	0	1
11257368	1	0
11258348	1	0
11259768	1	0
11260491	1	0
11262161	0	1
11264794	1	0
11265018	1	0
11265819	1	0
11266518	0	1
11268069	0	1
11268453	1	0
11269816	0	1
11272615	1	0
11273337	0	1
11276562	0	1
11283207	0	1
11283357	1	0
11283711	0	1
11287714	1	0
11291950	0	1
11292088	1	0
11292109	1	0
11292344	1	0
11299708	1	0
11299973	1	0
11300904	1	0
11303419	0	1
11303447	1	0
11304684	0	1
11305117	1	0
11307760	1	0
11308205	0	1
11309753	1	0
11311248	0	1
11311582	1	0
11311630	0	1
11312332	0	1
11312787	1	0
11314994	0	1
11317142	0	1
11317956	1	0
11319200	1	0
11320436	1	0
11322776	0	1
11323514	0	1
11323944	0	1
11324355	1	0
11325379	1	0
11326174	0	1
11326948	1	0
11327076	1	0
11328767	1	0
11329088	1	0
11329381	1	0
11330091	0	1
11330436	0	1
11331605	1	0
11332224	1	0
11333019	0	1
11334046	0	1
11334350	0	1
11334576	0	1
11337407	0	1
11338165	1	0
11338873	0	1
11338922	0	1
11339841	0	1
11340918	0	1
11342009	1	0
11343646	1	0
11343907	0	1
11344295	0	1
11346514	1	0
11350434	0	1
11350629	0	1
11351547	1	0
11351869	1	0
11351952	0	1
11352477	0	1
11352684	1	0
11354334	1	0
11355351	1	0
11355558	0	1
11355571	0	1
11357772	0	1
11358031	1	0
11359274	0	1
11359822	1	0
11360996	0	1
11361502	1	0
11361624	0	1
11361961	1	0
11362239	1	0
11362984	1	0
11364416	1	0
11364825	0	1
11364842	1	0
11365818	0	1
11367059	0	1
11371449	1	0
11372636	1	0
11373486	0	1
11374622	0	1
11378127	0	1
11380477	0	1
11380997	0	1
11381358	0	1
11381765	0	1
11382701	1	0
11384518	0	1
11385451	0	1
11385545	1	0
11387259	0	1
11389445	0	1
11389901	1	0
11391356	0	1
11392098	0	1
11395030	1	0
11397517	1	0
11398511	0	1
11400079	1	0
11402943	1	0
11403856	0	1
11404357	1	0
11406225	1	0
11406557	0	1
11407213	0	1
11409890	1	0
11411608	1	0
11412298	0	1
11412621	0	1
11413208	1	0
11413654	0	1
11413913	0	1
11415726	1	0
11416114	1	0
11416921	0	1
11417571	0	1
11422932	1	0
11423594	0	1
11423706	1	0
11423832	0	1
11425023	0	1
11426243	0	1
11426967	1	0
11427721	1	0
11427795	0	1
11428764	0	1
11429701	1	0
11429917	1	0
11430064	0	1
11430240	1	0
11430382	1	0
11431637	0	1
11431929	0	1
11432315	1	0
11432570	1	0
11436790	0	1
11439361	1	0
11439711	0	1
11440240	0	1
11440554	1	0
11441457	0	1
11441484	0	1
11442968	0	1
11443956	0	1
11447007	0	1
11447247	1	0
11449420	0	1
11451513	0	1
11451695	0	1
11452373	1	0
11452622	0	1
11453014	0	1
11453422	0	1
11454505	0	1
11455212	1	0
11459146	1	0
11459327	0	1
11464176	1	0
11464526	1	0
11466502	1	0
11467054	0	1
11467260	0	1
11469861	0	1
11470354	0	1
11471788	0	1
11472902	0	1
11473753	1	0
11474666	1	0
11476423	1	0
11476546	1	0
11478017	1	0
11481032	0	1
11481112	0	1
11481315	1	0
11482996	0	1
11483763	0	1
11484452	0	1
11484649	0	1
11485592	0	1
11485773	1	0
11486636	1	0
11488559	1	0
11488958	0	1
11489832	0	1
11496271	0	1
11497818	0	1
11500272	1	0
11500987	0	1
11502934	1	0
11502990	1	0
11503165	1	0
11503468	1	0
11504154	0	1
11506646	0	1
11507213	1	0
11508630	0	1
11510277	0	1
11511453	0	1
11512043	1	0
11513190	1	0
11513749	1	0
11513866	1	0
11520443	1	0
11520625	1	0
11520726	1	0
11523536	0	1
11524015	1	0
11525416	0	1
11525948	1	0
11526610	0	1
11527016	0	1
11527576	0	1
11528281	0	1
11529980	1	0
11530935	1	0
11534767	1	0
11534825	1	0
11535758	1	0
11536928	1	0
11540298	1	0
11540366	1	0
11541502	1	0
11544064	1	0
11544434	1	0
11547220	0	1
11547246	0	1
11549004	0	1
11552609	0	1
11554036	0	1
11554807	1	0
11554869	1	0
11558238	0	1
11559085	1	0
11559125	0	1
11560686	1	0
11561563	1	0
11561740	0	1
11562062	0	1
11562151	0	1
11563290	1	0
11564587	0	1
11565527	1	0
11567792	1	0
11570423	1	0
11571698	1	0
11571716	0	1
11573300	0	1
11574022	0	1
11575134	0	1
11576530	1	0
11577105	0	1
11580424	0	1
11580616	0	1
11582100	0	1
11582106	1	0
11585553	1	0
11585713	1	0
11585846	1	0
11586386	0	1
11587010	1	0
11587332	0	1
11588505	0	1
11589285	0	1
11589332	0	1
11589846	1	0
11592063	1	0
11593623	0	1
11595344	1	0
11596941	1	0
11597438	0	1
11597578	0	1
11598002	1	0
11600378	0	1
11605624	1	0
11606532	0	1
11606545	0	1
11606747	0	1
11607266	0	1
11608418	1	0
11608523	1	0
11612350	1	0
11612956	1	0
11616205	0	1
11618227	0	1
11620105	1	0
11621349	1	0
11622663	1	0
11624018	1	0
11625339	1	0
11626415	0	1
11632145	1	0
11633902	1	0
11635902	0	1
11638647	0	1
11638971	1	0
11639088	1	0
11639968	1	0
11640930	0	1
11643286	1	0
11644068	1	0
11645196	0	1
11646195	0	1
11646247	0	1
11647520	0	1
11649867	1	0
11650096	0	1
11651299	0	1
11652500	0	1
11652740	1	0
11652916	0	1
11658134	1	0
11658801	0	1
11659145	1	0
11659396	1	0
11660865	1	0
11662119	0	1
11663494	1	0
11663617	0	1
11666603	0	1
11667261	1	0
11667763	0	1
11668591	1	0
11669250	0	1
11671905	1	0
11675436	0	1
11675918	1	0
11678577	0	1
11680605	0	1
11684165	1	0
11684541	0	1
11685688	0	1
11686116	1	0
11688433	1	0
11688441	1	0
11689550	1	0
11690103	1	0
11690623	0	1
11692003	1	0
11694545	0	1
11695798	0	1
11698356	0	1
11698766	0	1
11699743	0	1
11700542	1	0
11700558	1	0
11701643	1	0
11703087	1	0
11704282	1	0
11706059	1	0
11707189	0	1
11707282	1	0
11707448	1	0
11708658	1	0
11709087	1	0
11709198	1	0
11709947	0	1
11711025	0	1
11711557	0	1
11713256	1	0
11714632	1	0
11715172	1	0
11717046	0	1
11718441	0	1
11719794	1	0
11720869	1	0
11720885	0	1
11722475	0	1
11723104	0	1
11726914	1	0
11729185	0	1
11730366	1	0
11730754	1	0
11731058	1	0
11731613	0	1
11732476	0	1
11732944	0	1
11733909	0	1
11734150	1	0
11739220	1	0
11739373	1	0
11742955	1	0
11746219	0	1
11747213	1	0
11748934	0	1
11749698	1	0
11751024	0	1
11751579	1	0
11752057	1	0
11753208	0	1
11754127	1	0
11755282	0	1
11755733	1	0
11756343	0	1
11756460	0	1
11756532	0	1
11756922	0	1
11757025	1	0
11757172	0	1
11759407	0	1
11759460	0	1
11760894	0	1
11761319	1	0
11764055	0	1
11764940	1	0
11765427	1	0
11766399	0	1
11767041	0	1
11768149	0	1
11768312	0	1
11776051	1	0
11776790	1	0
11777361	0	1
11779012	0	1
11779615	1	0
11782003	1	0
11782811	0	1
11784506	0	1
11784658	0	1
11787153	0	1
11788927	0	1
11789245	0	1
11789455	1	0
11789962	1	0
11794937	1	0
11795333	1	0
11796145	0	1
11796186	0	1
11796861	1	0
11797990	0	1
11802069	0	1
11803039	0	1
11805318	1	0
11806374	1	0
11806430	1	0
11806935	1	0
11808078	1	0
11812087	1	0
11814700	1	0
11815046	0	1
11815378	1	0
11815678	0	1
11819087	0	1
11821640	1	0
11823628	0	1
11824293	0	1
11825229	1	0
11826062	0	1
11826452	1	0
11827390	0	1
11827432	0	1
11827621	0	1
11830523	0	1
11832380	1	0
11833113	1	0
11834084	1	0
11834700	0	1
11836500	0	1
11838544	0	1
11840465	0	1
11842175	1	0
11842480	0	1
11843030	1	0
11843876	0	1
11844412	0	1
11846287	1	0
11846820	1	0
11847019	1	0
11847698	1	0
11852907	0	1
11853249	1	0
11854512	1	0
11855269	0	1
11855368	0	1
11856260	0	1
11857875	0	1
11858835	1	0
11861577	1	0
11862032	0	1
11862153	1	0
11865829	1	0
11866463	0	1
11867608	1	0
11869701	1	0
11870224	0	1
11871903	1	0
11872097	1	0
11872556	0	1
11872765	1	0
11874988	0	1
11875324	0	1
11877009	0	1
11880835	0	1
11881836	0	1
11882872	0	1
11883696	1	0
11884222	0	1
11885083	1	0
11886314	0	1
11892003	0	1
11895705	0	1
11898347	1	0
11901279	1	0
11902120	0	1
11903548	1	0
11906553	0	1
11907219	0	1
11911570	1	0
11912287	0	1
11913512	0	1
11915161	1	0
11919170	0	1
11919544	0	1
11921372	1	0
11922353	1	0
11922770	0	1
11924768	0	1
11925839	1	0
11927281	1	0
11927801	0	1
11928676	1	0
11929957	1	0
11930649	1	0
11930944	0	1
11935291	0	1
11936246	0	1
11938011	0	1
11938717	0	1
11939302	1	0
11939999	1	0
11940701	1	0
11941749	0	1
11942795	0	1
11943712	1	0
11943905	1	0
11944819	1	0
11945066	1	0
11945246	0	1
11948842	0	1
11950080	1	0
11951516	0	1
11952201	0	1
11955396	0	1
11956751	0	1
11958706	1	0
11959319	1	0
11963610	0	1
11965899	1	0
11968464	0	1
11968716	1	0
11969138	1	0
11969587	1	0
11970009	1	0
11972587	1	0
11972631	1	0
11972737	1	0
11973164	0	1
11973462	1	0
11973814	0	1
11975946	1	0
11977050	1	0
11977058	1	0
11977806	0	1
11978505	0	1
11978667	0	1
11980170	0	1
11981785	0	1
11983486	1	0
11985224	0	1
11985225	0	1
11989327	0	1
11991571	1	0
11994695	1	0
11994717	1	0
11998337	0	1
12000549	1	0
12002969	0	1
12003100	1	0
12004890	1	0
12009178	1	0
12010691	1	0
12011818	1	0
12015700	0	1
12016480	0	1
12017699	1	0
12018562	0	1
12022162	1	0
12022268	1	0
12023195	1	0
12024743	1	0
12026836	1	0
12028002	1	0
12031196	1	0
12034991	0	1
12035080	0	1
12035767	1	0
12035799	0	1
12036332	1	0
12037358	0	1
12040580	0	1
12043079	1	0
12043261	1	0
12043392	0	1
12044578	1	0
12045591	0	1
12046004	1	0
12049066	0	1
12052562	0	1
12053249	0	1
12056195	1	0
12056841	0	1
12058621	1	0
12059483	1	0
12059658	1	0
12063164	1	0
12063971	1	0
12065739	0	1
12066349	1	0
12066375	1	0
12066517	0	1
12067431	0	1
12068992	1	0
12069536	1	0
12071121	1	0
12072720	0	1
12074343	1	0
12075248	1	0
12078532	0	1
12079428	0	1
12080226	0	1
12080523	1	0
12081014	1	0
12081072	1	0
12082410	0	1
12082791	0	1
12083275	1	0
12085239	0	1
12085768	0	1
12086138	0	1
12086385	0	1
12088373	1	0
12088559	1	0
12089365	0	1
12090308	0	1
12091858	0	1
12093196	0	1
12095415	0	1
12095477	1	0
12095946	0	1
12096385	1	0
12096596	1	0
12097051	0	1
12097546	1	0
12098530	0	1
12099983	0	1
12100623	0	1
12102318	1	0
12102865	1	0
12103323	1	0
12104362	0	1
12104394	1	0
12104505	1	0
12105227	1	0
12109044	0	1
12110748	1	0
12110871	0	1
12113368	1	0
12115125	1	0
12116384	1	0
12118672	0	1
12119363	0	1
12119697	1	0
12120654	1	0
12121715	0	1
12122746	0	1
12123856	1	0
12127815	1	0
12130915	0	1
12133695	1	0
12135850	0	1
12139679	1	0
12139818	1	0
12140229	1	0
12141140	1	0
12143639	0	1
12144577	1	0
12146415	1	0
12146615	1	0
12147003	1	0
12148757	1	0
12148997	1	0
12149574	0	1
12149985	1	0
12150559	0	1
12152202	0	1
12152814	0	1
12153894	0	1
12154035	1	0
12156214	1	0
12156830	1	0
12158224	0	1
12159947	1	0
12160261	0	1
12163140	0	1
12164417	1	0
12165164	0	1
12165433	0	1
12169235	0	1
12171110	0	1
12171421	1	0
12171971	0	1
12174183	0	1
12175769	0	1
12177704	1	0
12178480	1	0
12180160	0	1
12180812	1	0
12181129	1	0
12182464	1	0
12187436	1	0
12187932	0	1
12188756	0	1
12190250	1	0
12191290	1	0
12193762	1	0
12195674	1	0
12195755	1	0
12204354	1	0
12206215	1	0
12208874	0	1
12210278	0	1
12212864	1	0
12213023	1	0
12213593	0	1
12216380	0	1
12216681	1	0
12216790	0	1
12218859	0	1
12221265	1	0
12221502	0	1
12224070	1	0
12225618	0	1
12226597	1	0
12228961	0	1
12229686	0	1
12229974	1	0
12230421	0	1
12231359	0	1
12232370	1	0
12234553	0	1
12236642	0	1
12237803	1	0
12239826	1	0
12240110	1	0
12240179	1	0
12242937	1	0
12243042	1	0
12243420	1	0
12245005	1	0
12245707	0	1
12248493	0	1
12248965	1	0
12248981	0	1
12249458	1	0
12250609	0	1
12251238	0	1
12252259	1	0
12255048	0	1
12258295	0	1
12258708	0	1
12259535	1	0
12260597	0	1
12264567	0	1
12273343	1	0
12273701	0	1
12275432	0	1
12276065	0	1
12276076	0	1
12276089	1	0
12276912	1	0
12277806	1	0
12277837	0	1
12279385	1	0
12279850	0	1
12280944	0	1
12281422	1	0
12281666	1	0
12282363	1	0
12282716	0	1
12283737	0	1
12284033	0	1
12284980	0	1
12285209	1	0
12286691	1	0
12288560	0	1
12288716	0	1
12289557	1	0
12289655	1	0
12290871	0	1
12291281	1	0
12292281	0	1
12293253	0	1
12296694	0	1
12297756	0	1
12298922	1	0
12299607	1	0
12303576	0	1
12305578	0	1
12306026	0	1
12308505	0	1
12309260	0	1
12311612	1	0
12313920	0	1
12314199	1	0
12315809	0	1
12316267	0	1
12316738	0	1
12317207	0	1
12318931	1	0
12319280	1	0
12319282	1	0
12320957	0	1
12321208	1	0
12321356	0	1
12321718	0	1
12322355	1	0
12323217	0	1
12323278	0	1
12327978	1	0
12329657	1	0
12330178	0	1
12330690	1	0
12331484	1	0
12332796	1	0
12333007	0	1
12333287	0	1
12335903	1	0
12336298	0	1
12336936	0	1
12339669	1	0
12341120	1	0
12341678	1	0
12343213	0	1
12343240	0	1
12345014	0	1
12345904	0	1
12348140	1	0
12352263	1	0
12355730	1	0
12358929	1	0
12359886	1	0
12360482	0	1
12361316	1	0
12362877	0	1
12365749	0	1
12366059	1	0
12369396	0	1
12371647	0	1
12376787	1	0
12379616	0	1
12380054	1	0
12380204	1	0
12380363	0	1
12380822	0	1
12382092	1	0
12384267	0	1
12387327	1	0
12388630	1	0
12388638	1	0
12388913	1	0
12389054	1	0
12389656	1	0
12390584	0	1
12390644	1	0
12391216	0	1
12391480	0	1
12392869	0	1
12393701	1	0
12394613	1	0
12395357	0	1
12399521	1	0
12399844	0	1
12400814	1	0
12402590	1	0
12403675	1	0
12407201	0	1
12407834	0	1
12408665	0	1
12408789	1	0
12410041	1	0
12410495	0	1
12410728	0	1
12411777	0	1
12412790	1	0
12412896	0	1
12414493	1	0
12415796	1	0
12416076	0	1
12416921	1	0
12418620	1	0
12419625	1	0
12420296	1	0
12420815	0	1
12422072	1	0
12425803	0	1
12427288	1	0
12427392	0	1
12428215	1	0
12431167	0	1
12431300	1	0
12437296	0	1
12441265	0	1
12441374	0	1
12444985	1	0
12445587	1	0
12448070	0	1
12448793	1	0
12449568	0	1
12450909	0	1
12452895	1	0
12452941	1	0
12454140	1	0
12454416	1	0
12454982	1	0
12455553	1	0
12456397	0	1
12456940	0	1
12457092	0	1
12457302	1	0
12457348	0	1
12458195	1	0
12462312	1	0
12462476	1	0
12466373	0	1
12468135	0	1
12469488	1	0
12470870	0	1
12473207	1	0
12473358	1	0
12474295	0	1
12475887	1	0
12477066	1	0
12479450	1	0
12479550	1	0
12481115	0	1
12482133	0	1
12482769	1	0
12483324	1	0
12484617	1	0
12487572	0	1
12488486	0	1
12490807	0	1
12491493	0	1
12491637	0	1
12491722	1	0
12491793	0	1
12492431	0	1
12492980	1	0
12494667	0	1
12496477	1	0
12496547	1	0
12496881	0	1
12497309	0	1
12498367	0	1
12498576	0	1
12498768	1	0
12502605	1	0
12504779	0	1
12505045	1	0
12505741	1	0
12506327	1	0
12508414	0	1
12509366	1	0
12509549	1	0
12511340	1	0
12512014	0	1
12512421	1	0
12513049	1	0
12513967	1	0
12514528	1	0
12514898	1	0
12515576	1	0
12515602	1	0
12517576	0	1
12517826	0	1
12517886	0	1
12519300	0	1
12521282	0	1
12523523	0	1
12524430	1	0
12524737	0	1
12526519	0	1
12528123	0	1
12528500	0	1
12531616	1	0
12531763	1	0
12537170	1	0
12539793	1	0
12541345	0	1
12545068	1	0
12546776	0	1
12547058	1	0
12547836	0	1
12547935	0	1
12548594	1	0
12550398	1	0
12551050	1	0
12551585	1	0
12552791	1	0
12555534	1	0
12555599	1	0
12556248	0	1
12556478	1	0
12558063	0	1
12558212	0	1
12559669	1	0
12560119	0	1
12560415	1	0
12564087	0	1
12564112	1	0
12564880	1	0
12564910	1	0
12565791	1	0
12566718	1	0
12567236	0	1
12567425	1	0
12568055	1	0
12569542	0	1
12571575	1	0
12572584	0	1
12573772	1	0
12574071	0	1
12574523	1	0
12574759	1	0
12575142	0	1
12575482	0	1
12576459	0	1
12577562	0	1
12581427	0	1
12581718	1	0
12583086	1	0
12585352	0	1
12586447	0	1
12586840	0	1
12587246	1	0
12587300	1	0
12587786	0	1
12589606	1	0
12589671	0	1
12590001	1	0
12591634	0	1
12593669	0	1
12594479	1	0
12596076	1	0
12596731	0	1
12596964	0	1
12597641	1	0
12598798	0	1
12602740	0	1
12602835	0	1
12603779	0	1
12604311	0	1
12605258	0	1
12605291	1	0
12605792	1	0
12608077	0	1
12609154	0	1
12609953	1	0
12610402	0	1
12610874	1	0
12611518	1	0
12613925	0	1
12618481	0	1
12619251	0	1
12619918	1	0
12622417	1	0
12623159	0	1
12624230	0	1
12624580	0	1
12626394	1	0
12627406	0	1
12629613	1	0
12631636	0	1
12631959	0	1
12633636	1	0
12635782	1	0
12636349	1	0
12636602	1	0
12636606	1	0
12637406	1	0
12637986	0	1
12639065	1	0
12639343	0	1
12641961	0	1
12642359	0	1
12642702	1	0
12643576	1	0
12644497	0	1
12644820	0	1
12645243	0	1
12645491	1	0
12647181	0	1
12649141	1	0
12649969	0	1
12651638	1	0
12653413	1	0
12653612	0	1
12658126	1	0
12660420	0	1
12660725	0	1
12661000	0	1
12661179	0	1
12661378	0	1
12663216	1	0
12664062	0	1
12666098	1	0
12667926	0	1
12669163	0	1
12670709	1	0
12670734	0	1
12671233	0	1
12672587	1	0
12672600	1	0
12672645	0	1
12675191	0	1
12676727	0	1
12677139	0	1
12678692	0	1
12680788	0	1
12681277	0	1
12681326	0	1
12684925	0	1
12685490	1	0
12685641	1	0
12686544	0	1
12688494	1	0
12688828	1	0
12689247	0	1
12689618	1	0
12696000	1	0
12696294	1	0
12697437	1	0
12700895	1	0
12701107	0	1
12705820	0	1
12709748	1	0
12712626	1	0
12712948	1	0
12714288	0	1
12716196	1	0
12721889	0	1
12722155	1	0
12724092	1	0
12724644	0	1
12724902	0	1
12725632	0	1
12727737	1	0
12728571	1	0
12729599	0	1
12736704	1	0
12737383	0	1
12738657	0	1
12739263	1	0
12739928	1	0
12741514	1	0
12745218	1	0
12746260	1	0
12748210	1	0
12748335	1	0
12748652	0	1
12749582	0	1
12749609	1	0
12749998	0	1
12750970	0	1
12750991	0	1
12751401	0	1
12752363	1	0
12753498	0	1
12756964	0	1
12758346	1	0
12759060	0	1
12762612	0	1
12764660	1	0
12764958	0	1
12765145	1	0
12766647	1	0
12767741	1	0
12769820	0	1
12771610	0	1
12772919	1	0
12778646	1	0
12779663	1	0
12779823	0	1
12782172	0	1
12782559	1	0
12784561	0	1
12788759	0	1
12790350	1	0
12791559	0	1
12792382	0	1
12792987	1	0
12793568	0	1
12794917	0	1
12796772	0	1
12798285	1	0
12798580	0	1
12799488	0	1
12801579	0	1
12802440	0	1
12803466	0	1
12805432	1	0
12806875	0	1
12807577	1	0
12810587	0	1
12810824	1	0
12818032	1	0
12818201	0	1
12818222	1	0
12821165	0	1
12821540	1	0
12823284	0	1
12825505	0	1
12828116	0	1
12834486	0	1
12834951	1	0
12836602	0	1
12836766	0	1
12837463	0	1
12839974	1	0
12840585	0	1
12841777	1	0
12842711	1	0
12844095	0	1
12848904	1	0
12848981	0	1
12850119	1	0
12852769	0	1
12853645	0	1
12853755	0	1
12854851	1	0
12855389	1	0
12855614	1	0
12858134	1	0
12859117	0	1
12862726	0	1
12864912	1	0
12866486	1	0
12866493	1	0
12867238	1	0
12867532	0	1
12870754	0	1
12871010	0	1
12871460	1	0
12872430	1	0
12872838	1	0
12873152	1	0
12874371	0	1
12874496	0	1
12874576	1	0
12875197	0	1
12876897	0	1
12877976	0	1
12878709	0	1
12879821	1	0
12880428	0	1
12884095	0	1
12884171	0	1
12885663	0	1
12888621	1	0
12890793	0	1
12891065	0	1
12891533	1	0
12893216	1	0
12893334	1	0
12895561	1	0
12897253	1	0
12898997	1	0
12899138	0	1
12900825	0	1
12902343	1	0
12904712	0	1
12904769	0	1
12904801	0	1
12905424	0	1
12905639	0	1
12906729	1	0
12910052	0	1
12910715	0	1
12913200	1	0
12913201	0	1
12913447	0	1
12913489	0	1
12914020	0	1
12917203	0	1
12917339	0	1
12918582	1	0
12919383	0	1
12923100	1	0
12923275	1	0
12923593	0	1
12923633	0	1
12924392	0	1
12924826	1	0
12927545	1	0
12928783	1	0
12930053	0	1
12931065	1	0
12931194	0	1
12931979	0	1
12942124	1	0
12944528	1	0
12947513	0	1
12949823	1	0
12949968	1	0
12950312	0	1
12950317	1	0
12950800	1	0
12950954	0	1
12951808	0	1
12953315	1	0
12956082	1	0
12957926	1	0
12961645	0	1
12961719	1	0
12961736	0	1
12963180	0	1
12963636	0	1
12964026	0	1
12964562	1	0
12964982	1	0
12965937	1	0
12966711	1	0
12967669	1	0
12969158	0	1
12969811	0	1
12970197	1	0
12970440	1	0
12971014	1	0
12972819	1	0
12974703	0	1
12976169	1	0
12976525	0	1
12977708	0	1
12978836	1	0
12979719	0	1
12980784	1	0
12981687	0	1
12982798	0	1
12984474	0	1
12984629	0	1
12986475	0	1
12986670	1	0
12986762	0	1
12991738	1	0
12995932	1	0
12996016	0	1
12996797	1	0
12997072	0	1
12997958	1	0
13000322	1	0
13004332	0	1
13005673	1	0
13006256	1	0
13007489	1	0
13007988	0	1
13011195	1	0
13013919	1	0
13015008	0	1
13015532	1	0
13015995	0	1
13016041	1	0
13018296	1	0
13019094	1	0
13019619	0	1
13020468	1	0
13022745	0	1
13022923	0	1
13025522	1	0
13028559	1	0
13032467	0	1
13033143	1	0
13033470	1	0
13034094	1	0
13034634	1	0
13034893	0	1
13036139	1	0
13037002	0	1
13039678	0	1
13039722	0	1
13041099	0	1
13043018	0	1
13044918	0	1
13047814	0	1
13049555	1	0
13053059	1	0
13053599	0	1
13054532	1	0
13054551	1	0
13054561	1	0
13054928	1	0
13055070	0	1
13055472	1	0
13055732	0	1
13055771	1	0
13058971	1	0
13058983	0	1
13060759	0	1
13060979	0	1
13064222	1	0
13067199	1	0
13068614	1	0
13070101	0	1
13070109	0	1
13075696	0	1
13078499	0	1
13081505	0	1
13082940	1	0
13083504	0	1
13086491	0	1
13086951	1	0
13088054	0	1
13088195	0	1
13091595	0	1
13091798	0	1
13092138	1	0
13093227	0	1
13095153	1	0
13096441	0	1
13096794	1	0
13096796	1	0
13098683	0	1
13104300	1	0
13106513	1	0
13107335	1	0
13110456	0	1
13111159	1	0
13112152	1	0
13113017	1	0
13113809	0	1
13115799	0	1
13116797	1	0
13117305	1	0
13117704	0	1
13117756	1	0
13118923	0	1
13119272	1	0
13119486	1	0
13120900	0	1
13122424	0	1
13124284	1	0
13125218	0	1
13128210	1	0
13131881	1	0
13134077	0	1
13135423	1	0
13135906	1	0
13141333	0	1
13141761	1	0
13142063	1	0
13142841	1	0
13142919	1	0
13148037	0	1
13149221	1	0
13150307	1	0
13151729	1	0
13152645	1	0
13152689	0	1
13153952	0	1
13155631	0	1
13156350	1	0
13158238	1	0
13158582	0	1
13158916	0	1
13159151	1	0
13159772	0	1
13162275	1	0
13164621	1	0
13165265	1	0
13166451	1	0
13168152	1	0
13168520	1	0
13168766	1	0
13173537	1	0
13174819	0	1
13180131	0	1
13180681	0	1
13182300	0	1
13182636	1	0
13183040	0	1
13183996	0	1
13184510	1	0
13184755	0	1
13185162	0	1
13185211	0	1
13186836	0	1
13187739	1	0
13187871	0	1
13188123	0	1
13188268	0	1
13189532	0	1
13189664	1	0
13191535	1	0
13191563	0	1
13191946	1	0
13194897	1	0
13196587	1	0
13196688	1	0
13198982	0	1
13199888	1	0
13202389	0	1
13203613	0	1
13205140	0	1
13211853	0	1
13212206	0	1
13213510	0	1
13214333	0	1
13214387	0	1
13214407	0	1
13214577	0	1
13215973	1	0
13217090	1	0
13218165	1	0
13218209	0	1
13219054	0	1
13222500	0	1
13223176	0	1
13224484	0	1
13226501	1	0
13228544	1	0
13229521	0	1
13232123	0	1
13232785	1	0
13235712	1	0
13236079	1	0
13236518	0	1
13236591	0	1
13238707	0	1
13239427	0	1
13239774	1	0
13240126	1	0
13243214	0	1
13245607	1	0
13246682	0	1
13247959	1	0
13248817	0	1
13249480	1	0
13252774	1	0
13252953	1	0
13253676	0	1
13254240	1	0
13255159	0	1
13255975	0	1
13256951	1	0
13257152	0	1
13258112	0	1
13258483	0	1
13258755	0	1
13258845	1	0
13260762	0	1
13261506	1	0
13262820	0	1
13264554	0	1
13266070	0	1
13266918	0	1
13267573	0	1
13268202	0	1
13269564	0	1
13270475	0	1
13272996	0	1
13275765	1	0
13276015	1	0
13276211	0	1
13277538	0	1
13278016	0	1
13278041	1	0
13280967	1	0
13281311	1	0
13284842	0	1
13286527	0	1
13288444	1	0
13288744	0	1
13289100	0	1
13290082	1	0
13290334	0	1
13290820	1	0
13291337	1	0
13291569	0	1
13291876	1	0
13293947	0	1
13294191	1	0
13294230	0	1
13295553	0	1
13300524	0	1
13301061	0	1
13301230	1	0
13302357	1	0
13305514	0	1
13307557	0	1
13308856	0	1
13309361	1	0
13310402	1	0
13310530	0	1
13312045	1	0
13313767	0	1
13318237	1	0
13318640	0	1
13318665	0	1
13319717	0	1
13321353	1	0
13323436	0	1
13323724	1	0
13324129	1	0
13325087	0	1
13325622	0	1
13328248	0	1
13329104	1	0
13331247	1	0
13332406	1	0
13334383	1	0
13334923	1	0
13337296	1	0
13337724	1	0
13338777	0	1
13339098	0	1
13339959	0	1
13340470	1	0
13340884	0	1
13345431	1	0
13345664	1	0
13347728	1	0
13353254	1	0
13353281	0	1
13354882	1	0
13355271	0	1
13355327	1	0
13356015	0	1
13359663	1	0
13359679	1	0
13360861	0	1
13361789	0	1
13364544	0	1
13364661	1	0
13366187	1	0
13367707	1	0
13369181	0	1
13372984	0	1
13375293	0	1
13375351	1	0
13376200	1	0
13376877	0	1
13377372	1	0
13378173	1	0
13378820	1	0
13379575	0	1
13384741	0	1
13384865	0	1
13388270	1	0
13389143	0	1
13390446	0	1
13392810	1	0
13393406	1	0
13394157	1	0
13394860	1	0
13395486	0	1
13398948	1	0
13401302	1	0
13401456	1	0
13401609	1	0
13402354	1	0
13402493	1	0
13403780	0	1
13403987	0	1
13404972	0	1
13404982	0	1
13405490	1	0
13406998	1	0
13407880	1	0
13412984	0	1
13415747	1	0
13416340	1	0
13416403	1	0
13418894	1	0
13422122	0	1
13424413	1	0
13424596	1	0
13432824	1	0
13433223	0	1
13434940	1	0
13438121	1	0
13438480	1	0
13441664	1	0
13442158	1	0
13447153	1	0
13447594	1	0
13451682	0	1
13451756	0	1
13453403	1	0
13454416	1	0
13455283	0	1
13455621	0	1
13457251	0	1
13457534	0	1
13458607	1	0
13458997	1	0
13463149	1	0
13463188	1	0
13463485	1	0
13463855	0	1
13464568	0	1
13464922	0	1
13465823	0	1
13468568	0	1
13470228	1	0
13471385	0	1
13471510	0	1
13473089	1	0
13473332	1	0
13475390	1	0
13475774	1	0
13476494	1	0
13477070	0	1
13479680	1	0
13479861	1	0
13480973	0	1
13481178	0	1
13482805	1	0
13485944	1	0
13486705	0	1
13487598	1	0
13491095	1	0
13492077	1	0
13492969	1	0
13494120	1	0
13495678	0	1
13495829	0	1
13498123	1	0
13498886	1	0
13498987	0	1
13501044	0	1
13501675	0	1
13501816	1	0
13503155	0	1
13505983	1	0
13508898	1	0
13513113	1	0
13515809	1	0
13515812	1	0
13516450	0	1
13518725	0	1
13519333	0	1
13520560	0	1
13521803	1	0
13522409	0	1
13525539	0	1
13526472	0	1
13527306	0	1
13535299	0	1
13536206	0	1
13536468	1	0
13537428	1	0
13539670	0	1
13541670	1	0
13543742	1	0
13545383	1	0
13545774	1	0
13548415	1	0
13551400	0	1
13551688	1	0
13551875	1	0
13556825	0	1
13559528	1	0
13562510	1	0
13565409	0	1
13566449	1	0
13567835	0	1
13568886	1	0
13568957	1	0
13570781	0	1
13571720	1	0
13573111	0	1
13574042	1	0
13574945	1	0
13575197	1	0
13575633	1	0
13575864	0	1
13576155	1	0
13580968	1	0
13581190	0	1
13581609	0	1
13582800	0	1
13584056	1	0
13584279	0	1
13586383	0	1
13588433	0	1
13588795	0	1
13589249	1	0
13592955	1	0
13595284	1	0
13596879	0	1
13596994	0	1
13597717	0	1
13598810	1	0
13599087	0	1
13599880	0	1
13601105	1	0
13601634	1	0
13603658	1	0
13606105	1	0
13606627	1	0
13609059	0	1
13609205	0	1
13611629	0	1
13611850	1	0
13611966	1	0
13613335	1	0
13614187	1	0
13617366	0	1
13617968	0	1
13618420	0	1
13619346	0	1
13620158	0	1
13620721	0	1
13622299	0	1
13624199	0	1
13626755	1	0
13631563	0	1
13631977	0	1
13633656	1	0
13634325	1	0
13635832	0	1
13636694	0	1
13643464	1	0
13645204	1	0
13649265	1	0
13651667	0	1
13654776	1	0
13657021	0	1
13657841	1	0
13658228	0	1
13658845	1	0
13658873	0	1
13659863	1	0
13660801	1	0
13661794	0	1
13666660	0	1
13669892	0	1
13670128	1	0
13670742	1	0
13671478	1	0
13672074	1	0
13674210	1	0
13675200	0	1
13676332	0	1
13678888	1	0
13681074	1	0
13681264	0	1
13682932	1	0
13683694	0	1
13684160	0	1
13684229	0	1
13685120	0	1
13685706	0	1
13686093	1	0
13687675	0	1
13689631	1	0
13690006	0	1
13690074	1	0
13692592	0	1
13692606	1	0
13696294	1	0
13697611	0	1
13698129	0	1
13698507	0	1
13698520	1	0
13698878	0	1
13699076	0	1
13700339	1	0
13700582	0	1
13701585	0	1
13702774	1	0
13703246	0	1
13703294	1	0
13703345	0	1
13703381	1	0
13705172	1	0
13705683	0	1
13707804	1	0
13708558	0	1
13709363	1	0
13710322	1	0
13711986	0	1
13712412	0	1
13712585	0	1
13713668	1	0
13714196	0	1
13714975	1	0
13716363	1	0
13717272	0	1
13718563	1	0
13719611	0	1
13721406	1	0
13723038	0	1
13724057	1	0
13725572	1	0
13728329	0	1
13729084	1	0
13729794	1	0
13731720	1	0
13732885	1	0
13732984	1	0
13735952	0	1
13735994	0	1
13737834	1	0
13739730	0	1
13743809	0	1
13743884	1	0
13745095	0	1
13745840	1	0
13746376	0	1
13746503	1	0
13747606	1	0
13748476	1	0
13748624	1	0
13749888	0	1
13751673	0	1
13753617	1	0
13756760	0	1
13757463	1	0
13761541	1	0
13764215	0	1
13764684	1	0
13764916	1	0
13765678	0	1
13766364	1	0
13767507	1	0
13768675	0	1
13770523	0	1
13771474	1	0
13771622	0	1
13774227	0	1
13774722	0	1
13779455	0	1
13779623	0	1
13783857	0	1
13783985	1	0
13784336	1	0
13784400	0	1
13786028	0	1
13788560	0	1
13789319	1	0
13792836	1	0
13794026	1	0
13795352	1	0
13797841	0	1
13798311	0	1
13798894	0	1
13802045	0	1
13805127	0	1
13810126	1	0
13813220	0	1
13813402	1	0
13815716	0	1
13816419	0	1
13822669	1	0
13823521	1	0
13824597	0	1
13825603	1	0
13826121	1	0
13826225	1	0
13829238	0	1
13831402	0	1
13831603	0	1
13833602	1	0
13834913	1	0
13835615	0	1
13836006	0	1
13838624	1	0
13840230	0	1
13841288	0	1
13842542	1	0
13842670	1	0
13843527	0	1
13843814	1	0
13844126	1	0
13845569	0	1
13848798	1	0
13849488	1	0
13849799	0	1
13851194	1	0
13853926	1	0
13855765	0	1
13858472	1	0
13859498	0	1
13861356	0	1
13861558	1	0
13862129	0	1
13862787	0	1
13863742	1	0
13867269	0	1
13870034	0	1
13870227	1	0
13870480	0	1
13871070	0	1
13871528	1	0
13872800	1	0
13875907	0	1
13880276	0	1
13881690	0	1
13884118	1	0
13885111	0	1
13885423	1	0
13886415	0	1
13887495	0	1
13889304	1	0
13889635	0	1
13890248	1	0
13890852	1	0
13895124	0	1
13895907	0	1
13897783	1	0
13899636	1	0
13900048	1	0
13901179	0	1
13904175	0	1
13905035	0	1
13908904	0	1
13909226	1	0
13909329	1	0
13912289	1	0
13914798	0	1
13921336	0	1
13922853	0	1
13926532	1	0
13928871	1	0
13931351	1	0
13932474	1	0
13933117	0	1
13936752	0	1
13937507	0	1
13938539	1	0
13939327	1	0
13940436	1	0
13941284	1	0
13941350	0	1
13944199	0	1
13944983	1	0
13946168	0	1
13946368	1	0
13946373	1	0
13946749	1	0
13948375	1	0
13948515	1	0
13951709	0	1
13952032	0	1
13952338	0	1
13952605	0	1
13952624	0	1
13954594	0	1
13957366	1	0
13958636	1	0
13958914	0	1
13959362	1	0
13960224	1	0
13964339	1	0
13964718	0	1
13966472	0	1
13967244	0	1
13967716	1	0
13968528	0	1
13968627	0	1
13970764	0	1
13971136	1	0
13972859	0	1
13972954	0	1
13977091	0	1
13977377	1	0
13980234	0	1
13982444	0	1
13987026	1	0
13987893	0	1
13989626	0	1
13990244	0	1
13990516	0	1
13991297	1	0
13991539	1	0
13996897	1	0
13997032	0	1
13998218	0	1
13999531	0	1
14000561	0	1
14002008	1	0
14002173	0	1
14003253	1	0
14003705	0	1
14007459	0	1
14009373	1	0
14014164	0	1
14014216	0	1
14014664	0	1
14014954	0	1
14014969	1	0
14015339	0	1
14016853	1	0
14017204	1	0
14018153	0	1
14021069	0	1
14022647	1	0
14023316	1	0
14023938	0	1
14024749	0	1
14025009	1	0
14026349	0	1
14026953	0	1
14029503	1	0
14031387	0	1
14032644	1	0
14033248	0	1
14033563	1	0
14035558	1	0
14036447	1	0
14036787	1	0
14037077	1	0
14037318	0	1
14039319	0	1
14039666	1	0
14040663	1	0
14041464	1	0
14042619	1	0
14045414	1	0
14048111	0	1
14048911	1	0
14048932	0	1
14049673	1	0
14050916	1	0
14052004	0	1
14053409	1	0
14053633	1	0
14055020	0	1
14055289	0	1
14057140	1	0
14057692	0	1
14059342	1	0
14059408	0	1
14060107	1	0
14061735	0	1
14062078	1	0
14064193	0	1
14065521	0	1
14066702	1	0
14067284	1	0
14068162	1	0
14069375	0	1
14070228	1	0
14071826	1	0
14072584	0	1
14072886	0	1
14073207	1	0
14073215	1	0
14073693	0	1
14075535	0	1
14077642	1	0
14077944	0	1
14082203	0	1
14083134	1	0
14086451	1	0
14088087	1	0
14089796	0	1
14089915	1	0
14090247	0	1
14090259	0	1
14091938	0	1
14092501	0	1
14094561	1	0
14095113	0	1
14097394	1	0
14097581	0	1
14097835	0	1
14098391	1	0
14099091	1	0
14099663	1	0
14101586	1	0
14101722	1	0
14102299	1	0
14104719	0	1
14104812	1	0
14108615	0	1
14114335	0	1
14114459	1	0
14114918	0	1
14115539	0	1
14117536	1	0
14118744	1	0
14120122	0	1
14122011	1	0
14122179	1	0
14124567	0	1
14126197	1	0
14127345	1	0
14130284	1	0
14131891	0	1
14132192	0	1
14132941	1	0
14133850	1	0
14133926	1	0
14138049	0	1
14138233	0	1
14139827	1	0
14140768	1	0
14140803	0	1
14144251	1	0
14146796	1	0
14147787	0	1
14148134	1	0
14148307	1	0
14148909	0	1
14149303	1	0
14150245	0	1
14154768	0	1
14155909	0	1
14158851	1	0
14160254	1	0
14161114	1	0
14163685	1	0
14164535	0	1
14167241	0	1
14167701	0	1
14167885	1	0
14170462	0	1
14171642	0	1
14174573	1	0
14178276	1	0
14178350	0	1
14179277	1	0
14179904	1	0
14181215	1	0
14183319	0	1
14183758	0	1
14184843	0	1
14186488	0	1
14186681	0	1
14188924	0	1
14190166	0	1
14194147	0	1
14194700	1	0
14194853	1	0
14195795	0	1
14195915	1	0
14200568	1	0
14200621	0	1
14202488	0	1
14203481	0	1
14204094	1	0
14204185	1	0
14205483	0	1
14206656	0	1
14207096	1	0
14210309	0	1
14210793	0	1
14211590	1	0
14212636	1	0
14212777	0	1
14216364	1	0
14216990	1	0
14217103	0	1
14217756	0	1
14218978	0	1
14219939	0	1
14221520	0	1
14221597	0	1
14222044	0	1
14224324	1	0
14224435	0	1
14227014	1	0
14227143	0	1
14229541	0	1
14230138	0	1
14231401	0	1
14231623	0	1
14231715	0	1
14232040	1	0
14232223	0	1
14232723	0	1
14233686	0	1
14234871	1	0
14236951	1	0
14238375	0	1
14239626	0	1
14240334	0	1
14241190	0	1
14241904	0	1
14244365	1	0
14244714	0	1
14244722	1	0
14246127	1	0
14246429	0	1
14249373	1	0
14251985	0	1
14252092	1	0
14252242	0	1
14253154	0	1
14254407	0	1
14254836	0	1
14256518	1	0
14257723	1	0
14258247	1	0
14258282	0	1
14260131	0	1
14260454	1	0
14262852	0	1
14263579	0	1
14264726	1	0
14267476	0	1
14270132	1	0
14270752	0	1
14271065	0	1
14273054	1	0
14273811	1	0
14274096	1	0
14277226	1	0
14277521	1	0
14277556	0	1
14277584	1	0
14278882	0	1
14280327	0	1
14280824	1	0
14281339	1	0
14281892	0	1
14283412	1	0
14283492	1	0
14287020	0	1
14287356	0	1
14298054	1	0
14298305	0	1
14300273	0	1
14300611	0	1
14300724	0	1
14303495	0	1
14306104	0	1
14306793	0	1
14308409	0	1
14309495	0	1
14312051	0	1
14312556	1	0
14313545	1	0
14314431	1	0
14315014	0	1
14317974	0	1
14318216	0	1
14318432	0	1
14319579	0	1
14321008	1	0
14321297	0	1
14321958	1	0
14325863	1	0
14326241	1	0
14327713	0	1
14329510	1	0
14330303	0	1
14333999	0	1
14335778	1	0
14336595	1	0
14337718	1	0
14339291	0	1
14340487	0	1
14343299	1	0
14343888	0	1
14344364	0	1
14344685	0	1
14344737	1	0
14344796	1	0
14347516	1	0
14349028	0	1
14350468	1	0
14351739	0	1
14354261	0	1
14355134	0	1
14357858	0	1
14358452	1	0
14361936	1	0
14363535	0	1
14363932	1	0
14365039	1	0
14366054	1	0
14366252	1	0
14367445	1	0
14367949	1	0
14368021	1	0
14371979	1	0
14373347	1	0
14376140	1	0
14377643	1	0
14378232	0	1
14379191	0	1
14380693	1	0
14384992	1	0
14385382	1	0
14388154	1	0
14391591	0	1
14393071	0	1
14396640	1	0
14397317	0	1
14401393	1	0
14403011	0	1
14403069	1	0
14406233	0	1
14407117	0	1
14407940	0	1
14409054	1	0
14409270	0	1
14410115	1	0
14412486	0	1
14412507	0	1
14412932	1	0
14412936	1	0
14413653	1	0
14415390	0	1
14417527	1	0
14421398	1	0
14422648	1	0
14423040	0	1
14426478	1	0
14428468	1	0
14429607	0	1
14431193	1	0
14434634	0	1
14436295	1	0
14436908	1	0
14438572	1	0
14438627	1	0
14439279	0	1
14439974	0	1
14440218	0	1
14440250	0	1
14440441	0	1
14441858	0	1
14444019	1	0
14449937	1	0
14450504	1	0
14451724	0	1
14455412	1	0
14455656	0	1
14457342	0	1
14459217	1	0
14459342	1	0
14461975	0	1
14464211	0	1
14464257	0	1
14464385	1	0
14464453	0	1
14464997	0	1
14465946	1	0
14466959	0	1
14467375	1	0
14470609	0	1
14471222	1	0
14471285	0	1
14471761	1	0
14472771	0	1
14473471	0	1
14473898	1	0
14474086	1	0
14476366	0	1
14483775	0	1
14484308	0	1
14484949	0	1
14486232	0	1
14487922	0	1
14488586	0	1
14491723	1	0
14492818	0	1
14493616	1	0
14495003	0	1
14499073	0	1
14501183	1	0
14501238	0	1
14501777	1	0
14502625	0	1
14503129	0	1
14504735	0	1
14507068	0	1
14508820	1	0
14514872	1	0
14515297	1	0
14518069	0	1
14520009	1	0
14520609	0	1
14522375	1	0
14522522	0	1
14524598	1	0
14525611	1	0
14526072	1	0
14527494	1	0
14528862	0	1
14529176	1	0
14529218	1	0
14529976	1	0
14531100	1	0
14533889	0	1
14537400	0	1
14538403	0	1
14540272	1	0
14541044	1	0
14542871	0	1
14543177	0	1
14543796	0	1
14545137	0	1
14545162	0	1
14546871	1	0
14549277	1	0
14549956	0	1
14550748	1	0
14553288	1	0
14555281	0	1
14555735	0	1
14556257	0	1
14557772	0	1
14558876	1	0
14559112	1	0
14559607	1	0
14562676	1	0
14564230	0	1
14569918	1	0
14571860	0	1
14575655	1	0
14575980	1	0
14577948	0	1
14577976	0	1
14579457	0	1
14580302	1	0
14580870	0	1
14583514	1	0
14586082	1	0
14586113	0	1
14587367	1	0
14587979	0	1
14588696	0	1
14591074	1	0
14591569	1	0
14595389	1	0
14595653	0	1
14597102	0	1
14598589	0	1
14598977	1	0
14599501	0	1
14601901	1	0
14603814	0	1
14604346	0	1
14605364	1	0
14605449	1	0
14605762	1	0
14606649	0	1
14606769	1	0
14609240	1	0
14610928	1	0
14614762	1	0
14616338	0	1
14620097	0	1
14621175	1	0
14622397	1	0
14627424	0	1
14628794	1	0
14628836	1	0
14630551	1	0
14633695	0	1
14635811	0	1
14636980	0	1
14638463	1	0
14644627	1	0
14644754	1	0
14646221	0	1
14646666	0	1
14648029	1	0
14649276	1	0
14649499	1	0
14649808	1	0
14651104	1	0
14651287	0	1
14651698	0	1
14654102	0	1
14654630	0	1
14655523	1	0
14659299	0	1
14659643	0	1
14660301	1	0
14661544	0	1
14663421	1	0
14666513	0	1
14669807	1	0
14671805	1	0
14672151	1	0
14672185	0	1
14672831	0	1
14673035	1	0
14674687	0	1
14676130	1	0
14676190	1	0
14678605	1	0
14678987	1	0
14679742	1	0
14681212	1	0
14681960	1	0
14682736	0	1
14682827	0	1
14683512	0	1
14685442	0	1
14688731	0	1
14689443	0	1
14690178	1	0
14691795	0	1
14695608	1	0
14696023	0	1
14696797	1	0
14698916	0	1
14700170	0	1
14700327	0	1
14701645	0	1
14701921	0	1
14702873	1	0
14703877	1	0
14706662	0	1
14707490	1	0
14707927	1	0
14708278	1	0
14711042	1	0
14711292	0	1
14712032	0	1
14712309	1	0
14714288	0	1
14715146	0	1
14715723	0	1
14716321	0	1
14718870	1	0
14719946	1	0
14721633	1	0
14724664	0	1
14727757	1	0
14728288	1	0
14732348	1	0
14732382	1	0
14733013	0	1
14736028	1	0
14736456	0	1
14736882	0	1
14737363	1	0
14738626	0	1
14739395	0	1
14741125	1	0
14744128	1	0
14745623	1	0
14745928	1	0
14749525	1	0
14749935	0	1
14750152	1	0
14750278	0	1
14751383	0	1
14751544	1	0
14751744	0	1
14752220	0	1
14752661	1	0
14753897	1	0
14756159	0	1
14758069	0	1
14758475	0	1
14758851	0	1
14763350	0	1
14763362	1	0
14766185	1	0
14766482	1	0
14770405	1	0
14770964	0	1
14771738	1	0
14773375	1	0
14774556	0	1
14775066	0	1
14776142	0	1
14777891	1	0
14777949	1	0
14777965	0	1
14778782	0	1
14778971	1	0
14780427	0	1
14780749	0	1
14781505	0	1
14781799	1	0
14782859	1	0
14783024	1	0
14783056	0	1
14783126	0	1
14787238	1	0
14787443	0	1
14789086	0	1
14789180	1	0
14789333	0	1
14790281	0	1
14791115	0	1
14795151	0	1
14799013	1	0
14801029	0	1
14802258	1	0
14803067	1	0
14803654	1	0
14807572	1	0
14808803	0	1
14809957	0	1
14810309	1	0
14810373	1	0
14814244	1	0
14814746	1	0
14815525	0	1
14815688	1	0
14818106	1	0
14818144	0	1
14820538	1	0
14820740	0	1
14823641	0	1
14825386	0	1
14825626	1	0
14826738	0	1
14827238	0	1
14827500	1	0
14830113	1	0
14830802	1	0
14831480	1	0
14831729	0	1
14832373	1	0
14835109	0	1
14835711	0	1
14839748	1	0
14843646	1	0
14843855	1	0
14844116	1	0
14846763	0	1
14847428	1	0
14847434	0	1
14847861	0	1
14849075	1	0
14851216	1	0
14851407	1	0
14851564	0	1
14854966	0	1
14856820	0	1
14858008	1	0
14859963	1	0
14860710	1	0
14862604	1	0
14863224	1	0
14863597	1	0
14865338	1	0
14866064	0	1
14871374	0	1
14871948	0	1
14875344	0	1
14878946	1	0
14879316	1	0
14881450	1	0
14882207	0	1
14885533	1	0
14886331	0	1
14888149	0	1
14888988	0	1
14889333	1	0
14889630	1	0
14890369	0	1
14892247	0	1
14893486	1	0
14895042	0	1
14895485	1	0
14896361	0	1
14896422	1	0
14898690	0	1
14904814	1	0
14905511	0	1
14905526	1	0
14905775	0	1
14907184	1	0
14908447	0	1
14910514	0	1
14910905	0	1
14912828	0	1
14914381	0	1
14914901	0	1
14915952	1	0
14916165	1	0
14916969	0	1
14919809	1	0
14920538	0	1
14922977	0	1
14924167	1	0
14924451	0	1
14925611	0	1
14926551	1	0
14927229	0	1
14927399	0	1
14928118	1	0
14928219	1	0
14928358	0	1
14929075	0	1
14929561	0	1
14933024	0	1
14933652	0	1
14935543	0	1
14936551	0	1
14938174	1	0
14938576	0	1
14942369	0	1
14943376	1	0
14945749	0	1
14946355	0	1
14946496	1	0
14947989	0	1
14948000	1	0
14948860	1	0
14949146	1	0
14950462	1	0
14955638	1	0
14956471	1	0
14958739	1	0
14959684	0	1
14960597	1	0
14964150	1	0
14967092	0	1
14969146	0	1
14969615	1	0
14970665	1	0
14971003	1	0
14971786	1	0
14972669	0	1
14975044	0	1
14978062	1	0
14978776	0	1
14978800	0	1
14981438	0	1
14981694	0	1
14982991	1	0
14983025	0	1
14983705	0	1
14989391	1	0
14989533	0	1
14990268	1	0
14990758	1	0
14993897	0	1
14996610	0	1
14996972	1	0
14997085	0	1
14998400	1	0
14998947	1	0
15000434	0	1
15000478	1	0
15000669	1	0
15002215	0	1
15002534	0	1
15005132	1	0
15005213	0	1
15005537	1	0
15014259	0	1
15015016	1	0
15016634	0	1
15016903	0	1
15018158	0	1
15019885	0	1
15020389	0	1
15022743	1	0
15023976	1	0
15024633	0	1
15025721	1	0
15026867	0	1
15027109	1	0
15027796	1	0
15028357	1	0
15029040	0	1
15030949	0	1
15031828	1	0
15035585	1	0
15036049	1	0
15036766	1	0
15038827	0	1
15039880	0	1
15040936	1	0
15041010	0	1
15041688	1	0
15042109	0	1
15051860	1	0
15052352	0	1
15055229	1	0
15056733	0	1
15057289	1	0
15058335	0	1
15060782	1	0
15063646	1	0
15063880	0	1
15064433	0	1
15064978	0	1
15065036	1	0
15066252	1	0
15068825	1	0
15069466	0	1
15071262	1	0
15072579	0	1
15073207	1	0
15073410	1	0
15075057	1	0
15077627	0	1
15079171	1	0
15079196	1	0
15079521	0	1
15079617	1	0
15080744	0	1
15082627	1	0
15082784	1	0
15085213	0	1
15086294	1	0
15087855	0	1
15092593	0	1
15092710	1	0
15095796	1	0
15095976	1	0
15096642	1	0
15099184	1	0
15102340	0	1
15103281	0	1
15104483	0	1
15106125	0	1
15108509	0	1
15108682	1	0
15110896	0	1
15111771	0	1
15112570	1	0
15113306	1	0
15114255	1	0
15118123	1	0
15119182	0	1
15123263	1	0
15123528	0	1
15125245	1	0
15127475	1	0
15128991	0	1
15130236	0	1
15131345	1	0
15133975	0	1
15136273	1	0
15136447	1	0
15138964	0	1
15139677	0	1
15140068	0	1
15142785	1	0
15143539	0	1
15145742	0	1
15146150	1	0
15146156	0	1
15147068	0	1
15147209	0	1
15149081	0	1
15149512	1	0
15150294	0	1
15150416	1	0
15150867	1	0
15152895	0	1
15153115	1	0
15154504	0	1
15157829	1	0
15159347	0	1
15161568	1	0
15161722	1	0
15162107	1	0
15165106	1	0
15166780	1	0
15168141	1	0
15169594	0	1
15170307	1	0
15170368	0	1
15172414	1	0
15173928	0	1
15174782	1	0
15177848	1	0
15178395	1	0
15178860	1	0
15181609	1	0
15183735	1	0
15184700	1	0
15184887	1	0
15185210	0	1
15186634	0	1
15187283	1	0
15189697	0	1
15193689	1	0
15195873	0	1
15196505	1	0
15198577	0	1
15199155	0	1
15199399	1	0
15199445	0	1
15200095	1	0
15203213	1	0
15203578	0	1
15203887	1	0
15208553	0	1
15208587	0	1
15210641	0	1
15211158	0	1
15211209	0	1
15214540	0	1
15214741	1	0
15215811	0	1
15216238	0	1
15216328	0	1
15216397	1	0
15216561	1	0
15216660	1	0
15218566	0	1
15219452	0	1
15220012	0	1
15220735	1	0
15224260	1	0
15227481	1	0
15229158	0	1
15232038	0	1
15232552	1	0
15233192	0	1
15234460	1	0
15235763	1	0
15236639	1	0
15237322	0	1
15243029	1	0
15245323	1	0
15246084	0	1
15247816	0	1
15248235	1	0
15248376	0	1
15248956	0	1
15249644	0	1
15249667	0	1
15251915	1	0
15252509	0	1
15253667	1	0
15253770	0	1
15254027	0	1
15256966	1	0
15258217	0	1
15262218	0	1
15271128	1	0
15271748	1	0
15272222	1	0
15274827	0	1
15283597	0	1
15284921	0	1
15287035	1	0
15289064	0	1
15289650	1	0
15290789	1	0
15293175	1	0
15294728	1	0
15294757	1	0
15295305	0	1
15295513	1	0
15295867	1	0
15299012	1	0
15299063	1	0
15299394	0	1
15299888	0	1
15301167	0	1
15302186	1	0
15302515	0	1
15302755	0	1
15303116	1	0
15304047	1	0
15304469	1	0
15308400	1	0
15309231	1	0
15309312	0	1
15311054	0	1
15311586	0	1
15312999	0	1
15313437	0	1
15314565	1	0
15316537	0	1
15320044	0	1
15320448	0	1
15320992	0	1
15321824	0	1
15325316	1	0
15328404	1	0
15328530	0	1
15328719	1	0
15329631	0	1
15329782	0	1
15330348	1	0
15330563	1	0
15331911	1	0
15335891	0	1
15343521	0	1
15344148	0	1
15345366	1	0
15347952	1	0
15348119	0	1
15349679	1	0
15350380	1	0
15350688	0	1
15351375	1	0
15351481	1	0
15353066	0	1
15353455	0	1
15353953	0	1
15354126	1	0
15356792	0	1
15357699	1	0
15358831	0	1
15359955	0	1
15360660	0	1
15360946	1	0
15362768	0	1
15362950	0	1
15363097	1	0
15364748	1	0
15365061	0	1
15365550	0	1
15366410	0	1
15367206	1	0
15368850	1	0
15370152	0	1
15371531	0	1
15373200	0	1
15373662	0	1
15374181	1	0
15374950	1	0
15375440	1	0
15381032	0	1
15383275	0	1
15383515	1	0
15383523	0	1
15383582	1	0
15383955	0	1
15384117	0	1
15385133	0	1
15387735	1	0
15389514	0	1
15389838	0	1
15390518	1	0
15391464	0	1
15393679	0	1
15396115	1	0
15399321	0	1
15400270	1	0
15401850	0	1
15402009	0	1
15403120	1	0
15403502	0	1
15404256	1	0
15405596	0	1
15405992	1	0
15406064	0	1
15406078	0	1
15406108	0	1
15406120	0	1
15406276	0	1
15406641	1	0
15406975	0	1
15412743	1	0
15413230	1	0
15413412	0	1
15414464	0	1
15417066	0	1
15418577	1	0
15419045	0	1
15420145	0	1
15421818	0	1
15423554	0	1
15425018	0	1
15427746	0	1
15430467	1	0
15431620	0	1
15432369	1	0
15433737	1	0
15436010	0	1
15436018	0	1
15442453	1	0
15442723	0	1
15443570	0	1
15446311	0	1
15446651	0	1
15447515	1	0
15447705	1	0
15448375	1	0
15448635	0	1
15449238	1	0
15449862	1	0
15456509	1	0
15463522	0	1
15463685	0	1
15465411	0	1
15465482	0	1
15465523	0	1
15465672	1	0
15470159	1	0
15473929	0	1
15474217	0	1
15474453	1	0
15474820	1	0
15475786	0	1
15476910	0	1
15477244	0	1
15479128	1	0
15479622	1	0
15483025	0	1
15484451	0	1
15485216	1	0
15487296	1	0
15489567	1	0
15490025	0	1
15490579	0	1
15494242	0	1
15494482	0	1
15494540	1	0
15495347	1	0
15497501	0	1
15499470	0	1
15502829	0	1
15503845	0	1
15503986	0	1
15505171	0	1
15507180	0	1
15507311	0	1
15507564	0	1
15507581	0	1
15508782	1	0
15511685	1	0
15513166	1	0
15518524	1	0
15518611	0	1
15521721	1	0
15523964	1	0
15524467	1	0
15529308	1	0
15529761	1	0
15532695	0	1
15535530	1	0
15537420	1	0
15538525	0	1
15538696	1	0
15539708	0	1
15540297	1	0
15542392	0	1
15544284	0	1
15547503	0	1
15547523	1	0
15549731	1	0
15553448	0	1
15555524	0	1
15555710	0	1
15555823	0	1
15555852	0	1
15557173	0	1
15558497	0	1
15564277	0	1
15564954	0	1
15565492	0	1
15566798	1	0
15569126	0	1
15572807	1	0
15574974	0	1
15575716	1	0
15577059	0	1
15579645	1	0
15580545	0	1
15580871	0	1
15581119	0	1
15581120	1	0
15582809	0	1
15582966	0	1
15583339	0	1
15583811	1	0
15584907	1	0
15585584	0	1
15587081	0	1
15587158	1	0
15587335	1	0
15588257	0	1
15588805	0	1
15589273	0	1
15589366	1	0
15592380	1	0
15593949	0	1
15594122	1	0
15594212	1	0
15599122	0	1
15600646	0	1
15601367	0	1
15602980	1	0
15604862	1	0
15606880	0	1
15607747	1	0
15608496	1	0
15608511	1	0
15611992	1	0
15613225	0	1
15613528	1	0
15616888	0	1
15620173	1	0
15626207	0	1
15628969	1	0
15637116	0	1
15637491	0	1
15639953	1	0
15642262	1	0
15642612	0	1
15642751	1	0
15647928	0	1
15648396	0	1
15651125	0	1
15651131	0	1
15651160	1	0
15651996	1	0
15652360	1	0
15653921	1	0
15655033	1	0
15655141	0	1
15655378	1	0
15656033	1	0
15656307	1	0
15658402	0	1
15659120	1	0
15659251	1	0
15660134	1	0
15660261	1	0
15660445	1	0
15660811	0	1
15663428	1	0
15666874	1	0
15669207	1	0
15669749	0	1
15670173	1	0
15671235	1	0
15672941	0	1
15679628	1	0
15679817	0	1
15679885	1	0
15681465	0	1
15683845	0	1
15686342	0	1
15687855	0	1
15691960	1	0
15692914	0	1
15696182	0	1
15700762	1	0
15703266	1	0
15703761	0	1
15704053	0	1
15705112	1	0
15705917	0	1
15708719	1	0
15708860	1	0
15709258	0	1
15711116	1	0
15711250	1	0
15711766	0	1
15712419	1	0
15713718	1	0
15713948	0	1
15716575	1	0
15717366	1	0
15720684	0	1
15721525	1	0
15721954	1	0
15722158	1	0
15722164	1	0
15723177	0	1
15723329	1	0
15723992	0	1
15725178	1	0
15725608	0	1
15725865	1	0
15727852	0	1
15731762	0	1
15731904	1	0
15732130	1	0
15736421	0	1
15736473	0	1
15741538	0	1
15741545	0	1
15744303	0	1
15744793	0	1
15748512	1	0
15749021	1	0
15750437	0	1
15750549	0	1
15750919	1	0
15752900	0	1
15753903	0	1
15757410	1	0
15758157	1	0
15760875	0	1
15761670	1	0
15766835	0	1
15771120	1	0
15771653	0	1
15774547	0	1
15777055	0	1
15777371	0	1
15778676	1	0
15778777	1	0
15781193	1	0
15781449	0	1
15781547	1	0
15782229	0	1
15783376	0	1
15785949	1	0
15790826	1	0
15791598	0	1
15791682	0	1
15793525	1	0
15794635	1	0
15795427	1	0
15795921	1	0
15796852	1	0
15797404	0	1
15799290	0	1
15800337	0	1
15803129	1	0
15804175	0	1
15804538	1	0
15807077	1	0
15808163	1	0
15808472	0	1
15809774	0	1
15810365	0	1
15812845	0	1
15813650	1	0
15815378	1	0
15815512	0	1
15816185	0	1
15821635	1	0
15823838	0	1
15824071	0	1
15824505	1	0
15825039	0	1
15826440	0	1
15828326	0	1
15830172	1	0
15831123	0	1
15833343	0	1
15834109	1	0
15834286	1	0
15835394	1	0
15839450	1	0
15841550	1	0
15842703	1	0
15844091	1	0
15847647	0	1
15848393	1	0
15848930	1	0
15853972	1	0
15856626	0	1
15857147	0	1
15857978	1	0
15858693	1	0
15858909	1	0
15863129	0	1
15863820	1	0
15866596	0	1
15866876	0	1
15867934	1	0
15867967	0	1
15869893	1	0
15871053	0	1
15872363	0	1
15872434	0	1
15872750	1	0
15872853	0	1
15873308	0	1
15874624	1	0
15875738	0	1
15877001	0	1
15878064	1	0
15878489	1	0
15878863	1	0
15879060	0	1
15881581	0	1
15882859	0	1
15883135	0	1
15883395	0	1
15886146	1	0
15887956	0	1
15889392	1	0
15890089	0	1
15890494	0	1
15895672	1	0
15897799	0	1
15898278	0	1
15900786	1	0
15902683	1	0
15903153	0	1
15903895	1	0
15904170	0	1
15904327	1	0
15906037	0	1
15906452	1	0
15908738	1	0
15915973	0	1
15916080	1	0
15916934	1	0
15919093	1	0
15921167	0	1
15923070	1	0
15923643	1	0
15924450	1	0
15925655	0	1
15930517	0	1
15931046	1	0
15934466	0	1
15934885	1	0
15940905	0	1
15942384	1	0
15943214	0	1
15944481	1	0
15944906	1	0
15945334	0	1
15945495	1	0
15945657	1	0
15946227	1	0
15948146	0	1
15949395	1	0
15949540	1	0
15952089	1	0
15953315	0	1
15957635	1	0
15959114	0	1
15959371	1	0
15960227	0	1
15961621	0	1
15961660	0	1
15961681	1	0
15961866	0	1
15962253	0	1
15963002	0	1
15963893	0	1
15964091	0	1
15965583	0	1
15966792	0	1
15967257	0	1
15967276	0	1
15967384	1	0
15968047	0	1
15968270	0	1
15968901	0	1
15970220	0	1
15971277	0	1
15971628	0	1
15972190	0	1
15973459	1	0
15976088	1	0
15977953	1	0
15979028	0	1
15979628	0	1
15980234	1	0
15983054	1	0
15983108	0	1
15989001	0	1
15990457	1	0
15991981	1	0
15992033	1	0
15993273	1	0
15994157	0	1
15994307	1	0
15994742	1	0
15997688	0	1
15998753	1	0
15999464	1	0
15999565	1	0
16001234	0	1
16002852	0	1
16004121	1	0
16005073	0	1
16005832	0	1
16007032	1	0
16007387	0	1
16011166	1	0
16012351	0	1
16012848	1	0
16013645	0	1
16015829	0	1
16016064	1	0
16016526	1	0
16018043	1	0
16018549	1	0
16020646	0	1
16020833	0	1
16022751	1	0
16022846	0	1
16022863	1	0
16025909	0	1
16027070	1	0
16027648	0	1
16028001	1	0
16029280	0	1
16030229	0	1
16036599	1	0
16042047	0	1
16043391	0	1
16044171	1	0
16045072	1	0
16046602	1	0
16046745	1	0
16047276	0	1
16047381	1	0
16047483	1	0
16047774	1	0
16048660	0	1
16050708	0	1
16051594	0	1
16052139	0	1
16052254	1	0
16053320	0	1
16053742	0	1
16055014	1	0
16060053	1	0
16060211	0	1
16060529	1	0
16061383	0	1
16065997	0	1
16067967	0	1
16071013	1	0
16071555	1	0
16077997	0	1
16078142	0	1
16078215	1	0
16080795	0	1
16084289	1	0
16084416	1	0
16084577	1	0
16084622	1	0
16084770	0	1
16085084	1	0
16089762	1	0
16091232	1	0
16093242	0	1
16095237	0	1
16096258	0	1
16098387	0	1
16099595	0	1
16100099	1	0
16101197	0	1
16102214	0	1
16104526	1	0
16109861	0	1
16110567	0	1
16112489	1	0
16112630	0	1
16114630	0	1
16115249	1	0
16115303	0	1
16115905	0	1
16117163	1	0
16117333	0	1
16120769	0	1
16120877	0	1
16124422	0	1
16126059	0	1
16126593	1	0
16127254	0	1
16129054	1	0
16130281	0	1
16131766	0	1
16132423	1	0
16133315	1	0
16139436	1	0
16139757	0	1
16140479	0	1
16140939	1	0
16142870	0	1
16144795	0	1
16145257	0	1
16145371	0	1
16145387	0	1
16146131	1	0
16146836	0	1
16152775	1	0
16153621	0	1
16154016	0	1
16156973	0	1
16157874	0	1
16159093	1	0
16159228	0	1
16159872	0	1
16163720	1	0
16164907	0	1
16165470	0	1
16166780	0	1
16169996	1	0
16170423	0	1
16171361	1	0
16175609	1	0
16175862	0	1
16177558	0	1
16178829	0	1
16180347	0	1
16180924	1	0
16181427	0	1
16182964	0	1
16183288	0	1
16184014	1	0
16184292	0	1
16184304	0	1
16188981	0	1
16189735	0	1
16194381	0	1
16194583	0	1
16195763	0	1
16196063	1	0
16198144	1	0
16200185	0	1
16200345	0	1
16203586	0	1
16203875	1	0
16205141	0	1
16210797	0	1
16213650	1	0
16217831	1	0
16218391	0	1
16218540	0	1
16218819	1	0
16219745	1	0
16221846	1	0
16222063	1	0
16223500	0	1
16224022	0	1
16224579	1	0
16226025	0	1
16226864	0	1
16229092	1	0
16229318	1	0
16231398	1	0
16231487	0	1
16231775	0	1
16233198	0	1
16235772	1	0
16236161	0	1
16236690	1	0
16237717	0	1
16238034	1	0
16240256	0	1
16242237	0	1
16242447	1	0
16243278	1	0
16245266	0	1
16245815	0	1
16247152	1	0
16247221	0	1
16248472	0	1
16248693	1	0
16251060	1	0
16251646	0	1
16252087	1	0
16254537	0	1
16254606	0	1
16255280	1	0
16255896	0	1
16256343	0	1
16259579	0	1
16261432	0	1
16261521	0	1
16263193	1	0
16264192	1	0
16267273	0	1
16267774	0	1
16268912	1	0
16269838	0	1
16270735	1	0
16271547	1	0
16271854	1	0
16273733	0	1
16274534	0	1
16278776	0	1
16279179	0	1
16280710	1	0
16284476	0	1
16285928	0	1
16288661	0	1
16291004	1	0
16291600	0	1
16292822	1	0
16293049	0	1
16294072	0	1
16294422	0	1
16296237	0	1
16297238	0	1
16297945	1	0
16298363	0	1
16307219	1	0
16307319	0	1
16307379	0	1
16307706	1	0
16312429	0	1
16317594	1	0
16319013	1	0
16321841	0	1
16322162	0	1
16326930	0	1
16327136	0	1
16327279	0	1
16327438	1	0
16328573	1	0
16330597	0	1
16331206	0	1
16336287	1	0
16337047	1	0
16337265	1	0
16338102	0	1
16339617	0	1
16341997	1	0
16342816	1	0
16344017	0	1
16344432	1	0
16345816	0	1
16351503	1	0
16351571	0	1
16354472	1	0
16355574	1	0
16355962	1	0
16360092	1	0
16360973	0	1
16361511	1	0
16361778	0	1
16362152	1	0
16364537	1	0
16365808	0	1
16369067	1	0
16369419	1	0
16369592	0	1
16369601	1	0
16370546	1	0
16379052	1	0
16380635	0	1
16381127	1	0
16383919	0	1
16385948	0	1
16385969	0	1
16388232	0	1
16388709	1	0
16388926	1	0
16389269	0	1
16390112	1	0
16390850	1	0
16391305	1	0
16391557	1	0
16393472	1	0
16399625	1	0
16401630	0	1
16402098	1	0
16402473	0	1
16402801	1	0
16402997	0	1
16404066	1	0
16405306	0	1
16406936	0	1
16408456	1	0
16408917	1	0
16409452	0	1
16410977	1	0
16411551	1	0
16411870	1	0
16412496	1	0
16412920	0	1
16413044	1	0
16415407	1	0
16417964	1	0
16418295	1	0
16418385	0	1
16420175	1	0
16420492	1	0
16421159	1	0
16421248	0	1
16421590	1	0
16423689	0	1
16425864	1	0
16426174	1	0
16426720	0	1
16426913	0	1
16427016	1	0
16433481	1	0
16434902	1	0
16435944	1	0
16437877	1	0
16440321	0	1
16442512	1	0
16442535	0	1
16442811	0	1
16444230	1	0
16444859	1	0
16450250	0	1
16451710	0	1
16455890	1	0
16456190	0	1
16458849	0	1
16459366	0	1
16465448	1	0
16465677	1	0
16466646	0	1
16468745	0	1
16469501	1	0
16470343	1	0
16476067	0	1
16476806	1	0
16478041	1	0
16478116	1	0
16480578	1	0
16481971	1	0
16482661	0	1
16482683	0	1
16483877	1	0
16483894	1	0
16483896	1	0
16485173	1	0
16485453	0	1
16485737	0	1
16487149	1	0
16487223	1	0
16487725	1	0
16487941	1	0
16489098	1	0
16490543	0	1
16492246	0	1
16492639	1	0
16492764	1	0
16492874	0	1
16493615	0	1
16497502	0	1
16497830	1	0
16498226	0	1
16498368	1	0
16499608	1	0
16501127	0	1
16502500	1	0
16505132	0	1
16506021	1	0
16506214	0	1
16506670	0	1
16508118	0	1
16509384	0	1
16510394	1	0
16511926	0	1
16513279	0	1
16516120	0	1
16517296	0	1
16519306	1	0
16519688	0	1
16521200	1	0
16524299	1	0
16524949	1	0
16526962	0	1
16528682	1	0
16528764	0	1
16529926	0	1
16530112	0	1
16534672	1	0
16536896	0	1
16537051	1	0
16537225	1	0
16538428	1	0
16538992	1	0
16539040	0	1
16540080	0	1
16540735	0	1
16540878	0	1
16543036	0	1
16546323	1	0
16548207	1	0
16550511	1	0
16550837	0	1
16551245	1	0
16551557	0	1
16553488	1	0
16557427	1	0
16559109	1	0
16561952	0	1
16563309	0	1
16563963	0	1
16564703	0	1
16564808	1	0
16564851	0	1
16566436	0	1
16567206	1	0
16568277	1	0
16569365	1	0
16569798	0	1
16570660	1	0
16571509	1	0
16572165	0	1
16574456	1	0
16575256	0	1
16576490	0	1
16579501	0	1
16582183	1	0
16585131	1	0
16585551	1	0
16585599	0	1
16586003	1	0
16586439	0	1
16589639	1	0
16591036	0	1
16591150	0	1
16591344	0	1
16591570	0	1
16592897	0	1
16594670	0	1
16597288	0	1
16601053	0	1
16601354	0	1
16601849	0	1
16602216	0	1
16602809	0	1
16606090	1	0
16607231	1	0
16609018	0	1
16609916	1	0
16609956	0	1
16610045	1	0
16611074	0	1
16612765	1	0
16613089	0	1
16614795	1	0
16617014	0	1
16617722	1	0
16619551	1	0
16620241	1	0
16621753	0	1
16623678	1	0
16630102	1	0
16630667	0	1
16631373	0	1
16631615	1	0
16631920	0	1
16633496	1	0
16636815	1	0
16637484	0	1
16637749	1	0
16638197	1	0
16639007	0	1
16639465	0	1
16639820	1	0
16641595	1	0
16641606	1	0
16642639	0	1
16644744	1	0
16645157	1	0
16646390	1	0
16647864	0	1
16649283	1	0
16650070	1	0
16650638	0	1
16653047	0	1
16654941	1	0
16655458	0	1
16655603	1	0
16655703	1	0
16655835	0	1
16657001	1	0
16657072	1	0
16657620	1	0
16659485	1	0
16659950	1	0
16661871	0	1
16663695	1	0
16664072	1	0
16665812	0	1
16667648	0	1
16668324	0	1
16668639	0	1
16669621	0	1
16673011	0	1
16674372	0	1
16674626	0	1
16676157	1	0
16676900	1	0
16678094	0	1
16679860	1	0
16680825	1	0
16683067	1	0
16684774	1	0
16686047	1	0
16686265	0	1
16688675	0	1
16692337	1	0
16692534	0	1
16693427	1	0
16693827	1	0
16695700	1	0
16697405	0	1
16697608	1	0
16700402	1	0
16700669	1	0
16702796	0	1
16703610	1	0
16704141	0	1
16704371	1	0
16704616	1	0
16706062	1	0
16707128	0	1
16707302	1	0
16707462	1	0
16707563	1	0
16709378	1	0
16711037	1	0
16711118	1	0
16712214	0	1
16712332	1	0
16715452	0	1
16718620	1	0
16720217	0	1
16723691	1	0
16725915	0	1
16728266	1	0
16729390	0	1
16729877	1	0
16730205	0	1
16730734	1	0
16732054	1	0
16732307	1	0
16732706	0	1
16733548	0	1
16733902	0	1
16735086	1	0
16738507	0	1
16740345	1	0
16741809	1	0
16742974	1	0
16743867	1	0
16744143	1	0
16747144	1	0
16747525	1	0
16747653	0	1
16749501	0	1
16749759	1	0
16750379	1	0
16750418	0	1
16750615	1	0
16750869	0	1
16750944	1	0
16752369	1	0
16754787	0	1
16755410	0	1
16758178	1	0
16758498	1	0
16759023	0	1
16759241	0	1
16760533	0	1
16761259	1	0
16762526	0	1
16764438	1	0
16765490	0	1
16766807	0	1
16770456	0	1
16770930	0	1
16771524	1	0
16773210	1	0
16774470	0	1
16774733	1	0
16775362	1	0
16776203	1	0
16776928	0	1
16777190	0	1
16780633	1	0
16782549	0	1
16783425	0	1
16784944	0	1
16787978	0	1
16788174	1	0
16788559	1	0
16789602	0	1
16791741	1	0
16791791	1	0
16797305	1	0
16798114	1	0
16798708	1	0
16799170	0	1
16799426	1	0
16801517	1	0
16805663	0	1
16806375	0	1
16810434	0	1
16812748	1	0
16813623	1	0
16815118	0	1
16815879	1	0
16816970	0	1
16817050	0	1
16818639	1	0
16818712	0	1
16820977	1	0
16823300	0	1
16823661	0	1
16824183	0	1
16825058	1	0
16826269	0	1
16826721	0	1
16827918	0	1
16828390	1	0
16828467	1	0
16828471	1	0
16828614	1	0
16830709	1	0
16835048	0	1
16835791	0	1
16836750	0	1
16836962	0	1
16838030	1	0
16838239	0	1
16839499	1	0
16843107	1	0
16843398	1	0
16845326	0	1
16845358	1	0
16845986	0	1
16846143	1	0
16846723	0	1
16846978	0	1
16847601	1	0
16848322	1	0
16848799	0	1
16850224	0	1
16853572	1	0
16854255	1	0
16854540	1	0
16854961	0	1
16857526	1	0
16858656	0	1
16859466	1	0
16859683	1	0
16860480	1	0
16860916	0	1
16864738	0	1
16867610	0	1
16867727	0	1
16868696	1	0
16869036	1	0
16869742	1	0
16872534	0	1
16873534	0	1
16874077	1	0
16874388	1	0
16876536	0	1
16877842	0	1
16878684	0	1
16879011	0	1
16879554	1	0
16883840	0	1
16884819	1	0
16885502	1	0
16886485	1	0
16888497	0	1
16889052	1	0
16889315	1	0
16890487	1	0
16891946	0	1
16893609	1	0
16896458	1	0
16897077	1	0
16897182	0	1
16901419	0	1
16902180	1	0
16903482	1	0
16904945	0	1
16905999	0	1
16906306	0	1
16908182	1	0
16910353	0	1
16911427	0	1
16912321	0	1
16912483	0	1
16912600	1	0
16913153	0	1
16913650	1	0
16917745	0	1
16919786	1	0
16921224	1	0
16922196	1	0
16922441	1	0
16927556	0	1
16928183	1	0
16928334	1	0
16929242	1	0
16932003	1	0
16934913	1	0
16934928	0	1
16937826	1	0
16938249	1	0
16938302	1	0
16940812	1	0
16943470	1	0
16944679	0	1
16945818	0	1
16948054	0	1
16950111	1	0
16953055	1	0
16954128	0	1
16958702	1	0
16966112	0	1
16966278	1	0
16968803	1	0
16969727	1	0
16970381	0	1
16971647	0	1
16971724	0	1
16972666	0	1
16975395	0	1
16975716	0	1
16976457	1	0
16980196	0	1
16980942	0	1
16981534	0	1
16982309	0	1
16983286	1	0
16984619	0	1
16986769	0	1
16987571	0	1
16989839	0	1
16990856	1	0
16991407	1	0
16992837	1	0
16994523	0	1
16995612	0	1
16995690	0	1
16995939	1	0
16996387	1	0
16996830	0	1
16998322	0	1
16998347	0	1
17000226	1	0
17000637	0	1
17001132	1	0
17002133	1	0
17002458	1	0
17005335	1	0
17005454	0	1
17006238	1	0
17008762	0	1
17010038	1	0
17010499	0	1
17011227	1	0
17012862	1	0
17017690	1	0
17020671	0	1
17021230	1	0
17029652	1	0
17029657	1	0
17029695	1	0
17032010	0	1
17032307	0	1
17032391	0	1
17032752	0	1
17033493	1	0
17035241	1	0
17036546	1	0
17036908	0	1
17037841	1	0
17041316	0	1
17043566	0	1
17044087	0	1
17049462	1	0
17051106	1	0
17051192	1	0
17051240	0	1
17051486	1	0
17053221	1	0
17053492	0	1
17054447	1	0
17054578	1	0
17057960	0	1
17058522	0	1
17061705	1	0
17065568	0	1
17065577	1	0
17066409	1	0
17066443	0	1
17069634	0	1
17070608	0	1
17070712	0	1
17070868	1	0
17071513	0	1
17075269	0	1
17076843	0	1
17079539	0	1
17080148	1	0
17080207	0	1
17085088	0	1
17085112	1	0
17089044	0	1
17089658	1	0
17089672	1	0
17091230	1	0
17096481	1	0
17100974	0	1
17101208	1	0
17101475	0	1
17102587	1	0
17103939	1	0
17105732	0	1
17105999	0	1
17110257	1	0
17111615	0	1
17114118	1	0
17115154	0	1
17115867	1	0
17120906	0	1
17122069	0	1
17124757	1	0
17128841	1	0
17130341	1	0
17131403	0	1
17131408	0	1
17131463	1	0
17131762	0	1
17132037	1	0
17132429	0	1
17132914	0	1
17133509	0	1
17134237	1	0
17134376	0	1
17134434	0	1
17135928	0	1
17136956	0	1
17137739	1	0
17139081	0	1
17141425	0	1
17142169	0	1
17143535	0	1
17147627	1	0
17150067	0	1
17150807	0	1
17152187	0	1
17152447	0	1
17153543	1	0
17158849	0	1
17159823	0	1
17163324	1	0
17164022	0	1
17173037	1	0
17174191	0	1
17174249	0	1
17175427	0	1
17175855	0	1
17175900	0	1
17178192	0	1
17178622	0	1
17180745	0	1
17181199	0	1
17181487	0	1
17186349	0	1
17186948	0	1
17188174	1	0
17189429	0	1
17190525	1	0
17193806	1	0
17195302	0	1
17195992	1	0
17198636	0	1
17198903	0	1
17199951	1	0
17203959	1	0
17205268	1	0
17207532	0	1
17208945	1	0
17211383	1	0
17215237	1	0
17215662	0	1
17215910	0	1
17216792	1	0
17218405	1	0
17218749	1	0
17218755	1	0
17219315	1	0
17223939	1	0
17225522	1	0
17226206	0	1
17226492	1	0
17227079	1	0
17227328	0	1
17227478	1	0
17230640	0	1
17238709	1	0
17238948	0	1
17239023	1	0
17239557	1	0
17240383	0	1
17240689	0	1
17241168	0	1
17241467	1	0
17243451	1	0
17245113	1	0
17246457	1	0
17247110	1	0
17250306	0	1
17254960	1	0
17255215	0	1
17255552	0	1
17256546	1	0
17256674	1	0
17257439	0	1
17258601	1	0
17259586	0	1
17260122	1	0
17261165	0	1
17265416	1	0
17265724	1	0
17267142	1	0
17267202	0	1
17267294	1	0
17268364	0	1
17268512	1	0
17268543	1	0
17268794	0	1
17269904	0	1
17271524	0	1
17271826	1	0
17273297	1	0
17273566	1	0
17274833	1	0
17275541	1	0
17276955	1	0
17284031	1	0
17287734	0	1
17287740	1	0
17290628	0	1
17290720	1	0
17294797	0	1
17295239	0	1
17295881	0	1
17296010	1	0
17296169	0	1
17297899	0	1
17301749	0	1
17303007	0	1
17304685	1	0
17306599	1	0
17307006	1	0
17307068	1	0
17307071	0	1
17307647	1	0
17308016	0	1
17308102	1	0
17308366	0	1
17308544	0	1
17311828	0	1
17312030	0	1
17313059	1	0
17314258	1	0
17315304	0	1
17315444	0	1
17315956	1	0
17316027	1	0
17316699	1	0
17316978	0	1
17318078	0	1
17319652	0	1
17320665	0	1
17321425	1	0
17322079	0	1
17324536	1	0
17324867	0	1
17326634	1	0
17328523	0	1
17329248	1	0
17329719	1	0
17330567	0	1
17330698	1	0
17330761	1	0
17330919	1	0
17331196	0	1
17332132	0	1
17334653	0	1
17335012	0	1
17338659	1	0
17342790	1	0
17347045	0	1
17349468	1	0
17350071	0	1
17350172	0	1
17351294	1	0
17352385	0	1
17354914	1	0
17362271	0	1
17363217	0	1
17363782	0	1
17364057	1	0
17364064	0	1
17365013	1	0
17366094	0	1
17368417	0	1
17369354	1	0
17372663	1	0
17373982	1	0
17376428	1	0
17376642	1	0
17379219	1	0
17380718	0	1
17380967	1	0
17381248	0	1
17384728	0	1
17384772	0	1
17385600	1	0
17386102	0	1
17387560	0	1
17390000	0	1
17390596	1	0
17391338	0	1
17396687	1	0
17398730	0	1
17401763	1	0
17402533	1	0
17402889	0	1
17403597	0	1
17405276	1	0
17405431	1	0
17405852	1	0
17405916	0	1
17406671	0	1
17409013	0	1
17409047	0	1
17410547	0	1
17414140	1	0
17414501	1	0
17416078	1	0
17421001	1	0
17425370	1	0
17425727	1	0
17425868	0	1
17426082	1	0
17427696	0	1
17429421	0	1
17430916	0	1
17431462	0	1
17431710	1	0
17432869	1	0
17433751	0	1
17435491	0	1
17436268	1	0
17436820	1	0
17437284	1	0
17437601	0	1
17438013	1	0
17438146	1	0
17438714	0	1
17438764	0	1
17439039	1	0
17440870	0	1
17441395	0	1
17442866	0	1
17444548	0	1
17445709	0	1
17449957	1	0
17449986	1	0
17451775	1	0
17456026	1	0
17458669	1	0
17458914	0	1
17459442	1	0
17459695	1	0
17460921	0	1
17462581	1	0
17463090	1	0
17464124	1	0
17465689	1	0
17466419	0	1
17468984	0	1
17470952	0	1
17471042	0	1
17472336	1	0
17472694	1	0
17473781	1	0
17477972	1	0
17480788	1	0
17481479	1	0
17481939	1	0
17482296	0	1
17483310	0	1
17483472	0	1
17484535	0	1
17484537	0	1
17485059	0	1
17485391	0	1
17490120	1	0
17491852	1	0
17492426	1	0
17492556	1	0
17493526	0	1
17493847	0	1
17494872	0	1
17497277	0	1
17498552	1	0
17499891	1	0
17500929	1	0
17504423	1	0
17508005	0	1
17508964	0	1
17509451	1	0
17510272	1	0
17510548	1	0
17511897	1	0
17512822	1	0
17512968	1	0
17513262	0	1
17514133	0	1
17517047	1	0
17518161	0	1
17519687	0	1
17520239	0	1
17521369	1	0
17522160	0	1
17523595	0	1
17523665	0	1
17524572	0	1
17525040	0	1
17525567	0	1
17529889	0	1
17530158	1	0
17530655	0	1
17531606	0	1
17534256	0	1
17534975	1	0
17536791	0	1
17539378	1	0
17539873	0	1
17540538	1	0
17541126	1	0
17543511	1	0
17543572	0	1
17544064	1	0
17545581	0	1
17546692	0	1
17547456	0	1
17548491	1	0
17548785	0	1
17549536	1	0
17550465	0	1
17553550	0	1
17553953	0	1
17556651	0	1
17558029	0	1
17558057	0	1
17559776	0	1
17559825	1	0
17567749	0	1
17570496	0	1
17570967	1	0
17571364	1	0
17572005	1	0
17572592	0	1
17573213	1	0
17573724	0	1
17575018	1	0
17575258	0	1
17577752	1	0
17579983	0	1
17580846	0	1
17583400	0	1
17583779	1	0
17583803	1	0
17585090	1	0
17585907	1	0
17587024	1	0
17590085	0	1
17594756	1	0
17596098	0	1
17598023	0	1
17598140	0	1
17598374	0	1
17600136	1	0
17600889	1	0
17601677	1	0
17602169	1	0
17603416	1	0
17603689	1	0
17605004	0	1
17605259	1	0
17605347	0	1
17605882	0	1
17606233	0	1
17609163	0	1
17609239	1	0
17609499	1	0
17610560	0	1
17611435	1	0
17611498	0	1
17611508	0	1
17617411	0	1
17618845	0	1
17619452	1	0
17620300	0	1
17620714	1	0
17621278	0	1
17622674	1	0
17625532	1	0
17625804	1	0
17628250	0	1
17628423	0	1
17628746	1	0
17628797	1	0
17629000	0	1
17632323	1	0
17633143	1	0
17633251	1	0
17637533	0	1
17640348	0	1
17642221	0	1
17645834	0	1
17646166	0	1
17648579	0	1
17650140	1	0
17652857	1	0
17654982	1	0
17655549	1	0
17657534	1	0
17657940	1	0
17658471	0	1
17658624	1	0
17662269	1	0
17662728	0	1
17663708	0	1
17664370	1	0
17668658	1	0
17669202	1	0
17671212	0	1
17673790	0	1
17674553	0	1
17675187	0	1
17677023	1	0
17680276	1	0
17682151	1	0
17682495	0	1
17685417	0	1
17686071	1	0
17687216	1	0
17689590	1	0
17689869	0	1
17691915	1	0
17693124	0	1
17696108	1	0
17696360	1	0
17697088	0	1
17699473	0	1
17699499	0	1
17699658	1	0
17705874	0	1
17706313	1	0
17711259	0	1
17711528	1	0
17712126	0	1
17713990	0	1
17715420	1	0
17716580	0	1
17717587	1	0
17720059	1	0
17720416	1	0
17721195	0	1
17721421	1	0
17722629	0	1
17723014	0	1
17723556	1	0
17724406	0	1
17724443	1	0
17724572	1	0
17726116	1	0
17726863	1	0
17729530	1	0
17731112	1	0
17731123	0	1
17732402	0	1
17732534	0	1
17734558	0	1
17740914	0	1
17741924	1	0
17743455	0	1
17743817	1	0
17744585	0	1
17747169	0	1
17747414	1	0
17747826	0	1
17748612	0	1
17750273	0	1
17750902	1	0
17754404	0	1
17754537	1	0
17755155	0	1
17756801	1	0
17757143	0	1
17758567	1	0
17758807	1	0
17758884	0	1
17759056	0	1
17762601	0	1
17763671	1	0
17765792	0	1
17766332	1	0
17767530	0	1
17768441	0	1
17772325	1	0
17774160	0	1
17775908	0	1
17775972	0	1
17777036	1	0
17777875	1	0
17781379	1	0
17781776	1	0
17782196	0	1
17782903	0	1
17783275	0	1
17783460	1	0
17786057	0	1
17787147	1	0
17789781	0	1
17792152	1	0
17792594	1	0
17793652	0	1
17793768	1	0
17797058	1	0
17797749	0	1
17798416	1	0
17798897	1	0
17799720	0	1
17800107	1	0
17800734	1	0
17802879	1	0
17805275	0	1
17805759	0	1
17806603	0	1
17809363	0	1
17809436	1	0
17812368	0	1
17812698	0	1
17814211	0	1
17815376	0	1
17816450	1	0
17819065	1	0
17819208	0	1
17819777	1	0
17820807	0	1
17823030	0	1
17823356	1	0
17825521	1	0
17826202	1	0
17826482	1	0
17828379	1	0
17828507	1	0
17829471	0	1
17829559	1	0
17830147	0	1
17831372	0	1
17832455	0	1
17833147	0	1
17833894	0	1
17834237	1	0
17835049	1	0
17839132	0	1
17841665	0	1
17841875	1	0
17841916	0	1
17845530	1	0
17846528	1	0
17847557	1	0
17849580	0	1
17850084	0	1
17850961	0	1
17855577	0	1
17857064	0	1
17857287	0	1
17857478	0	1
17857783	0	1
17859723	1	0
17860190	0	1
17860219	1	0
17864065	1	0
17864313	1	0
17864326	0	1
17864687	0	1
17865045	0	1
17865776	1	0
17869149	0	1
17871966	0	1
17872780	1	0
17873486	0	1
17874566	1	0
17874938	1	0
17875010	1	0
17878743	0	1
17879019	1	0
17879314	1	0
17880167	0	1
17881069	1	0
17881094	0	1
17881308	0	1
17881942	1	0
17883477	0	1
17883823	0	1
17884556	0	1
17885643	0	1
17888568	1	0
17889094	0	1
17889286	0	1
17890182	0	1
17892013	0	1
17892169	1	0
17892906	1	0
17892930	0	1
17892976	1	0
17893856	0	1
17894328	1	0
17896814	0	1
17898043	0	1
17898850	1	0
17899549	1	0
17900466	1	0
17900522	1	0
17903499	1	0
17912002	0	1
17912269	0	1
17912440	0	1
17912647	0	1
17914089	1	0
17915533	1	0
17918044	0	1
17919902	0	1
17920699	1	0
17921964	1	0
17923518	1	0
17924477	1	0
17925338	1	0
17926719	0	1
17927806	0	1
17929183	0	1
17930448	0	1
17932141	1	0
17933514	0	1
17934492	0	1
17936019	0	1
17936815	0	1
17937184	0	1
17937186	1	0
17938281	0	1
17939472	0	1
17944240	1	0
17944838	1	0
17945506	1	0
17945807	1	0
17945905	0	1
17947881	1	0
17948264	0	1
17949516	1	0
17951068	0	1
17951918	1	0
17954705	1	0
17955487	0	1
17955934	0	1
17958951	1	0
17961587	0	1
17961826	0	1
17961862	0	1
17961988	0	1
17962439	1	0
17967218	0	1
17968308	1	0
17968931	0	1
17971858	1	0
17972663	1	0
17973168	1	0
17976946	1	0
17979471	0	1
17981945	0	1
17982903	1	0
17984980	0	1
17985244	0	1
17986379	1	0
17991878	0	1
17992337	0	1
17994445	0	1
17995344	0	1
17995399	1	0
17997318	1	0
17997565	0	1
17998896	1	0
17999016	1	0
