read_id	molecule_id	true_haplotype
read_000000	mol_000000	-1
read_000001	mol_000001	-1
read_000002	mol_000002	1
read_000003	mol_000003	1
read_000004	mol_000004	1
read_000005	mol_000005	1
read_000006	mol_000006	-1
read_000007	mol_000007	1
read_000008	mol_000008	1
read_000009	mol_000009	1
read_000010	mol_000010	-1
read_000011	mol_000011	-1
read_000012	mol_000012	-1
read_000013	mol_000013	-1
read_000014	mol_000014	-1
read_000015	mol_000015	-1
read_000016	mol_000016	-1
read_000017	mol_000017	-1
read_000018	mol_000018	-1
read_000019	mol_000019	-1
read_000020	mol_000020	1
read_000021	mol_000021	1
read_000022	mol_000022	1
read_000023	mol_000023	1
read_000024	mol_000024	1
read_000025	mol_000025	-1
read_000026	mol_000026	1
read_000027	mol_000027	-1
read_000028	mol_000028	-1
read_000029	mol_000029	-1
read_000030	mol_000030	-1
read_000031	mol_000031	-1
read_000032	mol_000032	1
read_000033	mol_000033	-1
read_000034	mol_000034	1
read_000035	mol_000035	1
read_000036	mol_000036	-1
read_000037	mol_000037	1
read_000038	mol_000038	-1
read_000039	mol_000039	1
read_000040	mol_000040	-1
read_000041	mol_000041	1
read_000042	mol_000042	-1
read_000043	mol_000043	-1
read_000044	mol_000044	1
read_000045	mol_000045	-1
read_000046	mol_000046	-1
read_000047	mol_000047	1
read_000048	mol_000048	-1
read_000049	mol_000049	1
read_000050	mol_000050	-1
read_000051	mol_000051	-1
read_000052	mol_000052	1
read_000053	mol_000053	1
read_000054	mol_000054	1
read_000055	mol_000055	1
read_000056	mol_000056	1
read_000057	mol_000057	-1
read_000058	mol_000058	1
read_000059	mol_000059	1
read_000060	mol_000060	1
read_000061	mol_000061	-1
read_000062	mol_000062	-1
read_000063	mol_000063	1
read_000064	mol_000064	1
read_000065	mol_000065	1
read_000066	mol_000066	1
read_000067	mol_000067	-1
read_000068	mol_000068	-1
read_000069	mol_000069	1
read_000070	mol_000070	1
read_000071	mol_000071	1
read_000072	mol_000072	-1
read_000073	mol_000073	-1
read_000074	mol_000074	-1
read_000075	mol_000075	-1
read_000076	mol_000076	-1
read_000077	mol_000077	-1
read_000078	mol_000078	1
read_000079	mol_000079	-1
read_000080	mol_000080	-1
read_000081	mol_000081	-1
read_000082	mol_000082	-1
read_000083	mol_000083	1
read_000084	mol_000084	-1
read_000085	mol_000085	-1
read_000086	mol_000086	1
read_000087	mol_000087	1
read_000088	mol_000088	1
read_000089	mol_000089	1
read_000090	mol_000090	1
read_000091	mol_000091	1
read_000092	mol_000092	1
read_000093	mol_000093	-1
read_000094	mol_000094	-1
read_000095	mol_000095	-1
read_000096	mol_000096	1
read_000097	mol_000097	1
read_000098	mol_000098	-1
read_000099	mol_000099	1
read_000100	mol_000100	-1
read_000101	mol_000101	1
read_000102	mol_000102	1
read_000103	mol_000103	1
read_000104	mol_000104	-1
read_000105	mol_000105	-1
read_000106	mol_000106	1
read_000107	mol_000107	-1
read_000108	mol_000108	-1
read_000109	mol_000109	-1
read_000110	mol_000110	-1
read_000111	mol_000111	1
read_000112	mol_000112	-1
read_000113	mol_000113	-1
read_000114	mol_000114	-1
read_000115	mol_000115	1
read_000116	mol_000116	-1
read_000117	mol_000117	-1
read_000118	mol_000118	1
read_000119	mol_000119	-1
read_000120	mol_000120	1
read_000121	mol_000121	-1
read_000122	mol_000122	-1
read_000123	mol_000123	-1
read_000124	mol_000124	-1
read_000125	mol_000125	1
read_000126	mol_000126	-1
read_000127	mol_000127	-1
read_000128	mol_000128	1
read_000129	mol_000129	-1
read_000130	mol_000130	-1
read_000131	mol_000131	-1
read_000132	mol_000132	-1
read_000133	mol_000133	-1
read_000134	mol_000134	-1
read_000135	mol_000135	-1
read_000136	mol_000136	-1
read_000137	mol_000137	-1
read_000138	mol_000138	1
read_000139	mol_000139	-1
read_000140	mol_000140	-1
read_000141	mol_000141	1
read_000142	mol_000142	-1
read_000143	mol_000143	-1
read_000144	mol_000144	1
read_000145	mol_000145	-1
read_000146	mol_000146	1
read_000147	mol_000147	-1
read_000148	mol_000148	-1
read_000149	mol_000149	1
read_000150	mol_000150	1
read_000151	mol_000151	1
read_000152	mol_000152	1
read_000153	mol_000153	1
read_000154	mol_000154	-1
read_000155	mol_000155	1
read_000156	mol_000156	-1
read_000157	mol_000157	-1
read_000158	mol_000158	1
read_000159	mol_000159	1
read_000160	mol_000160	-1
read_000161	mol_000161	-1
read_000162	mol_000162	-1
read_000163	mol_000163	-1
read_000164	mol_000164	1
read_000165	mol_000165	-1
read_000166	mol_000166	1
read_000167	mol_000167	-1
read_000168	mol_000168	1
read_000169	mol_000169	1
read_000170	mol_000170	1
read_000171	mol_000171	-1
read_000172	mol_000172	-1
read_000173	mol_000173	1
read_000174	mol_000174	-1
read_000175	mol_000175	1
read_000176	mol_000176	1
read_000177	mol_000177	-1
read_000178	mol_000178	1
read_000179	mol_000179	1
read_000180	mol_000180	1
read_000181	mol_000181	-1
read_000182	mol_000182	1
read_000183	mol_000183	1
read_000184	mol_000184	-1
read_000185	mol_000185	1
read_000186	mol_000186	1
read_000187	mol_000187	-1
read_000188	mol_000188	-1
read_000189	mol_000189	-1
read_000190	mol_000190	1
read_000191	mol_000191	1
read_000192	mol_000192	-1
read_000193	mol_000193	-1
read_000194	mol_000194	-1
read_000195	mol_000195	1
read_000196	mol_000196	-1
read_000197	mol_000197	1
read_000198	mol_000198	1
read_000199	mol_000199	1
read_000200	mol_000200	1
read_000201	mol_000201	1
read_000202	mol_000202	-1
read_000203	mol_000203	1
read_000204	mol_000204	-1
read_000205	mol_000205	1
read_000206	mol_000206	-1
read_000207	mol_000207	-1
read_000208	mol_000208	1
read_000209	mol_000209	1
read_000210	mol_000210	1
read_000211	mol_000211	-1
read_000212	mol_000212	-1
read_000213	mol_000213	-1
read_000214	mol_000214	-1
read_000215	mol_000215	1
read_000216	mol_000216	1
read_000217	mol_000217	-1
read_000218	mol_000218	-1
read_000219	mol_000219	1
read_000220	mol_000220	1
read_000221	mol_000221	1
read_000222	mol_000222	-1
read_000223	mol_000223	-1
read_000224	mol_000224	-1
read_000225	mol_000225	-1
read_000226	mol_000226	-1
read_000227	mol_000227	-1
read_000228	mol_000228	1
read_000229	mol_000229	-1
read_000230	mol_000230	-1
read_000231	mol_000231	-1
read_000232	mol_000232	1
read_000233	mol_000233	1
read_000234	mol_000234	1
read_000235	mol_000235	-1
read_000236	mol_000236	-1
read_000237	mol_000237	-1
read_000238	mol_000238	1
read_000239	mol_000239	-1
read_000240	mol_000240	-1
read_000241	mol_000241	-1
read_000242	mol_000242	-1
read_000243	mol_000243	-1
read_000244	mol_000244	1
read_000245	mol_000245	-1
read_000246	mol_000246	1
read_000247	mol_000247	-1
read_000248	mol_000248	1
read_000249	mol_000249	1
read_000250	mol_000250	-1
read_000251	mol_000251	-1
read_000252	mol_000252	-1
read_000253	mol_000253	1
read_000254	mol_000254	-1
read_000255	mol_000255	-1
read_000256	mol_000256	-1
read_000257	mol_000257	1
read_000258	mol_000258	-1
read_000259	mol_000259	-1
read_000260	mol_000260	1
read_000261	mol_000261	-1
read_000262	mol_000262	-1
read_000263	mol_000263	1
read_000264	mol_000264	-1
read_000265	mol_000265	1
read_000266	mol_000266	1
read_000267	mol_000267	1
read_000268	mol_000268	1
read_000269	mol_000269	1
read_000270	mol_000270	-1
read_000271	mol_000271	-1
read_000272	mol_000272	1
read_000273	mol_000273	-1
read_000274	mol_000274	-1
read_000275	mol_000275	-1
read_000276	mol_000276	1
read_000277	mol_000277	1
read_000278	mol_000278	1
read_000279	mol_000279	1
read_000280	mol_000280	1
read_000281	mol_000281	-1
read_000282	mol_000282	-1
read_000283	mol_000283	-1
read_000284	mol_000284	1
read_000285	mol_000285	1
read_000286	mol_000286	-1
read_000287	mol_000287	-1
read_000288	mol_000288	-1
read_000289	mol_000289	-1
read_000290	mol_000290	-1
read_000291	mol_000291	1
read_000292	mol_000292	1
read_000293	mol_000293	1
read_000294	mol_000294	-1
read_000295	mol_000295	-1
read_000296	mol_000296	1
read_000297	mol_000297	1
read_000298	mol_000298	1
read_000299	mol_000299	1
read_000300	mol_000300	1
read_000301	mol_000301	-1
read_000302	mol_000302	1
read_000303	mol_000303	1
read_000304	mol_000304	-1
read_000305	mol_000305	-1
read_000306	mol_000306	1
read_000307	mol_000307	-1
read_000308	mol_000308	1
read_000309	mol_000309	-1
read_000310	mol_000310	1
read_000311	mol_000311	1
read_000312	mol_000312	-1
read_000313	mol_000313	-1
read_000314	mol_000314	-1
read_000315	mol_000315	1
read_000316	mol_000316	1
read_000317	mol_000317	-1
read_000318	mol_000318	1
read_000319	mol_000319	-1
read_000320	mol_000320	-1
read_000321	mol_000321	-1
read_000322	mol_000322	1
read_000323	mol_000323	1
read_000324	mol_000324	-1
read_000325	mol_000325	1
read_000326	mol_000326	1
read_000327	mol_000327	1
read_000328	mol_000328	-1
read_000329	mol_000329	1
read_000330	mol_000330	1
read_000331	mol_000331	-1
read_000332	mol_000332	-1
read_000333	mol_000333	1
read_000334	mol_000334	-1
read_000335	mol_000335	-1
read_000336	mol_000336	-1
read_000337	mol_000337	1
read_000338	mol_000338	1
read_000339	mol_000339	1
read_000340	mol_000340	-1
read_000341	mol_000341	1
read_000342	mol_000342	1
read_000343	mol_000343	1
read_000344	mol_000344	-1
read_000345	mol_000345	1
read_000346	mol_000346	-1
read_000347	mol_000347	1
read_000348	mol_000348	1
read_000349	mol_000349	1
read_000350	mol_000350	-1
read_000351	mol_000351	1
read_000352	mol_000352	1
read_000353	mol_000353	1
read_000354	mol_000354	1
read_000355	mol_000355	1
read_000356	mol_000356	-1
read_000357	mol_000357	1
read_000358	mol_000358	1
read_000359	mol_000359	-1
read_000360	mol_000360	-1
read_000361	mol_000361	1
read_000362	mol_000362	1
read_000363	mol_000363	1
read_000364	mol_000364	1
read_000365	mol_000365	-1
read_000366	mol_000366	1
read_000367	mol_000367	-1
read_000368	mol_000368	1
read_000369	mol_000369	-1
read_000370	mol_000370	1
read_000371	mol_000371	-1
read_000372	mol_000372	1
read_000373	mol_000373	-1
read_000374	mol_000374	1
read_000375	mol_000375	1
read_000376	mol_000376	1
read_000377	mol_000377	-1
read_000378	mol_000378	-1
read_000379	mol_000379	1
read_000380	mol_000380	-1
read_000381	mol_000381	1
read_000382	mol_000382	-1
read_000383	mol_000383	-1
read_000384	mol_000384	1
read_000385	mol_000385	-1
read_000386	mol_000386	-1
read_000387	mol_000387	-1
read_000388	mol_000388	-1
read_000389	mol_000389	-1
read_000390	mol_000390	1
read_000391	mol_000391	1
read_000392	mol_000392	-1
read_000393	mol_000393	-1
read_000394	mol_000394	-1
read_000395	mol_000395	1
read_000396	mol_000396	-1
read_000397	mol_000397	1
read_000398	mol_000398	1
read_000399	mol_000399	-1
read_000400	mol_000400	1
read_000401	mol_000401	-1
read_000402	mol_000402	1
read_000403	mol_000403	1
read_000404	mol_000404	-1
read_000405	mol_000405	1
read_000406	mol_000406	1
read_000407	mol_000407	1
read_000408	mol_000408	-1
read_000409	mol_000409	-1
read_000410	mol_000410	1
read_000411	mol_000411	-1
read_000412	mol_000412	1
read_000413	mol_000413	-1
read_000414	mol_000414	1
read_000415	mol_000415	1
read_000416	mol_000416	1
read_000417	mol_000417	1
read_000418	mol_000418	1
read_000419	mol_000419	1
read_000420	mol_000420	-1
read_000421	mol_000421	-1
read_000422	mol_000422	1
read_000423	mol_000423	-1
read_000424	mol_000424	-1
read_000425	mol_000425	-1
read_000426	mol_000426	-1
read_000427	mol_000427	1
read_000428	mol_000428	1
read_000429	mol_000429	-1
read_000430	mol_000430	-1
read_000431	mol_000431	1
read_000432	mol_000432	1
read_000433	mol_000433	1
read_000434	mol_000434	-1
read_000435	mol_000435	-1
read_000436	mol_000436	-1
read_000437	mol_000437	-1
read_000438	mol_000438	1
read_000439	mol_000439	-1
read_000440	mol_000440	1
read_000441	mol_000441	1
read_000442	mol_000442	-1
read_000443	mol_000443	-1
read_000444	mol_000444	-1
read_000445	mol_000445	1
read_000446	mol_000446	-1
read_000447	mol_000447	1
read_000448	mol_000448	1
read_000449	mol_000449	-1
read_000450	mol_000450	-1
read_000451	mol_000451	-1
read_000452	mol_000452	-1
read_000453	mol_000453	1
read_000454	mol_000454	1
read_000455	mol_000455	-1
read_000456	mol_000456	-1
read_000457	mol_000457	1
read_000458	mol_000458	-1
read_000459	mol_000459	1
read_000460	mol_000460	-1
read_000461	mol_000461	1
read_000462	mol_000462	-1
read_000463	mol_000463	-1
read_000464	mol_000464	1
read_000465	mol_000465	1
read_000466	mol_000466	1
read_000467	mol_000467	1
read_000468	mol_000468	1
read_000469	mol_000469	1
read_000470	mol_000470	1
read_000471	mol_000471	1
read_000472	mol_000472	-1
read_000473	mol_000473	1
read_000474	mol_000474	-1
read_000475	mol_000475	-1
read_000476	mol_000476	1
read_000477	mol_000477	-1
read_000478	mol_000478	-1
read_000479	mol_000479	-1
read_000480	mol_000480	1
read_000481	mol_000481	1
read_000482	mol_000482	1
read_000483	mol_000483	1
read_000484	mol_000484	-1
read_000485	mol_000485	1
read_000486	mol_000486	-1
read_000487	mol_000487	1
read_000488	mol_000488	-1
read_000489	mol_000489	1
read_000490	mol_000490	1
read_000491	mol_000491	1
read_000492	mol_000492	-1
read_000493	mol_000493	1
read_000494	mol_000494	1
read_000495	mol_000495	-1
read_000496	mol_000496	-1
read_000497	mol_000497	-1
read_000498	mol_000498	1
read_000499	mol_000499	-1
read_000500	mol_000500	-1
read_000501	mol_000501	1
read_000502	mol_000502	1
read_000503	mol_000503	1
read_000504	mol_000504	1
read_000505	mol_000505	-1
read_000506	mol_000506	-1
read_000507	mol_000507	1
read_000508	mol_000508	-1
read_000509	mol_000509	1
read_000510	mol_000510	1
read_000511	mol_000511	-1
read_000512	mol_000512	-1
read_000513	mol_000513	-1
read_000514	mol_000514	1
read_000515	mol_000515	-1
read_000516	mol_000516	1
read_000517	mol_000517	1
read_000518	mol_000518	-1
read_000519	mol_000519	1
read_000520	mol_000520	-1
read_000521	mol_000521	-1
read_000522	mol_000522	-1
read_000523	mol_000523	-1
read_000524	mol_000524	1
read_000525	mol_000525	-1
read_000526	mol_000526	-1
read_000527	mol_000527	1
read_000528	mol_000528	-1
read_000529	mol_000529	-1
read_000530	mol_000530	1
read_000531	mol_000531	1
read_000532	mol_000532	-1
read_000533	mol_000533	-1
read_000534	mol_000534	-1
read_000535	mol_000535	1
read_000536	mol_000536	-1
read_000537	mol_000537	-1
read_000538	mol_000538	-1
read_000539	mol_000539	-1
read_000540	mol_000540	1
read_000541	mol_000541	1
read_000542	mol_000542	1
read_000543	mol_000543	1
read_000544	mol_000544	-1
read_000545	mol_000545	-1
read_000546	mol_000546	1
read_000547	mol_000547	-1
read_000548	mol_000548	-1
read_000549	mol_000549	-1
read_000550	mol_000550	1
read_000551	mol_000551	1
read_000552	mol_000552	1
read_000553	mol_000553	1
read_000554	mol_000554	-1
read_000555	mol_000555	1
read_000556	mol_000556	-1
read_000557	mol_000557	-1
read_000558	mol_000558	-1
read_000559	mol_000559	-1
read_000560	mol_000560	-1
read_000561	mol_000561	1
read_000562	mol_000562	-1
read_000563	mol_000563	-1
read_000564	mol_000564	-1
read_000565	mol_000565	1
read_000566	mol_000566	-1
read_000567	mol_000567	-1
read_000568	mol_000568	1
read_000569	mol_000569	-1
read_000570	mol_000570	1
read_000571	mol_000571	1
read_000572	mol_000572	-1
read_000573	mol_000573	-1
read_000574	mol_000574	-1
read_000575	mol_000575	1
read_000576	mol_000576	-1
read_000577	mol_000577	-1
read_000578	mol_000578	1
read_000579	mol_000579	-1
read_000580	mol_000580	-1
read_000581	mol_000581	1
read_000582	mol_000582	1
read_000583	mol_000583	1
read_000584	mol_000584	1
read_000585	mol_000585	1
read_000586	mol_000586	1
read_000587	mol_000587	1
read_000588	mol_000588	1
read_000589	mol_000589	1
read_000590	mol_000590	1
read_000591	mol_000591	1
read_000592	mol_000592	1
read_000593	mol_000593	1
read_000594	mol_000594	-1
read_000595	mol_000595	-1
read_000596	mol_000596	-1
read_000597	mol_000597	-1
read_000598	mol_000598	1
read_000599	mol_000599	1
read_000600	mol_000600	1
read_000601	mol_000601	-1
read_000602	mol_000602	-1
read_000603	mol_000603	-1
read_000604	mol_000604	1
read_000605	mol_000605	-1
read_000606	mol_000606	-1
read_000607	mol_000607	-1
read_000608	mol_000608	1
read_000609	mol_000609	1
read_000610	mol_000610	-1
read_000611	mol_000611	1
read_000612	mol_000612	-1
read_000613	mol_000613	1
read_000614	mol_000614	-1
read_000615	mol_000615	-1
read_000616	mol_000616	-1
read_000617	mol_000617	-1
read_000618	mol_000618	1
read_000619	mol_000619	-1
read_000620	mol_000620	-1
read_000621	mol_000621	-1
read_000622	mol_000622	1
read_000623	mol_000623	-1
read_000624	mol_000624	-1
read_000625	mol_000625	1
read_000626	mol_000626	1
read_000627	mol_000627	-1
read_000628	mol_000628	1
read_000629	mol_000629	-1
read_000630	mol_000630	-1
read_000631	mol_000631	-1
read_000632	mol_000632	1
read_000633	mol_000633	-1
read_000634	mol_000634	1
read_000635	mol_000635	1
read_000636	mol_000636	1
read_000637	mol_000637	-1
read_000638	mol_000638	-1
read_000639	mol_000639	1
read_000640	mol_000640	-1
read_000641	mol_000641	1
read_000642	mol_000642	1
read_000643	mol_000643	1
read_000644	mol_000644	-1
read_000645	mol_000645	-1
read_000646	mol_000646	-1
read_000647	mol_000647	1
read_000648	mol_000648	1
read_000649	mol_000649	1
read_000650	mol_000650	1
read_000651	mol_000651	-1
read_000652	mol_000652	-1
read_000653	mol_000653	1
read_000654	mol_000654	-1
read_000655	mol_000655	1
read_000656	mol_000656	1
read_000657	mol_000657	-1
read_000658	mol_000658	1
read_000659	mol_000659	1
read_000660	mol_000660	-1
read_000661	mol_000661	1
read_000662	mol_000662	1
read_000663	mol_000663	-1
read_000664	mol_000664	-1
read_000665	mol_000665	1
read_000666	mol_000666	-1
read_000667	mol_000667	1
read_000668	mol_000668	1
read_000669	mol_000669	-1
read_000670	mol_000670	-1
read_000671	mol_000671	-1
read_000672	mol_000672	-1
read_000673	mol_000673	-1
read_000674	mol_000674	1
read_000675	mol_000675	-1
read_000676	mol_000676	1
read_000677	mol_000677	1
read_000678	mol_000678	-1
read_000679	mol_000679	-1
read_000680	mol_000680	1
read_000681	mol_000681	-1
read_000682	mol_000682	1
read_000683	mol_000683	-1
read_000684	mol_000684	-1
read_000685	mol_000685	1
read_000686	mol_000686	1
read_000687	mol_000687	-1
read_000688	mol_000688	1
read_000689	mol_000689	1
read_000690	mol_000690	-1
read_000691	mol_000691	1
read_000692	mol_000692	1
read_000693	mol_000693	1
read_000694	mol_000694	-1
read_000695	mol_000695	1
read_000696	mol_000696	-1
read_000697	mol_000697	1
read_000698	mol_000698	1
read_000699	mol_000699	1
read_000700	mol_000700	1
read_000701	mol_000701	1
read_000702	mol_000702	-1
read_000703	mol_000703	-1
read_000704	mol_000704	-1
read_000705	mol_000705	1
read_000706	mol_000706	1
read_000707	mol_000707	-1
read_000708	mol_000708	1
read_000709	mol_000709	1
read_000710	mol_000710	-1
read_000711	mol_000711	-1
read_000712	mol_000712	1
read_000713	mol_000713	1
read_000714	mol_000714	1
read_000715	mol_000715	-1
read_000716	mol_000716	-1
read_000717	mol_000717	1
read_000718	mol_000718	1
read_000719	mol_000719	1
read_000720	mol_000720	-1
read_000721	mol_000721	-1
read_000722	mol_000722	1
read_000723	mol_000723	-1
read_000724	mol_000724	-1
read_000725	mol_000725	1
read_000726	mol_000726	1
read_000727	mol_000727	-1
read_000728	mol_000728	-1
read_000729	mol_000729	-1
read_000730	mol_000730	1
read_000731	mol_000731	1
read_000732	mol_000732	1
read_000733	mol_000733	-1
read_000734	mol_000734	-1
read_000735	mol_000735	1
read_000736	mol_000736	1
read_000737	mol_000737	1
read_000738	mol_000738	-1
read_000739	mol_000739	1
read_000740	mol_000740	1
read_000741	mol_000741	-1
read_000742	mol_000742	-1
read_000743	mol_000743	1
read_000744	mol_000744	-1
read_000745	mol_000745	-1
read_000746	mol_000746	1
read_000747	mol_000747	1
read_000748	mol_000748	1
read_000749	mol_000749	1
read_000750	mol_000750	-1
read_000751	mol_000751	-1
read_000752	mol_000752	1
read_000753	mol_000753	1
read_000754	mol_000754	-1
read_000755	mol_000755	1
read_000756	mol_000756	-1
read_000757	mol_000757	1
read_000758	mol_000758	-1
read_000759	mol_000759	-1
read_000760	mol_000760	-1
read_000761	mol_000761	-1
read_000762	mol_000762	-1
read_000763	mol_000763	1
read_000764	mol_000764	-1
read_000765	mol_000765	-1
read_000766	mol_000766	1
read_000767	mol_000767	1
read_000768	mol_000768	1
read_000769	mol_000769	1
read_000770	mol_000770	-1
read_000771	mol_000771	-1
read_000772	mol_000772	-1
read_000773	mol_000773	-1
read_000774	mol_000774	-1
read_000775	mol_000775	1
read_000776	mol_000776	1
read_000777	mol_000777	-1
read_000778	mol_000778	-1
read_000779	mol_000779	1
read_000780	mol_000780	-1
read_000781	mol_000781	-1
read_000782	mol_000782	1
read_000783	mol_000783	1
read_000784	mol_000784	1
read_000785	mol_000785	1
read_000786	mol_000786	1
read_000787	mol_000787	1
read_000788	mol_000788	-1
read_000789	mol_000789	1
read_000790	mol_000790	-1
read_000791	mol_000791	1
read_000792	mol_000792	1
read_000793	mol_000793	-1
read_000794	mol_000794	1
read_000795	mol_000795	-1
read_000796	mol_000796	1
read_000797	mol_000797	1
read_000798	mol_000798	1
read_000799	mol_000799	-1
read_000800	mol_000800	1
read_000801	mol_000801	1
read_000802	mol_000802	-1
read_000803	mol_000803	-1
read_000804	mol_000804	-1
read_000805	mol_000805	-1
read_000806	mol_000806	1
read_000807	mol_000807	1
read_000808	mol_000808	1
read_000809	mol_000809	-1
read_000810	mol_000810	-1
read_000811	mol_000811	1
read_000812	mol_000812	-1
read_000813	mol_000813	1
read_000814	mol_000814	1
read_000815	mol_000815	1
read_000816	mol_000816	-1
read_000817	mol_000817	-1
read_000818	mol_000818	1
read_000819	mol_000819	-1
read_000820	mol_000820	1
read_000821	mol_000821	-1
read_000822	mol_000822	-1
read_000823	mol_000823	1
read_000824	mol_000824	-1
read_000825	mol_000825	-1
read_000826	mol_000826	1
read_000827	mol_000827	-1
read_000828	mol_000828	-1
read_000829	mol_000829	-1
read_000830	mol_000830	-1
read_000831	mol_000831	-1
read_000832	mol_000832	-1
read_000833	mol_000833	1
read_000834	mol_000834	1
read_000835	mol_000835	-1
read_000836	mol_000836	-1
read_000837	mol_000837	1
read_000838	mol_000838	1
read_000839	mol_000839	-1
read_000840	mol_000840	1
read_000841	mol_000841	-1
read_000842	mol_000842	-1
read_000843	mol_000843	1
read_000844	mol_000844	-1
read_000845	mol_000845	1
read_000846	mol_000846	-1
read_000847	mol_000847	1
read_000848	mol_000848	-1
read_000849	mol_000849	1
read_000850	mol_000850	-1
read_000851	mol_000851	1
read_000852	mol_000852	-1
read_000853	mol_000853	-1
read_000854	mol_000854	-1
read_000855	mol_000855	1
read_000856	mol_000856	1
read_000857	mol_000857	1
read_000858	mol_000858	-1
read_000859	mol_000859	-1
read_000860	mol_000860	-1
read_000861	mol_000861	1
read_000862	mol_000862	1
read_000863	mol_000863	1
read_000864	mol_000864	1
read_000865	mol_000865	1
read_000866	mol_000866	1
read_000867	mol_000867	1
read_000868	mol_000868	1
read_000869	mol_000869	1
read_000870	mol_000870	-1
read_000871	mol_000871	-1
read_000872	mol_000872	-1
read_000873	mol_000873	1
read_000874	mol_000874	1
read_000875	mol_000875	1
read_000876	mol_000876	-1
read_000877	mol_000877	-1
read_000878	mol_000878	1
read_000879	mol_000879	-1
read_000880	mol_000880	1
read_000881	mol_000881	-1
read_000882	mol_000882	-1
read_000883	mol_000883	1
read_000884	mol_000884	1
read_000885	mol_000885	1
read_000886	mol_000886	1
read_000887	mol_000887	1
read_000888	mol_000888	1
read_000889	mol_000889	-1
read_000890	mol_000890	-1
read_000891	mol_000891	1
read_000892	mol_000892	-1
read_000893	mol_000893	-1
read_000894	mol_000894	-1
read_000895	mol_000895	1
read_000896	mol_000896	-1
read_000897	mol_000897	-1
read_000898	mol_000898	-1
read_000899	mol_000899	-1
read_000900	mol_000900	1
read_000901	mol_000901	-1
read_000902	mol_000902	1
read_000903	mol_000903	1
read_000904	mol_000904	1
read_000905	mol_000905	1
read_000906	mol_000906	-1
read_000907	mol_000907	1
read_000908	mol_000908	1
read_000909	mol_000909	1
read_000910	mol_000910	-1
read_000911	mol_000911	1
read_000912	mol_000912	-1
read_000913	mol_000913	-1
read_000914	mol_000914	1
read_000915	mol_000915	1
read_000916	mol_000916	-1
read_000917	mol_000917	1
read_000918	mol_000918	-1
read_000919	mol_000919	-1
read_000920	mol_000920	1
read_000921	mol_000921	-1
read_000922	mol_000922	1
read_000923	mol_000923	-1
read_000924	mol_000924	-1
read_000925	mol_000925	1
read_000926	mol_000926	1
read_000927	mol_000927	-1
read_000928	mol_000928	-1
read_000929	mol_000929	1
read_000930	mol_000930	1
read_000931	mol_000931	-1
read_000932	mol_000932	1
read_000933	mol_000933	-1
read_000934	mol_000934	1
read_000935	mol_000935	-1
read_000936	mol_000936	-1
read_000937	mol_000937	-1
read_000938	mol_000938	-1
read_000939	mol_000939	1
read_000940	mol_000940	1
read_000941	mol_000941	-1
read_000942	mol_000942	1
read_000943	mol_000943	1
read_000944	mol_000944	-1
read_000945	mol_000945	1
read_000946	mol_000946	1
read_000947	mol_000947	-1
read_000948	mol_000948	1
read_000949	mol_000949	1
read_000950	mol_000950	-1
read_000951	mol_000951	-1
read_000952	mol_000952	1
read_000953	mol_000953	-1
read_000954	mol_000954	1
read_000955	mol_000955	1
read_000956	mol_000956	1
read_000957	mol_000957	-1
read_000958	mol_000958	-1
read_000959	mol_000959	-1
read_000960	mol_000960	1
read_000961	mol_000961	-1
read_000962	mol_000962	1
read_000963	mol_000963	1
read_000964	mol_000964	-1
read_000965	mol_000965	1
read_000966	mol_000966	-1
read_000967	mol_000967	-1
read_000968	mol_000968	1
read_000969	mol_000969	1
read_000970	mol_000970	-1
read_000971	mol_000971	-1
read_000972	mol_000972	-1
read_000973	mol_000973	1
read_000974	mol_000974	-1
read_000975	mol_000975	1
read_000976	mol_000976	1
read_000977	mol_000977	-1
read_000978	mol_000978	1
read_000979	mol_000979	1
read_000980	mol_000980	1
read_000981	mol_000981	1
read_000982	mol_000982	-1
read_000983	mol_000983	-1
read_000984	mol_000984	1
read_000985	mol_000985	1
read_000986	mol_000986	1
read_000987	mol_000987	1
read_000988	mol_000988	1
read_000989	mol_000989	1
read_000990	mol_000990	-1
read_000991	mol_000991	-1
read_000992	mol_000992	-1
read_000993	mol_000993	1
read_000994	mol_000994	1
read_000995	mol_000995	1
read_000996	mol_000996	1
read_000997	mol_000997	1
read_000998	mol_000998	-1
read_000999	mol_000999	-1
read_001000	mol_001000	1
read_001001	mol_001001	1
read_001002	mol_001002	1
read_001003	mol_001003	-1
read_001004	mol_001004	-1
read_001005	mol_001005	1
read_001006	mol_001006	-1
read_001007	mol_001007	1
read_001008	mol_001008	-1
read_001009	mol_001009	1
read_001010	mol_001010	-1
read_001011	mol_001011	-1
read_001012	mol_001012	1
read_001013	mol_001013	-1
read_001014	mol_001014	-1
read_001015	mol_001015	1
read_001016	mol_001016	-1
read_001017	mol_001017	1
read_001018	mol_001018	1
read_001019	mol_001019	-1
read_001020	mol_001020	-1
read_001021	mol_001021	-1
read_001022	mol_001022	1
read_001023	mol_001023	1
read_001024	mol_001024	-1
read_001025	mol_001025	-1
read_001026	mol_001026	1
read_001027	mol_001027	-1
read_001028	mol_001028	-1
read_001029	mol_001029	1
read_001030	mol_001030	1
read_001031	mol_001031	1
read_001032	mol_001032	1
read_001033	mol_001033	-1
read_001034	mol_001034	1
read_001035	mol_001035	1
read_001036	mol_001036	1
read_001037	mol_001037	-1
read_001038	mol_001038	-1
read_001039	mol_001039	1
read_001040	mol_001040	-1
read_001041	mol_001041	1
read_001042	mol_001042	1
read_001043	mol_001043	-1
read_001044	mol_001044	-1
read_001045	mol_001045	1
read_001046	mol_001046	1
read_001047	mol_001047	1
read_001048	mol_001048	1
read_001049	mol_001049	1
read_001050	mol_001050	1
read_001051	mol_001051	1
read_001052	mol_001052	-1
read_001053	mol_001053	-1
read_001054	mol_001054	-1
read_001055	mol_001055	-1
read_001056	mol_001056	1
read_001057	mol_001057	1
read_001058	mol_001058	1
read_001059	mol_001059	1
read_001060	mol_001060	-1
read_001061	mol_001061	1
read_001062	mol_001062	1
read_001063	mol_001063	-1
read_001064	mol_001064	-1
read_001065	mol_001065	-1
read_001066	mol_001066	-1
read_001067	mol_001067	-1
read_001068	mol_001068	1
read_001069	mol_001069	-1
read_001070	mol_001070	1
read_001071	mol_001071	1
read_001072	mol_001072	-1
read_001073	mol_001073	-1
read_001074	mol_001074	-1
read_001075	mol_001075	-1
read_001076	mol_001076	1
read_001077	mol_001077	-1
read_001078	mol_001078	-1
read_001079	mol_001079	-1
read_001080	mol_001080	-1
read_001081	mol_001081	1
read_001082	mol_001082	-1
read_001083	mol_001083	1
read_001084	mol_001084	-1
read_001085	mol_001085	-1
read_001086	mol_001086	-1
read_001087	mol_001087	1
read_001088	mol_001088	-1
read_001089	mol_001089	-1
read_001090	mol_001090	1
read_001091	mol_001091	1
read_001092	mol_001092	1
read_001093	mol_001093	1
read_001094	mol_001094	1
read_001095	mol_001095	1
read_001096	mol_001096	-1
read_001097	mol_001097	-1
read_001098	mol_001098	-1
read_001099	mol_001099	-1
read_001100	mol_001100	1
read_001101	mol_001101	-1
read_001102	mol_001102	-1
read_001103	mol_001103	1
read_001104	mol_001104	-1
read_001105	mol_001105	-1
read_001106	mol_001106	1
read_001107	mol_001107	-1
read_001108	mol_001108	-1
read_001109	mol_001109	1
read_001110	mol_001110	1
read_001111	mol_001111	-1
read_001112	mol_001112	1
read_001113	mol_001113	1
read_001114	mol_001114	1
read_001115	mol_001115	-1
read_001116	mol_001116	1
read_001117	mol_001117	-1
read_001118	mol_001118	-1
read_001119	mol_001119	-1
read_001120	mol_001120	-1
read_001121	mol_001121	1
read_001122	mol_001122	-1
read_001123	mol_001123	1
read_001124	mol_001124	-1
read_001125	mol_001125	-1
read_001126	mol_001126	1
read_001127	mol_001127	-1
read_001128	mol_001128	-1
read_001129	mol_001129	-1
read_001130	mol_001130	-1
read_001131	mol_001131	-1
read_001132	mol_001132	1
read_001133	mol_001133	1
read_001134	mol_001134	1
read_001135	mol_001135	1
read_001136	mol_001136	1
read_001137	mol_001137	1
read_001138	mol_001138	-1
read_001139	mol_001139	-1
read_001140	mol_001140	-1
read_001141	mol_001141	1
read_001142	mol_001142	-1
read_001143	mol_001143	1
read_001144	mol_001144	1
read_001145	mol_001145	1
read_001146	mol_001146	1
read_001147	mol_001147	-1
read_001148	mol_001148	-1
read_001149	mol_001149	1
read_001150	mol_001150	-1
read_001151	mol_001151	1
read_001152	mol_001152	-1
read_001153	mol_001153	1
read_001154	mol_001154	-1
read_001155	mol_001155	-1
read_001156	mol_001156	1
read_001157	mol_001157	-1
read_001158	mol_001158	-1
read_001159	mol_001159	1
read_001160	mol_001160	-1
read_001161	mol_001161	-1
read_001162	mol_001162	-1
read_001163	mol_001163	1
read_001164	mol_001164	1
read_001165	mol_001165	1
read_001166	mol_001166	1
read_001167	mol_001167	-1
read_001168	mol_001168	-1
read_001169	mol_001169	-1
read_001170	mol_001170	1
read_001171	mol_001171	-1
read_001172	mol_001172	-1
read_001173	mol_001173	-1
read_001174	mol_001174	-1
read_001175	mol_001175	1
read_001176	mol_001176	1
read_001177	mol_001177	1
read_001178	mol_001178	-1
read_001179	mol_001179	1
read_001180	mol_001180	1
read_001181	mol_001181	1
read_001182	mol_001182	1
read_001183	mol_001183	-1
read_001184	mol_001184	1
read_001185	mol_001185	1
read_001186	mol_001186	-1
read_001187	mol_001187	1
read_001188	mol_001188	-1
read_001189	mol_001189	1
read_001190	mol_001190	-1
read_001191	mol_001191	1
read_001192	mol_001192	-1
read_001193	mol_001193	1
read_001194	mol_001194	1
read_001195	mol_001195	-1
read_001196	mol_001196	1
read_001197	mol_001197	-1
read_001198	mol_001198	1
read_001199	mol_001199	1
read_001200	mol_001200	-1
read_001201	mol_001201	1
read_001202	mol_001202	-1
read_001203	mol_001203	-1
read_001204	mol_001204	1
read_001205	mol_001205	-1
read_001206	mol_001206	-1
read_001207	mol_001207	-1
read_001208	mol_001208	1
read_001209	mol_001209	-1
read_001210	mol_001210	1
read_001211	mol_001211	-1
read_001212	mol_001212	1
read_001213	mol_001213	-1
read_001214	mol_001214	-1
read_001215	mol_001215	-1
read_001216	mol_001216	-1
read_001217	mol_001217	1
read_001218	mol_001218	-1
read_001219	mol_001219	1
read_001220	mol_001220	1
read_001221	mol_001221	1
read_001222	mol_001222	-1
read_001223	mol_001223	1
read_001224	mol_001224	1
read_001225	mol_001225	-1
read_001226	mol_001226	-1
read_001227	mol_001227	1
read_001228	mol_001228	1
read_001229	mol_001229	-1
read_001230	mol_001230	-1
read_001231	mol_001231	1
read_001232	mol_001232	1
read_001233	mol_001233	1
read_001234	mol_001234	1
read_001235	mol_001235	-1
read_001236	mol_001236	1
read_001237	mol_001237	1
read_001238	mol_001238	1
read_001239	mol_001239	1
read_001240	mol_001240	1
read_001241	mol_001241	-1
read_001242	mol_001242	1
read_001243	mol_001243	1
read_001244	mol_001244	-1
read_001245	mol_001245	-1
read_001246	mol_001246	1
read_001247	mol_001247	1
read_001248	mol_001248	-1
read_001249	mol_001249	-1
read_001250	mol_001250	1
read_001251	mol_001251	-1
read_001252	mol_001252	1
read_001253	mol_001253	1
read_001254	mol_001254	1
read_001255	mol_001255	-1
read_001256	mol_001256	-1
read_001257	mol_001257	1
read_001258	mol_001258	1
read_001259	mol_001259	-1
read_001260	mol_001260	1
read_001261	mol_001261	1
read_001262	mol_001262	-1
read_001263	mol_001263	1
read_001264	mol_001264	1
read_001265	mol_001265	1
read_001266	mol_001266	-1
read_001267	mol_001267	1
read_001268	mol_001268	1
read_001269	mol_001269	-1
read_001270	mol_001270	-1
read_001271	mol_001271	-1
read_001272	mol_001272	1
read_001273	mol_001273	-1
read_001274	mol_001274	1
read_001275	mol_001275	-1
read_001276	mol_001276	-1
read_001277	mol_001277	1
read_001278	mol_001278	1
read_001279	mol_001279	-1
read_001280	mol_001280	1
read_001281	mol_001281	-1
read_001282	mol_001282	-1
read_001283	mol_001283	-1
read_001284	mol_001284	1
read_001285	mol_001285	-1
read_001286	mol_001286	1
read_001287	mol_001287	1
read_001288	mol_001288	1
read_001289	mol_001289	1
read_001290	mol_001290	1
read_001291	mol_001291	1
read_001292	mol_001292	-1
read_001293	mol_001293	1
read_001294	mol_001294	1
read_001295	mol_001295	-1
read_001296	mol_001296	1
read_001297	mol_001297	-1
read_001298	mol_001298	-1
read_001299	mol_001299	1
read_001300	mol_001300	1
read_001301	mol_001301	1
read_001302	mol_001302	1
read_001303	mol_001303	-1
read_001304	mol_001304	-1
read_001305	mol_001305	-1
read_001306	mol_001306	-1
read_001307	mol_001307	-1
read_001308	mol_001308	1
read_001309	mol_001309	1
read_001310	mol_001310	-1
read_001311	mol_001311	-1
read_001312	mol_001312	-1
read_001313	mol_001313	1
read_001314	mol_001314	1
read_001315	mol_001315	-1
read_001316	mol_001316	1
read_001317	mol_001317	1
read_001318	mol_001318	-1
read_001319	mol_001319	-1
read_001320	mol_001320	1
read_001321	mol_001321	1
read_001322	mol_001322	1
read_001323	mol_001323	-1
read_001324	mol_001324	1
read_001325	mol_001325	-1
read_001326	mol_001326	-1
read_001327	mol_001327	-1
read_001328	mol_001328	-1
read_001329	mol_001329	-1
read_001330	mol_001330	-1
read_001331	mol_001331	-1
read_001332	mol_001332	-1
read_001333	mol_001333	-1
read_001334	mol_001334	-1
read_001335	mol_001335	-1
read_001336	mol_001336	1
read_001337	mol_001337	1
read_001338	mol_001338	-1
read_001339	mol_001339	-1
read_001340	mol_001340	-1
read_001341	mol_001341	1
read_001342	mol_001342	-1
read_001343	mol_001343	-1
read_001344	mol_001344	-1
read_001345	mol_001345	1
read_001346	mol_001346	1
read_001347	mol_001347	1
read_001348	mol_001348	-1
read_001349	mol_001349	-1
read_001350	mol_001350	1
read_001351	mol_001351	1
read_001352	mol_001352	1
read_001353	mol_001353	1
read_001354	mol_001354	-1
read_001355	mol_001355	1
read_001356	mol_001356	-1
read_001357	mol_001357	1
read_001358	mol_001358	1
read_001359	mol_001359	1
read_001360	mol_001360	-1
read_001361	mol_001361	1
read_001362	mol_001362	1
read_001363	mol_001363	1
read_001364	mol_001364	1
read_001365	mol_001365	-1
read_001366	mol_001366	-1
read_001367	mol_001367	1
read_001368	mol_001368	-1
read_001369	mol_001369	1
read_001370	mol_001370	-1
read_001371	mol_001371	1
read_001372	mol_001372	-1
read_001373	mol_001373	1
read_001374	mol_001374	1
read_001375	mol_001375	-1
read_001376	mol_001376	1
read_001377	mol_001377	1
read_001378	mol_001378	1
read_001379	mol_001379	-1
read_001380	mol_001380	1
read_001381	mol_001381	1
read_001382	mol_001382	1
read_001383	mol_001383	-1
read_001384	mol_001384	1
read_001385	mol_001385	1
read_001386	mol_001386	-1
read_001387	mol_001387	1
read_001388	mol_001388	1
read_001389	mol_001389	-1
read_001390	mol_001390	1
read_001391	mol_001391	1
read_001392	mol_001392	-1
read_001393	mol_001393	-1
read_001394	mol_001394	-1
read_001395	mol_001395	-1
read_001396	mol_001396	-1
read_001397	mol_001397	1
read_001398	mol_001398	-1
read_001399	mol_001399	-1
read_001400	mol_001400	-1
read_001401	mol_001401	-1
read_001402	mol_001402	1
read_001403	mol_001403	1
read_001404	mol_001404	-1
read_001405	mol_001405	1
read_001406	mol_001406	1
read_001407	mol_001407	1
read_001408	mol_001408	-1
read_001409	mol_001409	-1
read_001410	mol_001410	1
read_001411	mol_001411	-1
read_001412	mol_001412	-1
read_001413	mol_001413	-1
read_001414	mol_001414	-1
read_001415	mol_001415	1
read_001416	mol_001416	1
read_001417	mol_001417	-1
read_001418	mol_001418	1
read_001419	mol_001419	1
read_001420	mol_001420	-1
read_001421	mol_001421	-1
read_001422	mol_001422	-1
read_001423	mol_001423	-1
read_001424	mol_001424	-1
read_001425	mol_001425	1
read_001426	mol_001426	-1
read_001427	mol_001427	-1
read_001428	mol_001428	-1
read_001429	mol_001429	-1
read_001430	mol_001430	1
read_001431	mol_001431	-1
read_001432	mol_001432	1
read_001433	mol_001433	-1
read_001434	mol_001434	-1
read_001435	mol_001435	-1
read_001436	mol_001436	1
read_001437	mol_001437	-1
read_001438	mol_001438	1
read_001439	mol_001439	1
read_001440	mol_001440	-1
read_001441	mol_001441	-1
read_001442	mol_001442	-1
read_001443	mol_001443	-1
read_001444	mol_001444	-1
read_001445	mol_001445	-1
read_001446	mol_001446	-1
read_001447	mol_001447	1
read_001448	mol_001448	1
read_001449	mol_001449	1
read_001450	mol_001450	-1
read_001451	mol_001451	-1
read_001452	mol_001452	-1
read_001453	mol_001453	1
read_001454	mol_001454	1
read_001455	mol_001455	1
read_001456	mol_001456	-1
read_001457	mol_001457	-1
read_001458	mol_001458	-1
read_001459	mol_001459	-1
read_001460	mol_001460	-1
read_001461	mol_001461	-1
read_001462	mol_001462	1
read_001463	mol_001463	1
read_001464	mol_001464	-1
read_001465	mol_001465	-1
read_001466	mol_001466	-1
read_001467	mol_001467	1
read_001468	mol_001468	-1
read_001469	mol_001469	1
read_001470	mol_001470	1
read_001471	mol_001471	-1
read_001472	mol_001472	1
read_001473	mol_001473	-1
read_001474	mol_001474	1
read_001475	mol_001475	1
read_001476	mol_001476	-1
read_001477	mol_001477	-1
read_001478	mol_001478	-1
read_001479	mol_001479	1
read_001480	mol_001480	1
read_001481	mol_001481	-1
read_001482	mol_001482	-1
read_001483	mol_001483	1
read_001484	mol_001484	1
read_001485	mol_001485	-1
read_001486	mol_001486	1
read_001487	mol_001487	1
read_001488	mol_001488	-1
read_001489	mol_001489	1
read_001490	mol_001490	-1
read_001491	mol_001491	-1
read_001492	mol_001492	-1
read_001493	mol_001493	-1
read_001494	mol_001494	-1
read_001495	mol_001495	1
read_001496	mol_001496	-1
read_001497	mol_001497	1
read_001498	mol_001498	1
read_001499	mol_001499	-1
read_001500	mol_001500	-1
read_001501	mol_001501	-1
read_001502	mol_001502	1
read_001503	mol_001503	-1
read_001504	mol_001504	-1
read_001505	mol_001505	-1
read_001506	mol_001506	-1
read_001507	mol_001507	-1
read_001508	mol_001508	1
read_001509	mol_001509	1
read_001510	mol_001510	-1
read_001511	mol_001511	1
read_001512	mol_001512	-1
read_001513	mol_001513	-1
read_001514	mol_001514	1
read_001515	mol_001515	-1
read_001516	mol_001516	-1
read_001517	mol_001517	1
read_001518	mol_001518	1
read_001519	mol_001519	-1
read_001520	mol_001520	1
read_001521	mol_001521	-1
read_001522	mol_001522	-1
read_001523	mol_001523	1
read_001524	mol_001524	1
read_001525	mol_001525	-1
read_001526	mol_001526	-1
read_001527	mol_001527	1
read_001528	mol_001528	1
read_001529	mol_001529	-1
read_001530	mol_001530	-1
read_001531	mol_001531	1
read_001532	mol_001532	1
read_001533	mol_001533	-1
read_001534	mol_001534	1
read_001535	mol_001535	1
read_001536	mol_001536	1
read_001537	mol_001537	-1
read_001538	mol_001538	1
read_001539	mol_001539	1
read_001540	mol_001540	-1
read_001541	mol_001541	1
read_001542	mol_001542	-1
read_001543	mol_001543	1
read_001544	mol_001544	-1
read_001545	mol_001545	-1
read_001546	mol_001546	1
read_001547	mol_001547	-1
read_001548	mol_001548	-1
read_001549	mol_001549	-1
read_001550	mol_001550	1
read_001551	mol_001551	-1
read_001552	mol_001552	-1
read_001553	mol_001553	-1
read_001554	mol_001554	1
read_001555	mol_001555	1
read_001556	mol_001556	-1
read_001557	mol_001557	1
read_001558	mol_001558	1
read_001559	mol_001559	-1
read_001560	mol_001560	1
read_001561	mol_001561	1
read_001562	mol_001562	1
read_001563	mol_001563	-1
read_001564	mol_001564	-1
read_001565	mol_001565	1
read_001566	mol_001566	-1
read_001567	mol_001567	-1
read_001568	mol_001568	1
read_001569	mol_001569	-1
read_001570	mol_001570	1
read_001571	mol_001571	1
read_001572	mol_001572	-1
read_001573	mol_001573	1
read_001574	mol_001574	1
read_001575	mol_001575	1
read_001576	mol_001576	1
read_001577	mol_001577	-1
read_001578	mol_001578	1
read_001579	mol_001579	-1
read_001580	mol_001580	-1
read_001581	mol_001581	1
read_001582	mol_001582	1
read_001583	mol_001583	-1
read_001584	mol_001584	1
read_001585	mol_001585	1
read_001586	mol_001586	-1
read_001587	mol_001587	-1
read_001588	mol_001588	-1
read_001589	mol_001589	1
read_001590	mol_001590	-1
read_001591	mol_001591	-1
read_001592	mol_001592	1
read_001593	mol_001593	-1
read_001594	mol_001594	-1
read_001595	mol_001595	1
read_001596	mol_001596	1
read_001597	mol_001597	1
read_001598	mol_001598	-1
read_001599	mol_001599	-1
read_001600	mol_001600	1
read_001601	mol_001601	1
read_001602	mol_001602	1
read_001603	mol_001603	1
read_001604	mol_001604	-1
read_001605	mol_001605	-1
read_001606	mol_001606	1
read_001607	mol_001607	1
read_001608	mol_001608	1
read_001609	mol_001609	-1
read_001610	mol_001610	1
read_001611	mol_001611	-1
read_001612	mol_001612	-1
read_001613	mol_001613	1
read_001614	mol_001614	1
read_001615	mol_001615	1
read_001616	mol_001616	-1
read_001617	mol_001617	-1
read_001618	mol_001618	1
read_001619	mol_001619	-1
read_001620	mol_001620	1
read_001621	mol_001621	1
read_001622	mol_001622	-1
read_001623	mol_001623	1
read_001624	mol_001624	-1
read_001625	mol_001625	-1
read_001626	mol_001626	-1
read_001627	mol_001627	-1
read_001628	mol_001628	-1
read_001629	mol_001629	1
read_001630	mol_001630	-1
read_001631	mol_001631	1
read_001632	mol_001632	-1
read_001633	mol_001633	-1
read_001634	mol_001634	1
read_001635	mol_001635	-1
read_001636	mol_001636	1
read_001637	mol_001637	1
read_001638	mol_001638	1
read_001639	mol_001639	1
read_001640	mol_001640	1
read_001641	mol_001641	-1
read_001642	mol_001642	-1
read_001643	mol_001643	1
read_001644	mol_001644	-1
read_001645	mol_001645	-1
read_001646	mol_001646	-1
read_001647	mol_001647	-1
read_001648	mol_001648	-1
read_001649	mol_001649	1
read_001650	mol_001650	1
read_001651	mol_001651	1
read_001652	mol_001652	-1
read_001653	mol_001653	1
read_001654	mol_001654	1
read_001655	mol_001655	1
read_001656	mol_001656	1
read_001657	mol_001657	1
read_001658	mol_001658	-1
read_001659	mol_001659	-1
read_001660	mol_001660	-1
read_001661	mol_001661	1
read_001662	mol_001662	-1
read_001663	mol_001663	-1
read_001664	mol_001664	1
read_001665	mol_001665	1
read_001666	mol_001666	-1
read_001667	mol_001667	-1
read_001668	mol_001668	1
read_001669	mol_001669	1
read_001670	mol_001670	-1
read_001671	mol_001671	1
read_001672	mol_001672	1
read_001673	mol_001673	1
read_001674	mol_001674	-1
read_001675	mol_001675	-1
read_001676	mol_001676	-1
read_001677	mol_001677	1
read_001678	mol_001678	1
read_001679	mol_001679	-1
read_001680	mol_001680	-1
read_001681	mol_001681	1
read_001682	mol_001682	-1
read_001683	mol_001683	1
read_001684	mol_001684	1
read_001685	mol_001685	1
read_001686	mol_001686	1
read_001687	mol_001687	-1
read_001688	mol_001688	1
read_001689	mol_001689	-1
read_001690	mol_001690	1
read_001691	mol_001691	-1
read_001692	mol_001692	1
read_001693	mol_001693	-1
read_001694	mol_001694	1
read_001695	mol_001695	1
read_001696	mol_001696	-1
read_001697	mol_001697	1
read_001698	mol_001698	1
read_001699	mol_001699	1
read_001700	mol_001700	1
read_001701	mol_001701	1
read_001702	mol_001702	-1
read_001703	mol_001703	-1
read_001704	mol_001704	1
read_001705	mol_001705	1
read_001706	mol_001706	-1
read_001707	mol_001707	-1
read_001708	mol_001708	-1
read_001709	mol_001709	-1
read_001710	mol_001710	-1
read_001711	mol_001711	1
read_001712	mol_001712	1
read_001713	mol_001713	1
read_001714	mol_001714	-1
read_001715	mol_001715	1
read_001716	mol_001716	1
read_001717	mol_001717	-1
read_001718	mol_001718	1
read_001719	mol_001719	1
read_001720	mol_001720	1
read_001721	mol_001721	-1
read_001722	mol_001722	1
read_001723	mol_001723	1
read_001724	mol_001724	1
read_001725	mol_001725	1
read_001726	mol_001726	-1
read_001727	mol_001727	1
read_001728	mol_001728	1
read_001729	mol_001729	1
read_001730	mol_001730	1
read_001731	mol_001731	1
read_001732	mol_001732	-1
read_001733	mol_001733	1
read_001734	mol_001734	-1
read_001735	mol_001735	-1
read_001736	mol_001736	1
read_001737	mol_001737	1
read_001738	mol_001738	1
read_001739	mol_001739	1
read_001740	mol_001740	1
read_001741	mol_001741	1
read_001742	mol_001742	1
read_001743	mol_001743	1
read_001744	mol_001744	1
read_001745	mol_001745	-1
read_001746	mol_001746	-1
read_001747	mol_001747	1
read_001748	mol_001748	1
read_001749	mol_001749	1
read_001750	mol_001750	-1
read_001751	mol_001751	-1
read_001752	mol_001752	1
read_001753	mol_001753	1
read_001754	mol_001754	1
read_001755	mol_001755	-1
read_001756	mol_001756	1
read_001757	mol_001757	-1
read_001758	mol_001758	1
read_001759	mol_001759	-1
read_001760	mol_001760	-1
read_001761	mol_001761	1
read_001762	mol_001762	-1
read_001763	mol_001763	-1
read_001764	mol_001764	-1
read_001765	mol_001765	1
read_001766	mol_001766	1
read_001767	mol_001767	1
read_001768	mol_001768	1
read_001769	mol_001769	1
read_001770	mol_001770	1
read_001771	mol_001771	-1
read_001772	mol_001772	1
read_001773	mol_001773	1
read_001774	mol_001774	1
read_001775	mol_001775	1
read_001776	mol_001776	1
read_001777	mol_001777	-1
read_001778	mol_001778	-1
read_001779	mol_001779	-1
read_001780	mol_001780	1
read_001781	mol_001781	-1
read_001782	mol_001782	-1
read_001783	mol_001783	-1
read_001784	mol_001784	-1
read_001785	mol_001785	1
read_001786	mol_001786	1
read_001787	mol_001787	1
read_001788	mol_001788	-1
read_001789	mol_001789	-1
read_001790	mol_001790	-1
read_001791	mol_001791	1
read_001792	mol_001792	-1
read_001793	mol_001793	-1
read_001794	mol_001794	1
read_001795	mol_001795	1
read_001796	mol_001796	-1
read_001797	mol_001797	1
read_001798	mol_001798	-1
read_001799	mol_001799	1
read_001800	mol_001800	1
read_001801	mol_001801	1
read_001802	mol_001802	-1
read_001803	mol_001803	-1
read_001804	mol_001804	1
read_001805	mol_001805	-1
read_001806	mol_001806	1
read_001807	mol_001807	1
read_001808	mol_001808	-1
read_001809	mol_001809	-1
read_001810	mol_001810	-1
read_001811	mol_001811	1
read_001812	mol_001812	1
read_001813	mol_001813	1
read_001814	mol_001814	-1
read_001815	mol_001815	1
read_001816	mol_001816	-1
read_001817	mol_001817	-1
read_001818	mol_001818	-1
read_001819	mol_001819	-1
read_001820	mol_001820	1
read_001821	mol_001821	-1
read_001822	mol_001822	1
read_001823	mol_001823	-1
read_001824	mol_001824	1
read_001825	mol_001825	-1
read_001826	mol_001826	1
read_001827	mol_001827	1
read_001828	mol_001828	-1
read_001829	mol_001829	1
read_001830	mol_001830	1
read_001831	mol_001831	1
read_001832	mol_001832	1
read_001833	mol_001833	-1
read_001834	mol_001834	-1
read_001835	mol_001835	1
read_001836	mol_001836	1
read_001837	mol_001837	1
read_001838	mol_001838	-1
read_001839	mol_001839	1
read_001840	mol_001840	1
read_001841	mol_001841	1
read_001842	mol_001842	1
read_001843	mol_001843	1
read_001844	mol_001844	1
read_001845	mol_001845	1
read_001846	mol_001846	1
read_001847	mol_001847	1
read_001848	mol_001848	1
read_001849	mol_001849	1
read_001850	mol_001850	-1
read_001851	mol_001851	-1
read_001852	mol_001852	-1
read_001853	mol_001853	-1
read_001854	mol_001854	-1
read_001855	mol_001855	-1
read_001856	mol_001856	1
read_001857	mol_001857	1
read_001858	mol_001858	1
read_001859	mol_001859	-1
read_001860	mol_001860	-1
read_001861	mol_001861	1
read_001862	mol_001862	-1
read_001863	mol_001863	1
read_001864	mol_001864	1
read_001865	mol_001865	-1
read_001866	mol_001866	1
read_001867	mol_001867	1
read_001868	mol_001868	-1
read_001869	mol_001869	-1
read_001870	mol_001870	-1
read_001871	mol_001871	-1
read_001872	mol_001872	1
read_001873	mol_001873	1
read_001874	mol_001874	-1
read_001875	mol_001875	-1
read_001876	mol_001876	-1
read_001877	mol_001877	-1
read_001878	mol_001878	1
read_001879	mol_001879	1
read_001880	mol_001880	-1
read_001881	mol_001881	1
read_001882	mol_001882	-1
read_001883	mol_001883	1
read_001884	mol_001884	1
read_001885	mol_001885	1
read_001886	mol_001886	1
read_001887	mol_001887	1
read_001888	mol_001888	-1
read_001889	mol_001889	-1
read_001890	mol_001890	1
read_001891	mol_001891	-1
read_001892	mol_001892	-1
read_001893	mol_001893	-1
read_001894	mol_001894	-1
read_001895	mol_001895	-1
read_001896	mol_001896	1
read_001897	mol_001897	1
read_001898	mol_001898	-1
read_001899	mol_001899	1
read_001900	mol_001900	-1
read_001901	mol_001901	1
read_001902	mol_001902	1
read_001903	mol_001903	1
read_001904	mol_001904	-1
read_001905	mol_001905	1
read_001906	mol_001906	-1
read_001907	mol_001907	-1
read_001908	mol_001908	1
read_001909	mol_001909	1
read_001910	mol_001910	1
read_001911	mol_001911	1
read_001912	mol_001912	-1
read_001913	mol_001913	-1
read_001914	mol_001914	-1
read_001915	mol_001915	-1
read_001916	mol_001916	1
read_001917	mol_001917	-1
read_001918	mol_001918	-1
read_001919	mol_001919	-1
read_001920	mol_001920	-1
read_001921	mol_001921	1
read_001922	mol_001922	1
read_001923	mol_001923	-1
read_001924	mol_001924	1
read_001925	mol_001925	1
read_001926	mol_001926	1
read_001927	mol_001927	1
read_001928	mol_001928	1
read_001929	mol_001929	1
read_001930	mol_001930	1
read_001931	mol_001931	1
read_001932	mol_001932	1
read_001933	mol_001933	1
read_001934	mol_001934	-1
read_001935	mol_001935	-1
read_001936	mol_001936	-1
read_001937	mol_001937	1
read_001938	mol_001938	-1
read_001939	mol_001939	-1
read_001940	mol_001940	1
read_001941	mol_001941	1
read_001942	mol_001942	1
read_001943	mol_001943	-1
read_001944	mol_001944	-1
read_001945	mol_001945	1
read_001946	mol_001946	-1
read_001947	mol_001947	1
read_001948	mol_001948	-1
read_001949	mol_001949	-1
read_001950	mol_001950	1
read_001951	mol_001951	-1
read_001952	mol_001952	1
read_001953	mol_001953	1
read_001954	mol_001954	-1
read_001955	mol_001955	-1
read_001956	mol_001956	-1
read_001957	mol_001957	-1
read_001958	mol_001958	1
read_001959	mol_001959	-1
read_001960	mol_001960	1
read_001961	mol_001961	-1
read_001962	mol_001962	1
read_001963	mol_001963	1
read_001964	mol_001964	-1
read_001965	mol_001965	1
read_001966	mol_001966	1
read_001967	mol_001967	-1
read_001968	mol_001968	1
read_001969	mol_001969	-1
read_001970	mol_001970	1
read_001971	mol_001971	-1
read_001972	mol_001972	-1
read_001973	mol_001973	-1
read_001974	mol_001974	-1
read_001975	mol_001975	1
read_001976	mol_001976	-1
read_001977	mol_001977	1
read_001978	mol_001978	1
read_001979	mol_001979	1
read_001980	mol_001980	1
read_001981	mol_001981	1
read_001982	mol_001982	1
read_001983	mol_001983	-1
read_001984	mol_001984	-1
read_001985	mol_001985	1
read_001986	mol_001986	-1
read_001987	mol_001987	-1
read_001988	mol_001988	1
read_001989	mol_001989	-1
read_001990	mol_001990	-1
read_001991	mol_001991	-1
read_001992	mol_001992	1
read_001993	mol_001993	1
read_001994	mol_001994	1
read_001995	mol_001995	1
read_001996	mol_001996	-1
read_001997	mol_001997	-1
read_001998	mol_001998	1
read_001999	mol_001999	1
read_002000	mol_002000	1
read_002001	mol_002001	1
read_002002	mol_002002	1
read_002003	mol_002003	1
read_002004	mol_002004	-1
read_002005	mol_002005	1
read_002006	mol_002006	1
read_002007	mol_002007	-1
read_002008	mol_002008	1
read_002009	mol_002009	1
read_002010	mol_002010	1
read_002011	mol_002011	1
read_002012	mol_002012	1
read_002013	mol_002013	-1
read_002014	mol_002014	1
read_002015	mol_002015	1
read_002016	mol_002016	-1
read_002017	mol_002017	1
read_002018	mol_002018	-1
read_002019	mol_002019	1
read_002020	mol_002020	1
read_002021	mol_002021	1
read_002022	mol_002022	-1
read_002023	mol_002023	1
read_002024	mol_002024	-1
read_002025	mol_002025	-1
read_002026	mol_002026	-1
read_002027	mol_002027	-1
read_002028	mol_002028	1
read_002029	mol_002029	1
read_002030	mol_002030	1
read_002031	mol_002031	1
read_002032	mol_002032	1
read_002033	mol_002033	1
read_002034	mol_002034	1
read_002035	mol_002035	1
read_002036	mol_002036	-1
read_002037	mol_002037	1
read_002038	mol_002038	-1
read_002039	mol_002039	1
read_002040	mol_002040	-1
read_002041	mol_002041	1
read_002042	mol_002042	-1
read_002043	mol_002043	-1
read_002044	mol_002044	-1
read_002045	mol_002045	1
read_002046	mol_002046	1
read_002047	mol_002047	-1
read_002048	mol_002048	-1
read_002049	mol_002049	1
read_002050	mol_002050	-1
read_002051	mol_002051	1
read_002052	mol_002052	1
read_002053	mol_002053	1
read_002054	mol_002054	1
read_002055	mol_002055	-1
read_002056	mol_002056	-1
read_002057	mol_002057	-1
read_002058	mol_002058	1
read_002059	mol_002059	1
read_002060	mol_002060	-1
read_002061	mol_002061	1
read_002062	mol_002062	-1
read_002063	mol_002063	-1
read_002064	mol_002064	-1
read_002065	mol_002065	1
read_002066	mol_002066	-1
read_002067	mol_002067	-1
read_002068	mol_002068	1
read_002069	mol_002069	-1
read_002070	mol_002070	-1
read_002071	mol_002071	-1
read_002072	mol_002072	-1
read_002073	mol_002073	1
read_002074	mol_002074	-1
read_002075	mol_002075	1
read_002076	mol_002076	1
read_002077	mol_002077	-1
read_002078	mol_002078	1
read_002079	mol_002079	1
read_002080	mol_002080	1
read_002081	mol_002081	-1
read_002082	mol_002082	1
read_002083	mol_002083	-1
read_002084	mol_002084	-1
read_002085	mol_002085	1
read_002086	mol_002086	1
read_002087	mol_002087	-1
read_002088	mol_002088	-1
read_002089	mol_002089	1
read_002090	mol_002090	1
read_002091	mol_002091	-1
read_002092	mol_002092	1
read_002093	mol_002093	-1
read_002094	mol_002094	-1
read_002095	mol_002095	-1
read_002096	mol_002096	1
read_002097	mol_002097	-1
read_002098	mol_002098	-1
read_002099	mol_002099	-1
read_002100	mol_002100	1
read_002101	mol_002101	1
read_002102	mol_002102	-1
read_002103	mol_002103	-1
read_002104	mol_002104	1
read_002105	mol_002105	-1
read_002106	mol_002106	1
read_002107	mol_002107	-1
read_002108	mol_002108	-1
read_002109	mol_002109	1
read_002110	mol_002110	1
read_002111	mol_002111	-1
read_002112	mol_002112	-1
read_002113	mol_002113	1
read_002114	mol_002114	-1
read_002115	mol_002115	-1
read_002116	mol_002116	-1
read_002117	mol_002117	-1
read_002118	mol_002118	1
read_002119	mol_002119	-1
read_002120	mol_002120	-1
read_002121	mol_002121	1
read_002122	mol_002122	1
read_002123	mol_002123	-1
read_002124	mol_002124	-1
read_002125	mol_002125	-1
read_002126	mol_002126	-1
read_002127	mol_002127	-1
read_002128	mol_002128	-1
read_002129	mol_002129	-1
read_002130	mol_002130	-1
read_002131	mol_002131	-1
read_002132	mol_002132	1
read_002133	mol_002133	-1
read_002134	mol_002134	-1
read_002135	mol_002135	1
read_002136	mol_002136	-1
read_002137	mol_002137	-1
read_002138	mol_002138	-1
read_002139	mol_002139	1
read_002140	mol_002140	-1
read_002141	mol_002141	-1
read_002142	mol_002142	-1
read_002143	mol_002143	-1
read_002144	mol_002144	1
read_002145	mol_002145	-1
read_002146	mol_002146	1
read_002147	mol_002147	1
read_002148	mol_002148	-1
read_002149	mol_002149	-1
read_002150	mol_002150	-1
read_002151	mol_002151	-1
read_002152	mol_002152	1
read_002153	mol_002153	-1
read_002154	mol_002154	-1
read_002155	mol_002155	1
read_002156	mol_002156	1
read_002157	mol_002157	1
read_002158	mol_002158	1
read_002159	mol_002159	1
read_002160	mol_002160	-1
read_002161	mol_002161	1
read_002162	mol_002162	1
read_002163	mol_002163	-1
read_002164	mol_002164	1
read_002165	mol_002165	-1
read_002166	mol_002166	-1
read_002167	mol_002167	1
read_002168	mol_002168	-1
read_002169	mol_002169	-1
read_002170	mol_002170	-1
read_002171	mol_002171	1
read_002172	mol_002172	-1
read_002173	mol_002173	1
read_002174	mol_002174	1
read_002175	mol_002175	1
read_002176	mol_002176	1
read_002177	mol_002177	1
read_002178	mol_002178	1
read_002179	mol_002179	-1
read_002180	mol_002180	-1
read_002181	mol_002181	-1
read_002182	mol_002182	1
read_002183	mol_002183	-1
read_002184	mol_002184	-1
read_002185	mol_002185	1
read_002186	mol_002186	1
read_002187	mol_002187	1
read_002188	mol_002188	-1
read_002189	mol_002189	-1
read_002190	mol_002190	1
read_002191	mol_002191	1
read_002192	mol_002192	-1
read_002193	mol_002193	1
read_002194	mol_002194	1
read_002195	mol_002195	-1
read_002196	mol_002196	-1
read_002197	mol_002197	1
read_002198	mol_002198	1
read_002199	mol_002199	-1
read_002200	mol_002200	-1
read_002201	mol_002201	-1
read_002202	mol_002202	-1
read_002203	mol_002203	1
read_002204	mol_002204	-1
read_002205	mol_002205	1
read_002206	mol_002206	1
read_002207	mol_002207	-1
read_002208	mol_002208	-1
read_002209	mol_002209	-1
read_002210	mol_002210	1
read_002211	mol_002211	-1
read_002212	mol_002212	-1
read_002213	mol_002213	-1
read_002214	mol_002214	1
read_002215	mol_002215	1
read_002216	mol_002216	1
read_002217	mol_002217	-1
read_002218	mol_002218	-1
read_002219	mol_002219	-1
read_002220	mol_002220	-1
read_002221	mol_002221	1
read_002222	mol_002222	1
read_002223	mol_002223	-1
read_002224	mol_002224	1
read_002225	mol_002225	-1
read_002226	mol_002226	1
read_002227	mol_002227	-1
read_002228	mol_002228	1
read_002229	mol_002229	-1
read_002230	mol_002230	1
read_002231	mol_002231	-1
read_002232	mol_002232	-1
read_002233	mol_002233	-1
read_002234	mol_002234	1
read_002235	mol_002235	1
read_002236	mol_002236	-1
read_002237	mol_002237	1
read_002238	mol_002238	-1
read_002239	mol_002239	-1
read_002240	mol_002240	1
read_002241	mol_002241	-1
read_002242	mol_002242	-1
read_002243	mol_002243	-1
read_002244	mol_002244	-1
read_002245	mol_002245	1
read_002246	mol_002246	1
read_002247	mol_002247	1
read_002248	mol_002248	-1
read_002249	mol_002249	1
read_002250	mol_002250	1
read_002251	mol_002251	-1
read_002252	mol_002252	1
read_002253	mol_002253	-1
read_002254	mol_002254	-1
read_002255	mol_002255	-1
read_002256	mol_002256	-1
read_002257	mol_002257	-1
read_002258	mol_002258	1
read_002259	mol_002259	1
read_002260	mol_002260	-1
read_002261	mol_002261	1
read_002262	mol_002262	-1
read_002263	mol_002263	1
read_002264	mol_002264	1
read_002265	mol_002265	-1
read_002266	mol_002266	-1
read_002267	mol_002267	-1
read_002268	mol_002268	1
read_002269	mol_002269	1
read_002270	mol_002270	1
read_002271	mol_002271	1
read_002272	mol_002272	1
read_002273	mol_002273	-1
read_002274	mol_002274	1
read_002275	mol_002275	-1
read_002276	mol_002276	1
read_002277	mol_002277	-1
read_002278	mol_002278	1
read_002279	mol_002279	-1
read_002280	mol_002280	1
read_002281	mol_002281	1
read_002282	mol_002282	1
read_002283	mol_002283	1
read_002284	mol_002284	-1
read_002285	mol_002285	1
read_002286	mol_002286	-1
read_002287	mol_002287	1
read_002288	mol_002288	1
read_002289	mol_002289	-1
read_002290	mol_002290	-1
read_002291	mol_002291	1
read_002292	mol_002292	-1
read_002293	mol_002293	-1
read_002294	mol_002294	1
read_002295	mol_002295	1
read_002296	mol_002296	1
read_002297	mol_002297	1
read_002298	mol_002298	-1
read_002299	mol_002299	-1
read_002300	mol_002300	1
read_002301	mol_002301	1
read_002302	mol_002302	1
read_002303	mol_002303	-1
read_002304	mol_002304	-1
read_002305	mol_002305	1
read_002306	mol_002306	1
read_002307	mol_002307	-1
read_002308	mol_002308	-1
read_002309	mol_002309	-1
read_002310	mol_002310	-1
read_002311	mol_002311	1
read_002312	mol_002312	-1
read_002313	mol_002313	-1
read_002314	mol_002314	1
read_002315	mol_002315	1
read_002316	mol_002316	1
read_002317	mol_002317	-1
read_002318	mol_002318	-1
read_002319	mol_002319	1
read_002320	mol_002320	-1
read_002321	mol_002321	-1
read_002322	mol_002322	-1
read_002323	mol_002323	1
read_002324	mol_002324	1
read_002325	mol_002325	1
read_002326	mol_002326	-1
read_002327	mol_002327	-1
read_002328	mol_002328	-1
read_002329	mol_002329	-1
read_002330	mol_002330	1
read_002331	mol_002331	1
read_002332	mol_002332	1
read_002333	mol_002333	-1
read_002334	mol_002334	-1
read_002335	mol_002335	-1
read_002336	mol_002336	1
read_002337	mol_002337	1
read_002338	mol_002338	1
read_002339	mol_002339	1
read_002340	mol_002340	-1
read_002341	mol_002341	-1
read_002342	mol_002342	-1
read_002343	mol_002343	1
read_002344	mol_002344	-1
read_002345	mol_002345	1
read_002346	mol_002346	1
read_002347	mol_002347	-1
read_002348	mol_002348	-1
read_002349	mol_002349	1
read_002350	mol_002350	1
read_002351	mol_002351	1
read_002352	mol_002352	1
read_002353	mol_002353	1
read_002354	mol_002354	-1
read_002355	mol_002355	-1
read_002356	mol_002356	-1
read_002357	mol_002357	1
read_002358	mol_002358	-1
read_002359	mol_002359	1
read_002360	mol_002360	-1
read_002361	mol_002361	-1
read_002362	mol_002362	1
read_002363	mol_002363	1
read_002364	mol_002364	1
read_002365	mol_002365	-1
read_002366	mol_002366	-1
read_002367	mol_002367	1
read_002368	mol_002368	-1
read_002369	mol_002369	1
read_002370	mol_002370	-1
read_002371	mol_002371	1
read_002372	mol_002372	-1
read_002373	mol_002373	-1
read_002374	mol_002374	1
read_002375	mol_002375	1
read_002376	mol_002376	1
read_002377	mol_002377	1
read_002378	mol_002378	1
read_002379	mol_002379	-1
read_002380	mol_002380	-1
read_002381	mol_002381	-1
read_002382	mol_002382	-1
read_002383	mol_002383	1
read_002384	mol_002384	1
read_002385	mol_002385	-1
read_002386	mol_002386	-1
read_002387	mol_002387	1
read_002388	mol_002388	-1
read_002389	mol_002389	1
read_002390	mol_002390	1
read_002391	mol_002391	1
read_002392	mol_002392	-1
read_002393	mol_002393	1
read_002394	mol_002394	1
read_002395	mol_002395	1
read_002396	mol_002396	-1
read_002397	mol_002397	-1
read_002398	mol_002398	1
read_002399	mol_002399	-1
read_002400	mol_002400	-1
read_002401	mol_002401	-1
read_002402	mol_002402	1
read_002403	mol_002403	1
read_002404	mol_002404	-1
read_002405	mol_002405	-1
read_002406	mol_002406	1
read_002407	mol_002407	-1
read_002408	mol_002408	-1
read_002409	mol_002409	1
read_002410	mol_002410	-1
read_002411	mol_002411	-1
read_002412	mol_002412	-1
read_002413	mol_002413	-1
read_002414	mol_002414	-1
read_002415	mol_002415	-1
read_002416	mol_002416	1
read_002417	mol_002417	1
read_002418	mol_002418	1
read_002419	mol_002419	1
read_002420	mol_002420	1
read_002421	mol_002421	1
read_002422	mol_002422	1
read_002423	mol_002423	-1
read_002424	mol_002424	1
read_002425	mol_002425	-1
read_002426	mol_002426	1
read_002427	mol_002427	1
read_002428	mol_002428	-1
read_002429	mol_002429	1
read_002430	mol_002430	1
read_002431	mol_002431	1
read_002432	mol_002432	1
read_002433	mol_002433	1
read_002434	mol_002434	-1
read_002435	mol_002435	1
read_002436	mol_002436	1
read_002437	mol_002437	-1
read_002438	mol_002438	1
read_002439	mol_002439	1
read_002440	mol_002440	1
read_002441	mol_002441	-1
read_002442	mol_002442	-1
read_002443	mol_002443	-1
read_002444	mol_002444	1
read_002445	mol_002445	1
read_002446	mol_002446	-1
read_002447	mol_002447	1
read_002448	mol_002448	1
read_002449	mol_002449	1
read_002450	mol_002450	1
read_002451	mol_002451	-1
read_002452	mol_002452	-1
read_002453	mol_002453	-1
read_002454	mol_002454	1
read_002455	mol_002455	-1
read_002456	mol_002456	-1
read_002457	mol_002457	1
read_002458	mol_002458	-1
read_002459	mol_002459	1
read_002460	mol_002460	-1
read_002461	mol_002461	-1
read_002462	mol_002462	1
read_002463	mol_002463	1
read_002464	mol_002464	-1
read_002465	mol_002465	-1
read_002466	mol_002466	1
read_002467	mol_002467	1
read_002468	mol_002468	1
read_002469	mol_002469	-1
read_002470	mol_002470	-1
read_002471	mol_002471	-1
read_002472	mol_002472	1
read_002473	mol_002473	1
read_002474	mol_002474	-1
read_002475	mol_002475	1
read_002476	mol_002476	1
read_002477	mol_002477	-1
read_002478	mol_002478	-1
read_002479	mol_002479	1
read_002480	mol_002480	1
read_002481	mol_002481	-1
read_002482	mol_002482	-1
read_002483	mol_002483	1
read_002484	mol_002484	1
read_002485	mol_002485	1
read_002486	mol_002486	1
read_002487	mol_002487	-1
read_002488	mol_002488	-1
read_002489	mol_002489	1
read_002490	mol_002490	1
read_002491	mol_002491	-1
read_002492	mol_002492	-1
read_002493	mol_002493	-1
read_002494	mol_002494	-1
read_002495	mol_002495	1
read_002496	mol_002496	1
read_002497	mol_002497	-1
read_002498	mol_002498	-1
read_002499	mol_002499	1
read_002500	mol_002500	-1
read_002501	mol_002501	-1
read_002502	mol_002502	1
read_002503	mol_002503	-1
read_002504	mol_002504	-1
read_002505	mol_002505	1
read_002506	mol_002506	1
read_002507	mol_002507	-1
read_002508	mol_002508	1
read_002509	mol_002509	-1
read_002510	mol_002510	-1
read_002511	mol_002511	1
read_002512	mol_002512	-1
read_002513	mol_002513	-1
read_002514	mol_002514	1
read_002515	mol_002515	-1
read_002516	mol_002516	1
read_002517	mol_002517	-1
read_002518	mol_002518	-1
read_002519	mol_002519	1
read_002520	mol_002520	-1
read_002521	mol_002521	1
read_002522	mol_002522	1
read_002523	mol_002523	-1
read_002524	mol_002524	-1
read_002525	mol_002525	-1
read_002526	mol_002526	1
read_002527	mol_002527	1
read_002528	mol_002528	-1
read_002529	mol_002529	1
read_002530	mol_002530	-1
read_002531	mol_002531	1
read_002532	mol_002532	1
read_002533	mol_002533	1
read_002534	mol_002534	-1
read_002535	mol_002535	-1
read_002536	mol_002536	1
read_002537	mol_002537	-1
read_002538	mol_002538	-1
read_002539	mol_002539	-1
read_002540	mol_002540	-1
read_002541	mol_002541	-1
read_002542	mol_002542	-1
read_002543	mol_002543	-1
read_002544	mol_002544	1
read_002545	mol_002545	1
read_002546	mol_002546	1
read_002547	mol_002547	1
read_002548	mol_002548	-1
read_002549	mol_002549	1
read_002550	mol_002550	-1
read_002551	mol_002551	1
read_002552	mol_002552	-1
read_002553	mol_002553	-1
read_002554	mol_002554	1
read_002555	mol_002555	-1
read_002556	mol_002556	1
read_002557	mol_002557	1
read_002558	mol_002558	-1
read_002559	mol_002559	1
read_002560	mol_002560	-1
read_002561	mol_002561	1
read_002562	mol_002562	-1
read_002563	mol_002563	-1
read_002564	mol_002564	1
read_002565	mol_002565	-1
read_002566	mol_002566	-1
read_002567	mol_002567	-1
read_002568	mol_002568	-1
read_002569	mol_002569	1
read_002570	mol_002570	-1
read_002571	mol_002571	1
read_002572	mol_002572	-1
read_002573	mol_002573	-1
read_002574	mol_002574	1
read_002575	mol_002575	-1
read_002576	mol_002576	-1
read_002577	mol_002577	1
read_002578	mol_002578	-1
read_002579	mol_002579	1
read_002580	mol_002580	-1
read_002581	mol_002581	-1
read_002582	mol_002582	-1
read_002583	mol_002583	1
read_002584	mol_002584	1
read_002585	mol_002585	1
read_002586	mol_002586	-1
read_002587	mol_002587	-1
read_002588	mol_002588	1
read_002589	mol_002589	-1
read_002590	mol_002590	-1
read_002591	mol_002591	-1
read_002592	mol_002592	1
read_002593	mol_002593	-1
read_002594	mol_002594	1
read_002595	mol_002595	-1
read_002596	mol_002596	1
read_002597	mol_002597	-1
read_002598	mol_002598	1
read_002599	mol_002599	1
read_002600	mol_002600	1
read_002601	mol_002601	1
read_002602	mol_002602	-1
read_002603	mol_002603	1
read_002604	mol_002604	1
read_002605	mol_002605	-1
read_002606	mol_002606	-1
read_002607	mol_002607	1
read_002608	mol_002608	-1
read_002609	mol_002609	1
read_002610	mol_002610	1
read_002611	mol_002611	1
read_002612	mol_002612	1
read_002613	mol_002613	-1
read_002614	mol_002614	1
read_002615	mol_002615	1
read_002616	mol_002616	1
read_002617	mol_002617	-1
read_002618	mol_002618	-1
read_002619	mol_002619	-1
read_002620	mol_002620	1
read_002621	mol_002621	1
read_002622	mol_002622	-1
read_002623	mol_002623	1
read_002624	mol_002624	-1
read_002625	mol_002625	-1
read_002626	mol_002626	1
read_002627	mol_002627	-1
read_002628	mol_002628	-1
read_002629	mol_002629	-1
read_002630	mol_002630	1
read_002631	mol_002631	-1
read_002632	mol_002632	1
read_002633	mol_002633	1
read_002634	mol_002634	1
read_002635	mol_002635	-1
read_002636	mol_002636	-1
read_002637	mol_002637	1
read_002638	mol_002638	1
read_002639	mol_002639	1
read_002640	mol_002640	1
read_002641	mol_002641	-1
read_002642	mol_002642	1
read_002643	mol_002643	1
read_002644	mol_002644	1
read_002645	mol_002645	-1
read_002646	mol_002646	-1
read_002647	mol_002647	-1
read_002648	mol_002648	-1
read_002649	mol_002649	-1
read_002650	mol_002650	-1
read_002651	mol_002651	-1
read_002652	mol_002652	-1
read_002653	mol_002653	-1
read_002654	mol_002654	-1
read_002655	mol_002655	1
read_002656	mol_002656	-1
read_002657	mol_002657	-1
read_002658	mol_002658	-1
read_002659	mol_002659	-1
read_002660	mol_002660	-1
read_002661	mol_002661	-1
read_002662	mol_002662	-1
read_002663	mol_002663	-1
read_002664	mol_002664	1
read_002665	mol_002665	1
read_002666	mol_002666	-1
read_002667	mol_002667	1
read_002668	mol_002668	-1
read_002669	mol_002669	1
read_002670	mol_002670	-1
read_002671	mol_002671	1
read_002672	mol_002672	1
read_002673	mol_002673	1
read_002674	mol_002674	-1
read_002675	mol_002675	-1
read_002676	mol_002676	-1
read_002677	mol_002677	-1
read_002678	mol_002678	1
read_002679	mol_002679	1
read_002680	mol_002680	-1
read_002681	mol_002681	-1
read_002682	mol_002682	1
read_002683	mol_002683	1
read_002684	mol_002684	1
read_002685	mol_002685	1
read_002686	mol_002686	1
read_002687	mol_002687	-1
read_002688	mol_002688	1
read_002689	mol_002689	1
read_002690	mol_002690	1
read_002691	mol_002691	-1
read_002692	mol_002692	1
read_002693	mol_002693	-1
read_002694	mol_002694	1
read_002695	mol_002695	1
read_002696	mol_002696	1
read_002697	mol_002697	1
read_002698	mol_002698	-1
read_002699	mol_002699	-1
read_002700	mol_002700	1
read_002701	mol_002701	-1
read_002702	mol_002702	-1
read_002703	mol_002703	-1
read_002704	mol_002704	-1
read_002705	mol_002705	-1
read_002706	mol_002706	-1
read_002707	mol_002707	-1
read_002708	mol_002708	-1
read_002709	mol_002709	-1
read_002710	mol_002710	-1
read_002711	mol_002711	1
read_002712	mol_002712	1
read_002713	mol_002713	-1
read_002714	mol_002714	-1
read_002715	mol_002715	-1
read_002716	mol_002716	1
read_002717	mol_002717	1
read_002718	mol_002718	-1
read_002719	mol_002719	-1
read_002720	mol_002720	-1
read_002721	mol_002721	-1
read_002722	mol_002722	1
read_002723	mol_002723	-1
read_002724	mol_002724	1
read_002725	mol_002725	-1
read_002726	mol_002726	1
read_002727	mol_002727	-1
read_002728	mol_002728	1
read_002729	mol_002729	1
read_002730	mol_002730	1
read_002731	mol_002731	-1
read_002732	mol_002732	-1
read_002733	mol_002733	1
read_002734	mol_002734	-1
read_002735	mol_002735	-1
read_002736	mol_002736	-1
read_002737	mol_002737	-1
read_002738	mol_002738	-1
read_002739	mol_002739	-1
read_002740	mol_002740	1
read_002741	mol_002741	1
read_002742	mol_002742	-1
read_002743	mol_002743	1
read_002744	mol_002744	-1
read_002745	mol_002745	-1
read_002746	mol_002746	-1
read_002747	mol_002747	1
read_002748	mol_002748	1
read_002749	mol_002749	-1
read_002750	mol_002750	-1
read_002751	mol_002751	1
read_002752	mol_002752	-1
read_002753	mol_002753	-1
read_002754	mol_002754	1
read_002755	mol_002755	-1
read_002756	mol_002756	-1
read_002757	mol_002757	-1
read_002758	mol_002758	-1
read_002759	mol_002759	-1
read_002760	mol_002760	-1
read_002761	mol_002761	-1
read_002762	mol_002762	-1
read_002763	mol_002763	1
read_002764	mol_002764	-1
read_002765	mol_002765	-1
read_002766	mol_002766	1
read_002767	mol_002767	-1
read_002768	mol_002768	1
read_002769	mol_002769	1
read_002770	mol_002770	1
read_002771	mol_002771	-1
read_002772	mol_002772	1
read_002773	mol_002773	-1
read_002774	mol_002774	-1
read_002775	mol_002775	-1
read_002776	mol_002776	1
read_002777	mol_002777	1
read_002778	mol_002778	-1
read_002779	mol_002779	-1
read_002780	mol_002780	-1
read_002781	mol_002781	1
read_002782	mol_002782	-1
read_002783	mol_002783	1
read_002784	mol_002784	-1
read_002785	mol_002785	-1
read_002786	mol_002786	1
read_002787	mol_002787	-1
read_002788	mol_002788	-1
read_002789	mol_002789	-1
read_002790	mol_002790	-1
read_002791	mol_002791	1
read_002792	mol_002792	-1
read_002793	mol_002793	-1
read_002794	mol_002794	1
read_002795	mol_002795	1
read_002796	mol_002796	-1
read_002797	mol_002797	1
read_002798	mol_002798	-1
read_002799	mol_002799	1
read_002800	mol_002800	-1
read_002801	mol_002801	-1
read_002802	mol_002802	1
read_002803	mol_002803	1
read_002804	mol_002804	1
read_002805	mol_002805	-1
read_002806	mol_002806	1
read_002807	mol_002807	-1
read_002808	mol_002808	1
read_002809	mol_002809	1
read_002810	mol_002810	-1
read_002811	mol_002811	1
read_002812	mol_002812	1
read_002813	mol_002813	-1
read_002814	mol_002814	1
read_002815	mol_002815	1
read_002816	mol_002816	-1
read_002817	mol_002817	-1
read_002818	mol_002818	-1
read_002819	mol_002819	-1
read_002820	mol_002820	-1
read_002821	mol_002821	-1
read_002822	mol_002822	-1
read_002823	mol_002823	-1
read_002824	mol_002824	-1
read_002825	mol_002825	1
read_002826	mol_002826	1
read_002827	mol_002827	-1
read_002828	mol_002828	1
read_002829	mol_002829	-1
read_002830	mol_002830	-1
read_002831	mol_002831	-1
read_002832	mol_002832	-1
read_002833	mol_002833	-1
read_002834	mol_002834	-1
read_002835	mol_002835	1
read_002836	mol_002836	1
read_002837	mol_002837	-1
read_002838	mol_002838	1
read_002839	mol_002839	-1
read_002840	mol_002840	1
read_002841	mol_002841	-1
read_002842	mol_002842	-1
read_002843	mol_002843	1
read_002844	mol_002844	-1
read_002845	mol_002845	1
read_002846	mol_002846	-1
read_002847	mol_002847	1
read_002848	mol_002848	-1
read_002849	mol_002849	-1
read_002850	mol_002850	1
read_002851	mol_002851	-1
read_002852	mol_002852	1
read_002853	mol_002853	-1
read_002854	mol_002854	-1
read_002855	mol_002855	-1
read_002856	mol_002856	1
read_002857	mol_002857	-1
read_002858	mol_002858	-1
read_002859	mol_002859	1
read_002860	mol_002860	-1
read_002861	mol_002861	1
read_002862	mol_002862	1
read_002863	mol_002863	1
read_002864	mol_002864	-1
read_002865	mol_002865	-1
read_002866	mol_002866	-1
read_002867	mol_002867	-1
read_002868	mol_002868	1
read_002869	mol_002869	1
read_002870	mol_002870	-1
read_002871	mol_002871	-1
read_002872	mol_002872	1
read_002873	mol_002873	-1
read_002874	mol_002874	-1
read_002875	mol_002875	1
read_002876	mol_002876	1
read_002877	mol_002877	-1
read_002878	mol_002878	-1
read_002879	mol_002879	1
read_002880	mol_002880	1
read_002881	mol_002881	-1
read_002882	mol_002882	1
read_002883	mol_002883	1
read_002884	mol_002884	1
read_002885	mol_002885	1
read_002886	mol_002886	1
read_002887	mol_002887	-1
read_002888	mol_002888	-1
read_002889	mol_002889	1
read_002890	mol_002890	1
read_002891	mol_002891	-1
read_002892	mol_002892	-1
read_002893	mol_002893	-1
read_002894	mol_002894	-1
read_002895	mol_002895	-1
read_002896	mol_002896	-1
read_002897	mol_002897	1
read_002898	mol_002898	-1
read_002899	mol_002899	-1
read_002900	mol_002900	1
read_002901	mol_002901	-1
read_002902	mol_002902	-1
read_002903	mol_002903	1
read_002904	mol_002904	-1
read_002905	mol_002905	-1
read_002906	mol_002906	1
read_002907	mol_002907	1
read_002908	mol_002908	-1
read_002909	mol_002909	-1
read_002910	mol_002910	1
read_002911	mol_002911	1
read_002912	mol_002912	1
read_002913	mol_002913	1
read_002914	mol_002914	1
read_002915	mol_002915	-1
read_002916	mol_002916	-1
read_002917	mol_002917	1
read_002918	mol_002918	-1
read_002919	mol_002919	-1
read_002920	mol_002920	1
read_002921	mol_002921	1
read_002922	mol_002922	-1
read_002923	mol_002923	-1
read_002924	mol_002924	1
read_002925	mol_002925	1
read_002926	mol_002926	1
read_002927	mol_002927	1
read_002928	mol_002928	1
read_002929	mol_002929	1
read_002930	mol_002930	1
read_002931	mol_002931	1
read_002932	mol_002932	-1
read_002933	mol_002933	-1
read_002934	mol_002934	1
read_002935	mol_002935	1
read_002936	mol_002936	-1
read_002937	mol_002937	1
read_002938	mol_002938	-1
read_002939	mol_002939	1
read_002940	mol_002940	-1
read_002941	mol_002941	1
read_002942	mol_002942	1
read_002943	mol_002943	-1
read_002944	mol_002944	-1
read_002945	mol_002945	-1
read_002946	mol_002946	1
read_002947	mol_002947	1
read_002948	mol_002948	-1
read_002949	mol_002949	-1
read_002950	mol_002950	1
read_002951	mol_002951	1
read_002952	mol_002952	-1
read_002953	mol_002953	-1
read_002954	mol_002954	1
read_002955	mol_002955	1
read_002956	mol_002956	1
read_002957	mol_002957	-1
read_002958	mol_002958	-1
read_002959	mol_002959	-1
read_002960	mol_002960	-1
read_002961	mol_002961	-1
read_002962	mol_002962	1
read_002963	mol_002963	-1
read_002964	mol_002964	-1
read_002965	mol_002965	-1
read_002966	mol_002966	1
read_002967	mol_002967	-1
read_002968	mol_002968	-1
read_002969	mol_002969	-1
read_002970	mol_002970	-1
read_002971	mol_002971	1
read_002972	mol_002972	1
read_002973	mol_002973	1
read_002974	mol_002974	-1
read_002975	mol_002975	1
read_002976	mol_002976	-1
read_002977	mol_002977	-1
read_002978	mol_002978	-1
read_002979	mol_002979	1
read_002980	mol_002980	1
read_002981	mol_002981	-1
read_002982	mol_002982	-1
read_002983	mol_002983	1
read_002984	mol_002984	1
read_002985	mol_002985	-1
read_002986	mol_002986	1
read_002987	mol_002987	1
read_002988	mol_002988	1
read_002989	mol_002989	-1
read_002990	mol_002990	-1
read_002991	mol_002991	1
read_002992	mol_002992	1
read_002993	mol_002993	-1
read_002994	mol_002994	-1
read_002995	mol_002995	-1
read_002996	mol_002996	1
read_002997	mol_002997	1
read_002998	mol_002998	-1
read_002999	mol_002999	-1
read_003000	mol_003000	1
read_003001	mol_003001	1
read_003002	mol_003002	-1
read_003003	mol_003003	-1
read_003004	mol_003004	1
read_003005	mol_003005	-1
read_003006	mol_003006	1
read_003007	mol_003007	-1
read_003008	mol_003008	1
read_003009	mol_003009	1
read_003010	mol_003010	-1
read_003011	mol_003011	-1
read_003012	mol_003012	1
read_003013	mol_003013	-1
read_003014	mol_003014	-1
read_003015	mol_003015	-1
read_003016	mol_003016	-1
read_003017	mol_003017	-1
read_003018	mol_003018	-1
read_003019	mol_003019	-1
read_003020	mol_003020	-1
read_003021	mol_003021	1
read_003022	mol_003022	1
read_003023	mol_003023	1
read_003024	mol_003024	-1
read_003025	mol_003025	-1
read_003026	mol_003026	-1
read_003027	mol_003027	-1
read_003028	mol_003028	-1
read_003029	mol_003029	1
read_003030	mol_003030	-1
read_003031	mol_003031	1
read_003032	mol_003032	-1
read_003033	mol_003033	-1
read_003034	mol_003034	1
read_003035	mol_003035	1
read_003036	mol_003036	1
read_003037	mol_003037	-1
read_003038	mol_003038	1
read_003039	mol_003039	1
read_003040	mol_003040	-1
read_003041	mol_003041	1
read_003042	mol_003042	1
read_003043	mol_003043	-1
read_003044	mol_003044	-1
read_003045	mol_003045	-1
read_003046	mol_003046	-1
read_003047	mol_003047	-1
read_003048	mol_003048	1
read_003049	mol_003049	-1
read_003050	mol_003050	-1
read_003051	mol_003051	1
read_003052	mol_003052	-1
read_003053	mol_003053	1
read_003054	mol_003054	1
read_003055	mol_003055	-1
read_003056	mol_003056	-1
read_003057	mol_003057	-1
read_003058	mol_003058	1
read_003059	mol_003059	1
read_003060	mol_003060	-1
read_003061	mol_003061	1
read_003062	mol_003062	-1
read_003063	mol_003063	1
read_003064	mol_003064	-1
read_003065	mol_003065	-1
read_003066	mol_003066	1
read_003067	mol_003067	-1
read_003068	mol_003068	1
read_003069	mol_003069	-1
read_003070	mol_003070	1
read_003071	mol_003071	1
read_003072	mol_003072	-1
read_003073	mol_003073	1
read_003074	mol_003074	-1
read_003075	mol_003075	-1
read_003076	mol_003076	1
read_003077	mol_003077	1
read_003078	mol_003078	-1
read_003079	mol_003079	-1
read_003080	mol_003080	-1
read_003081	mol_003081	-1
read_003082	mol_003082	-1
read_003083	mol_003083	-1
read_003084	mol_003084	1
read_003085	mol_003085	-1
read_003086	mol_003086	-1
read_003087	mol_003087	1
read_003088	mol_003088	-1
read_003089	mol_003089	1
read_003090	mol_003090	1
read_003091	mol_003091	1
read_003092	mol_003092	1
read_003093	mol_003093	1
read_003094	mol_003094	-1
read_003095	mol_003095	-1
read_003096	mol_003096	-1
read_003097	mol_003097	-1
read_003098	mol_003098	-1
read_003099	mol_003099	1
read_003100	mol_003100	1
read_003101	mol_003101	-1
read_003102	mol_003102	-1
read_003103	mol_003103	-1
read_003104	mol_003104	1
read_003105	mol_003105	1
read_003106	mol_003106	-1
read_003107	mol_003107	-1
read_003108	mol_003108	1
read_003109	mol_003109	1
read_003110	mol_003110	-1
read_003111	mol_003111	1
read_003112	mol_003112	-1
read_003113	mol_003113	-1
read_003114	mol_003114	-1
read_003115	mol_003115	1
read_003116	mol_003116	-1
read_003117	mol_003117	-1
read_003118	mol_003118	1
read_003119	mol_003119	1
read_003120	mol_003120	1
read_003121	mol_003121	1
read_003122	mol_003122	-1
read_003123	mol_003123	1
read_003124	mol_003124	1
read_003125	mol_003125	-1
read_003126	mol_003126	-1
read_003127	mol_003127	1
read_003128	mol_003128	1
read_003129	mol_003129	1
read_003130	mol_003130	1
read_003131	mol_003131	1
read_003132	mol_003132	1
read_003133	mol_003133	1
read_003134	mol_003134	-1
read_003135	mol_003135	1
read_003136	mol_003136	1
read_003137	mol_003137	1
read_003138	mol_003138	-1
read_003139	mol_003139	1
read_003140	mol_003140	-1
read_003141	mol_003141	1
read_003142	mol_003142	-1
read_003143	mol_003143	-1
read_003144	mol_003144	-1
read_003145	mol_003145	1
read_003146	mol_003146	1
read_003147	mol_003147	-1
read_003148	mol_003148	1
read_003149	mol_003149	-1
read_003150	mol_003150	1
read_003151	mol_003151	1
read_003152	mol_003152	-1
read_003153	mol_003153	1
read_003154	mol_003154	-1
read_003155	mol_003155	-1
read_003156	mol_003156	-1
read_003157	mol_003157	-1
read_003158	mol_003158	-1
read_003159	mol_003159	-1
read_003160	mol_003160	-1
read_003161	mol_003161	-1
read_003162	mol_003162	-1
read_003163	mol_003163	1
read_003164	mol_003164	-1
read_003165	mol_003165	1
read_003166	mol_003166	-1
read_003167	mol_003167	-1
read_003168	mol_003168	-1
read_003169	mol_003169	-1
read_003170	mol_003170	1
read_003171	mol_003171	1
read_003172	mol_003172	-1
read_003173	mol_003173	1
read_003174	mol_003174	1
read_003175	mol_003175	1
read_003176	mol_003176	1
read_003177	mol_003177	-1
read_003178	mol_003178	1
read_003179	mol_003179	1
read_003180	mol_003180	1
read_003181	mol_003181	-1
read_003182	mol_003182	1
read_003183	mol_003183	1
read_003184	mol_003184	-1
read_003185	mol_003185	-1
read_003186	mol_003186	-1
read_003187	mol_003187	1
read_003188	mol_003188	1
read_003189	mol_003189	-1
read_003190	mol_003190	1
read_003191	mol_003191	-1
read_003192	mol_003192	1
read_003193	mol_003193	1
read_003194	mol_003194	-1
read_003195	mol_003195	1
read_003196	mol_003196	-1
read_003197	mol_003197	1
read_003198	mol_003198	1
read_003199	mol_003199	1
read_003200	mol_003200	-1
read_003201	mol_003201	1
read_003202	mol_003202	1
read_003203	mol_003203	1
read_003204	mol_003204	1
read_003205	mol_003205	-1
read_003206	mol_003206	-1
read_003207	mol_003207	-1
read_003208	mol_003208	1
read_003209	mol_003209	-1
read_003210	mol_003210	1
read_003211	mol_003211	-1
read_003212	mol_003212	-1
read_003213	mol_003213	1
read_003214	mol_003214	1
read_003215	mol_003215	-1
read_003216	mol_003216	-1
read_003217	mol_003217	1
read_003218	mol_003218	1
read_003219	mol_003219	1
read_003220	mol_003220	1
read_003221	mol_003221	1
read_003222	mol_003222	-1
read_003223	mol_003223	-1
read_003224	mol_003224	-1
read_003225	mol_003225	1
read_003226	mol_003226	-1
read_003227	mol_003227	-1
read_003228	mol_003228	1
read_003229	mol_003229	1
read_003230	mol_003230	-1
read_003231	mol_003231	-1
read_003232	mol_003232	-1
read_003233	mol_003233	1
read_003234	mol_003234	-1
read_003235	mol_003235	1
read_003236	mol_003236	1
read_003237	mol_003237	1
read_003238	mol_003238	1
read_003239	mol_003239	1
read_003240	mol_003240	1
read_003241	mol_003241	1
read_003242	mol_003242	-1
read_003243	mol_003243	-1
read_003244	mol_003244	-1
read_003245	mol_003245	1
read_003246	mol_003246	1
read_003247	mol_003247	1
read_003248	mol_003248	1
read_003249	mol_003249	1
read_003250	mol_003250	1
read_003251	mol_003251	1
read_003252	mol_003252	1
read_003253	mol_003253	-1
read_003254	mol_003254	-1
read_003255	mol_003255	1
read_003256	mol_003256	1
read_003257	mol_003257	-1
read_003258	mol_003258	-1
read_003259	mol_003259	1
read_003260	mol_003260	-1
read_003261	mol_003261	-1
read_003262	mol_003262	-1
read_003263	mol_003263	1
read_003264	mol_003264	1
read_003265	mol_003265	-1
read_003266	mol_003266	1
read_003267	mol_003267	-1
read_003268	mol_003268	-1
read_003269	mol_003269	-1
read_003270	mol_003270	-1
read_003271	mol_003271	-1
read_003272	mol_003272	-1
read_003273	mol_003273	1
read_003274	mol_003274	-1
read_003275	mol_003275	1
read_003276	mol_003276	-1
read_003277	mol_003277	1
read_003278	mol_003278	-1
read_003279	mol_003279	1
read_003280	mol_003280	1
read_003281	mol_003281	-1
read_003282	mol_003282	1
read_003283	mol_003283	-1
read_003284	mol_003284	-1
read_003285	mol_003285	1
read_003286	mol_003286	-1
read_003287	mol_003287	1
read_003288	mol_003288	1
read_003289	mol_003289	1
read_003290	mol_003290	-1
read_003291	mol_003291	-1
read_003292	mol_003292	1
read_003293	mol_003293	1
read_003294	mol_003294	-1
read_003295	mol_003295	-1
read_003296	mol_003296	1
read_003297	mol_003297	-1
read_003298	mol_003298	1
read_003299	mol_003299	1
read_003300	mol_003300	1
read_003301	mol_003301	-1
read_003302	mol_003302	-1
read_003303	mol_003303	1
read_003304	mol_003304	-1
read_003305	mol_003305	-1
read_003306	mol_003306	1
read_003307	mol_003307	-1
read_003308	mol_003308	1
read_003309	mol_003309	1
read_003310	mol_003310	-1
read_003311	mol_003311	-1
read_003312	mol_003312	1
read_003313	mol_003313	1
read_003314	mol_003314	1
read_003315	mol_003315	1
read_003316	mol_003316	1
read_003317	mol_003317	1
read_003318	mol_003318	-1
read_003319	mol_003319	1
read_003320	mol_003320	-1
read_003321	mol_003321	-1
read_003322	mol_003322	-1
read_003323	mol_003323	-1
read_003324	mol_003324	1
read_003325	mol_003325	-1
read_003326	mol_003326	-1
read_003327	mol_003327	-1
read_003328	mol_003328	1
read_003329	mol_003329	1
read_003330	mol_003330	-1
read_003331	mol_003331	1
read_003332	mol_003332	-1
read_003333	mol_003333	1
read_003334	mol_003334	-1
read_003335	mol_003335	1
read_003336	mol_003336	1
read_003337	mol_003337	-1
read_003338	mol_003338	1
read_003339	mol_003339	-1
read_003340	mol_003340	1
read_003341	mol_003341	-1
read_003342	mol_003342	1
read_003343	mol_003343	1
read_003344	mol_003344	-1
read_003345	mol_003345	-1
read_003346	mol_003346	-1
read_003347	mol_003347	-1
read_003348	mol_003348	-1
read_003349	mol_003349	1
read_003350	mol_003350	1
read_003351	mol_003351	1
read_003352	mol_003352	1
read_003353	mol_003353	-1
read_003354	mol_003354	1
read_003355	mol_003355	-1
read_003356	mol_003356	-1
read_003357	mol_003357	1
read_003358	mol_003358	1
read_003359	mol_003359	1
read_003360	mol_003360	1
read_003361	mol_003361	-1
read_003362	mol_003362	-1
read_003363	mol_003363	1
read_003364	mol_003364	-1
read_003365	mol_003365	-1
read_003366	mol_003366	1
read_003367	mol_003367	-1
read_003368	mol_003368	-1
read_003369	mol_003369	1
read_003370	mol_003370	1
read_003371	mol_003371	1
read_003372	mol_003372	1
read_003373	mol_003373	-1
read_003374	mol_003374	1
read_003375	mol_003375	-1
read_003376	mol_003376	-1
read_003377	mol_003377	-1
read_003378	mol_003378	1
read_003379	mol_003379	-1
read_003380	mol_003380	1
read_003381	mol_003381	-1
read_003382	mol_003382	1
read_003383	mol_003383	1
read_003384	mol_003384	-1
read_003385	mol_003385	-1
read_003386	mol_003386	-1
read_003387	mol_003387	-1
read_003388	mol_003388	-1
read_003389	mol_003389	-1
read_003390	mol_003390	-1
read_003391	mol_003391	-1
read_003392	mol_003392	-1
read_003393	mol_003393	1
read_003394	mol_003394	1
read_003395	mol_003395	1
read_003396	mol_003396	1
read_003397	mol_003397	1
read_003398	mol_003398	-1
read_003399	mol_003399	1
read_003400	mol_003400	1
read_003401	mol_003401	-1
read_003402	mol_003402	-1
read_003403	mol_003403	-1
read_003404	mol_003404	1
read_003405	mol_003405	1
read_003406	mol_003406	1
read_003407	mol_003407	1
read_003408	mol_003408	1
read_003409	mol_003409	1
read_003410	mol_003410	-1
read_003411	mol_003411	-1
read_003412	mol_003412	1
read_003413	mol_003413	-1
read_003414	mol_003414	1
read_003415	mol_003415	1
read_003416	mol_003416	1
read_003417	mol_003417	-1
read_003418	mol_003418	1
read_003419	mol_003419	-1
read_003420	mol_003420	-1
read_003421	mol_003421	1
read_003422	mol_003422	-1
read_003423	mol_003423	1
read_003424	mol_003424	1
read_003425	mol_003425	1
read_003426	mol_003426	1
read_003427	mol_003427	1
read_003428	mol_003428	-1
read_003429	mol_003429	-1
read_003430	mol_003430	-1
read_003431	mol_003431	1
read_003432	mol_003432	1
read_003433	mol_003433	-1
read_003434	mol_003434	1
read_003435	mol_003435	1
read_003436	mol_003436	-1
read_003437	mol_003437	-1
read_003438	mol_003438	-1
read_003439	mol_003439	1
read_003440	mol_003440	1
read_003441	mol_003441	1
read_003442	mol_003442	-1
read_003443	mol_003443	1
read_003444	mol_003444	1
read_003445	mol_003445	-1
read_003446	mol_003446	-1
read_003447	mol_003447	-1
read_003448	mol_003448	1
read_003449	mol_003449	1
read_003450	mol_003450	-1
read_003451	mol_003451	1
read_003452	mol_003452	1
read_003453	mol_003453	-1
read_003454	mol_003454	1
read_003455	mol_003455	-1
read_003456	mol_003456	-1
read_003457	mol_003457	1
read_003458	mol_003458	1
read_003459	mol_003459	-1
read_003460	mol_003460	-1
read_003461	mol_003461	-1
read_003462	mol_003462	-1
read_003463	mol_003463	1
read_003464	mol_003464	-1
read_003465	mol_003465	-1
read_003466	mol_003466	1
read_003467	mol_003467	-1
read_003468	mol_003468	-1
read_003469	mol_003469	1
read_003470	mol_003470	1
read_003471	mol_003471	-1
read_003472	mol_003472	-1
read_003473	mol_003473	-1
read_003474	mol_003474	-1
read_003475	mol_003475	1
read_003476	mol_003476	1
read_003477	mol_003477	-1
read_003478	mol_003478	1
read_003479	mol_003479	1
read_003480	mol_003480	-1
read_003481	mol_003481	1
read_003482	mol_003482	-1
read_003483	mol_003483	-1
read_003484	mol_003484	-1
read_003485	mol_003485	-1
read_003486	mol_003486	-1
read_003487	mol_003487	1
read_003488	mol_003488	-1
read_003489	mol_003489	-1
read_003490	mol_003490	1
read_003491	mol_003491	1
read_003492	mol_003492	-1
read_003493	mol_003493	-1
read_003494	mol_003494	-1
read_003495	mol_003495	1
read_003496	mol_003496	1
read_003497	mol_003497	1
read_003498	mol_003498	1
read_003499	mol_003499	1
read_003500	mol_003500	1
read_003501	mol_003501	-1
read_003502	mol_003502	1
read_003503	mol_003503	1
read_003504	mol_003504	-1
read_003505	mol_003505	-1
read_003506	mol_003506	-1
read_003507	mol_003507	-1
read_003508	mol_003508	1
read_003509	mol_003509	1
read_003510	mol_003510	-1
read_003511	mol_003511	1
read_003512	mol_003512	-1
read_003513	mol_003513	1
read_003514	mol_003514	1
read_003515	mol_003515	-1
read_003516	mol_003516	1
read_003517	mol_003517	1
read_003518	mol_003518	1
read_003519	mol_003519	-1
read_003520	mol_003520	-1
read_003521	mol_003521	1
read_003522	mol_003522	1
read_003523	mol_003523	1
read_003524	mol_003524	-1
read_003525	mol_003525	1
read_003526	mol_003526	1
read_003527	mol_003527	1
read_003528	mol_003528	1
read_003529	mol_003529	-1
read_003530	mol_003530	1
read_003531	mol_003531	-1
read_003532	mol_003532	1
read_003533	mol_003533	1
read_003534	mol_003534	-1
read_003535	mol_003535	1
read_003536	mol_003536	1
read_003537	mol_003537	-1
read_003538	mol_003538	1
read_003539	mol_003539	-1
read_003540	mol_003540	-1
read_003541	mol_003541	1
read_003542	mol_003542	1
read_003543	mol_003543	1
read_003544	mol_003544	1
read_003545	mol_003545	-1
read_003546	mol_003546	-1
read_003547	mol_003547	-1
read_003548	mol_003548	-1
read_003549	mol_003549	-1
read_003550	mol_003550	-1
read_003551	mol_003551	-1
read_003552	mol_003552	-1
read_003553	mol_003553	-1
read_003554	mol_003554	-1
read_003555	mol_003555	-1
read_003556	mol_003556	-1
read_003557	mol_003557	-1
read_003558	mol_003558	-1
read_003559	mol_003559	-1
read_003560	mol_003560	-1
read_003561	mol_003561	1
read_003562	mol_003562	-1
read_003563	mol_003563	1
read_003564	mol_003564	-1
read_003565	mol_003565	-1
read_003566	mol_003566	-1
read_003567	mol_003567	1
read_003568	mol_003568	-1
read_003569	mol_003569	-1
read_003570	mol_003570	1
read_003571	mol_003571	-1
read_003572	mol_003572	-1
read_003573	mol_003573	-1
read_003574	mol_003574	-1
read_003575	mol_003575	-1
read_003576	mol_003576	1
read_003577	mol_003577	-1
read_003578	mol_003578	1
read_003579	mol_003579	1
read_003580	mol_003580	1
read_003581	mol_003581	1
read_003582	mol_003582	1
read_003583	mol_003583	1
read_003584	mol_003584	1
read_003585	mol_003585	-1
read_003586	mol_003586	1
read_003587	mol_003587	1
read_003588	mol_003588	-1
read_003589	mol_003589	-1
read_003590	mol_003590	1
read_003591	mol_003591	1
read_003592	mol_003592	1
read_003593	mol_003593	-1
read_003594	mol_003594	-1
read_003595	mol_003595	-1
read_003596	mol_003596	-1
read_003597	mol_003597	1
read_003598	mol_003598	-1
read_003599	mol_003599	1
read_003600	mol_003600	-1
read_003601	mol_003601	-1
read_003602	mol_003602	-1
read_003603	mol_003603	1
read_003604	mol_003604	-1
read_003605	mol_003605	1
read_003606	mol_003606	-1
read_003607	mol_003607	1
read_003608	mol_003608	-1
read_003609	mol_003609	-1
read_003610	mol_003610	-1
read_003611	mol_003611	-1
read_003612	mol_003612	-1
read_003613	mol_003613	1
read_003614	mol_003614	-1
read_003615	mol_003615	1
read_003616	mol_003616	1
read_003617	mol_003617	1
read_003618	mol_003618	-1
read_003619	mol_003619	-1
read_003620	mol_003620	1
read_003621	mol_003621	-1
read_003622	mol_003622	-1
read_003623	mol_003623	-1
read_003624	mol_003624	-1
read_003625	mol_003625	-1
read_003626	mol_003626	-1
read_003627	mol_003627	-1
read_003628	mol_003628	1
read_003629	mol_003629	1
read_003630	mol_003630	-1
read_003631	mol_003631	-1
read_003632	mol_003632	1
read_003633	mol_003633	-1
read_003634	mol_003634	-1
read_003635	mol_003635	-1
read_003636	mol_003636	-1
read_003637	mol_003637	1
read_003638	mol_003638	-1
read_003639	mol_003639	-1
read_003640	mol_003640	-1
read_003641	mol_003641	1
read_003642	mol_003642	-1
read_003643	mol_003643	1
read_003644	mol_003644	1
read_003645	mol_003645	-1
read_003646	mol_003646	-1
read_003647	mol_003647	-1
read_003648	mol_003648	1
read_003649	mol_003649	1
read_003650	mol_003650	1
read_003651	mol_003651	-1
read_003652	mol_003652	1
read_003653	mol_003653	-1
read_003654	mol_003654	1
read_003655	mol_003655	-1
read_003656	mol_003656	1
read_003657	mol_003657	-1
read_003658	mol_003658	1
read_003659	mol_003659	-1
read_003660	mol_003660	1
read_003661	mol_003661	-1
read_003662	mol_003662	-1
read_003663	mol_003663	-1
read_003664	mol_003664	1
read_003665	mol_003665	1
read_003666	mol_003666	-1
read_003667	mol_003667	-1
read_003668	mol_003668	1
read_003669	mol_003669	1
read_003670	mol_003670	1
read_003671	mol_003671	1
read_003672	mol_003672	1
read_003673	mol_003673	-1
read_003674	mol_003674	1
read_003675	mol_003675	-1
read_003676	mol_003676	-1
read_003677	mol_003677	-1
read_003678	mol_003678	1
read_003679	mol_003679	1
read_003680	mol_003680	-1
read_003681	mol_003681	1
read_003682	mol_003682	-1
read_003683	mol_003683	1
read_003684	mol_003684	-1
read_003685	mol_003685	-1
read_003686	mol_003686	-1
read_003687	mol_003687	1
read_003688	mol_003688	1
read_003689	mol_003689	1
read_003690	mol_003690	1
read_003691	mol_003691	1
read_003692	mol_003692	1
read_003693	mol_003693	-1
read_003694	mol_003694	1
read_003695	mol_003695	1
read_003696	mol_003696	-1
read_003697	mol_003697	-1
read_003698	mol_003698	1
read_003699	mol_003699	1
read_003700	mol_003700	-1
read_003701	mol_003701	1
read_003702	mol_003702	-1
read_003703	mol_003703	1
read_003704	mol_003704	-1
read_003705	mol_003705	-1
read_003706	mol_003706	1
read_003707	mol_003707	1
read_003708	mol_003708	-1
read_003709	mol_003709	1
read_003710	mol_003710	1
read_003711	mol_003711	-1
read_003712	mol_003712	-1
read_003713	mol_003713	1
read_003714	mol_003714	-1
read_003715	mol_003715	-1
read_003716	mol_003716	1
read_003717	mol_003717	-1
read_003718	mol_003718	-1
read_003719	mol_003719	1
read_003720	mol_003720	1
read_003721	mol_003721	-1
read_003722	mol_003722	1
read_003723	mol_003723	1
read_003724	mol_003724	-1
read_003725	mol_003725	1
read_003726	mol_003726	1
read_003727	mol_003727	-1
read_003728	mol_003728	-1
read_003729	mol_003729	-1
read_003730	mol_003730	1
read_003731	mol_003731	-1
read_003732	mol_003732	1
read_003733	mol_003733	1
read_003734	mol_003734	1
read_003735	mol_003735	1
read_003736	mol_003736	-1
read_003737	mol_003737	1
read_003738	mol_003738	-1
read_003739	mol_003739	1
read_003740	mol_003740	-1
read_003741	mol_003741	1
read_003742	mol_003742	-1
read_003743	mol_003743	1
read_003744	mol_003744	1
read_003745	mol_003745	1
read_003746	mol_003746	-1
read_003747	mol_003747	1
read_003748	mol_003748	1
read_003749	mol_003749	1
read_003750	mol_003750	-1
read_003751	mol_003751	1
read_003752	mol_003752	1
read_003753	mol_003753	-1
read_003754	mol_003754	1
read_003755	mol_003755	-1
read_003756	mol_003756	-1
read_003757	mol_003757	-1
read_003758	mol_003758	-1
read_003759	mol_003759	1
read_003760	mol_003760	-1
read_003761	mol_003761	1
read_003762	mol_003762	-1
read_003763	mol_003763	1
read_003764	mol_003764	-1
read_003765	mol_003765	-1
read_003766	mol_003766	1
read_003767	mol_003767	-1
read_003768	mol_003768	1
read_003769	mol_003769	-1
read_003770	mol_003770	-1
read_003771	mol_003771	-1
read_003772	mol_003772	1
read_003773	mol_003773	-1
read_003774	mol_003774	1
read_003775	mol_003775	1
read_003776	mol_003776	1
read_003777	mol_003777	1
read_003778	mol_003778	1
read_003779	mol_003779	1
read_003780	mol_003780	1
read_003781	mol_003781	-1
read_003782	mol_003782	1
read_003783	mol_003783	1
read_003784	mol_003784	-1
read_003785	mol_003785	1
read_003786	mol_003786	1
read_003787	mol_003787	1
read_003788	mol_003788	1
read_003789	mol_003789	1
read_003790	mol_003790	1
read_003791	mol_003791	-1
read_003792	mol_003792	-1
read_003793	mol_003793	1
read_003794	mol_003794	-1
read_003795	mol_003795	1
read_003796	mol_003796	-1
read_003797	mol_003797	-1
read_003798	mol_003798	-1
read_003799	mol_003799	-1
read_003800	mol_003800	1
read_003801	mol_003801	-1
read_003802	mol_003802	-1
read_003803	mol_003803	1
read_003804	mol_003804	1
read_003805	mol_003805	-1
read_003806	mol_003806	1
read_003807	mol_003807	1
read_003808	mol_003808	1
read_003809	mol_003809	1
read_003810	mol_003810	1
read_003811	mol_003811	1
read_003812	mol_003812	-1
read_003813	mol_003813	-1
read_003814	mol_003814	-1
read_003815	mol_003815	1
read_003816	mol_003816	-1
read_003817	mol_003817	-1
read_003818	mol_003818	1
read_003819	mol_003819	1
read_003820	mol_003820	1
read_003821	mol_003821	-1
read_003822	mol_003822	-1
read_003823	mol_003823	-1
read_003824	mol_003824	-1
read_003825	mol_003825	-1
read_003826	mol_003826	-1
read_003827	mol_003827	-1
read_003828	mol_003828	-1
read_003829	mol_003829	1
read_003830	mol_003830	-1
read_003831	mol_003831	-1
read_003832	mol_003832	1
read_003833	mol_003833	1
read_003834	mol_003834	1
read_003835	mol_003835	-1
read_003836	mol_003836	-1
read_003837	mol_003837	-1
read_003838	mol_003838	-1
read_003839	mol_003839	1
read_003840	mol_003840	1
read_003841	mol_003841	1
read_003842	mol_003842	-1
read_003843	mol_003843	1
read_003844	mol_003844	1
read_003845	mol_003845	-1
read_003846	mol_003846	-1
read_003847	mol_003847	1
read_003848	mol_003848	-1
read_003849	mol_003849	1
read_003850	mol_003850	1
read_003851	mol_003851	1
read_003852	mol_003852	-1
read_003853	mol_003853	-1
read_003854	mol_003854	-1
read_003855	mol_003855	-1
read_003856	mol_003856	1
read_003857	mol_003857	1
read_003858	mol_003858	-1
read_003859	mol_003859	-1
read_003860	mol_003860	-1
read_003861	mol_003861	1
read_003862	mol_003862	-1
read_003863	mol_003863	-1
read_003864	mol_003864	-1
read_003865	mol_003865	1
read_003866	mol_003866	-1
read_003867	mol_003867	-1
read_003868	mol_003868	1
read_003869	mol_003869	-1
read_003870	mol_003870	1
read_003871	mol_003871	1
read_003872	mol_003872	1
read_003873	mol_003873	1
read_003874	mol_003874	1
read_003875	mol_003875	1
read_003876	mol_003876	1
read_003877	mol_003877	1
read_003878	mol_003878	1
read_003879	mol_003879	1
read_003880	mol_003880	1
read_003881	mol_003881	1
read_003882	mol_003882	-1
read_003883	mol_003883	1
read_003884	mol_003884	1
read_003885	mol_003885	1
read_003886	mol_003886	1
read_003887	mol_003887	-1
read_003888	mol_003888	-1
read_003889	mol_003889	-1
read_003890	mol_003890	-1
read_003891	mol_003891	1
read_003892	mol_003892	-1
read_003893	mol_003893	-1
read_003894	mol_003894	1
read_003895	mol_003895	1
read_003896	mol_003896	-1
read_003897	mol_003897	1
read_003898	mol_003898	-1
read_003899	mol_003899	1
read_003900	mol_003900	-1
read_003901	mol_003901	-1
read_003902	mol_003902	1
read_003903	mol_003903	1
read_003904	mol_003904	1
read_003905	mol_003905	-1
read_003906	mol_003906	-1
read_003907	mol_003907	1
read_003908	mol_003908	-1
read_003909	mol_003909	-1
read_003910	mol_003910	1
read_003911	mol_003911	1
read_003912	mol_003912	1
read_003913	mol_003913	-1
read_003914	mol_003914	-1
read_003915	mol_003915	-1
read_003916	mol_003916	-1
read_003917	mol_003917	1
read_003918	mol_003918	-1
read_003919	mol_003919	-1
read_003920	mol_003920	-1
read_003921	mol_003921	1
read_003922	mol_003922	1
read_003923	mol_003923	-1
read_003924	mol_003924	-1
read_003925	mol_003925	-1
read_003926	mol_003926	-1
read_003927	mol_003927	-1
read_003928	mol_003928	1
read_003929	mol_003929	1
read_003930	mol_003930	-1
read_003931	mol_003931	-1
read_003932	mol_003932	-1
read_003933	mol_003933	-1
read_003934	mol_003934	-1
read_003935	mol_003935	-1
read_003936	mol_003936	1
read_003937	mol_003937	-1
read_003938	mol_003938	-1
read_003939	mol_003939	-1
read_003940	mol_003940	1
read_003941	mol_003941	1
read_003942	mol_003942	-1
read_003943	mol_003943	-1
read_003944	mol_003944	1
read_003945	mol_003945	-1
read_003946	mol_003946	1
read_003947	mol_003947	1
read_003948	mol_003948	-1
read_003949	mol_003949	1
read_003950	mol_003950	1
read_003951	mol_003951	-1
read_003952	mol_003952	-1
read_003953	mol_003953	1
read_003954	mol_003954	-1
read_003955	mol_003955	1
read_003956	mol_003956	1
read_003957	mol_003957	-1
read_003958	mol_003958	-1
read_003959	mol_003959	-1
read_003960	mol_003960	-1
read_003961	mol_003961	-1
read_003962	mol_003962	1
read_003963	mol_003963	-1
read_003964	mol_003964	-1
read_003965	mol_003965	1
read_003966	mol_003966	1
read_003967	mol_003967	1
read_003968	mol_003968	1
read_003969	mol_003969	-1
read_003970	mol_003970	-1
read_003971	mol_003971	-1
read_003972	mol_003972	1
read_003973	mol_003973	1
read_003974	mol_003974	1
read_003975	mol_003975	-1
read_003976	mol_003976	-1
read_003977	mol_003977	1
read_003978	mol_003978	-1
read_003979	mol_003979	-1
read_003980	mol_003980	-1
read_003981	mol_003981	1
read_003982	mol_003982	-1
read_003983	mol_003983	-1
read_003984	mol_003984	1
read_003985	mol_003985	1
read_003986	mol_003986	1
read_003987	mol_003987	1
read_003988	mol_003988	1
read_003989	mol_003989	1
read_003990	mol_003990	1
read_003991	mol_003991	1
read_003992	mol_003992	1
read_003993	mol_003993	-1
read_003994	mol_003994	-1
read_003995	mol_003995	-1
read_003996	mol_003996	1
read_003997	mol_003997	-1
read_003998	mol_003998	1
read_003999	mol_003999	1
read_004000	mol_004000	1
read_004001	mol_004001	1
read_004002	mol_004002	-1
read_004003	mol_004003	-1
read_004004	mol_004004	1
read_004005	mol_004005	-1
read_004006	mol_004006	1
read_004007	mol_004007	1
read_004008	mol_004008	1
read_004009	mol_004009	-1
read_004010	mol_004010	-1
read_004011	mol_004011	-1
read_004012	mol_004012	1
read_004013	mol_004013	-1
read_004014	mol_004014	-1
read_004015	mol_004015	1
read_004016	mol_004016	1
read_004017	mol_004017	1
read_004018	mol_004018	-1
read_004019	mol_004019	-1
read_004020	mol_004020	-1
read_004021	mol_004021	1
read_004022	mol_004022	1
read_004023	mol_004023	1
read_004024	mol_004024	1
read_004025	mol_004025	1
read_004026	mol_004026	1
read_004027	mol_004027	-1
read_004028	mol_004028	-1
read_004029	mol_004029	1
read_004030	mol_004030	1
read_004031	mol_004031	-1
read_004032	mol_004032	-1
read_004033	mol_004033	1
read_004034	mol_004034	-1
read_004035	mol_004035	-1
read_004036	mol_004036	-1
read_004037	mol_004037	1
read_004038	mol_004038	-1
read_004039	mol_004039	1
read_004040	mol_004040	-1
read_004041	mol_004041	-1
read_004042	mol_004042	1
read_004043	mol_004043	1
read_004044	mol_004044	1
read_004045	mol_004045	1
read_004046	mol_004046	1
read_004047	mol_004047	1
read_004048	mol_004048	1
read_004049	mol_004049	1
read_004050	mol_004050	1
read_004051	mol_004051	-1
read_004052	mol_004052	-1
read_004053	mol_004053	-1
read_004054	mol_004054	1
read_004055	mol_004055	-1
read_004056	mol_004056	1
read_004057	mol_004057	-1
read_004058	mol_004058	1
read_004059	mol_004059	-1
read_004060	mol_004060	-1
read_004061	mol_004061	1
read_004062	mol_004062	1
read_004063	mol_004063	-1
read_004064	mol_004064	1
read_004065	mol_004065	-1
read_004066	mol_004066	-1
read_004067	mol_004067	-1
read_004068	mol_004068	1
read_004069	mol_004069	-1
read_004070	mol_004070	1
read_004071	mol_004071	-1
read_004072	mol_004072	1
read_004073	mol_004073	1
read_004074	mol_004074	-1
read_004075	mol_004075	-1
read_004076	mol_004076	1
read_004077	mol_004077	1
read_004078	mol_004078	-1
read_004079	mol_004079	1
read_004080	mol_004080	-1
read_004081	mol_004081	-1
read_004082	mol_004082	-1
read_004083	mol_004083	-1
read_004084	mol_004084	1
read_004085	mol_004085	1
read_004086	mol_004086	1
read_004087	mol_004087	-1
read_004088	mol_004088	-1
read_004089	mol_004089	1
read_004090	mol_004090	1
read_004091	mol_004091	1
read_004092	mol_004092	-1
read_004093	mol_004093	1
read_004094	mol_004094	-1
read_004095	mol_004095	1
read_004096	mol_004096	1
read_004097	mol_004097	1
read_004098	mol_004098	-1
read_004099	mol_004099	1
read_004100	mol_004100	-1
read_004101	mol_004101	1
read_004102	mol_004102	-1
read_004103	mol_004103	1
read_004104	mol_004104	-1
read_004105	mol_004105	1
read_004106	mol_004106	-1
read_004107	mol_004107	1
read_004108	mol_004108	1
read_004109	mol_004109	-1
read_004110	mol_004110	1
read_004111	mol_004111	-1
read_004112	mol_004112	1
read_004113	mol_004113	-1
read_004114	mol_004114	1
read_004115	mol_004115	-1
read_004116	mol_004116	1
read_004117	mol_004117	-1
read_004118	mol_004118	-1
read_004119	mol_004119	1
read_004120	mol_004120	1
read_004121	mol_004121	1
read_004122	mol_004122	1
read_004123	mol_004123	-1
read_004124	mol_004124	1
read_004125	mol_004125	-1
read_004126	mol_004126	1
read_004127	mol_004127	1
read_004128	mol_004128	-1
read_004129	mol_004129	1
read_004130	mol_004130	1
read_004131	mol_004131	1
read_004132	mol_004132	-1
read_004133	mol_004133	-1
read_004134	mol_004134	-1
read_004135	mol_004135	-1
read_004136	mol_004136	-1
read_004137	mol_004137	1
read_004138	mol_004138	1
read_004139	mol_004139	1
read_004140	mol_004140	1
read_004141	mol_004141	-1
read_004142	mol_004142	-1
read_004143	mol_004143	-1
read_004144	mol_004144	-1
read_004145	mol_004145	-1
read_004146	mol_004146	-1
read_004147	mol_004147	1
read_004148	mol_004148	-1
read_004149	mol_004149	-1
read_004150	mol_004150	1
read_004151	mol_004151	1
read_004152	mol_004152	1
read_004153	mol_004153	-1
read_004154	mol_004154	1
read_004155	mol_004155	1
read_004156	mol_004156	-1
read_004157	mol_004157	1
read_004158	mol_004158	1
read_004159	mol_004159	1
read_004160	mol_004160	-1
read_004161	mol_004161	-1
read_004162	mol_004162	1
read_004163	mol_004163	1
read_004164	mol_004164	-1
read_004165	mol_004165	-1
read_004166	mol_004166	1
read_004167	mol_004167	1
read_004168	mol_004168	1
read_004169	mol_004169	-1
read_004170	mol_004170	-1
read_004171	mol_004171	-1
read_004172	mol_004172	-1
read_004173	mol_004173	-1
read_004174	mol_004174	-1
read_004175	mol_004175	1
read_004176	mol_004176	1
read_004177	mol_004177	1
read_004178	mol_004178	1
read_004179	mol_004179	-1
read_004180	mol_004180	1
read_004181	mol_004181	1
read_004182	mol_004182	-1
read_004183	mol_004183	-1
read_004184	mol_004184	1
read_004185	mol_004185	1
read_004186	mol_004186	-1
read_004187	mol_004187	-1
read_004188	mol_004188	1
read_004189	mol_004189	-1
read_004190	mol_004190	-1
read_004191	mol_004191	1
read_004192	mol_004192	-1
read_004193	mol_004193	1
read_004194	mol_004194	-1
read_004195	mol_004195	1
read_004196	mol_004196	-1
read_004197	mol_004197	-1
read_004198	mol_004198	1
read_004199	mol_004199	1
read_004200	mol_004200	1
read_004201	mol_004201	-1
read_004202	mol_004202	-1
read_004203	mol_004203	1
read_004204	mol_004204	-1
read_004205	mol_004205	1
read_004206	mol_004206	1
read_004207	mol_004207	-1
read_004208	mol_004208	-1
read_004209	mol_004209	-1
read_004210	mol_004210	-1
read_004211	mol_004211	1
read_004212	mol_004212	1
read_004213	mol_004213	-1
read_004214	mol_004214	1
read_004215	mol_004215	1
read_004216	mol_004216	1
read_004217	mol_004217	-1
read_004218	mol_004218	1
read_004219	mol_004219	1
read_004220	mol_004220	-1
read_004221	mol_004221	1
read_004222	mol_004222	-1
read_004223	mol_004223	1
read_004224	mol_004224	-1
read_004225	mol_004225	-1
read_004226	mol_004226	1
read_004227	mol_004227	1
read_004228	mol_004228	-1
read_004229	mol_004229	-1
read_004230	mol_004230	-1
read_004231	mol_004231	-1
read_004232	mol_004232	1
read_004233	mol_004233	-1
read_004234	mol_004234	1
read_004235	mol_004235	1
read_004236	mol_004236	-1
read_004237	mol_004237	1
read_004238	mol_004238	-1
read_004239	mol_004239	1
read_004240	mol_004240	-1
read_004241	mol_004241	1
read_004242	mol_004242	-1
read_004243	mol_004243	1
read_004244	mol_004244	-1
read_004245	mol_004245	1
read_004246	mol_004246	1
read_004247	mol_004247	-1
read_004248	mol_004248	1
read_004249	mol_004249	-1
read_004250	mol_004250	1
read_004251	mol_004251	1
read_004252	mol_004252	-1
read_004253	mol_004253	-1
read_004254	mol_004254	-1
read_004255	mol_004255	-1
read_004256	mol_004256	1
read_004257	mol_004257	-1
read_004258	mol_004258	1
read_004259	mol_004259	1
read_004260	mol_004260	1
read_004261	mol_004261	1
read_004262	mol_004262	-1
read_004263	mol_004263	-1
read_004264	mol_004264	1
read_004265	mol_004265	1
read_004266	mol_004266	-1
read_004267	mol_004267	1
read_004268	mol_004268	1
read_004269	mol_004269	1
read_004270	mol_004270	1
read_004271	mol_004271	1
read_004272	mol_004272	1
read_004273	mol_004273	-1
read_004274	mol_004274	-1
read_004275	mol_004275	-1
read_004276	mol_004276	1
read_004277	mol_004277	-1
read_004278	mol_004278	1
read_004279	mol_004279	1
read_004280	mol_004280	1
read_004281	mol_004281	-1
read_004282	mol_004282	-1
read_004283	mol_004283	-1
read_004284	mol_004284	1
read_004285	mol_004285	1
read_004286	mol_004286	1
read_004287	mol_004287	1
read_004288	mol_004288	-1
read_004289	mol_004289	-1
read_004290	mol_004290	-1
read_004291	mol_004291	1
read_004292	mol_004292	1
read_004293	mol_004293	1
read_004294	mol_004294	-1
read_004295	mol_004295	1
read_004296	mol_004296	-1
read_004297	mol_004297	-1
read_004298	mol_004298	1
read_004299	mol_004299	1
read_004300	mol_004300	1
read_004301	mol_004301	-1
read_004302	mol_004302	1
read_004303	mol_004303	1
read_004304	mol_004304	-1
read_004305	mol_004305	-1
read_004306	mol_004306	1
read_004307	mol_004307	1
read_004308	mol_004308	1
read_004309	mol_004309	1
read_004310	mol_004310	1
read_004311	mol_004311	-1
read_004312	mol_004312	1
read_004313	mol_004313	1
read_004314	mol_004314	-1
read_004315	mol_004315	1
read_004316	mol_004316	-1
read_004317	mol_004317	-1
read_004318	mol_004318	-1
read_004319	mol_004319	-1
read_004320	mol_004320	-1
read_004321	mol_004321	-1
read_004322	mol_004322	-1
read_004323	mol_004323	1
read_004324	mol_004324	-1
read_004325	mol_004325	1
read_004326	mol_004326	1
read_004327	mol_004327	-1
read_004328	mol_004328	-1
read_004329	mol_004329	1
read_004330	mol_004330	-1
read_004331	mol_004331	-1
read_004332	mol_004332	1
read_004333	mol_004333	-1
read_004334	mol_004334	-1
read_004335	mol_004335	-1
read_004336	mol_004336	-1
read_004337	mol_004337	-1
read_004338	mol_004338	1
read_004339	mol_004339	-1
read_004340	mol_004340	-1
read_004341	mol_004341	-1
read_004342	mol_004342	1
read_004343	mol_004343	1
read_004344	mol_004344	1
read_004345	mol_004345	1
read_004346	mol_004346	-1
read_004347	mol_004347	-1
read_004348	mol_004348	-1
read_004349	mol_004349	1
read_004350	mol_004350	-1
read_004351	mol_004351	-1
read_004352	mol_004352	1
read_004353	mol_004353	1
read_004354	mol_004354	1
read_004355	mol_004355	1
read_004356	mol_004356	-1
read_004357	mol_004357	1
read_004358	mol_004358	1
read_004359	mol_004359	1
read_004360	mol_004360	1
read_004361	mol_004361	1
read_004362	mol_004362	-1
read_004363	mol_004363	-1
read_004364	mol_004364	1
read_004365	mol_004365	-1
read_004366	mol_004366	1
read_004367	mol_004367	1
read_004368	mol_004368	-1
read_004369	mol_004369	1
read_004370	mol_004370	-1
read_004371	mol_004371	-1
read_004372	mol_004372	-1
read_004373	mol_004373	1
read_004374	mol_004374	1
read_004375	mol_004375	-1
read_004376	mol_004376	-1
read_004377	mol_004377	1
read_004378	mol_004378	1
read_004379	mol_004379	1
read_004380	mol_004380	-1
read_004381	mol_004381	1
read_004382	mol_004382	1
read_004383	mol_004383	-1
read_004384	mol_004384	1
read_004385	mol_004385	-1
read_004386	mol_004386	1
read_004387	mol_004387	-1
read_004388	mol_004388	1
read_004389	mol_004389	1
read_004390	mol_004390	1
read_004391	mol_004391	-1
read_004392	mol_004392	1
read_004393	mol_004393	1
read_004394	mol_004394	1
read_004395	mol_004395	1
read_004396	mol_004396	1
read_004397	mol_004397	1
read_004398	mol_004398	1
read_004399	mol_004399	-1
read_004400	mol_004400	-1
read_004401	mol_004401	-1
read_004402	mol_004402	1
read_004403	mol_004403	-1
read_004404	mol_004404	-1
read_004405	mol_004405	1
read_004406	mol_004406	1
read_004407	mol_004407	-1
read_004408	mol_004408	1
read_004409	mol_004409	-1
read_004410	mol_004410	-1
read_004411	mol_004411	-1
read_004412	mol_004412	-1
read_004413	mol_004413	1
read_004414	mol_004414	1
read_004415	mol_004415	-1
read_004416	mol_004416	1
read_004417	mol_004417	1
read_004418	mol_004418	-1
read_004419	mol_004419	1
read_004420	mol_004420	1
read_004421	mol_004421	1
read_004422	mol_004422	1
read_004423	mol_004423	1
read_004424	mol_004424	-1
read_004425	mol_004425	1
read_004426	mol_004426	1
read_004427	mol_004427	-1
read_004428	mol_004428	1
read_004429	mol_004429	1
read_004430	mol_004430	1
read_004431	mol_004431	1
read_004432	mol_004432	-1
read_004433	mol_004433	1
read_004434	mol_004434	1
read_004435	mol_004435	-1
read_004436	mol_004436	1
read_004437	mol_004437	-1
read_004438	mol_004438	1
read_004439	mol_004439	1
read_004440	mol_004440	1
read_004441	mol_004441	-1
read_004442	mol_004442	-1
read_004443	mol_004443	1
read_004444	mol_004444	-1
read_004445	mol_004445	-1
read_004446	mol_004446	-1
read_004447	mol_004447	-1
read_004448	mol_004448	-1
read_004449	mol_004449	1
read_004450	mol_004450	1
read_004451	mol_004451	1
read_004452	mol_004452	1
read_004453	mol_004453	1
read_004454	mol_004454	-1
read_004455	mol_004455	1
read_004456	mol_004456	-1
read_004457	mol_004457	1
read_004458	mol_004458	1
read_004459	mol_004459	1
read_004460	mol_004460	1
read_004461	mol_004461	1
read_004462	mol_004462	-1
read_004463	mol_004463	-1
read_004464	mol_004464	-1
read_004465	mol_004465	1
read_004466	mol_004466	1
read_004467	mol_004467	1
read_004468	mol_004468	1
read_004469	mol_004469	-1
read_004470	mol_004470	-1
read_004471	mol_004471	1
read_004472	mol_004472	1
read_004473	mol_004473	-1
read_004474	mol_004474	1
read_004475	mol_004475	1
read_004476	mol_004476	-1
read_004477	mol_004477	1
read_004478	mol_004478	-1
read_004479	mol_004479	-1
read_004480	mol_004480	-1
read_004481	mol_004481	-1
read_004482	mol_004482	-1
read_004483	mol_004483	1
read_004484	mol_004484	-1
read_004485	mol_004485	-1
read_004486	mol_004486	-1
read_004487	mol_004487	1
read_004488	mol_004488	1
read_004489	mol_004489	1
read_004490	mol_004490	-1
read_004491	mol_004491	-1
read_004492	mol_004492	-1
read_004493	mol_004493	-1
read_004494	mol_004494	-1
read_004495	mol_004495	-1
read_004496	mol_004496	-1
read_004497	mol_004497	1
read_004498	mol_004498	-1
read_004499	mol_004499	-1
read_004500	mol_004500	1
read_004501	mol_004501	-1
read_004502	mol_004502	1
read_004503	mol_004503	1
read_004504	mol_004504	-1
read_004505	mol_004505	-1
read_004506	mol_004506	1
read_004507	mol_004507	1
read_004508	mol_004508	1
read_004509	mol_004509	1
read_004510	mol_004510	1
read_004511	mol_004511	1
read_004512	mol_004512	-1
read_004513	mol_004513	-1
read_004514	mol_004514	-1
read_004515	mol_004515	-1
read_004516	mol_004516	1
read_004517	mol_004517	-1
read_004518	mol_004518	-1
read_004519	mol_004519	1
read_004520	mol_004520	1
read_004521	mol_004521	-1
read_004522	mol_004522	-1
read_004523	mol_004523	-1
read_004524	mol_004524	-1
read_004525	mol_004525	-1
read_004526	mol_004526	-1
read_004527	mol_004527	-1
read_004528	mol_004528	-1
read_004529	mol_004529	1
read_004530	mol_004530	1
read_004531	mol_004531	-1
read_004532	mol_004532	-1
read_004533	mol_004533	-1
read_004534	mol_004534	-1
read_004535	mol_004535	-1
read_004536	mol_004536	1
read_004537	mol_004537	1
read_004538	mol_004538	1
read_004539	mol_004539	-1
read_004540	mol_004540	1
read_004541	mol_004541	-1
read_004542	mol_004542	-1
read_004543	mol_004543	-1
read_004544	mol_004544	-1
read_004545	mol_004545	1
read_004546	mol_004546	-1
read_004547	mol_004547	1
read_004548	mol_004548	1
read_004549	mol_004549	-1
read_004550	mol_004550	-1
read_004551	mol_004551	-1
read_004552	mol_004552	1
read_004553	mol_004553	-1
read_004554	mol_004554	-1
read_004555	mol_004555	1
read_004556	mol_004556	-1
read_004557	mol_004557	-1
read_004558	mol_004558	1
read_004559	mol_004559	-1
read_004560	mol_004560	1
read_004561	mol_004561	-1
read_004562	mol_004562	1
read_004563	mol_004563	-1
read_004564	mol_004564	1
read_004565	mol_004565	-1
read_004566	mol_004566	1
read_004567	mol_004567	1
read_004568	mol_004568	-1
read_004569	mol_004569	-1
read_004570	mol_004570	1
read_004571	mol_004571	1
read_004572	mol_004572	-1
read_004573	mol_004573	1
read_004574	mol_004574	-1
read_004575	mol_004575	1
read_004576	mol_004576	-1
read_004577	mol_004577	-1
read_004578	mol_004578	-1
read_004579	mol_004579	-1
read_004580	mol_004580	1
read_004581	mol_004581	-1
read_004582	mol_004582	1
read_004583	mol_004583	1
read_004584	mol_004584	1
read_004585	mol_004585	-1
read_004586	mol_004586	1
read_004587	mol_004587	1
read_004588	mol_004588	1
read_004589	mol_004589	1
read_004590	mol_004590	1
read_004591	mol_004591	-1
read_004592	mol_004592	1
read_004593	mol_004593	1
read_004594	mol_004594	1
read_004595	mol_004595	-1
read_004596	mol_004596	-1
read_004597	mol_004597	1
read_004598	mol_004598	1
read_004599	mol_004599	-1
read_004600	mol_004600	-1
read_004601	mol_004601	1
read_004602	mol_004602	1
read_004603	mol_004603	1
read_004604	mol_004604	1
read_004605	mol_004605	1
read_004606	mol_004606	1
read_004607	mol_004607	-1
read_004608	mol_004608	-1
read_004609	mol_004609	1
read_004610	mol_004610	-1
read_004611	mol_004611	-1
read_004612	mol_004612	1
read_004613	mol_004613	-1
read_004614	mol_004614	1
read_004615	mol_004615	-1
read_004616	mol_004616	-1
read_004617	mol_004617	1
read_004618	mol_004618	-1
read_004619	mol_004619	1
read_004620	mol_004620	-1
read_004621	mol_004621	-1
read_004622	mol_004622	-1
read_004623	mol_004623	1
read_004624	mol_004624	1
read_004625	mol_004625	1
read_004626	mol_004626	1
read_004627	mol_004627	-1
read_004628	mol_004628	1
read_004629	mol_004629	1
read_004630	mol_004630	-1
read_004631	mol_004631	1
read_004632	mol_004632	-1
read_004633	mol_004633	1
read_004634	mol_004634	1
read_004635	mol_004635	1
read_004636	mol_004636	-1
read_004637	mol_004637	-1
read_004638	mol_004638	1
read_004639	mol_004639	1
read_004640	mol_004640	-1
read_004641	mol_004641	-1
read_004642	mol_004642	1
read_004643	mol_004643	-1
read_004644	mol_004644	1
read_004645	mol_004645	-1
read_004646	mol_004646	-1
read_004647	mol_004647	-1
read_004648	mol_004648	-1
read_004649	mol_004649	1
read_004650	mol_004650	-1
read_004651	mol_004651	1
read_004652	mol_004652	1
read_004653	mol_004653	1
read_004654	mol_004654	1
read_004655	mol_004655	1
read_004656	mol_004656	1
read_004657	mol_004657	1
read_004658	mol_004658	-1
read_004659	mol_004659	-1
read_004660	mol_004660	1
read_004661	mol_004661	1
read_004662	mol_004662	-1
read_004663	mol_004663	-1
read_004664	mol_004664	1
read_004665	mol_004665	-1
read_004666	mol_004666	-1
read_004667	mol_004667	1
read_004668	mol_004668	-1
read_004669	mol_004669	1
read_004670	mol_004670	1
read_004671	mol_004671	1
read_004672	mol_004672	1
read_004673	mol_004673	1
read_004674	mol_004674	1
read_004675	mol_004675	-1
read_004676	mol_004676	-1
read_004677	mol_004677	1
read_004678	mol_004678	-1
read_004679	mol_004679	1
read_004680	mol_004680	-1
read_004681	mol_004681	-1
read_004682	mol_004682	-1
read_004683	mol_004683	1
read_004684	mol_004684	1
read_004685	mol_004685	-1
read_004686	mol_004686	1
read_004687	mol_004687	-1
read_004688	mol_004688	-1
read_004689	mol_004689	-1
read_004690	mol_004690	-1
read_004691	mol_004691	1
read_004692	mol_004692	-1
read_004693	mol_004693	-1
read_004694	mol_004694	-1
read_004695	mol_004695	-1
read_004696	mol_004696	1
read_004697	mol_004697	1
read_004698	mol_004698	-1
read_004699	mol_004699	-1
read_004700	mol_004700	1
read_004701	mol_004701	1
read_004702	mol_004702	1
read_004703	mol_004703	-1
read_004704	mol_004704	1
read_004705	mol_004705	-1
read_004706	mol_004706	1
read_004707	mol_004707	1
read_004708	mol_004708	1
read_004709	mol_004709	1
read_004710	mol_004710	-1
read_004711	mol_004711	1
read_004712	mol_004712	-1
read_004713	mol_004713	1
read_004714	mol_004714	1
read_004715	mol_004715	1
read_004716	mol_004716	-1
read_004717	mol_004717	1
read_004718	mol_004718	-1
read_004719	mol_004719	-1
read_004720	mol_004720	-1
read_004721	mol_004721	1
read_004722	mol_004722	-1
read_004723	mol_004723	1
read_004724	mol_004724	1
read_004725	mol_004725	-1
read_004726	mol_004726	-1
read_004727	mol_004727	1
read_004728	mol_004728	1
read_004729	mol_004729	-1
read_004730	mol_004730	1
read_004731	mol_004731	-1
read_004732	mol_004732	1
read_004733	mol_004733	1
read_004734	mol_004734	-1
read_004735	mol_004735	1
read_004736	mol_004736	1
read_004737	mol_004737	-1
read_004738	mol_004738	-1
read_004739	mol_004739	-1
read_004740	mol_004740	-1
read_004741	mol_004741	1
read_004742	mol_004742	-1
read_004743	mol_004743	-1
read_004744	mol_004744	1
read_004745	mol_004745	1
read_004746	mol_004746	-1
read_004747	mol_004747	1
read_004748	mol_004748	-1
read_004749	mol_004749	1
read_004750	mol_004750	-1
read_004751	mol_004751	1
read_004752	mol_004752	1
read_004753	mol_004753	-1
read_004754	mol_004754	-1
read_004755	mol_004755	-1
read_004756	mol_004756	-1
read_004757	mol_004757	-1
read_004758	mol_004758	-1
read_004759	mol_004759	-1
read_004760	mol_004760	1
read_004761	mol_004761	1
read_004762	mol_004762	1
read_004763	mol_004763	-1
read_004764	mol_004764	1
read_004765	mol_004765	1
read_004766	mol_004766	1
read_004767	mol_004767	-1
read_004768	mol_004768	1
read_004769	mol_004769	1
read_004770	mol_004770	-1
read_004771	mol_004771	-1
read_004772	mol_004772	1
read_004773	mol_004773	-1
read_004774	mol_004774	1
read_004775	mol_004775	-1
read_004776	mol_004776	1
read_004777	mol_004777	1
read_004778	mol_004778	-1
read_004779	mol_004779	-1
read_004780	mol_004780	-1
read_004781	mol_004781	-1
read_004782	mol_004782	-1
read_004783	mol_004783	1
read_004784	mol_004784	-1
read_004785	mol_004785	-1
read_004786	mol_004786	-1
read_004787	mol_004787	-1
read_004788	mol_004788	-1
read_004789	mol_004789	1
read_004790	mol_004790	1
read_004791	mol_004791	-1
read_004792	mol_004792	-1
read_004793	mol_004793	-1
read_004794	mol_004794	-1
read_004795	mol_004795	-1
read_004796	mol_004796	-1
read_004797	mol_004797	-1
read_004798	mol_004798	1
read_004799	mol_004799	1
read_004800	mol_004800	-1
read_004801	mol_004801	1
read_004802	mol_004802	-1
read_004803	mol_004803	-1
read_004804	mol_004804	-1
read_004805	mol_004805	1
read_004806	mol_004806	-1
read_004807	mol_004807	-1
read_004808	mol_004808	-1
read_004809	mol_004809	1
read_004810	mol_004810	1
read_004811	mol_004811	1
read_004812	mol_004812	-1
read_004813	mol_004813	-1
read_004814	mol_004814	1
read_004815	mol_004815	-1
read_004816	mol_004816	1
read_004817	mol_004817	1
read_004818	mol_004818	1
read_004819	mol_004819	-1
read_004820	mol_004820	-1
read_004821	mol_004821	-1
read_004822	mol_004822	-1
read_004823	mol_004823	-1
read_004824	mol_004824	1
read_004825	mol_004825	1
read_004826	mol_004826	1
read_004827	mol_004827	1
read_004828	mol_004828	1
read_004829	mol_004829	1
read_004830	mol_004830	-1
read_004831	mol_004831	1
read_004832	mol_004832	1
read_004833	mol_004833	1
read_004834	mol_004834	-1
read_004835	mol_004835	-1
read_004836	mol_004836	-1
read_004837	mol_004837	-1
read_004838	mol_004838	-1
read_004839	mol_004839	-1
read_004840	mol_004840	-1
read_004841	mol_004841	-1
read_004842	mol_004842	1
read_004843	mol_004843	-1
read_004844	mol_004844	1
read_004845	mol_004845	1
read_004846	mol_004846	1
read_004847	mol_004847	1
read_004848	mol_004848	-1
read_004849	mol_004849	-1
read_004850	mol_004850	-1
read_004851	mol_004851	-1
read_004852	mol_004852	-1
read_004853	mol_004853	1
read_004854	mol_004854	1
read_004855	mol_004855	1
read_004856	mol_004856	1
read_004857	mol_004857	-1
read_004858	mol_004858	-1
read_004859	mol_004859	-1
read_004860	mol_004860	-1
read_004861	mol_004861	1
read_004862	mol_004862	1
read_004863	mol_004863	-1
read_004864	mol_004864	1
read_004865	mol_004865	1
read_004866	mol_004866	-1
read_004867	mol_004867	1
read_004868	mol_004868	1
read_004869	mol_004869	1
read_004870	mol_004870	1
read_004871	mol_004871	-1
read_004872	mol_004872	-1
read_004873	mol_004873	-1
read_004874	mol_004874	1
read_004875	mol_004875	1
read_004876	mol_004876	1
read_004877	mol_004877	-1
read_004878	mol_004878	1
read_004879	mol_004879	1
read_004880	mol_004880	-1
read_004881	mol_004881	1
read_004882	mol_004882	1
read_004883	mol_004883	-1
read_004884	mol_004884	-1
read_004885	mol_004885	-1
read_004886	mol_004886	1
read_004887	mol_004887	-1
read_004888	mol_004888	1
read_004889	mol_004889	-1
read_004890	mol_004890	1
read_004891	mol_004891	1
read_004892	mol_004892	-1
read_004893	mol_004893	-1
read_004894	mol_004894	1
read_004895	mol_004895	-1
read_004896	mol_004896	-1
read_004897	mol_004897	1
read_004898	mol_004898	1
read_004899	mol_004899	1
read_004900	mol_004900	1
read_004901	mol_004901	1
read_004902	mol_004902	-1
read_004903	mol_004903	-1
read_004904	mol_004904	1
read_004905	mol_004905	1
read_004906	mol_004906	-1
read_004907	mol_004907	-1
read_004908	mol_004908	-1
read_004909	mol_004909	-1
read_004910	mol_004910	-1
read_004911	mol_004911	1
read_004912	mol_004912	1
read_004913	mol_004913	-1
read_004914	mol_004914	1
read_004915	mol_004915	-1
read_004916	mol_004916	-1
read_004917	mol_004917	-1
read_004918	mol_004918	-1
read_004919	mol_004919	-1
read_004920	mol_004920	1
read_004921	mol_004921	-1
read_004922	mol_004922	-1
read_004923	mol_004923	-1
read_004924	mol_004924	1
read_004925	mol_004925	1
read_004926	mol_004926	1
read_004927	mol_004927	1
read_004928	mol_004928	-1
read_004929	mol_004929	1
read_004930	mol_004930	1
read_004931	mol_004931	1
read_004932	mol_004932	1
read_004933	mol_004933	-1
read_004934	mol_004934	-1
read_004935	mol_004935	-1
read_004936	mol_004936	-1
read_004937	mol_004937	1
read_004938	mol_004938	1
read_004939	mol_004939	1
read_004940	mol_004940	-1
read_004941	mol_004941	1
read_004942	mol_004942	1
read_004943	mol_004943	-1
read_004944	mol_004944	-1
read_004945	mol_004945	1
read_004946	mol_004946	1
read_004947	mol_004947	1
read_004948	mol_004948	1
read_004949	mol_004949	-1
read_004950	mol_004950	1
read_004951	mol_004951	1
read_004952	mol_004952	1
read_004953	mol_004953	1
read_004954	mol_004954	1
read_004955	mol_004955	1
read_004956	mol_004956	-1
read_004957	mol_004957	-1
read_004958	mol_004958	1
read_004959	mol_004959	1
read_004960	mol_004960	-1
read_004961	mol_004961	-1
read_004962	mol_004962	-1
read_004963	mol_004963	-1
read_004964	mol_004964	1
read_004965	mol_004965	1
read_004966	mol_004966	-1
read_004967	mol_004967	-1
read_004968	mol_004968	-1
read_004969	mol_004969	-1
read_004970	mol_004970	-1
read_004971	mol_004971	-1
read_004972	mol_004972	-1
read_004973	mol_004973	-1
read_004974	mol_004974	-1
read_004975	mol_004975	1
read_004976	mol_004976	-1
read_004977	mol_004977	1
read_004978	mol_004978	1
read_004979	mol_004979	-1
read_004980	mol_004980	1
read_004981	mol_004981	-1
read_004982	mol_004982	-1
read_004983	mol_004983	-1
read_004984	mol_004984	1
read_004985	mol_004985	1
read_004986	mol_004986	1
read_004987	mol_004987	-1
read_004988	mol_004988	1
read_004989	mol_004989	1
read_004990	mol_004990	1
read_004991	mol_004991	-1
read_004992	mol_004992	1
read_004993	mol_004993	-1
read_004994	mol_004994	-1
read_004995	mol_004995	1
read_004996	mol_004996	1
read_004997	mol_004997	1
read_004998	mol_004998	1
read_004999	mol_004999	-1
read_005000	mol_005000	-1
read_005001	mol_005001	1
read_005002	mol_005002	1
read_005003	mol_005003	1
read_005004	mol_005004	-1
read_005005	mol_005005	-1
read_005006	mol_005006	-1
read_005007	mol_005007	-1
read_005008	mol_005008	1
read_005009	mol_005009	1
read_005010	mol_005010	-1
read_005011	mol_005011	-1
read_005012	mol_005012	-1
read_005013	mol_005013	-1
read_005014	mol_005014	-1
read_005015	mol_005015	1
read_005016	mol_005016	-1
read_005017	mol_005017	-1
read_005018	mol_005018	-1
read_005019	mol_005019	-1
read_005020	mol_005020	-1
read_005021	mol_005021	1
read_005022	mol_005022	1
read_005023	mol_005023	-1
read_005024	mol_005024	1
read_005025	mol_005025	-1
read_005026	mol_005026	1
read_005027	mol_005027	-1
read_005028	mol_005028	-1
read_005029	mol_005029	1
read_005030	mol_005030	-1
read_005031	mol_005031	1
read_005032	mol_005032	-1
read_005033	mol_005033	1
read_005034	mol_005034	1
read_005035	mol_005035	-1
read_005036	mol_005036	-1
read_005037	mol_005037	-1
read_005038	mol_005038	1
read_005039	mol_005039	1
read_005040	mol_005040	1
read_005041	mol_005041	-1
read_005042	mol_005042	-1
read_005043	mol_005043	-1
read_005044	mol_005044	1
read_005045	mol_005045	-1
read_005046	mol_005046	-1
read_005047	mol_005047	1
read_005048	mol_005048	1
read_005049	mol_005049	1
read_005050	mol_005050	-1
read_005051	mol_005051	-1
read_005052	mol_005052	-1
read_005053	mol_005053	-1
read_005054	mol_005054	1
read_005055	mol_005055	-1
read_005056	mol_005056	-1
read_005057	mol_005057	-1
read_005058	mol_005058	1
read_005059	mol_005059	1
read_005060	mol_005060	1
read_005061	mol_005061	1
read_005062	mol_005062	-1
read_005063	mol_005063	1
read_005064	mol_005064	-1
read_005065	mol_005065	-1
read_005066	mol_005066	-1
read_005067	mol_005067	1
read_005068	mol_005068	-1
read_005069	mol_005069	-1
read_005070	mol_005070	-1
read_005071	mol_005071	1
read_005072	mol_005072	-1
read_005073	mol_005073	1
read_005074	mol_005074	-1
read_005075	mol_005075	-1
read_005076	mol_005076	1
read_005077	mol_005077	-1
read_005078	mol_005078	-1
read_005079	mol_005079	-1
read_005080	mol_005080	1
read_005081	mol_005081	-1
read_005082	mol_005082	-1
read_005083	mol_005083	1
read_005084	mol_005084	1
read_005085	mol_005085	-1
read_005086	mol_005086	1
read_005087	mol_005087	1
read_005088	mol_005088	-1
read_005089	mol_005089	1
read_005090	mol_005090	-1
read_005091	mol_005091	1
read_005092	mol_005092	-1
read_005093	mol_005093	1
read_005094	mol_005094	1
read_005095	mol_005095	-1
read_005096	mol_005096	1
read_005097	mol_005097	-1
read_005098	mol_005098	1
read_005099	mol_005099	1
read_005100	mol_005100	1
read_005101	mol_005101	1
read_005102	mol_005102	-1
read_005103	mol_005103	1
read_005104	mol_005104	1
read_005105	mol_005105	-1
read_005106	mol_005106	-1
read_005107	mol_005107	1
read_005108	mol_005108	1
read_005109	mol_005109	-1
read_005110	mol_005110	1
read_005111	mol_005111	1
read_005112	mol_005112	-1
read_005113	mol_005113	-1
read_005114	mol_005114	-1
read_005115	mol_005115	1
read_005116	mol_005116	-1
read_005117	mol_005117	1
read_005118	mol_005118	1
read_005119	mol_005119	1
read_005120	mol_005120	-1
read_005121	mol_005121	-1
read_005122	mol_005122	-1
read_005123	mol_005123	-1
read_005124	mol_005124	1
read_005125	mol_005125	1
read_005126	mol_005126	-1
read_005127	mol_005127	1
read_005128	mol_005128	-1
read_005129	mol_005129	-1
read_005130	mol_005130	-1
read_005131	mol_005131	1
read_005132	mol_005132	-1
read_005133	mol_005133	1
read_005134	mol_005134	1
read_005135	mol_005135	-1
read_005136	mol_005136	-1
read_005137	mol_005137	-1
read_005138	mol_005138	1
read_005139	mol_005139	-1
read_005140	mol_005140	-1
read_005141	mol_005141	1
read_005142	mol_005142	1
read_005143	mol_005143	-1
read_005144	mol_005144	1
read_005145	mol_005145	1
read_005146	mol_005146	1
read_005147	mol_005147	-1
read_005148	mol_005148	1
read_005149	mol_005149	-1
read_005150	mol_005150	-1
read_005151	mol_005151	1
read_005152	mol_005152	1
read_005153	mol_005153	-1
read_005154	mol_005154	-1
read_005155	mol_005155	1
read_005156	mol_005156	1
read_005157	mol_005157	1
read_005158	mol_005158	1
read_005159	mol_005159	1
read_005160	mol_005160	-1
read_005161	mol_005161	-1
read_005162	mol_005162	-1
read_005163	mol_005163	1
read_005164	mol_005164	-1
read_005165	mol_005165	1
read_005166	mol_005166	1
read_005167	mol_005167	1
read_005168	mol_005168	1
read_005169	mol_005169	1
read_005170	mol_005170	-1
read_005171	mol_005171	1
read_005172	mol_005172	-1
read_005173	mol_005173	-1
read_005174	mol_005174	-1
read_005175	mol_005175	-1
read_005176	mol_005176	-1
read_005177	mol_005177	1
read_005178	mol_005178	-1
read_005179	mol_005179	1
read_005180	mol_005180	-1
read_005181	mol_005181	-1
read_005182	mol_005182	-1
read_005183	mol_005183	1
read_005184	mol_005184	-1
read_005185	mol_005185	1
read_005186	mol_005186	-1
read_005187	mol_005187	1
read_005188	mol_005188	-1
read_005189	mol_005189	-1
read_005190	mol_005190	1
read_005191	mol_005191	-1
read_005192	mol_005192	-1
read_005193	mol_005193	-1
read_005194	mol_005194	-1
read_005195	mol_005195	1
read_005196	mol_005196	-1
read_005197	mol_005197	-1
read_005198	mol_005198	-1
read_005199	mol_005199	1
read_005200	mol_005200	1
read_005201	mol_005201	1
read_005202	mol_005202	1
read_005203	mol_005203	1
read_005204	mol_005204	1
read_005205	mol_005205	1
read_005206	mol_005206	-1
read_005207	mol_005207	1
read_005208	mol_005208	-1
read_005209	mol_005209	-1
read_005210	mol_005210	1
read_005211	mol_005211	-1
read_005212	mol_005212	1
read_005213	mol_005213	1
read_005214	mol_005214	-1
read_005215	mol_005215	1
read_005216	mol_005216	1
read_005217	mol_005217	1
read_005218	mol_005218	1
read_005219	mol_005219	-1
read_005220	mol_005220	1
read_005221	mol_005221	1
read_005222	mol_005222	-1
read_005223	mol_005223	1
read_005224	mol_005224	1
read_005225	mol_005225	-1
read_005226	mol_005226	1
read_005227	mol_005227	-1
read_005228	mol_005228	1
read_005229	mol_005229	-1
read_005230	mol_005230	1
read_005231	mol_005231	-1
read_005232	mol_005232	1
read_005233	mol_005233	1
read_005234	mol_005234	-1
read_005235	mol_005235	1
read_005236	mol_005236	-1
read_005237	mol_005237	-1
read_005238	mol_005238	-1
read_005239	mol_005239	-1
read_005240	mol_005240	-1
read_005241	mol_005241	-1
read_005242	mol_005242	-1
read_005243	mol_005243	1
read_005244	mol_005244	-1
read_005245	mol_005245	1
read_005246	mol_005246	-1
read_005247	mol_005247	1
read_005248	mol_005248	-1
read_005249	mol_005249	-1
read_005250	mol_005250	-1
read_005251	mol_005251	1
read_005252	mol_005252	1
read_005253	mol_005253	-1
read_005254	mol_005254	1
read_005255	mol_005255	-1
read_005256	mol_005256	1
read_005257	mol_005257	-1
read_005258	mol_005258	-1
read_005259	mol_005259	-1
read_005260	mol_005260	-1
read_005261	mol_005261	-1
read_005262	mol_005262	1
read_005263	mol_005263	1
read_005264	mol_005264	-1
read_005265	mol_005265	1
read_005266	mol_005266	1
read_005267	mol_005267	-1
read_005268	mol_005268	-1
read_005269	mol_005269	1
read_005270	mol_005270	-1
read_005271	mol_005271	1
read_005272	mol_005272	1
read_005273	mol_005273	-1
read_005274	mol_005274	1
read_005275	mol_005275	-1
read_005276	mol_005276	-1
read_005277	mol_005277	1
read_005278	mol_005278	1
read_005279	mol_005279	1
read_005280	mol_005280	-1
read_005281	mol_005281	-1
read_005282	mol_005282	-1
read_005283	mol_005283	1
read_005284	mol_005284	1
read_005285	mol_005285	1
read_005286	mol_005286	1
read_005287	mol_005287	1
read_005288	mol_005288	-1
read_005289	mol_005289	1
read_005290	mol_005290	-1
read_005291	mol_005291	-1
read_005292	mol_005292	-1
read_005293	mol_005293	1
read_005294	mol_005294	-1
read_005295	mol_005295	1
read_005296	mol_005296	1
read_005297	mol_005297	-1
read_005298	mol_005298	-1
read_005299	mol_005299	-1
read_005300	mol_005300	-1
read_005301	mol_005301	1
read_005302	mol_005302	1
read_005303	mol_005303	-1
read_005304	mol_005304	-1
read_005305	mol_005305	-1
read_005306	mol_005306	-1
read_005307	mol_005307	1
read_005308	mol_005308	-1
read_005309	mol_005309	-1
read_005310	mol_005310	1
read_005311	mol_005311	-1
read_005312	mol_005312	1
read_005313	mol_005313	1
read_005314	mol_005314	-1
read_005315	mol_005315	-1
read_005316	mol_005316	1
read_005317	mol_005317	1
read_005318	mol_005318	1
read_005319	mol_005319	-1
read_005320	mol_005320	-1
read_005321	mol_005321	-1
read_005322	mol_005322	-1
read_005323	mol_005323	-1
read_005324	mol_005324	-1
read_005325	mol_005325	-1
read_005326	mol_005326	1
read_005327	mol_005327	1
read_005328	mol_005328	1
read_005329	mol_005329	1
read_005330	mol_005330	1
read_005331	mol_005331	1
read_005332	mol_005332	-1
read_005333	mol_005333	-1
read_005334	mol_005334	-1
read_005335	mol_005335	-1
read_005336	mol_005336	-1
read_005337	mol_005337	1
read_005338	mol_005338	1
read_005339	mol_005339	1
read_005340	mol_005340	-1
read_005341	mol_005341	1
read_005342	mol_005342	-1
read_005343	mol_005343	-1
read_005344	mol_005344	-1
read_005345	mol_005345	1
read_005346	mol_005346	-1
read_005347	mol_005347	1
read_005348	mol_005348	1
read_005349	mol_005349	1
read_005350	mol_005350	-1
read_005351	mol_005351	1
read_005352	mol_005352	-1
read_005353	mol_005353	1
read_005354	mol_005354	-1
read_005355	mol_005355	-1
read_005356	mol_005356	1
read_005357	mol_005357	-1
read_005358	mol_005358	1
read_005359	mol_005359	-1
read_005360	mol_005360	-1
read_005361	mol_005361	1
read_005362	mol_005362	-1
read_005363	mol_005363	-1
read_005364	mol_005364	1
read_005365	mol_005365	-1
read_005366	mol_005366	1
read_005367	mol_005367	-1
read_005368	mol_005368	1
read_005369	mol_005369	1
read_005370	mol_005370	-1
read_005371	mol_005371	-1
read_005372	mol_005372	-1
read_005373	mol_005373	-1
read_005374	mol_005374	1
read_005375	mol_005375	-1
read_005376	mol_005376	1
read_005377	mol_005377	-1
read_005378	mol_005378	-1
read_005379	mol_005379	1
read_005380	mol_005380	-1
read_005381	mol_005381	-1
read_005382	mol_005382	1
read_005383	mol_005383	-1
read_005384	mol_005384	-1
read_005385	mol_005385	1
read_005386	mol_005386	-1
read_005387	mol_005387	1
read_005388	mol_005388	1
read_005389	mol_005389	1
read_005390	mol_005390	-1
read_005391	mol_005391	1
read_005392	mol_005392	1
read_005393	mol_005393	-1
read_005394	mol_005394	-1
read_005395	mol_005395	-1
read_005396	mol_005396	-1
read_005397	mol_005397	1
read_005398	mol_005398	-1
read_005399	mol_005399	1
read_005400	mol_005400	1
read_005401	mol_005401	1
read_005402	mol_005402	-1
read_005403	mol_005403	-1
read_005404	mol_005404	-1
read_005405	mol_005405	-1
read_005406	mol_005406	-1
read_005407	mol_005407	-1
read_005408	mol_005408	-1
read_005409	mol_005409	1
read_005410	mol_005410	1
read_005411	mol_005411	1
read_005412	mol_005412	-1
read_005413	mol_005413	1
read_005414	mol_005414	-1
read_005415	mol_005415	1
read_005416	mol_005416	1
read_005417	mol_005417	1
read_005418	mol_005418	-1
read_005419	mol_005419	-1
read_005420	mol_005420	-1
read_005421	mol_005421	-1
read_005422	mol_005422	1
read_005423	mol_005423	-1
read_005424	mol_005424	1
read_005425	mol_005425	-1
read_005426	mol_005426	1
read_005427	mol_005427	1
read_005428	mol_005428	1
read_005429	mol_005429	1
read_005430	mol_005430	1
read_005431	mol_005431	1
read_005432	mol_005432	1
read_005433	mol_005433	1
read_005434	mol_005434	-1
read_005435	mol_005435	-1
read_005436	mol_005436	1
read_005437	mol_005437	-1
read_005438	mol_005438	-1
read_005439	mol_005439	1
read_005440	mol_005440	-1
read_005441	mol_005441	-1
read_005442	mol_005442	-1
read_005443	mol_005443	-1
read_005444	mol_005444	1
read_005445	mol_005445	1
read_005446	mol_005446	-1
read_005447	mol_005447	-1
read_005448	mol_005448	1
read_005449	mol_005449	-1
read_005450	mol_005450	1
read_005451	mol_005451	1
read_005452	mol_005452	1
read_005453	mol_005453	1
read_005454	mol_005454	-1
read_005455	mol_005455	-1
read_005456	mol_005456	-1
read_005457	mol_005457	1
read_005458	mol_005458	1
read_005459	mol_005459	1
read_005460	mol_005460	1
read_005461	mol_005461	-1
read_005462	mol_005462	-1
read_005463	mol_005463	-1
read_005464	mol_005464	1
read_005465	mol_005465	-1
read_005466	mol_005466	-1
read_005467	mol_005467	-1
read_005468	mol_005468	1
read_005469	mol_005469	-1
read_005470	mol_005470	1
read_005471	mol_005471	1
read_005472	mol_005472	-1
read_005473	mol_005473	1
read_005474	mol_005474	-1
read_005475	mol_005475	1
read_005476	mol_005476	1
read_005477	mol_005477	-1
read_005478	mol_005478	1
read_005479	mol_005479	1
read_005480	mol_005480	1
read_005481	mol_005481	1
read_005482	mol_005482	-1
read_005483	mol_005483	1
read_005484	mol_005484	1
read_005485	mol_005485	1
read_005486	mol_005486	-1
read_005487	mol_005487	-1
read_005488	mol_005488	-1
read_005489	mol_005489	1
read_005490	mol_005490	1
read_005491	mol_005491	1
read_005492	mol_005492	1
read_005493	mol_005493	-1
read_005494	mol_005494	-1
read_005495	mol_005495	1
read_005496	mol_005496	-1
read_005497	mol_005497	-1
read_005498	mol_005498	1
read_005499	mol_005499	-1
read_005500	mol_005500	-1
read_005501	mol_005501	-1
read_005502	mol_005502	-1
read_005503	mol_005503	1
read_005504	mol_005504	-1
read_005505	mol_005505	-1
read_005506	mol_005506	-1
read_005507	mol_005507	1
read_005508	mol_005508	1
read_005509	mol_005509	1
read_005510	mol_005510	1
read_005511	mol_005511	1
read_005512	mol_005512	-1
read_005513	mol_005513	-1
read_005514	mol_005514	-1
read_005515	mol_005515	1
read_005516	mol_005516	-1
read_005517	mol_005517	1
read_005518	mol_005518	-1
read_005519	mol_005519	-1
read_005520	mol_005520	-1
read_005521	mol_005521	1
read_005522	mol_005522	-1
read_005523	mol_005523	-1
read_005524	mol_005524	-1
read_005525	mol_005525	1
read_005526	mol_005526	1
read_005527	mol_005527	-1
read_005528	mol_005528	-1
read_005529	mol_005529	-1
read_005530	mol_005530	-1
read_005531	mol_005531	-1
read_005532	mol_005532	-1
read_005533	mol_005533	-1
read_005534	mol_005534	-1
read_005535	mol_005535	-1
read_005536	mol_005536	1
read_005537	mol_005537	1
read_005538	mol_005538	1
read_005539	mol_005539	1
read_005540	mol_005540	-1
read_005541	mol_005541	-1
read_005542	mol_005542	-1
read_005543	mol_005543	-1
read_005544	mol_005544	1
read_005545	mol_005545	1
read_005546	mol_005546	1
read_005547	mol_005547	1
read_005548	mol_005548	1
read_005549	mol_005549	1
read_005550	mol_005550	1
read_005551	mol_005551	-1
read_005552	mol_005552	1
read_005553	mol_005553	1
read_005554	mol_005554	-1
read_005555	mol_005555	-1
read_005556	mol_005556	-1
read_005557	mol_005557	1
read_005558	mol_005558	-1
read_005559	mol_005559	-1
read_005560	mol_005560	1
read_005561	mol_005561	-1
read_005562	mol_005562	-1
read_005563	mol_005563	1
read_005564	mol_005564	1
read_005565	mol_005565	-1
read_005566	mol_005566	-1
read_005567	mol_005567	1
read_005568	mol_005568	-1
read_005569	mol_005569	1
read_005570	mol_005570	-1
read_005571	mol_005571	-1
read_005572	mol_005572	1
read_005573	mol_005573	1
read_005574	mol_005574	1
read_005575	mol_005575	1
read_005576	mol_005576	-1
read_005577	mol_005577	1
read_005578	mol_005578	-1
read_005579	mol_005579	-1
read_005580	mol_005580	1
read_005581	mol_005581	-1
read_005582	mol_005582	1
read_005583	mol_005583	1
read_005584	mol_005584	1
read_005585	mol_005585	1
read_005586	mol_005586	-1
read_005587	mol_005587	-1
read_005588	mol_005588	-1
read_005589	mol_005589	-1
read_005590	mol_005590	1
read_005591	mol_005591	-1
read_005592	mol_005592	1
read_005593	mol_005593	1
read_005594	mol_005594	1
read_005595	mol_005595	1
read_005596	mol_005596	1
read_005597	mol_005597	-1
read_005598	mol_005598	1
read_005599	mol_005599	-1
read_005600	mol_005600	-1
read_005601	mol_005601	1
read_005602	mol_005602	1
read_005603	mol_005603	-1
read_005604	mol_005604	1
read_005605	mol_005605	1
read_005606	mol_005606	1
read_005607	mol_005607	-1
read_005608	mol_005608	1
read_005609	mol_005609	-1
read_005610	mol_005610	1
read_005611	mol_005611	-1
read_005612	mol_005612	1
read_005613	mol_005613	-1
read_005614	mol_005614	1
read_005615	mol_005615	1
read_005616	mol_005616	-1
read_005617	mol_005617	1
read_005618	mol_005618	-1
read_005619	mol_005619	1
read_005620	mol_005620	1
read_005621	mol_005621	1
read_005622	mol_005622	1
read_005623	mol_005623	-1
read_005624	mol_005624	-1
read_005625	mol_005625	-1
read_005626	mol_005626	-1
read_005627	mol_005627	-1
read_005628	mol_005628	-1
read_005629	mol_005629	-1
read_005630	mol_005630	1
read_005631	mol_005631	1
read_005632	mol_005632	-1
read_005633	mol_005633	1
read_005634	mol_005634	-1
read_005635	mol_005635	-1
read_005636	mol_005636	1
read_005637	mol_005637	1
read_005638	mol_005638	1
read_005639	mol_005639	1
read_005640	mol_005640	-1
read_005641	mol_005641	1
read_005642	mol_005642	-1
read_005643	mol_005643	1
read_005644	mol_005644	1
read_005645	mol_005645	1
read_005646	mol_005646	1
read_005647	mol_005647	-1
read_005648	mol_005648	1
read_005649	mol_005649	-1
read_005650	mol_005650	1
read_005651	mol_005651	1
read_005652	mol_005652	-1
read_005653	mol_005653	-1
read_005654	mol_005654	1
read_005655	mol_005655	1
read_005656	mol_005656	1
read_005657	mol_005657	1
read_005658	mol_005658	1
read_005659	mol_005659	1
read_005660	mol_005660	-1
read_005661	mol_005661	-1
read_005662	mol_005662	-1
read_005663	mol_005663	-1
read_005664	mol_005664	1
read_005665	mol_005665	-1
read_005666	mol_005666	-1
read_005667	mol_005667	1
read_005668	mol_005668	-1
read_005669	mol_005669	-1
read_005670	mol_005670	1
read_005671	mol_005671	-1
read_005672	mol_005672	1
read_005673	mol_005673	1
read_005674	mol_005674	1
read_005675	mol_005675	1
read_005676	mol_005676	-1
read_005677	mol_005677	-1
read_005678	mol_005678	1
read_005679	mol_005679	-1
read_005680	mol_005680	-1
read_005681	mol_005681	-1
read_005682	mol_005682	-1
read_005683	mol_005683	1
read_005684	mol_005684	1
read_005685	mol_005685	1
read_005686	mol_005686	-1
read_005687	mol_005687	-1
read_005688	mol_005688	-1
read_005689	mol_005689	-1
read_005690	mol_005690	-1
read_005691	mol_005691	1
read_005692	mol_005692	-1
read_005693	mol_005693	-1
read_005694	mol_005694	1
read_005695	mol_005695	-1
read_005696	mol_005696	-1
read_005697	mol_005697	1
read_005698	mol_005698	1
read_005699	mol_005699	1
read_005700	mol_005700	1
read_005701	mol_005701	-1
read_005702	mol_005702	1
read_005703	mol_005703	1
read_005704	mol_005704	1
read_005705	mol_005705	-1
read_005706	mol_005706	-1
read_005707	mol_005707	1
read_005708	mol_005708	1
read_005709	mol_005709	-1
read_005710	mol_005710	-1
read_005711	mol_005711	-1
read_005712	mol_005712	-1
read_005713	mol_005713	1
read_005714	mol_005714	1
read_005715	mol_005715	-1
read_005716	mol_005716	1
read_005717	mol_005717	-1
read_005718	mol_005718	-1
read_005719	mol_005719	-1
read_005720	mol_005720	1
read_005721	mol_005721	-1
read_005722	mol_005722	1
read_005723	mol_005723	-1
read_005724	mol_005724	1
read_005725	mol_005725	-1
read_005726	mol_005726	-1
read_005727	mol_005727	1
read_005728	mol_005728	-1
read_005729	mol_005729	-1
read_005730	mol_005730	1
read_005731	mol_005731	1
read_005732	mol_005732	-1
read_005733	mol_005733	-1
read_005734	mol_005734	1
read_005735	mol_005735	1
read_005736	mol_005736	1
read_005737	mol_005737	1
read_005738	mol_005738	-1
read_005739	mol_005739	-1
read_005740	mol_005740	1
read_005741	mol_005741	1
read_005742	mol_005742	1
read_005743	mol_005743	-1
read_005744	mol_005744	-1
read_005745	mol_005745	-1
read_005746	mol_005746	-1
read_005747	mol_005747	1
read_005748	mol_005748	-1
read_005749	mol_005749	1
read_005750	mol_005750	-1
read_005751	mol_005751	-1
read_005752	mol_005752	-1
read_005753	mol_005753	1
read_005754	mol_005754	1
read_005755	mol_005755	-1
read_005756	mol_005756	1
read_005757	mol_005757	-1
read_005758	mol_005758	-1
read_005759	mol_005759	1
read_005760	mol_005760	-1
read_005761	mol_005761	-1
read_005762	mol_005762	-1
read_005763	mol_005763	-1
read_005764	mol_005764	-1
read_005765	mol_005765	1
read_005766	mol_005766	-1
read_005767	mol_005767	-1
read_005768	mol_005768	1
read_005769	mol_005769	1
read_005770	mol_005770	1
read_005771	mol_005771	-1
read_005772	mol_005772	-1
read_005773	mol_005773	1
read_005774	mol_005774	-1
read_005775	mol_005775	1
read_005776	mol_005776	1
read_005777	mol_005777	1
read_005778	mol_005778	-1
read_005779	mol_005779	-1
read_005780	mol_005780	-1
read_005781	mol_005781	1
read_005782	mol_005782	-1
read_005783	mol_005783	-1
read_005784	mol_005784	1
read_005785	mol_005785	-1
read_005786	mol_005786	1
read_005787	mol_005787	1
read_005788	mol_005788	1
read_005789	mol_005789	-1
read_005790	mol_005790	-1
read_005791	mol_005791	-1
read_005792	mol_005792	-1
read_005793	mol_005793	1
read_005794	mol_005794	1
read_005795	mol_005795	1
read_005796	mol_005796	-1
read_005797	mol_005797	-1
read_005798	mol_005798	1
read_005799	mol_005799	1
read_005800	mol_005800	-1
read_005801	mol_005801	-1
read_005802	mol_005802	-1
read_005803	mol_005803	1
read_005804	mol_005804	-1
read_005805	mol_005805	1
read_005806	mol_005806	-1
read_005807	mol_005807	-1
read_005808	mol_005808	-1
read_005809	mol_005809	1
read_005810	mol_005810	-1
read_005811	mol_005811	1
read_005812	mol_005812	-1
read_005813	mol_005813	-1
read_005814	mol_005814	-1
read_005815	mol_005815	1
read_005816	mol_005816	1
read_005817	mol_005817	1
read_005818	mol_005818	1
read_005819	mol_005819	-1
read_005820	mol_005820	-1
read_005821	mol_005821	1
read_005822	mol_005822	-1
read_005823	mol_005823	-1
read_005824	mol_005824	1
read_005825	mol_005825	-1
read_005826	mol_005826	-1
read_005827	mol_005827	1
read_005828	mol_005828	1
read_005829	mol_005829	1
read_005830	mol_005830	1
read_005831	mol_005831	1
read_005832	mol_005832	1
read_005833	mol_005833	-1
read_005834	mol_005834	-1
read_005835	mol_005835	-1
read_005836	mol_005836	1
read_005837	mol_005837	1
read_005838	mol_005838	-1
read_005839	mol_005839	1
read_005840	mol_005840	-1
read_005841	mol_005841	1
read_005842	mol_005842	-1
read_005843	mol_005843	1
read_005844	mol_005844	1
read_005845	mol_005845	1
read_005846	mol_005846	1
read_005847	mol_005847	1
read_005848	mol_005848	1
read_005849	mol_005849	1
read_005850	mol_005850	1
read_005851	mol_005851	1
read_005852	mol_005852	1
read_005853	mol_005853	-1
read_005854	mol_005854	1
read_005855	mol_005855	1
read_005856	mol_005856	1
read_005857	mol_005857	-1
read_005858	mol_005858	1
read_005859	mol_005859	1
read_005860	mol_005860	1
read_005861	mol_005861	1
read_005862	mol_005862	-1
read_005863	mol_005863	1
read_005864	mol_005864	1
read_005865	mol_005865	-1
read_005866	mol_005866	1
read_005867	mol_005867	-1
read_005868	mol_005868	-1
read_005869	mol_005869	1
read_005870	mol_005870	1
read_005871	mol_005871	1
read_005872	mol_005872	-1
read_005873	mol_005873	1
read_005874	mol_005874	1
read_005875	mol_005875	1
read_005876	mol_005876	-1
read_005877	mol_005877	1
read_005878	mol_005878	-1
read_005879	mol_005879	-1
read_005880	mol_005880	-1
read_005881	mol_005881	1
read_005882	mol_005882	1
read_005883	mol_005883	1
read_005884	mol_005884	1
read_005885	mol_005885	-1
read_005886	mol_005886	1
read_005887	mol_005887	-1
read_005888	mol_005888	-1
read_005889	mol_005889	-1
read_005890	mol_005890	-1
read_005891	mol_005891	-1
read_005892	mol_005892	-1
read_005893	mol_005893	1
read_005894	mol_005894	1
read_005895	mol_005895	-1
read_005896	mol_005896	-1
read_005897	mol_005897	1
read_005898	mol_005898	-1
read_005899	mol_005899	-1
read_005900	mol_005900	-1
read_005901	mol_005901	-1
read_005902	mol_005902	1
read_005903	mol_005903	-1
read_005904	mol_005904	-1
read_005905	mol_005905	-1
read_005906	mol_005906	-1
read_005907	mol_005907	-1
read_005908	mol_005908	-1
read_005909	mol_005909	-1
read_005910	mol_005910	-1
read_005911	mol_005911	-1
read_005912	mol_005912	-1
read_005913	mol_005913	-1
read_005914	mol_005914	1
read_005915	mol_005915	-1
read_005916	mol_005916	1
read_005917	mol_005917	1
read_005918	mol_005918	-1
read_005919	mol_005919	1
read_005920	mol_005920	-1
read_005921	mol_005921	1
read_005922	mol_005922	1
read_005923	mol_005923	-1
read_005924	mol_005924	1
read_005925	mol_005925	1
read_005926	mol_005926	-1
read_005927	mol_005927	-1
read_005928	mol_005928	-1
read_005929	mol_005929	1
read_005930	mol_005930	1
read_005931	mol_005931	1
read_005932	mol_005932	-1
read_005933	mol_005933	1
read_005934	mol_005934	-1
read_005935	mol_005935	1
read_005936	mol_005936	-1
read_005937	mol_005937	-1
read_005938	mol_005938	-1
read_005939	mol_005939	1
read_005940	mol_005940	1
read_005941	mol_005941	1
read_005942	mol_005942	-1
read_005943	mol_005943	1
read_005944	mol_005944	1
read_005945	mol_005945	-1
read_005946	mol_005946	-1
read_005947	mol_005947	1
read_005948	mol_005948	1
read_005949	mol_005949	1
read_005950	mol_005950	-1
read_005951	mol_005951	-1
read_005952	mol_005952	1
read_005953	mol_005953	1
read_005954	mol_005954	1
read_005955	mol_005955	1
read_005956	mol_005956	1
read_005957	mol_005957	1
read_005958	mol_005958	1
read_005959	mol_005959	1
read_005960	mol_005960	-1
read_005961	mol_005961	1
read_005962	mol_005962	-1
read_005963	mol_005963	1
read_005964	mol_005964	1
read_005965	mol_005965	1
read_005966	mol_005966	-1
read_005967	mol_005967	-1
read_005968	mol_005968	-1
read_005969	mol_005969	1
read_005970	mol_005970	1
read_005971	mol_005971	-1
read_005972	mol_005972	1
read_005973	mol_005973	-1
read_005974	mol_005974	1
read_005975	mol_005975	1
read_005976	mol_005976	-1
read_005977	mol_005977	1
read_005978	mol_005978	1
read_005979	mol_005979	1
read_005980	mol_005980	-1
read_005981	mol_005981	-1
read_005982	mol_005982	-1
read_005983	mol_005983	-1
read_005984	mol_005984	-1
read_005985	mol_005985	-1
read_005986	mol_005986	-1
read_005987	mol_005987	-1
read_005988	mol_005988	-1
read_005989	mol_005989	1
read_005990	mol_005990	-1
read_005991	mol_005991	1
read_005992	mol_005992	-1
read_005993	mol_005993	-1
read_005994	mol_005994	-1
read_005995	mol_005995	-1
read_005996	mol_005996	-1
read_005997	mol_005997	-1
read_005998	mol_005998	1
read_005999	mol_005999	-1
read_006000	mol_006000	-1
read_006001	mol_006001	-1
read_006002	mol_006002	1
read_006003	mol_006003	-1
read_006004	mol_006004	1
read_006005	mol_006005	1
read_006006	mol_006006	-1
read_006007	mol_006007	-1
read_006008	mol_006008	1
read_006009	mol_006009	1
read_006010	mol_006010	-1
read_006011	mol_006011	1
read_006012	mol_006012	-1
read_006013	mol_006013	1
read_006014	mol_006014	1
read_006015	mol_006015	1
read_006016	mol_006016	1
read_006017	mol_006017	1
read_006018	mol_006018	-1
read_006019	mol_006019	1
read_006020	mol_006020	1
read_006021	mol_006021	-1
read_006022	mol_006022	-1
read_006023	mol_006023	-1
read_006024	mol_006024	-1
read_006025	mol_006025	1
read_006026	mol_006026	1
read_006027	mol_006027	1
read_006028	mol_006028	-1
read_006029	mol_006029	1
read_006030	mol_006030	1
read_006031	mol_006031	-1
read_006032	mol_006032	1
read_006033	mol_006033	-1
read_006034	mol_006034	-1
read_006035	mol_006035	1
read_006036	mol_006036	1
read_006037	mol_006037	-1
read_006038	mol_006038	1
read_006039	mol_006039	-1
read_006040	mol_006040	1
read_006041	mol_006041	-1
read_006042	mol_006042	1
read_006043	mol_006043	-1
read_006044	mol_006044	-1
read_006045	mol_006045	1
read_006046	mol_006046	1
read_006047	mol_006047	-1
read_006048	mol_006048	-1
read_006049	mol_006049	1
read_006050	mol_006050	1
read_006051	mol_006051	1
read_006052	mol_006052	-1
read_006053	mol_006053	1
read_006054	mol_006054	1
read_006055	mol_006055	1
read_006056	mol_006056	-1
read_006057	mol_006057	-1
read_006058	mol_006058	1
read_006059	mol_006059	-1
read_006060	mol_006060	-1
read_006061	mol_006061	1
read_006062	mol_006062	-1
read_006063	mol_006063	1
read_006064	mol_006064	-1
read_006065	mol_006065	-1
read_006066	mol_006066	1
read_006067	mol_006067	-1
read_006068	mol_006068	1
read_006069	mol_006069	1
read_006070	mol_006070	1
read_006071	mol_006071	1
read_006072	mol_006072	-1
read_006073	mol_006073	1
read_006074	mol_006074	-1
read_006075	mol_006075	1
read_006076	mol_006076	-1
read_006077	mol_006077	-1
read_006078	mol_006078	1
read_006079	mol_006079	-1
read_006080	mol_006080	1
read_006081	mol_006081	1
read_006082	mol_006082	1
read_006083	mol_006083	1
read_006084	mol_006084	-1
read_006085	mol_006085	-1
read_006086	mol_006086	-1
read_006087	mol_006087	1
read_006088	mol_006088	-1
read_006089	mol_006089	1
read_006090	mol_006090	-1
read_006091	mol_006091	1
read_006092	mol_006092	-1
read_006093	mol_006093	1
read_006094	mol_006094	1
read_006095	mol_006095	-1
read_006096	mol_006096	1
read_006097	mol_006097	1
read_006098	mol_006098	1
read_006099	mol_006099	-1
read_006100	mol_006100	1
read_006101	mol_006101	1
read_006102	mol_006102	1
read_006103	mol_006103	1
read_006104	mol_006104	-1
read_006105	mol_006105	-1
read_006106	mol_006106	-1
read_006107	mol_006107	-1
read_006108	mol_006108	1
read_006109	mol_006109	1
read_006110	mol_006110	1
read_006111	mol_006111	-1
read_006112	mol_006112	-1
read_006113	mol_006113	1
read_006114	mol_006114	1
read_006115	mol_006115	1
read_006116	mol_006116	1
read_006117	mol_006117	1
read_006118	mol_006118	-1
read_006119	mol_006119	1
read_006120	mol_006120	-1
read_006121	mol_006121	1
read_006122	mol_006122	1
read_006123	mol_006123	-1
read_006124	mol_006124	-1
read_006125	mol_006125	1
read_006126	mol_006126	1
read_006127	mol_006127	-1
read_006128	mol_006128	1
read_006129	mol_006129	-1
read_006130	mol_006130	-1
read_006131	mol_006131	-1
read_006132	mol_006132	1
read_006133	mol_006133	1
read_006134	mol_006134	-1
read_006135	mol_006135	-1
read_006136	mol_006136	1
read_006137	mol_006137	-1
read_006138	mol_006138	-1
read_006139	mol_006139	-1
read_006140	mol_006140	1
read_006141	mol_006141	1
read_006142	mol_006142	1
read_006143	mol_006143	1
read_006144	mol_006144	-1
read_006145	mol_006145	1
read_006146	mol_006146	-1
read_006147	mol_006147	-1
read_006148	mol_006148	1
read_006149	mol_006149	1
read_006150	mol_006150	-1
read_006151	mol_006151	-1
read_006152	mol_006152	1
read_006153	mol_006153	-1
read_006154	mol_006154	1
read_006155	mol_006155	1
read_006156	mol_006156	1
read_006157	mol_006157	1
read_006158	mol_006158	-1
read_006159	mol_006159	-1
read_006160	mol_006160	1
read_006161	mol_006161	-1
read_006162	mol_006162	1
read_006163	mol_006163	-1
read_006164	mol_006164	1
read_006165	mol_006165	-1
read_006166	mol_006166	-1
read_006167	mol_006167	1
read_006168	mol_006168	1
read_006169	mol_006169	1
read_006170	mol_006170	-1
read_006171	mol_006171	1
read_006172	mol_006172	1
read_006173	mol_006173	-1
read_006174	mol_006174	1
read_006175	mol_006175	1
read_006176	mol_006176	-1
read_006177	mol_006177	1
read_006178	mol_006178	-1
read_006179	mol_006179	-1
read_006180	mol_006180	-1
read_006181	mol_006181	1
read_006182	mol_006182	-1
read_006183	mol_006183	-1
read_006184	mol_006184	-1
read_006185	mol_006185	-1
read_006186	mol_006186	1
read_006187	mol_006187	1
read_006188	mol_006188	1
read_006189	mol_006189	-1
read_006190	mol_006190	1
read_006191	mol_006191	1
read_006192	mol_006192	-1
read_006193	mol_006193	1
read_006194	mol_006194	1
read_006195	mol_006195	-1
read_006196	mol_006196	-1
read_006197	mol_006197	1
read_006198	mol_006198	1
read_006199	mol_006199	1
read_006200	mol_006200	-1
read_006201	mol_006201	-1
read_006202	mol_006202	-1
read_006203	mol_006203	1
read_006204	mol_006204	-1
read_006205	mol_006205	1
read_006206	mol_006206	1
read_006207	mol_006207	1
read_006208	mol_006208	-1
read_006209	mol_006209	-1
read_006210	mol_006210	-1
read_006211	mol_006211	-1
read_006212	mol_006212	-1
read_006213	mol_006213	1
read_006214	mol_006214	-1
read_006215	mol_006215	-1
read_006216	mol_006216	1
read_006217	mol_006217	-1
read_006218	mol_006218	1
read_006219	mol_006219	1
read_006220	mol_006220	1
read_006221	mol_006221	-1
read_006222	mol_006222	-1
read_006223	mol_006223	-1
read_006224	mol_006224	-1
read_006225	mol_006225	1
read_006226	mol_006226	-1
read_006227	mol_006227	1
read_006228	mol_006228	1
read_006229	mol_006229	-1
read_006230	mol_006230	1
read_006231	mol_006231	-1
read_006232	mol_006232	1
read_006233	mol_006233	-1
read_006234	mol_006234	-1
read_006235	mol_006235	-1
read_006236	mol_006236	-1
read_006237	mol_006237	-1
read_006238	mol_006238	-1
read_006239	mol_006239	-1
read_006240	mol_006240	-1
read_006241	mol_006241	1
read_006242	mol_006242	-1
read_006243	mol_006243	1
read_006244	mol_006244	1
read_006245	mol_006245	1
read_006246	mol_006246	-1
read_006247	mol_006247	1
read_006248	mol_006248	1
read_006249	mol_006249	1
read_006250	mol_006250	-1
read_006251	mol_006251	1
read_006252	mol_006252	-1
read_006253	mol_006253	-1
read_006254	mol_006254	1
read_006255	mol_006255	-1
read_006256	mol_006256	1
read_006257	mol_006257	1
read_006258	mol_006258	-1
read_006259	mol_006259	1
read_006260	mol_006260	1
read_006261	mol_006261	1
read_006262	mol_006262	-1
read_006263	mol_006263	-1
read_006264	mol_006264	-1
read_006265	mol_006265	-1
read_006266	mol_006266	1
read_006267	mol_006267	-1
read_006268	mol_006268	1
read_006269	mol_006269	-1
read_006270	mol_006270	-1
read_006271	mol_006271	1
read_006272	mol_006272	-1
read_006273	mol_006273	1
read_006274	mol_006274	-1
read_006275	mol_006275	-1
read_006276	mol_006276	-1
read_006277	mol_006277	-1
read_006278	mol_006278	-1
read_006279	mol_006279	-1
read_006280	mol_006280	1
read_006281	mol_006281	1
read_006282	mol_006282	1
read_006283	mol_006283	-1
read_006284	mol_006284	-1
read_006285	mol_006285	-1
read_006286	mol_006286	1
read_006287	mol_006287	-1
read_006288	mol_006288	-1
read_006289	mol_006289	-1
read_006290	mol_006290	-1
read_006291	mol_006291	-1
read_006292	mol_006292	-1
read_006293	mol_006293	1
read_006294	mol_006294	-1
read_006295	mol_006295	-1
read_006296	mol_006296	-1
read_006297	mol_006297	1
read_006298	mol_006298	1
read_006299	mol_006299	1
read_006300	mol_006300	1
read_006301	mol_006301	-1
read_006302	mol_006302	-1
read_006303	mol_006303	-1
read_006304	mol_006304	1
read_006305	mol_006305	1
read_006306	mol_006306	-1
read_006307	mol_006307	1
read_006308	mol_006308	1
read_006309	mol_006309	1
read_006310	mol_006310	1
read_006311	mol_006311	-1
read_006312	mol_006312	1
read_006313	mol_006313	1
read_006314	mol_006314	-1
read_006315	mol_006315	-1
read_006316	mol_006316	1
read_006317	mol_006317	-1
read_006318	mol_006318	1
read_006319	mol_006319	-1
read_006320	mol_006320	-1
read_006321	mol_006321	1
read_006322	mol_006322	1
read_006323	mol_006323	-1
read_006324	mol_006324	-1
read_006325	mol_006325	-1
read_006326	mol_006326	-1
read_006327	mol_006327	1
read_006328	mol_006328	-1
read_006329	mol_006329	1
read_006330	mol_006330	1
read_006331	mol_006331	-1
read_006332	mol_006332	1
read_006333	mol_006333	-1
read_006334	mol_006334	1
read_006335	mol_006335	1
read_006336	mol_006336	1
read_006337	mol_006337	1
read_006338	mol_006338	-1
read_006339	mol_006339	1
read_006340	mol_006340	-1
read_006341	mol_006341	1
read_006342	mol_006342	1
read_006343	mol_006343	1
read_006344	mol_006344	-1
read_006345	mol_006345	1
read_006346	mol_006346	1
read_006347	mol_006347	1
read_006348	mol_006348	-1
read_006349	mol_006349	1
read_006350	mol_006350	-1
read_006351	mol_006351	-1
read_006352	mol_006352	-1
read_006353	mol_006353	1
read_006354	mol_006354	-1
read_006355	mol_006355	-1
read_006356	mol_006356	1
read_006357	mol_006357	-1
read_006358	mol_006358	1
read_006359	mol_006359	-1
read_006360	mol_006360	-1
read_006361	mol_006361	-1
read_006362	mol_006362	-1
read_006363	mol_006363	1
read_006364	mol_006364	-1
read_006365	mol_006365	-1
read_006366	mol_006366	1
read_006367	mol_006367	1
read_006368	mol_006368	-1
read_006369	mol_006369	-1
read_006370	mol_006370	-1
read_006371	mol_006371	-1
read_006372	mol_006372	-1
read_006373	mol_006373	1
read_006374	mol_006374	1
read_006375	mol_006375	1
read_006376	mol_006376	-1
read_006377	mol_006377	-1
read_006378	mol_006378	-1
read_006379	mol_006379	1
read_006380	mol_006380	1
read_006381	mol_006381	-1
read_006382	mol_006382	-1
read_006383	mol_006383	-1
read_006384	mol_006384	-1
read_006385	mol_006385	-1
read_006386	mol_006386	-1
read_006387	mol_006387	1
read_006388	mol_006388	1
read_006389	mol_006389	-1
read_006390	mol_006390	-1
read_006391	mol_006391	-1
read_006392	mol_006392	1
read_006393	mol_006393	-1
read_006394	mol_006394	1
read_006395	mol_006395	1
read_006396	mol_006396	-1
read_006397	mol_006397	1
read_006398	mol_006398	1
read_006399	mol_006399	-1
read_006400	mol_006400	-1
read_006401	mol_006401	1
read_006402	mol_006402	1
read_006403	mol_006403	1
read_006404	mol_006404	1
read_006405	mol_006405	-1
read_006406	mol_006406	-1
read_006407	mol_006407	-1
read_006408	mol_006408	1
read_006409	mol_006409	1
read_006410	mol_006410	-1
read_006411	mol_006411	1
read_006412	mol_006412	1
read_006413	mol_006413	1
read_006414	mol_006414	1
read_006415	mol_006415	-1
read_006416	mol_006416	-1
read_006417	mol_006417	-1
read_006418	mol_006418	1
read_006419	mol_006419	-1
read_006420	mol_006420	-1
read_006421	mol_006421	-1
read_006422	mol_006422	1
read_006423	mol_006423	1
read_006424	mol_006424	1
read_006425	mol_006425	-1
read_006426	mol_006426	1
read_006427	mol_006427	-1
read_006428	mol_006428	-1
read_006429	mol_006429	1
read_006430	mol_006430	-1
read_006431	mol_006431	1
read_006432	mol_006432	-1
read_006433	mol_006433	1
read_006434	mol_006434	1
read_006435	mol_006435	1
read_006436	mol_006436	1
read_006437	mol_006437	-1
read_006438	mol_006438	1
read_006439	mol_006439	-1
read_006440	mol_006440	1
read_006441	mol_006441	1
read_006442	mol_006442	-1
read_006443	mol_006443	1
read_006444	mol_006444	-1
read_006445	mol_006445	-1
read_006446	mol_006446	1
read_006447	mol_006447	-1
read_006448	mol_006448	-1
read_006449	mol_006449	-1
read_006450	mol_006450	-1
read_006451	mol_006451	1
read_006452	mol_006452	1
read_006453	mol_006453	1
read_006454	mol_006454	-1
read_006455	mol_006455	1
read_006456	mol_006456	-1
read_006457	mol_006457	-1
read_006458	mol_006458	1
read_006459	mol_006459	1
read_006460	mol_006460	1
read_006461	mol_006461	-1
read_006462	mol_006462	1
read_006463	mol_006463	-1
read_006464	mol_006464	-1
read_006465	mol_006465	-1
read_006466	mol_006466	-1
read_006467	mol_006467	-1
read_006468	mol_006468	1
read_006469	mol_006469	-1
read_006470	mol_006470	1
read_006471	mol_006471	-1
read_006472	mol_006472	-1
read_006473	mol_006473	1
read_006474	mol_006474	-1
read_006475	mol_006475	1
read_006476	mol_006476	-1
read_006477	mol_006477	1
read_006478	mol_006478	-1
read_006479	mol_006479	1
read_006480	mol_006480	1
read_006481	mol_006481	1
read_006482	mol_006482	-1
read_006483	mol_006483	1
read_006484	mol_006484	1
read_006485	mol_006485	-1
read_006486	mol_006486	-1
read_006487	mol_006487	1
read_006488	mol_006488	-1
read_006489	mol_006489	1
read_006490	mol_006490	-1
read_006491	mol_006491	-1
read_006492	mol_006492	1
read_006493	mol_006493	1
read_006494	mol_006494	-1
read_006495	mol_006495	1
read_006496	mol_006496	-1
read_006497	mol_006497	1
read_006498	mol_006498	1
read_006499	mol_006499	-1
read_006500	mol_006500	-1
read_006501	mol_006501	-1
read_006502	mol_006502	1
read_006503	mol_006503	1
read_006504	mol_006504	-1
read_006505	mol_006505	-1
read_006506	mol_006506	1
read_006507	mol_006507	1
read_006508	mol_006508	-1
read_006509	mol_006509	-1
read_006510	mol_006510	-1
read_006511	mol_006511	-1
read_006512	mol_006512	-1
read_006513	mol_006513	-1
read_006514	mol_006514	-1
read_006515	mol_006515	-1
read_006516	mol_006516	-1
read_006517	mol_006517	1
read_006518	mol_006518	-1
read_006519	mol_006519	-1
read_006520	mol_006520	-1
read_006521	mol_006521	1
read_006522	mol_006522	-1
read_006523	mol_006523	1
read_006524	mol_006524	1
read_006525	mol_006525	1
read_006526	mol_006526	-1
read_006527	mol_006527	1
read_006528	mol_006528	1
read_006529	mol_006529	1
read_006530	mol_006530	1
read_006531	mol_006531	-1
read_006532	mol_006532	1
read_006533	mol_006533	-1
read_006534	mol_006534	-1
read_006535	mol_006535	1
read_006536	mol_006536	-1
read_006537	mol_006537	-1
read_006538	mol_006538	-1
read_006539	mol_006539	1
read_006540	mol_006540	1
read_006541	mol_006541	1
read_006542	mol_006542	-1
read_006543	mol_006543	1
read_006544	mol_006544	1
read_006545	mol_006545	-1
read_006546	mol_006546	1
read_006547	mol_006547	1
read_006548	mol_006548	1
read_006549	mol_006549	1
read_006550	mol_006550	1
read_006551	mol_006551	1
read_006552	mol_006552	1
read_006553	mol_006553	-1
read_006554	mol_006554	1
read_006555	mol_006555	1
read_006556	mol_006556	-1
read_006557	mol_006557	-1
read_006558	mol_006558	1
read_006559	mol_006559	1
read_006560	mol_006560	1
read_006561	mol_006561	1
read_006562	mol_006562	1
read_006563	mol_006563	1
read_006564	mol_006564	1
read_006565	mol_006565	-1
read_006566	mol_006566	1
read_006567	mol_006567	-1
read_006568	mol_006568	-1
read_006569	mol_006569	-1
read_006570	mol_006570	1
read_006571	mol_006571	1
read_006572	mol_006572	1
read_006573	mol_006573	1
read_006574	mol_006574	1
read_006575	mol_006575	1
read_006576	mol_006576	1
read_006577	mol_006577	-1
read_006578	mol_006578	-1
read_006579	mol_006579	1
read_006580	mol_006580	-1
read_006581	mol_006581	-1
read_006582	mol_006582	1
read_006583	mol_006583	-1
read_006584	mol_006584	-1
read_006585	mol_006585	-1
read_006586	mol_006586	1
read_006587	mol_006587	-1
read_006588	mol_006588	1
read_006589	mol_006589	-1
read_006590	mol_006590	1
read_006591	mol_006591	-1
read_006592	mol_006592	1
read_006593	mol_006593	1
read_006594	mol_006594	-1
read_006595	mol_006595	-1
read_006596	mol_006596	1
read_006597	mol_006597	1
read_006598	mol_006598	-1
read_006599	mol_006599	1
read_006600	mol_006600	-1
read_006601	mol_006601	-1
read_006602	mol_006602	-1
read_006603	mol_006603	1
read_006604	mol_006604	1
read_006605	mol_006605	-1
read_006606	mol_006606	1
read_006607	mol_006607	-1
read_006608	mol_006608	-1
read_006609	mol_006609	1
read_006610	mol_006610	-1
read_006611	mol_006611	1
read_006612	mol_006612	1
read_006613	mol_006613	-1
read_006614	mol_006614	-1
read_006615	mol_006615	1
read_006616	mol_006616	1
read_006617	mol_006617	-1
read_006618	mol_006618	-1
read_006619	mol_006619	-1
read_006620	mol_006620	-1
read_006621	mol_006621	1
read_006622	mol_006622	1
read_006623	mol_006623	1
read_006624	mol_006624	1
read_006625	mol_006625	1
read_006626	mol_006626	-1
read_006627	mol_006627	1
read_006628	mol_006628	-1
read_006629	mol_006629	1
read_006630	mol_006630	-1
read_006631	mol_006631	1
read_006632	mol_006632	-1
read_006633	mol_006633	1
read_006634	mol_006634	1
read_006635	mol_006635	1
read_006636	mol_006636	1
read_006637	mol_006637	-1
read_006638	mol_006638	-1
read_006639	mol_006639	1
read_006640	mol_006640	1
read_006641	mol_006641	1
read_006642	mol_006642	-1
read_006643	mol_006643	-1
read_006644	mol_006644	1
read_006645	mol_006645	1
read_006646	mol_006646	-1
read_006647	mol_006647	-1
read_006648	mol_006648	1
read_006649	mol_006649	-1
read_006650	mol_006650	-1
read_006651	mol_006651	1
read_006652	mol_006652	-1
read_006653	mol_006653	1
read_006654	mol_006654	-1
read_006655	mol_006655	-1
read_006656	mol_006656	1
read_006657	mol_006657	1
read_006658	mol_006658	1
read_006659	mol_006659	-1
read_006660	mol_006660	1
read_006661	mol_006661	-1
read_006662	mol_006662	1
read_006663	mol_006663	-1
read_006664	mol_006664	-1
read_006665	mol_006665	1
read_006666	mol_006666	1
read_006667	mol_006667	-1
read_006668	mol_006668	1
read_006669	mol_006669	-1
read_006670	mol_006670	1
read_006671	mol_006671	1
read_006672	mol_006672	-1
read_006673	mol_006673	-1
read_006674	mol_006674	-1
read_006675	mol_006675	-1
read_006676	mol_006676	-1
read_006677	mol_006677	-1
read_006678	mol_006678	1
read_006679	mol_006679	-1
read_006680	mol_006680	1
read_006681	mol_006681	1
read_006682	mol_006682	-1
read_006683	mol_006683	1
read_006684	mol_006684	1
read_006685	mol_006685	1
read_006686	mol_006686	-1
read_006687	mol_006687	-1
read_006688	mol_006688	-1
read_006689	mol_006689	-1
read_006690	mol_006690	1
read_006691	mol_006691	-1
read_006692	mol_006692	1
read_006693	mol_006693	1
read_006694	mol_006694	1
read_006695	mol_006695	-1
read_006696	mol_006696	-1
read_006697	mol_006697	1
read_006698	mol_006698	-1
read_006699	mol_006699	-1
read_006700	mol_006700	1
read_006701	mol_006701	-1
read_006702	mol_006702	1
read_006703	mol_006703	-1
read_006704	mol_006704	1
read_006705	mol_006705	1
read_006706	mol_006706	-1
read_006707	mol_006707	-1
read_006708	mol_006708	-1
read_006709	mol_006709	1
read_006710	mol_006710	1
read_006711	mol_006711	1
read_006712	mol_006712	-1
read_006713	mol_006713	-1
read_006714	mol_006714	-1
read_006715	mol_006715	1
read_006716	mol_006716	-1
read_006717	mol_006717	-1
read_006718	mol_006718	1
read_006719	mol_006719	1
read_006720	mol_006720	-1
read_006721	mol_006721	-1
read_006722	mol_006722	-1
read_006723	mol_006723	-1
read_006724	mol_006724	1
read_006725	mol_006725	1
read_006726	mol_006726	1
read_006727	mol_006727	1
read_006728	mol_006728	-1
read_006729	mol_006729	-1
read_006730	mol_006730	-1
read_006731	mol_006731	1
read_006732	mol_006732	-1
read_006733	mol_006733	1
read_006734	mol_006734	-1
read_006735	mol_006735	1
read_006736	mol_006736	-1
read_006737	mol_006737	1
read_006738	mol_006738	-1
read_006739	mol_006739	1
read_006740	mol_006740	-1
read_006741	mol_006741	1
read_006742	mol_006742	1
read_006743	mol_006743	1
read_006744	mol_006744	-1
read_006745	mol_006745	-1
read_006746	mol_006746	-1
read_006747	mol_006747	1
read_006748	mol_006748	-1
read_006749	mol_006749	-1
read_006750	mol_006750	-1
read_006751	mol_006751	1
read_006752	mol_006752	-1
read_006753	mol_006753	-1
read_006754	mol_006754	1
read_006755	mol_006755	1
read_006756	mol_006756	1
read_006757	mol_006757	-1
read_006758	mol_006758	1
read_006759	mol_006759	-1
read_006760	mol_006760	-1
read_006761	mol_006761	-1
read_006762	mol_006762	1
read_006763	mol_006763	1
read_006764	mol_006764	1
read_006765	mol_006765	-1
read_006766	mol_006766	-1
read_006767	mol_006767	-1
read_006768	mol_006768	1
read_006769	mol_006769	1
read_006770	mol_006770	-1
read_006771	mol_006771	1
read_006772	mol_006772	-1
read_006773	mol_006773	1
read_006774	mol_006774	1
read_006775	mol_006775	1
read_006776	mol_006776	-1
read_006777	mol_006777	1
read_006778	mol_006778	1
read_006779	mol_006779	-1
read_006780	mol_006780	1
read_006781	mol_006781	1
read_006782	mol_006782	1
read_006783	mol_006783	1
read_006784	mol_006784	-1
read_006785	mol_006785	-1
read_006786	mol_006786	-1
read_006787	mol_006787	-1
read_006788	mol_006788	1
read_006789	mol_006789	1
read_006790	mol_006790	1
read_006791	mol_006791	1
read_006792	mol_006792	-1
read_006793	mol_006793	1
read_006794	mol_006794	1
read_006795	mol_006795	1
read_006796	mol_006796	1
read_006797	mol_006797	1
read_006798	mol_006798	1
read_006799	mol_006799	1
read_006800	mol_006800	-1
read_006801	mol_006801	1
read_006802	mol_006802	1
read_006803	mol_006803	1
read_006804	mol_006804	1
read_006805	mol_006805	-1
read_006806	mol_006806	-1
read_006807	mol_006807	1
read_006808	mol_006808	1
read_006809	mol_006809	1
read_006810	mol_006810	1
read_006811	mol_006811	-1
read_006812	mol_006812	1
read_006813	mol_006813	-1
read_006814	mol_006814	-1
read_006815	mol_006815	-1
read_006816	mol_006816	1
read_006817	mol_006817	-1
read_006818	mol_006818	-1
read_006819	mol_006819	1
read_006820	mol_006820	-1
read_006821	mol_006821	1
read_006822	mol_006822	-1
read_006823	mol_006823	-1
read_006824	mol_006824	1
read_006825	mol_006825	-1
read_006826	mol_006826	1
read_006827	mol_006827	-1
read_006828	mol_006828	1
read_006829	mol_006829	1
read_006830	mol_006830	1
read_006831	mol_006831	-1
read_006832	mol_006832	1
read_006833	mol_006833	1
read_006834	mol_006834	-1
read_006835	mol_006835	1
read_006836	mol_006836	1
read_006837	mol_006837	-1
read_006838	mol_006838	-1
read_006839	mol_006839	-1
read_006840	mol_006840	-1
read_006841	mol_006841	-1
read_006842	mol_006842	-1
read_006843	mol_006843	-1
read_006844	mol_006844	-1
read_006845	mol_006845	-1
read_006846	mol_006846	1
read_006847	mol_006847	-1
read_006848	mol_006848	1
read_006849	mol_006849	1
read_006850	mol_006850	-1
read_006851	mol_006851	-1
read_006852	mol_006852	1
read_006853	mol_006853	1
read_006854	mol_006854	-1
read_006855	mol_006855	1
read_006856	mol_006856	-1
read_006857	mol_006857	1
read_006858	mol_006858	-1
read_006859	mol_006859	1
read_006860	mol_006860	-1
read_006861	mol_006861	-1
read_006862	mol_006862	1
read_006863	mol_006863	1
read_006864	mol_006864	1
read_006865	mol_006865	1
read_006866	mol_006866	-1
read_006867	mol_006867	-1
read_006868	mol_006868	-1
read_006869	mol_006869	1
read_006870	mol_006870	1
read_006871	mol_006871	-1
read_006872	mol_006872	-1
read_006873	mol_006873	1
read_006874	mol_006874	-1
read_006875	mol_006875	-1
read_006876	mol_006876	-1
read_006877	mol_006877	-1
read_006878	mol_006878	1
read_006879	mol_006879	1
read_006880	mol_006880	-1
read_006881	mol_006881	1
read_006882	mol_006882	-1
read_006883	mol_006883	-1
read_006884	mol_006884	-1
read_006885	mol_006885	-1
read_006886	mol_006886	1
read_006887	mol_006887	1
read_006888	mol_006888	1
read_006889	mol_006889	-1
read_006890	mol_006890	-1
read_006891	mol_006891	1
read_006892	mol_006892	1
read_006893	mol_006893	-1
read_006894	mol_006894	-1
read_006895	mol_006895	-1
read_006896	mol_006896	1
read_006897	mol_006897	-1
read_006898	mol_006898	-1
read_006899	mol_006899	1
read_006900	mol_006900	-1
read_006901	mol_006901	1
read_006902	mol_006902	-1
read_006903	mol_006903	-1
read_006904	mol_006904	-1
read_006905	mol_006905	-1
read_006906	mol_006906	-1
read_006907	mol_006907	-1
read_006908	mol_006908	1
read_006909	mol_006909	1
read_006910	mol_006910	-1
read_006911	mol_006911	1
read_006912	mol_006912	1
read_006913	mol_006913	1
read_006914	mol_006914	-1
read_006915	mol_006915	-1
read_006916	mol_006916	1
read_006917	mol_006917	1
read_006918	mol_006918	1
read_006919	mol_006919	1
read_006920	mol_006920	1
read_006921	mol_006921	1
read_006922	mol_006922	-1
read_006923	mol_006923	1
read_006924	mol_006924	-1
read_006925	mol_006925	-1
read_006926	mol_006926	1
read_006927	mol_006927	-1
read_006928	mol_006928	-1
read_006929	mol_006929	1
read_006930	mol_006930	-1
read_006931	mol_006931	-1
read_006932	mol_006932	1
read_006933	mol_006933	1
read_006934	mol_006934	-1
read_006935	mol_006935	1
read_006936	mol_006936	1
read_006937	mol_006937	1
read_006938	mol_006938	1
read_006939	mol_006939	-1
read_006940	mol_006940	-1
read_006941	mol_006941	1
read_006942	mol_006942	1
read_006943	mol_006943	1
read_006944	mol_006944	1
read_006945	mol_006945	1
read_006946	mol_006946	1
read_006947	mol_006947	1
read_006948	mol_006948	-1
read_006949	mol_006949	-1
read_006950	mol_006950	1
read_006951	mol_006951	1
read_006952	mol_006952	1
read_006953	mol_006953	1
read_006954	mol_006954	-1
read_006955	mol_006955	-1
read_006956	mol_006956	1
read_006957	mol_006957	1
read_006958	mol_006958	1
read_006959	mol_006959	-1
read_006960	mol_006960	-1
read_006961	mol_006961	-1
read_006962	mol_006962	-1
read_006963	mol_006963	1
read_006964	mol_006964	-1
read_006965	mol_006965	-1
read_006966	mol_006966	-1
read_006967	mol_006967	-1
read_006968	mol_006968	-1
read_006969	mol_006969	-1
read_006970	mol_006970	-1
read_006971	mol_006971	-1
read_006972	mol_006972	-1
read_006973	mol_006973	1
read_006974	mol_006974	-1
read_006975	mol_006975	1
read_006976	mol_006976	-1
read_006977	mol_006977	1
read_006978	mol_006978	1
read_006979	mol_006979	1
read_006980	mol_006980	1
read_006981	mol_006981	1
read_006982	mol_006982	1
read_006983	mol_006983	1
read_006984	mol_006984	1
read_006985	mol_006985	1
read_006986	mol_006986	1
read_006987	mol_006987	-1
read_006988	mol_006988	1
read_006989	mol_006989	1
read_006990	mol_006990	1
read_006991	mol_006991	1
read_006992	mol_006992	1
read_006993	mol_006993	-1
read_006994	mol_006994	-1
read_006995	mol_006995	1
read_006996	mol_006996	-1
read_006997	mol_006997	1
read_006998	mol_006998	-1
read_006999	mol_006999	1
read_007000	mol_007000	1
read_007001	mol_007001	-1
read_007002	mol_007002	-1
read_007003	mol_007003	-1
read_007004	mol_007004	1
read_007005	mol_007005	-1
read_007006	mol_007006	1
read_007007	mol_007007	1
read_007008	mol_007008	1
read_007009	mol_007009	1
read_007010	mol_007010	-1
read_007011	mol_007011	1
read_007012	mol_007012	-1
read_007013	mol_007013	-1
read_007014	mol_007014	-1
read_007015	mol_007015	-1
read_007016	mol_007016	1
read_007017	mol_007017	1
read_007018	mol_007018	1
read_007019	mol_007019	-1
read_007020	mol_007020	-1
read_007021	mol_007021	1
read_007022	mol_007022	-1
read_007023	mol_007023	1
read_007024	mol_007024	-1
read_007025	mol_007025	-1
read_007026	mol_007026	-1
read_007027	mol_007027	-1
read_007028	mol_007028	1
read_007029	mol_007029	1
read_007030	mol_007030	-1
read_007031	mol_007031	1
read_007032	mol_007032	1
read_007033	mol_007033	1
read_007034	mol_007034	-1
read_007035	mol_007035	1
read_007036	mol_007036	-1
read_007037	mol_007037	-1
read_007038	mol_007038	1
read_007039	mol_007039	1
read_007040	mol_007040	-1
read_007041	mol_007041	1
read_007042	mol_007042	1
read_007043	mol_007043	-1
read_007044	mol_007044	-1
read_007045	mol_007045	1
read_007046	mol_007046	-1
read_007047	mol_007047	1
read_007048	mol_007048	1
read_007049	mol_007049	1
read_007050	mol_007050	1
read_007051	mol_007051	-1
read_007052	mol_007052	1
read_007053	mol_007053	-1
read_007054	mol_007054	-1
read_007055	mol_007055	1
read_007056	mol_007056	-1
read_007057	mol_007057	1
read_007058	mol_007058	1
read_007059	mol_007059	1
read_007060	mol_007060	-1
read_007061	mol_007061	-1
read_007062	mol_007062	-1
read_007063	mol_007063	-1
read_007064	mol_007064	-1
read_007065	mol_007065	-1
read_007066	mol_007066	-1
read_007067	mol_007067	-1
read_007068	mol_007068	1
read_007069	mol_007069	1
read_007070	mol_007070	-1
read_007071	mol_007071	-1
read_007072	mol_007072	-1
read_007073	mol_007073	-1
read_007074	mol_007074	1
read_007075	mol_007075	1
read_007076	mol_007076	-1
read_007077	mol_007077	1
read_007078	mol_007078	-1
read_007079	mol_007079	1
read_007080	mol_007080	1
read_007081	mol_007081	1
read_007082	mol_007082	1
read_007083	mol_007083	-1
read_007084	mol_007084	1
read_007085	mol_007085	1
read_007086	mol_007086	-1
read_007087	mol_007087	1
read_007088	mol_007088	-1
read_007089	mol_007089	1
read_007090	mol_007090	1
read_007091	mol_007091	1
read_007092	mol_007092	-1
read_007093	mol_007093	1
read_007094	mol_007094	-1
read_007095	mol_007095	-1
read_007096	mol_007096	1
read_007097	mol_007097	-1
read_007098	mol_007098	-1
read_007099	mol_007099	-1
read_007100	mol_007100	-1
read_007101	mol_007101	-1
read_007102	mol_007102	-1
read_007103	mol_007103	1
read_007104	mol_007104	1
read_007105	mol_007105	-1
read_007106	mol_007106	1
read_007107	mol_007107	-1
read_007108	mol_007108	1
read_007109	mol_007109	1
read_007110	mol_007110	-1
read_007111	mol_007111	1
read_007112	mol_007112	1
read_007113	mol_007113	1
read_007114	mol_007114	-1
read_007115	mol_007115	-1
read_007116	mol_007116	-1
read_007117	mol_007117	1
read_007118	mol_007118	1
read_007119	mol_007119	-1
read_007120	mol_007120	-1
read_007121	mol_007121	-1
read_007122	mol_007122	1
read_007123	mol_007123	1
read_007124	mol_007124	-1
read_007125	mol_007125	1
read_007126	mol_007126	1
read_007127	mol_007127	1
read_007128	mol_007128	-1
read_007129	mol_007129	1
read_007130	mol_007130	1
read_007131	mol_007131	1
read_007132	mol_007132	-1
read_007133	mol_007133	-1
read_007134	mol_007134	1
read_007135	mol_007135	1
read_007136	mol_007136	1
read_007137	mol_007137	1
read_007138	mol_007138	-1
read_007139	mol_007139	-1
read_007140	mol_007140	1
read_007141	mol_007141	-1
read_007142	mol_007142	1
read_007143	mol_007143	1
read_007144	mol_007144	1
read_007145	mol_007145	1
read_007146	mol_007146	1
read_007147	mol_007147	1
read_007148	mol_007148	-1
read_007149	mol_007149	1
read_007150	mol_007150	-1
read_007151	mol_007151	1
read_007152	mol_007152	1
read_007153	mol_007153	1
read_007154	mol_007154	1
read_007155	mol_007155	-1
read_007156	mol_007156	1
read_007157	mol_007157	1
read_007158	mol_007158	1
read_007159	mol_007159	-1
read_007160	mol_007160	1
read_007161	mol_007161	1
read_007162	mol_007162	-1
read_007163	mol_007163	-1
read_007164	mol_007164	-1
read_007165	mol_007165	-1
read_007166	mol_007166	1
read_007167	mol_007167	-1
read_007168	mol_007168	-1
read_007169	mol_007169	1
read_007170	mol_007170	-1
read_007171	mol_007171	-1
read_007172	mol_007172	-1
read_007173	mol_007173	-1
read_007174	mol_007174	1
read_007175	mol_007175	-1
read_007176	mol_007176	-1
read_007177	mol_007177	1
read_007178	mol_007178	-1
read_007179	mol_007179	-1
read_007180	mol_007180	-1
read_007181	mol_007181	1
read_007182	mol_007182	1
read_007183	mol_007183	1
read_007184	mol_007184	-1
read_007185	mol_007185	-1
read_007186	mol_007186	1
read_007187	mol_007187	-1
read_007188	mol_007188	-1
read_007189	mol_007189	1
read_007190	mol_007190	1
read_007191	mol_007191	1
read_007192	mol_007192	-1
read_007193	mol_007193	-1
read_007194	mol_007194	-1
read_007195	mol_007195	-1
read_007196	mol_007196	-1
read_007197	mol_007197	1
read_007198	mol_007198	1
read_007199	mol_007199	-1
read_007200	mol_007200	1
read_007201	mol_007201	1
read_007202	mol_007202	1
read_007203	mol_007203	-1
read_007204	mol_007204	-1
read_007205	mol_007205	-1
read_007206	mol_007206	-1
read_007207	mol_007207	-1
read_007208	mol_007208	1
read_007209	mol_007209	1
read_007210	mol_007210	1
read_007211	mol_007211	-1
read_007212	mol_007212	1
read_007213	mol_007213	-1
read_007214	mol_007214	1
read_007215	mol_007215	1
read_007216	mol_007216	1
read_007217	mol_007217	1
read_007218	mol_007218	-1
read_007219	mol_007219	1
read_007220	mol_007220	-1
read_007221	mol_007221	-1
read_007222	mol_007222	1
read_007223	mol_007223	1
read_007224	mol_007224	1
read_007225	mol_007225	1
read_007226	mol_007226	1
read_007227	mol_007227	-1
read_007228	mol_007228	-1
read_007229	mol_007229	1
read_007230	mol_007230	1
read_007231	mol_007231	-1
read_007232	mol_007232	-1
read_007233	mol_007233	-1
read_007234	mol_007234	-1
read_007235	mol_007235	1
read_007236	mol_007236	-1
read_007237	mol_007237	-1
read_007238	mol_007238	1
read_007239	mol_007239	1
read_007240	mol_007240	1
read_007241	mol_007241	-1
read_007242	mol_007242	-1
read_007243	mol_007243	-1
read_007244	mol_007244	1
read_007245	mol_007245	1
read_007246	mol_007246	-1
read_007247	mol_007247	-1
read_007248	mol_007248	1
read_007249	mol_007249	1
read_007250	mol_007250	1
read_007251	mol_007251	1
read_007252	mol_007252	1
read_007253	mol_007253	-1
read_007254	mol_007254	-1
read_007255	mol_007255	1
read_007256	mol_007256	1
read_007257	mol_007257	1
read_007258	mol_007258	-1
read_007259	mol_007259	-1
read_007260	mol_007260	1
read_007261	mol_007261	-1
read_007262	mol_007262	1
read_007263	mol_007263	1
read_007264	mol_007264	1
read_007265	mol_007265	1
read_007266	mol_007266	1
read_007267	mol_007267	1
read_007268	mol_007268	1
read_007269	mol_007269	-1
read_007270	mol_007270	1
read_007271	mol_007271	1
read_007272	mol_007272	-1
read_007273	mol_007273	1
read_007274	mol_007274	-1
read_007275	mol_007275	1
read_007276	mol_007276	1
read_007277	mol_007277	1
read_007278	mol_007278	-1
read_007279	mol_007279	1
read_007280	mol_007280	1
read_007281	mol_007281	-1
read_007282	mol_007282	1
read_007283	mol_007283	-1
read_007284	mol_007284	1
read_007285	mol_007285	-1
read_007286	mol_007286	-1
read_007287	mol_007287	-1
read_007288	mol_007288	-1
read_007289	mol_007289	-1
read_007290	mol_007290	1
read_007291	mol_007291	1
read_007292	mol_007292	1
read_007293	mol_007293	1
read_007294	mol_007294	-1
read_007295	mol_007295	1
read_007296	mol_007296	-1
read_007297	mol_007297	1
read_007298	mol_007298	-1
read_007299	mol_007299	-1
read_007300	mol_007300	1
read_007301	mol_007301	-1
read_007302	mol_007302	1
read_007303	mol_007303	1
read_007304	mol_007304	-1
read_007305	mol_007305	1
read_007306	mol_007306	-1
read_007307	mol_007307	-1
read_007308	mol_007308	-1
read_007309	mol_007309	1
read_007310	mol_007310	1
read_007311	mol_007311	1
read_007312	mol_007312	1
read_007313	mol_007313	-1
read_007314	mol_007314	-1
read_007315	mol_007315	1
read_007316	mol_007316	1
read_007317	mol_007317	-1
read_007318	mol_007318	-1
read_007319	mol_007319	-1
read_007320	mol_007320	-1
read_007321	mol_007321	-1
read_007322	mol_007322	-1
read_007323	mol_007323	1
read_007324	mol_007324	-1
read_007325	mol_007325	-1
read_007326	mol_007326	1
read_007327	mol_007327	1
read_007328	mol_007328	1
read_007329	mol_007329	-1
read_007330	mol_007330	1
read_007331	mol_007331	1
read_007332	mol_007332	1
read_007333	mol_007333	-1
read_007334	mol_007334	-1
read_007335	mol_007335	-1
read_007336	mol_007336	-1
read_007337	mol_007337	-1
read_007338	mol_007338	-1
read_007339	mol_007339	-1
read_007340	mol_007340	1
read_007341	mol_007341	1
read_007342	mol_007342	1
read_007343	mol_007343	1
read_007344	mol_007344	1
read_007345	mol_007345	-1
read_007346	mol_007346	1
read_007347	mol_007347	1
read_007348	mol_007348	-1
read_007349	mol_007349	1
read_007350	mol_007350	-1
read_007351	mol_007351	1
read_007352	mol_007352	1
read_007353	mol_007353	1
read_007354	mol_007354	1
read_007355	mol_007355	1
read_007356	mol_007356	-1
read_007357	mol_007357	-1
read_007358	mol_007358	1
read_007359	mol_007359	-1
read_007360	mol_007360	-1
read_007361	mol_007361	-1
read_007362	mol_007362	1
read_007363	mol_007363	-1
read_007364	mol_007364	1
read_007365	mol_007365	1
read_007366	mol_007366	-1
read_007367	mol_007367	1
read_007368	mol_007368	-1
read_007369	mol_007369	1
read_007370	mol_007370	-1
read_007371	mol_007371	1
read_007372	mol_007372	-1
read_007373	mol_007373	-1
read_007374	mol_007374	1
read_007375	mol_007375	-1
read_007376	mol_007376	-1
read_007377	mol_007377	-1
read_007378	mol_007378	1
read_007379	mol_007379	-1
read_007380	mol_007380	1
read_007381	mol_007381	-1
read_007382	mol_007382	1
read_007383	mol_007383	1
read_007384	mol_007384	1
read_007385	mol_007385	-1
read_007386	mol_007386	-1
read_007387	mol_007387	-1
read_007388	mol_007388	1
read_007389	mol_007389	-1
read_007390	mol_007390	-1
read_007391	mol_007391	1
read_007392	mol_007392	-1
read_007393	mol_007393	1
read_007394	mol_007394	1
read_007395	mol_007395	1
read_007396	mol_007396	1
read_007397	mol_007397	-1
read_007398	mol_007398	1
read_007399	mol_007399	1
read_007400	mol_007400	-1
read_007401	mol_007401	1
read_007402	mol_007402	-1
read_007403	mol_007403	1
read_007404	mol_007404	-1
read_007405	mol_007405	1
read_007406	mol_007406	1
read_007407	mol_007407	1
read_007408	mol_007408	-1
read_007409	mol_007409	1
read_007410	mol_007410	1
read_007411	mol_007411	-1
read_007412	mol_007412	1
read_007413	mol_007413	-1
read_007414	mol_007414	1
read_007415	mol_007415	-1
read_007416	mol_007416	-1
read_007417	mol_007417	-1
read_007418	mol_007418	-1
read_007419	mol_007419	-1
read_007420	mol_007420	1
read_007421	mol_007421	-1
read_007422	mol_007422	-1
read_007423	mol_007423	-1
read_007424	mol_007424	-1
read_007425	mol_007425	1
read_007426	mol_007426	-1
read_007427	mol_007427	-1
read_007428	mol_007428	1
read_007429	mol_007429	-1
read_007430	mol_007430	1
read_007431	mol_007431	-1
read_007432	mol_007432	1
read_007433	mol_007433	1
read_007434	mol_007434	-1
read_007435	mol_007435	-1
read_007436	mol_007436	-1
read_007437	mol_007437	-1
read_007438	mol_007438	1
read_007439	mol_007439	-1
read_007440	mol_007440	1
read_007441	mol_007441	1
read_007442	mol_007442	-1
read_007443	mol_007443	-1
read_007444	mol_007444	-1
read_007445	mol_007445	1
read_007446	mol_007446	1
read_007447	mol_007447	1
read_007448	mol_007448	-1
read_007449	mol_007449	-1
read_007450	mol_007450	-1
read_007451	mol_007451	-1
read_007452	mol_007452	-1
read_007453	mol_007453	-1
read_007454	mol_007454	1
read_007455	mol_007455	-1
read_007456	mol_007456	-1
read_007457	mol_007457	1
read_007458	mol_007458	1
read_007459	mol_007459	1
read_007460	mol_007460	-1
read_007461	mol_007461	1
read_007462	mol_007462	-1
read_007463	mol_007463	1
read_007464	mol_007464	-1
read_007465	mol_007465	-1
read_007466	mol_007466	1
read_007467	mol_007467	-1
read_007468	mol_007468	-1
read_007469	mol_007469	-1
read_007470	mol_007470	1
read_007471	mol_007471	1
read_007472	mol_007472	1
read_007473	mol_007473	1
read_007474	mol_007474	1
read_007475	mol_007475	1
read_007476	mol_007476	1
read_007477	mol_007477	1
read_007478	mol_007478	1
read_007479	mol_007479	-1
read_007480	mol_007480	1
read_007481	mol_007481	-1
read_007482	mol_007482	1
read_007483	mol_007483	1
read_007484	mol_007484	1
read_007485	mol_007485	1
read_007486	mol_007486	1
read_007487	mol_007487	1
read_007488	mol_007488	1
read_007489	mol_007489	1
read_007490	mol_007490	1
read_007491	mol_007491	-1
read_007492	mol_007492	1
read_007493	mol_007493	1
read_007494	mol_007494	1
read_007495	mol_007495	1
read_007496	mol_007496	1
read_007497	mol_007497	-1
read_007498	mol_007498	1
read_007499	mol_007499	-1
read_007500	mol_007500	1
read_007501	mol_007501	1
read_007502	mol_007502	-1
read_007503	mol_007503	-1
read_007504	mol_007504	-1
read_007505	mol_007505	-1
read_007506	mol_007506	1
read_007507	mol_007507	1
read_007508	mol_007508	-1
read_007509	mol_007509	1
read_007510	mol_007510	-1
read_007511	mol_007511	-1
read_007512	mol_007512	1
read_007513	mol_007513	-1
read_007514	mol_007514	-1
read_007515	mol_007515	1
read_007516	mol_007516	-1
read_007517	mol_007517	-1
read_007518	mol_007518	-1
read_007519	mol_007519	1
read_007520	mol_007520	1
read_007521	mol_007521	1
read_007522	mol_007522	1
read_007523	mol_007523	-1
read_007524	mol_007524	1
read_007525	mol_007525	1
read_007526	mol_007526	-1
read_007527	mol_007527	1
read_007528	mol_007528	1
read_007529	mol_007529	1
read_007530	mol_007530	1
read_007531	mol_007531	1
read_007532	mol_007532	1
read_007533	mol_007533	-1
read_007534	mol_007534	-1
read_007535	mol_007535	-1
read_007536	mol_007536	-1
read_007537	mol_007537	-1
read_007538	mol_007538	-1
read_007539	mol_007539	1
read_007540	mol_007540	1
read_007541	mol_007541	-1
read_007542	mol_007542	1
read_007543	mol_007543	-1
read_007544	mol_007544	1
read_007545	mol_007545	1
read_007546	mol_007546	1
read_007547	mol_007547	1
read_007548	mol_007548	1
read_007549	mol_007549	-1
read_007550	mol_007550	-1
read_007551	mol_007551	-1
read_007552	mol_007552	-1
read_007553	mol_007553	-1
read_007554	mol_007554	-1
read_007555	mol_007555	1
read_007556	mol_007556	-1
read_007557	mol_007557	1
read_007558	mol_007558	-1
read_007559	mol_007559	1
read_007560	mol_007560	1
read_007561	mol_007561	-1
read_007562	mol_007562	-1
read_007563	mol_007563	1
read_007564	mol_007564	-1
read_007565	mol_007565	-1
read_007566	mol_007566	-1
read_007567	mol_007567	-1
read_007568	mol_007568	1
read_007569	mol_007569	-1
read_007570	mol_007570	1
read_007571	mol_007571	-1
read_007572	mol_007572	1
read_007573	mol_007573	-1
read_007574	mol_007574	1
read_007575	mol_007575	1
read_007576	mol_007576	-1
read_007577	mol_007577	1
read_007578	mol_007578	1
read_007579	mol_007579	-1
read_007580	mol_007580	1
read_007581	mol_007581	1
read_007582	mol_007582	1
read_007583	mol_007583	1
read_007584	mol_007584	1
read_007585	mol_007585	1
read_007586	mol_007586	1
read_007587	mol_007587	-1
read_007588	mol_007588	-1
read_007589	mol_007589	1
read_007590	mol_007590	-1
read_007591	mol_007591	-1
read_007592	mol_007592	-1
read_007593	mol_007593	-1
read_007594	mol_007594	1
read_007595	mol_007595	-1
read_007596	mol_007596	1
read_007597	mol_007597	-1
read_007598	mol_007598	1
read_007599	mol_007599	-1
read_007600	mol_007600	-1
read_007601	mol_007601	1
read_007602	mol_007602	-1
read_007603	mol_007603	-1
read_007604	mol_007604	-1
read_007605	mol_007605	-1
read_007606	mol_007606	-1
read_007607	mol_007607	1
read_007608	mol_007608	1
read_007609	mol_007609	-1
read_007610	mol_007610	-1
read_007611	mol_007611	1
read_007612	mol_007612	1
read_007613	mol_007613	-1
read_007614	mol_007614	-1
read_007615	mol_007615	-1
read_007616	mol_007616	1
read_007617	mol_007617	-1
read_007618	mol_007618	1
read_007619	mol_007619	1
read_007620	mol_007620	1
read_007621	mol_007621	-1
read_007622	mol_007622	1
read_007623	mol_007623	1
read_007624	mol_007624	-1
read_007625	mol_007625	-1
read_007626	mol_007626	-1
read_007627	mol_007627	-1
read_007628	mol_007628	-1
read_007629	mol_007629	-1
read_007630	mol_007630	1
read_007631	mol_007631	-1
read_007632	mol_007632	-1
read_007633	mol_007633	-1
read_007634	mol_007634	-1
read_007635	mol_007635	1
read_007636	mol_007636	1
read_007637	mol_007637	1
read_007638	mol_007638	-1
read_007639	mol_007639	-1
read_007640	mol_007640	1
read_007641	mol_007641	1
read_007642	mol_007642	-1
read_007643	mol_007643	-1
read_007644	mol_007644	1
read_007645	mol_007645	1
read_007646	mol_007646	1
read_007647	mol_007647	1
read_007648	mol_007648	1
read_007649	mol_007649	1
read_007650	mol_007650	-1
read_007651	mol_007651	-1
read_007652	mol_007652	1
read_007653	mol_007653	-1
read_007654	mol_007654	1
read_007655	mol_007655	1
read_007656	mol_007656	-1
read_007657	mol_007657	1
read_007658	mol_007658	1
read_007659	mol_007659	-1
read_007660	mol_007660	1
read_007661	mol_007661	-1
read_007662	mol_007662	-1
read_007663	mol_007663	1
read_007664	mol_007664	-1
read_007665	mol_007665	-1
read_007666	mol_007666	-1
read_007667	mol_007667	1
read_007668	mol_007668	-1
read_007669	mol_007669	1
read_007670	mol_007670	-1
read_007671	mol_007671	1
read_007672	mol_007672	-1
read_007673	mol_007673	1
read_007674	mol_007674	-1
read_007675	mol_007675	1
read_007676	mol_007676	-1
read_007677	mol_007677	1
read_007678	mol_007678	1
read_007679	mol_007679	1
read_007680	mol_007680	1
read_007681	mol_007681	-1
read_007682	mol_007682	1
read_007683	mol_007683	1
read_007684	mol_007684	1
read_007685	mol_007685	-1
read_007686	mol_007686	1
read_007687	mol_007687	1
read_007688	mol_007688	1
read_007689	mol_007689	1
read_007690	mol_007690	-1
read_007691	mol_007691	1
read_007692	mol_007692	1
read_007693	mol_007693	-1
read_007694	mol_007694	-1
read_007695	mol_007695	-1
read_007696	mol_007696	1
read_007697	mol_007697	1
read_007698	mol_007698	-1
read_007699	mol_007699	-1
read_007700	mol_007700	1
read_007701	mol_007701	1
read_007702	mol_007702	-1
read_007703	mol_007703	1
read_007704	mol_007704	-1
read_007705	mol_007705	1
read_007706	mol_007706	1
read_007707	mol_007707	1
read_007708	mol_007708	1
read_007709	mol_007709	1
read_007710	mol_007710	-1
read_007711	mol_007711	1
read_007712	mol_007712	-1
read_007713	mol_007713	1
read_007714	mol_007714	1
read_007715	mol_007715	-1
read_007716	mol_007716	1
read_007717	mol_007717	-1
read_007718	mol_007718	1
read_007719	mol_007719	-1
read_007720	mol_007720	-1
read_007721	mol_007721	-1
read_007722	mol_007722	1
read_007723	mol_007723	-1
read_007724	mol_007724	1
read_007725	mol_007725	-1
read_007726	mol_007726	1
read_007727	mol_007727	-1
read_007728	mol_007728	-1
read_007729	mol_007729	-1
read_007730	mol_007730	-1
read_007731	mol_007731	1
read_007732	mol_007732	1
read_007733	mol_007733	1
read_007734	mol_007734	1
read_007735	mol_007735	1
read_007736	mol_007736	-1
read_007737	mol_007737	1
read_007738	mol_007738	1
read_007739	mol_007739	-1
read_007740	mol_007740	1
read_007741	mol_007741	-1
read_007742	mol_007742	1
read_007743	mol_007743	1
read_007744	mol_007744	1
read_007745	mol_007745	-1
read_007746	mol_007746	1
read_007747	mol_007747	-1
read_007748	mol_007748	-1
read_007749	mol_007749	-1
read_007750	mol_007750	1
read_007751	mol_007751	-1
read_007752	mol_007752	1
read_007753	mol_007753	1
read_007754	mol_007754	1
read_007755	mol_007755	-1
read_007756	mol_007756	-1
read_007757	mol_007757	1
read_007758	mol_007758	-1
read_007759	mol_007759	-1
read_007760	mol_007760	-1
read_007761	mol_007761	-1
read_007762	mol_007762	-1
read_007763	mol_007763	-1
read_007764	mol_007764	1
read_007765	mol_007765	-1
read_007766	mol_007766	-1
read_007767	mol_007767	1
read_007768	mol_007768	-1
read_007769	mol_007769	1
read_007770	mol_007770	1
read_007771	mol_007771	-1
read_007772	mol_007772	1
read_007773	mol_007773	-1
read_007774	mol_007774	1
read_007775	mol_007775	1
read_007776	mol_007776	1
read_007777	mol_007777	-1
read_007778	mol_007778	1
read_007779	mol_007779	1
read_007780	mol_007780	1
read_007781	mol_007781	-1
read_007782	mol_007782	1
read_007783	mol_007783	1
read_007784	mol_007784	1
read_007785	mol_007785	-1
read_007786	mol_007786	1
read_007787	mol_007787	1
read_007788	mol_007788	-1
read_007789	mol_007789	-1
read_007790	mol_007790	-1
read_007791	mol_007791	1
read_007792	mol_007792	1
read_007793	mol_007793	-1
read_007794	mol_007794	1
read_007795	mol_007795	1
read_007796	mol_007796	-1
read_007797	mol_007797	1
read_007798	mol_007798	1
read_007799	mol_007799	1
read_007800	mol_007800	-1
read_007801	mol_007801	1
read_007802	mol_007802	-1
read_007803	mol_007803	-1
read_007804	mol_007804	1
read_007805	mol_007805	1
read_007806	mol_007806	-1
read_007807	mol_007807	1
read_007808	mol_007808	-1
read_007809	mol_007809	-1
read_007810	mol_007810	-1
read_007811	mol_007811	1
read_007812	mol_007812	1
read_007813	mol_007813	1
read_007814	mol_007814	1
read_007815	mol_007815	-1
read_007816	mol_007816	1
read_007817	mol_007817	1
read_007818	mol_007818	1
read_007819	mol_007819	-1
read_007820	mol_007820	1
read_007821	mol_007821	-1
read_007822	mol_007822	-1
read_007823	mol_007823	1
read_007824	mol_007824	-1
read_007825	mol_007825	-1
read_007826	mol_007826	-1
read_007827	mol_007827	-1
read_007828	mol_007828	-1
read_007829	mol_007829	-1
read_007830	mol_007830	1
read_007831	mol_007831	-1
read_007832	mol_007832	1
read_007833	mol_007833	-1
read_007834	mol_007834	1
read_007835	mol_007835	1
read_007836	mol_007836	1
read_007837	mol_007837	-1
read_007838	mol_007838	1
read_007839	mol_007839	-1
read_007840	mol_007840	-1
read_007841	mol_007841	1
read_007842	mol_007842	1
read_007843	mol_007843	-1
read_007844	mol_007844	-1
read_007845	mol_007845	1
read_007846	mol_007846	-1
read_007847	mol_007847	1
read_007848	mol_007848	1
read_007849	mol_007849	1
read_007850	mol_007850	-1
read_007851	mol_007851	1
read_007852	mol_007852	1
read_007853	mol_007853	-1
read_007854	mol_007854	-1
read_007855	mol_007855	1
read_007856	mol_007856	-1
read_007857	mol_007857	-1
read_007858	mol_007858	1
read_007859	mol_007859	-1
read_007860	mol_007860	-1
read_007861	mol_007861	1
read_007862	mol_007862	-1
read_007863	mol_007863	1
read_007864	mol_007864	1
read_007865	mol_007865	-1
read_007866	mol_007866	1
read_007867	mol_007867	1
read_007868	mol_007868	1
read_007869	mol_007869	1
read_007870	mol_007870	1
read_007871	mol_007871	1
read_007872	mol_007872	1
read_007873	mol_007873	1
read_007874	mol_007874	-1
read_007875	mol_007875	-1
read_007876	mol_007876	-1
read_007877	mol_007877	1
read_007878	mol_007878	-1
read_007879	mol_007879	-1
read_007880	mol_007880	1
read_007881	mol_007881	1
read_007882	mol_007882	1
read_007883	mol_007883	1
read_007884	mol_007884	1
read_007885	mol_007885	1
read_007886	mol_007886	1
read_007887	mol_007887	1
read_007888	mol_007888	-1
read_007889	mol_007889	1
read_007890	mol_007890	1
read_007891	mol_007891	1
read_007892	mol_007892	-1
read_007893	mol_007893	-1
read_007894	mol_007894	1
read_007895	mol_007895	1
read_007896	mol_007896	-1
read_007897	mol_007897	1
read_007898	mol_007898	-1
read_007899	mol_007899	1
read_007900	mol_007900	-1
read_007901	mol_007901	1
read_007902	mol_007902	-1
read_007903	mol_007903	1
read_007904	mol_007904	1
read_007905	mol_007905	1
read_007906	mol_007906	-1
read_007907	mol_007907	1
read_007908	mol_007908	1
read_007909	mol_007909	-1
read_007910	mol_007910	-1
read_007911	mol_007911	-1
read_007912	mol_007912	-1
read_007913	mol_007913	1
read_007914	mol_007914	1
read_007915	mol_007915	-1
read_007916	mol_007916	1
read_007917	mol_007917	1
read_007918	mol_007918	1
read_007919	mol_007919	1
read_007920	mol_007920	-1
read_007921	mol_007921	-1
read_007922	mol_007922	1
read_007923	mol_007923	1
read_007924	mol_007924	1
read_007925	mol_007925	-1
read_007926	mol_007926	1
read_007927	mol_007927	-1
read_007928	mol_007928	1
read_007929	mol_007929	1
read_007930	mol_007930	1
read_007931	mol_007931	-1
read_007932	mol_007932	-1
read_007933	mol_007933	1
read_007934	mol_007934	1
read_007935	mol_007935	1
read_007936	mol_007936	-1
read_007937	mol_007937	-1
read_007938	mol_007938	1
read_007939	mol_007939	-1
read_007940	mol_007940	1
read_007941	mol_007941	1
read_007942	mol_007942	-1
read_007943	mol_007943	-1
read_007944	mol_007944	-1
read_007945	mol_007945	1
read_007946	mol_007946	-1
read_007947	mol_007947	1
read_007948	mol_007948	-1
read_007949	mol_007949	1
read_007950	mol_007950	1
read_007951	mol_007951	1
read_007952	mol_007952	-1
read_007953	mol_007953	-1
read_007954	mol_007954	1
read_007955	mol_007955	1
read_007956	mol_007956	1
read_007957	mol_007957	-1
read_007958	mol_007958	-1
read_007959	mol_007959	-1
read_007960	mol_007960	1
read_007961	mol_007961	1
read_007962	mol_007962	-1
read_007963	mol_007963	1
read_007964	mol_007964	-1
read_007965	mol_007965	1
read_007966	mol_007966	1
read_007967	mol_007967	-1
read_007968	mol_007968	1
read_007969	mol_007969	-1
read_007970	mol_007970	1
read_007971	mol_007971	1
read_007972	mol_007972	1
read_007973	mol_007973	1
read_007974	mol_007974	-1
read_007975	mol_007975	-1
read_007976	mol_007976	1
read_007977	mol_007977	1
read_007978	mol_007978	-1
read_007979	mol_007979	-1
read_007980	mol_007980	1
read_007981	mol_007981	-1
read_007982	mol_007982	-1
read_007983	mol_007983	-1
read_007984	mol_007984	1
read_007985	mol_007985	1
read_007986	mol_007986	1
read_007987	mol_007987	1
read_007988	mol_007988	1
read_007989	mol_007989	-1
read_007990	mol_007990	-1
read_007991	mol_007991	1
read_007992	mol_007992	1
read_007993	mol_007993	1
read_007994	mol_007994	-1
read_007995	mol_007995	-1
read_007996	mol_007996	1
read_007997	mol_007997	-1
read_007998	mol_007998	1
read_007999	mol_007999	-1
read_008000	mol_008000	-1
read_008001	mol_008001	-1
read_008002	mol_008002	-1
read_008003	mol_008003	-1
read_008004	mol_008004	-1
read_008005	mol_008005	1
read_008006	mol_008006	1
read_008007	mol_008007	-1
read_008008	mol_008008	1
read_008009	mol_008009	-1
read_008010	mol_008010	-1
read_008011	mol_008011	-1
read_008012	mol_008012	-1
read_008013	mol_008013	1
read_008014	mol_008014	1
read_008015	mol_008015	-1
read_008016	mol_008016	-1
read_008017	mol_008017	1
read_008018	mol_008018	1
read_008019	mol_008019	-1
read_008020	mol_008020	-1
read_008021	mol_008021	1
read_008022	mol_008022	1
read_008023	mol_008023	1
read_008024	mol_008024	-1
read_008025	mol_008025	-1
read_008026	mol_008026	-1
read_008027	mol_008027	-1
read_008028	mol_008028	-1
read_008029	mol_008029	1
read_008030	mol_008030	-1
read_008031	mol_008031	1
read_008032	mol_008032	1
read_008033	mol_008033	1
read_008034	mol_008034	1
read_008035	mol_008035	1
read_008036	mol_008036	1
read_008037	mol_008037	1
read_008038	mol_008038	-1
read_008039	mol_008039	1
read_008040	mol_008040	-1
read_008041	mol_008041	1
read_008042	mol_008042	1
read_008043	mol_008043	-1
read_008044	mol_008044	-1
read_008045	mol_008045	-1
read_008046	mol_008046	1
read_008047	mol_008047	-1
read_008048	mol_008048	1
read_008049	mol_008049	-1
read_008050	mol_008050	1
read_008051	mol_008051	-1
read_008052	mol_008052	-1
read_008053	mol_008053	-1
read_008054	mol_008054	-1
read_008055	mol_008055	1
read_008056	mol_008056	1
read_008057	mol_008057	-1
read_008058	mol_008058	1
read_008059	mol_008059	1
read_008060	mol_008060	1
read_008061	mol_008061	-1
read_008062	mol_008062	-1
read_008063	mol_008063	1
read_008064	mol_008064	1
read_008065	mol_008065	1
read_008066	mol_008066	-1
read_008067	mol_008067	1
read_008068	mol_008068	-1
read_008069	mol_008069	1
read_008070	mol_008070	1
read_008071	mol_008071	-1
read_008072	mol_008072	1
read_008073	mol_008073	1
read_008074	mol_008074	1
read_008075	mol_008075	1
read_008076	mol_008076	1
read_008077	mol_008077	1
read_008078	mol_008078	1
read_008079	mol_008079	1
read_008080	mol_008080	-1
read_008081	mol_008081	1
read_008082	mol_008082	1
read_008083	mol_008083	1
read_008084	mol_008084	1
read_008085	mol_008085	-1
read_008086	mol_008086	1
read_008087	mol_008087	1
read_008088	mol_008088	1
read_008089	mol_008089	-1
read_008090	mol_008090	-1
read_008091	mol_008091	-1
read_008092	mol_008092	-1
read_008093	mol_008093	1
read_008094	mol_008094	-1
read_008095	mol_008095	-1
read_008096	mol_008096	-1
read_008097	mol_008097	1
read_008098	mol_008098	1
read_008099	mol_008099	-1
read_008100	mol_008100	-1
read_008101	mol_008101	-1
read_008102	mol_008102	1
read_008103	mol_008103	1
read_008104	mol_008104	1
read_008105	mol_008105	1
read_008106	mol_008106	1
read_008107	mol_008107	-1
read_008108	mol_008108	-1
read_008109	mol_008109	-1
read_008110	mol_008110	1
read_008111	mol_008111	-1
read_008112	mol_008112	-1
read_008113	mol_008113	1
read_008114	mol_008114	1
read_008115	mol_008115	-1
read_008116	mol_008116	-1
read_008117	mol_008117	-1
read_008118	mol_008118	1
read_008119	mol_008119	-1
read_008120	mol_008120	-1
read_008121	mol_008121	1
read_008122	mol_008122	1
read_008123	mol_008123	-1
read_008124	mol_008124	1
read_008125	mol_008125	-1
read_008126	mol_008126	1
read_008127	mol_008127	1
read_008128	mol_008128	1
read_008129	mol_008129	-1
read_008130	mol_008130	1
read_008131	mol_008131	1
read_008132	mol_008132	-1
read_008133	mol_008133	-1
read_008134	mol_008134	-1
read_008135	mol_008135	-1
read_008136	mol_008136	1
read_008137	mol_008137	1
read_008138	mol_008138	-1
read_008139	mol_008139	1
read_008140	mol_008140	-1
read_008141	mol_008141	1
read_008142	mol_008142	1
read_008143	mol_008143	-1
read_008144	mol_008144	1
read_008145	mol_008145	-1
read_008146	mol_008146	1
read_008147	mol_008147	1
read_008148	mol_008148	-1
read_008149	mol_008149	-1
read_008150	mol_008150	-1
read_008151	mol_008151	1
read_008152	mol_008152	-1
read_008153	mol_008153	1
read_008154	mol_008154	1
read_008155	mol_008155	1
read_008156	mol_008156	1
read_008157	mol_008157	1
read_008158	mol_008158	-1
read_008159	mol_008159	1
read_008160	mol_008160	-1
read_008161	mol_008161	-1
read_008162	mol_008162	1
read_008163	mol_008163	1
read_008164	mol_008164	-1
read_008165	mol_008165	-1
read_008166	mol_008166	1
read_008167	mol_008167	1
read_008168	mol_008168	-1
read_008169	mol_008169	1
read_008170	mol_008170	1
read_008171	mol_008171	-1
read_008172	mol_008172	1
read_008173	mol_008173	-1
read_008174	mol_008174	1
read_008175	mol_008175	1
read_008176	mol_008176	1
read_008177	mol_008177	-1
read_008178	mol_008178	1
read_008179	mol_008179	1
read_008180	mol_008180	1
read_008181	mol_008181	1
read_008182	mol_008182	-1
read_008183	mol_008183	-1
read_008184	mol_008184	1
read_008185	mol_008185	-1
read_008186	mol_008186	1
read_008187	mol_008187	-1
read_008188	mol_008188	-1
read_008189	mol_008189	1
read_008190	mol_008190	1
read_008191	mol_008191	-1
read_008192	mol_008192	-1
read_008193	mol_008193	1
read_008194	mol_008194	-1
read_008195	mol_008195	-1
read_008196	mol_008196	-1
read_008197	mol_008197	1
read_008198	mol_008198	1
read_008199	mol_008199	-1
read_008200	mol_008200	1
read_008201	mol_008201	-1
read_008202	mol_008202	-1
read_008203	mol_008203	-1
read_008204	mol_008204	-1
read_008205	mol_008205	1
read_008206	mol_008206	1
read_008207	mol_008207	1
read_008208	mol_008208	-1
read_008209	mol_008209	-1
read_008210	mol_008210	-1
read_008211	mol_008211	-1
read_008212	mol_008212	-1
read_008213	mol_008213	-1
read_008214	mol_008214	1
read_008215	mol_008215	1
read_008216	mol_008216	1
read_008217	mol_008217	1
read_008218	mol_008218	1
read_008219	mol_008219	-1
read_008220	mol_008220	1
read_008221	mol_008221	1
read_008222	mol_008222	1
read_008223	mol_008223	1
read_008224	mol_008224	-1
read_008225	mol_008225	-1
read_008226	mol_008226	1
read_008227	mol_008227	-1
read_008228	mol_008228	1
read_008229	mol_008229	1
read_008230	mol_008230	1
read_008231	mol_008231	1
read_008232	mol_008232	1
read_008233	mol_008233	-1
read_008234	mol_008234	-1
read_008235	mol_008235	-1
read_008236	mol_008236	1
read_008237	mol_008237	1
read_008238	mol_008238	1
read_008239	mol_008239	1
read_008240	mol_008240	1
read_008241	mol_008241	-1
read_008242	mol_008242	-1
read_008243	mol_008243	1
read_008244	mol_008244	-1
read_008245	mol_008245	1
read_008246	mol_008246	1
read_008247	mol_008247	-1
read_008248	mol_008248	-1
read_008249	mol_008249	1
read_008250	mol_008250	-1
read_008251	mol_008251	1
read_008252	mol_008252	-1
read_008253	mol_008253	-1
read_008254	mol_008254	-1
read_008255	mol_008255	1
read_008256	mol_008256	1
read_008257	mol_008257	1
read_008258	mol_008258	-1
read_008259	mol_008259	-1
read_008260	mol_008260	1
read_008261	mol_008261	1
read_008262	mol_008262	1
read_008263	mol_008263	-1
read_008264	mol_008264	1
read_008265	mol_008265	-1
read_008266	mol_008266	1
read_008267	mol_008267	-1
read_008268	mol_008268	-1
read_008269	mol_008269	1
read_008270	mol_008270	-1
read_008271	mol_008271	1
read_008272	mol_008272	-1
read_008273	mol_008273	1
read_008274	mol_008274	-1
read_008275	mol_008275	-1
read_008276	mol_008276	-1
read_008277	mol_008277	1
read_008278	mol_008278	-1
read_008279	mol_008279	-1
read_008280	mol_008280	1
read_008281	mol_008281	-1
read_008282	mol_008282	-1
read_008283	mol_008283	-1
read_008284	mol_008284	1
read_008285	mol_008285	1
read_008286	mol_008286	1
read_008287	mol_008287	-1
read_008288	mol_008288	1
read_008289	mol_008289	-1
read_008290	mol_008290	1
read_008291	mol_008291	1
read_008292	mol_008292	1
read_008293	mol_008293	-1
read_008294	mol_008294	-1
read_008295	mol_008295	1
read_008296	mol_008296	-1
read_008297	mol_008297	-1
read_008298	mol_008298	-1
read_008299	mol_008299	1
read_008300	mol_008300	1
read_008301	mol_008301	-1
read_008302	mol_008302	1
read_008303	mol_008303	-1
read_008304	mol_008304	1
read_008305	mol_008305	1
read_008306	mol_008306	-1
read_008307	mol_008307	1
read_008308	mol_008308	-1
read_008309	mol_008309	-1
read_008310	mol_008310	1
read_008311	mol_008311	1
read_008312	mol_008312	1
read_008313	mol_008313	1
read_008314	mol_008314	1
read_008315	mol_008315	-1
read_008316	mol_008316	1
read_008317	mol_008317	-1
read_008318	mol_008318	1
read_008319	mol_008319	-1
read_008320	mol_008320	-1
read_008321	mol_008321	-1
read_008322	mol_008322	1
read_008323	mol_008323	-1
read_008324	mol_008324	-1
read_008325	mol_008325	1
read_008326	mol_008326	-1
read_008327	mol_008327	1
read_008328	mol_008328	-1
read_008329	mol_008329	1
read_008330	mol_008330	1
read_008331	mol_008331	-1
read_008332	mol_008332	-1
read_008333	mol_008333	-1
read_008334	mol_008334	1
read_008335	mol_008335	-1
read_008336	mol_008336	1
read_008337	mol_008337	1
read_008338	mol_008338	-1
read_008339	mol_008339	1
read_008340	mol_008340	-1
read_008341	mol_008341	-1
read_008342	mol_008342	1
read_008343	mol_008343	-1
read_008344	mol_008344	1
read_008345	mol_008345	1
read_008346	mol_008346	-1
read_008347	mol_008347	1
read_008348	mol_008348	1
read_008349	mol_008349	-1
read_008350	mol_008350	-1
read_008351	mol_008351	1
read_008352	mol_008352	-1
read_008353	mol_008353	-1
read_008354	mol_008354	-1
read_008355	mol_008355	1
read_008356	mol_008356	-1
read_008357	mol_008357	-1
read_008358	mol_008358	-1
read_008359	mol_008359	-1
read_008360	mol_008360	-1
read_008361	mol_008361	1
read_008362	mol_008362	-1
read_008363	mol_008363	1
read_008364	mol_008364	-1
read_008365	mol_008365	1
read_008366	mol_008366	-1
read_008367	mol_008367	1
read_008368	mol_008368	1
read_008369	mol_008369	1
read_008370	mol_008370	1
read_008371	mol_008371	-1
read_008372	mol_008372	-1
read_008373	mol_008373	-1
read_008374	mol_008374	-1
read_008375	mol_008375	-1
read_008376	mol_008376	1
read_008377	mol_008377	1
read_008378	mol_008378	1
read_008379	mol_008379	1
read_008380	mol_008380	1
read_008381	mol_008381	1
read_008382	mol_008382	-1
read_008383	mol_008383	1
read_008384	mol_008384	-1
read_008385	mol_008385	-1
read_008386	mol_008386	-1
read_008387	mol_008387	-1
read_008388	mol_008388	1
read_008389	mol_008389	1
read_008390	mol_008390	-1
read_008391	mol_008391	-1
read_008392	mol_008392	1
read_008393	mol_008393	-1
read_008394	mol_008394	-1
read_008395	mol_008395	-1
read_008396	mol_008396	1
read_008397	mol_008397	-1
read_008398	mol_008398	-1
read_008399	mol_008399	-1
read_008400	mol_008400	-1
read_008401	mol_008401	-1
read_008402	mol_008402	-1
read_008403	mol_008403	-1
read_008404	mol_008404	1
read_008405	mol_008405	-1
read_008406	mol_008406	-1
read_008407	mol_008407	-1
read_008408	mol_008408	-1
read_008409	mol_008409	1
read_008410	mol_008410	-1
read_008411	mol_008411	-1
read_008412	mol_008412	-1
read_008413	mol_008413	1
read_008414	mol_008414	1
read_008415	mol_008415	-1
read_008416	mol_008416	-1
read_008417	mol_008417	-1
read_008418	mol_008418	1
read_008419	mol_008419	1
read_008420	mol_008420	1
read_008421	mol_008421	1
read_008422	mol_008422	1
read_008423	mol_008423	1
read_008424	mol_008424	1
read_008425	mol_008425	1
read_008426	mol_008426	1
read_008427	mol_008427	-1
read_008428	mol_008428	1
read_008429	mol_008429	-1
read_008430	mol_008430	-1
read_008431	mol_008431	-1
read_008432	mol_008432	-1
read_008433	mol_008433	1
read_008434	mol_008434	-1
read_008435	mol_008435	-1
read_008436	mol_008436	-1
read_008437	mol_008437	1
read_008438	mol_008438	-1
read_008439	mol_008439	1
read_008440	mol_008440	1
read_008441	mol_008441	-1
read_008442	mol_008442	1
read_008443	mol_008443	-1
read_008444	mol_008444	1
read_008445	mol_008445	1
read_008446	mol_008446	-1
read_008447	mol_008447	1
read_008448	mol_008448	1
read_008449	mol_008449	1
read_008450	mol_008450	1
read_008451	mol_008451	-1
read_008452	mol_008452	-1
read_008453	mol_008453	1
read_008454	mol_008454	1
read_008455	mol_008455	1
read_008456	mol_008456	-1
read_008457	mol_008457	-1
read_008458	mol_008458	1
read_008459	mol_008459	-1
read_008460	mol_008460	-1
read_008461	mol_008461	-1
read_008462	mol_008462	1
read_008463	mol_008463	1
read_008464	mol_008464	-1
read_008465	mol_008465	1
read_008466	mol_008466	1
read_008467	mol_008467	-1
read_008468	mol_008468	-1
read_008469	mol_008469	-1
read_008470	mol_008470	1
read_008471	mol_008471	1
read_008472	mol_008472	1
read_008473	mol_008473	-1
read_008474	mol_008474	1
read_008475	mol_008475	-1
read_008476	mol_008476	1
read_008477	mol_008477	1
read_008478	mol_008478	1
read_008479	mol_008479	-1
read_008480	mol_008480	1
read_008481	mol_008481	1
read_008482	mol_008482	-1
read_008483	mol_008483	1
read_008484	mol_008484	-1
read_008485	mol_008485	-1
read_008486	mol_008486	1
read_008487	mol_008487	-1
read_008488	mol_008488	-1
read_008489	mol_008489	1
read_008490	mol_008490	1
read_008491	mol_008491	1
read_008492	mol_008492	1
read_008493	mol_008493	1
read_008494	mol_008494	-1
read_008495	mol_008495	-1
read_008496	mol_008496	1
read_008497	mol_008497	1
read_008498	mol_008498	-1
read_008499	mol_008499	1
read_008500	mol_008500	1
read_008501	mol_008501	1
read_008502	mol_008502	1
read_008503	mol_008503	-1
read_008504	mol_008504	-1
read_008505	mol_008505	1
read_008506	mol_008506	1
read_008507	mol_008507	-1
read_008508	mol_008508	-1
read_008509	mol_008509	1
read_008510	mol_008510	1
read_008511	mol_008511	-1
read_008512	mol_008512	1
read_008513	mol_008513	1
read_008514	mol_008514	-1
read_008515	mol_008515	1
read_008516	mol_008516	-1
read_008517	mol_008517	1
read_008518	mol_008518	-1
read_008519	mol_008519	-1
read_008520	mol_008520	1
read_008521	mol_008521	-1
read_008522	mol_008522	-1
read_008523	mol_008523	1
read_008524	mol_008524	1
read_008525	mol_008525	-1
read_008526	mol_008526	1
read_008527	mol_008527	-1
read_008528	mol_008528	-1
read_008529	mol_008529	-1
read_008530	mol_008530	1
read_008531	mol_008531	-1
read_008532	mol_008532	-1
read_008533	mol_008533	-1
read_008534	mol_008534	-1
read_008535	mol_008535	1
read_008536	mol_008536	1
read_008537	mol_008537	-1
read_008538	mol_008538	-1
read_008539	mol_008539	-1
read_008540	mol_008540	1
read_008541	mol_008541	-1
read_008542	mol_008542	-1
read_008543	mol_008543	-1
read_008544	mol_008544	1
read_008545	mol_008545	1
read_008546	mol_008546	-1
read_008547	mol_008547	-1
read_008548	mol_008548	1
read_008549	mol_008549	-1
read_008550	mol_008550	1
read_008551	mol_008551	-1
read_008552	mol_008552	-1
read_008553	mol_008553	-1
read_008554	mol_008554	1
read_008555	mol_008555	1
read_008556	mol_008556	1
read_008557	mol_008557	1
read_008558	mol_008558	1
read_008559	mol_008559	1
read_008560	mol_008560	1
read_008561	mol_008561	-1
read_008562	mol_008562	1
read_008563	mol_008563	1
read_008564	mol_008564	1
read_008565	mol_008565	-1
read_008566	mol_008566	1
read_008567	mol_008567	-1
read_008568	mol_008568	1
read_008569	mol_008569	-1
read_008570	mol_008570	-1
read_008571	mol_008571	-1
read_008572	mol_008572	-1
read_008573	mol_008573	-1
read_008574	mol_008574	-1
read_008575	mol_008575	1
read_008576	mol_008576	1
read_008577	mol_008577	-1
read_008578	mol_008578	-1
read_008579	mol_008579	1
read_008580	mol_008580	1
read_008581	mol_008581	1
read_008582	mol_008582	1
read_008583	mol_008583	-1
read_008584	mol_008584	1
read_008585	mol_008585	1
read_008586	mol_008586	1
read_008587	mol_008587	1
read_008588	mol_008588	1
read_008589	mol_008589	-1
read_008590	mol_008590	1
read_008591	mol_008591	1
read_008592	mol_008592	-1
read_008593	mol_008593	-1
read_008594	mol_008594	-1
read_008595	mol_008595	1
read_008596	mol_008596	1
read_008597	mol_008597	1
read_008598	mol_008598	1
read_008599	mol_008599	-1
read_008600	mol_008600	1
read_008601	mol_008601	1
read_008602	mol_008602	-1
read_008603	mol_008603	1
read_008604	mol_008604	-1
read_008605	mol_008605	1
read_008606	mol_008606	1
read_008607	mol_008607	1
read_008608	mol_008608	1
read_008609	mol_008609	1
read_008610	mol_008610	-1
read_008611	mol_008611	-1
read_008612	mol_008612	-1
read_008613	mol_008613	1
read_008614	mol_008614	-1
read_008615	mol_008615	-1
read_008616	mol_008616	1
read_008617	mol_008617	1
read_008618	mol_008618	1
read_008619	mol_008619	1
read_008620	mol_008620	-1
read_008621	mol_008621	1
read_008622	mol_008622	1
read_008623	mol_008623	1
read_008624	mol_008624	-1
read_008625	mol_008625	-1
read_008626	mol_008626	-1
read_008627	mol_008627	-1
read_008628	mol_008628	-1
read_008629	mol_008629	-1
read_008630	mol_008630	1
read_008631	mol_008631	-1
read_008632	mol_008632	1
read_008633	mol_008633	-1
read_008634	mol_008634	-1
read_008635	mol_008635	1
read_008636	mol_008636	-1
read_008637	mol_008637	-1
read_008638	mol_008638	1
read_008639	mol_008639	-1
read_008640	mol_008640	-1
read_008641	mol_008641	-1
read_008642	mol_008642	1
read_008643	mol_008643	1
read_008644	mol_008644	1
read_008645	mol_008645	-1
read_008646	mol_008646	-1
read_008647	mol_008647	1
read_008648	mol_008648	-1
read_008649	mol_008649	1
read_008650	mol_008650	1
read_008651	mol_008651	1
read_008652	mol_008652	-1
read_008653	mol_008653	1
read_008654	mol_008654	1
read_008655	mol_008655	-1
read_008656	mol_008656	-1
read_008657	mol_008657	1
read_008658	mol_008658	-1
read_008659	mol_008659	-1
read_008660	mol_008660	1
read_008661	mol_008661	-1
read_008662	mol_008662	1
read_008663	mol_008663	-1
read_008664	mol_008664	1
read_008665	mol_008665	-1
read_008666	mol_008666	-1
read_008667	mol_008667	-1
read_008668	mol_008668	1
read_008669	mol_008669	-1
read_008670	mol_008670	1
read_008671	mol_008671	1
read_008672	mol_008672	1
read_008673	mol_008673	1
read_008674	mol_008674	1
read_008675	mol_008675	1
read_008676	mol_008676	1
read_008677	mol_008677	1
read_008678	mol_008678	-1
read_008679	mol_008679	1
read_008680	mol_008680	1
read_008681	mol_008681	-1
read_008682	mol_008682	1
read_008683	mol_008683	1
read_008684	mol_008684	-1
read_008685	mol_008685	1
read_008686	mol_008686	1
read_008687	mol_008687	-1
read_008688	mol_008688	1
read_008689	mol_008689	-1
read_008690	mol_008690	1
read_008691	mol_008691	-1
read_008692	mol_008692	-1
read_008693	mol_008693	-1
read_008694	mol_008694	-1
read_008695	mol_008695	-1
read_008696	mol_008696	1
read_008697	mol_008697	1
read_008698	mol_008698	-1
read_008699	mol_008699	-1
read_008700	mol_008700	-1
read_008701	mol_008701	-1
read_008702	mol_008702	1
read_008703	mol_008703	1
read_008704	mol_008704	1
read_008705	mol_008705	1
read_008706	mol_008706	-1
read_008707	mol_008707	1
read_008708	mol_008708	1
read_008709	mol_008709	1
read_008710	mol_008710	1
read_008711	mol_008711	1
read_008712	mol_008712	-1
read_008713	mol_008713	-1
read_008714	mol_008714	-1
read_008715	mol_008715	-1
read_008716	mol_008716	-1
read_008717	mol_008717	1
read_008718	mol_008718	-1
read_008719	mol_008719	-1
read_008720	mol_008720	1
read_008721	mol_008721	-1
read_008722	mol_008722	-1
read_008723	mol_008723	-1
read_008724	mol_008724	-1
read_008725	mol_008725	1
read_008726	mol_008726	1
read_008727	mol_008727	-1
read_008728	mol_008728	1
read_008729	mol_008729	-1
read_008730	mol_008730	-1
read_008731	mol_008731	1
read_008732	mol_008732	1
read_008733	mol_008733	1
read_008734	mol_008734	-1
read_008735	mol_008735	-1
read_008736	mol_008736	-1
read_008737	mol_008737	-1
read_008738	mol_008738	1
read_008739	mol_008739	-1
read_008740	mol_008740	-1
read_008741	mol_008741	1
read_008742	mol_008742	-1
read_008743	mol_008743	-1
read_008744	mol_008744	-1
read_008745	mol_008745	1
read_008746	mol_008746	-1
read_008747	mol_008747	1
read_008748	mol_008748	1
read_008749	mol_008749	-1
read_008750	mol_008750	-1
read_008751	mol_008751	1
read_008752	mol_008752	-1
read_008753	mol_008753	1
read_008754	mol_008754	-1
read_008755	mol_008755	-1
read_008756	mol_008756	-1
read_008757	mol_008757	1
read_008758	mol_008758	1
read_008759	mol_008759	1
read_008760	mol_008760	1
read_008761	mol_008761	-1
read_008762	mol_008762	1
read_008763	mol_008763	1
read_008764	mol_008764	-1
read_008765	mol_008765	1
read_008766	mol_008766	-1
read_008767	mol_008767	1
read_008768	mol_008768	1
read_008769	mol_008769	-1
read_008770	mol_008770	-1
read_008771	mol_008771	1
read_008772	mol_008772	-1
read_008773	mol_008773	1
read_008774	mol_008774	1
read_008775	mol_008775	-1
read_008776	mol_008776	1
read_008777	mol_008777	-1
read_008778	mol_008778	1
read_008779	mol_008779	-1
read_008780	mol_008780	-1
read_008781	mol_008781	-1
read_008782	mol_008782	1
read_008783	mol_008783	1
read_008784	mol_008784	1
read_008785	mol_008785	-1
read_008786	mol_008786	1
read_008787	mol_008787	1
read_008788	mol_008788	-1
read_008789	mol_008789	1
read_008790	mol_008790	1
read_008791	mol_008791	-1
read_008792	mol_008792	1
read_008793	mol_008793	1
read_008794	mol_008794	1
read_008795	mol_008795	1
read_008796	mol_008796	1
read_008797	mol_008797	-1
read_008798	mol_008798	-1
read_008799	mol_008799	1
read_008800	mol_008800	1
read_008801	mol_008801	-1
read_008802	mol_008802	-1
read_008803	mol_008803	-1
read_008804	mol_008804	1
read_008805	mol_008805	-1
read_008806	mol_008806	-1
read_008807	mol_008807	-1
read_008808	mol_008808	1
read_008809	mol_008809	-1
read_008810	mol_008810	1
read_008811	mol_008811	-1
read_008812	mol_008812	1
read_008813	mol_008813	-1
read_008814	mol_008814	1
read_008815	mol_008815	-1
read_008816	mol_008816	1
read_008817	mol_008817	1
read_008818	mol_008818	-1
read_008819	mol_008819	1
read_008820	mol_008820	1
read_008821	mol_008821	1
read_008822	mol_008822	-1
read_008823	mol_008823	1
read_008824	mol_008824	-1
read_008825	mol_008825	-1
read_008826	mol_008826	1
read_008827	mol_008827	1
read_008828	mol_008828	-1
read_008829	mol_008829	-1
read_008830	mol_008830	1
read_008831	mol_008831	1
read_008832	mol_008832	1
read_008833	mol_008833	-1
read_008834	mol_008834	1
read_008835	mol_008835	1
read_008836	mol_008836	1
read_008837	mol_008837	-1
read_008838	mol_008838	-1
read_008839	mol_008839	1
read_008840	mol_008840	-1
read_008841	mol_008841	1
read_008842	mol_008842	-1
read_008843	mol_008843	1
read_008844	mol_008844	1
read_008845	mol_008845	-1
read_008846	mol_008846	1
read_008847	mol_008847	1
read_008848	mol_008848	1
read_008849	mol_008849	-1
read_008850	mol_008850	-1
read_008851	mol_008851	-1
read_008852	mol_008852	1
read_008853	mol_008853	1
read_008854	mol_008854	-1
read_008855	mol_008855	1
read_008856	mol_008856	-1
read_008857	mol_008857	-1
read_008858	mol_008858	-1
read_008859	mol_008859	-1
read_008860	mol_008860	1
read_008861	mol_008861	-1
read_008862	mol_008862	-1
read_008863	mol_008863	-1
read_008864	mol_008864	1
read_008865	mol_008865	1
read_008866	mol_008866	1
read_008867	mol_008867	1
read_008868	mol_008868	1
read_008869	mol_008869	1
read_008870	mol_008870	-1
read_008871	mol_008871	1
read_008872	mol_008872	-1
read_008873	mol_008873	-1
read_008874	mol_008874	-1
read_008875	mol_008875	1
read_008876	mol_008876	1
read_008877	mol_008877	-1
read_008878	mol_008878	-1
read_008879	mol_008879	-1
read_008880	mol_008880	1
read_008881	mol_008881	-1
read_008882	mol_008882	-1
read_008883	mol_008883	-1
read_008884	mol_008884	1
read_008885	mol_008885	1
read_008886	mol_008886	1
read_008887	mol_008887	1
read_008888	mol_008888	1
read_008889	mol_008889	-1
read_008890	mol_008890	-1
read_008891	mol_008891	-1
read_008892	mol_008892	1
read_008893	mol_008893	1
read_008894	mol_008894	1
read_008895	mol_008895	-1
read_008896	mol_008896	1
read_008897	mol_008897	1
read_008898	mol_008898	-1
read_008899	mol_008899	-1
read_008900	mol_008900	-1
read_008901	mol_008901	-1
read_008902	mol_008902	-1
read_008903	mol_008903	-1
read_008904	mol_008904	-1
read_008905	mol_008905	-1
read_008906	mol_008906	-1
read_008907	mol_008907	1
read_008908	mol_008908	1
read_008909	mol_008909	1
read_008910	mol_008910	1
read_008911	mol_008911	1
read_008912	mol_008912	1
read_008913	mol_008913	-1
read_008914	mol_008914	1
read_008915	mol_008915	1
read_008916	mol_008916	-1
read_008917	mol_008917	-1
read_008918	mol_008918	1
read_008919	mol_008919	1
read_008920	mol_008920	1
read_008921	mol_008921	1
read_008922	mol_008922	-1
read_008923	mol_008923	-1
read_008924	mol_008924	1
read_008925	mol_008925	1
read_008926	mol_008926	-1
read_008927	mol_008927	1
read_008928	mol_008928	-1
read_008929	mol_008929	-1
read_008930	mol_008930	-1
read_008931	mol_008931	1
read_008932	mol_008932	-1
read_008933	mol_008933	1
read_008934	mol_008934	-1
read_008935	mol_008935	1
read_008936	mol_008936	-1
read_008937	mol_008937	1
read_008938	mol_008938	1
read_008939	mol_008939	1
read_008940	mol_008940	1
read_008941	mol_008941	1
read_008942	mol_008942	1
read_008943	mol_008943	1
read_008944	mol_008944	1
read_008945	mol_008945	-1
read_008946	mol_008946	-1
read_008947	mol_008947	1
read_008948	mol_008948	1
read_008949	mol_008949	-1
read_008950	mol_008950	-1
read_008951	mol_008951	1
read_008952	mol_008952	-1
read_008953	mol_008953	1
read_008954	mol_008954	1
read_008955	mol_008955	-1
read_008956	mol_008956	1
read_008957	mol_008957	1
read_008958	mol_008958	1
read_008959	mol_008959	-1
read_008960	mol_008960	-1
read_008961	mol_008961	1
read_008962	mol_008962	-1
read_008963	mol_008963	-1
read_008964	mol_008964	1
read_008965	mol_008965	-1
read_008966	mol_008966	1
read_008967	mol_008967	1
read_008968	mol_008968	-1
read_008969	mol_008969	-1
read_008970	mol_008970	1
read_008971	mol_008971	1
read_008972	mol_008972	-1
read_008973	mol_008973	-1
read_008974	mol_008974	1
read_008975	mol_008975	-1
read_008976	mol_008976	-1
read_008977	mol_008977	-1
read_008978	mol_008978	1
read_008979	mol_008979	1
read_008980	mol_008980	1
read_008981	mol_008981	1
read_008982	mol_008982	-1
read_008983	mol_008983	-1
read_008984	mol_008984	-1
read_008985	mol_008985	1
read_008986	mol_008986	-1
read_008987	mol_008987	1
read_008988	mol_008988	1
read_008989	mol_008989	1
read_008990	mol_008990	1
read_008991	mol_008991	-1
read_008992	mol_008992	-1
read_008993	mol_008993	1
read_008994	mol_008994	-1
read_008995	mol_008995	-1
read_008996	mol_008996	-1
read_008997	mol_008997	-1
read_008998	mol_008998	1
read_008999	mol_008999	1
read_009000	mol_009000	-1
read_009001	mol_009001	-1
read_009002	mol_009002	1
read_009003	mol_009003	1
read_009004	mol_009004	1
read_009005	mol_009005	-1
read_009006	mol_009006	-1
read_009007	mol_009007	1
read_009008	mol_009008	1
read_009009	mol_009009	-1
read_009010	mol_009010	-1
read_009011	mol_009011	-1
read_009012	mol_009012	-1
read_009013	mol_009013	1
read_009014	mol_009014	1
read_009015	mol_009015	1
read_009016	mol_009016	1
read_009017	mol_009017	-1
read_009018	mol_009018	-1
read_009019	mol_009019	1
read_009020	mol_009020	1
read_009021	mol_009021	-1
read_009022	mol_009022	1
read_009023	mol_009023	-1
read_009024	mol_009024	-1
read_009025	mol_009025	-1
read_009026	mol_009026	-1
read_009027	mol_009027	-1
read_009028	mol_009028	-1
read_009029	mol_009029	-1
read_009030	mol_009030	1
read_009031	mol_009031	1
read_009032	mol_009032	-1
read_009033	mol_009033	-1
read_009034	mol_009034	-1
read_009035	mol_009035	1
read_009036	mol_009036	-1
read_009037	mol_009037	1
read_009038	mol_009038	-1
read_009039	mol_009039	-1
read_009040	mol_009040	1
read_009041	mol_009041	-1
read_009042	mol_009042	1
read_009043	mol_009043	1
read_009044	mol_009044	1
read_009045	mol_009045	1
read_009046	mol_009046	-1
read_009047	mol_009047	-1
read_009048	mol_009048	-1
read_009049	mol_009049	1
read_009050	mol_009050	-1
read_009051	mol_009051	1
read_009052	mol_009052	1
read_009053	mol_009053	-1
read_009054	mol_009054	1
read_009055	mol_009055	1
read_009056	mol_009056	1
read_009057	mol_009057	-1
read_009058	mol_009058	-1
read_009059	mol_009059	-1
read_009060	mol_009060	-1
read_009061	mol_009061	1
read_009062	mol_009062	-1
read_009063	mol_009063	1
read_009064	mol_009064	1
read_009065	mol_009065	1
read_009066	mol_009066	1
read_009067	mol_009067	1
read_009068	mol_009068	1
read_009069	mol_009069	-1
read_009070	mol_009070	-1
read_009071	mol_009071	-1
read_009072	mol_009072	-1
read_009073	mol_009073	1
read_009074	mol_009074	-1
read_009075	mol_009075	1
read_009076	mol_009076	1
read_009077	mol_009077	-1
read_009078	mol_009078	-1
read_009079	mol_009079	1
read_009080	mol_009080	-1
read_009081	mol_009081	1
read_009082	mol_009082	1
read_009083	mol_009083	-1
read_009084	mol_009084	1
read_009085	mol_009085	1
read_009086	mol_009086	-1
read_009087	mol_009087	-1
read_009088	mol_009088	1
read_009089	mol_009089	-1
read_009090	mol_009090	1
read_009091	mol_009091	-1
read_009092	mol_009092	1
read_009093	mol_009093	1
read_009094	mol_009094	1
read_009095	mol_009095	1
read_009096	mol_009096	-1
read_009097	mol_009097	1
read_009098	mol_009098	1
read_009099	mol_009099	-1
read_009100	mol_009100	1
read_009101	mol_009101	1
read_009102	mol_009102	-1
read_009103	mol_009103	-1
read_009104	mol_009104	-1
read_009105	mol_009105	-1
read_009106	mol_009106	1
read_009107	mol_009107	1
read_009108	mol_009108	-1
read_009109	mol_009109	-1
read_009110	mol_009110	1
read_009111	mol_009111	-1
read_009112	mol_009112	-1
read_009113	mol_009113	1
read_009114	mol_009114	-1
read_009115	mol_009115	-1
read_009116	mol_009116	1
read_009117	mol_009117	1
read_009118	mol_009118	1
read_009119	mol_009119	-1
read_009120	mol_009120	1
read_009121	mol_009121	-1
read_009122	mol_009122	-1
read_009123	mol_009123	-1
read_009124	mol_009124	-1
read_009125	mol_009125	1
read_009126	mol_009126	-1
read_009127	mol_009127	-1
read_009128	mol_009128	-1
read_009129	mol_009129	1
read_009130	mol_009130	1
read_009131	mol_009131	-1
read_009132	mol_009132	-1
read_009133	mol_009133	1
read_009134	mol_009134	1
read_009135	mol_009135	1
read_009136	mol_009136	1
read_009137	mol_009137	-1
read_009138	mol_009138	-1
read_009139	mol_009139	-1
read_009140	mol_009140	-1
read_009141	mol_009141	-1
read_009142	mol_009142	-1
read_009143	mol_009143	-1
read_009144	mol_009144	1
read_009145	mol_009145	-1
read_009146	mol_009146	1
read_009147	mol_009147	-1
read_009148	mol_009148	1
read_009149	mol_009149	1
read_009150	mol_009150	1
read_009151	mol_009151	-1
read_009152	mol_009152	-1
read_009153	mol_009153	1
read_009154	mol_009154	1
read_009155	mol_009155	1
read_009156	mol_009156	-1
read_009157	mol_009157	1
read_009158	mol_009158	1
read_009159	mol_009159	-1
read_009160	mol_009160	1
read_009161	mol_009161	-1
read_009162	mol_009162	-1
read_009163	mol_009163	1
read_009164	mol_009164	-1
read_009165	mol_009165	1
read_009166	mol_009166	-1
read_009167	mol_009167	1
read_009168	mol_009168	1
read_009169	mol_009169	1
read_009170	mol_009170	1
read_009171	mol_009171	-1
read_009172	mol_009172	-1
read_009173	mol_009173	1
read_009174	mol_009174	-1
read_009175	mol_009175	-1
read_009176	mol_009176	1
read_009177	mol_009177	-1
read_009178	mol_009178	-1
read_009179	mol_009179	-1
read_009180	mol_009180	-1
read_009181	mol_009181	-1
read_009182	mol_009182	1
read_009183	mol_009183	1
read_009184	mol_009184	-1
read_009185	mol_009185	1
read_009186	mol_009186	-1
read_009187	mol_009187	-1
read_009188	mol_009188	1
read_009189	mol_009189	-1
read_009190	mol_009190	-1
read_009191	mol_009191	-1
read_009192	mol_009192	1
read_009193	mol_009193	1
read_009194	mol_009194	1
read_009195	mol_009195	1
read_009196	mol_009196	-1
read_009197	mol_009197	-1
read_009198	mol_009198	-1
read_009199	mol_009199	-1
read_009200	mol_009200	1
read_009201	mol_009201	-1
read_009202	mol_009202	1
read_009203	mol_009203	1
read_009204	mol_009204	-1
read_009205	mol_009205	-1
read_009206	mol_009206	1
read_009207	mol_009207	1
read_009208	mol_009208	-1
read_009209	mol_009209	1
read_009210	mol_009210	-1
read_009211	mol_009211	-1
read_009212	mol_009212	-1
read_009213	mol_009213	1
read_009214	mol_009214	-1
read_009215	mol_009215	-1
read_009216	mol_009216	1
read_009217	mol_009217	-1
read_009218	mol_009218	-1
read_009219	mol_009219	1
read_009220	mol_009220	-1
read_009221	mol_009221	1
read_009222	mol_009222	-1
read_009223	mol_009223	-1
read_009224	mol_009224	-1
read_009225	mol_009225	1
read_009226	mol_009226	1
read_009227	mol_009227	1
read_009228	mol_009228	1
read_009229	mol_009229	-1
read_009230	mol_009230	-1
read_009231	mol_009231	-1
read_009232	mol_009232	-1
read_009233	mol_009233	1
read_009234	mol_009234	-1
read_009235	mol_009235	-1
read_009236	mol_009236	1
read_009237	mol_009237	1
read_009238	mol_009238	1
read_009239	mol_009239	1
read_009240	mol_009240	-1
read_009241	mol_009241	1
read_009242	mol_009242	-1
read_009243	mol_009243	1
read_009244	mol_009244	1
read_009245	mol_009245	-1
read_009246	mol_009246	-1
read_009247	mol_009247	1
read_009248	mol_009248	1
read_009249	mol_009249	1
read_009250	mol_009250	-1
read_009251	mol_009251	-1
read_009252	mol_009252	1
read_009253	mol_009253	1
read_009254	mol_009254	-1
read_009255	mol_009255	-1
read_009256	mol_009256	-1
read_009257	mol_009257	-1
read_009258	mol_009258	-1
read_009259	mol_009259	1
read_009260	mol_009260	1
read_009261	mol_009261	-1
read_009262	mol_009262	-1
read_009263	mol_009263	1
read_009264	mol_009264	1
read_009265	mol_009265	1
read_009266	mol_009266	1
read_009267	mol_009267	1
read_009268	mol_009268	1
read_009269	mol_009269	1
read_009270	mol_009270	-1
read_009271	mol_009271	1
read_009272	mol_009272	1
read_009273	mol_009273	-1
read_009274	mol_009274	-1
read_009275	mol_009275	1
read_009276	mol_009276	1
read_009277	mol_009277	1
read_009278	mol_009278	-1
read_009279	mol_009279	1
read_009280	mol_009280	1
read_009281	mol_009281	1
read_009282	mol_009282	-1
read_009283	mol_009283	-1
read_009284	mol_009284	1
read_009285	mol_009285	1
read_009286	mol_009286	-1
read_009287	mol_009287	-1
read_009288	mol_009288	-1
read_009289	mol_009289	1
read_009290	mol_009290	-1
read_009291	mol_009291	-1
read_009292	mol_009292	1
read_009293	mol_009293	1
read_009294	mol_009294	-1
read_009295	mol_009295	-1
read_009296	mol_009296	-1
read_009297	mol_009297	-1
read_009298	mol_009298	1
read_009299	mol_009299	1
read_009300	mol_009300	1
read_009301	mol_009301	1
read_009302	mol_009302	-1
read_009303	mol_009303	1
read_009304	mol_009304	-1
read_009305	mol_009305	1
read_009306	mol_009306	1
read_009307	mol_009307	1
read_009308	mol_009308	-1
read_009309	mol_009309	1
read_009310	mol_009310	1
read_009311	mol_009311	1
read_009312	mol_009312	-1
read_009313	mol_009313	1
read_009314	mol_009314	1
read_009315	mol_009315	-1
read_009316	mol_009316	1
read_009317	mol_009317	1
read_009318	mol_009318	1
read_009319	mol_009319	1
read_009320	mol_009320	-1
read_009321	mol_009321	1
read_009322	mol_009322	1
read_009323	mol_009323	1
read_009324	mol_009324	-1
read_009325	mol_009325	1
read_009326	mol_009326	-1
read_009327	mol_009327	1
read_009328	mol_009328	-1
read_009329	mol_009329	-1
read_009330	mol_009330	-1
read_009331	mol_009331	-1
read_009332	mol_009332	-1
read_009333	mol_009333	1
read_009334	mol_009334	1
read_009335	mol_009335	-1
read_009336	mol_009336	-1
read_009337	mol_009337	-1
read_009338	mol_009338	-1
read_009339	mol_009339	-1
read_009340	mol_009340	-1
read_009341	mol_009341	1
read_009342	mol_009342	-1
read_009343	mol_009343	1
read_009344	mol_009344	1
read_009345	mol_009345	1
read_009346	mol_009346	-1
read_009347	mol_009347	1
read_009348	mol_009348	-1
read_009349	mol_009349	-1
read_009350	mol_009350	1
read_009351	mol_009351	1
read_009352	mol_009352	-1
read_009353	mol_009353	-1
read_009354	mol_009354	1
read_009355	mol_009355	-1
read_009356	mol_009356	1
read_009357	mol_009357	1
read_009358	mol_009358	-1
read_009359	mol_009359	1
read_009360	mol_009360	-1
read_009361	mol_009361	-1
read_009362	mol_009362	1
read_009363	mol_009363	1
read_009364	mol_009364	-1
read_009365	mol_009365	1
read_009366	mol_009366	-1
read_009367	mol_009367	1
read_009368	mol_009368	-1
read_009369	mol_009369	-1
read_009370	mol_009370	-1
read_009371	mol_009371	1
read_009372	mol_009372	-1
read_009373	mol_009373	1
read_009374	mol_009374	1
read_009375	mol_009375	-1
read_009376	mol_009376	1
read_009377	mol_009377	-1
read_009378	mol_009378	1
read_009379	mol_009379	1
read_009380	mol_009380	-1
read_009381	mol_009381	-1
read_009382	mol_009382	1
read_009383	mol_009383	1
read_009384	mol_009384	-1
read_009385	mol_009385	1
read_009386	mol_009386	-1
read_009387	mol_009387	-1
read_009388	mol_009388	-1
read_009389	mol_009389	1
read_009390	mol_009390	-1
read_009391	mol_009391	1
read_009392	mol_009392	-1
read_009393	mol_009393	-1
read_009394	mol_009394	-1
read_009395	mol_009395	1
read_009396	mol_009396	1
read_009397	mol_009397	1
read_009398	mol_009398	-1
read_009399	mol_009399	-1
read_009400	mol_009400	1
read_009401	mol_009401	-1
read_009402	mol_009402	-1
read_009403	mol_009403	-1
read_009404	mol_009404	1
read_009405	mol_009405	-1
read_009406	mol_009406	-1
read_009407	mol_009407	1
read_009408	mol_009408	-1
read_009409	mol_009409	-1
read_009410	mol_009410	1
read_009411	mol_009411	1
read_009412	mol_009412	-1
read_009413	mol_009413	-1
read_009414	mol_009414	1
read_009415	mol_009415	-1
read_009416	mol_009416	-1
read_009417	mol_009417	-1
read_009418	mol_009418	-1
read_009419	mol_009419	1
read_009420	mol_009420	1
read_009421	mol_009421	1
read_009422	mol_009422	1
read_009423	mol_009423	1
read_009424	mol_009424	1
read_009425	mol_009425	1
read_009426	mol_009426	1
read_009427	mol_009427	1
read_009428	mol_009428	-1
read_009429	mol_009429	1
read_009430	mol_009430	-1
read_009431	mol_009431	-1
read_009432	mol_009432	-1
read_009433	mol_009433	1
read_009434	mol_009434	1
read_009435	mol_009435	-1
read_009436	mol_009436	1
read_009437	mol_009437	-1
read_009438	mol_009438	-1
read_009439	mol_009439	-1
read_009440	mol_009440	-1
read_009441	mol_009441	-1
read_009442	mol_009442	1
read_009443	mol_009443	1
read_009444	mol_009444	-1
read_009445	mol_009445	-1
read_009446	mol_009446	1
read_009447	mol_009447	1
read_009448	mol_009448	1
read_009449	mol_009449	-1
read_009450	mol_009450	-1
read_009451	mol_009451	1
read_009452	mol_009452	-1
read_009453	mol_009453	1
read_009454	mol_009454	-1
read_009455	mol_009455	1
read_009456	mol_009456	1
read_009457	mol_009457	-1
read_009458	mol_009458	-1
read_009459	mol_009459	-1
read_009460	mol_009460	1
read_009461	mol_009461	-1
read_009462	mol_009462	-1
read_009463	mol_009463	1
read_009464	mol_009464	-1
read_009465	mol_009465	-1
read_009466	mol_009466	-1
read_009467	mol_009467	-1
read_009468	mol_009468	1
read_009469	mol_009469	1
read_009470	mol_009470	-1
read_009471	mol_009471	-1
read_009472	mol_009472	1
read_009473	mol_009473	-1
read_009474	mol_009474	-1
read_009475	mol_009475	1
read_009476	mol_009476	-1
read_009477	mol_009477	1
read_009478	mol_009478	-1
read_009479	mol_009479	1
read_009480	mol_009480	-1
read_009481	mol_009481	-1
read_009482	mol_009482	1
read_009483	mol_009483	1
read_009484	mol_009484	1
read_009485	mol_009485	-1
read_009486	mol_009486	1
read_009487	mol_009487	-1
read_009488	mol_009488	1
read_009489	mol_009489	1
read_009490	mol_009490	1
read_009491	mol_009491	-1
read_009492	mol_009492	-1
read_009493	mol_009493	1
read_009494	mol_009494	1
read_009495	mol_009495	-1
read_009496	mol_009496	1
read_009497	mol_009497	1
read_009498	mol_009498	1
read_009499	mol_009499	1
read_009500	mol_009500	-1
read_009501	mol_009501	-1
read_009502	mol_009502	1
read_009503	mol_009503	-1
read_009504	mol_009504	1
read_009505	mol_009505	-1
read_009506	mol_009506	1
read_009507	mol_009507	-1
read_009508	mol_009508	-1
read_009509	mol_009509	-1
read_009510	mol_009510	1
read_009511	mol_009511	-1
read_009512	mol_009512	1
read_009513	mol_009513	-1
read_009514	mol_009514	1
read_009515	mol_009515	-1
read_009516	mol_009516	-1
read_009517	mol_009517	1
read_009518	mol_009518	1
read_009519	mol_009519	-1
read_009520	mol_009520	-1
read_009521	mol_009521	-1
read_009522	mol_009522	-1
read_009523	mol_009523	-1
read_009524	mol_009524	-1
read_009525	mol_009525	-1
read_009526	mol_009526	-1
read_009527	mol_009527	1
read_009528	mol_009528	1
read_009529	mol_009529	1
read_009530	mol_009530	1
read_009531	mol_009531	-1
read_009532	mol_009532	1
read_009533	mol_009533	-1
read_009534	mol_009534	-1
read_009535	mol_009535	-1
read_009536	mol_009536	1
read_009537	mol_009537	1
read_009538	mol_009538	1
read_009539	mol_009539	1
read_009540	mol_009540	-1
read_009541	mol_009541	-1
read_009542	mol_009542	-1
read_009543	mol_009543	1
read_009544	mol_009544	-1
read_009545	mol_009545	1
read_009546	mol_009546	1
read_009547	mol_009547	-1
read_009548	mol_009548	-1
read_009549	mol_009549	1
read_009550	mol_009550	1
read_009551	mol_009551	1
read_009552	mol_009552	-1
read_009553	mol_009553	-1
read_009554	mol_009554	-1
read_009555	mol_009555	1
read_009556	mol_009556	1
read_009557	mol_009557	1
read_009558	mol_009558	-1
read_009559	mol_009559	1
read_009560	mol_009560	-1
read_009561	mol_009561	-1
read_009562	mol_009562	1
read_009563	mol_009563	-1
read_009564	mol_009564	1
read_009565	mol_009565	1
read_009566	mol_009566	-1
read_009567	mol_009567	1
read_009568	mol_009568	1
read_009569	mol_009569	1
read_009570	mol_009570	1
read_009571	mol_009571	-1
read_009572	mol_009572	-1
read_009573	mol_009573	1
read_009574	mol_009574	1
read_009575	mol_009575	1
read_009576	mol_009576	1
read_009577	mol_009577	1
read_009578	mol_009578	1
read_009579	mol_009579	-1
read_009580	mol_009580	1
read_009581	mol_009581	1
read_009582	mol_009582	-1
read_009583	mol_009583	1
read_009584	mol_009584	-1
read_009585	mol_009585	1
read_009586	mol_009586	-1
read_009587	mol_009587	1
read_009588	mol_009588	1
read_009589	mol_009589	-1
read_009590	mol_009590	1
read_009591	mol_009591	-1
read_009592	mol_009592	-1
read_009593	mol_009593	-1
read_009594	mol_009594	1
read_009595	mol_009595	1
read_009596	mol_009596	-1
read_009597	mol_009597	1
read_009598	mol_009598	-1
read_009599	mol_009599	1
read_009600	mol_009600	1
read_009601	mol_009601	1
read_009602	mol_009602	-1
read_009603	mol_009603	1
read_009604	mol_009604	-1
read_009605	mol_009605	1
read_009606	mol_009606	1
read_009607	mol_009607	-1
read_009608	mol_009608	-1
read_009609	mol_009609	-1
read_009610	mol_009610	-1
read_009611	mol_009611	-1
read_009612	mol_009612	-1
read_009613	mol_009613	1
read_009614	mol_009614	-1
read_009615	mol_009615	-1
read_009616	mol_009616	-1
read_009617	mol_009617	-1
read_009618	mol_009618	-1
read_009619	mol_009619	1
read_009620	mol_009620	1
read_009621	mol_009621	1
read_009622	mol_009622	-1
read_009623	mol_009623	-1
read_009624	mol_009624	1
read_009625	mol_009625	-1
read_009626	mol_009626	1
read_009627	mol_009627	1
read_009628	mol_009628	-1
read_009629	mol_009629	-1
read_009630	mol_009630	-1
read_009631	mol_009631	-1
read_009632	mol_009632	1
read_009633	mol_009633	1
read_009634	mol_009634	-1
read_009635	mol_009635	1
read_009636	mol_009636	1
read_009637	mol_009637	-1
read_009638	mol_009638	1
read_009639	mol_009639	-1
read_009640	mol_009640	-1
read_009641	mol_009641	1
read_009642	mol_009642	1
read_009643	mol_009643	-1
read_009644	mol_009644	-1
read_009645	mol_009645	1
read_009646	mol_009646	1
read_009647	mol_009647	-1
read_009648	mol_009648	-1
read_009649	mol_009649	1
read_009650	mol_009650	1
read_009651	mol_009651	1
read_009652	mol_009652	-1
read_009653	mol_009653	-1
read_009654	mol_009654	-1
read_009655	mol_009655	-1
read_009656	mol_009656	-1
read_009657	mol_009657	1
read_009658	mol_009658	1
read_009659	mol_009659	1
read_009660	mol_009660	-1
read_009661	mol_009661	1
read_009662	mol_009662	1
read_009663	mol_009663	-1
read_009664	mol_009664	1
read_009665	mol_009665	1
read_009666	mol_009666	-1
read_009667	mol_009667	1
read_009668	mol_009668	-1
read_009669	mol_009669	1
read_009670	mol_009670	-1
read_009671	mol_009671	-1
read_009672	mol_009672	-1
read_009673	mol_009673	-1
read_009674	mol_009674	-1
read_009675	mol_009675	-1
read_009676	mol_009676	-1
read_009677	mol_009677	1
read_009678	mol_009678	1
read_009679	mol_009679	1
read_009680	mol_009680	-1
read_009681	mol_009681	1
read_009682	mol_009682	1
read_009683	mol_009683	1
read_009684	mol_009684	1
read_009685	mol_009685	-1
read_009686	mol_009686	-1
read_009687	mol_009687	-1
read_009688	mol_009688	1
read_009689	mol_009689	-1
read_009690	mol_009690	-1
read_009691	mol_009691	-1
read_009692	mol_009692	-1
read_009693	mol_009693	1
read_009694	mol_009694	-1
read_009695	mol_009695	1
read_009696	mol_009696	1
read_009697	mol_009697	1
read_009698	mol_009698	1
read_009699	mol_009699	-1
read_009700	mol_009700	1
read_009701	mol_009701	1
read_009702	mol_009702	1
read_009703	mol_009703	1
read_009704	mol_009704	-1
read_009705	mol_009705	-1
read_009706	mol_009706	-1
read_009707	mol_009707	1
read_009708	mol_009708	1
read_009709	mol_009709	1
read_009710	mol_009710	-1
read_009711	mol_009711	1
read_009712	mol_009712	1
read_009713	mol_009713	-1
read_009714	mol_009714	-1
read_009715	mol_009715	1
read_009716	mol_009716	1
read_009717	mol_009717	1
read_009718	mol_009718	-1
read_009719	mol_009719	1
read_009720	mol_009720	1
read_009721	mol_009721	1
read_009722	mol_009722	-1
read_009723	mol_009723	-1
read_009724	mol_009724	-1
read_009725	mol_009725	1
read_009726	mol_009726	1
read_009727	mol_009727	1
read_009728	mol_009728	1
read_009729	mol_009729	-1
read_009730	mol_009730	1
read_009731	mol_009731	1
read_009732	mol_009732	1
read_009733	mol_009733	1
read_009734	mol_009734	-1
read_009735	mol_009735	1
read_009736	mol_009736	1
read_009737	mol_009737	-1
read_009738	mol_009738	1
read_009739	mol_009739	-1
read_009740	mol_009740	-1
read_009741	mol_009741	1
read_009742	mol_009742	1
read_009743	mol_009743	1
read_009744	mol_009744	-1
read_009745	mol_009745	-1
read_009746	mol_009746	1
read_009747	mol_009747	-1
read_009748	mol_009748	1
read_009749	mol_009749	1
read_009750	mol_009750	-1
read_009751	mol_009751	-1
read_009752	mol_009752	-1
read_009753	mol_009753	1
read_009754	mol_009754	-1
read_009755	mol_009755	-1
read_009756	mol_009756	-1
read_009757	mol_009757	1
read_009758	mol_009758	1
read_009759	mol_009759	1
read_009760	mol_009760	1
read_009761	mol_009761	-1
read_009762	mol_009762	-1
read_009763	mol_009763	1
read_009764	mol_009764	1
read_009765	mol_009765	1
read_009766	mol_009766	1
read_009767	mol_009767	-1
read_009768	mol_009768	1
read_009769	mol_009769	-1
read_009770	mol_009770	-1
read_009771	mol_009771	1
read_009772	mol_009772	-1
read_009773	mol_009773	1
read_009774	mol_009774	-1
read_009775	mol_009775	-1
read_009776	mol_009776	-1
read_009777	mol_009777	-1
read_009778	mol_009778	1
read_009779	mol_009779	1
read_009780	mol_009780	1
read_009781	mol_009781	-1
read_009782	mol_009782	1
read_009783	mol_009783	-1
read_009784	mol_009784	1
read_009785	mol_009785	1
read_009786	mol_009786	1
read_009787	mol_009787	-1
read_009788	mol_009788	-1
read_009789	mol_009789	1
read_009790	mol_009790	1
read_009791	mol_009791	-1
read_009792	mol_009792	-1
read_009793	mol_009793	-1
read_009794	mol_009794	1
read_009795	mol_009795	-1
read_009796	mol_009796	-1
read_009797	mol_009797	1
read_009798	mol_009798	1
read_009799	mol_009799	1
read_009800	mol_009800	-1
read_009801	mol_009801	-1
read_009802	mol_009802	-1
read_009803	mol_009803	1
read_009804	mol_009804	1
read_009805	mol_009805	1
read_009806	mol_009806	1
read_009807	mol_009807	-1
read_009808	mol_009808	-1
read_009809	mol_009809	1
read_009810	mol_009810	-1
read_009811	mol_009811	1
read_009812	mol_009812	-1
read_009813	mol_009813	-1
read_009814	mol_009814	-1
read_009815	mol_009815	-1
read_009816	mol_009816	-1
read_009817	mol_009817	1
read_009818	mol_009818	-1
read_009819	mol_009819	-1
read_009820	mol_009820	1
read_009821	mol_009821	1
read_009822	mol_009822	-1
read_009823	mol_009823	1
read_009824	mol_009824	-1
read_009825	mol_009825	-1
read_009826	mol_009826	-1
read_009827	mol_009827	-1
read_009828	mol_009828	1
read_009829	mol_009829	-1
read_009830	mol_009830	-1
read_009831	mol_009831	1
read_009832	mol_009832	1
read_009833	mol_009833	1
read_009834	mol_009834	-1
read_009835	mol_009835	1
read_009836	mol_009836	1
read_009837	mol_009837	1
read_009838	mol_009838	-1
read_009839	mol_009839	1
read_009840	mol_009840	1
read_009841	mol_009841	1
read_009842	mol_009842	-1
read_009843	mol_009843	-1
read_009844	mol_009844	1
read_009845	mol_009845	1
read_009846	mol_009846	-1
read_009847	mol_009847	-1
read_009848	mol_009848	-1
read_009849	mol_009849	1
read_009850	mol_009850	1
read_009851	mol_009851	1
read_009852	mol_009852	-1
read_009853	mol_009853	-1
read_009854	mol_009854	1
read_009855	mol_009855	-1
read_009856	mol_009856	1
read_009857	mol_009857	1
read_009858	mol_009858	1
read_009859	mol_009859	-1
read_009860	mol_009860	1
read_009861	mol_009861	-1
read_009862	mol_009862	-1
read_009863	mol_009863	-1
read_009864	mol_009864	-1
read_009865	mol_009865	1
read_009866	mol_009866	-1
read_009867	mol_009867	-1
read_009868	mol_009868	1
read_009869	mol_009869	1
read_009870	mol_009870	-1
read_009871	mol_009871	1
read_009872	mol_009872	1
read_009873	mol_009873	-1
read_009874	mol_009874	1
read_009875	mol_009875	1
read_009876	mol_009876	1
read_009877	mol_009877	1
read_009878	mol_009878	-1
read_009879	mol_009879	-1
read_009880	mol_009880	-1
read_009881	mol_009881	-1
read_009882	mol_009882	-1
read_009883	mol_009883	1
read_009884	mol_009884	1
read_009885	mol_009885	-1
read_009886	mol_009886	1
read_009887	mol_009887	1
read_009888	mol_009888	-1
read_009889	mol_009889	-1
read_009890	mol_009890	-1
read_009891	mol_009891	-1
read_009892	mol_009892	1
read_009893	mol_009893	1
read_009894	mol_009894	1
read_009895	mol_009895	-1
read_009896	mol_009896	1
read_009897	mol_009897	1
read_009898	mol_009898	-1
read_009899	mol_009899	1
read_009900	mol_009900	-1
read_009901	mol_009901	1
read_009902	mol_009902	1
read_009903	mol_009903	1
read_009904	mol_009904	1
read_009905	mol_009905	1
read_009906	mol_009906	-1
read_009907	mol_009907	1
read_009908	mol_009908	1
read_009909	mol_009909	1
read_009910	mol_009910	1
read_009911	mol_009911	1
read_009912	mol_009912	-1
read_009913	mol_009913	1
read_009914	mol_009914	1
read_009915	mol_009915	-1
read_009916	mol_009916	1
read_009917	mol_009917	1
read_009918	mol_009918	-1
read_009919	mol_009919	1
read_009920	mol_009920	1
read_009921	mol_009921	-1
read_009922	mol_009922	1
read_009923	mol_009923	-1
read_009924	mol_009924	-1
read_009925	mol_009925	1
read_009926	mol_009926	-1
read_009927	mol_009927	-1
read_009928	mol_009928	-1
read_009929	mol_009929	1
read_009930	mol_009930	1
read_009931	mol_009931	1
read_009932	mol_009932	1
read_009933	mol_009933	-1
read_009934	mol_009934	-1
read_009935	mol_009935	1
read_009936	mol_009936	-1
read_009937	mol_009937	1
read_009938	mol_009938	-1
read_009939	mol_009939	1
read_009940	mol_009940	-1
read_009941	mol_009941	1
read_009942	mol_009942	1
read_009943	mol_009943	-1
read_009944	mol_009944	1
read_009945	mol_009945	-1
read_009946	mol_009946	-1
read_009947	mol_009947	1
read_009948	mol_009948	1
read_009949	mol_009949	-1
read_009950	mol_009950	-1
read_009951	mol_009951	-1
read_009952	mol_009952	1
read_009953	mol_009953	-1
read_009954	mol_009954	-1
read_009955	mol_009955	1
read_009956	mol_009956	-1
read_009957	mol_009957	1
read_009958	mol_009958	-1
read_009959	mol_009959	1
read_009960	mol_009960	-1
read_009961	mol_009961	1
read_009962	mol_009962	1
read_009963	mol_009963	-1
read_009964	mol_009964	1
read_009965	mol_009965	-1
read_009966	mol_009966	1
read_009967	mol_009967	1
read_009968	mol_009968	-1
read_009969	mol_009969	-1
read_009970	mol_009970	-1
read_009971	mol_009971	-1
read_009972	mol_009972	1
read_009973	mol_009973	1
read_009974	mol_009974	-1
read_009975	mol_009975	-1
read_009976	mol_009976	-1
read_009977	mol_009977	1
read_009978	mol_009978	-1
read_009979	mol_009979	-1
read_009980	mol_009980	1
read_009981	mol_009981	-1
read_009982	mol_009982	1
read_009983	mol_009983	-1
read_009984	mol_009984	1
read_009985	mol_009985	1
read_009986	mol_009986	-1
read_009987	mol_009987	1
read_009988	mol_009988	-1
read_009989	mol_009989	1
read_009990	mol_009990	-1
read_009991	mol_009991	1
read_009992	mol_009992	-1
read_009993	mol_009993	1
read_009994	mol_009994	-1
read_009995	mol_009995	-1
read_009996	mol_009996	1
read_009997	mol_009997	-1
read_009998	mol_009998	-1
read_009999	mol_009999	1
read_010000	mol_010000	-1
read_010001	mol_010001	1
read_010002	mol_010002	-1
read_010003	mol_010003	-1
read_010004	mol_010004	1
read_010005	mol_010005	1
read_010006	mol_010006	-1
read_010007	mol_010007	-1
read_010008	mol_010008	-1
read_010009	mol_010009	1
read_010010	mol_010010	1
read_010011	mol_010011	1
read_010012	mol_010012	-1
read_010013	mol_010013	-1
read_010014	mol_010014	-1
read_010015	mol_010015	-1
read_010016	mol_010016	-1
read_010017	mol_010017	1
read_010018	mol_010018	-1
read_010019	mol_010019	-1
read_010020	mol_010020	-1
read_010021	mol_010021	-1
read_010022	mol_010022	-1
read_010023	mol_010023	1
read_010024	mol_010024	1
read_010025	mol_010025	1
read_010026	mol_010026	1
read_010027	mol_010027	-1
read_010028	mol_010028	-1
read_010029	mol_010029	1
read_010030	mol_010030	-1
read_010031	mol_010031	1
read_010032	mol_010032	-1
read_010033	mol_010033	-1
read_010034	mol_010034	-1
read_010035	mol_010035	1
read_010036	mol_010036	1
read_010037	mol_010037	-1
read_010038	mol_010038	1
read_010039	mol_010039	1
read_010040	mol_010040	-1
read_010041	mol_010041	-1
read_010042	mol_010042	1
read_010043	mol_010043	-1
read_010044	mol_010044	-1
read_010045	mol_010045	1
read_010046	mol_010046	1
read_010047	mol_010047	1
read_010048	mol_010048	1
read_010049	mol_010049	1
read_010050	mol_010050	-1
read_010051	mol_010051	-1
read_010052	mol_010052	1
read_010053	mol_010053	1
read_010054	mol_010054	1
read_010055	mol_010055	-1
read_010056	mol_010056	-1
read_010057	mol_010057	-1
read_010058	mol_010058	1
read_010059	mol_010059	1
read_010060	mol_010060	-1
read_010061	mol_010061	-1
read_010062	mol_010062	-1
read_010063	mol_010063	1
read_010064	mol_010064	-1
read_010065	mol_010065	1
read_010066	mol_010066	1
read_010067	mol_010067	1
read_010068	mol_010068	1
read_010069	mol_010069	1
read_010070	mol_010070	-1
read_010071	mol_010071	-1
read_010072	mol_010072	1
read_010073	mol_010073	1
read_010074	mol_010074	-1
read_010075	mol_010075	-1
read_010076	mol_010076	-1
read_010077	mol_010077	-1
read_010078	mol_010078	-1
read_010079	mol_010079	-1
read_010080	mol_010080	1
read_010081	mol_010081	1
read_010082	mol_010082	1
read_010083	mol_010083	-1
read_010084	mol_010084	1
read_010085	mol_010085	-1
read_010086	mol_010086	-1
read_010087	mol_010087	1
read_010088	mol_010088	-1
read_010089	mol_010089	1
read_010090	mol_010090	1
read_010091	mol_010091	1
read_010092	mol_010092	1
read_010093	mol_010093	-1
read_010094	mol_010094	-1
read_010095	mol_010095	1
read_010096	mol_010096	-1
read_010097	mol_010097	-1
read_010098	mol_010098	1
read_010099	mol_010099	1
read_010100	mol_010100	-1
read_010101	mol_010101	-1
read_010102	mol_010102	-1
read_010103	mol_010103	1
read_010104	mol_010104	1
read_010105	mol_010105	-1
read_010106	mol_010106	1
read_010107	mol_010107	1
read_010108	mol_010108	-1
read_010109	mol_010109	-1
read_010110	mol_010110	-1
read_010111	mol_010111	1
read_010112	mol_010112	-1
read_010113	mol_010113	-1
read_010114	mol_010114	1
read_010115	mol_010115	-1
read_010116	mol_010116	-1
read_010117	mol_010117	1
read_010118	mol_010118	1
read_010119	mol_010119	-1
read_010120	mol_010120	1
read_010121	mol_010121	1
read_010122	mol_010122	-1
read_010123	mol_010123	1
read_010124	mol_010124	1
read_010125	mol_010125	-1
read_010126	mol_010126	1
read_010127	mol_010127	-1
read_010128	mol_010128	-1
read_010129	mol_010129	1
read_010130	mol_010130	-1
read_010131	mol_010131	1
read_010132	mol_010132	1
read_010133	mol_010133	-1
read_010134	mol_010134	-1
read_010135	mol_010135	-1
read_010136	mol_010136	1
read_010137	mol_010137	-1
read_010138	mol_010138	-1
read_010139	mol_010139	-1
read_010140	mol_010140	1
read_010141	mol_010141	1
read_010142	mol_010142	1
read_010143	mol_010143	-1
read_010144	mol_010144	-1
read_010145	mol_010145	-1
read_010146	mol_010146	1
read_010147	mol_010147	-1
read_010148	mol_010148	-1
read_010149	mol_010149	1
read_010150	mol_010150	1
read_010151	mol_010151	1
read_010152	mol_010152	1
read_010153	mol_010153	-1
read_010154	mol_010154	1
read_010155	mol_010155	-1
read_010156	mol_010156	1
read_010157	mol_010157	-1
read_010158	mol_010158	-1
read_010159	mol_010159	1
read_010160	mol_010160	-1
read_010161	mol_010161	1
read_010162	mol_010162	-1
read_010163	mol_010163	-1
read_010164	mol_010164	1
read_010165	mol_010165	-1
read_010166	mol_010166	-1
read_010167	mol_010167	-1
read_010168	mol_010168	-1
read_010169	mol_010169	1
read_010170	mol_010170	1
read_010171	mol_010171	1
read_010172	mol_010172	-1
read_010173	mol_010173	-1
read_010174	mol_010174	1
read_010175	mol_010175	-1
read_010176	mol_010176	1
read_010177	mol_010177	-1
read_010178	mol_010178	-1
read_010179	mol_010179	-1
read_010180	mol_010180	1
read_010181	mol_010181	-1
read_010182	mol_010182	-1
read_010183	mol_010183	1
read_010184	mol_010184	-1
read_010185	mol_010185	1
read_010186	mol_010186	-1
read_010187	mol_010187	-1
read_010188	mol_010188	1
read_010189	mol_010189	1
read_010190	mol_010190	-1
read_010191	mol_010191	1
read_010192	mol_010192	1
read_010193	mol_010193	-1
read_010194	mol_010194	1
read_010195	mol_010195	-1
read_010196	mol_010196	-1
read_010197	mol_010197	-1
read_010198	mol_010198	1
read_010199	mol_010199	-1
read_010200	mol_010200	-1
read_010201	mol_010201	-1
read_010202	mol_010202	1
read_010203	mol_010203	1
read_010204	mol_010204	-1
read_010205	mol_010205	-1
read_010206	mol_010206	-1
read_010207	mol_010207	-1
read_010208	mol_010208	-1
read_010209	mol_010209	-1
read_010210	mol_010210	1
read_010211	mol_010211	1
read_010212	mol_010212	-1
read_010213	mol_010213	1
read_010214	mol_010214	-1
read_010215	mol_010215	1
read_010216	mol_010216	1
read_010217	mol_010217	1
read_010218	mol_010218	1
read_010219	mol_010219	1
read_010220	mol_010220	-1
read_010221	mol_010221	1
read_010222	mol_010222	-1
read_010223	mol_010223	1
read_010224	mol_010224	1
read_010225	mol_010225	1
read_010226	mol_010226	-1
read_010227	mol_010227	-1
read_010228	mol_010228	-1
read_010229	mol_010229	1
read_010230	mol_010230	1
read_010231	mol_010231	-1
read_010232	mol_010232	1
read_010233	mol_010233	1
read_010234	mol_010234	1
read_010235	mol_010235	-1
read_010236	mol_010236	1
read_010237	mol_010237	-1
read_010238	mol_010238	1
read_010239	mol_010239	1
read_010240	mol_010240	1
read_010241	mol_010241	-1
read_010242	mol_010242	-1
read_010243	mol_010243	-1
read_010244	mol_010244	-1
read_010245	mol_010245	1
read_010246	mol_010246	1
read_010247	mol_010247	1
read_010248	mol_010248	1
read_010249	mol_010249	-1
read_010250	mol_010250	1
read_010251	mol_010251	-1
read_010252	mol_010252	-1
read_010253	mol_010253	1
read_010254	mol_010254	-1
read_010255	mol_010255	-1
read_010256	mol_010256	-1
read_010257	mol_010257	1
read_010258	mol_010258	1
read_010259	mol_010259	-1
read_010260	mol_010260	1
read_010261	mol_010261	1
read_010262	mol_010262	-1
read_010263	mol_010263	1
read_010264	mol_010264	-1
read_010265	mol_010265	-1
read_010266	mol_010266	-1
read_010267	mol_010267	-1
read_010268	mol_010268	-1
read_010269	mol_010269	-1
read_010270	mol_010270	-1
read_010271	mol_010271	1
read_010272	mol_010272	1
read_010273	mol_010273	1
read_010274	mol_010274	-1
read_010275	mol_010275	1
read_010276	mol_010276	1
read_010277	mol_010277	-1
read_010278	mol_010278	-1
read_010279	mol_010279	-1
read_010280	mol_010280	1
read_010281	mol_010281	-1
read_010282	mol_010282	1
read_010283	mol_010283	1
read_010284	mol_010284	1
read_010285	mol_010285	1
read_010286	mol_010286	-1
read_010287	mol_010287	-1
read_010288	mol_010288	1
read_010289	mol_010289	-1
read_010290	mol_010290	1
read_010291	mol_010291	1
read_010292	mol_010292	-1
read_010293	mol_010293	-1
read_010294	mol_010294	-1
read_010295	mol_010295	1
read_010296	mol_010296	1
read_010297	mol_010297	1
read_010298	mol_010298	-1
read_010299	mol_010299	-1
read_010300	mol_010300	-1
read_010301	mol_010301	1
read_010302	mol_010302	1
read_010303	mol_010303	1
read_010304	mol_010304	-1
read_010305	mol_010305	1
read_010306	mol_010306	-1
read_010307	mol_010307	1
read_010308	mol_010308	-1
read_010309	mol_010309	1
read_010310	mol_010310	1
read_010311	mol_010311	1
read_010312	mol_010312	-1
read_010313	mol_010313	1
read_010314	mol_010314	1
read_010315	mol_010315	1
read_010316	mol_010316	-1
read_010317	mol_010317	1
read_010318	mol_010318	1
read_010319	mol_010319	-1
read_010320	mol_010320	1
read_010321	mol_010321	1
read_010322	mol_010322	1
read_010323	mol_010323	-1
read_010324	mol_010324	1
read_010325	mol_010325	1
read_010326	mol_010326	-1
read_010327	mol_010327	-1
read_010328	mol_010328	-1
read_010329	mol_010329	-1
read_010330	mol_010330	-1
read_010331	mol_010331	-1
read_010332	mol_010332	1
read_010333	mol_010333	-1
read_010334	mol_010334	-1
read_010335	mol_010335	-1
read_010336	mol_010336	1
read_010337	mol_010337	-1
read_010338	mol_010338	-1
read_010339	mol_010339	1
read_010340	mol_010340	1
read_010341	mol_010341	-1
read_010342	mol_010342	-1
read_010343	mol_010343	-1
read_010344	mol_010344	1
read_010345	mol_010345	-1
read_010346	mol_010346	1
read_010347	mol_010347	-1
read_010348	mol_010348	1
read_010349	mol_010349	-1
read_010350	mol_010350	1
read_010351	mol_010351	1
read_010352	mol_010352	-1
read_010353	mol_010353	-1
read_010354	mol_010354	1
read_010355	mol_010355	-1
read_010356	mol_010356	1
read_010357	mol_010357	-1
read_010358	mol_010358	-1
read_010359	mol_010359	-1
read_010360	mol_010360	-1
read_010361	mol_010361	1
read_010362	mol_010362	1
read_010363	mol_010363	-1
read_010364	mol_010364	1
read_010365	mol_010365	-1
read_010366	mol_010366	1
read_010367	mol_010367	1
read_010368	mol_010368	-1
read_010369	mol_010369	1
read_010370	mol_010370	-1
read_010371	mol_010371	1
read_010372	mol_010372	1
read_010373	mol_010373	-1
read_010374	mol_010374	-1
read_010375	mol_010375	1
read_010376	mol_010376	-1
read_010377	mol_010377	-1
read_010378	mol_010378	1
read_010379	mol_010379	-1
read_010380	mol_010380	-1
read_010381	mol_010381	1
read_010382	mol_010382	1
read_010383	mol_010383	-1
read_010384	mol_010384	1
read_010385	mol_010385	1
read_010386	mol_010386	-1
read_010387	mol_010387	-1
read_010388	mol_010388	-1
read_010389	mol_010389	1
read_010390	mol_010390	-1
read_010391	mol_010391	-1
read_010392	mol_010392	-1
read_010393	mol_010393	-1
read_010394	mol_010394	1
read_010395	mol_010395	-1
read_010396	mol_010396	-1
read_010397	mol_010397	1
read_010398	mol_010398	-1
read_010399	mol_010399	-1
read_010400	mol_010400	1
read_010401	mol_010401	-1
read_010402	mol_010402	-1
read_010403	mol_010403	1
read_010404	mol_010404	-1
read_010405	mol_010405	1
read_010406	mol_010406	1
read_010407	mol_010407	1
read_010408	mol_010408	-1
read_010409	mol_010409	1
read_010410	mol_010410	-1
read_010411	mol_010411	1
read_010412	mol_010412	-1
read_010413	mol_010413	1
read_010414	mol_010414	1
read_010415	mol_010415	-1
read_010416	mol_010416	1
read_010417	mol_010417	1
read_010418	mol_010418	-1
read_010419	mol_010419	-1
read_010420	mol_010420	1
read_010421	mol_010421	1
read_010422	mol_010422	-1
read_010423	mol_010423	-1
read_010424	mol_010424	-1
read_010425	mol_010425	1
read_010426	mol_010426	1
read_010427	mol_010427	1
read_010428	mol_010428	-1
read_010429	mol_010429	-1
read_010430	mol_010430	-1
read_010431	mol_010431	1
read_010432	mol_010432	-1
read_010433	mol_010433	1
read_010434	mol_010434	-1
read_010435	mol_010435	1
read_010436	mol_010436	1
read_010437	mol_010437	-1
read_010438	mol_010438	1
read_010439	mol_010439	-1
read_010440	mol_010440	1
read_010441	mol_010441	-1
read_010442	mol_010442	1
read_010443	mol_010443	1
read_010444	mol_010444	1
read_010445	mol_010445	-1
read_010446	mol_010446	-1
read_010447	mol_010447	1
read_010448	mol_010448	-1
read_010449	mol_010449	1
read_010450	mol_010450	-1
read_010451	mol_010451	-1
read_010452	mol_010452	-1
read_010453	mol_010453	-1
read_010454	mol_010454	-1
read_010455	mol_010455	-1
read_010456	mol_010456	1
read_010457	mol_010457	-1
read_010458	mol_010458	1
read_010459	mol_010459	-1
read_010460	mol_010460	-1
read_010461	mol_010461	1
read_010462	mol_010462	1
read_010463	mol_010463	-1
read_010464	mol_010464	1
read_010465	mol_010465	-1
read_010466	mol_010466	-1
read_010467	mol_010467	-1
read_010468	mol_010468	-1
read_010469	mol_010469	-1
read_010470	mol_010470	-1
read_010471	mol_010471	1
read_010472	mol_010472	-1
read_010473	mol_010473	1
read_010474	mol_010474	1
read_010475	mol_010475	1
read_010476	mol_010476	-1
read_010477	mol_010477	1
read_010478	mol_010478	1
read_010479	mol_010479	-1
read_010480	mol_010480	-1
read_010481	mol_010481	-1
read_010482	mol_010482	1
read_010483	mol_010483	1
read_010484	mol_010484	1
read_010485	mol_010485	-1
read_010486	mol_010486	-1
read_010487	mol_010487	-1
read_010488	mol_010488	1
read_010489	mol_010489	1
read_010490	mol_010490	1
read_010491	mol_010491	-1
read_010492	mol_010492	-1
read_010493	mol_010493	1
read_010494	mol_010494	-1
read_010495	mol_010495	1
read_010496	mol_010496	1
read_010497	mol_010497	1
read_010498	mol_010498	1
read_010499	mol_010499	1
read_010500	mol_010500	-1
read_010501	mol_010501	-1
read_010502	mol_010502	1
read_010503	mol_010503	-1
read_010504	mol_010504	1
read_010505	mol_010505	1
read_010506	mol_010506	1
read_010507	mol_010507	1
read_010508	mol_010508	-1
read_010509	mol_010509	1
read_010510	mol_010510	1
read_010511	mol_010511	-1
read_010512	mol_010512	-1
read_010513	mol_010513	-1
read_010514	mol_010514	1
read_010515	mol_010515	-1
read_010516	mol_010516	-1
read_010517	mol_010517	-1
read_010518	mol_010518	-1
read_010519	mol_010519	-1
read_010520	mol_010520	1
read_010521	mol_010521	-1
read_010522	mol_010522	-1
read_010523	mol_010523	-1
read_010524	mol_010524	-1
read_010525	mol_010525	1
read_010526	mol_010526	-1
read_010527	mol_010527	-1
read_010528	mol_010528	-1
read_010529	mol_010529	1
read_010530	mol_010530	-1
read_010531	mol_010531	-1
read_010532	mol_010532	1
read_010533	mol_010533	1
read_010534	mol_010534	-1
read_010535	mol_010535	-1
read_010536	mol_010536	1
read_010537	mol_010537	1
read_010538	mol_010538	-1
read_010539	mol_010539	-1
read_010540	mol_010540	-1
read_010541	mol_010541	1
read_010542	mol_010542	1
read_010543	mol_010543	1
read_010544	mol_010544	-1
read_010545	mol_010545	1
read_010546	mol_010546	1
read_010547	mol_010547	-1
read_010548	mol_010548	-1
read_010549	mol_010549	-1
read_010550	mol_010550	1
read_010551	mol_010551	1
read_010552	mol_010552	1
read_010553	mol_010553	-1
read_010554	mol_010554	1
read_010555	mol_010555	1
read_010556	mol_010556	-1
read_010557	mol_010557	1
read_010558	mol_010558	-1
read_010559	mol_010559	-1
read_010560	mol_010560	1
read_010561	mol_010561	-1
read_010562	mol_010562	-1
read_010563	mol_010563	1
read_010564	mol_010564	1
read_010565	mol_010565	1
read_010566	mol_010566	1
read_010567	mol_010567	1
read_010568	mol_010568	-1
read_010569	mol_010569	1
read_010570	mol_010570	-1
read_010571	mol_010571	1
read_010572	mol_010572	1
read_010573	mol_010573	-1
read_010574	mol_010574	1
read_010575	mol_010575	1
read_010576	mol_010576	-1
read_010577	mol_010577	1
read_010578	mol_010578	1
read_010579	mol_010579	1
read_010580	mol_010580	1
read_010581	mol_010581	-1
read_010582	mol_010582	-1
read_010583	mol_010583	-1
read_010584	mol_010584	-1
read_010585	mol_010585	1
read_010586	mol_010586	-1
read_010587	mol_010587	-1
read_010588	mol_010588	1
read_010589	mol_010589	-1
read_010590	mol_010590	-1
read_010591	mol_010591	1
read_010592	mol_010592	1
read_010593	mol_010593	1
read_010594	mol_010594	1
read_010595	mol_010595	1
read_010596	mol_010596	-1
read_010597	mol_010597	-1
read_010598	mol_010598	-1
read_010599	mol_010599	1
read_010600	mol_010600	1
read_010601	mol_010601	-1
read_010602	mol_010602	1
read_010603	mol_010603	1
read_010604	mol_010604	1
read_010605	mol_010605	-1
read_010606	mol_010606	-1
read_010607	mol_010607	1
read_010608	mol_010608	1
read_010609	mol_010609	1
read_010610	mol_010610	-1
read_010611	mol_010611	1
read_010612	mol_010612	1
read_010613	mol_010613	-1
read_010614	mol_010614	1
read_010615	mol_010615	-1
read_010616	mol_010616	1
read_010617	mol_010617	-1
read_010618	mol_010618	1
read_010619	mol_010619	-1
read_010620	mol_010620	1
read_010621	mol_010621	-1
read_010622	mol_010622	-1
read_010623	mol_010623	-1
read_010624	mol_010624	-1
read_010625	mol_010625	-1
read_010626	mol_010626	1
read_010627	mol_010627	-1
read_010628	mol_010628	-1
read_010629	mol_010629	1
read_010630	mol_010630	1
read_010631	mol_010631	1
read_010632	mol_010632	-1
read_010633	mol_010633	1
read_010634	mol_010634	1
read_010635	mol_010635	1
read_010636	mol_010636	1
read_010637	mol_010637	-1
read_010638	mol_010638	1
read_010639	mol_010639	-1
read_010640	mol_010640	-1
read_010641	mol_010641	1
read_010642	mol_010642	-1
read_010643	mol_010643	-1
read_010644	mol_010644	-1
read_010645	mol_010645	1
read_010646	mol_010646	-1
read_010647	mol_010647	1
read_010648	mol_010648	1
read_010649	mol_010649	-1
read_010650	mol_010650	-1
read_010651	mol_010651	1
read_010652	mol_010652	1
read_010653	mol_010653	1
read_010654	mol_010654	1
read_010655	mol_010655	1
read_010656	mol_010656	1
read_010657	mol_010657	1
read_010658	mol_010658	-1
read_010659	mol_010659	1
read_010660	mol_010660	-1
read_010661	mol_010661	-1
read_010662	mol_010662	1
read_010663	mol_010663	-1
read_010664	mol_010664	1
read_010665	mol_010665	1
read_010666	mol_010666	-1
read_010667	mol_010667	1
read_010668	mol_010668	1
read_010669	mol_010669	1
read_010670	mol_010670	-1
read_010671	mol_010671	1
read_010672	mol_010672	1
read_010673	mol_010673	-1
read_010674	mol_010674	1
read_010675	mol_010675	-1
read_010676	mol_010676	1
read_010677	mol_010677	1
read_010678	mol_010678	1
read_010679	mol_010679	1
read_010680	mol_010680	-1
read_010681	mol_010681	-1
read_010682	mol_010682	1
read_010683	mol_010683	1
read_010684	mol_010684	1
read_010685	mol_010685	1
read_010686	mol_010686	-1
read_010687	mol_010687	1
read_010688	mol_010688	-1
read_010689	mol_010689	1
read_010690	mol_010690	1
read_010691	mol_010691	1
read_010692	mol_010692	-1
read_010693	mol_010693	1
read_010694	mol_010694	1
read_010695	mol_010695	-1
read_010696	mol_010696	1
read_010697	mol_010697	-1
read_010698	mol_010698	-1
read_010699	mol_010699	1
read_010700	mol_010700	-1
read_010701	mol_010701	1
read_010702	mol_010702	-1
read_010703	mol_010703	-1
read_010704	mol_010704	1
read_010705	mol_010705	1
read_010706	mol_010706	-1
read_010707	mol_010707	1
read_010708	mol_010708	-1
read_010709	mol_010709	1
read_010710	mol_010710	1
read_010711	mol_010711	-1
read_010712	mol_010712	1
read_010713	mol_010713	1
read_010714	mol_010714	1
read_010715	mol_010715	1
read_010716	mol_010716	1
read_010717	mol_010717	-1
read_010718	mol_010718	-1
read_010719	mol_010719	-1
read_010720	mol_010720	1
read_010721	mol_010721	-1
read_010722	mol_010722	-1
read_010723	mol_010723	1
read_010724	mol_010724	1
read_010725	mol_010725	-1
read_010726	mol_010726	1
read_010727	mol_010727	-1
read_010728	mol_010728	-1
read_010729	mol_010729	-1
read_010730	mol_010730	1
read_010731	mol_010731	1
read_010732	mol_010732	-1
read_010733	mol_010733	-1
read_010734	mol_010734	-1
read_010735	mol_010735	-1
read_010736	mol_010736	-1
read_010737	mol_010737	1
read_010738	mol_010738	-1
read_010739	mol_010739	1
read_010740	mol_010740	-1
read_010741	mol_010741	1
read_010742	mol_010742	-1
read_010743	mol_010743	1
read_010744	mol_010744	-1
read_010745	mol_010745	1
read_010746	mol_010746	1
read_010747	mol_010747	1
read_010748	mol_010748	1
read_010749	mol_010749	-1
read_010750	mol_010750	1
read_010751	mol_010751	-1
read_010752	mol_010752	1
read_010753	mol_010753	-1
read_010754	mol_010754	-1
read_010755	mol_010755	1
read_010756	mol_010756	-1
read_010757	mol_010757	-1
read_010758	mol_010758	1
read_010759	mol_010759	-1
read_010760	mol_010760	1
read_010761	mol_010761	-1
read_010762	mol_010762	-1
read_010763	mol_010763	1
read_010764	mol_010764	1
read_010765	mol_010765	1
read_010766	mol_010766	-1
read_010767	mol_010767	1
read_010768	mol_010768	-1
read_010769	mol_010769	-1
read_010770	mol_010770	1
read_010771	mol_010771	1
read_010772	mol_010772	1
read_010773	mol_010773	-1
read_010774	mol_010774	-1
read_010775	mol_010775	1
read_010776	mol_010776	-1
read_010777	mol_010777	1
read_010778	mol_010778	1
read_010779	mol_010779	-1
read_010780	mol_010780	-1
read_010781	mol_010781	-1
read_010782	mol_010782	-1
read_010783	mol_010783	-1
read_010784	mol_010784	1
read_010785	mol_010785	-1
read_010786	mol_010786	-1
read_010787	mol_010787	-1
read_010788	mol_010788	-1
read_010789	mol_010789	-1
read_010790	mol_010790	1
read_010791	mol_010791	-1
read_010792	mol_010792	1
read_010793	mol_010793	1
read_010794	mol_010794	1
read_010795	mol_010795	1
read_010796	mol_010796	-1
read_010797	mol_010797	-1
read_010798	mol_010798	-1
read_010799	mol_010799	-1
read_010800	mol_010800	1
read_010801	mol_010801	1
read_010802	mol_010802	1
read_010803	mol_010803	-1
read_010804	mol_010804	1
read_010805	mol_010805	-1
read_010806	mol_010806	-1
read_010807	mol_010807	1
read_010808	mol_010808	1
read_010809	mol_010809	1
read_010810	mol_010810	1
read_010811	mol_010811	1
read_010812	mol_010812	-1
read_010813	mol_010813	1
read_010814	mol_010814	-1
read_010815	mol_010815	1
read_010816	mol_010816	1
read_010817	mol_010817	-1
read_010818	mol_010818	-1
read_010819	mol_010819	1
read_010820	mol_010820	-1
read_010821	mol_010821	1
read_010822	mol_010822	-1
read_010823	mol_010823	1
read_010824	mol_010824	-1
read_010825	mol_010825	-1
read_010826	mol_010826	-1
read_010827	mol_010827	-1
read_010828	mol_010828	-1
read_010829	mol_010829	1
read_010830	mol_010830	-1
read_010831	mol_010831	-1
read_010832	mol_010832	-1
read_010833	mol_010833	1
read_010834	mol_010834	1
read_010835	mol_010835	-1
read_010836	mol_010836	-1
read_010837	mol_010837	-1
read_010838	mol_010838	-1
read_010839	mol_010839	1
read_010840	mol_010840	-1
read_010841	mol_010841	1
read_010842	mol_010842	1
read_010843	mol_010843	-1
read_010844	mol_010844	-1
read_010845	mol_010845	1
read_010846	mol_010846	-1
read_010847	mol_010847	-1
read_010848	mol_010848	-1
read_010849	mol_010849	1
read_010850	mol_010850	-1
read_010851	mol_010851	1
read_010852	mol_010852	-1
read_010853	mol_010853	1
read_010854	mol_010854	-1
read_010855	mol_010855	-1
read_010856	mol_010856	-1
read_010857	mol_010857	1
read_010858	mol_010858	1
read_010859	mol_010859	-1
read_010860	mol_010860	-1
read_010861	mol_010861	1
read_010862	mol_010862	1
read_010863	mol_010863	1
read_010864	mol_010864	1
read_010865	mol_010865	1
read_010866	mol_010866	1
read_010867	mol_010867	-1
read_010868	mol_010868	1
read_010869	mol_010869	1
read_010870	mol_010870	1
read_010871	mol_010871	-1
read_010872	mol_010872	1
read_010873	mol_010873	-1
read_010874	mol_010874	1
read_010875	mol_010875	-1
read_010876	mol_010876	1
read_010877	mol_010877	-1
read_010878	mol_010878	1
read_010879	mol_010879	1
read_010880	mol_010880	-1
read_010881	mol_010881	1
read_010882	mol_010882	-1
read_010883	mol_010883	1
read_010884	mol_010884	-1
read_010885	mol_010885	-1
read_010886	mol_010886	1
read_010887	mol_010887	1
read_010888	mol_010888	-1
read_010889	mol_010889	1
read_010890	mol_010890	-1
read_010891	mol_010891	1
read_010892	mol_010892	1
read_010893	mol_010893	-1
read_010894	mol_010894	-1
read_010895	mol_010895	1
read_010896	mol_010896	1
read_010897	mol_010897	-1
read_010898	mol_010898	1
read_010899	mol_010899	1
read_010900	mol_010900	-1
read_010901	mol_010901	1
read_010902	mol_010902	1
read_010903	mol_010903	1
read_010904	mol_010904	1
read_010905	mol_010905	-1
read_010906	mol_010906	-1
read_010907	mol_010907	-1
read_010908	mol_010908	-1
read_010909	mol_010909	-1
read_010910	mol_010910	-1
read_010911	mol_010911	1
read_010912	mol_010912	-1
read_010913	mol_010913	1
read_010914	mol_010914	-1
read_010915	mol_010915	1
read_010916	mol_010916	1
read_010917	mol_010917	-1
read_010918	mol_010918	-1
read_010919	mol_010919	1
read_010920	mol_010920	1
read_010921	mol_010921	-1
read_010922	mol_010922	-1
read_010923	mol_010923	-1
read_010924	mol_010924	1
read_010925	mol_010925	1
read_010926	mol_010926	-1
read_010927	mol_010927	-1
read_010928	mol_010928	1
read_010929	mol_010929	1
read_010930	mol_010930	-1
read_010931	mol_010931	1
read_010932	mol_010932	1
read_010933	mol_010933	-1
read_010934	mol_010934	1
read_010935	mol_010935	1
read_010936	mol_010936	1
read_010937	mol_010937	-1
read_010938	mol_010938	1
read_010939	mol_010939	1
read_010940	mol_010940	1
read_010941	mol_010941	-1
read_010942	mol_010942	-1
read_010943	mol_010943	1
read_010944	mol_010944	1
read_010945	mol_010945	1
read_010946	mol_010946	1
read_010947	mol_010947	1
read_010948	mol_010948	1
read_010949	mol_010949	1
read_010950	mol_010950	1
read_010951	mol_010951	1
read_010952	mol_010952	-1
read_010953	mol_010953	-1
read_010954	mol_010954	-1
read_010955	mol_010955	-1
read_010956	mol_010956	-1
read_010957	mol_010957	-1
read_010958	mol_010958	-1
read_010959	mol_010959	-1
read_010960	mol_010960	-1
read_010961	mol_010961	1
read_010962	mol_010962	-1
read_010963	mol_010963	-1
read_010964	mol_010964	1
read_010965	mol_010965	1
read_010966	mol_010966	-1
read_010967	mol_010967	1
read_010968	mol_010968	-1
read_010969	mol_010969	1
read_010970	mol_010970	1
read_010971	mol_010971	-1
read_010972	mol_010972	1
read_010973	mol_010973	1
read_010974	mol_010974	1
read_010975	mol_010975	1
read_010976	mol_010976	-1
read_010977	mol_010977	-1
read_010978	mol_010978	-1
read_010979	mol_010979	1
read_010980	mol_010980	1
read_010981	mol_010981	-1
read_010982	mol_010982	1
read_010983	mol_010983	-1
read_010984	mol_010984	-1
read_010985	mol_010985	-1
read_010986	mol_010986	-1
read_010987	mol_010987	-1
read_010988	mol_010988	1
read_010989	mol_010989	-1
read_010990	mol_010990	-1
read_010991	mol_010991	1
read_010992	mol_010992	-1
read_010993	mol_010993	1
read_010994	mol_010994	-1
read_010995	mol_010995	-1
read_010996	mol_010996	-1
read_010997	mol_010997	-1
read_010998	mol_010998	1
read_010999	mol_010999	1
read_011000	mol_011000	-1
read_011001	mol_011001	-1
read_011002	mol_011002	1
read_011003	mol_011003	-1
read_011004	mol_011004	-1
read_011005	mol_011005	1
read_011006	mol_011006	1
read_011007	mol_011007	1
read_011008	mol_011008	-1
read_011009	mol_011009	-1
read_011010	mol_011010	-1
read_011011	mol_011011	-1
read_011012	mol_011012	-1
read_011013	mol_011013	-1
read_011014	mol_011014	-1
read_011015	mol_011015	1
read_011016	mol_011016	1
read_011017	mol_011017	-1
read_011018	mol_011018	-1
read_011019	mol_011019	1
read_011020	mol_011020	-1
read_011021	mol_011021	1
read_011022	mol_011022	-1
read_011023	mol_011023	-1
read_011024	mol_011024	1
read_011025	mol_011025	1
read_011026	mol_011026	1
read_011027	mol_011027	-1
read_011028	mol_011028	1
read_011029	mol_011029	1
read_011030	mol_011030	-1
read_011031	mol_011031	-1
read_011032	mol_011032	1
read_011033	mol_011033	-1
read_011034	mol_011034	-1
read_011035	mol_011035	1
read_011036	mol_011036	-1
read_011037	mol_011037	1
read_011038	mol_011038	1
read_011039	mol_011039	1
read_011040	mol_011040	1
read_011041	mol_011041	-1
read_011042	mol_011042	-1
read_011043	mol_011043	1
read_011044	mol_011044	1
read_011045	mol_011045	-1
read_011046	mol_011046	1
read_011047	mol_011047	-1
read_011048	mol_011048	-1
read_011049	mol_011049	-1
read_011050	mol_011050	1
read_011051	mol_011051	1
read_011052	mol_011052	-1
read_011053	mol_011053	-1
read_011054	mol_011054	1
read_011055	mol_011055	1
read_011056	mol_011056	-1
read_011057	mol_011057	1
read_011058	mol_011058	-1
read_011059	mol_011059	-1
read_011060	mol_011060	-1
read_011061	mol_011061	-1
read_011062	mol_011062	1
read_011063	mol_011063	1
read_011064	mol_011064	-1
read_011065	mol_011065	-1
read_011066	mol_011066	-1
read_011067	mol_011067	-1
read_011068	mol_011068	-1
read_011069	mol_011069	1
read_011070	mol_011070	1
read_011071	mol_011071	-1
read_011072	mol_011072	1
read_011073	mol_011073	-1
read_011074	mol_011074	1
read_011075	mol_011075	-1
read_011076	mol_011076	-1
read_011077	mol_011077	-1
read_011078	mol_011078	-1
read_011079	mol_011079	1
read_011080	mol_011080	1
read_011081	mol_011081	1
read_011082	mol_011082	1
read_011083	mol_011083	-1
read_011084	mol_011084	-1
read_011085	mol_011085	-1
read_011086	mol_011086	1
read_011087	mol_011087	1
read_011088	mol_011088	1
read_011089	mol_011089	1
read_011090	mol_011090	-1
read_011091	mol_011091	-1
read_011092	mol_011092	-1
read_011093	mol_011093	1
read_011094	mol_011094	1
read_011095	mol_011095	1
read_011096	mol_011096	-1
read_011097	mol_011097	1
read_011098	mol_011098	-1
read_011099	mol_011099	-1
read_011100	mol_011100	1
read_011101	mol_011101	1
read_011102	mol_011102	1
read_011103	mol_011103	1
read_011104	mol_011104	1
read_011105	mol_011105	-1
read_011106	mol_011106	1
read_011107	mol_011107	1
read_011108	mol_011108	-1
read_011109	mol_011109	-1
read_011110	mol_011110	1
read_011111	mol_011111	1
read_011112	mol_011112	-1
read_011113	mol_011113	1
read_011114	mol_011114	1
read_011115	mol_011115	-1
read_011116	mol_011116	1
read_011117	mol_011117	1
read_011118	mol_011118	-1
read_011119	mol_011119	1
read_011120	mol_011120	1
read_011121	mol_011121	1
read_011122	mol_011122	1
read_011123	mol_011123	1
read_011124	mol_011124	1
read_011125	mol_011125	-1
read_011126	mol_011126	1
read_011127	mol_011127	-1
read_011128	mol_011128	1
read_011129	mol_011129	1
read_011130	mol_011130	-1
read_011131	mol_011131	1
read_011132	mol_011132	1
read_011133	mol_011133	-1
read_011134	mol_011134	-1
read_011135	mol_011135	-1
read_011136	mol_011136	1
read_011137	mol_011137	1
read_011138	mol_011138	1
read_011139	mol_011139	1
read_011140	mol_011140	-1
read_011141	mol_011141	-1
read_011142	mol_011142	-1
read_011143	mol_011143	-1
read_011144	mol_011144	-1
read_011145	mol_011145	-1
read_011146	mol_011146	1
read_011147	mol_011147	1
read_011148	mol_011148	1
read_011149	mol_011149	-1
read_011150	mol_011150	1
read_011151	mol_011151	1
read_011152	mol_011152	-1
read_011153	mol_011153	1
read_011154	mol_011154	-1
read_011155	mol_011155	1
read_011156	mol_011156	-1
read_011157	mol_011157	-1
read_011158	mol_011158	1
read_011159	mol_011159	-1
read_011160	mol_011160	1
read_011161	mol_011161	-1
read_011162	mol_011162	1
read_011163	mol_011163	1
read_011164	mol_011164	-1
read_011165	mol_011165	-1
read_011166	mol_011166	1
read_011167	mol_011167	1
read_011168	mol_011168	-1
read_011169	mol_011169	1
read_011170	mol_011170	1
read_011171	mol_011171	-1
read_011172	mol_011172	1
read_011173	mol_011173	-1
read_011174	mol_011174	1
read_011175	mol_011175	-1
read_011176	mol_011176	-1
read_011177	mol_011177	1
read_011178	mol_011178	-1
read_011179	mol_011179	-1
read_011180	mol_011180	-1
read_011181	mol_011181	1
read_011182	mol_011182	-1
read_011183	mol_011183	1
read_011184	mol_011184	-1
read_011185	mol_011185	-1
read_011186	mol_011186	1
read_011187	mol_011187	1
read_011188	mol_011188	-1
read_011189	mol_011189	-1
read_011190	mol_011190	-1
read_011191	mol_011191	1
read_011192	mol_011192	-1
read_011193	mol_011193	1
read_011194	mol_011194	-1
read_011195	mol_011195	-1
read_011196	mol_011196	-1
read_011197	mol_011197	-1
read_011198	mol_011198	-1
read_011199	mol_011199	1
read_011200	mol_011200	1
read_011201	mol_011201	1
read_011202	mol_011202	-1
read_011203	mol_011203	1
read_011204	mol_011204	1
read_011205	mol_011205	-1
read_011206	mol_011206	1
read_011207	mol_011207	-1
read_011208	mol_011208	1
read_011209	mol_011209	1
read_011210	mol_011210	1
read_011211	mol_011211	-1
read_011212	mol_011212	1
read_011213	mol_011213	-1
read_011214	mol_011214	1
read_011215	mol_011215	-1
read_011216	mol_011216	-1
read_011217	mol_011217	1
read_011218	mol_011218	1
read_011219	mol_011219	1
read_011220	mol_011220	1
read_011221	mol_011221	-1
read_011222	mol_011222	1
read_011223	mol_011223	1
read_011224	mol_011224	1
read_011225	mol_011225	-1
read_011226	mol_011226	-1
read_011227	mol_011227	-1
read_011228	mol_011228	-1
read_011229	mol_011229	-1
read_011230	mol_011230	-1
read_011231	mol_011231	1
read_011232	mol_011232	1
read_011233	mol_011233	1
read_011234	mol_011234	1
read_011235	mol_011235	1
read_011236	mol_011236	-1
read_011237	mol_011237	1
read_011238	mol_011238	-1
read_011239	mol_011239	-1
read_011240	mol_011240	-1
read_011241	mol_011241	-1
read_011242	mol_011242	-1
read_011243	mol_011243	1
read_011244	mol_011244	-1
read_011245	mol_011245	1
read_011246	mol_011246	-1
read_011247	mol_011247	-1
read_011248	mol_011248	1
read_011249	mol_011249	-1
read_011250	mol_011250	-1
read_011251	mol_011251	1
read_011252	mol_011252	-1
read_011253	mol_011253	-1
read_011254	mol_011254	1
read_011255	mol_011255	-1
read_011256	mol_011256	1
read_011257	mol_011257	1
read_011258	mol_011258	1
read_011259	mol_011259	-1
read_011260	mol_011260	1
read_011261	mol_011261	-1
read_011262	mol_011262	1
read_011263	mol_011263	1
read_011264	mol_011264	-1
read_011265	mol_011265	1
read_011266	mol_011266	-1
read_011267	mol_011267	1
read_011268	mol_011268	1
read_011269	mol_011269	-1
read_011270	mol_011270	1
read_011271	mol_011271	-1
read_011272	mol_011272	1
read_011273	mol_011273	1
read_011274	mol_011274	-1
read_011275	mol_011275	-1
read_011276	mol_011276	-1
read_011277	mol_011277	1
read_011278	mol_011278	-1
read_011279	mol_011279	-1
read_011280	mol_011280	-1
read_011281	mol_011281	-1
read_011282	mol_011282	1
read_011283	mol_011283	-1
read_011284	mol_011284	-1
read_011285	mol_011285	1
read_011286	mol_011286	-1
read_011287	mol_011287	-1
read_011288	mol_011288	1
read_011289	mol_011289	1
read_011290	mol_011290	-1
read_011291	mol_011291	1
read_011292	mol_011292	-1
read_011293	mol_011293	-1
read_011294	mol_011294	-1
read_011295	mol_011295	-1
read_011296	mol_011296	1
read_011297	mol_011297	1
read_011298	mol_011298	-1
read_011299	mol_011299	-1
read_011300	mol_011300	-1
read_011301	mol_011301	1
read_011302	mol_011302	-1
read_011303	mol_011303	-1
read_011304	mol_011304	1
read_011305	mol_011305	-1
read_011306	mol_011306	-1
read_011307	mol_011307	-1
read_011308	mol_011308	1
read_011309	mol_011309	-1
read_011310	mol_011310	1
read_011311	mol_011311	1
read_011312	mol_011312	-1
read_011313	mol_011313	1
read_011314	mol_011314	1
read_011315	mol_011315	1
read_011316	mol_011316	1
read_011317	mol_011317	-1
read_011318	mol_011318	1
read_011319	mol_011319	-1
read_011320	mol_011320	-1
read_011321	mol_011321	-1
read_011322	mol_011322	-1
read_011323	mol_011323	1
read_011324	mol_011324	1
read_011325	mol_011325	1
read_011326	mol_011326	-1
read_011327	mol_011327	-1
read_011328	mol_011328	1
read_011329	mol_011329	-1
read_011330	mol_011330	-1
read_011331	mol_011331	-1
read_011332	mol_011332	-1
read_011333	mol_011333	1
read_011334	mol_011334	1
read_011335	mol_011335	1
read_011336	mol_011336	-1
read_011337	mol_011337	-1
read_011338	mol_011338	1
read_011339	mol_011339	1
read_011340	mol_011340	1
read_011341	mol_011341	1
read_011342	mol_011342	1
read_011343	mol_011343	1
read_011344	mol_011344	-1
read_011345	mol_011345	1
read_011346	mol_011346	1
read_011347	mol_011347	1
read_011348	mol_011348	-1
read_011349	mol_011349	-1
read_011350	mol_011350	1
read_011351	mol_011351	-1
read_011352	mol_011352	1
read_011353	mol_011353	-1
read_011354	mol_011354	-1
read_011355	mol_011355	-1
read_011356	mol_011356	1
read_011357	mol_011357	1
read_011358	mol_011358	1
read_011359	mol_011359	1
read_011360	mol_011360	1
read_011361	mol_011361	-1
read_011362	mol_011362	1
read_011363	mol_011363	1
read_011364	mol_011364	-1
read_011365	mol_011365	1
read_011366	mol_011366	-1
read_011367	mol_011367	1
read_011368	mol_011368	1
read_011369	mol_011369	-1
read_011370	mol_011370	1
read_011371	mol_011371	1
read_011372	mol_011372	1
read_011373	mol_011373	1
read_011374	mol_011374	-1
read_011375	mol_011375	-1
read_011376	mol_011376	1
read_011377	mol_011377	1
read_011378	mol_011378	1
read_011379	mol_011379	1
read_011380	mol_011380	1
read_011381	mol_011381	-1
read_011382	mol_011382	1
read_011383	mol_011383	-1
read_011384	mol_011384	1
read_011385	mol_011385	1
read_011386	mol_011386	-1
read_011387	mol_011387	1
read_011388	mol_011388	-1
read_011389	mol_011389	1
read_011390	mol_011390	-1
read_011391	mol_011391	1
read_011392	mol_011392	1
read_011393	mol_011393	1
read_011394	mol_011394	-1
read_011395	mol_011395	-1
read_011396	mol_011396	1
read_011397	mol_011397	-1
read_011398	mol_011398	1
read_011399	mol_011399	-1
read_011400	mol_011400	-1
read_011401	mol_011401	-1
read_011402	mol_011402	1
read_011403	mol_011403	1
read_011404	mol_011404	-1
read_011405	mol_011405	-1
read_011406	mol_011406	1
read_011407	mol_011407	-1
read_011408	mol_011408	1
read_011409	mol_011409	-1
read_011410	mol_011410	1
read_011411	mol_011411	-1
read_011412	mol_011412	-1
read_011413	mol_011413	-1
read_011414	mol_011414	-1
read_011415	mol_011415	1
read_011416	mol_011416	1
read_011417	mol_011417	-1
read_011418	mol_011418	-1
read_011419	mol_011419	1
read_011420	mol_011420	1
read_011421	mol_011421	-1
read_011422	mol_011422	-1
read_011423	mol_011423	1
read_011424	mol_011424	1
read_011425	mol_011425	1
read_011426	mol_011426	1
read_011427	mol_011427	-1
read_011428	mol_011428	-1
read_011429	mol_011429	1
read_011430	mol_011430	-1
read_011431	mol_011431	1
read_011432	mol_011432	-1
read_011433	mol_011433	1
read_011434	mol_011434	1
read_011435	mol_011435	-1
read_011436	mol_011436	-1
read_011437	mol_011437	1
read_011438	mol_011438	1
read_011439	mol_011439	1
read_011440	mol_011440	1
read_011441	mol_011441	1
read_011442	mol_011442	1
read_011443	mol_011443	-1
read_011444	mol_011444	-1
read_011445	mol_011445	1
read_011446	mol_011446	1
read_011447	mol_011447	-1
read_011448	mol_011448	-1
read_011449	mol_011449	1
read_011450	mol_011450	-1
read_011451	mol_011451	-1
read_011452	mol_011452	-1
read_011453	mol_011453	1
read_011454	mol_011454	1
read_011455	mol_011455	-1
read_011456	mol_011456	-1
read_011457	mol_011457	1
read_011458	mol_011458	-1
read_011459	mol_011459	-1
read_011460	mol_011460	-1
read_011461	mol_011461	1
read_011462	mol_011462	-1
read_011463	mol_011463	-1
read_011464	mol_011464	-1
read_011465	mol_011465	-1
read_011466	mol_011466	-1
read_011467	mol_011467	1
read_011468	mol_011468	-1
read_011469	mol_011469	-1
read_011470	mol_011470	1
read_011471	mol_011471	-1
read_011472	mol_011472	1
read_011473	mol_011473	-1
read_011474	mol_011474	1
read_011475	mol_011475	-1
read_011476	mol_011476	1
read_011477	mol_011477	-1
read_011478	mol_011478	1
read_011479	mol_011479	-1
read_011480	mol_011480	1
read_011481	mol_011481	1
read_011482	mol_011482	1
read_011483	mol_011483	-1
read_011484	mol_011484	1
read_011485	mol_011485	-1
read_011486	mol_011486	-1
read_011487	mol_011487	1
read_011488	mol_011488	-1
read_011489	mol_011489	-1
read_011490	mol_011490	1
read_011491	mol_011491	-1
read_011492	mol_011492	1
read_011493	mol_011493	-1
read_011494	mol_011494	1
read_011495	mol_011495	1
read_011496	mol_011496	1
read_011497	mol_011497	-1
read_011498	mol_011498	-1
read_011499	mol_011499	-1
read_011500	mol_011500	-1
read_011501	mol_011501	1
read_011502	mol_011502	-1
read_011503	mol_011503	1
read_011504	mol_011504	1
read_011505	mol_011505	1
read_011506	mol_011506	-1
read_011507	mol_011507	-1
read_011508	mol_011508	1
read_011509	mol_011509	-1
read_011510	mol_011510	1
read_011511	mol_011511	-1
read_011512	mol_011512	-1
read_011513	mol_011513	-1
read_011514	mol_011514	1
read_011515	mol_011515	-1
read_011516	mol_011516	-1
read_011517	mol_011517	1
read_011518	mol_011518	-1
read_011519	mol_011519	-1
read_011520	mol_011520	1
read_011521	mol_011521	-1
read_011522	mol_011522	1
read_011523	mol_011523	1
read_011524	mol_011524	-1
read_011525	mol_011525	-1
read_011526	mol_011526	1
read_011527	mol_011527	1
read_011528	mol_011528	1
read_011529	mol_011529	1
read_011530	mol_011530	1
read_011531	mol_011531	1
read_011532	mol_011532	1
read_011533	mol_011533	1
read_011534	mol_011534	1
read_011535	mol_011535	1
read_011536	mol_011536	-1
read_011537	mol_011537	1
read_011538	mol_011538	1
read_011539	mol_011539	1
read_011540	mol_011540	1
read_011541	mol_011541	1
read_011542	mol_011542	1
read_011543	mol_011543	-1
read_011544	mol_011544	1
read_011545	mol_011545	1
read_011546	mol_011546	1
read_011547	mol_011547	1
read_011548	mol_011548	-1
read_011549	mol_011549	1
read_011550	mol_011550	1
read_011551	mol_011551	-1
read_011552	mol_011552	1
read_011553	mol_011553	-1
read_011554	mol_011554	-1
read_011555	mol_011555	1
read_011556	mol_011556	1
read_011557	mol_011557	-1
read_011558	mol_011558	1
read_011559	mol_011559	1
read_011560	mol_011560	-1
read_011561	mol_011561	-1
read_011562	mol_011562	-1
read_011563	mol_011563	-1
read_011564	mol_011564	-1
read_011565	mol_011565	-1
read_011566	mol_011566	1
read_011567	mol_011567	-1
read_011568	mol_011568	1
read_011569	mol_011569	1
read_011570	mol_011570	-1
read_011571	mol_011571	1
read_011572	mol_011572	-1
read_011573	mol_011573	-1
read_011574	mol_011574	1
read_011575	mol_011575	1
read_011576	mol_011576	-1
read_011577	mol_011577	-1
read_011578	mol_011578	-1
read_011579	mol_011579	-1
read_011580	mol_011580	-1
read_011581	mol_011581	1
read_011582	mol_011582	1
read_011583	mol_011583	1
read_011584	mol_011584	-1
read_011585	mol_011585	1
read_011586	mol_011586	1
read_011587	mol_011587	1
read_011588	mol_011588	-1
read_011589	mol_011589	-1
read_011590	mol_011590	1
read_011591	mol_011591	-1
read_011592	mol_011592	-1
read_011593	mol_011593	1
read_011594	mol_011594	-1
read_011595	mol_011595	-1
read_011596	mol_011596	-1
read_011597	mol_011597	-1
read_011598	mol_011598	-1
read_011599	mol_011599	1
read_011600	mol_011600	-1
read_011601	mol_011601	1
read_011602	mol_011602	1
read_011603	mol_011603	1
read_011604	mol_011604	1
read_011605	mol_011605	1
read_011606	mol_011606	1
read_011607	mol_011607	-1
read_011608	mol_011608	-1
read_011609	mol_011609	1
read_011610	mol_011610	1
read_011611	mol_011611	-1
read_011612	mol_011612	-1
read_011613	mol_011613	1
read_011614	mol_011614	1
read_011615	mol_011615	-1
read_011616	mol_011616	-1
read_011617	mol_011617	1
read_011618	mol_011618	-1
read_011619	mol_011619	1
read_011620	mol_011620	1
read_011621	mol_011621	-1
read_011622	mol_011622	-1
read_011623	mol_011623	1
read_011624	mol_011624	1
read_011625	mol_011625	-1
read_011626	mol_011626	-1
read_011627	mol_011627	-1
read_011628	mol_011628	1
read_011629	mol_011629	1
read_011630	mol_011630	-1
read_011631	mol_011631	1
read_011632	mol_011632	-1
read_011633	mol_011633	1
read_011634	mol_011634	-1
read_011635	mol_011635	1
read_011636	mol_011636	-1
read_011637	mol_011637	-1
read_011638	mol_011638	-1
read_011639	mol_011639	-1
read_011640	mol_011640	1
read_011641	mol_011641	1
read_011642	mol_011642	-1
read_011643	mol_011643	-1
read_011644	mol_011644	1
read_011645	mol_011645	-1
read_011646	mol_011646	1
read_011647	mol_011647	1
read_011648	mol_011648	-1
read_011649	mol_011649	-1
read_011650	mol_011650	1
read_011651	mol_011651	1
read_011652	mol_011652	-1
read_011653	mol_011653	-1
read_011654	mol_011654	1
read_011655	mol_011655	1
read_011656	mol_011656	-1
read_011657	mol_011657	-1
read_011658	mol_011658	-1
read_011659	mol_011659	-1
read_011660	mol_011660	-1
read_011661	mol_011661	-1
read_011662	mol_011662	1
read_011663	mol_011663	-1
read_011664	mol_011664	-1
read_011665	mol_011665	-1
read_011666	mol_011666	1
read_011667	mol_011667	1
read_011668	mol_011668	-1
read_011669	mol_011669	1
read_011670	mol_011670	1
read_011671	mol_011671	1
read_011672	mol_011672	-1
read_011673	mol_011673	1
read_011674	mol_011674	1
read_011675	mol_011675	1
read_011676	mol_011676	-1
read_011677	mol_011677	1
read_011678	mol_011678	1
read_011679	mol_011679	-1
read_011680	mol_011680	-1
read_011681	mol_011681	-1
read_011682	mol_011682	-1
read_011683	mol_011683	1
read_011684	mol_011684	-1
read_011685	mol_011685	-1
read_011686	mol_011686	1
read_011687	mol_011687	1
read_011688	mol_011688	-1
read_011689	mol_011689	-1
read_011690	mol_011690	1
read_011691	mol_011691	-1
read_011692	mol_011692	1
read_011693	mol_011693	1
read_011694	mol_011694	1
read_011695	mol_011695	1
read_011696	mol_011696	-1
read_011697	mol_011697	1
read_011698	mol_011698	-1
read_011699	mol_011699	1
read_011700	mol_011700	-1
read_011701	mol_011701	1
read_011702	mol_011702	-1
read_011703	mol_011703	-1
read_011704	mol_011704	-1
read_011705	mol_011705	1
read_011706	mol_011706	-1
read_011707	mol_011707	1
read_011708	mol_011708	1
read_011709	mol_011709	-1
read_011710	mol_011710	-1
read_011711	mol_011711	-1
read_011712	mol_011712	1
read_011713	mol_011713	-1
read_011714	mol_011714	1
read_011715	mol_011715	1
read_011716	mol_011716	-1
read_011717	mol_011717	-1
read_011718	mol_011718	1
read_011719	mol_011719	1
read_011720	mol_011720	-1
read_011721	mol_011721	-1
read_011722	mol_011722	1
read_011723	mol_011723	1
read_011724	mol_011724	1
read_011725	mol_011725	1
read_011726	mol_011726	1
read_011727	mol_011727	1
read_011728	mol_011728	1
read_011729	mol_011729	1
read_011730	mol_011730	1
read_011731	mol_011731	-1
read_011732	mol_011732	1
read_011733	mol_011733	-1
read_011734	mol_011734	1
read_011735	mol_011735	1
read_011736	mol_011736	1
read_011737	mol_011737	-1
read_011738	mol_011738	-1
read_011739	mol_011739	-1
read_011740	mol_011740	1
read_011741	mol_011741	-1
read_011742	mol_011742	-1
read_011743	mol_011743	-1
read_011744	mol_011744	1
read_011745	mol_011745	-1
read_011746	mol_011746	-1
read_011747	mol_011747	-1
read_011748	mol_011748	1
read_011749	mol_011749	-1
read_011750	mol_011750	-1
read_011751	mol_011751	1
read_011752	mol_011752	-1
read_011753	mol_011753	1
read_011754	mol_011754	-1
read_011755	mol_011755	-1
read_011756	mol_011756	1
read_011757	mol_011757	1
read_011758	mol_011758	1
read_011759	mol_011759	1
read_011760	mol_011760	-1
read_011761	mol_011761	1
read_011762	mol_011762	-1
read_011763	mol_011763	1
read_011764	mol_011764	-1
read_011765	mol_011765	1
read_011766	mol_011766	-1
read_011767	mol_011767	1
read_011768	mol_011768	1
read_011769	mol_011769	1
read_011770	mol_011770	1
read_011771	mol_011771	-1
read_011772	mol_011772	1
read_011773	mol_011773	-1
read_011774	mol_011774	-1
read_011775	mol_011775	1
read_011776	mol_011776	1
read_011777	mol_011777	1
read_011778	mol_011778	-1
read_011779	mol_011779	-1
read_011780	mol_011780	1
read_011781	mol_011781	-1
read_011782	mol_011782	1
read_011783	mol_011783	1
read_011784	mol_011784	1
read_011785	mol_011785	-1
read_011786	mol_011786	1
read_011787	mol_011787	-1
read_011788	mol_011788	-1
read_011789	mol_011789	1
read_011790	mol_011790	1
read_011791	mol_011791	-1
read_011792	mol_011792	1
read_011793	mol_011793	-1
read_011794	mol_011794	1
read_011795	mol_011795	-1
read_011796	mol_011796	-1
read_011797	mol_011797	1
read_011798	mol_011798	-1
read_011799	mol_011799	-1
read_011800	mol_011800	-1
read_011801	mol_011801	-1
read_011802	mol_011802	1
read_011803	mol_011803	1
read_011804	mol_011804	1
read_011805	mol_011805	-1
read_011806	mol_011806	-1
read_011807	mol_011807	-1
read_011808	mol_011808	1
read_011809	mol_011809	1
read_011810	mol_011810	1
read_011811	mol_011811	-1
read_011812	mol_011812	1
read_011813	mol_011813	-1
read_011814	mol_011814	-1
read_011815	mol_011815	1
read_011816	mol_011816	1
read_011817	mol_011817	-1
read_011818	mol_011818	1
read_011819	mol_011819	-1
read_011820	mol_011820	1
read_011821	mol_011821	1
read_011822	mol_011822	1
read_011823	mol_011823	1
read_011824	mol_011824	1
read_011825	mol_011825	-1
read_011826	mol_011826	-1
read_011827	mol_011827	-1
read_011828	mol_011828	1
read_011829	mol_011829	-1
read_011830	mol_011830	1
read_011831	mol_011831	1
read_011832	mol_011832	1
read_011833	mol_011833	-1
read_011834	mol_011834	-1
read_011835	mol_011835	1
read_011836	mol_011836	1
read_011837	mol_011837	1
read_011838	mol_011838	1
read_011839	mol_011839	1
read_011840	mol_011840	1
read_011841	mol_011841	1
read_011842	mol_011842	-1
read_011843	mol_011843	-1
read_011844	mol_011844	-1
read_011845	mol_011845	1
read_011846	mol_011846	-1
read_011847	mol_011847	1
read_011848	mol_011848	1
read_011849	mol_011849	1
read_011850	mol_011850	-1
read_011851	mol_011851	1
read_011852	mol_011852	-1
read_011853	mol_011853	1
read_011854	mol_011854	1
read_011855	mol_011855	-1
read_011856	mol_011856	-1
read_011857	mol_011857	1
read_011858	mol_011858	-1
read_011859	mol_011859	1
read_011860	mol_011860	1
read_011861	mol_011861	1
read_011862	mol_011862	-1
read_011863	mol_011863	1
read_011864	mol_011864	-1
read_011865	mol_011865	-1
read_011866	mol_011866	-1
read_011867	mol_011867	-1
read_011868	mol_011868	-1
read_011869	mol_011869	1
read_011870	mol_011870	1
read_011871	mol_011871	-1
read_011872	mol_011872	1
read_011873	mol_011873	-1
read_011874	mol_011874	-1
read_011875	mol_011875	1
read_011876	mol_011876	1
read_011877	mol_011877	1
read_011878	mol_011878	1
read_011879	mol_011879	-1
read_011880	mol_011880	1
read_011881	mol_011881	-1
read_011882	mol_011882	-1
read_011883	mol_011883	-1
read_011884	mol_011884	-1
read_011885	mol_011885	-1
read_011886	mol_011886	1
read_011887	mol_011887	1
read_011888	mol_011888	-1
read_011889	mol_011889	-1
read_011890	mol_011890	1
read_011891	mol_011891	-1
read_011892	mol_011892	-1
read_011893	mol_011893	-1
read_011894	mol_011894	1
read_011895	mol_011895	-1
read_011896	mol_011896	1
read_011897	mol_011897	-1
read_011898	mol_011898	-1
read_011899	mol_011899	-1
read_011900	mol_011900	1
read_011901	mol_011901	-1
read_011902	mol_011902	-1
read_011903	mol_011903	1
read_011904	mol_011904	-1
read_011905	mol_011905	-1
read_011906	mol_011906	-1
read_011907	mol_011907	-1
read_011908	mol_011908	1
read_011909	mol_011909	-1
read_011910	mol_011910	-1
read_011911	mol_011911	1
read_011912	mol_011912	1
read_011913	mol_011913	-1
read_011914	mol_011914	-1
read_011915	mol_011915	1
read_011916	mol_011916	1
read_011917	mol_011917	-1
read_011918	mol_011918	1
read_011919	mol_011919	1
read_011920	mol_011920	1
read_011921	mol_011921	1
read_011922	mol_011922	1
read_011923	mol_011923	1
read_011924	mol_011924	-1
read_011925	mol_011925	1
read_011926	mol_011926	1
read_011927	mol_011927	1
read_011928	mol_011928	1
read_011929	mol_011929	1
read_011930	mol_011930	-1
read_011931	mol_011931	-1
read_011932	mol_011932	1
read_011933	mol_011933	-1
read_011934	mol_011934	-1
read_011935	mol_011935	1
read_011936	mol_011936	1
read_011937	mol_011937	1
read_011938	mol_011938	-1
read_011939	mol_011939	1
read_011940	mol_011940	-1
read_011941	mol_011941	-1
read_011942	mol_011942	1
read_011943	mol_011943	1
read_011944	mol_011944	-1
read_011945	mol_011945	1
read_011946	mol_011946	-1
read_011947	mol_011947	1
read_011948	mol_011948	1
read_011949	mol_011949	1
read_011950	mol_011950	-1
read_011951	mol_011951	1
read_011952	mol_011952	-1
read_011953	mol_011953	1
read_011954	mol_011954	1
read_011955	mol_011955	1
read_011956	mol_011956	-1
read_011957	mol_011957	1
read_011958	mol_011958	-1
read_011959	mol_011959	1
read_011960	mol_011960	1
read_011961	mol_011961	1
read_011962	mol_011962	-1
read_011963	mol_011963	1
read_011964	mol_011964	-1
read_011965	mol_011965	-1
read_011966	mol_011966	1
read_011967	mol_011967	1
read_011968	mol_011968	1
read_011969	mol_011969	-1
read_011970	mol_011970	1
read_011971	mol_011971	1
read_011972	mol_011972	-1
read_011973	mol_011973	-1
read_011974	mol_011974	-1
read_011975	mol_011975	1
read_011976	mol_011976	1
read_011977	mol_011977	-1
read_011978	mol_011978	-1
read_011979	mol_011979	1
read_011980	mol_011980	-1
read_011981	mol_011981	-1
read_011982	mol_011982	-1
read_011983	mol_011983	1
read_011984	mol_011984	1
read_011985	mol_011985	-1
read_011986	mol_011986	-1
read_011987	mol_011987	-1
read_011988	mol_011988	1
read_011989	mol_011989	1
read_011990	mol_011990	-1
read_011991	mol_011991	1
read_011992	mol_011992	1
read_011993	mol_011993	1
read_011994	mol_011994	-1
read_011995	mol_011995	-1
read_011996	mol_011996	-1
read_011997	mol_011997	-1
read_011998	mol_011998	1
read_011999	mol_011999	1
read_012000	mol_012000	-1
read_012001	mol_012001	1
read_012002	mol_012002	-1
read_012003	mol_012003	-1
read_012004	mol_012004	1
read_012005	mol_012005	-1
read_012006	mol_012006	1
read_012007	mol_012007	-1
read_012008	mol_012008	1
read_012009	mol_012009	1
read_012010	mol_012010	1
read_012011	mol_012011	1
read_012012	mol_012012	1
read_012013	mol_012013	1
read_012014	mol_012014	-1
read_012015	mol_012015	1
read_012016	mol_012016	-1
read_012017	mol_012017	-1
read_012018	mol_012018	-1
read_012019	mol_012019	-1
read_012020	mol_012020	1
read_012021	mol_012021	1
read_012022	mol_012022	1
read_012023	mol_012023	-1
read_012024	mol_012024	1
read_012025	mol_012025	1
read_012026	mol_012026	-1
read_012027	mol_012027	-1
read_012028	mol_012028	1
read_012029	mol_012029	-1
read_012030	mol_012030	-1
read_012031	mol_012031	1
read_012032	mol_012032	-1
read_012033	mol_012033	-1
read_012034	mol_012034	-1
read_012035	mol_012035	-1
read_012036	mol_012036	-1
read_012037	mol_012037	1
read_012038	mol_012038	-1
read_012039	mol_012039	-1
read_012040	mol_012040	-1
read_012041	mol_012041	-1
read_012042	mol_012042	-1
read_012043	mol_012043	-1
read_012044	mol_012044	1
read_012045	mol_012045	1
read_012046	mol_012046	-1
read_012047	mol_012047	1
read_012048	mol_012048	-1
read_012049	mol_012049	1
read_012050	mol_012050	-1
read_012051	mol_012051	-1
read_012052	mol_012052	-1
read_012053	mol_012053	1
read_012054	mol_012054	1
read_012055	mol_012055	1
read_012056	mol_012056	1
read_012057	mol_012057	1
read_012058	mol_012058	1
read_012059	mol_012059	-1
read_012060	mol_012060	1
read_012061	mol_012061	1
read_012062	mol_012062	1
read_012063	mol_012063	1
read_012064	mol_012064	-1
read_012065	mol_012065	-1
read_012066	mol_012066	1
read_012067	mol_012067	-1
read_012068	mol_012068	1
read_012069	mol_012069	-1
read_012070	mol_012070	-1
read_012071	mol_012071	1
read_012072	mol_012072	1
read_012073	mol_012073	-1
read_012074	mol_012074	1
read_012075	mol_012075	1
read_012076	mol_012076	1
read_012077	mol_012077	-1
read_012078	mol_012078	-1
read_012079	mol_012079	1
read_012080	mol_012080	-1
read_012081	mol_012081	-1
read_012082	mol_012082	1
read_012083	mol_012083	-1
read_012084	mol_012084	-1
read_012085	mol_012085	-1
read_012086	mol_012086	-1
read_012087	mol_012087	-1
read_012088	mol_012088	1
read_012089	mol_012089	1
read_012090	mol_012090	-1
read_012091	mol_012091	1
read_012092	mol_012092	-1
read_012093	mol_012093	-1
read_012094	mol_012094	-1
read_012095	mol_012095	1
read_012096	mol_012096	-1
read_012097	mol_012097	-1
read_012098	mol_012098	1
read_012099	mol_012099	1
read_012100	mol_012100	-1
read_012101	mol_012101	-1
read_012102	mol_012102	-1
read_012103	mol_012103	1
read_012104	mol_012104	1
read_012105	mol_012105	-1
read_012106	mol_012106	-1
read_012107	mol_012107	1
read_012108	mol_012108	-1
read_012109	mol_012109	1
read_012110	mol_012110	-1
read_012111	mol_012111	-1
read_012112	mol_012112	1
read_012113	mol_012113	1
read_012114	mol_012114	-1
read_012115	mol_012115	1
read_012116	mol_012116	1
read_012117	mol_012117	1
read_012118	mol_012118	-1
read_012119	mol_012119	1
read_012120	mol_012120	-1
read_012121	mol_012121	-1
read_012122	mol_012122	1
read_012123	mol_012123	-1
read_012124	mol_012124	1
read_012125	mol_012125	-1
read_012126	mol_012126	-1
read_012127	mol_012127	1
read_012128	mol_012128	-1
read_012129	mol_012129	-1
read_012130	mol_012130	1
read_012131	mol_012131	-1
read_012132	mol_012132	1
read_012133	mol_012133	-1
read_012134	mol_012134	1
read_012135	mol_012135	-1
read_012136	mol_012136	1
read_012137	mol_012137	-1
read_012138	mol_012138	1
read_012139	mol_012139	1
read_012140	mol_012140	1
read_012141	mol_012141	1
read_012142	mol_012142	1
read_012143	mol_012143	1
read_012144	mol_012144	-1
read_012145	mol_012145	1
read_012146	mol_012146	-1
read_012147	mol_012147	-1
read_012148	mol_012148	1
read_012149	mol_012149	1
read_012150	mol_012150	1
read_012151	mol_012151	1
read_012152	mol_012152	-1
read_012153	mol_012153	1
read_012154	mol_012154	-1
read_012155	mol_012155	-1
read_012156	mol_012156	-1
read_012157	mol_012157	1
read_012158	mol_012158	-1
read_012159	mol_012159	1
read_012160	mol_012160	1
read_012161	mol_012161	-1
read_012162	mol_012162	-1
read_012163	mol_012163	1
read_012164	mol_012164	-1
read_012165	mol_012165	-1
read_012166	mol_012166	1
read_012167	mol_012167	-1
read_012168	mol_012168	-1
read_012169	mol_012169	-1
read_012170	mol_012170	1
read_012171	mol_012171	1
read_012172	mol_012172	1
read_012173	mol_012173	1
read_012174	mol_012174	-1
read_012175	mol_012175	-1
read_012176	mol_012176	-1
read_012177	mol_012177	1
read_012178	mol_012178	-1
read_012179	mol_012179	1
read_012180	mol_012180	-1
read_012181	mol_012181	1
read_012182	mol_012182	1
read_012183	mol_012183	-1
read_012184	mol_012184	-1
read_012185	mol_012185	-1
read_012186	mol_012186	1
read_012187	mol_012187	-1
read_012188	mol_012188	-1
read_012189	mol_012189	1
read_012190	mol_012190	-1
read_012191	mol_012191	-1
read_012192	mol_012192	-1
read_012193	mol_012193	1
read_012194	mol_012194	1
read_012195	mol_012195	1
read_012196	mol_012196	-1
read_012197	mol_012197	1
read_012198	mol_012198	1
read_012199	mol_012199	1
read_012200	mol_012200	1
read_012201	mol_012201	-1
read_012202	mol_012202	1
read_012203	mol_012203	-1
read_012204	mol_012204	1
read_012205	mol_012205	1
read_012206	mol_012206	-1
read_012207	mol_012207	1
read_012208	mol_012208	-1
read_012209	mol_012209	-1
read_012210	mol_012210	-1
read_012211	mol_012211	1
read_012212	mol_012212	-1
read_012213	mol_012213	1
read_012214	mol_012214	-1
read_012215	mol_012215	1
read_012216	mol_012216	1
read_012217	mol_012217	1
read_012218	mol_012218	-1
read_012219	mol_012219	1
read_012220	mol_012220	-1
read_012221	mol_012221	1
read_012222	mol_012222	-1
read_012223	mol_012223	-1
read_012224	mol_012224	-1
read_012225	mol_012225	-1
read_012226	mol_012226	1
read_012227	mol_012227	1
read_012228	mol_012228	1
read_012229	mol_012229	1
read_012230	mol_012230	1
read_012231	mol_012231	1
read_012232	mol_012232	-1
read_012233	mol_012233	1
read_012234	mol_012234	-1
read_012235	mol_012235	-1
read_012236	mol_012236	-1
read_012237	mol_012237	-1
read_012238	mol_012238	-1
read_012239	mol_012239	-1
read_012240	mol_012240	-1
read_012241	mol_012241	1
read_012242	mol_012242	-1
read_012243	mol_012243	-1
read_012244	mol_012244	1
read_012245	mol_012245	-1
read_012246	mol_012246	-1
read_012247	mol_012247	1
read_012248	mol_012248	-1
read_012249	mol_012249	-1
read_012250	mol_012250	1
read_012251	mol_012251	1
read_012252	mol_012252	-1
read_012253	mol_012253	-1
read_012254	mol_012254	1
read_012255	mol_012255	-1
read_012256	mol_012256	1
read_012257	mol_012257	-1
read_012258	mol_012258	-1
read_012259	mol_012259	1
read_012260	mol_012260	-1
read_012261	mol_012261	1
read_012262	mol_012262	-1
read_012263	mol_012263	1
read_012264	mol_012264	-1
read_012265	mol_012265	1
read_012266	mol_012266	-1
read_012267	mol_012267	-1
read_012268	mol_012268	-1
read_012269	mol_012269	1
read_012270	mol_012270	-1
read_012271	mol_012271	-1
read_012272	mol_012272	-1
read_012273	mol_012273	1
read_012274	mol_012274	-1
read_012275	mol_012275	-1
read_012276	mol_012276	-1
read_012277	mol_012277	1
read_012278	mol_012278	1
read_012279	mol_012279	-1
read_012280	mol_012280	-1
read_012281	mol_012281	1
read_012282	mol_012282	1
read_012283	mol_012283	-1
read_012284	mol_012284	1
read_012285	mol_012285	1
read_012286	mol_012286	1
read_012287	mol_012287	-1
read_012288	mol_012288	-1
read_012289	mol_012289	-1
read_012290	mol_012290	-1
read_012291	mol_012291	1
read_012292	mol_012292	1
read_012293	mol_012293	-1
read_012294	mol_012294	1
read_012295	mol_012295	1
read_012296	mol_012296	-1
read_012297	mol_012297	-1
read_012298	mol_012298	-1
read_012299	mol_012299	-1
read_012300	mol_012300	1
read_012301	mol_012301	-1
read_012302	mol_012302	-1
read_012303	mol_012303	1
read_012304	mol_012304	-1
read_012305	mol_012305	-1
read_012306	mol_012306	1
read_012307	mol_012307	1
read_012308	mol_012308	-1
read_012309	mol_012309	-1
read_012310	mol_012310	1
read_012311	mol_012311	-1
read_012312	mol_012312	1
read_012313	mol_012313	-1
read_012314	mol_012314	-1
read_012315	mol_012315	-1
read_012316	mol_012316	-1
read_012317	mol_012317	-1
read_012318	mol_012318	1
read_012319	mol_012319	-1
read_012320	mol_012320	1
read_012321	mol_012321	-1
read_012322	mol_012322	1
read_012323	mol_012323	-1
read_012324	mol_012324	1
read_012325	mol_012325	-1
read_012326	mol_012326	-1
read_012327	mol_012327	-1
read_012328	mol_012328	1
read_012329	mol_012329	1
read_012330	mol_012330	1
read_012331	mol_012331	-1
read_012332	mol_012332	1
read_012333	mol_012333	-1
read_012334	mol_012334	-1
read_012335	mol_012335	1
read_012336	mol_012336	-1
read_012337	mol_012337	-1
read_012338	mol_012338	1
read_012339	mol_012339	-1
read_012340	mol_012340	-1
read_012341	mol_012341	1
read_012342	mol_012342	1
read_012343	mol_012343	1
read_012344	mol_012344	1
read_012345	mol_012345	1
read_012346	mol_012346	1
read_012347	mol_012347	1
read_012348	mol_012348	1
read_012349	mol_012349	-1
read_012350	mol_012350	-1
read_012351	mol_012351	1
read_012352	mol_012352	-1
read_012353	mol_012353	1
read_012354	mol_012354	-1
read_012355	mol_012355	1
read_012356	mol_012356	-1
read_012357	mol_012357	-1
read_012358	mol_012358	-1
read_012359	mol_012359	-1
read_012360	mol_012360	-1
read_012361	mol_012361	1
read_012362	mol_012362	-1
read_012363	mol_012363	1
read_012364	mol_012364	1
read_012365	mol_012365	-1
read_012366	mol_012366	-1
read_012367	mol_012367	-1
read_012368	mol_012368	1
read_012369	mol_012369	-1
read_012370	mol_012370	1
read_012371	mol_012371	1
read_012372	mol_012372	1
read_012373	mol_012373	1
read_012374	mol_012374	1
read_012375	mol_012375	-1
read_012376	mol_012376	-1
read_012377	mol_012377	-1
read_012378	mol_012378	-1
read_012379	mol_012379	-1
read_012380	mol_012380	1
read_012381	mol_012381	1
read_012382	mol_012382	1
read_012383	mol_012383	-1
read_012384	mol_012384	1
read_012385	mol_012385	-1
read_012386	mol_012386	1
read_012387	mol_012387	1
read_012388	mol_012388	1
read_012389	mol_012389	1
read_012390	mol_012390	1
read_012391	mol_012391	-1
read_012392	mol_012392	-1
read_012393	mol_012393	1
read_012394	mol_012394	-1
read_012395	mol_012395	-1
read_012396	mol_012396	-1
read_012397	mol_012397	-1
read_012398	mol_012398	1
read_012399	mol_012399	1
read_012400	mol_012400	-1
read_012401	mol_012401	-1
read_012402	mol_012402	-1
read_012403	mol_012403	-1
read_012404	mol_012404	1
read_012405	mol_012405	1
read_012406	mol_012406	1
read_012407	mol_012407	1
read_012408	mol_012408	1
read_012409	mol_012409	-1
read_012410	mol_012410	-1
read_012411	mol_012411	1
read_012412	mol_012412	1
read_012413	mol_012413	-1
read_012414	mol_012414	-1
read_012415	mol_012415	-1
read_012416	mol_012416	-1
read_012417	mol_012417	-1
read_012418	mol_012418	-1
read_012419	mol_012419	-1
read_012420	mol_012420	-1
read_012421	mol_012421	-1
read_012422	mol_012422	1
read_012423	mol_012423	-1
read_012424	mol_012424	1
read_012425	mol_012425	1
read_012426	mol_012426	-1
read_012427	mol_012427	1
read_012428	mol_012428	-1
read_012429	mol_012429	1
read_012430	mol_012430	1
read_012431	mol_012431	1
read_012432	mol_012432	1
read_012433	mol_012433	-1
read_012434	mol_012434	1
read_012435	mol_012435	-1
read_012436	mol_012436	1
read_012437	mol_012437	-1
read_012438	mol_012438	1
read_012439	mol_012439	-1
read_012440	mol_012440	-1
read_012441	mol_012441	-1
read_012442	mol_012442	-1
read_012443	mol_012443	-1
read_012444	mol_012444	-1
read_012445	mol_012445	-1
read_012446	mol_012446	-1
read_012447	mol_012447	-1
read_012448	mol_012448	-1
read_012449	mol_012449	-1
read_012450	mol_012450	1
read_012451	mol_012451	1
read_012452	mol_012452	-1
read_012453	mol_012453	-1
read_012454	mol_012454	-1
read_012455	mol_012455	-1
read_012456	mol_012456	1
read_012457	mol_012457	1
read_012458	mol_012458	1
read_012459	mol_012459	1
read_012460	mol_012460	-1
read_012461	mol_012461	1
read_012462	mol_012462	1
read_012463	mol_012463	1
read_012464	mol_012464	-1
read_012465	mol_012465	-1
read_012466	mol_012466	1
read_012467	mol_012467	-1
read_012468	mol_012468	-1
read_012469	mol_012469	1
read_012470	mol_012470	-1
read_012471	mol_012471	1
read_012472	mol_012472	-1
read_012473	mol_012473	-1
read_012474	mol_012474	1
read_012475	mol_012475	-1
read_012476	mol_012476	-1
read_012477	mol_012477	-1
read_012478	mol_012478	-1
read_012479	mol_012479	1
read_012480	mol_012480	1
read_012481	mol_012481	-1
read_012482	mol_012482	1
read_012483	mol_012483	-1
read_012484	mol_012484	-1
read_012485	mol_012485	-1
read_012486	mol_012486	-1
read_012487	mol_012487	-1
read_012488	mol_012488	-1
read_012489	mol_012489	-1
read_012490	mol_012490	-1
read_012491	mol_012491	-1
read_012492	mol_012492	1
read_012493	mol_012493	1
read_012494	mol_012494	-1
read_012495	mol_012495	-1
read_012496	mol_012496	-1
read_012497	mol_012497	1
read_012498	mol_012498	1
read_012499	mol_012499	-1
read_012500	mol_012500	-1
read_012501	mol_012501	-1
read_012502	mol_012502	1
read_012503	mol_012503	1
read_012504	mol_012504	1
read_012505	mol_012505	-1
read_012506	mol_012506	-1
read_012507	mol_012507	1
read_012508	mol_012508	-1
read_012509	mol_012509	-1
read_012510	mol_012510	-1
read_012511	mol_012511	-1
read_012512	mol_012512	1
read_012513	mol_012513	1
read_012514	mol_012514	-1
read_012515	mol_012515	1
read_012516	mol_012516	-1
read_012517	mol_012517	-1
read_012518	mol_012518	1
read_012519	mol_012519	1
read_012520	mol_012520	1
read_012521	mol_012521	1
read_012522	mol_012522	-1
read_012523	mol_012523	1
read_012524	mol_012524	1
read_012525	mol_012525	-1
read_012526	mol_012526	1
read_012527	mol_012527	-1
read_012528	mol_012528	-1
read_012529	mol_012529	-1
read_012530	mol_012530	1
read_012531	mol_012531	1
read_012532	mol_012532	1
read_012533	mol_012533	-1
read_012534	mol_012534	1
read_012535	mol_012535	1
read_012536	mol_012536	-1
read_012537	mol_012537	-1
read_012538	mol_012538	1
read_012539	mol_012539	1
read_012540	mol_012540	1
read_012541	mol_012541	-1
read_012542	mol_012542	-1
read_012543	mol_012543	-1
read_012544	mol_012544	1
read_012545	mol_012545	-1
read_012546	mol_012546	1
read_012547	mol_012547	-1
read_012548	mol_012548	-1
read_012549	mol_012549	-1
read_012550	mol_012550	1
read_012551	mol_012551	1
read_012552	mol_012552	-1
read_012553	mol_012553	-1
read_012554	mol_012554	-1
read_012555	mol_012555	1
read_012556	mol_012556	-1
read_012557	mol_012557	1
read_012558	mol_012558	1
read_012559	mol_012559	-1
read_012560	mol_012560	1
read_012561	mol_012561	-1
read_012562	mol_012562	-1
read_012563	mol_012563	1
read_012564	mol_012564	1
read_012565	mol_012565	1
read_012566	mol_012566	-1
read_012567	mol_012567	-1
read_012568	mol_012568	1
read_012569	mol_012569	-1
read_012570	mol_012570	-1
read_012571	mol_012571	1
read_012572	mol_012572	1
read_012573	mol_012573	-1
read_012574	mol_012574	-1
read_012575	mol_012575	-1
read_012576	mol_012576	1
read_012577	mol_012577	-1
read_012578	mol_012578	-1
read_012579	mol_012579	-1
read_012580	mol_012580	-1
read_012581	mol_012581	1
read_012582	mol_012582	-1
read_012583	mol_012583	1
read_012584	mol_012584	1
read_012585	mol_012585	1
read_012586	mol_012586	-1
read_012587	mol_012587	-1
read_012588	mol_012588	1
read_012589	mol_012589	1
read_012590	mol_012590	-1
read_012591	mol_012591	-1
read_012592	mol_012592	-1
read_012593	mol_012593	1
read_012594	mol_012594	1
read_012595	mol_012595	-1
read_012596	mol_012596	-1
read_012597	mol_012597	-1
read_012598	mol_012598	1
read_012599	mol_012599	-1
read_012600	mol_012600	-1
read_012601	mol_012601	-1
read_012602	mol_012602	-1
read_012603	mol_012603	1
read_012604	mol_012604	1
read_012605	mol_012605	-1
read_012606	mol_012606	1
read_012607	mol_012607	-1
read_012608	mol_012608	-1
read_012609	mol_012609	1
read_012610	mol_012610	-1
read_012611	mol_012611	-1
read_012612	mol_012612	1
read_012613	mol_012613	1
read_012614	mol_012614	1
read_012615	mol_012615	1
read_012616	mol_012616	1
read_012617	mol_012617	1
read_012618	mol_012618	-1
read_012619	mol_012619	-1
read_012620	mol_012620	1
read_012621	mol_012621	1
read_012622	mol_012622	-1
read_012623	mol_012623	1
read_012624	mol_012624	-1
read_012625	mol_012625	-1
read_012626	mol_012626	1
read_012627	mol_012627	1
read_012628	mol_012628	-1
read_012629	mol_012629	-1
read_012630	mol_012630	-1
read_012631	mol_012631	-1
read_012632	mol_012632	-1
read_012633	mol_012633	-1
read_012634	mol_012634	1
read_012635	mol_012635	-1
read_012636	mol_012636	-1
read_012637	mol_012637	-1
read_012638	mol_012638	-1
read_012639	mol_012639	-1
read_012640	mol_012640	-1
read_012641	mol_012641	1
read_012642	mol_012642	1
read_012643	mol_012643	1
read_012644	mol_012644	1
read_012645	mol_012645	1
read_012646	mol_012646	-1
read_012647	mol_012647	1
read_012648	mol_012648	1
read_012649	mol_012649	1
read_012650	mol_012650	-1
read_012651	mol_012651	-1
read_012652	mol_012652	-1
read_012653	mol_012653	1
read_012654	mol_012654	1
read_012655	mol_012655	1
read_012656	mol_012656	1
read_012657	mol_012657	1
read_012658	mol_012658	-1
read_012659	mol_012659	-1
read_012660	mol_012660	1
read_012661	mol_012661	1
read_012662	mol_012662	1
read_012663	mol_012663	-1
read_012664	mol_012664	-1
read_012665	mol_012665	-1
read_012666	mol_012666	1
read_012667	mol_012667	1
read_012668	mol_012668	-1
read_012669	mol_012669	-1
read_012670	mol_012670	-1
read_012671	mol_012671	1
read_012672	mol_012672	-1
read_012673	mol_012673	-1
read_012674	mol_012674	1
read_012675	mol_012675	1
read_012676	mol_012676	-1
read_012677	mol_012677	-1
read_012678	mol_012678	1
read_012679	mol_012679	-1
read_012680	mol_012680	1
read_012681	mol_012681	1
read_012682	mol_012682	-1
read_012683	mol_012683	-1
read_012684	mol_012684	1
read_012685	mol_012685	-1
read_012686	mol_012686	-1
read_012687	mol_012687	1
read_012688	mol_012688	-1
read_012689	mol_012689	-1
read_012690	mol_012690	1
read_012691	mol_012691	-1
read_012692	mol_012692	-1
read_012693	mol_012693	1
read_012694	mol_012694	-1
read_012695	mol_012695	-1
read_012696	mol_012696	1
read_012697	mol_012697	1
read_012698	mol_012698	-1
read_012699	mol_012699	-1
read_012700	mol_012700	1
read_012701	mol_012701	1
read_012702	mol_012702	-1
read_012703	mol_012703	-1
read_012704	mol_012704	1
read_012705	mol_012705	1
read_012706	mol_012706	1
read_012707	mol_012707	1
read_012708	mol_012708	1
read_012709	mol_012709	1
read_012710	mol_012710	-1
read_012711	mol_012711	1
read_012712	mol_012712	-1
read_012713	mol_012713	-1
read_012714	mol_012714	-1
read_012715	mol_012715	-1
read_012716	mol_012716	-1
read_012717	mol_012717	1
read_012718	mol_012718	1
read_012719	mol_012719	-1
read_012720	mol_012720	-1
read_012721	mol_012721	-1
read_012722	mol_012722	-1
read_012723	mol_012723	-1
read_012724	mol_012724	-1
read_012725	mol_012725	1
read_012726	mol_012726	-1
read_012727	mol_012727	-1
read_012728	mol_012728	1
read_012729	mol_012729	-1
read_012730	mol_012730	-1
read_012731	mol_012731	-1
read_012732	mol_012732	-1
read_012733	mol_012733	-1
read_012734	mol_012734	1
read_012735	mol_012735	1
read_012736	mol_012736	1
read_012737	mol_012737	-1
read_012738	mol_012738	-1
read_012739	mol_012739	1
read_012740	mol_012740	-1
read_012741	mol_012741	-1
read_012742	mol_012742	1
read_012743	mol_012743	1
read_012744	mol_012744	1
read_012745	mol_012745	1
read_012746	mol_012746	1
read_012747	mol_012747	-1
read_012748	mol_012748	1
read_012749	mol_012749	-1
read_012750	mol_012750	1
read_012751	mol_012751	1
read_012752	mol_012752	1
read_012753	mol_012753	-1
read_012754	mol_012754	-1
read_012755	mol_012755	1
read_012756	mol_012756	-1
read_012757	mol_012757	-1
read_012758	mol_012758	1
read_012759	mol_012759	1
read_012760	mol_012760	1
read_012761	mol_012761	1
read_012762	mol_012762	1
read_012763	mol_012763	-1
read_012764	mol_012764	-1
read_012765	mol_012765	-1
read_012766	mol_012766	-1
read_012767	mol_012767	-1
read_012768	mol_012768	-1
read_012769	mol_012769	1
read_012770	mol_012770	1
read_012771	mol_012771	1
read_012772	mol_012772	-1
read_012773	mol_012773	1
read_012774	mol_012774	-1
read_012775	mol_012775	1
read_012776	mol_012776	-1
read_012777	mol_012777	-1
read_012778	mol_012778	1
read_012779	mol_012779	-1
read_012780	mol_012780	-1
read_012781	mol_012781	1
read_012782	mol_012782	-1
read_012783	mol_012783	1
read_012784	mol_012784	-1
read_012785	mol_012785	-1
read_012786	mol_012786	-1
read_012787	mol_012787	-1
read_012788	mol_012788	-1
read_012789	mol_012789	-1
read_012790	mol_012790	1
read_012791	mol_012791	1
read_012792	mol_012792	-1
read_012793	mol_012793	1
read_012794	mol_012794	1
read_012795	mol_012795	-1
read_012796	mol_012796	-1
read_012797	mol_012797	-1
read_012798	mol_012798	-1
read_012799	mol_012799	-1
read_012800	mol_012800	-1
read_012801	mol_012801	-1
read_012802	mol_012802	1
read_012803	mol_012803	1
read_012804	mol_012804	-1
read_012805	mol_012805	-1
read_012806	mol_012806	1
read_012807	mol_012807	-1
read_012808	mol_012808	1
read_012809	mol_012809	-1
read_012810	mol_012810	-1
read_012811	mol_012811	-1
read_012812	mol_012812	-1
read_012813	mol_012813	1
read_012814	mol_012814	1
read_012815	mol_012815	-1
read_012816	mol_012816	-1
read_012817	mol_012817	-1
read_012818	mol_012818	-1
read_012819	mol_012819	1
read_012820	mol_012820	-1
read_012821	mol_012821	-1
read_012822	mol_012822	1
read_012823	mol_012823	1
read_012824	mol_012824	1
read_012825	mol_012825	-1
read_012826	mol_012826	1
read_012827	mol_012827	1
read_012828	mol_012828	-1
read_012829	mol_012829	-1
read_012830	mol_012830	-1
read_012831	mol_012831	1
read_012832	mol_012832	-1
read_012833	mol_012833	1
read_012834	mol_012834	1
read_012835	mol_012835	1
read_012836	mol_012836	-1
read_012837	mol_012837	1
read_012838	mol_012838	-1
read_012839	mol_012839	-1
read_012840	mol_012840	1
read_012841	mol_012841	-1
read_012842	mol_012842	-1
read_012843	mol_012843	-1
read_012844	mol_012844	1
read_012845	mol_012845	-1
read_012846	mol_012846	1
read_012847	mol_012847	1
read_012848	mol_012848	-1
read_012849	mol_012849	1
read_012850	mol_012850	1
read_012851	mol_012851	-1
read_012852	mol_012852	1
read_012853	mol_012853	1
read_012854	mol_012854	1
read_012855	mol_012855	-1
read_012856	mol_012856	-1
read_012857	mol_012857	-1
read_012858	mol_012858	-1
read_012859	mol_012859	1
read_012860	mol_012860	1
read_012861	mol_012861	1
read_012862	mol_012862	-1
read_012863	mol_012863	1
read_012864	mol_012864	1
read_012865	mol_012865	-1
read_012866	mol_012866	-1
read_012867	mol_012867	1
read_012868	mol_012868	-1
read_012869	mol_012869	1
read_012870	mol_012870	-1
read_012871	mol_012871	-1
read_012872	mol_012872	-1
read_012873	mol_012873	1
read_012874	mol_012874	-1
read_012875	mol_012875	-1
read_012876	mol_012876	-1
read_012877	mol_012877	-1
read_012878	mol_012878	-1
read_012879	mol_012879	-1
read_012880	mol_012880	-1
read_012881	mol_012881	-1
read_012882	mol_012882	-1
read_012883	mol_012883	1
read_012884	mol_012884	-1
read_012885	mol_012885	-1
read_012886	mol_012886	-1
read_012887	mol_012887	-1
read_012888	mol_012888	-1
read_012889	mol_012889	1
read_012890	mol_012890	-1
read_012891	mol_012891	1
read_012892	mol_012892	1
read_012893	mol_012893	-1
read_012894	mol_012894	1
read_012895	mol_012895	1
read_012896	mol_012896	-1
read_012897	mol_012897	1
read_012898	mol_012898	-1
read_012899	mol_012899	1
read_012900	mol_012900	-1
read_012901	mol_012901	1
read_012902	mol_012902	1
read_012903	mol_012903	-1
read_012904	mol_012904	-1
read_012905	mol_012905	1
read_012906	mol_012906	-1
read_012907	mol_012907	1
read_012908	mol_012908	1
read_012909	mol_012909	-1
read_012910	mol_012910	-1
read_012911	mol_012911	-1
read_012912	mol_012912	1
read_012913	mol_012913	1
read_012914	mol_012914	-1
read_012915	mol_012915	1
read_012916	mol_012916	-1
read_012917	mol_012917	-1
read_012918	mol_012918	-1
read_012919	mol_012919	1
read_012920	mol_012920	1
read_012921	mol_012921	1
read_012922	mol_012922	1
read_012923	mol_012923	1
read_012924	mol_012924	-1
read_012925	mol_012925	-1
read_012926	mol_012926	1
read_012927	mol_012927	1
read_012928	mol_012928	1
read_012929	mol_012929	1
read_012930	mol_012930	1
read_012931	mol_012931	-1
read_012932	mol_012932	-1
read_012933	mol_012933	-1
read_012934	mol_012934	1
read_012935	mol_012935	1
read_012936	mol_012936	1
read_012937	mol_012937	-1
read_012938	mol_012938	1
read_012939	mol_012939	-1
read_012940	mol_012940	1
read_012941	mol_012941	1
read_012942	mol_012942	1
read_012943	mol_012943	-1
read_012944	mol_012944	1
read_012945	mol_012945	1
read_012946	mol_012946	1
read_012947	mol_012947	-1
read_012948	mol_012948	1
read_012949	mol_012949	-1
read_012950	mol_012950	-1
read_012951	mol_012951	-1
read_012952	mol_012952	-1
read_012953	mol_012953	-1
read_012954	mol_012954	1
read_012955	mol_012955	1
read_012956	mol_012956	1
read_012957	mol_012957	-1
read_012958	mol_012958	1
read_012959	mol_012959	-1
read_012960	mol_012960	-1
read_012961	mol_012961	-1
read_012962	mol_012962	-1
read_012963	mol_012963	-1
read_012964	mol_012964	1
read_012965	mol_012965	-1
read_012966	mol_012966	1
read_012967	mol_012967	1
read_012968	mol_012968	-1
read_012969	mol_012969	-1
read_012970	mol_012970	-1
read_012971	mol_012971	1
read_012972	mol_012972	-1
read_012973	mol_012973	1
read_012974	mol_012974	1
read_012975	mol_012975	-1
read_012976	mol_012976	1
read_012977	mol_012977	1
read_012978	mol_012978	-1
read_012979	mol_012979	-1
read_012980	mol_012980	1
read_012981	mol_012981	1
read_012982	mol_012982	1
read_012983	mol_012983	1
read_012984	mol_012984	-1
read_012985	mol_012985	-1
read_012986	mol_012986	-1
read_012987	mol_012987	-1
read_012988	mol_012988	-1
read_012989	mol_012989	-1
read_012990	mol_012990	1
read_012991	mol_012991	-1
read_012992	mol_012992	1
read_012993	mol_012993	1
read_012994	mol_012994	1
read_012995	mol_012995	-1
read_012996	mol_012996	1
read_012997	mol_012997	1
read_012998	mol_012998	1
read_012999	mol_012999	-1
read_013000	mol_013000	-1
read_013001	mol_013001	1
read_013002	mol_013002	1
read_013003	mol_013003	1
read_013004	mol_013004	-1
read_013005	mol_013005	1
read_013006	mol_013006	1
read_013007	mol_013007	-1
read_013008	mol_013008	1
read_013009	mol_013009	-1
read_013010	mol_013010	1
read_013011	mol_013011	-1
read_013012	mol_013012	-1
read_013013	mol_013013	1
read_013014	mol_013014	-1
read_013015	mol_013015	1
read_013016	mol_013016	-1
read_013017	mol_013017	-1
read_013018	mol_013018	-1
read_013019	mol_013019	-1
read_013020	mol_013020	1
read_013021	mol_013021	-1
read_013022	mol_013022	1
read_013023	mol_013023	-1
read_013024	mol_013024	-1
read_013025	mol_013025	1
read_013026	mol_013026	1
read_013027	mol_013027	-1
read_013028	mol_013028	1
read_013029	mol_013029	1
read_013030	mol_013030	1
read_013031	mol_013031	1
read_013032	mol_013032	1
read_013033	mol_013033	1
read_013034	mol_013034	1
read_013035	mol_013035	-1
read_013036	mol_013036	-1
read_013037	mol_013037	-1
read_013038	mol_013038	1
read_013039	mol_013039	1
read_013040	mol_013040	1
read_013041	mol_013041	1
read_013042	mol_013042	1
read_013043	mol_013043	1
read_013044	mol_013044	-1
read_013045	mol_013045	1
read_013046	mol_013046	1
read_013047	mol_013047	-1
read_013048	mol_013048	1
read_013049	mol_013049	1
read_013050	mol_013050	1
read_013051	mol_013051	1
read_013052	mol_013052	-1
read_013053	mol_013053	1
read_013054	mol_013054	1
read_013055	mol_013055	1
read_013056	mol_013056	-1
read_013057	mol_013057	1
read_013058	mol_013058	1
read_013059	mol_013059	1
read_013060	mol_013060	1
read_013061	mol_013061	1
read_013062	mol_013062	-1
read_013063	mol_013063	1
read_013064	mol_013064	1
read_013065	mol_013065	-1
read_013066	mol_013066	1
read_013067	mol_013067	-1
read_013068	mol_013068	1
read_013069	mol_013069	-1
read_013070	mol_013070	1
read_013071	mol_013071	1
read_013072	mol_013072	-1
read_013073	mol_013073	-1
read_013074	mol_013074	-1
read_013075	mol_013075	-1
read_013076	mol_013076	1
read_013077	mol_013077	1
read_013078	mol_013078	1
read_013079	mol_013079	-1
read_013080	mol_013080	-1
read_013081	mol_013081	1
read_013082	mol_013082	1
read_013083	mol_013083	1
read_013084	mol_013084	1
read_013085	mol_013085	1
read_013086	mol_013086	-1
read_013087	mol_013087	-1
read_013088	mol_013088	1
read_013089	mol_013089	1
read_013090	mol_013090	1
read_013091	mol_013091	1
read_013092	mol_013092	1
read_013093	mol_013093	-1
read_013094	mol_013094	-1
read_013095	mol_013095	1
read_013096	mol_013096	-1
read_013097	mol_013097	-1
read_013098	mol_013098	1
read_013099	mol_013099	1
read_013100	mol_013100	-1
read_013101	mol_013101	1
read_013102	mol_013102	-1
read_013103	mol_013103	-1
read_013104	mol_013104	1
read_013105	mol_013105	-1
read_013106	mol_013106	1
read_013107	mol_013107	1
read_013108	mol_013108	-1
read_013109	mol_013109	1
read_013110	mol_013110	-1
read_013111	mol_013111	-1
read_013112	mol_013112	-1
read_013113	mol_013113	-1
read_013114	mol_013114	1
read_013115	mol_013115	-1
read_013116	mol_013116	1
read_013117	mol_013117	-1
read_013118	mol_013118	1
read_013119	mol_013119	1
read_013120	mol_013120	-1
read_013121	mol_013121	-1
read_013122	mol_013122	1
read_013123	mol_013123	-1
read_013124	mol_013124	-1
read_013125	mol_013125	1
read_013126	mol_013126	1
read_013127	mol_013127	1
read_013128	mol_013128	1
read_013129	mol_013129	1
read_013130	mol_013130	-1
read_013131	mol_013131	1
read_013132	mol_013132	-1
read_013133	mol_013133	1
read_013134	mol_013134	-1
read_013135	mol_013135	-1
read_013136	mol_013136	1
read_013137	mol_013137	-1
read_013138	mol_013138	1
read_013139	mol_013139	1
read_013140	mol_013140	-1
read_013141	mol_013141	1
read_013142	mol_013142	-1
read_013143	mol_013143	-1
read_013144	mol_013144	1
read_013145	mol_013145	1
read_013146	mol_013146	1
read_013147	mol_013147	1
read_013148	mol_013148	-1
read_013149	mol_013149	1
read_013150	mol_013150	-1
read_013151	mol_013151	1
read_013152	mol_013152	-1
read_013153	mol_013153	-1
read_013154	mol_013154	-1
read_013155	mol_013155	1
read_013156	mol_013156	-1
read_013157	mol_013157	1
read_013158	mol_013158	1
read_013159	mol_013159	-1
read_013160	mol_013160	1
read_013161	mol_013161	-1
read_013162	mol_013162	1
read_013163	mol_013163	-1
read_013164	mol_013164	-1
read_013165	mol_013165	-1
read_013166	mol_013166	1
read_013167	mol_013167	1
read_013168	mol_013168	1
read_013169	mol_013169	1
read_013170	mol_013170	-1
read_013171	mol_013171	-1
read_013172	mol_013172	1
read_013173	mol_013173	-1
read_013174	mol_013174	1
read_013175	mol_013175	1
read_013176	mol_013176	1
read_013177	mol_013177	1
read_013178	mol_013178	-1
read_013179	mol_013179	1
read_013180	mol_013180	1
read_013181	mol_013181	1
read_013182	mol_013182	1
read_013183	mol_013183	1
read_013184	mol_013184	1
read_013185	mol_013185	-1
read_013186	mol_013186	-1
read_013187	mol_013187	-1
read_013188	mol_013188	1
read_013189	mol_013189	1
read_013190	mol_013190	1
read_013191	mol_013191	1
read_013192	mol_013192	1
read_013193	mol_013193	-1
read_013194	mol_013194	-1
read_013195	mol_013195	1
read_013196	mol_013196	-1
read_013197	mol_013197	1
read_013198	mol_013198	-1
read_013199	mol_013199	1
read_013200	mol_013200	-1
read_013201	mol_013201	1
read_013202	mol_013202	-1
read_013203	mol_013203	1
read_013204	mol_013204	1
read_013205	mol_013205	1
read_013206	mol_013206	1
read_013207	mol_013207	1
read_013208	mol_013208	1
read_013209	mol_013209	-1
read_013210	mol_013210	1
read_013211	mol_013211	1
read_013212	mol_013212	1
read_013213	mol_013213	1
read_013214	mol_013214	-1
read_013215	mol_013215	-1
read_013216	mol_013216	-1
read_013217	mol_013217	1
read_013218	mol_013218	-1
read_013219	mol_013219	-1
read_013220	mol_013220	1
read_013221	mol_013221	1
read_013222	mol_013222	-1
read_013223	mol_013223	-1
read_013224	mol_013224	1
read_013225	mol_013225	1
read_013226	mol_013226	-1
read_013227	mol_013227	-1
read_013228	mol_013228	1
read_013229	mol_013229	-1
read_013230	mol_013230	1
read_013231	mol_013231	-1
read_013232	mol_013232	1
read_013233	mol_013233	-1
read_013234	mol_013234	-1
read_013235	mol_013235	1
read_013236	mol_013236	-1
read_013237	mol_013237	1
read_013238	mol_013238	1
read_013239	mol_013239	-1
read_013240	mol_013240	1
read_013241	mol_013241	-1
read_013242	mol_013242	-1
read_013243	mol_013243	1
read_013244	mol_013244	1
read_013245	mol_013245	-1
read_013246	mol_013246	1
read_013247	mol_013247	-1
read_013248	mol_013248	1
read_013249	mol_013249	-1
read_013250	mol_013250	-1
read_013251	mol_013251	1
read_013252	mol_013252	-1
read_013253	mol_013253	1
read_013254	mol_013254	-1
read_013255	mol_013255	1
read_013256	mol_013256	1
read_013257	mol_013257	-1
read_013258	mol_013258	1
read_013259	mol_013259	1
read_013260	mol_013260	-1
read_013261	mol_013261	-1
read_013262	mol_013262	1
read_013263	mol_013263	1
read_013264	mol_013264	1
read_013265	mol_013265	-1
read_013266	mol_013266	1
read_013267	mol_013267	-1
read_013268	mol_013268	-1
read_013269	mol_013269	1
read_013270	mol_013270	-1
read_013271	mol_013271	1
read_013272	mol_013272	-1
read_013273	mol_013273	1
read_013274	mol_013274	-1
read_013275	mol_013275	-1
read_013276	mol_013276	1
read_013277	mol_013277	1
read_013278	mol_013278	1
read_013279	mol_013279	1
read_013280	mol_013280	1
read_013281	mol_013281	-1
read_013282	mol_013282	-1
read_013283	mol_013283	-1
read_013284	mol_013284	-1
read_013285	mol_013285	1
read_013286	mol_013286	-1
read_013287	mol_013287	-1
read_013288	mol_013288	1
read_013289	mol_013289	1
read_013290	mol_013290	1
read_013291	mol_013291	-1
read_013292	mol_013292	-1
read_013293	mol_013293	1
read_013294	mol_013294	-1
read_013295	mol_013295	-1
read_013296	mol_013296	1
read_013297	mol_013297	1
read_013298	mol_013298	-1
read_013299	mol_013299	1
read_013300	mol_013300	-1
read_013301	mol_013301	1
read_013302	mol_013302	-1
read_013303	mol_013303	1
read_013304	mol_013304	1
read_013305	mol_013305	1
read_013306	mol_013306	-1
read_013307	mol_013307	-1
read_013308	mol_013308	1
read_013309	mol_013309	-1
read_013310	mol_013310	-1
read_013311	mol_013311	-1
read_013312	mol_013312	1
read_013313	mol_013313	-1
read_013314	mol_013314	1
read_013315	mol_013315	-1
read_013316	mol_013316	-1
read_013317	mol_013317	-1
read_013318	mol_013318	1
read_013319	mol_013319	-1
read_013320	mol_013320	-1
read_013321	mol_013321	-1
read_013322	mol_013322	-1
read_013323	mol_013323	-1
read_013324	mol_013324	-1
read_013325	mol_013325	1
read_013326	mol_013326	-1
read_013327	mol_013327	1
read_013328	mol_013328	1
read_013329	mol_013329	1
read_013330	mol_013330	1
read_013331	mol_013331	1
read_013332	mol_013332	1
read_013333	mol_013333	-1
read_013334	mol_013334	1
read_013335	mol_013335	1
read_013336	mol_013336	1
read_013337	mol_013337	1
read_013338	mol_013338	-1
read_013339	mol_013339	-1
read_013340	mol_013340	-1
read_013341	mol_013341	1
read_013342	mol_013342	-1
read_013343	mol_013343	-1
read_013344	mol_013344	-1
read_013345	mol_013345	1
read_013346	mol_013346	1
read_013347	mol_013347	-1
read_013348	mol_013348	1
read_013349	mol_013349	1
read_013350	mol_013350	-1
read_013351	mol_013351	1
read_013352	mol_013352	-1
read_013353	mol_013353	1
read_013354	mol_013354	1
read_013355	mol_013355	-1
read_013356	mol_013356	-1
read_013357	mol_013357	1
read_013358	mol_013358	-1
read_013359	mol_013359	1
read_013360	mol_013360	-1
read_013361	mol_013361	1
read_013362	mol_013362	1
read_013363	mol_013363	1
read_013364	mol_013364	-1
read_013365	mol_013365	1
read_013366	mol_013366	-1
read_013367	mol_013367	1
read_013368	mol_013368	1
read_013369	mol_013369	1
read_013370	mol_013370	1
read_013371	mol_013371	1
read_013372	mol_013372	1
read_013373	mol_013373	-1
read_013374	mol_013374	-1
read_013375	mol_013375	1
read_013376	mol_013376	1
read_013377	mol_013377	-1
read_013378	mol_013378	-1
read_013379	mol_013379	1
read_013380	mol_013380	-1
read_013381	mol_013381	-1
read_013382	mol_013382	-1
read_013383	mol_013383	-1
read_013384	mol_013384	1
read_013385	mol_013385	1
read_013386	mol_013386	-1
read_013387	mol_013387	1
read_013388	mol_013388	1
read_013389	mol_013389	1
read_013390	mol_013390	1
read_013391	mol_013391	1
read_013392	mol_013392	-1
read_013393	mol_013393	-1
read_013394	mol_013394	-1
read_013395	mol_013395	-1
read_013396	mol_013396	-1
read_013397	mol_013397	-1
read_013398	mol_013398	-1
read_013399	mol_013399	-1
read_013400	mol_013400	1
read_013401	mol_013401	-1
read_013402	mol_013402	-1
read_013403	mol_013403	1
read_013404	mol_013404	1
read_013405	mol_013405	1
read_013406	mol_013406	1
read_013407	mol_013407	1
read_013408	mol_013408	-1
read_013409	mol_013409	1
read_013410	mol_013410	-1
read_013411	mol_013411	1
read_013412	mol_013412	-1
read_013413	mol_013413	-1
read_013414	mol_013414	1
read_013415	mol_013415	1
read_013416	mol_013416	1
read_013417	mol_013417	-1
read_013418	mol_013418	-1
read_013419	mol_013419	-1
read_013420	mol_013420	-1
read_013421	mol_013421	-1
read_013422	mol_013422	-1
read_013423	mol_013423	1
read_013424	mol_013424	-1
read_013425	mol_013425	1
read_013426	mol_013426	1
read_013427	mol_013427	-1
read_013428	mol_013428	1
read_013429	mol_013429	1
read_013430	mol_013430	-1
read_013431	mol_013431	-1
read_013432	mol_013432	1
read_013433	mol_013433	-1
read_013434	mol_013434	1
read_013435	mol_013435	-1
read_013436	mol_013436	-1
read_013437	mol_013437	-1
read_013438	mol_013438	-1
read_013439	mol_013439	1
read_013440	mol_013440	1
read_013441	mol_013441	-1
read_013442	mol_013442	-1
read_013443	mol_013443	1
read_013444	mol_013444	1
read_013445	mol_013445	1
read_013446	mol_013446	-1
read_013447	mol_013447	-1
read_013448	mol_013448	1
read_013449	mol_013449	-1
read_013450	mol_013450	-1
read_013451	mol_013451	-1
read_013452	mol_013452	1
read_013453	mol_013453	-1
read_013454	mol_013454	-1
read_013455	mol_013455	1
read_013456	mol_013456	-1
read_013457	mol_013457	-1
read_013458	mol_013458	-1
read_013459	mol_013459	-1
read_013460	mol_013460	1
read_013461	mol_013461	1
read_013462	mol_013462	1
read_013463	mol_013463	1
read_013464	mol_013464	1
read_013465	mol_013465	1
read_013466	mol_013466	-1
read_013467	mol_013467	1
read_013468	mol_013468	-1
read_013469	mol_013469	-1
read_013470	mol_013470	-1
read_013471	mol_013471	1
read_013472	mol_013472	-1
read_013473	mol_013473	1
read_013474	mol_013474	-1
read_013475	mol_013475	1
read_013476	mol_013476	1
read_013477	mol_013477	1
read_013478	mol_013478	-1
read_013479	mol_013479	1
read_013480	mol_013480	-1
read_013481	mol_013481	1
read_013482	mol_013482	1
read_013483	mol_013483	-1
read_013484	mol_013484	1
read_013485	mol_013485	-1
read_013486	mol_013486	1
read_013487	mol_013487	-1
read_013488	mol_013488	1
read_013489	mol_013489	-1
read_013490	mol_013490	-1
read_013491	mol_013491	-1
read_013492	mol_013492	-1
read_013493	mol_013493	-1
read_013494	mol_013494	-1
read_013495	mol_013495	1
read_013496	mol_013496	1
read_013497	mol_013497	-1
read_013498	mol_013498	1
read_013499	mol_013499	1
read_013500	mol_013500	1
read_013501	mol_013501	-1
read_013502	mol_013502	1
read_013503	mol_013503	-1
read_013504	mol_013504	1
read_013505	mol_013505	1
read_013506	mol_013506	1
read_013507	mol_013507	-1
read_013508	mol_013508	-1
read_013509	mol_013509	-1
read_013510	mol_013510	1
read_013511	mol_013511	-1
read_013512	mol_013512	-1
read_013513	mol_013513	1
read_013514	mol_013514	1
read_013515	mol_013515	-1
read_013516	mol_013516	1
read_013517	mol_013517	1
read_013518	mol_013518	1
read_013519	mol_013519	1
read_013520	mol_013520	1
read_013521	mol_013521	1
read_013522	mol_013522	1
read_013523	mol_013523	-1
read_013524	mol_013524	-1
read_013525	mol_013525	-1
read_013526	mol_013526	1
read_013527	mol_013527	1
read_013528	mol_013528	-1
read_013529	mol_013529	-1
read_013530	mol_013530	-1
read_013531	mol_013531	-1
read_013532	mol_013532	-1
read_013533	mol_013533	-1
read_013534	mol_013534	1
read_013535	mol_013535	-1
read_013536	mol_013536	1
read_013537	mol_013537	1
read_013538	mol_013538	-1
read_013539	mol_013539	1
read_013540	mol_013540	-1
read_013541	mol_013541	1
read_013542	mol_013542	1
read_013543	mol_013543	1
read_013544	mol_013544	1
read_013545	mol_013545	1
read_013546	mol_013546	-1
read_013547	mol_013547	1
read_013548	mol_013548	-1
read_013549	mol_013549	1
read_013550	mol_013550	-1
read_013551	mol_013551	-1
read_013552	mol_013552	1
read_013553	mol_013553	-1
read_013554	mol_013554	-1
read_013555	mol_013555	-1
read_013556	mol_013556	1
read_013557	mol_013557	-1
read_013558	mol_013558	1
read_013559	mol_013559	-1
read_013560	mol_013560	1
read_013561	mol_013561	1
read_013562	mol_013562	1
read_013563	mol_013563	1
read_013564	mol_013564	-1
read_013565	mol_013565	-1
read_013566	mol_013566	-1
read_013567	mol_013567	-1
read_013568	mol_013568	-1
read_013569	mol_013569	-1
read_013570	mol_013570	-1
read_013571	mol_013571	-1
read_013572	mol_013572	1
read_013573	mol_013573	-1
read_013574	mol_013574	1
read_013575	mol_013575	-1
read_013576	mol_013576	1
read_013577	mol_013577	1
read_013578	mol_013578	-1
read_013579	mol_013579	1
read_013580	mol_013580	-1
read_013581	mol_013581	1
read_013582	mol_013582	-1
read_013583	mol_013583	1
read_013584	mol_013584	1
read_013585	mol_013585	-1
read_013586	mol_013586	-1
read_013587	mol_013587	1
read_013588	mol_013588	1
read_013589	mol_013589	1
read_013590	mol_013590	-1
read_013591	mol_013591	1
read_013592	mol_013592	1
read_013593	mol_013593	-1
read_013594	mol_013594	-1
read_013595	mol_013595	-1
read_013596	mol_013596	-1
read_013597	mol_013597	1
read_013598	mol_013598	1
read_013599	mol_013599	-1
read_013600	mol_013600	1
read_013601	mol_013601	-1
read_013602	mol_013602	1
read_013603	mol_013603	-1
read_013604	mol_013604	-1
read_013605	mol_013605	1
read_013606	mol_013606	1
read_013607	mol_013607	1
read_013608	mol_013608	1
read_013609	mol_013609	-1
read_013610	mol_013610	1
read_013611	mol_013611	-1
read_013612	mol_013612	1
read_013613	mol_013613	1
read_013614	mol_013614	-1
read_013615	mol_013615	1
read_013616	mol_013616	-1
read_013617	mol_013617	-1
read_013618	mol_013618	1
read_013619	mol_013619	-1
read_013620	mol_013620	-1
read_013621	mol_013621	1
read_013622	mol_013622	-1
read_013623	mol_013623	-1
read_013624	mol_013624	-1
read_013625	mol_013625	1
read_013626	mol_013626	-1
read_013627	mol_013627	1
read_013628	mol_013628	1
read_013629	mol_013629	-1
read_013630	mol_013630	1
read_013631	mol_013631	1
read_013632	mol_013632	1
read_013633	mol_013633	-1
read_013634	mol_013634	-1
read_013635	mol_013635	-1
read_013636	mol_013636	-1
read_013637	mol_013637	-1
read_013638	mol_013638	-1
read_013639	mol_013639	-1
read_013640	mol_013640	1
read_013641	mol_013641	1
read_013642	mol_013642	-1
read_013643	mol_013643	-1
read_013644	mol_013644	-1
read_013645	mol_013645	-1
read_013646	mol_013646	1
read_013647	mol_013647	1
read_013648	mol_013648	-1
read_013649	mol_013649	-1
read_013650	mol_013650	1
read_013651	mol_013651	-1
read_013652	mol_013652	-1
read_013653	mol_013653	1
read_013654	mol_013654	-1
read_013655	mol_013655	-1
read_013656	mol_013656	-1
read_013657	mol_013657	-1
read_013658	mol_013658	-1
read_013659	mol_013659	1
read_013660	mol_013660	-1
read_013661	mol_013661	1
read_013662	mol_013662	1
read_013663	mol_013663	-1
read_013664	mol_013664	1
read_013665	mol_013665	1
read_013666	mol_013666	1
read_013667	mol_013667	-1
read_013668	mol_013668	-1
read_013669	mol_013669	1
read_013670	mol_013670	1
read_013671	mol_013671	1
read_013672	mol_013672	-1
read_013673	mol_013673	-1
read_013674	mol_013674	-1
read_013675	mol_013675	1
read_013676	mol_013676	1
read_013677	mol_013677	-1
read_013678	mol_013678	1
read_013679	mol_013679	1
read_013680	mol_013680	-1
read_013681	mol_013681	1
read_013682	mol_013682	-1
read_013683	mol_013683	1
read_013684	mol_013684	1
read_013685	mol_013685	1
read_013686	mol_013686	-1
read_013687	mol_013687	-1
read_013688	mol_013688	-1
read_013689	mol_013689	-1
read_013690	mol_013690	1
read_013691	mol_013691	-1
read_013692	mol_013692	1
read_013693	mol_013693	-1
read_013694	mol_013694	-1
read_013695	mol_013695	-1
read_013696	mol_013696	1
read_013697	mol_013697	-1
read_013698	mol_013698	1
read_013699	mol_013699	1
read_013700	mol_013700	-1
read_013701	mol_013701	-1
read_013702	mol_013702	-1
read_013703	mol_013703	1
read_013704	mol_013704	1
read_013705	mol_013705	1
read_013706	mol_013706	1
read_013707	mol_013707	1
read_013708	mol_013708	-1
read_013709	mol_013709	-1
read_013710	mol_013710	-1
read_013711	mol_013711	-1
read_013712	mol_013712	-1
read_013713	mol_013713	-1
read_013714	mol_013714	1
read_013715	mol_013715	1
read_013716	mol_013716	-1
read_013717	mol_013717	-1
read_013718	mol_013718	-1
read_013719	mol_013719	-1
read_013720	mol_013720	1
read_013721	mol_013721	1
read_013722	mol_013722	1
read_013723	mol_013723	-1
read_013724	mol_013724	-1
read_013725	mol_013725	-1
read_013726	mol_013726	1
read_013727	mol_013727	1
read_013728	mol_013728	1
read_013729	mol_013729	-1
read_013730	mol_013730	1
read_013731	mol_013731	-1
read_013732	mol_013732	-1
read_013733	mol_013733	-1
read_013734	mol_013734	-1
read_013735	mol_013735	-1
read_013736	mol_013736	-1
read_013737	mol_013737	-1
read_013738	mol_013738	1
read_013739	mol_013739	-1
read_013740	mol_013740	-1
read_013741	mol_013741	1
read_013742	mol_013742	1
read_013743	mol_013743	1
read_013744	mol_013744	-1
read_013745	mol_013745	1
read_013746	mol_013746	1
read_013747	mol_013747	1
read_013748	mol_013748	-1
read_013749	mol_013749	1
read_013750	mol_013750	-1
read_013751	mol_013751	-1
read_013752	mol_013752	-1
read_013753	mol_013753	-1
read_013754	mol_013754	-1
read_013755	mol_013755	-1
read_013756	mol_013756	1
read_013757	mol_013757	1
read_013758	mol_013758	1
read_013759	mol_013759	-1
read_013760	mol_013760	-1
read_013761	mol_013761	1
read_013762	mol_013762	1
read_013763	mol_013763	-1
read_013764	mol_013764	1
read_013765	mol_013765	-1
read_013766	mol_013766	-1
read_013767	mol_013767	1
read_013768	mol_013768	-1
read_013769	mol_013769	-1
read_013770	mol_013770	1
read_013771	mol_013771	-1
read_013772	mol_013772	-1
read_013773	mol_013773	1
read_013774	mol_013774	1
read_013775	mol_013775	-1
read_013776	mol_013776	-1
read_013777	mol_013777	1
read_013778	mol_013778	1
read_013779	mol_013779	-1
read_013780	mol_013780	-1
read_013781	mol_013781	-1
read_013782	mol_013782	1
read_013783	mol_013783	-1
read_013784	mol_013784	-1
read_013785	mol_013785	1
read_013786	mol_013786	1
read_013787	mol_013787	1
read_013788	mol_013788	1
read_013789	mol_013789	-1
read_013790	mol_013790	-1
read_013791	mol_013791	1
read_013792	mol_013792	-1
read_013793	mol_013793	1
read_013794	mol_013794	1
read_013795	mol_013795	-1
read_013796	mol_013796	1
read_013797	mol_013797	-1
read_013798	mol_013798	-1
read_013799	mol_013799	1
read_013800	mol_013800	1
read_013801	mol_013801	-1
read_013802	mol_013802	-1
read_013803	mol_013803	-1
read_013804	mol_013804	1
read_013805	mol_013805	1
read_013806	mol_013806	-1
read_013807	mol_013807	1
read_013808	mol_013808	-1
read_013809	mol_013809	-1
read_013810	mol_013810	1
read_013811	mol_013811	-1
read_013812	mol_013812	-1
read_013813	mol_013813	1
read_013814	mol_013814	1
read_013815	mol_013815	-1
read_013816	mol_013816	-1
read_013817	mol_013817	1
read_013818	mol_013818	1
read_013819	mol_013819	1
read_013820	mol_013820	-1
read_013821	mol_013821	-1
read_013822	mol_013822	-1
read_013823	mol_013823	1
read_013824	mol_013824	-1
read_013825	mol_013825	-1
read_013826	mol_013826	-1
read_013827	mol_013827	1
read_013828	mol_013828	-1
read_013829	mol_013829	-1
read_013830	mol_013830	1
read_013831	mol_013831	-1
read_013832	mol_013832	1
read_013833	mol_013833	1
read_013834	mol_013834	1
read_013835	mol_013835	-1
read_013836	mol_013836	-1
read_013837	mol_013837	1
read_013838	mol_013838	1
read_013839	mol_013839	-1
read_013840	mol_013840	1
read_013841	mol_013841	-1
read_013842	mol_013842	-1
read_013843	mol_013843	-1
read_013844	mol_013844	1
read_013845	mol_013845	-1
read_013846	mol_013846	1
read_013847	mol_013847	1
read_013848	mol_013848	1
read_013849	mol_013849	-1
read_013850	mol_013850	-1
read_013851	mol_013851	1
read_013852	mol_013852	1
read_013853	mol_013853	1
read_013854	mol_013854	-1
read_013855	mol_013855	1
read_013856	mol_013856	-1
read_013857	mol_013857	1
read_013858	mol_013858	1
read_013859	mol_013859	-1
read_013860	mol_013860	1
read_013861	mol_013861	1
read_013862	mol_013862	-1
read_013863	mol_013863	-1
read_013864	mol_013864	-1
read_013865	mol_013865	1
read_013866	mol_013866	1
read_013867	mol_013867	-1
read_013868	mol_013868	1
read_013869	mol_013869	-1
read_013870	mol_013870	-1
read_013871	mol_013871	-1
read_013872	mol_013872	-1
read_013873	mol_013873	-1
read_013874	mol_013874	-1
read_013875	mol_013875	-1
read_013876	mol_013876	1
read_013877	mol_013877	-1
read_013878	mol_013878	-1
read_013879	mol_013879	1
read_013880	mol_013880	1
read_013881	mol_013881	-1
read_013882	mol_013882	1
read_013883	mol_013883	-1
read_013884	mol_013884	-1
read_013885	mol_013885	-1
read_013886	mol_013886	-1
read_013887	mol_013887	1
read_013888	mol_013888	-1
read_013889	mol_013889	1
read_013890	mol_013890	1
read_013891	mol_013891	1
read_013892	mol_013892	-1
read_013893	mol_013893	-1
read_013894	mol_013894	1
read_013895	mol_013895	-1
read_013896	mol_013896	-1
read_013897	mol_013897	-1
read_013898	mol_013898	-1
read_013899	mol_013899	1
read_013900	mol_013900	1
read_013901	mol_013901	-1
read_013902	mol_013902	-1
read_013903	mol_013903	-1
read_013904	mol_013904	1
read_013905	mol_013905	1
read_013906	mol_013906	-1
read_013907	mol_013907	1
read_013908	mol_013908	-1
read_013909	mol_013909	1
read_013910	mol_013910	-1
read_013911	mol_013911	-1
read_013912	mol_013912	-1
read_013913	mol_013913	-1
read_013914	mol_013914	1
read_013915	mol_013915	1
read_013916	mol_013916	1
read_013917	mol_013917	-1
read_013918	mol_013918	1
read_013919	mol_013919	1
read_013920	mol_013920	-1
read_013921	mol_013921	1
read_013922	mol_013922	-1
read_013923	mol_013923	1
read_013924	mol_013924	1
read_013925	mol_013925	-1
read_013926	mol_013926	-1
read_013927	mol_013927	1
read_013928	mol_013928	1
read_013929	mol_013929	1
read_013930	mol_013930	-1
read_013931	mol_013931	1
read_013932	mol_013932	-1
read_013933	mol_013933	1
read_013934	mol_013934	-1
read_013935	mol_013935	-1
read_013936	mol_013936	-1
read_013937	mol_013937	-1
read_013938	mol_013938	-1
read_013939	mol_013939	-1
read_013940	mol_013940	1
read_013941	mol_013941	-1
read_013942	mol_013942	-1
read_013943	mol_013943	1
read_013944	mol_013944	1
read_013945	mol_013945	1
read_013946	mol_013946	1
read_013947	mol_013947	-1
read_013948	mol_013948	-1
read_013949	mol_013949	1
read_013950	mol_013950	1
read_013951	mol_013951	1
read_013952	mol_013952	-1
read_013953	mol_013953	-1
read_013954	mol_013954	1
read_013955	mol_013955	1
read_013956	mol_013956	1
read_013957	mol_013957	-1
read_013958	mol_013958	1
read_013959	mol_013959	-1
read_013960	mol_013960	1
read_013961	mol_013961	1
read_013962	mol_013962	-1
read_013963	mol_013963	1
read_013964	mol_013964	-1
read_013965	mol_013965	-1
read_013966	mol_013966	-1
read_013967	mol_013967	1
read_013968	mol_013968	1
read_013969	mol_013969	-1
read_013970	mol_013970	1
read_013971	mol_013971	-1
read_013972	mol_013972	-1
read_013973	mol_013973	1
read_013974	mol_013974	1
read_013975	mol_013975	-1
read_013976	mol_013976	-1
read_013977	mol_013977	1
read_013978	mol_013978	-1
read_013979	mol_013979	1
read_013980	mol_013980	1
read_013981	mol_013981	-1
read_013982	mol_013982	-1
read_013983	mol_013983	1
read_013984	mol_013984	-1
read_013985	mol_013985	-1
read_013986	mol_013986	-1
read_013987	mol_013987	-1
read_013988	mol_013988	-1
read_013989	mol_013989	1
read_013990	mol_013990	1
read_013991	mol_013991	1
read_013992	mol_013992	1
read_013993	mol_013993	-1
read_013994	mol_013994	-1
read_013995	mol_013995	-1
read_013996	mol_013996	-1
read_013997	mol_013997	-1
read_013998	mol_013998	1
read_013999	mol_013999	-1
read_014000	mol_014000	-1
read_014001	mol_014001	1
read_014002	mol_014002	1
read_014003	mol_014003	-1
read_014004	mol_014004	1
read_014005	mol_014005	-1
read_014006	mol_014006	-1
read_014007	mol_014007	-1
read_014008	mol_014008	-1
read_014009	mol_014009	1
read_014010	mol_014010	1
read_014011	mol_014011	-1
read_014012	mol_014012	1
read_014013	mol_014013	1
read_014014	mol_014014	-1
read_014015	mol_014015	-1
read_014016	mol_014016	1
read_014017	mol_014017	1
read_014018	mol_014018	-1
read_014019	mol_014019	1
read_014020	mol_014020	1
read_014021	mol_014021	-1
read_014022	mol_014022	1
read_014023	mol_014023	-1
read_014024	mol_014024	1
read_014025	mol_014025	1
read_014026	mol_014026	1
read_014027	mol_014027	-1
read_014028	mol_014028	-1
read_014029	mol_014029	1
read_014030	mol_014030	1
read_014031	mol_014031	1
read_014032	mol_014032	1
read_014033	mol_014033	-1
read_014034	mol_014034	1
read_014035	mol_014035	1
read_014036	mol_014036	1
read_014037	mol_014037	1
read_014038	mol_014038	1
read_014039	mol_014039	-1
read_014040	mol_014040	-1
read_014041	mol_014041	1
read_014042	mol_014042	1
read_014043	mol_014043	-1
read_014044	mol_014044	1
read_014045	mol_014045	-1
read_014046	mol_014046	1
read_014047	mol_014047	1
read_014048	mol_014048	-1
read_014049	mol_014049	-1
read_014050	mol_014050	-1
read_014051	mol_014051	1
read_014052	mol_014052	1
read_014053	mol_014053	-1
read_014054	mol_014054	1
read_014055	mol_014055	-1
read_014056	mol_014056	-1
read_014057	mol_014057	1
read_014058	mol_014058	1
read_014059	mol_014059	1
read_014060	mol_014060	1
read_014061	mol_014061	1
read_014062	mol_014062	1
read_014063	mol_014063	-1
read_014064	mol_014064	-1
read_014065	mol_014065	1
read_014066	mol_014066	1
read_014067	mol_014067	1
read_014068	mol_014068	1
read_014069	mol_014069	1
read_014070	mol_014070	-1
read_014071	mol_014071	-1
read_014072	mol_014072	1
read_014073	mol_014073	-1
read_014074	mol_014074	1
read_014075	mol_014075	1
read_014076	mol_014076	-1
read_014077	mol_014077	-1
read_014078	mol_014078	-1
read_014079	mol_014079	1
read_014080	mol_014080	-1
read_014081	mol_014081	1
read_014082	mol_014082	-1
read_014083	mol_014083	1
read_014084	mol_014084	-1
read_014085	mol_014085	1
read_014086	mol_014086	-1
read_014087	mol_014087	-1
read_014088	mol_014088	1
read_014089	mol_014089	-1
read_014090	mol_014090	1
read_014091	mol_014091	-1
read_014092	mol_014092	1
read_014093	mol_014093	1
read_014094	mol_014094	1
read_014095	mol_014095	1
read_014096	mol_014096	1
read_014097	mol_014097	1
read_014098	mol_014098	-1
read_014099	mol_014099	1
read_014100	mol_014100	1
read_014101	mol_014101	-1
read_014102	mol_014102	1
read_014103	mol_014103	-1
read_014104	mol_014104	-1
read_014105	mol_014105	1
read_014106	mol_014106	-1
read_014107	mol_014107	1
read_014108	mol_014108	-1
read_014109	mol_014109	-1
read_014110	mol_014110	-1
read_014111	mol_014111	1
read_014112	mol_014112	1
read_014113	mol_014113	-1
read_014114	mol_014114	1
read_014115	mol_014115	-1
read_014116	mol_014116	-1
read_014117	mol_014117	-1
read_014118	mol_014118	-1
read_014119	mol_014119	1
read_014120	mol_014120	1
read_014121	mol_014121	1
read_014122	mol_014122	-1
read_014123	mol_014123	-1
read_014124	mol_014124	-1
read_014125	mol_014125	-1
read_014126	mol_014126	-1
read_014127	mol_014127	-1
read_014128	mol_014128	1
read_014129	mol_014129	-1
read_014130	mol_014130	-1
read_014131	mol_014131	1
read_014132	mol_014132	-1
read_014133	mol_014133	1
read_014134	mol_014134	1
read_014135	mol_014135	1
read_014136	mol_014136	-1
read_014137	mol_014137	-1
read_014138	mol_014138	-1
read_014139	mol_014139	-1
read_014140	mol_014140	1
read_014141	mol_014141	1
read_014142	mol_014142	-1
read_014143	mol_014143	1
read_014144	mol_014144	-1
read_014145	mol_014145	-1
read_014146	mol_014146	1
read_014147	mol_014147	1
read_014148	mol_014148	-1
read_014149	mol_014149	-1
read_014150	mol_014150	-1
read_014151	mol_014151	-1
read_014152	mol_014152	-1
read_014153	mol_014153	1
read_014154	mol_014154	-1
read_014155	mol_014155	-1
read_014156	mol_014156	1
read_014157	mol_014157	-1
read_014158	mol_014158	1
read_014159	mol_014159	1
read_014160	mol_014160	-1
read_014161	mol_014161	1
read_014162	mol_014162	-1
read_014163	mol_014163	-1
read_014164	mol_014164	-1
read_014165	mol_014165	1
read_014166	mol_014166	1
read_014167	mol_014167	1
read_014168	mol_014168	1
read_014169	mol_014169	-1
read_014170	mol_014170	-1
read_014171	mol_014171	1
read_014172	mol_014172	1
read_014173	mol_014173	-1
read_014174	mol_014174	-1
read_014175	mol_014175	1
read_014176	mol_014176	1
read_014177	mol_014177	1
read_014178	mol_014178	1
read_014179	mol_014179	1
read_014180	mol_014180	1
read_014181	mol_014181	-1
read_014182	mol_014182	-1
read_014183	mol_014183	-1
read_014184	mol_014184	1
read_014185	mol_014185	1
read_014186	mol_014186	-1
read_014187	mol_014187	1
read_014188	mol_014188	-1
read_014189	mol_014189	-1
read_014190	mol_014190	1
read_014191	mol_014191	1
read_014192	mol_014192	1
read_014193	mol_014193	1
read_014194	mol_014194	-1
read_014195	mol_014195	1
read_014196	mol_014196	1
read_014197	mol_014197	-1
read_014198	mol_014198	1
read_014199	mol_014199	-1
read_014200	mol_014200	-1
read_014201	mol_014201	-1
read_014202	mol_014202	-1
read_014203	mol_014203	1
read_014204	mol_014204	-1
read_014205	mol_014205	1
read_014206	mol_014206	-1
read_014207	mol_014207	-1
read_014208	mol_014208	-1
read_014209	mol_014209	1
read_014210	mol_014210	-1
read_014211	mol_014211	-1
read_014212	mol_014212	-1
read_014213	mol_014213	-1
read_014214	mol_014214	1
read_014215	mol_014215	-1
read_014216	mol_014216	-1
read_014217	mol_014217	1
read_014218	mol_014218	1
read_014219	mol_014219	-1
read_014220	mol_014220	1
read_014221	mol_014221	-1
read_014222	mol_014222	1
read_014223	mol_014223	1
read_014224	mol_014224	-1
read_014225	mol_014225	1
read_014226	mol_014226	-1
read_014227	mol_014227	1
read_014228	mol_014228	-1
read_014229	mol_014229	-1
read_014230	mol_014230	1
read_014231	mol_014231	-1
read_014232	mol_014232	1
read_014233	mol_014233	-1
read_014234	mol_014234	-1
read_014235	mol_014235	1
read_014236	mol_014236	1
read_014237	mol_014237	-1
read_014238	mol_014238	1
read_014239	mol_014239	-1
read_014240	mol_014240	1
read_014241	mol_014241	-1
read_014242	mol_014242	1
read_014243	mol_014243	-1
read_014244	mol_014244	-1
read_014245	mol_014245	-1
read_014246	mol_014246	-1
read_014247	mol_014247	-1
read_014248	mol_014248	1
read_014249	mol_014249	-1
read_014250	mol_014250	1
read_014251	mol_014251	-1
read_014252	mol_014252	-1
read_014253	mol_014253	1
read_014254	mol_014254	1
read_014255	mol_014255	-1
read_014256	mol_014256	1
read_014257	mol_014257	1
read_014258	mol_014258	-1
read_014259	mol_014259	1
read_014260	mol_014260	1
read_014261	mol_014261	-1
read_014262	mol_014262	-1
read_014263	mol_014263	-1
read_014264	mol_014264	1
read_014265	mol_014265	-1
read_014266	mol_014266	1
read_014267	mol_014267	-1
read_014268	mol_014268	1
read_014269	mol_014269	-1
read_014270	mol_014270	-1
read_014271	mol_014271	1
read_014272	mol_014272	1
read_014273	mol_014273	-1
read_014274	mol_014274	-1
read_014275	mol_014275	-1
read_014276	mol_014276	1
read_014277	mol_014277	1
read_014278	mol_014278	-1
read_014279	mol_014279	-1
read_014280	mol_014280	1
read_014281	mol_014281	1
read_014282	mol_014282	1
read_014283	mol_014283	1
read_014284	mol_014284	1
read_014285	mol_014285	1
read_014286	mol_014286	1
read_014287	mol_014287	1
read_014288	mol_014288	1
read_014289	mol_014289	-1
read_014290	mol_014290	-1
read_014291	mol_014291	1
read_014292	mol_014292	-1
read_014293	mol_014293	1
read_014294	mol_014294	-1
read_014295	mol_014295	1
read_014296	mol_014296	1
read_014297	mol_014297	-1
read_014298	mol_014298	-1
read_014299	mol_014299	1
read_014300	mol_014300	1
read_014301	mol_014301	1
read_014302	mol_014302	-1
read_014303	mol_014303	1
read_014304	mol_014304	-1
read_014305	mol_014305	-1
read_014306	mol_014306	1
read_014307	mol_014307	1
read_014308	mol_014308	1
read_014309	mol_014309	1
read_014310	mol_014310	1
read_014311	mol_014311	-1
read_014312	mol_014312	1
read_014313	mol_014313	1
read_014314	mol_014314	-1
read_014315	mol_014315	-1
read_014316	mol_014316	1
read_014317	mol_014317	1
read_014318	mol_014318	-1
read_014319	mol_014319	-1
read_014320	mol_014320	1
read_014321	mol_014321	-1
read_014322	mol_014322	1
read_014323	mol_014323	-1
read_014324	mol_014324	-1
read_014325	mol_014325	-1
read_014326	mol_014326	-1
read_014327	mol_014327	1
read_014328	mol_014328	1
read_014329	mol_014329	-1
read_014330	mol_014330	-1
read_014331	mol_014331	-1
read_014332	mol_014332	-1
read_014333	mol_014333	-1
read_014334	mol_014334	1
read_014335	mol_014335	1
read_014336	mol_014336	-1
read_014337	mol_014337	-1
read_014338	mol_014338	-1
read_014339	mol_014339	-1
read_014340	mol_014340	-1
read_014341	mol_014341	1
read_014342	mol_014342	-1
read_014343	mol_014343	-1
read_014344	mol_014344	-1
read_014345	mol_014345	-1
read_014346	mol_014346	1
read_014347	mol_014347	1
read_014348	mol_014348	-1
read_014349	mol_014349	1
read_014350	mol_014350	1
read_014351	mol_014351	1
read_014352	mol_014352	1
read_014353	mol_014353	-1
read_014354	mol_014354	-1
read_014355	mol_014355	-1
read_014356	mol_014356	1
read_014357	mol_014357	1
read_014358	mol_014358	1
read_014359	mol_014359	1
read_014360	mol_014360	-1
read_014361	mol_014361	1
read_014362	mol_014362	1
read_014363	mol_014363	-1
read_014364	mol_014364	-1
read_014365	mol_014365	1
read_014366	mol_014366	-1
read_014367	mol_014367	1
read_014368	mol_014368	-1
read_014369	mol_014369	1
read_014370	mol_014370	-1
read_014371	mol_014371	1
read_014372	mol_014372	1
read_014373	mol_014373	-1
read_014374	mol_014374	1
read_014375	mol_014375	-1
read_014376	mol_014376	-1
read_014377	mol_014377	1
read_014378	mol_014378	1
read_014379	mol_014379	1
read_014380	mol_014380	1
read_014381	mol_014381	-1
read_014382	mol_014382	-1
read_014383	mol_014383	1
read_014384	mol_014384	-1
read_014385	mol_014385	1
read_014386	mol_014386	-1
read_014387	mol_014387	-1
read_014388	mol_014388	1
read_014389	mol_014389	1
read_014390	mol_014390	-1
read_014391	mol_014391	1
read_014392	mol_014392	-1
read_014393	mol_014393	-1
read_014394	mol_014394	1
read_014395	mol_014395	-1
read_014396	mol_014396	-1
read_014397	mol_014397	1
read_014398	mol_014398	1
read_014399	mol_014399	-1
read_014400	mol_014400	-1
read_014401	mol_014401	1
read_014402	mol_014402	-1
read_014403	mol_014403	-1
read_014404	mol_014404	-1
read_014405	mol_014405	-1
read_014406	mol_014406	1
read_014407	mol_014407	-1
read_014408	mol_014408	1
read_014409	mol_014409	1
read_014410	mol_014410	1
read_014411	mol_014411	-1
read_014412	mol_014412	1
read_014413	mol_014413	-1
read_014414	mol_014414	1
read_014415	mol_014415	-1
read_014416	mol_014416	-1
read_014417	mol_014417	-1
read_014418	mol_014418	1
read_014419	mol_014419	1
read_014420	mol_014420	-1
read_014421	mol_014421	-1
read_014422	mol_014422	-1
read_014423	mol_014423	-1
read_014424	mol_014424	1
read_014425	mol_014425	1
read_014426	mol_014426	1
read_014427	mol_014427	-1
read_014428	mol_014428	-1
read_014429	mol_014429	1
read_014430	mol_014430	-1
read_014431	mol_014431	1
read_014432	mol_014432	-1
read_014433	mol_014433	-1
read_014434	mol_014434	-1
read_014435	mol_014435	1
read_014436	mol_014436	-1
read_014437	mol_014437	1
read_014438	mol_014438	-1
read_014439	mol_014439	-1
read_014440	mol_014440	1
read_014441	mol_014441	1
read_014442	mol_014442	-1
read_014443	mol_014443	1
read_014444	mol_014444	-1
read_014445	mol_014445	1
read_014446	mol_014446	1
read_014447	mol_014447	-1
read_014448	mol_014448	1
read_014449	mol_014449	-1
read_014450	mol_014450	1
read_014451	mol_014451	1
read_014452	mol_014452	-1
read_014453	mol_014453	-1
read_014454	mol_014454	1
read_014455	mol_014455	-1
read_014456	mol_014456	-1
read_014457	mol_014457	1
read_014458	mol_014458	-1
read_014459	mol_014459	-1
read_014460	mol_014460	1
read_014461	mol_014461	-1
read_014462	mol_014462	-1
read_014463	mol_014463	1
read_014464	mol_014464	-1
read_014465	mol_014465	-1
read_014466	mol_014466	-1
read_014467	mol_014467	1
read_014468	mol_014468	1
read_014469	mol_014469	1
read_014470	mol_014470	1
read_014471	mol_014471	1
read_014472	mol_014472	-1
read_014473	mol_014473	1
read_014474	mol_014474	1
read_014475	mol_014475	-1
read_014476	mol_014476	-1
read_014477	mol_014477	-1
read_014478	mol_014478	1
read_014479	mol_014479	1
read_014480	mol_014480	1
read_014481	mol_014481	1
read_014482	mol_014482	1
read_014483	mol_014483	-1
read_014484	mol_014484	-1
read_014485	mol_014485	1
read_014486	mol_014486	-1
read_014487	mol_014487	-1
read_014488	mol_014488	-1
read_014489	mol_014489	-1
read_014490	mol_014490	1
read_014491	mol_014491	-1
read_014492	mol_014492	1
read_014493	mol_014493	1
read_014494	mol_014494	1
read_014495	mol_014495	-1
read_014496	mol_014496	1
read_014497	mol_014497	-1
read_014498	mol_014498	1
read_014499	mol_014499	1
read_014500	mol_014500	-1
read_014501	mol_014501	1
read_014502	mol_014502	1
read_014503	mol_014503	-1
read_014504	mol_014504	1
read_014505	mol_014505	-1
read_014506	mol_014506	1
read_014507	mol_014507	1
read_014508	mol_014508	1
read_014509	mol_014509	-1
read_014510	mol_014510	-1
read_014511	mol_014511	1
read_014512	mol_014512	1
read_014513	mol_014513	-1
read_014514	mol_014514	1
read_014515	mol_014515	1
read_014516	mol_014516	1
read_014517	mol_014517	-1
read_014518	mol_014518	1
read_014519	mol_014519	-1
read_014520	mol_014520	-1
read_014521	mol_014521	-1
read_014522	mol_014522	1
read_014523	mol_014523	-1
read_014524	mol_014524	-1
read_014525	mol_014525	-1
read_014526	mol_014526	-1
read_014527	mol_014527	1
read_014528	mol_014528	1
read_014529	mol_014529	-1
read_014530	mol_014530	-1
read_014531	mol_014531	1
read_014532	mol_014532	1
read_014533	mol_014533	1
read_014534	mol_014534	-1
read_014535	mol_014535	1
read_014536	mol_014536	1
read_014537	mol_014537	-1
read_014538	mol_014538	-1
read_014539	mol_014539	1
read_014540	mol_014540	-1
read_014541	mol_014541	-1
read_014542	mol_014542	1
read_014543	mol_014543	-1
read_014544	mol_014544	1
read_014545	mol_014545	1
read_014546	mol_014546	1
read_014547	mol_014547	-1
read_014548	mol_014548	1
read_014549	mol_014549	-1
read_014550	mol_014550	1
read_014551	mol_014551	-1
read_014552	mol_014552	-1
read_014553	mol_014553	1
read_014554	mol_014554	1
read_014555	mol_014555	1
read_014556	mol_014556	1
read_014557	mol_014557	1
read_014558	mol_014558	-1
read_014559	mol_014559	1
read_014560	mol_014560	1
read_014561	mol_014561	1
read_014562	mol_014562	1
read_014563	mol_014563	-1
read_014564	mol_014564	1
read_014565	mol_014565	1
read_014566	mol_014566	1
read_014567	mol_014567	-1
read_014568	mol_014568	-1
read_014569	mol_014569	-1
read_014570	mol_014570	1
read_014571	mol_014571	1
read_014572	mol_014572	-1
read_014573	mol_014573	-1
read_014574	mol_014574	1
read_014575	mol_014575	-1
read_014576	mol_014576	-1
read_014577	mol_014577	1
read_014578	mol_014578	1
read_014579	mol_014579	-1
read_014580	mol_014580	1
read_014581	mol_014581	1
read_014582	mol_014582	-1
read_014583	mol_014583	1
read_014584	mol_014584	1
read_014585	mol_014585	1
read_014586	mol_014586	-1
read_014587	mol_014587	1
read_014588	mol_014588	1
read_014589	mol_014589	-1
read_014590	mol_014590	-1
read_014591	mol_014591	1
read_014592	mol_014592	-1
read_014593	mol_014593	-1
read_014594	mol_014594	-1
read_014595	mol_014595	-1
read_014596	mol_014596	-1
read_014597	mol_014597	1
read_014598	mol_014598	1
read_014599	mol_014599	1
read_014600	mol_014600	1
read_014601	mol_014601	-1
read_014602	mol_014602	-1
read_014603	mol_014603	-1
read_014604	mol_014604	-1
read_014605	mol_014605	1
read_014606	mol_014606	-1
read_014607	mol_014607	-1
read_014608	mol_014608	-1
read_014609	mol_014609	1
read_014610	mol_014610	-1
read_014611	mol_014611	1
read_014612	mol_014612	1
read_014613	mol_014613	1
read_014614	mol_014614	-1
read_014615	mol_014615	1
read_014616	mol_014616	1
read_014617	mol_014617	-1
read_014618	mol_014618	1
read_014619	mol_014619	-1
read_014620	mol_014620	1
read_014621	mol_014621	-1
read_014622	mol_014622	-1
read_014623	mol_014623	-1
read_014624	mol_014624	1
read_014625	mol_014625	1
read_014626	mol_014626	-1
read_014627	mol_014627	-1
read_014628	mol_014628	1
read_014629	mol_014629	1
read_014630	mol_014630	1
read_014631	mol_014631	1
read_014632	mol_014632	1
read_014633	mol_014633	1
read_014634	mol_014634	-1
read_014635	mol_014635	1
read_014636	mol_014636	1
read_014637	mol_014637	1
read_014638	mol_014638	1
read_014639	mol_014639	-1
read_014640	mol_014640	-1
read_014641	mol_014641	-1
read_014642	mol_014642	-1
read_014643	mol_014643	-1
read_014644	mol_014644	1
read_014645	mol_014645	1
read_014646	mol_014646	1
read_014647	mol_014647	1
read_014648	mol_014648	1
read_014649	mol_014649	-1
read_014650	mol_014650	1
read_014651	mol_014651	1
read_014652	mol_014652	-1
read_014653	mol_014653	1
read_014654	mol_014654	-1
read_014655	mol_014655	-1
read_014656	mol_014656	-1
read_014657	mol_014657	1
read_014658	mol_014658	1
read_014659	mol_014659	1
read_014660	mol_014660	-1
read_014661	mol_014661	-1
read_014662	mol_014662	-1
read_014663	mol_014663	-1
read_014664	mol_014664	1
read_014665	mol_014665	1
read_014666	mol_014666	1
read_014667	mol_014667	1
read_014668	mol_014668	1
read_014669	mol_014669	1
read_014670	mol_014670	-1
read_014671	mol_014671	1
read_014672	mol_014672	-1
read_014673	mol_014673	1
read_014674	mol_014674	1
read_014675	mol_014675	1
read_014676	mol_014676	-1
read_014677	mol_014677	-1
read_014678	mol_014678	1
read_014679	mol_014679	-1
read_014680	mol_014680	-1
read_014681	mol_014681	1
read_014682	mol_014682	1
read_014683	mol_014683	-1
read_014684	mol_014684	-1
read_014685	mol_014685	-1
read_014686	mol_014686	1
read_014687	mol_014687	1
read_014688	mol_014688	-1
read_014689	mol_014689	-1
read_014690	mol_014690	1
read_014691	mol_014691	-1
read_014692	mol_014692	1
read_014693	mol_014693	1
read_014694	mol_014694	-1
read_014695	mol_014695	-1
read_014696	mol_014696	1
read_014697	mol_014697	-1
read_014698	mol_014698	1
read_014699	mol_014699	-1
read_014700	mol_014700	1
read_014701	mol_014701	-1
read_014702	mol_014702	1
read_014703	mol_014703	1
read_014704	mol_014704	-1
read_014705	mol_014705	-1
read_014706	mol_014706	-1
read_014707	mol_014707	1
read_014708	mol_014708	1
read_014709	mol_014709	1
read_014710	mol_014710	-1
read_014711	mol_014711	1
read_014712	mol_014712	-1
read_014713	mol_014713	1
read_014714	mol_014714	-1
read_014715	mol_014715	-1
read_014716	mol_014716	1
read_014717	mol_014717	-1
read_014718	mol_014718	1
read_014719	mol_014719	-1
read_014720	mol_014720	1
read_014721	mol_014721	-1
read_014722	mol_014722	-1
read_014723	mol_014723	1
read_014724	mol_014724	-1
read_014725	mol_014725	1
read_014726	mol_014726	1
read_014727	mol_014727	-1
read_014728	mol_014728	-1
read_014729	mol_014729	1
read_014730	mol_014730	-1
read_014731	mol_014731	1
read_014732	mol_014732	-1
read_014733	mol_014733	-1
read_014734	mol_014734	1
read_014735	mol_014735	-1
read_014736	mol_014736	1
read_014737	mol_014737	-1
read_014738	mol_014738	-1
read_014739	mol_014739	1
read_014740	mol_014740	1
read_014741	mol_014741	-1
read_014742	mol_014742	1
read_014743	mol_014743	-1
read_014744	mol_014744	-1
read_014745	mol_014745	1
read_014746	mol_014746	1
read_014747	mol_014747	-1
read_014748	mol_014748	1
read_014749	mol_014749	-1
read_014750	mol_014750	-1
read_014751	mol_014751	-1
read_014752	mol_014752	-1
read_014753	mol_014753	-1
read_014754	mol_014754	1
read_014755	mol_014755	1
read_014756	mol_014756	-1
read_014757	mol_014757	1
read_014758	mol_014758	1
read_014759	mol_014759	-1
read_014760	mol_014760	-1
read_014761	mol_014761	1
read_014762	mol_014762	-1
read_014763	mol_014763	1
read_014764	mol_014764	-1
read_014765	mol_014765	-1
read_014766	mol_014766	1
read_014767	mol_014767	1
read_014768	mol_014768	1
read_014769	mol_014769	1
read_014770	mol_014770	-1
read_014771	mol_014771	-1
read_014772	mol_014772	-1
read_014773	mol_014773	-1
read_014774	mol_014774	-1
read_014775	mol_014775	1
read_014776	mol_014776	-1
read_014777	mol_014777	-1
read_014778	mol_014778	-1
read_014779	mol_014779	1
read_014780	mol_014780	1
read_014781	mol_014781	1
read_014782	mol_014782	1
read_014783	mol_014783	-1
read_014784	mol_014784	-1
read_014785	mol_014785	1
read_014786	mol_014786	1
read_014787	mol_014787	1
read_014788	mol_014788	-1
read_014789	mol_014789	1
read_014790	mol_014790	1
read_014791	mol_014791	-1
read_014792	mol_014792	1
read_014793	mol_014793	-1
read_014794	mol_014794	1
read_014795	mol_014795	-1
read_014796	mol_014796	1
read_014797	mol_014797	-1
read_014798	mol_014798	-1
read_014799	mol_014799	-1
read_014800	mol_014800	-1
read_014801	mol_014801	-1
read_014802	mol_014802	-1
read_014803	mol_014803	-1
read_014804	mol_014804	-1
read_014805	mol_014805	1
read_014806	mol_014806	1
read_014807	mol_014807	1
read_014808	mol_014808	1
read_014809	mol_014809	1
read_014810	mol_014810	-1
read_014811	mol_014811	1
read_014812	mol_014812	1
read_014813	mol_014813	1
read_014814	mol_014814	-1
read_014815	mol_014815	1
read_014816	mol_014816	-1
read_014817	mol_014817	-1
read_014818	mol_014818	1
read_014819	mol_014819	-1
read_014820	mol_014820	1
read_014821	mol_014821	-1
read_014822	mol_014822	1
read_014823	mol_014823	-1
read_014824	mol_014824	-1
read_014825	mol_014825	-1
read_014826	mol_014826	1
read_014827	mol_014827	1
read_014828	mol_014828	1
read_014829	mol_014829	1
read_014830	mol_014830	1
read_014831	mol_014831	-1
read_014832	mol_014832	-1
read_014833	mol_014833	1
read_014834	mol_014834	-1
read_014835	mol_014835	1
read_014836	mol_014836	-1
read_014837	mol_014837	-1
read_014838	mol_014838	1
read_014839	mol_014839	1
read_014840	mol_014840	1
read_014841	mol_014841	-1
read_014842	mol_014842	-1
read_014843	mol_014843	-1
read_014844	mol_014844	1
read_014845	mol_014845	-1
read_014846	mol_014846	1
read_014847	mol_014847	-1
read_014848	mol_014848	1
read_014849	mol_014849	1
read_014850	mol_014850	-1
read_014851	mol_014851	-1
read_014852	mol_014852	1
read_014853	mol_014853	-1
read_014854	mol_014854	1
read_014855	mol_014855	-1
read_014856	mol_014856	1
read_014857	mol_014857	1
read_014858	mol_014858	-1
read_014859	mol_014859	1
read_014860	mol_014860	1
read_014861	mol_014861	-1
read_014862	mol_014862	-1
read_014863	mol_014863	-1
read_014864	mol_014864	1
read_014865	mol_014865	-1
read_014866	mol_014866	-1
read_014867	mol_014867	1
read_014868	mol_014868	-1
read_014869	mol_014869	1
read_014870	mol_014870	-1
read_014871	mol_014871	1
read_014872	mol_014872	1
read_014873	mol_014873	-1
read_014874	mol_014874	-1
read_014875	mol_014875	-1
read_014876	mol_014876	1
read_014877	mol_014877	1
read_014878	mol_014878	-1
read_014879	mol_014879	1
read_014880	mol_014880	1
read_014881	mol_014881	-1
read_014882	mol_014882	1
read_014883	mol_014883	1
read_014884	mol_014884	1
read_014885	mol_014885	1
read_014886	mol_014886	1
read_014887	mol_014887	-1
read_014888	mol_014888	1
read_014889	mol_014889	-1
read_014890	mol_014890	-1
read_014891	mol_014891	1
read_014892	mol_014892	-1
read_014893	mol_014893	-1
read_014894	mol_014894	1
read_014895	mol_014895	1
read_014896	mol_014896	1
read_014897	mol_014897	1
read_014898	mol_014898	1
read_014899	mol_014899	-1
read_014900	mol_014900	-1
read_014901	mol_014901	1
read_014902	mol_014902	1
read_014903	mol_014903	-1
read_014904	mol_014904	1
read_014905	mol_014905	-1
read_014906	mol_014906	1
read_014907	mol_014907	-1
read_014908	mol_014908	1
read_014909	mol_014909	1
read_014910	mol_014910	1
read_014911	mol_014911	-1
read_014912	mol_014912	-1
read_014913	mol_014913	1
read_014914	mol_014914	-1
read_014915	mol_014915	-1
read_014916	mol_014916	-1
read_014917	mol_014917	1
read_014918	mol_014918	-1
read_014919	mol_014919	1
read_014920	mol_014920	1
read_014921	mol_014921	1
read_014922	mol_014922	1
read_014923	mol_014923	1
read_014924	mol_014924	1
read_014925	mol_014925	1
read_014926	mol_014926	-1
read_014927	mol_014927	1
read_014928	mol_014928	1
read_014929	mol_014929	-1
read_014930	mol_014930	1
read_014931	mol_014931	-1
read_014932	mol_014932	-1
read_014933	mol_014933	1
read_014934	mol_014934	-1
read_014935	mol_014935	-1
read_014936	mol_014936	-1
read_014937	mol_014937	-1
read_014938	mol_014938	-1
read_014939	mol_014939	1
read_014940	mol_014940	-1
read_014941	mol_014941	-1
read_014942	mol_014942	1
read_014943	mol_014943	-1
read_014944	mol_014944	1
read_014945	mol_014945	1
read_014946	mol_014946	-1
read_014947	mol_014947	1
read_014948	mol_014948	1
read_014949	mol_014949	-1
read_014950	mol_014950	1
read_014951	mol_014951	-1
read_014952	mol_014952	1
read_014953	mol_014953	1
read_014954	mol_014954	1
read_014955	mol_014955	1
read_014956	mol_014956	1
read_014957	mol_014957	1
read_014958	mol_014958	-1
read_014959	mol_014959	-1
read_014960	mol_014960	-1
read_014961	mol_014961	1
read_014962	mol_014962	1
read_014963	mol_014963	1
read_014964	mol_014964	1
read_014965	mol_014965	1
read_014966	mol_014966	-1
read_014967	mol_014967	-1
read_014968	mol_014968	1
read_014969	mol_014969	1
read_014970	mol_014970	1
read_014971	mol_014971	-1
read_014972	mol_014972	-1
read_014973	mol_014973	-1
read_014974	mol_014974	-1
read_014975	mol_014975	-1
read_014976	mol_014976	-1
read_014977	mol_014977	-1
read_014978	mol_014978	-1
read_014979	mol_014979	-1
read_014980	mol_014980	1
read_014981	mol_014981	1
read_014982	mol_014982	1
read_014983	mol_014983	-1
read_014984	mol_014984	-1
read_014985	mol_014985	1
read_014986	mol_014986	1
read_014987	mol_014987	1
read_014988	mol_014988	1
read_014989	mol_014989	-1
read_014990	mol_014990	1
read_014991	mol_014991	1
read_014992	mol_014992	-1
read_014993	mol_014993	-1
read_014994	mol_014994	-1
read_014995	mol_014995	1
read_014996	mol_014996	1
read_014997	mol_014997	1
read_014998	mol_014998	1
read_014999	mol_014999	-1
