position	hap1_allele	hap2_allele
720	1	0
2419	1	0
2420	0	1
2900	0	1
3112	1	0
3242	0	1
3517	1	0
4083	0	1
4757	0	1
5789	1	0
6514	0	1
8055	1	0
8360	0	1
11166	0	1
11204	0	1
12684	0	1
13404	1	0
14495	0	1
14697	1	0
14992	1	0
17143	1	0
21742	1	0
22244	1	0
23816	0	1
26603	1	0
29602	1	0
29721	0	1
29775	1	0
30024	0	1
32830	1	0
32968	0	1
33697	1	0
37919	0	1
38935	1	0
40505	0	1
41011	0	1
42558	1	0
44957	0	1
44982	0	1
46831	1	0
52826	1	0
54664	1	0
55103	0	1
57179	0	1
57325	0	1
58117	1	0
61306	0	1
61770	1	0
62223	1	0
62409	1	0
62436	0	1
63950	1	0
64267	1	0
64679	0	1
65581	0	1
65655	0	1
66793	1	0
67005	1	0
68192	0	1
69796	1	0
69940	1	0
70653	0	1
72234	1	0
72947	0	1
73016	0	1
74040	0	1
75493	1	0
76458	1	0
80314	1	0
81492	1	0
84608	1	0
84806	0	1
85006	1	0
87202	1	0
87878	1	0
88119	0	1
91617	1	0
92187	1	0
94040	0	1
95766	1	0
98630	1	0
99933	1	0
101786	1	0
102358	0	1
102778	0	1
105794	1	0
106539	0	1
111002	1	0
112454	0	1
113750	1	0
113913	1	0
117893	0	1
118690	1	0
119842	1	0
120542	1	0
120903	1	0
124018	1	0
125155	1	0
125159	0	1
126439	1	0
126967	1	0
127966	0	1
130860	1	0
131450	0	1
134638	0	1
135940	1	0
135962	1	0
139496	0	1
141061	0	1
148956	1	0
149209	1	0
149406	0	1
153001	0	1
154592	0	1
154684	0	1
156562	1	0
158431	1	0
161849	1	0
163506	1	0
163683	0	1
163710	1	0
163746	0	1
163785	0	1
164162	0	1
166783	0	1
167815	1	0
168888	0	1
171348	1	0
171525	0	1
171962	0	1
173137	0	1
177793	1	0
178891	0	1
178917	0	1
181067	0	1
181421	1	0
183615	1	0
184270	0	1
186925	1	0
188758	0	1
189841	0	1
190037	1	0
190120	1	0
190293	0	1
190354	0	1
190506	1	0
190847	0	1
192511	1	0
193605	1	0
193622	1	0
193722	1	0
198280	0	1
199399	1	0
199702	1	0
200090	1	0
201906	0	1
202196	0	1
203357	1	0
208032	1	0
210533	1	0
210899	0	1
211807	1	0
213097	0	1
215451	0	1
215679	1	0
215704	0	1
215801	0	1
216689	0	1
217932	1	0
219054	0	1
219563	0	1
225529	0	1
226685	0	1
227323	1	0
228391	0	1
230215	0	1
231690	0	1
232101	0	1
232193	0	1
232809	0	1
234134	0	1
234449	0	1
236312	0	1
236404	0	1
236806	0	1
238984	1	0
239271	0	1
240631	1	0
241623	1	0
245072	1	0
245480	1	0
245571	0	1
247342	0	1
249314	0	1
252492	1	0
256075	1	0
256094	0	1
256450	1	0
257729	1	0
261696	0	1
265694	1	0
266779	0	1
270075	0	1
271443	1	0
272102	1	0
272990	1	0
274226	0	1
275289	0	1
278763	1	0
282109	1	0
282779	1	0
287183	0	1
287438	1	0
287619	0	1
287813	0	1
288753	0	1
288783	1	0
292723	0	1
295063	1	0
295084	1	0
295343	1	0
295881	0	1
296069	1	0
298279	0	1
298843	0	1
302596	1	0
303759	0	1
306573	1	0
309056	0	1
312199	1	0
313020	0	1
314074	1	0
316210	1	0
316659	0	1
317558	1	0
318777	1	0
318798	1	0
319998	0	1
320756	0	1
322952	0	1
323457	1	0
326435	0	1
327585	0	1
327857	1	0
329925	0	1
331187	1	0
331261	1	0
331988	1	0
333503	0	1
336847	0	1
336848	0	1
341862	0	1
342492	0	1
347346	1	0
348584	1	0
350937	0	1
352077	1	0
353396	1	0
353845	0	1
355024	1	0
356872	0	1
359477	0	1
361353	0	1
362950	1	0
365614	0	1
366134	0	1
367615	0	1
368414	1	0
369056	0	1
369762	1	0
370447	0	1
370956	1	0
372253	1	0
373003	1	0
377858	0	1
379368	1	0
379664	0	1
380406	1	0
380967	1	0
383097	1	0
385923	0	1
389045	0	1
390494	1	0
390914	1	0
391302	1	0
393875	0	1
394875	1	0
397035	0	1
398168	0	1
399929	0	1
400905	1	0
402869	0	1
403991	0	1
404827	1	0
405387	1	0
405482	1	0
406115	0	1
406226	0	1
411643	0	1
411911	0	1
414138	1	0
416910	0	1
418465	0	1
419589	0	1
419823	1	0
420662	0	1
421227	0	1
421567	0	1
422764	1	0
423263	0	1
426570	0	1
429775	0	1
430172	0	1
430329	0	1
430615	1	0
431538	1	0
433277	0	1
433589	1	0
433969	1	0
436513	1	0
437230	1	0
438509	0	1
438864	1	0
439008	1	0
439975	0	1
440840	0	1
441061	0	1
442357	1	0
443404	0	1
444820	0	1
445029	1	0
446885	0	1
447220	0	1
448197	0	1
450248	0	1
450279	1	0
450802	0	1
453552	0	1
456035	0	1
457066	1	0
459751	0	1
463739	1	0
466073	0	1
468639	1	0
468778	1	0
470183	1	0
471804	1	0
473060	1	0
475203	0	1
475250	1	0
477211	1	0
478965	1	0
479366	0	1
479763	1	0
481097	1	0
481662	0	1
483785	0	1
484573	1	0
486608	0	1
492811	0	1
493287	0	1
493493	1	0
496580	1	0
497620	1	0
502523	1	0
503873	1	0
510673	1	0
511726	1	0
512723	1	0
512917	1	0
513503	0	1
513539	0	1
513773	1	0
515598	0	1
515640	0	1
516249	1	0
518893	1	0
520466	1	0
522032	0	1
522311	0	1
523089	1	0
524251	0	1
530357	0	1
530661	1	0
531041	1	0
531447	0	1
533296	1	0
534110	1	0
534189	1	0
535136	0	1
535454	0	1
537590	0	1
538061	1	0
538099	1	0
539299	1	0
541774	0	1
542414	0	1
544261	0	1
545215	0	1
546253	0	1
550525	1	0
552697	1	0
552741	0	1
554389	0	1
555223	0	1
559153	0	1
559487	0	1
559902	0	1
560016	0	1
560762	1	0
560916	0	1
562255	1	0
564421	1	0
566012	1	0
567950	1	0
568509	1	0
571002	0	1
571749	0	1
574065	1	0
575378	1	0
575585	1	0
575694	1	0
575719	0	1
575812	0	1
576630	1	0
576791	0	1
576829	1	0
578703	1	0
579373	1	0
581205	0	1
582008	0	1
582806	1	0
583673	0	1
584530	0	1
586697	1	0
587384	0	1
590517	1	0
590568	0	1
592550	0	1
592729	0	1
594014	1	0
594028	0	1
595060	0	1
595065	0	1
599091	1	0
602234	1	0
604353	0	1
607643	1	0
607853	0	1
608082	1	0
608359	0	1
609658	0	1
612807	0	1
618939	1	0
620595	1	0
622350	0	1
625549	0	1
626232	1	0
626616	1	0
626870	0	1
627040	1	0
629272	1	0
629484	0	1
629894	0	1
632173	1	0
632669	0	1
638055	0	1
638469	1	0
639486	1	0
639990	0	1
643211	1	0
643820	0	1
644578	1	0
645536	1	0
649262	0	1
649304	0	1
650986	1	0
653941	0	1
653978	0	1
654962	0	1
655488	1	0
658104	0	1
659194	1	0
660756	1	0
661560	0	1
662880	0	1
663337	1	0
663350	0	1
664496	0	1
664994	0	1
665965	1	0
669273	0	1
670014	0	1
670393	1	0
671012	1	0
674593	0	1
678275	0	1
680755	0	1
684125	0	1
684470	1	0
684593	0	1
684937	1	0
685441	1	0
685698	0	1
686944	0	1
687656	1	0
689915	1	0
690188	0	1
691802	1	0
692169	0	1
693308	1	0
693881	1	0
693960	0	1
694307	0	1
695762	0	1
696679	1	0
697655	1	0
697911	1	0
699039	1	0
706677	1	0
708940	0	1
710143	0	1
715114	0	1
718204	0	1
719411	0	1
719455	0	1
719586	1	0
719677	1	0
720479	1	0
721107	0	1
726043	1	0
726289	1	0
731093	1	0
733038	1	0
735356	0	1
736691	1	0
738164	0	1
739028	0	1
739046	1	0
739627	1	0
740530	0	1
742276	1	0
743119	1	0
743934	0	1
744132	1	0
744147	0	1
746040	0	1
746554	0	1
752098	1	0
752430	0	1
752982	1	0
753972	1	0
755847	1	0
756678	1	0
756856	1	0
757356	0	1
758292	1	0
759786	0	1
761746	1	0
761933	0	1
761964	1	0
762940	1	0
765154	1	0
765171	0	1
766659	1	0
768207	0	1
769002	0	1
772285	1	0
773663	1	0
773671	1	0
774554	1	0
777169	0	1
779534	1	0
780931	0	1
782424	0	1
783576	0	1
784004	1	0
785100	1	0
786585	0	1
787165	1	0
789747	0	1
790037	1	0
791871	0	1
792327	1	0
794309	0	1
795053	1	0
797251	0	1
797833	0	1
798154	1	0
800098	1	0
800590	1	0
802352	1	0
804171	0	1
804505	0	1
804827	0	1
805123	0	1
805328	0	1
805959	1	0
805995	1	0
806152	0	1
807649	0	1
809793	0	1
809905	1	0
810257	0	1
810568	0	1
813891	0	1
815547	0	1
816623	0	1
817108	0	1
819509	1	0
820271	1	0
823697	1	0
825329	0	1
826196	1	0
826376	1	0
831350	1	0
831583	1	0
831885	0	1
832637	0	1
833328	1	0
833540	0	1
835282	1	0
835561	0	1
836938	1	0
838809	0	1
839125	1	0
840350	1	0
842192	1	0
843548	0	1
844760	0	1
845227	1	0
846981	0	1
850855	1	0
851594	1	0
853626	0	1
853704	1	0
856108	0	1
856393	1	0
857063	0	1
857539	0	1
857651	1	0
860784	0	1
861401	1	0
862410	0	1
863319	0	1
863508	0	1
863817	1	0
863923	0	1
864869	0	1
865274	0	1
865863	0	1
866016	1	0
868081	0	1
868232	1	0
873895	0	1
874155	0	1
875288	1	0
875350	1	0
877412	0	1
877693	0	1
878694	1	0
880490	0	1
880707	1	0
881775	0	1
882101	0	1
883999	0	1
885710	0	1
885969	1	0
888609	1	0
888636	0	1
891259	0	1
892350	1	0
893039	0	1
894935	0	1
896618	1	0
902441	0	1
902876	0	1
902882	1	0
906503	0	1
909104	0	1
910844	0	1
911814	1	0
913450	1	0
915472	1	0
916099	0	1
918060	1	0
919912	0	1
921179	0	1
921864	0	1
923457	1	0
923462	0	1
925450	1	0
928473	0	1
928838	1	0
929010	0	1
929342	1	0
929822	0	1
932683	0	1
933728	0	1
934179	1	0
934378	0	1
934835	1	0
936104	1	0
936627	0	1
937442	0	1
938225	1	0
940573	0	1
941314	0	1
941880	1	0
943378	1	0
943712	0	1
944552	0	1
945056	0	1
946370	0	1
949167	0	1
949959	1	0
952005	1	0
952819	0	1
954243	1	0
954432	0	1
955189	0	1
958389	1	0
959629	1	0
961570	1	0
962507	0	1
963426	0	1
965893	0	1
965987	1	0
967123	0	1
970936	0	1
971909	1	0
972198	1	0
974709	1	0
975096	1	0
976704	1	0
977740	1	0
981703	1	0
983008	0	1
985434	0	1
985445	0	1
991498	0	1
991606	1	0
992125	0	1
996020	1	0
996032	1	0
998338	1	0
1000971	0	1
1001744	1	0
1002138	0	1
1004302	1	0
1005169	0	1
1005362	0	1
1008867	1	0
1011884	1	0
1012786	1	0
1015376	1	0
1016099	0	1
1017633	1	0
1018310	1	0
1019250	1	0
1019531	0	1
1023999	1	0
1024464	0	1
1024610	0	1
1024818	1	0
1024837	0	1
1026515	1	0
1027623	1	0
1029733	1	0
1030676	0	1
1032768	0	1
1034355	0	1
1036361	0	1
1037057	1	0
1038448	1	0
1038713	1	0
1039231	1	0
1039484	1	0
1040185	1	0
1040554	1	0
1041251	1	0
1046180	0	1
1046695	0	1
1052087	0	1
1053436	0	1
1054063	0	1
1056660	0	1
1057949	1	0
1058337	1	0
1060436	0	1
1061193	1	0
1061783	1	0
1062318	0	1
1063912	0	1
1064329	1	0
1066531	0	1
1066998	0	1
1068045	0	1
1068938	0	1
1071516	0	1
1074439	0	1
1074711	0	1
1075885	0	1
1078931	1	0
1079719	1	0
1083117	0	1
1083553	0	1
1084805	0	1
1086334	1	0
1086680	1	0
1086699	1	0
1087418	0	1
1091135	1	0
1091695	1	0
1093712	1	0
1093968	1	0
1094526	1	0
1094735	1	0
1096417	0	1
1098019	0	1
1099574	0	1
1099964	1	0
1101536	1	0
1101880	1	0
1102617	0	1
1103237	1	0
1103823	1	0
1103903	0	1
1105235	1	0
1106873	1	0
1108141	1	0
1109534	0	1
1109783	1	0
1109999	1	0
1110962	1	0
1113738	0	1
1114009	0	1
1114838	1	0
1115585	1	0
1116502	0	1
1116737	0	1
1117296	1	0
1117701	1	0
1120182	1	0
1122330	0	1
1123072	1	0
1124317	1	0
1124527	1	0
1125477	1	0
1125947	0	1
1128565	0	1
1130050	0	1
1131388	1	0
1131566	0	1
1132414	0	1
1138160	0	1
1142109	0	1
1143490	0	1
1143710	0	1
1145069	1	0
1146181	0	1
1147024	0	1
1147769	1	0
1148988	1	0
1151517	1	0
1153371	1	0
1154526	0	1
1157974	0	1
1158064	0	1
1164395	0	1
1164468	1	0
1164765	1	0
1165498	1	0
1165650	1	0
1166953	0	1
1167019	1	0
1167466	1	0
1167550	0	1
1169171	1	0
1170643	1	0
1171278	1	0
1171556	1	0
1173388	1	0
1173943	1	0
1176058	0	1
1176950	0	1
1177945	0	1
1177984	0	1
1179362	1	0
1179938	0	1
1180285	1	0
1181044	0	1
1181687	0	1
1182533	1	0
1187714	1	0
1188318	1	0
1190303	1	0
1191376	1	0
1194308	0	1
1194893	0	1
1195269	0	1
1198494	1	0
1198554	0	1
1202568	0	1
1203652	0	1
1204282	1	0
1211358	1	0
1211439	0	1
1212409	1	0
1212452	0	1
1213581	0	1
1213847	0	1
1215176	1	0
1220454	0	1
1223225	1	0
1224027	1	0
1225670	1	0
1227673	0	1
1228584	0	1
1229587	1	0
1229805	0	1
1230420	1	0
1230625	0	1
1232355	1	0
1233219	1	0
1234014	1	0
1236909	0	1
1237909	1	0
1238611	0	1
1239029	1	0
1239129	1	0
1239851	0	1
1239886	0	1
1240345	1	0
1241279	1	0
1245784	0	1
1245939	0	1
1247430	1	0
1248354	1	0
1250355	0	1
1250562	1	0
1250678	0	1
1251358	0	1
1253484	1	0
1253768	1	0
1255715	0	1
1256173	1	0
1256499	1	0
1256522	0	1
1257200	1	0
1257840	0	1
1259276	1	0
1259375	1	0
1259596	0	1
1259619	1	0
1259781	1	0
1261188	1	0
1261875	1	0
1262392	0	1
1263480	1	0
1270185	0	1
1272583	1	0
1274187	0	1
1277525	1	0
1277580	0	1
1277678	0	1
1278535	1	0
1279108	1	0
1282799	0	1
1283696	1	0
1284730	0	1
1287738	0	1
1288527	0	1
1291321	1	0
1291711	1	0
1292138	1	0
1292669	1	0
1293727	1	0
1294059	0	1
1295543	1	0
1295749	0	1
1295881	0	1
1298603	1	0
1298964	0	1
1299615	0	1
1300745	0	1
1301740	0	1
1301846	0	1
1304609	1	0
1308633	1	0
1310865	1	0
1311310	1	0
1312311	0	1
1312864	0	1
1313943	0	1
1318829	1	0
1319327	1	0
1320800	1	0
1321326	1	0
1323312	0	1
1323838	0	1
1326778	1	0
1328635	1	0
1330552	1	0
1331397	0	1
1331713	1	0
1331770	0	1
1332288	0	1
1332339	0	1
1333917	0	1
1335397	1	0
1336148	0	1
1338095	1	0
1339119	0	1
1339174	0	1
1339367	1	0
1339654	1	0
1340200	0	1
1340272	1	0
1341511	1	0
1342468	1	0
1343749	0	1
1344504	1	0
1347013	0	1
1347820	0	1
1347841	1	0
1350593	1	0
1352017	1	0
1354325	0	1
1358367	1	0
1358437	1	0
1358795	0	1
1358883	1	0
1359613	0	1
1362271	1	0
1362385	0	1
1363240	0	1
1363419	0	1
1365395	0	1
1367850	0	1
1367909	1	0
1368798	0	1
1369163	0	1
1373224	0	1
1377064	1	0
1378333	1	0
1383172	1	0
1383736	1	0
1386777	1	0
1387537	1	0
1387896	0	1
1391665	0	1
1393202	0	1
1393292	0	1
1396016	0	1
1397627	1	0
1398865	1	0
1400622	0	1
1401012	1	0
1402235	1	0
1404482	1	0
1404557	1	0
1404744	0	1
1407208	1	0
1408492	0	1
1409502	1	0
1409883	0	1
1410350	0	1
1413098	0	1
1413828	0	1
1413917	1	0
1416947	1	0
1417251	0	1
1419584	1	0
1422430	0	1
1423319	0	1
1424536	1	0
1425535	0	1
1426842	1	0
1429417	0	1
1429859	0	1
1432728	1	0
1433846	1	0
1434009	1	0
1434353	1	0
1435561	0	1
1435926	1	0
1436114	0	1
1436350	1	0
1438834	1	0
1440063	0	1
1444478	0	1
1445044	1	0
1446251	1	0
1447469	1	0
1448744	0	1
1448826	0	1
1450676	0	1
1454622	1	0
1455642	1	0
1455928	1	0
1457792	1	0
1457802	0	1
1458333	0	1
1461661	0	1
1462845	1	0
1465421	0	1
1466658	1	0
1468963	1	0
1471784	1	0
1472300	1	0
1472475	0	1
1474178	1	0
1474952	1	0
1475133	1	0
1476321	1	0
1476370	1	0
1476668	0	1
1478738	0	1
1478755	1	0
1479237	0	1
1479266	1	0
1487244	1	0
1488407	0	1
1488870	1	0
1492395	1	0
1493338	0	1
1494147	1	0
1495329	1	0
1495738	0	1
1496224	0	1
1496844	1	0
1497218	1	0
1498389	0	1
1499976	1	0
1500076	0	1
1504799	0	1
1506664	1	0
1508851	0	1
1510708	0	1
1510820	1	0
1511696	1	0
1512483	0	1
1513971	1	0
1514765	1	0
1516389	0	1
1517915	1	0
1519508	1	0
1520793	1	0
1521012	1	0
1522919	1	0
1524944	1	0
1528069	1	0
1528424	0	1
1528684	1	0
1529346	1	0
1529862	1	0
1532115	0	1
1533383	0	1
1535286	1	0
1536030	1	0
1536170	0	1
1536333	0	1
1536957	0	1
1537245	1	0
1539537	1	0
1540758	0	1
1542315	1	0
1543216	0	1
1543340	0	1
1543698	1	0
1544524	1	0
1544820	1	0
1544855	1	0
1546598	0	1
1548319	0	1
1548854	1	0
1551326	1	0
1552072	0	1
1554738	1	0
1556165	0	1
1557325	0	1
1557624	0	1
1558630	1	0
1561627	1	0
1562112	1	0
1564842	0	1
1568033	1	0
1568567	0	1
1570099	1	0
1573158	0	1
1573263	0	1
1576074	1	0
1576357	1	0
1578884	1	0
1580351	1	0
1580914	1	0
1581133	1	0
1582478	1	0
1584988	1	0
1587288	0	1
1588607	0	1
1592780	1	0
1593969	1	0
1594263	0	1
1595011	0	1
1595559	0	1
1601986	0	1
1602624	0	1
1609182	1	0
1610157	1	0
1610410	0	1
1610514	1	0
1611131	1	0
1611307	1	0
1612649	0	1
1613362	0	1
1619628	1	0
1623172	1	0
1623388	0	1
1624058	0	1
1624884	0	1
1625982	0	1
1628003	0	1
1628894	1	0
1629621	0	1
1630026	1	0
1633248	1	0
1633279	0	1
1635573	1	0
1635852	0	1
1637395	0	1
1637980	0	1
1642856	1	0
1643031	1	0
1643308	0	1
1646244	0	1
1647412	0	1
1647906	0	1
1647908	1	0
1648253	0	1
1648463	1	0
1648767	0	1
1651788	0	1
1654540	1	0
1656146	1	0
1656994	0	1
1659334	0	1
1660247	0	1
1660850	1	0
1661280	0	1
1664728	0	1
1665381	0	1
1666287	1	0
1666679	0	1
1669562	0	1
1670207	0	1
1670678	0	1
1672364	1	0
1672647	1	0
1672815	0	1
1675233	0	1
1677050	0	1
1678241	1	0
1678612	0	1
1679914	1	0
1681270	0	1
1681799	0	1
1681893	1	0
1684725	1	0
1685547	0	1
1687471	0	1
1687862	1	0
1689055	0	1
1689802	0	1
1690444	0	1
1690625	0	1
1690999	1	0
1691110	0	1
1691591	0	1
1693396	1	0
1694669	1	0
1696157	0	1
1696169	1	0
1697681	0	1
1698614	1	0
1698964	1	0
1699221	0	1
1699494	1	0
1701973	1	0
1707372	0	1
1710638	0	1
1711207	1	0
1713227	1	0
1714281	1	0
1716541	0	1
1717423	0	1
1718612	1	0
1720675	1	0
1720816	1	0
1721843	1	0
1722451	1	0
1723687	0	1
1727938	0	1
1728603	1	0
1729269	0	1
1731354	1	0
1732735	1	0
1733403	1	0
1734960	0	1
1735650	1	0
1735846	0	1
1736645	1	0
1737188	1	0
1737516	0	1
1740983	1	0
1742543	1	0
1743761	0	1
1745591	0	1
1746632	1	0
1748240	0	1
1751796	1	0
1754442	1	0
1754687	1	0
1755094	1	0
1755194	1	0
1760323	0	1
1760683	0	1
1762124	0	1
1762250	0	1
1762566	1	0
1763498	0	1
1763646	0	1
1764303	0	1
1765333	0	1
1765886	0	1
1766968	1	0
1767994	1	0
1768655	1	0
1770244	0	1
1771757	1	0
1773307	1	0
1774406	0	1
1774997	1	0
1776263	0	1
1779922	1	0
1781133	1	0
1786321	0	1
1787097	0	1
1788891	0	1
1788943	0	1
1790872	1	0
1791846	0	1
1791854	0	1
1792287	1	0
1793308	0	1
1795256	0	1
1795329	0	1
1796391	1	0
1798543	0	1
1799941	1	0
1803514	0	1
1803618	1	0
1804050	1	0
1807404	1	0
1809335	1	0
1810556	0	1
1812942	1	0
1815960	1	0
1820761	0	1
1829446	0	1
1829647	0	1
1829745	0	1
1829847	1	0
1829867	0	1
1834625	1	0
1834758	0	1
1837216	1	0
1838757	1	0
1839649	0	1
1840217	0	1
1840799	1	0
1841190	1	0
1844415	0	1
1846139	0	1
1846175	0	1
1847001	1	0
1847442	0	1
1847482	1	0
1850362	0	1
1852327	1	0
1852861	0	1
1854984	1	0
1855508	0	1
1855999	1	0
1859508	0	1
1864531	1	0
1865520	0	1
1869566	0	1
1872484	1	0
1873457	0	1
1874079	1	0
1875731	0	1
1876542	0	1
1877781	0	1
1883975	1	0
1885957	0	1
1886500	1	0
1886625	1	0
1886898	0	1
1887896	0	1
1888616	1	0
1890766	0	1
1894373	1	0
1894635	1	0
1897257	0	1
1901464	1	0
1905737	1	0
1905789	0	1
1905869	0	1
1905877	1	0
1906377	0	1
1906454	0	1
1906918	1	0
1907505	0	1
1911600	1	0
1912464	0	1
1912899	0	1
1913831	1	0
1915206	0	1
1915364	0	1
1917256	1	0
1919802	0	1
1922281	1	0
1925230	1	0
1925872	0	1
1926654	1	0
1926797	0	1
1927139	1	0
1931873	0	1
1932320	0	1
1935492	1	0
1938441	1	0
1941850	0	1
1942077	0	1
1944900	0	1
1946233	1	0
1946549	1	0
1947114	0	1
1947347	1	0
1948131	1	0
1948248	1	0
1948489	0	1
1948782	0	1
1950348	0	1
1951485	0	1
1954239	1	0
1954613	0	1
1955937	0	1
1955984	0	1
1956952	1	0
1959604	1	0
1965127	0	1
1965141	1	0
1965530	0	1
1965868	0	1
1965933	1	0
1965947	0	1
1966845	0	1
1966908	0	1
1967343	1	0
1968705	1	0
1969171	0	1
1969590	1	0
1970781	1	0
1971420	0	1
1973036	1	0
1973950	0	1
1975287	1	0
1975869	0	1
1976320	1	0
1976511	0	1
1980198	1	0
1982376	1	0
1986083	0	1
1986357	1	0
1989963	0	1
1993622	0	1
1994067	0	1
1994495	1	0
1995564	1	0
1995838	1	0
1996616	1	0
1996890	1	0
2000815	0	1
2001723	1	0
2006151	0	1
2007532	0	1
2008415	1	0
2012991	1	0
2013197	1	0
2014531	1	0
2015977	1	0
2016736	1	0
2016818	0	1
2017723	1	0
2018558	1	0
2020749	0	1
2021145	0	1
2021807	1	0
2022174	0	1
2023720	0	1
2029843	1	0
2030104	0	1
2032401	1	0
2032752	1	0
2032832	0	1
2033032	1	0
2036679	0	1
2039604	1	0
2040060	1	0
2043995	1	0
2046523	0	1
2047284	0	1
2048126	1	0
2049451	1	0
2049681	1	0
2049701	0	1
2050113	0	1
2050134	1	0
2051630	1	0
2052699	1	0
2053217	0	1
2055237	1	0
2055448	1	0
2055823	0	1
2056284	1	0
2056575	0	1
2056698	1	0
2059418	1	0
2059542	1	0
2061077	0	1
2061248	0	1
2061263	0	1
2062349	0	1
2065517	0	1
2068142	0	1
2068693	1	0
2068730	1	0
2070881	1	0
2073067	1	0
2075771	0	1
2077248	1	0
2079446	0	1
2082483	0	1
2083290	0	1
2084378	0	1
2085319	1	0
2086889	1	0
2088420	1	0
2089400	1	0
2091750	1	0
2092690	0	1
2095013	0	1
2095455	0	1
2095718	1	0
2100386	0	1
2102192	1	0
2102593	0	1
2103754	1	0
2107896	0	1
2108009	0	1
2108126	0	1
2109413	1	0
2109752	1	0
2111684	0	1
2112804	1	0
2114267	0	1
2114420	1	0
2114538	0	1
2115846	0	1
2116549	0	1
2116671	1	0
2117290	0	1
2118777	0	1
2119058	1	0
2122072	1	0
2126061	1	0
2130405	1	0
2132151	1	0
2132846	0	1
2134661	0	1
2135114	1	0
2135618	1	0
2136860	1	0
2138065	1	0
2140877	0	1
2141269	1	0
2143206	0	1
2146979	1	0
2146981	0	1
2147843	1	0
2149270	1	0
2151741	0	1
2152012	0	1
2154597	1	0
2155201	0	1
2158171	1	0
2158209	1	0
2158328	0	1
2163640	0	1
2164894	1	0
2165615	1	0
2165863	0	1
2167262	0	1
2167313	0	1
2167811	0	1
2168332	0	1
2169579	1	0
2170982	0	1
2173476	1	0
2176976	0	1
2178416	0	1
2179567	1	0
2180245	0	1
2184777	0	1
2185001	1	0
2188007	0	1
2188504	1	0
2189564	0	1
2191092	0	1
2191452	0	1
2191697	0	1
2192644	0	1
2194736	1	0
2196308	0	1
2196477	0	1
2199556	0	1
2200427	0	1
2204335	1	0
2205410	0	1
2205529	1	0
2205831	0	1
2208398	0	1
2210030	0	1
2213034	1	0
2213567	0	1
2214568	1	0
2215969	0	1
2217172	1	0
2217523	0	1
2218265	0	1
2218646	0	1
2221137	0	1
2226893	0	1
2226985	1	0
2228654	1	0
2229188	1	0
2230497	1	0
2230895	0	1
2232299	0	1
2232918	1	0
2233384	0	1
2236620	0	1
2240427	0	1
2241695	1	0
2242017	0	1
2245754	0	1
2247605	1	0
2249459	0	1
2249777	1	0
2252140	1	0
2252506	0	1
2253838	0	1
2255492	1	0
2257300	0	1
2257960	1	0
2259862	1	0
2262971	0	1
2264151	1	0
2264278	1	0
2264463	0	1
2264612	0	1
2264865	1	0
2265046	1	0
2267054	1	0
2267108	0	1
2267477	0	1
2270293	0	1
2275133	0	1
2276373	1	0
2281358	0	1
2281418	0	1
2285374	1	0
2285872	0	1
2288011	0	1
2290229	1	0
2292850	0	1
2293668	0	1
2297225	1	0
2297623	1	0
2301255	0	1
2302542	0	1
2308180	0	1
2308225	0	1
2309947	0	1
2311059	0	1
2311963	1	0
2312363	1	0
2312891	0	1
2313274	0	1
2313604	0	1
2315747	0	1
2316678	0	1
2316794	0	1
2318794	1	0
2319811	1	0
2321604	0	1
2322570	1	0
2323251	0	1
2328965	0	1
2329004	1	0
2332603	1	0
2336164	0	1
2336825	0	1
2337147	0	1
2338434	1	0
2338696	0	1
2340863	1	0
2341254	1	0
2341712	1	0
2345013	1	0
2348122	1	0
2349144	0	1
2351792	1	0
2352372	0	1
2360581	0	1
2361339	0	1
2361805	1	0
2361862	0	1
2367962	0	1
2368796	0	1
2370564	1	0
2371929	0	1
2373641	0	1
2373711	1	0
2377079	1	0
2380565	0	1
2381636	1	0
2386064	1	0
2386504	1	0
2387733	0	1
2388407	1	0
2389726	1	0
2390203	1	0
2392484	0	1
2392581	0	1
2392639	1	0
2392707	0	1
2392925	1	0
2393596	0	1
2397741	0	1
2397898	0	1
2399288	0	1
2400288	1	0
2400869	0	1
2401164	1	0
2401497	1	0
2401557	1	0
2403222	1	0
2404636	1	0
2405418	1	0
2407110	0	1
2407266	0	1
2410988	0	1
2413496	0	1
2414931	1	0
2415566	0	1
2416285	1	0
2417163	1	0
2420812	1	0
2423468	1	0
2424335	1	0
2425413	0	1
2428189	1	0
2432163	0	1
2433522	1	0
2435362	1	0
2435940	0	1
2439274	1	0
2441690	0	1
2442761	1	0
2445457	1	0
2447985	1	0
2450188	0	1
2450375	0	1
2451399	0	1
2454479	0	1
2456443	0	1
2457171	0	1
2462251	0	1
2462636	0	1
2463177	0	1
2467287	0	1
2469492	0	1
2472566	1	0
2472582	1	0
2473219	1	0
2473577	0	1
2474045	1	0
2475831	0	1
2477548	1	0
2478374	1	0
2478980	1	0
2480152	0	1
2481169	0	1
2482235	1	0
2483509	0	1
2484181	1	0
2486150	0	1
2486536	1	0
2487958	1	0
2492262	0	1
2492267	1	0
2493980	0	1
2494134	1	0
2495181	1	0
2496496	1	0
2496867	1	0
2500135	1	0
2501433	1	0
2501785	1	0
2503745	0	1
2503894	1	0
2504974	0	1
2505107	1	0
2506267	0	1
2506656	0	1
2508054	0	1
2509731	1	0
2510721	1	0
2512150	0	1
2514387	0	1
2516584	1	0
2517873	1	0
2518673	0	1
2519372	1	0
2522141	0	1
2523759	1	0
2524032	0	1
2525144	0	1
2528336	0	1
2528554	0	1
2531044	0	1
2533332	0	1
2534255	0	1
2534307	1	0
2534520	1	0
2537932	0	1
2537993	0	1
2538615	0	1
2539902	0	1
2540195	0	1
2545484	1	0
2545711	1	0
2546746	1	0
2548029	0	1
2548380	1	0
2549217	1	0
2550118	1	0
2552059	1	0
2553400	0	1
2554241	1	0
2555707	1	0
2556513	0	1
2557508	0	1
2558941	0	1
2559208	0	1
2561276	1	0
2562507	1	0
2567744	1	0
2568080	0	1
2568917	1	0
2571930	0	1
2573157	1	0
2574883	1	0
2575595	1	0
2577132	0	1
2581024	0	1
2581322	0	1
2583518	0	1
2588172	0	1
2588192	0	1
2588515	1	0
2588682	0	1
2590626	1	0
2590739	0	1
2599331	0	1
2599989	1	0
2603130	1	0
2603409	0	1
2604184	0	1
2606668	0	1
2607874	1	0
2608701	0	1
2609660	0	1
2610797	0	1
2611571	0	1
2611858	1	0
2612020	1	0
2612239	0	1
2612311	1	0
2613402	0	1
2615911	0	1
2616504	1	0
2616609	0	1
2617349	1	0
2618577	1	0
2619316	0	1
2621535	1	0
2625328	1	0
2628047	0	1
2629670	0	1
2630517	1	0
2632047	1	0
2632066	1	0
2637457	1	0
2637709	0	1
2640865	1	0
2643059	1	0
2645206	1	0
2645624	1	0
2645954	1	0
2646701	1	0
2649224	0	1
2650022	1	0
2653674	1	0
2654254	0	1
2655542	0	1
2660804	1	0
2662179	1	0
2662242	0	1
2663073	0	1
2663617	0	1
2664630	1	0
2665077	1	0
2665251	1	0
2666722	1	0
2668247	0	1
2670938	0	1
2671128	1	0
2673264	1	0
2675601	0	1
2676988	0	1
2677294	0	1
2677698	1	0
2678421	1	0
2679462	1	0
2680328	0	1
2681168	1	0
2683610	0	1
2686331	1	0
2688593	0	1
2691395	1	0
2692524	0	1
2696956	0	1
2698200	1	0
2699435	1	0
2699948	0	1
2701472	0	1
2701544	1	0
2701737	0	1
2701923	1	0
2703343	1	0
2703600	1	0
2704157	0	1
2704218	0	1
2704573	0	1
2709012	1	0
2709961	0	1
2710180	1	0
2711167	0	1
2714998	1	0
2717674	1	0
2718338	0	1
2718784	1	0
2720696	1	0
2721063	1	0
2721454	1	0
2721572	0	1
2724233	1	0
2725025	1	0
2726125	0	1
2727904	0	1
2730026	0	1
2730817	1	0
2731089	0	1
2733441	0	1
2733483	1	0
2737392	0	1
2738539	1	0
2741315	1	0
2742566	1	0
2742953	1	0
2743422	1	0
2744437	0	1
2748799	0	1
2749071	0	1
2750022	1	0
2750584	1	0
2752542	0	1
2754707	0	1
2755444	0	1
2755749	1	0
2755842	0	1
2756138	1	0
2756562	0	1
2757780	0	1
2760532	1	0
2760715	0	1
2764947	0	1
2766479	1	0
2768285	0	1
2773707	1	0
2774425	0	1
2775436	0	1
2776952	0	1
2777911	1	0
2778385	0	1
2778534	1	0
2778982	1	0
2780935	1	0
2782300	1	0
2784455	0	1
2785426	0	1
2785778	1	0
2787096	0	1
2787580	0	1
2787620	1	0
2790735	1	0
2791462	1	0
2792203	0	1
2794005	1	0
2797958	1	0
2798059	0	1
2798312	1	0
2798831	0	1
2799212	0	1
2800124	1	0
2802443	0	1
2805008	1	0
2806216	1	0
2806583	1	0
2806859	1	0
2808672	0	1
2809033	1	0
2810067	0	1
2811911	1	0
2812257	1	0
2812513	1	0
2812568	0	1
2812781	0	1
2815323	1	0
2815471	1	0
2815809	0	1
2815854	0	1
2817358	0	1
2817710	0	1
2818422	0	1
2818622	1	0
2819254	1	0
2819991	0	1
2820845	0	1
2821578	1	0
2821723	0	1
2823697	0	1
2823894	0	1
2824630	1	0
2825054	0	1
2825532	0	1
2827020	0	1
2827993	0	1
2828274	1	0
2829119	0	1
2829672	1	0
2831297	1	0
2831639	1	0
2834124	1	0
2835120	0	1
2836046	1	0
2836436	0	1
2836711	1	0
2837562	1	0
2842904	0	1
2843095	1	0
2843540	0	1
2845690	1	0
2847147	0	1
2847583	1	0
2848087	1	0
2848813	1	0
2850044	1	0
2851738	1	0
2854334	1	0
2855858	0	1
2856219	0	1
2859685	1	0
2861711	1	0
2862201	0	1
2862686	0	1
2865525	0	1
2865705	1	0
2867043	0	1
2867477	1	0
2869817	0	1
2870422	0	1
2872184	0	1
2872469	1	0
2873345	1	0
2875515	1	0
2876190	0	1
2876425	0	1
2877821	1	0
2879687	1	0
2880126	0	1
2880927	0	1
2884002	1	0
2886742	0	1
2888380	1	0
2889572	0	1
2891839	1	0
2895014	1	0
2895018	0	1
2895693	1	0
2896792	0	1
2898557	1	0
2898680	0	1
2899361	1	0
2899799	1	0
2900534	1	0
2901453	0	1
2902891	0	1
2903805	0	1
2905097	1	0
2906261	1	0
2907007	0	1
2907014	0	1
2907303	0	1
2907818	0	1
2908030	1	0
2909247	0	1
2910508	0	1
2911433	0	1
2911949	0	1
2913361	1	0
2913643	0	1
2913651	0	1
2915421	1	0
2916203	0	1
2917799	1	0
2918072	0	1
2918159	0	1
2918793	0	1
2920381	0	1
2920526	1	0
2920817	1	0
2921624	1	0
2922918	0	1
2924767	0	1
2924922	0	1
2926228	1	0
2926882	1	0
2928361	1	0
2928665	1	0
2929666	0	1
2929918	1	0
2929944	0	1
2930834	0	1
2931106	1	0
2932462	0	1
2933488	0	1
2935476	1	0
2936142	0	1
2942209	0	1
2943175	1	0
2944044	0	1
2945889	0	1
2947023	0	1
2947623	1	0
2948519	0	1
2948799	0	1
2949466	1	0
2949507	0	1
2950335	0	1
2950763	1	0
2951761	0	1
2951801	1	0
2952881	0	1
2953344	1	0
2954493	1	0
2956252	0	1
2957026	0	1
2958477	1	0
2958841	1	0
2967599	1	0
2967970	1	0
2971739	1	0
2972066	0	1
2972984	0	1
2975279	0	1
2976960	0	1
2978590	0	1
2979364	1	0
2981235	0	1
2984601	1	0
2985378	0	1
2986379	1	0
2986471	0	1
2987132	0	1
2987972	1	0
2990978	1	0
2991135	1	0
2992886	0	1
2993937	1	0
2995181	1	0
2995222	1	0
2995434	1	0
2995880	0	1
2995887	0	1
2997362	1	0
3000084	0	1
3001140	1	0
3002185	1	0
3003460	0	1
3003940	1	0
3004549	1	0
3005690	0	1
3007898	0	1
3008199	0	1
3008728	0	1
3010539	1	0
3011095	0	1
3011161	1	0
3011388	1	0
3011676	0	1
3012587	0	1
3013931	1	0
3016760	0	1
3019864	1	0
3020354	1	0
3022220	0	1
3022663	0	1
3023276	1	0
3023738	0	1
3024450	1	0
3024773	1	0
3025286	0	1
3025460	0	1
3029855	0	1
3030790	1	0
3034210	0	1
3036038	1	0
3036854	1	0
3038727	1	0
3040046	0	1
3040529	1	0
3041512	1	0
3043173	1	0
3043659	1	0
3043676	1	0
3044093	1	0
3046217	1	0
3049762	1	0
3051071	1	0
3051261	1	0
3053150	0	1
3054148	1	0
3056017	0	1
3058625	0	1
3062554	1	0
3063971	1	0
3066538	0	1
3068347	1	0
3070078	0	1
3072688	1	0
3076106	1	0
3079203	0	1
3079875	1	0
3079992	1	0
3082351	0	1
3083383	1	0
3084425	0	1
3086750	0	1
3086794	0	1
3089598	0	1
3089645	1	0
3091220	0	1
3092401	1	0
3093770	0	1
3094395	0	1
3094825	1	0
3095775	0	1
3098668	0	1
3099779	0	1
3101230	0	1
3102007	1	0
3106780	0	1
3108589	1	0
3109174	0	1
3110587	1	0
3111630	0	1
3114502	1	0
3114931	0	1
3115084	0	1
3115367	1	0
3116020	0	1
3118586	1	0
3119008	0	1
3120321	1	0
3121624	1	0
3122323	0	1
3122392	1	0
3124213	1	0
3124681	0	1
3125359	1	0
3125991	0	1
3127444	1	0
3127565	1	0
3128629	1	0
3128650	1	0
3134084	1	0
3135301	0	1
3135948	1	0
3136160	1	0
3137751	0	1
3140900	1	0
3141411	1	0
3143350	1	0
3143802	1	0
3148003	1	0
3149619	1	0
3150927	1	0
3154486	1	0
3154904	1	0
3158333	0	1
3159844	1	0
3161811	0	1
3162941	1	0
3165334	0	1
3166932	0	1
3167144	0	1
3168408	1	0
3168845	0	1
3172145	1	0
3172440	0	1
3172889	0	1
3172955	0	1
3173746	1	0
3174833	1	0
3175969	1	0
3179112	1	0
3179681	1	0
3180472	0	1
3183012	0	1
3184159	1	0
3185574	0	1
3186009	1	0
3186900	1	0
3188193	0	1
3188384	0	1
3188429	1	0
3188590	1	0
3189456	1	0
3189489	0	1
3190801	1	0
3190938	0	1
3191324	0	1
3192066	1	0
3192231	0	1
3192652	1	0
3192681	1	0
3198283	0	1
3199544	0	1
3200178	0	1
3200214	0	1
3200873	0	1
3201677	0	1
3205241	1	0
3205677	0	1
3206949	0	1
3208408	1	0
3208683	0	1
3209623	0	1
3211682	1	0
3211818	1	0
3213060	0	1
3213096	0	1
3213106	0	1
3213188	1	0
3214064	0	1
3217529	0	1
3218223	0	1
3218327	0	1
3220961	0	1
3221938	1	0
3222450	1	0
3226846	0	1
3230558	0	1
3230960	0	1
3231260	0	1
3232445	1	0
3234909	1	0
3235457	1	0
3236634	1	0
3236870	1	0
3237159	0	1
3239069	0	1
3239286	0	1
3239699	0	1
3241258	1	0
3241279	1	0
3241323	0	1
3241775	1	0
3242323	0	1
3242923	0	1
3245117	1	0
3245166	1	0
3245758	1	0
3247114	1	0
3247320	1	0
3249920	0	1
3251303	0	1
3251467	0	1
3251778	0	1
3253602	1	0
3254291	1	0
3255175	1	0
3258087	1	0
3258285	0	1
3262730	1	0
3262789	0	1
3262929	1	0
3263266	0	1
3265456	1	0
3266268	0	1
3267680	0	1
3267936	1	0
3268180	0	1
3269161	0	1
3270958	0	1
3271786	1	0
3274502	1	0
3275942	1	0
3276324	0	1
3276681	0	1
3277306	0	1
3279190	1	0
3282895	0	1
3285534	1	0
3285939	0	1
3286648	0	1
3287909	1	0
3288964	0	1
3289622	0	1
3289765	0	1
3291426	0	1
3291549	1	0
3294229	1	0
3296883	0	1
3298526	1	0
3299415	1	0
3301016	0	1
3301686	0	1
3303815	0	1
3305873	1	0
3306099	1	0
3306609	0	1
3307171	1	0
3307775	0	1
3308890	0	1
3308947	0	1
3310385	0	1
3310686	0	1
3311404	0	1
3312203	0	1
3312775	0	1
3313420	0	1
3313685	0	1
3313780	1	0
3314849	1	0
3316057	1	0
3316267	1	0
3316617	1	0
3317067	1	0
3319435	0	1
3319657	0	1
3320728	0	1
3321848	0	1
3322409	0	1
3322985	0	1
3327246	0	1
3328321	1	0
3329731	0	1
3330631	0	1
3332018	0	1
3333257	0	1
3333467	0	1
3334011	1	0
3334834	0	1
3335017	0	1
3335619	1	0
3335965	1	0
3338472	1	0
3339029	0	1
3339372	0	1
3340072	0	1
3341604	1	0
3341695	0	1
3341961	1	0
3343541	1	0
3345401	1	0
3346683	0	1
3349501	1	0
3349748	1	0
3351369	1	0
3354691	0	1
3354909	1	0
3355282	0	1
3356337	0	1
3356900	1	0
3358464	1	0
3358544	0	1
3358778	0	1
3360457	0	1
3365159	1	0
3368695	1	0
3371779	0	1
3371962	1	0
3372173	0	1
3372273	1	0
3373316	1	0
3376170	1	0
3377182	1	0
3379211	0	1
3379490	1	0
3382141	1	0
3382418	1	0
3382494	1	0
3383224	1	0
3384304	1	0
3389012	1	0
3389141	0	1
3389568	0	1
3389717	1	0
3390377	1	0
3390832	1	0
3391792	1	0
3392363	1	0
3395875	1	0
3397955	1	0
3400586	0	1
3400771	1	0
3401912	1	0
3402235	1	0
3404937	0	1
3404958	1	0
3405107	0	1
3405736	1	0
3406422	0	1
3406855	0	1
3406990	0	1
3407159	0	1
3407670	0	1
3411685	0	1
3411995	0	1
3413829	1	0
3414228	0	1
3414279	1	0
3414301	0	1
3414522	0	1
3415349	1	0
3417229	1	0
3418969	1	0
3419549	0	1
3420419	0	1
3422662	0	1
3425092	0	1
3425606	0	1
3425612	1	0
3425677	0	1
3427462	1	0
3427887	1	0
3428763	1	0
3429048	1	0
3431552	1	0
3432485	1	0
3433484	1	0
3433937	0	1
3434894	0	1
3434897	1	0
3435330	0	1
3435902	0	1
3436348	0	1
3436468	1	0
3437452	0	1
3439523	1	0
3443332	1	0
3444249	1	0
3445450	0	1
3445909	0	1
3446125	0	1
3446314	0	1
3448071	1	0
3449839	0	1
3450103	1	0
3450815	0	1
3452017	1	0
3452196	1	0
3454248	0	1
3455538	0	1
3456811	0	1
3458422	1	0
3464230	0	1
3465332	0	1
3467996	1	0
3468720	1	0
3470137	1	0
3473595	0	1
3475050	1	0
3475532	0	1
3476822	1	0
3477399	0	1
3477918	0	1
3479174	1	0
3479407	0	1
3480296	0	1
3484178	0	1
3484824	0	1
3485104	0	1
3485948	0	1
3488399	1	0
3490864	0	1
3493209	1	0
3493225	0	1
3493640	0	1
3505627	0	1
3505797	1	0
3506695	0	1
3508776	1	0
3508950	1	0
3510398	1	0
3511291	0	1
3511579	1	0
3514390	0	1
3514657	0	1
3516016	0	1
3517816	1	0
3518919	0	1
3520241	1	0
3520410	0	1
3520901	0	1
3522080	1	0
3522751	0	1
3524205	1	0
3526752	0	1
3527034	0	1
3530148	0	1
3530792	0	1
3534614	0	1
3535895	0	1
3537976	1	0
3538940	0	1
3539950	1	0
3540479	1	0
3540664	0	1
3541310	1	0
3541633	0	1
3541678	1	0
3542107	0	1
3542373	0	1
3545151	1	0
3545264	0	1
3545535	0	1
3547158	1	0
3550512	0	1
3550899	1	0
3550928	0	1
3555236	0	1
3556764	0	1
3557260	0	1
3558113	0	1
3559332	0	1
3559957	1	0
3562724	1	0
3564451	0	1
3568565	0	1
3569142	1	0
3572831	0	1
3573701	0	1
3575072	0	1
3576851	0	1
3579060	1	0
3579733	1	0
3580525	0	1
3582791	1	0
3584477	0	1
3588246	1	0
3593434	0	1
3593697	1	0
3594042	0	1
3595720	1	0
3597554	0	1
3598786	0	1
3601583	1	0
3601970	0	1
3602523	0	1
3603433	0	1
3603938	0	1
3604989	1	0
3606519	1	0
3606851	0	1
3607737	1	0
3614347	1	0
3614870	1	0
3614918	0	1
3617185	1	0
3618118	1	0
3618191	1	0
3621137	1	0
3621828	1	0
3625359	0	1
3626045	1	0
3626152	0	1
3626528	1	0
3627103	1	0
3628955	1	0
3629228	1	0
3629980	0	1
3632733	0	1
3633751	1	0
3633897	1	0
3633931	1	0
3635562	0	1
3640720	0	1
3642770	0	1
3644699	1	0
3646199	0	1
3648315	0	1
3648370	1	0
3648780	0	1
3650365	0	1
3653054	1	0
3654551	1	0
3654810	0	1
3658481	1	0
3661596	0	1
3661717	1	0
3662003	0	1
3662432	1	0
3664220	0	1
3666835	0	1
3667986	0	1
3668283	0	1
3668998	0	1
3669196	1	0
3672520	1	0
3674448	1	0
3675400	1	0
3676206	0	1
3676344	1	0
3676856	0	1
3677028	0	1
3679061	1	0
3680111	1	0
3680455	1	0
3680794	1	0
3681197	1	0
3681690	1	0
3682344	0	1
3682815	0	1
3684332	1	0
3684380	1	0
3684911	1	0
3686734	1	0
3690548	1	0
3692712	1	0
3693080	0	1
3693434	1	0
3693716	1	0
3696570	0	1
3696933	1	0
3698826	1	0
3699230	1	0
3699275	1	0
3701038	1	0
3702765	1	0
3702890	0	1
3703418	0	1
3707368	1	0
3707606	1	0
3707727	1	0
3708931	1	0
3712495	1	0
3712687	0	1
3713646	0	1
3715182	1	0
3715434	0	1
3715450	0	1
3718365	0	1
3718413	1	0
3718810	0	1
3720216	0	1
3720665	0	1
3720679	0	1
3721821	1	0
3722312	0	1
3722531	0	1
3727263	1	0
3727504	0	1
3729236	1	0
3732187	0	1
3734796	1	0
3735068	1	0
3735429	1	0
3735454	0	1
3739026	1	0
3741934	1	0
3743141	1	0
3743296	0	1
3743551	0	1
3744698	1	0
3745085	1	0
3745561	0	1
3745811	1	0
3746092	1	0
3746922	0	1
3747873	1	0
3748829	1	0
3756635	1	0
3756820	0	1
3758702	0	1
3760807	0	1
3761979	0	1
3762808	1	0
3765793	1	0
3768141	1	0
3768210	0	1
3772604	0	1
3772614	1	0
3773749	0	1
3774882	1	0
3777279	0	1
3777927	0	1
3778055	1	0
3779217	1	0
3779251	1	0
3779850	1	0
3785476	1	0
3788183	1	0
3788404	1	0
3790542	0	1
3792763	1	0
3796274	1	0
3796613	1	0
3797535	0	1
3799877	0	1
3801344	1	0
3802546	0	1
3803953	0	1
3804317	0	1
3804352	1	0
3806129	1	0
3806657	0	1
3807288	0	1
3808552	0	1
3809979	0	1
3810282	1	0
3812613	0	1
3813251	1	0
3814583	0	1
3819107	0	1
3820216	1	0
3820809	1	0
3822096	0	1
3823025	0	1
3823828	0	1
3825585	0	1
3829029	0	1
3829899	0	1
3830023	1	0
3831147	1	0
3831522	1	0
3831576	1	0
3833645	1	0
3834070	1	0
3836071	1	0
3836964	1	0
3837474	1	0
3837977	0	1
3838035	1	0
3839054	1	0
3841367	0	1
3841484	0	1
3841638	0	1
3842643	0	1
3844082	1	0
3845664	1	0
3846165	1	0
3846217	1	0
3846931	0	1
3847273	1	0
3847275	0	1
3848818	0	1
3852867	0	1
3853529	1	0
3854005	1	0
3855081	1	0
3857628	0	1
3859740	0	1
3861279	0	1
3862034	0	1
3863597	0	1
3863922	1	0
3864368	1	0
3866373	0	1
3869917	0	1
3870198	1	0
3870666	0	1
3870675	0	1
3871428	1	0
3871743	0	1
3873110	0	1
3874758	1	0
3874927	0	1
3875042	1	0
3878199	1	0
3878857	0	1
3879874	0	1
3884277	1	0
3886174	1	0
3886699	1	0
3886819	1	0
3887843	0	1
3888390	1	0
3888420	1	0
3890386	1	0
3891034	0	1
3892163	1	0
3894042	1	0
3897811	0	1
3899074	0	1
3899580	0	1
3899736	0	1
3899839	1	0
3900353	1	0
3901795	0	1
3903379	1	0
3903690	1	0
3903806	1	0
3904292	1	0
3905350	0	1
3907223	1	0
3908229	1	0
3908680	1	0
3909985	1	0
3910396	1	0
3911806	1	0
3914265	1	0
3915623	1	0
3916735	1	0
3917225	0	1
3920016	0	1
3926006	0	1
3928009	0	1
3929146	0	1
3929350	1	0
3929855	0	1
3930465	1	0
3930926	1	0
3931714	0	1
3932972	0	1
3933292	0	1
3933676	1	0
3933835	1	0
3934325	1	0
3935243	1	0
3936140	1	0
3943366	1	0
3948657	1	0
3949422	0	1
3954189	1	0
3954511	1	0
3955550	0	1
3956356	1	0
3960928	1	0
3963340	0	1
3963662	0	1
3964434	1	0
3964680	1	0
3965684	1	0
3967787	0	1
3967836	1	0
3968120	1	0
3973175	0	1
3977493	1	0
3978577	0	1
3979962	0	1
3980386	1	0
3984436	0	1
3985913	0	1
3987378	1	0
3987393	1	0
3989949	1	0
3991957	0	1
3993497	1	0
3995297	1	0
3995524	1	0
3997215	1	0
3997351	0	1
3998987	1	0
3998991	0	1
4000987	1	0
4001889	1	0
4002194	1	0
4003936	0	1
4004442	1	0
4007312	1	0
4007577	0	1
4011295	1	0
4016003	1	0
4016487	1	0
4019132	1	0
4021593	1	0
4022330	1	0
4022933	0	1
4023376	1	0
4030036	0	1
4030430	1	0
4033808	0	1
4034554	1	0
4038206	1	0
4040639	1	0
4040865	0	1
4042004	0	1
4043496	1	0
4044190	1	0
4044197	1	0
4044722	1	0
4047156	0	1
4047243	1	0
4047392	1	0
4049005	0	1
4049968	0	1
4050887	1	0
4051511	1	0
4052745	1	0
4055287	1	0
4055720	0	1
4058203	1	0
4058922	1	0
4059849	1	0
4061593	1	0
4061993	0	1
4065387	0	1
4067001	1	0
4068287	0	1
4068712	0	1
4070299	1	0
4070696	0	1
4072956	0	1
4072972	1	0
4073215	1	0
4074303	1	0
4075964	1	0
4076868	0	1
4079670	1	0
4084634	1	0
4085466	0	1
4087414	1	0
4088324	1	0
4089783	0	1
4090123	0	1
4090278	1	0
4095428	1	0
4097677	1	0
4098125	0	1
4099300	0	1
4099938	1	0
4100197	1	0
4100921	1	0
4101392	0	1
4101415	0	1
4102069	1	0
4105451	1	0
4107799	1	0
4108937	0	1
4109449	1	0
4109800	0	1
4113964	1	0
4115073	1	0
4115401	0	1
4115784	1	0
4120061	1	0
4120425	0	1
4120576	1	0
4120847	1	0
4122785	1	0
4124430	0	1
4125198	1	0
4127303	1	0
4128275	0	1
4128987	1	0
4129154	1	0
4132025	1	0
4132455	1	0
4133732	1	0
4139293	1	0
4139573	0	1
4144049	1	0
4145459	1	0
4145643	0	1
4147614	1	0
4151656	1	0
4152759	0	1
4154314	1	0
4154350	0	1
4160371	0	1
4160883	0	1
4160916	0	1
4163120	1	0
4167947	1	0
4169731	0	1
4169735	0	1
4169823	1	0
4170993	1	0
4171539	0	1
4174386	1	0
4177144	1	0
4182987	0	1
4184664	1	0
4187456	0	1
4187970	1	0
4188128	0	1
4190801	1	0
4191284	0	1
4192009	0	1
4193394	0	1
4194633	1	0
4195362	0	1
4196013	0	1
4196188	0	1
4197206	0	1
4197560	0	1
4199434	0	1
4200932	0	1
4201032	1	0
4207076	0	1
4209097	1	0
4209442	1	0
4209484	1	0
4210352	1	0
4210932	0	1
4211986	1	0
4213423	0	1
4215550	1	0
4215569	0	1
4217239	1	0
4217706	0	1
4223435	0	1
4225931	1	0
4227027	1	0
4228241	0	1
4228526	1	0
4228868	1	0
4229091	1	0
4229724	0	1
4229883	1	0
4230838	1	0
4232195	0	1
4232369	1	0
4232932	0	1
4233030	1	0
4234025	0	1
4235426	1	0
4236700	0	1
4238941	1	0
4239300	1	0
4240584	0	1
4241065	0	1
4241189	1	0
4241675	0	1
4241774	0	1
4246018	0	1
4247750	1	0
4247893	0	1
4249950	0	1
4250529	1	0
4253760	0	1
4254672	0	1
4257420	0	1
4257753	0	1
4258363	0	1
4258973	0	1
4259110	0	1
4259646	1	0
4261083	1	0
4261921	0	1
4264739	0	1
4265158	1	0
4265743	0	1
4266258	0	1
4267328	0	1
4267606	0	1
4267860	0	1
4271599	1	0
4272229	1	0
4273408	0	1
4273484	0	1
4273687	1	0
4273823	0	1
4276052	0	1
4276198	1	0
4277167	0	1
4277393	0	1
4277829	1	0
4280685	1	0
4282016	1	0
4286435	1	0
4287656	0	1
4287669	0	1
4288386	0	1
4288417	0	1
4288920	1	0
4289796	1	0
4290938	0	1
4291302	1	0
4292392	1	0
4293062	0	1
4294004	0	1
4294295	0	1
4294523	1	0
4296396	1	0
4296930	0	1
4298308	0	1
4299419	0	1
4302482	0	1
4305316	0	1
4306097	0	1
4306403	0	1
4307737	0	1
4309088	1	0
4310660	0	1
4313833	0	1
4315867	1	0
4317176	1	0
4318401	1	0
4318720	0	1
4320125	1	0
4322371	0	1
4325777	1	0
4329089	1	0
4330187	0	1
4330589	1	0
4331131	0	1
4339265	1	0
4340259	0	1
4342515	0	1
4343727	0	1
4344670	1	0
4345242	0	1
4346271	1	0
4346281	1	0
4349071	0	1
4350170	0	1
4350203	0	1
4352476	1	0
4352670	0	1
4352712	0	1
4353540	0	1
4357853	0	1
4357985	0	1
4358076	1	0
4360902	0	1
4363198	1	0
4365484	0	1
4366325	1	0
4367069	1	0
4367753	0	1
4368917	0	1
4370658	0	1
4372703	1	0
4374121	0	1
4375223	1	0
4375932	0	1
4376446	0	1
4376896	1	0
4377365	0	1
4378896	1	0
4380812	1	0
4382026	1	0
4382363	0	1
4382652	1	0
4384587	0	1
4389717	0	1
4389739	0	1
4390121	1	0
4392216	0	1
4393909	1	0
4394286	1	0
4395365	1	0
4396540	1	0
4398244	0	1
4399075	0	1
4399767	1	0
4400258	0	1
4400621	0	1
4400751	0	1
4402135	0	1
4403611	0	1
4405161	1	0
4405166	0	1
4405935	0	1
4406110	1	0
4407107	0	1
4412304	0	1
4413226	0	1
4413852	0	1
4416093	1	0
4420690	0	1
4421142	1	0
4423308	1	0
4430716	1	0
4430875	0	1
4431885	1	0
4434124	1	0
4434754	0	1
4435541	0	1
4437394	1	0
4437532	0	1
4438128	0	1
4439234	1	0
4439598	0	1
4442041	1	0
4443977	1	0
4448467	0	1
4449454	0	1
4449605	0	1
4453282	1	0
4455678	1	0
4456726	0	1
4459139	1	0
4461984	0	1
4463979	0	1
4465108	1	0
4466382	1	0
4468862	1	0
4470160	1	0
4470469	0	1
4472037	1	0
4473050	0	1
4473458	1	0
4473460	1	0
4473818	0	1
4475311	0	1
4478119	1	0
4480487	1	0
4480640	0	1
4480739	0	1
4482650	0	1
4483097	1	0
4483520	0	1
4483523	0	1
4483662	1	0
4483857	1	0
4484089	0	1
4484875	1	0
4487118	1	0
4489348	1	0
4492558	1	0
4493340	0	1
4494984	0	1
4495878	0	1
4495947	0	1
4496059	1	0
4496436	1	0
4501763	0	1
4503333	0	1
4503749	0	1
4505382	0	1
4506826	0	1
4506885	0	1
4507483	0	1
4509464	1	0
4509573	1	0
4512449	1	0
4516010	0	1
4518567	0	1
4518734	0	1
4519844	1	0
4521483	0	1
4524401	1	0
4524536	1	0
4526791	0	1
4527226	0	1
4528422	1	0
4530118	1	0
4532119	1	0
4532585	1	0
4533832	1	0
4534284	1	0
4542797	1	0
4545043	0	1
4545756	1	0
4548573	1	0
4550331	1	0
4553852	0	1
4554103	0	1
4554569	1	0
4554701	1	0
4555212	1	0
4555852	0	1
4557187	0	1
4558038	0	1
4559724	0	1
4560143	1	0
4560397	0	1
4561033	0	1
4561802	1	0
4562533	1	0
4565797	1	0
4566216	1	0
4566795	1	0
4567118	0	1
4567738	0	1
4568397	1	0
4569539	0	1
4569974	1	0
4570375	1	0
4572068	0	1
4575281	0	1
4575455	1	0
4575724	0	1
4575915	0	1
4577449	1	0
4577770	1	0
4579007	1	0
4579308	0	1
4581578	1	0
4582085	0	1
4583562	1	0
4583777	0	1
4584264	0	1
4584735	0	1
4586079	1	0
4587602	1	0
4590089	1	0
4590359	0	1
4592264	0	1
4593923	0	1
4595010	1	0
4596410	0	1
4596536	1	0
4596748	0	1
4597464	0	1
4599121	0	1
4599366	0	1
4600023	1	0
4600942	1	0
4604587	1	0
4604663	0	1
4607017	0	1
4612542	0	1
4612957	0	1
4615900	0	1
4616358	1	0
4618497	0	1
4619318	0	1
4620532	0	1
4620892	1	0
4622443	1	0
4622658	1	0
4623752	1	0
4624661	0	1
4627081	0	1
4627957	1	0
4630005	1	0
4630687	1	0
4631178	1	0
4633241	1	0
4633964	0	1
4634880	0	1
4636028	0	1
4638312	0	1
4639473	1	0
4640168	0	1
4640402	0	1
4642017	1	0
4644880	1	0
4645033	1	0
4645870	0	1
4649504	0	1
4650609	0	1
4651660	0	1
4651748	0	1
4652770	1	0
4654187	1	0
4654399	0	1
4658574	1	0
4658866	1	0
4660360	0	1
4660788	1	0
4660941	0	1
4661344	1	0
4661887	0	1
4662721	0	1
4663077	1	0
4664810	0	1
4667004	0	1
4669091	1	0
4670768	1	0
4671187	0	1
4671502	1	0
4671657	0	1
4672331	0	1
4672453	0	1
4673873	1	0
4677862	1	0
4679741	1	0
4679907	1	0
4679935	1	0
4680479	1	0
4687069	1	0
4687570	1	0
4689353	0	1
4691034	1	0
4692167	0	1
4692778	1	0
4693090	1	0
4698305	1	0
4698396	1	0
4698756	0	1
4699249	1	0
4702452	1	0
4704118	0	1
4704530	0	1
4704770	1	0
4707602	1	0
4709707	0	1
4709760	0	1
4712579	1	0
4713761	0	1
4714577	1	0
4716071	0	1
4716125	1	0
4716660	1	0
4716783	1	0
4718317	0	1
4718994	1	0
4719863	1	0
4720320	0	1
4722390	1	0
4722454	0	1
4722894	1	0
4724085	0	1
4726166	1	0
4727393	0	1
4729141	0	1
4729173	0	1
4729566	1	0
4729624	0	1
4730548	1	0
4736577	0	1
4736596	1	0
4737371	0	1
4737378	1	0
4738643	1	0
4738913	0	1
4740576	1	0
4740808	0	1
4743159	0	1
4743467	0	1
4744046	0	1
4744396	0	1
4746594	0	1
4747493	0	1
4750253	0	1
4750439	0	1
4751361	1	0
4753359	1	0
4758657	1	0
4760149	0	1
4760419	1	0
4762320	1	0
4762424	1	0
4764342	1	0
4766687	1	0
4767779	1	0
4768684	1	0
4772359	0	1
4772360	1	0
4772373	0	1
4772760	1	0
4773700	1	0
4774737	0	1
4775356	1	0
4775818	1	0
4776120	0	1
4778267	1	0
4778774	1	0
4779678	0	1
4781901	0	1
4783165	0	1
4783866	0	1
4784126	0	1
4784802	1	0
4785688	1	0
4791907	1	0
4792353	1	0
4792595	1	0
4792928	1	0
4793245	1	0
4793351	1	0
4793957	1	0
4794404	1	0
4797318	1	0
4799338	0	1
4799492	0	1
4802026	0	1
4802181	1	0
4803879	0	1
4805013	1	0
4805135	1	0
4808277	1	0
4811044	1	0
4813520	0	1
4814135	1	0
4814472	0	1
4822266	0	1
4824532	1	0
4824590	1	0
4825213	0	1
4827442	0	1
4828444	0	1
4828823	1	0
4830922	1	0
4831327	0	1
4831328	0	1
4831679	0	1
4838365	1	0
4839789	1	0
4840122	1	0
4841667	1	0
4843215	0	1
4844580	0	1
4844678	0	1
4845049	0	1
4847777	1	0
4849546	0	1
4849791	1	0
4850264	0	1
4851367	1	0
4853702	0	1
4854001	1	0
4854144	0	1
4854786	1	0
4858031	0	1
4858434	1	0
4858587	0	1
4858664	1	0
4859242	1	0
4859294	0	1
4860460	1	0
4861949	0	1
4862772	1	0
4864574	1	0
4865501	0	1
4867117	0	1
4867467	1	0
4869287	0	1
4870216	0	1
4871845	1	0
4872634	0	1
4873574	0	1
4873631	1	0
4874527	1	0
4874732	1	0
4874937	1	0
4875695	1	0
4876840	0	1
4877400	0	1
4877634	0	1
4879437	0	1
4883835	0	1
4885599	0	1
4885706	1	0
4888157	0	1
4888251	1	0
4889016	1	0
4892539	1	0
4892947	0	1
4893130	0	1
4895045	1	0
4898564	0	1
4899090	0	1
4899443	0	1
4899712	1	0
4904115	1	0
4905261	0	1
4907883	0	1
4908375	0	1
4908453	0	1
4909260	0	1
4909570	0	1
4910546	1	0
4911576	0	1
4912041	1	0
4912531	0	1
4912564	1	0
4913291	0	1
4913813	1	0
4915101	0	1
4917720	1	0
4918625	0	1
4918741	0	1
4922354	1	0
4924556	1	0
4925163	0	1
4925699	0	1
4929404	1	0
4930031	0	1
4931378	1	0
4937007	0	1
4937057	1	0
4937561	1	0
4937912	0	1
4941319	0	1
4942387	0	1
4942461	0	1
4944337	1	0
4945873	0	1
4947320	0	1
4951476	0	1
4954244	1	0
4956110	1	0
4956446	0	1
4956644	0	1
4956977	1	0
4957284	0	1
4958403	1	0
4959853	0	1
4960853	1	0
4960931	0	1
4961533	1	0
4966110	1	0
4967695	0	1
4968311	0	1
4969796	1	0
4970207	0	1
4970315	0	1
4971316	0	1
4971773	1	0
4972649	1	0
4975745	1	0
4977151	0	1
4978864	0	1
4979009	0	1
4979880	1	0
4980571	0	1
4981959	0	1
4982412	0	1
4983056	1	0
4988340	1	0
4988503	1	0
4988801	0	1
4989166	0	1
4990756	1	0
4992423	0	1
4994471	0	1
4995111	0	1
4997662	1	0
4999255	1	0
5000920	0	1
5003221	1	0
5004543	0	1
5005275	1	0
5005317	0	1
5006524	0	1
5007630	1	0
5008854	0	1
5009374	0	1
5010453	1	0
5010705	1	0
5012104	1	0
5012204	1	0
5014977	1	0
5015302	0	1
5015766	0	1
5018646	1	0
5021513	1	0
5023925	0	1
5024453	0	1
5027554	1	0
5029524	1	0
5030955	0	1
5034022	1	0
5036060	0	1
5036797	1	0
5037320	0	1
5037988	0	1
5038073	1	0
5038675	0	1
5039256	0	1
5041932	1	0
5044859	1	0
5049256	1	0
5049787	1	0
5051363	0	1
5052700	0	1
5053071	0	1
5055791	1	0
5056113	1	0
5057949	0	1
5058158	1	0
5058309	0	1
5060008	0	1
5061004	1	0
5061784	0	1
5063792	1	0
5064385	1	0
5066944	1	0
5071309	0	1
5076467	1	0
5076901	1	0
5077616	1	0
5079337	0	1
5082340	1	0
5083996	0	1
5085888	0	1
5088753	1	0
5089363	0	1
5090406	0	1
5091426	1	0
5092817	0	1
5095824	1	0
5097049	1	0
5101720	1	0
5103476	1	0
5104192	1	0
5105352	1	0
5108758	0	1
5110043	0	1
5111693	1	0
5113136	0	1
5113683	0	1
5113986	0	1
5114685	0	1
5114903	1	0
5117237	1	0
5118889	1	0
5119573	1	0
5119824	0	1
5122605	0	1
5123964	0	1
5131541	1	0
5131684	1	0
5132059	0	1
5132176	0	1
5133996	1	0
5134228	1	0
5137073	0	1
5137975	1	0
5138971	1	0
5139029	1	0
5140298	0	1
5140643	0	1
5140964	0	1
5143972	0	1
5146891	1	0
5146899	1	0
5149279	0	1
5152379	1	0
5153336	0	1
5154759	1	0
5156706	1	0
5158248	0	1
5159068	1	0
5160204	0	1
5161342	0	1
5163803	1	0
5164170	1	0
5166057	1	0
5168287	0	1
5170413	1	0
5172611	0	1
5174968	1	0
5175689	0	1
5176972	1	0
5178848	0	1
5180806	0	1
5185051	0	1
5189972	0	1
5191081	1	0
5191917	1	0
5194323	0	1
5194655	1	0
5196594	1	0
5196879	0	1
5198073	1	0
5199318	0	1
5200096	1	0
5202761	0	1
5203807	0	1
5204712	1	0
5205434	1	0
5205520	1	0
5206120	0	1
5206250	1	0
5207362	1	0
5208726	1	0
5210673	0	1
5212008	1	0
5212285	1	0
5214135	0	1
5215196	1	0
5215340	0	1
5215374	1	0
5215848	1	0
5217410	0	1
5221009	1	0
5225536	0	1
5227464	0	1
5227927	1	0
5229224	1	0
5229575	1	0
5231427	0	1
5231669	1	0
5233552	1	0
5236257	0	1
5237234	1	0
5237325	0	1
5238120	1	0
5240545	1	0
5240810	1	0
5240863	1	0
5242622	1	0
5243726	1	0
5243784	0	1
5249372	1	0
5250495	1	0
5251668	0	1
5253748	0	1
5256853	0	1
5256937	1	0
5257509	0	1
5257807	1	0
5258642	1	0
5258770	0	1
5258864	0	1
5259342	1	0
5262471	0	1
5267417	1	0
5269340	1	0
5269341	1	0
5271113	0	1
5271143	0	1
5271390	1	0
5271405	0	1
5271621	0	1
5273172	0	1
5274786	0	1
5275405	1	0
5277157	1	0
5279662	0	1
5279849	0	1
5279971	1	0
5280591	1	0
5281281	1	0
5281713	0	1
5283584	0	1
5284102	0	1
5286249	1	0
5289478	1	0
5290438	1	0
5291186	1	0
5291315	1	0
5291742	0	1
5294644	0	1
5295021	1	0
5296315	1	0
5297226	0	1
5297359	0	1
5300420	1	0
5300514	0	1
5302036	1	0
5306802	0	1
5308450	1	0
5308976	0	1
5309078	0	1
5310234	0	1
5311997	0	1
5312590	1	0
5314004	0	1
5315119	0	1
5315166	0	1
5318544	0	1
5319182	1	0
5319818	0	1
5322315	1	0
5323198	0	1
5323998	0	1
5325360	0	1
5325678	1	0
5326680	1	0
5328152	0	1
5329184	0	1
5330829	0	1
5332046	1	0
5334501	0	1
5337318	1	0
5337456	1	0
5337855	1	0
5337930	1	0
5338277	1	0
5339979	1	0
5340089	1	0
5340314	0	1
5342278	0	1
5343062	1	0
5343519	1	0
5344896	1	0
5347802	0	1
5347854	0	1
5349429	1	0
5350901	1	0
5353601	0	1
5353893	0	1
5355556	0	1
5355703	0	1
5355781	0	1
5357303	1	0
5357334	1	0
5357395	0	1
5357446	0	1
5358281	0	1
5360172	0	1
5366641	1	0
5366984	1	0
5369080	0	1
5371194	0	1
5373937	1	0
5374440	0	1
5374631	0	1
5376755	1	0
5377873	0	1
5378587	1	0
5378668	0	1
5378677	1	0
5379184	1	0
5379607	1	0
5380468	1	0
5383896	1	0
5384615	0	1
5385068	1	0
5387555	1	0
5388044	0	1
5391339	1	0
5393993	0	1
5395351	0	1
5397187	1	0
5397416	1	0
5398647	1	0
5399175	1	0
5400070	0	1
5400411	0	1
5403507	0	1
5404214	1	0
5405078	0	1
5406782	1	0
5406956	0	1
5407889	1	0
5410125	1	0
5411633	0	1
5412151	1	0
5413804	0	1
5417436	1	0
5420438	1	0
5422245	0	1
5422658	0	1
5423280	1	0
5424370	0	1
5425010	1	0
5425821	0	1
5427924	0	1
5428071	1	0
5432885	0	1
5434511	0	1
5437178	1	0
5439207	0	1
5439962	1	0
5443769	1	0
5444158	0	1
5444222	0	1
5444358	0	1
5444657	1	0
5445690	1	0
5446028	0	1
5448433	0	1
5448446	1	0
5450273	0	1
5454904	1	0
5455319	1	0
5456623	1	0
5458296	1	0
5458824	0	1
5459581	0	1
5461349	0	1
5461537	0	1
5461744	0	1
5462372	0	1
5462718	0	1
5463207	1	0
5463424	0	1
5463560	0	1
5466862	0	1
5467428	0	1
5468541	1	0
5469598	0	1
5470396	1	0
5472233	1	0
5472770	1	0
5475743	1	0
5475837	0	1
5476978	1	0
5477530	1	0
5478133	0	1
5478619	1	0
5479853	0	1
5480210	1	0
5480675	1	0
5481124	0	1
5481134	1	0
5481754	1	0
5481821	1	0
5484586	1	0
5486292	0	1
5487498	1	0
5489314	1	0
5492398	1	0
5493977	1	0
5495168	0	1
5495345	1	0
5496037	1	0
5497190	0	1
5498421	0	1
5502738	0	1
5503045	0	1
5504496	0	1
5504891	0	1
5505612	0	1
5510376	0	1
5510912	0	1
5511512	1	0
5512284	0	1
5512340	1	0
5513018	1	0
5514305	0	1
5515456	0	1
5518211	0	1
5519578	0	1
5520664	1	0
5522029	0	1
5522095	0	1
5529496	1	0
5529716	1	0
5530439	1	0
5530906	1	0
5532054	1	0
5533147	0	1
5533726	1	0
5538572	0	1
5540427	1	0
5543368	0	1
5544178	0	1
5545398	1	0
5546110	1	0
5546594	0	1
5547588	0	1
5547871	1	0
5548193	0	1
5549146	1	0
5549165	0	1
5549951	1	0
5557567	0	1
5559873	1	0
5559990	1	0
5561412	1	0
5561753	1	0
5561921	1	0
5562493	0	1
5564000	0	1
5565067	0	1
5565127	0	1
5567717	1	0
5568583	0	1
5571174	0	1
5571452	0	1
5571569	0	1
5572537	1	0
5573345	1	0
5573364	0	1
5573418	1	0
5573550	1	0
5573606	0	1
5573864	0	1
5575007	1	0
5575871	0	1
5581070	1	0
5581168	0	1
5583862	1	0
5585014	1	0
5587802	0	1
5587879	0	1
5588019	0	1
5590670	1	0
5591797	1	0
5592887	1	0
5592905	0	1
5594276	1	0
5596784	1	0
5604186	1	0
5604943	0	1
5605441	0	1
5606133	1	0
5606478	0	1
5606820	0	1
5607578	1	0
5609116	0	1
5610557	1	0
5612531	1	0
5612857	0	1
5614596	1	0
5616710	0	1
5617810	1	0
5618646	1	0
5618876	0	1
5618940	1	0
5619771	1	0
5621187	0	1
5621506	0	1
5622187	1	0
5623105	1	0
5627236	0	1
5630034	0	1
5632796	0	1
5640373	0	1
5642352	0	1
5642655	0	1
5645097	1	0
5645340	1	0
5648271	0	1
5648822	1	0
5649275	0	1
5650518	0	1
5650602	1	0
5653769	1	0
5654409	0	1
5656489	0	1
5658142	1	0
5659766	1	0
5660780	0	1
5661618	1	0
5663000	1	0
5664568	0	1
5664927	0	1
5666796	0	1
5670473	1	0
5672723	0	1
5674472	1	0
5676771	1	0
5676781	1	0
5677038	0	1
5677596	1	0
5679359	0	1
5684469	1	0
5686229	0	1
5687098	0	1
5690483	1	0
5691116	1	0
5692484	0	1
5692487	0	1
5692751	1	0
5693217	1	0
5693870	0	1
5694691	1	0
5696815	1	0
5697253	0	1
5697368	0	1
5698351	0	1
5703645	0	1
5704328	0	1
5704725	1	0
5706722	1	0
5707997	1	0
5708008	1	0
5713718	1	0
5714613	1	0
5715097	0	1
5716555	1	0
5717004	0	1
5717835	0	1
5719242	1	0
5719416	0	1
5720256	1	0
5722028	1	0
5726336	0	1
5726365	1	0
5728747	0	1
5732478	0	1
5738151	0	1
5741854	1	0
5742039	1	0
5744934	0	1
5745156	1	0
5745752	0	1
5746350	0	1
5746788	0	1
5747373	1	0
5748417	1	0
5748526	0	1
5749148	1	0
5750315	1	0
5750508	1	0
5750880	0	1
5751380	1	0
5751484	1	0
5753682	0	1
5754090	1	0
5754795	0	1
5755488	1	0
5755973	0	1
5756156	1	0
5759142	1	0
5760667	0	1
5761081	0	1
5761211	1	0
5761387	0	1
5761819	1	0
5761887	0	1
5762097	0	1
5762956	0	1
5766620	1	0
5767379	0	1
5769025	0	1
5770151	1	0
5775136	0	1
5775398	1	0
5777189	0	1
5777764	0	1
5784075	1	0
5784655	0	1
5789791	1	0
5792416	1	0
5793630	0	1
5793668	0	1
5793942	0	1
5794020	1	0
5796116	1	0
5796219	0	1
5798277	0	1
5798315	1	0
5798708	1	0
5799179	1	0
5800288	0	1
5801389	0	1
5804300	0	1
5805653	1	0
5805888	0	1
5805925	1	0
5807839	1	0
5808862	1	0
5810014	0	1
5810727	1	0
5811915	0	1
5812609	0	1
5813396	0	1
5814594	1	0
5815498	1	0
5815580	1	0
5820596	1	0
5823171	0	1
5823807	1	0
5824862	1	0
5828463	0	1
5829140	1	0
5833001	0	1
5833043	1	0
5834869	0	1
5836995	1	0
5837283	1	0
5837520	1	0
5838712	0	1
5839583	0	1
5840761	0	1
5840951	1	0
5841385	1	0
5841482	0	1
5841635	0	1
5843315	0	1
5843351	0	1
5844385	1	0
5844858	0	1
5847562	1	0
5848612	1	0
5856624	0	1
5857722	0	1
5858823	1	0
5859367	0	1
5859755	1	0
5860499	1	0
5860843	1	0
5860941	0	1
5861679	0	1
5861829	0	1
5863541	1	0
5864014	0	1
5864913	0	1
5865204	1	0
5866727	0	1
5869096	0	1
5869428	1	0
5869439	1	0
5869825	0	1
5871142	1	0
5871639	0	1
5874051	0	1
5876605	1	0
5877225	0	1
5877831	0	1
5877854	1	0
5878918	0	1
5879142	0	1
5879302	0	1
5879376	1	0
5879640	1	0
5879866	1	0
5879915	0	1
5885302	1	0
5886734	0	1
5887387	1	0
5887473	0	1
5887538	0	1
5889717	0	1
5890450	0	1
5890603	0	1
5890847	0	1
5892367	1	0
5893110	1	0
5893246	1	0
5893910	1	0
5893972	0	1
5894394	0	1
5895327	1	0
5896143	0	1
5898094	1	0
5898327	0	1
5899278	0	1
5899482	0	1
5899762	0	1
5900466	0	1
5900677	1	0
5901779	1	0
5902589	0	1
5906387	0	1
5907865	1	0
5908011	0	1
5909257	1	0
5909984	1	0
5910910	0	1
5912332	1	0
5912606	0	1
5913200	1	0
5914073	1	0
5915345	1	0
5915794	1	0
5916726	1	0
5917162	0	1
5918295	0	1
5918854	0	1
5921290	1	0
5922834	0	1
5925092	0	1
5925316	1	0
5925589	1	0
5926632	1	0
5926717	1	0
5927747	0	1
5928293	0	1
5928816	1	0
5929165	0	1
5929172	1	0
5930721	1	0
5932584	0	1
5933135	1	0
5933981	1	0
5936109	1	0
5937499	0	1
5937530	1	0
5937976	1	0
5942092	1	0
5944954	1	0
5945479	0	1
5948698	0	1
5949568	1	0
5949869	1	0
5950292	0	1
5950660	1	0
5950737	0	1
5951504	1	0
5954636	0	1
5955631	0	1
5956682	1	0
5957026	1	0
5957090	0	1
5957270	0	1
5957593	1	0
5960348	1	0
5966280	1	0
5966304	0	1
5967085	1	0
5967700	0	1
5968725	0	1
5970003	0	1
5970675	0	1
5970946	0	1
5972120	1	0
5972166	1	0
5975158	1	0
5976537	0	1
5976670	1	0
5977739	0	1
5977924	1	0
5978093	1	0
5978505	0	1
5980424	1	0
5982021	1	0
5983112	1	0
5983505	1	0
5984478	1	0
5988018	1	0
5988292	0	1
5990059	0	1
5992801	0	1
5994277	0	1
5994581	0	1
5994766	0	1
5995731	1	0
5995918	1	0
5998247	1	0
5999236	1	0
5999696	1	0
6000816	1	0
6001219	0	1
6002390	0	1
6002743	0	1
6003073	0	1
6004048	0	1
6006453	1	0
6007833	0	1
6007965	0	1
6008157	0	1
6008817	1	0
6009331	1	0
6012288	1	0
6015246	1	0
6015287	0	1
6015603	1	0
6016259	0	1
6016518	1	0
6019863	0	1
6020144	0	1
6021909	1	0
6026101	1	0
6026967	0	1
6029211	0	1
6029957	0	1
6032195	1	0
6034107	1	0
6038385	0	1
6038932	0	1
6040872	0	1
6044266	1	0
6046485	0	1
6048730	0	1
6052679	1	0
6053137	1	0
6053911	0	1
6054061	0	1
6056858	1	0
6057420	1	0
6060561	0	1
6060865	0	1
6061439	0	1
6063003	1	0
6066416	0	1
6067969	0	1
6068524	1	0
6068579	0	1
6069117	0	1
6069979	1	0
6071727	0	1
6074714	0	1
6074723	0	1
6074830	1	0
6075272	0	1
6076295	0	1
6077318	0	1
6078057	0	1
6080924	1	0
6082657	0	1
6082852	0	1
6083210	1	0
6084149	1	0
6084750	1	0
6086954	0	1
6087679	1	0
6091455	0	1
6091724	0	1
6092603	0	1
6095598	1	0
6095689	0	1
6096126	1	0
6096429	1	0
6102010	1	0
6102853	1	0
6105773	1	0
6108337	0	1
6108484	1	0
6109059	0	1
6109975	1	0
6112789	0	1
6118133	0	1
6118681	1	0
6120711	1	0
6123320	1	0
6123761	1	0
6124057	1	0
6125444	0	1
6126551	0	1
6126775	1	0
6128582	1	0
6129178	1	0
6130415	0	1
6130424	0	1
6131615	1	0
6133378	0	1
6133944	0	1
6135843	0	1
6136586	1	0
6137320	0	1
6137795	0	1
6139596	0	1
6142915	0	1
6143696	0	1
6149483	0	1
6151625	1	0
6152122	0	1
6152476	1	0
6153069	1	0
6153761	0	1
6154674	0	1
6156286	0	1
6158737	1	0
6158819	1	0
6159624	1	0
6160368	1	0
6161104	0	1
6162210	1	0
6165956	1	0
6166491	1	0
6170457	0	1
6170834	0	1
6171894	0	1
6173560	0	1
6176393	1	0
6178422	0	1
6182920	1	0
6183988	0	1
6187132	0	1
6188550	1	0
6188797	1	0
6188839	1	0
6190746	0	1
6192255	1	0
6192709	0	1
6192859	1	0
6194418	1	0
6196263	1	0
6197353	1	0
6198812	1	0
6199502	0	1
6202182	0	1
6203196	1	0
6206198	1	0
6207992	1	0
6208979	0	1
6210675	0	1
6213579	0	1
6213868	1	0
6214617	0	1
6217232	0	1
6217274	1	0
6217465	1	0
6218158	0	1
6218317	1	0
6220044	0	1
6224951	0	1
6225847	1	0
6230147	1	0
6230342	1	0
6231949	1	0
6233115	0	1
6235207	0	1
6236236	1	0
6241443	0	1
6242215	1	0
6246216	0	1
6249554	1	0
6250289	0	1
6250994	1	0
6251021	0	1
6251815	1	0
6252112	1	0
6252658	1	0
6253101	1	0
6254580	1	0
6255354	1	0
6256577	1	0
6259050	0	1
6261434	1	0
6262608	0	1
6263383	0	1
6264065	0	1
6264164	0	1
6265004	0	1
6265692	1	0
6265992	1	0
6268156	1	0
6269753	1	0
6274692	0	1
6275342	1	0
6276061	1	0
6277039	0	1
6277620	0	1
6278671	1	0
6281610	0	1
6283358	1	0
6283667	1	0
6285814	0	1
6287929	0	1
6290069	0	1
6290577	1	0
6291843	0	1
6293251	1	0
6293422	0	1
6296767	1	0
6297379	1	0
6298934	0	1
6302448	1	0
6303946	1	0
6307663	1	0
6309264	0	1
6309514	1	0
6311254	1	0
6311948	1	0
6312460	1	0
6314483	0	1
6316567	0	1
6320534	1	0
6320837	1	0
6321851	1	0
6323823	1	0
6324792	1	0
6325139	0	1
6332281	0	1
6335215	1	0
6336363	1	0
6337393	0	1
6339836	1	0
6343116	1	0
6345399	0	1
6346155	0	1
6348735	0	1
6349076	0	1
6350113	0	1
6350618	0	1
6350788	1	0
6350998	0	1
6354675	0	1
6354965	1	0
6356364	0	1
6356729	0	1
6357723	1	0
6357910	0	1
6358366	0	1
6359049	1	0
6360684	0	1
6363768	1	0
6364514	1	0
6366182	0	1
6366382	0	1
6366524	0	1
6367317	0	1
6369222	1	0
6369574	1	0
6371782	0	1
6372170	0	1
6372287	1	0
6373246	1	0
6373248	0	1
6374890	0	1
6376681	0	1
6381511	1	0
6382962	0	1
6383871	0	1
6383973	0	1
6384992	1	0
6385196	1	0
6387358	0	1
6388503	1	0
6388823	0	1
6390460	0	1
6391000	1	0
6392475	0	1
6394491	0	1
6394612	0	1
6395565	1	0
6395711	0	1
6397109	0	1
6397615	1	0
6398990	0	1
6399057	0	1
6401746	1	0
6402613	1	0
6404716	0	1
6405059	1	0
6405603	1	0
6407527	0	1
6410087	0	1
6410853	0	1
6414404	0	1
6415560	0	1
6415628	0	1
6416432	0	1
6416666	1	0
6418426	0	1
6418995	0	1
6419295	0	1
6421761	0	1
6424031	0	1
6424593	1	0
6425282	0	1
6425366	0	1
6425629	0	1
6427404	1	0
6428517	1	0
6430827	1	0
6431754	1	0
6433701	1	0
6434652	1	0
6435771	1	0
6436044	1	0
6437092	0	1
6437392	0	1
6438475	1	0
6438679	0	1
6438954	1	0
6440883	1	0
6440981	1	0
6441596	0	1
6444399	0	1
6444546	0	1
6445140	1	0
6445302	1	0
6448091	0	1
6448271	1	0
6448663	1	0
6449394	0	1
6450853	0	1
6451417	0	1
6451738	0	1
6452361	0	1
6453490	0	1
6459733	1	0
6460262	0	1
6460862	0	1
6462495	1	0
6462969	1	0
6463543	1	0
6470530	1	0
6471766	1	0
6474119	0	1
6474162	0	1
6474372	1	0
6476106	1	0
6477141	1	0
6484276	0	1
6485189	0	1
6485835	1	0
6486124	0	1
6487313	0	1
6489253	0	1
6492696	1	0
6492894	0	1
6492905	0	1
6493772	0	1
6494042	0	1
6495299	0	1
6496590	1	0
6497293	0	1
6498801	1	0
6499098	0	1
6501302	0	1
6501371	0	1
6501623	0	1
6506878	1	0
6509952	0	1
6513696	0	1
6516883	1	0
6517660	1	0
6521384	0	1
6521746	0	1
6521814	1	0
6522900	0	1
6523401	1	0
6524414	1	0
6525265	1	0
6526145	0	1
6527271	0	1
6530696	1	0
6531056	1	0
6533840	1	0
6535605	1	0
6535715	1	0
6538120	0	1
6538796	0	1
6539342	0	1
6539343	1	0
6539719	0	1
6541272	1	0
6543812	0	1
6544180	1	0
6544798	1	0
6545016	0	1
6547185	1	0
6548868	0	1
6550475	0	1
6551989	0	1
6554956	0	1
6557817	0	1
6559126	1	0
6559581	0	1
6560269	1	0
6560309	1	0
6563619	1	0
6565170	1	0
6568353	1	0
6568833	1	0
6572695	1	0
6575355	1	0
6578250	1	0
6578251	1	0
6578883	0	1
6579057	0	1
6582656	0	1
6583617	0	1
6584513	0	1
6585403	0	1
6586529	1	0
6587578	0	1
6590898	0	1
6593774	1	0
6595815	0	1
6596335	0	1
6598381	1	0
6598591	1	0
6601214	1	0
6603191	1	0
6605185	0	1
6606188	1	0
6606986	1	0
6607329	1	0
6609534	0	1
6614039	0	1
6615085	1	0
6618184	0	1
6618627	0	1
6619600	1	0
6620131	0	1
6626534	1	0
6626918	1	0
6628432	0	1
6630358	1	0
6630402	1	0
6635777	0	1
6635905	0	1
6637175	1	0
6637391	0	1
6638372	1	0
6638503	0	1
6640529	1	0
6642505	0	1
6643721	0	1
6643741	1	0
6643799	1	0
6644066	1	0
6648834	0	1
6649226	1	0
6651080	1	0
6651521	1	0
6651915	0	1
6652313	0	1
6652783	0	1
6652795	1	0
6658602	1	0
6659716	0	1
6660944	1	0
6661974	0	1
6662034	0	1
6662885	0	1
6663920	0	1
6665410	1	0
6666429	1	0
6666505	0	1
6667795	1	0
6668955	1	0
6670007	1	0
6672478	1	0
6673269	1	0
6674503	0	1
6674679	0	1
6675067	0	1
6677599	1	0
6677621	1	0
6677848	0	1
6680159	1	0
6680507	0	1
6680907	1	0
6682516	1	0
6687044	1	0
6687339	1	0
6689174	0	1
6689376	0	1
6690019	1	0
6690540	0	1
6693409	1	0
6694829	0	1
6695370	1	0
6695400	1	0
6696014	1	0
6700789	0	1
6701793	1	0
6703600	1	0
6704165	1	0
6704988	0	1
6705305	0	1
6707723	1	0
6708318	0	1
6708369	0	1
6709926	1	0
6710152	1	0
6712289	0	1
6712310	0	1
6713485	0	1
6714397	0	1
6722363	1	0
6722556	0	1
6724045	0	1
6724178	0	1
6724414	1	0
6730347	0	1
6732538	0	1
6732912	1	0
6735409	0	1
6735458	0	1
6736481	0	1
6736609	0	1
6741324	0	1
6742491	0	1
6743573	1	0
6744084	0	1
6746612	1	0
6747619	0	1
6747642	0	1
6747915	0	1
6748673	1	0
6748785	1	0
6749225	1	0
6749610	1	0
6749611	1	0
6751185	1	0
6753167	0	1
6755456	0	1
6758000	0	1
6758220	1	0
6761163	0	1
6762594	1	0
6764182	1	0
6765289	0	1
6769032	1	0
6769419	1	0
6771480	1	0
6772392	1	0
6775345	0	1
6775776	1	0
6775797	0	1
6775887	0	1
6778952	0	1
6780318	1	0
6782065	0	1
6783001	0	1
6784088	0	1
6784691	1	0
6786726	1	0
6788611	1	0
6790216	1	0
6794571	0	1
6796524	0	1
6801607	1	0
6802797	0	1
6804085	1	0
6805444	0	1
6805971	1	0
6806016	1	0
6808085	1	0
6809736	0	1
6809846	0	1
6810061	1	0
6811607	1	0
6812628	1	0
6812911	0	1
6812988	1	0
6814248	1	0
6814322	1	0
6814643	0	1
6815574	0	1
6815706	0	1
6816407	0	1
6816435	1	0
6816605	1	0
6820357	1	0
6821448	0	1
6822994	0	1
6823627	0	1
6825547	1	0
6828569	1	0
6831782	0	1
6832697	0	1
6834614	1	0
6836260	1	0
6840288	1	0
6840657	1	0
6841756	1	0
6841816	0	1
6845237	0	1
6849110	0	1
6850037	0	1
6851213	0	1
6853184	1	0
6853567	0	1
6854202	0	1
6854656	1	0
6855688	1	0
6859654	0	1
6860303	0	1
6860365	0	1
6861895	0	1
6862806	0	1
6863275	1	0
6863992	0	1
6866637	0	1
6868931	0	1
6869181	1	0
6870722	0	1
6878798	0	1
6880843	0	1
6882564	1	0
6883059	1	0
6883291	0	1
6885954	0	1
6887211	1	0
6887871	1	0
6889749	1	0
6891440	1	0
6892830	0	1
6893140	0	1
6896029	0	1
6897721	1	0
6898202	1	0
6898290	0	1
6901542	1	0
6903647	1	0
6904568	0	1
6905281	1	0
6906556	1	0
6907234	0	1
6907287	0	1
6907767	1	0
6908144	0	1
6912925	0	1
6914870	1	0
6915560	0	1
6917339	0	1
6917820	0	1
6918819	1	0
6919129	1	0
6919521	0	1
6920280	1	0
6920395	0	1
6922954	1	0
6926261	1	0
6926581	1	0
6927437	1	0
6929892	1	0
6930346	0	1
6931604	0	1
6932382	1	0
6933058	0	1
6935135	1	0
6935968	0	1
6936802	0	1
6943243	0	1
6947610	1	0
6947968	0	1
6948312	1	0
6949761	1	0
6950469	1	0
6952160	1	0
6953923	0	1
6955962	1	0
6956370	0	1
6964917	1	0
6965825	0	1
6965942	1	0
6966101	0	1
6967200	1	0
6968152	1	0
6971792	1	0
6974873	1	0
6975708	1	0
6976017	1	0
6977125	1	0
6977618	1	0
6979020	0	1
6979985	1	0
6982455	0	1
6982644	0	1
6983030	1	0
6984244	1	0
6985553	1	0
6986263	0	1
6989340	0	1
6991556	0	1
6992594	1	0
6993287	0	1
6993962	1	0
6994124	0	1
6997814	0	1
6998171	1	0
6998393	0	1
6999344	1	0
7000154	1	0
7000257	0	1
7001400	1	0
7002999	1	0
7003898	0	1
7003999	0	1
7004263	1	0
7004428	0	1
7005596	1	0
7005715	0	1
7006361	0	1
7006574	1	0
7007281	1	0
7008590	1	0
7009184	0	1
7012201	0	1
7012922	1	0
7016538	1	0
7018827	0	1
7018993	1	0
7019140	0	1
7019330	0	1
7020687	1	0
7022225	1	0
7024306	0	1
7025348	1	0
7026848	0	1
7028396	0	1
7028947	1	0
7030349	1	0
7031039	0	1
7032402	1	0
7036038	1	0
7036788	0	1
7037729	0	1
7038267	1	0
7039420	1	0
7042074	0	1
7042519	1	0
7044916	1	0
7045893	1	0
7046235	1	0
7046960	0	1
7047204	1	0
7050450	0	1
7050530	1	0
7051765	0	1
7051912	0	1
7052414	0	1
7052620	1	0
7053543	1	0
7054891	1	0
7057247	0	1
7058044	0	1
7060000	1	0
7061206	0	1
7065985	1	0
7066155	0	1
7068414	1	0
7070817	0	1
7072908	0	1
7073717	0	1
7074716	0	1
7080349	1	0
7084206	1	0
7086125	1	0
7086947	1	0
7087983	0	1
7090159	0	1
7090592	1	0
7090988	0	1
7091309	0	1
7092377	0	1
7096408	1	0
7096770	0	1
7098926	0	1
7098968	1	0
7099909	0	1
7100355	1	0
7100798	0	1
7101462	1	0
7102484	1	0
7104460	0	1
7108807	1	0
7109025	0	1
7109695	1	0
7109932	0	1
7112347	0	1
7112466	0	1
7115052	0	1
7116852	0	1
7119457	1	0
7122398	0	1
7122616	1	0
7123701	1	0
7124182	0	1
7124604	1	0
7124627	1	0
7125592	1	0
7125618	0	1
7128664	0	1
7129078	0	1
7129985	1	0
7131334	0	1
7131337	1	0
7131498	1	0
7132336	1	0
7133638	0	1
7135922	0	1
7136637	1	0
7140123	0	1
7141336	1	0
7141339	0	1
7142858	0	1
7143177	0	1
7143198	1	0
7144972	1	0
7146042	0	1
7148083	0	1
7148207	0	1
7148793	0	1
7149268	0	1
7150390	0	1
7151342	1	0
7153374	0	1
7153651	1	0
7154797	1	0
7156175	0	1
7156996	1	0
7158085	0	1
7162967	0	1
7164824	1	0
7165464	1	0
7166223	0	1
7167886	0	1
7168018	1	0
7169372	1	0
7169534	0	1
7169678	0	1
7171143	1	0
7171387	0	1
7173316	0	1
7175167	0	1
7175666	0	1
7176794	0	1
7178175	1	0
7180399	1	0
7180699	1	0
7182203	0	1
7184511	1	0
7185225	0	1
7186133	1	0
7187096	1	0
7190831	0	1
7190902	1	0
7192032	1	0
7192929	0	1
7193491	1	0
7194969	1	0
7196925	0	1
7197961	1	0
7198018	0	1
7198376	1	0
7198404	1	0
7198934	1	0
7199776	0	1
7201823	1	0
7202836	1	0
7203701	1	0
7205297	1	0
7205321	0	1
7206904	1	0
7207403	0	1
7208497	1	0
7209742	0	1
7210010	1	0
7210394	0	1
7211547	0	1
7211954	0	1
7212319	0	1
7212912	1	0
7216042	1	0
7218754	1	0
7219716	1	0
7219787	1	0
7221935	0	1
7222202	1	0
7223675	0	1
7226080	1	0
7230541	0	1
7230722	1	0
7231710	1	0
7234244	0	1
7235273	0	1
7237019	0	1
7239071	1	0
7241486	0	1
7242950	0	1
7245990	1	0
7247381	0	1
7251239	1	0
7252562	1	0
7255307	1	0
7256514	1	0
7257077	1	0
7259315	0	1
7260070	1	0
7260251	1	0
7264863	1	0
7267415	0	1
7268514	1	0
7269995	0	1
7278106	1	0
7278341	1	0
7279361	0	1
7280022	0	1
7281061	0	1
7281207	0	1
7281982	1	0
7282807	0	1
7284015	1	0
7285463	1	0
7286652	1	0
7288395	1	0
7289555	0	1
7290336	0	1
7291252	0	1
7292002	1	0
7292317	0	1
7292660	1	0
7293475	0	1
7294233	0	1
7296247	1	0
7296976	0	1
7298468	0	1
7298711	1	0
7301027	0	1
7302569	1	0
7304644	1	0
7305238	0	1
7306686	1	0
7307013	1	0
7307346	1	0
7307717	1	0
7308127	0	1
7308827	1	0
7311179	0	1
7315105	1	0
7316440	0	1
7316633	0	1
7317360	0	1
7321028	0	1
7321544	1	0
7322832	0	1
7326478	1	0
7327301	0	1
7328226	0	1
7331571	1	0
7335112	0	1
7338243	1	0
7339204	1	0
7340565	1	0
7341751	1	0
7341981	1	0
7343283	1	0
7343796	0	1
7343983	1	0
7344306	0	1
7344808	1	0
7348841	1	0
7355086	1	0
7357774	0	1
7358600	1	0
7359436	1	0
7361365	1	0
7361504	1	0
7368332	0	1
7369903	0	1
7370378	1	0
7373571	0	1
7374643	1	0
7374762	1	0
7374915	0	1
7374958	0	1
7375283	1	0
7375354	1	0
7376306	1	0
7376422	0	1
7377203	0	1
7377563	0	1
7378657	0	1
7379428	1	0
7381851	0	1
7382398	1	0
7382747	0	1
7386500	1	0
7387338	1	0
7387377	1	0
7387488	0	1
7388569	0	1
7388885	1	0
7389099	0	1
7389389	0	1
7391209	1	0
7395176	0	1
7395361	1	0
7398185	0	1
7399844	1	0
7400929	0	1
7401022	1	0
7403088	1	0
7405318	1	0
7407191	1	0
7408257	1	0
7409588	1	0
7410353	1	0
7410844	1	0
7411155	0	1
7413119	0	1
7416758	1	0
7418053	1	0
7419072	0	1
7421935	0	1
7421997	0	1
7422478	1	0
7423121	0	1
7423164	1	0
7424143	0	1
7427906	1	0
7430033	0	1
7431054	1	0
7432559	1	0
7434610	0	1
7435014	0	1
7435444	0	1
7436683	0	1
7438178	1	0
7438183	1	0
7440764	0	1
7440973	0	1
7441931	0	1
7443032	1	0
7443042	0	1
7443789	0	1
7444806	1	0
7446371	1	0
7449483	0	1
7449578	1	0
7450022	1	0
7451023	0	1
7451480	1	0
7452207	1	0
7457566	1	0
7457645	1	0
7461169	1	0
7462639	0	1
7463560	0	1
7464393	0	1
7465485	0	1
7465945	0	1
7466197	0	1
7467486	0	1
7473436	1	0
7474404	0	1
7475886	1	0
7476863	0	1
7477161	1	0
7478314	1	0
7482536	0	1
7484108	0	1
7484145	1	0
7484747	0	1
7486087	1	0
7487203	0	1
7487376	1	0
7491050	0	1
7491718	1	0
7493460	1	0
7495513	0	1
7495833	1	0
7497282	1	0
7498270	1	0
7498532	0	1
7500222	0	1
7501259	0	1
7501581	0	1
7502303	0	1
7503825	0	1
7510592	0	1
7511652	1	0
7513758	1	0
7514293	0	1
7515249	1	0
7517651	1	0
7522346	0	1
7522609	1	0
7525150	1	0
7531090	1	0
7531888	1	0
7532379	1	0
7535626	1	0
7535957	0	1
7541882	0	1
7542567	1	0
7542696	0	1
7542893	1	0
7543758	0	1
7543842	0	1
7544229	0	1
7546342	0	1
7548393	0	1
7550613	0	1
7550677	0	1
7552616	1	0
7554808	1	0
7554830	1	0
7555492	0	1
7558167	0	1
7562408	0	1
7565768	1	0
7566824	1	0
7567319	0	1
7568505	0	1
7569713	1	0
7571169	0	1
7572361	0	1
7575061	1	0
7575686	0	1
7576059	1	0
7576087	1	0
7576441	1	0
7576676	0	1
7577039	1	0
7579876	1	0
7581630	0	1
7582002	0	1
7584102	0	1
7585149	0	1
7585845	1	0
7586153	1	0
7586649	1	0
7586760	1	0
7587115	0	1
7588576	1	0
7589153	1	0
7591437	1	0
7592880	1	0
7594185	0	1
7594912	0	1
7596293	0	1
7599063	1	0
7599561	1	0
7600121	1	0
7602638	1	0
7603645	0	1
7607075	1	0
7607352	0	1
7607675	1	0
7610320	0	1
7610460	1	0
7611311	1	0
7613749	0	1
7615327	1	0
7616154	1	0
7616395	0	1
7617462	1	0
7623355	0	1
7625535	0	1
7625611	1	0
7627266	0	1
7632272	1	0
7632559	0	1
7636735	0	1
7637090	0	1
7639372	1	0
7639588	1	0
7640550	0	1
7641154	1	0
7642635	0	1
7642899	0	1
7644055	1	0
7644059	0	1
7644799	1	0
7645766	0	1
7648191	0	1
7650081	0	1
7650210	0	1
7651518	0	1
7652956	0	1
7654722	0	1
7655801	1	0
7655953	1	0
7657316	1	0
7658796	1	0
7659180	0	1
7663128	1	0
7663932	1	0
7666619	1	0
7668031	0	1
7669309	0	1
7670372	0	1
7671763	0	1
7674243	0	1
7676243	0	1
7677732	1	0
7677776	0	1
7677788	0	1
7678380	1	0
7678422	1	0
7679395	1	0
7679400	1	0
7680274	0	1
7680907	1	0
7685116	1	0
7685193	0	1
7685283	1	0
7687806	1	0
7689920	1	0
7693581	1	0
7693690	1	0
7694980	0	1
7695943	0	1
7696461	1	0
7697719	0	1
7701054	0	1
7701141	0	1
7702578	0	1
7703026	0	1
7703720	1	0
7706246	1	0
7706420	1	0
7708888	1	0
7709579	0	1
7715082	0	1
7718416	1	0
7719115	1	0
7719587	0	1
7719920	0	1
7720248	0	1
7722200	1	0
7724078	0	1
7729181	1	0
7729297	1	0
7729629	1	0
7735117	0	1
7736171	1	0
7737247	1	0
7737819	0	1
7739441	1	0
7740365	0	1
7741210	1	0
7742274	0	1
7742308	0	1
7743318	0	1
7743509	0	1
7744328	1	0
7744443	0	1
7747373	1	0
7748007	0	1
7748758	0	1
7750565	0	1
7750791	1	0
7751932	1	0
7752886	1	0
7753499	0	1
7755032	1	0
7757141	0	1
7757982	1	0
7759298	0	1
7762546	0	1
7763360	1	0
7763554	1	0
7764599	1	0
7765349	0	1
7767299	0	1
7769429	1	0
7769681	0	1
7770449	1	0
7770863	1	0
7774988	0	1
7778671	1	0
7779431	0	1
7780183	0	1
7782013	0	1
7783221	0	1
7783621	1	0
7784501	0	1
7787445	1	0
7788971	0	1
7790075	1	0
7792866	0	1
7793297	1	0
7800974	0	1
7801272	0	1
7803713	1	0
7805521	0	1
7808181	0	1
7809353	0	1
7809706	1	0
7810587	1	0
7813231	0	1
7815362	1	0
7815616	0	1
7822087	0	1
7822129	0	1
7822794	1	0
7824666	0	1
7829518	0	1
7829723	1	0
7833159	0	1
7833489	1	0
7834562	0	1
7835318	0	1
7837518	0	1
7837717	0	1
7838000	1	0
7839118	0	1
7839433	1	0
7842259	1	0
7843411	0	1
7846647	0	1
7848574	1	0
7849433	0	1
7851005	0	1
7851088	0	1
7852418	1	0
7857934	0	1
7858104	0	1
7858905	0	1
7858930	1	0
7860483	1	0
7860510	1	0
7861320	0	1
7861650	1	0
7863845	1	0
7865228	1	0
7866691	0	1
7867755	0	1
7868140	0	1
7870395	1	0
7873223	0	1
7873992	0	1
7875169	1	0
7876474	0	1
7878208	0	1
7879400	1	0
7881590	0	1
7883907	0	1
7884991	1	0
7887851	1	0
7888154	1	0
7888866	1	0
7890192	1	0
7890337	0	1
7892028	1	0
7892899	0	1
7893534	0	1
7894336	0	1
7894947	1	0
7895312	1	0
7898612	1	0
7900753	0	1
7901295	0	1
7901542	1	0
7901708	1	0
7903823	1	0
7905437	1	0
7905542	0	1
7905708	1	0
7908975	0	1
7911692	1	0
7912153	0	1
7912297	1	0
7914503	0	1
7914539	0	1
7915888	0	1
7916121	1	0
7917689	1	0
7917935	0	1
7918508	0	1
7918682	1	0
7919134	1	0
7919319	1	0
7920149	1	0
7921546	1	0
7922215	0	1
7926290	0	1
7928164	0	1
7929212	0	1
7930317	0	1
7930833	0	1
7931791	0	1
7933682	0	1
7933685	1	0
7934559	0	1
7937685	1	0
7940210	0	1
7940543	1	0
7942320	0	1
7943492	0	1
7944486	0	1
7945930	1	0
7947263	1	0
7947362	0	1
7948081	1	0
7948378	0	1
7949986	0	1
7950412	0	1
7951177	1	0
7953475	0	1
7955512	0	1
7958079	0	1
7958949	1	0
7962429	1	0
7962472	1	0
7966185	1	0
7966757	1	0
7968991	0	1
7972940	0	1
7975905	0	1
7977501	1	0
7978980	1	0
7983823	0	1
7984657	0	1
7984804	0	1
7984837	1	0
7987678	1	0
7987714	1	0
7991730	0	1
7992855	0	1
7994284	0	1
7997482	0	1
8000578	1	0
8001239	0	1
8002503	0	1
8003487	1	0
8005751	0	1
8005829	1	0
8007144	0	1
8007893	0	1
8010523	1	0
8012075	0	1
8012479	0	1
8012672	1	0
8013711	0	1
8019059	0	1
8019633	1	0
8026810	0	1
8027783	1	0
8028065	0	1
8028107	1	0
8028589	1	0
8028637	0	1
8029826	1	0
8031438	1	0
8032916	1	0
8033503	1	0
8033661	1	0
8035028	1	0
8035116	0	1
8036494	1	0
8038898	0	1
8038977	0	1
8039564	0	1
8040850	0	1
8042207	1	0
8042501	0	1
8043803	1	0
8044890	0	1
8047782	1	0
8049374	1	0
8049978	1	0
8050319	1	0
8051578	0	1
8051972	1	0
8052078	1	0
8054384	0	1
8054729	1	0
8055366	0	1
8057864	1	0
8058010	0	1
8062657	0	1
8063644	0	1
8065136	1	0
8066889	1	0
8072170	0	1
8073243	0	1
8074847	1	0
8076377	0	1
8077704	0	1
8079845	0	1
8080411	0	1
8081288	0	1
8081397	1	0
8084608	1	0
8085700	1	0
8086693	1	0
8087107	1	0
8090176	1	0
8090195	1	0
8090331	0	1
8090414	1	0
8090782	1	0
8091698	0	1
8092528	0	1
8092949	0	1
8094029	1	0
8094373	0	1
8094980	1	0
8095229	0	1
8096684	1	0
8096798	1	0
8097359	1	0
8098369	0	1
8099432	1	0
8100043	1	0
8101419	0	1
8101659	0	1
8103377	0	1
8106834	0	1
8112949	1	0
8115759	0	1
8116162	1	0
8116214	1	0
8121080	0	1
8122166	1	0
8123201	0	1
8123413	0	1
8126660	0	1
8130873	1	0
8133490	1	0
8135063	0	1
8135713	1	0
8139197	1	0
8141766	0	1
8144192	0	1
8145362	0	1
8145459	0	1
8145494	1	0
8145835	0	1
8145965	1	0
8147787	0	1
8150325	0	1
8151362	1	0
8152622	1	0
8153477	0	1
8157124	1	0
8158389	0	1
8159680	1	0
8162282	0	1
8162928	1	0
8163017	1	0
8164814	0	1
8167292	0	1
8168271	1	0
8169112	1	0
8169251	1	0
8169752	1	0
8170029	1	0
8171864	1	0
8172097	1	0
8173636	1	0
8174411	0	1
8174417	0	1
8176033	1	0
8178132	1	0
8178683	1	0
8179548	0	1
8179615	0	1
8179958	0	1
8181547	1	0
8181750	1	0
8182100	1	0
8183682	0	1
8183777	0	1
8185519	0	1
8186836	1	0
8188244	1	0
8188761	0	1
8189792	1	0
8189902	0	1
8190349	0	1
8190652	0	1
8191607	0	1
8193015	1	0
8194288	1	0
8194480	0	1
8194745	0	1
8195662	0	1
8195689	0	1
8197465	1	0
8198662	1	0
8198893	0	1
8202216	1	0
8203262	1	0
8211396	0	1
8211454	1	0
8213689	0	1
8213797	0	1
8217553	0	1
8218151	0	1
8219616	1	0
8221288	0	1
8222953	1	0
8224532	1	0
8224548	0	1
8224880	0	1
8227008	1	0
8229069	1	0
8231226	0	1
8231237	1	0
8231294	0	1
8231397	0	1
8234156	0	1
8235022	0	1
8236776	1	0
8237105	1	0
8238582	1	0
8239365	1	0
8245333	1	0
8245783	1	0
8245937	1	0
8246993	1	0
8248517	1	0
8248710	1	0
8249743	0	1
8251562	1	0
8251721	0	1
8253774	1	0
8254822	0	1
8254837	0	1
8256023	1	0
8258200	1	0
8264470	1	0
8270796	0	1
8271509	0	1
8271560	0	1
8276253	1	0
8276586	0	1
8280720	0	1
8285203	0	1
8285734	0	1
8287652	1	0
8288985	1	0
8291483	0	1
8295599	1	0
8295907	1	0
8296609	0	1
8298348	0	1
8299537	1	0
8303314	1	0
8304104	0	1
8305386	0	1
8305501	1	0
8305851	0	1
8306025	0	1
8307965	1	0
8307991	0	1
8311764	1	0
8314173	0	1
8315688	0	1
8315727	1	0
8316125	1	0
8316321	0	1
8317975	1	0
8318071	0	1
8321012	1	0
8322090	0	1
8322236	0	1
8323059	1	0
8323264	0	1
8323998	0	1
8325666	0	1
8327255	0	1
8327826	1	0
8328398	1	0
8328504	0	1
8328627	0	1
8328696	1	0
8328800	0	1
8329449	1	0
8331708	0	1
8332265	0	1
8333206	0	1
8334508	0	1
8335682	1	0
8335874	0	1
8337162	1	0
8338147	1	0
8340003	0	1
8341504	0	1
8342373	1	0
8346541	0	1
8346944	0	1
8348597	0	1
8348898	1	0
8350351	0	1
8350734	1	0
8351042	0	1
8351659	1	0
8352607	1	0
8354130	0	1
8354624	0	1
8355267	1	0
8357175	0	1
8357709	1	0
8357797	1	0
8357860	0	1
8358054	0	1
8358899	1	0
8359545	1	0
8361044	1	0
8361178	1	0
8361414	0	1
8366051	0	1
8366788	1	0
8370091	1	0
8370447	1	0
8375843	1	0
8376024	0	1
8378042	1	0
8383299	0	1
8384189	1	0
8385087	1	0
8385344	1	0
8386596	0	1
8386967	1	0
8388649	0	1
8389506	1	0
8389859	1	0
8390682	1	0
8390716	1	0
8390853	1	0
8390996	0	1
8391654	0	1
8393332	0	1
8393405	0	1
8393422	0	1
8393635	0	1
8397313	1	0
8399990	1	0
8400677	0	1
8400912	0	1
8401497	0	1
8405137	0	1
8406512	0	1
8407361	1	0
8408048	0	1
8411072	1	0
8415910	1	0
8417921	1	0
8420310	0	1
8420799	1	0
8424539	1	0
8425343	1	0
8425607	1	0
8426816	0	1
8428352	1	0
8429119	1	0
8429742	0	1
8431367	1	0
8431768	0	1
8433314	1	0
8434455	1	0
8434999	0	1
8436504	0	1
8436563	0	1
8437624	0	1
8438831	0	1
8439283	0	1
8439871	0	1
8442521	0	1
8443809	1	0
8445171	1	0
8445319	0	1
8445682	0	1
8447376	0	1
8448979	0	1
8449768	1	0
8449822	0	1
8449891	1	0
8450015	0	1
8452678	1	0
8452873	1	0
8454305	0	1
8455452	0	1
8457181	0	1
8458346	1	0
8458610	1	0
8460376	1	0
8461583	1	0
8462637	1	0
8464368	1	0
8464871	1	0
8464969	1	0
8465093	0	1
8465623	1	0
8465975	0	1
8467814	1	0
8469061	0	1
8469195	0	1
8470891	1	0
8474194	0	1
8476513	1	0
8478005	1	0
8480003	1	0
8480220	0	1
8480311	1	0
8482148	1	0
8487727	1	0
8488094	1	0
8489195	1	0
8489308	1	0
8490406	0	1
8491204	1	0
8491571	1	0
8492682	0	1
8494097	0	1
8497332	0	1
8499367	1	0
8504385	0	1
8505165	1	0
8505368	0	1
8506072	1	0
8508167	0	1
8508483	1	0
8508744	1	0
8510125	0	1
8514042	1	0
8514744	0	1
8516335	0	1
8517025	1	0
8517599	1	0
8517790	1	0
8517817	0	1
8517987	1	0
8518770	1	0
8520515	1	0
8520589	1	0
8520924	0	1
8520967	1	0
8523356	1	0
8523998	1	0
8524445	1	0
8526486	1	0
8526922	0	1
8527362	1	0
8531006	1	0
8531246	1	0
8531298	1	0
8535463	0	1
8535951	1	0
8536664	1	0
8538788	1	0
8539375	1	0
8539523	0	1
8541597	0	1
8541783	1	0
8542078	0	1
8542279	0	1
8542613	1	0
8542971	1	0
8544699	1	0
8544833	1	0
8546304	0	1
8549528	1	0
8550854	0	1
8551402	0	1
8553840	1	0
8556890	1	0
8557797	1	0
8558902	0	1
8560061	1	0
8560251	0	1
8560874	0	1
8563099	1	0
8564077	1	0
8567818	1	0
8569094	0	1
8571109	0	1
8571489	1	0
8572582	0	1
8574800	1	0
8575021	0	1
8576057	0	1
8577314	0	1
8577591	1	0
8578942	0	1
8579036	0	1
8581052	0	1
8581578	0	1
8582457	0	1
8583100	0	1
8583628	1	0
8589488	0	1
8592303	1	0
8592783	0	1
8593017	1	0
8594022	0	1
8594221	1	0
8595620	1	0
8595974	0	1
8596110	1	0
8596140	1	0
8598752	0	1
8598958	0	1
8599646	0	1
8599777	0	1
8599945	1	0
8600572	1	0
8600813	0	1
8602505	1	0
8602685	1	0
8604475	0	1
8606930	1	0
8607046	0	1
8607101	0	1
8608008	0	1
8609232	0	1
8610768	1	0
8611636	0	1
8612681	0	1
8613745	0	1
8615413	1	0
8615640	1	0
8615670	0	1
8616616	0	1
8620711	1	0
8620745	0	1
8622010	0	1
8622918	0	1
8625990	1	0
8626022	0	1
8627458	0	1
8628882	0	1
8631751	0	1
8632776	0	1
8634340	1	0
8635050	1	0
8637386	1	0
8638926	0	1
8639079	1	0
8639280	0	1
8639510	1	0
8639682	0	1
8640031	1	0
8640765	1	0
8642246	0	1
8642794	1	0
8643772	0	1
8646066	0	1
8648944	0	1
8650569	1	0
8652967	0	1
8653460	1	0
8655545	0	1
8658857	1	0
8658910	0	1
8659697	1	0
8660063	1	0
8660971	0	1
8662252	0	1
8662565	1	0
8665331	1	0
8665725	0	1
8667392	1	0
8669941	1	0
8673533	1	0
8677689	1	0
8679209	0	1
8680529	1	0
8681737	0	1
8682622	1	0
8683218	0	1
8683246	0	1
8685087	1	0
8685754	0	1
8686191	1	0
8688195	1	0
8689634	1	0
8692841	1	0
8693023	1	0
8693666	1	0
8694814	0	1
8695398	1	0
8695969	1	0
8696852	0	1
8696951	0	1
8697004	1	0
8699452	1	0
8699462	0	1
8701084	1	0
8701871	1	0
8706524	0	1
8708737	0	1
8709417	0	1
8710085	1	0
8710269	1	0
8710874	0	1
8711179	0	1
8711686	1	0
8712788	0	1
8715427	1	0
8715565	1	0
8717928	1	0
8721306	1	0
8721644	1	0
8721943	0	1
8723893	1	0
8723921	1	0
8724819	0	1
8724850	1	0
8727045	0	1
8727078	1	0
8727312	0	1
8727689	1	0
8735486	1	0
8736214	0	1
8736314	0	1
8736698	0	1
8737405	1	0
8738132	1	0
8738306	0	1
8738319	1	0
8740572	0	1
8740942	0	1
8741059	1	0
8741719	1	0
8742475	1	0
8743465	1	0
8745369	1	0
8747438	0	1
8748283	0	1
8751163	1	0
8751273	0	1
8751859	1	0
8752454	1	0
8754109	1	0
8756598	0	1
8758311	1	0
8758468	0	1
8759688	1	0
8760638	1	0
8761878	0	1
8761895	1	0
8762349	1	0
8762420	0	1
8763070	1	0
8764968	0	1
8765399	0	1
8766669	1	0
8767985	1	0
8768372	0	1
8769231	0	1
8769438	0	1
8769535	1	0
8771635	1	0
8771899	1	0
8772079	0	1
8776631	0	1
8776708	1	0
8778235	0	1
8778862	1	0
8779116	1	0
8779541	1	0
8781295	1	0
8783874	0	1
8784292	1	0
8784861	1	0
8785564	0	1
8787906	1	0
8789754	1	0
8790068	0	1
8791112	0	1
8793053	1	0
8793922	1	0
8795003	0	1
8795322	1	0
8796758	0	1
8796858	1	0
8797457	1	0
8798139	1	0
8799390	1	0
8803348	0	1
8803678	0	1
8804726	0	1
8806887	0	1
8808119	1	0
8809909	0	1
8810075	1	0
8812483	0	1
8812981	0	1
8813747	1	0
8813866	1	0
8815415	1	0
8817920	1	0
8818802	1	0
8818945	0	1
8819090	0	1
8819254	0	1
8820165	0	1
8821462	1	0
8821508	0	1
8821595	1	0
8827338	1	0
8827797	1	0
8828661	0	1
8829989	1	0
8831662	0	1
8831817	1	0
8831972	1	0
8835213	0	1
8835736	1	0
8837452	1	0
8839101	1	0
8839945	0	1
8840073	1	0
8843013	1	0
8845411	0	1
8846165	1	0
8846977	1	0
8848030	0	1
8848664	1	0
8849601	0	1
8850454	1	0
8850903	0	1
8853649	0	1
8853714	0	1
8854318	1	0
8856301	1	0
8857187	0	1
8859244	1	0
8860123	1	0
8866192	1	0
8869064	0	1
8869075	1	0
8869934	1	0
8872531	0	1
8873092	1	0
8874833	0	1
8875556	1	0
8875691	1	0
8876196	1	0
8876697	1	0
8878114	1	0
8881601	0	1
8883223	1	0
8883743	1	0
8885275	1	0
8885393	1	0
8886021	0	1
8886302	1	0
8887877	0	1
8889324	0	1
8889905	0	1
8890171	1	0
8890399	1	0
8890760	1	0
8891291	0	1
8894007	0	1
8894181	1	0
8894427	0	1
8895044	0	1
8896280	1	0
8896357	1	0
8896732	0	1
8899126	0	1
8900576	0	1
8901154	1	0
8901316	1	0
8901840	0	1
8902214	0	1
8903867	1	0
8904344	1	0
8905852	1	0
8906562	1	0
8907137	1	0
8909191	0	1
8909465	0	1
8910279	0	1
8911447	1	0
8911964	1	0
8913597	1	0
8916928	1	0
8917030	1	0
8917297	0	1
8918246	0	1
8920391	0	1
8921720	0	1
8921747	1	0
8922281	1	0
8923695	1	0
8925244	1	0
8926122	0	1
8926196	0	1
8927514	1	0
8928449	1	0
8930172	1	0
8930832	1	0
8933240	0	1
8933730	1	0
8936388	1	0
8936408	0	1
8938326	1	0
8940668	1	0
8942191	0	1
8945297	1	0
8945598	0	1
8946177	1	0
8946524	0	1
8949009	1	0
8950838	0	1
8953548	1	0
8954118	1	0
8954341	0	1
8958941	1	0
8959736	1	0
8961481	0	1
8962897	0	1
8963103	0	1
8965581	1	0
8970697	0	1
8975214	0	1
8975761	1	0
8979231	1	0
8979422	1	0
8983166	1	0
8983227	1	0
8983929	0	1
8986397	0	1
8988124	1	0
8989826	1	0
8990259	0	1
8990988	0	1
8992175	1	0
8992832	0	1
8993772	0	1
8994808	1	0
8997126	1	0
8998847	1	0
9000287	1	0
9000336	0	1
9000562	1	0
9003463	0	1
9005398	1	0
9005664	1	0
9005754	1	0
9005991	1	0
9008413	1	0
9013233	1	0
9015109	0	1
9017156	1	0
9017196	0	1
9019964	0	1
9021488	1	0
9022061	1	0
9022984	1	0
9026979	0	1
9027054	1	0
9027338	1	0
9027555	1	0
9028585	1	0
9028944	1	0
9029051	0	1
9030016	1	0
9032428	1	0
9033955	1	0
9034005	1	0
9034067	0	1
9035097	1	0
9035301	0	1
9036939	1	0
9037318	0	1
9038091	0	1
9039382	1	0
9044184	1	0
9044477	0	1
9047714	0	1
9048290	1	0
9048526	1	0
9049255	0	1
9051710	1	0
9051770	1	0
9051967	1	0
9053156	0	1
9053857	0	1
9054725	1	0
9057026	1	0
9057270	1	0
9057788	1	0
9058095	1	0
9058235	1	0
9059226	0	1
9059545	1	0
9062674	1	0
9062737	1	0
9065771	0	1
9066953	0	1
9069589	0	1
9069629	1	0
9070169	1	0
9071096	0	1
9071423	0	1
9072156	0	1
9072196	0	1
9073376	0	1
9076916	1	0
9077022	0	1
9079480	0	1
9081316	0	1
9081665	0	1
9082639	0	1
9083141	0	1
9084416	1	0
9084736	0	1
9085500	0	1
9087575	1	0
9088413	1	0
9089906	1	0
9092787	1	0
9096497	0	1
9102072	1	0
9104939	1	0
9105312	0	1
9106012	0	1
9106639	1	0
9106860	1	0
9106958	1	0
9107426	1	0
9110047	1	0
9110100	0	1
9110424	1	0
9110992	1	0
9112385	0	1
9113489	1	0
9115609	1	0
9117158	0	1
9120094	0	1
9120984	0	1
9122008	1	0
9124432	0	1
9124440	1	0
9124811	0	1
9125145	1	0
9126244	0	1
9127930	0	1
9128318	1	0
9129258	1	0
9131050	0	1
9132758	1	0
9133600	1	0
9135233	1	0
9136325	0	1
9136434	1	0
9140504	1	0
9145457	0	1
9145693	1	0
9146415	0	1
9147704	1	0
9148824	0	1
9149450	0	1
9152568	0	1
9154075	1	0
9154235	1	0
9155711	1	0
9156039	0	1
9156159	1	0
9156754	1	0
9156822	0	1
9157034	1	0
9157839	0	1
9163286	0	1
9165745	1	0
9165763	1	0
9168471	1	0
9168916	1	0
9169210	1	0
9169704	1	0
9170709	1	0
9171588	0	1
9172913	1	0
9173157	1	0
9173782	0	1
9174947	1	0
9177166	1	0
9177779	0	1
9180217	0	1
9180936	0	1
9184743	1	0
9185212	1	0
9185825	1	0
9187235	0	1
9188403	0	1
9188986	0	1
9189869	1	0
9191324	1	0
9191402	1	0
9192645	1	0
9194476	0	1
9196582	0	1
9196903	0	1
9198269	1	0
9200020	0	1
9200154	1	0
9200251	0	1
9203145	0	1
9203743	0	1
9205364	0	1
9206459	0	1
9207009	1	0
9207575	1	0
9210719	0	1
9211525	0	1
9212404	1	0
9217563	0	1
9218271	0	1
9218886	0	1
9218998	1	0
9219652	0	1
9219914	0	1
9220102	1	0
9220713	1	0
9220944	0	1
9221434	0	1
9222987	0	1
9225417	1	0
9225902	1	0
9226483	0	1
9228232	1	0
9230238	0	1
9230498	1	0
9231183	0	1
9231187	1	0
9231870	0	1
9234852	0	1
9234931	1	0
9235590	0	1
9236001	0	1
9236051	0	1
9236733	0	1
9237095	1	0
9239465	0	1
9240841	1	0
9241704	0	1
9243349	1	0
9243489	1	0
9245375	0	1
9245848	1	0
9246780	0	1
9246912	1	0
9249158	1	0
9250111	0	1
9250889	1	0
9251083	1	0
9252426	1	0
9253005	0	1
9254536	1	0
9256452	1	0
9256462	0	1
9256862	1	0
9258373	1	0
9258919	1	0
9260768	1	0
9261854	0	1
9264458	0	1
9265585	0	1
9268520	0	1
9268864	1	0
9270970	1	0
9271017	0	1
9271125	1	0
9271797	1	0
9272071	0	1
9275918	1	0
9277935	0	1
9279750	1	0
9280653	0	1
9281551	1	0
9282711	1	0
9283922	1	0
9286965	1	0
9287137	0	1
9288087	1	0
9295296	0	1
9296172	1	0
9298597	0	1
9299831	0	1
9301287	0	1
9301711	0	1
9304081	1	0
9304455	0	1
9305947	1	0
9306070	1	0
9306096	1	0
9306949	1	0
9310677	1	0
9311202	1	0
9311721	1	0
9311793	1	0
9313293	0	1
9314998	1	0
9318118	0	1
9318885	1	0
9319040	0	1
9319092	0	1
9321927	0	1
9323335	1	0
9326629	1	0
9329462	0	1
9330309	1	0
9331789	1	0
9333611	0	1
9334343	0	1
9334566	1	0
9335012	0	1
9336072	1	0
9336466	0	1
9339430	1	0
9340589	1	0
9342280	1	0
9344920	1	0
9347944	0	1
9352157	1	0
9353474	1	0
9362656	0	1
9364740	0	1
9365161	0	1
9371375	0	1
9373531	1	0
9373920	0	1
9373964	1	0
9378034	0	1
9379119	1	0
9380192	1	0
9380257	0	1
9381616	1	0
9382541	0	1
9384716	1	0
9384813	1	0
9385917	1	0
9386618	1	0
9387688	1	0
9388280	0	1
9398115	0	1
9398913	0	1
9399479	0	1
9399760	0	1
9403187	1	0
9403334	1	0
9404108	0	1
9405653	1	0
9405858	0	1
9409432	0	1
9409513	0	1
9409841	1	0
9409949	1	0
9410656	1	0
9411869	0	1
9413620	0	1
9416429	0	1
9417010	0	1
9418626	1	0
9418693	1	0
9420974	1	0
9421485	0	1
9421819	0	1
9422416	0	1
9422578	0	1
9423042	0	1
9423054	1	0
9423444	0	1
9425868	1	0
9428066	1	0
9428709	1	0
9429460	0	1
9429729	0	1
9430237	1	0
9430957	1	0
9431049	0	1
9431599	1	0
9432512	1	0
9432521	0	1
9433290	0	1
9433619	1	0
9433939	0	1
9434322	0	1
9434506	1	0
9438368	0	1
9438615	0	1
9439733	1	0
9439984	0	1
9440387	0	1
9441893	1	0
9442826	1	0
9443055	1	0
9443170	0	1
9446018	1	0
9446388	0	1
9450645	1	0
9453616	0	1
9453849	0	1
9454783	0	1
9454952	1	0
9455109	1	0
9456698	1	0
9457121	0	1
9461644	0	1
9464081	1	0
9464211	0	1
9464872	1	0
9465049	0	1
9466130	0	1
9466366	0	1
9468742	0	1
9469140	1	0
9470093	0	1
9472127	1	0
9473158	1	0
9474161	1	0
9476734	1	0
9477109	1	0
9477291	1	0
9478386	0	1
9478570	1	0
9479107	1	0
9479634	0	1
9483576	1	0
9484205	0	1
9485049	0	1
9488973	0	1
9491323	0	1
9492809	1	0
9493224	0	1
9493415	0	1
9493957	0	1
9494190	0	1
9498494	1	0
9498793	1	0
9499289	0	1
9500733	0	1
9501501	0	1
9502689	0	1
9505208	1	0
9506391	1	0
9507307	1	0
9509714	0	1
9511846	0	1
9517140	1	0
9521097	1	0
9524418	0	1
9525329	0	1
9527110	1	0
9528334	1	0
9530120	1	0
9530749	1	0
9533975	1	0
9536719	0	1
9538345	0	1
9538749	1	0
9539676	0	1
9540004	1	0
9540149	0	1
9541299	1	0
9542170	1	0
9542549	0	1
9543338	0	1
9543537	0	1
9544524	0	1
9549215	1	0
9551529	0	1
9551535	0	1
9551664	1	0
9551699	1	0
9552191	0	1
9557449	0	1
9558272	1	0
9558975	0	1
9559675	1	0
9561997	0	1
9563159	1	0
9563329	1	0
9564114	0	1
9564325	1	0
9565787	0	1
9565961	1	0
9566082	1	0
9567702	0	1
9568409	0	1
9575806	0	1
9576824	0	1
9578837	1	0
9581543	0	1
9583680	0	1
9584002	1	0
9585523	0	1
9585530	1	0
9587648	1	0
9587973	0	1
9593734	1	0
9597580	1	0
9598753	0	1
9598987	0	1
9600607	0	1
9601328	1	0
9602167	0	1
9602652	0	1
9605363	1	0
9606208	1	0
9608395	1	0
9610587	0	1
9611673	1	0
9612324	0	1
9613873	1	0
9615396	1	0
9615664	1	0
9617590	0	1
9617831	0	1
9618354	1	0
9621076	0	1
9622207	0	1
9622603	1	0
9626037	1	0
9627478	0	1
9628556	0	1
9635232	0	1
9637722	0	1
9639230	0	1
9639344	1	0
9639949	1	0
9640879	1	0
9642161	1	0
9643523	1	0
9645245	1	0
9648458	0	1
9649578	0	1
9654811	0	1
9654972	0	1
9655808	1	0
9655951	1	0
9657760	0	1
9659952	0	1
9660940	1	0
9661696	0	1
9661789	1	0
9662898	0	1
9663291	1	0
9663406	0	1
9665170	0	1
9666984	0	1
9667603	1	0
9667875	1	0
9668834	1	0
9668965	0	1
9670974	0	1
9671836	1	0
9676159	1	0
9676313	0	1
9677909	0	1
9680079	1	0
9681809	0	1
9682634	0	1
9683687	0	1
9684960	1	0
9685042	0	1
9692297	1	0
9692690	0	1
9694065	1	0
9694246	0	1
9694491	1	0
9695392	0	1
9695846	0	1
9696782	0	1
9696926	1	0
9697651	0	1
9698068	1	0
9699231	0	1
9699483	1	0
9703853	1	0
9704901	0	1
9706515	1	0
9710106	0	1
9710671	1	0
9711638	0	1
9713697	1	0
9713793	1	0
9715658	1	0
9715825	0	1
9716482	0	1
9718074	0	1
9718157	1	0
9719615	0	1
9724377	1	0
9724760	1	0
9725160	0	1
9725282	1	0
9725413	1	0
9725917	0	1
9728299	1	0
9729257	1	0
9729907	1	0
9730176	0	1
9735149	0	1
9736952	1	0
9737507	1	0
9740913	0	1
9742090	1	0
9742501	0	1
9743377	1	0
9744137	1	0
9744618	1	0
9746044	1	0
9748139	0	1
9748720	1	0
9749488	1	0
9753884	1	0
9754285	1	0
9755979	1	0
9758518	0	1
9760323	1	0
9760649	1	0
9761411	0	1
9762662	1	0
9763856	0	1
9767901	1	0
9768493	0	1
9769505	0	1
9770183	1	0
9771455	1	0
9772289	1	0
9776437	1	0
9778080	1	0
9779001	1	0
9779907	0	1
9780288	1	0
9780612	1	0
9781258	0	1
9781677	1	0
9782150	1	0
9782473	1	0
9783224	0	1
9783586	0	1
9784333	0	1
9786120	0	1
9786402	1	0
9791649	1	0
9792035	1	0
9792164	1	0
9793611	0	1
9793788	1	0
9794606	1	0
9795685	1	0
9798928	0	1
9801378	0	1
9802241	0	1
9805074	1	0
9807313	0	1
9807602	0	1
9809090	0	1
9810783	0	1
9812193	0	1
9812887	0	1
9812947	1	0
9813582	0	1
9813627	0	1
9814001	0	1
9816467	0	1
9817326	1	0
9817617	1	0
9821229	1	0
9821487	1	0
9823138	0	1
9823526	0	1
9823706	0	1
9824441	1	0
9824930	0	1
9826013	1	0
9826021	0	1
9826707	0	1
9827230	1	0
9827543	1	0
9829472	1	0
9829796	0	1
9830406	0	1
9830491	1	0
9832630	0	1
9835230	1	0
9840380	1	0
9844391	1	0
9845281	1	0
9845750	0	1
9847330	0	1
9849049	1	0
9851752	0	1
9852060	0	1
9852739	1	0
9854812	0	1
9855148	0	1
9856026	1	0
9858050	0	1
9859287	0	1
9859583	0	1
9860487	0	1
9865720	0	1
9866005	0	1
9866376	1	0
9867092	1	0
9869205	0	1
9871825	1	0
9873777	0	1
9874510	1	0
9874917	0	1
9876109	1	0
9877193	1	0
9877713	0	1
9878088	1	0
9879411	1	0
9880009	1	0
9880798	0	1
9881533	0	1
9882771	1	0
9882864	0	1
9883698	1	0
9887369	1	0
9887583	1	0
9890427	1	0
9890723	0	1
9891602	1	0
9892502	1	0
9892859	0	1
9894069	1	0
9896488	1	0
9896859	0	1
9897799	1	0
9898642	0	1
9900821	0	1
9901707	1	0
9901773	1	0
9902247	0	1
9903952	1	0
9904990	1	0
9906654	1	0
9909602	0	1
9909653	0	1
9909888	0	1
9910196	0	1
9911255	1	0
9912806	0	1
9913365	0	1
9916083	0	1
9918901	1	0
9919183	0	1
9920195	1	0
9926272	1	0
9926352	0	1
9926469	0	1
9927190	0	1
9929761	0	1
9930439	1	0
9930453	0	1
9931836	1	0
9932300	0	1
9932517	0	1
9932670	1	0
9935379	1	0
9935384	1	0
9936359	1	0
9937426	1	0
9937591	0	1
9937889	1	0
9940531	1	0
9940697	1	0
9943018	1	0
9943304	1	0
9950520	1	0
9951370	1	0
9952427	0	1
9952542	0	1
9952613	0	1
9952923	1	0
9953157	1	0
9953957	1	0
9955282	0	1
9957010	1	0
9957822	1	0
9958453	1	0
9958542	0	1
9959573	1	0
9960373	1	0
9961060	0	1
9961163	0	1
9961451	0	1
9962701	1	0
9965988	0	1
9967319	0	1
9968468	0	1
9969027	0	1
9969222	1	0
9970169	1	0
9971555	0	1
9976123	1	0
9978036	1	0
9978306	0	1
9978672	0	1
9982866	1	0
9984758	1	0
9985044	1	0
9986658	0	1
9989048	0	1
9989812	0	1
9989825	1	0
9991296	1	0
9991393	1	0
9991755	0	1
9991892	1	0
9994617	1	0
9997011	0	1
9997369	1	0
9999241	1	0
10000188	1	0
10000917	0	1
10001246	1	0
10001580	1	0
10001707	1	0
10002089	0	1
10003277	0	1
10006128	1	0
10006353	1	0
10006758	1	0
10008097	1	0
10008240	1	0
10009206	1	0
10009996	0	1
10010065	0	1
10012000	1	0
10012134	1	0
10012685	1	0
10013838	1	0
10016375	1	0
10016778	0	1
10018994	1	0
10019759	1	0
10022103	1	0
10025497	0	1
10026266	1	0
10026672	0	1
10027497	0	1
10027630	1	0
10029064	1	0
10030398	1	0
10031314	1	0
10032161	1	0
10032345	0	1
10032888	1	0
10033305	1	0
10034328	0	1
10035054	0	1
10037464	0	1
10039075	1	0
10039988	1	0
10041208	1	0
10041882	1	0
10042209	0	1
10044016	0	1
10047428	1	0
10047832	0	1
10049166	1	0
10050814	0	1
10052595	1	0
10053015	0	1
10053159	0	1
10054849	0	1
10055630	1	0
10057160	0	1
10057241	0	1
10058657	1	0
10059111	0	1
10061914	1	0
10062155	0	1
10062942	1	0
10067579	1	0
10067700	0	1
10068382	0	1
10068830	0	1
10068946	1	0
10070595	0	1
10071697	0	1
10077597	0	1
10077942	0	1
10078090	1	0
10078936	0	1
10080658	1	0
10080961	1	0
10081248	1	0
10081271	1	0
10082538	1	0
10083716	1	0
10084538	1	0
10086171	0	1
10086253	0	1
10087711	0	1
10087990	0	1
10088183	1	0
10091186	1	0
10092741	1	0
10094084	1	0
10094170	1	0
10094311	1	0
10095033	0	1
10097029	1	0
10097042	1	0
10097876	1	0
10098174	0	1
10101161	1	0
10102377	0	1
10103928	1	0
10106125	1	0
10107307	1	0
10109813	1	0
10110661	0	1
10110917	0	1
10112285	1	0
10117282	1	0
10117857	0	1
10120021	0	1
10121529	1	0
10122509	0	1
10122717	1	0
10125150	1	0
10125891	1	0
10127928	0	1
10129122	1	0
10129507	0	1
10129762	0	1
10131548	1	0
10131707	1	0
10132035	1	0
10134707	1	0
10137839	0	1
10137970	1	0
10137990	0	1
10138474	0	1
10138657	0	1
10139054	0	1
10139985	0	1
10141084	1	0
10146337	1	0
10147086	1	0
10148602	0	1
10151537	1	0
10151757	0	1
10151888	0	1
10152358	1	0
10152544	0	1
10152779	0	1
10153341	0	1
10153839	0	1
10155755	0	1
10159720	0	1
10160879	1	0
10166348	1	0
10170391	0	1
10170789	1	0
10171267	0	1
10173726	0	1
10174898	1	0
10175155	0	1
10175227	0	1
10176277	0	1
10176491	1	0
10178465	0	1
10179699	0	1
10180091	1	0
10180105	0	1
10180567	1	0
10181836	1	0
10182122	1	0
10182581	0	1
10187984	0	1
10190001	1	0
10190351	1	0
10190777	0	1
10192321	1	0
10197135	1	0
10197747	0	1
10197780	1	0
10200004	1	0
10200825	1	0
10201990	1	0
10203059	1	0
10204388	1	0
10206091	0	1
10206714	0	1
10209362	1	0
10209424	0	1
10210759	0	1
10211292	1	0
10212319	1	0
10212705	0	1
10213181	1	0
10214721	1	0
10215213	0	1
10216099	1	0
10217813	1	0
10221549	0	1
10221828	1	0
10222835	1	0
10224639	0	1
10225659	1	0
10227710	1	0
10229533	0	1
10231484	1	0
10233452	1	0
10236325	0	1
10237133	1	0
10237954	1	0
10238166	1	0
10238525	1	0
10238944	1	0
10240727	1	0
10240955	0	1
10242667	0	1
10243875	0	1
10247426	0	1
10249149	1	0
10250749	1	0
10250855	1	0
10251797	1	0
10253716	1	0
10254176	1	0
10255097	1	0
10255576	1	0
10256374	0	1
10256747	0	1
10257859	1	0
10261843	1	0
10262171	1	0
10262941	1	0
10264894	0	1
10265097	1	0
10268354	1	0
10269022	1	0
10269547	1	0
10270693	0	1
10271074	0	1
10273302	1	0
10276161	0	1
10278558	1	0
10279135	0	1
10279346	0	1
10280584	1	0
10288049	1	0
10290219	0	1
10292023	1	0
10292675	1	0
10293370	1	0
10293836	0	1
10294310	0	1
10295721	0	1
10295780	0	1
10297005	0	1
10297815	0	1
10298461	0	1
10300163	0	1
10300290	1	0
10300672	1	0
10300906	1	0
10302394	0	1
10302688	0	1
10303545	1	0
10307606	0	1
10309690	1	0
10311160	0	1
10313748	0	1
10314203	1	0
10316210	0	1
10316236	0	1
10318992	0	1
10319372	0	1
10319548	1	0
10319729	1	0
10320911	1	0
10323877	0	1
10324007	0	1
10324888	1	0
10327775	0	1
10331974	0	1
10338220	1	0
10338819	1	0
10339993	0	1
10340641	1	0
10340836	0	1
10342747	0	1
10343080	1	0
10344671	1	0
10346881	0	1
10347306	1	0
10348253	0	1
10348985	1	0
10349060	1	0
10350864	1	0
10353069	1	0
10354099	0	1
10355998	1	0
10356054	0	1
10356323	0	1
10357439	0	1
10358733	0	1
10360764	1	0
10361991	0	1
10363087	1	0
10364564	0	1
10364838	0	1
10365052	1	0
10365407	0	1
10368309	1	0
10369623	1	0
10371050	0	1
10371538	1	0
10371938	1	0
10373150	0	1
10373473	0	1
10377127	0	1
10379297	0	1
10379405	0	1
10379662	1	0
10380553	1	0
10380972	1	0
10381429	1	0
10385766	0	1
10386324	1	0
10388733	0	1
10389297	1	0
10391001	1	0
10391273	0	1
10392817	1	0
10393956	1	0
10395691	0	1
10396457	0	1
10400420	0	1
10406550	1	0
10407184	0	1
10409064	0	1
10412686	1	0
10414919	0	1
10415715	1	0
10415718	0	1
10419628	1	0
10420201	0	1
10420252	1	0
10420626	1	0
10425019	0	1
10425850	0	1
10426027	1	0
10427495	1	0
10427514	1	0
10429652	1	0
10430673	0	1
10433204	0	1
10433551	0	1
10433677	1	0
10435251	0	1
10437500	1	0
10438831	0	1
10440807	0	1
10442137	0	1
10445087	0	1
10451656	1	0
10451911	1	0
10452974	0	1
10453145	1	0
10455088	1	0
10455434	0	1
10455591	0	1
10460214	0	1
10461005	0	1
10463367	0	1
10463403	0	1
10463530	0	1
10465781	0	1
10468981	0	1
10469076	1	0
10470477	0	1
10471552	0	1
10471861	1	0
10472599	0	1
10473452	1	0
10473468	1	0
10474518	1	0
10476551	1	0
10479829	1	0
10479892	1	0
10481984	0	1
10482756	0	1
10484382	0	1
10485635	1	0
10488908	1	0
10490425	1	0
10490731	0	1
10496829	1	0
10499032	0	1
10499102	0	1
10505274	1	0
10505392	0	1
10506109	0	1
10509028	1	0
10510942	1	0
10512433	0	1
10513450	1	0
10514018	1	0
10517087	1	0
10519365	1	0
10523253	0	1
10523933	1	0
10524288	1	0
10526001	0	1
10527559	0	1
10528604	0	1
10529631	0	1
10531843	1	0
10533986	1	0
10536495	1	0
10536777	0	1
10537075	1	0
10539056	0	1
10540168	0	1
10540586	1	0
10541456	0	1
10542953	0	1
10544490	1	0
10546786	1	0
10547391	1	0
10548880	0	1
10549954	1	0
10550650	0	1
10551327	0	1
10552592	1	0
10552677	1	0
10554605	1	0
10554960	1	0
10555202	1	0
10555937	0	1
10556780	1	0
10557208	0	1
10557703	1	0
10559194	1	0
10559235	0	1
10560655	0	1
10561638	1	0
10562507	0	1
10564206	0	1
10565760	1	0
10565850	1	0
10567997	0	1
10568051	1	0
10568088	0	1
10569083	0	1
10570853	0	1
10571792	1	0
10572256	1	0
10572531	0	1
10573980	1	0
10577778	1	0
10578009	1	0
10578440	1	0
10584733	0	1
10587125	0	1
10588974	1	0
10589032	0	1
10589069	1	0
10589960	0	1
10590004	0	1
10590147	0	1
10591252	1	0
10591997	0	1
10594083	0	1
10594510	1	0
10594934	1	0
10595628	0	1
10597119	1	0
10602437	0	1
10603113	1	0
10604933	0	1
10607523	0	1
10609022	1	0
10611037	0	1
10613265	1	0
10614477	1	0
10615248	0	1
10615495	1	0
10617522	0	1
10617810	0	1
10626689	1	0
10627732	1	0
10627745	1	0
10628469	1	0
10628837	1	0
10628910	0	1
10630589	1	0
10631097	0	1
10633391	1	0
10635318	1	0
10635409	0	1
10637072	1	0
10637362	1	0
10639360	1	0
10639745	1	0
10640435	0	1
10643299	1	0
10644726	1	0
10644840	0	1
10645033	0	1
10645044	0	1
10650413	1	0
10650479	0	1
10650628	1	0
10651444	0	1
10651519	1	0
10651974	0	1
10653485	0	1
10653552	1	0
10654369	0	1
10655503	1	0
10655800	1	0
10656075	0	1
10656220	1	0
10656316	0	1
10656563	1	0
10656647	0	1
10657717	1	0
10659916	1	0
10662091	0	1
10663421	0	1
10664462	0	1
10665302	1	0
10669597	1	0
10670054	1	0
10670663	1	0
10671805	0	1
10672763	0	1
10674258	1	0
10676245	0	1
10676514	1	0
10677836	1	0
10679415	0	1
10679839	1	0
10683348	1	0
10683913	1	0
10685268	1	0
10688735	0	1
10693992	0	1
10694374	0	1
10698168	0	1
10701364	0	1
10701750	1	0
10701892	0	1
10702492	1	0
10705921	1	0
10708409	1	0
10708807	0	1
10709237	1	0
10709710	1	0
10709824	1	0
10710070	1	0
10711341	0	1
10712245	0	1
10712953	1	0
10713920	1	0
10716831	0	1
10720968	1	0
10721362	0	1
10721717	1	0
10721814	0	1
10722215	1	0
10722471	1	0
10722509	0	1
10722765	1	0
10724786	1	0
10728157	0	1
10729862	1	0
10730335	0	1
10731666	0	1
10733626	1	0
10734405	0	1
10735693	0	1
10736830	1	0
10739937	1	0
10741798	1	0
10742209	0	1
10742557	1	0
10744134	1	0
10744488	1	0
10745785	1	0
10746178	1	0
10749552	1	0
10750033	0	1
10752549	1	0
10752897	0	1
10754029	1	0
10754309	0	1
10755036	1	0
10755666	0	1
10755720	0	1
10755903	1	0
10757771	1	0
10758481	1	0
10760654	0	1
10762132	1	0
10762776	0	1
10763687	0	1
10767695	0	1
10771635	0	1
10772520	0	1
10774182	0	1
10776029	0	1
10776982	1	0
10777772	0	1
10779726	0	1
10780443	1	0
10781368	1	0
10781491	1	0
10784620	1	0
10785429	0	1
10786648	1	0
10786746	0	1
10787751	1	0
10788085	1	0
10788734	0	1
10789829	0	1
10792079	1	0
10792486	1	0
10794221	1	0
10795124	1	0
10795608	1	0
10796066	0	1
10796434	1	0
10796536	0	1
10797696	0	1
10799004	0	1
10799362	0	1
10800470	1	0
10803217	0	1
10805415	1	0
10806113	0	1
10807027	0	1
10808661	1	0
10809811	0	1
10811684	0	1
10815682	0	1
10815942	1	0
10818018	0	1
10818562	1	0
10819668	1	0
10819977	1	0
10821778	0	1
10826993	0	1
10829382	1	0
10830674	0	1
10831577	1	0
10832566	0	1
10836140	0	1
10836370	1	0
10837561	1	0
10838916	0	1
10842095	1	0
10842514	1	0
10844168	1	0
10844743	0	1
10845347	1	0
10845461	0	1
10845992	1	0
10846515	1	0
10846556	0	1
10847619	1	0
10849254	1	0
10850174	0	1
10851173	1	0
10851323	1	0
10852862	1	0
10853712	0	1
10854060	1	0
10856641	0	1
10857752	1	0
10867196	1	0
10867303	1	0
10868268	1	0
10868751	1	0
10871387	1	0
10871623	0	1
10871625	1	0
10872405	0	1
10873912	1	0
10878496	0	1
10879787	0	1
10880069	1	0
10880669	1	0
10882688	1	0
10883222	0	1
10883462	0	1
10883910	1	0
10883965	0	1
10885841	1	0
10886289	0	1
10888217	1	0
10890682	1	0
10891492	1	0
10894098	0	1
10900442	0	1
10904232	1	0
10909399	1	0
10913410	0	1
10917837	1	0
10919433	0	1
10919660	1	0
10921047	1	0
10927286	1	0
10927660	1	0
10929187	0	1
10929372	0	1
10937784	0	1
10938510	1	0
10939086	1	0
10939395	1	0
10941925	1	0
10943189	0	1
10944331	1	0
10944711	1	0
10944902	1	0
10944992	1	0
10946238	1	0
10947982	1	0
10948720	1	0
10948859	0	1
10948984	0	1
10949989	0	1
10950535	1	0
10951979	0	1
10956080	1	0
10956147	0	1
10956320	0	1
10957569	1	0
10958038	1	0
10959729	0	1
10960613	1	0
10964722	0	1
10965315	1	0
10967037	1	0
10968236	1	0
10969849	0	1
10970299	1	0
10971365	1	0
10971375	1	0
10975392	1	0
10976161	1	0
10976748	0	1
10976892	0	1
10977254	1	0
10977724	1	0
10978592	0	1
10979307	1	0
10979385	0	1
10980570	1	0
10980663	0	1
10981099	0	1
10984670	0	1
10986283	1	0
10987818	1	0
10988405	0	1
10989613	0	1
10991904	0	1
10993917	0	1
10995770	1	0
10996781	0	1
10998604	1	0
10998932	1	0
10999907	0	1
11002140	0	1
11002573	0	1
11003507	1	0
11004916	0	1
11005029	0	1
11005239	0	1
11006439	0	1
11007152	1	0
11007340	0	1
11009545	1	0
11011222	1	0
11016184	0	1
11016239	1	0
11018405	0	1
11019307	1	0
11019596	0	1
11019801	1	0
11020097	0	1
11020107	1	0
11020279	0	1
11021843	0	1
11022304	1	0
11023209	1	0
11026046	0	1
11027035	0	1
11028667	1	0
11028886	1	0
11029651	0	1
11032604	1	0
11032837	1	0
11033006	0	1
11035308	0	1
11035388	1	0
11035741	1	0
11036946	1	0
11038603	1	0
11039360	1	0
11040232	1	0
11040354	0	1
11041610	1	0
11042049	1	0
11045398	0	1
11045761	1	0
11047613	0	1
11049241	0	1
11049416	0	1
11049729	0	1
11050022	1	0
11052067	0	1
11053135	0	1
11054081	0	1
11055890	0	1
11058689	1	0
11058786	0	1
11059416	0	1
11059974	0	1
11062453	0	1
11064406	1	0
11065420	0	1
11065546	1	0
11069001	1	0
11070090	1	0
11070123	0	1
11071508	0	1
11071935	1	0
11072741	0	1
11075753	0	1
11076058	1	0
11076219	0	1
11077503	1	0
11079004	1	0
11084997	0	1
11085515	1	0
11088684	1	0
11089874	1	0
11089981	1	0
11093537	0	1
11094580	0	1
11095436	0	1
11096485	0	1
11097484	1	0
11098928	1	0
11100307	1	0
11100561	1	0
11101506	1	0
11101768	0	1
11102604	1	0
11102738	1	0
11105932	0	1
11108400	0	1
11108706	0	1
11109041	0	1
11110150	1	0
11110207	0	1
11115367	1	0
11115930	1	0
11116399	0	1
11119905	0	1
11120279	0	1
11120972	1	0
11121243	0	1
11121363	1	0
11124622	0	1
11125055	0	1
11127063	1	0
11127299	1	0
11128760	1	0
11129188	0	1
11130910	0	1
11130989	1	0
11132436	1	0
11132513	0	1
11133942	0	1
11134516	1	0
11136291	0	1
11137013	1	0
11138094	0	1
11138375	1	0
11138809	1	0
11139697	0	1
11139761	1	0
11142281	0	1
11143051	0	1
11143333	1	0
11143549	1	0
11143729	0	1
11144607	0	1
11151523	1	0
11153930	0	1
11156756	1	0
11157716	0	1
11157734	0	1
11159810	1	0
11163087	1	0
11163174	1	0
11163431	0	1
11164381	1	0
11165133	1	0
11169387	1	0
11174951	0	1
11175175	1	0
11175756	0	1
11176903	1	0
11177635	0	1
11178581	0	1
11181375	0	1
11181459	0	1
11184751	0	1
11185251	0	1
11186992	1	0
11187421	0	1
11189166	1	0
11191211	1	0
11192328	1	0
11192485	0	1
11192663	0	1
11195244	0	1
11198865	1	0
11200260	0	1
11200533	1	0
11202241	0	1
11202580	0	1
11204443	1	0
11213228	1	0
11216617	0	1
11217616	1	0
11218915	1	0
11219421	0	1
11222253	0	1
11224877	1	0
11224961	0	1
11226025	0	1
11226664	1	0
11227749	1	0
11228018	1	0
11230113	0	1
11230281	1	0
11230584	1	0
11230617	1	0
11230698	1	0
11230868	1	0
11231669	0	1
11234682	0	1
11234829	1	0
11242756	1	0
11246164	0	1
11246344	0	1
11247444	0	1
11248597	1	0
11250625	1	0
11250765	1	0
11250890	0	1
11254749	1	0
11255488	0	1
11257768	1	0
11259805	0	1
11262231	0	1
11262432	0	1
11262561	1	0
11263341	1	0
11265542	1	0
11265744	0	1
11266009	1	0
11266243	0	1
11266593	0	1
11267123	0	1
11267217	0	1
11267869	0	1
11268308	1	0
11268530	0	1
11269031	1	0
11269953	0	1
11271435	0	1
11271895	1	0
11272785	1	0
11274364	0	1
11278167	1	0
11278328	0	1
11278959	0	1
11281645	1	0
11283592	0	1
11285923	0	1
11285974	0	1
11288147	0	1
11288281	1	0
11288861	1	0
11289215	0	1
11294759	0	1
11295637	0	1
11296076	0	1
11296804	1	0
11297004	0	1
11299030	1	0
11301324	0	1
11301332	0	1
11301924	1	0
11305430	0	1
11306520	1	0
11306769	0	1
11307445	0	1
11308773	1	0
11310695	1	0
11316336	1	0
11321405	0	1
11322188	1	0
11325522	0	1
11327237	0	1
11327462	0	1
11328585	0	1
11329591	1	0
11333331	0	1
11334904	0	1
11335938	0	1
11339284	0	1
11339397	0	1
11339891	1	0
11340500	0	1
11340516	0	1
11341567	0	1
11342217	0	1
11343052	1	0
11343125	0	1
11348377	0	1
11351153	1	0
11351653	0	1
11351767	1	0
11351918	0	1
11352076	0	1
11352579	1	0
11354410	0	1
11357108	0	1
11357906	0	1
11359679	1	0
11359969	1	0
11360257	1	0
11360868	0	1
11361441	1	0
11361921	0	1
11362985	0	1
11363003	0	1
11363597	0	1
11365137	0	1
11365448	1	0
11365714	1	0
11366179	1	0
11366187	1	0
11366751	1	0
11369101	0	1
11369132	1	0
11369174	1	0
11369800	0	1
11369891	1	0
11372447	1	0
11373050	0	1
11374694	1	0
11375253	0	1
11375701	1	0
11375709	1	0
11376129	0	1
11377218	1	0
11377889	1	0
11380376	1	0
11380766	1	0
11384136	0	1
11384345	1	0
11385227	0	1
11385528	0	1
11385687	1	0
11385797	1	0
11385935	1	0
11386716	0	1
11387624	1	0
11388089	1	0
11389741	0	1
11389770	0	1
11390264	0	1
11392730	1	0
11393787	0	1
11393863	1	0
11394815	0	1
11395280	1	0
11395523	1	0
11397039	1	0
11397332	1	0
11398004	1	0
11399739	1	0
11401953	0	1
11403180	1	0
11403367	1	0
11403382	1	0
11403844	0	1
11404726	1	0
11404831	0	1
11404948	1	0
11410129	1	0
11411434	0	1
11413742	1	0
11415767	0	1
11416719	1	0
11417964	0	1
11418407	1	0
11422071	0	1
11423350	1	0
11424047	0	1
11424116	1	0
11424264	1	0
11425047	1	0
11425080	0	1
11425534	1	0
11425857	1	0
11426191	0	1
11426477	0	1
11428913	0	1
11429750	1	0
11430795	0	1
11431954	0	1
11432087	0	1
11432176	0	1
11437945	1	0
11438390	0	1
11438594	0	1
11438620	0	1
11441347	1	0
11441602	1	0
11441853	0	1
11442475	0	1
11442744	0	1
11443520	0	1
11444673	0	1
11447084	0	1
11448267	0	1
11451703	0	1
11452578	1	0
11453875	1	0
11454652	1	0
11457900	0	1
11459552	1	0
11460783	1	0
11463255	0	1
11466414	1	0
11467564	0	1
11467875	0	1
11468415	1	0
11471782	1	0
11472683	1	0
11475170	0	1
11476072	0	1
11476138	1	0
11477322	1	0
11482529	0	1
11482748	1	0
11484063	1	0
11485442	0	1
11485592	0	1
11486066	0	1
11486724	0	1
11490839	0	1
11491985	1	0
11492107	1	0
11492259	1	0
11496354	0	1
11498536	0	1
11499282	1	0
11500770	0	1
11501088	1	0
11502067	1	0
11507013	0	1
11509379	0	1
11509704	0	1
11510498	0	1
11511632	1	0
11512760	0	1
11516315	0	1
11516708	0	1
11518132	0	1
11520158	1	0
11520323	1	0
11521320	0	1
11522029	0	1
11522959	1	0
11523050	1	0
11523469	1	0
11523853	0	1
11525326	1	0
11525395	0	1
11530216	0	1
11530844	1	0
11533583	1	0
11535163	0	1
11535204	0	1
11535326	0	1
11535459	0	1
11536567	1	0
11537680	0	1
11538176	0	1
11538337	1	0
11540288	1	0
11540487	1	0
11541660	0	1
11542608	0	1
11543560	0	1
11544154	1	0
11544231	1	0
11544778	0	1
11548767	0	1
11552717	1	0
11553465	0	1
11555271	1	0
11556359	1	0
11559630	0	1
11561408	0	1
11562076	0	1
11562160	1	0
11564378	0	1
11564886	1	0
11565795	1	0
11566835	1	0
11567807	0	1
11568018	1	0
11568612	1	0
11569210	1	0
11569534	0	1
11569585	0	1
11573023	0	1
11573607	0	1
11573898	0	1
11576559	1	0
11577478	0	1
11579763	1	0
11581684	1	0
11581850	1	0
11582818	0	1
11583361	0	1
11584905	1	0
11586968	0	1
11587415	1	0
11588142	1	0
11590995	1	0
11592920	0	1
11593367	1	0
11595083	1	0
11595120	1	0
11596225	1	0
11596281	1	0
11596461	0	1
11598751	1	0
11600277	0	1
11601048	1	0
11601720	1	0
11604501	0	1
11604865	1	0
11605533	0	1
11605740	0	1
11607228	1	0
11607486	0	1
11618561	1	0
11623008	1	0
11623102	0	1
11623200	1	0
11623579	1	0
11624076	1	0
11626208	1	0
11628072	0	1
11628335	0	1
11630134	1	0
11630765	0	1
11631270	0	1
11631568	0	1
11632653	1	0
11633599	0	1
11636730	1	0
11636970	0	1
11637006	0	1
11637206	1	0
11637256	1	0
11638377	1	0
11640346	0	1
11646153	0	1
11648658	1	0
11648906	1	0
11653991	0	1
11655143	1	0
11657359	1	0
11657375	0	1
11657670	0	1
11661124	0	1
11661495	0	1
11662529	1	0
11664255	1	0
11664397	1	0
11665531	0	1
11665850	1	0
11666441	1	0
11667223	0	1
11669068	1	0
11672338	1	0
11676992	1	0
11677633	1	0
11678020	1	0
11678442	1	0
11680370	1	0
11682835	0	1
11683075	0	1
11683116	0	1
11685622	1	0
11685854	0	1
11689726	0	1
11694294	1	0
11695445	0	1
11696333	0	1
11696916	1	0
11698352	0	1
11698999	1	0
11699760	1	0
11701027	0	1
11701074	0	1
11701404	0	1
11701432	0	1
11703352	1	0
11704011	0	1
11704744	0	1
11705808	1	0
11706464	0	1
11708682	1	0
11709446	0	1
11710603	0	1
11715330	0	1
11721783	0	1
11722086	1	0
11722870	1	0
11723729	1	0
11724200	1	0
11724645	1	0
11727085	0	1
11731447	0	1
11731763	1	0
11734727	1	0
11735391	0	1
11736796	1	0
11737242	1	0
11741017	0	1
11743078	0	1
11743364	1	0
11744637	1	0
11749259	0	1
11749706	0	1
11750305	1	0
11750609	1	0
11751967	0	1
11754944	0	1
11755502	0	1
11755680	0	1
11756250	1	0
11757564	0	1
11759334	0	1
11760578	1	0
11760684	0	1
11764430	0	1
11764710	0	1
11765848	0	1
11769012	0	1
11773846	1	0
11776446	1	0
11776631	1	0
11779797	0	1
11780326	0	1
11781490	0	1
11781692	1	0
11782651	1	0
11783491	1	0
11783499	1	0
11783949	1	0
11784156	0	1
11784738	0	1
11785161	1	0
11786011	1	0
11787979	1	0
11788007	1	0
11788352	0	1
11793825	0	1
11793907	0	1
11795114	0	1
11803600	0	1
11804824	0	1
11804897	1	0
11805075	0	1
11808081	1	0
11810785	0	1
11811846	0	1
11812252	1	0
11813204	0	1
11813595	1	0
11815157	0	1
11816393	0	1
11818461	1	0
11819353	0	1
11819406	0	1
11821487	1	0
11821801	1	0
11822144	1	0
11823184	0	1
11825489	0	1
11829458	1	0
11829826	0	1
11832846	1	0
11836071	1	0
11837890	1	0
11838515	0	1
11839573	1	0
11839771	0	1
11840913	0	1
11842056	0	1
11843224	0	1
11846595	1	0
11847611	1	0
11847979	1	0
11849030	1	0
11849212	1	0
11849316	0	1
11851683	0	1
11853395	1	0
11853512	0	1
11854599	0	1
11855592	0	1
11856536	1	0
11856580	0	1
11860883	0	1
11864384	0	1
11868831	1	0
11869847	0	1
11870028	1	0
11871785	1	0
11875771	1	0
11876172	0	1
11876617	1	0
11877407	0	1
11877638	0	1
11878759	0	1
11879555	1	0
11882467	1	0
11882790	1	0
11883036	1	0
11883949	0	1
11884918	1	0
11885613	0	1
11885974	1	0
11886999	1	0
11891363	0	1
11891758	1	0
11892202	0	1
11892245	1	0
11895029	1	0
11895457	0	1
11895540	1	0
11897399	1	0
11900928	0	1
11901664	0	1
11902189	0	1
11903745	1	0
11904055	0	1
11905124	1	0
11906034	0	1
11907214	1	0
11909618	1	0
11911154	0	1
11914007	0	1
11914444	0	1
11914828	1	0
11915106	0	1
11915118	0	1
11916546	0	1
11917166	1	0
11917409	0	1
11917809	0	1
11918078	1	0
11918340	1	0
11918685	0	1
11918821	1	0
11919868	1	0
11922280	1	0
11922848	0	1
11926097	1	0
11927633	1	0
11929965	0	1
11933415	0	1
11935107	1	0
11937069	0	1
11937172	0	1
11937451	0	1
11937954	1	0
11938497	0	1
11939332	0	1
11939466	0	1
11940029	0	1
11940131	0	1
11940652	0	1
11942096	1	0
11942100	1	0
11942546	1	0
11942647	1	0
11944301	1	0
11946755	0	1
11951863	0	1
11953143	0	1
11953483	1	0
11953829	1	0
11954736	0	1
11958307	0	1
11959626	1	0
11959893	0	1
11960861	1	0
11961563	0	1
11964273	1	0
11964420	1	0
11964748	1	0
11966647	1	0
11971474	1	0
11973680	1	0
11974807	0	1
11977018	1	0
11977653	1	0
11978019	0	1
11978798	0	1
11979261	0	1
11980639	1	0
11983943	0	1
11985427	1	0
11987468	0	1
11990833	1	0
11992588	0	1
11993401	0	1
11995208	0	1
12001427	0	1
12002921	1	0
12004653	0	1
12004847	0	1
12007114	1	0
12010643	1	0
12010759	1	0
12014163	0	1
12016066	0	1
12016455	0	1
12016503	1	0
12017703	1	0
12017905	1	0
12020739	1	0
12022114	1	0
12022171	1	0
12022460	0	1
12023766	0	1
12024763	0	1
12025220	1	0
12025891	0	1
12026269	0	1
12034841	0	1
12037705	0	1
12039506	1	0
12039884	0	1
12040009	1	0
12040144	0	1
12042987	0	1
12043325	0	1
12043401	0	1
12044652	0	1
12046522	0	1
12049667	0	1
12050549	1	0
12052239	1	0
12052303	0	1
12052788	1	0
12052910	1	0
12053592	1	0
12053889	1	0
12054809	0	1
12055178	0	1
12055461	1	0
12056689	1	0
12057563	0	1
12058204	1	0
12058928	1	0
12062843	1	0
12064103	0	1
12064404	0	1
12064818	1	0
12065293	1	0
12066950	1	0
12067900	1	0
12068219	1	0
12069378	0	1
12072158	0	1
12072339	1	0
12078853	0	1
12079989	0	1
12080094	0	1
12083542	0	1
12084985	0	1
12085384	1	0
12085400	1	0
12087745	0	1
12088038	1	0
12091254	0	1
12091660	0	1
12092150	0	1
12092897	0	1
12095422	0	1
12096052	0	1
12097526	0	1
12099277	0	1
12102277	1	0
12105995	0	1
12108739	0	1
12109543	0	1
12110610	0	1
12111759	0	1
12112645	1	0
12115916	0	1
12117974	1	0
12118105	1	0
12124374	0	1
12124657	1	0
12125076	1	0
12125295	1	0
12125703	0	1
12126325	0	1
12131184	0	1
12131428	1	0
12132684	0	1
12133476	0	1
12134655	1	0
12134729	0	1
12135223	1	0
12135351	0	1
12136181	1	0
12139148	0	1
12141444	0	1
12144186	1	0
12144866	0	1
12145815	1	0
12146212	1	0
12147457	1	0
12148245	1	0
12149160	0	1
12150198	0	1
12151356	1	0
12152189	0	1
12154325	1	0
12155027	1	0
12155087	1	0
12157476	1	0
12158360	0	1
12159228	0	1
12159488	0	1
12160268	1	0
12160475	1	0
12160532	1	0
12164933	1	0
12165338	0	1
12165533	1	0
12167086	1	0
12167711	0	1
12169012	0	1
12170646	1	0
12172093	0	1
12172437	0	1
12174476	0	1
12174575	1	0
12176644	1	0
12176881	1	0
12177574	0	1
12177583	1	0
12177820	0	1
12179330	0	1
12181179	1	0
12184392	0	1
12185119	1	0
12186376	1	0
12187279	0	1
12187314	0	1
12188107	1	0
12189666	1	0
12191172	1	0
12191635	1	0
12194434	1	0
12196400	1	0
12198963	1	0
12202651	0	1
12203009	1	0
12204693	0	1
12204753	0	1
12205236	1	0
12206116	0	1
12206721	0	1
12207016	1	0
12208615	1	0
12212073	0	1
12212214	0	1
12212563	1	0
12213010	1	0
12214480	0	1
12215132	1	0
12217066	0	1
12217200	1	0
12218022	0	1
12218484	1	0
12219445	0	1
12219640	1	0
12220428	0	1
12221397	0	1
12221960	1	0
12223039	0	1
12224709	1	0
12226163	0	1
12226749	0	1
12226856	0	1
12229247	1	0
12232722	1	0
12233078	0	1
12233081	0	1
12233952	0	1
12235226	0	1
12236637	1	0
12237871	1	0
12239385	0	1
12241147	0	1
12243619	0	1
12244760	0	1
12244806	0	1
12248402	1	0
12249122	0	1
12249962	1	0
12251249	0	1
12251681	1	0
12254882	0	1
12256312	0	1
12256503	1	0
12257127	0	1
12257447	0	1
12258228	1	0
12258536	1	0
12258674	0	1
12259189	0	1
12259382	0	1
12259430	0	1
12260350	1	0
12261587	0	1
12261879	0	1
12262455	1	0
12263261	0	1
12263650	0	1
12264200	0	1
12264603	0	1
12266052	1	0
12266710	0	1
12267546	0	1
12267946	0	1
12269099	1	0
12269816	0	1
12270631	1	0
12270945	1	0
12271901	0	1
12272630	1	0
12273660	1	0
12274626	1	0
12276287	0	1
12276852	1	0
12277200	0	1
12280549	0	1
12281217	1	0
12283468	0	1
12286300	0	1
12287707	1	0
12289652	0	1
12292689	0	1
12293609	1	0
12294340	0	1
12296078	0	1
12297230	1	0
12297327	0	1
12299521	0	1
12299822	0	1
12300145	1	0
12302909	1	0
12305125	0	1
12307188	0	1
12312305	0	1
12315964	0	1
12316149	1	0
12316991	1	0
12317475	1	0
12320423	0	1
12320620	1	0
12320686	0	1
12325741	1	0
12326851	1	0
12327298	0	1
12327836	1	0
12328035	0	1
12334354	1	0
12337081	1	0
12337450	1	0
12337989	0	1
12338231	0	1
12339191	1	0
12344387	1	0
12345596	1	0
12347052	1	0
12348535	0	1
12348818	1	0
12349186	1	0
12350113	0	1
12350952	0	1
12351475	0	1
12353172	1	0
12353603	1	0
12356615	0	1
12356790	0	1
12360184	1	0
12360330	1	0
12360616	0	1
12361419	0	1
12364272	1	0
12364762	1	0
12366190	0	1
12366742	0	1
12366764	0	1
12368070	1	0
12368433	0	1
12368722	0	1
12370928	0	1
12372209	1	0
12374325	0	1
12374736	0	1
12374801	0	1
12377361	1	0
12379288	1	0
12379295	1	0
12380900	1	0
12381269	0	1
12381864	1	0
12383887	0	1
12389627	1	0
12390003	0	1
12390843	1	0
12391525	0	1
12392614	0	1
12393619	0	1
12395050	0	1
12395966	0	1
12397508	0	1
12398009	1	0
12398331	1	0
12401500	0	1
12402587	0	1
12402627	0	1
12402801	1	0
12404326	1	0
12406531	0	1
12408843	1	0
12409600	0	1
12410758	0	1
12412955	0	1
12417168	1	0
12419992	0	1
12420648	1	0
12424989	0	1
12425186	0	1
12428377	0	1
12429359	1	0
12431032	0	1
12433079	1	0
12433623	1	0
12436424	1	0
12436822	0	1
12436939	1	0
12438838	1	0
12441843	1	0
12445322	0	1
12445947	0	1
12446504	1	0
12446898	1	0
12447747	0	1
12452301	0	1
12453222	0	1
12453587	0	1
12453898	0	1
12457382	0	1
12458935	1	0
12460562	1	0
12461747	0	1
12463033	1	0
12463096	0	1
12463683	1	0
12463794	1	0
12464320	1	0
12465973	1	0
12466074	1	0
12469130	1	0
12469714	0	1
12469840	0	1
12469982	0	1
12470194	1	0
12471821	0	1
12475643	0	1
12477549	1	0
12478213	0	1
12480160	1	0
12482570	0	1
12482655	0	1
12483151	1	0
12484959	0	1
12485362	1	0
12488580	0	1
12488950	0	1
12491013	1	0
12491692	0	1
12494610	0	1
12495063	1	0
12496208	1	0
12496229	1	0
12498410	0	1
12498456	0	1
12499822	1	0
12500928	0	1
12504443	1	0
12507795	0	1
12508177	0	1
12508589	0	1
12510017	0	1
12510460	1	0
12510718	0	1
12510971	0	1
12511009	0	1
12511848	0	1
12512742	1	0
12513477	0	1
12519414	1	0
12520789	0	1
12521891	1	0
12522012	1	0
12522815	1	0
12522912	1	0
12523803	1	0
12523824	1	0
12524028	1	0
12525314	1	0
12526817	1	0
12528051	1	0
12528437	1	0
12528529	1	0
12530037	1	0
12531987	0	1
12532157	0	1
12533951	1	0
12535929	1	0
12536085	0	1
12536974	1	0
12536982	1	0
12538293	1	0
12540904	1	0
12543527	0	1
12547218	1	0
12549260	0	1
12550014	1	0
12551997	0	1
12557472	1	0
12558083	1	0
12558132	0	1
12559077	1	0
12559657	0	1
12559916	0	1
12563545	0	1
12563715	0	1
12565131	1	0
12565378	1	0
12567500	1	0
12567898	1	0
12569494	0	1
12570812	1	0
12572489	1	0
12572874	1	0
12573809	1	0
12574368	1	0
12574633	1	0
12575494	0	1
12578736	1	0
12579855	0	1
12581184	0	1
12582247	1	0
12582309	1	0
12585015	0	1
12585193	0	1
12586971	1	0
12587773	0	1
12589425	1	0
12592057	0	1
12593647	1	0
12596211	0	1
12597101	0	1
12597230	0	1
12597865	1	0
12598149	1	0
12600071	1	0
12601656	0	1
12602811	1	0
12604764	1	0
12605379	0	1
12605994	0	1
12607600	0	1
12608403	0	1
12610630	0	1
12610854	0	1
12612042	1	0
12612666	1	0
12613045	1	0
12613437	0	1
12615252	1	0
12615784	0	1
12616129	0	1
12619272	0	1
12619990	1	0
12621009	1	0
12621630	0	1
12621986	1	0
12622130	1	0
12622206	0	1
12624956	1	0
12625210	1	0
12626242	1	0
12631374	1	0
12631619	1	0
12632827	0	1
12634683	1	0
12634794	0	1
12635598	1	0
12637690	0	1
12639396	0	1
12640909	0	1
12642849	1	0
12644012	0	1
12644639	0	1
12645429	1	0
12645868	1	0
12646421	1	0
12649249	0	1
12650274	0	1
12650377	1	0
12651864	0	1
12653608	1	0
12654280	1	0
12654850	1	0
12655002	1	0
12656057	1	0
12656464	0	1
12659798	1	0
12662333	0	1
12663747	0	1
12666528	0	1
12671155	0	1
12672346	0	1
12677569	1	0
12678632	1	0
12679096	0	1
12679997	1	0
12680690	0	1
12681911	0	1
12682785	0	1
12683236	1	0
12684544	0	1
12686726	0	1
12686836	1	0
12687571	1	0
12688952	0	1
12688962	1	0
12691741	0	1
12693320	0	1
12695167	0	1
12696155	0	1
12701097	0	1
12701319	1	0
12705477	1	0
12712709	1	0
12712819	0	1
12713367	0	1
12719933	1	0
12720675	0	1
12722986	0	1
12723439	0	1
12724396	0	1
12725233	1	0
12725773	1	0
12726772	1	0
12726884	1	0
12727218	1	0
12727764	0	1
12732389	1	0
12733164	0	1
12737499	0	1
12738636	1	0
12738700	0	1
12740133	1	0
12740153	0	1
12741962	1	0
12742690	1	0
12743708	0	1
12745781	1	0
12748927	1	0
12754703	0	1
12756863	1	0
12756867	0	1
12758089	1	0
12758544	1	0
12760193	0	1
12760679	1	0
12761761	1	0
12765096	1	0
12765476	0	1
12765635	1	0
12766596	1	0
12769862	0	1
12770126	0	1
12770520	0	1
12770567	1	0
12770588	1	0
12771630	0	1
12774208	1	0
12774997	1	0
12775356	0	1
12779031	1	0
12780318	1	0
12782983	1	0
12783166	1	0
12783942	1	0
12786540	0	1
12789586	0	1
12792382	1	0
12793691	1	0
12795583	1	0
12797084	0	1
12799571	0	1
12800906	0	1
12801158	0	1
12802560	1	0
12803370	0	1
12803451	1	0
12804475	1	0
12805247	0	1
12808016	0	1
12809457	0	1
12809860	0	1
12810186	1	0
12810323	0	1
12811168	1	0
12811742	1	0
12812890	0	1
12812969	1	0
12813353	0	1
12814311	0	1
12814940	0	1
12816255	1	0
12816878	1	0
12817701	0	1
12818057	0	1
12818532	1	0
12818696	1	0
12820670	0	1
12822775	1	0
12822835	1	0
12823069	1	0
12825234	1	0
12828451	1	0
12829066	0	1
12830566	1	0
12830847	0	1
12833579	1	0
12835900	0	1
12836284	1	0
12837482	1	0
12839256	1	0
12842126	1	0
12842967	1	0
12843160	1	0
12843315	1	0
12844321	0	1
12844389	0	1
12845682	1	0
12845728	1	0
12845757	1	0
12845862	0	1
12846474	0	1
12847115	1	0
12849057	1	0
12851551	1	0
12853283	0	1
12856160	0	1
12857301	0	1
12861049	1	0
12864212	1	0
12865006	1	0
12865877	0	1
12868467	0	1
12869145	1	0
12872940	1	0
12873403	1	0
12873803	1	0
12873957	0	1
12874336	0	1
12875365	1	0
12880595	0	1
12880906	0	1
12881962	0	1
12884771	0	1
12885959	0	1
12888363	0	1
12888728	0	1
12888830	1	0
12892905	0	1
12893064	1	0
12895226	0	1
12896630	1	0
12899301	0	1
12900626	0	1
12901098	0	1
12904671	1	0
12906242	0	1
12909032	1	0
12911285	0	1
12911480	1	0
12913083	0	1
12914606	0	1
12916485	1	0
12918628	0	1
12922411	1	0
12922501	0	1
12923449	1	0
12924372	0	1
12925981	1	0
12933215	0	1
12936395	0	1
12936865	1	0
12937411	0	1
12939698	1	0
12940297	0	1
12940822	0	1
12941607	1	0
12942040	1	0
12943883	1	0
12944687	1	0
12944926	1	0
12951127	1	0
12951677	1	0
12952156	0	1
12952497	1	0
12953237	0	1
12954821	1	0
12956051	1	0
12956318	1	0
12956728	0	1
12957944	1	0
12960547	0	1
12961257	1	0
12961582	0	1
12962103	1	0
12963672	0	1
12965281	0	1
12965618	0	1
12966292	0	1
12967894	1	0
12969594	0	1
12969781	1	0
12971034	0	1
12973930	1	0
12975094	0	1
12975584	1	0
12977407	0	1
12982476	0	1
12985609	0	1
12988345	0	1
12988346	0	1
12989511	0	1
12989918	1	0
12992153	1	0
12993141	1	0
12996132	0	1
12997121	0	1
13000077	0	1
13000874	1	0
13001973	0	1
13004205	1	0
13004893	1	0
13006014	0	1
13009063	1	0
13009947	0	1
13011138	0	1
13014810	0	1
13017673	0	1
13019563	1	0
13021219	1	0
13023499	0	1
13023649	0	1
13024289	0	1
13025341	0	1
13027948	1	0
13028159	1	0
13029828	1	0
13031020	1	0
13032271	1	0
13032893	0	1
13036192	0	1
13037860	1	0
13039331	1	0
13039665	1	0
13041899	0	1
13042812	1	0
13043759	0	1
13043878	0	1
13044645	0	1
13047297	1	0
13048817	1	0
13049097	1	0
13050267	1	0
13054109	0	1
13055053	0	1
13059616	1	0
13060224	1	0
13060682	0	1
13063124	0	1
13065841	0	1
13066142	1	0
13067837	0	1
13069033	1	0
13072031	0	1
13072247	0	1
13074167	1	0
13075728	1	0
13077841	0	1
13078646	0	1
13078992	1	0
13079442	1	0
13079926	1	0
13082371	1	0
13083398	1	0
13084504	0	1
13084950	0	1
13087345	0	1
13088972	1	0
13091778	0	1
13091966	0	1
13094491	1	0
13094563	0	1
13097358	0	1
13097724	1	0
13100615	1	0
13101251	0	1
13103719	0	1
13104753	1	0
13105860	0	1
13111374	1	0
13115796	1	0
13115958	1	0
13116562	1	0
13116947	0	1
13117740	0	1
13117921	0	1
13118877	0	1
13121552	1	0
13122131	0	1
13122357	1	0
13122847	1	0
13124658	1	0
13124786	1	0
13126559	1	0
13127828	1	0
13129625	1	0
13129638	0	1
13131337	1	0
13131853	1	0
13133189	1	0
13133263	1	0
13134347	1	0
13138133	0	1
13138648	0	1
13139634	1	0
13140333	0	1
13141457	0	1
13141552	0	1
13142151	0	1
13143132	0	1
13143251	0	1
13144092	0	1
13146064	0	1
13146844	0	1
13147505	0	1
13147930	0	1
13148001	0	1
13149914	1	0
13150801	0	1
13151036	0	1
13151128	0	1
13153019	0	1
13154203	0	1
13155294	1	0
13155602	0	1
13156805	1	0
13160433	1	0
13162156	0	1
13163334	1	0
13166006	0	1
13173570	1	0
13176241	1	0
13176505	1	0
13178087	1	0
13178556	0	1
13178638	1	0
13178791	1	0
13180709	0	1
13182642	1	0
13183134	1	0
13184906	0	1
13187135	0	1
13187495	0	1
13187582	1	0
13188879	1	0
13192720	1	0
13193290	0	1
13194048	1	0
13194481	1	0
13196051	0	1
13196322	1	0
13198078	1	0
13199928	0	1
13200738	1	0
13202608	0	1
13202833	0	1
13204273	0	1
13204737	1	0
13205522	1	0
13207899	0	1
13210975	1	0
13211486	0	1
13211750	1	0
13212569	0	1
13214084	0	1
13214798	1	0
13214876	1	0
13217441	1	0
13220331	1	0
13223252	0	1
13224117	0	1
13226135	0	1
13226815	0	1
13227228	1	0
13227650	1	0
13229039	0	1
13229094	1	0
13229741	0	1
13231272	0	1
13232849	1	0
13235570	0	1
13237598	1	0
13237857	0	1
13238224	1	0
13242048	0	1
13243508	0	1
13243918	0	1
13244167	1	0
13244381	0	1
13247590	0	1
13249586	0	1
13250039	0	1
13251873	0	1
13254519	1	0
13255787	0	1
13259526	1	0
13260767	1	0
13260911	1	0
13266970	1	0
13272740	0	1
13275820	1	0
13277575	0	1
13281992	1	0
13288882	0	1
13288910	0	1
13289150	0	1
13292030	0	1
13292196	1	0
13293005	1	0
13295378	0	1
13296958	0	1
13298542	0	1
13299694	1	0
13299811	1	0
13300227	0	1
13302148	1	0
13304909	0	1
13305831	0	1
13306983	0	1
13308298	1	0
13308947	1	0
13309925	1	0
13310588	0	1
13310977	0	1
13312103	0	1
13315616	0	1
13315861	0	1
13317769	1	0
13318501	0	1
13319692	0	1
13320908	0	1
13320930	1	0
13323054	0	1
13323120	1	0
13323216	0	1
13324033	0	1
13325954	1	0
13328614	0	1
13330255	1	0
13334196	1	0
13334261	0	1
13337022	0	1
13339222	1	0
13339278	0	1
13341570	0	1
13342553	0	1
13343938	0	1
13344932	1	0
13346892	0	1
13347671	1	0
13347822	0	1
13349752	1	0
13351295	0	1
13353354	0	1
13355673	1	0
13357129	0	1
13357930	1	0
13358640	0	1
13359362	0	1
13360625	1	0
13361089	1	0
13364077	0	1
13365672	1	0
13366415	0	1
13367250	1	0
13368160	0	1
13368232	1	0
13368674	1	0
13368797	1	0
13369537	1	0
13371842	1	0
13376079	1	0
13377104	1	0
13377703	0	1
13379825	1	0
13383931	1	0
13384839	1	0
13385163	1	0
13386319	0	1
13386519	0	1
13388641	0	1
13390137	1	0
13392174	0	1
13393624	0	1
13393720	1	0
13394366	0	1
13394483	1	0
13397690	1	0
13402010	0	1
13404730	1	0
13405189	0	1
13405673	0	1
13407004	1	0
13409661	0	1
13411293	0	1
13411715	1	0
13412641	0	1
13414755	0	1
13415991	1	0
13416641	0	1
13418465	0	1
13418662	0	1
13425323	1	0
13425440	1	0
13427537	1	0
13427886	0	1
13428522	0	1
13428733	1	0
13429357	1	0
13429392	1	0
13431437	1	0
13431992	0	1
13432559	1	0
13433987	0	1
13439228	1	0
13440146	1	0
13440828	0	1
13440993	0	1
13441315	0	1
13441823	0	1
13443856	0	1
13445954	0	1
13447943	0	1
13449440	1	0
13449510	1	0
13449586	0	1
13450300	0	1
13450369	1	0
13450660	0	1
13450681	1	0
13452912	0	1
13453456	0	1
13453866	1	0
13453893	0	1
13453936	1	0
13454057	0	1
13454911	1	0
13455018	1	0
13456169	1	0
13457735	1	0
13459232	0	1
13459263	0	1
13462767	1	0
13462818	1	0
13463087	1	0
13464312	1	0
13466239	1	0
13466591	1	0
13468752	1	0
13472862	0	1
13473767	0	1
13474870	1	0
13475522	0	1
13475959	1	0
13476249	1	0
13477332	1	0
13479469	0	1
13482248	0	1
13482302	0	1
13483082	0	1
13484009	1	0
13488911	1	0
13489371	0	1
13491877	1	0
13494409	0	1
13495078	1	0
13496399	1	0
13497114	1	0
13500367	1	0
13503337	1	0
13503421	0	1
13503455	1	0
13505102	0	1
13505145	0	1
13508896	1	0
13511585	1	0
13512737	1	0
13515040	1	0
13516320	1	0
13517281	0	1
13518888	0	1
13519428	1	0
13521274	1	0
13521508	1	0
13521613	1	0
13521719	1	0
13521739	1	0
13526371	0	1
13528147	1	0
13528393	0	1
13528937	0	1
13530235	0	1
13532756	0	1
13534013	1	0
13535369	1	0
13535653	1	0
13539247	0	1
13540678	0	1
13540751	1	0
13544595	0	1
13544739	1	0
13545903	0	1
13546190	0	1
13546212	1	0
13546428	1	0
13547879	1	0
13549311	0	1
13550542	1	0
13551966	0	1
13555090	0	1
13555485	0	1
13558792	0	1
13559199	0	1
13560196	1	0
13561278	1	0
13562747	0	1
13563060	0	1
13564663	0	1
13567616	0	1
13569157	1	0
13570649	0	1
13571782	1	0
13574956	0	1
13576191	0	1
13576980	0	1
13577659	0	1
13577757	0	1
13581702	1	0
13581838	0	1
13583394	0	1
13583926	0	1
13584329	0	1
13586724	0	1
13587239	0	1
13588468	1	0
13590570	1	0
13593799	1	0
13594219	1	0
13596081	0	1
13597972	0	1
13598900	0	1
13599110	0	1
13599781	1	0
13599979	0	1
13601159	0	1
13601494	1	0
13603010	0	1
13603861	0	1
13607126	0	1
13607378	1	0
13608397	0	1
13611043	0	1
13617993	1	0
13619682	0	1
13620077	0	1
13620649	0	1
13621378	1	0
13622678	1	0
13626137	0	1
13628310	1	0
13628335	1	0
13628908	0	1
13629746	1	0
13630066	0	1
13630097	0	1
13631951	0	1
13633516	0	1
13633676	1	0
13633861	0	1
13634298	1	0
13634692	0	1
13635522	0	1
13636251	0	1
13637422	0	1
13638835	1	0
13639131	0	1
13640083	1	0
13641196	0	1
13641855	0	1
13644372	0	1
13645617	1	0
13646597	0	1
13648374	1	0
13649135	0	1
13650427	0	1
13651014	1	0
13653894	1	0
13657644	0	1
13657869	0	1
13659130	0	1
13660210	0	1
13660323	0	1
13664567	0	1
13665495	1	0
13666419	1	0
13667467	0	1
13669020	1	0
13670527	1	0
13671099	1	0
13671419	1	0
13672667	0	1
13674650	0	1
13675931	1	0
13676769	0	1
13677199	0	1
13677348	1	0
13678009	1	0
13679580	0	1
13679647	0	1
13680757	1	0
13680834	1	0
13681037	0	1
13681977	1	0
13685974	0	1
13685985	0	1
13686630	0	1
13686832	1	0
13690110	0	1
13690742	1	0
13692439	1	0
13693469	0	1
13694231	0	1
13694385	0	1
13697111	0	1
13697348	0	1
13699244	1	0
13700590	0	1
13701407	0	1
13701478	0	1
13701968	1	0
13702973	1	0
13703817	0	1
13705133	0	1
13705626	1	0
13708666	0	1
13712783	0	1
13713510	0	1
13715148	1	0
13716283	0	1
13717415	0	1
13717795	1	0
13719449	0	1
13719970	0	1
13723082	0	1
13726521	0	1
13726558	1	0
13727777	0	1
13728185	0	1
13729010	1	0
13729547	1	0
13732528	1	0
13732841	0	1
13733107	1	0
13733207	1	0
13742177	1	0
13742484	0	1
13743433	1	0
13743789	0	1
13744337	0	1
13745072	0	1
13745653	1	0
13750397	0	1
13750399	1	0
13754978	0	1
13755547	0	1
13755823	0	1
13756215	1	0
13756815	0	1
13757021	0	1
13758752	0	1
13759403	1	0
13760005	1	0
13760343	0	1
13760745	1	0
13761798	1	0
13762395	0	1
13762425	1	0
13762905	1	0
13764680	0	1
13766163	1	0
13767442	1	0
13767692	0	1
13769326	1	0
13769482	1	0
13772129	0	1
13774283	1	0
13774922	1	0
13775720	0	1
13778841	0	1
13779665	0	1
13783012	0	1
13788256	0	1
13788944	1	0
13790766	0	1
13793318	0	1
13794855	0	1
13795087	1	0
13797170	0	1
13801862	0	1
13804333	0	1
13804524	0	1
13806246	1	0
13806752	0	1
13807772	1	0
13808349	1	0
13812626	0	1
13812649	0	1
13814398	0	1
13815467	0	1
13816129	1	0
13818717	1	0
13818764	0	1
13820497	1	0
13821102	0	1
13821606	0	1
13824159	1	0
13824587	1	0
13827996	1	0
13828549	0	1
13828943	0	1
13830505	0	1
13833223	0	1
13834653	0	1
13834691	1	0
13835004	0	1
13835456	1	0
13835883	0	1
13839289	0	1
13841692	0	1
13843259	0	1
13843872	0	1
13843970	0	1
13844153	0	1
13845899	1	0
13847787	0	1
13847967	1	0
13848175	1	0
13848560	0	1
13850683	1	0
13851009	1	0
13851060	0	1
13853356	1	0
13859348	0	1
13860181	0	1
13861625	0	1
13862068	0	1
13862891	0	1
13863734	0	1
13864258	1	0
13866476	0	1
13870169	1	0
13871117	1	0
13871968	0	1
13872935	0	1
13874824	0	1
13875862	0	1
13876708	1	0
13876942	1	0
13877397	0	1
13880127	1	0
13882188	1	0
13885724	1	0
13885749	1	0
13886648	0	1
13887657	1	0
13887703	0	1
13889418	1	0
13891003	0	1
13892397	0	1
13895412	1	0
13896519	0	1
13899230	1	0
13899572	1	0
13902197	1	0
13902802	1	0
13904610	0	1
13905453	1	0
13909205	0	1
13910063	1	0
13912647	1	0
13912654	1	0
13915516	0	1
13915927	1	0
13917474	0	1
13919896	1	0
13922521	0	1
13923034	1	0
13923796	1	0
13924745	0	1
13926013	0	1
13926026	1	0
13926652	1	0
13927091	0	1
13927567	1	0
13928554	1	0
13929066	1	0
13930109	0	1
13930373	0	1
13930965	1	0
13930969	1	0
13930998	1	0
13931805	1	0
13931882	0	1
13932643	1	0
13933095	1	0
13933389	0	1
13934116	0	1
13934426	1	0
13935560	0	1
13935762	1	0
13935785	1	0
13937957	1	0
13938624	0	1
13939006	1	0
13941204	0	1
13942858	0	1
13944152	0	1
13944716	0	1
13946126	0	1
13947092	0	1
13949808	0	1
13950390	0	1
13950686	0	1
13951901	1	0
13955076	1	0
13956378	1	0
13958531	0	1
13960803	0	1
13962563	0	1
13962614	0	1
13962897	1	0
13963150	0	1
13965537	1	0
13966448	0	1
13968525	0	1
13970161	1	0
13972482	1	0
13972850	1	0
13974004	1	0
13975153	0	1
13976765	1	0
13977998	1	0
13978414	1	0
13982037	0	1
13982421	0	1
13983071	1	0
13984090	1	0
13986286	1	0
13987488	1	0
13989532	0	1
13989562	0	1
13990177	0	1
13991071	0	1
13991471	1	0
13992435	0	1
13993080	1	0
13996720	1	0
13997721	0	1
13998511	1	0
13999695	0	1
14000964	0	1
14003149	1	0
14004160	1	0
14005242	0	1
14006100	1	0
14009548	0	1
14010929	1	0
14013704	1	0
14015283	0	1
14016054	1	0
14017400	0	1
14017626	0	1
14017915	0	1
14019468	1	0
14019507	1	0
14021145	1	0
14022683	1	0
14023116	0	1
14023276	0	1
14023602	0	1
14025083	1	0
14027571	1	0
14027723	0	1
14027808	1	0
14028455	1	0
14029575	0	1
14030925	0	1
14031221	0	1
14033677	1	0
14033863	1	0
14037465	1	0
14040196	0	1
14043737	0	1
14043965	0	1
14045846	0	1
14046949	0	1
14047720	1	0
14048203	0	1
14049197	1	0
14049805	0	1
14051035	0	1
14051840	0	1
14053549	0	1
14053933	1	0
14054050	0	1
14054362	1	0
14057419	1	0
14058733	0	1
14059779	1	0
14063285	1	0
14066133	0	1
14067918	0	1
14068322	1	0
14069556	1	0
14070474	1	0
14075198	1	0
14075297	0	1
14077103	1	0
14080582	1	0
14081988	1	0
14085541	0	1
14086351	0	1
14086508	0	1
14090732	1	0
14090880	0	1
14090894	1	0
14091702	0	1
14091929	1	0
14096098	0	1
14096137	0	1
14099822	0	1
14099904	1	0
14100319	1	0
14101833	0	1
14104577	0	1
14104707	1	0
14106253	1	0
14114083	1	0
14116507	0	1
14117107	0	1
14117660	1	0
14118456	1	0
14118503	0	1
14118729	0	1
14119178	0	1
14119410	0	1
14122077	1	0
14123211	0	1
14123721	0	1
14124902	1	0
14125956	0	1
14126347	0	1
14131648	1	0
14132448	0	1
14132905	1	0
14134476	1	0
14136409	1	0
14137385	0	1
14137713	0	1
14140213	1	0
14142921	0	1
14144379	0	1
14144723	0	1
14144873	1	0
14145125	0	1
14146782	0	1
14146820	1	0
14146853	0	1
14148621	1	0
14149961	0	1
14150068	0	1
14151260	0	1
14153356	0	1
14153732	1	0
14154181	0	1
14154368	1	0
14154930	1	0
14155549	1	0
14159387	0	1
14161193	0	1
14161842	0	1
14165085	1	0
14167974	1	0
14173692	0	1
14174694	1	0
14175156	0	1
14175324	1	0
14175486	1	0
14177266	0	1
14177713	1	0
14178982	1	0
14179107	0	1
14182875	1	0
14183546	0	1
14183579	1	0
14184513	0	1
14184610	0	1
14186846	0	1
14189982	1	0
14190423	1	0
14190875	1	0
14195917	1	0
14197168	0	1
14198207	0	1
14199117	0	1
14199281	1	0
14201322	1	0
14203143	1	0
14203889	0	1
14205341	1	0
14207459	1	0
14207925	0	1
14209761	0	1
14212315	0	1
14213129	1	0
14213903	0	1
14214289	0	1
14215241	0	1
14215303	0	1
14216217	1	0
14217970	0	1
14218954	0	1
14220603	1	0
14221563	0	1
14222044	1	0
14222656	0	1
14222960	1	0
14223444	0	1
14227352	1	0
14227831	0	1
14228488	0	1
14228767	0	1
14229281	0	1
14230766	1	0
14231453	0	1
14232048	1	0
14232075	0	1
14233943	0	1
14234867	1	0
14235487	1	0
14235516	1	0
14240193	0	1
14240787	0	1
14241702	1	0
14242984	1	0
14243541	1	0
14247410	1	0
14247448	0	1
14249455	1	0
14252032	1	0
14254662	0	1
14255263	0	1
14256608	0	1
14257322	1	0
14258570	0	1
14260017	0	1
14262047	1	0
14262382	1	0
14264229	0	1
14264497	0	1
14265888	0	1
14267253	0	1
14267356	0	1
14268139	0	1
14270729	0	1
14272965	1	0
14273345	0	1
14274860	1	0
14275352	1	0
14275398	0	1
14276150	1	0
14277242	1	0
14277719	1	0
14278765	0	1
14279599	1	0
14281615	1	0
14283250	1	0
14285852	0	1
14286627	1	0
14288242	1	0
14289841	1	0
14290633	1	0
14296790	0	1
14297621	1	0
14297636	1	0
14298736	1	0
14299917	1	0
14300674	1	0
14301178	1	0
14301883	0	1
14302105	0	1
14302891	0	1
14303412	0	1
14305166	1	0
14305816	1	0
14308579	1	0
14311236	1	0
14313024	0	1
14318231	1	0
14319323	0	1
14320470	1	0
14321420	0	1
14322418	0	1
14322798	0	1
14323878	1	0
14324961	1	0
14325060	1	0
14325335	1	0
14325457	1	0
14326704	0	1
14327587	0	1
14327817	1	0
14328242	1	0
14328344	1	0
14329511	0	1
14330508	0	1
14332120	0	1
14333224	1	0
14334773	1	0
14334801	1	0
14335750	1	0
14337957	1	0
14338946	1	0
14340056	0	1
14344729	1	0
14345880	1	0
14347336	0	1
14348056	0	1
14353902	1	0
14354253	1	0
14356093	0	1
14362430	1	0
14363017	0	1
14363756	1	0
14367327	1	0
14368146	1	0
14370481	1	0
14372303	0	1
14372484	1	0
14373393	0	1
14374838	1	0
14376484	1	0
14377416	0	1
14378639	0	1
14381656	0	1
14382603	0	1
14384791	0	1
14386614	0	1
14386616	1	0
14388220	1	0
14388873	1	0
14390863	1	0
14391192	1	0
14391856	0	1
14393863	0	1
14394362	1	0
14395191	0	1
14397512	1	0
14401681	0	1
14404363	0	1
14405370	0	1
14407498	0	1
14407664	0	1
14408548	0	1
14409154	0	1
14409460	0	1
14409791	1	0
14409948	0	1
14411066	0	1
14412050	0	1
14412867	0	1
14416769	0	1
14417763	1	0
14419172	1	0
14419205	0	1
14419380	0	1
14419815	1	0
14421310	1	0
14422258	1	0
14426590	1	0
14427109	0	1
14427657	0	1
14428103	1	0
14429525	1	0
14435651	1	0
14437385	1	0
14438111	0	1
14438483	1	0
14440656	0	1
14442301	0	1
14442442	1	0
14444739	0	1
14445410	0	1
14448999	1	0
14451725	1	0
14454676	1	0
14455042	1	0
14455058	0	1
14455452	0	1
14456822	0	1
14457673	0	1
14458483	1	0
14459657	1	0
14460410	1	0
14462119	1	0
14462760	1	0
14464519	0	1
14466354	1	0
14470604	1	0
14471257	1	0
14472131	0	1
14475704	1	0
14479016	1	0
14484111	1	0
14485169	1	0
14485698	1	0
14486011	1	0
14486390	0	1
14487739	0	1
14489443	1	0
14489653	1	0
14490505	1	0
14491735	1	0
14491760	1	0
14492158	1	0
14495281	0	1
14495872	0	1
14497863	0	1
14499224	1	0
14499517	0	1
14500559	1	0
14502128	1	0
14503804	1	0
14506403	1	0
14509062	0	1
14517608	0	1
14520448	0	1
14521021	0	1
14521405	1	0
14521408	0	1
14521731	0	1
14522313	0	1
14522324	0	1
14522520	1	0
14523136	1	0
14523715	0	1
14523895	0	1
14526615	0	1
14527979	1	0
14528796	1	0
14529662	1	0
14531674	1	0
14533981	0	1
14535214	1	0
14535524	0	1
14536843	0	1
14540524	0	1
14543741	0	1
14544675	1	0
14545640	0	1
14546047	0	1
14547638	0	1
14550252	0	1
14557245	0	1
14557505	1	0
14560265	0	1
14561180	0	1
14561459	0	1
14561795	0	1
14562755	0	1
14564781	1	0
14564927	1	0
14566850	1	0
14567614	1	0
14568551	0	1
14568881	1	0
14573702	0	1
14574247	1	0
14575487	1	0
14575490	0	1
14576545	1	0
14580127	1	0
14580994	0	1
14581114	0	1
14582390	1	0
14583715	1	0
14585590	0	1
14586171	1	0
14588161	1	0
14588175	1	0
14591126	1	0
14591214	1	0
14592050	1	0
14592125	0	1
14592340	1	0
14592546	0	1
14592617	0	1
14592991	0	1
14593596	1	0
14594415	0	1
14595757	1	0
14595758	0	1
14597236	0	1
14597356	0	1
14597392	0	1
14599123	0	1
14599596	0	1
14601328	0	1
14601835	1	0
14603130	1	0
14603699	0	1
14604092	1	0
14606245	0	1
14607325	0	1
14608659	0	1
14609822	0	1
14611262	1	0
14612570	0	1
14612881	0	1
14617555	0	1
14617882	0	1
14618370	0	1
14620216	0	1
14620290	0	1
14621946	0	1
14623431	1	0
14623450	1	0
14625304	1	0
14627648	0	1
14628516	0	1
14628518	1	0
14628666	0	1
14630650	1	0
14632443	0	1
14633397	1	0
14636025	1	0
14636408	1	0
14636620	0	1
14636675	0	1
14638595	0	1
14640752	1	0
14641231	1	0
14641453	1	0
14642236	0	1
14644353	0	1
14644359	1	0
14646369	1	0
14647549	0	1
14648370	0	1
14649429	0	1
14649840	0	1
14649992	0	1
14650194	1	0
14650777	0	1
14651366	0	1
14651474	0	1
14651777	0	1
14652759	1	0
14655629	0	1
14655787	0	1
14660222	0	1
14663638	1	0
14664303	1	0
14671202	1	0
14671377	0	1
14671808	1	0
14674817	1	0
14675110	1	0
14675975	1	0
14676190	1	0
14677203	0	1
14677317	1	0
14678007	1	0
14680379	1	0
14682369	1	0
14682723	0	1
14683975	1	0
14684169	1	0
14687506	1	0
14692350	0	1
14694560	1	0
14695213	0	1
14695936	1	0
14696767	0	1
14696818	0	1
14697378	1	0
14700880	0	1
14700902	0	1
14703933	0	1
14704587	0	1
14705083	0	1
14706352	1	0
14708325	1	0
14708484	0	1
14711455	0	1
14713700	1	0
14715631	1	0
14716005	0	1
14716407	0	1
14716507	1	0
14716657	0	1
14717200	0	1
14717971	0	1
14722006	1	0
14722576	1	0
14723721	1	0
14723817	0	1
14724409	0	1
14724580	1	0
14727325	0	1
14728184	1	0
14729980	1	0
14730159	1	0
14731768	1	0
14737203	0	1
14737566	1	0
14738604	0	1
14738715	0	1
14741516	0	1
14741546	1	0
14741580	1	0
14741987	1	0
14742018	1	0
14742181	1	0
14742924	0	1
14746943	1	0
14748859	1	0
14749742	0	1
14750372	0	1
14750824	0	1
14751534	1	0
14751652	1	0
14752744	1	0
14757073	0	1
14759142	0	1
14759695	0	1
14760455	0	1
14761407	0	1
14763215	0	1
14763352	1	0
14764157	1	0
14764342	0	1
14765585	0	1
14766267	1	0
14766917	0	1
14767108	1	0
14768062	1	0
14768619	0	1
14769138	1	0
14769590	0	1
14772103	1	0
14772178	1	0
14775741	0	1
14779222	0	1
14780382	1	0
14782728	0	1
14784232	0	1
14784326	0	1
14785505	1	0
14785743	1	0
14786387	0	1
14786544	0	1
14786615	0	1
14786946	1	0
14787063	1	0
14790387	0	1
14793150	0	1
14795568	1	0
14796498	0	1
14799951	1	0
14800687	1	0
14801010	0	1
14801571	0	1
14802363	0	1
14803059	0	1
14804591	0	1
14805494	1	0
14807259	1	0
14813374	0	1
14813565	1	0
14815498	1	0
14816243	1	0
14817502	0	1
14817897	0	1
14820889	0	1
14821877	1	0
14822450	0	1
14823252	0	1
14824676	0	1
14825993	0	1
14833341	0	1
14835097	1	0
14835118	1	0
14835836	0	1
14837381	0	1
14841001	0	1
14841193	1	0
14843650	1	0
14844009	1	0
14846055	1	0
14848445	1	0
14849163	1	0
14849678	1	0
14851260	0	1
14851855	0	1
14856400	1	0
14856658	0	1
14860065	1	0
14860705	0	1
14861739	1	0
14861826	1	0
14863554	1	0
14873571	1	0
14874787	1	0
14876955	1	0
14877945	0	1
14878658	0	1
14879282	0	1
14879431	0	1
14880189	0	1
14884286	0	1
14885229	1	0
14887687	0	1
14887913	0	1
14889248	0	1
14890614	1	0
14891311	1	0
14891720	0	1
14892564	0	1
14894014	1	0
14896668	0	1
14896960	1	0
14897581	0	1
14897678	1	0
14898845	1	0
14900171	0	1
14901122	1	0
14903365	0	1
14904175	1	0
14904384	1	0
14905402	1	0
14905711	1	0
14906288	0	1
14907211	0	1
14908921	1	0
14910906	1	0
14912607	0	1
14912766	1	0
14915472	1	0
14917818	0	1
14919565	0	1
14919792	1	0
14919931	1	0
14922636	0	1
14923166	1	0
14923575	1	0
14924485	0	1
14924565	0	1
14924597	0	1
14927336	0	1
14929808	1	0
14934492	0	1
14934724	1	0
14935392	0	1
14936863	1	0
14937219	0	1
14938213	1	0
14939148	1	0
14939625	1	0
14941564	1	0
14942731	0	1
14942785	1	0
14946070	1	0
14947036	1	0
14949392	0	1
14949438	0	1
14951814	1	0
14954786	1	0
14956875	0	1
14959533	0	1
14960958	1	0
14961441	0	1
14962227	0	1
14963585	0	1
14965187	1	0
14965875	1	0
14966106	1	0
14966482	0	1
14967935	0	1
14970250	1	0
14971436	1	0
14972339	0	1
14972766	0	1
14972851	0	1
14973299	1	0
14973708	1	0
14978424	1	0
14978497	1	0
14978855	0	1
14980229	1	0
14980455	0	1
14989027	0	1
14989549	1	0
14989640	1	0
14989698	1	0
14993992	0	1
14995383	0	1
14996519	1	0
14998043	1	0
15001063	1	0
15002856	0	1
15004060	1	0
15006230	0	1
15006408	0	1
15008089	0	1
15009498	0	1
15011824	1	0
15012362	0	1
15017424	1	0
15017885	1	0
15018112	1	0
15020795	0	1
15021371	1	0
15021372	0	1
15023813	1	0
15026925	0	1
15029249	1	0
15029488	0	1
15031618	0	1
15033547	0	1
15034058	0	1
15034866	1	0
15038876	1	0
15039134	0	1
15040867	1	0
15041109	0	1
15042413	1	0
15044266	1	0
15046457	1	0
15046950	1	0
15047700	0	1
15048828	1	0
15049274	1	0
15049470	1	0
15051197	1	0
15052236	1	0
15052493	0	1
15053123	0	1
15054558	0	1
15054673	1	0
15055747	0	1
15057679	1	0
15060367	0	1
15061409	1	0
15061804	1	0
15065292	0	1
15066724	1	0
15067879	1	0
15071204	0	1
15071327	1	0
15071467	1	0
15073447	0	1
15074908	1	0
15075506	0	1
15076886	0	1
15077710	1	0
15077746	1	0
15077760	0	1
15080125	0	1
15081135	0	1
15085011	0	1
15088736	0	1
15091745	0	1
15092604	1	0
15093689	1	0
15096370	1	0
15096486	0	1
15096550	1	0
15097043	1	0
15097427	1	0
15098692	1	0
15099808	0	1
15102518	1	0
15105671	0	1
15107391	0	1
15108269	1	0
15109106	1	0
15109650	1	0
15109742	0	1
15109966	1	0
15110668	0	1
15110724	1	0
15114935	0	1
15116729	1	0
15118841	0	1
15118922	0	1
15119450	0	1
15119498	1	0
15119796	1	0
15119855	0	1
15122552	1	0
15122640	1	0
15126014	0	1
15126912	0	1
15126991	0	1
15131876	1	0
15132229	1	0
15134093	0	1
15134948	1	0
15135640	0	1
15141415	1	0
15142490	0	1
15146389	0	1
15148159	1	0
15148270	1	0
15150181	1	0
15151523	1	0
15152166	1	0
15152387	0	1
15152926	1	0
15153273	0	1
15157416	1	0
15158965	1	0
15163308	1	0
15163718	1	0
15166437	1	0
15166945	1	0
15170239	1	0
15172321	1	0
15172335	0	1
15173728	1	0
15174505	0	1
15175402	0	1
15175669	1	0
15178319	0	1
15178698	0	1
15178740	0	1
15179869	1	0
15180044	1	0
15180280	0	1
15181079	0	1
15181141	0	1
15181470	0	1
15181839	0	1
15182493	0	1
15182601	0	1
15182880	1	0
15185085	0	1
15187626	0	1
15187907	1	0
15190494	0	1
15194327	0	1
15195221	1	0
15197819	1	0
15202875	0	1
15203432	1	0
15203593	1	0
15204692	1	0
15205834	1	0
15206618	1	0
15208561	0	1
15209458	1	0
15209580	1	0
15210299	1	0
15211073	0	1
15213978	1	0
15216593	0	1
15216645	1	0
15218232	1	0
15222479	1	0
15223120	0	1
15224577	0	1
15224893	0	1
15225790	0	1
15226255	1	0
15230765	1	0
15232343	1	0
15234793	0	1
15236463	1	0
15242360	1	0
15245110	1	0
15247109	0	1
15248943	0	1
15250479	1	0
15251306	0	1
15251497	1	0
15252223	1	0
15255537	1	0
15257889	0	1
15260495	0	1
15265817	0	1
15266328	0	1
15268612	0	1
15269808	0	1
15269859	0	1
15271867	0	1
15272266	0	1
15274477	1	0
15275439	0	1
15277615	1	0
15278899	0	1
15279723	1	0
15282181	0	1
15284882	1	0
15284930	0	1
15285369	1	0
15289330	0	1
15291343	0	1
15292162	0	1
15292338	0	1
15293704	0	1
15295482	1	0
15296554	0	1
15297656	1	0
15301490	1	0
15301875	0	1
15302233	1	0
15305274	0	1
15311306	0	1
15312106	0	1
15316619	1	0
15320289	0	1
15321637	1	0
15321832	0	1
15323197	0	1
15324170	1	0
15325335	1	0
15325514	1	0
15326255	1	0
15326455	0	1
15328825	0	1
15328953	1	0
15329206	1	0
15329658	1	0
15331524	1	0
15332037	0	1
15332146	1	0
15333101	0	1
15334026	0	1
15334030	0	1
15334696	0	1
15336231	0	1
15336846	1	0
15337172	0	1
15337544	1	0
15337616	1	0
15338101	1	0
15340183	0	1
15342455	1	0
15351332	1	0
15352217	1	0
15355604	1	0
15358936	0	1
15360599	0	1
15360962	1	0
15362284	0	1
15363735	1	0
15363795	1	0
15364642	1	0
15365490	0	1
15368328	0	1
15368637	0	1
15369149	1	0
15374077	1	0
15374247	0	1
15374606	1	0
15375818	1	0
15377333	1	0
15379223	0	1
15379458	0	1
15380940	1	0
15381808	1	0
15382695	1	0
15384020	0	1
15385168	1	0
15385728	0	1
15388456	0	1
15388489	1	0
15393386	0	1
15393521	0	1
15393872	1	0
15396330	0	1
15396337	1	0
15397179	0	1
15399065	0	1
15401182	1	0
15403050	0	1
15403244	0	1
15405021	0	1
15406031	1	0
15406303	1	0
15406558	1	0
15406714	0	1
15407200	0	1
15408516	0	1
15409136	0	1
15409237	1	0
15410379	1	0
15412532	1	0
15414323	0	1
15414512	0	1
15415965	1	0
15416047	0	1
15417147	0	1
15419428	0	1
15419569	1	0
15419958	0	1
15420638	0	1
15420874	1	0
15422773	0	1
15422848	0	1
15423817	1	0
15423871	1	0
15423878	1	0
15424846	0	1
15425045	1	0
15425536	0	1
15425712	0	1
15427436	0	1
15429184	0	1
15432569	1	0
15432574	1	0
15433195	1	0
15433716	1	0
15433864	0	1
15433980	1	0
15435498	0	1
15435614	0	1
15435948	0	1
15437571	1	0
15438405	0	1
15438435	0	1
15442207	0	1
15442356	1	0
15443989	1	0
15444015	1	0
15447551	1	0
15448419	1	0
15448430	1	0
15454320	1	0
15455737	0	1
15458038	0	1
15458189	0	1
15458752	0	1
15459053	1	0
15460457	1	0
15461378	0	1
15462359	1	0
15463363	0	1
15463719	0	1
15464119	1	0
15465634	0	1
15465985	1	0
15466137	0	1
15467176	0	1
15467983	1	0
15468456	1	0
15471234	0	1
15472741	1	0
15473159	1	0
15475181	1	0
15479391	0	1
15479439	1	0
15479803	0	1
15480855	0	1
15480892	1	0
15483245	1	0
15484488	0	1
15484966	0	1
15485781	0	1
15486033	0	1
15487955	0	1
15492534	1	0
15492613	1	0
15493046	0	1
15494155	1	0
15496934	1	0
15496969	1	0
15497639	1	0
15498317	1	0
15498414	0	1
15499301	0	1
15501617	0	1
15501817	0	1
15503466	1	0
15506575	1	0
15507152	0	1
15507405	0	1
15507824	0	1
15507975	0	1
15509806	0	1
15513536	1	0
15514824	1	0
15516227	1	0
15516622	0	1
15517813	1	0
15517951	0	1
15518443	1	0
15519185	1	0
15521620	1	0
15523858	1	0
15523973	0	1
15524879	0	1
15528224	1	0
15528378	1	0
15532301	0	1
15532977	0	1
15533371	0	1
15534320	0	1
15536842	1	0
15537136	1	0
15542370	0	1
15544252	0	1
15545978	1	0
15547243	0	1
15549733	0	1
15550670	0	1
15553112	1	0
15554118	1	0
15556087	0	1
15557315	0	1
15566909	0	1
15567858	0	1
15570370	0	1
15573782	0	1
15576759	1	0
15577324	1	0
15577486	1	0
15578414	1	0
15580617	0	1
15582751	1	0
15583309	0	1
15584667	1	0
15585881	0	1
15585980	1	0
15587546	0	1
15588856	0	1
15588931	1	0
15589581	1	0
15590340	1	0
15592272	0	1
15593249	1	0
15595214	1	0
15597528	1	0
15601375	1	0
15603913	0	1
15605344	1	0
15606019	0	1
15608851	1	0
15609049	0	1
15609749	1	0
15610976	1	0
15612414	0	1
15617617	1	0
15619705	1	0
15619817	1	0
15620785	0	1
15623459	1	0
15624504	1	0
15624791	0	1
15625361	1	0
15626509	1	0
15627619	0	1
15628488	0	1
15629374	1	0
15632986	1	0
15632993	0	1
15635304	1	0
15636705	1	0
15636776	0	1
15638307	1	0
15638762	1	0
15639100	0	1
15639459	0	1
15646603	0	1
15647663	0	1
15656328	0	1
15656449	1	0
15657749	1	0
15658137	1	0
15659864	0	1
15661115	0	1
15661833	0	1
15661875	1	0
15661876	0	1
15662392	0	1
15666277	0	1
15666426	1	0
15667260	0	1
15668955	0	1
15672458	1	0
15673668	1	0
15675433	0	1
15676171	0	1
15676521	0	1
15676536	0	1
15676870	0	1
15678616	1	0
15680547	0	1
15682267	1	0
15683135	1	0
15684961	0	1
15686121	1	0
15686148	1	0
15688237	0	1
15688367	1	0
15692396	1	0
15695421	1	0
15695993	1	0
15696731	0	1
15698955	0	1
15700048	1	0
15702174	1	0
15702524	0	1
15702642	1	0
15708400	0	1
15709579	0	1
15712408	1	0
15712445	1	0
15713080	0	1
15713528	1	0
15714978	0	1
15715178	1	0
15716226	1	0
15716241	1	0
15717119	0	1
15718410	1	0
15718464	0	1
15719087	1	0
15720879	0	1
15721079	0	1
15723367	1	0
15724744	1	0
15724881	1	0
15727358	0	1
15730207	0	1
15730280	1	0
15730321	0	1
15731332	0	1
15732402	0	1
15733443	1	0
15737982	1	0
15738186	0	1
15739931	1	0
15740511	0	1
15740554	1	0
15740775	0	1
15742479	0	1
15745937	1	0
15746922	0	1
15747144	1	0
15747170	1	0
15747948	0	1
15749746	0	1
15750740	1	0
15750913	0	1
15752858	1	0
15753559	1	0
15755572	0	1
15758168	0	1
15764695	0	1
15765792	1	0
15766395	1	0
15769776	1	0
15770323	0	1
15772517	1	0
15774002	1	0
15775408	1	0
15775648	1	0
15776094	0	1
15777833	0	1
15778112	0	1
15779373	0	1
15781828	0	1
15784459	0	1
15792501	1	0
15794149	0	1
15794507	0	1
15794874	0	1
15797218	0	1
15799452	1	0
15800317	0	1
15803553	0	1
15806116	0	1
15807192	1	0
15808639	1	0
15808655	1	0
15809815	0	1
15810299	1	0
15810498	1	0
15812429	1	0
15816894	1	0
15817671	1	0
15819971	0	1
15823390	0	1
15823828	1	0
15823877	1	0
15824697	1	0
15826956	1	0
15827990	1	0
15828278	1	0
15830594	1	0
15831039	0	1
15835372	0	1
15836429	1	0
15836468	0	1
15837761	1	0
15840416	0	1
15842069	1	0
15846113	1	0
15850549	0	1
15851907	1	0
15853348	1	0
15853725	0	1
15853909	0	1
15855663	0	1
15856486	1	0
15856577	1	0
15857842	0	1
15860577	1	0
15862194	0	1
15865025	0	1
15866908	0	1
15867844	1	0
15870061	1	0
15870105	0	1
15872223	0	1
15874507	0	1
15875421	1	0
15875889	0	1
15876365	1	0
15877114	0	1
15877999	1	0
15879566	0	1
15879572	0	1
15880094	1	0
15880622	0	1
15882168	0	1
15882227	1	0
15883385	0	1
15883571	0	1
15883979	1	0
15885636	0	1
15885738	0	1
15886317	1	0
15886571	1	0
15888494	0	1
15888882	1	0
15888984	0	1
15891682	0	1
15892857	1	0
15893525	1	0
15895222	1	0
15895557	0	1
15897528	0	1
15898226	0	1
15898330	0	1
15901986	1	0
15902752	0	1
15902767	1	0
15906423	1	0
15906936	0	1
15907222	1	0
15908665	0	1
15909051	0	1
15909232	0	1
15911317	0	1
15911541	1	0
15912483	0	1
15914542	0	1
15914895	1	0
15916778	1	0
15919406	0	1
15920209	1	0
15921477	1	0
15923347	1	0
15923996	1	0
15925910	1	0
15926296	0	1
15932011	0	1
15935501	1	0
15937496	1	0
15938684	1	0
15939183	1	0
15940745	1	0
15941192	1	0
15941957	1	0
15944237	1	0
15944284	1	0
15944833	1	0
15945597	0	1
15946037	1	0
15949962	0	1
15950612	1	0
15952850	1	0
15956654	1	0
15956744	0	1
15956913	1	0
15960730	0	1
15961024	1	0
15961761	1	0
15962277	1	0
15965381	0	1
15967480	1	0
15968163	1	0
15969850	0	1
15972003	0	1
15973659	1	0
15975103	0	1
15975907	0	1
15977085	1	0
15978445	0	1
15979004	0	1
15981261	1	0
15983613	0	1
15983645	0	1
15985511	0	1
15986637	0	1
15987346	0	1
15989042	0	1
15989275	0	1
15989544	1	0
15993096	0	1
15994551	0	1
15994679	0	1
15995250	0	1
15995332	0	1
15999188	0	1
15999558	1	0
16003904	0	1
16006126	0	1
16007075	0	1
16007129	1	0
16007209	0	1
16007353	1	0
16008356	1	0
16010021	1	0
16016319	0	1
16016676	1	0
16018642	0	1
16019498	0	1
16020215	0	1
16020600	1	0
16023036	0	1
16024013	1	0
16024175	0	1
16025089	1	0
16025983	0	1
16028693	1	0
16028712	0	1
16029727	0	1
16032665	1	0
16033662	1	0
16033827	0	1
16034426	0	1
16034941	1	0
16035611	0	1
16035712	0	1
16039404	1	0
16041452	0	1
16044721	0	1
16046953	0	1
16048735	1	0
16048891	1	0
16050024	0	1
16050030	1	0
16052781	1	0
16053472	0	1
16055324	1	0
16055339	1	0
16058750	1	0
16059640	1	0
16060024	0	1
16060798	0	1
16061354	1	0
16065086	1	0
16065565	0	1
16065627	1	0
16066529	1	0
16072858	1	0
16073718	1	0
16075072	1	0
16076568	0	1
16078573	1	0
16079102	0	1
16082068	1	0
16082121	0	1
16082242	0	1
16083457	0	1
16083495	0	1
16084681	0	1
16086419	1	0
16088664	0	1
16091532	1	0
16094216	1	0
16098159	1	0
16098338	1	0
16100024	0	1
16102208	1	0
16103099	0	1
16103492	1	0
16104072	0	1
16104711	0	1
16104824	0	1
16105890	0	1
16108589	1	0
16109809	0	1
16110114	0	1
16110194	0	1
16111586	1	0
16112806	1	0
16112936	1	0
16115845	0	1
16116888	0	1
16117211	1	0
16117808	0	1
16117830	1	0
16118372	1	0
16119657	1	0
16119872	1	0
16121275	1	0
16121301	0	1
16121531	0	1
16121883	1	0
16126193	0	1
16126303	0	1
16126513	0	1
16128432	1	0
16128500	1	0
16128552	1	0
16130628	0	1
16131673	1	0
16131927	0	1
16132299	1	0
16132863	0	1
16134763	1	0
16134986	1	0
16137330	1	0
16137980	1	0
16139821	0	1
16141144	0	1
16141470	1	0
16147286	0	1
16147617	0	1
16150753	0	1
16152078	1	0
16153934	0	1
16155045	0	1
16156355	1	0
16156461	0	1
16157628	1	0
16157896	1	0
16159240	0	1
16163081	0	1
16163755	1	0
16164034	1	0
16164911	1	0
16166358	1	0
16167775	1	0
16168253	0	1
16169224	0	1
16173160	0	1
16174356	1	0
16175058	1	0
16175391	1	0
16175715	0	1
16175925	0	1
16177295	1	0
16177986	0	1
16179088	1	0
16180238	1	0
16181107	0	1
16182277	1	0
16182771	0	1
16182850	1	0
16185282	1	0
16185301	0	1
16187968	1	0
16188024	0	1
16189440	1	0
16193196	1	0
16193610	1	0
16194769	0	1
16196845	0	1
16198181	0	1
16198184	0	1
16198874	1	0
16198960	0	1
16199506	1	0
16201177	0	1
16202526	0	1
16204313	0	1
16204779	0	1
16207539	0	1
16208280	1	0
16209963	1	0
16210127	1	0
16211630	1	0
16214512	1	0
16220374	0	1
16223252	0	1
16230223	1	0
16231010	1	0
16231863	1	0
16233624	1	0
16238710	1	0
16238992	0	1
16240457	0	1
16243373	0	1
16243675	1	0
16246215	0	1
16246988	1	0
16251163	0	1
16251176	1	0
16251925	1	0
16252140	1	0
16254089	0	1
16257054	1	0
16257083	1	0
16257339	1	0
16257763	1	0
16258616	0	1
16260359	0	1
16260908	0	1
16261067	1	0
16262094	0	1
16263735	0	1
16264285	1	0
16265926	0	1
16266204	1	0
16266264	0	1
16267649	1	0
16270253	0	1
16270406	1	0
16272279	1	0
16273545	1	0
16279632	1	0
16282677	0	1
16285584	1	0
16287705	0	1
16288714	0	1
16290911	1	0
16292373	1	0
16294098	1	0
16298161	1	0
16299760	0	1
16299807	0	1
16302423	1	0
16303945	0	1
16305065	1	0
16306721	0	1
16307640	0	1
16308075	0	1
16308112	1	0
16308124	0	1
16308684	1	0
16309144	0	1
16310213	0	1
16310773	1	0
16312929	0	1
16313494	0	1
16313496	1	0
16314430	0	1
16314556	1	0
16315978	1	0
16319947	0	1
16322468	0	1
16322561	1	0
16322901	0	1
16324430	0	1
16324702	1	0
16324968	1	0
16326599	1	0
16326747	0	1
16326796	0	1
16328793	1	0
16329709	1	0
16329831	0	1
16332625	0	1
16339540	0	1
16340663	1	0
16340747	1	0
16341608	1	0
16341658	1	0
16342415	1	0
16342847	0	1
16344912	0	1
16345574	1	0
16346178	1	0
16346485	0	1
16346833	0	1
16348012	1	0
16348921	0	1
16349165	0	1
16351539	1	0
16351836	0	1
16353837	1	0
16354807	1	0
16355109	1	0
16358242	1	0
16359057	0	1
16360317	0	1
16360445	1	0
16360562	1	0
16361642	1	0
16361652	1	0
16362025	0	1
16362281	0	1
16366093	1	0
16367831	0	1
16368586	0	1
16369290	1	0
16372966	1	0
16373816	0	1
16374643	1	0
16375802	1	0
16376027	1	0
16377425	0	1
16378131	0	1
16381365	1	0
16384615	1	0
16385124	0	1
16385989	1	0
16386131	1	0
16387362	1	0
16387660	0	1
16388017	1	0
16388830	1	0
16389667	0	1
16390013	0	1
16390189	1	0
16391368	0	1
16391868	0	1
16391898	0	1
16392044	1	0
16394310	0	1
16394350	1	0
16396202	0	1
16396686	0	1
16397379	0	1
16398360	0	1
16399910	0	1
16400404	0	1
16401721	1	0
16403934	1	0
16404636	1	0
16409418	1	0
16410807	0	1
16412878	1	0
16412887	1	0
16413213	0	1
16414356	1	0
16418443	1	0
16418527	0	1
16423078	0	1
16423956	1	0
16424412	0	1
16425218	1	0
16426836	0	1
16427151	0	1
16427347	0	1
16427764	1	0
16430026	1	0
16432937	0	1
16433087	1	0
16433803	0	1
16435391	1	0
16436164	1	0
16439691	1	0
16442693	1	0
16444106	0	1
16448268	1	0
16448621	1	0
16450619	0	1
16452246	0	1
16453135	1	0
16453713	0	1
16453939	0	1
16455273	0	1
16456838	1	0
16457062	1	0
16457267	1	0
16458893	0	1
16460796	1	0
16462187	1	0
16462455	1	0
16462620	1	0
16463570	0	1
16464385	0	1
16468404	1	0
16469137	1	0
16470023	0	1
16470182	1	0
16474468	0	1
16474927	0	1
16476116	1	0
16478824	1	0
16478978	1	0
16481320	0	1
16481872	0	1
16483176	0	1
16488606	1	0
16489931	1	0
16493251	1	0
16493651	1	0
16493842	1	0
16494643	1	0
16495747	1	0
16495774	1	0
16502117	0	1
16502705	0	1
16502771	1	0
16503026	1	0
16506014	1	0
16506680	1	0
16508430	1	0
16508664	0	1
16509931	0	1
16511853	0	1
16513488	0	1
16515751	0	1
16516089	1	0
16516333	1	0
16519160	1	0
16519756	1	0
16520800	0	1
16523068	1	0
16523308	1	0
16524093	0	1
16524729	0	1
16524960	1	0
16526766	1	0
16533870	1	0
16533914	0	1
16533959	0	1
16534254	1	0
16536178	1	0
16544286	0	1
16545438	0	1
16545768	0	1
16548293	0	1
16549080	1	0
16549200	1	0
16550989	1	0
16551104	1	0
16551238	1	0
16554774	1	0
16557023	0	1
16562506	0	1
16562809	0	1
16564483	0	1
16565259	1	0
16567182	0	1
16567638	0	1
16568267	0	1
16570123	0	1
16571640	0	1
16571852	0	1
16571881	1	0
16572190	1	0
16573050	1	0
16576139	1	0
16576164	0	1
16576262	0	1
16577263	0	1
16577281	0	1
16586006	1	0
16586903	0	1
16589217	0	1
16593763	0	1
16594132	0	1
16594464	0	1
16599137	1	0
16599692	1	0
16600002	0	1
16600255	1	0
16600745	0	1
16601486	1	0
16601650	1	0
16602277	0	1
16604311	1	0
16604962	1	0
16605440	0	1
16607115	1	0
16610217	1	0
16612330	1	0
16613651	0	1
16613890	0	1
16615733	0	1
16616930	0	1
16617375	1	0
16618250	1	0
16620249	0	1
16620592	0	1
16620697	0	1
16622188	1	0
16622895	1	0
16623651	0	1
16626563	1	0
16626637	0	1
16627058	0	1
16627307	0	1
16627452	1	0
16628674	1	0
16629147	0	1
16630435	1	0
16634156	1	0
16635966	0	1
16639086	1	0
16639151	0	1
16641701	0	1
16641843	0	1
16642069	0	1
16643850	0	1
16643966	1	0
16644931	0	1
16645083	0	1
16645971	0	1
16646469	1	0
16646867	1	0
16648692	0	1
16650378	0	1
16652422	0	1
16653345	0	1
16656792	0	1
16659487	0	1
16661131	1	0
16662618	0	1
16663385	0	1
16663808	0	1
16664623	0	1
16667376	1	0
16668794	0	1
16669354	0	1
16670544	0	1
16671739	0	1
16671746	0	1
16672156	0	1
16674462	0	1
16675233	1	0
16675311	1	0
16676227	0	1
16677537	0	1
16678360	1	0
16679090	1	0
16680223	1	0
16681355	0	1
16682634	1	0
16684095	1	0
16685863	1	0
16686424	1	0
16687198	0	1
16688191	0	1
16688574	1	0
16689062	1	0
16689101	1	0
16690121	1	0
16695166	0	1
16695373	1	0
16697087	1	0
16697437	1	0
16701335	0	1
16701608	0	1
16702448	1	0
16703048	0	1
16706054	1	0
16706086	0	1
16706654	1	0
16711824	0	1
16711860	1	0
16714520	0	1
16716509	0	1
16722213	0	1
16723321	0	1
16726056	1	0
16726092	1	0
16726768	0	1
16727158	1	0
16727371	1	0
16727379	1	0
16727475	0	1
16727567	1	0
16729429	1	0
16731821	1	0
16732231	1	0
16733946	1	0
16734268	0	1
16735584	0	1
16737551	1	0
16739521	0	1
16741379	1	0
16742853	0	1
16743909	0	1
16745307	1	0
16746973	1	0
16747482	0	1
16748963	1	0
16750561	0	1
16751048	0	1
16753364	1	0
16753460	1	0
16753578	1	0
16754121	1	0
16758262	0	1
16758900	1	0
16759150	1	0
16760122	0	1
16762449	0	1
16763131	0	1
16763803	0	1
16764324	1	0
16767480	1	0
16767916	1	0
16770542	0	1
16772313	0	1
16773430	1	0
16775026	1	0
16775187	0	1
16776097	0	1
16777692	1	0
16778205	0	1
16778397	1	0
16778559	0	1
16778751	1	0
16779841	0	1
16779901	0	1
16780153	1	0
16781584	1	0
16781886	0	1
16782776	0	1
16785446	1	0
16785491	1	0
16789099	1	0
16789514	1	0
16789692	0	1
16790248	0	1
16792182	1	0
16792309	0	1
16792804	1	0
16795758	1	0
16798752	0	1
16799173	1	0
16799718	0	1
16799826	1	0
16800074	1	0
16800512	0	1
16801016	0	1
16803095	1	0
16808512	1	0
16809182	1	0
16811249	1	0
16811554	0	1
16814068	1	0
16815696	0	1
16819048	0	1
16819295	1	0
16822837	0	1
16823055	0	1
16823250	1	0
16830444	1	0
16832911	1	0
16834432	0	1
16836904	1	0
16836961	1	0
16837651	1	0
16838812	0	1
16840290	1	0
16841587	1	0
16844322	0	1
16845394	1	0
16847792	0	1
16848439	0	1
16851387	1	0
16851638	0	1
16852131	0	1
16852346	1	0
16854006	1	0
16857505	0	1
16857915	0	1
16858843	0	1
16859439	0	1
16859787	0	1
16861527	1	0
16861890	1	0
16862990	0	1
16863260	0	1
16863797	1	0
16864095	0	1
16864649	1	0
16865106	0	1
16867728	0	1
16867905	1	0
16869719	0	1
16870398	1	0
16875866	1	0
16879908	1	0
16880284	0	1
16881335	0	1
16882086	0	1
16882276	1	0
16885384	1	0
16885766	0	1
16888168	0	1
16888267	0	1
16888848	1	0
16891600	1	0
16892177	0	1
16898196	1	0
16898702	0	1
16899191	1	0
16901972	1	0
16903127	0	1
16903595	0	1
16903870	1	0
16906175	0	1
16908766	1	0
16910505	0	1
16911021	1	0
16912353	0	1
16913487	0	1
16914361	0	1
16914397	1	0
16915378	1	0
16915727	1	0
16916563	1	0
16916624	1	0
16917382	0	1
16921845	1	0
16923304	1	0
16925479	0	1
16925937	0	1
16926179	0	1
16926681	0	1
16926781	0	1
16931912	0	1
16932213	0	1
16933212	0	1
16934456	0	1
16934953	1	0
16935107	1	0
16935833	0	1
16939275	1	0
16940502	1	0
16941228	1	0
16941457	1	0
16943497	1	0
16943603	0	1
16949197	1	0
16949549	1	0
16949753	1	0
16950248	1	0
16954030	1	0
16956323	1	0
16957830	1	0
16960644	1	0
16963097	0	1
16964390	1	0
16965028	1	0
16966459	0	1
16968362	0	1
16969648	0	1
16969664	0	1
16969712	1	0
16969874	1	0
16971719	1	0
16973469	1	0
16976062	0	1
16979887	1	0
16980529	1	0
16981809	1	0
16982339	1	0
16983021	1	0
16983838	1	0
16985780	0	1
16986989	0	1
16989777	1	0
16990426	0	1
16990563	1	0
16990830	1	0
16993700	0	1
16993800	0	1
16996282	1	0
16999678	0	1
17000780	1	0
17003990	0	1
17005563	0	1
17007574	1	0
17009155	1	0
17009817	1	0
17011155	1	0
17014707	1	0
17015684	1	0
17015944	0	1
17016433	0	1
17018683	1	0
17019742	1	0
17020549	1	0
17021577	1	0
17022192	1	0
17022507	1	0
17022512	1	0
17022573	1	0
17022872	1	0
17022914	1	0
17023763	0	1
17027743	1	0
17029122	0	1
17029162	1	0
17031157	0	1
17032089	0	1
17034215	1	0
17035156	0	1
17036462	0	1
17036868	0	1
17037659	0	1
17037676	0	1
17038317	1	0
17039640	0	1
17043257	1	0
17043507	1	0
17043913	0	1
17045411	1	0
17046262	0	1
17047768	0	1
17049868	1	0
17051200	0	1
17052867	0	1
17056785	0	1
17057961	0	1
17058735	0	1
17059049	0	1
17062098	0	1
17063767	1	0
17064924	1	0
17067907	1	0
17068634	1	0
17071931	1	0
17072858	1	0
17072878	1	0
17076756	1	0
17078246	0	1
17078863	0	1
17078979	1	0
17079154	1	0
17081664	0	1
17083398	1	0
17084354	1	0
17086664	1	0
17088131	1	0
17091048	1	0
17092352	0	1
17092902	1	0
17093177	1	0
17097512	0	1
17098056	1	0
17098895	0	1
17101246	0	1
17104700	1	0
17106970	0	1
17107849	0	1
17108352	1	0
17109720	1	0
17112290	0	1
17113451	1	0
17115002	1	0
17117785	1	0
17120466	0	1
17120631	1	0
17121765	1	0
17122316	1	0
17124381	1	0
17125284	0	1
17127490	0	1
17128638	1	0
17128987	0	1
17130494	1	0
17131483	1	0
17133531	1	0
17134600	1	0
17135058	1	0
17137497	1	0
17138022	1	0
17138585	1	0
17141607	1	0
17143030	1	0
17146706	0	1
17147987	0	1
17149845	1	0
17150232	0	1
17150580	1	0
17152383	0	1
17156339	1	0
17157064	0	1
17157662	0	1
17158274	1	0
17160061	0	1
17161573	1	0
17162575	0	1
17163169	0	1
17163424	0	1
17164200	1	0
17166409	0	1
17169589	1	0
17169820	0	1
17170406	1	0
17173373	1	0
17173649	1	0
17174211	1	0
17174498	0	1
17175968	0	1
17180626	0	1
17181161	0	1
17181216	1	0
17182236	0	1
17186646	1	0
17188811	0	1
17191943	0	1
17192764	0	1
17193166	1	0
17193579	1	0
17194437	1	0
17194761	1	0
17197142	0	1
17197383	1	0
17197981	0	1
17200998	1	0
17203014	0	1
17205504	0	1
17209168	0	1
17211945	0	1
17213624	0	1
17214446	0	1
17214462	1	0
17218027	0	1
17218146	1	0
17221781	1	0
17224272	1	0
17228618	0	1
17229044	0	1
17229930	0	1
17229967	1	0
17230409	1	0
17230426	0	1
17232691	1	0
17234233	0	1
17236722	0	1
17236773	1	0
17237090	0	1
17237117	1	0
17237371	1	0
17238560	0	1
17238570	1	0
17240064	1	0
17242434	0	1
17242979	1	0
17244106	1	0
17245716	0	1
17248703	0	1
17248848	0	1
17251868	1	0
17252116	0	1
17255302	1	0
17256026	0	1
17257074	0	1
17260286	0	1
17260794	1	0
17262510	1	0
17263228	0	1
17263403	1	0
17264072	0	1
17264254	1	0
17264631	0	1
17265445	1	0
17266153	0	1
17267199	0	1
17267438	1	0
17268169	0	1
17269636	0	1
17270283	0	1
17270331	0	1
17272715	1	0
17275542	0	1
17276084	0	1
17278500	0	1
17279184	0	1
17280488	1	0
17280706	0	1
17281739	0	1
17281846	1	0
17285451	1	0
17286627	1	0
17286765	0	1
17286966	0	1
17290738	1	0
17291313	0	1
17293506	0	1
17297518	0	1
17298868	1	0
17299822	0	1
17305136	0	1
17310704	0	1
17311934	0	1
17312122	0	1
17312668	0	1
17315759	1	0
17317409	0	1
17317514	0	1
17318119	1	0
17318373	0	1
17318481	0	1
17319424	1	0
17321428	0	1
17321627	0	1
17321840	1	0
17325145	0	1
17327890	0	1
17331614	1	0
17332810	1	0
17332916	1	0
17337350	0	1
17338008	0	1
17338860	1	0
17340884	1	0
17341882	0	1
17342143	1	0
17342988	1	0
17343386	1	0
17343957	0	1
17347912	1	0
17348380	1	0
17350434	0	1
17351539	0	1
17352330	1	0
17353653	1	0
17354029	0	1
17355594	0	1
17357557	1	0
17358158	0	1
17359009	0	1
17360335	1	0
17363422	0	1
17363833	1	0
17367298	0	1
17368908	1	0
17368967	0	1
17371346	1	0
17372064	1	0
17372288	1	0
17372835	1	0
17375133	0	1
17376718	1	0
17377139	0	1
17379585	0	1
17379685	1	0
17380429	1	0
17381492	1	0
17383307	1	0
17383734	1	0
17385027	1	0
17385176	0	1
17387674	1	0
17390026	0	1
17390145	0	1
17390517	0	1
17391222	1	0
17392670	1	0
17393739	1	0
17394714	0	1
17396174	0	1
17397350	0	1
17401126	1	0
17403651	0	1
17404070	0	1
17405185	0	1
17407714	1	0
17410202	1	0
17411320	1	0
17413021	0	1
17414029	0	1
17418077	0	1
17421943	0	1
17422928	1	0
17426585	0	1
17433028	0	1
17433130	1	0
17433343	1	0
17433534	0	1
17434844	0	1
17435426	1	0
17438226	0	1
17439721	1	0
17446153	1	0
17446688	1	0
17449246	1	0
17450604	0	1
17451053	1	0
17452236	1	0
17452728	0	1
17453219	0	1
17453856	1	0
17455752	0	1
17459906	0	1
17460940	1	0
17465182	1	0
17466978	0	1
17467342	1	0
17468250	0	1
17469098	0	1
17470124	0	1
17470228	0	1
17472174	1	0
17472541	0	1
17472836	1	0
17475488	1	0
17477103	1	0
17479479	0	1
17481031	1	0
17481114	1	0
17482605	1	0
17483475	1	0
17485036	0	1
17485600	1	0
17485682	1	0
17486751	0	1
17486758	0	1
17490486	1	0
17490684	0	1
17491704	0	1
17492046	1	0
17493728	1	0
17496340	0	1
17496654	0	1
17496849	0	1
17498893	0	1
17501224	0	1
17502339	1	0
17505269	0	1
17507349	1	0
17510562	0	1
17510603	1	0
17511975	0	1
17512447	0	1
17512680	1	0
17515447	0	1
17516057	0	1
17516240	1	0
17518579	0	1
17519925	0	1
17520641	0	1
17522952	1	0
17523188	1	0
17525020	1	0
17526050	1	0
17527694	1	0
17530883	1	0
17535078	0	1
17535522	1	0
17536298	1	0
17537847	1	0
17539679	1	0
17540815	0	1
17541153	0	1
17544188	1	0
17544785	0	1
17545493	1	0
17546369	1	0
17546673	1	0
17549803	1	0
17550234	0	1
17551828	0	1
17552250	0	1
17552378	0	1
17553122	1	0
17553685	1	0
17555119	0	1
17555285	1	0
17556722	1	0
17557408	1	0
17557990	0	1
17558042	1	0
17558522	0	1
17559507	1	0
17560657	1	0
17564281	0	1
17566027	0	1
17567305	0	1
17569875	0	1
17570038	1	0
17571289	1	0
17571554	1	0
17574047	1	0
17576170	1	0
17576204	1	0
17576601	0	1
17576679	1	0
17577116	1	0
17577843	1	0
17578051	0	1
17580831	1	0
17580977	0	1
17581337	1	0
17581431	1	0
17583306	0	1
17585931	1	0
17586662	0	1
17588817	0	1
17588929	1	0
17594527	1	0
17596229	1	0
17597861	0	1
17598368	1	0
17598416	1	0
17599008	0	1
17599177	0	1
17599285	0	1
17599500	1	0
17600683	1	0
17601137	1	0
17601439	0	1
17602455	1	0
17603367	1	0
17604435	1	0
17605979	0	1
17606163	0	1
17607848	0	1
17610413	0	1
17610432	1	0
17610789	1	0
17611851	1	0
17612467	0	1
17613473	1	0
17614314	0	1
17616548	1	0
17617808	0	1
17619021	0	1
17619992	0	1
17620018	1	0
17621193	1	0
17621839	0	1
17624026	1	0
17625254	1	0
17626775	1	0
17627462	1	0
17631419	0	1
17631656	0	1
17632336	1	0
17634953	1	0
17634978	1	0
17635017	1	0
17635024	0	1
17639392	1	0
17640053	1	0
17642577	1	0
17643457	0	1
17645078	1	0
17645505	0	1
17648857	0	1
17649490	1	0
17650946	0	1
17651735	0	1
17653308	0	1
17653917	0	1
17656144	1	0
17657250	0	1
17658031	1	0
17658923	0	1
17659427	0	1
17662276	1	0
17663658	1	0
17664569	1	0
17667660	1	0
17668506	0	1
17670071	0	1
17671013	0	1
17672076	1	0
17672532	0	1
17674861	0	1
17675036	1	0
17675646	1	0
17676075	0	1
17678249	1	0
17678586	1	0
17679866	0	1
17682718	0	1
17683057	1	0
17684722	1	0
17685252	1	0
17686678	0	1
17688157	0	1
17689606	1	0
17690024	0	1
17692927	1	0
17694333	0	1
17694570	0	1
17694923	0	1
17698550	1	0
17698859	1	0
17701619	1	0
17702286	1	0
17703223	1	0
17703276	1	0
17703598	0	1
17704410	1	0
17706048	0	1
17707109	0	1
17707265	1	0
17707859	1	0
17710942	0	1
17711221	0	1
17711231	1	0
17712536	1	0
17713246	1	0
17714752	1	0
17715308	0	1
17718740	0	1
17718870	1	0
17721817	0	1
17721860	1	0
17722507	1	0
17725324	0	1
17725991	1	0
17726396	1	0
17729128	0	1
17729750	0	1
17730189	1	0
17731113	0	1
17733550	1	0
17734576	0	1
17734868	0	1
17735614	0	1
17736038	0	1
17736302	1	0
17739146	0	1
17739477	1	0
17740448	0	1
17741971	0	1
17742505	1	0
17743707	1	0
17744388	1	0
17745539	1	0
17746584	0	1
17751747	1	0
17752460	1	0
17752985	1	0
17756820	0	1
17759726	0	1
17760076	1	0
17762606	1	0
17766583	0	1
17767447	0	1
17768930	1	0
17769019	1	0
17769113	1	0
17769810	1	0
17771644	0	1
17772554	1	0
17773812	0	1
17773909	1	0
17773987	1	0
17774792	1	0
17775177	1	0
17776140	1	0
17776144	0	1
17776278	1	0
17777345	0	1
17779173	1	0
17779298	0	1
17780815	0	1
17780892	0	1
17781358	1	0
17781887	1	0
17782220	1	0
17782701	1	0
17783005	1	0
17783572	1	0
17783575	1	0
17786693	1	0
17786735	1	0
17787429	1	0
17787796	0	1
17788392	1	0
17790419	1	0
17792146	0	1
17792262	0	1
17793226	0	1
17793654	1	0
17793912	0	1
17795728	0	1
17795945	0	1
17797636	1	0
17797764	1	0
17799175	1	0
17800716	0	1
17801320	1	0
17805026	0	1
17805354	1	0
17805826	1	0
17806204	0	1
17807966	1	0
17808165	1	0
17809047	0	1
17809517	0	1
17810507	0	1
17810709	1	0
17813103	1	0
17816513	0	1
17817586	1	0
17822801	1	0
17827434	1	0
17829183	1	0
17829295	0	1
17829527	1	0
17830376	0	1
17833647	1	0
17833767	0	1
17837945	1	0
17842005	0	1
17843691	1	0
17843862	1	0
17845884	1	0
17848812	0	1
17851787	1	0
17853940	1	0
17856538	0	1
17857897	0	1
17859276	1	0
17859468	1	0
17860554	1	0
17861314	1	0
17861714	0	1
17863650	0	1
17864389	1	0
17866312	1	0
17872021	1	0
17872833	1	0
17873646	1	0
17876286	1	0
17876488	1	0
17878664	1	0
17879491	0	1
17882015	1	0
17882471	0	1
17882987	0	1
17883647	0	1
17883870	1	0
17884816	0	1
17885739	0	1
17886721	0	1
17887905	0	1
17888484	1	0
17889032	0	1
17891011	0	1
17894556	0	1
17896284	0	1
17896416	1	0
17897438	0	1
17900879	0	1
17901799	1	0
17903511	1	0
17904497	1	0
17905046	0	1
17905770	1	0
17906167	0	1
17907738	1	0
17908060	1	0
17909714	0	1
17910143	1	0
17910941	1	0
17911750	0	1
17912780	1	0
17913100	0	1
17914004	1	0
17917700	0	1
17919204	1	0
17920807	0	1
17921011	0	1
17921625	1	0
17923438	0	1
17925673	1	0
17927658	0	1
17928511	1	0
17930309	1	0
17933090	0	1
17933315	0	1
17935611	0	1
17937024	0	1
17937548	0	1
17939497	1	0
17941601	1	0
17943798	1	0
17943833	1	0
17945399	1	0
17947707	1	0
17948635	0	1
17948913	1	0
17950948	0	1
17951559	1	0
17953973	1	0
17956018	1	0
17956659	0	1
17957637	1	0
17959908	1	0
17964113	1	0
17964971	0	1
17966598	1	0
17966687	1	0
17967519	1	0
17969591	0	1
17970522	0	1
17973691	1	0
17975636	0	1
17976176	0	1
17976325	1	0
17976363	1	0
17977957	0	1
17980278	1	0
17981289	0	1
17981409	0	1
17982106	1	0
17983077	0	1
17983499	0	1
17985314	0	1
17985358	1	0
17987579	0	1
17987707	0	1
17988558	0	1
17990718	0	1
17995362	0	1
17995391	1	0
17996030	1	0
17997128	0	1
17997678	0	1
17998745	1	0
18000854	0	1
18000887	0	1
18001974	0	1
18002078	1	0
18003530	0	1
18006248	1	0
18007262	0	1
18007502	0	1
18007756	1	0
18007794	0	1
18009248	1	0
18013103	0	1
18013116	0	1
18014417	1	0
18016064	0	1
18017212	1	0
18019163	1	0
18020344	1	0
18020721	1	0
18021781	0	1
18021883	0	1
18022818	0	1
18023381	1	0
18024005	1	0
18025999	1	0
18029638	1	0
18030595	1	0
18031164	1	0
18031994	0	1
18032076	1	0
18032975	1	0
18036380	1	0
18040450	0	1
18043298	0	1
18043661	1	0
18044202	0	1
18046972	0	1
18047773	1	0
18050252	1	0
18050614	0	1
18051590	1	0
18052341	1	0
18053279	1	0
18053392	1	0
18057715	0	1
18057910	1	0
18058855	1	0
18059763	1	0
18061293	1	0
18061647	0	1
18063351	1	0
18063993	1	0
18066245	1	0
18067110	1	0
18067552	0	1
18072992	1	0
18075741	1	0
18076246	0	1
18077420	0	1
18081288	1	0
18081605	1	0
18081854	1	0
18082070	1	0
18083798	1	0
18084284	0	1
18084883	0	1
18091266	1	0
18091505	0	1
18100408	0	1
18101428	0	1
18101801	1	0
18102807	0	1
18103919	1	0
18104150	1	0
18104674	0	1
18105302	1	0
18106433	0	1
18107094	1	0
18110049	0	1
18113514	1	0
18113720	0	1
18114699	0	1
18115273	0	1
18115338	0	1
18117351	0	1
18118871	0	1
18118983	0	1
18119554	0	1
18121074	1	0
18122104	1	0
18124920	1	0
18125460	0	1
18126145	0	1
18129661	1	0
18130583	0	1
18131135	1	0
18133127	0	1
18138731	0	1
18139544	0	1
18140543	0	1
18140734	0	1
18141394	1	0
18144398	1	0
18145820	1	0
18147362	0	1
18147508	1	0
18147855	0	1
18148461	1	0
18148837	0	1
18149159	0	1
18151122	0	1
18152399	0	1
18157685	1	0
18158184	1	0
18160178	0	1
18160546	1	0
18163128	0	1
18163666	0	1
18164323	1	0
18164815	0	1
18165864	0	1
18166419	1	0
18167020	0	1
18169711	0	1
18169881	1	0
18170256	0	1
18171642	0	1
18171772	0	1
18173465	1	0
18173512	1	0
18174731	1	0
18177581	0	1
18177682	0	1
18180356	1	0
18182443	1	0
18183800	0	1
18184330	0	1
18185759	0	1
18185772	0	1
18187500	1	0
18188773	1	0
18189348	0	1
18191536	1	0
18192524	1	0
18194211	1	0
18194770	1	0
18194801	0	1
18196177	0	1
18196940	0	1
18197624	1	0
18198489	0	1
18199321	1	0
18200846	1	0
18201582	0	1
18201762	1	0
18201816	1	0
18202290	1	0
18202344	0	1
18205070	0	1
18207809	1	0
18209378	0	1
18210663	0	1
18212570	0	1
18214846	1	0
18214973	0	1
18215064	1	0
18216237	1	0
18217584	1	0
18217754	1	0
18218204	1	0
18218312	0	1
18218550	1	0
18220279	1	0
18220729	0	1
18222869	0	1
18223148	1	0
18223573	0	1
18223887	0	1
18224611	1	0
18225357	0	1
18226466	0	1
18230034	1	0
18230164	1	0
18232338	0	1
18233049	0	1
18234281	1	0
18236546	1	0
18236697	1	0
18237144	0	1
18237806	1	0
18238588	1	0
18239092	1	0
18239246	0	1
18239304	1	0
18239619	1	0
18240062	1	0
18241455	1	0
18242194	1	0
18244405	1	0
18248386	0	1
18248835	0	1
18252046	1	0
18254822	1	0
18256288	0	1
18258615	0	1
18260124	0	1
18260618	1	0
18263736	0	1
18264252	0	1
18265759	1	0
18266048	1	0
18266441	0	1
18266920	0	1
18267589	1	0
18267972	1	0
18268124	0	1
18270091	0	1
18271510	1	0
18272656	1	0
18274898	0	1
18274935	0	1
18279071	0	1
18280291	1	0
18282403	1	0
18285347	0	1
18285806	1	0
18290611	1	0
18295087	0	1
18295261	0	1
18299467	1	0
18303275	0	1
18303711	1	0
18307987	1	0
18309647	1	0
18310559	0	1
18311686	0	1
18314254	1	0
18315149	1	0
18318041	1	0
18318520	0	1
18319102	0	1
18319330	0	1
18322381	0	1
18322984	1	0
18323510	0	1
18325089	1	0
18326209	0	1
18327008	1	0
18328225	1	0
18328237	0	1
18328503	0	1
18330200	1	0
18332197	1	0
18334259	1	0
18336198	1	0
18336275	1	0
18338957	0	1
18341371	1	0
18341609	0	1
18343142	1	0
18344373	0	1
18345563	0	1
18345977	0	1
18348052	0	1
18349336	0	1
18349404	1	0
18350746	1	0
18353726	0	1
18354052	0	1
18359894	1	0
18361359	0	1
18361717	0	1
18361719	0	1
18362168	1	0
18363783	0	1
18372525	0	1
18373250	1	0
18375294	0	1
18377856	0	1
18379527	1	0
18381211	1	0
18381554	1	0
18383667	0	1
18385059	0	1
18385513	0	1
18388606	0	1
18391172	1	0
18392644	0	1
18393357	1	0
18395741	0	1
18400647	1	0
18400809	0	1
18402771	0	1
18403630	1	0
18408781	1	0
18409890	0	1
18411739	0	1
18413926	1	0
18414340	0	1
18418045	1	0
18419461	0	1
18421419	1	0
18422395	0	1
18422409	1	0
18422433	1	0
18422485	1	0
18425899	1	0
18428071	0	1
18428141	1	0
18428265	0	1
18430290	0	1
18434369	0	1
18435130	0	1
18435826	0	1
18437839	1	0
18439314	0	1
18441667	1	0
18442743	0	1
18443077	0	1
18445741	0	1
18450545	0	1
18453016	1	0
18455261	1	0
18455440	0	1
18456522	1	0
18457167	1	0
18457409	0	1
18457861	1	0
18460243	1	0
18461220	0	1
18462878	1	0
18462945	1	0
18464197	1	0
18465197	1	0
18465323	0	1
18466113	0	1
18466487	1	0
18470051	0	1
18470559	0	1
18470938	1	0
18470941	0	1
18472046	1	0
18474031	1	0
18474943	1	0
18479431	1	0
18479709	1	0
18481840	0	1
18482352	1	0
18483742	0	1
18484577	1	0
18485522	1	0
18486256	1	0
18488385	0	1
18493034	0	1
18493593	0	1
18493989	1	0
18494767	1	0
18495657	1	0
18496395	0	1
18498970	0	1
18499129	1	0
18499161	0	1
18499724	0	1
18501114	1	0
18501355	0	1
18501494	0	1
18502230	1	0
18503839	1	0
18504784	0	1
18505679	0	1
18508611	0	1
18509802	1	0
18511245	1	0
18513765	1	0
18515216	0	1
18516520	0	1
18517178	1	0
18520821	0	1
18521390	1	0
18521900	1	0
18522553	0	1
18523166	1	0
18523584	0	1
18527565	1	0
18528204	1	0
18528729	0	1
18528743	0	1
18529301	0	1
18531844	0	1
18534829	1	0
18535969	0	1
18536311	1	0
18538819	0	1
18539503	1	0
18539694	1	0
18540362	1	0
18540717	1	0
18541444	0	1
18548622	0	1
18548674	0	1
18549920	1	0
18550700	0	1
18550825	1	0
18551634	1	0
18552687	1	0
18553166	0	1
18553965	0	1
18554408	1	0
18556622	0	1
18558274	1	0
18558940	1	0
18559796	1	0
18563827	0	1
18565633	0	1
18566802	0	1
18566911	0	1
18567543	0	1
18568980	1	0
18570770	1	0
18571790	1	0
18572742	0	1
18573166	0	1
18578243	0	1
18579812	1	0
18583086	0	1
18585322	1	0
18587052	0	1
18588779	0	1
18592188	0	1
18592604	1	0
18593076	1	0
18594090	1	0
18595354	0	1
18595753	0	1
18595825	1	0
18597860	1	0
18598179	0	1
18598753	0	1
18600894	0	1
18605014	0	1
18607247	1	0
18607474	0	1
18607551	1	0
18608606	0	1
18609304	1	0
18613736	0	1
18614833	0	1
18616233	0	1
18622047	0	1
18627145	0	1
18627740	1	0
18627811	1	0
18634387	1	0
18635730	1	0
18637476	0	1
18637772	0	1
18642786	1	0
18643623	1	0
18645363	1	0
18649460	0	1
18649905	0	1
18651043	1	0
18652927	0	1
18653040	0	1
18653191	0	1
18654796	1	0
18655144	1	0
18655297	0	1
18658603	0	1
18660642	1	0
18662375	0	1
18663084	1	0
18663891	1	0
18664061	0	1
18665034	1	0
18665722	0	1
18667700	0	1
18668233	0	1
18668303	1	0
18669535	1	0
18670268	1	0
18671901	0	1
18672131	1	0
18672390	0	1
18673943	0	1
18674542	0	1
18676139	1	0
18678291	1	0
18678345	0	1
18679517	0	1
18680467	1	0
18680684	0	1
18684243	1	0
18686886	1	0
18687394	0	1
18687491	1	0
18689976	0	1
18690242	0	1
18691910	1	0
18695321	1	0
18697875	0	1
18698856	1	0
18700409	1	0
18701088	1	0
18702539	0	1
18704462	0	1
18706007	0	1
18706088	0	1
18709489	0	1
18712856	0	1
18717298	0	1
18717954	0	1
18719122	1	0
18719143	0	1
18719155	0	1
18720967	0	1
18721501	0	1
18722498	0	1
18724629	0	1
18727759	1	0
18728820	0	1
18729952	1	0
18730813	0	1
18732399	0	1
18732693	1	0
18735561	0	1
18735661	0	1
18735934	1	0
18737324	1	0
18737484	1	0
18737675	1	0
18738754	0	1
18740551	0	1
18743223	0	1
18744030	1	0
18748262	0	1
18749220	0	1
18753556	1	0
18754309	0	1
18755778	1	0
18756411	1	0
18760368	1	0
18761208	1	0
18761977	0	1
18762705	1	0
18763873	1	0
18763880	1	0
18763987	1	0
18764204	1	0
18767689	1	0
18768984	0	1
18770716	0	1
18773720	1	0
18774752	1	0
18776772	0	1
18777165	0	1
18777358	1	0
18778219	1	0
18778885	0	1
18780034	0	1
18780420	0	1
18780867	0	1
18782531	1	0
18785639	1	0
18787749	0	1
18788080	1	0
18790265	0	1
18793186	1	0
18793535	0	1
18799004	1	0
18800868	1	0
18801437	1	0
18803008	1	0
18803887	0	1
18804343	1	0
18805852	0	1
18808097	1	0
18809654	0	1
18810002	1	0
18812272	1	0
18814436	0	1
18816653	0	1
18817301	1	0
18817953	1	0
18819150	0	1
18819253	0	1
18820116	0	1
18820699	0	1
18821353	1	0
18821766	1	0
18824039	1	0
18826903	0	1
18827727	0	1
18828328	0	1
18828810	1	0
18829621	0	1
18830854	1	0
18831049	0	1
18831720	1	0
18832488	1	0
18835737	0	1
18839233	1	0
18842146	1	0
18843055	1	0
18844375	1	0
18845246	0	1
18847291	1	0
18847303	0	1
18849226	0	1
18849912	0	1
18850184	1	0
18851377	1	0
18853243	0	1
18853353	0	1
18855525	1	0
18855722	1	0
18856453	0	1
18857135	1	0
18859086	0	1
18859552	1	0
18860598	1	0
18860732	0	1
18861337	0	1
18862152	0	1
18864007	1	0
18865944	0	1
18866138	0	1
18866229	0	1
18866777	0	1
18867034	1	0
18868440	0	1
18871459	0	1
18871617	0	1
18872806	1	0
18873458	1	0
18873954	1	0
18874236	0	1
18874482	1	0
18875207	0	1
18877465	1	0
18877803	1	0
18878324	0	1
18880918	0	1
18881352	1	0
18881737	0	1
18882434	0	1
18883623	0	1
18884549	0	1
18888957	1	0
18889073	0	1
18889619	1	0
18889813	0	1
18892005	0	1
18892361	1	0
18892862	0	1
18893054	0	1
18894156	1	0
18897813	1	0
18901065	1	0
18901308	1	0
18902139	1	0
18902828	0	1
18904106	0	1
18906304	1	0
18909399	0	1
18909764	1	0
18912864	0	1
18914405	0	1
18915006	0	1
18915847	1	0
18916141	0	1
18918755	0	1
18920720	0	1
18921151	0	1
18921442	1	0
18924313	1	0
18924386	0	1
18924387	1	0
18926568	1	0
18927412	0	1
18930086	0	1
18930894	1	0
18930957	0	1
18931128	0	1
18931626	0	1
18932712	1	0
18933119	1	0
18933948	0	1
18934151	1	0
18934469	0	1
18935406	0	1
18936667	0	1
18937245	0	1
18940871	0	1
18943037	1	0
18943117	1	0
18943890	0	1
18945297	0	1
18945431	0	1
18946632	0	1
18946988	1	0
18947082	1	0
18948198	1	0
18949208	0	1
18952261	1	0
18952789	0	1
18954918	1	0
18955530	0	1
18957350	1	0
18959133	1	0
18960707	0	1
18961428	0	1
18963036	0	1
18964469	1	0
18965279	1	0
18967463	1	0
18967775	0	1
18969421	1	0
18971181	0	1
18974241	0	1
18975593	0	1
18977060	1	0
18977996	0	1
18980278	0	1
18980487	1	0
18980996	1	0
18981804	1	0
18982478	1	0
18982972	1	0
18983064	1	0
18984507	0	1
18987070	0	1
18989653	1	0
18990008	1	0
18990224	0	1
18992568	1	0
18992585	1	0
18995612	1	0
18995717	1	0
18996127	0	1
18996688	0	1
18996871	1	0
18997688	1	0
19000092	1	0
19006877	1	0
19007300	1	0
19007724	1	0
19008232	1	0
19008515	1	0
19010971	0	1
19012718	0	1
19013262	1	0
19017018	1	0
19017637	0	1
19019422	1	0
19019624	1	0
19020483	0	1
19022143	1	0
19023091	0	1
19024164	1	0
19025332	0	1
19026942	1	0
19028326	0	1
19028971	1	0
19029158	0	1
19029376	1	0
19030740	1	0
19033950	1	0
19034472	0	1
19034525	1	0
19034563	1	0
19036008	0	1
19040526	0	1
19046511	0	1
19049838	0	1
19051245	1	0
19053254	0	1
19053911	1	0
19057562	1	0
19059471	1	0
19064816	0	1
19065495	0	1
19066114	1	0
19069463	1	0
19069854	0	1
19072865	1	0
19072898	1	0
19073057	1	0
19074109	1	0
19074860	1	0
19076182	0	1
19076678	0	1
19078343	1	0
19079091	0	1
19080139	1	0
19081068	1	0
19081133	1	0
19082489	1	0
19084185	1	0
19085839	0	1
19086582	0	1
19089842	0	1
19090654	1	0
19092091	0	1
19092159	1	0
19092231	1	0
19092304	1	0
19093247	0	1
19093363	0	1
19094953	0	1
19095499	0	1
19095661	0	1
19095925	0	1
19096113	0	1
19099405	1	0
19101321	0	1
19101985	0	1
19104813	0	1
19104841	0	1
19106562	1	0
19107059	1	0
19109026	1	0
19109356	0	1
19111649	1	0
19111831	0	1
19112151	1	0
19114087	1	0
19115172	0	1
19115847	1	0
19116968	0	1
19117344	1	0
19118092	0	1
19118129	1	0
19119384	0	1
19120312	1	0
19121572	1	0
19121790	0	1
19124701	0	1
19125156	1	0
19128098	1	0
19128641	0	1
19130145	1	0
19130403	1	0
19130636	1	0
19132115	0	1
19132455	1	0
19134471	1	0
19134731	0	1
19139597	0	1
19140000	1	0
19140163	0	1
19140282	1	0
19142129	1	0
19143202	0	1
19143290	1	0
19145181	0	1
19148289	1	0
19149095	0	1
19152640	1	0
19153517	0	1
19157148	0	1
19158126	1	0
19159958	1	0
19160522	1	0
19160591	0	1
19161520	1	0
19165065	1	0
19166826	0	1
19167778	0	1
19167869	1	0
19168723	1	0
19169866	1	0
19172595	1	0
19181384	0	1
19181457	0	1
19181512	0	1
19183384	1	0
19188034	1	0
19188348	1	0
19189021	0	1
19189592	0	1
19191133	0	1
19191788	1	0
19196758	0	1
19197626	1	0
19198800	0	1
19202227	0	1
19202372	1	0
19204870	1	0
19205311	0	1
19209021	0	1
19212700	1	0
19213171	0	1
19216367	1	0
19217435	0	1
19218371	0	1
19219575	0	1
19221558	0	1
19222729	1	0
19223421	0	1
19224012	1	0
19226836	0	1
19227786	1	0
19230141	0	1
19231419	1	0
19234458	0	1
19235992	0	1
19236182	0	1
19237142	0	1
19237477	0	1
19238778	0	1
19239686	1	0
19240719	1	0
19241378	1	0
19242631	0	1
19246315	1	0
19247370	0	1
19247908	1	0
19247917	1	0
19248133	1	0
19248216	1	0
19248285	0	1
19251208	1	0
19251847	0	1
19251963	1	0
19252005	0	1
19253071	1	0
19254219	0	1
19255504	0	1
19256219	1	0
19258025	0	1
19262021	0	1
19262851	0	1
19263091	0	1
19263159	1	0
19263863	1	0
19268316	0	1
19269570	1	0
19269790	0	1
19270029	0	1
19271464	1	0
19272599	1	0
19274824	1	0
19274951	0	1
19275606	1	0
19278271	1	0
19279595	1	0
19279690	1	0
19284728	1	0
19285670	0	1
19285976	1	0
19287613	0	1
19288921	0	1
19290802	0	1
19291278	1	0
19292950	0	1
19294413	0	1
19296997	1	0
19297223	1	0
19297489	1	0
19297902	0	1
19299092	1	0
19299161	0	1
19301515	0	1
19304334	0	1
19306004	0	1
19306590	0	1
19306737	1	0
19306754	0	1
19308619	0	1
19310037	0	1
19314052	1	0
19317855	1	0
19317971	1	0
19322429	0	1
19323355	0	1
19323455	1	0
19327807	1	0
19328366	1	0
19328574	0	1
19330664	0	1
19330977	0	1
19331775	0	1
19332821	0	1
19333336	1	0
19334059	1	0
19336089	1	0
19336886	1	0
19337563	0	1
19339710	0	1
19343271	0	1
19344355	0	1
19344662	1	0
19345005	1	0
19346561	1	0
19347244	1	0
19349526	1	0
19352530	1	0
19353161	0	1
19353622	1	0
19357694	1	0
19359848	0	1
19360077	0	1
19363086	1	0
19366462	0	1
19366752	0	1
19368919	1	0
19370918	0	1
19372021	0	1
19373050	1	0
19373682	0	1
19377118	0	1
19377372	1	0
19377759	0	1
19378099	1	0
19380646	0	1
19381163	1	0
19382916	0	1
19383321	1	0
19383599	0	1
19387613	1	0
19392074	0	1
19392120	1	0
19393395	0	1
19395603	0	1
19395785	1	0
19395944	0	1
19396115	1	0
19397151	0	1
19397241	1	0
19397282	1	0
19397986	1	0
19398038	1	0
19401197	0	1
19402543	0	1
19403880	1	0
19404203	1	0
19407723	1	0
19408401	1	0
19411218	0	1
19415198	0	1
19415307	0	1
19417627	1	0
19417629	1	0
19418188	1	0
19418590	0	1
19419600	0	1
19419708	1	0
19419769	0	1
19422778	0	1
19424708	1	0
19426390	1	0
19428350	1	0
19428547	1	0
19429847	0	1
19432326	1	0
19432402	0	1
19434538	0	1
19436680	1	0
19439598	1	0
19440261	0	1
19442140	0	1
19443951	0	1
19444614	1	0
19448661	0	1
19448716	0	1
19448999	1	0
19449606	1	0
19451717	0	1
19453098	0	1
19454042	0	1
19459570	0	1
19459760	0	1
19460474	0	1
19461991	1	0
19462627	0	1
19462936	1	0
19463706	0	1
19465762	1	0
19466247	1	0
19467063	0	1
19467785	0	1
19468108	0	1
19469630	1	0
19470412	0	1
19471583	1	0
19471741	1	0
19474502	1	0
19477111	1	0
19477627	1	0
19478093	1	0
19478316	0	1
19480241	0	1
19482263	1	0
19482909	0	1
19485014	0	1
19485997	0	1
19489704	0	1
19490993	0	1
19491164	1	0
19491175	0	1
19491810	0	1
19494078	0	1
19494499	0	1
19494739	0	1
19496132	0	1
19496490	1	0
19496969	0	1
19497011	1	0
19498783	0	1
19499373	1	0
19500554	0	1
19502738	0	1
19504647	1	0
19504718	1	0
19505205	1	0
19507442	0	1
19507528	1	0
19511865	1	0
19511923	0	1
19512528	1	0
19513890	1	0
19515104	1	0
19516457	1	0
19516691	0	1
19517634	0	1
19517858	1	0
19517902	0	1
19519740	0	1
19520404	0	1
19521498	0	1
19521594	0	1
19524033	0	1
19524728	1	0
19524950	0	1
19525220	0	1
19526659	0	1
19528067	0	1
19528148	1	0
19528889	1	0
19529686	0	1
19530245	1	0
19531875	1	0
19533159	0	1
19538848	0	1
19538901	1	0
19541223	1	0
19543002	1	0
19548293	0	1
19548995	0	1
19550275	0	1
19553760	0	1
19555749	0	1
19557131	0	1
19557317	0	1
19559085	0	1
19567111	1	0
19567145	0	1
19569516	0	1
19570435	0	1
19574088	0	1
19574295	1	0
19575699	0	1
19576013	0	1
19577222	1	0
19578129	1	0
19580845	1	0
19587034	0	1
19589554	1	0
19590395	0	1
19592853	0	1
19593087	0	1
19593112	1	0
19594420	1	0
19595157	0	1
19597669	1	0
19599498	0	1
19599770	1	0
19600789	1	0
19602048	1	0
19602642	1	0
19603257	1	0
19603836	0	1
19605671	1	0
19606160	1	0
19607038	1	0
19608193	1	0
19609212	1	0
19612653	0	1
19614423	1	0
19614782	1	0
19615154	1	0
19615602	1	0
19617042	1	0
19619584	0	1
19621089	0	1
19625760	1	0
19625894	1	0
19626663	0	1
19628114	0	1
19628636	0	1
19629362	1	0
19629570	0	1
19638288	1	0
19638547	0	1
19639350	1	0
19639912	0	1
19642494	1	0
19643468	0	1
19649154	0	1
19652861	0	1
19653554	0	1
19654774	0	1
19654776	1	0
19655027	1	0
19655443	0	1
19655850	0	1
19656457	0	1
19656729	1	0
19657971	1	0
19658787	1	0
19662722	1	0
19662988	1	0
19664551	1	0
19666786	0	1
19667243	1	0
19669613	1	0
19671256	1	0
19671724	0	1
19672674	1	0
19673476	1	0
19674164	1	0
19675378	0	1
19675458	1	0
19675977	1	0
19676333	0	1
19677206	1	0
19678770	0	1
19678874	0	1
19679264	0	1
19679355	1	0
19679606	0	1
19679781	0	1
19679827	1	0
19679920	0	1
19681426	1	0
19681785	0	1
19682654	0	1
19683599	1	0
19683626	1	0
19684019	0	1
19692177	0	1
19695419	1	0
19695994	0	1
19697078	0	1
19697103	1	0
19703833	0	1
19703931	1	0
19704544	0	1
19704670	0	1
19708733	0	1
19709832	1	0
19710986	1	0
19711213	0	1
19711370	1	0
19712053	1	0
19712525	0	1
19715164	0	1
19715317	1	0
19715344	0	1
19715623	0	1
19716389	0	1
19717600	1	0
19718800	1	0
19720027	0	1
19722382	0	1
19722543	0	1
19722714	0	1
19722885	1	0
19723233	1	0
19724714	0	1
19725118	1	0
19725563	1	0
19725984	0	1
19726207	0	1
19728455	0	1
19729218	0	1
19734413	0	1
19734512	0	1
19734811	0	1
19735009	1	0
19735288	1	0
19735714	0	1
19736120	1	0
19738602	0	1
19739783	0	1
19744648	0	1
19744828	0	1
19746186	1	0
19747258	1	0
19747398	1	0
19748182	1	0
19749144	1	0
19749167	1	0
19752925	1	0
19753266	0	1
19753317	1	0
19754147	0	1
19755479	0	1
19757800	0	1
19759395	0	1
19760737	0	1
19762340	0	1
19763246	0	1
19763446	1	0
19763716	1	0
19764298	1	0
19765822	1	0
19769313	0	1
19770649	0	1
19771931	0	1
19775481	1	0
19779046	0	1
19779277	0	1
19779470	1	0
19780217	1	0
19781238	0	1
19784012	1	0
19784976	0	1
19785569	0	1
19785768	0	1
19789604	0	1
19790272	0	1
19791921	1	0
19792530	0	1
19792889	0	1
19794557	0	1
19796149	0	1
19798496	1	0
19798814	1	0
19799164	0	1
19800528	1	0
19800755	0	1
19801510	1	0
19802989	1	0
19805194	0	1
19807035	0	1
19807074	0	1
19809743	0	1
19810102	0	1
19810215	1	0
19810599	1	0
19810748	1	0
19811125	0	1
19811263	1	0
19812635	1	0
19813278	1	0
19813591	0	1
19814559	0	1
19814854	0	1
19816811	1	0
19817354	1	0
19817552	0	1
19819625	0	1
19819952	0	1
19821568	0	1
19823739	0	1
19824600	0	1
19826844	1	0
19827697	0	1
19828467	1	0
19829637	0	1
19829678	0	1
19829727	1	0
19830390	1	0
19833266	0	1
19834050	1	0
19835606	1	0
19837958	1	0
19839781	0	1
19840139	1	0
19842447	1	0
19842575	0	1
19847558	1	0
19849923	0	1
19851907	0	1
19853343	0	1
19853368	0	1
19857025	0	1
19858470	1	0
19860121	0	1
19860145	1	0
19860403	1	0
19860581	1	0
19862925	1	0
19863893	0	1
19864189	1	0
19865440	0	1
19865868	1	0
19866054	0	1
19867729	1	0
19870805	1	0
19872375	0	1
19872641	1	0
19876957	0	1
19880869	0	1
19882008	1	0
19883008	1	0
19883070	0	1
19884051	0	1
19885567	1	0
19886652	1	0
19887681	0	1
19889176	1	0
19889868	0	1
19890201	0	1
19890254	1	0
19891436	0	1
19892094	0	1
19892424	0	1
19892806	0	1
19893750	0	1
19895125	0	1
19899763	0	1
19901269	1	0
19901703	0	1
19902583	1	0
19903536	0	1
19903733	1	0
19905270	1	0
19906413	1	0
19907757	1	0
19908343	0	1
19909749	0	1
19910086	1	0
19910742	0	1
19911331	1	0
19913221	1	0
19913935	1	0
19914401	0	1
19914673	1	0
19917310	0	1
19924082	1	0
19924285	0	1
19924787	0	1
19926948	0	1
19931119	0	1
19933019	0	1
19936499	0	1
19936624	1	0
19939312	1	0
19944822	0	1
19945862	1	0
19948379	0	1
19949021	1	0
19950542	1	0
19951342	1	0
19952630	1	0
19952759	0	1
19955875	1	0
19955896	1	0
19956976	0	1
19957120	1	0
19961614	0	1
19962536	1	0
19968122	0	1
19969291	1	0
19970213	0	1
19970883	0	1
19973535	1	0
19974083	1	0
19975823	1	0
19975978	1	0
19977914	1	0
19979645	1	0
19981585	0	1
19985497	1	0
19985658	0	1
19985954	0	1
19986063	0	1
19986663	1	0
19987509	1	0
19988493	1	0
19989012	1	0
19992208	1	0
19993571	0	1
19995482	1	0
19996155	0	1
20001329	0	1
20001701	0	1
20005474	0	1
20006989	0	1
20008003	0	1
20008809	0	1
20009349	1	0
20010754	0	1
20010903	0	1
20011293	0	1
20014834	1	0
20015142	0	1
20017409	0	1
20017983	0	1
20019737	1	0
20019761	0	1
20021333	1	0
20021969	1	0
20024008	1	0
20025024	0	1
20028311	1	0
20028449	1	0
20029436	0	1
20030218	0	1
20032356	1	0
20034020	0	1
20035196	1	0
20036970	1	0
20038092	0	1
20039183	1	0
20040256	1	0
20044134	0	1
20044685	0	1
20045590	0	1
20045815	1	0
20045838	1	0
20046863	1	0
20048774	1	0
20052324	1	0
20052697	1	0
20054455	1	0
20056098	0	1
20057013	0	1
20057487	1	0
20060747	0	1
20064351	0	1
20064444	1	0
20065581	0	1
20068412	1	0
20073344	0	1
20078419	1	0
20079055	0	1
20082371	1	0
20082632	1	0
20082878	0	1
20083478	1	0
20083614	1	0
20089883	1	0
20091401	0	1
20092448	1	0
20095988	1	0
20103960	0	1
20106184	0	1
20106328	0	1
20106441	0	1
20107154	0	1
20108233	1	0
20109699	1	0
20111806	1	0
20113225	1	0
20113763	1	0
20115826	1	0
20116165	0	1
20116558	1	0
20117133	0	1
20117920	1	0
20118767	1	0
20121951	1	0
20121980	0	1
20124789	0	1
20126188	0	1
20126925	0	1
20127315	0	1
20129965	1	0
20135185	0	1
20135621	0	1
20139942	0	1
20140436	0	1
20141884	1	0
20144045	1	0
20144735	1	0
20150030	0	1
20150590	0	1
20150745	1	0
20150974	1	0
20151089	1	0
20152367	0	1
20153600	0	1
20154168	0	1
20154823	1	0
20156031	0	1
20156979	1	0
20158673	0	1
20159789	0	1
20161726	1	0
20164421	0	1
20164804	0	1
20165034	1	0
20165535	0	1
20166193	0	1
20166499	1	0
20167625	0	1
20168921	0	1
20169618	1	0
20170402	0	1
20170419	1	0
20171028	0	1
20171390	0	1
20171394	1	0
20173811	1	0
20174994	0	1
20177561	0	1
20178718	0	1
20178722	1	0
20179827	0	1
20182673	1	0
20182711	1	0
20183077	0	1
20183186	1	0
20183655	1	0
20186172	1	0
20186563	0	1
20187660	0	1
20188281	0	1
20190817	1	0
20191786	1	0
20192012	0	1
20192148	1	0
20192232	1	0
20192623	1	0
20192764	1	0
20193413	0	1
20194838	1	0
20195131	0	1
20196958	0	1
20200990	1	0
20202994	1	0
20205554	0	1
20206700	0	1
20206760	0	1
20207758	0	1
20208982	1	0
20211163	1	0
20212193	1	0
20213915	0	1
20216166	1	0
20217309	1	0
20218418	0	1
20221435	0	1
20222502	0	1
20222540	1	0
20223084	0	1
20224932	0	1
20227606	0	1
20229557	1	0
20231316	0	1
20231837	1	0
20233744	1	0
20234235	1	0
20235223	1	0
20237470	0	1
20239564	0	1
20239866	1	0
20241283	1	0
20243522	1	0
20244221	1	0
20244987	1	0
20248653	1	0
20248994	1	0
20249727	1	0
20251086	1	0
20251636	0	1
20252240	1	0
20252445	0	1
20253131	1	0
20253224	1	0
20255977	0	1
20256028	0	1
20256489	1	0
20259888	0	1
20261838	0	1
20265552	0	1
20265627	0	1
20266671	1	0
20267039	0	1
20268764	0	1
20273471	0	1
20275359	1	0
20275529	0	1
20276785	0	1
20277159	0	1
20278825	1	0
20281321	0	1
20281469	1	0
20281876	1	0
20282397	0	1
20285137	0	1
20287737	1	0
20287829	0	1
20288670	0	1
20289264	0	1
20289757	1	0
20290924	0	1
20291850	0	1
20291916	1	0
20298804	0	1
20300935	1	0
20301803	0	1
20304419	1	0
20312310	0	1
20314928	0	1
20315529	0	1
20316162	0	1
20320201	1	0
20321284	0	1
20321461	1	0
20321714	0	1
20322542	0	1
20324232	0	1
20325213	1	0
20327229	0	1
20329045	1	0
20329531	0	1
20329738	0	1
20329907	0	1
20330678	0	1
20330929	1	0
20331279	1	0
20335963	1	0
20336687	1	0
20336768	1	0
20337730	0	1
20338096	1	0
20338424	0	1
20344782	0	1
20346258	1	0
20346398	0	1
20348099	0	1
20349052	0	1
20349501	0	1
20351012	1	0
20351404	0	1
20354398	0	1
20357717	1	0
20358435	0	1
20359392	0	1
20360786	1	0
20364255	1	0
20367418	0	1
20367952	1	0
20370125	1	0
20370306	0	1
20373553	1	0
20374735	0	1
20375412	0	1
20375963	0	1
20378261	1	0
20378409	1	0
20381304	1	0
20381329	0	1
20381363	1	0
20384209	1	0
20384508	1	0
20385308	0	1
20385936	0	1
20386274	1	0
20389979	1	0
20391794	1	0
20392162	0	1
20392167	0	1
20392945	0	1
20393898	0	1
20395836	0	1
20396415	0	1
20396686	0	1
20398098	1	0
20398993	0	1
20401119	1	0
20403232	1	0
20406372	1	0
20406418	0	1
20408316	1	0
20411401	1	0
20411840	1	0
20412772	0	1
20412814	1	0
20413394	1	0
20414303	0	1
20416751	0	1
20423053	0	1
20425696	0	1
20426640	0	1
20426711	1	0
20427901	1	0
20428690	1	0
20429179	1	0
20429312	1	0
20429418	0	1
20430579	0	1
20431904	0	1
20432479	0	1
20434938	0	1
20435080	1	0
20439270	1	0
20439677	1	0
20440379	1	0
20441474	1	0
20441486	0	1
20441708	1	0
20442631	0	1
20443253	0	1
20444423	0	1
20447653	0	1
20450023	0	1
20451564	0	1
20451799	1	0
20452458	1	0
20453351	0	1
20454493	0	1
20456413	1	0
20456975	1	0
20458082	0	1
20459602	1	0
20460944	0	1
20461996	0	1
20466750	0	1
20468565	1	0
20469888	0	1
20472028	0	1
20472158	0	1
20472472	0	1
20472745	1	0
20473278	0	1
20474111	1	0
20474264	1	0
20474847	0	1
20475186	0	1
20477318	1	0
20477443	0	1
20478249	0	1
20479682	1	0
20482650	1	0
20483623	0	1
20484811	1	0
20487495	1	0
20488639	1	0
20488878	0	1
20490309	0	1
20492232	1	0
20493696	1	0
20494994	1	0
20495215	1	0
20496114	1	0
20496971	0	1
20497372	1	0
20498489	1	0
20498701	1	0
20499733	0	1
20500884	0	1
20503301	1	0
20505554	0	1
20505647	0	1
20507183	1	0
20507772	1	0
20507922	0	1
20508102	1	0
20508136	1	0
20508197	1	0
20512401	1	0
20513758	1	0
20514714	0	1
20520285	0	1
20521731	0	1
20522523	1	0
20525862	0	1
20527212	1	0
20529032	1	0
20529770	0	1
20531049	0	1
20532713	0	1
20533957	0	1
20534746	0	1
20534777	0	1
20535567	1	0
20536734	1	0
20537292	0	1
20538109	1	0
20538751	0	1
20543887	1	0
20544153	1	0
20545119	1	0
20546297	0	1
20552410	0	1
20557282	1	0
20557900	1	0
20557977	1	0
20559138	1	0
20559504	0	1
20560266	1	0
20563231	1	0
20564656	1	0
20567216	1	0
20567441	0	1
20570826	0	1
20571162	0	1
20572364	1	0
20572381	1	0
20573736	1	0
20574255	0	1
20575053	1	0
20575695	0	1
20577252	1	0
20578934	0	1
20584403	1	0
20584881	0	1
20586683	1	0
20592310	0	1
20593626	0	1
20594531	1	0
20596029	1	0
20596250	1	0
20596449	0	1
20596802	0	1
20599179	0	1
20600506	1	0
20600650	0	1
20601422	1	0
20602170	1	0
20604001	0	1
20604635	1	0
20604860	1	0
20606327	0	1
20610214	1	0
20613427	0	1
20613730	1	0
20614760	1	0
20616029	0	1
20616890	0	1
20616951	1	0
20617903	1	0
20618736	1	0
20621603	1	0
20624599	1	0
20627659	0	1
20627831	1	0
20628103	0	1
20628480	1	0
20629490	0	1
20630258	0	1
20633330	1	0
20635097	1	0
20637005	0	1
20639180	0	1
20640543	0	1
20642769	0	1
20644069	0	1
20645591	0	1
20646858	0	1
20647545	0	1
20647846	0	1
20647897	1	0
20648116	1	0
20649331	1	0
20649382	0	1
20649567	0	1
20653254	0	1
20655932	1	0
20656591	0	1
20656596	0	1
20658586	1	0
20659384	0	1
20660426	1	0
20661117	1	0
20661873	1	0
20662293	0	1
20663279	1	0
20663358	0	1
20663730	0	1
20663957	1	0
20664598	1	0
20667898	1	0
20667994	0	1
20668938	1	0
20671394	0	1
20673963	0	1
20674926	1	0
20675025	1	0
20675252	1	0
20675384	0	1
20676889	1	0
20678252	1	0
20678400	1	0
20681363	0	1
20682256	0	1
20683039	0	1
20684479	0	1
20689692	1	0
20690203	1	0
20692391	1	0
20692769	1	0
20692945	0	1
20698170	0	1
20700578	1	0
20700630	1	0
20701431	0	1
20704253	1	0
20704760	1	0
20707995	0	1
20710736	0	1
20711483	1	0
20711915	0	1
20714511	0	1
20715100	1	0
20716273	1	0
20719023	0	1
20719059	1	0
20721352	0	1
20721772	0	1
20721971	1	0
20723317	0	1
20723780	1	0
20728606	1	0
20730062	1	0
20731726	1	0
20732238	1	0
20732967	1	0
20734708	1	0
20738744	0	1
20739542	1	0
20739650	0	1
20740400	0	1
20740493	1	0
20743622	1	0
20753977	0	1
20754461	0	1
20755260	1	0
20755601	0	1
20756020	1	0
20756073	0	1
20756854	0	1
20756879	1	0
20759398	0	1
20760392	0	1
20761369	1	0
20768184	1	0
20771161	1	0
20771478	1	0
20771791	0	1
20772824	1	0
20774139	0	1
20776936	0	1
20777262	1	0
20777315	0	1
20777365	0	1
20778312	1	0
20778411	1	0
20778701	0	1
20778726	1	0
20779309	0	1
20781191	1	0
20783671	1	0
20784682	0	1
20786093	1	0
20787083	1	0
20788332	1	0
20789962	0	1
20790330	1	0
20793846	0	1
20794511	1	0
20796350	1	0
20796434	1	0
20801006	0	1
20810876	0	1
20813078	1	0
20813538	0	1
20813545	0	1
20815433	0	1
20815865	1	0
20815882	0	1
20817933	0	1
20818906	0	1
20822433	0	1
20822872	0	1
20823145	0	1
20823563	0	1
20823622	0	1
20824422	0	1
20824764	1	0
20825561	1	0
20825773	1	0
20826044	0	1
20826432	0	1
20826445	1	0
20826506	1	0
20832612	0	1
20832638	0	1
20834535	0	1
20836205	0	1
20836901	0	1
20837171	0	1
20837760	0	1
20838016	1	0
20839274	1	0
20839348	0	1
20840142	1	0
20841902	1	0
20842294	1	0
20842538	0	1
20842933	1	0
20844978	0	1
20845098	0	1
20846126	0	1
20846307	1	0
20847467	1	0
20849872	1	0
20853084	0	1
20854072	1	0
20854577	0	1
20855963	1	0
20858895	0	1
20859559	1	0
20860679	0	1
20860688	1	0
20862793	0	1
20863774	1	0
20864784	1	0
20865329	1	0
20867280	1	0
20872200	1	0
20873856	1	0
20875977	1	0
20876137	1	0
20878507	1	0
20878524	0	1
20878996	1	0
20880972	0	1
20881629	0	1
20883061	1	0
20888712	1	0
20888727	1	0
20889717	1	0
20892647	0	1
20893141	1	0
20894530	1	0
20895652	1	0
20897366	1	0
20900547	0	1
20903397	1	0
20906959	0	1
20909129	1	0
20910138	1	0
20911156	0	1
20911801	1	0
20912165	0	1
20913676	1	0
20914287	0	1
20915372	1	0
20916609	0	1
20917368	1	0
20918357	0	1
20918999	0	1
20921552	0	1
20924561	0	1
20925639	0	1
20928806	1	0
20928893	1	0
20929027	1	0
20930098	1	0
20935745	0	1
20938558	1	0
20939844	0	1
20940607	1	0
20941511	1	0
20942200	0	1
20944988	0	1
20946712	1	0
20946764	0	1
20950063	0	1
20950383	0	1
20950723	0	1
20952479	1	0
20954856	1	0
20955183	0	1
20957883	0	1
20957981	1	0
20958825	1	0
20959465	1	0
20960160	1	0
20961570	0	1
20965538	0	1
20966700	1	0
20967067	0	1
20968058	1	0
20969321	1	0
20969917	0	1
20970473	0	1
20976798	1	0
20977325	1	0
20979064	1	0
20982525	1	0
20983605	1	0
20985048	0	1
20989451	0	1
20989521	1	0
20992963	0	1
20994922	1	0
20996444	0	1
20996469	0	1
20996994	0	1
20998189	1	0
20999419	1	0
21000947	1	0
21004221	0	1
21004483	0	1
21004673	0	1
21006109	0	1
21007447	1	0
21007671	1	0
21008706	1	0
21009664	0	1
21011675	1	0
21012633	0	1
21014162	1	0
21016988	1	0
21018146	1	0
21019099	1	0
21019641	1	0
21021129	1	0
21021491	0	1
21022042	0	1
21022585	0	1
21026547	1	0
21028411	1	0
21028998	0	1
21030788	0	1
21032114	1	0
21032314	0	1
21033593	0	1
21035672	0	1
21039285	0	1
21039338	0	1
21041276	1	0
21041556	0	1
21042710	1	0
21043938	1	0
21044045	1	0
21045886	0	1
21046715	0	1
21051617	0	1
21053708	0	1
21053871	1	0
21054194	1	0
21054419	1	0
21055305	1	0
21057642	0	1
21058736	1	0
21059551	1	0
21059964	1	0
21060100	0	1
21060288	0	1
21060834	0	1
21061209	1	0
21062021	0	1
21063232	1	0
21064302	0	1
21064361	1	0
21064707	1	0
21064930	1	0
21067769	1	0
21068975	0	1
21070767	1	0
21072651	0	1
21073357	0	1
21073622	1	0
21074243	1	0
21074681	1	0
21074722	1	0
21074836	1	0
21074988	0	1
21075105	1	0
21075734	1	0
21081039	0	1
21083132	1	0
21083164	0	1
21085132	1	0
21087128	0	1
21087899	1	0
21088239	0	1
21089176	0	1
21089656	0	1
21090619	1	0
21091162	0	1
21091303	1	0
21092835	1	0
21093804	0	1
21093853	1	0
21094020	1	0
21094173	1	0
21095072	1	0
21096276	0	1
21097511	0	1
21098653	0	1
21099206	1	0
21099233	0	1
21099337	1	0
21099417	1	0
21102859	0	1
21104381	0	1
21107158	1	0
21108554	1	0
21109828	1	0
21109901	0	1
21112369	1	0
21114370	1	0
21116621	1	0
21117087	1	0
21120368	1	0
21122346	0	1
21125162	0	1
21126964	1	0
21127235	1	0
21127377	1	0
21128607	1	0
21128656	0	1
21128803	1	0
21133948	0	1
21135268	0	1
21136571	1	0
21138503	1	0
21140400	1	0
21143715	1	0
21145989	1	0
21148989	1	0
21149314	1	0
21149331	1	0
21149560	0	1
21149785	1	0
21150981	1	0
21151094	1	0
21152279	0	1
21154800	0	1
21155131	1	0
21156134	0	1
21157476	0	1
21157833	0	1
21161689	1	0
21161805	0	1
21162008	1	0
21162119	0	1
21162299	0	1
21163672	1	0
21164950	0	1
21167222	0	1
21167838	1	0
21170324	0	1
21171353	1	0
21173293	0	1
21174064	0	1
21174069	1	0
21176415	1	0
21177651	1	0
21181043	0	1
21183002	0	1
21183240	0	1
21185393	1	0
21185950	1	0
21187103	1	0
21189532	0	1
21194025	0	1
21195820	0	1
21196063	0	1
21197450	0	1
21198760	0	1
21201943	1	0
21203793	1	0
21203996	0	1
21205337	1	0
21205500	1	0
21206304	0	1
21207534	1	0
21207596	0	1
21209655	1	0
21209789	0	1
21210792	1	0
21211234	1	0
21212938	0	1
21214391	1	0
21214657	1	0
21215799	0	1
21216205	0	1
21216428	0	1
21220026	0	1
21221643	1	0
21221736	0	1
21224073	1	0
21224127	1	0
21224827	0	1
21228132	1	0
21228467	1	0
21230004	1	0
21230759	0	1
21231594	0	1
21232304	0	1
21235792	1	0
21236549	0	1
21236630	0	1
21239543	1	0
21241522	1	0
21241947	0	1
21244426	0	1
21245644	1	0
21245698	0	1
21247034	0	1
21247195	0	1
21249986	1	0
21255911	0	1
21259280	0	1
21261264	1	0
21263163	1	0
21265352	1	0
21265386	0	1
21265901	0	1
21270452	0	1
21270977	1	0
21272523	1	0
21274924	0	1
21276156	1	0
21277460	0	1
21277778	0	1
21279884	0	1
21281465	0	1
21283089	0	1
21284207	1	0
21285192	0	1
21285729	1	0
21287889	1	0
21288111	0	1
21288787	1	0
21288961	1	0
21289719	0	1
21293383	0	1
21294015	1	0
21298372	1	0
21298989	0	1
21303034	0	1
21305196	1	0
21311655	0	1
21312030	1	0
21312534	1	0
21312753	0	1
21314543	1	0
21317573	1	0
21319265	0	1
21320502	1	0
21322161	0	1
21322671	1	0
21326926	1	0
21327946	0	1
21327993	0	1
21329718	1	0
21333519	0	1
21333590	1	0
21333894	1	0
21333958	1	0
21337119	0	1
21339159	1	0
21341031	0	1
21341909	0	1
21343301	1	0
21347010	0	1
21347835	0	1
21348124	0	1
21348194	0	1
21348441	1	0
21349020	1	0
21349265	0	1
21354718	1	0
21355930	1	0
21358275	0	1
21360643	0	1
21363664	1	0
21363726	0	1
21365160	0	1
21366863	0	1
21371082	1	0
21372101	0	1
21373439	1	0
21375647	0	1
21375806	1	0
21376456	1	0
21378002	1	0
21378199	0	1
21381243	1	0
21382599	0	1
21382961	0	1
21383600	0	1
21385069	1	0
21385132	1	0
21385240	0	1
21386986	0	1
21387521	1	0
21387800	1	0
21388233	1	0
21388422	1	0
21388689	0	1
21389725	1	0
21390010	1	0
21390481	1	0
21390582	1	0
21390736	1	0
21391346	1	0
21392212	0	1
21392215	0	1
21392239	0	1
21392272	0	1
21394213	1	0
21395207	1	0
21396756	0	1
21398272	0	1
21400075	1	0
21400330	0	1
21404931	0	1
21406254	0	1
21408628	0	1
21408914	1	0
21411004	0	1
21414333	0	1
21414522	0	1
21416017	0	1
21416581	0	1
21416986	0	1
21417187	0	1
21418917	0	1
21420044	1	0
21421434	1	0
21421542	1	0
21421576	0	1
21423537	0	1
21425123	0	1
21425491	1	0
21429167	1	0
21429353	1	0
21429883	0	1
21430390	0	1
21430697	1	0
21430854	1	0
21431085	0	1
21431535	0	1
21431576	0	1
21433651	0	1
21434789	1	0
21434917	1	0
21436423	0	1
21437893	0	1
21438296	1	0
21438365	1	0
21439432	1	0
21440316	0	1
21440793	1	0
21442509	1	0
21444346	1	0
21445213	0	1
21445902	0	1
21446975	0	1
21447785	0	1
21450757	0	1
21452037	1	0
21452464	1	0
21452578	1	0
21453147	0	1
21458072	1	0
21460579	1	0
21460670	0	1
21461103	1	0
21461986	0	1
21462559	0	1
21462631	0	1
21464462	1	0
21464985	0	1
21465589	0	1
21465861	1	0
21465888	1	0
21467997	1	0
21468585	0	1
21470503	0	1
21471254	1	0
21471645	1	0
21473430	1	0
21474882	0	1
21476547	1	0
21479115	0	1
21479386	0	1
21480034	1	0
21480050	1	0
21481883	0	1
21482389	0	1
21482797	1	0
21483625	0	1
21485131	1	0
21485296	1	0
21491867	0	1
21492599	0	1
21495108	1	0
21495390	1	0
21496465	1	0
21500121	0	1
21500837	1	0
21502066	1	0
21504842	0	1
21506935	0	1
21507762	1	0
21509156	1	0
21509343	0	1
21509498	0	1
21510507	0	1
21511178	1	0
21512580	0	1
21513227	0	1
21513304	1	0
21522884	0	1
21523035	0	1
21526004	1	0
21526625	0	1
21529816	0	1
21530386	0	1
21530457	1	0
21532080	1	0
21532777	1	0
21532885	1	0
21536256	1	0
21536443	1	0
21538369	0	1
21538528	0	1
21540200	1	0
21540664	0	1
21541476	1	0
21541530	0	1
21546242	1	0
21549840	1	0
21550607	0	1
21553132	0	1
21553661	1	0
21553782	1	0
21554586	0	1
21554989	0	1
21555195	0	1
21556509	1	0
21557294	1	0
21557963	1	0
21558724	0	1
21562912	1	0
21564392	1	0
21565628	0	1
21569647	0	1
21571081	1	0
21571335	1	0
21571459	1	0
21573914	0	1
21578150	0	1
21579054	0	1
21579274	0	1
21581027	0	1
21582722	0	1
21587083	0	1
21588649	1	0
21589120	1	0
21589238	0	1
21589599	0	1
21590209	1	0
21591608	1	0
21592201	1	0
21594361	1	0
21595601	1	0
21597873	1	0
21598227	0	1
21598722	1	0
21598756	1	0
21599422	1	0
21603185	1	0
21604783	0	1
21604803	0	1
21610213	0	1
21611808	0	1
21614933	0	1
21615779	1	0
21615906	0	1
21618299	1	0
21619016	1	0
21619268	0	1
21619846	0	1
21620501	1	0
21621059	0	1
21621407	1	0
21621936	0	1
21622535	0	1
21622631	1	0
21623713	0	1
21624261	1	0
21630038	0	1
21633306	1	0
21633318	0	1
21633555	0	1
21634003	1	0
21634021	0	1
21634161	1	0
21634642	1	0
21635051	0	1
21635681	1	0
21636609	1	0
21637368	1	0
21638107	0	1
21638285	1	0
21638300	1	0
21638862	1	0
21639953	0	1
21642525	0	1
21644264	0	1
21644604	0	1
21647520	0	1
21649441	1	0
21651536	1	0
21652086	1	0
21654927	1	0
21657866	1	0
21658234	0	1
21660780	1	0
21660847	0	1
21661495	0	1
21662493	1	0
21662656	1	0
21663175	0	1
21663670	0	1
21664506	0	1
21666336	0	1
21667493	0	1
21667685	1	0
21669506	0	1
21670356	0	1
21670547	1	0
21673175	0	1
21674850	1	0
21675488	0	1
21678402	1	0
21678598	0	1
21680326	0	1
21680384	1	0
21681746	1	0
21684395	1	0
21689283	0	1
21689729	1	0
21691018	0	1
21695597	0	1
21697027	1	0
21697041	1	0
21697288	1	0
21697948	1	0
21698768	1	0
21699754	1	0
21701095	0	1
21701598	1	0
21701801	1	0
21702101	0	1
21702371	1	0
21705950	0	1
21707368	0	1
21708196	1	0
21709576	1	0
21709752	0	1
21709795	1	0
21712073	0	1
21714069	1	0
21714682	1	0
21715049	0	1
21715291	1	0
21715715	1	0
21717833	0	1
21721515	1	0
21725493	1	0
21726307	1	0
21732438	0	1
21732706	1	0
21733468	0	1
21734175	0	1
21739199	1	0
21739964	1	0
21741176	0	1
21741812	0	1
21742386	1	0
21743816	0	1
21743846	0	1
21747552	0	1
21747625	0	1
21747886	1	0
21748535	0	1
21751870	1	0
21757839	0	1
21758705	1	0
21758983	0	1
21759360	1	0
21765063	1	0
21765611	1	0
21767305	1	0
21769020	0	1
21769185	0	1
21773483	0	1
21773487	1	0
21774909	0	1
21775179	0	1
21777380	1	0
21780057	0	1
21782936	1	0
21787651	0	1
21788235	1	0
21789314	0	1
21789438	0	1
21789774	1	0
21790597	1	0
21792938	0	1
21792952	0	1
21793338	1	0
21796000	1	0
21797609	0	1
21798157	1	0
21799562	0	1
21800031	0	1
21800121	1	0
21801110	1	0
21801308	0	1
21801374	1	0
21802033	0	1
21802738	0	1
21803370	1	0
21806706	0	1
21807545	1	0
21808461	0	1
21809470	1	0
21810698	0	1
21813594	0	1
21814737	0	1
21815473	0	1
21816228	0	1
21818802	1	0
21819531	0	1
21824516	0	1
21825187	1	0
21827890	0	1
21828347	1	0
21828614	1	0
21829793	1	0
21830237	1	0
21833037	1	0
21833907	0	1
21834947	1	0
21835369	0	1
21835684	1	0
21835906	1	0
21836162	0	1
21836229	1	0
21842813	0	1
21843902	1	0
21844857	0	1
21846294	0	1
21846912	0	1
21849524	0	1
21850398	0	1
21850950	0	1
21852414	0	1
21854700	1	0
21855758	0	1
21856640	0	1
21857178	0	1
21857262	0	1
21857945	0	1
21858168	1	0
21859392	1	0
21862260	0	1
21862949	1	0
21863792	1	0
21863872	1	0
21865174	1	0
21865474	1	0
21867557	0	1
21868109	0	1
21868219	0	1
21868532	1	0
21869035	0	1
21869355	1	0
21871031	1	0
21875404	1	0
21875926	1	0
21879038	1	0
21880775	1	0
21881041	0	1
21881847	0	1
21884019	1	0
21885720	0	1
21885932	1	0
21886066	1	0
21889766	1	0
21889816	1	0
21891094	1	0
21891922	1	0
21892162	0	1
21892806	0	1
21893224	0	1
21894126	1	0
21894177	0	1
21895103	1	0
21895479	0	1
21896101	0	1
21896854	0	1
21897988	0	1
21898056	0	1
21899275	1	0
21905538	1	0
21908575	0	1
21909017	0	1
21910306	1	0
21911992	0	1
21912475	1	0
21913176	1	0
21914182	0	1
21914289	0	1
21914685	0	1
21914720	1	0
21916750	1	0
21916783	0	1
21918793	1	0
21918992	1	0
21924976	0	1
21925534	0	1
21925853	1	0
21925999	0	1
21926720	0	1
21927091	0	1
21930405	1	0
21930442	1	0
21931101	0	1
21931601	1	0
21933117	0	1
21934102	1	0
21934383	1	0
21935769	1	0
21936099	1	0
21937131	0	1
21939801	0	1
21940170	1	0
21940796	0	1
21945207	1	0
21945335	0	1
21946021	1	0
21946653	1	0
21947451	1	0
21947926	0	1
21949655	0	1
21951034	0	1
21952443	1	0
21953848	1	0
21958757	1	0
21959458	0	1
21961193	0	1
21963632	1	0
21966628	0	1
21967633	0	1
21967780	0	1
21973040	0	1
21974701	1	0
21974799	0	1
21976311	0	1
21978047	0	1
21978945	1	0
21979593	1	0
21980389	1	0
21981559	1	0
21982002	1	0
21987244	0	1
21989652	1	0
21990305	1	0
21990949	0	1
21991859	0	1
21994274	1	0
21997543	0	1
21998088	1	0
21998405	0	1
22000172	0	1
22000702	0	1
22002751	0	1
22003647	0	1
22005080	0	1
22005853	0	1
22006605	0	1
22008200	0	1
22009436	0	1
22010110	0	1
22010600	1	0
22010826	0	1
22012319	0	1
22013401	0	1
22013518	1	0
22013580	1	0
22013589	1	0
22013865	1	0
22014015	0	1
22014571	0	1
22018628	0	1
22018966	0	1
22019864	1	0
22021281	1	0
22022983	1	0
22023127	0	1
22023233	0	1
22024109	0	1
22024121	0	1
22025568	1	0
22028412	0	1
22029607	0	1
22029838	1	0
22034456	1	0
22036311	1	0
22036675	1	0
22040632	1	0
22042017	0	1
22042808	0	1
22042822	1	0
22043947	1	0
22044764	1	0
22045186	1	0
22046770	0	1
22050310	1	0
22050586	1	0
22051172	0	1
22051469	1	0
22051790	0	1
22052315	1	0
22053471	0	1
22055765	1	0
22055788	0	1
22056118	0	1
22057021	0	1
22057569	0	1
22058939	0	1
22059178	0	1
22061421	1	0
22062376	0	1
22064311	0	1
22064504	0	1
22064845	1	0
22068715	0	1
22071347	0	1
22071542	1	0
22072498	0	1
22072535	1	0
22079142	1	0
22087922	1	0
22088647	0	1
22089508	1	0
22091409	1	0
22091637	1	0
22091825	0	1
22092451	1	0
22092922	0	1
22094957	1	0
22094988	0	1
22096637	0	1
22100788	0	1
22102870	1	0
22102927	1	0
22103943	0	1
22104458	1	0
22105335	0	1
22105882	1	0
22106683	1	0
22107140	1	0
22107466	0	1
22107609	0	1
22112411	1	0
22114289	0	1
22115845	1	0
22116035	0	1
22116325	1	0
22119293	1	0
22120512	1	0
22122489	1	0
22122645	0	1
22127544	1	0
22127561	1	0
22129876	0	1
22130977	0	1
22132113	0	1
22132551	0	1
22133660	1	0
22135186	0	1
22135924	0	1
22139400	0	1
22141414	0	1
22145076	1	0
22145876	0	1
22149608	0	1
22149961	1	0
22153177	0	1
22155228	0	1
22156406	0	1
22156989	1	0
22160086	0	1
22160291	1	0
22161416	0	1
22161488	1	0
22161565	1	0
22163467	1	0
22165346	1	0
22168205	0	1
22168444	0	1
22169209	0	1
22170034	0	1
22171000	1	0
22175341	0	1
22175492	0	1
22175811	0	1
22176484	1	0
22176541	1	0
22176962	0	1
22178725	0	1
22178841	0	1
22183170	1	0
22185254	0	1
22185313	1	0
22186600	0	1
22187262	1	0
22188814	0	1
22188838	1	0
22190532	0	1
22193078	1	0
22195465	0	1
22195662	1	0
22199915	0	1
22200076	1	0
22200884	1	0
22205452	0	1
22205759	1	0
22207243	0	1
22207246	0	1
22207658	1	0
22210009	1	0
22212560	0	1
22212840	0	1
22213086	1	0
22215549	1	0
22216367	1	0
22219151	0	1
22220281	0	1
22221095	1	0
22223119	1	0
22223425	0	1
22224528	1	0
22225477	1	0
22228648	0	1
22233180	0	1
22234833	1	0
22235155	1	0
22235899	1	0
22237893	0	1
22238648	1	0
22239414	0	1
22241365	1	0
22242602	0	1
22243806	1	0
22244491	0	1
22247037	1	0
22247711	1	0
22249989	0	1
22250656	1	0
22251379	0	1
22251959	1	0
22252226	1	0
22253047	1	0
22255894	0	1
22257287	1	0
22258134	1	0
22259960	1	0
22260194	1	0
22262356	0	1
22263381	1	0
22263472	1	0
22272312	0	1
22274621	1	0
22276417	0	1
22276716	1	0
22277053	1	0
22277470	0	1
22277754	1	0
22283435	1	0
22284001	1	0
22284421	1	0
22285061	1	0
22285598	0	1
22285666	1	0
22286647	1	0
22289272	1	0
22289311	0	1
22289654	0	1
22290477	1	0
22292026	1	0
22295914	1	0
22299278	0	1
22300261	0	1
22302246	1	0
22302644	0	1
22305266	0	1
22306431	1	0
22307373	0	1
22307604	1	0
22307742	1	0
22309376	1	0
22311088	1	0
22311416	1	0
22312038	1	0
22312827	0	1
22313552	1	0
22315965	0	1
22319567	1	0
22319596	0	1
22321992	1	0
22324081	1	0
22324372	1	0
22325586	1	0
22325969	1	0
22327082	1	0
22328166	0	1
22329052	1	0
22331204	0	1
22331385	0	1
22333877	0	1
22335447	0	1
22335715	0	1
22338788	1	0
22341007	0	1
22342444	1	0
22346051	1	0
22347902	0	1
22348287	1	0
22349127	0	1
22352256	0	1
22354771	0	1
22355850	0	1
22355886	0	1
22355939	1	0
22356040	1	0
22356389	1	0
22356556	1	0
22356836	0	1
22359720	1	0
22360301	1	0
22360671	1	0
22361582	1	0
22365040	0	1
22369948	1	0
22371301	1	0
22371865	0	1
22371974	1	0
22375633	0	1
22375835	1	0
22376377	0	1
22381014	0	1
22382077	0	1
22382684	1	0
22384780	1	0
22386390	0	1
22387210	1	0
22388907	0	1
22389339	0	1
22390797	0	1
22391758	0	1
22392102	0	1
22394063	0	1
22394066	0	1
22394603	1	0
22395367	1	0
22396746	1	0
22397638	1	0
22398001	0	1
22398937	1	0
22399336	0	1
22400473	1	0
22402074	1	0
22402369	1	0
22403062	1	0
22403099	1	0
22403951	1	0
22407381	0	1
22407660	0	1
22407963	0	1
22412510	1	0
22413776	1	0
22415004	0	1
22418029	1	0
22418065	1	0
22418791	1	0
22419881	1	0
22420752	0	1
22421435	0	1
22422392	1	0
22424199	0	1
22424592	0	1
22426788	1	0
22427304	0	1
22428715	0	1
22430464	0	1
22433470	0	1
22436027	0	1
22436768	0	1
22437788	0	1
22441411	0	1
22441477	1	0
22442129	1	0
22444322	1	0
22447677	1	0
22448639	1	0
22449136	1	0
22451946	1	0
22453460	0	1
22453806	1	0
22455056	0	1
22455253	1	0
22457841	1	0
22458017	0	1
22458690	0	1
22459364	1	0
22461420	1	0
22461596	0	1
22461854	0	1
22464026	0	1
22465887	1	0
22466843	0	1
22467104	0	1
22467984	1	0
22470467	0	1
22471533	1	0
22472004	1	0
22473649	1	0
22475873	0	1
22476506	0	1
22478345	1	0
22479004	1	0
22482837	1	0
22483188	0	1
22483283	1	0
22483620	0	1
22484230	1	0
22484324	0	1
22484875	0	1
22485188	1	0
22485427	1	0
22486558	0	1
22487074	1	0
22487719	1	0
22487914	1	0
22489434	0	1
22492567	0	1
22495535	1	0
22501017	0	1
22501221	1	0
22501499	0	1
22502644	0	1
22503561	0	1
22503648	1	0
22505745	1	0
22507016	0	1
22507244	1	0
22507879	1	0
22508830	0	1
22509877	0	1
22510004	0	1
22513608	0	1
22514410	1	0
22514570	1	0
22515092	1	0
22516091	0	1
22516308	1	0
22517272	0	1
22520735	1	0
22521244	1	0
22521514	0	1
22522807	0	1
22526114	0	1
22526845	1	0
22528795	1	0
22529963	1	0
22530934	0	1
22531709	1	0
22532591	1	0
22532761	1	0
22533795	0	1
22535096	0	1
22535535	1	0
22536437	0	1
22538258	0	1
22540345	1	0
22542128	0	1
22544740	1	0
22545059	1	0
22547178	0	1
22547561	0	1
22548606	1	0
22551016	0	1
22551324	1	0
22552757	0	1
22555011	1	0
22556729	1	0
22556850	0	1
22556980	0	1
22557544	1	0
22559556	0	1
22560244	1	0
22560339	1	0
22562427	1	0
22563247	0	1
22566378	0	1
22568208	0	1
22570369	1	0
22571413	0	1
22573380	1	0
22576928	0	1
22578999	0	1
22580062	1	0
22580299	1	0
22581362	0	1
22584310	0	1
22584896	0	1
22585119	1	0
22585218	0	1
22585309	0	1
22586151	1	0
22586497	0	1
22586654	0	1
22587106	0	1
22587806	1	0
22589427	0	1
22589828	1	0
22593136	1	0
22597384	1	0
22600528	1	0
22600920	1	0
22607812	1	0
22613716	0	1
22614750	0	1
22617785	1	0
22620727	0	1
22622627	0	1
22624753	1	0
22626429	1	0
22627478	0	1
22628926	0	1
22630736	0	1
22631162	0	1
22631370	1	0
22634630	1	0
22640849	0	1
22642024	1	0
22645342	1	0
22645366	1	0
22645728	1	0
22646333	1	0
22646402	0	1
22647701	1	0
22650079	1	0
22653193	0	1
22654626	1	0
22658924	0	1
22663983	1	0
22668561	1	0
22668565	0	1
22669116	0	1
22669532	0	1
22669609	0	1
22669810	1	0
22672305	1	0
22674048	1	0
22675118	1	0
22677858	0	1
22678459	1	0
22678927	1	0
22681134	1	0
22682804	0	1
22683422	0	1
22687113	0	1
22688458	1	0
22688659	1	0
22689144	0	1
22690576	0	1
22692346	1	0
22692788	0	1
22695931	0	1
22696031	1	0
22702158	1	0
22702450	1	0
22704801	0	1
22708064	1	0
22711727	0	1
22714204	0	1
22717336	0	1
22719752	1	0
22720031	0	1
22721290	1	0
22721965	1	0
22723412	0	1
22723871	1	0
22724605	0	1
22726384	0	1
22728148	1	0
22728373	0	1
22730696	1	0
22731657	1	0
22732213	1	0
22732499	1	0
22736717	1	0
22739635	1	0
22740987	1	0
22741413	1	0
22741801	0	1
22742711	0	1
22747852	1	0
22749723	1	0
22749819	1	0
22750716	1	0
22751216	1	0
22752599	0	1
22752809	0	1
22754429	0	1
22757452	1	0
22757576	0	1
22759870	1	0
22760797	1	0
22763161	0	1
22763592	1	0
22766035	1	0
22768177	1	0
22769358	1	0
22771331	1	0
22772665	1	0
22773325	0	1
22774942	1	0
22777388	1	0
22779671	1	0
22779967	0	1
22783468	1	0
22784134	1	0
22784263	1	0
22784275	0	1
22786226	1	0
22786641	1	0
22786798	1	0
22788047	0	1
22789366	1	0
22789433	0	1
22789706	1	0
22793275	0	1
22793435	0	1
22793468	0	1
22796089	1	0
22796420	0	1
22798943	1	0
22800321	0	1
22802289	0	1
22803608	0	1
22803863	1	0
22804139	0	1
22804981	0	1
22806537	1	0
22809647	1	0
22810028	1	0
22810059	1	0
22814537	1	0
22815853	0	1
22817951	1	0
22820876	0	1
22822212	1	0
22822971	1	0
22824980	1	0
22826433	1	0
22828258	0	1
22828769	0	1
22829001	1	0
22830568	1	0
22831430	1	0
22832084	0	1
22833420	1	0
22833670	1	0
22834545	1	0
22836100	1	0
22837349	1	0
22837417	0	1
22837790	1	0
22838049	0	1
22838345	0	1
22839467	0	1
22842785	0	1
22843094	1	0
22843210	0	1
22845941	1	0
22847570	1	0
22848898	0	1
22848908	0	1
22850161	0	1
22852286	0	1
22853282	0	1
22853513	1	0
22855000	1	0
22855220	0	1
22855993	1	0
22856987	1	0
22857779	1	0
22859159	1	0
22860156	0	1
22860396	0	1
22863220	1	0
22863838	0	1
22867425	0	1
22867436	0	1
22867614	1	0
22869266	1	0
22869342	0	1
22871446	0	1
22872557	0	1
22873465	1	0
22874068	1	0
22874977	0	1
22875398	0	1
22875685	1	0
22876673	0	1
22876816	1	0
22877483	0	1
22878990	1	0
22879788	1	0
22880777	1	0
22882098	0	1
22883254	0	1
22883414	0	1
22884499	0	1
22885869	0	1
22886372	1	0
22887968	0	1
22890186	0	1
22890192	0	1
22891335	0	1
22891488	1	0
22891523	1	0
22893300	1	0
22894482	0	1
22897040	0	1
22897188	0	1
22899007	0	1
22902055	0	1
22902780	1	0
22903566	1	0
22903645	0	1
22905885	1	0
22906360	0	1
22906785	0	1
22907495	1	0
22907496	1	0
22908205	1	0
22908254	0	1
22908877	0	1
22909111	0	1
22910270	0	1
22910552	1	0
22913510	0	1
22916244	0	1
22916584	1	0
22920448	0	1
22921530	1	0
22923106	1	0
22924168	1	0
22924358	1	0
22924384	0	1
22925716	1	0
22926118	1	0
22930304	1	0
22931750	0	1
22932358	1	0
22935373	1	0
22937410	0	1
22938231	1	0
22939428	0	1
22941890	1	0
22945847	1	0
22947019	1	0
22947382	1	0
22949232	1	0
22949619	0	1
22950382	1	0
22952931	0	1
22953356	0	1
22953642	1	0
22953977	1	0
22955653	0	1
22956772	0	1
22956776	1	0
22957902	0	1
22958076	1	0
22961207	1	0
22961465	1	0
22965640	1	0
22966123	1	0
22968720	1	0
22969764	1	0
22970638	0	1
22971653	1	0
22971716	1	0
22972137	1	0
22974312	0	1
22975656	1	0
22977566	0	1
22980323	1	0
22981830	1	0
22984952	0	1
22985535	1	0
22987298	1	0
22987508	1	0
22988135	0	1
22989377	0	1
22992961	1	0
22993467	0	1
22993940	0	1
22994609	0	1
22995601	0	1
22996594	0	1
22997185	1	0
22997638	0	1
22999454	1	0
23002774	1	0
23003212	1	0
23003791	1	0
23003928	1	0
23005401	1	0
23005666	1	0
23011839	1	0
23013018	1	0
23014455	1	0
23015742	0	1
23016868	1	0
23018492	0	1
23019909	0	1
23021155	1	0
23021314	1	0
23021388	1	0
23021640	1	0
23023387	0	1
23023446	1	0
23024310	1	0
23024809	0	1
23025636	0	1
23029665	1	0
23031322	1	0
23031839	0	1
23032435	0	1
23033396	0	1
23033556	1	0
23036029	1	0
23036753	1	0
23036807	0	1
23037332	1	0
23038068	1	0
23042178	1	0
23043542	1	0
23044696	1	0
23046374	1	0
23046463	1	0
23047690	1	0
23048089	1	0
23048629	1	0
23049908	1	0
23051443	1	0
23051600	1	0
23052091	0	1
23052416	0	1
23054921	0	1
23059898	1	0
23060762	1	0
23064011	1	0
23066115	1	0
23066118	1	0
23068603	1	0
23069382	0	1
23070211	0	1
23071510	0	1
23072824	0	1
23075206	0	1
23075461	0	1
23077036	1	0
23077849	0	1
23077874	0	1
23078734	1	0
23081216	0	1
23081541	1	0
23085950	0	1
23088705	0	1
23089957	1	0
23091376	0	1
23092477	0	1
23092706	0	1
23092807	1	0
23096217	0	1
23096526	1	0
23096597	0	1
23096989	0	1
23098030	1	0
23098827	1	0
23102725	0	1
23103159	0	1
23103838	0	1
23104077	0	1
23104639	0	1
23105220	1	0
23105767	1	0
23105795	0	1
23106020	0	1
23107918	1	0
23108168	0	1
23109409	0	1
23109580	0	1
23109816	0	1
23110068	0	1
23110889	0	1
23115078	1	0
23115272	0	1
23116152	0	1
23118593	0	1
23119959	1	0
23122092	0	1
23123084	0	1
23125372	1	0
23125618	1	0
23126291	1	0
23127474	0	1
23128200	0	1
23128379	0	1
23130565	1	0
23136470	0	1
23136821	0	1
23139457	0	1
23140347	0	1
23141211	1	0
23142600	1	0
23143840	0	1
23143965	0	1
23145548	1	0
23148184	0	1
23148672	0	1
23150182	1	0
23151439	0	1
23151766	0	1
23152026	0	1
23152273	0	1
23154011	0	1
23154131	0	1
23155326	0	1
23155538	0	1
23156728	1	0
23157017	0	1
23157681	0	1
23157723	1	0
23161263	1	0
23163212	1	0
23164209	0	1
23165704	0	1
23165984	0	1
23167216	0	1
23168551	0	1
23170076	1	0
23170397	0	1
23170979	0	1
23171145	1	0
23176665	1	0
23178345	0	1
23183578	0	1
23186340	1	0
23186367	1	0
23188491	0	1
23189030	1	0
23189039	1	0
23195089	1	0
23195193	1	0
23198037	0	1
23198338	1	0
23202011	1	0
23202750	0	1
23203454	0	1
23204516	0	1
23206101	0	1
23206578	0	1
23207797	0	1
23209236	1	0
23209426	0	1
23209432	0	1
23210280	0	1
23212326	0	1
23212485	0	1
23215119	0	1
23215186	0	1
23215795	0	1
23217111	0	1
23219237	0	1
23220074	0	1
23220920	1	0
23222828	0	1
23228329	0	1
23232083	1	0
23233848	1	0
23234227	0	1
23235611	0	1
23237213	1	0
23239300	0	1
23240422	0	1
23240498	1	0
23242520	0	1
23243603	1	0
23245708	1	0
23246483	0	1
23246888	1	0
23248420	1	0
23252040	1	0
23252646	0	1
23252835	1	0
23253159	1	0
23254912	1	0
23255118	0	1
23256905	1	0
23257013	1	0
23257373	0	1
23257639	1	0
23257815	1	0
23258435	1	0
23261100	1	0
23263855	1	0
23264213	1	0
23266600	0	1
23267877	0	1
23268549	1	0
23270484	0	1
23273603	0	1
23273850	0	1
23274826	1	0
23275921	0	1
23278286	0	1
23279979	0	1
23281942	0	1
23288455	1	0
23288764	1	0
23290190	0	1
23292671	0	1
23293738	1	0
23293809	0	1
23296134	1	0
23296399	0	1
23299863	0	1
23300739	0	1
23301202	0	1
23303568	0	1
23305106	0	1
23306754	0	1
23309614	1	0
23309638	1	0
23310289	0	1
23311869	1	0
23312242	1	0
23312560	0	1
23313154	0	1
23314746	1	0
23316718	0	1
23317573	0	1
23317832	0	1
23319397	0	1
23319574	0	1
23320000	0	1
23320662	1	0
23322916	0	1
23325489	1	0
23326867	0	1
23327204	1	0
23327758	1	0
23328109	0	1
23330612	1	0
23331259	1	0
23332487	0	1
23332681	1	0
23333487	1	0
23334357	1	0
23335205	1	0
23335793	1	0
23335828	1	0
23335994	0	1
23336827	1	0
23340421	0	1
23342471	1	0
23343088	0	1
23343292	0	1
23343502	0	1
23347228	1	0
23349136	1	0
23349173	1	0
23350494	0	1
23351825	0	1
23355421	1	0
23356896	0	1
23357797	0	1
23359590	0	1
23360720	1	0
23362693	0	1
23363862	1	0
23367472	1	0
23367731	0	1
23367961	0	1
23370920	0	1
23371175	1	0
23371364	0	1
23371929	1	0
23374828	1	0
23378585	1	0
23378982	1	0
23379117	1	0
23381114	0	1
23384564	1	0
23384567	0	1
23385054	0	1
23385149	1	0
23387017	0	1
23388339	0	1
23389008	0	1
23390427	0	1
23390488	1	0
23391023	1	0
23391330	0	1
23391644	1	0
23393151	1	0
23393460	1	0
23395259	0	1
23395546	0	1
23395943	1	0
23396037	0	1
23396092	1	0
23398803	0	1
23401410	0	1
23402515	0	1
23404299	0	1
23404506	1	0
23405600	1	0
23406865	1	0
23408097	0	1
23409126	0	1
23409238	1	0
23410671	1	0
23411600	0	1
23415410	1	0
23415647	0	1
23417155	0	1
23419288	1	0
23419427	1	0
23420494	1	0
23420833	0	1
23423271	1	0
23423423	1	0
23424514	0	1
23424921	0	1
23425079	0	1
23425187	1	0
23425481	1	0
23426116	0	1
23427749	1	0
23427941	0	1
23428139	1	0
23429235	1	0
23429373	0	1
23429820	1	0
23434927	0	1
23435634	0	1
23436262	1	0
23437053	0	1
23437465	0	1
23438668	0	1
23439271	1	0
23440370	1	0
23441000	0	1
23444894	1	0
23444896	1	0
23445699	1	0
23448053	0	1
23449229	1	0
23449826	1	0
23449984	0	1
23451228	0	1
23451704	1	0
23452038	0	1
23454801	1	0
23458469	0	1
23458821	1	0
23459880	1	0
23461761	1	0
23462176	0	1
23464041	0	1
23464382	1	0
23465146	1	0
23465157	1	0
23465419	1	0
23465687	0	1
23466062	1	0
23466571	0	1
23466869	0	1
23467299	1	0
23468763	0	1
23468861	0	1
23471133	0	1
23472950	1	0
23473016	1	0
23475112	0	1
23477510	0	1
23480459	0	1
23480538	0	1
23482966	0	1
23484182	1	0
23484997	0	1
23485753	0	1
23487067	0	1
23487347	1	0
23487858	0	1
23491536	1	0
23494543	0	1
23496455	1	0
23497130	1	0
23497834	0	1
23500092	1	0
23504994	0	1
23505833	0	1
23506299	0	1
23507405	1	0
23508562	1	0
23509494	1	0
23510197	1	0
23510557	1	0
23512617	1	0
23515255	1	0
23515917	0	1
23516121	0	1
23517034	1	0
23517565	0	1
23518134	1	0
23520495	1	0
23522535	0	1
23522657	1	0
23523776	0	1
23524018	1	0
23524295	0	1
23525544	1	0
23530192	0	1
23530748	0	1
23531782	1	0
23532217	0	1
23533582	1	0
23534788	1	0
23535888	1	0
23537015	1	0
23537630	1	0
23539435	0	1
23539685	1	0
23539930	1	0
23540945	0	1
23541000	1	0
23542433	1	0
23542962	0	1
23543393	1	0
23544313	1	0
23546270	1	0
23547857	1	0
23549927	1	0
23552114	1	0
23552614	0	1
23556326	1	0
23556411	1	0
23559213	0	1
23560100	0	1
23560539	1	0
23561530	1	0
23562278	1	0
23562648	1	0
23563828	1	0
23563849	0	1
23566523	0	1
23567435	0	1
23572914	1	0
23573208	1	0
23573808	0	1
23575529	1	0
23576712	1	0
23576754	1	0
23576766	1	0
23577819	0	1
23578587	0	1
23581080	1	0
23581304	0	1
23582482	1	0
23585245	1	0
23585959	1	0
23587140	0	1
23588101	1	0
23590207	1	0
23590243	1	0
23592611	1	0
23594747	1	0
23596730	0	1
23600970	0	1
23601148	1	0
23601707	1	0
23602371	1	0
23602518	0	1
23602631	1	0
23603978	0	1
23604351	1	0
23604827	0	1
23607236	1	0
23607919	1	0
23613452	1	0
23614055	0	1
23615253	0	1
23616629	1	0
23617020	0	1
23617438	1	0
23617710	0	1
23622337	1	0
23624561	1	0
23625718	0	1
23625919	1	0
23626866	0	1
23626870	1	0
23628579	0	1
23630555	0	1
23633675	1	0
23634029	0	1
23636207	0	1
23637977	1	0
23639854	0	1
23641303	0	1
23641656	0	1
23642063	0	1
23642823	1	0
23643319	1	0
23644104	1	0
23644342	0	1
23646636	1	0
23647128	0	1
23650281	0	1
23656289	0	1
23657619	0	1
23658581	1	0
23659551	1	0
23659630	1	0
23660017	1	0
23660463	1	0
23660770	1	0
23661174	0	1
23663415	1	0
23663712	1	0
23666314	0	1
23669222	0	1
23674824	0	1
23674935	1	0
23677875	0	1
23678969	1	0
23680280	0	1
23680729	0	1
23684078	0	1
23686360	1	0
23686568	1	0
23690070	0	1
23692196	0	1
23694816	1	0
23695993	1	0
23697193	1	0
23697456	0	1
23700659	0	1
23704979	1	0
23705123	1	0
23708542	1	0
23714568	0	1
23716064	1	0
23720341	1	0
23722397	0	1
23723796	0	1
23728881	0	1
23729351	1	0
23730034	1	0
23731876	1	0
23733025	0	1
23734451	0	1
23734660	1	0
23736301	0	1
23738666	0	1
23741196	0	1
23741429	1	0
23743657	0	1
23745140	0	1
23745652	1	0
23746600	1	0
23747439	1	0
23748065	1	0
23749321	1	0
23751115	1	0
23753716	1	0
23754375	1	0
23757268	1	0
23761420	1	0
23761900	0	1
23762724	0	1
23763414	1	0
23763805	0	1
23764254	1	0
23765865	1	0
23766749	1	0
23767427	0	1
23767443	1	0
23769479	0	1
23770247	0	1
23770273	1	0
23770572	1	0
23770735	1	0
23771875	1	0
23772013	0	1
23772498	0	1
23774002	1	0
23774169	0	1
23774325	1	0
23774404	0	1
23780043	0	1
23780778	0	1
23781223	1	0
23782126	0	1
23782802	1	0
23784667	1	0
23787389	0	1
23790281	0	1
23792148	1	0
23792537	0	1
23794123	0	1
23794441	1	0
23795974	0	1
23796195	1	0
23799254	1	0
23800229	0	1
23801540	1	0
23801735	1	0
23805404	0	1
23806911	0	1
23808109	1	0
23811816	1	0
23813695	1	0
23816602	0	1
23817340	0	1
23819420	0	1
23820479	1	0
23821610	1	0
23823886	0	1
23826285	0	1
23826897	0	1
23827265	1	0
23827559	1	0
23827600	1	0
23828702	1	0
23830292	0	1
23831394	0	1
23833898	0	1
23834807	1	0
23837136	1	0
23838838	1	0
23838966	0	1
23839291	1	0
23840574	0	1
23840730	1	0
23845353	1	0
23847868	0	1
23848945	0	1
23849676	1	0
23851217	0	1
23852106	1	0
23854636	1	0
23854973	0	1
23859200	0	1
23860696	1	0
23861078	0	1
23863029	0	1
23864134	0	1
23865397	0	1
23868327	1	0
23869132	0	1
23870815	1	0
23871414	0	1
23874747	0	1
23877319	1	0
23881052	1	0
23881401	1	0
23881425	0	1
23881746	0	1
23882374	1	0
23883578	0	1
23883711	1	0
23884568	0	1
23885239	1	0
23885662	0	1
23886368	0	1
23886375	0	1
23886749	0	1
23887338	0	1
23887524	0	1
23888095	1	0
23890322	0	1
23890423	0	1
23891932	0	1
23895661	1	0
23896745	0	1
23896972	0	1
23898673	0	1
23900054	1	0
23900673	0	1
23901554	1	0
23904962	1	0
23907460	1	0
23914254	1	0
23915476	1	0
23915585	1	0
23915672	1	0
23918218	0	1
23918478	0	1
23918985	1	0
23920746	0	1
23921101	1	0
23922018	0	1
23923663	0	1
23927924	0	1
23928547	1	0
23931828	0	1
23932980	1	0
23934418	0	1
23938619	1	0
23940191	1	0
23940464	0	1
23941324	0	1
23941749	1	0
23942946	0	1
23943596	0	1
23945473	0	1
23945568	0	1
23945881	1	0
23946233	0	1
23947924	0	1
23948863	1	0
23949809	0	1
23950352	1	0
23951705	0	1
23954489	1	0
23956102	0	1
23957008	0	1
23957302	0	1
23958604	0	1
23958767	0	1
23959643	1	0
23960106	1	0
23963344	0	1
23964741	1	0
23967322	1	0
23967641	1	0
23967734	0	1
23970152	1	0
23971219	0	1
23972919	0	1
23973703	1	0
23974780	0	1
23975712	1	0
23976786	0	1
23977652	1	0
23977801	1	0
23979138	0	1
23980480	0	1
23981121	1	0
23982592	0	1
23983537	0	1
23988429	0	1
23990767	1	0
23995929	0	1
24000092	1	0
24000719	1	0
24000849	1	0
24000874	1	0
24004068	1	0
24006215	0	1
24008306	0	1
24008347	1	0
24011906	1	0
24012131	1	0
24012275	1	0
24012703	0	1
24012892	1	0
24018042	0	1
24018473	0	1
24018694	0	1
24019996	0	1
24020774	0	1
24021881	0	1
24022768	1	0
24023378	1	0
24025471	1	0
24029643	1	0
24030075	0	1
24030746	1	0
24031534	0	1
24032538	0	1
24033312	1	0
24038223	0	1
24039280	1	0
24039309	0	1
24042538	0	1
24045176	0	1
24045412	0	1
24046593	0	1
24048686	1	0
24048939	0	1
24049898	1	0
24052693	0	1
24054164	1	0
24055804	0	1
24056039	0	1
24056043	1	0
24056051	0	1
24057613	0	1
24057784	0	1
24058599	1	0
24059927	0	1
24064044	1	0
24064516	0	1
24069036	1	0
24069686	0	1
24071095	1	0
24072880	1	0
24076564	1	0
24079735	0	1
24080033	0	1
24081140	0	1
24082053	0	1
24082269	1	0
24084022	1	0
24084378	1	0
24084661	0	1
24084861	0	1
24085318	1	0
24085818	1	0
24085819	1	0
24086385	1	0
24090688	1	0
24091874	1	0
24094798	1	0
24095194	1	0
24095195	1	0
24095596	0	1
24096043	1	0
24097169	0	1
24098430	0	1
24098683	0	1
24098750	1	0
24098945	1	0
24099499	0	1
24100923	1	0
24101370	1	0
24102889	1	0
24103815	1	0
24104724	0	1
24105541	0	1
24105614	1	0
24106479	1	0
24109857	1	0
24111917	0	1
24112073	1	0
24112575	0	1
24115355	0	1
24115725	0	1
24116185	1	0
24116889	0	1
24118354	0	1
24118567	1	0
24119516	0	1
24119697	1	0
24121981	0	1
24123135	0	1
24126929	0	1
24127408	1	0
24127916	1	0
24129601	0	1
24129899	1	0
24132465	0	1
24133141	1	0
24133470	0	1
24133974	0	1
24138124	0	1
24139553	0	1
24140925	1	0
24146453	1	0
24146773	0	1
24147709	1	0
24148162	0	1
24148919	1	0
24151440	1	0
24152296	0	1
24152903	0	1
24153493	0	1
24153781	1	0
24153835	0	1
24154060	0	1
24154616	1	0
24155377	1	0
24156360	1	0
24157043	1	0
24159119	0	1
24159717	0	1
24160719	1	0
24161443	0	1
24161502	0	1
24163834	1	0
24163841	0	1
24164208	0	1
24164949	0	1
24168718	0	1
24169006	0	1
24169698	1	0
24170009	1	0
24170072	0	1
24171033	0	1
24171329	1	0
24172225	1	0
24173251	1	0
24174087	0	1
24175686	1	0
24176373	1	0
24176932	1	0
24177309	1	0
24177736	0	1
24178292	1	0
24179239	1	0
24181155	1	0
24185794	1	0
24186159	0	1
24187252	1	0
24187991	0	1
24188338	0	1
24188886	1	0
24189540	1	0
24192371	1	0
24192838	1	0
24193869	0	1
24196688	1	0
24196848	1	0
24199667	0	1
24202213	1	0
24204161	1	0
24207184	0	1
24207695	1	0
24207950	1	0
24208257	1	0
24210315	0	1
24211098	1	0
24211871	0	1
24212112	0	1
24223081	1	0
24223674	1	0
24223858	1	0
24227335	0	1
24227795	0	1
24228036	1	0
24228268	1	0
24228780	0	1
24235426	1	0
24237783	0	1
24242564	0	1
24246464	1	0
24246962	0	1
24248289	0	1
24249843	0	1
24251276	0	1
24255237	1	0
24257526	0	1
24258438	1	0
24261402	0	1
24263926	1	0
24265337	1	0
24266107	1	0
24266558	0	1
24272198	0	1
24272787	1	0
24273785	1	0
24277635	1	0
24278320	1	0
24278965	0	1
24280568	0	1
24280852	1	0
24280864	0	1
24283194	0	1
24284691	0	1
24284973	1	0
24285048	1	0
24286646	1	0
24287146	0	1
24288301	0	1
24289069	1	0
24292423	1	0
24293647	0	1
24294520	0	1
24294919	1	0
24296097	0	1
24297769	0	1
24297961	0	1
24299166	0	1
24299262	0	1
24301748	1	0
24303753	0	1
24305959	0	1
24309065	0	1
24309450	0	1
24311389	0	1
24311814	0	1
24314528	0	1
24315901	0	1
24315911	1	0
24323448	0	1
24325215	0	1
24325834	0	1
24327588	0	1
24328750	0	1
24329286	1	0
24329549	0	1
24329818	0	1
24331155	1	0
24331558	1	0
24332848	0	1
24333043	0	1
24336185	0	1
24337661	0	1
24338146	1	0
24338481	0	1
24338833	1	0
24339822	1	0
24341368	1	0
24342620	0	1
24344629	0	1
24344706	1	0
24347012	1	0
24347738	0	1
24348893	1	0
24351572	0	1
24351968	1	0
24353012	1	0
24353149	0	1
24353593	0	1
24354019	0	1
24357647	1	0
24357680	0	1
24358345	0	1
24361046	1	0
24361499	1	0
24361947	1	0
24363925	0	1
24365987	1	0
24367912	1	0
24368875	0	1
24376286	0	1
24376824	1	0
24377371	1	0
24378394	1	0
24378905	0	1
24381902	0	1
24384917	0	1
24387141	1	0
24388507	1	0
24389979	0	1
24392117	0	1
24392290	0	1
24396242	1	0
24396533	0	1
24397231	0	1
24399857	0	1
24400462	1	0
24401989	1	0
24408014	0	1
24408728	0	1
24408829	0	1
24408836	1	0
24410916	1	0
24414856	0	1
24417703	0	1
24418269	1	0
24418408	1	0
24418546	1	0
24420348	1	0
24420491	1	0
24422261	0	1
24422812	1	0
24424364	0	1
24424430	1	0
24426935	1	0
24427456	0	1
24429441	1	0
24429755	0	1
24431896	0	1
24432474	1	0
24432849	1	0
24434358	0	1
24436416	0	1
24436467	0	1
24438090	1	0
24438165	0	1
24439450	0	1
24441181	0	1
24445238	1	0
24446604	1	0
24447685	0	1
24448068	0	1
24448248	0	1
24450600	1	0
24451237	1	0
24452119	0	1
24453248	0	1
24454537	0	1
24456991	0	1
24459247	0	1
24459283	0	1
24461108	1	0
24464944	0	1
24465015	0	1
24471391	1	0
24471552	1	0
24475168	1	0
24475643	1	0
24475737	1	0
24478610	1	0
24480493	1	0
24480693	0	1
24481154	0	1
24482711	0	1
24482966	0	1
24483694	0	1
24483776	0	1
24484856	0	1
24487024	1	0
24487361	1	0
24487378	1	0
24488250	0	1
24488728	1	0
24492107	0	1
24495134	0	1
24497223	0	1
24498530	0	1
24499053	0	1
24500369	0	1
24501318	1	0
24501796	0	1
24503942	0	1
24504998	0	1
24505486	0	1
24506003	0	1
24507286	0	1
24509279	1	0
24511896	1	0
24513978	0	1
24514019	1	0
24515067	0	1
24517154	0	1
24518284	1	0
24518806	0	1
24520313	1	0
24522683	0	1
24522848	0	1
24525236	0	1
24526131	1	0
24526434	1	0
24526790	1	0
24528439	1	0
24535158	0	1
24535485	0	1
24536357	0	1
24539135	1	0
24539224	1	0
24539890	1	0
24540823	0	1
24541323	1	0
24543068	1	0
24546922	0	1
24547902	1	0
24548143	0	1
24549187	1	0
24549194	0	1
24549288	1	0
24549886	1	0
24552358	0	1
24552429	1	0
24555791	0	1
24555807	0	1
24558508	0	1
24559701	1	0
24560719	0	1
24561130	0	1
24562865	1	0
24563339	0	1
24564879	0	1
24565395	1	0
24565522	1	0
24565536	0	1
24566267	1	0
24567988	0	1
24569157	0	1
24573014	0	1
24575405	1	0
24577183	1	0
24578911	0	1
24581487	0	1
24583050	0	1
24583446	0	1
24584379	0	1
24586182	1	0
24587027	1	0
24587939	1	0
24588588	1	0
24589777	0	1
24590918	1	0
24592134	0	1
24595551	0	1
24595749	0	1
24596134	1	0
24596766	1	0
24597304	1	0
24597521	1	0
24601492	0	1
24601985	0	1
24602857	0	1
24603295	0	1
24604358	1	0
24607753	0	1
24609837	0	1
24611195	1	0
24611490	1	0
24613441	0	1
24614412	1	0
24614940	0	1
24616821	1	0
24617000	0	1
24617348	0	1
24617967	1	0
24620166	1	0
24620928	0	1
24624399	1	0
24627970	0	1
24630567	1	0
24630628	0	1
24630715	1	0
24631405	1	0
24631519	1	0
24632806	0	1
24634749	0	1
24637529	1	0
24638611	1	0
24640221	0	1
24640640	0	1
24642252	0	1
24645938	0	1
24645985	1	0
24646243	1	0
24647491	0	1
24648506	1	0
24648821	1	0
24651048	1	0
24651228	0	1
24651872	1	0
24652511	0	1
24653245	1	0
24653383	1	0
24655933	1	0
24656114	1	0
24656240	0	1
24658824	0	1
24659012	1	0
24659743	1	0
24660948	0	1
24663628	1	0
24665824	0	1
24668998	0	1
24670146	0	1
24670703	1	0
24672118	1	0
24672548	1	0
24672566	1	0
24672758	0	1
24672942	0	1
24675074	0	1
24677347	0	1
24677732	0	1
24679674	0	1
24680147	1	0
24681003	0	1
24681124	0	1
24681984	0	1
24684171	0	1
24686699	0	1
24687069	1	0
24687379	0	1
24687588	0	1
24689293	1	0
24689827	1	0
24690754	0	1
24691964	0	1
24692252	0	1
24692834	1	0
24693244	0	1
24695435	0	1
24695823	1	0
24696107	1	0
24696250	0	1
24696481	1	0
24701193	1	0
24701756	1	0
24701759	1	0
24705213	1	0
24707216	1	0
24710362	1	0
24710434	0	1
24710563	1	0
24711426	0	1
24712782	1	0
24712958	1	0
24713777	0	1
24716424	1	0
24717926	1	0
24719325	0	1
24723234	1	0
24725263	0	1
24727880	1	0
24728011	1	0
24729064	1	0
24729893	1	0
24730854	0	1
24731744	0	1
24732571	0	1
24735310	0	1
24739576	0	1
24739651	0	1
24742117	1	0
24742631	0	1
24743675	1	0
24748193	0	1
24748698	1	0
24748843	1	0
24750641	0	1
24752600	1	0
24753678	0	1
24753967	0	1
24759300	1	0
24759869	0	1
24761485	1	0
24764428	0	1
24764547	0	1
24765055	1	0
24767732	1	0
24770876	1	0
24772514	1	0
24773425	1	0
24774890	0	1
24782994	1	0
24783601	1	0
24783835	0	1
24786116	0	1
24789291	1	0
24789319	1	0
24789976	0	1
24791032	1	0
24794008	0	1
24794459	0	1
24796179	0	1
24797848	1	0
24800053	0	1
24802840	0	1
24804338	1	0
24809631	0	1
24810686	1	0
24811765	0	1
24816043	1	0
24821487	0	1
24821840	1	0
24823836	1	0
24826755	1	0
24829557	0	1
24830715	0	1
24832299	1	0
24835040	0	1
24835404	1	0
24838043	0	1
24838589	1	0
24841528	1	0
24842033	1	0
24843525	0	1
24844566	1	0
24844673	0	1
24844823	1	0
24845341	0	1
24845552	0	1
24850935	1	0
24851141	0	1
24852781	1	0
24853445	1	0
24853801	0	1
24856827	1	0
24857257	1	0
24857652	0	1
24857812	1	0
24859313	1	0
24860759	1	0
24862638	0	1
24862738	0	1
24863146	1	0
24864968	0	1
24874556	1	0
24877399	1	0
24877863	1	0
24877984	1	0
24878183	1	0
24884572	0	1
24886840	1	0
24887357	1	0
24887922	0	1
24888810	0	1
24888828	1	0
24890265	1	0
24891530	1	0
24891550	1	0
24892471	1	0
24892815	1	0
24893354	1	0
24904957	1	0
24908317	0	1
24908366	1	0
24908500	0	1
24911832	0	1
24913860	1	0
24917615	0	1
24918589	1	0
24922253	1	0
24922994	0	1
24923275	0	1
24925790	1	0
24927179	1	0
24927230	0	1
24927997	0	1
24929031	0	1
24930542	1	0
24932941	0	1
24933050	1	0
24934154	0	1
24934162	0	1
24935997	1	0
24937541	1	0
24938115	0	1
24938221	0	1
24938408	0	1
24942392	1	0
24943645	0	1
24944649	0	1
24944799	1	0
24945004	1	0
24946958	0	1
24947892	0	1
24947955	1	0
24949565	0	1
24953104	0	1
24954939	0	1
24955749	0	1
24955841	1	0
24956326	1	0
24957311	1	0
24959866	1	0
24963593	1	0
24964319	1	0
24966231	1	0
24966856	1	0
24967802	0	1
24968157	0	1
24968803	0	1
24971548	0	1
24972541	1	0
24975016	0	1
24975150	1	0
24980029	0	1
24980048	0	1
24981784	1	0
24981993	0	1
24982061	0	1
24982080	1	0
24984111	0	1
24984908	1	0
24985123	1	0
24985376	0	1
24988154	0	1
24988820	1	0
24990170	0	1
24992028	0	1
24993208	0	1
24998084	1	0
24999608	1	0
25000983	1	0
25003040	1	0
25003229	1	0
25003364	0	1
25004715	0	1
25007083	1	0
25008361	1	0
25009924	1	0
25012117	0	1
25013156	0	1
25015547	0	1
25021882	0	1
25022067	0	1
25023991	1	0
25024159	0	1
25024212	1	0
25024283	1	0
25025487	1	0
25027180	0	1
25027258	1	0
25027577	1	0
25027753	1	0
25028008	0	1
25029180	1	0
25029560	0	1
25032389	0	1
25032576	0	1
25033064	1	0
25036442	1	0
25037974	1	0
25038574	1	0
25039002	1	0
25040281	0	1
25041170	1	0
25042255	1	0
25042258	0	1
25043200	1	0
25044744	1	0
25044984	0	1
25046166	0	1
25046251	0	1
25047562	1	0
25049089	1	0
25055197	1	0
25059062	1	0
25059916	0	1
25059971	1	0
25061294	1	0
25066244	0	1
25066917	0	1
25068523	1	0
25069310	0	1
25072650	0	1
25073586	0	1
25075212	0	1
25075782	0	1
25076985	1	0
25081127	1	0
25082188	1	0
25082396	1	0
25084593	1	0
25085346	1	0
25085785	0	1
25091037	0	1
25092693	0	1
25095889	1	0
25097972	1	0
25098194	0	1
25099426	1	0
25100410	1	0
25102213	1	0
25102610	0	1
25104245	1	0
25105479	1	0
25107735	0	1
25108951	0	1
25109363	1	0
25109365	1	0
25111661	1	0
25112280	1	0
25112575	0	1
25113717	0	1
25115461	0	1
25115890	1	0
25116519	0	1
25116850	1	0
25117320	0	1
25118077	1	0
25120326	0	1
25120623	1	0
25120837	1	0
25121424	0	1
25123817	1	0
25125164	1	0
25125751	0	1
25126223	1	0
25126863	0	1
25129952	1	0
25130933	0	1
25131236	1	0
25131395	1	0
25135046	0	1
25135568	1	0
25138015	0	1
25139776	0	1
25143643	1	0
25144396	0	1
25144462	1	0
25145134	0	1
25145649	1	0
25148917	1	0
25148963	1	0
25150037	1	0
25151131	1	0
25151881	0	1
25152381	0	1
25152916	0	1
25153265	1	0
25153882	0	1
25154597	1	0
25154826	1	0
25156429	1	0
25158379	0	1
25159196	1	0
25161254	0	1
25165660	0	1
25165920	1	0
25166570	0	1
25167308	1	0
25168317	1	0
25170816	0	1
25171740	0	1
25172528	0	1
25174688	0	1
25180991	1	0
25181333	1	0
25183762	1	0
25184532	0	1
25184688	1	0
25185283	0	1
25185592	1	0
25186223	1	0
25186471	1	0
25187169	0	1
25191716	0	1
25194948	1	0
25195496	1	0
25196997	0	1
25198069	1	0
25201647	1	0
25202783	1	0
25203336	0	1
25205207	0	1
25206992	0	1
25209482	1	0
25209893	1	0
25211851	1	0
25212949	0	1
25214973	1	0
25215661	1	0
25217690	1	0
25219767	0	1
25221356	0	1
25223071	1	0
25227022	0	1
25227896	0	1
25228976	0	1
25229131	1	0
25231062	1	0
25232827	1	0
25233210	1	0
25234399	1	0
25234423	0	1
25236077	0	1
25236477	1	0
25239380	1	0
25241762	0	1
25242288	0	1
25242296	1	0
25245445	0	1
25246338	1	0
25247971	1	0
25248399	0	1
25249099	0	1
25251039	0	1
25251051	1	0
25252725	1	0
25253668	0	1
25253858	1	0
25255472	0	1
25256584	0	1
25257403	1	0
25259453	1	0
25261109	0	1
25262357	0	1
25264450	1	0
25268770	1	0
25270068	0	1
25271306	1	0
25272227	0	1
25273164	1	0
25278705	0	1
25279490	0	1
25283254	0	1
25283615	1	0
25286718	1	0
25287798	0	1
25288314	0	1
25292377	1	0
25293648	0	1
25293832	0	1
25294885	0	1
25295750	1	0
25296237	0	1
25297457	1	0
25298240	0	1
25299904	0	1
25299979	0	1
25302301	0	1
25303378	1	0
25304676	1	0
25305607	0	1
25306556	0	1
25307129	1	0
25307598	1	0
25308667	1	0
25310985	0	1
25311371	0	1
25312633	0	1
25313149	1	0
25315943	0	1
25317720	0	1
25321856	1	0
25322225	0	1
25322298	0	1
25323131	1	0
25323968	0	1
25326566	0	1
25326799	1	0
25327113	0	1
25329168	1	0
25329635	0	1
25330893	0	1
25331618	0	1
25331690	1	0
25334114	0	1
25339179	0	1
25339306	1	0
25342426	1	0
25343191	1	0
25345084	0	1
25346528	1	0
25347077	1	0
25349114	1	0
25350424	0	1
25350876	0	1
25352231	0	1
25353565	1	0
25356917	1	0
25358153	0	1
25359626	0	1
25360963	1	0
25361204	0	1
25361653	0	1
25364476	0	1
25366216	1	0
25367144	0	1
25368343	1	0
25368389	0	1
25368647	0	1
25369502	0	1
25370761	1	0
25372506	1	0
25374756	0	1
25375549	1	0
25375584	0	1
25378520	0	1
25380183	0	1
25380867	1	0
25381922	0	1
25383642	0	1
25383785	0	1
25384173	1	0
25384972	1	0
25386362	1	0
25387034	1	0
25389985	0	1
25390379	1	0
25391940	0	1
25392349	0	1
25392399	0	1
25394045	0	1
25395341	1	0
25396240	1	0
25396414	0	1
25398586	0	1
25399065	1	0
25404334	1	0
25405196	1	0
25405286	1	0
25406324	1	0
25406481	1	0
25407509	1	0
25409002	0	1
25411312	0	1
25412734	1	0
25412773	1	0
25413804	0	1
25414023	1	0
25414476	0	1
25417080	0	1
25418835	0	1
25419416	1	0
25420375	1	0
25421216	1	0
25422338	0	1
25422784	0	1
25423112	1	0
25423761	0	1
25425702	0	1
25427043	1	0
25428257	0	1
25428303	0	1
25431057	0	1
25431265	0	1
25433154	1	0
25434641	1	0
25436274	0	1
25437572	1	0
25439544	1	0
25439829	1	0
25442342	1	0
25443011	0	1
25444041	0	1
25444857	1	0
25444884	0	1
25444989	0	1
25445307	1	0
25449468	0	1
25449931	1	0
25452259	1	0
25454748	0	1
25455343	1	0
25455441	0	1
25455567	0	1
25456400	1	0
25460280	1	0
25461141	1	0
25463301	0	1
25463573	0	1
25465206	0	1
25465354	0	1
25466818	1	0
25469246	0	1
25469312	1	0
25471381	0	1
25471426	0	1
25471596	1	0
25472221	0	1
25473511	1	0
25473771	0	1
25473853	1	0
25475801	1	0
25476629	1	0
25476771	1	0
25477994	0	1
25478205	1	0
25480000	0	1
25480755	1	0
25481016	1	0
25481134	1	0
25481908	0	1
25483138	0	1
25483314	1	0
25485928	1	0
25486206	0	1
25486614	1	0
25488411	1	0
25489413	1	0
25490409	1	0
25491801	0	1
25494010	0	1
25494384	1	0
25495718	0	1
25497775	0	1
25499165	1	0
25500069	1	0
25501444	1	0
25502442	1	0
25503067	0	1
25505772	1	0
25506962	0	1
25508261	1	0
25511675	0	1
25511722	0	1
25514443	0	1
25515393	1	0
25516590	1	0
25516823	0	1
25518031	0	1
25518305	0	1
25519076	0	1
25519615	0	1
25521409	0	1
25521779	0	1
25526181	1	0
25526433	0	1
25528405	1	0
25529366	1	0
25532816	1	0
25532824	1	0
25535961	0	1
25539216	0	1
25540021	1	0
25540285	0	1
25540910	1	0
25540949	1	0
25542293	0	1
25542818	1	0
25544329	0	1
25547074	1	0
25549102	1	0
25550965	1	0
25551325	1	0
25553989	1	0
25554181	0	1
25554289	1	0
25556314	0	1
25556575	0	1
25556921	0	1
25557137	0	1
25557765	1	0
25559603	1	0
25565106	0	1
25568828	1	0
25569865	0	1
25572119	0	1
25573611	1	0
25576719	1	0
25578578	0	1
25580419	1	0
25583066	0	1
25583964	0	1
25584094	1	0
25584530	0	1
25585082	0	1
25585932	1	0
25587705	0	1
25589971	1	0
25593084	1	0
25594245	0	1
25594496	0	1
25595562	1	0
25596183	0	1
25596587	1	0
25597723	0	1
25599119	1	0
25600745	0	1
25601625	1	0
25602609	0	1
25603281	1	0
25604711	0	1
25608935	0	1
25610410	1	0
25613396	0	1
25615128	1	0
25615487	0	1
25619261	1	0
25620016	0	1
25620208	1	0
25621684	0	1
25623916	1	0
25626627	0	1
25628740	1	0
25632187	0	1
25634344	1	0
25634686	0	1
25635419	0	1
25637484	0	1
25637486	0	1
25638747	0	1
25639431	0	1
25642159	1	0
25642282	1	0
25642340	0	1
25643533	0	1
25644373	1	0
25647385	1	0
25647693	0	1
25650661	0	1
25652228	0	1
25652834	1	0
25655187	1	0
25657139	1	0
25658614	0	1
25660483	1	0
25661703	1	0
25666027	0	1
25666999	0	1
25667162	0	1
25667517	0	1
25670697	0	1
25671008	1	0
25673474	0	1
25673758	1	0
25674740	1	0
25675029	0	1
25676463	1	0
25678729	0	1
25681048	0	1
25683134	0	1
25683173	1	0
25684358	1	0
25684910	1	0
25689813	1	0
25690714	0	1
25692487	0	1
25694044	1	0
25695925	0	1
25696330	0	1
25697301	1	0
25697642	1	0
25699414	1	0
25699717	0	1
25700419	1	0
25700987	0	1
25701014	1	0
25702386	0	1
25703969	1	0
25706454	1	0
25706840	1	0
25707509	1	0
25711408	1	0
25711705	0	1
25713689	0	1
25713736	1	0
25714742	1	0
25715730	0	1
25717547	0	1
25717713	0	1
25719821	1	0
25722819	0	1
25728213	1	0
25729148	1	0
25730011	1	0
25730290	1	0
25733155	0	1
25733410	0	1
25735164	1	0
25736782	0	1
25738579	0	1
25738605	0	1
25739641	1	0
25739783	0	1
25741530	0	1
25741810	1	0
25743444	0	1
25745630	0	1
25746831	0	1
25748764	1	0
25749510	0	1
25752971	1	0
25753361	0	1
25753731	1	0
25753899	1	0
25754079	0	1
25754268	1	0
25754753	0	1
25756411	1	0
25759679	1	0
25759833	1	0
25760550	1	0
25760704	0	1
25760708	1	0
25760982	0	1
25761988	1	0
25762499	1	0
25764426	0	1
25768300	0	1
25768602	1	0
25768710	0	1
25768904	1	0
25772223	1	0
25773640	1	0
25774052	1	0
25774448	1	0
25779494	1	0
25779631	0	1
25779860	0	1
25779942	1	0
25780240	0	1
25784060	0	1
25784664	0	1
25784897	0	1
25784956	1	0
25786296	0	1
25786527	1	0
25786837	0	1
25787783	0	1
25789978	0	1
25792250	0	1
25797675	1	0
25797896	1	0
25799948	1	0
25800462	1	0
25801557	1	0
25802710	1	0
25804975	0	1
25805910	0	1
25806449	1	0
25812692	0	1
25813113	0	1
25813942	1	0
25814214	0	1
25816743	0	1
25818537	0	1
25820194	0	1
25821200	0	1
25821997	0	1
25822607	1	0
25823245	1	0
25824797	0	1
25826874	0	1
25828025	0	1
25829229	0	1
25829361	0	1
25830184	0	1
25830556	0	1
25835236	1	0
25835790	1	0
25837290	0	1
25840839	1	0
25841341	0	1
25841756	0	1
25843246	1	0
25844260	0	1
25845481	1	0
25845499	0	1
25846607	1	0
25847136	1	0
25848156	0	1
25854854	0	1
25859320	1	0
25862301	0	1
25863352	0	1
25863602	1	0
25863612	0	1
25866057	0	1
25866101	1	0
25866595	0	1
25869155	1	0
25869561	0	1
25870519	0	1
25873104	1	0
25877178	0	1
25877433	1	0
25878111	0	1
25884664	1	0
25886145	1	0
25887512	0	1
25887824	1	0
25887848	0	1
25890944	1	0
25891644	0	1
25891792	1	0
25893714	1	0
25893908	1	0
25893975	1	0
25895475	0	1
25895827	0	1
25896617	1	0
25897573	0	1
25898053	1	0
25901047	0	1
25901461	0	1
25901690	1	0
25902203	0	1
25902614	1	0
25905290	1	0
25909248	1	0
25910083	0	1
25911065	1	0
25911304	1	0
25911940	1	0
25912616	0	1
25914121	1	0
25915446	1	0
25916390	1	0
25917280	0	1
25919165	1	0
25919265	0	1
25921555	0	1
25929411	0	1
25936209	1	0
25936310	0	1
25936383	0	1
25938123	0	1
25940032	0	1
25941413	1	0
25941569	1	0
25942279	1	0
25942727	1	0
25947643	1	0
25948514	0	1
25951034	0	1
25952336	0	1
25955308	1	0
25955445	0	1
25956333	1	0
25956614	0	1
25957284	0	1
25957380	0	1
25957843	0	1
25958524	0	1
25961990	0	1
25962690	1	0
25962697	1	0
25962859	1	0
25963844	1	0
25966214	1	0
25966978	0	1
25971579	1	0
25971679	0	1
25971933	1	0
25972172	1	0
25974378	1	0
25975937	0	1
25983089	0	1
25985231	1	0
25986036	0	1
25986090	1	0
25986093	0	1
25987524	0	1
25989101	1	0
25991466	0	1
25992754	0	1
25993520	0	1
25993863	0	1
26001568	1	0
26002132	0	1
26003104	1	0
26004608	0	1
26008123	0	1
26011598	1	0
26012522	1	0
26012758	0	1
26014087	1	0
26016388	0	1
26018482	0	1
26018965	0	1
26019608	0	1
26023336	1	0
26023784	1	0
26026111	1	0
26026243	1	0
26026703	0	1
26026796	1	0
26027474	0	1
26028506	1	0
26028662	0	1
26029349	1	0
26031405	1	0
26033355	0	1
26033924	1	0
26034079	1	0
26034179	1	0
26034981	0	1
26036428	1	0
26036438	0	1
26038148	0	1
26040859	1	0
26041282	0	1
26042775	0	1
26048306	0	1
26048530	1	0
26050753	1	0
26052164	0	1
26052666	1	0
26053463	1	0
26054298	0	1
26055880	1	0
26059093	0	1
26059352	0	1
26062025	0	1
26064507	1	0
26066339	1	0
26069018	1	0
26070773	1	0
26071156	0	1
26071701	0	1
26072120	1	0
26074308	0	1
26075197	1	0
26075918	1	0
26076116	1	0
26076203	1	0
26079507	0	1
26082622	1	0
26083683	1	0
26088548	1	0
26090459	1	0
26094037	1	0
26094191	1	0
26096478	1	0
26098014	1	0
26099537	1	0
26101613	1	0
26101677	1	0
26101835	1	0
26104351	0	1
26105268	1	0
26105483	0	1
26107442	1	0
26108713	0	1
26109672	1	0
26110564	0	1
26110627	1	0
26111643	1	0
26112415	0	1
26113183	0	1
26114944	0	1
26116647	1	0
26118848	1	0
26131126	1	0
26132566	1	0
26133109	1	0
26134248	0	1
26135952	1	0
26139930	1	0
26141074	0	1
26142107	1	0
26142927	1	0
26143985	0	1
26145024	1	0
26145972	0	1
26149038	1	0
26149055	0	1
26151464	1	0
26152198	0	1
26153097	0	1
26153421	1	0
26153716	1	0
26155463	0	1
26155509	0	1
26156003	0	1
26156106	0	1
26158844	0	1
26160112	0	1
26161238	1	0
26161734	1	0
26165662	0	1
26165903	0	1
26166083	1	0
26166964	0	1
26167727	1	0
26168236	0	1
26171123	0	1
26175595	0	1
26176000	0	1
26176335	1	0
26177412	0	1
26177882	0	1
26180818	1	0
26181700	1	0
26184439	0	1
26186054	1	0
26186448	1	0
26192186	1	0
26192947	1	0
26193422	0	1
26195084	1	0
26195531	1	0
26198215	1	0
26198968	1	0
26199280	0	1
26199591	0	1
26200600	0	1
26201881	1	0
26205688	1	0
26206791	1	0
26208931	1	0
26209688	1	0
26209789	0	1
26211153	0	1
26211277	0	1
26211358	1	0
26211437	1	0
26213999	0	1
26217013	0	1
26219189	1	0
26219980	1	0
26220813	0	1
26220929	0	1
26222579	1	0
26225896	0	1
26226098	1	0
26228855	0	1
26232825	1	0
26235521	0	1
26236460	0	1
26236671	1	0
26238860	1	0
26240422	1	0
26240452	0	1
26241168	1	0
26243148	1	0
26243749	0	1
26244469	1	0
26244709	1	0
26245959	1	0
26246575	1	0
26246819	1	0
26247342	0	1
26247939	1	0
26248668	1	0
26251554	0	1
26253646	1	0
26254425	0	1
26257177	0	1
26257405	0	1
26257438	0	1
26258967	1	0
26259367	0	1
26260266	1	0
26261402	0	1
26264553	0	1
26266734	0	1
26268314	0	1
26270062	1	0
26270699	0	1
26271518	0	1
26272356	0	1
26273382	0	1
26273658	1	0
26275093	0	1
26276183	1	0
26278315	0	1
26279116	1	0
26280183	1	0
26282361	1	0
26283701	1	0
26288050	1	0
26289276	1	0
26289581	0	1
26290035	1	0
26291677	1	0
26292909	0	1
26293042	1	0
26293485	0	1
26295530	0	1
26295890	0	1
26297222	1	0
26300098	1	0
26307200	1	0
26308551	0	1
26308597	1	0
26309128	0	1
26311722	1	0
26313790	1	0
26314425	1	0
26318319	0	1
26318446	1	0
26318687	0	1
26320995	1	0
26322542	0	1
26322904	1	0
26322920	1	0
26323896	1	0
26325344	1	0
26325423	1	0
26325955	1	0
26326696	0	1
26327595	1	0
26327726	1	0
26328497	1	0
26329123	0	1
26329261	1	0
26329911	1	0
26329965	1	0
26330130	0	1
26330642	0	1
26332045	0	1
26333426	0	1
26333873	0	1
26334440	1	0
26335889	1	0
26337246	0	1
26337648	0	1
26337889	0	1
26338238	0	1
26338319	1	0
26340530	1	0
26350635	1	0
26351887	1	0
26356316	1	0
26358399	0	1
26358884	1	0
26359909	1	0
26362521	1	0
26365835	1	0
26366979	1	0
26371111	1	0
26371411	0	1
26372452	0	1
26372899	1	0
26377498	1	0
26377915	1	0
26378785	1	0
26379893	1	0
26379980	0	1
26380790	0	1
26382240	0	1
26383585	0	1
26385647	0	1
26386338	1	0
26386622	1	0
26389502	0	1
26389855	0	1
26391056	1	0
26392668	0	1
26393010	1	0
26393116	0	1
26393369	1	0
26394154	0	1
26395043	0	1
26398619	1	0
26399818	0	1
26400002	0	1
26401804	0	1
26401954	1	0
26402391	1	0
26403983	0	1
26404054	0	1
26407606	0	1
26408753	0	1
26410148	0	1
26410505	1	0
26412957	0	1
26412963	0	1
26414123	0	1
26415951	0	1
26416543	1	0
26416934	0	1
26418403	0	1
26419526	1	0
26422601	1	0
26423592	1	0
26426934	1	0
26427125	0	1
26427306	0	1
26427373	0	1
26427715	1	0
26430049	0	1
26434640	0	1
26435952	1	0
26437602	0	1
26437715	1	0
26442066	0	1
26443135	0	1
26445070	0	1
26446154	0	1
26446782	1	0
26449296	0	1
26449393	1	0
26451101	0	1
26451443	0	1
26451980	1	0
26452582	1	0
26452761	0	1
26453186	1	0
26453925	1	0
26456400	1	0
26456604	1	0
26458450	1	0
26458467	1	0
26459990	0	1
26461597	0	1
26461877	1	0
26463546	0	1
26464341	0	1
26464921	0	1
26465066	1	0
26465499	0	1
26465909	1	0
26466643	1	0
26467066	1	0
26469580	0	1
26470632	1	0
26471025	1	0
26471204	0	1
26471211	1	0
26471492	1	0
26471493	1	0
26472160	1	0
26473176	0	1
26473623	1	0
26475824	0	1
26476728	0	1
26476946	0	1
26478175	1	0
26480499	1	0
26480933	1	0
26481337	1	0
26481703	0	1
26487372	0	1
26489976	1	0
26491219	0	1
26492861	1	0
26494653	1	0
26495552	0	1
26495956	0	1
26497808	1	0
26498761	1	0
26501225	0	1
26504776	1	0
26508023	0	1
26508375	1	0
26508787	0	1
26509038	1	0
26510932	0	1
26512092	0	1
26515415	0	1
26516224	0	1
26517004	0	1
26517618	1	0
26521603	1	0
26521704	0	1
26522328	1	0
26527014	1	0
26533894	1	0
26535077	0	1
26535819	0	1
26536407	0	1
26538062	1	0
26539468	0	1
26539763	0	1
26540998	1	0
26542231	0	1
26542629	0	1
26542915	0	1
26543067	1	0
26545432	1	0
26545569	0	1
26546536	0	1
26546941	1	0
26547314	1	0
26547698	1	0
26549536	1	0
26550139	0	1
26550312	1	0
26550829	0	1
26552558	0	1
26553657	1	0
26553843	0	1
26554871	1	0
26556675	1	0
26560301	1	0
26560713	1	0
26563906	0	1
26566580	0	1
26568789	1	0
26569682	0	1
26571747	0	1
26572213	0	1
26573339	0	1
26574192	0	1
26575538	1	0
26576129	0	1
26577105	1	0
26579757	1	0
26579826	1	0
26579890	0	1
26580225	1	0
26580485	0	1
26582166	0	1
26582762	0	1
26583315	1	0
26583539	1	0
26585243	1	0
26587128	0	1
26590000	1	0
26594225	1	0
26594276	0	1
26596325	0	1
26596429	1	0
26598223	0	1
26598687	1	0
26599529	0	1
26600345	0	1
26601311	0	1
26603634	1	0
26605365	0	1
26606293	0	1
26606365	1	0
26606622	0	1
26607427	0	1
26607489	1	0
26609079	1	0
26609554	1	0
26611739	1	0
26612779	1	0
26615593	1	0
26619522	1	0
26621906	0	1
26630863	0	1
26631768	1	0
26632449	1	0
26632698	0	1
26633295	0	1
26636321	1	0
26639814	0	1
26640104	0	1
26641246	1	0
26641638	1	0
26643764	0	1
26644850	0	1
26648003	1	0
26649153	1	0
26649343	1	0
26650128	1	0
26650175	1	0
26651786	1	0
26651940	0	1
26652554	0	1
26652856	1	0
26653126	1	0
26653853	1	0
26655762	1	0
26658127	1	0
26659286	0	1
26659792	1	0
26660302	1	0
26661830	1	0
26662017	0	1
26662790	0	1
26662836	0	1
26665365	1	0
26666343	1	0
26667055	1	0
26668234	1	0
26668388	1	0
26668852	1	0
26669390	1	0
26670389	0	1
26670631	0	1
26671490	1	0
26673057	0	1
26673361	1	0
26675109	1	0
26675182	0	1
26679091	1	0
26681010	0	1
26681265	0	1
26682166	1	0
26682502	1	0
26682512	1	0
26683224	0	1
26684032	0	1
26689587	1	0
26690012	0	1
26690199	0	1
26690987	1	0
26691814	1	0
26692004	1	0
26692573	0	1
26693310	1	0
26695628	1	0
26695997	1	0
26697466	1	0
26699155	0	1
26699584	1	0
26700568	1	0
26702236	0	1
26702262	0	1
26702798	1	0
26704483	0	1
26705755	0	1
26707121	1	0
26710259	0	1
26711869	0	1
26712576	0	1
26713821	0	1
26716372	0	1
26717800	0	1
26721005	1	0
26722123	0	1
26723640	1	0
26723886	0	1
26724975	1	0
26726507	0	1
26727746	0	1
26728801	1	0
26732619	1	0
26733436	1	0
26733532	0	1
26735386	0	1
26736118	0	1
26736340	1	0
26738834	0	1
26739270	0	1
26742364	0	1
26742996	1	0
26744972	0	1
26745971	0	1
26747020	1	0
26747210	0	1
26747707	0	1
26747919	0	1
26748448	0	1
26749786	1	0
26749917	0	1
26751123	0	1
26752594	0	1
26752708	1	0
26754606	0	1
26755206	1	0
26755282	0	1
26755405	1	0
26755540	0	1
26759515	1	0
26760672	0	1
26765940	0	1
26766424	1	0
26766482	1	0
26766550	0	1
26766917	0	1
26767948	0	1
26769766	1	0
26770065	1	0
26770806	0	1
26773782	0	1
26774015	1	0
26774457	0	1
26775449	1	0
26777446	1	0
26779616	0	1
26783544	0	1
26787610	1	0
26788087	1	0
26788378	1	0
26789025	0	1
26789086	0	1
26789274	1	0
26789402	1	0
26791455	0	1
26792894	1	0
26793438	1	0
26794511	1	0
26797370	1	0
26797536	0	1
26798005	1	0
26800926	1	0
26801178	1	0
26802849	0	1
26803069	0	1
26803249	0	1
26803615	1	0
26804361	1	0
26806092	0	1
26806972	1	0
26807786	1	0
26809250	1	0
26811263	0	1
26816179	1	0
26816829	0	1
26817013	1	0
26817098	1	0
26817157	1	0
26817308	1	0
26817737	1	0
26817836	1	0
26819143	1	0
26819350	1	0
26819394	0	1
26821230	0	1
26825729	0	1
26828508	0	1
26831277	0	1
26832444	0	1
26832502	1	0
26834037	0	1
26834960	0	1
26835110	0	1
26835735	1	0
26836434	1	0
26836556	1	0
26841406	1	0
26843399	0	1
26843702	1	0
26844805	1	0
26845370	0	1
26845728	0	1
26847290	0	1
26851114	0	1
26851698	1	0
26852512	0	1
26857867	0	1
26858093	0	1
26858452	1	0
26858818	0	1
26859083	1	0
26861901	0	1
26865160	0	1
26868385	1	0
26872755	1	0
26874619	0	1
26877767	0	1
26879140	0	1
26879309	0	1
26881121	0	1
26886680	0	1
26887854	0	1
26888886	0	1
26889756	1	0
26890188	0	1
26890605	0	1
26890634	0	1
26894413	0	1
26894986	1	0
26896786	1	0
26897296	0	1
26897665	0	1
26898521	0	1
26898699	1	0
26899318	1	0
26899754	1	0
26901107	1	0
26902534	0	1
26903234	0	1
26903751	0	1
26904607	1	0
26905987	1	0
26906154	0	1
26907033	1	0
26907239	0	1
26907432	1	0
26908736	0	1
26911659	0	1
26912400	1	0
26912676	1	0
26913396	1	0
26913724	1	0
26914122	0	1
26914462	1	0
26915699	0	1
26916055	0	1
26920329	1	0
26922411	1	0
26922754	1	0
26923029	0	1
26925964	1	0
26928960	1	0
26929347	1	0
26931754	0	1
26938495	1	0
26938630	1	0
26938650	1	0
26939827	1	0
26940569	0	1
26943647	0	1
26944971	1	0
26945436	1	0
26945889	0	1
26946500	1	0
26947122	0	1
26947447	0	1
26948076	0	1
26948819	1	0
26953710	1	0
26954401	0	1
26955140	1	0
26956117	0	1
26960074	1	0
26961190	0	1
26961990	1	0
26964237	1	0
26964329	1	0
26965880	0	1
26966080	1	0
26966375	1	0
26966949	0	1
26971935	0	1
26972357	1	0
26976315	0	1
26976980	0	1
26977225	1	0
26979445	0	1
26979547	0	1
26981880	0	1
26981883	0	1
26981903	1	0
26982333	1	0
26983007	1	0
26986868	1	0
26992235	0	1
26992639	1	0
26993832	0	1
26996228	1	0
26996849	1	0
26998938	0	1
26999708	0	1
27000633	0	1
27001809	0	1
27004600	0	1
27006426	1	0
27006688	1	0
27006958	1	0
27007388	1	0
27007887	1	0
27008254	0	1
27009289	0	1
27010868	1	0
27011897	1	0
27012344	1	0
27015101	1	0
27015130	1	0
27015685	1	0
27017628	0	1
27018270	1	0
27018561	0	1
27020546	0	1
27021173	0	1
27021320	1	0
27021334	0	1
27021726	1	0
27024073	0	1
27025472	0	1
27027878	0	1
27029244	1	0
27030576	1	0
27030737	0	1
27031821	0	1
27033471	0	1
27033686	0	1
27034154	0	1
27035639	0	1
27036589	0	1
27036645	0	1
27037228	1	0
27038869	1	0
27039018	0	1
27040274	0	1
27042901	1	0
27043482	0	1
27045077	0	1
27045253	0	1
27045491	0	1
27046717	0	1
27047735	1	0
27047945	0	1
27048735	0	1
27049457	0	1
27049656	0	1
27051044	1	0
27052737	0	1
27054622	0	1
27054748	1	0
27055709	1	0
27057891	0	1
27059601	1	0
27060862	1	0
27061183	1	0
27062112	0	1
27063958	1	0
27064308	1	0
27064996	0	1
27066544	1	0
27067300	1	0
27068888	1	0
27071438	1	0
27071491	0	1
27074279	0	1
27075629	0	1
27077218	1	0
27077796	1	0
27078973	1	0
27079306	1	0
27081249	0	1
27082670	1	0
27083468	1	0
27084019	0	1
27086063	0	1
27087545	1	0
27089693	0	1
27090012	0	1
27091034	1	0
27092490	0	1
27092834	0	1
27096716	1	0
27098025	0	1
27100456	0	1
27101503	0	1
27104760	1	0
27105420	1	0
27105620	1	0
27108450	0	1
27108874	0	1
27108989	1	0
27109045	0	1
27109941	0	1
27111461	1	0
27112373	0	1
27113136	0	1
27113890	0	1
27117610	1	0
27119030	1	0
27119212	1	0
27119710	1	0
27120278	0	1
27120676	1	0
27123139	1	0
27126527	0	1
27129421	1	0
27130541	1	0
27133014	1	0
27134223	1	0
27135128	1	0
27135187	0	1
27139021	1	0
27139658	0	1
27139701	0	1
27141143	0	1
27143146	0	1
27143822	0	1
27146110	0	1
27147740	1	0
27150600	1	0
27152350	1	0
27155714	0	1
27156177	1	0
27156181	0	1
27160719	0	1
27162434	0	1
27162971	1	0
27163545	0	1
27163579	0	1
27164085	0	1
27164750	1	0
27167229	1	0
27168254	0	1
27168673	1	0
27171629	1	0
27173665	0	1
27174434	0	1
27174820	1	0
27175613	1	0
27177719	0	1
27178364	1	0
27184266	1	0
27186789	0	1
27187419	1	0
27187538	1	0
27189276	0	1
27190562	0	1
27193155	1	0
27194475	1	0
27195253	0	1
27196002	1	0
27196446	1	0
27199547	0	1
27205337	1	0
27206039	1	0
27208948	0	1
27211597	0	1
27213127	0	1
27213923	0	1
27214780	0	1
27215437	1	0
27215706	0	1
27215871	1	0
27215945	0	1
27219469	1	0
27221938	1	0
27221986	0	1
27223612	0	1
27223972	0	1
27226938	0	1
27231162	0	1
27236073	0	1
27237663	0	1
27238359	1	0
27238410	1	0
27238681	1	0
27238960	0	1
27240492	0	1
27240877	0	1
27241128	0	1
27243204	1	0
27244454	0	1
27244937	1	0
27245638	0	1
27247106	1	0
27253015	1	0
27253466	0	1
27253855	0	1
27256796	0	1
27257147	0	1
27258043	0	1
27260607	1	0
27262161	0	1
27262188	0	1
27262942	0	1
27262984	1	0
27263628	0	1
27263916	0	1
27265272	1	0
27265459	0	1
27265833	0	1
27267078	0	1
27267544	1	0
27270831	0	1
27271188	0	1
27271626	1	0
27272338	1	0
27272439	0	1
27274304	1	0
27275638	0	1
27277147	1	0
27279466	1	0
27280669	0	1
27281119	0	1
27282560	1	0
27283290	1	0
27285804	0	1
27288220	0	1
27289467	1	0
27290041	0	1
27291837	0	1
27292047	0	1
27292733	1	0
27294013	0	1
27294471	0	1
27300959	0	1
27304162	1	0
27305214	0	1
27305248	1	0
27306805	0	1
27308176	0	1
27309984	0	1
27311874	0	1
27313512	0	1
27315808	0	1
27316974	1	0
27318473	0	1
27322638	0	1
27322909	1	0
27333150	0	1
27333928	0	1
27334037	0	1
27334151	1	0
27336233	1	0
27338894	0	1
27339421	1	0
27342153	0	1
27346405	0	1
27346689	0	1
27348071	0	1
27348281	1	0
27349351	0	1
27352294	1	0
27352454	1	0
27354374	0	1
27355361	0	1
27357080	0	1
27357618	0	1
27359636	0	1
27363159	0	1
27364045	1	0
27365716	1	0
27367813	0	1
27368463	1	0
27369008	1	0
27369355	1	0
27370075	1	0
27372663	1	0
27373206	0	1
27373404	1	0
27373588	0	1
27373885	0	1
27375906	1	0
27379159	1	0
27380099	0	1
27380664	1	0
27384254	1	0
27385331	0	1
27385943	1	0
27386064	0	1
27386219	1	0
27386819	1	0
27387139	0	1
27387975	1	0
27389083	1	0
27392208	0	1
27392874	1	0
27393060	1	0
27395157	1	0
27396793	0	1
27396905	1	0
27397840	0	1
27397926	1	0
27401126	0	1
27401770	1	0
27401994	1	0
27402519	0	1
27402528	0	1
27405142	0	1
27405222	0	1
27405651	1	0
27406763	0	1
27407051	1	0
27411056	1	0
27411409	1	0
27411862	1	0
27412106	1	0
27412537	1	0
27412883	1	0
27422398	1	0
27422925	0	1
27427087	1	0
27431070	0	1
27431176	1	0
27431400	1	0
27432214	1	0
27433243	0	1
27436560	0	1
27437289	0	1
27438981	1	0
27440457	1	0
27441545	0	1
27441612	0	1
27445119	0	1
27448158	1	0
27450169	0	1
27456305	0	1
27459672	0	1
27460832	0	1
27467859	1	0
27467930	0	1
27468834	1	0
27469819	0	1
27469838	1	0
27469889	1	0
27470573	1	0
27471111	0	1
27471817	1	0
27473503	0	1
27474590	1	0
27474891	1	0
27477677	0	1
27485143	0	1
27486856	1	0
27488133	0	1
27488485	0	1
27495095	0	1
27495760	0	1
27496173	1	0
27496587	1	0
27498269	0	1
27500159	1	0
27503244	1	0
27506828	1	0
27507178	1	0
27507871	1	0
27509071	1	0
27509234	0	1
27509717	1	0
27509838	1	0
27512474	1	0
27513919	1	0
27514220	0	1
27517485	0	1
27518395	1	0
27518511	0	1
27521110	0	1
27521225	0	1
27521781	0	1
27526499	1	0
27526557	0	1
27526610	1	0
27528307	0	1
27529225	1	0
27529420	1	0
27530923	1	0
27531162	1	0
27531319	1	0
27531468	1	0
27532342	1	0
27533137	0	1
27534763	0	1
27534931	0	1
27537931	1	0
27540102	0	1
27541686	1	0
27542737	1	0
27543363	0	1
27544737	1	0
27545152	1	0
27545959	0	1
27549681	0	1
27550326	1	0
27553630	1	0
27553771	1	0
27553864	0	1
27555841	0	1
27555869	0	1
27556055	1	0
27557140	0	1
27560085	0	1
27560402	1	0
27563606	0	1
27563698	1	0
27566058	0	1
27566148	0	1
27567766	1	0
27568648	0	1
27568940	1	0
27569232	1	0
27571000	0	1
27571339	1	0
27572799	0	1
27573802	1	0
27574696	1	0
27576583	0	1
27577038	0	1
27577046	0	1
27577892	1	0
27578966	0	1
27581165	1	0
27583332	0	1
27583340	0	1
27583607	0	1
27586038	0	1
27587026	1	0
27587959	1	0
27588296	1	0
27589998	1	0
27590190	1	0
27591499	1	0
27596204	1	0
27597382	0	1
27598136	1	0
27600235	0	1
27600322	1	0
27600710	0	1
27600760	1	0
27604075	1	0
27606113	1	0
27611817	1	0
27616413	1	0
27616497	1	0
27616916	1	0
27617562	0	1
27617585	0	1
27617988	1	0
27618249	1	0
27623187	1	0
27623875	1	0
27624416	0	1
27626485	1	0
27631070	1	0
27631256	0	1
27631848	0	1
27632890	1	0
27633246	0	1
27633273	0	1
27637780	1	0
27638530	0	1
27640041	0	1
27640569	1	0
27640648	1	0
27640783	0	1
27641470	0	1
27643677	1	0
27644943	1	0
27646831	0	1
27650243	0	1
27651249	1	0
27652055	1	0
27652094	1	0
27652680	0	1
27654164	0	1
27654480	0	1
27657062	1	0
27657296	1	0
27659763	0	1
27661474	1	0
27662534	0	1
27663103	1	0
27663364	0	1
27663949	1	0
27665417	0	1
27665676	1	0
27666577	0	1
27667073	1	0
27671839	1	0
27673677	1	0
27673877	0	1
27679068	0	1
27679279	0	1
27680200	0	1
27680717	1	0
27682183	0	1
27685617	0	1
27687748	1	0
27688551	1	0
27689508	1	0
27691317	1	0
27692064	1	0
27692232	0	1
27693435	1	0
27697930	1	0
27698493	0	1
27698713	0	1
27699759	1	0
27699802	0	1
27703541	0	1
27704660	1	0
27705183	0	1
27705320	0	1
27709019	1	0
27709672	1	0
27711023	1	0
27714246	1	0
27716164	0	1
27717987	1	0
27718876	0	1
27721415	1	0
27721609	0	1
27721644	0	1
27722014	1	0
27722067	1	0
27724962	1	0
27727704	0	1
27730230	1	0
27730515	0	1
27730635	0	1
27731628	1	0
27732979	1	0
27733176	1	0
27735172	0	1
27736196	0	1
27736549	1	0
27739275	0	1
27740620	0	1
27740781	1	0
27742452	0	1
27743503	0	1
27749365	0	1
27749804	1	0
27750522	1	0
27751511	1	0
27751652	1	0
27751988	1	0
27753706	0	1
27756566	1	0
27758616	1	0
27761342	1	0
27761872	0	1
27762282	0	1
27765264	0	1
27765457	0	1
27766693	0	1
27768722	1	0
27770850	1	0
27771632	0	1
27772528	1	0
27772846	0	1
27775212	1	0
27775777	0	1
27779596	0	1
27779916	1	0
27780515	0	1
27780647	0	1
27780975	0	1
27781569	1	0
27781795	1	0
27783021	1	0
27783380	1	0
27786477	0	1
27787964	1	0
27787987	1	0
27791010	1	0
27793193	1	0
27793879	0	1
27794304	0	1
27795579	1	0
27795831	1	0
27797324	1	0
27798333	1	0
27798943	0	1
27799179	1	0
27801175	0	1
27802328	0	1
27802599	1	0
27803883	1	0
27804989	0	1
27805521	0	1
27806088	1	0
27806642	0	1
27812846	0	1
27813156	0	1
27813859	1	0
27819352	0	1
27820419	1	0
27820802	1	0
27821233	0	1
27821932	0	1
27822969	1	0
27825505	0	1
27825987	0	1
27826268	0	1
27827346	0	1
27828602	0	1
27829556	1	0
27831911	0	1
27833455	1	0
27835074	1	0
27838186	1	0
27839405	0	1
27839603	0	1
27842941	1	0
27846940	0	1
27847368	1	0
27848433	1	0
27849747	0	1
27850778	0	1
27850870	1	0
27851726	1	0
27857109	0	1
27857433	1	0
27859958	0	1
27861167	0	1
27861814	0	1
27862895	1	0
27864015	1	0
27865044	1	0
27868628	0	1
27869620	0	1
27870344	1	0
27871804	0	1
27873273	1	0
27874477	0	1
27874987	0	1
27875558	1	0
27877162	1	0
27877918	1	0
27880576	0	1
27880837	0	1
27881315	0	1
27882193	1	0
27883058	1	0
27884035	0	1
27886485	1	0
27886705	1	0
27887404	1	0
27887529	1	0
27888624	1	0
27888694	1	0
27888978	1	0
27889974	0	1
27890006	1	0
27892666	0	1
27894117	0	1
27896863	0	1
27897471	0	1
27900358	0	1
27900531	1	0
27900606	1	0
27900709	1	0
27905088	1	0
27909704	0	1
27913763	1	0
27914163	1	0
27915879	0	1
27915892	1	0
27916131	1	0
27916255	1	0
27917905	0	1
27919254	0	1
27921541	1	0
27924504	1	0
27926771	0	1
27928043	0	1
27928262	0	1
27928599	0	1
27930105	0	1
27931283	1	0
27931396	1	0
27932545	0	1
27933710	1	0
27933973	1	0
27934164	0	1
27934970	0	1
27935774	1	0
27937020	0	1
27937658	0	1
27937781	1	0
27938585	1	0
27939837	0	1
27940971	0	1
27941682	1	0
27942662	0	1
27943950	0	1
27946001	1	0
27947874	1	0
27948987	0	1
27949280	0	1
27953458	0	1
27954564	0	1
27956826	1	0
27961770	0	1
27962221	1	0
27962890	0	1
27964992	1	0
27966917	1	0
27967262	1	0
27967795	1	0
27971780	1	0
27977824	0	1
27977895	0	1
27977979	1	0
27978000	0	1
27979329	0	1
27981473	0	1
27982270	1	0
27982342	1	0
27983606	0	1
27985460	1	0
27985738	1	0
27991156	0	1
27995386	0	1
27996410	0	1
27997280	1	0
27998230	1	0
27998653	1	0
28000465	1	0
28002656	1	0
28011103	1	0
28011819	0	1
28012126	1	0
28013024	1	0
28013597	1	0
28013812	1	0
28016385	1	0
28016730	0	1
28016913	1	0
28018554	0	1
28019702	1	0
28019801	0	1
28023107	1	0
28024903	1	0
28024931	1	0
28025613	0	1
28026281	1	0
28026574	1	0
28032394	1	0
28033518	0	1
28034235	1	0
28034908	0	1
28037737	0	1
28037782	0	1
28038734	0	1
28042652	0	1
28046009	0	1
28046096	0	1
28048861	0	1
28049882	1	0
28053261	1	0
28057781	1	0
28058157	0	1
28058384	0	1
28060380	0	1
28061663	1	0
28064291	0	1
28066007	0	1
28067798	0	1
28068538	1	0
28069615	0	1
28077886	0	1
28080171	0	1
28080235	1	0
28081674	0	1
28083040	1	0
28083753	0	1
28084580	0	1
28085851	1	0
28088020	0	1
28088216	0	1
28090405	0	1
28090422	0	1
28090707	0	1
28091090	0	1
28091964	0	1
28093836	0	1
28095103	0	1
28095153	1	0
28096502	1	0
28098607	1	0
28099144	1	0
28099249	0	1
28100145	1	0
28100447	0	1
28100479	0	1
28103264	0	1
28104320	1	0
28104325	0	1
28105059	0	1
28105676	0	1
28106208	0	1
28106513	1	0
28106601	0	1
28108555	1	0
28108558	1	0
28111150	1	0
28111408	0	1
28111483	0	1
28115133	1	0
28116909	1	0
28118471	0	1
28118506	1	0
28119707	1	0
28122234	1	0
28122241	1	0
28123862	0	1
28125985	0	1
28126932	1	0
28131001	0	1
28135821	0	1
28136390	1	0
28137207	0	1
28137241	1	0
28143721	0	1
28144797	0	1
28146368	1	0
28146374	1	0
28147148	1	0
28147956	1	0
28150514	0	1
28155231	1	0
28157948	1	0
28160647	1	0
28162170	1	0
28162290	0	1
28162631	0	1
28162719	0	1
28163777	1	0
28165557	0	1
28165562	0	1
28166886	0	1
28168344	1	0
28168957	0	1
28169209	1	0
28171354	0	1
28172010	1	0
28172241	1	0
28173095	0	1
28173878	1	0
28175568	0	1
28175861	1	0
28176325	0	1
28176362	1	0
28176688	1	0
28176977	0	1
28179939	1	0
28180570	1	0
28184323	1	0
28185759	0	1
28186880	0	1
28193083	0	1
28195748	0	1
28196090	0	1
28197632	1	0
28198572	0	1
28198848	1	0
28199028	1	0
28201767	1	0
28211806	1	0
28211898	1	0
28212245	1	0
28214152	0	1
28214935	1	0
28215975	1	0
28217103	1	0
28219024	1	0
28221496	1	0
28221527	1	0
28221895	0	1
28222826	1	0
28223479	0	1
28223646	1	0
28224181	1	0
28225715	0	1
28227724	0	1
28228928	0	1
28229551	0	1
28231270	0	1
28235960	1	0
28237996	1	0
28238909	1	0
28240606	0	1
28242976	1	0
28243794	1	0
28245948	1	0
28246115	0	1
28246436	1	0
28250965	0	1
28254015	0	1
28256479	0	1
28258362	1	0
28260293	1	0
28260625	1	0
28263572	0	1
28265677	1	0
28269131	0	1
28270111	0	1
28271808	1	0
28273271	1	0
28274405	1	0
28275342	0	1
28275492	0	1
28275559	0	1
28275921	0	1
28277502	0	1
28278505	1	0
28280626	0	1
28280925	0	1
28282804	0	1
28284018	1	0
28285825	0	1
28285982	0	1
28287194	0	1
28290796	1	0
28291758	0	1
28294820	0	1
28295453	1	0
28296740	1	0
28297452	0	1
28297943	1	0
28298795	1	0
28298813	1	0
28299177	1	0
28299901	0	1
28300153	0	1
28300622	1	0
28302149	1	0
28304349	0	1
28305673	1	0
28306427	0	1
28307527	0	1
28312784	0	1
28313476	0	1
28314438	1	0
28321688	0	1
28324897	0	1
28325401	1	0
28331693	1	0
28332280	1	0
28332693	1	0
28333237	0	1
28335377	0	1
28337459	1	0
28341596	0	1
28342807	1	0
28343457	0	1
28346243	1	0
28350049	0	1
28351884	0	1
28353663	1	0
28354909	1	0
28355447	0	1
28364826	0	1
28364874	1	0
28365489	1	0
28365575	0	1
28365992	0	1
28366878	1	0
28367145	0	1
28367494	0	1
28367994	1	0
28369575	1	0
28370038	1	0
28370588	1	0
28374568	0	1
28375026	0	1
28376851	1	0
28377126	1	0
28377870	1	0
28384237	1	0
28384906	0	1
28386905	1	0
28387027	1	0
28388981	1	0
28389137	1	0
28389631	0	1
28390468	1	0
28392786	1	0
28393958	0	1
28394227	1	0
28394597	0	1
28395802	0	1
28396735	1	0
28397598	0	1
28398226	1	0
28400838	0	1
28401624	0	1
28401970	0	1
28402413	1	0
28405580	0	1
28409354	0	1
28409493	1	0
28412200	1	0
28414929	0	1
28415217	0	1
28416513	0	1
28420721	1	0
28421306	0	1
28429638	0	1
28432325	1	0
28432342	1	0
28433403	1	0
28434057	0	1
28435765	0	1
28439012	0	1
28440657	1	0
28444584	1	0
28445139	0	1
28446394	1	0
28448083	1	0
28450437	1	0
28453346	0	1
28453367	1	0
28455371	0	1
28458494	0	1
28458826	1	0
28460501	0	1
28462200	0	1
28462985	1	0
28464042	1	0
28464690	0	1
28464740	1	0
28464969	0	1
28465170	0	1
28465592	0	1
28465729	1	0
28467498	0	1
28467688	1	0
28467773	1	0
28467977	0	1
28468770	0	1
28469401	1	0
28470002	0	1
28470438	1	0
28475022	0	1
28476589	0	1
28476747	1	0
28477444	0	1
28477884	1	0
28479918	1	0
28481128	0	1
28482089	0	1
28482211	0	1
28482505	0	1
28482579	1	0
28483378	1	0
28485285	0	1
28486067	0	1
28486134	0	1
28488749	0	1
28489129	0	1
28489590	1	0
28492508	1	0
28492940	0	1
28494267	1	0
28494378	0	1
28494658	1	0
28497010	1	0
28497732	1	0
28499270	1	0
28499360	0	1
28500538	1	0
28501670	1	0
28502449	0	1
28512413	1	0
28514282	0	1
28514880	0	1
28515221	1	0
28517650	1	0
28518002	0	1
28518874	1	0
28521622	1	0
28525354	0	1
28526517	1	0
28530946	0	1
28531106	1	0
28531260	0	1
28532045	1	0
28533487	0	1
28533637	0	1
28534377	0	1
28534405	1	0
28534966	1	0
28535700	1	0
28537904	1	0
28538374	0	1
28540753	1	0
28541166	0	1
28541915	1	0
28543859	1	0
28546748	1	0
28547514	0	1
28548051	0	1
28549055	1	0
28550170	0	1
28550733	0	1
28552054	1	0
28553288	1	0
28553651	1	0
28553958	1	0
28553961	1	0
28556808	0	1
28557100	0	1
28558483	1	0
28559608	1	0
28560961	0	1
28561999	1	0
28562349	0	1
28563151	1	0
28564613	0	1
28565588	0	1
28566804	0	1
28567952	1	0
28568226	1	0
28568515	0	1
28568534	1	0
28571011	0	1
28574167	0	1
28576325	0	1
28578302	1	0
28578484	1	0
28578815	1	0
28579480	0	1
28581311	1	0
28581364	1	0
28582661	1	0
28586687	1	0
28587902	1	0
28588368	1	0
28588926	1	0
28590098	1	0
28591661	1	0
28592129	1	0
28592239	1	0
28592766	1	0
28594905	1	0
28594976	0	1
28596551	1	0
28598290	1	0
28598582	1	0
28599970	0	1
28600441	0	1
28601326	0	1
28601921	1	0
28603283	1	0
28604343	1	0
28605377	0	1
28605583	0	1
28607212	1	0
28610651	0	1
28612938	0	1
28612945	0	1
28613923	0	1
28621459	1	0
28625262	1	0
28626729	1	0
28633458	0	1
28634628	1	0
28638219	0	1
28638469	0	1
28641784	0	1
28644336	0	1
28645911	0	1
28646708	1	0
28647539	1	0
28648378	1	0
28649264	0	1
28649347	0	1
28649467	1	0
28655404	1	0
28655581	1	0
28659058	0	1
28664150	1	0
28664450	1	0
28665592	0	1
28665752	0	1
28667032	1	0
28667125	1	0
28668561	0	1
28669981	0	1
28670097	1	0
28672659	0	1
28672867	0	1
28676376	1	0
28677494	1	0
28683715	1	0
28684085	0	1
28685787	1	0
28686342	1	0
28687569	1	0
28689024	1	0
28693423	1	0
28694608	1	0
28695942	0	1
28696382	0	1
28698571	0	1
28701011	1	0
28701697	0	1
28703188	1	0
28703674	1	0
28704597	0	1
28705283	1	0
28707034	1	0
28707808	1	0
28708066	1	0
28709416	1	0
28710077	1	0
28710230	0	1
28710782	0	1
28712123	0	1
28713099	0	1
28715103	0	1
28719721	0	1
28720111	1	0
28720369	0	1
28720503	0	1
28721786	0	1
28722382	1	0
28722978	0	1
28723230	0	1
28725399	1	0
28725686	0	1
28727205	1	0
28729181	1	0
28733390	0	1
28734204	0	1
28734516	1	0
28734611	0	1
28735118	0	1
28735381	1	0
28735620	1	0
28737452	0	1
28739600	0	1
28739709	0	1
28741168	0	1
28742867	1	0
28743746	0	1
28749060	1	0
28751367	1	0
28751956	1	0
28753230	1	0
28753850	1	0
28754291	0	1
28754396	0	1
28754953	0	1
28755166	0	1
28756635	1	0
28756882	0	1
28756978	0	1
28759768	0	1
28760345	1	0
28761678	0	1
28763262	0	1
28764114	0	1
28767205	1	0
28771395	0	1
28771990	1	0
28775978	1	0
28782092	1	0
28783863	1	0
28784405	0	1
28788472	0	1
28789087	1	0
28789951	1	0
28791094	0	1
28791636	0	1
28792013	1	0
28792033	1	0
28793370	1	0
28793450	1	0
28794346	1	0
28795002	1	0
28795605	1	0
28795744	1	0
28797315	1	0
28798954	0	1
28798956	0	1
28799053	1	0
28799919	1	0
28803927	1	0
28804476	0	1
28804997	1	0
28805631	1	0
28806057	1	0
28808387	1	0
28809435	1	0
28811340	0	1
28811683	1	0
28811714	1	0
28811786	1	0
28812962	0	1
28813801	0	1
28813887	1	0
28815704	1	0
28815809	1	0
28818422	0	1
28818995	0	1
28820531	1	0
28821614	0	1
28822377	1	0
28824480	0	1
28824686	1	0
28825760	0	1
28826128	1	0
28826539	0	1
28827498	1	0
28829461	1	0
28833108	0	1
28833398	0	1
28835145	0	1
28835814	0	1
28837570	1	0
28838424	1	0
28839322	0	1
28842551	0	1
28843035	1	0
28843682	0	1
28846076	0	1
28847462	0	1
28848194	0	1
28848344	0	1
28848355	0	1
28848817	0	1
28849038	1	0
28849165	0	1
28849939	1	0
28853776	1	0
28856527	1	0
28858944	1	0
28860086	1	0
28860860	0	1
28861468	0	1
28862748	1	0
28864395	1	0
28864518	0	1
28864551	1	0
28864714	1	0
28864762	1	0
28865287	0	1
28866640	1	0
28871004	0	1
28873333	1	0
28873727	0	1
28873776	1	0
28873902	1	0
28875029	1	0
28876017	0	1
28876405	0	1
28877273	0	1
28877952	1	0
28879184	0	1
28883036	1	0
28885384	0	1
28886009	1	0
28886198	1	0
28886392	1	0
28887732	1	0
28888207	1	0
28888451	1	0
28889659	1	0
28891200	0	1
28893143	1	0
28894693	0	1
28895032	0	1
28897802	1	0
28899089	1	0
28899248	0	1
28899710	1	0
28900185	0	1
28901204	1	0
28903294	1	0
28904348	0	1
28904422	1	0
28907922	0	1
28907994	0	1
28908696	1	0
28909674	0	1
28911604	1	0
28912149	0	1
28912404	0	1
28913173	0	1
28914889	0	1
28915318	1	0
28916523	0	1
28919404	0	1
28920941	1	0
28921591	0	1
28922682	0	1
28923982	1	0
28924141	0	1
28928596	1	0
28929274	1	0
28930279	0	1
28931994	1	0
28932073	0	1
28932551	0	1
28932720	0	1
28937563	1	0
28938911	0	1
28939333	0	1
28940542	0	1
28941334	1	0
28942537	0	1
28942884	0	1
28946561	1	0
28947419	1	0
28948025	1	0
28948576	0	1
28949888	1	0
28952884	1	0
28953305	1	0
28954723	1	0
28956886	1	0
28958049	0	1
28958539	1	0
28958649	0	1
28958887	0	1
28959237	0	1
28959979	1	0
28963628	1	0
28966259	0	1
28967279	1	0
28968216	0	1
28968931	1	0
28970998	1	0
28972090	1	0
28975580	1	0
28976208	0	1
28978097	0	1
28979677	0	1
28981244	0	1
28983679	0	1
28983711	0	1
28985291	0	1
28985850	0	1
28985877	0	1
28986945	0	1
28989317	1	0
28991984	0	1
28992311	1	0
28993501	1	0
28993661	1	0
28993708	0	1
28993922	0	1
28996947	0	1
28999262	0	1
28999767	0	1
29004433	1	0
29006504	1	0
29007529	0	1
29008258	0	1
29008528	1	0
29009400	0	1
29011207	0	1
29012412	1	0
29013020	0	1
29013533	0	1
29015323	0	1
29017162	0	1
29017384	1	0
29018189	0	1
29024400	1	0
29025370	0	1
29026160	0	1
29027530	1	0
29028078	0	1
29028179	0	1
29029888	0	1
29030451	1	0
29031340	1	0
29031601	0	1
29032019	0	1
29034257	1	0
29034983	0	1
29036508	1	0
29036984	1	0
29037525	0	1
29038726	0	1
29039575	1	0
29040765	1	0
29041729	1	0
29043168	1	0
29044262	1	0
29044842	1	0
29045451	0	1
29046646	0	1
29051524	1	0
29051982	0	1
29052356	0	1
29052463	0	1
29053165	0	1
29053225	1	0
29054125	0	1
29056878	0	1
29058889	1	0
29060167	0	1
29060364	1	0
29060939	1	0
29061810	0	1
29062411	1	0
29063121	0	1
29064289	1	0
29068242	0	1
29069284	0	1
29070468	0	1
29070928	0	1
29071203	1	0
29071954	1	0
29071965	1	0
29072739	1	0
29073552	1	0
29073888	1	0
29073932	1	0
29076232	1	0
29078003	0	1
29079011	0	1
29079728	1	0
29080205	0	1
29083503	0	1
29085870	0	1
29087445	0	1
29091463	1	0
29091585	1	0
29092062	1	0
29094489	1	0
29095055	0	1
29095132	0	1
29095313	0	1
29097046	0	1
29100768	1	0
29101224	0	1
29102448	1	0
29105140	0	1
29107095	0	1
29110528	0	1
29112005	0	1
29114497	1	0
29115035	1	0
29115161	1	0
29120987	1	0
29122095	0	1
29122599	0	1
29123822	0	1
29124250	1	0
29125319	0	1
29125464	1	0
29126447	0	1
29130445	1	0
29133142	0	1
29133882	1	0
29134013	1	0
29134464	0	1
29137510	0	1
29138182	0	1
29138661	0	1
29140285	1	0
29140499	1	0
29140960	0	1
29141314	1	0
29143665	0	1
29145425	1	0
29151253	1	0
29155623	1	0
29163379	1	0
29165139	0	1
29165182	1	0
29168043	1	0
29168187	1	0
29169049	0	1
29169856	1	0
29171034	1	0
29173407	0	1
29175637	0	1
29179434	0	1
29181289	0	1
29183244	0	1
29183335	0	1
29187180	1	0
29189071	1	0
29189533	0	1
29190238	1	0
29191125	1	0
29191415	1	0
29191790	1	0
29193164	0	1
29193432	0	1
29194162	1	0
29195166	1	0
29195253	0	1
29197584	1	0
29198361	1	0
29198736	1	0
29199974	0	1
29200407	0	1
29203321	1	0
29205704	0	1
29208708	1	0
29209452	0	1
29211037	0	1
29211105	0	1
29212699	1	0
29213915	0	1
29215001	0	1
29215447	1	0
29215715	1	0
29217775	1	0
29217795	0	1
29220754	1	0
29221702	1	0
29222242	0	1
29227110	1	0
29230055	1	0
29230228	1	0
29230811	1	0
29233334	0	1
29233792	0	1
29235117	0	1
29235221	1	0
29236794	0	1
29240198	1	0
29240449	1	0
29240801	1	0
29242038	1	0
29242115	1	0
29244657	1	0
29244729	1	0
29245352	1	0
29247148	1	0
29248924	1	0
29249081	1	0
29251205	1	0
29253785	1	0
29254205	0	1
29255792	1	0
29257402	0	1
29260958	1	0
29261837	1	0
29261861	0	1
29264115	1	0
29265734	0	1
29270416	0	1
29272815	0	1
29272967	0	1
29273592	1	0
29274826	0	1
29278731	0	1
29279705	1	0
29280033	1	0
29280246	1	0
29281018	0	1
29284527	0	1
29285156	0	1
29287630	0	1
29291363	0	1
29292027	1	0
29293234	0	1
29294371	0	1
29295452	1	0
29295990	0	1
29296362	1	0
29300324	0	1
29301553	0	1
29308205	1	0
29313445	0	1
29313447	1	0
29316373	0	1
29319854	1	0
29323724	1	0
29323885	1	0
29324169	1	0
29329191	0	1
29330232	0	1
29331331	0	1
29332017	0	1
29332367	0	1
29333519	1	0
29333631	1	0
29335009	1	0
29338349	1	0
29338669	0	1
29339353	0	1
29339764	0	1
29340138	0	1
29341681	0	1
29344566	0	1
29345633	1	0
29346539	0	1
29346560	0	1
29347338	0	1
29352338	1	0
29352376	1	0
29352528	1	0
29353898	0	1
29358122	1	0
29358540	1	0
29363321	0	1
29364436	0	1
29366235	1	0
29369729	1	0
29371697	1	0
29373463	1	0
29375481	1	0
29377160	1	0
29378318	0	1
29381396	1	0
29384361	1	0
29384426	1	0
29384796	1	0
29388528	1	0
29392134	0	1
29392398	1	0
29393786	0	1
29395907	1	0
29396331	0	1
29400818	0	1
29401625	1	0
29401757	1	0
29401823	0	1
29402137	1	0
29402558	1	0
29403510	0	1
29407470	1	0
29408741	0	1
29410539	0	1
29411648	0	1
29412054	0	1
29414732	0	1
29416171	1	0
29416703	1	0
29416839	1	0
29417084	1	0
29418953	0	1
29420046	0	1
29420225	0	1
29421480	0	1
29422561	0	1
29424148	0	1
29425642	1	0
29425683	0	1
29426729	1	0
29427612	0	1
29428871	1	0
29430398	1	0
29431687	0	1
29431990	1	0
29434229	1	0
29437752	0	1
29441391	0	1
29441463	1	0
29443612	0	1
29445537	1	0
29448712	0	1
29448841	0	1
29448912	1	0
29450046	1	0
29451094	0	1
29452496	0	1
29453430	1	0
29454209	0	1
29456007	0	1
29457898	1	0
29458012	0	1
29461834	0	1
29464704	1	0
29465638	0	1
29466985	0	1
29471174	1	0
29473030	1	0
29473823	0	1
29473941	1	0
29474133	0	1
29475043	1	0
29476681	0	1
29479560	1	0
29479656	1	0
29482529	1	0
29482925	1	0
29485077	1	0
29486763	1	0
29490639	1	0
29491117	0	1
29492169	1	0
29493167	0	1
29493223	1	0
29495628	1	0
29497215	1	0
29497269	0	1
29497300	1	0
29497418	1	0
29497779	1	0
29498747	1	0
29498839	1	0
29499287	0	1
29499296	0	1
29499516	1	0
29503477	0	1
29506900	0	1
29510611	0	1
29514672	0	1
29515877	1	0
29516381	1	0
29516680	0	1
29517026	1	0
29518855	0	1
29519300	1	0
29523685	1	0
29526093	0	1
29531282	0	1
29531652	1	0
29532676	1	0
29534249	1	0
29534911	0	1
29535605	0	1
29536337	0	1
29537613	1	0
29538426	0	1
29539922	0	1
29542732	0	1
29542906	1	0
29544501	0	1
29547976	1	0
29547980	0	1
29553318	0	1
29554242	1	0
29554481	1	0
29556479	1	0
29558287	1	0
29559049	1	0
29563558	1	0
29564040	1	0
29565003	0	1
29565378	0	1
29566316	1	0
29567340	0	1
29569747	1	0
29570861	0	1
29574062	1	0
29577367	1	0
29577731	0	1
29579810	1	0
29580186	0	1
29580988	0	1
29581927	1	0
29585882	0	1
29587830	1	0
29588194	0	1
29588663	1	0
29588759	0	1
29591332	1	0
29591398	1	0
29591893	0	1
29592436	1	0
29592834	0	1
29594607	1	0
29595500	0	1
29596320	0	1
29597844	0	1
29598098	1	0
29601670	1	0
29602069	0	1
29603608	0	1
29604233	0	1
29604828	1	0
29607198	1	0
29607371	0	1
29607497	1	0
29608370	0	1
29610550	1	0
29613143	1	0
29615091	1	0
29615414	1	0
29616134	1	0
29616216	0	1
29617318	1	0
29617372	1	0
29618218	0	1
29619084	1	0
29620794	0	1
29620845	1	0
29621608	1	0
29623276	0	1
29624556	0	1
29625236	0	1
29625298	0	1
29625819	0	1
29627440	0	1
29628743	0	1
29629617	0	1
29630738	0	1
29631264	1	0
29633671	1	0
29635161	1	0
29635709	0	1
29637069	1	0
29638225	0	1
29638661	0	1
29642827	1	0
29643476	1	0
29643767	0	1
29645853	1	0
29647113	1	0
29648870	1	0
29649739	1	0
29650640	0	1
29651019	0	1
29651595	0	1
29652467	1	0
29654708	0	1
29656900	0	1
29658235	0	1
29659097	0	1
29661603	0	1
29661785	1	0
29662335	1	0
29662642	0	1
29663206	1	0
29666728	0	1
29668199	0	1
29668805	1	0
29669339	0	1
29669428	1	0
29670480	0	1
29672192	0	1
29672701	0	1
29672950	0	1
29675618	0	1
29679647	1	0
29680043	0	1
29680690	1	0
29682076	1	0
29683239	0	1
29684253	0	1
29686177	1	0
29687551	1	0
29688034	1	0
29689420	0	1
29691777	0	1
29692865	1	0
29694271	0	1
29694373	1	0
29697392	1	0
29698563	0	1
29699234	0	1
29700009	0	1
29700604	0	1
29703983	1	0
29704925	0	1
29705063	1	0
29706753	0	1
29710020	0	1
29712958	1	0
29718187	1	0
29719314	1	0
29720506	0	1
29723171	1	0
29724508	1	0
29724661	1	0
29726271	0	1
29728148	0	1
29729641	1	0
29731830	1	0
29732995	0	1
29734629	0	1
29734673	0	1
29736472	0	1
29738280	0	1
29739491	1	0
29740101	0	1
29743815	0	1
29744530	0	1
29747359	1	0
29747542	0	1
29747871	1	0
29748528	1	0
29748658	1	0
29748666	0	1
29749002	0	1
29753114	0	1
29753139	1	0
29755212	0	1
29755597	0	1
29755665	0	1
29756501	0	1
29756858	1	0
29757153	0	1
29758433	1	0
29760436	0	1
29760711	1	0
29761270	0	1
29763179	1	0
29763948	0	1
29764223	1	0
29765492	0	1
29766459	1	0
29768016	1	0
29769662	0	1
29770221	0	1
29770268	0	1
29772589	0	1
29773408	1	0
29775292	0	1
29775539	0	1
29775866	0	1
29776421	1	0
29778227	1	0
29779826	1	0
29780665	1	0
29783775	1	0
29784839	1	0
29786407	0	1
29787118	1	0
29787579	0	1
29790834	0	1
29792425	0	1
29793913	1	0
29794553	0	1
29794616	0	1
29794977	0	1
29795470	0	1
29795544	0	1
29795546	1	0
29796840	1	0
29797858	0	1
29798443	0	1
29798924	1	0
29799229	0	1
29799485	0	1
29799743	0	1
29800079	1	0
29802417	0	1
29805181	1	0
29805790	1	0
29806347	0	1
29807566	0	1
29807649	1	0
29807797	1	0
29811828	0	1
29814141	0	1
29815179	0	1
29815908	1	0
29817993	0	1
29819244	1	0
29819596	0	1
29819803	1	0
29820218	1	0
29821624	0	1
29822737	0	1
29823281	1	0
29824690	0	1
29825490	1	0
29825647	1	0
29826148	0	1
29827272	1	0
29827925	0	1
29828344	0	1
29828975	0	1
29830890	1	0
29831257	0	1
29833661	0	1
29833881	1	0
29834001	1	0
29834027	0	1
29834628	0	1
29836741	1	0
29836858	1	0
29838204	0	1
29838341	0	1
29838362	1	0
29839695	0	1
29840379	0	1
29841366	0	1
29842184	1	0
29842290	0	1
29842305	0	1
29845586	0	1
29846225	1	0
29851380	1	0
29852592	1	0
29852849	1	0
29857183	0	1
29857592	0	1
29863348	1	0
29865242	1	0
29866996	1	0
29867615	0	1
29869268	1	0
29871836	0	1
29872986	0	1
29876258	1	0
29876419	1	0
29876629	1	0
29877966	0	1
29880596	0	1
29880758	0	1
29882233	1	0
29882747	1	0
29883240	0	1
29883362	1	0
29883518	1	0
29884707	1	0
29885158	0	1
29891492	0	1
29891618	0	1
29893155	1	0
29894584	0	1
29897364	1	0
29897757	1	0
29898477	0	1
29899968	0	1
29900673	1	0
29902265	1	0
29904625	0	1
29904773	0	1
29906113	1	0
29906444	0	1
29906742	1	0
29906824	1	0
29907695	0	1
29911001	1	0
29913839	1	0
29914416	1	0
29914560	1	0
29915854	1	0
29916747	0	1
29918929	0	1
29919435	0	1
29920394	0	1
29921231	1	0
29921395	1	0
29923449	1	0
29926859	0	1
29928084	1	0
29928368	0	1
29928532	1	0
29928643	1	0
29931071	1	0
29931857	1	0
29933365	1	0
29936073	0	1
29936624	1	0
29937454	0	1
29937616	1	0
29938576	1	0
29938858	1	0
29941991	0	1
29947199	1	0
29947276	1	0
29948333	0	1
29954094	1	0
29954583	1	0
29955050	1	0
29956195	0	1
29956660	1	0
29958106	1	0
29958608	1	0
29960191	0	1
29960686	0	1
29960975	0	1
29961650	0	1
29964040	0	1
29965505	0	1
29965642	0	1
29965913	0	1
29966153	1	0
29966955	0	1
29968321	1	0
29969220	0	1
29972338	1	0
29973402	0	1
29976005	1	0
29977910	0	1
29978859	0	1
29979083	1	0
29979292	0	1
29981573	1	0
29982301	1	0
29983362	0	1
29984267	0	1
29984901	1	0
29985534	0	1
29986197	0	1
29987807	0	1
29988379	1	0
29991411	1	0
29992174	1	0
29994663	1	0
29995603	1	0
29996352	0	1
29996779	0	1
29999568	0	1
30000521	1	0
30003335	0	1
30004601	1	0
30005543	0	1
30009291	0	1
30009470	0	1
30009641	0	1
30009682	1	0
30009839	0	1
30011625	0	1
30011743	0	1
30011887	1	0
30012217	1	0
30014608	1	0
30015583	1	0
30015764	1	0
30015904	1	0
30017777	0	1
30017959	0	1
30018102	1	0
30018686	0	1
30019249	0	1
30019465	1	0
30020112	1	0
30020567	1	0
30021621	1	0
30023588	0	1
30024871	1	0
30025696	0	1
30025764	0	1
30026003	0	1
30028875	1	0
30031521	1	0
30031569	1	0
30031702	0	1
30032216	1	0
30032957	0	1
30033292	1	0
30033463	0	1
30034986	1	0
30035844	0	1
30036207	1	0
30038350	1	0
30038556	0	1
30038633	0	1
30039495	1	0
30041267	0	1
30044518	0	1
30045053	0	1
30046161	1	0
30046354	1	0
30046647	1	0
30053321	0	1
30054796	1	0
30055084	1	0
30055594	1	0
30056103	0	1
30056375	1	0
30057502	0	1
30057825	1	0
30058193	0	1
30059218	0	1
30059306	0	1
30060264	1	0
30060299	0	1
30060637	1	0
30061057	1	0
30061582	0	1
30061651	1	0
30062199	0	1
30064527	0	1
30064592	1	0
30066959	1	0
30069134	0	1
30069157	0	1
30075171	1	0
30076775	0	1
30076914	0	1
30080501	0	1
30081087	1	0
30082436	1	0
30083757	0	1
30083875	0	1
30084698	0	1
30087333	0	1
30088923	0	1
30090237	1	0
30091105	0	1
30093251	0	1
30093683	0	1
30094097	0	1
30094264	0	1
30095267	0	1
30095657	1	0
30097196	1	0
30097731	1	0
30099096	1	0
30100561	0	1
30101492	0	1
30103092	1	0
30103483	1	0
30103918	0	1
30109981	0	1
30110312	0	1
30110591	0	1
30113333	1	0
30113451	1	0
30114869	0	1
30118647	0	1
30118686	1	0
30120605	0	1
30121006	1	0
30122703	1	0
30126578	1	0
30126796	0	1
30128235	1	0
30130422	1	0
30131885	1	0
30132636	1	0
30134040	0	1
30138342	0	1
30140142	1	0
30140226	0	1
30140494	0	1
30143551	1	0
30149012	1	0
30150096	1	0
30151774	0	1
30151997	0	1
30152024	0	1
30152452	1	0
30153927	1	0
30155930	1	0
30155949	1	0
30156934	1	0
30158283	1	0
30160327	0	1
30161778	1	0
30167227	1	0
30173152	1	0
30173426	1	0
30176500	1	0
30176592	0	1
30176989	1	0
30177343	1	0
30178420	1	0
30179030	0	1
30179341	1	0
30179931	0	1
30181904	1	0
30182526	0	1
30183889	0	1
30184988	0	1
30186065	1	0
30186844	1	0
30187077	1	0
30187912	1	0
30189528	0	1
30190742	1	0
30191199	1	0
30195633	1	0
30196414	0	1
30201870	0	1
30202624	0	1
30203355	0	1
30203846	1	0
30204019	0	1
30206007	0	1
30207141	0	1
30213634	0	1
30214947	0	1
30218188	0	1
30219266	0	1
30223992	1	0
30224599	1	0
30225797	0	1
30226715	0	1
30227614	1	0
30228041	1	0
30230800	0	1
30230968	1	0
30231003	1	0
30233645	0	1
30234277	1	0
30235863	0	1
30236232	1	0
30237622	0	1
30239164	1	0
30239558	1	0
30240494	1	0
30242667	1	0
30243219	1	0
30244184	1	0
30244300	0	1
30245313	1	0
30245871	1	0
30247620	0	1
30248200	1	0
30249179	0	1
30250230	1	0
30254736	0	1
30255387	1	0
30257288	1	0
30257475	1	0
30259437	0	1
30259942	0	1
30260435	1	0
30260696	1	0
30260875	1	0
30261755	0	1
30264069	1	0
30265128	1	0
30266683	0	1
30268457	1	0
30270064	1	0
30271473	1	0
30271723	1	0
30272446	1	0
30273629	0	1
30274384	1	0
30276186	1	0
30276570	1	0
30277172	0	1
30277449	0	1
30278282	0	1
30279490	1	0
30280683	0	1
30281934	1	0
30281981	1	0
30282268	1	0
30282287	0	1
30282818	0	1
30283641	1	0
30284621	1	0
30286668	0	1
30287191	1	0
30293229	1	0
30296104	1	0
30297122	1	0
30298002	1	0
30301850	0	1
30302514	1	0
30304414	1	0
30304418	1	0
30306765	0	1
30307575	0	1
30309649	1	0
30309869	0	1
30310785	0	1
30311506	1	0
30312203	1	0
30312554	0	1
30313204	1	0
30314164	1	0
30315886	1	0
30316240	0	1
30317325	0	1
30320107	1	0
30320181	0	1
30320217	0	1
30320700	0	1
30321414	1	0
30322232	0	1
30323683	0	1
30324223	1	0
30324579	1	0
30324798	1	0
30325814	1	0
30326257	0	1
30327627	1	0
30329433	0	1
30331118	0	1
30332655	0	1
30333023	1	0
30333364	1	0
30334037	0	1
30335037	0	1
30336308	0	1
30337158	0	1
30340894	1	0
30341849	1	0
30342277	0	1
30343553	1	0
30343746	1	0
30344020	1	0
30344358	0	1
30348016	1	0
30348215	0	1
30350569	0	1
30352146	0	1
30352330	0	1
30352890	1	0
30353739	1	0
30356174	0	1
30359691	1	0
30360120	1	0
30360805	0	1
30364895	0	1
30365593	0	1
30368456	1	0
30369558	1	0
30370395	0	1
30371712	1	0
30372111	1	0
30372665	0	1
30373232	1	0
30373409	1	0
30374517	1	0
30377613	0	1
30378979	0	1
30379111	0	1
30379608	0	1
30380195	0	1
30380851	0	1
30381789	0	1
30382090	1	0
30383506	1	0
30389733	0	1
30390372	0	1
30392411	0	1
30392425	0	1
30392687	0	1
30394007	0	1
30394558	1	0
30394774	1	0
30395818	1	0
30396048	1	0
30398591	1	0
30403015	0	1
30403427	0	1
30404856	0	1
30405535	0	1
30408461	0	1
30410064	0	1
30410485	0	1
30413787	1	0
30414133	0	1
30415680	1	0
30415992	0	1
30418461	0	1
30418739	0	1
30420734	0	1
30420765	0	1
30421258	0	1
30423033	0	1
30423485	1	0
30423626	0	1
30424884	1	0
30427481	1	0
30427727	1	0
30427743	0	1
30429799	1	0
30430443	1	0
30431113	1	0
30431338	1	0
30432791	1	0
30435362	0	1
30437821	1	0
30439608	0	1
30439921	0	1
30442905	1	0
30443410	0	1
30443490	0	1
30445962	1	0
30447514	0	1
30448183	0	1
30448855	0	1
30449879	1	0
30453275	1	0
30455110	0	1
30456521	1	0
30458024	1	0
30458567	0	1
30461824	0	1
30462286	1	0
30463451	0	1
30465339	0	1
30468073	1	0
30472542	1	0
30472946	0	1
30473030	1	0
30473234	0	1
30473421	0	1
30475041	1	0
30475138	1	0
30476160	1	0
30478553	1	0
30478690	1	0
30479058	0	1
30479359	1	0
30480685	0	1
30480724	0	1
30482723	1	0
30483525	0	1
30484855	0	1
30486797	0	1
30487097	1	0
30488804	1	0
30488991	1	0
30490870	1	0
30491753	0	1
30491830	1	0
30492371	0	1
30492837	1	0
30493927	1	0
30495794	1	0
30498237	1	0
30499753	0	1
30502567	1	0
30503563	1	0
30503866	0	1
30505583	0	1
30509138	0	1
30511240	1	0
30511275	1	0
30512185	0	1
30513017	1	0
30517755	1	0
30518123	1	0
30521031	0	1
30521684	0	1
30523963	0	1
30526465	0	1
30531097	0	1
30532099	1	0
30532244	1	0
30533683	1	0
30534390	1	0
30534451	1	0
30535659	0	1
30535800	0	1
30536311	1	0
30536670	0	1
30537552	1	0
30537779	1	0
30541617	0	1
30542576	1	0
30544181	0	1
30544633	0	1
30548394	1	0
30548891	1	0
30549397	1	0
30549912	0	1
30550196	1	0
30550859	0	1
30551857	1	0
30552739	1	0
30554627	0	1
30555055	1	0
30555986	0	1
30556132	1	0
30557851	0	1
30559477	1	0
30560167	0	1
30563348	0	1
30563626	1	0
30563795	1	0
30565654	0	1
30568634	1	0
30569261	1	0
30570624	0	1
30572086	0	1
30573164	0	1
30575165	1	0
30575827	0	1
30577170	1	0
30578077	1	0
30582212	0	1
30582318	1	0
30583293	1	0
30583489	1	0
30583947	0	1
30585704	0	1
30585841	1	0
30587388	1	0
30592993	1	0
30594892	0	1
30595206	0	1
30596309	0	1
30597240	0	1
30597289	1	0
30597496	1	0
30597647	0	1
30597835	1	0
30598495	0	1
30600619	1	0
30601402	1	0
30601609	0	1
30601774	0	1
30602300	0	1
30604411	0	1
30604792	0	1
30608031	0	1
30608457	0	1
30608853	1	0
30611146	1	0
30612129	0	1
30612729	0	1
30613958	1	0
30614840	1	0
30615317	1	0
30617078	1	0
30618655	0	1
30619418	1	0
30621665	1	0
30625896	0	1
30626092	1	0
30627855	0	1
30628574	0	1
30629389	1	0
30631711	1	0
30632442	1	0
30633008	0	1
30633543	0	1
30634887	0	1
30636821	1	0
30636875	1	0
30637286	0	1
30639087	1	0
30639490	1	0
30646426	1	0
30646813	1	0
30646844	1	0
30648844	1	0
30651077	0	1
30653633	1	0
30657002	1	0
30658309	0	1
30658635	0	1
30658900	1	0
30660071	0	1
30663317	0	1
30663952	0	1
30666918	0	1
30667882	0	1
30667932	0	1
30669634	1	0
30670778	1	0
30672102	0	1
30672557	1	0
30673146	1	0
30673272	0	1
30676820	0	1
30679229	0	1
30680467	1	0
30681467	0	1
30681612	0	1
30682595	0	1
30682767	0	1
30683571	1	0
30684996	0	1
30685531	1	0
30686369	1	0
30686604	1	0
30686811	0	1
30687295	1	0
30688703	1	0
30689077	1	0
30689180	1	0
30690371	0	1
30691139	1	0
30697673	1	0
30699040	1	0
30699776	0	1
30699780	0	1
30700099	1	0
30700468	1	0
30704332	0	1
30708798	0	1
30710414	0	1
30712065	0	1
30712246	0	1
30714730	1	0
30721961	0	1
30723071	1	0
30726873	1	0
30727190	1	0
30727976	1	0
30728327	1	0
30728780	0	1
30729132	1	0
30729718	0	1
30730251	0	1
30730360	0	1
30733035	0	1
30734289	1	0
30734291	0	1
30734637	0	1
30734841	0	1
30739299	1	0
30740442	1	0
30740935	0	1
30741662	1	0
30743234	0	1
30745552	1	0
30746474	1	0
30747135	0	1
30747453	0	1
30749482	1	0
30749949	0	1
30750592	0	1
30750867	0	1
30756396	0	1
30756584	0	1
30760651	1	0
30761750	0	1
30761785	1	0
30764097	0	1
30764463	0	1
30765027	1	0
30767323	1	0
30767558	0	1
30771681	1	0
30772726	0	1
30774172	0	1
30780405	1	0
30782809	1	0
30782961	1	0
30783933	1	0
30784886	1	0
30788417	1	0
30789043	0	1
30789612	0	1
30789703	1	0
30792282	1	0
30795473	1	0
30796415	1	0
30797751	1	0
30798216	0	1
30801568	0	1
30801811	1	0
30805631	1	0
30808383	1	0
30808535	0	1
30809411	0	1
30812842	0	1
30815732	0	1
30816000	1	0
30816246	1	0
30818506	1	0
30818938	1	0
30820711	0	1
30822577	0	1
30823461	0	1
30823581	0	1
30824319	0	1
30824611	1	0
30826011	0	1
30826493	0	1
30827705	1	0
30827793	0	1
30829477	0	1
30831985	0	1
30832648	1	0
30832744	1	0
30833526	0	1
30835599	0	1
30841613	0	1
30843097	0	1
30844048	1	0
30844613	0	1
30846238	0	1
30848445	0	1
30850448	1	0
30851212	0	1
30854291	1	0
30854854	0	1
30855939	0	1
30855947	0	1
30856558	1	0
30858461	1	0
30859348	0	1
30859826	1	0
30861083	1	0
30864655	0	1
30864796	0	1
30865234	1	0
30866769	0	1
30868439	1	0
30873380	1	0
30875224	1	0
30876737	1	0
30878360	0	1
30878765	1	0
30879567	0	1
30881094	0	1
30881125	0	1
30881193	1	0
30881202	0	1
30884226	0	1
30884279	1	0
30885666	0	1
30886182	1	0
30887774	0	1
30892991	0	1
30895891	0	1
30897143	0	1
30899148	0	1
30899913	1	0
30900393	0	1
30902589	1	0
30902787	0	1
30906212	1	0
30906676	0	1
30910810	1	0
30911105	1	0
30913012	0	1
30913063	1	0
30914477	0	1
30915326	1	0
30916636	0	1
30917875	0	1
30919787	1	0
30920400	1	0
30924549	0	1
30924630	0	1
30926271	1	0
30927054	0	1
30927409	0	1
30927539	1	0
30928096	1	0
30934250	1	0
30937014	0	1
30937995	0	1
30939548	1	0
30941643	0	1
30942524	1	0
30943282	1	0
30943715	1	0
30944493	0	1
30945913	0	1
30946030	1	0
30947450	1	0
30948326	0	1
30949646	1	0
30950162	1	0
30950570	1	0
30951540	0	1
30951626	0	1
30954570	0	1
30955070	0	1
30955073	1	0
30956194	1	0
30956952	1	0
30959911	0	1
30961864	1	0
30962760	1	0
30964357	1	0
30966485	1	0
30966844	0	1
30967646	0	1
30967698	1	0
30969502	0	1
30970088	0	1
30970368	1	0
30970475	0	1
30970674	0	1
30970954	0	1
30973109	1	0
30973735	1	0
30976495	0	1
30977319	1	0
30979816	1	0
30980941	0	1
30983709	0	1
30984184	0	1
30984532	1	0
30985198	1	0
30985789	1	0
30987424	1	0
30988033	0	1
30988335	0	1
30988927	1	0
30989452	1	0
30993067	1	0
30993919	0	1
30993972	0	1
30995362	0	1
30995983	0	1
30996429	0	1
30996923	1	0
30997464	0	1
30997854	1	0
30997864	1	0
30998365	0	1
31000645	1	0
31000813	1	0
31001337	0	1
31001594	0	1
31001996	0	1
31002836	0	1
31003030	1	0
31003199	0	1
31007545	1	0
31007795	1	0
31008089	0	1
31009945	1	0
31011877	0	1
31013673	1	0
31013750	1	0
31015387	0	1
31016431	1	0
31017261	0	1
31020281	0	1
31020726	1	0
31021516	1	0
31023905	1	0
31023917	0	1
31024318	0	1
31025552	1	0
31026363	0	1
31027042	1	0
31029135	1	0
31029534	0	1
31032536	0	1
31032635	0	1
31033054	0	1
31033317	0	1
31033871	0	1
31034886	0	1
31035007	0	1
31036114	1	0
31037176	0	1
31038556	1	0
31041250	0	1
31046689	1	0
31047546	1	0
31047842	1	0
31048086	1	0
31048235	1	0
31052602	0	1
31055561	0	1
31058495	1	0
31059633	1	0
31060354	0	1
31061476	0	1
31063128	1	0
31064308	1	0
31067172	1	0
31067310	1	0
31068131	1	0
31068448	0	1
31069842	1	0
31070453	1	0
31071691	0	1
31072502	0	1
31075303	1	0
31075934	1	0
31078152	0	1
31078243	1	0
31078813	1	0
31081138	0	1
31081631	1	0
31081970	1	0
31082051	0	1
31082307	1	0
31083202	1	0
31083410	0	1
31083681	1	0
31086562	0	1
31088209	1	0
31088760	1	0
31090501	1	0
31091091	0	1
31097769	1	0
31098026	1	0
31099224	0	1
31100721	1	0
31101745	0	1
31102007	1	0
31102383	1	0
31102868	1	0
31104304	1	0
31105125	0	1
31107876	1	0
31108195	0	1
31111194	0	1
31111815	1	0
31112026	1	0
31114344	0	1
31115686	1	0
31117364	1	0
31122721	1	0
31123232	0	1
31123640	1	0
31124387	0	1
31128642	0	1
31129366	1	0
31130312	1	0
31131305	1	0
31135504	0	1
31137114	0	1
31139913	0	1
31140261	0	1
31140684	1	0
31141042	0	1
31141631	0	1
31144576	0	1
31144853	0	1
31145403	1	0
31146901	0	1
31147721	0	1
31151183	1	0
31151532	1	0
31151794	1	0
31153317	1	0
31155791	0	1
31155815	0	1
31156388	0	1
31157865	0	1
31158313	1	0
31163612	0	1
31164116	0	1
31166268	0	1
31166456	1	0
31170034	0	1
31173754	1	0
31174528	0	1
31174834	0	1
31175726	0	1
31178248	1	0
31178814	1	0
31180999	1	0
31182981	1	0
31184662	0	1
31184868	0	1
31189253	0	1
31189740	1	0
31190870	0	1
31191330	1	0
31192473	1	0
31192729	0	1
31195102	0	1
31196367	1	0
31197250	1	0
31199623	0	1
31200185	1	0
31202814	1	0
31203473	0	1
31203966	1	0
31204885	0	1
31206046	0	1
31206214	0	1
31206844	1	0
31207057	1	0
31209353	1	0
31209522	1	0
31217720	0	1
31222461	0	1
31222867	0	1
31225677	0	1
31228964	0	1
31230535	0	1
31235179	1	0
31235659	1	0
31235938	1	0
31236747	0	1
31239012	1	0
31239494	1	0
31242717	1	0
31242778	0	1
31242924	0	1
31247295	0	1
31249742	0	1
31249870	1	0
31252289	1	0
31255250	0	1
31255515	0	1
31256735	1	0
31256885	1	0
31256981	0	1
31259345	1	0
31260989	1	0
31262734	1	0
31264388	0	1
31268112	1	0
31268848	0	1
31269868	0	1
31269970	0	1
31270894	1	0
31272845	1	0
31273313	1	0
31273379	1	0
31273456	0	1
31273523	0	1
31273741	1	0
31279858	0	1
31281975	0	1
31282179	0	1
31283690	1	0
31285871	0	1
31286159	0	1
31287436	1	0
31287460	1	0
31287679	0	1
31292940	1	0
31293389	1	0
31294843	1	0
31298650	1	0
31299988	1	0
31300451	1	0
31300723	1	0
31300753	0	1
31301127	0	1
31301620	0	1
31302242	0	1
31304988	1	0
31306966	0	1
31307036	1	0
31309441	1	0
31311381	0	1
31311496	1	0
31313092	1	0
31318016	1	0
31318462	1	0
31319222	1	0
31321181	1	0
31324241	0	1
31325916	1	0
31326542	0	1
31328787	0	1
31328854	1	0
31329784	0	1
31330757	0	1
31332030	0	1
31333017	0	1
31333338	1	0
31333769	1	0
31334326	0	1
31335353	0	1
31338748	0	1
31340178	1	0
31340397	0	1
31340585	1	0
31341352	1	0
31342336	1	0
31343096	0	1
31343243	0	1
31343637	0	1
31343782	0	1
31345053	1	0
31345174	0	1
31345249	0	1
31345678	1	0
31349284	1	0
31349299	0	1
31349393	0	1
31350763	1	0
31353024	0	1
31353367	0	1
31353769	1	0
31353854	1	0
31354011	1	0
31355136	0	1
31358721	0	1
31362114	1	0
31365732	0	1
31365937	0	1
31366480	1	0
31368585	1	0
31368786	0	1
31370301	1	0
31371005	1	0
31372447	1	0
31372573	1	0
31372577	1	0
31373123	1	0
31373919	0	1
31374596	0	1
31376245	0	1
31379764	0	1
31380227	1	0
31382212	0	1
31382683	1	0
31382713	0	1
31384055	1	0
31384060	0	1
31384703	0	1
31385524	1	0
31386300	0	1
31386563	0	1
31388690	0	1
31389219	0	1
31390791	1	0
31390958	0	1
31391008	0	1
31391481	0	1
31391805	0	1
31392470	1	0
31392760	0	1
31393803	0	1
31394389	0	1
31395880	1	0
31399679	1	0
31402917	0	1
31403774	1	0
31406495	0	1
31408106	1	0
31408878	1	0
31412289	0	1
31412378	1	0
31412688	1	0
31413683	0	1
31413927	0	1
31417088	1	0
31417155	1	0
31418541	1	0
31420867	0	1
31422827	0	1
31426098	1	0
31426995	1	0
31428017	1	0
31428817	1	0
31430142	0	1
31430922	0	1
31432401	1	0
31434771	1	0
31435713	1	0
31438899	0	1
31440285	0	1
31441374	1	0
31442001	1	0
31444443	0	1
31446173	1	0
31450264	0	1
31453192	1	0
31453227	0	1
31453664	0	1
31454136	1	0
31455054	1	0
31455864	1	0
31456033	1	0
31458206	0	1
31458651	1	0
31458968	0	1
31460332	0	1
31460550	1	0
31462494	1	0
31464819	1	0
31469178	1	0
31469332	0	1
31470286	0	1
31470967	1	0
31471074	1	0
31472103	0	1
31472146	1	0
31473308	0	1
31473717	1	0
31474476	1	0
31474599	1	0
31476641	1	0
31476833	1	0
31476923	1	0
31477046	1	0
31477547	1	0
31477663	1	0
31478571	1	0
31479659	1	0
31481140	1	0
31482706	0	1
31483411	1	0
31484876	0	1
31488253	1	0
31489847	0	1
31489862	0	1
31491678	0	1
31496582	0	1
31496731	1	0
31497934	1	0
31499600	1	0
31503662	0	1
31504509	1	0
31504661	1	0
31508180	1	0
31510708	1	0
31511438	1	0
31515462	0	1
31516210	0	1
31518858	0	1
31520266	0	1
31520368	1	0
31521224	0	1
31522502	1	0
31523854	0	1
31525048	0	1
31525691	0	1
31525900	1	0
31527278	1	0
31527566	0	1
31528773	0	1
31529619	0	1
31530702	0	1
31533459	1	0
31534717	1	0
31535010	0	1
31537274	0	1
31540571	0	1
31540708	0	1
31542432	1	0
31548902	1	0
31549377	0	1
31549586	0	1
31549953	0	1
31550549	1	0
31551836	1	0
31553170	1	0
31554177	0	1
31556065	1	0
31557133	0	1
31557372	0	1
31558308	1	0
31561773	0	1
31561937	1	0
31562363	0	1
31563734	0	1
31565003	1	0
31567881	1	0
31570056	1	0
31570408	1	0
31571025	1	0
31571423	0	1
31576869	0	1
31577726	0	1
31581366	0	1
31581825	1	0
31582652	0	1
31583315	1	0
31584163	0	1
31586467	0	1
31586859	0	1
31587858	0	1
31588360	0	1
31588835	1	0
31590239	0	1
31591091	0	1
31592512	0	1
31595289	1	0
31597365	1	0
31599223	0	1
31599579	0	1
31601172	1	0
31601711	0	1
31602000	0	1
31604180	1	0
31606553	1	0
31610839	0	1
31612946	1	0
31612951	0	1
31614007	0	1
31617285	0	1
31618363	0	1
31619644	1	0
31619719	1	0
31619912	0	1
31621071	1	0
31622624	1	0
31623890	1	0
31624487	0	1
31625401	0	1
31627094	0	1
31628862	1	0
31629383	0	1
31631379	1	0
31631745	1	0
31632763	1	0
31635163	0	1
31637309	0	1
31638585	0	1
31639681	1	0
31640969	0	1
31641592	0	1
31641685	0	1
31642065	0	1
31642284	1	0
31643492	1	0
31645598	1	0
31646146	1	0
31646667	0	1
31647276	1	0
31647965	0	1
31648888	0	1
31650582	0	1
31652440	1	0
31653658	0	1
31654970	1	0
31658131	1	0
31658502	1	0
31663112	1	0
31663566	0	1
31664658	1	0
31664925	0	1
31665857	0	1
31665958	0	1
31667293	0	1
31670575	0	1
31670815	1	0
31674186	0	1
31674867	0	1
31675820	1	0
31677252	1	0
31679576	1	0
31680180	1	0
31682188	0	1
31684958	0	1
31685104	1	0
31687339	1	0
31688823	0	1
31689135	1	0
31690850	1	0
31696384	0	1
31696938	1	0
31697062	1	0
31698319	1	0
31702679	1	0
31703865	1	0
31704512	0	1
31705776	0	1
31705835	0	1
31706583	0	1
31706786	0	1
31707616	1	0
31709346	1	0
31711583	0	1
31712838	1	0
31712851	1	0
31712873	0	1
31713067	0	1
31713860	0	1
31715299	0	1
31716500	0	1
31718185	0	1
31718595	1	0
31719551	1	0
31719732	0	1
31721154	0	1
31721221	0	1
31722515	0	1
31722706	1	0
31726738	1	0
31728900	0	1
31729472	0	1
31730168	1	0
31733196	0	1
31733222	1	0
31736130	0	1
31737251	1	0
31738931	0	1
31741719	1	0
31742612	1	0
31744313	1	0
31744328	0	1
31744873	0	1
31748124	0	1
31748408	1	0
31749908	1	0
31750202	1	0
31752824	1	0
31754002	1	0
31754673	1	0
31758315	1	0
31758779	1	0
31759398	1	0
31760639	1	0
31762292	0	1
31763804	0	1
31765193	0	1
31767625	1	0
31768139	0	1
31768619	1	0
31769364	0	1
31772339	0	1
31772809	0	1
31774208	0	1
31774388	0	1
31779715	0	1
31780086	0	1
31780411	0	1
31782197	1	0
31783079	0	1
31785108	1	0
31794937	1	0
31796409	1	0
31796822	1	0
31797434	0	1
31797651	1	0
31798504	1	0
31799075	1	0
31800199	0	1
31800324	0	1
31801628	0	1
31803925	1	0
31804533	1	0
31805611	1	0
31808077	1	0
31810029	0	1
31810900	0	1
31810975	0	1
31812479	1	0
31814133	0	1
31816212	1	0
31817526	0	1
31817975	0	1
31823539	0	1
31826207	0	1
31827041	0	1
31827954	1	0
31829976	0	1
31830559	1	0
31833991	0	1
31834607	1	0
31834622	1	0
31834900	0	1
31838735	0	1
31841383	1	0
31841902	1	0
31842724	0	1
31846668	0	1
31849908	0	1
31850188	1	0
31851521	0	1
31852417	1	0
31853260	1	0
31855029	0	1
31856773	1	0
31861118	0	1
31862917	1	0
31864390	1	0
31865818	1	0
31865925	1	0
31867563	0	1
31869626	0	1
31870700	0	1
31874679	1	0
31874808	0	1
31876762	0	1
31876984	1	0
31877832	1	0
31881310	0	1
31882848	0	1
31884116	1	0
31885100	0	1
31886056	0	1
31886486	0	1
31889112	1	0
31889804	1	0
31890231	0	1
31890570	1	0
31892978	1	0
31896733	1	0
31897816	0	1
31897960	1	0
31899554	1	0
31900209	0	1
31900841	1	0
31904782	1	0
31906019	1	0
31906078	1	0
31906180	1	0
31907899	0	1
31909863	1	0
31909925	0	1
31910189	0	1
31910908	1	0
31913800	0	1
31914415	1	0
31918307	1	0
31919455	0	1
31920264	0	1
31920601	0	1
31920896	1	0
31922300	1	0
31922398	0	1
31927658	1	0
31932911	1	0
31934064	0	1
31936410	1	0
31936897	1	0
31938775	1	0
31939692	0	1
31940839	0	1
31941520	0	1
31942159	0	1
31942564	1	0
31942982	0	1
31947670	1	0
31950862	1	0
31951151	0	1
31951213	1	0
31952004	0	1
31952810	0	1
31953924	0	1
31954554	0	1
31954789	1	0
31955133	1	0
31955217	1	0
31955350	0	1
31955588	0	1
31958331	0	1
31958465	0	1
31958532	1	0
31958848	0	1
31960817	1	0
31961186	0	1
31961656	1	0
31963143	1	0
31965072	1	0
31968226	0	1
31968397	1	0
31969023	1	0
31975653	0	1
31978804	1	0
31979439	0	1
31979969	0	1
31981093	0	1
31981482	1	0
31983254	0	1
31986837	1	0
31987195	0	1
31988724	0	1
31988792	0	1
31991820	1	0
31991889	1	0
31993839	0	1
31996084	0	1
31998345	1	0
31999573	1	0
31999722	1	0
32001811	1	0
32002024	0	1
32004118	1	0
32006271	0	1
32006537	0	1
32007260	0	1
32008127	1	0
32010162	1	0
32012538	1	0
32012861	0	1
32013583	1	0
32015911	1	0
32017145	1	0
32017394	0	1
32018672	1	0
32018785	0	1
32020531	0	1
32022477	1	0
32024294	0	1
32025018	0	1
32027007	1	0
32027103	1	0
32028336	1	0
32030868	0	1
32031518	0	1
32031896	1	0
32035970	0	1
32036422	1	0
32036650	1	0
32038273	0	1
32038899	0	1
32041563	0	1
32043212	0	1
32044917	0	1
32047175	0	1
32054562	1	0
32054762	1	0
32055006	0	1
32055023	0	1
32055059	0	1
32055187	0	1
32055805	0	1
32056726	0	1
32056790	0	1
32057253	1	0
32058405	0	1
32064190	1	0
32065937	0	1
32069563	1	0
32070168	0	1
32071200	1	0
32071545	0	1
32072231	0	1
32074044	0	1
32074699	0	1
32075416	1	0
32076018	1	0
32077133	1	0
32077826	0	1
32079578	0	1
32079824	0	1
32082313	1	0
32082689	1	0
32084449	1	0
32085240	0	1
32086873	1	0
32087017	0	1
32087234	1	0
32088750	0	1
32093558	0	1
32093666	0	1
32097834	0	1
32098229	1	0
32098498	1	0
32099885	0	1
32100696	1	0
32101594	0	1
32103480	0	1
32104715	0	1
32105024	1	0
32108082	1	0
32108200	0	1
32108212	1	0
32108963	1	0
32111054	0	1
32113225	1	0
32113489	0	1
32113603	0	1
32115359	1	0
32115983	0	1
32119168	0	1
32120417	1	0
32121830	0	1
32122210	1	0
32122916	1	0
32123085	1	0
32125372	1	0
32125527	1	0
32125937	1	0
32137789	0	1
32138631	1	0
32138911	0	1
32145800	0	1
32145814	0	1
32147090	1	0
32152936	0	1
32153499	1	0
32154764	1	0
32154811	0	1
32157041	0	1
32157244	0	1
32157503	0	1
32157708	0	1
32157847	1	0
32160822	1	0
32160920	1	0
32166049	1	0
32166831	1	0
32172313	0	1
32173234	1	0
32178381	1	0
32179079	1	0
32179630	0	1
32180680	0	1
32181670	1	0
32182677	1	0
32183463	1	0
32183471	0	1
32184034	1	0
32185391	1	0
32186501	0	1
32187314	1	0
32188185	0	1
32188490	0	1
32188716	0	1
32188917	1	0
32190282	0	1
32190959	1	0
32191893	1	0
32192506	1	0
32193401	0	1
32195498	0	1
32195801	1	0
32196505	1	0
32196631	1	0
32197460	1	0
32199375	1	0
32199643	1	0
32200436	1	0
32200836	1	0
32200934	0	1
32201555	0	1
32204050	1	0
32205813	1	0
32206364	0	1
32207742	0	1
32207796	0	1
32209351	1	0
32209979	0	1
32210215	1	0
32212523	0	1
32214772	1	0
32214846	1	0
32214926	1	0
32220442	0	1
32221726	1	0
32222237	1	0
32223023	1	0
32223697	1	0
32229383	0	1
32232574	1	0
32234174	1	0
32234884	1	0
32234889	1	0
32235030	0	1
32237074	0	1
32239321	0	1
32242812	1	0
32244990	0	1
32250042	1	0
32250611	0	1
32250684	0	1
32250875	0	1
32250886	0	1
32254704	0	1
32258818	0	1
32259714	1	0
32261034	1	0
32263008	0	1
32263174	1	0
32263221	0	1
32264313	1	0
32267144	1	0
32268167	0	1
32269011	0	1
32269146	0	1
32280241	0	1
32282333	0	1
32283347	0	1
32285330	1	0
32287818	1	0
32288898	0	1
32289115	0	1
32291087	0	1
32291635	1	0
32292077	0	1
32293017	0	1
32296244	0	1
32298208	1	0
32300280	1	0
32302146	1	0
32304094	0	1
32306264	1	0
32308003	1	0
32309161	1	0
32310117	0	1
32312284	0	1
32313485	0	1
32313775	1	0
32314570	0	1
32314765	0	1
32315396	0	1
32315613	1	0
32317148	0	1
32317185	1	0
32318241	1	0
32319023	0	1
32319101	0	1
32321745	0	1
32323314	0	1
32323770	1	0
32327307	1	0
32328527	0	1
32330819	1	0
32330845	0	1
32331296	1	0
32331857	1	0
32332027	1	0
32333528	1	0
32333962	0	1
32335378	1	0
32338962	0	1
32340157	1	0
32340773	1	0
32341124	1	0
32342634	1	0
32343765	1	0
32345709	1	0
32348213	1	0
32349873	1	0
32350667	0	1
32350793	1	0
32350941	0	1
32351357	1	0
32353827	0	1
32355309	0	1
32358304	1	0
32359217	0	1
32359952	0	1
32361031	0	1
32361186	1	0
32361434	0	1
32362005	1	0
32362860	0	1
32362927	1	0
32364363	1	0
32366126	0	1
32366574	1	0
32367166	0	1
32368364	0	1
32368428	0	1
32371426	1	0
32373609	0	1
32373746	1	0
32375029	1	0
32375746	0	1
32378105	0	1
32378860	0	1
32379153	0	1
32379436	1	0
32379937	0	1
32382147	0	1
32382871	1	0
32384209	0	1
32385549	0	1
32385611	0	1
32388430	1	0
32389588	0	1
32390150	0	1
32391758	0	1
32396526	1	0
32396892	1	0
32400167	0	1
32400441	0	1
32402951	1	0
32403661	1	0
32404298	0	1
32405184	1	0
32405747	1	0
32406057	1	0
32408734	1	0
32409408	0	1
32411598	0	1
32414231	0	1
32418094	0	1
32418545	0	1
32419862	1	0
32422505	0	1
32422550	0	1
32422894	1	0
32424384	1	0
32424386	1	0
32424497	0	1
32425161	1	0
32425360	1	0
32425485	0	1
32426924	1	0
32430408	0	1
32434877	1	0
32435846	0	1
32436052	0	1
32437224	1	0
32439839	1	0
32441950	0	1
32443333	0	1
32444916	0	1
32445020	1	0
32448018	1	0
32449948	0	1
32451390	1	0
32453010	0	1
32453590	1	0
32454109	0	1
32456547	1	0
32456718	0	1
32458732	1	0
32459473	0	1
32463463	1	0
32464405	1	0
32465377	1	0
32465572	1	0
32469041	1	0
32469841	0	1
32471957	0	1
32472179	0	1
32474081	1	0
32474732	1	0
32478365	0	1
32478515	0	1
32480032	1	0
32480837	0	1
32481253	0	1
32481645	0	1
32484858	1	0
32485499	0	1
32485544	0	1
32486403	0	1
32487386	0	1
32488355	0	1
32488500	1	0
32489097	1	0
32490127	0	1
32491185	0	1
32492854	0	1
32493239	0	1
32493715	1	0
32494810	0	1
32497736	0	1
32498615	1	0
32498901	1	0
32498981	1	0
32499226	0	1
32504088	1	0
32504487	1	0
32505118	0	1
32506345	1	0
32507300	1	0
32508637	1	0
32508733	0	1
32509780	0	1
32509833	0	1
32510309	0	1
32515880	1	0
32517472	1	0
32518392	1	0
32519021	0	1
32519627	1	0
32519666	1	0
32520742	0	1
32521018	1	0
32523105	0	1
32526814	0	1
32526968	0	1
32527918	1	0
32529096	0	1
32534367	0	1
32535284	1	0
32538318	1	0
32540142	1	0
32540596	1	0
32542166	1	0
32542289	1	0
32545287	1	0
32547075	0	1
32549441	1	0
32551163	1	0
32553290	1	0
32553373	0	1
32554022	0	1
32557290	0	1
32558018	0	1
32559722	0	1
32559801	0	1
32559964	0	1
32566546	1	0
32569618	0	1
32569993	0	1
32571108	1	0
32573908	0	1
32576607	1	0
32577699	0	1
32579911	1	0
32580269	0	1
32580827	0	1
32580840	0	1
32583885	1	0
32584506	1	0
32585797	1	0
32585927	0	1
32586910	1	0
32586986	1	0
32587492	1	0
32588922	1	0
32589255	1	0
32591104	1	0
32592792	1	0
32593546	0	1
32594310	0	1
32595175	0	1
32598132	1	0
32598196	0	1
32598403	0	1
32599032	0	1
32600712	1	0
32601165	1	0
32603270	0	1
32605321	0	1
32605853	0	1
32607772	1	0
32609094	0	1
32611504	0	1
32611526	0	1
32611656	1	0
32611815	0	1
32613120	0	1
32613313	1	0
32613363	0	1
32613779	1	0
32617765	1	0
32618537	0	1
32620686	1	0
32621180	1	0
32623043	1	0
32625307	0	1
32626963	1	0
32630298	0	1
32630738	1	0
32631859	1	0
32632327	1	0
32633117	1	0
32633424	0	1
32633773	0	1
32634320	1	0
32639057	0	1
32639485	0	1
32639771	0	1
32641077	0	1
32641110	1	0
32641312	1	0
32641963	0	1
32642020	1	0
32643839	1	0
32644677	1	0
32644968	1	0
32648111	0	1
32648565	0	1
32649352	0	1
32653564	0	1
32655266	1	0
32655736	1	0
32656282	1	0
32659283	1	0
32665725	0	1
32666340	0	1
32668246	1	0
32668461	1	0
32669043	0	1
32669778	0	1
32671303	1	0
32673499	0	1
32673773	1	0
32675044	0	1
32676400	1	0
32678661	1	0
32679894	0	1
32680842	0	1
32681151	1	0
32681394	0	1
32681506	0	1
32681751	1	0
32682725	0	1
32683764	1	0
32684020	1	0
32684617	1	0
32685094	1	0
32685820	0	1
32685901	1	0
32687644	1	0
32689340	1	0
32689529	1	0
32689641	0	1
32692122	0	1
32695485	0	1
32698171	1	0
32698934	1	0
32700619	0	1
32700639	1	0
32701861	1	0
32702953	0	1
32703736	0	1
32704147	0	1
32704148	1	0
32704182	0	1
32707902	0	1
32708214	0	1
32710682	0	1
32712060	1	0
32712791	1	0
32714801	1	0
32715375	1	0
32718462	0	1
32718473	1	0
32718620	0	1
32718759	1	0
32719121	0	1
32719995	1	0
32720378	0	1
32722219	1	0
32722833	0	1
32724744	1	0
32726577	1	0
32727983	1	0
32728485	0	1
32729465	1	0
32729579	0	1
32730712	1	0
32732362	0	1
32733545	0	1
32734039	0	1
32736688	0	1
32737578	1	0
32737777	1	0
32739651	1	0
32742092	1	0
32742673	1	0
32744086	0	1
32744360	0	1
32744397	1	0
32746501	1	0
32748297	1	0
32750635	0	1
32750844	1	0
32751643	1	0
32754025	1	0
32754607	0	1
32754885	0	1
32758664	0	1
32759973	0	1
32766375	0	1
32769186	1	0
32771226	0	1
32771642	1	0
32773118	1	0
32776806	0	1
32779368	0	1
32779505	0	1
32780083	1	0
32782316	0	1
32784705	1	0
32785341	1	0
32785709	1	0
32791103	1	0
32796354	1	0
32797374	0	1
32797765	0	1
32799826	0	1
32801174	1	0
32801971	1	0
32803844	0	1
32803903	1	0
32804028	1	0
32804364	1	0
32807145	0	1
32807159	0	1
32810766	1	0
32810950	1	0
32811741	0	1
32812514	0	1
32816899	0	1
32817827	1	0
32818011	0	1
32819669	1	0
32819708	0	1
32819988	1	0
32821092	0	1
32822313	0	1
32829320	1	0
32833293	1	0
32835764	0	1
32836561	0	1
32836790	1	0
32837063	0	1
32837713	1	0
32840527	0	1
32841317	1	0
32843082	1	0
32846862	0	1
32852146	0	1
32852476	0	1
32852752	0	1
32852977	0	1
32853692	1	0
32855462	0	1
32857179	1	0
32859989	1	0
32861884	0	1
32862202	1	0
32863166	0	1
32864226	0	1
32864750	1	0
32865356	1	0
32866117	0	1
32868511	0	1
32868932	1	0
32870245	1	0
32870451	0	1
32871354	1	0
32876555	0	1
32876747	0	1
32879822	1	0
32880139	1	0
32881090	1	0
32882504	0	1
32884110	0	1
32884518	1	0
32884972	0	1
32888253	1	0
32889925	0	1
32889930	0	1
32893883	1	0
32896255	0	1
32896573	0	1
32902045	1	0
32902077	1	0
32902917	1	0
32904019	1	0
32909041	1	0
32909490	0	1
32910319	0	1
32915758	0	1
32916442	0	1
32917351	0	1
32922119	0	1
32922377	1	0
32924325	1	0
32926927	0	1
32928518	0	1
32928564	0	1
32928989	1	0
32929482	1	0
32932958	1	0
32933335	0	1
32934710	0	1
32935607	0	1
32937825	0	1
32940694	1	0
32941299	1	0
32941468	1	0
32943046	1	0
32943702	1	0
32944201	1	0
32946350	1	0
32947743	1	0
32949368	0	1
32951803	1	0
32952438	1	0
32954172	0	1
32954656	0	1
32955970	0	1
32956132	0	1
32957287	1	0
32958768	1	0
32959111	0	1
32959325	0	1
32959880	0	1
32965726	0	1
32965812	1	0
32965961	1	0
32973136	0	1
32974773	0	1
32976220	0	1
32976245	1	0
32977592	1	0
32979870	1	0
32980790	1	0
32981784	1	0
32983428	0	1
32984015	0	1
32985140	1	0
32985202	0	1
32985206	1	0
32989242	1	0
32989363	1	0
32990588	1	0
32991739	1	0
32991780	1	0
32991826	1	0
32992202	1	0
32994554	1	0
32994679	1	0
32994683	1	0
32995110	1	0
32995266	0	1
32996031	1	0
33000623	0	1
33002102	1	0
33003930	0	1
33004940	1	0
33006418	1	0
33006492	0	1
33006692	1	0
33006966	1	0
33009529	0	1
33009968	0	1
33011040	0	1
33013767	1	0
33015688	0	1
33017147	1	0
33017852	0	1
33020366	1	0
33020746	1	0
33021664	1	0
33022386	0	1
33023025	1	0
33023291	1	0
33024160	1	0
33025550	0	1
33027198	0	1
33027441	0	1
33029562	0	1
33032661	1	0
33034821	0	1
33039161	1	0
33039570	1	0
33040742	1	0
33040956	1	0
33043457	1	0
33043705	1	0
33044655	1	0
33044980	0	1
33045782	0	1
33048944	1	0
33050768	1	0
33050985	1	0
33051962	1	0
33053100	0	1
33053147	0	1
33053879	0	1
33054899	0	1
33055879	0	1
33056290	1	0
33056971	1	0
33057089	0	1
33057396	0	1
33060497	0	1
33060704	0	1
33061476	0	1
33063005	0	1
33064634	1	0
33064768	1	0
33065374	1	0
33065403	1	0
33066018	0	1
33066807	1	0
33068231	1	0
33070127	1	0
33071458	1	0
33073742	0	1
33076878	0	1
33079048	1	0
33082869	1	0
33084085	1	0
33085543	0	1
33086013	0	1
33086799	1	0
33087566	1	0
33087935	0	1
33088889	1	0
33091008	1	0
33092105	1	0
33098454	1	0
33100491	1	0
33104088	0	1
33105896	0	1
33106324	1	0
33108099	1	0
33108671	1	0
33109071	0	1
33111453	0	1
33113511	0	1
33113840	0	1
33116092	0	1
33116343	0	1
33117517	0	1
33118727	0	1
33119162	0	1
33119461	0	1
33122090	0	1
33122725	0	1
33125186	1	0
33125444	1	0
33125748	1	0
33126259	1	0
33133274	0	1
33133893	1	0
33135419	0	1
33136035	1	0
33136064	1	0
33139199	0	1
33139755	0	1
33141155	0	1
33147296	1	0
33148240	0	1
33148393	0	1
33150193	0	1
33153171	1	0
33157423	1	0
33158574	0	1
33158690	0	1
33159715	1	0
33161800	0	1
33163460	0	1
33163543	0	1
33166920	1	0
33170440	0	1
33170900	1	0
33170973	1	0
33171521	0	1
33172705	1	0
33172716	0	1
33175383	1	0
33175592	0	1
33177150	1	0
33177375	0	1
33179349	1	0
33179875	1	0
33180480	1	0
33182577	0	1
33186948	0	1
33191607	1	0
33192689	1	0
33192921	1	0
33194145	0	1
33195791	1	0
33196230	0	1
33196837	1	0
33197046	0	1
33197116	1	0
33197945	0	1
33198241	1	0
33199533	0	1
33201467	1	0
33202064	0	1
33204866	0	1
33205815	1	0
33207196	0	1
33207458	0	1
33207585	0	1
33208359	0	1
33209001	0	1
33210736	1	0
33211102	0	1
33211714	1	0
33212656	0	1
33213368	0	1
33214933	0	1
33217676	1	0
33220024	0	1
33220416	0	1
33220747	1	0
33221027	1	0
33221328	0	1
33222326	1	0
33225386	0	1
33228163	0	1
33229955	1	0
33231322	0	1
33231724	1	0
33232964	1	0
33233962	1	0
33234952	1	0
33235994	1	0
33236332	1	0
33237154	0	1
33240467	0	1
33240710	0	1
33240761	0	1
33241516	0	1
33243858	1	0
33244325	1	0
33244710	1	0
33248185	1	0
33248818	0	1
33249004	0	1
33249959	0	1
33252771	1	0
33253975	1	0
33257125	1	0
33257806	1	0
33258111	1	0
33258549	1	0
33260006	1	0
33263012	0	1
33263035	0	1
33263121	0	1
33266713	1	0
33267539	0	1
33268565	0	1
33268930	1	0
33270522	0	1
33270836	0	1
33272793	0	1
33273134	1	0
33273154	1	0
33273741	0	1
33273993	1	0
33273995	0	1
33276058	1	0
33279239	0	1
33279421	0	1
33281944	1	0
33282374	0	1
33282775	1	0
33284553	0	1
33289427	1	0
33289634	0	1
33290182	0	1
33291049	0	1
33291606	0	1
33293477	1	0
33294271	0	1
33294727	0	1
33300747	0	1
33300925	1	0
33304219	0	1
33306899	1	0
33308333	0	1
33310317	0	1
33311507	0	1
33312369	1	0
33313264	1	0
33314081	1	0
33314201	0	1
33316968	1	0
33317341	1	0
33317587	1	0
33319306	1	0
33321038	0	1
33322490	1	0
33323767	1	0
33324285	1	0
33324386	0	1
33324710	0	1
33325988	0	1
33326366	0	1
33326793	0	1
33327008	1	0
33328662	0	1
33328982	0	1
33334358	1	0
33334407	0	1
33335184	0	1
33335383	1	0
33338462	1	0
33338584	0	1
33339288	0	1
33339672	0	1
33339919	1	0
33340205	1	0
33342053	0	1
33344509	1	0
33345129	1	0
33345357	0	1
33346424	0	1
33349479	1	0
33351490	1	0
33352707	1	0
33353265	1	0
33353699	1	0
33353758	0	1
33355479	1	0
33357483	1	0
33357758	1	0
33362987	0	1
33363182	1	0
33363470	0	1
33364543	0	1
33364850	1	0
33365916	0	1
33366055	1	0
33366796	1	0
33366801	1	0
33367385	0	1
33368662	1	0
33369749	0	1
33370889	1	0
33371821	0	1
33374762	0	1
33374854	0	1
33376162	0	1
33376730	0	1
33376877	0	1
33378808	0	1
33379035	1	0
33380964	1	0
33380997	0	1
33381989	1	0
33382019	0	1
33382662	1	0
33383869	0	1
33385980	0	1
33388444	0	1
33389141	1	0
33391028	1	0
33391257	0	1
33391447	1	0
33391953	1	0
33392578	1	0
33393996	1	0
33397922	0	1
33397944	1	0
33400638	1	0
33401117	0	1
33403277	1	0
33404764	1	0
33406336	0	1
33407391	1	0
33407944	0	1
33408222	1	0
33411129	0	1
33411246	1	0
33412051	0	1
33412742	0	1
33413903	1	0
33414186	0	1
33414532	1	0
33415217	0	1
33415463	0	1
33417863	0	1
33418446	1	0
33419585	0	1
33421527	0	1
33423680	1	0
33423842	0	1
33424479	0	1
33424817	1	0
33425961	0	1
33426411	0	1
33429148	0	1
33431121	0	1
33432038	1	0
33433692	0	1
33433923	0	1
33434468	1	0
33435697	0	1
33438346	0	1
33439629	1	0
33439692	1	0
33440594	0	1
33441506	0	1
33444129	0	1
33445891	0	1
33449732	0	1
33450947	1	0
33451242	1	0
33453480	0	1
33454943	0	1
33455034	1	0
33455486	0	1
33458482	1	0
33459211	0	1
33459478	1	0
33460389	0	1
33467652	0	1
33471679	1	0
33475908	0	1
33477984	1	0
33478323	1	0
33478781	0	1
33479369	1	0
33480578	1	0
33481082	0	1
33485617	1	0
33486109	0	1
33487937	0	1
33488027	1	0
33491855	1	0
33493968	1	0
33496485	0	1
33496608	1	0
33497470	0	1
33497507	1	0
33498212	0	1
33499410	1	0
33500441	0	1
33501003	1	0
33501154	1	0
33502397	0	1
33502593	0	1
33503833	0	1
33505427	0	1
33506467	0	1
33507121	0	1
33509274	1	0
33510863	0	1
33514736	0	1
33515400	1	0
33516064	1	0
33517013	1	0
33519294	1	0
33519397	0	1
33522207	0	1
33522334	0	1
33526292	1	0
33527462	0	1
33528609	1	0
33529505	0	1
33530055	0	1
33531461	0	1
33532919	0	1
33533432	0	1
33534989	1	0
33535811	0	1
33536046	1	0
33536082	1	0
33536943	1	0
33537172	1	0
33538338	0	1
33538642	1	0
33543104	0	1
33543244	0	1
33543333	1	0
33545313	0	1
33547237	0	1
33547704	1	0
33548594	1	0
33549384	0	1
33550763	1	0
33551381	1	0
33551587	1	0
33552880	1	0
33554820	1	0
33555660	0	1
33556012	1	0
33556807	0	1
33558542	1	0
33558600	0	1
33560257	0	1
33560419	1	0
33560489	1	0
33561617	0	1
33565462	0	1
33566049	1	0
33568558	0	1
33569418	1	0
33570738	1	0
33571066	1	0
33571258	0	1
33571433	0	1
33571510	0	1
33571854	0	1
33571884	0	1
33573064	1	0
33573921	1	0
33574187	1	0
33574294	1	0
33575369	1	0
33576211	0	1
33579357	0	1
33580088	1	0
33580400	1	0
33580503	1	0
33581117	1	0
33583231	1	0
33585049	1	0
33588440	0	1
33588726	1	0
33589724	1	0
33589779	1	0
33589996	1	0
33590097	1	0
33594925	0	1
33599539	1	0
33600291	1	0
33601525	1	0
33602799	0	1
33605787	1	0
33607747	1	0
33610001	1	0
33610232	0	1
33611287	0	1
33611743	1	0
33612363	0	1
33613581	0	1
33613732	0	1
33615832	1	0
33615884	0	1
33617206	1	0
33617340	1	0
33622185	1	0
33623238	0	1
33624587	0	1
33625161	0	1
33626166	1	0
33627357	0	1
33628890	0	1
33630924	1	0
33631084	1	0
33633018	1	0
33639269	1	0
33640119	1	0
33640314	1	0
33641544	1	0
33642305	0	1
33642509	0	1
33644301	0	1
33644519	0	1
33646258	1	0
33646558	1	0
33646849	1	0
33651591	0	1
33651905	0	1
33651947	0	1
33652839	0	1
33653684	0	1
33654152	0	1
33661620	1	0
33661794	0	1
33664165	1	0
33665233	1	0
33666293	0	1
33669191	0	1
33669623	1	0
33669734	0	1
33671162	1	0
33671528	0	1
33671719	0	1
33671991	0	1
33672694	1	0
33673403	1	0
33673457	0	1
33675373	1	0
33681864	0	1
33685174	1	0
33688621	0	1
33690594	1	0
33690815	1	0
33691550	1	0
33693276	1	0
33694572	0	1
33696946	0	1
33698231	1	0
33699763	1	0
33700168	1	0
33702438	0	1
33702640	0	1
33705358	0	1
33705500	1	0
33709306	0	1
33712366	1	0
33713320	0	1
33715811	0	1
33716026	1	0
33716405	0	1
33716512	1	0
33717613	0	1
33719411	0	1
33720639	0	1
33722610	1	0
33723354	0	1
33725983	1	0
33726766	1	0
33731036	0	1
33731865	1	0
33735214	1	0
33735556	1	0
33739252	1	0
33741113	1	0
33741656	1	0
33742519	1	0
33742928	1	0
33745728	0	1
33746433	1	0
33748243	0	1
33748330	0	1
33748371	0	1
33751055	1	0
33752038	0	1
33752929	1	0
33755317	1	0
33755736	0	1
33762616	0	1
33764652	0	1
33767733	1	0
33770950	1	0
33775461	0	1
33775607	1	0
33775880	0	1
33777100	1	0
33777617	0	1
33777888	1	0
33779995	0	1
33781407	0	1
33782722	1	0
33784913	0	1
33785289	1	0
33786301	1	0
33787010	0	1
33788032	0	1
33788464	0	1
33789169	1	0
33790755	0	1
33790816	1	0
33790951	1	0
33793631	0	1
33796488	0	1
33797472	0	1
33798297	1	0
33800172	1	0
33804422	0	1
33804520	0	1
33805242	1	0
33806719	1	0
33806790	0	1
33807406	0	1
33808071	1	0
33808162	0	1
33808611	1	0
33808990	1	0
33809299	1	0
33809997	0	1
33812348	0	1
33816917	0	1
33817335	1	0
33817669	0	1
33819258	0	1
33819643	1	0
33819744	0	1
33821833	0	1
33822309	0	1
33828214	1	0
33828223	1	0
33829141	1	0
33830957	1	0
33835871	1	0
33837640	1	0
33837895	0	1
33840966	0	1
33841878	0	1
33844541	1	0
33845159	1	0
33845778	1	0
33847338	0	1
33848697	1	0
33851592	1	0
33855211	1	0
33856390	1	0
33856480	1	0
33857099	1	0
33857670	0	1
33858131	1	0
33858912	0	1
33859609	1	0
33860120	1	0
33861792	0	1
33865056	1	0
33865872	0	1
33866336	1	0
33866969	1	0
33868339	1	0
33868413	1	0
33870925	1	0
33875514	1	0
33876927	0	1
33877747	0	1
33879723	1	0
33882090	1	0
33883648	1	0
33884240	0	1
33884614	1	0
33884774	1	0
33885463	0	1
33885817	0	1
33888624	1	0
33890879	1	0
33891046	1	0
33891707	1	0
33894898	1	0
33895182	1	0
33898987	1	0
33900137	0	1
33901405	1	0
33902745	1	0
33906955	0	1
33909980	0	1
33910236	0	1
33910649	1	0
33910909	0	1
33912509	1	0
33912516	1	0
33912704	1	0
33914194	1	0
33914981	1	0
33915705	1	0
33916199	1	0
33917916	0	1
33919124	1	0
33920134	1	0
33920193	1	0
33920214	0	1
33920281	1	0
33922216	0	1
33923023	1	0
33926202	1	0
33927084	0	1
33927570	0	1
33928251	1	0
33928386	0	1
33930030	1	0
33931731	1	0
33932178	0	1
33932257	1	0
33934355	1	0
33934919	1	0
33936476	1	0
33936885	0	1
33937121	0	1
33940824	1	0
33944794	1	0
33946831	0	1
33952384	0	1
33953170	1	0
33954956	1	0
33955452	1	0
33957430	1	0
33957920	1	0
33960166	0	1
33961566	0	1
33961586	1	0
33965632	1	0
33967408	1	0
33967409	1	0
33967644	0	1
33967790	1	0
33967844	1	0
33968544	0	1
33971642	1	0
33971905	1	0
33976136	1	0
33978519	1	0
33979524	0	1
33980458	0	1
33981354	0	1
33984508	0	1
33986372	0	1
33987202	1	0
33989280	1	0
33989802	0	1
33990431	0	1
33991915	0	1
33993351	1	0
33996727	0	1
33997519	0	1
33998176	1	0
34001337	0	1
34001506	0	1
34004205	1	0
34005868	1	0
34008827	1	0
34009112	0	1
34010361	1	0
34012467	1	0
34012534	0	1
34012663	0	1
34013847	1	0
34014772	0	1
34015756	0	1
34017366	1	0
34017400	0	1
34019259	0	1
34020092	1	0
34020577	0	1
34021072	0	1
34025712	1	0
34027645	0	1
34027963	1	0
34031306	0	1
34032878	0	1
34033680	1	0
34036392	0	1
34037685	0	1
34040726	1	0
34042609	1	0
34043623	0	1
34044602	0	1
34045430	1	0
34045884	0	1
34047555	1	0
34049790	1	0
34050117	1	0
34054007	1	0
34059387	0	1
34061408	0	1
34062424	0	1
34062733	1	0
34063777	1	0
34063797	1	0
34064414	1	0
34064506	1	0
34065578	0	1
34065659	0	1
34066310	0	1
34067039	0	1
34068059	1	0
34068779	0	1
34070162	1	0
34070391	0	1
34071665	1	0
34071710	0	1
34071845	1	0
34072946	1	0
34074382	1	0
34075401	1	0
34075969	1	0
34079325	1	0
34081295	0	1
34082015	0	1
34084128	0	1
34087141	1	0
34094228	0	1
34095176	0	1
34097237	1	0
34098639	0	1
34098827	1	0
34099803	1	0
34100666	0	1
34101692	1	0
34102694	1	0
34104130	1	0
34104960	1	0
34108307	0	1
34109590	1	0
34110429	0	1
34111135	0	1
34111598	1	0
34112421	1	0
34112921	0	1
34112946	0	1
34114134	0	1
34116867	1	0
34118366	1	0
34118631	1	0
34119119	0	1
34120846	0	1
34123558	0	1
34123840	1	0
34127300	0	1
34128941	1	0
34131007	0	1
34131505	0	1
34131530	0	1
34131543	1	0
34132464	1	0
34133780	1	0
34134231	1	0
34138592	1	0
34139846	1	0
34140281	0	1
34142295	0	1
34142346	0	1
34143492	1	0
34144014	0	1
34144310	0	1
34148444	1	0
34155965	0	1
34156806	0	1
34157364	1	0
34157673	0	1
34161692	0	1
34164317	0	1
34166244	0	1
34169593	0	1
34172458	1	0
34172857	1	0
34173308	1	0
34173398	1	0
34173594	0	1
34174994	0	1
34176560	0	1
34176862	1	0
34177134	1	0
34179628	1	0
34179745	1	0
34186538	0	1
34187115	0	1
34188523	0	1
34194232	0	1
34194290	1	0
34194379	1	0
34196793	0	1
34197184	0	1
34198146	1	0
34198611	0	1
34199702	0	1
34200198	1	0
34202357	0	1
34202488	1	0
34203373	0	1
34204194	0	1
34205754	0	1
34205772	1	0
34206100	0	1
34211804	1	0
34213010	0	1
34216726	1	0
34217823	1	0
34218345	1	0
34227124	0	1
34229849	0	1
34231477	0	1
34232029	1	0
34232511	0	1
34232935	1	0
34237886	0	1
34238549	0	1
34239162	1	0
34239757	1	0
34241015	0	1
34241328	0	1
34242423	1	0
34242443	1	0
34242580	0	1
34243430	1	0
34248583	0	1
34249047	0	1
34251215	1	0
34252431	1	0
34254364	1	0
34256677	1	0
34257213	0	1
34258044	1	0
34258977	1	0
34260015	1	0
34262879	1	0
34263082	1	0
34263777	0	1
34267455	1	0
34271720	1	0
34274378	1	0
34276236	0	1
34276876	1	0
34277356	1	0
34277882	1	0
34279441	1	0
34283872	1	0
34284099	0	1
34289579	0	1
34289692	1	0
34289746	0	1
34290111	1	0
34290848	0	1
34291595	1	0
34291895	0	1
34291958	1	0
34293733	1	0
34294738	0	1
34296375	0	1
34298275	1	0
34299029	1	0
34300967	1	0
34302295	0	1
34304125	0	1
34304153	0	1
34304166	0	1
34305616	0	1
34307327	1	0
34307686	0	1
34308463	1	0
34308596	0	1
34308951	1	0
34310066	0	1
34311291	1	0
34312170	1	0
34312425	1	0
34312748	1	0
34314536	1	0
34315659	1	0
34316367	0	1
34316812	0	1
34320507	0	1
34322248	0	1
34322368	1	0
34323565	1	0
34324799	0	1
34325286	1	0
34326722	0	1
34331233	1	0
34333105	0	1
34335454	0	1
34335479	1	0
34335823	0	1
34336655	1	0
34336712	1	0
34337004	0	1
34337589	0	1
34340298	1	0
34342659	0	1
34343240	0	1
34344981	1	0
34347014	0	1
34351240	1	0
34351526	1	0
34352916	0	1
34353231	1	0
34353680	0	1
34354304	1	0
34354997	1	0
34360630	0	1
34361165	1	0
34362500	1	0
34362863	1	0
34364033	1	0
34367417	0	1
34368180	0	1
34368183	1	0
34368328	1	0
34369252	0	1
34370148	1	0
34370491	1	0
34370545	1	0
34370915	1	0
34372743	1	0
34376315	0	1
34376408	1	0
34379263	0	1
34379972	0	1
34380622	1	0
34381349	0	1
34381492	0	1
34381897	1	0
34383449	0	1
34384811	0	1
34385212	1	0
34386049	0	1
34386987	1	0
34391320	0	1
34391536	0	1
34392194	0	1
34392585	1	0
34393420	1	0
34393490	0	1
34394369	0	1
34395525	1	0
34396773	1	0
34397668	0	1
34401126	0	1
34402122	0	1
34403316	0	1
34404357	1	0
34405843	0	1
34408223	1	0
34409895	0	1
34410405	1	0
34412669	1	0
34415426	0	1
34416377	1	0
34417358	1	0
34417564	1	0
34417860	1	0
34418086	0	1
34419899	0	1
34419987	0	1
34420700	0	1
34421118	0	1
34423979	0	1
34425148	1	0
34425358	0	1
34426212	1	0
34427471	1	0
34428429	1	0
34428947	0	1
34429928	1	0
34430087	0	1
34430662	1	0
34435236	1	0
34435607	1	0
34435818	1	0
34440422	1	0
34440714	1	0
34440898	1	0
34441126	1	0
34441629	0	1
34445005	0	1
34445273	0	1
34445730	0	1
34446474	1	0
34451118	1	0
34454656	1	0
34457017	1	0
34457561	0	1
34459535	1	0
34461416	1	0
34461460	0	1
34461947	0	1
34463785	0	1
34465899	1	0
34466249	0	1
34470412	1	0
34470839	0	1
34471459	1	0
34477105	1	0
34478933	1	0
34481840	0	1
34482501	1	0
34482814	1	0
34484635	1	0
34485514	0	1
34486055	1	0
34489719	1	0
34490239	1	0
34490536	0	1
34490862	1	0
34495240	1	0
34500622	0	1
34502756	0	1
34505864	0	1
34506152	1	0
34506790	1	0
34508772	0	1
34509257	0	1
34509494	1	0
34513892	0	1
34517298	0	1
34517938	0	1
34519678	1	0
34519969	0	1
34523772	1	0
34531072	0	1
34531384	0	1
34532433	1	0
34533639	1	0
34538408	0	1
34539111	0	1
34544707	1	0
34545289	0	1
34545532	1	0
34545569	0	1
34546756	0	1
34547869	0	1
34548812	1	0
34548936	0	1
34549216	1	0
34549398	1	0
34550174	1	0
34553147	1	0
34554103	0	1
34554200	0	1
34555253	1	0
34556481	0	1
34558539	1	0
34559577	1	0
34560924	0	1
34561020	1	0
34561266	0	1
34561644	1	0
34561837	0	1
34562471	1	0
34563006	1	0
34563534	1	0
34565231	0	1
34565327	0	1
34565587	0	1
34566329	0	1
34566772	1	0
34570085	0	1
34570098	1	0
34571506	0	1
34572202	0	1
34575995	1	0
34576110	1	0
34577313	1	0
34577653	0	1
34582361	1	0
34583643	0	1
34584404	0	1
34584992	0	1
34585672	1	0
34586149	0	1
34590311	1	0
34590975	1	0
34592060	1	0
34595132	0	1
34598694	1	0
34599097	1	0
34601260	1	0
34601272	0	1
34602829	0	1
34602895	1	0
34603097	1	0
34604014	1	0
34606564	1	0
34606622	1	0
34607770	0	1
34607931	1	0
34609016	0	1
34610485	0	1
34611004	1	0
34611654	0	1
34612122	0	1
34612580	1	0
34613875	1	0
34614792	1	0
34615364	1	0
34616094	1	0
34617002	0	1
34617569	0	1
34617703	0	1
34619401	0	1
34620743	0	1
34620834	0	1
34622415	1	0
34626012	1	0
34626968	1	0
34627735	1	0
34629328	0	1
34630183	1	0
34633115	1	0
34634214	1	0
34634353	1	0
34635811	1	0
34639554	1	0
34641488	0	1
34641711	0	1
34642280	0	1
34644051	1	0
34644285	1	0
34644856	0	1
34644966	1	0
34645160	1	0
34649554	0	1
34650977	1	0
34658296	0	1
34658609	1	0
34658742	1	0
34658939	1	0
34659023	1	0
34660005	1	0
34660229	1	0
34660978	1	0
34662737	1	0
34663516	1	0
34664896	0	1
34665262	0	1
34665795	0	1
34668848	0	1
34669699	0	1
34670183	1	0
34670442	1	0
34671197	1	0
34671983	0	1
34672279	1	0
34675069	0	1
34676202	0	1
34680009	0	1
34684117	0	1
34688502	0	1
34688820	0	1
34688826	0	1
34689613	0	1
34693149	1	0
34694332	1	0
34695279	0	1
34695863	1	0
34696333	0	1
34697461	0	1
34700139	1	0
34700148	0	1
34700959	1	0
34701415	1	0
34702130	0	1
34702180	0	1
34703150	0	1
34703359	1	0
34703876	1	0
34705358	1	0
34706019	0	1
34707197	1	0
34707496	0	1
34708905	1	0
34710084	0	1
34710987	0	1
34711418	0	1
34713745	0	1
34715867	1	0
34716228	0	1
34717533	0	1
34717977	0	1
34720683	0	1
34721318	1	0
34721678	0	1
34722607	1	0
34722883	0	1
34722887	0	1
34726925	0	1
34727089	0	1
34727818	1	0
34732325	0	1
34734010	0	1
34735223	1	0
34740193	0	1
34741978	1	0
34743254	0	1
34743767	1	0
34744172	0	1
34744703	0	1
34748365	0	1
34750346	1	0
34751386	1	0
34751854	1	0
34751875	1	0
34752295	1	0
34752536	0	1
34753396	1	0
34753871	1	0
34754791	0	1
34754878	0	1
34757402	0	1
34762916	1	0
34763625	1	0
34765170	1	0
34766149	0	1
34766225	0	1
34767863	0	1
34768175	0	1
34769050	0	1
34769154	1	0
34769451	0	1
34770851	0	1
34775840	0	1
34780169	0	1
34787636	1	0
34792881	1	0
34793656	0	1
34794973	0	1
34795260	1	0
34795389	1	0
34795485	0	1
34799751	1	0
34800847	0	1
34803021	0	1
34804884	0	1
34805225	1	0
34806055	1	0
34808310	0	1
34810413	1	0
34811441	1	0
34811508	0	1
34811924	1	0
34812060	1	0
34812389	0	1
34812497	1	0
34812500	1	0
34812698	1	0
34819660	1	0
34820095	0	1
34821019	0	1
34824132	0	1
34826009	1	0
34828457	0	1
34828701	0	1
34828897	1	0
34829753	0	1
34829818	1	0
34829874	0	1
34830611	0	1
34830988	0	1
34831668	1	0
34834045	0	1
34834800	0	1
34834950	0	1
34836139	0	1
34837269	1	0
34837293	1	0
34837699	0	1
34838104	1	0
34838421	0	1
34838773	0	1
34840561	1	0
34841904	0	1
34850076	1	0
34851785	0	1
34853673	0	1
34853738	1	0
34854340	0	1
34856626	0	1
34857673	0	1
34858431	1	0
34858496	0	1
34858853	1	0
34860037	1	0
34860136	1	0
34860824	1	0
34862649	0	1
34864533	1	0
34864831	1	0
34868734	1	0
34869288	0	1
34869705	0	1
34870184	1	0
34873980	1	0
34878392	1	0
34880866	1	0
34881614	0	1
34881846	1	0
34885592	0	1
34885942	0	1
34886609	0	1
34886748	0	1
34888091	1	0
34888197	0	1
34888333	1	0
34890163	0	1
34890993	0	1
34893602	0	1
34893779	0	1
34895532	1	0
34897188	1	0
34897923	0	1
34898556	1	0
34898617	0	1
34899614	1	0
34900689	0	1
34900880	1	0
34904475	1	0
34904598	1	0
34906069	1	0
34908541	1	0
34908820	1	0
34910145	0	1
34911321	0	1
34911457	0	1
34913385	1	0
34915557	1	0
34917974	0	1
34920936	1	0
34922920	0	1
34927193	1	0
34928507	1	0
34929228	1	0
34929400	1	0
34932001	0	1
34933367	0	1
34936183	1	0
34936293	0	1
34937455	1	0
34938935	0	1
34942658	0	1
34944096	1	0
34944132	1	0
34946922	0	1
34951243	1	0
34951244	0	1
34955374	1	0
34955809	1	0
34956935	0	1
34957211	1	0
34957801	0	1
34958112	1	0
34961026	0	1
34963657	0	1
34964510	1	0
34964799	0	1
34965018	0	1
34965383	0	1
34965547	0	1
34965886	0	1
34967707	1	0
34970168	1	0
34970939	0	1
34971280	1	0
34971522	0	1
34972796	0	1
34972830	0	1
34973849	0	1
34974473	0	1
34975582	0	1
34976559	0	1
34976638	1	0
34977479	0	1
34977927	1	0
34978625	0	1
34978636	0	1
34983210	1	0
34986444	1	0
34987256	0	1
34987506	0	1
34988098	0	1
34988570	1	0
34989027	0	1
34991106	1	0
34991313	1	0
34992693	1	0
34993895	1	0
34994289	0	1
34998947	1	0
34999864	0	1
35000762	0	1
35001030	1	0
35002638	1	0
35003431	0	1
35004032	1	0
35004590	0	1
35004611	1	0
35004761	0	1
35005017	0	1
35005138	0	1
35005320	1	0
35005540	1	0
35005549	0	1
35005871	1	0
35007150	1	0
35016500	1	0
35017893	1	0
35018640	0	1
35018899	1	0
35019282	1	0
35020253	1	0
35020924	0	1
35022966	1	0
35023142	0	1
35023590	1	0
35024075	0	1
35024270	1	0
35025369	0	1
35025829	1	0
35027183	0	1
35029258	1	0
35029810	1	0
35032575	0	1
35035563	1	0
35035858	1	0
35035928	0	1
35035989	0	1
35043896	1	0
35047288	0	1
35050028	1	0
35050253	0	1
35050406	1	0
35052127	0	1
35052877	1	0
35053442	1	0
35054156	1	0
35054459	1	0
35054743	1	0
35055107	0	1
35056183	1	0
35056761	1	0
35059687	1	0
35062690	1	0
35062722	1	0
35062780	1	0
35062898	0	1
35065107	1	0
35066245	0	1
35067126	0	1
35067848	1	0
35069278	0	1
35071444	1	0
35074717	1	0
35076161	0	1
35079848	1	0
35083709	1	0
35083893	0	1
35084601	1	0
35087029	0	1
35087550	0	1
35089366	1	0
35089473	0	1
35091513	0	1
35091662	0	1
35092888	1	0
35092979	0	1
35100828	1	0
35100894	0	1
35102061	1	0
35102094	0	1
35105009	1	0
35105628	0	1
35109015	0	1
35112433	1	0
35113123	1	0
35115016	0	1
35115852	0	1
35120398	0	1
35120470	0	1
35120700	1	0
35123183	0	1
35124850	1	0
35125835	0	1
35127717	0	1
35128012	0	1
35135293	1	0
35136332	0	1
35136599	0	1
35141500	1	0
35141645	1	0
35141733	1	0
35143603	0	1
35145459	1	0
35151133	1	0
35154858	0	1
35155100	0	1
35155805	1	0
35156448	0	1
35159882	1	0
35160432	0	1
35163263	1	0
35164264	1	0
35165721	0	1
35166952	1	0
35168112	1	0
35168316	0	1
35174214	0	1
35174842	1	0
35177558	1	0
35178176	0	1
35179404	0	1
35182027	1	0
35183800	0	1
35184774	1	0
35185976	0	1
35186101	0	1
35186866	1	0
35187203	1	0
35187705	0	1
35188373	1	0
35188775	0	1
35189510	1	0
35190611	1	0
35193591	1	0
35193982	0	1
35194697	0	1
35196033	0	1
35197079	0	1
35197869	1	0
35198922	1	0
35199332	0	1
35200116	1	0
35201463	1	0
35203492	0	1
35204406	0	1
35207147	1	0
35207967	1	0
35208977	1	0
35210472	1	0
35210599	1	0
35212114	1	0
35212415	0	1
35212530	1	0
35213592	1	0
35214293	0	1
35214614	0	1
35215327	0	1
35217015	0	1
35218407	1	0
35219317	1	0
35220701	1	0
35221935	0	1
35221973	0	1
35222908	1	0
35223950	1	0
35224454	0	1
35225990	0	1
35226859	1	0
35228739	0	1
35232019	1	0
35234179	1	0
35234304	1	0
35235465	1	0
35237027	1	0
35239090	1	0
35243244	1	0
35243604	1	0
35244775	0	1
35246163	1	0
35249560	1	0
35249597	0	1
35249994	1	0
35250025	0	1
35250855	0	1
35251392	0	1
35252232	1	0
35253393	0	1
35253821	0	1
35257644	1	0
35260422	1	0
35261112	1	0
35261325	0	1
35264834	0	1
35265131	0	1
35265548	0	1
35265712	0	1
35266567	1	0
35268283	0	1
35268572	0	1
35269951	0	1
35272140	0	1
35272405	0	1
35274637	0	1
35276362	0	1
35276529	1	0
35280446	0	1
35282340	0	1
35284224	1	0
35285050	0	1
35285100	0	1
35285300	0	1
35286911	0	1
35287856	0	1
35288167	1	0
35289036	1	0
35289241	1	0
35289469	1	0
35290606	1	0
35290742	0	1
35291908	0	1
35294422	0	1
35294933	0	1
35295038	0	1
35295248	1	0
35299368	1	0
35300840	0	1
35303119	0	1
35304361	0	1
35304466	1	0
35305092	1	0
35305447	0	1
35305937	1	0
35306553	1	0
35307080	1	0
35309506	0	1
35312500	1	0
35312594	0	1
35312966	0	1
35313483	1	0
35319239	0	1
35319278	1	0
35321192	1	0
35321279	0	1
35324132	1	0
35324182	0	1
35324715	0	1
35325058	1	0
35327949	1	0
35329352	0	1
35329619	1	0
35329949	0	1
35331173	0	1
35331664	0	1
35336502	1	0
35338531	1	0
35340005	0	1
35340071	1	0
35343753	1	0
35345241	0	1
35347725	0	1
35348012	1	0
35348067	1	0
35348100	0	1
35352291	1	0
35352812	0	1
35353637	1	0
35355438	0	1
35357316	1	0
35358245	1	0
35359246	0	1
35359766	0	1
35363455	1	0
35363674	1	0
35364291	1	0
35364627	1	0
35366160	0	1
35367085	1	0
35367489	0	1
35368052	0	1
35368408	0	1
35369808	0	1
35369869	0	1
35373610	0	1
35379230	1	0
35379823	1	0
35388111	1	0
35389673	0	1
35392165	1	0
35393940	0	1
35394252	0	1
35399225	0	1
35400159	1	0
35400585	0	1
35402003	0	1
35402140	0	1
35402392	0	1
35403700	1	0
35403792	0	1
35405822	0	1
35407734	1	0
35409352	0	1
35410484	1	0
35411589	1	0
35412231	1	0
35413047	1	0
35413128	1	0
35416956	0	1
35418561	1	0
35418919	0	1
35420867	0	1
35423013	0	1
35423854	0	1
35424788	0	1
35425242	0	1
35425625	0	1
35426235	0	1
35426692	0	1
35427336	1	0
35428460	0	1
35429168	0	1
35429707	0	1
35430561	1	0
35433630	0	1
35435866	0	1
35440926	0	1
35443058	1	0
35443400	0	1
35443574	1	0
35444031	0	1
35446358	0	1
35448208	0	1
35448369	0	1
35448391	1	0
35449927	0	1
35450627	1	0
35455438	1	0
35461353	0	1
35462246	1	0
35463132	0	1
35463642	1	0
35467687	1	0
35470160	1	0
35471652	0	1
35472306	1	0
35473726	0	1
35475167	1	0
35476378	0	1
35476464	1	0
35476502	1	0
35476801	0	1
35478602	1	0
35480141	0	1
35480229	0	1
35482923	1	0
35485818	1	0
35486138	0	1
35489226	0	1
35489805	1	0
35490507	0	1
35491246	0	1
35491428	1	0
35491664	0	1
35492669	1	0
35496618	1	0
35498246	1	0
35499073	0	1
35499079	1	0
35499442	0	1
35501604	0	1
35503234	0	1
35503469	0	1
35505045	0	1
35505095	1	0
35509945	0	1
35510652	1	0
35511729	1	0
35512833	0	1
35513701	1	0
35514908	1	0
35516364	0	1
35516707	1	0
35518019	0	1
35518651	0	1
35519621	1	0
35519628	0	1
35520080	1	0
35520997	1	0
35521334	1	0
35523013	0	1
35523303	1	0
35523950	1	0
35524846	0	1
35525823	1	0
35528361	1	0
35529304	0	1
35529660	0	1
35530043	0	1
35530708	1	0
35534706	0	1
35535850	0	1
35536068	0	1
35536628	1	0
35537890	1	0
35542855	0	1
35543052	1	0
35544537	0	1
35545385	0	1
35547069	0	1
35547472	0	1
35549999	0	1
35551900	0	1
35553199	1	0
35553992	0	1
35554220	0	1
35555005	1	0
35555409	0	1
35555599	1	0
35556670	1	0
35558825	1	0
35559234	1	0
35560160	1	0
35562030	1	0
35562286	0	1
35565055	1	0
35565756	0	1
35566139	1	0
35566322	0	1
35567603	0	1
35569698	0	1
35574845	0	1
35576666	0	1
35577490	0	1
35578306	1	0
35578971	1	0
35583527	1	0
35583818	1	0
35583893	1	0
35586642	1	0
35587047	1	0
35589097	0	1
35589281	0	1
35589393	1	0
35590609	0	1
35590633	1	0
35592701	1	0
35593025	0	1
35593324	1	0
35595384	0	1
35596807	1	0
35598062	0	1
35600887	1	0
35600956	1	0
35603921	1	0
35605497	0	1
35608223	1	0
35608629	0	1
35609441	1	0
35610234	1	0
35611628	1	0
35611736	0	1
35611808	1	0
35615814	0	1
35616330	0	1
35617038	0	1
35619340	1	0
35619558	1	0
35625858	0	1
35635638	1	0
35637331	1	0
35637955	1	0
35638698	0	1
35638783	1	0
35639471	1	0
35639866	0	1
35640151	1	0
35640552	1	0
35640624	1	0
35644274	1	0
35644356	0	1
35645185	0	1
35646093	1	0
35648481	0	1
35648862	0	1
35650990	1	0
35652493	1	0
35653097	1	0
35654473	0	1
35654791	1	0
35655387	1	0
35657896	0	1
35658844	0	1
35659561	1	0
35660070	1	0
35661349	0	1
35661639	0	1
35664319	1	0
35668543	0	1
35669076	0	1
35670290	0	1
35670376	0	1
35671853	0	1
35672098	0	1
35672131	1	0
35675303	0	1
35676009	1	0
35676597	1	0
35680009	0	1
35682552	1	0
35684032	1	0
35686100	0	1
35689591	1	0
35689724	0	1
35691039	1	0
35694900	1	0
35695804	0	1
35696500	0	1
35699185	0	1
35699930	0	1
35705979	0	1
35706397	0	1
35706907	1	0
35709325	1	0
35709420	1	0
35709726	0	1
35709782	1	0
35710047	1	0
35711103	1	0
35712253	0	1
35713586	0	1
35718089	0	1
35718130	1	0
35718886	1	0
35720091	0	1
35723045	1	0
35724126	1	0
35725466	1	0
35725964	1	0
35726145	1	0
35726960	0	1
35728043	0	1
35729354	1	0
35732034	1	0
35732736	0	1
35733064	0	1
35733733	0	1
35734009	1	0
35735767	0	1
35737608	1	0
35739368	1	0
35740503	1	0
35742121	0	1
35742745	0	1
35746540	1	0
35746690	1	0
35747333	1	0
35747373	1	0
35751432	1	0
35752478	1	0
35752511	0	1
35753876	0	1
35754228	0	1
35754611	1	0
35755128	0	1
35757081	1	0
35757442	0	1
35759828	0	1
35760418	1	0
35762159	1	0
35763299	1	0
35765296	0	1
35770237	1	0
35771009	1	0
35771304	0	1
35772153	0	1
35772979	1	0
35775783	1	0
35776332	1	0
35776684	1	0
35776729	1	0
35778781	1	0
35781284	1	0
35784153	1	0
35784353	0	1
35785222	0	1
35786257	0	1
35786741	0	1
35786835	0	1
35787848	0	1
35788229	1	0
35788997	0	1
35789122	0	1
35789620	1	0
35792195	1	0
35792441	1	0
35792601	0	1
35794090	1	0
35795215	0	1
35796518	1	0
35797105	0	1
35797436	1	0
35797619	1	0
35800484	1	0
35801196	1	0
35801339	1	0
35802643	0	1
35802708	1	0
35803562	1	0
35804395	1	0
35804873	1	0
35805128	0	1
35807273	0	1
35810483	1	0
35810892	1	0
35811668	1	0
35813428	1	0
35813510	1	0
35814655	0	1
35815020	1	0
35815294	0	1
35815529	1	0
35816014	1	0
35816112	1	0
35819926	1	0
35820626	0	1
35821321	1	0
35829932	0	1
35830107	0	1
35830259	1	0
35830440	0	1
35831177	1	0
35831704	1	0
35831782	1	0
35833109	1	0
35833299	0	1
35833422	0	1
35834008	0	1
35834017	1	0
35839442	0	1
35840316	0	1
35840386	1	0
35845251	1	0
35847553	1	0
35848631	0	1
35849956	1	0
35851215	1	0
35851600	1	0
35853949	1	0
35854715	0	1
35859705	1	0
35860400	0	1
35862346	0	1
35862943	1	0
35862997	0	1
35863554	1	0
35864504	0	1
35865330	0	1
35866438	0	1
35866985	1	0
35868892	0	1
35869700	1	0
35870923	1	0
35872471	1	0
35872578	0	1
35872762	1	0
35873510	0	1
35875272	1	0
35875426	0	1
35876026	1	0
35878280	1	0
35879023	1	0
35879556	0	1
35880970	1	0
35883439	0	1
35883916	1	0
35885407	0	1
35886416	0	1
35887149	1	0
35887993	0	1
35888529	0	1
35890716	0	1
35891372	1	0
35892609	1	0
35893677	1	0
35895526	1	0
35898428	0	1
35899759	1	0
35900314	1	0
35900453	0	1
35905133	1	0
35905282	0	1
35906786	1	0
35907682	0	1
35907774	1	0
35908820	1	0
35910088	0	1
35910839	0	1
35911115	0	1
35911419	1	0
35911503	0	1
35912253	0	1
35912312	1	0
35912744	0	1
35913648	0	1
35914904	1	0
35918653	1	0
35920666	0	1
35921015	0	1
35922237	1	0
35922451	1	0
35923920	1	0
35928841	0	1
35930255	0	1
35932670	0	1
35933688	0	1
35934735	1	0
35935320	1	0
35935350	1	0
35935480	0	1
35936620	1	0
35939571	1	0
35940146	0	1
35940461	0	1
35940766	0	1
35942832	0	1
35944170	1	0
35944522	1	0
35945045	0	1
35945117	1	0
35950126	0	1
35950291	1	0
35955858	1	0
35958065	1	0
35958108	1	0
35958224	0	1
35959098	0	1
35962771	1	0
35962975	1	0
35964269	0	1
35966789	0	1
35968901	0	1
35970761	0	1
35971613	0	1
35972506	1	0
35973312	1	0
35973636	1	0
35973996	1	0
35974119	0	1
35975736	1	0
35976289	1	0
35976326	1	0
35976952	1	0
35979166	0	1
35987134	1	0
35987740	1	0
35989565	1	0
35991695	0	1
35992087	0	1
35992556	0	1
35992617	1	0
35993418	1	0
35996770	1	0
35996869	1	0
36000560	0	1
36001017	1	0
36006629	0	1
36011113	1	0
36013354	0	1
36013513	1	0
36016701	1	0
36017368	0	1
36017533	1	0
36020509	0	1
36021496	1	0
36022145	1	0
36023357	0	1
36023949	0	1
36024655	1	0
36026679	0	1
36026926	0	1
36027002	1	0
36029101	0	1
36031269	1	0
36031383	1	0
36031647	0	1
36033849	0	1
36034530	0	1
36034971	0	1
36035386	1	0
36035849	1	0
36036058	1	0
36036322	1	0
36038932	0	1
36042059	1	0
36042074	0	1
36042263	1	0
36042945	0	1
36043853	0	1
36043877	0	1
36045549	1	0
36049961	0	1
36050264	0	1
36051139	1	0
36051212	0	1
36051369	1	0
36053554	0	1
36053596	1	0
36056931	1	0
36057557	1	0
36057683	1	0
36060800	1	0
36061749	1	0
36063441	1	0
36063646	1	0
36069324	1	0
36070561	0	1
36071804	0	1
36072026	0	1
36072505	1	0
36073378	0	1
36073779	1	0
36075377	0	1
36075987	1	0
36079331	1	0
36082314	0	1
36083481	1	0
36083663	1	0
36083985	1	0
36084686	0	1
36085480	1	0
36086886	1	0
36087486	0	1
36089002	1	0
36089078	1	0
36090848	1	0
36095666	0	1
36095762	1	0
36097898	1	0
36099316	1	0
36100540	1	0
36101449	1	0
36102285	0	1
36103306	0	1
36104708	0	1
36105256	1	0
36106275	0	1
36106484	0	1
36107494	0	1
36107831	1	0
36108095	0	1
36111227	1	0
36111411	0	1
36114251	1	0
36117856	1	0
36119708	1	0
36120134	1	0
36121218	0	1
36122403	1	0
36123454	0	1
36124061	1	0
36124589	1	0
36125211	1	0
36125751	0	1
36126671	1	0
36127059	1	0
36128914	1	0
36129058	0	1
36129083	0	1
36129402	0	1
36130641	1	0
36131556	1	0
36131857	1	0
36131935	0	1
36132296	0	1
36136040	1	0
36138973	0	1
36143248	1	0
36143360	0	1
36144510	1	0
36145812	0	1
36149396	0	1
36150529	1	0
36152127	1	0
36152474	1	0
36153242	1	0
36154413	0	1
36155790	1	0
36156627	1	0
36157322	1	0
36158832	0	1
36161571	1	0
36162756	1	0
36163476	0	1
36165773	1	0
36166191	0	1
36168583	1	0
36168673	0	1
36168880	1	0
36168986	0	1
36170974	0	1
36172024	1	0
36173143	0	1
36174188	1	0
36174494	0	1
36174508	1	0
36175396	1	0
36177612	1	0
36180104	0	1
36181888	0	1
36183714	1	0
36184118	0	1
36184707	1	0
36185635	1	0
36186224	1	0
36186608	0	1
36187594	0	1
36189585	0	1
36190376	1	0
36193158	0	1
36194626	0	1
36195801	0	1
36199332	0	1
36199581	0	1
36200281	0	1
36200503	1	0
36200792	0	1
36201234	1	0
36207217	1	0
36208607	1	0
36208951	0	1
36211630	1	0
36212856	0	1
36215497	0	1
36215625	0	1
36219101	0	1
36220396	0	1
36223686	0	1
36224307	1	0
36225363	0	1
36227452	1	0
36228008	0	1
36228187	0	1
36229078	1	0
36231060	1	0
36231669	1	0
36232430	0	1
36232896	1	0
36235416	0	1
36236373	0	1
36237409	0	1
36237662	0	1
36238325	1	0
36240152	1	0
36240682	0	1
36244890	1	0
36247455	0	1
36250735	1	0
36252537	0	1
36253476	1	0
36255276	1	0
36255502	1	0
36257494	1	0
36261781	0	1
36264021	1	0
36268151	1	0
36269322	1	0
36270540	0	1
36272278	1	0
36272419	1	0
36273680	0	1
36273944	0	1
36274964	0	1
36277743	0	1
36282673	0	1
36283690	1	0
36284410	1	0
36284535	0	1
36285669	1	0
36287450	1	0
36289470	1	0
36291751	1	0
36293433	0	1
36294237	0	1
36295875	0	1
36296689	1	0
36298817	0	1
36299748	0	1
36299860	1	0
36299876	1	0
36300673	1	0
36301337	0	1
36301635	1	0
36301720	0	1
36302387	1	0
36307390	0	1
36308523	1	0
36308545	1	0
36311543	0	1
36312960	0	1
36314206	0	1
36317661	0	1
36317725	0	1
36318185	0	1
36318362	0	1
36318421	1	0
36318661	0	1
36318966	0	1
36320211	0	1
36322394	0	1
36322716	0	1
36322717	1	0
36323734	1	0
36324863	0	1
36325452	0	1
36325832	1	0
36326603	0	1
36326881	1	0
36328454	1	0
36328829	1	0
36329421	1	0
36330011	0	1
36330801	0	1
36331393	0	1
36332843	0	1
36333539	1	0
36334286	0	1
36337049	1	0
36338164	0	1
36340769	0	1
36344890	0	1
36347914	1	0
36348866	1	0
36350117	1	0
36350149	0	1
36351960	0	1
36352805	1	0
36354813	1	0
36355141	0	1
36355558	1	0
36357251	1	0
36357529	1	0
36359806	0	1
36359912	1	0
36361952	1	0
36364775	0	1
36365225	0	1
36366430	0	1
36368902	1	0
36369062	0	1
36370745	0	1
36371278	0	1
36373700	0	1
36377508	0	1
36380009	0	1
36380375	1	0
36386243	0	1
36386718	1	0
36388327	1	0
36388700	1	0
36391388	0	1
36391718	1	0
36392375	0	1
36392703	1	0
36392787	0	1
36392917	1	0
36393836	0	1
36396594	0	1
36398652	0	1
36399235	1	0
36401818	1	0
36403208	0	1
36405943	1	0
36406873	1	0
36407438	1	0
36408037	0	1
36410010	0	1
36411756	0	1
36412965	0	1
36413164	1	0
36413994	1	0
36416061	1	0
36416475	1	0
36420383	1	0
36420771	1	0
36427446	0	1
36428779	0	1
36428967	1	0
36431812	1	0
36434553	0	1
36434762	1	0
36435601	1	0
36435838	1	0
36436299	1	0
36436821	0	1
36436962	1	0
36437300	0	1
36437504	0	1
36439868	1	0
36442318	0	1
36443943	0	1
36444193	1	0
36444233	0	1
36444412	1	0
36448032	0	1
36451745	1	0
36453879	1	0
36457927	1	0
36458288	1	0
36460595	0	1
36460941	0	1
36461824	1	0
36464015	1	0
36464208	1	0
36464465	0	1
36465527	0	1
36467586	1	0
36468363	0	1
36469440	1	0
36470504	0	1
36472975	1	0
36473599	1	0
36475718	1	0
36475835	0	1
36476346	0	1
36477362	0	1
36478172	0	1
36480063	0	1
36480361	1	0
36481260	1	0
36481673	0	1
36483474	0	1
36484148	0	1
36485044	1	0
36485324	1	0
36485421	1	0
36485461	0	1
36492740	0	1
36495387	1	0
36496289	0	1
36501608	0	1
36503153	1	0
36504361	0	1
36505894	0	1
36506047	0	1
36509520	0	1
36509688	0	1
36509717	1	0
36510488	1	0
36510846	0	1
36512677	1	0
36513506	0	1
36516422	1	0
36523001	0	1
36523672	1	0
36523848	0	1
36524858	0	1
36525570	0	1
36526298	0	1
36528309	0	1
36530627	0	1
36534566	1	0
36537143	0	1
36537990	1	0
36538373	0	1
36540679	1	0
36542259	1	0
36543960	0	1
36545581	0	1
36546870	0	1
36547047	1	0
36547423	1	0
36547626	1	0
36548480	1	0
36553699	1	0
36554933	0	1
36556802	1	0
36559330	1	0
36559373	0	1
36560554	1	0
36562786	1	0
36562956	0	1
36564056	0	1
36564172	0	1
36564282	1	0
36565416	1	0
36565513	0	1
36566327	0	1
36566934	0	1
36567248	0	1
36568951	1	0
36569258	1	0
36570860	0	1
36573284	0	1
36573758	1	0
36573982	1	0
36574091	0	1
36576685	1	0
36576909	1	0
36579103	1	0
36579226	0	1
36583563	0	1
36586737	1	0
36589983	0	1
36590262	0	1
36590918	0	1
36592262	0	1
36594761	1	0
36595679	0	1
36597207	0	1
36598681	0	1
36603259	0	1
36603847	0	1
36603961	0	1
36604340	1	0
36606587	1	0
36606609	1	0
36607139	1	0
36608187	1	0
36608922	0	1
36609768	0	1
36613237	0	1
36613714	1	0
36615968	1	0
36616143	1	0
36616961	0	1
36617669	0	1
36617994	0	1
36618404	0	1
36618450	1	0
36618815	0	1
36621302	1	0
36622520	0	1
36623422	1	0
36625870	1	0
36627005	0	1
36628944	0	1
36629441	0	1
36630136	0	1
36630232	0	1
36631240	0	1
36634411	1	0
36635272	0	1
36636282	1	0
36636560	0	1
36636806	0	1
36637806	1	0
36637962	1	0
36638154	0	1
36638590	0	1
36641267	0	1
36641490	0	1
36641788	1	0
36642906	1	0
36643915	1	0
36644301	0	1
36644761	0	1
36645638	1	0
36648808	1	0
36650340	1	0
36650917	1	0
36651902	0	1
36658106	1	0
36659056	1	0
36660147	0	1
36660946	1	0
36661126	0	1
36661311	1	0
36662529	0	1
36665628	0	1
36666003	1	0
36667684	1	0
36669793	1	0
36671095	0	1
36671106	0	1
36672402	0	1
36673255	0	1
36673780	1	0
36674182	0	1
36678727	0	1
36681184	0	1
36682674	0	1
36683481	0	1
36687104	0	1
36688390	1	0
36688633	1	0
36689503	1	0
36690205	1	0
36690332	1	0
36690823	1	0
36693620	0	1
36693979	1	0
36697030	0	1
36699291	0	1
36699974	1	0
36703666	0	1
36706897	0	1
36707604	0	1
36708537	1	0
36709925	1	0
36712918	0	1
36715541	1	0
36715574	1	0
36717065	1	0
36718361	0	1
36719980	1	0
36721836	0	1
36723049	1	0
36723748	1	0
36730856	1	0
36733627	1	0
36734215	0	1
36735129	0	1
36736689	1	0
36741833	0	1
36744305	0	1
36744617	0	1
36745794	1	0
36746399	1	0
36748570	0	1
36748580	0	1
36749168	1	0
36750379	1	0
36750695	0	1
36751275	1	0
36751592	1	0
36751823	1	0
36753215	0	1
36753803	0	1
36755295	0	1
36755916	1	0
36755948	1	0
36756580	0	1
36757363	1	0
36757512	1	0
36758553	1	0
36758995	1	0
36759448	0	1
36759606	0	1
36760371	1	0
36764362	1	0
36767702	1	0
36771361	1	0
36783107	0	1
36787365	0	1
36789524	0	1
36789622	1	0
36790728	0	1
36793311	0	1
36797200	0	1
36797549	1	0
36798172	0	1
36799858	1	0
36799945	1	0
36800020	1	0
36801863	1	0
36802158	1	0
36807816	0	1
36807823	0	1
36808854	0	1
36809178	0	1
36810778	1	0
36812277	0	1
36812284	1	0
36814382	1	0
36814613	0	1
36818420	1	0
36820429	0	1
36820544	1	0
36820779	1	0
36821410	1	0
36822845	0	1
36823971	1	0
36824927	0	1
36826346	1	0
36828320	1	0
36829820	1	0
36836277	1	0
36836611	0	1
36836618	1	0
36837670	1	0
36837928	0	1
36840649	1	0
36843436	0	1
36843913	0	1
36845263	0	1
36845616	0	1
36847623	0	1
36852669	1	0
36854037	1	0
36854899	0	1
36854998	1	0
36856272	1	0
36856981	1	0
36860111	1	0
36860373	0	1
36860724	0	1
36862202	1	0
36865966	1	0
36868205	1	0
36869330	0	1
36870961	1	0
36870985	1	0
36871967	0	1
36872046	1	0
36873556	1	0
36874458	0	1
36875830	0	1
36876701	0	1
36877165	1	0
36878189	1	0
36880310	1	0
36881392	1	0
36881548	0	1
36882494	1	0
36882739	1	0
36884198	1	0
36885065	1	0
36886204	0	1
36888362	0	1
36890854	1	0
36891198	1	0
36892639	1	0
36892970	1	0
36893443	0	1
36893755	0	1
36894401	1	0
36895807	1	0
36895957	1	0
36897685	1	0
36900653	0	1
36900919	1	0
36901066	0	1
36901856	1	0
36902281	0	1
36902907	0	1
36903316	1	0
36903656	1	0
36903959	0	1
36904755	0	1
36906771	0	1
36908918	0	1
36909531	1	0
36909624	0	1
36909992	1	0
36910735	1	0
36912010	0	1
36914978	0	1
36915757	1	0
36916005	1	0
36916511	1	0
36919672	1	0
36920065	1	0
36921066	0	1
36922302	1	0
36923326	0	1
36924661	0	1
36924789	0	1
36925251	1	0
36928340	1	0
36929541	1	0
36931722	1	0
36931860	1	0
36933176	1	0
36934170	0	1
36938605	0	1
36939963	1	0
36943090	0	1
36944954	1	0
36947326	1	0
36947841	1	0
36950023	1	0
36950781	1	0
36951023	0	1
36952774	0	1
36952843	1	0
36955282	0	1
36955620	1	0
36958762	0	1
36960201	0	1
36960725	0	1
36962839	1	0
36964397	0	1
36965590	1	0
36967261	0	1
36969581	1	0
36973172	1	0
36973551	0	1
36973909	1	0
36974642	0	1
36975369	1	0
36977127	1	0
36978892	1	0
36980390	0	1
36981343	1	0
36983467	1	0
36983886	1	0
36984625	1	0
36985244	0	1
36986353	1	0
36988373	1	0
36988861	0	1
36990472	1	0
36991328	0	1
36992445	0	1
36993324	1	0
36994193	0	1
36997432	0	1
36998214	1	0
37002448	1	0
37004869	0	1
37007465	1	0
37009029	1	0
37009082	1	0
37011249	0	1
37013873	0	1
37014152	0	1
37014272	1	0
37014581	1	0
37015370	0	1
37019222	0	1
37019255	0	1
37019751	1	0
37021894	0	1
37023068	0	1
37023417	0	1
37025527	0	1
37026659	0	1
37027583	1	0
37030405	1	0
37032193	1	0
37032812	1	0
37033367	1	0
37034600	0	1
37034768	1	0
37035242	1	0
37035570	0	1
37036213	0	1
37039367	0	1
37043323	0	1
37043633	0	1
37044095	0	1
37049249	0	1
37050437	0	1
37050542	1	0
37052952	1	0
37054230	0	1
37054887	1	0
37056798	0	1
37057510	1	0
37058118	0	1
37059356	1	0
37061306	0	1
37061417	0	1
37064732	0	1
37065284	0	1
37066536	1	0
37068284	0	1
37068556	1	0
37072406	0	1
37073132	1	0
37080091	1	0
37080590	0	1
37080925	1	0
37084566	1	0
37084867	1	0
37084879	1	0
37085214	0	1
37085729	0	1
37086247	0	1
37086357	1	0
37086741	0	1
37088713	0	1
37092693	1	0
37092764	0	1
37096596	1	0
37096652	0	1
37097341	1	0
37098766	1	0
37099389	1	0
37100733	0	1
37102938	1	0
37104095	1	0
37104941	1	0
37105464	1	0
37107055	0	1
37110089	1	0
37111024	0	1
37111160	1	0
37113163	1	0
37114056	0	1
37114118	1	0
37115609	0	1
37115899	0	1
37117645	0	1
37117851	0	1
37120275	0	1
37120921	1	0
37123666	0	1
37125775	0	1
37126223	1	0
37126226	0	1
37127283	0	1
37131548	1	0
37132483	0	1
37133669	1	0
37134113	0	1
37134982	1	0
37135497	1	0
37139624	0	1
37140407	1	0
37141853	0	1
37142092	0	1
37142584	1	0
37142759	1	0
37143036	1	0
37148642	0	1
37149339	0	1
37150888	0	1
37151474	1	0
37151860	1	0
37156341	0	1
37156807	0	1
37156955	0	1
37161088	0	1
37162061	1	0
37164955	1	0
37168892	0	1
37169499	0	1
37172336	0	1
37172996	1	0
37173077	0	1
37176380	1	0
37176625	1	0
37183426	1	0
37183972	0	1
37187019	1	0
37187875	0	1
37189156	0	1
37189403	0	1
37190608	1	0
37195562	0	1
37196306	1	0
37201240	0	1
37202104	0	1
37204249	0	1
37206806	0	1
37206896	1	0
37209380	0	1
37209962	1	0
37210050	0	1
37210268	0	1
37213168	1	0
37214233	1	0
37216188	0	1
37216731	1	0
37217383	0	1
37218309	0	1
37220989	1	0
37224449	1	0
37224563	0	1
37225532	0	1
37225785	0	1
37227871	0	1
37231396	0	1
37231883	0	1
37234642	0	1
37234742	0	1
37234785	0	1
37235342	1	0
37236459	1	0
37237416	1	0
37237449	0	1
37237804	1	0
37237856	1	0
37239628	0	1
37239915	0	1
37240100	1	0
37240348	1	0
37241445	0	1
37241516	1	0
37241851	0	1
37241884	1	0
37241886	0	1
37242339	1	0
37242862	0	1
37243057	1	0
37244001	0	1
37247748	0	1
37250007	1	0
37250525	1	0
37250799	0	1
37251751	0	1
37252187	0	1
37253030	0	1
37255395	0	1
37255461	0	1
37255507	0	1
37258743	0	1
37262124	0	1
37266499	1	0
37267132	0	1
37272081	0	1
37272461	0	1
37273094	1	0
37274756	1	0
37275973	1	0
37277579	1	0
37277749	1	0
37280121	0	1
37281025	1	0
37282743	1	0
37283414	1	0
37287371	0	1
37287577	0	1
37289086	0	1
37291642	1	0
37293072	0	1
37294172	0	1
37297671	1	0
37298379	1	0
37301279	0	1
37304511	0	1
37305819	0	1
37306235	1	0
37306465	1	0
37308423	0	1
37312288	0	1
37313265	1	0
37314345	0	1
37320060	1	0
37320092	0	1
37320477	0	1
37321567	1	0
37322897	1	0
37325886	1	0
37328086	0	1
37328106	0	1
37328937	1	0
37331022	0	1
37331538	1	0
37331715	0	1
37332556	1	0
37332739	0	1
37333041	1	0
37335162	0	1
37335755	0	1
37336584	1	0
37338512	0	1
37339464	0	1
37342647	0	1
37344242	1	0
37344927	1	0
37345715	1	0
37347165	0	1
37347298	1	0
37348594	0	1
37349231	1	0
37352387	1	0
37354178	0	1
37355478	0	1
37356793	1	0
37357479	1	0
37359137	0	1
37361978	0	1
37362967	1	0
37363200	0	1
37364670	1	0
37366759	1	0
37366980	1	0
37368935	1	0
37368991	0	1
37370754	1	0
37371154	0	1
37371487	1	0
37371507	0	1
37372456	1	0
37372473	0	1
37376704	0	1
37378196	1	0
37380964	1	0
37381013	0	1
37381479	0	1
37382836	0	1
37382960	0	1
37385369	1	0
37386710	0	1
37387561	1	0
37388868	0	1
37389608	0	1
37391753	1	0
37393529	0	1
37393567	0	1
37393935	1	0
37396126	1	0
37396223	0	1
37396939	0	1
37397968	0	1
37399379	1	0
37399427	1	0
37399785	0	1
37400374	0	1
37400505	1	0
37406284	1	0
37406410	1	0
37406621	0	1
37408139	1	0
37414902	1	0
37415561	0	1
37416176	0	1
37418233	0	1
37419512	0	1
37421659	1	0
37422929	1	0
37423345	1	0
37423369	1	0
37424363	1	0
37424912	0	1
37426342	0	1
37426441	1	0
37430944	1	0
37432969	1	0
37433371	0	1
37433636	1	0
37434339	0	1
37434405	0	1
37434876	0	1
37436123	0	1
37436790	0	1
37436896	1	0
37437013	1	0
37439815	0	1
37441363	0	1
37441667	0	1
37441878	0	1
37442423	0	1
37442841	1	0
37442888	1	0
37443062	0	1
37445745	1	0
37449428	0	1
37449717	0	1
37450489	0	1
37455171	0	1
37455710	0	1
37456362	1	0
37457646	0	1
37458825	0	1
37461111	1	0
37463001	1	0
37463463	0	1
37465073	1	0
37469141	0	1
37470019	0	1
37471563	0	1
37471599	1	0
37472719	1	0
37475978	0	1
37476668	1	0
37477703	1	0
37481321	1	0
37482101	0	1
37482215	0	1
37482429	0	1
37482523	0	1
37483349	0	1
37484059	1	0
37487314	1	0
37487370	1	0
37488209	0	1
37488256	0	1
37488320	1	0
37490257	1	0
37492626	1	0
37495953	0	1
37498153	0	1
37499749	0	1
37499922	1	0
37500176	0	1
37500315	1	0
37500673	1	0
37501083	0	1
37502604	1	0
37503133	1	0
37503575	1	0
37504074	0	1
37504813	1	0
37505414	1	0
37505643	1	0
37508031	1	0
37508991	0	1
37509306	0	1
37510976	1	0
37510997	1	0
37513648	0	1
37514118	0	1
37519363	0	1
37520087	0	1
37521698	0	1
37521743	0	1
37523194	0	1
37524351	0	1
37527968	0	1
37528465	1	0
37528782	0	1
37531006	1	0
37531743	0	1
37532292	0	1
37532406	1	0
37534553	0	1
37535898	0	1
37536389	1	0
37536676	1	0
37540204	0	1
37542610	1	0
37543927	0	1
37544708	0	1
37545356	0	1
37546657	1	0
37547658	0	1
37547878	1	0
37549924	0	1
37555796	1	0
37557094	1	0
37557720	0	1
37558869	1	0
37560264	0	1
37561356	0	1
37562503	1	0
37563391	1	0
37565034	0	1
37565153	1	0
37565879	1	0
37567444	1	0
37569983	1	0
37572394	0	1
37573011	1	0
37573388	0	1
37574898	1	0
37575980	1	0
37577278	0	1
37580198	0	1
37581229	1	0
37582477	1	0
37583390	0	1
37583443	1	0
37585156	1	0
37585854	1	0
37585985	0	1
37587885	1	0
37588886	1	0
37590525	1	0
37591202	1	0
37592919	1	0
37593554	0	1
37599121	1	0
37599936	1	0
37600000	0	1
37600823	1	0
37601110	1	0
37602206	0	1
37602854	1	0
37603523	1	0
37604822	0	1
37604938	0	1
37606568	1	0
37607133	0	1
37611087	1	0
37613223	0	1
37613320	1	0
37613605	0	1
37614111	1	0
37614566	0	1
37619344	0	1
37619830	0	1
37625327	0	1
37627935	0	1
37628453	0	1
37632058	0	1
37632711	0	1
37636375	0	1
37638086	0	1
37639243	1	0
37639462	0	1
37642646	1	0
37643249	1	0
37646380	0	1
37647046	0	1
37647750	0	1
37651176	1	0
37651770	0	1
37652150	1	0
37652546	0	1
37655369	1	0
37655785	1	0
37656862	0	1
37658752	1	0
37659381	0	1
37659889	0	1
37661587	0	1
37661692	0	1
37663079	0	1
37663908	0	1
37664049	1	0
37665380	0	1
37667332	0	1
37667625	0	1
37668256	0	1
37669489	0	1
37672178	1	0
37674036	0	1
37674765	1	0
37674854	0	1
37676996	0	1
37677286	1	0
37678087	0	1
37678443	1	0
37684245	0	1
37685432	0	1
37685755	0	1
37686059	1	0
37686448	0	1
37686532	1	0
37687791	1	0
37688537	1	0
37691192	0	1
37696160	0	1
37696409	1	0
37696814	0	1
37697633	1	0
37698700	0	1
37700521	0	1
37702796	0	1
37704951	1	0
37708366	1	0
37708488	0	1
37710554	1	0
37711674	1	0
37712604	0	1
37713220	0	1
37714263	1	0
37717650	1	0
37718473	1	0
37720708	1	0
37721585	1	0
37723310	1	0
37723780	0	1
37724783	0	1
37727023	0	1
37728707	0	1
37732015	0	1
37733867	1	0
37734821	1	0
37736598	0	1
37739833	1	0
37740733	0	1
37741826	1	0
37745237	0	1
37745775	1	0
37746277	1	0
37748704	0	1
37750659	0	1
37752174	0	1
37752717	1	0
37753556	0	1
37754388	0	1
37755368	1	0
37755962	1	0
37757899	1	0
37760974	0	1
37761014	0	1
37761565	0	1
37761588	1	0
37763639	0	1
37765851	0	1
37767349	1	0
37768999	1	0
37771098	1	0
37771851	1	0
37772090	0	1
37773040	1	0
37773310	0	1
37773964	0	1
37775960	0	1
37776072	0	1
37776456	0	1
37777753	0	1
37778199	0	1
37783311	0	1
37783335	0	1
37786040	0	1
37788354	1	0
37789607	1	0
37793372	1	0
37795011	0	1
37798427	1	0
37803902	1	0
37806896	1	0
37807188	0	1
37809383	0	1
37810897	1	0
37811394	0	1
37812555	1	0
37815567	1	0
37816028	1	0
37817825	0	1
37820421	1	0
37820790	0	1
37822418	0	1
37824940	0	1
37827458	1	0
37827614	1	0
37827905	1	0
37828112	0	1
37829936	0	1
37830371	1	0
37831589	0	1
37832339	1	0
37833219	0	1
37833627	0	1
37833716	0	1
37836852	1	0
37837714	0	1
37838887	0	1
37839224	0	1
37840108	0	1
37840361	0	1
37841226	0	1
37841402	0	1
37841445	0	1
37842054	0	1
37843156	0	1
37844011	0	1
37844624	1	0
37845546	0	1
37845626	0	1
37846426	1	0
37846716	0	1
37846987	1	0
37847326	1	0
37847576	1	0
37848551	0	1
37853266	1	0
37853810	1	0
37854239	1	0
37854883	0	1
37855241	0	1
37856592	0	1
37856775	0	1
37858715	1	0
37861835	0	1
37863329	0	1
37865498	0	1
37865864	1	0
37869339	1	0
37869650	0	1
37872131	0	1
37872747	1	0
37872778	1	0
37873111	0	1
37875575	0	1
37875918	1	0
37876438	0	1
37877911	0	1
37879093	1	0
37880760	1	0
37881252	0	1
37883199	1	0
37884156	1	0
37884266	0	1
37885008	1	0
37885471	1	0
37885661	0	1
37887441	0	1
37888528	1	0
37888792	0	1
37889819	0	1
37890347	0	1
37896853	1	0
37897495	0	1
37898308	1	0
37899239	0	1
37900891	0	1
37903077	1	0
37904322	1	0
37904687	0	1
37904706	0	1
37907168	1	0
37907278	0	1
37907576	0	1
37909343	0	1
37914227	0	1
37916593	0	1
37918262	1	0
37927381	0	1
37928491	0	1
37928644	1	0
37934424	0	1
37937202	0	1
37941502	1	0
37941596	0	1
37942456	1	0
37943424	1	0
37944816	1	0
37945256	1	0
37947031	1	0
37949554	0	1
37952202	0	1
37955071	0	1
37956449	0	1
37956986	0	1
37957095	0	1
37958480	1	0
37959119	0	1
37961867	1	0
37962639	1	0
37962889	1	0
37964943	0	1
37966166	1	0
37966405	1	0
37969085	1	0
37970638	0	1
37970832	0	1
37972143	0	1
37972955	0	1
37973106	0	1
37973626	0	1
37974051	1	0
37976045	0	1
37976244	1	0
37978333	1	0
37978543	0	1
37978969	1	0
37984299	1	0
37984659	1	0
37985987	1	0
37987664	0	1
37988544	1	0
37988626	0	1
37990007	1	0
37990716	0	1
37998085	0	1
37999516	0	1
38000428	1	0
38003419	0	1
38004281	1	0
38007545	1	0
38008729	1	0
38009392	0	1
38010426	0	1
38010963	0	1
38011592	1	0
38011853	0	1
38012127	1	0
38012183	1	0
38012296	0	1
38013476	0	1
38013727	1	0
38015423	0	1
38015929	0	1
38016647	1	0
38016661	1	0
38017074	0	1
38017373	0	1
38017777	1	0
38020246	0	1
38020674	1	0
38022163	0	1
38022591	1	0
38022846	1	0
38028051	0	1
38028984	0	1
38029127	0	1
38029519	1	0
38030589	1	0
38031909	1	0
38033358	1	0
38033569	1	0
38034132	1	0
38034872	0	1
38037532	1	0
38044522	0	1
38049029	1	0
38049502	0	1
38050167	1	0
38050341	0	1
38053152	1	0
38057174	0	1
38057484	1	0
38058164	1	0
38059777	0	1
38061604	0	1
38064452	0	1
38065025	1	0
38065110	1	0
38065554	0	1
38067893	1	0
38068012	1	0
38070295	0	1
38071202	1	0
38073034	1	0
38075028	1	0
38075031	0	1
38075313	1	0
38076144	0	1
38078126	1	0
38081282	1	0
38081486	0	1
38081861	1	0
38083330	0	1
38083347	0	1
38089009	0	1
38089205	1	0
38090389	0	1
38090867	1	0
38091335	0	1
38093382	0	1
38096285	1	0
38096742	1	0
38098663	0	1
38099780	1	0
38100613	1	0
38104565	0	1
38104969	1	0
38105466	1	0
38106726	0	1
38106748	0	1
38107168	1	0
38108067	0	1
38110263	0	1
38110625	0	1
38113021	0	1
38115531	1	0
38115547	0	1
38116228	0	1
38117461	0	1
38117885	1	0
38118072	1	0
38119057	0	1
38120503	0	1
38121139	0	1
38121380	0	1
38122808	0	1
38125541	1	0
38132271	1	0
38133049	0	1
38133183	1	0
38134972	1	0
38135704	1	0
38136043	1	0
38136136	0	1
38138966	1	0
38139304	1	0
38140018	0	1
38140515	1	0
38142578	0	1
38142583	1	0
38143396	1	0
38146914	0	1
38148913	0	1
38150825	0	1
38152241	0	1
38152503	1	0
38154527	0	1
38155645	1	0
38159117	0	1
38161022	1	0
38162171	1	0
38164999	0	1
38165145	1	0
38165510	0	1
38171424	0	1
38171721	1	0
38174759	0	1
38174821	0	1
38175276	0	1
38178323	1	0
38178555	0	1
38179139	1	0
38180022	0	1
38180029	0	1
38183057	1	0
38183381	1	0
38184630	1	0
38184995	0	1
38185221	1	0
38185258	1	0
38185323	0	1
38185846	1	0
38187284	1	0
38187325	1	0
38187333	1	0
38187394	0	1
38187473	1	0
38188611	0	1
38192524	1	0
38195002	1	0
38196041	0	1
38196338	1	0
38197284	1	0
38199661	0	1
38200125	0	1
38203148	1	0
38203403	0	1
38206635	0	1
38207151	0	1
38208006	0	1
38211264	1	0
38212703	1	0
38213003	0	1
38213728	0	1
38215919	0	1
38216858	1	0
38217791	1	0
38219039	1	0
38219976	0	1
38225504	0	1
38229416	1	0
38231222	0	1
38232375	1	0
38233305	0	1
38233602	0	1
38234871	0	1
38243173	1	0
38244017	1	0
38244834	1	0
38246308	1	0
38246635	0	1
38248078	1	0
38250376	1	0
38253194	0	1
38253917	0	1
38255696	1	0
38256004	0	1
38259243	1	0
38260475	0	1
38263038	0	1
38264691	1	0
38266261	1	0
38268834	1	0
38272560	1	0
38273345	1	0
38274354	0	1
38276831	0	1
38276997	1	0
38277033	1	0
38278703	1	0
38280014	1	0
38283415	1	0
38285561	1	0
38286820	1	0
38289642	0	1
38292967	0	1
38296902	1	0
38298338	0	1
38298549	0	1
38298744	0	1
38298941	0	1
38299400	0	1
38303104	0	1
38303228	1	0
38305769	0	1
38311123	1	0
38311501	1	0
38313094	0	1
38314225	1	0
38315412	1	0
38317032	1	0
38317195	1	0
38317339	0	1
38317456	1	0
38317720	1	0
38321166	1	0
38322088	0	1
38323096	1	0
38324526	0	1
38327124	0	1
38329832	1	0
38331302	1	0
38332106	1	0
38332176	0	1
38332247	0	1
38333854	1	0
38333910	0	1
38334946	0	1
38338365	1	0
38338376	0	1
38338680	1	0
38339902	1	0
38340147	0	1
38340442	0	1
38343791	1	0
38345512	0	1
38346640	1	0
38347876	1	0
38350298	0	1
38351990	1	0
38352097	1	0
38352680	0	1
38353495	0	1
38353672	1	0
38354460	0	1
38358102	0	1
38358311	0	1
38360612	0	1
38361426	1	0
38362573	1	0
38363155	1	0
38363591	1	0
38364696	1	0
38367262	1	0
38370560	1	0
38370745	1	0
38373031	1	0
38373624	0	1
38380746	0	1
38381408	0	1
38382559	1	0
38383235	1	0
38383917	0	1
38383951	0	1
38386707	0	1
38388893	0	1
38389441	0	1
38389467	1	0
38392478	1	0
38393552	1	0
38393602	0	1
38396148	0	1
38397173	0	1
38398521	1	0
38398584	1	0
38398836	1	0
38399837	1	0
38402390	0	1
38403165	1	0
38403613	1	0
38404043	1	0
38404068	1	0
38404161	1	0
38408413	0	1
38408999	0	1
38409657	0	1
38409715	1	0
38409754	1	0
38410554	1	0
38412100	1	0
38412215	0	1
38415307	1	0
38416990	1	0
38419027	0	1
38420170	0	1
38420783	1	0
38421831	0	1
38421885	0	1
38421902	0	1
38423914	1	0
38427092	0	1
38428395	1	0
38430819	1	0
38432425	1	0
38432613	1	0
38434534	1	0
38434547	0	1
38436121	1	0
38436413	0	1
38438005	1	0
38438461	0	1
38438952	0	1
38441112	0	1
38442842	0	1
38444907	1	0
38445106	0	1
38446978	1	0
38447903	0	1
38448153	1	0
38448411	0	1
38448566	0	1
38449895	0	1
38450370	0	1
38456466	1	0
38457509	1	0
38459274	0	1
38461104	1	0
38463964	1	0
38465653	1	0
38465721	1	0
38466196	1	0
38467244	1	0
38468229	0	1
38468424	0	1
38469069	1	0
38470115	0	1
38471148	1	0
38471715	0	1
38474554	1	0
38474577	0	1
38474878	1	0
38476544	0	1
38477525	0	1
38480157	0	1
38482638	0	1
38482911	0	1
38483316	0	1
38484526	1	0
38486002	0	1
38486653	1	0
38488236	1	0
38489362	0	1
38491237	1	0
38491918	0	1
38493645	1	0
38494194	1	0
38495740	1	0
38499323	1	0
38500577	1	0
38500597	1	0
38503587	1	0
38506376	1	0
38507886	1	0
38511858	0	1
38514425	1	0
38515683	0	1
38518630	1	0
38522208	1	0
38523527	0	1
38523932	1	0
38524708	0	1
38525443	1	0
38526090	0	1
38526251	0	1
38527920	1	0
38528227	0	1
38529688	0	1
38530063	0	1
38530551	0	1
38533666	1	0
38533991	0	1
38534640	1	0
38535162	0	1
38535677	0	1
38536918	0	1
38537214	0	1
38537358	1	0
38538636	0	1
38539174	1	0
38539944	1	0
38540144	0	1
38545176	1	0
38545397	0	1
38548968	0	1
38549061	0	1
38549215	0	1
38552696	0	1
38555180	1	0
38555351	1	0
38557981	0	1
38558240	1	0
38559200	1	0
38560889	0	1
38561453	0	1
38568064	0	1
38568621	1	0
38573969	0	1
38577125	0	1
38580053	0	1
38580599	0	1
38580623	1	0
38584494	0	1
38587406	1	0
38588030	1	0
38588934	0	1
38589632	0	1
38590380	1	0
38591117	0	1
38591352	0	1
38591535	0	1
38593354	1	0
38601147	1	0
38601489	1	0
38602353	1	0
38602585	1	0
38603899	0	1
38606711	0	1
38607345	1	0
38608084	0	1
38608465	0	1
38611662	1	0
38612432	0	1
38614278	1	0
38614389	0	1
38615118	0	1
38618304	0	1
38618822	1	0
38619219	1	0
38619932	0	1
38620673	1	0
38621668	1	0
38624478	0	1
38625377	0	1
38626260	0	1
38626784	0	1
38628487	1	0
38629731	1	0
38630675	1	0
38633679	1	0
38634105	0	1
38636936	1	0
38638083	0	1
38638287	1	0
38639081	0	1
38639322	1	0
38639484	1	0
38639659	1	0
38642106	1	0
38642641	1	0
38642943	1	0
38643274	0	1
38644177	1	0
38644318	0	1
38645103	0	1
38648175	0	1
38649221	1	0
38649696	1	0
38651878	1	0
38656054	0	1
38657164	0	1
38659123	0	1
38659637	0	1
38660520	0	1
38662219	0	1
38664270	0	1
38670090	1	0
38670579	0	1
38677090	0	1
38678766	0	1
38679310	0	1
38681445	0	1
38685037	1	0
38685932	0	1
38688234	0	1
38688626	0	1
38689562	1	0
38690766	0	1
38692462	0	1
38694014	1	0
38694033	1	0
38696161	1	0
38696735	1	0
38696744	0	1
38696789	0	1
38698647	1	0
38700607	0	1
38702721	0	1
38703765	1	0
38705373	1	0
38709433	0	1
38709461	0	1
38709638	0	1
38717129	1	0
38718034	0	1
38718640	0	1
38719509	0	1
38721006	1	0
38724021	1	0
38724277	1	0
38724503	0	1
38724776	1	0
38725857	1	0
38729681	1	0
38731001	0	1
38731333	0	1
38732085	0	1
38733445	1	0
38735643	0	1
38735664	1	0
38736511	0	1
38738574	1	0
38741042	0	1
38745149	0	1
38745272	1	0
38749374	1	0
38751603	1	0
38752851	0	1
38753605	0	1
38754154	1	0
38754569	1	0
38757280	0	1
38757311	1	0
38757975	1	0
38758969	1	0
38759546	1	0
38759851	1	0
38759989	1	0
38763688	0	1
38765410	0	1
38765527	0	1
38767632	0	1
38768405	1	0
38769412	1	0
38771989	0	1
38772616	0	1
38772645	1	0
38773836	1	0
38774409	0	1
38774672	1	0
38775806	0	1
38775845	1	0
38775911	1	0
38779441	0	1
38781395	0	1
38783079	0	1
38783091	0	1
38783541	1	0
38785724	0	1
38786302	0	1
38786393	0	1
38786731	1	0
38788490	1	0
38791166	0	1
38791358	1	0
38791628	0	1
38793459	0	1
38793575	1	0
38793902	1	0
38797561	1	0
38798158	0	1
38799010	1	0
38799533	1	0
38804785	0	1
38805155	1	0
38805217	1	0
38808329	1	0
38810786	0	1
38811093	1	0
38813059	1	0
38818311	1	0
38821544	0	1
38822646	0	1
38822761	1	0
38824343	0	1
38824986	0	1
38826113	0	1
38826277	1	0
38826369	1	0
38826458	0	1
38829027	1	0
38829528	0	1
38831293	1	0
38832320	1	0
38832369	1	0
38833099	1	0
38834002	1	0
38834496	0	1
38835507	0	1
38835664	1	0
38835808	1	0
38839589	0	1
38840538	1	0
38841657	0	1
38842574	0	1
38843934	1	0
38846502	0	1
38847994	1	0
38849367	0	1
38851552	0	1
38852159	1	0
38853585	1	0
38854169	1	0
38856694	1	0
38857423	1	0
38857552	1	0
38857607	1	0
38857904	1	0
38858613	1	0
38858643	0	1
38859811	0	1
38861397	1	0
38861609	1	0
38862601	0	1
38862987	1	0
38864759	1	0
38868481	1	0
38868837	1	0
38869388	0	1
38871643	0	1
38873682	1	0
38876630	0	1
38877419	1	0
38877451	0	1
38882352	1	0
38885751	1	0
38885994	1	0
38886251	0	1
38887587	1	0
38888585	1	0
38889015	0	1
38889067	1	0
38889308	1	0
38889472	0	1
38891028	0	1
38892451	1	0
38893033	1	0
38893741	1	0
38894167	0	1
38899161	1	0
38899249	1	0
38899826	0	1
38899921	0	1
38901560	0	1
38901962	0	1
38903761	0	1
38905274	1	0
38905412	1	0
38909380	1	0
38910347	0	1
38911237	1	0
38911442	0	1
38913636	0	1
38913827	0	1
38914521	0	1
38914533	0	1
38915289	1	0
38915899	1	0
38916512	1	0
38916734	1	0
38918351	0	1
38919608	1	0
38920131	1	0
38921166	1	0
38922693	1	0
38922966	1	0
38925681	0	1
38926060	1	0
38926119	0	1
38928442	0	1
38929064	0	1
38929204	1	0
38931529	1	0
38932278	1	0
38933413	0	1
38933823	1	0
38934267	0	1
38936191	0	1
38936196	0	1
38937636	1	0
38937969	1	0
38938205	0	1
38938389	1	0
38939831	1	0
38940179	1	0
38942303	0	1
38943058	1	0
38947572	0	1
38948252	0	1
38949106	0	1
38950836	1	0
38951495	0	1
38955736	1	0
38957949	0	1
38958546	1	0
38958661	1	0
38958974	0	1
38959123	0	1
38959347	0	1
38959572	0	1
38960417	0	1
38963083	1	0
38963593	0	1
38963798	1	0
38964181	0	1
38966951	1	0
38967312	1	0
38969068	0	1
38971499	0	1
38971669	0	1
38971891	0	1
38973286	1	0
38973459	1	0
38973464	1	0
38975338	1	0
38976379	1	0
38978937	1	0
38980435	1	0
38985657	1	0
38988401	1	0
38988861	1	0
38991137	0	1
38994937	1	0
38995690	1	0
38995979	1	0
38996492	0	1
38997502	0	1
38997705	0	1
38998795	1	0
39000162	1	0
39000839	1	0
39002266	1	0
39003290	0	1
39003789	1	0
39004833	1	0
39005251	0	1
39005708	0	1
39005912	1	0
39008603	1	0
39008612	0	1
39009261	1	0
39013414	1	0
39015645	0	1
39015802	1	0
39016141	0	1
39017412	1	0
39018588	0	1
39018721	1	0
39019024	0	1
39024336	1	0
39025584	1	0
39026247	1	0
39026387	0	1
39028802	1	0
39030869	0	1
39034431	0	1
39037238	1	0
39037269	0	1
39037998	0	1
39039510	0	1
39039848	1	0
39040598	1	0
39040956	0	1
39042696	0	1
39042759	1	0
39042846	0	1
39047983	1	0
39048144	1	0
39048547	0	1
39049312	1	0
39052974	1	0
39053598	0	1
39053981	0	1
39057010	0	1
39057976	1	0
39058187	0	1
39059520	0	1
39062860	1	0
39063145	1	0
39063329	0	1
39063968	1	0
39064913	1	0
39065799	0	1
39069012	1	0
39070522	1	0
39071597	1	0
39072826	1	0
39072953	0	1
39074735	0	1
39075321	0	1
39075343	1	0
39075807	1	0
39076063	0	1
39076169	1	0
39076546	0	1
39076912	0	1
39080710	0	1
39081019	1	0
39083419	0	1
39087064	0	1
39087511	1	0
39087603	1	0
39091287	1	0
39091373	0	1
39092440	0	1
39093205	1	0
39097268	0	1
39100577	0	1
39101391	1	0
39101967	1	0
39103776	0	1
39105307	1	0
39107144	0	1
39107972	1	0
39108200	1	0
39109426	0	1
39111212	1	0
39112231	1	0
39113726	1	0
39116683	0	1
39117226	0	1
39119137	0	1
39121323	0	1
39122540	0	1
39123486	0	1
39123563	1	0
39126973	1	0
39128371	1	0
39128836	0	1
39128860	1	0
39129482	1	0
39130723	1	0
39131592	1	0
39135131	1	0
39136797	1	0
39136838	0	1
39136941	1	0
39137453	0	1
39139370	1	0
39139609	1	0
39140768	1	0
39141929	1	0
39144326	1	0
39145722	1	0
39147884	0	1
39148156	0	1
39149345	1	0
39149663	0	1
39150859	1	0
39150870	0	1
39151338	0	1
39152914	1	0
39153440	0	1
39153571	1	0
39153914	0	1
39154639	1	0
39158251	0	1
39158610	0	1
39159970	0	1
39164178	0	1
39166163	0	1
39168086	0	1
39168363	1	0
39168701	1	0
39169096	1	0
39169506	0	1
39169656	0	1
39170312	1	0
39170973	1	0
39171251	1	0
39178742	0	1
39179002	1	0
39179062	0	1
39179227	0	1
39179486	0	1
39180353	1	0
39181328	0	1
39181686	0	1
39182134	0	1
39182154	0	1
39183357	0	1
39185394	0	1
39186271	0	1
39187253	0	1
39188436	0	1
39189368	0	1
39191275	0	1
39192775	0	1
39192777	1	0
39193360	0	1
39194410	1	0
39195561	0	1
39200800	0	1
39203621	1	0
39203959	0	1
39203996	1	0
39204390	0	1
39205117	0	1
39205856	0	1
39206095	1	0
39206480	0	1
39207329	1	0
39209386	1	0
39209503	1	0
39210637	1	0
39210773	0	1
39211154	1	0
39212907	1	0
39213305	0	1
39213400	0	1
39213622	0	1
39216031	1	0
39217901	1	0
39218350	1	0
39219329	0	1
39219369	0	1
39220795	1	0
39220960	0	1
39222172	0	1
39222405	1	0
39225611	1	0
39225866	1	0
39226258	1	0
39227571	0	1
39228638	0	1
39228797	1	0
39231672	0	1
39231725	0	1
39231913	1	0
39232996	0	1
39233199	0	1
39234763	0	1
39235968	0	1
39236491	0	1
39238368	0	1
39238449	0	1
39239652	1	0
39240010	0	1
39240012	1	0
39242145	1	0
39242644	1	0
39243477	0	1
39245089	1	0
39245336	0	1
39247323	1	0
39247855	1	0
39249169	1	0
39249426	0	1
39251227	1	0
39251644	1	0
39251752	1	0
39252804	0	1
39257226	0	1
39258024	0	1
39259485	0	1
39260113	1	0
39260352	0	1
39268083	1	0
39269017	1	0
39271534	0	1
39272453	0	1
39273768	0	1
39274600	1	0
39278571	1	0
39282337	1	0
39282388	0	1
39283495	1	0
39283527	0	1
39283660	0	1
39284099	0	1
39285766	0	1
39285922	1	0
39285959	0	1
39288312	0	1
39289273	1	0
39289788	0	1
39289933	1	0
39292303	1	0
39293389	1	0
39295831	0	1
39295947	1	0
39296319	0	1
39299689	0	1
39299859	0	1
39301192	0	1
39301245	0	1
39304630	1	0
39307204	1	0
39310021	0	1
39310277	0	1
39311043	1	0
39312171	0	1
39313194	0	1
39313926	1	0
39313995	1	0
39314501	0	1
39318024	0	1
39319915	0	1
39320737	0	1
39321322	0	1
39322423	0	1
39323462	0	1
39325988	1	0
39326227	1	0
39331127	1	0
39331654	0	1
39332659	1	0
39334425	0	1
39335058	1	0
39335117	0	1
39336466	1	0
39340754	1	0
39342587	0	1
39343630	1	0
39347481	0	1
39348968	1	0
39349916	1	0
39351654	0	1
39352939	1	0
39355919	0	1
39356432	0	1
39358202	0	1
39358468	0	1
39359094	0	1
39359899	0	1
39360496	1	0
39361079	0	1
39363730	0	1
39363974	0	1
39365689	0	1
39367258	1	0
39367925	0	1
39369594	1	0
39369771	0	1
39370770	1	0
39372674	1	0
39376091	1	0
39376862	0	1
39377068	0	1
39378478	1	0
39379032	1	0
39380600	1	0
39381846	0	1
39382468	1	0
39383326	1	0
39385158	1	0
39385607	0	1
39386918	1	0
39387301	0	1
39387946	1	0
39388122	0	1
39388543	0	1
39388684	1	0
39388798	1	0
39389322	0	1
39392893	1	0
39394605	0	1
39396132	0	1
39396152	1	0
39396292	0	1
39396482	0	1
39398588	1	0
39399126	1	0
39400967	1	0
39401091	0	1
39402188	0	1
39403480	1	0
39404614	1	0
39405282	0	1
39405995	1	0
39406353	0	1
39407665	1	0
39408038	0	1
39411605	1	0
39413091	0	1
39416814	0	1
39418135	1	0
39418628	0	1
39420006	0	1
39422034	1	0
39422127	0	1
39422140	1	0
39425130	1	0
39426158	0	1
39426734	1	0
39431873	1	0
39432766	0	1
39432929	1	0
39435110	0	1
39435318	0	1
39436185	0	1
39440352	1	0
39441740	0	1
39442358	0	1
39443515	1	0
39443578	1	0
39443985	1	0
39446246	1	0
39446271	1	0
39447338	0	1
39447647	0	1
39448937	0	1
39449229	0	1
39449327	0	1
39450035	0	1
39451585	1	0
39452544	0	1
39453459	1	0
39453661	1	0
39454817	0	1
39455982	1	0
39458889	1	0
39459041	1	0
39459385	0	1
39460225	1	0
39465960	1	0
39466109	1	0
39466687	1	0
39468011	1	0
39469196	1	0
39469214	0	1
39472587	0	1
39474035	0	1
39474155	0	1
39474786	0	1
39478015	1	0
39478449	0	1
39480003	1	0
39480023	1	0
39480776	0	1
39484054	0	1
39484245	1	0
39486290	0	1
39487600	1	0
39487918	0	1
39488861	1	0
39493189	1	0
39494053	0	1
39494916	0	1
39495087	1	0
39496858	1	0
39498035	0	1
39498586	0	1
39498784	1	0
39503585	1	0
39504558	0	1
39506847	0	1
39509156	1	0
39512035	0	1
39512524	1	0
39513390	0	1
39513639	1	0
39517212	0	1
39522303	1	0
39522354	1	0
39522888	1	0
39524103	1	0
39524784	0	1
39525179	0	1
39527298	1	0
39527952	1	0
39529055	0	1
39529557	0	1
39530864	0	1
39532474	1	0
39533962	0	1
39536960	0	1
39537662	1	0
39537725	0	1
39539442	0	1
39539734	1	0
39539759	0	1
39541046	0	1
39542277	1	0
39542437	1	0
39545315	0	1
39545571	1	0
39548599	1	0
39549602	1	0
39552201	1	0
39555548	0	1
39557841	0	1
39558352	1	0
39559327	1	0
39560700	1	0
39562089	1	0
39563487	0	1
39564703	1	0
39565280	0	1
39566159	0	1
39566251	1	0
39566978	0	1
39569757	0	1
39571199	0	1
39571778	0	1
39572491	1	0
39573601	0	1
39578753	1	0
39586684	0	1
39588834	0	1
39589448	0	1
39591570	0	1
39593612	0	1
39593914	0	1
39596298	0	1
39596422	0	1
39596821	1	0
39596921	0	1
39597151	1	0
39599071	1	0
39599290	0	1
39599962	1	0
39600253	0	1
39601716	0	1
39601996	0	1
39602520	1	0
39604501	1	0
39607013	0	1
39607119	0	1
39607601	1	0
39607894	0	1
39610019	0	1
39610026	0	1
39615277	0	1
39615672	0	1
39618059	1	0
39622765	1	0
39625397	0	1
39627401	0	1
39627816	0	1
39628080	0	1
39630617	0	1
39630637	1	0
39634556	1	0
39634640	0	1
39634772	1	0
39635968	1	0
39636052	0	1
39640685	0	1
39641037	1	0
39641114	0	1
39643804	0	1
39644873	0	1
39645400	1	0
39646423	0	1
39646992	0	1
39649110	1	0
39650188	1	0
39651861	1	0
39652131	0	1
39652621	0	1
39656004	1	0
39656538	1	0
39657019	0	1
39657708	1	0
39658298	1	0
39658499	0	1
39659445	1	0
39665054	0	1
39665069	1	0
39665498	1	0
39665868	1	0
39666647	0	1
39668756	0	1
39671559	0	1
39673410	0	1
39675663	1	0
39676592	0	1
39677486	0	1
39678438	0	1
39679426	0	1
39682618	0	1
39682873	0	1
39684748	0	1
39685542	1	0
39687358	1	0
39687538	1	0
39697804	0	1
39698248	1	0
39702566	0	1
39702765	1	0
39704438	0	1
39707204	0	1
39707561	1	0
39712377	0	1
39712938	1	0
39714346	1	0
39714795	0	1
39716921	1	0
39720333	0	1
39720616	1	0
39723932	1	0
39725484	0	1
39731171	1	0
39731363	1	0
39731784	0	1
39733271	1	0
39735065	1	0
39737227	1	0
39739416	0	1
39739738	0	1
39739911	1	0
39741477	0	1
39742636	0	1
39743242	1	0
39747405	1	0
39748478	0	1
39748742	0	1
39748879	1	0
39751599	1	0
39753101	0	1
39754782	1	0
39754844	0	1
39756472	1	0
39757011	0	1
39758367	1	0
39758899	0	1
39759412	0	1
39759971	0	1
39760228	0	1
39761515	1	0
39765012	1	0
39765676	1	0
39769787	1	0
39775402	0	1
39775471	1	0
39775602	0	1
39776107	1	0
39776431	0	1
39778986	1	0
39779554	0	1
39780467	1	0
39781869	1	0
39782004	1	0
39783116	0	1
39784888	1	0
39785806	0	1
39788560	0	1
39790450	0	1
39790747	1	0
39791183	1	0
39791753	0	1
39792495	0	1
39792514	1	0
39793176	1	0
39793550	0	1
39794246	1	0
39800522	0	1
39800993	0	1
39801991	1	0
39802300	1	0
39803476	0	1
39803621	0	1
39804725	0	1
39805077	0	1
39805442	1	0
39806922	1	0
39808396	0	1
39808721	0	1
39809616	0	1
39810020	0	1
39810099	0	1
39810823	0	1
39811378	0	1
39812736	1	0
39812883	1	0
39812923	1	0
39814973	0	1
39816334	0	1
39817010	1	0
39817347	0	1
39819276	0	1
39819860	1	0
39822748	1	0
39825951	1	0
39826127	0	1
39827556	0	1
39829956	1	0
39831000	0	1
39831686	0	1
39833703	1	0
39836833	0	1
39836848	1	0
39836888	0	1
39838426	0	1
39838601	0	1
39840283	1	0
39841606	1	0
39842404	1	0
39842975	0	1
39843886	1	0
39843960	1	0
39846264	0	1
39846744	0	1
39850781	1	0
39851374	0	1
39855096	1	0
39856200	0	1
39859950	0	1
39860920	0	1
39861376	0	1
39861475	1	0
39862617	1	0
39864075	0	1
39866866	0	1
39867594	0	1
39869304	0	1
39870693	0	1
39870863	0	1
39871565	0	1
39871923	0	1
39872278	0	1
39872594	0	1
39874664	1	0
39875027	1	0
39876316	1	0
39877078	0	1
39878176	0	1
39878455	1	0
39878713	0	1
39879408	0	1
39880153	0	1
39882571	1	0
39884548	1	0
39884876	1	0
39886052	1	0
39886362	0	1
39886523	0	1
39886843	0	1
39887448	0	1
39888755	1	0
39888846	0	1
39891152	0	1
39891605	1	0
39895010	0	1
39896268	1	0
39897011	0	1
39897120	1	0
39897306	0	1
39897723	0	1
39898769	1	0
39903472	1	0
39904435	0	1
39908643	1	0
39908884	0	1
39911226	0	1
39911397	0	1
39912910	1	0
39913415	0	1
39913863	1	0
39914224	1	0
39916430	0	1
39921276	1	0
39921769	0	1
39922373	0	1
39922995	1	0
39924082	0	1
39924853	0	1
39929079	1	0
39930537	1	0
39930960	0	1
39931697	1	0
39936381	0	1
39937388	0	1
39937982	0	1
39941849	1	0
39944254	1	0
39944426	1	0
39945055	1	0
39946689	0	1
39951397	1	0
39952776	0	1
39953958	0	1
39955695	1	0
39956910	0	1
39957036	0	1
39958964	0	1
39959790	1	0
39960154	0	1
39960826	0	1
39962538	0	1
39965530	1	0
39965724	1	0
39965835	1	0
39967502	1	0
39969608	1	0
39970096	0	1
39971512	0	1
39972299	1	0
39973070	0	1
39974236	0	1
39975298	0	1
39975610	0	1
39976138	0	1
39976951	1	0
39979912	1	0
39980541	1	0
39982621	1	0
39984606	0	1
39985413	1	0
39985623	1	0
39988109	1	0
39990642	1	0
39991003	1	0
39995152	1	0
39996150	1	0
39996665	1	0
39999760	0	1
40005182	1	0
40006729	1	0
40008593	0	1
40008911	0	1
40009306	1	0
40012058	1	0
40012635	0	1
40012741	0	1
40015322	1	0
40017272	0	1
40017412	1	0
40017705	0	1
40017750	1	0
40019979	0	1
40022871	1	0
40027845	1	0
40028695	1	0
40029565	1	0
40029717	0	1
40029852	1	0
40032992	1	0
40033292	1	0
40033950	1	0
40034910	0	1
40037424	0	1
40037994	0	1
40038368	0	1
40039321	0	1
40040604	1	0
40041344	0	1
40042450	1	0
40043643	1	0
40044141	1	0
40044395	1	0
40046616	1	0
40049380	0	1
40049422	1	0
40049778	0	1
40050382	0	1
40050769	0	1
40053134	1	0
40053932	0	1
40055969	0	1
40056113	1	0
40056637	1	0
40056839	0	1
40059322	1	0
40060136	1	0
40061252	1	0
40062553	1	0
40062788	0	1
40063986	1	0
40064272	0	1
40065508	0	1
40065926	0	1
40066686	0	1
40067086	0	1
40067756	0	1
40072421	1	0
40073916	0	1
40076034	1	0
40077099	0	1
40077363	0	1
40078281	1	0
40078743	1	0
40087018	0	1
40087135	1	0
40087483	1	0
40087546	1	0
40088679	0	1
40089568	0	1
40089628	1	0
40093662	0	1
40096283	1	0
40099321	1	0
40103412	1	0
40104885	1	0
40107817	1	0
40108235	1	0
40110031	0	1
40110939	0	1
40111745	1	0
40111996	1	0
40115181	1	0
40116033	1	0
40121196	0	1
40121470	1	0
40123634	1	0
40126008	0	1
40126073	0	1
40126132	1	0
40127176	1	0
40130254	0	1
40132278	0	1
40135169	0	1
40135582	1	0
40135806	0	1
40136800	0	1
40139914	1	0
40141691	1	0
40144866	1	0
40147027	1	0
40148068	0	1
40148988	1	0
40150285	1	0
40151605	0	1
40153584	0	1
40154029	1	0
40154578	1	0
40156811	0	1
40156826	1	0
40158154	0	1
40159971	0	1
40160124	1	0
40161354	1	0
40161645	1	0
40162218	0	1
40162933	1	0
40163317	0	1
40163799	0	1
40163976	0	1
40165026	0	1
40168339	0	1
40168359	0	1
40169128	1	0
40169884	1	0
40170316	1	0
40171614	0	1
40171629	0	1
40173755	0	1
40175037	0	1
40175746	0	1
40175842	1	0
40179849	0	1
40183018	0	1
40185506	1	0
40188442	0	1
40193048	1	0
40194743	1	0
40198181	0	1
40198193	0	1
40201702	1	0
40202047	1	0
40204510	1	0
40204794	1	0
40207749	1	0
40210462	1	0
40213276	1	0
40213798	1	0
40216444	1	0
40217864	1	0
40217951	1	0
40218361	1	0
40219266	0	1
40220015	1	0
40221588	1	0
40221932	0	1
40223301	0	1
40223743	1	0
40225786	0	1
40226527	1	0
40228672	0	1
40229909	1	0
40230389	1	0
40231403	0	1
40232040	1	0
40233037	0	1
40234945	1	0
40240439	1	0
40242106	0	1
40242380	1	0
40242956	1	0
40244228	1	0
40245469	0	1
40246530	1	0
40246738	1	0
40247113	0	1
40247193	1	0
40247446	1	0
40248489	1	0
40248675	0	1
40249236	1	0
40249570	1	0
40250747	1	0
40250898	1	0
40253159	1	0
40253911	0	1
40260630	0	1
40261848	1	0
40264007	1	0
40270638	0	1
40271718	1	0
40272854	1	0
40276296	0	1
40276408	1	0
40279561	0	1
40280131	1	0
40282313	0	1
40283204	1	0
40285529	1	0
40293458	0	1
40294793	0	1
40294959	1	0
40299988	1	0
40301434	0	1
40303658	0	1
40305188	1	0
40307981	1	0
40312399	0	1
40312702	1	0
40313063	0	1
40313528	1	0
40314770	1	0
40315949	1	0
40319753	1	0
40321028	1	0
40321280	1	0
40321966	0	1
40322253	0	1
40322561	1	0
40324098	1	0
40325287	0	1
40327388	1	0
40327405	0	1
40328073	1	0
40329400	1	0
40329778	0	1
40329823	0	1
40330499	1	0
40334948	0	1
40340340	0	1
40341941	1	0
40342418	1	0
40343659	0	1
40344134	1	0
40344697	0	1
40347578	0	1
40349398	1	0
40350674	0	1
40350719	1	0
40351919	0	1
40352080	1	0
40353627	1	0
40355239	1	0
40355283	1	0
40356290	0	1
40357659	1	0
40358179	1	0
40359243	0	1
40359455	0	1
40361355	0	1
40363473	0	1
40363973	1	0
40364132	1	0
40364801	1	0
40364938	0	1
40366093	1	0
40368039	0	1
40368225	0	1
40368998	0	1
40370756	1	0
40370898	1	0
40373032	0	1
40374332	1	0
40377453	0	1
40379258	1	0
40381940	1	0
40383338	0	1
40384107	0	1
40385835	1	0
40385908	1	0
40388618	0	1
40389201	1	0
40390175	0	1
40391205	0	1
40394129	0	1
40394514	1	0
40397964	0	1
40401060	0	1
40402261	1	0
40402586	1	0
40403467	1	0
40405064	1	0
40405750	1	0
40407546	0	1
40408995	0	1
40409171	0	1
40412242	0	1
40412994	1	0
40417418	1	0
40417711	0	1
40417984	0	1
40418775	0	1
40419052	1	0
40425463	1	0
40427100	0	1
40427197	0	1
40432103	1	0
40432416	0	1
40433743	1	0
40434983	1	0
40435111	1	0
40435308	0	1
40436955	0	1
40437143	1	0
40438968	0	1
40440003	1	0
40441529	0	1
40443535	0	1
40446500	0	1
40447592	0	1
40448025	1	0
40449265	0	1
40449796	0	1
40449951	0	1
40451863	0	1
40454055	0	1
40455345	1	0
40455669	0	1
40459322	0	1
40460327	1	0
40461372	1	0
40461577	1	0
40461920	0	1
40464907	1	0
40466187	1	0
40471279	0	1
40472920	1	0
40473941	0	1
40475449	0	1
40476021	1	0
40476318	0	1
40476337	1	0
40477664	1	0
40478111	0	1
40482896	0	1
40485620	1	0
40487310	1	0
40489119	1	0
40493513	0	1
40495133	0	1
40496166	1	0
40496797	0	1
40498279	1	0
40498288	0	1
40498358	0	1
40498413	0	1
40501319	1	0
40501393	1	0
40504752	1	0
40505103	0	1
40506266	0	1
40506734	0	1
40507066	0	1
40507361	0	1
40508270	0	1
40511764	0	1
40513378	1	0
40513478	0	1
40514185	0	1
40516035	1	0
40518631	1	0
40520368	0	1
40521132	0	1
40521838	1	0
40523141	0	1
40523168	1	0
40525845	0	1
40526254	1	0
40527169	1	0
40529326	1	0
40535108	1	0
40537056	1	0
40538639	0	1
40543075	0	1
40547229	0	1
40547889	0	1
40551432	0	1
40551808	0	1
40552299	1	0
40553407	1	0
40555187	1	0
40555275	0	1
40556322	1	0
40558977	1	0
40559119	1	0
40561615	1	0
40562772	1	0
40562893	0	1
40564149	0	1
40566373	1	0
40569822	1	0
40573098	1	0
40573795	1	0
40573928	1	0
40578420	1	0
40579240	0	1
40580867	0	1
40580981	0	1
40581157	1	0
40581981	0	1
40582470	1	0
40583898	0	1
40587208	1	0
40588352	0	1
40588656	0	1
40595041	0	1
40596388	0	1
40596652	1	0
40600527	1	0
40600544	1	0
40601827	1	0
40602169	0	1
40604569	1	0
40605282	1	0
40605656	1	0
40605795	0	1
40605966	0	1
40606063	1	0
40606107	1	0
40607094	1	0
40609196	0	1
40609222	0	1
40609432	1	0
40613354	1	0
40614734	0	1
40615767	0	1
40616984	1	0
40617711	1	0
40622638	0	1
40623776	0	1
40623891	0	1
40624376	1	0
40628069	1	0
40631404	1	0
40632115	0	1
40633701	1	0
40634183	0	1
40634247	0	1
40635372	0	1
40635713	0	1
40636568	1	0
40637793	1	0
40641439	0	1
40642759	0	1
40644254	0	1
40644678	0	1
40644953	1	0
40646083	0	1
40647074	1	0
40647542	0	1
40648740	1	0
40650252	1	0
40651561	1	0
40652298	1	0
40654996	1	0
40657179	1	0
40658054	0	1
40660370	1	0
40661233	0	1
40662485	0	1
40666621	0	1
40666744	0	1
40668142	1	0
40669037	0	1
40669534	1	0
40670692	0	1
40673247	0	1
40675307	0	1
40676361	0	1
40677073	0	1
40678151	1	0
40680146	0	1
40681816	1	0
40682245	1	0
40682784	1	0
40685099	1	0
40685444	0	1
40685710	0	1
40686477	0	1
40690737	0	1
40691014	1	0
40691914	0	1
40692188	0	1
40693328	1	0
40694831	0	1
40696457	0	1
40696474	1	0
40701585	1	0
40702498	0	1
40702809	0	1
40703647	0	1
40707160	1	0
40707666	0	1
40708753	1	0
40708818	0	1
40709988	0	1
40711247	1	0
40712048	0	1
40712816	0	1
40714589	0	1
40718805	0	1
40719127	1	0
40719558	1	0
40720977	1	0
40721587	0	1
40722244	0	1
40723134	1	0
40723266	0	1
40723340	0	1
40723744	0	1
40724951	0	1
40724974	0	1
40725586	1	0
40726386	0	1
40728432	0	1
40728821	0	1
40729036	1	0
40730150	1	0
40730428	1	0
40730451	1	0
40732179	0	1
40734575	1	0
40734972	1	0
40735072	0	1
40741786	1	0
40745170	0	1
40747246	1	0
40748421	1	0
40750183	1	0
40753126	1	0
40756861	1	0
40757131	1	0
40758525	1	0
40759462	0	1
40759796	0	1
40760483	0	1
40761624	1	0
40762241	1	0
40764751	0	1
40767049	0	1
40768680	0	1
40768822	1	0
40770552	1	0
40773372	0	1
40774885	1	0
40775451	0	1
40775744	1	0
40776682	0	1
40776783	1	0
40778287	1	0
40782292	1	0
40783791	0	1
40785992	0	1
40786392	1	0
40786403	0	1
40786681	1	0
40787205	1	0
40789980	0	1
40793249	0	1
40795231	0	1
40801717	1	0
40802157	0	1
40802236	0	1
40802932	0	1
40804296	1	0
40805754	0	1
40809131	1	0
40811312	0	1
40813017	0	1
40813565	1	0
40815865	1	0
40817796	1	0
40819121	0	1
40820653	0	1
40824783	0	1
40826168	1	0
40827123	1	0
40827330	0	1
40827799	0	1
40830902	1	0
40833622	1	0
40834117	0	1
40838426	1	0
40839725	1	0
40841215	1	0
40841445	0	1
40844313	1	0
40846952	1	0
40847125	1	0
40847521	0	1
40850047	0	1
40852172	0	1
40853513	1	0
40858081	1	0
40858093	1	0
40858210	1	0
40858609	0	1
40859553	0	1
40861767	1	0
40862597	1	0
40864040	1	0
40864224	1	0
40867462	1	0
40870430	1	0
40870689	0	1
40871950	0	1
40872967	0	1
40873983	0	1
40876811	0	1
40877100	0	1
40877207	1	0
40877253	0	1
40877342	1	0
40878705	1	0
40878976	0	1
40879292	0	1
40882690	1	0
40883061	0	1
40883223	0	1
40886071	0	1
40888842	0	1
40889508	1	0
40890602	1	0
40892171	0	1
40893109	0	1
40895664	1	0
40895947	1	0
40896165	1	0
40896855	0	1
40897547	0	1
40897870	1	0
40897885	1	0
40898118	0	1
40898216	1	0
40908130	0	1
40910087	0	1
40910093	0	1
40910531	0	1
40911001	1	0
40912279	1	0
40913736	0	1
40914655	1	0
40914916	1	0
40915486	1	0
40916861	0	1
40918251	1	0
40919293	0	1
40919423	0	1
40919432	1	0
40920116	0	1
40922400	0	1
40923659	0	1
40926247	0	1
40926306	0	1
40927294	1	0
40927960	0	1
40928408	1	0
40928766	1	0
40930204	0	1
40931022	0	1
40931105	0	1
40931258	1	0
40933652	0	1
40934172	0	1
40935506	1	0
40935546	1	0
40939872	0	1
40941425	1	0
40942702	1	0
40945446	0	1
40947249	1	0
40947282	1	0
40948257	0	1
40948792	0	1
40949084	1	0
40950917	1	0
40951870	1	0
40954597	0	1
40955377	1	0
40957973	0	1
40958802	1	0
40959008	1	0
40959870	1	0
40961559	0	1
40962741	0	1
40963047	1	0
40963614	0	1
40963863	0	1
40965659	0	1
40966225	1	0
40966261	1	0
40966845	0	1
40966913	1	0
40969359	0	1
40969451	0	1
40969501	1	0
40971081	0	1
40971189	0	1
40971592	1	0
40974586	0	1
40975633	1	0
40980191	1	0
40981252	1	0
40982440	0	1
40983604	1	0
40984052	1	0
40984135	0	1
40985502	1	0
40986426	0	1
40987921	0	1
40988129	1	0
40991356	0	1
40991974	1	0
40992540	1	0
40995890	1	0
40997907	0	1
40999846	0	1
41001057	0	1
41001957	0	1
41002229	1	0
41003168	0	1
41003479	1	0
41003631	0	1
41004332	0	1
41005764	0	1
41005851	0	1
41006853	1	0
41007944	1	0
41009038	1	0
41010774	1	0
41010812	1	0
41014704	0	1
41015150	1	0
41021290	0	1
41022580	0	1
41024012	0	1
41025951	1	0
41025979	1	0
41026325	0	1
41031000	0	1
41031070	0	1
41033073	0	1
41036077	0	1
41036581	1	0
41038187	1	0
41041481	1	0
41042266	1	0
41043175	0	1
41043528	1	0
41044531	0	1
41049502	0	1
41050111	1	0
41051239	1	0
41053114	0	1
41054622	1	0
41055383	0	1
41056098	1	0
41061461	1	0
41061794	0	1
41062696	1	0
41062796	0	1
41064508	0	1
41066892	1	0
41068314	1	0
41069591	0	1
41072488	0	1
41072822	1	0
41074343	0	1
41075484	0	1
41076835	0	1
41079804	0	1
41079806	0	1
41080357	1	0
41080563	1	0
41081599	1	0
41083076	0	1
41084731	0	1
41085025	1	0
41090343	0	1
41090624	1	0
41091805	1	0
41093218	0	1
41095521	0	1
41096012	1	0
41097830	1	0
41097872	0	1
41098793	1	0
41100443	0	1
41101833	1	0
41102060	0	1
41104372	0	1
41104650	0	1
41105838	0	1
41105902	1	0
41106215	0	1
41107977	1	0
41109473	0	1
41110265	0	1
41112112	1	0
41112701	0	1
41114046	1	0
41114094	1	0
41115027	0	1
41115684	1	0
41115854	0	1
41116510	1	0
41117382	1	0
41118035	0	1
41119027	1	0
41120097	0	1
41120225	1	0
41122080	1	0
41125362	1	0
41125878	1	0
41127427	0	1
41128021	1	0
41129979	0	1
41134207	1	0
41135409	1	0
41135414	1	0
41135726	1	0
41136609	0	1
41137602	1	0
41137917	0	1
41138404	1	0
41139333	0	1
41143521	0	1
41144755	0	1
41146161	1	0
41146646	1	0
41148000	1	0
41150743	1	0
41153553	0	1
41155320	0	1
41157154	0	1
41158126	0	1
41158965	0	1
41159237	0	1
41159550	0	1
41159657	0	1
41162854	0	1
41166714	1	0
41166973	1	0
41168232	1	0
41171146	0	1
41174233	1	0
41175791	1	0
41178769	0	1
41179638	0	1
41180339	0	1
41182876	0	1
41183407	1	0
41185455	1	0
41186089	1	0
41187679	1	0
41188169	1	0
41191361	1	0
41192111	1	0
41192552	0	1
41193921	1	0
41194917	0	1
41198759	0	1
41199142	0	1
41199292	0	1
41199707	1	0
41199944	0	1
41200573	1	0
41202176	1	0
41202673	0	1
41208926	0	1
41209043	0	1
41209109	1	0
41209389	1	0
41209820	1	0
41209917	0	1
41211078	0	1
41213554	0	1
41215592	1	0
41216232	1	0
41216903	0	1
41218562	1	0
41220323	1	0
41223635	1	0
41223892	1	0
41226013	1	0
41226938	0	1
41227157	0	1
41227361	0	1
41228733	0	1
41230252	1	0
41231382	0	1
41231602	0	1
41234924	1	0
41235648	1	0
41235680	0	1
41236197	1	0
41236585	0	1
41241328	0	1
41241489	0	1
41242338	1	0
41244008	1	0
41245042	1	0
41245839	0	1
41246242	1	0
41247346	1	0
41247760	0	1
41248555	0	1
41248596	0	1
41249682	0	1
41250209	0	1
41250497	0	1
41251024	0	1
41251704	0	1
41252241	0	1
41252952	1	0
41254648	1	0
41255904	1	0
41256432	1	0
41256841	1	0
41260021	1	0
41261586	1	0
41263031	1	0
41264478	0	1
41264917	0	1
41270015	0	1
41270048	1	0
41272074	1	0
41274417	1	0
41275236	0	1
41276598	0	1
41278724	1	0
41279681	1	0
41280981	1	0
41283059	0	1
41284599	1	0
41284706	1	0
41285959	0	1
41288104	1	0
41288152	0	1
41290308	0	1
41290455	1	0
41290538	1	0
41291498	0	1
41293377	1	0
41293393	0	1
41293410	0	1
41295984	0	1
41299262	1	0
41301429	0	1
41301602	1	0
41303619	1	0
41304884	1	0
41307855	0	1
41307889	1	0
41312553	1	0
41315051	0	1
41316894	0	1
41318397	1	0
41319310	1	0
41320061	1	0
41320196	0	1
41320358	1	0
41320703	1	0
41320863	0	1
41321376	0	1
41321877	0	1
41325801	0	1
41325977	0	1
41326169	0	1
41326203	1	0
41327376	1	0
41327446	0	1
41328240	1	0
41329476	1	0
41331329	1	0
41333084	0	1
41333786	1	0
41335099	1	0
41335283	1	0
41336246	1	0
41337629	1	0
41338999	0	1
41339515	1	0
41340882	0	1
41342613	0	1
41345536	1	0
41345598	1	0
41346232	0	1
41346653	1	0
41347067	1	0
41347271	0	1
41348348	0	1
41349395	1	0
41349826	0	1
41351458	0	1
41352103	1	0
41352762	1	0
41353703	1	0
41354247	1	0
41361330	1	0
41361413	1	0
41362083	1	0
41362246	1	0
41362383	0	1
41362650	1	0
41362905	1	0
41365907	0	1
41366315	0	1
41368782	1	0
41369864	1	0
41370448	0	1
41370464	1	0
41373059	1	0
41373775	0	1
41375285	1	0
41376486	1	0
41379138	0	1
41379253	1	0
41379370	1	0
41381189	1	0
41385119	1	0
41386574	0	1
41386630	0	1
41387001	0	1
41388018	0	1
41389811	0	1
41395061	0	1
41396926	1	0
41397316	0	1
41398384	1	0
41398409	0	1
41398688	1	0
41398751	0	1
41402482	0	1
41402805	0	1
41404534	1	0
41404925	0	1
41405406	1	0
41407102	0	1
41407439	1	0
41407550	0	1
41408064	0	1
41408971	1	0
41409693	1	0
41410196	1	0
41410534	1	0
41411660	0	1
41413678	1	0
41415633	0	1
41417210	1	0
41418351	0	1
41421513	1	0
41421647	1	0
41421695	0	1
41422196	0	1
41423262	1	0
41424826	0	1
41425258	0	1
41425682	1	0
41425802	0	1
41426368	1	0
41426531	1	0
41427150	1	0
41428343	0	1
41430772	1	0
41431077	0	1
41431534	1	0
41432519	1	0
41433168	1	0
41433250	0	1
41435179	1	0
41435448	0	1
41435687	1	0
41437189	1	0
41439564	1	0
41440771	0	1
41440898	0	1
41441880	0	1
41442411	1	0
41443620	1	0
41444529	1	0
41445853	0	1
41449608	1	0
41449952	0	1
41452325	1	0
41452499	1	0
41456331	1	0
41458970	0	1
41459851	0	1
41460689	1	0
41460890	0	1
41465706	1	0
41465836	1	0
41466350	1	0
41468165	0	1
41468819	0	1
41470767	1	0
41471126	0	1
41474121	0	1
41475218	1	0
41475495	0	1
41479749	1	0
41480103	1	0
41481525	1	0
41482627	0	1
41483045	1	0
41483731	0	1
41484200	0	1
41484534	0	1
41484631	1	0
41485015	0	1
41489190	0	1
41489266	1	0
41490913	0	1
41492752	0	1
41494209	1	0
41495110	1	0
41497322	0	1
41500572	0	1
41500757	0	1
41504821	0	1
41504914	0	1
41505250	1	0
41505997	1	0
41506834	0	1
41508232	0	1
41509272	1	0
41511971	0	1
41512526	0	1
41514742	0	1
41517880	0	1
41518264	1	0
41518332	1	0
41518855	0	1
41519654	1	0
41520000	0	1
41520295	0	1
41521453	1	0
41521629	1	0
41523274	1	0
41523780	1	0
41525092	1	0
41525569	1	0
41525700	1	0
41525921	0	1
41528677	0	1
41530680	1	0
41530779	0	1
41530866	1	0
41532735	0	1
41532951	1	0
41534110	1	0
41534156	1	0
41534265	1	0
41534875	1	0
41536667	1	0
41537002	1	0
41538783	0	1
41539396	1	0
41539493	0	1
41542284	0	1
41543635	1	0
41543856	0	1
41544022	0	1
41544150	0	1
41544666	0	1
41547784	1	0
41548048	1	0
41553347	1	0
41553708	0	1
41553996	0	1
41554132	0	1
41555868	0	1
41556040	1	0
41556413	1	0
41557916	1	0
41563804	0	1
41564210	1	0
41564336	0	1
41565425	0	1
41565536	0	1
41566159	0	1
41566497	1	0
41566950	0	1
41568445	1	0
41568728	1	0
41571943	0	1
41573522	0	1
41573878	1	0
41574235	0	1
41574662	0	1
41575307	0	1
41578545	0	1
41579247	1	0
41579864	0	1
41580971	0	1
41581017	1	0
41583931	0	1
41584302	0	1
41585977	0	1
41586388	0	1
41586922	0	1
41587049	1	0
41587636	0	1
41589308	1	0
41590427	1	0
41590449	0	1
41592374	0	1
41594443	0	1
41595226	1	0
41595705	0	1
41597407	1	0
41598192	1	0
41598698	0	1
41598954	0	1
41600190	1	0
41600333	0	1
41601464	1	0
41601745	0	1
41603613	1	0
41604248	0	1
41606149	1	0
41608755	1	0
41608995	0	1
41610749	1	0
41611020	1	0
41612354	0	1
41612487	1	0
41614937	1	0
41615547	1	0
41616605	0	1
41624998	1	0
41629562	0	1
41629839	0	1
41630037	0	1
41631367	1	0
41632792	0	1
41634833	0	1
41635120	0	1
41639504	1	0
41644520	1	0
41646034	0	1
41646529	0	1
41647272	1	0
41647895	0	1
41647932	0	1
41648697	1	0
41649986	1	0
41650297	1	0
41650431	1	0
41651997	0	1
41654864	1	0
41655966	1	0
41657365	0	1
41658692	1	0
41659565	1	0
41660025	1	0
41660511	0	1
41661609	0	1
41663228	0	1
41663542	0	1
41664130	0	1
41664903	1	0
41665204	0	1
41666459	1	0
41666736	0	1
41666913	1	0
41667821	1	0
41667864	0	1
41668043	1	0
41669419	0	1
41669686	1	0
41670354	1	0
41670620	1	0
41673608	0	1
41674295	0	1
41677163	0	1
41683042	0	1
41684033	0	1
41685962	1	0
41688307	1	0
41691696	0	1
41692155	1	0
41693217	1	0
41693501	1	0
41698142	1	0
41698844	0	1
41699540	0	1
41699669	0	1
41700011	0	1
41700064	0	1
41700293	0	1
41701066	1	0
41701323	1	0
41702866	0	1
41703673	0	1
41705818	0	1
41706837	0	1
41708820	0	1
41709621	0	1
41710643	1	0
41711859	0	1
41712787	0	1
41714385	1	0
41715818	0	1
41717130	0	1
41718755	0	1
41719171	0	1
41719658	0	1
41719681	1	0
41720604	1	0
41722166	1	0
41723653	1	0
41725203	0	1
41727190	0	1
41727952	0	1
41727968	1	0
41728466	1	0
41730190	0	1
41731733	1	0
41733691	1	0
41735167	1	0
41737161	0	1
41738690	1	0
41738789	0	1
41739208	1	0
41739319	1	0
41741377	1	0
41742823	0	1
41743806	1	0
41745154	1	0
41746815	1	0
41746953	0	1
41750692	1	0
41753399	1	0
41755663	1	0
41756951	1	0
41758449	0	1
41759334	0	1
41761132	1	0
41762342	1	0
41762904	0	1
41763052	0	1
41764265	0	1
41764474	1	0
41766222	1	0
41766324	0	1
41767242	1	0
41769461	0	1
41770273	0	1
41771527	1	0
41772489	0	1
41773263	0	1
41773570	0	1
41775132	0	1
41776736	1	0
41781499	0	1
41781888	1	0
41782120	1	0
41786081	0	1
41786473	0	1
41786780	0	1
41791223	0	1
41792431	0	1
41793376	0	1
41793653	0	1
41794949	0	1
41796748	1	0
41796869	1	0
41796870	0	1
41799974	0	1
41800220	0	1
41800248	1	0
41800929	1	0
41804562	0	1
41806304	0	1
41806400	0	1
41808121	1	0
41808282	0	1
41809065	0	1
41810023	1	0
41810671	1	0
41810715	0	1
41811472	0	1
41811785	0	1
41814853	1	0
41816566	1	0
41817616	0	1
41817640	1	0
41818280	0	1
41819734	0	1
41821244	1	0
41821545	1	0
41821891	1	0
41822171	1	0
41823108	0	1
41823304	1	0
41823406	0	1
41823727	0	1
41824572	1	0
41825062	0	1
41825560	1	0
41825860	1	0
41825890	1	0
41826496	1	0
41827037	0	1
41827525	1	0
41828106	1	0
41830552	1	0
41831403	0	1
41831450	0	1
41833400	1	0
41834584	1	0
41836022	1	0
41837809	0	1
41837870	0	1
41838163	0	1
41839741	0	1
41840767	1	0
41841024	1	0
41842363	0	1
41842659	0	1
41843104	0	1
41843393	1	0
41844709	1	0
41846107	1	0
41848042	0	1
41850458	0	1
41850733	0	1
41852366	1	0
41853372	0	1
41859763	1	0
41861472	1	0
41863772	0	1
41864105	0	1
41865776	0	1
41865955	1	0
41870375	0	1
41870546	1	0
41871685	1	0
41871912	0	1
41873612	0	1
41873829	1	0
41875049	0	1
41876572	0	1
41877021	0	1
41879896	0	1
41880473	1	0
41881011	1	0
41882772	1	0
41883300	1	0
41883320	1	0
41883406	0	1
41883425	0	1
41886547	1	0
41887165	1	0
41887188	1	0
41888013	1	0
41888243	1	0
41889840	0	1
41890832	1	0
41891183	0	1
41891293	0	1
41892723	0	1
41893514	1	0
41896797	1	0
41898575	0	1
41899450	0	1
41899465	1	0
41902898	1	0
41902944	1	0
41904883	1	0
41911732	1	0
41912668	0	1
41913121	1	0
41918304	0	1
41919981	1	0
41921026	1	0
41922158	0	1
41923349	0	1
41926964	1	0
41926970	1	0
41927554	0	1
41927802	1	0
41933146	0	1
41933698	1	0
41936470	1	0
41937606	1	0
41937739	1	0
41939708	0	1
41940614	0	1
41944298	1	0
41944838	1	0
41945900	1	0
41946316	0	1
41950912	1	0
41952343	1	0
41953492	1	0
41953636	0	1
41956067	0	1
41956785	0	1
41957277	0	1
41957780	0	1
41958934	1	0
41959569	1	0
41961552	1	0
41961592	1	0
41962738	1	0
41963556	0	1
41964325	0	1
41970106	1	0
41970299	0	1
41970369	1	0
41971254	1	0
41973113	0	1
41975231	1	0
41975787	1	0
41977830	1	0
41978106	0	1
41978725	0	1
41979312	1	0
41980321	1	0
41982681	1	0
41983592	0	1
41984260	0	1
41985860	0	1
41986808	1	0
41989213	0	1
41990998	0	1
41991076	0	1
41994525	0	1
41994541	1	0
41994998	0	1
41995146	1	0
41995310	1	0
41995783	1	0
41999440	1	0
42002516	1	0
42002559	1	0
42007944	0	1
42010919	1	0
42012343	1	0
42013125	0	1
42013836	0	1
42014965	0	1
42024282	0	1
42024500	1	0
42026729	1	0
42027357	1	0
42027392	1	0
42028705	1	0
42029888	1	0
42031442	0	1
42031769	0	1
42031950	1	0
42032400	0	1
42032634	0	1
42034010	1	0
42034298	0	1
42035451	0	1
42035951	0	1
42036108	1	0
42036526	1	0
42036734	0	1
42037282	1	0
42037653	1	0
42038371	0	1
42039114	0	1
42039976	1	0
42040170	1	0
42040522	1	0
42040623	0	1
42043485	1	0
42047391	1	0
42051462	1	0
42051607	1	0
42053160	1	0
42054511	1	0
42057888	1	0
42058352	0	1
42062097	0	1
42063143	0	1
42063309	1	0
42064239	1	0
42064931	0	1
42066874	1	0
42067451	0	1
42069200	1	0
42071984	0	1
42074134	0	1
42074682	1	0
42075493	1	0
42075599	1	0
42075643	0	1
42076067	1	0
42077781	1	0
42078554	0	1
42078747	1	0
42079780	1	0
42081822	1	0
42085188	1	0
42088700	1	0
42092887	0	1
42093803	0	1
42094106	0	1
42094274	1	0
42094556	1	0
42095631	1	0
42099864	0	1
42100546	0	1
42100717	0	1
42102463	0	1
42102651	1	0
42103653	1	0
42105246	0	1
42108798	0	1
42109720	1	0
42112772	0	1
42114452	1	0
42115060	1	0
42116598	0	1
42117384	1	0
42117746	1	0
42120454	0	1
42121507	1	0
42123023	0	1
42127388	0	1
42128621	1	0
42131488	0	1
42132386	1	0
42132647	1	0
42135956	1	0
42137701	0	1
42140555	0	1
42140719	0	1
42141908	0	1
42142582	0	1
42146080	0	1
42146879	0	1
42148800	1	0
42149502	0	1
42150450	1	0
42150625	0	1
42152774	0	1
42154498	1	0
42155068	0	1
42157517	1	0
42158481	0	1
42160482	1	0
42161686	0	1
42164037	0	1
42165815	1	0
42166879	0	1
42170664	0	1
42174989	1	0
42176187	0	1
42176396	1	0
42177355	0	1
42177552	1	0
42178019	1	0
42180743	0	1
42181202	1	0
42181474	0	1
42181570	1	0
42181717	0	1
42182118	0	1
42184218	1	0
42184487	0	1
42186750	1	0
42187309	1	0
42188627	1	0
42188905	1	0
42189129	1	0
42189996	1	0
42190738	0	1
42190761	1	0
42192988	0	1
42193215	0	1
42193617	1	0
42194271	1	0
42194925	1	0
42195428	0	1
42198798	0	1
42198844	0	1
42200680	0	1
42201926	0	1
42201989	1	0
42204549	1	0
42208083	1	0
42208449	0	1
42210527	0	1
42211578	1	0
42211724	1	0
42211836	0	1
42213067	0	1
42213868	0	1
42216136	0	1
42219328	1	0
42219540	0	1
42221090	1	0
42221548	0	1
42222457	0	1
42223453	0	1
42226215	1	0
42226921	0	1
42227161	1	0
42227541	0	1
42229491	1	0
42229675	1	0
42229936	1	0
42232364	0	1
42234538	0	1
42236738	1	0
42237343	1	0
42237975	1	0
42238462	1	0
42240102	1	0
42240163	0	1
42244516	0	1
42244702	1	0
42245743	1	0
42246626	0	1
42248457	0	1
42248965	0	1
42250990	1	0
42252065	1	0
42252982	0	1
42253553	1	0
42253750	1	0
42254722	0	1
42258287	1	0
42261078	0	1
42261120	0	1
42261401	1	0
42263627	0	1
42263990	0	1
42264117	1	0
42264973	0	1
42265885	0	1
42266914	0	1
42267931	1	0
42269851	0	1
42271126	1	0
42274123	1	0
42276355	0	1
42277968	0	1
42278844	1	0
42279484	0	1
42281106	0	1
42283177	0	1
42285101	0	1
42285572	1	0
42287384	0	1
42287573	0	1
42288277	0	1
42288746	1	0
42289173	1	0
42289759	0	1
42291291	1	0
42292862	0	1
42295966	0	1
42296893	1	0
42298303	0	1
42299683	0	1
42302870	1	0
42303159	0	1
42303683	1	0
42306603	0	1
42308082	0	1
42308583	0	1
42310272	1	0
42310402	1	0
42311079	1	0
42311689	0	1
42313790	0	1
42313983	0	1
42316843	1	0
42317499	0	1
42318458	1	0
42323319	0	1
42324725	1	0
42324991	0	1
42328351	1	0
42328817	0	1
42329095	1	0
42329406	1	0
42332775	0	1
42333447	1	0
42333699	0	1
42334398	1	0
42334412	1	0
42335726	0	1
42337011	0	1
42337410	0	1
42338874	0	1
42344096	1	0
42344138	0	1
42344550	0	1
42346820	0	1
42348035	1	0
42351990	0	1
42352162	1	0
42355937	0	1
42358503	0	1
42359035	1	0
42359600	1	0
42361044	1	0
42362681	0	1
42363642	0	1
42363658	0	1
42363984	0	1
42364858	0	1
42365744	1	0
42365791	1	0
42366732	1	0
42367382	0	1
42368230	1	0
42368647	0	1
42369664	1	0
42371903	0	1
42374468	1	0
42375162	0	1
42375619	1	0
42377638	0	1
42379053	0	1
42379743	0	1
42380452	0	1
42382694	1	0
42383780	0	1
42384436	0	1
42386841	1	0
42386936	0	1
42387320	0	1
42388712	0	1
42388775	0	1
42390333	1	0
42390754	1	0
42391908	0	1
42392493	0	1
42392511	0	1
42393715	0	1
42394042	0	1
42395913	0	1
42397643	1	0
42400310	1	0
42402010	0	1
42404299	0	1
42404452	0	1
42405111	1	0
42407268	0	1
42407788	1	0
42409691	1	0
42410109	0	1
42411273	0	1
42411727	1	0
42413252	1	0
42414527	0	1
42414586	0	1
42415945	0	1
42416761	0	1
42417265	0	1
42418115	1	0
42418137	0	1
42421870	1	0
42422020	1	0
42422711	0	1
42427303	0	1
42430443	0	1
42433069	0	1
42435189	1	0
42438172	0	1
42441049	1	0
42441771	1	0
42441777	0	1
42442125	1	0
42442539	1	0
42442986	1	0
42446235	0	1
42446454	1	0
42447919	0	1
42448855	1	0
42449612	1	0
42451871	0	1
42451894	1	0
42453634	0	1
42455105	0	1
42455443	0	1
42458364	1	0
42461072	0	1
42461356	0	1
42461420	1	0
42464227	1	0
42464543	0	1
42465219	0	1
42467833	0	1
42468011	0	1
42469739	1	0
42470369	0	1
42472224	1	0
42474391	1	0
42475958	1	0
42476676	0	1
42478045	1	0
42478244	0	1
42479893	0	1
42480021	1	0
42487973	0	1
42488218	1	0
42488507	1	0
42489052	1	0
42489667	0	1
42489882	1	0
42490507	0	1
42491586	0	1
42493731	1	0
42493865	1	0
42493874	1	0
42495817	1	0
42496463	0	1
42497714	0	1
42498699	1	0
42498921	1	0
42500543	1	0
42501039	0	1
42501701	1	0
42505751	1	0
42506049	1	0
42506589	1	0
42508709	1	0
42508859	0	1
42510037	0	1
42510579	1	0
42513488	0	1
42514582	0	1
42515992	1	0
42516032	0	1
42516557	1	0
42520596	0	1
42523529	0	1
42524951	1	0
42530894	0	1
42531735	1	0
42533591	1	0
42534209	0	1
42534612	0	1
42535333	1	0
42536162	1	0
42536240	0	1
42536404	1	0
42537264	0	1
42538465	1	0
42538960	1	0
42541682	1	0
42543020	0	1
42544304	1	0
42545830	1	0
42546311	0	1
42546944	1	0
42548003	0	1
42548559	1	0
42549256	0	1
42550524	0	1
42550897	1	0
42553850	0	1
42558298	1	0
42559131	1	0
42559376	1	0
42560992	1	0
42562586	1	0
42565658	1	0
42568169	0	1
42570953	0	1
42571743	1	0
42572182	0	1
42574725	0	1
42575233	1	0
42576136	1	0
42577265	1	0
42577450	0	1
42577994	1	0
42579064	0	1
42581100	1	0
42581452	1	0
42581487	0	1
42587190	0	1
42588089	0	1
42588104	0	1
42588252	1	0
42588655	0	1
42589004	0	1
42591181	0	1
42592988	1	0
42596423	1	0
42597487	0	1
42598505	1	0
42599521	0	1
42601327	0	1
42602959	1	0
42605278	1	0
42607561	1	0
42609405	0	1
42610652	1	0
42612445	1	0
42612566	1	0
42613890	0	1
42615085	0	1
42615788	1	0
42616145	1	0
42616611	1	0
42624504	1	0
42625809	0	1
42626727	0	1
42626864	1	0
42631293	0	1
42632027	1	0
42633152	1	0
42633281	0	1
42633715	1	0
42634701	0	1
42636591	1	0
42637797	1	0
42637810	1	0
42637933	0	1
42638614	1	0
42638652	1	0
42644275	1	0
42645393	0	1
42645638	1	0
42646847	1	0
42647439	1	0
42648996	0	1
42649928	1	0
42650649	0	1
42650865	0	1
42656144	1	0
42657429	1	0
42659237	1	0
42659446	1	0
42659744	1	0
42660827	0	1
42661830	1	0
42661844	0	1
42664744	1	0
42665441	1	0
42666668	0	1
42667024	1	0
42667211	1	0
42669164	1	0
42669628	1	0
42670963	0	1
42673220	0	1
42675439	1	0
42682339	0	1
42683110	1	0
42683424	1	0
42683992	1	0
42693216	1	0
42694599	1	0
42696692	0	1
42699097	0	1
42700375	1	0
42702009	1	0
42703094	0	1
42703989	0	1
42705544	1	0
42705914	1	0
42708635	1	0
42709081	0	1
42711305	1	0
42711967	0	1
42715185	0	1
42716242	0	1
42716899	1	0
42718579	1	0
42720474	1	0
42721153	1	0
42725968	0	1
42729763	1	0
42730799	1	0
42733628	0	1
42734854	0	1
42736421	0	1
42736648	0	1
42741048	1	0
42742734	0	1
42743698	1	0
42743961	0	1
42744781	1	0
42747624	0	1
42747734	1	0
42748646	0	1
42748758	0	1
42750263	1	0
42752093	0	1
42752394	1	0
42752479	1	0
42752990	0	1
42753081	1	0
42756207	0	1
42757339	0	1
42757785	1	0
42758179	0	1
42758389	0	1
42758772	0	1
42761473	0	1
42762551	0	1
42762735	0	1
42762741	0	1
42764312	0	1
42767082	0	1
42767905	1	0
42770033	1	0
42770673	1	0
42771706	0	1
42771958	1	0
42772145	1	0
42773479	1	0
42775888	0	1
42776721	0	1
42782914	0	1
42783258	0	1
42786565	0	1
42786929	1	0
42787271	1	0
42788129	0	1
42791842	0	1
42798286	1	0
42798667	1	0
42801406	1	0
42801811	0	1
42803681	1	0
42803770	1	0
42809438	0	1
42813068	0	1
42813484	0	1
42816684	0	1
42821679	1	0
42822331	1	0
42823102	0	1
42823776	1	0
42823863	0	1
42825909	0	1
42826174	1	0
42827588	1	0
42829582	1	0
42830017	0	1
42831405	1	0
42832453	0	1
42832617	0	1
42835060	0	1
42838654	1	0
42839940	1	0
42841921	0	1
42842773	1	0
42843106	0	1
42844185	1	0
42844527	1	0
42844951	1	0
42847685	1	0
42850117	0	1
42851187	1	0
42853055	0	1
42853658	0	1
42854833	0	1
42855019	1	0
42855916	1	0
42857189	1	0
42857278	0	1
42857844	0	1
42859943	1	0
42863693	0	1
42863966	1	0
42864746	1	0
42866360	0	1
42868038	0	1
42873062	1	0
42873549	1	0
42873845	0	1
42874175	0	1
42875492	0	1
42875636	1	0
42876228	0	1
42876662	0	1
42876922	0	1
42880134	0	1
42881207	1	0
42881216	1	0
42886910	0	1
42888459	0	1
42890785	0	1
42894122	0	1
42894212	1	0
42896275	0	1
42897866	1	0
42899899	0	1
42900660	0	1
42902236	0	1
42902683	1	0
42906120	1	0
42906888	1	0
42907635	0	1
42908210	0	1
42908917	1	0
42909221	0	1
42910293	1	0
42910665	1	0
42911061	0	1
42911225	0	1
42912403	1	0
42912716	0	1
42913522	0	1
42915850	1	0
42916124	1	0
42920714	0	1
42920816	1	0
42926275	0	1
42926936	0	1
42929334	0	1
42931584	1	0
42931675	1	0
42932811	1	0
42933333	0	1
42934947	0	1
42936375	0	1
42936955	0	1
42938886	1	0
42939218	1	0
42939519	0	1
42939615	0	1
42940047	1	0
42941892	1	0
42942840	0	1
42943280	0	1
42943606	0	1
42949261	1	0
42949775	0	1
42950558	1	0
42950708	1	0
42954080	0	1
42954567	0	1
42957688	0	1
42958159	0	1
42961652	0	1
42962471	0	1
42962607	1	0
42964808	0	1
42967531	0	1
42967631	1	0
42969220	0	1
42971589	1	0
42972345	1	0
42972360	0	1
42973034	1	0
42973776	0	1
42976198	0	1
42981237	1	0
42981532	0	1
42983015	0	1
42986143	1	0
42987097	0	1
42989113	1	0
42990360	1	0
42991402	1	0
42992761	0	1
42994847	1	0
42995549	0	1
42996683	0	1
42996697	1	0
43001833	1	0
43001969	1	0
43004857	0	1
43004889	0	1
43005695	0	1
43008581	0	1
43009147	0	1
43010257	1	0
43010563	0	1
43013579	1	0
43013742	1	0
43015120	1	0
43017733	1	0
43020093	1	0
43020527	0	1
43021033	0	1
43023483	1	0
43028315	0	1
43029108	1	0
43032423	1	0
43032795	1	0
43033405	0	1
43033431	0	1
43033587	0	1
43033628	0	1
43036510	0	1
43037308	0	1
43037619	0	1
43038484	0	1
43038844	0	1
43039149	1	0
43040307	0	1
43040457	1	0
43040819	0	1
43041263	0	1
43046145	1	0
43046599	0	1
43050839	1	0
43057181	1	0
43060308	1	0
43060653	1	0
43061996	0	1
43069468	0	1
43069967	1	0
43078971	0	1
43079590	1	0
43079970	0	1
43081787	0	1
43082371	0	1
43083450	1	0
43084537	1	0
43085411	1	0
43086317	0	1
43087567	1	0
43089924	0	1
43095004	1	0
43096698	0	1
43097385	0	1
43098588	0	1
43099026	0	1
43101929	1	0
43105306	1	0
43106136	0	1
43107968	0	1
43109148	0	1
43109719	1	0
43112778	1	0
43113094	1	0
43114903	0	1
43115304	1	0
43117032	1	0
43118929	1	0
43122870	1	0
43123829	0	1
43124084	1	0
43128451	1	0
43128944	0	1
43129380	1	0
43129488	0	1
43129541	1	0
43130652	0	1
43133632	0	1
43135568	0	1
43136786	1	0
43138756	0	1
43138775	0	1
43140061	1	0
43140200	1	0
43145623	0	1
43146042	1	0
43147819	1	0
43149589	0	1
43150243	0	1
43152748	1	0
43152824	1	0
43155219	1	0
43155462	1	0
43158203	0	1
43160069	1	0
43161816	1	0
43163682	1	0
43167186	0	1
43167813	1	0
43171558	0	1
43172269	1	0
43173813	0	1
43174764	1	0
43177598	1	0
43178165	1	0
43178248	1	0
43181694	1	0
43181757	1	0
43183065	1	0
43183271	1	0
43183918	1	0
43184934	1	0
43187424	1	0
43187601	1	0
43187705	1	0
43187872	0	1
43190593	0	1
43192442	1	0
43192542	0	1
43192695	1	0
43196980	0	1
43198203	0	1
43201746	1	0
43202212	1	0
43202871	1	0
43203540	0	1
43203699	0	1
43204097	0	1
43204405	0	1
43204582	0	1
43204703	0	1
43205237	0	1
43213298	1	0
43214770	1	0
43215805	1	0
43216958	1	0
43217709	1	0
43221648	1	0
43225336	0	1
43227565	1	0
43229305	1	0
43229929	1	0
43231268	1	0
43231353	1	0
43232917	0	1
43234717	1	0
43235551	1	0
43237767	0	1
43238210	0	1
43241023	0	1
43242376	0	1
43243563	1	0
43245617	1	0
43245703	1	0
43248799	1	0
43250004	0	1
43251665	0	1
43252213	0	1
43252414	1	0
43252625	1	0
43252759	1	0
43252879	1	0
43256253	0	1
43258738	0	1
43258935	1	0
43260448	0	1
43260734	1	0
43261251	0	1
43263277	1	0
43264208	0	1
43264357	1	0
43265016	0	1
43266433	0	1
43269109	0	1
43270290	0	1
43272432	1	0
43272560	1	0
43272769	0	1
43274940	0	1
43275157	0	1
43276325	0	1
43276739	1	0
43278854	1	0
43280696	1	0
43280855	1	0
43281909	0	1
43284187	1	0
43284335	0	1
43284819	1	0
43286304	1	0
43286541	1	0
43287543	0	1
43287668	1	0
43288202	0	1
43288703	0	1
43291216	0	1
43291365	0	1
43292782	1	0
43297760	0	1
43299396	1	0
43301156	0	1
43303194	0	1
43306748	0	1
43309920	0	1
43312713	1	0
43314802	0	1
43315208	1	0
43315217	1	0
43315774	0	1
43316851	1	0
43317999	1	0
43318209	1	0
43320528	1	0
43321152	0	1
43323992	0	1
43324244	0	1
43324458	0	1
43325725	0	1
43328264	1	0
43328464	1	0
43328801	1	0
43329343	0	1
43330454	0	1
43331167	0	1
43332399	0	1
43332524	1	0
43332547	0	1
43333393	1	0
43334249	1	0
43334709	0	1
43337279	0	1
43337969	1	0
43338510	1	0
43341242	0	1
43341555	1	0
43341699	1	0
43341738	0	1
43344837	0	1
43346891	0	1
43347319	0	1
43348506	0	1
43349281	1	0
43351097	0	1
43351187	0	1
43352265	0	1
43353409	0	1
43354082	0	1
43354703	1	0
43356282	1	0
43357280	0	1
43358883	0	1
43358975	1	0
43360442	1	0
43361294	0	1
43361520	0	1
43361604	0	1
43363008	1	0
43363767	0	1
43364492	1	0
43364520	1	0
43366957	1	0
43367679	0	1
43370062	1	0
43370406	1	0
43371374	1	0
43372026	1	0
43372080	1	0
43374326	0	1
43374508	0	1
43375621	0	1
43376717	1	0
43377856	1	0
43380596	1	0
43383354	1	0
43384566	0	1
43386384	1	0
43386851	0	1
43387171	1	0
43392511	1	0
43392576	1	0
43395479	0	1
43396002	1	0
43396851	0	1
43397316	0	1
43397873	0	1
43401948	0	1
43403568	1	0
43404465	1	0
43404807	0	1
43405035	0	1
43405144	1	0
43405457	1	0
43408645	0	1
43410332	1	0
43410773	1	0
43412395	0	1
43413229	0	1
43414906	0	1
43415201	1	0
43417448	0	1
43417762	1	0
43423025	1	0
43426363	0	1
43428500	0	1
43428679	1	0
43429564	0	1
43430258	0	1
43430634	1	0
43436092	1	0
43437990	1	0
43440089	1	0
43440170	0	1
43442029	1	0
43442258	1	0
43443690	1	0
43445060	0	1
43446784	0	1
43447116	1	0
43447356	1	0
43447516	1	0
43447655	0	1
43450960	1	0
43451480	1	0
43451716	1	0
43451898	1	0
43451914	1	0
43452708	0	1
43453288	0	1
43455853	0	1
43458022	1	0
43458357	1	0
43458421	1	0
43458756	1	0
43460402	1	0
43461148	0	1
43461805	1	0
43462322	0	1
43463324	0	1
43463589	1	0
43464072	0	1
43466748	0	1
43467808	0	1
43467984	1	0
43468177	1	0
43468678	1	0
43468804	1	0
43469786	1	0
43470249	0	1
43473820	1	0
43474035	0	1
43474362	0	1
43474858	1	0
43474883	1	0
43475946	0	1
43477089	0	1
43478830	1	0
43478846	1	0
43479835	1	0
43481446	1	0
43482607	1	0
43483649	1	0
43483917	1	0
43486653	0	1
43486921	0	1
43488079	0	1
43488994	0	1
43489210	0	1
43489836	0	1
43494763	0	1
43494825	1	0
43495297	0	1
43497430	0	1
43497942	0	1
43497961	1	0
43500104	1	0
43500364	1	0
43501321	1	0
43502200	0	1
43503231	0	1
43505697	0	1
43506204	0	1
43508372	0	1
43509403	0	1
43512128	0	1
43512421	1	0
43514298	0	1
43514467	0	1
43518076	0	1
43518096	0	1
43520860	0	1
43521269	1	0
43521728	1	0
43523876	0	1
43524690	0	1
43526087	0	1
43528349	1	0
43529301	1	0
43529488	1	0
43531604	0	1
43534558	1	0
43534737	1	0
43535253	0	1
43535878	0	1
43536982	0	1
43539607	0	1
43539959	0	1
43544307	1	0
43546125	0	1
43547578	1	0
43550182	1	0
43550694	0	1
43553842	1	0
43555367	0	1
43555533	1	0
43556554	1	0
43558268	1	0
43559833	0	1
43562423	1	0
43564381	0	1
43565855	1	0
43568674	1	0
43571339	1	0
43574457	0	1
43577552	1	0
43578383	0	1
43579382	0	1
43581287	0	1
43582491	1	0
43583082	0	1
43583131	1	0
43584270	1	0
43585665	1	0
43585674	0	1
43587624	1	0
43588091	0	1
43590126	1	0
43591510	0	1
43591812	0	1
43592497	0	1
43592705	0	1
43592783	1	0
43594533	0	1
43596176	1	0
43596932	0	1
43596950	1	0
43599012	1	0
43599206	1	0
43599498	1	0
43599552	0	1
43599914	1	0
43600025	0	1
43601465	0	1
43601603	0	1
43604186	1	0
43604639	1	0
43605049	1	0
43605080	0	1
43605486	1	0
43608793	1	0
43610683	1	0
43611633	1	0
43611867	0	1
43612213	1	0
43614416	1	0
43618913	1	0
43621272	0	1
43623236	0	1
43625449	0	1
43626437	0	1
43627751	1	0
43627863	1	0
43627890	1	0
43630108	0	1
43631168	0	1
43631305	1	0
43632053	1	0
43632090	1	0
43633280	0	1
43633825	0	1
43634489	0	1
43640247	1	0
43642562	0	1
43642708	0	1
43643905	1	0
43646057	1	0
43646721	1	0
43647539	1	0
43648370	0	1
43652042	0	1
43652232	0	1
43654981	0	1
43656841	1	0
43658750	1	0
43661817	0	1
43662562	1	0
43666859	0	1
43666961	1	0
43668808	1	0
43670130	0	1
43673826	1	0
43675949	0	1
43676441	1	0
43677299	1	0
43677607	0	1
43681540	0	1
43682241	1	0
43686329	1	0
43687105	0	1
43687927	0	1
43688642	1	0
43691732	1	0
43692776	1	0
43693014	0	1
43693342	0	1
43693749	0	1
43697667	0	1
43698418	0	1
43701274	0	1
43701800	0	1
43703562	0	1
43704225	0	1
43704375	0	1
43706779	1	0
43710346	0	1
43710594	1	0
43710638	0	1
43712726	0	1
43713414	0	1
43713463	1	0
43714520	1	0
43715384	0	1
43715950	0	1
43717467	1	0
43718641	1	0
43719002	1	0
43719010	1	0
43719709	0	1
43719955	1	0
43723098	1	0
43726380	1	0
43727100	1	0
43728740	0	1
43728840	0	1
43730185	0	1
43731357	1	0
43733684	1	0
43733802	0	1
43734229	1	0
43734643	1	0
43735235	1	0
43737206	0	1
43739459	0	1
43740054	0	1
43741041	1	0
43741206	1	0
43743597	1	0
43744174	1	0
43746064	0	1
43748595	1	0
43750052	1	0
43752255	1	0
43752858	1	0
43755640	0	1
43756456	0	1
43757781	1	0
43759411	0	1
43759445	0	1
43766908	1	0
43767717	0	1
43768246	1	0
43769102	0	1
43770304	0	1
43770849	1	0
43771624	1	0
43772850	1	0
43775148	1	0
43777414	0	1
43780200	1	0
43780321	1	0
43782391	0	1
43782440	0	1
43784368	0	1
43784659	0	1
43787007	0	1
43789998	0	1
43790511	1	0
43790551	0	1
43791576	0	1
43792068	0	1
43795236	1	0
43795415	1	0
43795460	1	0
43795631	1	0
43796740	1	0
43799101	1	0
43800458	0	1
43800742	1	0
43801926	0	1
43805442	0	1
43805687	0	1
43806972	1	0
43808903	0	1
43811148	1	0
43811938	0	1
43812900	0	1
43813044	0	1
43813108	0	1
43813441	0	1
43813456	1	0
43814298	1	0
43815201	0	1
43817484	0	1
43823779	0	1
43824109	0	1
43826289	0	1
43828646	1	0
43829399	1	0
43829524	1	0
43830267	0	1
43830398	0	1
43831210	1	0
43831673	1	0
43831753	1	0
43833260	0	1
43834513	0	1
43835593	1	0
43837798	1	0
43839684	1	0
43839822	1	0
43844470	1	0
43844664	1	0
43844992	1	0
43844993	1	0
43845159	1	0
43847516	1	0
43847699	0	1
43848414	0	1
43850062	0	1
43850796	1	0
43851550	0	1
43851561	0	1
43852243	1	0
43853033	1	0
43854622	0	1
43855457	0	1
43855778	1	0
43856054	0	1
43856272	0	1
43856754	0	1
43857431	0	1
43861417	0	1
43861909	0	1
43863251	0	1
43863410	1	0
43863505	1	0
43864114	1	0
43864863	1	0
43866600	1	0
43868903	0	1
43869232	0	1
43870767	0	1
43871293	1	0
43871767	1	0
43871902	0	1
43872903	1	0
43873206	0	1
43873851	1	0
43874012	0	1
43874779	0	1
43877716	0	1
43880134	0	1
43882466	1	0
43883909	1	0
43884167	0	1
43886411	1	0
43889357	0	1
43892709	0	1
43892733	0	1
43894524	0	1
43895313	0	1
43896823	0	1
43896993	0	1
43898759	0	1
43905520	0	1
43905891	1	0
43907040	0	1
43910674	0	1
43910873	0	1
43913512	1	0
43913638	1	0
43917928	0	1
43921533	0	1
43921599	0	1
43922670	1	0
43928947	1	0
43930430	1	0
43932399	0	1
43933018	0	1
43935566	0	1
43935872	0	1
43936450	1	0
43941531	1	0
43943105	1	0
43945594	0	1
43945970	0	1
43946679	0	1
43947137	1	0
43949225	1	0
43950193	0	1
43951894	1	0
43952259	0	1
43952451	0	1
43955619	0	1
43955891	1	0
43956103	1	0
43957439	0	1
43959164	0	1
43961965	0	1
43962770	0	1
43964378	1	0
43968434	0	1
43970461	0	1
43972104	0	1
43972492	1	0
43972649	0	1
43974673	0	1
43976896	0	1
43977003	1	0
43978329	0	1
43978507	0	1
43978738	1	0
43980786	1	0
43985620	1	0
43989224	1	0
43991001	1	0
43996096	0	1
43996473	1	0
43996804	0	1
44000048	1	0
44001111	1	0
44001338	1	0
44001651	1	0
44002262	0	1
44003163	1	0
44003877	1	0
44004124	0	1
44006614	1	0
44009539	0	1
44009643	1	0
44010301	0	1
44010773	0	1
44010974	0	1
44011188	0	1
44013352	0	1
44013712	1	0
44014742	0	1
44016046	0	1
44017901	1	0
44017923	1	0
44019057	0	1
44022349	1	0
44022547	0	1
44023303	1	0
44026453	0	1
44026997	1	0
44029915	1	0
44030335	0	1
44031916	0	1
44036249	1	0
44038708	1	0
44040208	0	1
44042166	0	1
44044300	0	1
44045213	0	1
44045364	1	0
44045626	0	1
44045635	0	1
44045817	0	1
44049721	1	0
44052914	1	0
44055500	1	0
44055644	1	0
44055727	0	1
44057933	0	1
44057957	0	1
44058238	1	0
44060301	1	0
44060419	0	1
44060748	1	0
44061379	1	0
44061496	0	1
44062474	0	1
44062988	1	0
44063645	0	1
44066374	0	1
44069198	1	0
44070727	0	1
44071403	1	0
44075168	0	1
44077626	0	1
44078277	1	0
44078408	0	1
44081045	1	0
44081140	0	1
44081593	0	1
44081740	1	0
44081841	0	1
44082928	0	1
44085100	0	1
44088284	0	1
44088876	1	0
44091008	1	0
44092061	1	0
44092598	0	1
44095456	1	0
44095662	0	1
44096511	0	1
44096576	0	1
44096893	1	0
44096980	0	1
44097561	0	1
44098132	1	0
44100237	1	0
44100766	1	0
44101277	1	0
44103244	1	0
44103750	0	1
44104537	1	0
44105665	1	0
44106766	1	0
44107683	0	1
44108328	1	0
44108972	1	0
44110090	1	0
44110301	1	0
44111190	1	0
44112625	1	0
44115422	0	1
44117817	1	0
44118420	1	0
44119296	0	1
44119333	0	1
44119731	1	0
44119864	0	1
44120147	0	1
44120750	0	1
44121476	1	0
44122815	0	1
44123321	1	0
44124353	1	0
44125221	1	0
44126680	1	0
44129120	0	1
44130130	0	1
44132424	0	1
44132651	0	1
44133236	0	1
44141183	0	1
44141693	1	0
44142116	1	0
44143697	1	0
44143764	1	0
44144168	0	1
44144314	1	0
44144369	1	0
44144587	1	0
44144596	0	1
44145506	1	0
44148867	0	1
44149999	1	0
44152290	0	1
44152441	0	1
44152448	0	1
44154306	1	0
44154488	0	1
44156715	1	0
44157844	1	0
44157988	0	1
44159885	1	0
44159954	0	1
44161342	0	1
44161688	1	0
44162198	0	1
44163797	0	1
44166308	0	1
44166349	0	1
44171080	0	1
44174798	0	1
44175065	0	1
44175338	1	0
44175737	0	1
44177043	1	0
44180531	0	1
44183682	1	0
44184066	0	1
44188067	1	0
44190657	1	0
44191968	0	1
44196621	0	1
44196924	0	1
44197437	1	0
44198918	0	1
44199516	0	1
44200149	1	0
44200862	1	0
44201580	1	0
44203337	1	0
44203347	1	0
44203398	0	1
44204478	1	0
44205969	1	0
44207146	0	1
44207409	1	0
44208135	0	1
44210326	0	1
44210454	0	1
44210563	0	1
44211516	1	0
44211958	1	0
44216996	0	1
44221345	1	0
44223069	0	1
44224113	1	0
44224336	0	1
44224608	0	1
44224823	1	0
44228688	1	0
44230266	1	0
44230975	0	1
44232372	0	1
44233211	0	1
44237708	1	0
44238965	0	1
44239908	1	0
44241073	1	0
44242298	0	1
44242870	0	1
44243366	0	1
44243378	1	0
44245584	1	0
44248458	0	1
44249440	0	1
44250606	0	1
44251405	1	0
44252563	1	0
44254292	0	1
44256014	1	0
44257161	1	0
44260086	1	0
44263963	1	0
44266340	0	1
44269755	0	1
44270385	0	1
44271038	0	1
44271476	0	1
44273001	1	0
44275955	0	1
44277229	1	0
44278587	1	0
44279228	1	0
44281111	0	1
44285306	0	1
44286869	1	0
44287189	0	1
44288211	0	1
44291453	1	0
44293172	0	1
44295622	0	1
44298233	0	1
44298847	1	0
44299038	1	0
44300431	0	1
44302398	1	0
44302773	0	1
44304720	0	1
44305063	0	1
44307219	1	0
44307809	0	1
44308813	0	1
44309495	0	1
44309595	1	0
44310747	1	0
44312185	1	0
44316097	1	0
44316156	1	0
44318383	1	0
44320659	1	0
44322552	1	0
44323944	1	0
44325964	0	1
44326826	0	1
44326880	1	0
44327367	0	1
44329687	1	0
44332551	0	1
44332751	1	0
44333093	1	0
44333761	0	1
44334223	1	0
44335304	0	1
44335551	1	0
44337649	1	0
44340666	1	0
44341332	0	1
44341393	1	0
44341643	1	0
44342590	0	1
44343052	0	1
44344313	1	0
44348247	1	0
44348583	1	0
44348971	1	0
44349435	1	0
44350318	0	1
44350637	0	1
44351808	0	1
44352575	0	1
44353352	1	0
44354748	0	1
44357091	1	0
44360469	1	0
44361456	0	1
44364599	1	0
44365779	0	1
44369730	1	0
44369817	0	1
44371711	0	1
44372482	1	0
44375631	1	0
44376098	0	1
44376981	0	1
44380235	1	0
44381258	1	0
44381659	0	1
44382521	0	1
44384108	0	1
44384839	1	0
44385212	0	1
44385992	1	0
44386117	0	1
44388370	0	1
44391380	1	0
44393413	1	0
44393708	1	0
44396147	1	0
44396158	1	0
44396647	1	0
44397568	1	0
44398625	1	0
44398867	0	1
44399277	1	0
44399322	1	0
44399636	1	0
44402668	1	0
44402784	1	0
44407656	0	1
44409139	0	1
44410353	1	0
44410531	0	1
44411000	0	1
44411240	1	0
44411733	0	1
44412013	1	0
44412769	1	0
44412871	0	1
44413985	1	0
44414066	0	1
44415471	0	1
44415777	0	1
44415961	1	0
44416282	1	0
44417476	0	1
44418817	0	1
44422283	1	0
44422438	1	0
44423013	1	0
44424731	0	1
44425764	1	0
44426381	0	1
44428569	1	0
44430686	0	1
44431975	0	1
44431999	0	1
44433754	0	1
44433885	0	1
44436738	0	1
44437101	0	1
44438128	0	1
44440479	1	0
44440708	0	1
44441819	0	1
44441985	0	1
44442415	0	1
44443181	1	0
44443209	1	0
44443711	0	1
44446689	0	1
44446982	1	0
44447893	1	0
44448408	1	0
44448498	0	1
44449642	0	1
44450286	0	1
44452777	0	1
44453864	0	1
44454084	1	0
44456585	0	1
44458516	1	0
44458866	0	1
44460424	0	1
44462105	0	1
44462146	0	1
44463083	1	0
44463425	0	1
44465820	0	1
44467167	0	1
44469783	1	0
44472001	0	1
44472199	0	1
44472823	0	1
44474694	1	0
44476319	0	1
44478114	1	0
44479294	0	1
44479602	1	0
44480725	1	0
44480870	1	0
44481298	1	0
44481315	0	1
44485236	1	0
44485288	0	1
44486943	1	0
44487229	1	0
44488327	1	0
44489171	0	1
44490679	1	0
44492315	1	0
44493237	0	1
44494150	1	0
44494152	1	0
44494737	1	0
44495111	1	0
44495582	0	1
44496919	0	1
44500530	0	1
44500822	1	0
44504464	0	1
44505424	1	0
44506836	1	0
44508734	1	0
44511229	0	1
44512536	1	0
44513055	1	0
44513963	0	1
44514778	1	0
44515576	0	1
44515983	1	0
44519075	0	1
44520040	0	1
44521514	0	1
44522654	0	1
44522797	0	1
44523071	0	1
44524243	1	0
44527508	0	1
44527989	1	0
44530226	1	0
44531038	1	0
44531703	1	0
44533280	1	0
44533984	1	0
44534630	0	1
44535280	1	0
44535304	0	1
44537167	1	0
44537406	1	0
44542931	0	1
44544107	0	1
44544825	1	0
44545348	1	0
44545642	1	0
44545786	1	0
44547084	0	1
44548387	0	1
44549744	1	0
44550747	1	0
44551345	0	1
44552361	0	1
44553809	1	0
44554156	1	0
44554866	0	1
44556745	0	1
44557995	0	1
44558667	0	1
44558923	0	1
44559903	1	0
44562527	0	1
44562553	1	0
44563982	0	1
44567569	0	1
44569618	1	0
44572492	0	1
44576834	1	0
44578582	1	0
44579140	0	1
44579481	0	1
44579642	0	1
44580918	0	1
44581936	1	0
44582273	0	1
44583026	1	0
44584901	1	0
44584969	1	0
44585793	1	0
44586005	0	1
44588568	1	0
44589216	1	0
44589863	0	1
44590072	0	1
44591339	1	0
44591894	1	0
44593537	0	1
44595382	1	0
44596409	0	1
44597776	1	0
44598462	0	1
44599320	1	0
44600120	0	1
44600133	1	0
44601466	1	0
44602088	1	0
44602093	0	1
44602491	0	1
44602537	1	0
44602779	0	1
44603778	0	1
44605442	1	0
44606379	1	0
44607734	1	0
44609089	1	0
44609536	0	1
44609826	0	1
44609936	0	1
44615706	1	0
44616150	1	0
44618036	0	1
44619589	0	1
44619840	0	1
44624926	1	0
44625070	1	0
44625451	1	0
44627069	1	0
44628547	1	0
44629556	1	0
44631534	1	0
44632627	1	0
44632960	0	1
44634044	1	0
44634111	1	0
44635164	0	1
44637367	0	1
44638886	0	1
44639949	0	1
44640288	1	0
44640348	0	1
44644961	0	1
44647992	1	0
44648579	0	1
44649383	0	1
44650464	1	0
44650584	1	0
44650729	0	1
44653741	0	1
44654824	1	0
44655922	1	0
44656176	1	0
44656650	0	1
44657680	0	1
44661175	0	1
44661227	0	1
44662501	0	1
44663118	1	0
44665061	1	0
44665198	0	1
44666258	1	0
44666905	1	0
44671331	0	1
44673768	1	0
44674767	1	0
44674968	1	0
44674992	0	1
44677680	0	1
44679311	0	1
44680165	0	1
44682274	0	1
44684540	1	0
44686612	0	1
44686809	1	0
44687483	0	1
44688129	0	1
44688213	1	0
44689190	0	1
44690349	1	0
44691565	1	0
44691979	1	0
44692153	1	0
44697462	1	0
44698942	0	1
44700390	0	1
44701682	0	1
44701866	0	1
44705156	1	0
44705621	1	0
44705951	0	1
44707960	1	0
44708537	1	0
44708563	1	0
44710860	0	1
44711801	0	1
44711924	1	0
44712406	0	1
44714372	1	0
44717777	1	0
44720006	0	1
44723360	1	0
44723686	1	0
44728125	1	0
44729600	0	1
44730403	1	0
44733364	0	1
44733409	0	1
44733819	1	0
44734304	1	0
44738551	1	0
44738580	1	0
44738735	0	1
44739563	0	1
44740509	1	0
44742244	1	0
44742693	1	0
44742754	1	0
44743766	1	0
44743989	0	1
44744583	1	0
44746182	1	0
44746221	0	1
44747858	1	0
44749541	1	0
44750683	0	1
44751154	0	1
44753630	1	0
44754218	1	0
44754683	0	1
44757700	0	1
44760361	1	0
44760889	1	0
44761649	1	0
44765176	0	1
44765849	0	1
44767343	1	0
44767525	1	0
44767892	0	1
44769519	1	0
44769809	0	1
44771012	0	1
44772841	1	0
44773623	0	1
44774096	0	1
44775046	1	0
44778576	0	1
44778997	0	1
44779045	1	0
44779130	0	1
44780066	1	0
44780239	1	0
44780492	1	0
44782747	0	1
44782911	0	1
44783269	0	1
44786385	1	0
44786773	0	1
44787475	0	1
44789286	0	1
44790054	0	1
44795556	0	1
44795614	0	1
44797013	0	1
44797444	0	1
44799944	0	1
44801897	1	0
44805229	0	1
44806227	1	0
44806548	0	1
44806722	1	0
44806865	1	0
44807480	0	1
44808178	1	0
44808677	1	0
44811497	1	0
44811882	1	0
44813098	0	1
44814142	0	1
44815018	1	0
44820015	1	0
44820210	1	0
44820441	1	0
44820537	0	1
44822280	1	0
44823965	1	0
44824568	1	0
44825703	0	1
44828587	0	1
44830847	0	1
44832005	0	1
44832219	1	0
44832658	1	0
44832975	1	0
44836492	0	1
44836958	0	1
44837582	1	0
44837832	1	0
44838719	0	1
44840133	1	0
44840309	0	1
44842613	0	1
44842881	1	0
44844130	0	1
44845417	1	0
44848558	0	1
44850714	1	0
44851930	0	1
44854179	0	1
44854769	1	0
44855516	1	0
44855580	0	1
44855791	0	1
44858722	1	0
44860920	1	0
44862187	1	0
44862737	0	1
44863179	0	1
44866231	1	0
44870231	0	1
44870441	0	1
44872574	1	0
44873037	0	1
44875437	1	0
44875451	1	0
44876010	0	1
44876400	0	1
44876464	1	0
44877603	0	1
44878066	0	1
44878794	1	0
44878903	1	0
44879433	1	0
44879868	0	1
44880476	1	0
44880650	1	0
44881819	0	1
44888707	0	1
44890268	1	0
44890615	0	1
44891081	0	1
44895168	0	1
44895487	1	0
44896108	1	0
44900295	1	0
44901285	1	0
44901315	0	1
44902398	0	1
44908261	1	0
44909210	1	0
44909627	1	0
44910365	1	0
44911625	1	0
44912796	1	0
44913781	0	1
44914175	1	0
44914207	1	0
44915338	1	0
44916038	1	0
44917543	0	1
44920175	1	0
44921841	1	0
44923744	1	0
44924032	0	1
44924167	0	1
44926571	0	1
44929015	0	1
44929533	0	1
44929631	1	0
44932659	1	0
44933336	0	1
44934875	1	0
44935725	1	0
44936703	0	1
44938113	0	1
44939511	1	0
44939968	1	0
44943823	0	1
44944619	1	0
44944747	1	0
44945229	1	0
44947243	1	0
44947868	0	1
44948676	0	1
44948692	1	0
44949493	0	1
44950231	0	1
44950429	0	1
44950540	1	0
44950562	0	1
44954047	0	1
44954070	1	0
44954472	1	0
44954477	1	0
44954498	1	0
44955055	0	1
44955339	1	0
44957380	0	1
44959622	0	1
44960057	0	1
44962084	0	1
44963432	1	0
44968465	1	0
44968798	1	0
44972368	1	0
44972778	0	1
44973732	0	1
44982757	0	1
44983116	1	0
44985503	0	1
44985988	0	1
44987554	1	0
44990081	0	1
44991347	1	0
44991648	1	0
44992951	1	0
44993112	1	0
44993540	0	1
44995029	1	0
44995561	1	0
44996978	0	1
44997515	0	1
44998326	1	0
44998607	1	0
44998836	1	0
45005493	1	0
45006656	0	1
45008523	1	0
45009329	0	1
45011089	0	1
45011196	0	1
45014323	0	1
45015915	1	0
45017405	0	1
45017529	1	0
45018160	1	0
45018865	0	1
45018951	0	1
45019171	1	0
45019456	1	0
45021332	0	1
45021533	0	1
45021851	0	1
45022083	1	0
45022285	1	0
45022424	1	0
45022931	1	0
45027345	1	0
45027778	1	0
45028691	1	0
45028994	0	1
45029707	1	0
45031270	0	1
45031793	1	0
45035802	0	1
45038297	0	1
45039039	1	0
45039155	0	1
45041271	0	1
45042745	1	0
45043123	0	1
45044122	1	0
45046916	0	1
45053016	1	0
45053936	1	0
45063499	1	0
45064248	1	0
45065106	0	1
45072570	1	0
45073375	1	0
45075004	0	1
45079534	1	0
45082866	1	0
45083406	0	1
45084527	1	0
45085013	1	0
45090118	0	1
45090340	0	1
45090723	1	0
45096278	1	0
45096411	1	0
45096484	0	1
45097540	0	1
45097555	0	1
45098963	1	0
45099915	0	1
45100062	1	0
45104423	0	1
45107053	1	0
45111543	1	0
45112212	1	0
45114857	0	1
45116136	1	0
45117479	0	1
45120246	1	0
45121049	1	0
45121761	0	1
45122984	1	0
45123950	0	1
45128578	1	0
45132426	0	1
45133549	0	1
45135197	0	1
45136695	1	0
45137566	1	0
45139254	1	0
45139403	1	0
45139603	1	0
45140746	0	1
45141639	0	1
45142573	1	0
45143678	1	0
45144062	0	1
45145780	0	1
45147224	0	1
45147251	1	0
45147885	1	0
45149003	0	1
45149018	1	0
45154430	1	0
45155164	0	1
45160623	0	1
45162354	0	1
45162689	0	1
45165443	0	1
45167951	0	1
45171341	0	1
45172208	1	0
45173605	0	1
45174575	0	1
45174673	0	1
45175618	0	1
45175835	0	1
45176962	1	0
45177056	0	1
45177276	0	1
45177663	0	1
45180646	1	0
45181737	0	1
45182348	1	0
45185916	1	0
45188063	0	1
45188677	1	0
45190772	1	0
45191370	1	0
45191643	1	0
45193231	0	1
45195251	1	0
45197375	0	1
45200150	0	1
45200210	1	0
45201268	0	1
45203344	1	0
45203766	1	0
45204943	1	0
45205110	1	0
45205898	0	1
45206588	1	0
45206836	0	1
45208190	0	1
45212520	0	1
45213069	0	1
45213611	1	0
45214251	1	0
45214695	0	1
45215342	1	0
45215494	0	1
45217017	1	0
45217200	1	0
45219160	0	1
45219516	0	1
45219691	1	0
45220020	0	1
45220447	1	0
45221585	0	1
45222800	1	0
45223937	1	0
45225602	0	1
45225880	1	0
45226900	1	0
45227910	0	1
45229076	1	0
45233284	0	1
45236969	0	1
45238627	1	0
45240159	1	0
45240860	0	1
45241024	0	1
45241121	0	1
45245083	1	0
45246677	1	0
45250830	1	0
45251457	0	1
45252997	0	1
45253258	0	1
45255198	1	0
45257693	1	0
45258172	1	0
45258877	0	1
45261181	0	1
45261273	1	0
45265096	1	0
45265325	1	0
45267629	0	1
45273490	0	1
45274572	0	1
45275053	0	1
45275136	0	1
45276842	1	0
45278034	0	1
45280440	1	0
45282760	1	0
45285608	0	1
45286539	0	1
45286845	1	0
45288952	1	0
45289313	0	1
45289637	1	0
45295806	1	0
45296979	1	0
45297823	0	1
45297870	1	0
45298602	0	1
45299428	0	1
45299680	1	0
45302087	0	1
45302642	0	1
45303366	1	0
45303643	0	1
45303870	0	1
45309124	0	1
45309246	0	1
45310162	1	0
45316179	0	1
45318007	0	1
45321163	0	1
45321468	1	0
45324357	1	0
45325489	0	1
45327690	0	1
45328214	1	0
45328580	0	1
45328827	0	1
45329274	1	0
45330247	0	1
45331152	0	1
45331551	0	1
45332111	1	0
45332819	0	1
45333116	1	0
45333929	1	0
45335843	0	1
45338171	1	0
45338782	1	0
45339613	0	1
45340515	0	1
45341135	1	0
45341611	1	0
45342910	0	1
45343203	1	0
45343707	0	1
45345701	1	0
45346313	0	1
45347141	0	1
45348974	0	1
45353281	1	0
45353958	1	0
45354083	1	0
45356333	0	1
45357929	0	1
45358295	0	1
45358543	0	1
45359973	1	0
45361258	0	1
45361772	1	0
45361974	0	1
45364511	0	1
45369125	1	0
45369979	1	0
45370278	1	0
45370675	0	1
45371662	1	0
45380177	0	1
45381985	1	0
45383726	0	1
45383755	0	1
45386735	0	1
45387975	1	0
45391727	1	0
45392636	1	0
45392731	1	0
45396929	0	1
45399831	0	1
45400410	1	0
45401093	0	1
45401302	0	1
45401493	0	1
45403194	0	1
45406989	1	0
45408677	1	0
45409110	0	1
45411167	1	0
45415443	1	0
45416153	1	0
45417237	1	0
45418822	0	1
45419174	1	0
45420265	0	1
45420836	1	0
45423003	0	1
45424563	0	1
45426731	0	1
45429618	0	1
45432311	1	0
45434567	0	1
45435111	0	1
45435617	0	1
45436193	0	1
45436648	1	0
45437824	1	0
45441404	0	1
45442744	0	1
45442756	0	1
45442988	0	1
45446861	1	0
45446864	1	0
45447489	1	0
45448171	1	0
45451641	1	0
45451765	1	0
45457938	0	1
45458552	1	0
45459524	1	0
45459700	0	1
45461027	1	0
45461613	0	1
45463303	0	1
45465838	0	1
45467293	1	0
45467377	0	1
45468898	1	0
45470232	0	1
45470547	1	0
45476450	1	0
45477344	1	0
45477910	1	0
45481002	1	0
45481971	1	0
45483228	0	1
45485858	1	0
45486523	0	1
45486812	1	0
45487251	0	1
45487290	0	1
45487644	0	1
45488729	0	1
45489145	1	0
45489361	1	0
45491196	1	0
45492783	0	1
45494121	0	1
45494348	1	0
45495341	1	0
45498305	0	1
45498385	0	1
45501232	1	0
45502180	1	0
45502539	1	0
45506320	1	0
45510045	0	1
45510507	1	0
45510928	0	1
45511423	1	0
45516667	0	1
45518885	1	0
45521183	1	0
45522365	0	1
45524278	1	0
45527900	0	1
45528973	1	0
45529312	0	1
45529505	1	0
45529682	0	1
45531016	0	1
45531104	1	0
45534308	1	0
45536330	0	1
45537588	0	1
45539082	1	0
45540533	0	1
45543350	0	1
45543725	1	0
45543794	0	1
45544919	1	0
45545293	0	1
45546294	0	1
45546476	1	0
45547151	1	0
45553495	1	0
45553656	1	0
45553918	1	0
45554705	1	0
45554975	0	1
45557033	1	0
45557109	1	0
45565910	1	0
45566273	0	1
45570509	0	1
45570785	1	0
45571515	1	0
45571971	1	0
45575213	1	0
45575222	1	0
45575761	1	0
45577078	1	0
45578351	1	0
45579293	0	1
45583631	0	1
45583945	1	0
45586746	1	0
45588583	1	0
45588777	1	0
45588957	0	1
45589414	0	1
45591703	1	0
45592983	0	1
45593272	0	1
45594114	1	0
45595062	1	0
45595903	0	1
45597103	1	0
45598690	1	0
45600058	0	1
45600243	0	1
45601369	0	1
45604721	1	0
45604965	1	0
45605051	1	0
45605131	0	1
45606665	0	1
45607350	1	0
45607618	0	1
45607746	0	1
45608419	1	0
45608547	1	0
45611319	0	1
45613034	0	1
45615494	1	0
45616410	0	1
45616768	0	1
45617597	0	1
45619378	0	1
45619404	0	1
45619408	1	0
45620359	1	0
45620838	1	0
45621704	0	1
45622137	0	1
45622960	0	1
45623566	0	1
45623672	1	0
45624900	0	1
45625284	1	0
45626048	1	0
45627516	0	1
45628031	1	0
45629083	1	0
45630693	1	0
45632791	1	0
45633401	1	0
45633911	1	0
45634281	0	1
45636111	1	0
45642882	1	0
45643817	1	0
45644853	1	0
45646401	0	1
45647813	0	1
45652394	1	0
45652795	0	1
45652815	0	1
45653105	1	0
45653547	0	1
45654302	0	1
45654327	1	0
45657702	1	0
45657879	1	0
45663608	0	1
45667136	1	0
45668704	1	0
45670830	0	1
45670959	1	0
45672041	1	0
45672283	1	0
45672318	0	1
45673350	0	1
45673645	0	1
45675041	0	1
45675181	0	1
45675421	1	0
45678498	0	1
45679773	1	0
45679988	0	1
45680599	0	1
45682335	0	1
45682527	1	0
45684542	1	0
45685164	0	1
45690432	0	1
45690435	0	1
45690525	0	1
45690720	0	1
45697044	0	1
45697683	0	1
45698648	0	1
45699472	0	1
45700774	1	0
45701876	0	1
45701972	1	0
45702960	1	0
45704544	1	0
45704644	1	0
45705028	0	1
45706963	0	1
45708045	0	1
45710294	0	1
45712786	0	1
45714885	1	0
45715652	1	0
45716092	1	0
45717199	1	0
45717227	1	0
45719484	1	0
45720031	1	0
45720497	0	1
45720516	1	0
45724664	0	1
45724806	1	0
45725504	1	0
45726179	1	0
45728014	1	0
45731534	1	0
45732270	0	1
45735659	1	0
45735795	1	0
45736583	1	0
45737329	0	1
45737439	0	1
45738953	1	0
45740916	1	0
45742055	1	0
45742717	1	0
45744178	1	0
45744824	1	0
45744866	0	1
45744995	1	0
45746814	1	0
45747522	1	0
45750674	0	1
45750924	0	1
45754212	0	1
45754759	1	0
45758068	1	0
45758525	1	0
45758999	1	0
45759209	1	0
45759407	1	0
45762403	1	0
45762919	0	1
45763507	0	1
45764905	0	1
45765168	0	1
45765662	0	1
45767168	1	0
45767664	0	1
45769031	0	1
45769295	1	0
45769578	1	0
45771784	1	0
45773203	0	1
45773258	1	0
45774373	1	0
45776533	0	1
45779690	1	0
45779920	0	1
45780303	0	1
45780416	1	0
45781518	1	0
45781562	0	1
45783089	1	0
45785572	1	0
45788026	0	1
45788788	0	1
45788829	1	0
45792716	0	1
45793513	0	1
45793530	1	0
45793754	1	0
45793925	0	1
45795212	1	0
45800503	1	0
45801255	0	1
45801994	1	0
45802279	1	0
45803399	1	0
45803928	0	1
45804811	0	1
45806112	1	0
45808393	0	1
45811988	0	1
45813275	0	1
45815412	0	1
45817847	0	1
45819264	0	1
45820599	1	0
45820784	0	1
45820906	0	1
45821052	0	1
45822220	0	1
45825848	0	1
45826923	1	0
45829749	0	1
45830043	1	0
45832773	0	1
45835073	1	0
45835778	0	1
45836227	0	1
45837626	1	0
45837857	0	1
45838427	1	0
45840662	1	0
45840858	0	1
45842378	0	1
45843438	0	1
45844297	0	1
45845294	0	1
45845414	1	0
45847507	1	0
45850275	1	0
45850722	0	1
45850847	1	0
45852209	0	1
45853759	0	1
45854054	0	1
45856951	1	0
45858692	0	1
45860893	1	0
45866534	0	1
45869719	1	0
45869976	1	0
45871343	1	0
45874595	0	1
45877453	1	0
45879204	0	1
45880488	0	1
45881050	0	1
45881279	1	0
45882124	0	1
45884910	1	0
45886017	0	1
45890986	0	1
45891848	0	1
45894127	0	1
45894758	0	1
45895435	1	0
45895848	1	0
45899672	1	0
45903822	0	1
45906724	0	1
45907171	1	0
45907523	1	0
45909497	0	1
45909634	1	0
45909960	0	1
45910127	1	0
45911207	0	1
45911258	0	1
45912149	1	0
45915945	0	1
45919563	1	0
45919720	0	1
45922241	1	0
45922553	1	0
45923614	0	1
45923961	1	0
45924959	0	1
45925498	0	1
45925777	0	1
45926244	1	0
45929549	1	0
45932733	1	0
45934672	0	1
45934840	1	0
45936866	1	0
45939246	1	0
45939423	0	1
45939819	0	1
45940073	0	1
45941153	0	1
45941625	0	1
45943739	0	1
45944187	1	0
45945238	1	0
45945646	1	0
45945941	0	1
45947080	0	1
45947292	1	0
45948314	1	0
45950805	0	1
45950859	1	0
45956237	0	1
45957652	0	1
45958957	0	1
45960222	1	0
45967194	1	0
45969569	0	1
45969572	1	0
45975160	0	1
45977414	1	0
45981134	0	1
45981778	0	1
45984028	0	1
45984378	1	0
45984900	1	0
45985205	0	1
45985875	0	1
45988374	0	1
45989393	0	1
45989518	1	0
45989884	1	0
45992404	0	1
45992629	0	1
45993698	1	0
45993989	0	1
45994301	0	1
45999219	0	1
46002419	0	1
46002612	1	0
46003229	1	0
46003823	0	1
46004499	1	0
46005757	1	0
46005873	1	0
46006134	1	0
46007049	0	1
46007383	0	1
46007561	0	1
46008153	0	1
46008787	0	1
46009084	0	1
46012197	1	0
46014704	1	0
46015337	0	1
46015590	0	1
46018455	0	1
46018597	0	1
46019262	0	1
46019797	0	1
46020250	0	1
46020453	0	1
46021425	1	0
46022315	0	1
46023538	1	0
46025160	0	1
46026132	0	1
46026681	0	1
46027183	0	1
46028465	0	1
46029445	0	1
46031815	0	1
46033350	1	0
46033468	0	1
46037463	1	0
46038660	1	0
46038872	1	0
46039336	1	0
46040359	1	0
46040624	1	0
46041305	0	1
46042567	1	0
46044113	1	0
46045053	0	1
46045333	1	0
46045930	1	0
46049076	0	1
46049253	0	1
46052789	0	1
46054427	0	1
46057506	0	1
46058682	0	1
46058803	0	1
46060386	0	1
46061127	0	1
46061572	0	1
46062409	1	0
46063774	0	1
46064466	0	1
46066306	0	1
46067081	0	1
46070223	1	0
46071556	0	1
46072382	0	1
46073262	1	0
46073280	1	0
46073294	1	0
46075782	0	1
46076205	1	0
46082911	1	0
46086941	0	1
46086999	1	0
46087049	1	0
46088082	0	1
46088150	1	0
46090143	1	0
46090215	0	1
46091735	0	1
46092594	1	0
46092627	0	1
46094796	1	0
46095323	0	1
46097229	1	0
46098928	0	1
46100576	0	1
46101799	1	0
46102995	0	1
46104437	0	1
46105579	1	0
46106204	1	0
46106420	1	0
46106973	0	1
46108523	1	0
46108763	0	1
46112843	1	0
46113390	1	0
46114062	1	0
46114734	1	0
46115444	0	1
46117405	0	1
46117800	1	0
46125202	0	1
46127344	0	1
46132568	0	1
46134662	0	1
46135682	0	1
46136466	1	0
46136896	1	0
46137018	0	1
46137133	0	1
46137244	1	0
46137958	1	0
46139600	1	0
46139986	0	1
46143260	0	1
46143765	1	0
46144724	0	1
46145773	0	1
46146802	0	1
46147220	0	1
46147533	0	1
46147685	1	0
46148419	0	1
46149027	0	1
46150290	1	0
46150604	1	0
46151784	0	1
46153178	1	0
46153421	1	0
46154298	1	0
46154953	0	1
46155304	1	0
46156938	1	0
46157432	1	0
46164517	0	1
46164848	1	0
46165186	1	0
46168371	0	1
46169842	0	1
46171162	1	0
46173791	1	0
46174280	1	0
46178443	1	0
46178818	0	1
46180327	0	1
46182720	0	1
46188291	1	0
46190245	1	0
46190586	1	0
46193947	1	0
46193970	0	1
46194223	1	0
46195386	0	1
46195461	0	1
46196627	1	0
46197951	1	0
46198255	1	0
46200762	1	0
46204860	1	0
46205544	0	1
46206864	1	0
46210316	1	0
46210443	0	1
46213989	0	1
46215377	1	0
46215479	0	1
46217117	1	0
46218796	1	0
46222570	1	0
46224205	1	0
46225254	1	0
46230266	1	0
46231924	0	1
46232808	1	0
46233865	1	0
46233982	1	0
46235348	1	0
46236354	1	0
46240031	0	1
46241559	0	1
46242953	1	0
46243900	0	1
46244412	1	0
46244618	0	1
46251034	1	0
46255172	1	0
46255516	0	1
46257571	0	1
46257691	1	0
46257815	0	1
46257958	1	0
46259130	0	1
46262131	0	1
46262135	1	0
46264076	1	0
46265213	1	0
46269277	1	0
46269911	0	1
46270037	0	1
46270944	0	1
46273777	1	0
46274264	1	0
46274440	0	1
46274891	0	1
46276774	0	1
46277494	0	1
46278455	0	1
46279508	1	0
46280440	0	1
46280523	1	0
46281243	1	0
46281457	0	1
46281835	0	1
46282167	0	1
46284209	0	1
46285231	0	1
46288474	1	0
46288750	1	0
46291176	0	1
46291447	1	0
46295313	0	1
46296103	1	0
46297712	1	0
46298238	1	0
46299843	1	0
46299942	1	0
46300445	0	1
46301243	0	1
46302802	1	0
46303674	1	0
46305168	0	1
46308623	0	1
46314451	0	1
46314877	0	1
46316958	1	0
46317889	0	1
46318646	0	1
46318926	1	0
46319150	1	0
46321529	0	1
46321686	1	0
46321758	1	0
46325189	1	0
46326234	1	0
46327254	0	1
46328329	1	0
46329570	1	0
46332071	1	0
46333343	1	0
46333586	1	0
46333678	0	1
46334565	0	1
46335337	0	1
46335961	0	1
46336506	1	0
46338568	0	1
46339029	1	0
46340248	0	1
46340415	0	1
46342486	1	0
46344011	1	0
46345801	1	0
46346682	0	1
46348508	0	1
46352498	1	0
46354570	0	1
46356096	1	0
46357610	1	0
46359123	0	1
46359674	0	1
46360127	1	0
46361659	0	1
46362041	0	1
46363082	0	1
46363737	0	1
46364436	1	0
46367345	0	1
46373224	0	1
46377352	0	1
46379626	0	1
46381660	0	1
46382043	0	1
46387550	1	0
46390513	1	0
46392995	0	1
46393276	0	1
46393643	0	1
46393683	0	1
46394598	0	1
46398261	1	0
46399369	0	1
46399450	1	0
46399928	0	1
46400570	1	0
46401188	0	1
46401720	0	1
46401748	1	0
46404162	0	1
46405523	1	0
46405850	0	1
46406505	0	1
46408122	1	0
46408826	1	0
46409180	0	1
46410455	0	1
46413781	1	0
46414522	1	0
46415386	1	0
46418039	1	0
46419967	1	0
46420049	0	1
46420290	1	0
46420384	0	1
46422312	1	0
46423845	0	1
46427226	0	1
46427337	0	1
46427495	0	1
46429306	1	0
46430617	0	1
46431499	0	1
46431974	0	1
46432368	0	1
46433508	0	1
46434940	0	1
46435544	1	0
46437432	1	0
46438353	1	0
46438444	0	1
46438515	1	0
46439349	0	1
46441559	0	1
46442997	1	0
46443355	1	0
46443760	0	1
46446241	0	1
46448182	1	0
46450392	1	0
46450521	1	0
46451360	1	0
46453376	0	1
46455449	0	1
46456829	0	1
46460478	1	0
46461829	1	0
46462032	1	0
46463302	1	0
46467388	0	1
46467470	1	0
46468829	0	1
46469103	1	0
46470822	1	0
46470897	0	1
46472966	0	1
46475136	0	1
46477588	1	0
46478272	0	1
46481026	0	1
46481077	1	0
46481767	1	0
46483722	1	0
46486475	1	0
46486794	0	1
46487110	1	0
46488530	0	1
46489560	1	0
46489604	0	1
46492693	0	1
46492750	0	1
46495331	1	0
46496030	0	1
46497044	1	0
46497422	1	0
46497914	0	1
46498616	1	0
46498795	1	0
46499718	0	1
46504102	0	1
46507091	0	1
46507573	1	0
46507858	1	0
46509183	1	0
46510067	0	1
46510542	1	0
46512963	0	1
46514218	0	1
46515840	1	0
46516439	0	1
46516538	0	1
46516948	0	1
46517473	0	1
46518356	0	1
46518886	1	0
46522395	0	1
46522492	0	1
46523308	1	0
46524496	0	1
46526403	1	0
46528786	0	1
46530766	1	0
46532600	0	1
46532947	1	0
46533239	0	1
46534718	0	1
46536451	1	0
46536566	0	1
46538514	1	0
46539704	0	1
46540360	1	0
46544052	1	0
46545112	0	1
46546056	1	0
46546640	0	1
46546984	1	0
46547707	0	1
46548820	0	1
46549149	0	1
46549633	0	1
46555750	1	0
46558538	0	1
46560196	1	0
46562513	1	0
46565864	1	0
46567530	1	0
46567756	0	1
46568242	1	0
46568262	1	0
46568377	1	0
46570308	0	1
46571930	0	1
46573147	0	1
46573162	0	1
46573503	1	0
46574991	1	0
46576107	0	1
46576386	1	0
46578180	1	0
46578203	1	0
46580078	1	0
46580205	1	0
46580605	1	0
46580982	1	0
46585950	0	1
46586406	0	1
46587404	0	1
46587537	1	0
46587835	1	0
46588051	1	0
46588820	0	1
46596004	1	0
46596860	0	1
46597484	1	0
46600585	0	1
46603120	0	1
46604184	0	1
46607006	1	0
46610062	1	0
46615380	1	0
46620008	1	0
46622306	0	1
46623295	1	0
46623973	0	1
46624084	0	1
46624534	0	1
46625259	0	1
46626535	1	0
46628688	0	1
46630414	0	1
46634133	1	0
46634190	1	0
46634481	1	0
46634785	0	1
46638138	1	0
46643892	0	1
46649466	0	1
46650119	0	1
46651230	0	1
46651682	0	1
46655113	0	1
46656087	0	1
46656534	1	0
46656753	1	0
46658938	1	0
46662558	0	1
46662903	1	0
46662915	1	0
46664059	1	0
46664690	0	1
46665056	1	0
46665365	0	1
46666090	1	0
46667231	0	1
46668493	0	1
46671745	1	0
46671796	1	0
46672284	0	1
46673181	1	0
46674219	1	0
46676002	1	0
46676268	1	0
46676354	0	1
46677425	0	1
46677538	1	0
46677636	0	1
46680030	0	1
46680453	1	0
46681007	1	0
46681652	0	1
46682122	0	1
46684781	0	1
46687046	0	1
46687153	1	0
46687467	0	1
46689498	1	0
46690536	1	0
46690762	1	0
46692889	0	1
46693805	0	1
46693946	0	1
46696047	0	1
46696556	0	1
46697039	1	0
46697302	1	0
46697955	1	0
46699421	0	1
46699682	0	1
46700068	1	0
46700802	0	1
46701647	1	0
46702793	0	1
46703456	0	1
46712575	0	1
46713082	0	1
46714490	1	0
46715904	0	1
46715945	1	0
46717157	1	0
46717463	1	0
46720253	1	0
46723221	0	1
46728741	0	1
46729420	1	0
46731991	0	1
46732184	1	0
46733044	0	1
46736453	1	0
46738907	1	0
46740769	0	1
46744965	1	0
46745136	0	1
46746365	1	0
46748403	0	1
46751132	1	0
46752577	0	1
46753912	0	1
46754155	1	0
46756460	1	0
46756948	1	0
46758591	0	1
46758732	1	0
46758767	0	1
46760816	0	1
46761667	0	1
46762273	0	1
46762914	1	0
46762988	0	1
46764175	1	0
46767357	0	1
46768912	1	0
46769143	0	1
46773263	0	1
46773935	0	1
46773936	1	0
46777136	0	1
46777190	0	1
46777326	1	0
46778062	1	0
46778529	1	0
46779213	0	1
46780586	0	1
46781187	1	0
46781358	0	1
46783459	1	0
46783693	0	1
46784515	0	1
46784669	0	1
46786410	0	1
46786855	1	0
46787347	0	1
46789633	1	0
46791159	0	1
46793597	0	1
46794301	1	0
46794498	1	0
46796062	0	1
46797041	1	0
46798665	1	0
46800924	0	1
46801356	1	0
46804535	1	0
46804990	0	1
46805859	0	1
46805913	1	0
46806552	1	0
46806722	1	0
46807040	0	1
46807129	1	0
46807375	0	1
46807379	0	1
46807402	1	0
46807919	0	1
46808750	0	1
46808975	0	1
46809575	0	1
46810400	1	0
46811841	1	0
46811853	0	1
46815451	0	1
46817938	1	0
46820385	0	1
46820791	0	1
46821136	0	1
46821462	1	0
46821887	0	1
46823037	1	0
46824461	1	0
46827699	1	0
46827919	0	1
46828228	1	0
46830290	1	0
46832112	1	0
46832612	0	1
46832651	1	0
46833762	1	0
46833873	1	0
46834393	0	1
46836055	0	1
46836485	1	0
46837647	1	0
46837821	1	0
46838630	0	1
46838797	0	1
46838993	1	0
46839276	1	0
46842934	1	0
46845037	1	0
46845389	1	0
46848823	0	1
46849706	0	1
46849973	0	1
46850134	1	0
46851455	1	0
46852590	1	0
46854583	0	1
46858172	0	1
46858541	1	0
46859748	1	0
46861020	0	1
46863778	1	0
46867454	0	1
46868719	0	1
46869375	0	1
46870645	1	0
46871199	1	0
46871426	1	0
46871576	0	1
46873171	1	0
46874083	1	0
46876100	1	0
46879323	0	1
46880665	0	1
46881194	0	1
46881252	0	1
46882185	1	0
46886258	0	1
46888786	1	0
46889534	0	1
46892860	0	1
46897082	0	1
46898052	1	0
46901345	0	1
46901429	0	1
46905958	0	1
46908136	1	0
46911227	0	1
46912751	0	1
46913537	0	1
46913885	1	0
46914318	1	0
46915108	0	1
46917897	0	1
46917943	1	0
46918141	1	0
46919577	1	0
46922856	1	0
46926965	1	0
46927421	0	1
46928052	0	1
46928594	1	0
46930392	0	1
46933642	1	0
46934637	0	1
46938726	0	1
46938735	0	1
46939189	0	1
46941978	1	0
46944075	0	1
46944344	1	0
46945739	0	1
46945837	0	1
46945925	1	0
46947326	0	1
46947471	1	0
46947581	0	1
46947983	0	1
46948121	1	0
46948663	0	1
46950979	0	1
46951073	0	1
46952377	0	1
46952797	0	1
46953020	1	0
46953318	1	0
46953333	1	0
46953347	1	0
46959917	1	0
46962166	0	1
46963041	0	1
46963675	1	0
46964516	0	1
46965993	0	1
46968531	0	1
46968698	1	0
46970254	1	0
46970550	0	1
46970820	0	1
46970946	1	0
46971236	0	1
46972479	0	1
46974007	1	0
46975469	1	0
46975587	1	0
46975657	1	0
46980837	0	1
46981885	0	1
46983517	1	0
46986340	1	0
46986900	0	1
46987538	0	1
46987723	0	1
46988432	1	0
46988445	0	1
46988461	1	0
46988462	1	0
46988513	1	0
46990094	0	1
46991183	0	1
46995122	0	1
46996728	1	0
47000164	0	1
47000376	0	1
47000781	0	1
47001230	0	1
47004873	1	0
47008070	1	0
47008528	0	1
47009619	0	1
47009845	0	1
47013792	1	0
47014508	0	1
47015015	0	1
47016609	0	1
47017466	0	1
47017480	0	1
47018175	1	0
47018228	0	1
47019604	0	1
47021074	0	1
47021198	0	1
47021673	0	1
47023135	0	1
47023687	1	0
47023717	1	0
47025779	0	1
47028707	0	1
47031937	1	0
47034200	0	1
47034308	1	0
47035938	0	1
47036933	1	0
47038073	0	1
47038236	0	1
47039126	1	0
47040483	1	0
47041258	1	0
47041294	1	0
47042632	0	1
47042655	0	1
47044919	1	0
47047495	0	1
47050097	0	1
47050159	0	1
47051393	0	1
47051516	0	1
47054660	1	0
47055779	0	1
47055841	1	0
47056488	0	1
47056623	0	1
47057185	0	1
47057590	0	1
47058534	0	1
47059393	1	0
47059807	0	1
47060332	1	0
47060860	1	0
47060914	0	1
47065516	0	1
47068706	0	1
47068778	1	0
47069336	1	0
47069581	1	0
47069795	1	0
47071254	1	0
47072489	1	0
47073169	0	1
47076874	0	1
47076974	1	0
47077670	1	0
47080085	1	0
47081507	0	1
47081591	0	1
47083059	0	1
47084429	0	1
47085986	0	1
47088305	1	0
47088678	0	1
47089206	0	1
47089728	0	1
47090878	1	0
47091380	1	0
47092012	1	0
47093272	1	0
47094932	1	0
47095461	0	1
47096067	1	0
47097477	0	1
47097525	0	1
47097723	1	0
47098034	0	1
47098862	0	1
47101584	0	1
47102635	0	1
47104723	1	0
47107960	1	0
47108673	0	1
47109085	0	1
47109719	1	0
47110693	1	0
47112780	1	0
47114092	1	0
47114588	0	1
47116581	1	0
47117683	0	1
47118470	1	0
47121531	1	0
47123944	1	0
47128665	1	0
47131415	0	1
47131460	1	0
47132078	1	0
47136126	1	0
47137541	1	0
47139437	1	0
47139442	1	0
47139647	0	1
47143234	1	0
47143431	1	0
47144564	0	1
47146211	0	1
47150096	1	0
47150129	1	0
47151601	0	1
47152363	0	1
47152462	1	0
47153644	0	1
47156046	1	0
47156079	0	1
47156844	0	1
47157003	0	1
47157069	1	0
47158823	1	0
47159248	1	0
47159620	0	1
47162134	1	0
47163811	1	0
47164539	0	1
47166453	1	0
47168901	0	1
47170891	1	0
47175822	1	0
47175945	1	0
47176864	1	0
47182706	1	0
47184959	0	1
47185155	1	0
47185597	0	1
47187045	1	0
47187561	1	0
47188094	1	0
47188414	0	1
47189970	0	1
47192648	1	0
47193361	0	1
47194143	1	0
47195486	1	0
47196062	1	0
47196426	0	1
47196840	1	0
47199854	1	0
47202175	0	1
47202772	1	0
47203446	1	0
47206459	1	0
47206989	1	0
47208119	1	0
47208310	1	0
47208915	1	0
47209508	0	1
47215136	0	1
47215566	1	0
47216170	1	0
47217568	1	0
47220245	1	0
47220961	0	1
47221147	0	1
47222235	1	0
47222517	1	0
47223261	0	1
47224227	1	0
47224586	0	1
47226050	1	0
47227665	1	0
47232283	1	0
47233232	1	0
47236242	1	0
47237087	0	1
47239626	1	0
47240108	0	1
47240208	0	1
47240997	1	0
47245202	0	1
47245325	1	0
47245777	0	1
47248206	0	1
47249309	0	1
47250510	0	1
47252260	0	1
47252429	1	0
47252890	1	0
47255898	1	0
47256772	1	0
47256822	0	1
47257478	0	1
47257688	0	1
47258357	1	0
47259592	1	0
47259872	0	1
47261524	1	0
47261748	1	0
47262588	0	1
47266309	1	0
47268405	1	0
47270371	1	0
47270472	1	0
47273906	0	1
47274336	0	1
47275377	1	0
47276276	0	1
47279363	0	1
47280586	1	0
47281985	0	1
47282366	1	0
47282539	1	0
47285934	1	0
47287199	0	1
47287810	1	0
47290187	1	0
47290685	0	1
47291274	0	1
47291545	0	1
47293960	0	1
47294344	1	0
47296842	0	1
47300081	1	0
47302794	0	1
47303186	1	0
47306253	0	1
47307006	1	0
47310765	1	0
47312191	1	0
47312914	0	1
47313274	0	1
47314370	0	1
47314808	1	0
47314917	1	0
47316110	0	1
47316217	0	1
47317799	1	0
47319605	0	1
47322065	0	1
47324656	0	1
47325272	1	0
47327122	0	1
47327186	0	1
47327274	1	0
47327788	0	1
47328960	0	1
47329564	1	0
47330501	1	0
47332929	0	1
47334011	1	0
47337159	1	0
47340293	1	0
47341601	1	0
47342310	0	1
47344225	1	0
47344852	0	1
47344912	1	0
47346297	0	1
47346575	0	1
47349012	0	1
47353641	0	1
47354108	1	0
47356092	0	1
47356181	0	1
47356738	1	0
47356758	0	1
47356804	1	0
47358065	0	1
47359641	0	1
47359680	0	1
47361064	0	1
47361592	1	0
47364214	1	0
47364659	1	0
47365482	0	1
47365985	0	1
47368660	0	1
47369978	1	0
47372786	0	1
47372985	0	1
47373509	0	1
47373869	1	0
47374006	1	0
47377371	1	0
47377497	0	1
47377925	0	1
47378166	0	1
47378662	1	0
47379113	0	1
47380125	0	1
47380649	0	1
47381166	0	1
47382245	1	0
47382626	0	1
47383774	1	0
47384467	1	0
47384894	1	0
47386079	0	1
47388752	0	1
47389306	0	1
47391294	1	0
47391815	0	1
47396535	1	0
47396888	0	1
47397560	0	1
47397978	1	0
47399789	0	1
47400445	0	1
47401281	0	1
47402072	1	0
47402247	0	1
47402592	1	0
47402653	0	1
47402768	0	1
47407090	0	1
47409069	0	1
47410369	0	1
47410635	1	0
47412531	1	0
47413210	1	0
47413891	1	0
47413988	0	1
47414268	0	1
47415698	1	0
47416837	1	0
47417620	0	1
47419341	1	0
47421447	0	1
47422790	1	0
47423652	0	1
47425008	1	0
47425436	1	0
47425989	1	0
47427618	0	1
47427844	1	0
47429472	1	0
47430014	0	1
47430519	1	0
47431359	0	1
47432960	0	1
47433185	0	1
47436986	0	1
47437667	1	0
47438635	0	1
47441030	0	1
47441263	0	1
47443651	0	1
47444807	0	1
47445919	1	0
47446737	0	1
47447955	1	0
47449738	1	0
47450234	1	0
47450905	1	0
47451753	0	1
47453591	0	1
47456078	0	1
47457825	1	0
47458357	0	1
47459744	1	0
47459946	1	0
47460381	1	0
47460511	0	1
47461126	1	0
47461482	1	0
47461888	0	1
47462225	0	1
47462922	0	1
47463862	0	1
47465242	1	0
47466645	1	0
47473882	1	0
47473904	1	0
47474378	1	0
47474577	1	0
47475126	1	0
47475408	0	1
47475485	0	1
47480615	1	0
47480978	1	0
47484800	0	1
47486989	1	0
47487470	0	1
47488263	0	1
47488591	0	1
47490663	1	0
47491585	0	1
47491979	1	0
47495333	0	1
47496976	0	1
47497711	1	0
47497893	0	1
47498981	0	1
47500780	0	1
47500846	1	0
47501296	1	0
47502936	0	1
47503579	1	0
47505676	0	1
47509819	1	0
47509918	1	0
47510908	1	0
47511404	1	0
47511428	1	0
47513550	0	1
47514414	0	1
47518808	1	0
47519384	1	0
47519701	1	0
47522946	0	1
47523773	1	0
47527250	1	0
47527553	1	0
47529256	1	0
47530089	1	0
47531406	0	1
47531707	1	0
47533023	0	1
47533582	0	1
47534726	0	1
47536205	1	0
47537983	1	0
47538036	0	1
47543329	0	1
47543491	1	0
47545065	0	1
47545730	1	0
47546991	1	0
47548910	0	1
47549663	0	1
47553359	0	1
47559404	0	1
47560285	1	0
47562511	0	1
47562961	1	0
47563510	1	0
47565942	0	1
47569372	1	0
47570104	0	1
47572430	0	1
47574617	1	0
47575004	0	1
47575875	1	0
47580241	0	1
47581054	1	0
47584411	1	0
47585226	1	0
47585370	0	1
47586908	1	0
47587092	1	0
47587747	0	1
47589234	1	0
47591481	1	0
47592150	0	1
47592199	1	0
47592233	0	1
47592758	1	0
47592968	0	1
47593136	1	0
47595194	0	1
47596212	1	0
47597373	1	0
47601126	1	0
47601854	1	0
47604385	0	1
47604471	1	0
47605553	0	1
47608023	0	1
47608437	1	0
47611911	0	1
47619019	1	0
47619420	0	1
47620327	0	1
47620763	0	1
47621220	0	1
47621402	0	1
47621428	0	1
47621499	1	0
47624644	1	0
47624803	0	1
47626196	1	0
47628315	1	0
47632956	1	0
47635459	1	0
47638580	0	1
47638975	1	0
47639184	0	1
47642148	0	1
47643613	1	0
47644063	0	1
47644198	0	1
47644789	1	0
47646901	1	0
47647256	0	1
47650523	0	1
47650700	1	0
47652502	1	0
47652946	0	1
47653707	0	1
47654101	0	1
47654692	0	1
47657189	0	1
47660471	0	1
47660943	1	0
47660967	1	0
47662446	0	1
47662495	1	0
47663600	1	0
47665317	1	0
47668186	0	1
47670459	0	1
47672641	1	0
47673983	0	1
47674375	0	1
47675100	0	1
47675509	0	1
47676681	0	1
47676948	1	0
47678963	1	0
47679361	1	0
47682088	1	0
47683102	1	0
47687854	0	1
47688342	0	1
47688541	0	1
47688784	0	1
47689975	0	1
47690347	0	1
47691020	0	1
47692242	1	0
47694882	0	1
47696092	0	1
47696233	1	0
47697396	1	0
47699087	0	1
47699885	0	1
47701573	1	0
47701753	0	1
47705674	0	1
47706919	1	0
47707118	1	0
47707175	0	1
47709651	1	0
47712613	0	1
47713089	0	1
47715712	0	1
47716207	1	0
47717863	0	1
47718972	1	0
47720341	0	1
47721538	0	1
47721594	0	1
47721855	0	1
47721987	0	1
47722116	1	0
47722837	1	0
47723025	0	1
47732536	0	1
47732560	1	0
47733126	1	0
47735717	0	1
47736765	0	1
47739640	1	0
47741733	1	0
47742284	0	1
47742832	0	1
47744688	1	0
47746013	1	0
47746198	1	0
47747900	0	1
47747987	1	0
47748733	0	1
47749954	0	1
47751581	0	1
47751931	0	1
47752257	0	1
47753276	0	1
47753330	1	0
47755433	1	0
47757049	0	1
47757164	1	0
47757520	1	0
47761635	1	0
47764630	1	0
47764944	0	1
47765849	1	0
47766330	1	0
47767150	1	0
47767487	0	1
47769249	0	1
47769777	1	0
47770100	1	0
47770555	1	0
47776373	1	0
47777515	0	1
47780412	1	0
47781101	0	1
47781693	1	0
47781922	1	0
47781927	1	0
47784355	1	0
47784571	1	0
47784627	0	1
47786680	0	1
47786787	0	1
47787384	1	0
47790141	1	0
47790675	0	1
47790813	1	0
47791520	1	0
47793584	0	1
47793939	0	1
47794896	0	1
47795947	1	0
47796323	0	1
47797139	0	1
47798454	1	0
47800117	0	1
47800561	1	0
47802338	1	0
47802494	1	0
47802820	1	0
47803915	0	1
47805504	0	1
47807175	0	1
47807954	0	1
47808297	1	0
47810046	0	1
47811608	1	0
47811892	1	0
47811982	0	1
47812845	1	0
47815897	1	0
47816060	1	0
47816373	1	0
47819954	0	1
47825137	1	0
47826572	0	1
47827518	0	1
47827921	1	0
47828014	0	1
47829103	1	0
47829501	0	1
47829884	1	0
47830312	1	0
47830505	0	1
47831101	0	1
47831998	1	0
47832687	0	1
47833778	1	0
47835152	0	1
47835179	0	1
47837053	1	0
47839911	0	1
47840186	1	0
47840609	0	1
47842985	1	0
47843741	0	1
47844540	0	1
47850306	1	0
47850868	0	1
47851502	0	1
47851986	0	1
47852988	0	1
47853710	0	1
47855792	1	0
47856382	0	1
47858821	1	0
47859418	1	0
47861808	0	1
47861999	0	1
47862711	0	1
47863741	0	1
47865763	0	1
47867931	0	1
47869375	1	0
47870920	0	1
47876920	0	1
47882531	0	1
47883170	1	0
47887040	1	0
47888612	1	0
47889457	1	0
47889842	1	0
47891120	0	1
47893308	1	0
47894312	1	0
47894472	0	1
47894822	1	0
47896956	0	1
47898879	0	1
47899923	1	0
47902286	0	1
47902843	1	0
47902873	1	0
47904258	1	0
47904407	1	0
47906005	1	0
47906485	0	1
47908503	0	1
47908960	1	0
47911583	1	0
47913457	0	1
47913896	0	1
47914352	1	0
47915452	1	0
47917523	0	1
47919315	1	0
47925473	0	1
47925879	1	0
47930428	1	0
47930616	0	1
47931755	1	0
47932336	1	0
47932339	0	1
47934898	1	0
47936032	1	0
47939979	0	1
47940025	1	0
47941112	0	1
47941138	0	1
47941483	1	0
47942201	1	0
47942620	1	0
47944374	1	0
47947110	0	1
47948358	1	0
47949267	0	1
47952120	1	0
47952185	1	0
47952574	1	0
47953903	0	1
47955176	1	0
47955914	1	0
47955984	0	1
47958166	1	0
47958673	0	1
47958792	1	0
47960643	1	0
47961849	1	0
47962683	1	0
47963878	0	1
47963881	1	0
47966503	1	0
47968724	1	0
47970529	1	0
47970753	1	0
47971912	1	0
47973883	1	0
47975238	0	1
47977643	1	0
47979302	1	0
47981733	1	0
47981890	1	0
47983346	0	1
47983551	1	0
47985080	1	0
47986640	1	0
47988104	1	0
47988463	0	1
47988632	1	0
47988927	1	0
47989588	0	1
47994847	1	0
47997081	0	1
47997638	1	0
47999188	0	1
48000141	1	0
48000535	0	1
48007185	1	0
48007909	0	1
48010736	0	1
48011832	0	1
48011979	1	0
48012703	1	0
48013139	1	0
48014857	0	1
48015160	0	1
48017463	0	1
48017658	1	0
48017753	1	0
48019134	0	1
48019381	0	1
48020587	0	1
48021622	1	0
48023586	0	1
48023989	1	0
48025069	1	0
48027172	0	1
48027370	1	0
48028188	0	1
48031787	1	0
48032011	0	1
48033389	1	0
48035051	1	0
48041001	0	1
48041612	0	1
48043106	1	0
48044056	1	0
48046384	1	0
48047476	1	0
48048309	1	0
48049492	0	1
48050108	1	0
48050372	0	1
48050887	0	1
48052030	1	0
48053489	0	1
48054486	1	0
48054971	1	0
48055353	0	1
48055950	1	0
48056653	0	1
48056799	1	0
48058469	0	1
48060492	1	0
48061378	0	1
48063756	0	1
48069290	0	1
48070812	0	1
48073675	1	0
48075840	0	1
48076134	0	1
48076321	0	1
48078348	0	1
48080083	1	0
48080238	0	1
48084325	0	1
48085615	1	0
48086026	1	0
48086134	1	0
48087467	0	1
48089995	1	0
48090059	1	0
48090444	1	0
48094330	0	1
48095399	0	1
48095627	1	0
48104246	0	1
48105184	0	1
48105391	0	1
48106003	1	0
48107351	1	0
48107899	0	1
48112217	0	1
48112396	0	1
48114204	1	0
48114281	1	0
48114528	0	1
48116713	1	0
48116830	1	0
48117014	0	1
48117138	1	0
48117560	0	1
48119094	1	0
48122553	0	1
48124031	1	0
48126124	1	0
48126141	1	0
48128074	0	1
48131426	0	1
48132226	1	0
48134806	1	0
48137101	0	1
48137616	1	0
48137853	0	1
48139699	1	0
48141287	0	1
48142555	0	1
48143225	1	0
48144315	1	0
48145167	1	0
48146419	0	1
48150420	1	0
48151169	1	0
48153361	1	0
48154279	1	0
48154312	0	1
48154590	1	0
48158440	0	1
48160525	0	1
48161179	1	0
48165343	0	1
48168550	0	1
48169104	1	0
48169106	0	1
48170329	0	1
48170948	0	1
48172590	0	1
48174388	1	0
48177118	0	1
48182583	0	1
48183278	0	1
48183313	1	0
48183826	1	0
48184747	0	1
48186696	0	1
48187730	1	0
48189177	0	1
48189428	1	0
48191711	0	1
48192114	1	0
48192151	0	1
48192311	1	0
48192350	1	0
48192600	1	0
48193913	0	1
48196899	0	1
48198215	1	0
48198552	1	0
48201473	0	1
48201993	0	1
48203384	1	0
48203900	0	1
48206175	1	0
48206307	1	0
48206530	1	0
48209372	1	0
48209482	0	1
48210109	0	1
48211853	1	0
48214572	0	1
48220240	1	0
48220519	1	0
48223138	0	1
48224493	0	1
48224576	1	0
48225852	1	0
48226224	1	0
48226659	0	1
48230604	0	1
48230843	1	0
48232843	1	0
48234528	1	0
48234952	1	0
48235600	0	1
48236058	0	1
48236239	0	1
48237072	1	0
48237931	1	0
48239398	0	1
48239422	1	0
48242750	1	0
48243645	1	0
48243759	1	0
48244042	1	0
48245516	0	1
48245663	0	1
48246092	1	0
48249009	1	0
48249705	1	0
48250389	1	0
48252101	1	0
48252367	0	1
48256617	1	0
48256701	1	0
48260238	0	1
48261282	0	1
48264794	0	1
48264922	0	1
48266777	0	1
48267666	0	1
48267797	0	1
48268580	0	1
48270030	0	1
48270226	1	0
48270466	0	1
48271406	0	1
48271409	0	1
48272820	0	1
48273987	0	1
48274444	1	0
48278996	1	0
48279028	1	0
48279223	1	0
48280400	1	0
48280820	0	1
48281658	0	1
48282015	0	1
48285990	1	0
48286465	1	0
48288102	1	0
48288554	1	0
48289007	1	0
48289248	0	1
48289668	1	0
48291260	0	1
48292132	1	0
48292361	1	0
48294240	0	1
48294881	0	1
48296601	0	1
48299976	1	0
48301371	0	1
48301619	0	1
48302348	1	0
48303063	1	0
48303144	1	0
48303374	0	1
48306480	0	1
48306812	0	1
48306867	0	1
48307110	1	0
48308130	0	1
48309829	1	0
48310673	1	0
48311965	1	0
48312147	1	0
48312651	0	1
48316958	0	1
48317617	1	0
48318730	1	0
48318875	1	0
48319600	0	1
48319690	1	0
48320753	0	1
48322092	1	0
48326604	0	1
48326782	1	0
48329827	1	0
48330276	1	0
48332620	1	0
48337163	1	0
48337507	0	1
48338950	0	1
48339146	0	1
48340776	1	0
48341226	0	1
48341384	0	1
48342697	1	0
48343119	0	1
48343937	0	1
48345954	0	1
48346228	0	1
48346950	0	1
48350440	1	0
48351392	0	1
48351531	1	0
48352085	1	0
48354286	1	0
48355481	0	1
48361982	1	0
48362827	0	1
48363875	0	1
48364651	0	1
48364799	1	0
48365103	0	1
48366706	0	1
48369093	0	1
48369832	0	1
48370480	1	0
48370701	1	0
48370889	0	1
48372061	1	0
48373170	1	0
48375160	1	0
48375689	0	1
48378620	0	1
48380189	0	1
48380514	0	1
48383104	0	1
48383410	1	0
48384015	1	0
48385338	1	0
48386306	0	1
48386483	0	1
48386753	0	1
48387736	0	1
48393529	1	0
48393931	1	0
48394950	0	1
48396139	1	0
48396463	1	0
48396828	0	1
48397731	0	1
48400777	0	1
48400808	0	1
48402046	0	1
48403797	1	0
48405396	1	0
48405430	0	1
48406789	0	1
48407014	0	1
48409789	0	1
48410070	1	0
48410121	1	0
48410997	0	1
48413459	0	1
48415292	0	1
48416261	1	0
48416266	0	1
48417062	0	1
48417838	0	1
48420280	1	0
48421696	1	0
48427050	0	1
48429377	0	1
48429866	0	1
48432081	0	1
48432461	1	0
48433829	1	0
48433950	0	1
48436604	1	0
48440703	1	0
48441184	0	1
48441216	0	1
48441406	1	0
48442639	1	0
48444716	1	0
48445409	1	0
48446071	0	1
48446263	0	1
48447335	0	1
48448250	1	0
48448837	0	1
48450322	0	1
48451559	1	0
48452061	1	0
48452676	1	0
48455786	1	0
48456756	1	0
48458019	1	0
48460011	0	1
48466835	1	0
48468227	1	0
48469118	0	1
48470056	0	1
48470585	0	1
48471059	0	1
48472099	0	1
48474197	0	1
48480386	0	1
48484754	1	0
48484901	1	0
48486081	1	0
48488014	0	1
48488536	0	1
48489004	0	1
48490883	1	0
48493942	0	1
48493961	0	1
48494904	1	0
48495036	0	1
48495713	1	0
48497490	0	1
48498528	0	1
48499263	1	0
48500196	0	1
48501115	1	0
48502233	0	1
48502331	1	0
48503163	1	0
48504756	0	1
48506205	1	0
48507136	1	0
48507529	1	0
48508512	0	1
48510070	1	0
48510970	1	0
48511618	1	0
48512070	0	1
48512993	1	0
48513451	1	0
48513472	1	0
48513615	0	1
48514786	0	1
48519523	1	0
48519654	1	0
48520425	1	0
48521261	0	1
48522482	0	1
48523236	0	1
48523706	0	1
48524199	1	0
48524620	0	1
48524764	1	0
48525514	0	1
48530102	0	1
48531907	1	0
48533026	0	1
48535465	0	1
48536032	1	0
48536596	1	0
48536929	0	1
48542948	1	0
48545144	0	1
48546069	0	1
48547544	1	0
48547657	0	1
48548334	0	1
48550751	1	0
48551275	1	0
48552385	1	0
48552822	1	0
48555039	0	1
48558397	1	0
48558599	0	1
48559051	1	0
48559668	0	1
48559671	1	0
48560007	1	0
48561652	1	0
48564118	0	1
48564200	1	0
48564576	1	0
48566372	1	0
48569326	0	1
48571385	1	0
48571750	1	0
48571896	0	1
48577554	1	0
48580200	0	1
48582127	0	1
48582911	1	0
48583088	0	1
48583317	0	1
48589673	1	0
48590597	0	1
48590623	1	0
48593309	1	0
48596257	0	1
48598541	1	0
48599380	1	0
48601201	1	0
48602461	1	0
48604883	0	1
48607631	0	1
48608251	1	0
48610830	1	0
48611734	0	1
48612716	1	0
48612848	0	1
48613960	0	1
48614164	1	0
48614469	1	0
48614579	1	0
48617536	1	0
48619315	1	0
48620106	1	0
48625014	1	0
48627854	1	0
48628505	1	0
48629432	1	0
48629564	0	1
48630899	1	0
48632610	0	1
48633330	1	0
48634509	1	0
48634663	1	0
48636616	1	0
48637246	0	1
48638690	0	1
48642105	1	0
48646048	1	0
48646869	1	0
48647446	0	1
48648822	0	1
48649163	0	1
48652073	0	1
48654592	0	1
48659938	0	1
48660996	1	0
48662530	1	0
48663380	0	1
48664743	1	0
48666856	0	1
48667942	1	0
48668054	1	0
48670814	1	0
48670920	1	0
48671069	0	1
48673008	1	0
48676430	0	1
48678035	0	1
48680291	1	0
48681676	0	1
48682727	1	0
48684241	0	1
48685077	0	1
48688219	0	1
48690498	0	1
48693490	0	1
48694280	1	0
48696282	1	0
48697813	0	1
48698196	1	0
48698741	1	0
48699150	1	0
48702391	1	0
48703081	1	0
48707955	0	1
48712449	1	0
48713783	0	1
48715954	1	0
48720784	0	1
48723061	0	1
48725417	1	0
48725581	0	1
48726327	0	1
48727810	0	1
48728347	1	0
48728737	1	0
48729302	1	0
48730163	1	0
48730397	0	1
48733845	0	1
48737102	0	1
48737637	0	1
48739346	0	1
48742270	0	1
48742681	1	0
48743526	1	0
48745262	1	0
48746481	0	1
48746496	1	0
48746538	0	1
48747413	0	1
48747932	0	1
48748835	0	1
48748925	0	1
48749217	1	0
48749284	0	1
48749559	1	0
48750876	0	1
48750973	1	0
48753186	0	1
48754165	0	1
48754521	0	1
48754530	1	0
48757473	0	1
48758346	0	1
48761903	0	1
48762548	1	0
48763211	0	1
48763443	1	0
48763695	0	1
48763972	0	1
48765759	0	1
48766693	1	0
48767391	1	0
48770171	0	1
48773848	1	0
48775521	0	1
48775934	0	1
48777983	0	1
48778562	1	0
48780483	0	1
48781949	0	1
48782197	0	1
48782233	1	0
48782702	1	0
48783113	0	1
48783380	1	0
48785012	1	0
48785273	0	1
48786452	1	0
48789490	0	1
48789534	1	0
48793682	0	1
48793885	0	1
48796771	1	0
48801110	1	0
48805115	0	1
48806997	1	0
48807728	0	1
48808565	0	1
48808835	1	0
48812229	1	0
48812305	1	0
48812536	0	1
48814581	1	0
48815525	1	0
48815899	0	1
48816924	1	0
48818711	0	1
48818832	0	1
48818991	0	1
48820393	1	0
48821900	0	1
48823637	1	0
48824710	0	1
48825851	1	0
48826029	1	0
48826096	0	1
48827381	0	1
48827612	0	1
48827615	1	0
48828045	0	1
48831802	0	1
48835749	0	1
48835909	0	1
48839655	1	0
48840671	0	1
48842333	1	0
48842921	1	0
48846663	1	0
48846685	1	0
48847855	1	0
48848158	1	0
48848289	0	1
48848336	0	1
48849706	0	1
48851064	0	1
48851468	0	1
48852078	1	0
48852565	0	1
48853396	1	0
48854118	0	1
48855569	1	0
48856591	0	1
48857611	0	1
48858189	1	0
48858624	0	1
48859876	1	0
48860498	0	1
48863130	0	1
48863378	1	0
48865938	1	0
48868493	1	0
48869565	1	0
48869892	0	1
48871207	0	1
48873224	0	1
48876179	0	1
48881535	1	0
48881694	0	1
48881859	0	1
48882258	0	1
48883039	0	1
48884788	0	1
48885350	0	1
48886410	0	1
48886625	0	1
48891039	1	0
48892142	0	1
48892264	1	0
48893615	0	1
48894496	0	1
48894622	1	0
48897901	1	0
48898104	1	0
48901129	0	1
48901831	0	1
48903096	1	0
48903443	1	0
48904370	0	1
48904716	0	1
48906134	1	0
48911802	1	0
48912485	1	0
48912702	0	1
48913776	1	0
48913956	0	1
48919117	0	1
48920753	0	1
48922046	1	0
48923140	1	0
48923341	1	0
48923615	1	0
48935060	1	0
48935479	1	0
48936245	1	0
48937634	1	0
48940430	0	1
48940852	0	1
48945743	0	1
48946484	0	1
48947578	0	1
48948772	0	1
48948956	0	1
48949510	1	0
48950348	0	1
48950841	1	0
48952878	0	1
48954071	1	0
48954326	0	1
48958457	1	0
48959850	1	0
48960999	1	0
48961709	1	0
48961940	0	1
48962367	1	0
48963053	1	0
48963616	1	0
48963683	0	1
48964354	0	1
48965036	0	1
48966080	1	0
48966825	0	1
48968489	1	0
48969671	1	0
48969886	1	0
48970263	1	0
48972287	1	0
48974784	0	1
48979758	1	0
48981026	0	1
48984565	1	0
48984840	0	1
48985210	0	1
48992407	1	0
48992606	1	0
48993744	0	1
48993802	1	0
48994391	0	1
48994451	1	0
48994485	1	0
48995129	0	1
48996024	1	0
48996292	0	1
48997142	0	1
48997578	1	0
48997648	0	1
48999986	0	1
49000144	0	1
49000689	1	0
49000816	1	0
49002322	1	0
49002760	1	0
49005638	1	0
49006752	1	0
49008156	0	1
49008501	0	1
49008971	0	1
49011728	1	0
49011737	0	1
49012667	1	0
49013430	1	0
49014312	0	1
49014483	1	0
49016758	0	1
49018817	0	1
49020161	1	0
49020630	1	0
49025870	1	0
49026962	0	1
49029282	0	1
49029566	1	0
49034712	0	1
49037783	1	0
49038377	0	1
49041063	0	1
49046189	0	1
49046590	1	0
49047007	0	1
49049973	1	0
49050021	1	0
49051900	1	0
49052542	0	1
49053413	1	0
49055057	0	1
49058638	1	0
49060679	0	1
49063077	1	0
49063934	1	0
49064304	0	1
49066554	1	0
49066589	1	0
49068316	1	0
49070029	0	1
49071305	1	0
49072612	0	1
49073473	0	1
49074571	1	0
49074880	0	1
49075439	0	1
49076894	1	0
49079120	1	0
49079899	0	1
49085301	1	0
49085635	0	1
49086023	0	1
49090926	1	0
49094808	0	1
49095308	1	0
49097668	1	0
49097799	1	0
49100277	0	1
49102381	1	0
49102496	1	0
49103431	1	0
49103866	0	1
49106926	0	1
49108164	1	0
49108769	1	0
49112528	1	0
49112893	0	1
49113176	1	0
49114557	1	0
49116318	0	1
49116754	0	1
49116822	1	0
49119320	1	0
49121728	1	0
49122051	1	0
49123684	1	0
49124395	1	0
49124432	1	0
49124801	0	1
49125391	1	0
49125471	1	0
49128023	1	0
49128512	1	0
49132422	0	1
49133089	1	0
49133265	0	1
49133354	0	1
49135877	1	0
49136828	1	0
49137140	1	0
49137213	1	0
49137286	1	0
49137673	0	1
49139957	0	1
49140800	1	0
49143546	0	1
49144870	1	0
49144949	1	0
49145854	1	0
49146790	1	0
49147773	0	1
49147945	1	0
49149976	0	1
49150196	1	0
49150728	1	0
49152763	0	1
49153379	1	0
49153380	1	0
49154722	1	0
49155491	0	1
49155792	0	1
49156891	1	0
49156995	1	0
49157216	1	0
49160005	1	0
49160011	0	1
49160180	1	0
49160683	1	0
49164444	0	1
49164651	0	1
49167039	0	1
49167448	1	0
49170042	0	1
49171208	0	1
49171748	0	1
49171992	0	1
49172870	0	1
49173176	1	0
49177601	1	0
49177950	1	0
49183961	0	1
49184445	1	0
49184500	0	1
49184535	1	0
49184763	0	1
49184900	0	1
49186831	0	1
49189731	0	1
49190125	1	0
49190543	0	1
49190872	1	0
49190894	1	0
49192620	1	0
49197692	0	1
49199479	0	1
49200266	0	1
49201114	1	0
49203262	0	1
49204572	1	0
49205769	1	0
49207315	1	0
49207806	0	1
49207847	0	1
49210447	1	0
49212842	1	0
49218431	0	1
49219646	1	0
49219943	0	1
49220466	0	1
49220925	0	1
49222021	0	1
49222596	0	1
49223808	0	1
49223943	1	0
49224285	0	1
49224470	0	1
49225032	0	1
49227840	0	1
49230186	0	1
49230783	1	0
49231445	1	0
49231917	1	0
49231981	0	1
49234247	0	1
49235471	1	0
49236699	1	0
49246003	1	0
49246411	0	1
49247478	0	1
49247606	1	0
49250798	0	1
49251563	1	0
49256285	0	1
49256576	1	0
49256886	1	0
49260938	1	0
49266124	1	0
49266908	0	1
49268297	1	0
49268748	0	1
49269467	0	1
49270850	0	1
49271018	0	1
49272539	1	0
49272632	1	0
49273311	0	1
49274451	1	0
49274703	1	0
49275723	1	0
49277214	1	0
49280209	0	1
49280560	0	1
49280734	0	1
49282478	1	0
49286891	0	1
49287888	1	0
49288358	1	0
49288628	1	0
49288757	0	1
49291428	1	0
49293066	0	1
49293218	1	0
49293312	1	0
49293427	1	0
49294418	1	0
49294532	0	1
49300009	0	1
49303134	1	0
49303212	1	0
49305592	0	1
49306769	0	1
49307363	1	0
49308025	0	1
49308173	0	1
49309968	0	1
49310549	0	1
49313073	0	1
49314246	0	1
49320914	1	0
49322832	1	0
49323800	0	1
49324488	1	0
49325757	1	0
49326086	0	1
49327843	0	1
49329991	0	1
49330050	0	1
49330202	1	0
49331358	0	1
49333425	1	0
49335025	1	0
49335444	1	0
49338205	0	1
49339993	0	1
49340318	0	1
49340659	1	0
49340677	0	1
49342214	0	1
49342299	0	1
49343603	1	0
49343845	1	0
49344454	1	0
49344867	1	0
49345487	1	0
49345792	1	0
49346496	0	1
49348312	0	1
49348864	1	0
49349859	1	0
49350311	1	0
49351100	0	1
49352007	1	0
49354802	1	0
49358829	0	1
49360065	0	1
49361063	0	1
49364490	1	0
49365899	0	1
49366858	1	0
49367350	1	0
49372201	1	0
49372455	1	0
49373349	0	1
49375392	1	0
49375727	0	1
49376059	1	0
49379118	0	1
49379556	0	1
49380138	0	1
49380811	0	1
49381135	1	0
49382507	0	1
49383054	0	1
49387473	1	0
49388017	0	1
49388294	0	1
49388701	0	1
49390290	1	0
49392109	1	0
49393584	0	1
49395377	0	1
49395525	0	1
49395591	0	1
49396817	1	0
49398513	1	0
49399688	0	1
49399764	1	0
49400084	1	0
49403200	1	0
49403842	1	0
49404485	0	1
49404908	0	1
49407613	0	1
49408486	0	1
49409443	0	1
49409943	1	0
49410425	1	0
49410620	0	1
49410920	0	1
49410992	1	0
49411012	1	0
49411215	0	1
49411445	1	0
49412125	1	0
49415444	1	0
49415780	1	0
49416106	0	1
49416184	1	0
49416769	0	1
49418813	0	1
49419961	1	0
49420840	0	1
49422564	0	1
49424787	0	1
49426030	0	1
49426626	0	1
49427064	1	0
49428253	0	1
49428366	1	0
49428607	1	0
49430253	1	0
49430547	1	0
49431211	1	0
49437235	0	1
49438592	0	1
49440367	0	1
49442243	0	1
49443330	0	1
49445625	0	1
49447851	1	0
49450581	0	1
49450934	1	0
49451257	1	0
49452295	1	0
49452328	0	1
49452396	1	0
49453636	0	1
49455598	1	0
49456999	1	0
49457349	0	1
49460988	0	1
49461363	0	1
49461440	0	1
49462237	1	0
49465720	1	0
49467248	0	1
49468383	1	0
49469951	0	1
49470613	1	0
49471558	0	1
49472121	1	0
49473243	0	1
49473994	1	0
49475332	1	0
49477799	0	1
49478629	1	0
49479777	1	0
49479831	1	0
49480479	0	1
49482236	1	0
49482821	0	1
49483081	1	0
49483728	0	1
49484124	0	1
49484375	0	1
49485008	0	1
49485908	0	1
49487390	0	1
49488205	0	1
49490950	0	1
49491826	1	0
49494259	1	0
49496003	0	1
49496895	0	1
49497284	1	0
49497380	1	0
49498704	1	0
49499031	0	1
49499564	1	0
49500584	0	1
49501313	1	0
49502147	0	1
49502805	0	1
49502819	1	0
49502909	1	0
49503304	0	1
49503455	0	1
49504377	1	0
49504609	0	1
49504982	1	0
49506699	1	0
49510158	0	1
49510767	1	0
49512485	1	0
49513089	0	1
49514337	1	0
49514922	1	0
49515139	0	1
49518708	1	0
49520483	0	1
49521002	1	0
49521318	1	0
49522934	0	1
49525727	1	0
49527265	1	0
49527969	0	1
49528796	0	1
49529859	0	1
49531542	1	0
49533691	1	0
49533788	0	1
49533995	0	1
49534137	1	0
49534925	1	0
49535465	0	1
49535889	1	0
49535901	0	1
49537639	1	0
49538877	1	0
49539850	0	1
49540116	0	1
49541495	0	1
49541590	0	1
49541621	0	1
49542209	1	0
49548782	1	0
49549014	0	1
49550675	0	1
49550996	1	0
49551283	0	1
49554557	1	0
49558370	0	1
49560960	0	1
49562397	1	0
49565285	1	0
49565885	1	0
49566942	1	0
49568931	0	1
49569740	0	1
49569821	1	0
49572491	1	0
49573251	1	0
49574063	0	1
49574615	0	1
49574671	0	1
49577142	1	0
49577180	1	0
49578066	0	1
49579062	0	1
49579091	0	1
49581460	1	0
49582307	0	1
49582364	0	1
49583177	0	1
49584050	1	0
49584293	1	0
49584357	0	1
49584810	0	1
49585783	1	0
49587667	0	1
49590764	1	0
49591314	1	0
49593127	1	0
49596724	1	0
49598974	0	1
49601312	0	1
49602166	1	0
49602325	0	1
49603171	0	1
49603593	0	1
49604557	0	1
49605469	0	1
49608771	0	1
49608937	0	1
49609324	1	0
49609882	1	0
49611244	0	1
49613279	1	0
49614190	0	1
49614544	0	1
49616065	1	0
49616238	1	0
49621730	0	1
49623291	0	1
49623369	0	1
49623472	1	0
49624580	1	0
49626536	1	0
49627286	0	1
49628794	0	1
49631742	0	1
49632163	1	0
49632338	1	0
49634767	1	0
49638048	0	1
49642365	0	1
49643582	1	0
49645235	0	1
49647840	0	1
49650341	1	0
49650818	1	0
49652080	1	0
49652890	0	1
49653004	0	1
49653584	1	0
49653794	0	1
49653883	0	1
49654541	1	0
49655989	0	1
49656524	0	1
49657300	0	1
49658429	0	1
49658644	1	0
49660401	0	1
49663323	0	1
49666028	0	1
49667261	0	1
49670844	1	0
49671048	1	0
49671940	0	1
49676293	0	1
49680952	1	0
49681059	0	1
49681981	1	0
49682187	0	1
49682244	1	0
49682915	0	1
49683100	1	0
49688413	0	1
49689233	1	0
49697178	0	1
49697236	0	1
49698707	0	1
49699550	1	0
49701063	0	1
49701676	1	0
49703433	0	1
49703676	0	1
49706240	1	0
49707315	1	0
49707683	1	0
49709536	1	0
49710470	1	0
49711483	0	1
49715145	0	1
49716439	0	1
49716441	0	1
49718877	0	1
49719993	1	0
49721687	0	1
49721729	1	0
49722712	0	1
49723268	1	0
49723380	0	1
49725074	1	0
49726312	0	1
49729133	0	1
49730192	0	1
49730283	1	0
49732221	0	1
49732841	1	0
49733648	0	1
49734120	1	0
49734859	0	1
49735162	1	0
49735669	1	0
49735706	0	1
49736875	1	0
49737874	1	0
49738392	1	0
49739997	1	0
49740657	0	1
49741848	0	1
49744724	1	0
49745419	1	0
49746096	1	0
49747556	1	0
49748414	0	1
49748976	0	1
49749424	1	0
49751768	0	1
49752628	0	1
49754885	1	0
49755880	1	0
49757590	1	0
49758419	1	0
49758460	1	0
49761911	1	0
49762025	1	0
49762806	0	1
49763209	1	0
49765850	1	0
49768077	0	1
49770051	0	1
49773137	0	1
49774613	0	1
49775405	1	0
49776110	1	0
49777683	0	1
49777954	1	0
49778608	0	1
49778629	0	1
49778849	1	0
49778904	0	1
49779090	1	0
49781093	0	1
49781135	0	1
49781224	0	1
49784508	0	1
49784872	0	1
49785193	0	1
49787557	0	1
49789279	0	1
49789608	0	1
49790687	0	1
49790805	1	0
49791474	0	1
49791557	0	1
49791786	1	0
49796601	1	0
49797779	1	0
49798465	0	1
49801798	1	0
49804331	1	0
49804536	1	0
49805076	1	0
49805098	1	0
49805148	1	0
49805793	0	1
49805837	1	0
49808759	0	1
49809994	0	1
49811875	1	0
49818587	1	0
49819294	0	1
49820231	1	0
49822154	0	1
49823637	0	1
49824660	1	0
49827984	1	0
49828587	1	0
49830843	0	1
49831531	1	0
49831713	0	1
49831793	1	0
49834815	1	0
49838824	0	1
49839655	0	1
49844578	1	0
49844719	0	1
49844992	0	1
49845263	1	0
49846567	1	0
49849156	1	0
49851302	1	0
49851771	1	0
49851848	1	0
49854841	1	0
49857466	0	1
49860209	1	0
49860985	1	0
49861253	1	0
49861977	1	0
49865274	1	0
49866184	0	1
49866459	1	0
49867172	0	1
49868011	1	0
49869481	1	0
49869821	0	1
49870743	0	1
49870788	1	0
49873179	1	0
49874547	0	1
49874595	1	0
49874612	1	0
49878027	0	1
49882941	1	0
49883139	0	1
49883878	0	1
49889344	0	1
49890411	1	0
49890578	1	0
49892948	0	1
49893293	1	0
49897811	0	1
49902199	1	0
49905213	1	0
49906293	0	1
49907829	0	1
49909204	1	0
49909666	0	1
49909700	1	0
49911203	1	0
49911392	1	0
49911632	1	0
49911937	0	1
49912745	0	1
49913322	1	0
49913610	0	1
49919774	1	0
49920744	0	1
49923770	1	0
49925341	0	1
49928710	1	0
49928989	0	1
49931350	1	0
49932254	1	0
49933256	0	1
49936024	0	1
49936386	0	1
49936418	0	1
49937148	1	0
49939581	0	1
49942328	0	1
49942658	1	0
49943348	0	1
49945399	0	1
49946414	0	1
49947797	1	0
49948155	1	0
49948608	1	0
49948716	0	1
49954660	0	1
49957827	0	1
49957923	0	1
49959159	0	1
49959672	0	1
49964518	0	1
49964621	0	1
49965644	0	1
49969691	0	1
49972000	0	1
49972659	1	0
49979147	1	0
49980364	0	1
49981712	0	1
49983650	0	1
49983668	1	0
49984966	1	0
49985034	1	0
49985414	1	0
49985423	0	1
49986423	0	1
49988934	1	0
49990097	0	1
49990254	1	0
49990961	1	0
49992059	0	1
49992298	1	0
49992333	0	1
49994844	1	0
49996821	1	0
49997615	0	1
49998376	0	1
49998397	0	1
49998851	0	1
49999916	0	1
50000319	0	1
50000735	0	1
50001650	1	0
50001936	1	0
50004627	0	1
50004719	0	1
50008271	1	0
50009735	0	1
50012176	0	1
50013804	0	1
50016302	1	0
50018119	1	0
50018664	1	0
50019083	1	0
50019402	1	0
50023904	1	0
50025737	1	0
50025974	0	1
50026175	1	0
50026288	1	0
50028098	1	0
50028740	1	0
50029505	1	0
50029830	1	0
50030143	0	1
50031182	0	1
50031331	1	0
50031413	1	0
50032079	1	0
50032117	1	0
50036306	1	0
50037091	1	0
50037146	1	0
50037170	1	0
50038672	0	1
50038823	0	1
50041940	0	1
50044140	0	1
50044309	0	1
50045349	0	1
50045474	1	0
50046240	1	0
50046253	0	1
50047118	0	1
50047378	0	1
50050002	0	1
50051530	1	0
50052195	1	0
50052230	0	1
50052242	1	0
50052560	1	0
50052579	1	0
50054082	1	0
50054219	0	1
50055673	0	1
50056709	1	0
50056966	0	1
50057115	1	0
50058000	0	1
50060862	1	0
50062099	1	0
50062219	0	1
50062230	0	1
50062791	0	1
50062835	0	1
50064805	0	1
50066848	0	1
50069415	1	0
50070228	1	0
50070315	0	1
50072602	1	0
50073540	0	1
50073934	1	0
50074314	0	1
50076190	0	1
50077753	0	1
50081702	1	0
50081966	0	1
50087851	0	1
50088023	1	0
50091119	0	1
50092655	0	1
50092949	1	0
50094160	0	1
50094866	0	1
50095521	0	1
50096692	0	1
50097804	1	0
50098441	0	1
50098750	1	0
50099792	1	0
50100131	1	0
50100408	1	0
50103420	1	0
50104304	0	1
50104403	1	0
50104410	1	0
50106435	0	1
50107533	0	1
50108462	0	1
50110835	1	0
50111820	0	1
50112452	1	0
50112913	0	1
50113849	0	1
50114823	0	1
50114924	0	1
50115287	1	0
50115297	0	1
50116646	0	1
50117580	0	1
50118462	0	1
50119737	1	0
50121094	1	0
50127162	1	0
50129181	0	1
50132699	0	1
50134319	1	0
50135454	1	0
50135564	0	1
50135843	1	0
50137563	0	1
50139438	0	1
50141603	0	1
50141941	0	1
50142165	0	1
50142585	0	1
50151634	1	0
50152735	0	1
50153229	1	0
50156425	1	0
50157898	0	1
50159181	0	1
50159184	0	1
50159843	0	1
50168022	1	0
50170298	1	0
50171397	1	0
50174842	1	0
50175633	1	0
50176254	1	0
50179858	0	1
50180092	1	0
50180197	1	0
50181677	0	1
50182650	0	1
50183627	1	0
50184408	0	1
50184760	0	1
50185613	0	1
50190308	1	0
50190756	1	0
50192839	0	1
50193121	0	1
50193497	0	1
50194117	0	1
50194307	0	1
50194600	0	1
50194724	1	0
50195214	0	1
50196114	1	0
50196791	1	0
50198683	0	1
50198922	0	1
50201887	1	0
50202287	0	1
50203911	1	0
50205239	0	1
50205821	1	0
50205949	1	0
50206847	1	0
50207926	1	0
50208291	1	0
50208514	0	1
50208576	0	1
50208738	1	0
50211181	1	0
50212525	0	1
50213648	1	0
50213683	1	0
50214023	0	1
50214400	1	0
50214458	0	1
50216334	0	1
50219892	1	0
50224265	1	0
50226024	1	0
50227490	0	1
50228437	0	1
50228580	1	0
50229815	1	0
50230914	0	1
50231323	1	0
50231421	1	0
50232490	0	1
50234405	1	0
50236497	0	1
50236753	1	0
50237883	1	0
50238979	0	1
50239904	1	0
50240002	1	0
50240137	0	1
50240917	0	1
50242751	1	0
50251332	0	1
50251341	1	0
50251942	1	0
50252204	1	0
50252893	1	0
50253742	0	1
50253979	1	0
50254290	1	0
50256227	1	0
50257315	0	1
50257809	1	0
50258244	1	0
50258689	0	1
50261732	0	1
50262983	0	1
50263404	0	1
50263436	0	1
50264950	1	0
50266027	0	1
50266731	1	0
50266948	1	0
50267588	1	0
50269692	1	0
50269966	1	0
50270808	1	0
50271387	0	1
50271637	0	1
50273246	1	0
50273472	1	0
50273511	1	0
50273538	1	0
50274769	1	0
50275983	1	0
50276696	1	0
50277262	0	1
50277556	1	0
50277768	0	1
50277847	1	0
50278857	1	0
50281132	0	1
50283349	1	0
50283706	0	1
50283747	1	0
50283925	0	1
50285060	1	0
50286038	0	1
50289450	1	0
50291342	1	0
50295537	0	1
50297365	1	0
50299328	0	1
50301012	0	1
50304078	0	1
50304358	1	0
50305415	0	1
50305749	0	1
50305756	1	0
50312269	0	1
50312804	0	1
50318757	0	1
50320020	1	0
50321626	1	0
50324651	1	0
50324927	0	1
50325037	1	0
50325416	1	0
50326475	0	1
50331038	1	0
50331269	1	0
50332398	0	1
50334186	1	0
50335136	1	0
50339683	0	1
50341555	1	0
50342681	0	1
50343950	0	1
50344591	0	1
50346588	0	1
50346857	0	1
50347235	1	0
50348157	0	1
50349243	1	0
50349785	1	0
50350016	0	1
50350309	0	1
50351103	0	1
50352437	1	0
50352635	0	1
50353412	1	0
50356547	0	1
50357210	1	0
50360401	1	0
50361703	1	0
50363766	1	0
50364284	1	0
50364477	0	1
50364575	0	1
50372257	1	0
50373513	0	1
50373822	0	1
50376223	1	0
50376680	1	0
50377926	0	1
50383245	1	0
50383317	1	0
50384519	1	0
50384770	1	0
50385174	1	0
50386051	1	0
50389709	0	1
50390164	1	0
50391552	1	0
50391842	1	0
50392815	0	1
50393455	1	0
50396555	0	1
50396888	0	1
50397904	1	0
50399186	0	1
50400790	1	0
50400906	0	1
50401264	1	0
50401476	1	0
50402046	0	1
50404913	1	0
50404916	0	1
50405017	1	0
50405746	0	1
50406246	1	0
50406384	0	1
50409684	0	1
50409968	1	0
50414721	1	0
50418768	0	1
50420064	1	0
50420072	0	1
50420349	1	0
50421240	1	0
50426749	0	1
50427759	1	0
50428846	0	1
50429567	1	0
50430302	1	0
50433085	0	1
50434326	0	1
50435136	1	0
50435491	0	1
50436093	1	0
50438952	1	0
50440675	1	0
50442752	1	0
50443548	0	1
50443669	1	0
50444527	0	1
50444896	0	1
50445659	0	1
50446331	1	0
50447544	0	1
50449444	0	1
50449741	1	0
50454502	1	0
50454935	0	1
50455775	0	1
50456186	1	0
50456422	1	0
50457158	1	0
50457318	0	1
50457974	0	1
50458557	1	0
50458874	0	1
50459392	0	1
50461741	1	0
50461780	0	1
50462998	1	0
50463635	1	0
50464024	1	0
50465197	1	0
50465641	0	1
50469578	1	0
50470025	0	1
50472366	0	1
50473938	1	0
50474500	1	0
50474662	1	0
50476471	0	1
50476835	1	0
50477090	0	1
50481295	1	0
50483480	1	0
50483692	1	0
50486106	1	0
50486515	1	0
50486764	1	0
50487367	0	1
50489904	0	1
50493240	1	0
50493606	1	0
50494111	1	0
50495439	0	1
50495521	1	0
50499239	1	0
50500140	0	1
50503998	1	0
50504877	1	0
50505254	1	0
50507582	1	0
50508847	0	1
50509050	0	1
50509876	1	0
50510996	1	0
50512543	1	0
50516518	0	1
50516627	0	1
50517278	1	0
50518802	1	0
50519469	0	1
50519887	1	0
50520842	0	1
50521266	0	1
50522256	1	0
50524151	1	0
50525547	0	1
50530286	0	1
50530592	1	0
50531239	1	0
50531818	1	0
50531838	0	1
50532120	0	1
50533854	1	0
50533878	1	0
50535343	0	1
50537070	1	0
50538798	0	1
50544341	1	0
50544680	1	0
50545421	0	1
50545726	1	0
50546071	0	1
50546576	0	1
50547125	0	1
50550300	0	1
50550469	0	1
50551785	1	0
50557054	0	1
50557189	1	0
50557569	1	0
50558019	1	0
50558874	1	0
50558973	1	0
50559430	1	0
50559501	0	1
50559666	0	1
50560883	1	0
50561485	1	0
50561880	0	1
50563028	0	1
50564984	1	0
50567908	0	1
50570782	1	0
50571421	0	1
50571889	1	0
50574028	1	0
50574293	0	1
50575218	0	1
50575811	1	0
50576260	1	0
50576659	1	0
50577254	1	0
50577732	1	0
50578948	0	1
50579635	0	1
50580061	1	0
50581757	1	0
50583145	1	0
50583231	1	0
50583654	0	1
50584886	1	0
50585406	1	0
50588549	0	1
50588789	1	0
50589889	0	1
50590827	0	1
50591392	0	1
50591935	0	1
50592102	1	0
50592594	1	0
50596563	0	1
50596898	1	0
50597381	1	0
50597391	1	0
50597746	0	1
50600129	1	0
50602073	0	1
50602902	1	0
50603908	1	0
50606071	0	1
50606387	1	0
50607882	0	1
50609091	1	0
50611427	1	0
50612556	1	0
50612825	1	0
50613722	0	1
50614418	0	1
50615613	0	1
50616527	0	1
50620624	0	1
50622707	0	1
50626518	0	1
50627103	0	1
50627574	0	1
50632295	1	0
50633271	1	0
50635030	0	1
50635048	1	0
50635990	0	1
50638506	1	0
50639332	0	1
50640035	1	0
50640781	1	0
50641328	0	1
50641515	0	1
50641674	1	0
50644387	0	1
50644938	0	1
50645635	0	1
50645715	0	1
50647095	0	1
50650913	0	1
50651180	0	1
50652468	0	1
50652628	0	1
50653721	1	0
50656099	0	1
50662757	0	1
50664100	1	0
50666323	1	0
50669257	0	1
50669314	0	1
50671182	1	0
50671646	0	1
50672327	0	1
50672625	1	0
50676652	0	1
50676826	1	0
50679061	0	1
50679239	0	1
50682234	1	0
50682923	0	1
50683039	1	0
50683426	0	1
50683797	1	0
50683824	0	1
50685866	1	0
50688544	0	1
50689071	1	0
50689588	1	0
50690254	1	0
50692864	1	0
50695071	1	0
50696568	1	0
50696664	0	1
50699031	0	1
50701209	1	0
50701684	0	1
50704123	1	0
50705588	1	0
50706662	1	0
50707507	1	0
50708448	1	0
50709326	0	1
50710033	0	1
50713504	1	0
50714472	0	1
50716745	1	0
50716821	0	1
50716929	0	1
50717353	1	0
50717892	1	0
50719102	1	0
50720638	0	1
50721994	1	0
50723203	0	1
50723626	1	0
50725045	0	1
50726264	1	0
50726638	1	0
50729125	1	0
50731251	0	1
50732038	0	1
50733394	0	1
50733694	0	1
50735326	0	1
50737794	1	0
50747327	0	1
50747927	0	1
50748612	1	0
50750202	0	1
50750438	1	0
50750965	0	1
50751025	0	1
50752454	1	0
50754603	1	0
50754877	0	1
50755091	0	1
50757398	0	1
50758976	1	0
50759419	0	1
50763092	0	1
50765046	1	0
50765836	1	0
50771333	0	1
50773188	0	1
50774769	1	0
50778024	1	0
50782274	1	0
50783686	1	0
50784201	1	0
50784620	1	0
50788311	0	1
50792181	1	0
50792220	1	0
50795247	0	1
50795806	0	1
50797062	1	0
50797160	1	0
50797238	0	1
50797386	0	1
50798276	1	0
50798587	1	0
50798894	1	0
50798912	0	1
50800836	1	0
50801349	1	0
50802170	1	0
50802727	1	0
50806341	0	1
50807984	0	1
50807999	1	0
50809109	1	0
50811088	1	0
50812342	0	1
50812605	1	0
50812800	1	0
50815429	1	0
50815911	1	0
50816872	1	0
