read_id	molecule_id	true_haplotype
read_000000	mol_000000	-1
read_000001	mol_000001	1
read_000002	mol_000002	1
read_000003	mol_000003	-1
read_000004	mol_000004	-1
read_000005	mol_000005	-1
read_000006	mol_000006	1
read_000007	mol_000007	1
read_000008	mol_000008	1
read_000009	mol_000009	1
read_000010	mol_000010	-1
read_000011	mol_000011	1
read_000012	mol_000012	1
read_000013	mol_000013	1
read_000014	mol_000014	1
read_000015	mol_000015	-1
read_000016	mol_000016	1
read_000017	mol_000017	1
read_000018	mol_000018	1
read_000019	mol_000019	-1
read_000020	mol_000020	-1
read_000021	mol_000021	1
read_000022	mol_000022	-1
read_000023	mol_000023	1
read_000024	mol_000024	1
read_000025	mol_000025	-1
read_000026	mol_000026	-1
read_000027	mol_000027	-1
read_000028	mol_000028	-1
read_000029	mol_000029	1
read_000030	mol_000030	-1
read_000031	mol_000031	-1
read_000032	mol_000032	1
read_000033	mol_000033	1
read_000034	mol_000034	-1
read_000035	mol_000035	-1
read_000036	mol_000036	1
read_000037	mol_000037	-1
read_000038	mol_000038	-1
read_000039	mol_000039	1
read_000040	mol_000040	-1
read_000041	mol_000041	1
read_000042	mol_000042	1
read_000043	mol_000043	-1
read_000044	mol_000044	1
read_000045	mol_000045	1
read_000046	mol_000046	-1
read_000047	mol_000047	1
read_000048	mol_000048	1
read_000049	mol_000049	1
read_000050	mol_000050	-1
read_000051	mol_000051	-1
read_000052	mol_000052	1
read_000053	mol_000053	-1
read_000054	mol_000054	-1
read_000055	mol_000055	-1
read_000056	mol_000056	1
read_000057	mol_000057	1
read_000058	mol_000058	1
read_000059	mol_000059	1
read_000060	mol_000060	-1
read_000061	mol_000061	1
read_000062	mol_000062	-1
read_000063	mol_000063	-1
read_000064	mol_000064	-1
read_000065	mol_000065	1
read_000066	mol_000066	1
read_000067	mol_000067	1
read_000068	mol_000068	1
read_000069	mol_000069	1
read_000070	mol_000070	-1
read_000071	mol_000071	-1
read_000072	mol_000072	1
read_000073	mol_000073	1
read_000074	mol_000074	-1
read_000075	mol_000075	1
read_000076	mol_000076	-1
read_000077	mol_000077	1
read_000078	mol_000078	-1
read_000079	mol_000079	1
read_000080	mol_000080	-1
read_000081	mol_000081	-1
read_000082	mol_000082	-1
read_000083	mol_000083	-1
read_000084	mol_000084	-1
read_000085	mol_000085	-1
read_000086	mol_000086	-1
read_000087	mol_000087	1
read_000088	mol_000088	-1
read_000089	mol_000089	-1
read_000090	mol_000090	1
read_000091	mol_000091	-1
read_000092	mol_000092	1
read_000093	mol_000093	-1
read_000094	mol_000094	1
read_000095	mol_000095	-1
read_000096	mol_000096	-1
read_000097	mol_000097	1
read_000098	mol_000098	-1
read_000099	mol_000099	1
read_000100	mol_000100	1
read_000101	mol_000101	1
read_000102	mol_000102	-1
read_000103	mol_000103	1
read_000104	mol_000104	-1
read_000105	mol_000105	1
read_000106	mol_000106	-1
read_000107	mol_000107	1
read_000108	mol_000108	-1
read_000109	mol_000109	1
read_000110	mol_000110	1
read_000111	mol_000111	1
read_000112	mol_000112	-1
read_000113	mol_000113	-1
read_000114	mol_000114	-1
read_000115	mol_000115	1
read_000116	mol_000116	1
read_000117	mol_000117	1
read_000118	mol_000118	1
read_000119	mol_000119	1
read_000120	mol_000120	-1
read_000121	mol_000121	1
read_000122	mol_000122	-1
read_000123	mol_000123	-1
read_000124	mol_000124	-1
read_000125	mol_000125	1
read_000126	mol_000126	1
read_000127	mol_000127	1
read_000128	mol_000128	-1
read_000129	mol_000129	1
read_000130	mol_000130	-1
read_000131	mol_000131	-1
read_000132	mol_000132	-1
read_000133	mol_000133	1
read_000134	mol_000134	-1
read_000135	mol_000135	1
read_000136	mol_000136	1
read_000137	mol_000137	-1
read_000138	mol_000138	1
read_000139	mol_000139	-1
read_000140	mol_000140	1
read_000141	mol_000141	-1
read_000142	mol_000142	1
read_000143	mol_000143	-1
read_000144	mol_000144	-1
read_000145	mol_000145	-1
read_000146	mol_000146	1
read_000147	mol_000147	-1
read_000148	mol_000148	-1
read_000149	mol_000149	1
read_000150	mol_000150	1
read_000151	mol_000151	1
read_000152	mol_000152	1
read_000153	mol_000153	1
read_000154	mol_000154	-1
read_000155	mol_000155	1
read_000156	mol_000156	1
read_000157	mol_000157	1
read_000158	mol_000158	1
read_000159	mol_000159	-1
read_000160	mol_000160	1
read_000161	mol_000161	-1
read_000162	mol_000162	-1
read_000163	mol_000163	1
read_000164	mol_000164	1
read_000165	mol_000165	-1
read_000166	mol_000166	1
read_000167	mol_000167	-1
read_000168	mol_000168	1
read_000169	mol_000169	-1
read_000170	mol_000170	-1
read_000171	mol_000171	1
read_000172	mol_000172	-1
read_000173	mol_000173	-1
read_000174	mol_000174	-1
read_000175	mol_000175	1
read_000176	mol_000176	-1
read_000177	mol_000177	1
read_000178	mol_000178	-1
read_000179	mol_000179	-1
read_000180	mol_000180	1
read_000181	mol_000181	-1
read_000182	mol_000182	-1
read_000183	mol_000183	1
read_000184	mol_000184	-1
read_000185	mol_000185	1
read_000186	mol_000186	-1
read_000187	mol_000187	1
read_000188	mol_000188	1
read_000189	mol_000189	-1
read_000190	mol_000190	-1
read_000191	mol_000191	-1
read_000192	mol_000192	1
read_000193	mol_000193	1
read_000194	mol_000194	-1
read_000195	mol_000195	-1
read_000196	mol_000196	-1
read_000197	mol_000197	1
read_000198	mol_000198	1
read_000199	mol_000199	-1
read_000200	mol_000200	-1
read_000201	mol_000201	1
read_000202	mol_000202	-1
read_000203	mol_000203	-1
read_000204	mol_000204	-1
read_000205	mol_000205	-1
read_000206	mol_000206	1
read_000207	mol_000207	1
read_000208	mol_000208	-1
read_000209	mol_000209	1
read_000210	mol_000210	1
read_000211	mol_000211	1
read_000212	mol_000212	-1
read_000213	mol_000213	-1
read_000214	mol_000214	-1
read_000215	mol_000215	1
read_000216	mol_000216	-1
read_000217	mol_000217	-1
read_000218	mol_000218	1
read_000219	mol_000219	-1
read_000220	mol_000220	1
read_000221	mol_000221	1
read_000222	mol_000222	1
read_000223	mol_000223	-1
read_000224	mol_000224	-1
read_000225	mol_000225	1
read_000226	mol_000226	1
read_000227	mol_000227	1
read_000228	mol_000228	-1
read_000229	mol_000229	1
read_000230	mol_000230	1
read_000231	mol_000231	-1
read_000232	mol_000232	1
read_000233	mol_000233	-1
read_000234	mol_000234	-1
read_000235	mol_000235	1
read_000236	mol_000236	-1
read_000237	mol_000237	-1
read_000238	mol_000238	-1
read_000239	mol_000239	1
read_000240	mol_000240	1
read_000241	mol_000241	-1
read_000242	mol_000242	-1
read_000243	mol_000243	1
read_000244	mol_000244	1
read_000245	mol_000245	-1
read_000246	mol_000246	-1
read_000247	mol_000247	-1
read_000248	mol_000248	-1
read_000249	mol_000249	1
read_000250	mol_000250	1
read_000251	mol_000251	-1
read_000252	mol_000252	1
read_000253	mol_000253	1
read_000254	mol_000254	1
read_000255	mol_000255	1
read_000256	mol_000256	-1
read_000257	mol_000257	1
read_000258	mol_000258	1
read_000259	mol_000259	-1
read_000260	mol_000260	-1
read_000261	mol_000261	1
read_000262	mol_000262	1
read_000263	mol_000263	-1
read_000264	mol_000264	-1
read_000265	mol_000265	-1
read_000266	mol_000266	-1
read_000267	mol_000267	1
read_000268	mol_000268	1
read_000269	mol_000269	1
read_000270	mol_000270	1
read_000271	mol_000271	-1
read_000272	mol_000272	-1
read_000273	mol_000273	1
read_000274	mol_000274	-1
read_000275	mol_000275	1
read_000276	mol_000276	1
read_000277	mol_000277	-1
read_000278	mol_000278	-1
read_000279	mol_000279	-1
read_000280	mol_000280	1
read_000281	mol_000281	-1
read_000282	mol_000282	1
read_000283	mol_000283	-1
read_000284	mol_000284	-1
read_000285	mol_000285	-1
read_000286	mol_000286	-1
read_000287	mol_000287	1
read_000288	mol_000288	1
read_000289	mol_000289	-1
read_000290	mol_000290	-1
read_000291	mol_000291	1
read_000292	mol_000292	1
read_000293	mol_000293	-1
read_000294	mol_000294	-1
read_000295	mol_000295	-1
read_000296	mol_000296	-1
read_000297	mol_000297	-1
read_000298	mol_000298	-1
read_000299	mol_000299	1
read_000300	mol_000300	1
read_000301	mol_000301	1
read_000302	mol_000302	-1
read_000303	mol_000303	-1
read_000304	mol_000304	-1
read_000305	mol_000305	1
read_000306	mol_000306	1
read_000307	mol_000307	1
read_000308	mol_000308	1
read_000309	mol_000309	-1
read_000310	mol_000310	-1
read_000311	mol_000311	1
read_000312	mol_000312	-1
read_000313	mol_000313	1
read_000314	mol_000314	-1
read_000315	mol_000315	-1
read_000316	mol_000316	-1
read_000317	mol_000317	-1
read_000318	mol_000318	-1
read_000319	mol_000319	-1
read_000320	mol_000320	-1
read_000321	mol_000321	1
read_000322	mol_000322	1
read_000323	mol_000323	1
read_000324	mol_000324	1
read_000325	mol_000325	-1
read_000326	mol_000326	1
read_000327	mol_000327	-1
read_000328	mol_000328	-1
read_000329	mol_000329	-1
read_000330	mol_000330	-1
read_000331	mol_000331	-1
read_000332	mol_000332	1
read_000333	mol_000333	-1
read_000334	mol_000334	-1
read_000335	mol_000335	1
read_000336	mol_000336	-1
read_000337	mol_000337	1
read_000338	mol_000338	1
read_000339	mol_000339	1
read_000340	mol_000340	-1
read_000341	mol_000341	1
read_000342	mol_000342	-1
read_000343	mol_000343	1
read_000344	mol_000344	1
read_000345	mol_000345	-1
read_000346	mol_000346	-1
read_000347	mol_000347	1
read_000348	mol_000348	1
read_000349	mol_000349	-1
read_000350	mol_000350	1
read_000351	mol_000351	-1
read_000352	mol_000352	-1
read_000353	mol_000353	1
read_000354	mol_000354	1
read_000355	mol_000355	1
read_000356	mol_000356	1
read_000357	mol_000357	-1
read_000358	mol_000358	1
read_000359	mol_000359	1
read_000360	mol_000360	-1
read_000361	mol_000361	1
read_000362	mol_000362	-1
read_000363	mol_000363	-1
read_000364	mol_000364	-1
read_000365	mol_000365	-1
read_000366	mol_000366	1
read_000367	mol_000367	1
read_000368	mol_000368	-1
read_000369	mol_000369	-1
read_000370	mol_000370	1
read_000371	mol_000371	1
read_000372	mol_000372	-1
read_000373	mol_000373	1
read_000374	mol_000374	-1
read_000375	mol_000375	-1
read_000376	mol_000376	-1
read_000377	mol_000377	1
read_000378	mol_000378	1
read_000379	mol_000379	-1
read_000380	mol_000380	-1
read_000381	mol_000381	-1
read_000382	mol_000382	1
read_000383	mol_000383	-1
read_000384	mol_000384	1
read_000385	mol_000385	1
read_000386	mol_000386	-1
read_000387	mol_000387	-1
read_000388	mol_000388	-1
read_000389	mol_000389	-1
read_000390	mol_000390	-1
read_000391	mol_000391	-1
read_000392	mol_000392	1
read_000393	mol_000393	-1
read_000394	mol_000394	1
read_000395	mol_000395	-1
read_000396	mol_000396	-1
read_000397	mol_000397	1
read_000398	mol_000398	-1
read_000399	mol_000399	1
read_000400	mol_000400	1
read_000401	mol_000401	1
read_000402	mol_000402	-1
read_000403	mol_000403	1
read_000404	mol_000404	-1
read_000405	mol_000405	1
read_000406	mol_000406	-1
read_000407	mol_000407	-1
read_000408	mol_000408	-1
read_000409	mol_000409	-1
read_000410	mol_000410	1
read_000411	mol_000411	1
read_000412	mol_000412	1
read_000413	mol_000413	-1
read_000414	mol_000414	-1
read_000415	mol_000415	-1
read_000416	mol_000416	1
read_000417	mol_000417	1
read_000418	mol_000418	1
read_000419	mol_000419	-1
read_000420	mol_000420	-1
read_000421	mol_000421	1
read_000422	mol_000422	1
read_000423	mol_000423	-1
read_000424	mol_000424	-1
read_000425	mol_000425	1
read_000426	mol_000426	-1
read_000427	mol_000427	1
read_000428	mol_000428	1
read_000429	mol_000429	1
read_000430	mol_000430	-1
read_000431	mol_000431	-1
read_000432	mol_000432	-1
read_000433	mol_000433	-1
read_000434	mol_000434	-1
read_000435	mol_000435	-1
read_000436	mol_000436	-1
read_000437	mol_000437	-1
read_000438	mol_000438	1
read_000439	mol_000439	1
read_000440	mol_000440	1
read_000441	mol_000441	-1
read_000442	mol_000442	1
read_000443	mol_000443	-1
read_000444	mol_000444	-1
read_000445	mol_000445	-1
read_000446	mol_000446	-1
read_000447	mol_000447	-1
read_000448	mol_000448	-1
read_000449	mol_000449	-1
read_000450	mol_000450	1
read_000451	mol_000451	1
read_000452	mol_000452	1
read_000453	mol_000453	1
read_000454	mol_000454	-1
read_000455	mol_000455	-1
read_000456	mol_000456	1
read_000457	mol_000457	-1
read_000458	mol_000458	1
read_000459	mol_000459	1
read_000460	mol_000460	-1
read_000461	mol_000461	1
read_000462	mol_000462	1
read_000463	mol_000463	-1
read_000464	mol_000464	-1
read_000465	mol_000465	-1
read_000466	mol_000466	1
read_000467	mol_000467	-1
read_000468	mol_000468	1
read_000469	mol_000469	1
read_000470	mol_000470	1
read_000471	mol_000471	-1
read_000472	mol_000472	-1
read_000473	mol_000473	-1
read_000474	mol_000474	1
read_000475	mol_000475	1
read_000476	mol_000476	-1
read_000477	mol_000477	-1
read_000478	mol_000478	1
read_000479	mol_000479	1
read_000480	mol_000480	1
read_000481	mol_000481	-1
read_000482	mol_000482	1
read_000483	mol_000483	1
read_000484	mol_000484	1
read_000485	mol_000485	-1
read_000486	mol_000486	-1
read_000487	mol_000487	1
read_000488	mol_000488	1
read_000489	mol_000489	-1
read_000490	mol_000490	1
read_000491	mol_000491	-1
read_000492	mol_000492	1
read_000493	mol_000493	-1
read_000494	mol_000494	1
read_000495	mol_000495	1
read_000496	mol_000496	1
read_000497	mol_000497	-1
read_000498	mol_000498	1
read_000499	mol_000499	-1
read_000500	mol_000500	-1
read_000501	mol_000501	-1
read_000502	mol_000502	1
read_000503	mol_000503	-1
read_000504	mol_000504	-1
read_000505	mol_000505	1
read_000506	mol_000506	-1
read_000507	mol_000507	1
read_000508	mol_000508	1
read_000509	mol_000509	-1
read_000510	mol_000510	1
read_000511	mol_000511	1
read_000512	mol_000512	1
read_000513	mol_000513	1
read_000514	mol_000514	1
read_000515	mol_000515	-1
read_000516	mol_000516	-1
read_000517	mol_000517	1
read_000518	mol_000518	1
read_000519	mol_000519	-1
read_000520	mol_000520	-1
read_000521	mol_000521	1
read_000522	mol_000522	1
read_000523	mol_000523	-1
read_000524	mol_000524	1
read_000525	mol_000525	-1
read_000526	mol_000526	-1
read_000527	mol_000527	-1
read_000528	mol_000528	-1
read_000529	mol_000529	1
read_000530	mol_000530	-1
read_000531	mol_000531	-1
read_000532	mol_000532	-1
read_000533	mol_000533	1
read_000534	mol_000534	-1
read_000535	mol_000535	-1
read_000536	mol_000536	1
read_000537	mol_000537	1
read_000538	mol_000538	-1
read_000539	mol_000539	-1
read_000540	mol_000540	-1
read_000541	mol_000541	-1
read_000542	mol_000542	1
read_000543	mol_000543	1
read_000544	mol_000544	1
read_000545	mol_000545	1
read_000546	mol_000546	-1
read_000547	mol_000547	1
read_000548	mol_000548	-1
read_000549	mol_000549	-1
read_000550	mol_000550	-1
read_000551	mol_000551	-1
read_000552	mol_000552	-1
read_000553	mol_000553	1
read_000554	mol_000554	-1
read_000555	mol_000555	1
read_000556	mol_000556	1
read_000557	mol_000557	-1
read_000558	mol_000558	-1
read_000559	mol_000559	-1
read_000560	mol_000560	1
read_000561	mol_000561	1
read_000562	mol_000562	-1
read_000563	mol_000563	-1
read_000564	mol_000564	1
read_000565	mol_000565	-1
read_000566	mol_000566	1
read_000567	mol_000567	1
read_000568	mol_000568	-1
read_000569	mol_000569	1
read_000570	mol_000570	-1
read_000571	mol_000571	1
read_000572	mol_000572	1
read_000573	mol_000573	1
read_000574	mol_000574	-1
read_000575	mol_000575	1
read_000576	mol_000576	1
read_000577	mol_000577	-1
read_000578	mol_000578	-1
read_000579	mol_000579	-1
read_000580	mol_000580	-1
read_000581	mol_000581	-1
read_000582	mol_000582	1
read_000583	mol_000583	-1
read_000584	mol_000584	1
read_000585	mol_000585	-1
read_000586	mol_000586	1
read_000587	mol_000587	-1
read_000588	mol_000588	1
read_000589	mol_000589	-1
read_000590	mol_000590	-1
read_000591	mol_000591	-1
read_000592	mol_000592	-1
read_000593	mol_000593	-1
read_000594	mol_000594	1
read_000595	mol_000595	-1
read_000596	mol_000596	1
read_000597	mol_000597	1
read_000598	mol_000598	1
read_000599	mol_000599	1
read_000600	mol_000600	-1
read_000601	mol_000601	1
read_000602	mol_000602	-1
read_000603	mol_000603	-1
read_000604	mol_000604	1
read_000605	mol_000605	-1
read_000606	mol_000606	-1
read_000607	mol_000607	-1
read_000608	mol_000608	1
read_000609	mol_000609	-1
read_000610	mol_000610	-1
read_000611	mol_000611	-1
read_000612	mol_000612	-1
read_000613	mol_000613	1
read_000614	mol_000614	-1
read_000615	mol_000615	-1
read_000616	mol_000616	-1
read_000617	mol_000617	-1
read_000618	mol_000618	-1
read_000619	mol_000619	-1
read_000620	mol_000620	-1
read_000621	mol_000621	-1
read_000622	mol_000622	-1
read_000623	mol_000623	-1
read_000624	mol_000624	-1
read_000625	mol_000625	1
read_000626	mol_000626	1
read_000627	mol_000627	-1
read_000628	mol_000628	1
read_000629	mol_000629	1
read_000630	mol_000630	1
read_000631	mol_000631	-1
read_000632	mol_000632	1
read_000633	mol_000633	-1
read_000634	mol_000634	1
read_000635	mol_000635	1
read_000636	mol_000636	-1
read_000637	mol_000637	1
read_000638	mol_000638	1
read_000639	mol_000639	1
read_000640	mol_000640	-1
read_000641	mol_000641	-1
read_000642	mol_000642	-1
read_000643	mol_000643	1
read_000644	mol_000644	-1
read_000645	mol_000645	-1
read_000646	mol_000646	-1
read_000647	mol_000647	1
read_000648	mol_000648	-1
read_000649	mol_000649	-1
read_000650	mol_000650	-1
read_000651	mol_000651	1
read_000652	mol_000652	1
read_000653	mol_000653	1
read_000654	mol_000654	1
read_000655	mol_000655	1
read_000656	mol_000656	-1
read_000657	mol_000657	1
read_000658	mol_000658	-1
read_000659	mol_000659	1
read_000660	mol_000660	-1
read_000661	mol_000661	1
read_000662	mol_000662	1
read_000663	mol_000663	-1
read_000664	mol_000664	-1
read_000665	mol_000665	-1
read_000666	mol_000666	1
read_000667	mol_000667	-1
read_000668	mol_000668	1
read_000669	mol_000669	-1
read_000670	mol_000670	-1
read_000671	mol_000671	1
read_000672	mol_000672	1
read_000673	mol_000673	1
read_000674	mol_000674	-1
read_000675	mol_000675	1
read_000676	mol_000676	1
read_000677	mol_000677	-1
read_000678	mol_000678	-1
read_000679	mol_000679	1
read_000680	mol_000680	1
read_000681	mol_000681	1
read_000682	mol_000682	-1
read_000683	mol_000683	-1
read_000684	mol_000684	1
read_000685	mol_000685	1
read_000686	mol_000686	-1
read_000687	mol_000687	1
read_000688	mol_000688	1
read_000689	mol_000689	1
read_000690	mol_000690	-1
read_000691	mol_000691	1
read_000692	mol_000692	-1
read_000693	mol_000693	-1
read_000694	mol_000694	-1
read_000695	mol_000695	1
read_000696	mol_000696	-1
read_000697	mol_000697	-1
read_000698	mol_000698	-1
read_000699	mol_000699	1
read_000700	mol_000700	1
read_000701	mol_000701	1
read_000702	mol_000702	1
read_000703	mol_000703	-1
read_000704	mol_000704	-1
read_000705	mol_000705	-1
read_000706	mol_000706	-1
read_000707	mol_000707	-1
read_000708	mol_000708	-1
read_000709	mol_000709	-1
read_000710	mol_000710	1
read_000711	mol_000711	1
read_000712	mol_000712	1
read_000713	mol_000713	-1
read_000714	mol_000714	-1
read_000715	mol_000715	1
read_000716	mol_000716	-1
read_000717	mol_000717	1
read_000718	mol_000718	-1
read_000719	mol_000719	1
read_000720	mol_000720	1
read_000721	mol_000721	-1
read_000722	mol_000722	1
read_000723	mol_000723	1
read_000724	mol_000724	-1
read_000725	mol_000725	-1
read_000726	mol_000726	1
read_000727	mol_000727	1
read_000728	mol_000728	-1
read_000729	mol_000729	1
read_000730	mol_000730	1
read_000731	mol_000731	-1
read_000732	mol_000732	-1
read_000733	mol_000733	-1
read_000734	mol_000734	-1
read_000735	mol_000735	-1
read_000736	mol_000736	-1
read_000737	mol_000737	1
read_000738	mol_000738	-1
read_000739	mol_000739	-1
read_000740	mol_000740	-1
read_000741	mol_000741	-1
read_000742	mol_000742	1
read_000743	mol_000743	-1
read_000744	mol_000744	-1
read_000745	mol_000745	-1
read_000746	mol_000746	1
read_000747	mol_000747	-1
read_000748	mol_000748	-1
read_000749	mol_000749	1
read_000750	mol_000750	1
read_000751	mol_000751	1
read_000752	mol_000752	-1
read_000753	mol_000753	1
read_000754	mol_000754	1
read_000755	mol_000755	-1
read_000756	mol_000756	1
read_000757	mol_000757	-1
read_000758	mol_000758	-1
read_000759	mol_000759	-1
read_000760	mol_000760	1
read_000761	mol_000761	1
read_000762	mol_000762	1
read_000763	mol_000763	-1
read_000764	mol_000764	-1
read_000765	mol_000765	1
read_000766	mol_000766	1
read_000767	mol_000767	-1
read_000768	mol_000768	1
read_000769	mol_000769	-1
read_000770	mol_000770	1
read_000771	mol_000771	1
read_000772	mol_000772	1
read_000773	mol_000773	1
read_000774	mol_000774	1
read_000775	mol_000775	-1
read_000776	mol_000776	1
read_000777	mol_000777	1
read_000778	mol_000778	1
read_000779	mol_000779	1
read_000780	mol_000780	1
read_000781	mol_000781	1
read_000782	mol_000782	1
read_000783	mol_000783	1
read_000784	mol_000784	1
read_000785	mol_000785	-1
read_000786	mol_000786	-1
read_000787	mol_000787	-1
read_000788	mol_000788	-1
read_000789	mol_000789	1
read_000790	mol_000790	-1
read_000791	mol_000791	-1
read_000792	mol_000792	-1
read_000793	mol_000793	1
read_000794	mol_000794	-1
read_000795	mol_000795	-1
read_000796	mol_000796	1
read_000797	mol_000797	1
read_000798	mol_000798	-1
read_000799	mol_000799	-1
read_000800	mol_000800	1
read_000801	mol_000801	1
read_000802	mol_000802	-1
read_000803	mol_000803	1
read_000804	mol_000804	1
read_000805	mol_000805	-1
read_000806	mol_000806	-1
read_000807	mol_000807	1
read_000808	mol_000808	1
read_000809	mol_000809	1
read_000810	mol_000810	-1
read_000811	mol_000811	-1
read_000812	mol_000812	1
read_000813	mol_000813	-1
read_000814	mol_000814	-1
read_000815	mol_000815	1
read_000816	mol_000816	-1
read_000817	mol_000817	-1
read_000818	mol_000818	1
read_000819	mol_000819	-1
read_000820	mol_000820	1
read_000821	mol_000821	-1
read_000822	mol_000822	-1
read_000823	mol_000823	-1
read_000824	mol_000824	-1
read_000825	mol_000825	1
read_000826	mol_000826	-1
read_000827	mol_000827	-1
read_000828	mol_000828	1
read_000829	mol_000829	-1
read_000830	mol_000830	-1
read_000831	mol_000831	1
read_000832	mol_000832	-1
read_000833	mol_000833	-1
read_000834	mol_000834	1
read_000835	mol_000835	1
read_000836	mol_000836	1
read_000837	mol_000837	-1
read_000838	mol_000838	1
read_000839	mol_000839	-1
read_000840	mol_000840	1
read_000841	mol_000841	1
read_000842	mol_000842	1
read_000843	mol_000843	-1
read_000844	mol_000844	1
read_000845	mol_000845	-1
read_000846	mol_000846	1
read_000847	mol_000847	1
read_000848	mol_000848	-1
read_000849	mol_000849	-1
read_000850	mol_000850	-1
read_000851	mol_000851	1
read_000852	mol_000852	-1
read_000853	mol_000853	1
read_000854	mol_000854	-1
read_000855	mol_000855	1
read_000856	mol_000856	-1
read_000857	mol_000857	1
read_000858	mol_000858	-1
read_000859	mol_000859	-1
read_000860	mol_000860	1
read_000861	mol_000861	-1
read_000862	mol_000862	-1
read_000863	mol_000863	-1
read_000864	mol_000864	-1
read_000865	mol_000865	1
read_000866	mol_000866	1
read_000867	mol_000867	-1
read_000868	mol_000868	-1
read_000869	mol_000869	1
read_000870	mol_000870	1
read_000871	mol_000871	1
read_000872	mol_000872	1
read_000873	mol_000873	-1
read_000874	mol_000874	-1
read_000875	mol_000875	1
read_000876	mol_000876	-1
read_000877	mol_000877	1
read_000878	mol_000878	1
read_000879	mol_000879	1
read_000880	mol_000880	1
read_000881	mol_000881	1
read_000882	mol_000882	1
read_000883	mol_000883	1
read_000884	mol_000884	-1
read_000885	mol_000885	1
read_000886	mol_000886	-1
read_000887	mol_000887	-1
read_000888	mol_000888	1
read_000889	mol_000889	1
read_000890	mol_000890	-1
read_000891	mol_000891	-1
read_000892	mol_000892	1
read_000893	mol_000893	-1
read_000894	mol_000894	1
read_000895	mol_000895	-1
read_000896	mol_000896	-1
read_000897	mol_000897	-1
read_000898	mol_000898	-1
read_000899	mol_000899	-1
read_000900	mol_000900	-1
read_000901	mol_000901	1
read_000902	mol_000902	1
read_000903	mol_000903	-1
read_000904	mol_000904	-1
read_000905	mol_000905	-1
read_000906	mol_000906	1
read_000907	mol_000907	-1
read_000908	mol_000908	1
read_000909	mol_000909	-1
read_000910	mol_000910	-1
read_000911	mol_000911	-1
read_000912	mol_000912	-1
read_000913	mol_000913	-1
read_000914	mol_000914	-1
read_000915	mol_000915	1
read_000916	mol_000916	1
read_000917	mol_000917	-1
read_000918	mol_000918	1
read_000919	mol_000919	-1
read_000920	mol_000920	-1
read_000921	mol_000921	-1
read_000922	mol_000922	1
read_000923	mol_000923	1
read_000924	mol_000924	1
read_000925	mol_000925	1
read_000926	mol_000926	1
read_000927	mol_000927	1
read_000928	mol_000928	-1
read_000929	mol_000929	-1
read_000930	mol_000930	-1
read_000931	mol_000931	1
read_000932	mol_000932	-1
read_000933	mol_000933	-1
read_000934	mol_000934	-1
read_000935	mol_000935	-1
read_000936	mol_000936	-1
read_000937	mol_000937	1
read_000938	mol_000938	-1
read_000939	mol_000939	1
read_000940	mol_000940	1
read_000941	mol_000941	1
read_000942	mol_000942	-1
read_000943	mol_000943	1
read_000944	mol_000944	1
read_000945	mol_000945	-1
read_000946	mol_000946	-1
read_000947	mol_000947	-1
read_000948	mol_000948	-1
read_000949	mol_000949	1
read_000950	mol_000950	-1
read_000951	mol_000951	-1
read_000952	mol_000952	-1
read_000953	mol_000953	-1
read_000954	mol_000954	1
read_000955	mol_000955	-1
read_000956	mol_000956	1
read_000957	mol_000957	1
read_000958	mol_000958	1
read_000959	mol_000959	1
read_000960	mol_000960	-1
read_000961	mol_000961	-1
read_000962	mol_000962	-1
read_000963	mol_000963	-1
read_000964	mol_000964	1
read_000965	mol_000965	-1
read_000966	mol_000966	-1
read_000967	mol_000967	-1
read_000968	mol_000968	1
read_000969	mol_000969	-1
read_000970	mol_000970	-1
read_000971	mol_000971	1
read_000972	mol_000972	-1
read_000973	mol_000973	-1
read_000974	mol_000974	-1
read_000975	mol_000975	-1
read_000976	mol_000976	1
read_000977	mol_000977	1
read_000978	mol_000978	-1
read_000979	mol_000979	-1
read_000980	mol_000980	-1
read_000981	mol_000981	1
read_000982	mol_000982	-1
read_000983	mol_000983	1
read_000984	mol_000984	1
read_000985	mol_000985	1
read_000986	mol_000986	-1
read_000987	mol_000987	-1
read_000988	mol_000988	1
read_000989	mol_000989	1
read_000990	mol_000990	1
read_000991	mol_000991	-1
read_000992	mol_000992	-1
read_000993	mol_000993	1
read_000994	mol_000994	1
read_000995	mol_000995	-1
read_000996	mol_000996	1
read_000997	mol_000997	1
read_000998	mol_000998	1
read_000999	mol_000999	1
read_001000	mol_001000	-1
read_001001	mol_001001	-1
read_001002	mol_001002	-1
read_001003	mol_001003	-1
read_001004	mol_001004	1
read_001005	mol_001005	-1
read_001006	mol_001006	-1
read_001007	mol_001007	-1
read_001008	mol_001008	1
read_001009	mol_001009	1
read_001010	mol_001010	-1
read_001011	mol_001011	1
read_001012	mol_001012	-1
read_001013	mol_001013	-1
read_001014	mol_001014	1
read_001015	mol_001015	1
read_001016	mol_001016	-1
read_001017	mol_001017	1
read_001018	mol_001018	-1
read_001019	mol_001019	-1
read_001020	mol_001020	1
read_001021	mol_001021	1
read_001022	mol_001022	-1
read_001023	mol_001023	-1
read_001024	mol_001024	1
read_001025	mol_001025	-1
read_001026	mol_001026	-1
read_001027	mol_001027	1
read_001028	mol_001028	-1
read_001029	mol_001029	-1
read_001030	mol_001030	1
read_001031	mol_001031	-1
read_001032	mol_001032	1
read_001033	mol_001033	1
read_001034	mol_001034	1
read_001035	mol_001035	1
read_001036	mol_001036	-1
read_001037	mol_001037	1
read_001038	mol_001038	-1
read_001039	mol_001039	-1
read_001040	mol_001040	-1
read_001041	mol_001041	-1
read_001042	mol_001042	1
read_001043	mol_001043	1
read_001044	mol_001044	1
read_001045	mol_001045	1
read_001046	mol_001046	-1
read_001047	mol_001047	-1
read_001048	mol_001048	-1
read_001049	mol_001049	1
read_001050	mol_001050	1
read_001051	mol_001051	1
read_001052	mol_001052	-1
read_001053	mol_001053	1
read_001054	mol_001054	-1
read_001055	mol_001055	1
read_001056	mol_001056	-1
read_001057	mol_001057	1
read_001058	mol_001058	1
read_001059	mol_001059	-1
read_001060	mol_001060	-1
read_001061	mol_001061	1
read_001062	mol_001062	1
read_001063	mol_001063	1
read_001064	mol_001064	1
read_001065	mol_001065	-1
read_001066	mol_001066	1
read_001067	mol_001067	-1
read_001068	mol_001068	-1
read_001069	mol_001069	-1
read_001070	mol_001070	1
read_001071	mol_001071	1
read_001072	mol_001072	-1
read_001073	mol_001073	-1
read_001074	mol_001074	-1
read_001075	mol_001075	1
read_001076	mol_001076	-1
read_001077	mol_001077	1
read_001078	mol_001078	-1
read_001079	mol_001079	1
read_001080	mol_001080	-1
read_001081	mol_001081	1
read_001082	mol_001082	1
read_001083	mol_001083	-1
read_001084	mol_001084	-1
read_001085	mol_001085	-1
read_001086	mol_001086	1
read_001087	mol_001087	1
read_001088	mol_001088	1
read_001089	mol_001089	-1
read_001090	mol_001090	1
read_001091	mol_001091	1
read_001092	mol_001092	1
read_001093	mol_001093	1
read_001094	mol_001094	-1
read_001095	mol_001095	1
read_001096	mol_001096	1
read_001097	mol_001097	-1
read_001098	mol_001098	1
read_001099	mol_001099	-1
read_001100	mol_001100	1
read_001101	mol_001101	1
read_001102	mol_001102	-1
read_001103	mol_001103	-1
read_001104	mol_001104	1
read_001105	mol_001105	1
read_001106	mol_001106	1
read_001107	mol_001107	-1
read_001108	mol_001108	1
read_001109	mol_001109	-1
read_001110	mol_001110	-1
read_001111	mol_001111	1
read_001112	mol_001112	-1
read_001113	mol_001113	-1
read_001114	mol_001114	-1
read_001115	mol_001115	-1
read_001116	mol_001116	1
read_001117	mol_001117	-1
read_001118	mol_001118	-1
read_001119	mol_001119	1
read_001120	mol_001120	-1
read_001121	mol_001121	-1
read_001122	mol_001122	-1
read_001123	mol_001123	1
read_001124	mol_001124	-1
read_001125	mol_001125	1
read_001126	mol_001126	1
read_001127	mol_001127	1
read_001128	mol_001128	1
read_001129	mol_001129	-1
read_001130	mol_001130	-1
read_001131	mol_001131	1
read_001132	mol_001132	1
read_001133	mol_001133	1
read_001134	mol_001134	-1
read_001135	mol_001135	1
read_001136	mol_001136	-1
read_001137	mol_001137	1
read_001138	mol_001138	-1
read_001139	mol_001139	-1
read_001140	mol_001140	1
read_001141	mol_001141	1
read_001142	mol_001142	1
read_001143	mol_001143	1
read_001144	mol_001144	-1
read_001145	mol_001145	1
read_001146	mol_001146	-1
read_001147	mol_001147	-1
read_001148	mol_001148	1
read_001149	mol_001149	1
read_001150	mol_001150	1
read_001151	mol_001151	-1
read_001152	mol_001152	-1
read_001153	mol_001153	-1
read_001154	mol_001154	1
read_001155	mol_001155	-1
read_001156	mol_001156	-1
read_001157	mol_001157	-1
read_001158	mol_001158	-1
read_001159	mol_001159	1
read_001160	mol_001160	-1
read_001161	mol_001161	-1
read_001162	mol_001162	1
read_001163	mol_001163	1
read_001164	mol_001164	-1
read_001165	mol_001165	-1
read_001166	mol_001166	1
read_001167	mol_001167	-1
read_001168	mol_001168	1
read_001169	mol_001169	1
read_001170	mol_001170	-1
read_001171	mol_001171	1
read_001172	mol_001172	-1
read_001173	mol_001173	-1
read_001174	mol_001174	-1
read_001175	mol_001175	1
read_001176	mol_001176	-1
read_001177	mol_001177	-1
read_001178	mol_001178	-1
read_001179	mol_001179	-1
read_001180	mol_001180	1
read_001181	mol_001181	-1
read_001182	mol_001182	-1
read_001183	mol_001183	-1
read_001184	mol_001184	1
read_001185	mol_001185	1
read_001186	mol_001186	1
read_001187	mol_001187	1
read_001188	mol_001188	1
read_001189	mol_001189	-1
read_001190	mol_001190	1
read_001191	mol_001191	1
read_001192	mol_001192	-1
read_001193	mol_001193	1
read_001194	mol_001194	-1
read_001195	mol_001195	-1
read_001196	mol_001196	-1
read_001197	mol_001197	-1
read_001198	mol_001198	-1
read_001199	mol_001199	1
read_001200	mol_001200	-1
read_001201	mol_001201	1
read_001202	mol_001202	1
read_001203	mol_001203	-1
read_001204	mol_001204	-1
read_001205	mol_001205	1
read_001206	mol_001206	1
read_001207	mol_001207	-1
read_001208	mol_001208	-1
read_001209	mol_001209	-1
read_001210	mol_001210	-1
read_001211	mol_001211	-1
read_001212	mol_001212	-1
read_001213	mol_001213	1
read_001214	mol_001214	1
read_001215	mol_001215	-1
read_001216	mol_001216	1
read_001217	mol_001217	-1
read_001218	mol_001218	-1
read_001219	mol_001219	-1
read_001220	mol_001220	-1
read_001221	mol_001221	1
read_001222	mol_001222	1
read_001223	mol_001223	1
read_001224	mol_001224	-1
read_001225	mol_001225	-1
read_001226	mol_001226	-1
read_001227	mol_001227	-1
read_001228	mol_001228	1
read_001229	mol_001229	1
read_001230	mol_001230	-1
read_001231	mol_001231	1
read_001232	mol_001232	-1
read_001233	mol_001233	-1
read_001234	mol_001234	-1
read_001235	mol_001235	1
read_001236	mol_001236	1
read_001237	mol_001237	1
read_001238	mol_001238	1
read_001239	mol_001239	1
read_001240	mol_001240	-1
read_001241	mol_001241	1
read_001242	mol_001242	-1
read_001243	mol_001243	-1
read_001244	mol_001244	1
read_001245	mol_001245	1
read_001246	mol_001246	-1
read_001247	mol_001247	-1
read_001248	mol_001248	-1
read_001249	mol_001249	-1
read_001250	mol_001250	-1
read_001251	mol_001251	-1
read_001252	mol_001252	-1
read_001253	mol_001253	1
read_001254	mol_001254	1
read_001255	mol_001255	1
read_001256	mol_001256	1
read_001257	mol_001257	-1
read_001258	mol_001258	1
read_001259	mol_001259	-1
read_001260	mol_001260	-1
read_001261	mol_001261	1
read_001262	mol_001262	-1
read_001263	mol_001263	1
read_001264	mol_001264	1
read_001265	mol_001265	1
read_001266	mol_001266	-1
read_001267	mol_001267	1
read_001268	mol_001268	-1
read_001269	mol_001269	-1
read_001270	mol_001270	1
read_001271	mol_001271	-1
read_001272	mol_001272	-1
read_001273	mol_001273	-1
read_001274	mol_001274	1
read_001275	mol_001275	-1
read_001276	mol_001276	1
read_001277	mol_001277	-1
read_001278	mol_001278	-1
read_001279	mol_001279	-1
read_001280	mol_001280	1
read_001281	mol_001281	-1
read_001282	mol_001282	1
read_001283	mol_001283	-1
read_001284	mol_001284	1
read_001285	mol_001285	1
read_001286	mol_001286	-1
read_001287	mol_001287	1
read_001288	mol_001288	-1
read_001289	mol_001289	1
read_001290	mol_001290	-1
read_001291	mol_001291	1
read_001292	mol_001292	1
read_001293	mol_001293	1
read_001294	mol_001294	-1
read_001295	mol_001295	1
read_001296	mol_001296	1
read_001297	mol_001297	1
read_001298	mol_001298	-1
read_001299	mol_001299	-1
read_001300	mol_001300	-1
read_001301	mol_001301	-1
read_001302	mol_001302	-1
read_001303	mol_001303	-1
read_001304	mol_001304	1
read_001305	mol_001305	-1
read_001306	mol_001306	-1
read_001307	mol_001307	-1
read_001308	mol_001308	-1
read_001309	mol_001309	-1
read_001310	mol_001310	-1
read_001311	mol_001311	-1
read_001312	mol_001312	1
read_001313	mol_001313	1
read_001314	mol_001314	-1
read_001315	mol_001315	1
read_001316	mol_001316	1
read_001317	mol_001317	1
read_001318	mol_001318	1
read_001319	mol_001319	-1
read_001320	mol_001320	-1
read_001321	mol_001321	1
read_001322	mol_001322	-1
read_001323	mol_001323	1
read_001324	mol_001324	1
read_001325	mol_001325	1
read_001326	mol_001326	1
read_001327	mol_001327	1
read_001328	mol_001328	-1
read_001329	mol_001329	1
read_001330	mol_001330	-1
read_001331	mol_001331	-1
read_001332	mol_001332	-1
read_001333	mol_001333	1
read_001334	mol_001334	1
read_001335	mol_001335	-1
read_001336	mol_001336	1
read_001337	mol_001337	-1
read_001338	mol_001338	-1
read_001339	mol_001339	-1
read_001340	mol_001340	-1
read_001341	mol_001341	-1
read_001342	mol_001342	-1
read_001343	mol_001343	-1
read_001344	mol_001344	1
read_001345	mol_001345	1
read_001346	mol_001346	1
read_001347	mol_001347	1
read_001348	mol_001348	1
read_001349	mol_001349	1
read_001350	mol_001350	-1
read_001351	mol_001351	1
read_001352	mol_001352	1
read_001353	mol_001353	1
read_001354	mol_001354	-1
read_001355	mol_001355	-1
read_001356	mol_001356	1
read_001357	mol_001357	1
read_001358	mol_001358	1
read_001359	mol_001359	-1
read_001360	mol_001360	1
read_001361	mol_001361	-1
read_001362	mol_001362	1
read_001363	mol_001363	-1
read_001364	mol_001364	1
read_001365	mol_001365	-1
read_001366	mol_001366	1
read_001367	mol_001367	1
read_001368	mol_001368	-1
read_001369	mol_001369	-1
read_001370	mol_001370	1
read_001371	mol_001371	-1
read_001372	mol_001372	-1
read_001373	mol_001373	-1
read_001374	mol_001374	-1
read_001375	mol_001375	-1
read_001376	mol_001376	1
read_001377	mol_001377	1
read_001378	mol_001378	-1
read_001379	mol_001379	-1
read_001380	mol_001380	-1
read_001381	mol_001381	1
read_001382	mol_001382	-1
read_001383	mol_001383	-1
read_001384	mol_001384	1
read_001385	mol_001385	1
read_001386	mol_001386	-1
read_001387	mol_001387	1
read_001388	mol_001388	1
read_001389	mol_001389	-1
read_001390	mol_001390	1
read_001391	mol_001391	-1
read_001392	mol_001392	-1
read_001393	mol_001393	-1
read_001394	mol_001394	-1
read_001395	mol_001395	1
read_001396	mol_001396	1
read_001397	mol_001397	-1
read_001398	mol_001398	1
read_001399	mol_001399	-1
read_001400	mol_001400	1
read_001401	mol_001401	1
read_001402	mol_001402	1
read_001403	mol_001403	-1
read_001404	mol_001404	1
read_001405	mol_001405	-1
read_001406	mol_001406	-1
read_001407	mol_001407	-1
read_001408	mol_001408	1
read_001409	mol_001409	-1
read_001410	mol_001410	-1
read_001411	mol_001411	1
read_001412	mol_001412	-1
read_001413	mol_001413	1
read_001414	mol_001414	1
read_001415	mol_001415	1
read_001416	mol_001416	-1
read_001417	mol_001417	1
read_001418	mol_001418	-1
read_001419	mol_001419	-1
read_001420	mol_001420	-1
read_001421	mol_001421	-1
read_001422	mol_001422	1
read_001423	mol_001423	1
read_001424	mol_001424	1
read_001425	mol_001425	1
read_001426	mol_001426	-1
read_001427	mol_001427	-1
read_001428	mol_001428	-1
read_001429	mol_001429	1
read_001430	mol_001430	1
read_001431	mol_001431	-1
read_001432	mol_001432	1
read_001433	mol_001433	-1
read_001434	mol_001434	1
read_001435	mol_001435	-1
read_001436	mol_001436	-1
read_001437	mol_001437	-1
read_001438	mol_001438	1
read_001439	mol_001439	1
read_001440	mol_001440	1
read_001441	mol_001441	1
read_001442	mol_001442	-1
read_001443	mol_001443	-1
read_001444	mol_001444	-1
read_001445	mol_001445	-1
read_001446	mol_001446	-1
read_001447	mol_001447	-1
read_001448	mol_001448	-1
read_001449	mol_001449	1
read_001450	mol_001450	1
read_001451	mol_001451	-1
read_001452	mol_001452	1
read_001453	mol_001453	1
read_001454	mol_001454	-1
read_001455	mol_001455	1
read_001456	mol_001456	-1
read_001457	mol_001457	1
read_001458	mol_001458	-1
read_001459	mol_001459	-1
read_001460	mol_001460	1
read_001461	mol_001461	1
read_001462	mol_001462	1
read_001463	mol_001463	1
read_001464	mol_001464	-1
read_001465	mol_001465	-1
read_001466	mol_001466	-1
read_001467	mol_001467	-1
read_001468	mol_001468	-1
read_001469	mol_001469	-1
read_001470	mol_001470	1
read_001471	mol_001471	1
read_001472	mol_001472	1
read_001473	mol_001473	-1
read_001474	mol_001474	-1
read_001475	mol_001475	1
read_001476	mol_001476	1
read_001477	mol_001477	1
read_001478	mol_001478	1
read_001479	mol_001479	1
read_001480	mol_001480	1
read_001481	mol_001481	1
read_001482	mol_001482	1
read_001483	mol_001483	1
read_001484	mol_001484	1
read_001485	mol_001485	-1
read_001486	mol_001486	1
read_001487	mol_001487	1
read_001488	mol_001488	1
read_001489	mol_001489	1
read_001490	mol_001490	-1
read_001491	mol_001491	1
read_001492	mol_001492	1
read_001493	mol_001493	-1
read_001494	mol_001494	1
read_001495	mol_001495	-1
read_001496	mol_001496	-1
read_001497	mol_001497	1
read_001498	mol_001498	1
read_001499	mol_001499	-1
read_001500	mol_001500	1
read_001501	mol_001501	-1
read_001502	mol_001502	1
read_001503	mol_001503	-1
read_001504	mol_001504	1
read_001505	mol_001505	-1
read_001506	mol_001506	1
read_001507	mol_001507	-1
read_001508	mol_001508	-1
read_001509	mol_001509	1
read_001510	mol_001510	-1
read_001511	mol_001511	-1
read_001512	mol_001512	1
read_001513	mol_001513	-1
read_001514	mol_001514	1
read_001515	mol_001515	-1
read_001516	mol_001516	-1
read_001517	mol_001517	-1
read_001518	mol_001518	-1
read_001519	mol_001519	1
read_001520	mol_001520	1
read_001521	mol_001521	1
read_001522	mol_001522	1
read_001523	mol_001523	-1
read_001524	mol_001524	1
read_001525	mol_001525	1
read_001526	mol_001526	1
read_001527	mol_001527	-1
read_001528	mol_001528	1
read_001529	mol_001529	1
read_001530	mol_001530	-1
read_001531	mol_001531	-1
read_001532	mol_001532	-1
read_001533	mol_001533	-1
read_001534	mol_001534	1
read_001535	mol_001535	1
read_001536	mol_001536	1
read_001537	mol_001537	1
read_001538	mol_001538	1
read_001539	mol_001539	-1
read_001540	mol_001540	-1
read_001541	mol_001541	-1
read_001542	mol_001542	1
read_001543	mol_001543	1
read_001544	mol_001544	1
read_001545	mol_001545	-1
read_001546	mol_001546	1
read_001547	mol_001547	1
read_001548	mol_001548	-1
read_001549	mol_001549	-1
read_001550	mol_001550	-1
read_001551	mol_001551	-1
read_001552	mol_001552	-1
read_001553	mol_001553	1
read_001554	mol_001554	1
read_001555	mol_001555	-1
read_001556	mol_001556	1
read_001557	mol_001557	1
read_001558	mol_001558	1
read_001559	mol_001559	1
read_001560	mol_001560	-1
read_001561	mol_001561	1
read_001562	mol_001562	-1
read_001563	mol_001563	-1
read_001564	mol_001564	1
read_001565	mol_001565	-1
read_001566	mol_001566	1
read_001567	mol_001567	-1
read_001568	mol_001568	1
read_001569	mol_001569	1
read_001570	mol_001570	-1
read_001571	mol_001571	-1
read_001572	mol_001572	1
read_001573	mol_001573	-1
read_001574	mol_001574	-1
read_001575	mol_001575	1
read_001576	mol_001576	-1
read_001577	mol_001577	1
read_001578	mol_001578	1
read_001579	mol_001579	1
read_001580	mol_001580	1
read_001581	mol_001581	1
read_001582	mol_001582	-1
read_001583	mol_001583	1
read_001584	mol_001584	1
read_001585	mol_001585	-1
read_001586	mol_001586	1
read_001587	mol_001587	1
read_001588	mol_001588	-1
read_001589	mol_001589	1
read_001590	mol_001590	-1
read_001591	mol_001591	-1
read_001592	mol_001592	1
read_001593	mol_001593	1
read_001594	mol_001594	1
read_001595	mol_001595	1
read_001596	mol_001596	-1
read_001597	mol_001597	-1
read_001598	mol_001598	1
read_001599	mol_001599	-1
read_001600	mol_001600	-1
read_001601	mol_001601	1
read_001602	mol_001602	-1
read_001603	mol_001603	1
read_001604	mol_001604	-1
read_001605	mol_001605	1
read_001606	mol_001606	1
read_001607	mol_001607	1
read_001608	mol_001608	-1
read_001609	mol_001609	1
read_001610	mol_001610	-1
read_001611	mol_001611	1
read_001612	mol_001612	1
read_001613	mol_001613	1
read_001614	mol_001614	1
read_001615	mol_001615	-1
read_001616	mol_001616	1
read_001617	mol_001617	1
read_001618	mol_001618	-1
read_001619	mol_001619	1
read_001620	mol_001620	-1
read_001621	mol_001621	-1
read_001622	mol_001622	-1
read_001623	mol_001623	-1
read_001624	mol_001624	-1
read_001625	mol_001625	-1
read_001626	mol_001626	-1
read_001627	mol_001627	-1
read_001628	mol_001628	1
read_001629	mol_001629	1
read_001630	mol_001630	-1
read_001631	mol_001631	-1
read_001632	mol_001632	1
read_001633	mol_001633	1
read_001634	mol_001634	1
read_001635	mol_001635	-1
read_001636	mol_001636	1
read_001637	mol_001637	1
read_001638	mol_001638	-1
read_001639	mol_001639	1
read_001640	mol_001640	1
read_001641	mol_001641	1
read_001642	mol_001642	1
read_001643	mol_001643	-1
read_001644	mol_001644	1
read_001645	mol_001645	1
read_001646	mol_001646	-1
read_001647	mol_001647	-1
read_001648	mol_001648	-1
read_001649	mol_001649	-1
read_001650	mol_001650	1
read_001651	mol_001651	1
read_001652	mol_001652	-1
read_001653	mol_001653	1
read_001654	mol_001654	1
read_001655	mol_001655	1
read_001656	mol_001656	1
read_001657	mol_001657	-1
read_001658	mol_001658	1
read_001659	mol_001659	-1
read_001660	mol_001660	-1
read_001661	mol_001661	1
read_001662	mol_001662	-1
read_001663	mol_001663	-1
read_001664	mol_001664	1
read_001665	mol_001665	1
read_001666	mol_001666	-1
read_001667	mol_001667	-1
read_001668	mol_001668	1
read_001669	mol_001669	1
read_001670	mol_001670	-1
read_001671	mol_001671	1
read_001672	mol_001672	-1
read_001673	mol_001673	-1
read_001674	mol_001674	1
read_001675	mol_001675	1
read_001676	mol_001676	-1
read_001677	mol_001677	-1
read_001678	mol_001678	1
read_001679	mol_001679	-1
read_001680	mol_001680	1
read_001681	mol_001681	-1
read_001682	mol_001682	-1
read_001683	mol_001683	1
read_001684	mol_001684	-1
read_001685	mol_001685	1
read_001686	mol_001686	1
read_001687	mol_001687	1
read_001688	mol_001688	-1
read_001689	mol_001689	1
read_001690	mol_001690	1
read_001691	mol_001691	1
read_001692	mol_001692	-1
read_001693	mol_001693	-1
read_001694	mol_001694	1
read_001695	mol_001695	1
read_001696	mol_001696	-1
read_001697	mol_001697	-1
read_001698	mol_001698	1
read_001699	mol_001699	-1
read_001700	mol_001700	-1
read_001701	mol_001701	-1
read_001702	mol_001702	-1
read_001703	mol_001703	-1
read_001704	mol_001704	-1
read_001705	mol_001705	-1
read_001706	mol_001706	-1
read_001707	mol_001707	1
read_001708	mol_001708	1
read_001709	mol_001709	-1
read_001710	mol_001710	-1
read_001711	mol_001711	1
read_001712	mol_001712	-1
read_001713	mol_001713	-1
read_001714	mol_001714	1
read_001715	mol_001715	1
read_001716	mol_001716	-1
read_001717	mol_001717	-1
read_001718	mol_001718	1
read_001719	mol_001719	-1
read_001720	mol_001720	-1
read_001721	mol_001721	1
read_001722	mol_001722	-1
read_001723	mol_001723	1
read_001724	mol_001724	-1
read_001725	mol_001725	1
read_001726	mol_001726	1
read_001727	mol_001727	1
read_001728	mol_001728	1
read_001729	mol_001729	-1
read_001730	mol_001730	1
read_001731	mol_001731	1
read_001732	mol_001732	1
read_001733	mol_001733	-1
read_001734	mol_001734	-1
read_001735	mol_001735	-1
read_001736	mol_001736	1
read_001737	mol_001737	1
read_001738	mol_001738	-1
read_001739	mol_001739	-1
read_001740	mol_001740	1
read_001741	mol_001741	-1
read_001742	mol_001742	1
read_001743	mol_001743	1
read_001744	mol_001744	-1
read_001745	mol_001745	1
read_001746	mol_001746	1
read_001747	mol_001747	1
read_001748	mol_001748	1
read_001749	mol_001749	1
read_001750	mol_001750	-1
read_001751	mol_001751	1
read_001752	mol_001752	-1
read_001753	mol_001753	1
read_001754	mol_001754	1
read_001755	mol_001755	-1
read_001756	mol_001756	1
read_001757	mol_001757	-1
read_001758	mol_001758	-1
read_001759	mol_001759	1
read_001760	mol_001760	-1
read_001761	mol_001761	1
read_001762	mol_001762	1
read_001763	mol_001763	1
read_001764	mol_001764	-1
read_001765	mol_001765	-1
read_001766	mol_001766	1
read_001767	mol_001767	-1
read_001768	mol_001768	1
read_001769	mol_001769	1
read_001770	mol_001770	1
read_001771	mol_001771	-1
read_001772	mol_001772	1
read_001773	mol_001773	1
read_001774	mol_001774	-1
read_001775	mol_001775	1
read_001776	mol_001776	1
read_001777	mol_001777	1
read_001778	mol_001778	-1
read_001779	mol_001779	-1
read_001780	mol_001780	1
read_001781	mol_001781	1
read_001782	mol_001782	1
read_001783	mol_001783	1
read_001784	mol_001784	1
read_001785	mol_001785	1
read_001786	mol_001786	-1
read_001787	mol_001787	-1
read_001788	mol_001788	1
read_001789	mol_001789	1
read_001790	mol_001790	1
read_001791	mol_001791	-1
read_001792	mol_001792	-1
read_001793	mol_001793	1
read_001794	mol_001794	1
read_001795	mol_001795	1
read_001796	mol_001796	-1
read_001797	mol_001797	-1
read_001798	mol_001798	-1
read_001799	mol_001799	-1
read_001800	mol_001800	1
read_001801	mol_001801	-1
read_001802	mol_001802	1
read_001803	mol_001803	-1
read_001804	mol_001804	-1
read_001805	mol_001805	-1
read_001806	mol_001806	1
read_001807	mol_001807	1
read_001808	mol_001808	1
read_001809	mol_001809	1
read_001810	mol_001810	-1
read_001811	mol_001811	-1
read_001812	mol_001812	1
read_001813	mol_001813	1
read_001814	mol_001814	-1
read_001815	mol_001815	-1
read_001816	mol_001816	1
read_001817	mol_001817	-1
read_001818	mol_001818	-1
read_001819	mol_001819	1
read_001820	mol_001820	-1
read_001821	mol_001821	1
read_001822	mol_001822	1
read_001823	mol_001823	-1
read_001824	mol_001824	1
read_001825	mol_001825	-1
read_001826	mol_001826	-1
read_001827	mol_001827	1
read_001828	mol_001828	1
read_001829	mol_001829	1
read_001830	mol_001830	1
read_001831	mol_001831	-1
read_001832	mol_001832	1
read_001833	mol_001833	-1
read_001834	mol_001834	-1
read_001835	mol_001835	1
read_001836	mol_001836	1
read_001837	mol_001837	-1
read_001838	mol_001838	1
read_001839	mol_001839	-1
read_001840	mol_001840	1
read_001841	mol_001841	-1
read_001842	mol_001842	-1
read_001843	mol_001843	1
read_001844	mol_001844	1
read_001845	mol_001845	1
read_001846	mol_001846	-1
read_001847	mol_001847	-1
read_001848	mol_001848	1
read_001849	mol_001849	1
read_001850	mol_001850	1
read_001851	mol_001851	1
read_001852	mol_001852	-1
read_001853	mol_001853	1
read_001854	mol_001854	-1
read_001855	mol_001855	1
read_001856	mol_001856	-1
read_001857	mol_001857	1
read_001858	mol_001858	1
read_001859	mol_001859	-1
read_001860	mol_001860	-1
read_001861	mol_001861	-1
read_001862	mol_001862	-1
read_001863	mol_001863	1
read_001864	mol_001864	-1
read_001865	mol_001865	1
read_001866	mol_001866	1
read_001867	mol_001867	-1
read_001868	mol_001868	-1
read_001869	mol_001869	-1
read_001870	mol_001870	-1
read_001871	mol_001871	-1
read_001872	mol_001872	-1
read_001873	mol_001873	1
read_001874	mol_001874	-1
read_001875	mol_001875	-1
read_001876	mol_001876	1
read_001877	mol_001877	-1
read_001878	mol_001878	1
read_001879	mol_001879	-1
read_001880	mol_001880	1
read_001881	mol_001881	-1
read_001882	mol_001882	-1
read_001883	mol_001883	-1
read_001884	mol_001884	1
read_001885	mol_001885	1
read_001886	mol_001886	1
read_001887	mol_001887	1
read_001888	mol_001888	1
read_001889	mol_001889	-1
read_001890	mol_001890	-1
read_001891	mol_001891	-1
read_001892	mol_001892	1
read_001893	mol_001893	1
read_001894	mol_001894	-1
read_001895	mol_001895	1
read_001896	mol_001896	1
read_001897	mol_001897	1
read_001898	mol_001898	1
read_001899	mol_001899	-1
read_001900	mol_001900	1
read_001901	mol_001901	-1
read_001902	mol_001902	-1
read_001903	mol_001903	-1
read_001904	mol_001904	1
read_001905	mol_001905	1
read_001906	mol_001906	1
read_001907	mol_001907	1
read_001908	mol_001908	1
read_001909	mol_001909	-1
read_001910	mol_001910	1
read_001911	mol_001911	1
read_001912	mol_001912	1
read_001913	mol_001913	-1
read_001914	mol_001914	1
read_001915	mol_001915	1
read_001916	mol_001916	1
read_001917	mol_001917	-1
read_001918	mol_001918	1
read_001919	mol_001919	-1
read_001920	mol_001920	-1
read_001921	mol_001921	1
read_001922	mol_001922	-1
read_001923	mol_001923	1
read_001924	mol_001924	1
read_001925	mol_001925	1
read_001926	mol_001926	1
read_001927	mol_001927	1
read_001928	mol_001928	-1
read_001929	mol_001929	-1
read_001930	mol_001930	-1
read_001931	mol_001931	-1
read_001932	mol_001932	-1
read_001933	mol_001933	1
read_001934	mol_001934	1
read_001935	mol_001935	-1
read_001936	mol_001936	-1
read_001937	mol_001937	-1
read_001938	mol_001938	1
read_001939	mol_001939	1
read_001940	mol_001940	1
read_001941	mol_001941	1
read_001942	mol_001942	-1
read_001943	mol_001943	1
read_001944	mol_001944	-1
read_001945	mol_001945	1
read_001946	mol_001946	-1
read_001947	mol_001947	-1
read_001948	mol_001948	1
read_001949	mol_001949	-1
read_001950	mol_001950	1
read_001951	mol_001951	-1
read_001952	mol_001952	-1
read_001953	mol_001953	-1
read_001954	mol_001954	1
read_001955	mol_001955	-1
read_001956	mol_001956	1
read_001957	mol_001957	1
read_001958	mol_001958	-1
read_001959	mol_001959	-1
read_001960	mol_001960	1
read_001961	mol_001961	-1
read_001962	mol_001962	1
read_001963	mol_001963	-1
read_001964	mol_001964	-1
read_001965	mol_001965	1
read_001966	mol_001966	-1
read_001967	mol_001967	1
read_001968	mol_001968	-1
read_001969	mol_001969	-1
read_001970	mol_001970	1
read_001971	mol_001971	-1
read_001972	mol_001972	-1
read_001973	mol_001973	1
read_001974	mol_001974	1
read_001975	mol_001975	1
read_001976	mol_001976	-1
read_001977	mol_001977	-1
read_001978	mol_001978	-1
read_001979	mol_001979	1
read_001980	mol_001980	1
read_001981	mol_001981	-1
read_001982	mol_001982	-1
read_001983	mol_001983	1
read_001984	mol_001984	-1
read_001985	mol_001985	1
read_001986	mol_001986	1
read_001987	mol_001987	1
read_001988	mol_001988	-1
read_001989	mol_001989	1
read_001990	mol_001990	-1
read_001991	mol_001991	1
read_001992	mol_001992	-1
read_001993	mol_001993	1
read_001994	mol_001994	1
read_001995	mol_001995	-1
read_001996	mol_001996	1
read_001997	mol_001997	1
read_001998	mol_001998	1
read_001999	mol_001999	1
read_002000	mol_002000	-1
read_002001	mol_002001	-1
read_002002	mol_002002	1
read_002003	mol_002003	-1
read_002004	mol_002004	1
read_002005	mol_002005	-1
read_002006	mol_002006	-1
read_002007	mol_002007	1
read_002008	mol_002008	1
read_002009	mol_002009	1
read_002010	mol_002010	-1
read_002011	mol_002011	-1
read_002012	mol_002012	-1
read_002013	mol_002013	-1
read_002014	mol_002014	-1
read_002015	mol_002015	-1
read_002016	mol_002016	-1
read_002017	mol_002017	-1
read_002018	mol_002018	1
read_002019	mol_002019	-1
read_002020	mol_002020	-1
read_002021	mol_002021	1
read_002022	mol_002022	1
read_002023	mol_002023	1
read_002024	mol_002024	-1
read_002025	mol_002025	-1
read_002026	mol_002026	1
read_002027	mol_002027	-1
read_002028	mol_002028	-1
read_002029	mol_002029	1
read_002030	mol_002030	1
read_002031	mol_002031	-1
read_002032	mol_002032	-1
read_002033	mol_002033	-1
read_002034	mol_002034	-1
read_002035	mol_002035	-1
read_002036	mol_002036	-1
read_002037	mol_002037	1
read_002038	mol_002038	1
read_002039	mol_002039	-1
read_002040	mol_002040	-1
read_002041	mol_002041	-1
read_002042	mol_002042	1
read_002043	mol_002043	1
read_002044	mol_002044	1
read_002045	mol_002045	-1
read_002046	mol_002046	-1
read_002047	mol_002047	1
read_002048	mol_002048	-1
read_002049	mol_002049	1
read_002050	mol_002050	-1
read_002051	mol_002051	1
read_002052	mol_002052	-1
read_002053	mol_002053	1
read_002054	mol_002054	1
read_002055	mol_002055	-1
read_002056	mol_002056	-1
read_002057	mol_002057	1
read_002058	mol_002058	1
read_002059	mol_002059	1
read_002060	mol_002060	-1
read_002061	mol_002061	1
read_002062	mol_002062	1
read_002063	mol_002063	-1
read_002064	mol_002064	1
read_002065	mol_002065	-1
read_002066	mol_002066	1
read_002067	mol_002067	1
read_002068	mol_002068	1
read_002069	mol_002069	1
read_002070	mol_002070	-1
read_002071	mol_002071	1
read_002072	mol_002072	1
read_002073	mol_002073	1
read_002074	mol_002074	-1
read_002075	mol_002075	1
read_002076	mol_002076	-1
read_002077	mol_002077	-1
read_002078	mol_002078	-1
read_002079	mol_002079	1
read_002080	mol_002080	-1
read_002081	mol_002081	1
read_002082	mol_002082	1
read_002083	mol_002083	1
read_002084	mol_002084	-1
read_002085	mol_002085	-1
read_002086	mol_002086	-1
read_002087	mol_002087	-1
read_002088	mol_002088	1
read_002089	mol_002089	1
read_002090	mol_002090	1
read_002091	mol_002091	1
read_002092	mol_002092	-1
read_002093	mol_002093	-1
read_002094	mol_002094	1
read_002095	mol_002095	1
read_002096	mol_002096	-1
read_002097	mol_002097	-1
read_002098	mol_002098	-1
read_002099	mol_002099	-1
read_002100	mol_002100	-1
read_002101	mol_002101	1
read_002102	mol_002102	-1
read_002103	mol_002103	-1
read_002104	mol_002104	-1
read_002105	mol_002105	-1
read_002106	mol_002106	-1
read_002107	mol_002107	-1
read_002108	mol_002108	1
read_002109	mol_002109	1
read_002110	mol_002110	-1
read_002111	mol_002111	1
read_002112	mol_002112	1
read_002113	mol_002113	-1
read_002114	mol_002114	1
read_002115	mol_002115	1
read_002116	mol_002116	1
read_002117	mol_002117	1
read_002118	mol_002118	1
read_002119	mol_002119	-1
read_002120	mol_002120	1
read_002121	mol_002121	1
read_002122	mol_002122	1
read_002123	mol_002123	1
read_002124	mol_002124	-1
read_002125	mol_002125	-1
read_002126	mol_002126	1
read_002127	mol_002127	-1
read_002128	mol_002128	-1
read_002129	mol_002129	1
read_002130	mol_002130	-1
read_002131	mol_002131	-1
read_002132	mol_002132	-1
read_002133	mol_002133	1
read_002134	mol_002134	-1
read_002135	mol_002135	-1
read_002136	mol_002136	-1
read_002137	mol_002137	-1
read_002138	mol_002138	1
read_002139	mol_002139	-1
read_002140	mol_002140	-1
read_002141	mol_002141	-1
read_002142	mol_002142	1
read_002143	mol_002143	-1
read_002144	mol_002144	-1
read_002145	mol_002145	1
read_002146	mol_002146	-1
read_002147	mol_002147	1
read_002148	mol_002148	1
read_002149	mol_002149	-1
read_002150	mol_002150	1
read_002151	mol_002151	1
read_002152	mol_002152	-1
read_002153	mol_002153	1
read_002154	mol_002154	-1
read_002155	mol_002155	-1
read_002156	mol_002156	-1
read_002157	mol_002157	-1
read_002158	mol_002158	-1
read_002159	mol_002159	1
read_002160	mol_002160	1
read_002161	mol_002161	1
read_002162	mol_002162	-1
read_002163	mol_002163	-1
read_002164	mol_002164	-1
read_002165	mol_002165	1
read_002166	mol_002166	1
read_002167	mol_002167	-1
read_002168	mol_002168	-1
read_002169	mol_002169	1
read_002170	mol_002170	1
read_002171	mol_002171	1
read_002172	mol_002172	-1
read_002173	mol_002173	-1
read_002174	mol_002174	1
read_002175	mol_002175	1
read_002176	mol_002176	1
read_002177	mol_002177	-1
read_002178	mol_002178	1
read_002179	mol_002179	-1
read_002180	mol_002180	1
read_002181	mol_002181	-1
read_002182	mol_002182	-1
read_002183	mol_002183	-1
read_002184	mol_002184	1
read_002185	mol_002185	1
read_002186	mol_002186	1
read_002187	mol_002187	-1
read_002188	mol_002188	1
read_002189	mol_002189	1
read_002190	mol_002190	1
read_002191	mol_002191	1
read_002192	mol_002192	-1
read_002193	mol_002193	1
read_002194	mol_002194	1
read_002195	mol_002195	1
read_002196	mol_002196	-1
read_002197	mol_002197	1
read_002198	mol_002198	-1
read_002199	mol_002199	-1
read_002200	mol_002200	-1
read_002201	mol_002201	-1
read_002202	mol_002202	-1
read_002203	mol_002203	-1
read_002204	mol_002204	-1
read_002205	mol_002205	-1
read_002206	mol_002206	1
read_002207	mol_002207	1
read_002208	mol_002208	-1
read_002209	mol_002209	-1
read_002210	mol_002210	1
read_002211	mol_002211	-1
read_002212	mol_002212	1
read_002213	mol_002213	1
read_002214	mol_002214	-1
read_002215	mol_002215	-1
read_002216	mol_002216	1
read_002217	mol_002217	-1
read_002218	mol_002218	1
read_002219	mol_002219	1
read_002220	mol_002220	-1
read_002221	mol_002221	-1
read_002222	mol_002222	1
read_002223	mol_002223	-1
read_002224	mol_002224	-1
read_002225	mol_002225	-1
read_002226	mol_002226	1
read_002227	mol_002227	-1
read_002228	mol_002228	-1
read_002229	mol_002229	1
read_002230	mol_002230	1
read_002231	mol_002231	1
read_002232	mol_002232	-1
read_002233	mol_002233	1
read_002234	mol_002234	-1
read_002235	mol_002235	-1
read_002236	mol_002236	-1
read_002237	mol_002237	1
read_002238	mol_002238	-1
read_002239	mol_002239	1
read_002240	mol_002240	1
read_002241	mol_002241	-1
read_002242	mol_002242	1
read_002243	mol_002243	-1
read_002244	mol_002244	-1
read_002245	mol_002245	1
read_002246	mol_002246	1
read_002247	mol_002247	1
read_002248	mol_002248	-1
read_002249	mol_002249	-1
read_002250	mol_002250	1
read_002251	mol_002251	1
read_002252	mol_002252	1
read_002253	mol_002253	1
read_002254	mol_002254	1
read_002255	mol_002255	1
read_002256	mol_002256	-1
read_002257	mol_002257	-1
read_002258	mol_002258	-1
read_002259	mol_002259	1
read_002260	mol_002260	-1
read_002261	mol_002261	-1
read_002262	mol_002262	1
read_002263	mol_002263	-1
read_002264	mol_002264	-1
read_002265	mol_002265	1
read_002266	mol_002266	-1
read_002267	mol_002267	1
read_002268	mol_002268	-1
read_002269	mol_002269	1
read_002270	mol_002270	1
read_002271	mol_002271	1
read_002272	mol_002272	-1
read_002273	mol_002273	1
read_002274	mol_002274	-1
read_002275	mol_002275	1
read_002276	mol_002276	1
read_002277	mol_002277	-1
read_002278	mol_002278	-1
read_002279	mol_002279	1
read_002280	mol_002280	-1
read_002281	mol_002281	-1
read_002282	mol_002282	-1
read_002283	mol_002283	-1
read_002284	mol_002284	1
read_002285	mol_002285	-1
read_002286	mol_002286	1
read_002287	mol_002287	1
read_002288	mol_002288	1
read_002289	mol_002289	-1
read_002290	mol_002290	1
read_002291	mol_002291	-1
read_002292	mol_002292	1
read_002293	mol_002293	1
read_002294	mol_002294	-1
read_002295	mol_002295	-1
read_002296	mol_002296	1
read_002297	mol_002297	1
read_002298	mol_002298	-1
read_002299	mol_002299	1
read_002300	mol_002300	1
read_002301	mol_002301	-1
read_002302	mol_002302	1
read_002303	mol_002303	-1
read_002304	mol_002304	1
read_002305	mol_002305	1
read_002306	mol_002306	1
read_002307	mol_002307	1
read_002308	mol_002308	1
read_002309	mol_002309	-1
read_002310	mol_002310	-1
read_002311	mol_002311	1
read_002312	mol_002312	-1
read_002313	mol_002313	1
read_002314	mol_002314	-1
read_002315	mol_002315	1
read_002316	mol_002316	-1
read_002317	mol_002317	1
read_002318	mol_002318	-1
read_002319	mol_002319	-1
read_002320	mol_002320	-1
read_002321	mol_002321	-1
read_002322	mol_002322	1
read_002323	mol_002323	-1
read_002324	mol_002324	-1
read_002325	mol_002325	-1
read_002326	mol_002326	1
read_002327	mol_002327	1
read_002328	mol_002328	-1
read_002329	mol_002329	-1
read_002330	mol_002330	-1
read_002331	mol_002331	1
read_002332	mol_002332	1
read_002333	mol_002333	1
read_002334	mol_002334	1
read_002335	mol_002335	1
read_002336	mol_002336	-1
read_002337	mol_002337	1
read_002338	mol_002338	-1
read_002339	mol_002339	-1
read_002340	mol_002340	-1
read_002341	mol_002341	1
read_002342	mol_002342	1
read_002343	mol_002343	1
read_002344	mol_002344	1
read_002345	mol_002345	1
read_002346	mol_002346	-1
read_002347	mol_002347	-1
read_002348	mol_002348	1
read_002349	mol_002349	-1
read_002350	mol_002350	-1
read_002351	mol_002351	1
read_002352	mol_002352	-1
read_002353	mol_002353	-1
read_002354	mol_002354	-1
read_002355	mol_002355	-1
read_002356	mol_002356	-1
read_002357	mol_002357	1
read_002358	mol_002358	-1
read_002359	mol_002359	1
read_002360	mol_002360	1
read_002361	mol_002361	-1
read_002362	mol_002362	-1
read_002363	mol_002363	-1
read_002364	mol_002364	1
read_002365	mol_002365	-1
read_002366	mol_002366	1
read_002367	mol_002367	1
read_002368	mol_002368	1
read_002369	mol_002369	-1
read_002370	mol_002370	1
read_002371	mol_002371	-1
read_002372	mol_002372	-1
read_002373	mol_002373	-1
read_002374	mol_002374	1
read_002375	mol_002375	-1
read_002376	mol_002376	-1
read_002377	mol_002377	-1
read_002378	mol_002378	-1
read_002379	mol_002379	1
read_002380	mol_002380	1
read_002381	mol_002381	1
read_002382	mol_002382	1
read_002383	mol_002383	1
read_002384	mol_002384	1
read_002385	mol_002385	1
read_002386	mol_002386	1
read_002387	mol_002387	1
read_002388	mol_002388	-1
read_002389	mol_002389	1
read_002390	mol_002390	-1
read_002391	mol_002391	-1
read_002392	mol_002392	1
read_002393	mol_002393	1
read_002394	mol_002394	1
read_002395	mol_002395	1
read_002396	mol_002396	1
read_002397	mol_002397	1
read_002398	mol_002398	1
read_002399	mol_002399	-1
read_002400	mol_002400	1
read_002401	mol_002401	-1
read_002402	mol_002402	1
read_002403	mol_002403	-1
read_002404	mol_002404	1
read_002405	mol_002405	-1
read_002406	mol_002406	1
read_002407	mol_002407	1
read_002408	mol_002408	1
read_002409	mol_002409	1
read_002410	mol_002410	-1
read_002411	mol_002411	1
read_002412	mol_002412	-1
read_002413	mol_002413	1
read_002414	mol_002414	-1
read_002415	mol_002415	-1
read_002416	mol_002416	-1
read_002417	mol_002417	1
read_002418	mol_002418	1
read_002419	mol_002419	1
read_002420	mol_002420	1
read_002421	mol_002421	-1
read_002422	mol_002422	-1
read_002423	mol_002423	-1
read_002424	mol_002424	1
read_002425	mol_002425	-1
read_002426	mol_002426	-1
read_002427	mol_002427	1
read_002428	mol_002428	-1
read_002429	mol_002429	1
read_002430	mol_002430	-1
read_002431	mol_002431	-1
read_002432	mol_002432	1
read_002433	mol_002433	-1
read_002434	mol_002434	-1
read_002435	mol_002435	-1
read_002436	mol_002436	-1
read_002437	mol_002437	-1
read_002438	mol_002438	1
read_002439	mol_002439	1
read_002440	mol_002440	1
read_002441	mol_002441	1
read_002442	mol_002442	-1
read_002443	mol_002443	1
read_002444	mol_002444	-1
read_002445	mol_002445	1
read_002446	mol_002446	1
read_002447	mol_002447	-1
read_002448	mol_002448	-1
read_002449	mol_002449	1
read_002450	mol_002450	-1
read_002451	mol_002451	1
read_002452	mol_002452	-1
read_002453	mol_002453	1
read_002454	mol_002454	-1
read_002455	mol_002455	1
read_002456	mol_002456	-1
read_002457	mol_002457	1
read_002458	mol_002458	-1
read_002459	mol_002459	1
read_002460	mol_002460	1
read_002461	mol_002461	1
read_002462	mol_002462	-1
read_002463	mol_002463	-1
read_002464	mol_002464	-1
read_002465	mol_002465	1
read_002466	mol_002466	-1
read_002467	mol_002467	1
read_002468	mol_002468	-1
read_002469	mol_002469	-1
read_002470	mol_002470	-1
read_002471	mol_002471	1
read_002472	mol_002472	1
read_002473	mol_002473	1
read_002474	mol_002474	-1
read_002475	mol_002475	1
read_002476	mol_002476	1
read_002477	mol_002477	-1
read_002478	mol_002478	1
read_002479	mol_002479	-1
read_002480	mol_002480	-1
read_002481	mol_002481	-1
read_002482	mol_002482	-1
read_002483	mol_002483	1
read_002484	mol_002484	-1
read_002485	mol_002485	1
read_002486	mol_002486	1
read_002487	mol_002487	1
read_002488	mol_002488	-1
read_002489	mol_002489	1
read_002490	mol_002490	-1
read_002491	mol_002491	-1
read_002492	mol_002492	1
read_002493	mol_002493	-1
read_002494	mol_002494	1
read_002495	mol_002495	1
read_002496	mol_002496	-1
read_002497	mol_002497	-1
read_002498	mol_002498	-1
read_002499	mol_002499	1
read_002500	mol_002500	-1
read_002501	mol_002501	-1
read_002502	mol_002502	-1
read_002503	mol_002503	-1
read_002504	mol_002504	-1
read_002505	mol_002505	1
read_002506	mol_002506	-1
read_002507	mol_002507	-1
read_002508	mol_002508	-1
read_002509	mol_002509	-1
read_002510	mol_002510	1
read_002511	mol_002511	-1
read_002512	mol_002512	1
read_002513	mol_002513	-1
read_002514	mol_002514	-1
read_002515	mol_002515	-1
read_002516	mol_002516	-1
read_002517	mol_002517	-1
read_002518	mol_002518	-1
read_002519	mol_002519	-1
read_002520	mol_002520	-1
read_002521	mol_002521	-1
read_002522	mol_002522	-1
read_002523	mol_002523	-1
read_002524	mol_002524	1
read_002525	mol_002525	-1
read_002526	mol_002526	-1
read_002527	mol_002527	-1
read_002528	mol_002528	-1
read_002529	mol_002529	-1
read_002530	mol_002530	-1
read_002531	mol_002531	-1
read_002532	mol_002532	-1
read_002533	mol_002533	-1
read_002534	mol_002534	1
read_002535	mol_002535	1
read_002536	mol_002536	1
read_002537	mol_002537	1
read_002538	mol_002538	1
read_002539	mol_002539	1
read_002540	mol_002540	-1
read_002541	mol_002541	-1
read_002542	mol_002542	1
read_002543	mol_002543	-1
read_002544	mol_002544	-1
read_002545	mol_002545	1
read_002546	mol_002546	1
read_002547	mol_002547	1
read_002548	mol_002548	1
read_002549	mol_002549	-1
read_002550	mol_002550	1
read_002551	mol_002551	1
read_002552	mol_002552	-1
read_002553	mol_002553	1
read_002554	mol_002554	-1
read_002555	mol_002555	1
read_002556	mol_002556	1
read_002557	mol_002557	-1
read_002558	mol_002558	-1
read_002559	mol_002559	-1
read_002560	mol_002560	-1
read_002561	mol_002561	-1
read_002562	mol_002562	-1
read_002563	mol_002563	-1
read_002564	mol_002564	1
read_002565	mol_002565	-1
read_002566	mol_002566	1
read_002567	mol_002567	-1
read_002568	mol_002568	1
read_002569	mol_002569	-1
read_002570	mol_002570	-1
read_002571	mol_002571	-1
read_002572	mol_002572	-1
read_002573	mol_002573	-1
read_002574	mol_002574	1
read_002575	mol_002575	1
read_002576	mol_002576	-1
read_002577	mol_002577	1
read_002578	mol_002578	-1
read_002579	mol_002579	1
read_002580	mol_002580	-1
read_002581	mol_002581	1
read_002582	mol_002582	1
read_002583	mol_002583	1
read_002584	mol_002584	-1
read_002585	mol_002585	1
read_002586	mol_002586	1
read_002587	mol_002587	1
read_002588	mol_002588	1
read_002589	mol_002589	-1
read_002590	mol_002590	-1
read_002591	mol_002591	-1
read_002592	mol_002592	1
read_002593	mol_002593	-1
read_002594	mol_002594	1
read_002595	mol_002595	1
read_002596	mol_002596	-1
read_002597	mol_002597	1
read_002598	mol_002598	-1
read_002599	mol_002599	1
read_002600	mol_002600	1
read_002601	mol_002601	-1
read_002602	mol_002602	1
read_002603	mol_002603	-1
read_002604	mol_002604	1
read_002605	mol_002605	1
read_002606	mol_002606	-1
read_002607	mol_002607	-1
read_002608	mol_002608	1
read_002609	mol_002609	1
read_002610	mol_002610	-1
read_002611	mol_002611	1
read_002612	mol_002612	1
read_002613	mol_002613	-1
read_002614	mol_002614	-1
read_002615	mol_002615	1
read_002616	mol_002616	-1
read_002617	mol_002617	-1
read_002618	mol_002618	1
read_002619	mol_002619	-1
read_002620	mol_002620	-1
read_002621	mol_002621	-1
read_002622	mol_002622	1
read_002623	mol_002623	-1
read_002624	mol_002624	-1
read_002625	mol_002625	1
read_002626	mol_002626	-1
read_002627	mol_002627	1
read_002628	mol_002628	-1
read_002629	mol_002629	1
read_002630	mol_002630	-1
read_002631	mol_002631	-1
read_002632	mol_002632	-1
read_002633	mol_002633	1
read_002634	mol_002634	1
read_002635	mol_002635	1
read_002636	mol_002636	1
read_002637	mol_002637	1
read_002638	mol_002638	-1
read_002639	mol_002639	-1
read_002640	mol_002640	-1
read_002641	mol_002641	-1
read_002642	mol_002642	1
read_002643	mol_002643	1
read_002644	mol_002644	1
read_002645	mol_002645	1
read_002646	mol_002646	-1
read_002647	mol_002647	1
read_002648	mol_002648	1
read_002649	mol_002649	-1
read_002650	mol_002650	-1
read_002651	mol_002651	-1
read_002652	mol_002652	-1
read_002653	mol_002653	-1
read_002654	mol_002654	1
read_002655	mol_002655	-1
read_002656	mol_002656	-1
read_002657	mol_002657	1
read_002658	mol_002658	-1
read_002659	mol_002659	-1
read_002660	mol_002660	1
read_002661	mol_002661	1
read_002662	mol_002662	-1
read_002663	mol_002663	1
read_002664	mol_002664	-1
read_002665	mol_002665	-1
read_002666	mol_002666	-1
read_002667	mol_002667	1
read_002668	mol_002668	1
read_002669	mol_002669	-1
read_002670	mol_002670	-1
read_002671	mol_002671	1
read_002672	mol_002672	1
read_002673	mol_002673	-1
read_002674	mol_002674	-1
read_002675	mol_002675	-1
read_002676	mol_002676	-1
read_002677	mol_002677	-1
read_002678	mol_002678	-1
read_002679	mol_002679	-1
read_002680	mol_002680	1
read_002681	mol_002681	-1
read_002682	mol_002682	1
read_002683	mol_002683	1
read_002684	mol_002684	-1
read_002685	mol_002685	1
read_002686	mol_002686	1
read_002687	mol_002687	-1
read_002688	mol_002688	1
read_002689	mol_002689	1
read_002690	mol_002690	-1
read_002691	mol_002691	1
read_002692	mol_002692	-1
read_002693	mol_002693	1
read_002694	mol_002694	1
read_002695	mol_002695	1
read_002696	mol_002696	1
read_002697	mol_002697	1
read_002698	mol_002698	1
read_002699	mol_002699	-1
read_002700	mol_002700	-1
read_002701	mol_002701	-1
read_002702	mol_002702	-1
read_002703	mol_002703	1
read_002704	mol_002704	1
read_002705	mol_002705	-1
read_002706	mol_002706	1
read_002707	mol_002707	-1
read_002708	mol_002708	1
read_002709	mol_002709	1
read_002710	mol_002710	-1
read_002711	mol_002711	-1
read_002712	mol_002712	1
read_002713	mol_002713	1
read_002714	mol_002714	1
read_002715	mol_002715	1
read_002716	mol_002716	1
read_002717	mol_002717	1
read_002718	mol_002718	1
read_002719	mol_002719	1
read_002720	mol_002720	-1
read_002721	mol_002721	-1
read_002722	mol_002722	1
read_002723	mol_002723	1
read_002724	mol_002724	1
read_002725	mol_002725	-1
read_002726	mol_002726	1
read_002727	mol_002727	-1
read_002728	mol_002728	1
read_002729	mol_002729	1
read_002730	mol_002730	1
read_002731	mol_002731	1
read_002732	mol_002732	-1
read_002733	mol_002733	1
read_002734	mol_002734	-1
read_002735	mol_002735	-1
read_002736	mol_002736	-1
read_002737	mol_002737	1
read_002738	mol_002738	1
read_002739	mol_002739	-1
read_002740	mol_002740	-1
read_002741	mol_002741	-1
read_002742	mol_002742	-1
read_002743	mol_002743	-1
read_002744	mol_002744	-1
read_002745	mol_002745	1
read_002746	mol_002746	1
read_002747	mol_002747	1
read_002748	mol_002748	1
read_002749	mol_002749	1
read_002750	mol_002750	-1
read_002751	mol_002751	-1
read_002752	mol_002752	1
read_002753	mol_002753	1
read_002754	mol_002754	-1
read_002755	mol_002755	-1
read_002756	mol_002756	1
read_002757	mol_002757	1
read_002758	mol_002758	1
read_002759	mol_002759	-1
read_002760	mol_002760	1
read_002761	mol_002761	-1
read_002762	mol_002762	1
read_002763	mol_002763	-1
read_002764	mol_002764	1
read_002765	mol_002765	-1
read_002766	mol_002766	-1
read_002767	mol_002767	1
read_002768	mol_002768	-1
read_002769	mol_002769	-1
read_002770	mol_002770	1
read_002771	mol_002771	1
read_002772	mol_002772	1
read_002773	mol_002773	-1
read_002774	mol_002774	-1
read_002775	mol_002775	-1
read_002776	mol_002776	-1
read_002777	mol_002777	1
read_002778	mol_002778	-1
read_002779	mol_002779	-1
read_002780	mol_002780	-1
read_002781	mol_002781	1
read_002782	mol_002782	1
read_002783	mol_002783	-1
read_002784	mol_002784	-1
read_002785	mol_002785	-1
read_002786	mol_002786	-1
read_002787	mol_002787	1
read_002788	mol_002788	1
read_002789	mol_002789	-1
read_002790	mol_002790	-1
read_002791	mol_002791	-1
read_002792	mol_002792	-1
read_002793	mol_002793	-1
read_002794	mol_002794	1
read_002795	mol_002795	-1
read_002796	mol_002796	-1
read_002797	mol_002797	1
read_002798	mol_002798	-1
read_002799	mol_002799	1
read_002800	mol_002800	-1
read_002801	mol_002801	-1
read_002802	mol_002802	-1
read_002803	mol_002803	-1
read_002804	mol_002804	1
read_002805	mol_002805	-1
read_002806	mol_002806	-1
read_002807	mol_002807	-1
read_002808	mol_002808	-1
read_002809	mol_002809	1
read_002810	mol_002810	-1
read_002811	mol_002811	1
read_002812	mol_002812	1
read_002813	mol_002813	-1
read_002814	mol_002814	1
read_002815	mol_002815	-1
read_002816	mol_002816	-1
read_002817	mol_002817	-1
read_002818	mol_002818	1
read_002819	mol_002819	-1
read_002820	mol_002820	-1
read_002821	mol_002821	1
read_002822	mol_002822	1
read_002823	mol_002823	-1
read_002824	mol_002824	1
read_002825	mol_002825	1
read_002826	mol_002826	1
read_002827	mol_002827	-1
read_002828	mol_002828	-1
read_002829	mol_002829	1
read_002830	mol_002830	1
read_002831	mol_002831	-1
read_002832	mol_002832	1
read_002833	mol_002833	-1
read_002834	mol_002834	1
read_002835	mol_002835	1
read_002836	mol_002836	-1
read_002837	mol_002837	-1
read_002838	mol_002838	-1
read_002839	mol_002839	1
read_002840	mol_002840	1
read_002841	mol_002841	1
read_002842	mol_002842	1
read_002843	mol_002843	1
read_002844	mol_002844	-1
read_002845	mol_002845	-1
read_002846	mol_002846	-1
read_002847	mol_002847	1
read_002848	mol_002848	-1
read_002849	mol_002849	1
read_002850	mol_002850	-1
read_002851	mol_002851	1
read_002852	mol_002852	1
read_002853	mol_002853	1
read_002854	mol_002854	-1
read_002855	mol_002855	1
read_002856	mol_002856	1
read_002857	mol_002857	-1
read_002858	mol_002858	1
read_002859	mol_002859	1
read_002860	mol_002860	1
read_002861	mol_002861	1
read_002862	mol_002862	-1
read_002863	mol_002863	1
read_002864	mol_002864	-1
read_002865	mol_002865	-1
read_002866	mol_002866	-1
read_002867	mol_002867	-1
read_002868	mol_002868	-1
read_002869	mol_002869	1
read_002870	mol_002870	1
read_002871	mol_002871	-1
read_002872	mol_002872	1
read_002873	mol_002873	-1
read_002874	mol_002874	-1
read_002875	mol_002875	1
read_002876	mol_002876	1
read_002877	mol_002877	1
read_002878	mol_002878	1
read_002879	mol_002879	-1
read_002880	mol_002880	1
read_002881	mol_002881	1
read_002882	mol_002882	1
read_002883	mol_002883	-1
read_002884	mol_002884	-1
read_002885	mol_002885	1
read_002886	mol_002886	1
read_002887	mol_002887	1
read_002888	mol_002888	-1
read_002889	mol_002889	1
read_002890	mol_002890	-1
read_002891	mol_002891	1
read_002892	mol_002892	-1
read_002893	mol_002893	-1
read_002894	mol_002894	1
read_002895	mol_002895	1
read_002896	mol_002896	-1
read_002897	mol_002897	1
read_002898	mol_002898	-1
read_002899	mol_002899	-1
read_002900	mol_002900	-1
read_002901	mol_002901	-1
read_002902	mol_002902	-1
read_002903	mol_002903	-1
read_002904	mol_002904	1
read_002905	mol_002905	1
read_002906	mol_002906	1
read_002907	mol_002907	-1
read_002908	mol_002908	1
read_002909	mol_002909	-1
read_002910	mol_002910	-1
read_002911	mol_002911	1
read_002912	mol_002912	1
read_002913	mol_002913	1
read_002914	mol_002914	1
read_002915	mol_002915	-1
read_002916	mol_002916	1
read_002917	mol_002917	-1
read_002918	mol_002918	1
read_002919	mol_002919	1
read_002920	mol_002920	-1
read_002921	mol_002921	-1
read_002922	mol_002922	-1
read_002923	mol_002923	-1
read_002924	mol_002924	-1
read_002925	mol_002925	-1
read_002926	mol_002926	1
read_002927	mol_002927	-1
read_002928	mol_002928	-1
read_002929	mol_002929	-1
read_002930	mol_002930	1
read_002931	mol_002931	-1
read_002932	mol_002932	1
read_002933	mol_002933	1
read_002934	mol_002934	1
read_002935	mol_002935	1
read_002936	mol_002936	-1
read_002937	mol_002937	1
read_002938	mol_002938	-1
read_002939	mol_002939	1
read_002940	mol_002940	-1
read_002941	mol_002941	-1
read_002942	mol_002942	1
read_002943	mol_002943	-1
read_002944	mol_002944	-1
read_002945	mol_002945	1
read_002946	mol_002946	-1
read_002947	mol_002947	1
read_002948	mol_002948	1
read_002949	mol_002949	-1
read_002950	mol_002950	-1
read_002951	mol_002951	-1
read_002952	mol_002952	1
read_002953	mol_002953	1
read_002954	mol_002954	-1
read_002955	mol_002955	1
read_002956	mol_002956	-1
read_002957	mol_002957	-1
read_002958	mol_002958	-1
read_002959	mol_002959	1
read_002960	mol_002960	-1
read_002961	mol_002961	-1
read_002962	mol_002962	-1
read_002963	mol_002963	1
read_002964	mol_002964	1
read_002965	mol_002965	-1
read_002966	mol_002966	-1
read_002967	mol_002967	1
read_002968	mol_002968	1
read_002969	mol_002969	1
read_002970	mol_002970	-1
read_002971	mol_002971	1
read_002972	mol_002972	1
read_002973	mol_002973	1
read_002974	mol_002974	1
read_002975	mol_002975	1
read_002976	mol_002976	1
read_002977	mol_002977	-1
read_002978	mol_002978	-1
read_002979	mol_002979	-1
read_002980	mol_002980	-1
read_002981	mol_002981	1
read_002982	mol_002982	-1
read_002983	mol_002983	1
read_002984	mol_002984	-1
read_002985	mol_002985	1
read_002986	mol_002986	-1
read_002987	mol_002987	1
read_002988	mol_002988	1
read_002989	mol_002989	-1
read_002990	mol_002990	1
read_002991	mol_002991	-1
read_002992	mol_002992	1
read_002993	mol_002993	-1
read_002994	mol_002994	-1
read_002995	mol_002995	1
read_002996	mol_002996	-1
read_002997	mol_002997	1
read_002998	mol_002998	1
read_002999	mol_002999	1
read_003000	mol_003000	-1
read_003001	mol_003001	1
read_003002	mol_003002	-1
read_003003	mol_003003	1
read_003004	mol_003004	-1
read_003005	mol_003005	1
read_003006	mol_003006	-1
read_003007	mol_003007	-1
read_003008	mol_003008	-1
read_003009	mol_003009	-1
read_003010	mol_003010	1
read_003011	mol_003011	1
read_003012	mol_003012	1
read_003013	mol_003013	1
read_003014	mol_003014	-1
read_003015	mol_003015	1
read_003016	mol_003016	-1
read_003017	mol_003017	1
read_003018	mol_003018	-1
read_003019	mol_003019	1
read_003020	mol_003020	-1
read_003021	mol_003021	-1
read_003022	mol_003022	1
read_003023	mol_003023	1
read_003024	mol_003024	1
read_003025	mol_003025	1
read_003026	mol_003026	1
read_003027	mol_003027	-1
read_003028	mol_003028	1
read_003029	mol_003029	1
read_003030	mol_003030	-1
read_003031	mol_003031	1
read_003032	mol_003032	1
read_003033	mol_003033	1
read_003034	mol_003034	1
read_003035	mol_003035	-1
read_003036	mol_003036	1
read_003037	mol_003037	1
read_003038	mol_003038	-1
read_003039	mol_003039	1
read_003040	mol_003040	-1
read_003041	mol_003041	1
read_003042	mol_003042	1
read_003043	mol_003043	-1
read_003044	mol_003044	1
read_003045	mol_003045	1
read_003046	mol_003046	1
read_003047	mol_003047	1
read_003048	mol_003048	-1
read_003049	mol_003049	-1
read_003050	mol_003050	-1
read_003051	mol_003051	1
read_003052	mol_003052	-1
read_003053	mol_003053	1
read_003054	mol_003054	-1
read_003055	mol_003055	-1
read_003056	mol_003056	1
read_003057	mol_003057	1
read_003058	mol_003058	1
read_003059	mol_003059	1
read_003060	mol_003060	1
read_003061	mol_003061	1
read_003062	mol_003062	-1
read_003063	mol_003063	-1
read_003064	mol_003064	1
read_003065	mol_003065	1
read_003066	mol_003066	1
read_003067	mol_003067	-1
read_003068	mol_003068	1
read_003069	mol_003069	1
read_003070	mol_003070	1
read_003071	mol_003071	-1
read_003072	mol_003072	1
read_003073	mol_003073	-1
read_003074	mol_003074	1
read_003075	mol_003075	-1
read_003076	mol_003076	-1
read_003077	mol_003077	-1
read_003078	mol_003078	1
read_003079	mol_003079	-1
read_003080	mol_003080	-1
read_003081	mol_003081	-1
read_003082	mol_003082	1
read_003083	mol_003083	1
read_003084	mol_003084	1
read_003085	mol_003085	-1
read_003086	mol_003086	-1
read_003087	mol_003087	-1
read_003088	mol_003088	-1
read_003089	mol_003089	-1
read_003090	mol_003090	-1
read_003091	mol_003091	1
read_003092	mol_003092	-1
read_003093	mol_003093	-1
read_003094	mol_003094	-1
read_003095	mol_003095	-1
read_003096	mol_003096	-1
read_003097	mol_003097	-1
read_003098	mol_003098	1
read_003099	mol_003099	1
read_003100	mol_003100	1
read_003101	mol_003101	1
read_003102	mol_003102	-1
read_003103	mol_003103	-1
read_003104	mol_003104	1
read_003105	mol_003105	1
read_003106	mol_003106	1
read_003107	mol_003107	-1
read_003108	mol_003108	-1
read_003109	mol_003109	-1
read_003110	mol_003110	1
read_003111	mol_003111	-1
read_003112	mol_003112	-1
read_003113	mol_003113	1
read_003114	mol_003114	1
read_003115	mol_003115	1
read_003116	mol_003116	-1
read_003117	mol_003117	-1
read_003118	mol_003118	-1
read_003119	mol_003119	-1
read_003120	mol_003120	1
read_003121	mol_003121	-1
read_003122	mol_003122	-1
read_003123	mol_003123	1
read_003124	mol_003124	1
read_003125	mol_003125	-1
read_003126	mol_003126	1
read_003127	mol_003127	-1
read_003128	mol_003128	-1
read_003129	mol_003129	1
read_003130	mol_003130	-1
read_003131	mol_003131	-1
read_003132	mol_003132	1
read_003133	mol_003133	-1
read_003134	mol_003134	1
read_003135	mol_003135	-1
read_003136	mol_003136	1
read_003137	mol_003137	-1
read_003138	mol_003138	-1
read_003139	mol_003139	-1
read_003140	mol_003140	-1
read_003141	mol_003141	-1
read_003142	mol_003142	1
read_003143	mol_003143	1
read_003144	mol_003144	-1
read_003145	mol_003145	-1
read_003146	mol_003146	1
read_003147	mol_003147	1
read_003148	mol_003148	-1
read_003149	mol_003149	1
read_003150	mol_003150	-1
read_003151	mol_003151	-1
read_003152	mol_003152	-1
read_003153	mol_003153	1
read_003154	mol_003154	1
read_003155	mol_003155	-1
read_003156	mol_003156	-1
read_003157	mol_003157	1
read_003158	mol_003158	-1
read_003159	mol_003159	1
read_003160	mol_003160	1
read_003161	mol_003161	1
read_003162	mol_003162	1
read_003163	mol_003163	1
read_003164	mol_003164	-1
read_003165	mol_003165	-1
read_003166	mol_003166	1
read_003167	mol_003167	1
read_003168	mol_003168	-1
read_003169	mol_003169	-1
read_003170	mol_003170	1
read_003171	mol_003171	-1
read_003172	mol_003172	-1
read_003173	mol_003173	-1
read_003174	mol_003174	1
read_003175	mol_003175	1
read_003176	mol_003176	1
read_003177	mol_003177	1
read_003178	mol_003178	1
read_003179	mol_003179	1
read_003180	mol_003180	1
read_003181	mol_003181	1
read_003182	mol_003182	1
read_003183	mol_003183	1
read_003184	mol_003184	1
read_003185	mol_003185	1
read_003186	mol_003186	1
read_003187	mol_003187	-1
read_003188	mol_003188	1
read_003189	mol_003189	1
read_003190	mol_003190	-1
read_003191	mol_003191	1
read_003192	mol_003192	1
read_003193	mol_003193	1
read_003194	mol_003194	-1
read_003195	mol_003195	-1
read_003196	mol_003196	1
read_003197	mol_003197	1
read_003198	mol_003198	-1
read_003199	mol_003199	1
read_003200	mol_003200	-1
read_003201	mol_003201	-1
read_003202	mol_003202	-1
read_003203	mol_003203	1
read_003204	mol_003204	-1
read_003205	mol_003205	1
read_003206	mol_003206	-1
read_003207	mol_003207	-1
read_003208	mol_003208	1
read_003209	mol_003209	-1
read_003210	mol_003210	-1
read_003211	mol_003211	-1
read_003212	mol_003212	-1
read_003213	mol_003213	-1
read_003214	mol_003214	-1
read_003215	mol_003215	1
read_003216	mol_003216	1
read_003217	mol_003217	1
read_003218	mol_003218	-1
read_003219	mol_003219	-1
read_003220	mol_003220	-1
read_003221	mol_003221	1
read_003222	mol_003222	1
read_003223	mol_003223	-1
read_003224	mol_003224	-1
read_003225	mol_003225	1
read_003226	mol_003226	-1
read_003227	mol_003227	-1
read_003228	mol_003228	1
read_003229	mol_003229	1
read_003230	mol_003230	1
read_003231	mol_003231	-1
read_003232	mol_003232	-1
read_003233	mol_003233	1
read_003234	mol_003234	-1
read_003235	mol_003235	1
read_003236	mol_003236	-1
read_003237	mol_003237	-1
read_003238	mol_003238	-1
read_003239	mol_003239	-1
read_003240	mol_003240	1
read_003241	mol_003241	1
read_003242	mol_003242	1
read_003243	mol_003243	-1
read_003244	mol_003244	1
read_003245	mol_003245	1
read_003246	mol_003246	1
read_003247	mol_003247	-1
read_003248	mol_003248	1
read_003249	mol_003249	-1
read_003250	mol_003250	1
read_003251	mol_003251	1
read_003252	mol_003252	-1
read_003253	mol_003253	1
read_003254	mol_003254	-1
read_003255	mol_003255	-1
read_003256	mol_003256	1
read_003257	mol_003257	1
read_003258	mol_003258	1
read_003259	mol_003259	-1
read_003260	mol_003260	-1
read_003261	mol_003261	-1
read_003262	mol_003262	-1
read_003263	mol_003263	1
read_003264	mol_003264	1
read_003265	mol_003265	-1
read_003266	mol_003266	-1
read_003267	mol_003267	1
read_003268	mol_003268	-1
read_003269	mol_003269	1
read_003270	mol_003270	1
read_003271	mol_003271	1
read_003272	mol_003272	-1
read_003273	mol_003273	1
read_003274	mol_003274	-1
read_003275	mol_003275	1
read_003276	mol_003276	1
read_003277	mol_003277	1
read_003278	mol_003278	-1
read_003279	mol_003279	1
read_003280	mol_003280	1
read_003281	mol_003281	-1
read_003282	mol_003282	-1
read_003283	mol_003283	1
read_003284	mol_003284	1
read_003285	mol_003285	-1
read_003286	mol_003286	-1
read_003287	mol_003287	1
read_003288	mol_003288	1
read_003289	mol_003289	-1
read_003290	mol_003290	-1
read_003291	mol_003291	-1
read_003292	mol_003292	1
read_003293	mol_003293	-1
read_003294	mol_003294	1
read_003295	mol_003295	1
read_003296	mol_003296	-1
read_003297	mol_003297	-1
read_003298	mol_003298	1
read_003299	mol_003299	1
read_003300	mol_003300	1
read_003301	mol_003301	1
read_003302	mol_003302	-1
read_003303	mol_003303	-1
read_003304	mol_003304	-1
read_003305	mol_003305	-1
read_003306	mol_003306	1
read_003307	mol_003307	-1
read_003308	mol_003308	1
read_003309	mol_003309	-1
read_003310	mol_003310	-1
read_003311	mol_003311	-1
read_003312	mol_003312	-1
read_003313	mol_003313	-1
read_003314	mol_003314	1
read_003315	mol_003315	-1
read_003316	mol_003316	1
read_003317	mol_003317	1
read_003318	mol_003318	1
read_003319	mol_003319	1
read_003320	mol_003320	-1
read_003321	mol_003321	-1
read_003322	mol_003322	-1
read_003323	mol_003323	-1
read_003324	mol_003324	-1
read_003325	mol_003325	1
read_003326	mol_003326	-1
read_003327	mol_003327	-1
read_003328	mol_003328	-1
read_003329	mol_003329	-1
read_003330	mol_003330	-1
read_003331	mol_003331	-1
read_003332	mol_003332	1
read_003333	mol_003333	1
read_003334	mol_003334	1
read_003335	mol_003335	-1
read_003336	mol_003336	-1
read_003337	mol_003337	1
read_003338	mol_003338	-1
read_003339	mol_003339	1
read_003340	mol_003340	1
read_003341	mol_003341	1
read_003342	mol_003342	-1
read_003343	mol_003343	-1
read_003344	mol_003344	1
read_003345	mol_003345	-1
read_003346	mol_003346	-1
read_003347	mol_003347	1
read_003348	mol_003348	1
read_003349	mol_003349	1
read_003350	mol_003350	-1
read_003351	mol_003351	1
read_003352	mol_003352	-1
read_003353	mol_003353	-1
read_003354	mol_003354	1
read_003355	mol_003355	-1
read_003356	mol_003356	-1
read_003357	mol_003357	-1
read_003358	mol_003358	1
read_003359	mol_003359	-1
read_003360	mol_003360	1
read_003361	mol_003361	-1
read_003362	mol_003362	-1
read_003363	mol_003363	1
read_003364	mol_003364	-1
read_003365	mol_003365	1
read_003366	mol_003366	-1
read_003367	mol_003367	-1
read_003368	mol_003368	1
read_003369	mol_003369	-1
read_003370	mol_003370	1
read_003371	mol_003371	-1
read_003372	mol_003372	-1
read_003373	mol_003373	-1
read_003374	mol_003374	-1
read_003375	mol_003375	1
read_003376	mol_003376	1
read_003377	mol_003377	-1
read_003378	mol_003378	-1
read_003379	mol_003379	-1
read_003380	mol_003380	1
read_003381	mol_003381	-1
read_003382	mol_003382	-1
read_003383	mol_003383	1
read_003384	mol_003384	-1
read_003385	mol_003385	-1
read_003386	mol_003386	-1
read_003387	mol_003387	-1
read_003388	mol_003388	-1
read_003389	mol_003389	1
read_003390	mol_003390	-1
read_003391	mol_003391	1
read_003392	mol_003392	1
read_003393	mol_003393	-1
read_003394	mol_003394	-1
read_003395	mol_003395	-1
read_003396	mol_003396	-1
read_003397	mol_003397	1
read_003398	mol_003398	1
read_003399	mol_003399	-1
read_003400	mol_003400	1
read_003401	mol_003401	-1
read_003402	mol_003402	-1
read_003403	mol_003403	-1
read_003404	mol_003404	-1
read_003405	mol_003405	-1
read_003406	mol_003406	-1
read_003407	mol_003407	-1
read_003408	mol_003408	-1
read_003409	mol_003409	1
read_003410	mol_003410	1
read_003411	mol_003411	1
read_003412	mol_003412	1
read_003413	mol_003413	1
read_003414	mol_003414	1
read_003415	mol_003415	-1
read_003416	mol_003416	1
read_003417	mol_003417	-1
read_003418	mol_003418	1
read_003419	mol_003419	1
read_003420	mol_003420	-1
read_003421	mol_003421	1
read_003422	mol_003422	-1
read_003423	mol_003423	1
read_003424	mol_003424	-1
read_003425	mol_003425	-1
read_003426	mol_003426	-1
read_003427	mol_003427	1
read_003428	mol_003428	1
read_003429	mol_003429	-1
read_003430	mol_003430	-1
read_003431	mol_003431	-1
read_003432	mol_003432	1
read_003433	mol_003433	1
read_003434	mol_003434	-1
read_003435	mol_003435	-1
read_003436	mol_003436	1
read_003437	mol_003437	1
read_003438	mol_003438	-1
read_003439	mol_003439	1
read_003440	mol_003440	1
read_003441	mol_003441	-1
read_003442	mol_003442	1
read_003443	mol_003443	1
read_003444	mol_003444	-1
read_003445	mol_003445	1
read_003446	mol_003446	1
read_003447	mol_003447	1
read_003448	mol_003448	-1
read_003449	mol_003449	1
read_003450	mol_003450	-1
read_003451	mol_003451	1
read_003452	mol_003452	-1
read_003453	mol_003453	1
read_003454	mol_003454	-1
read_003455	mol_003455	1
read_003456	mol_003456	1
read_003457	mol_003457	1
read_003458	mol_003458	-1
read_003459	mol_003459	-1
read_003460	mol_003460	1
read_003461	mol_003461	1
read_003462	mol_003462	1
read_003463	mol_003463	1
read_003464	mol_003464	1
read_003465	mol_003465	1
read_003466	mol_003466	1
read_003467	mol_003467	-1
read_003468	mol_003468	1
read_003469	mol_003469	1
read_003470	mol_003470	-1
read_003471	mol_003471	-1
read_003472	mol_003472	-1
read_003473	mol_003473	1
read_003474	mol_003474	1
read_003475	mol_003475	-1
read_003476	mol_003476	-1
read_003477	mol_003477	1
read_003478	mol_003478	-1
read_003479	mol_003479	1
read_003480	mol_003480	-1
read_003481	mol_003481	-1
read_003482	mol_003482	1
read_003483	mol_003483	1
read_003484	mol_003484	-1
read_003485	mol_003485	-1
read_003486	mol_003486	-1
read_003487	mol_003487	-1
read_003488	mol_003488	-1
read_003489	mol_003489	-1
read_003490	mol_003490	-1
read_003491	mol_003491	1
read_003492	mol_003492	1
read_003493	mol_003493	-1
read_003494	mol_003494	-1
read_003495	mol_003495	1
read_003496	mol_003496	-1
read_003497	mol_003497	1
read_003498	mol_003498	-1
read_003499	mol_003499	-1
read_003500	mol_003500	-1
read_003501	mol_003501	1
read_003502	mol_003502	1
read_003503	mol_003503	1
read_003504	mol_003504	1
read_003505	mol_003505	1
read_003506	mol_003506	-1
read_003507	mol_003507	1
read_003508	mol_003508	1
read_003509	mol_003509	1
read_003510	mol_003510	1
read_003511	mol_003511	-1
read_003512	mol_003512	1
read_003513	mol_003513	1
read_003514	mol_003514	-1
read_003515	mol_003515	1
read_003516	mol_003516	1
read_003517	mol_003517	-1
read_003518	mol_003518	1
read_003519	mol_003519	1
read_003520	mol_003520	-1
read_003521	mol_003521	1
read_003522	mol_003522	-1
read_003523	mol_003523	-1
read_003524	mol_003524	-1
read_003525	mol_003525	-1
read_003526	mol_003526	1
read_003527	mol_003527	-1
read_003528	mol_003528	-1
read_003529	mol_003529	-1
read_003530	mol_003530	1
read_003531	mol_003531	1
read_003532	mol_003532	1
read_003533	mol_003533	-1
read_003534	mol_003534	1
read_003535	mol_003535	1
read_003536	mol_003536	-1
read_003537	mol_003537	-1
read_003538	mol_003538	1
read_003539	mol_003539	-1
read_003540	mol_003540	1
read_003541	mol_003541	-1
read_003542	mol_003542	-1
read_003543	mol_003543	-1
read_003544	mol_003544	1
read_003545	mol_003545	1
read_003546	mol_003546	-1
read_003547	mol_003547	-1
read_003548	mol_003548	1
read_003549	mol_003549	-1
read_003550	mol_003550	-1
read_003551	mol_003551	1
read_003552	mol_003552	1
read_003553	mol_003553	-1
read_003554	mol_003554	1
read_003555	mol_003555	1
read_003556	mol_003556	1
read_003557	mol_003557	1
read_003558	mol_003558	1
read_003559	mol_003559	-1
read_003560	mol_003560	-1
read_003561	mol_003561	1
read_003562	mol_003562	1
read_003563	mol_003563	-1
read_003564	mol_003564	-1
read_003565	mol_003565	1
read_003566	mol_003566	1
read_003567	mol_003567	1
read_003568	mol_003568	1
read_003569	mol_003569	1
read_003570	mol_003570	-1
read_003571	mol_003571	-1
read_003572	mol_003572	1
read_003573	mol_003573	-1
read_003574	mol_003574	1
read_003575	mol_003575	1
read_003576	mol_003576	1
read_003577	mol_003577	1
read_003578	mol_003578	1
read_003579	mol_003579	1
read_003580	mol_003580	-1
read_003581	mol_003581	-1
read_003582	mol_003582	1
read_003583	mol_003583	1
read_003584	mol_003584	-1
read_003585	mol_003585	-1
read_003586	mol_003586	1
read_003587	mol_003587	1
read_003588	mol_003588	1
read_003589	mol_003589	-1
read_003590	mol_003590	1
read_003591	mol_003591	1
read_003592	mol_003592	1
read_003593	mol_003593	-1
read_003594	mol_003594	-1
read_003595	mol_003595	-1
read_003596	mol_003596	1
read_003597	mol_003597	-1
read_003598	mol_003598	-1
read_003599	mol_003599	1
read_003600	mol_003600	1
read_003601	mol_003601	-1
read_003602	mol_003602	-1
read_003603	mol_003603	1
read_003604	mol_003604	-1
read_003605	mol_003605	-1
read_003606	mol_003606	1
read_003607	mol_003607	1
read_003608	mol_003608	-1
read_003609	mol_003609	-1
read_003610	mol_003610	1
read_003611	mol_003611	-1
read_003612	mol_003612	1
read_003613	mol_003613	1
read_003614	mol_003614	1
read_003615	mol_003615	-1
read_003616	mol_003616	-1
read_003617	mol_003617	1
read_003618	mol_003618	-1
read_003619	mol_003619	-1
read_003620	mol_003620	-1
read_003621	mol_003621	1
read_003622	mol_003622	1
read_003623	mol_003623	-1
read_003624	mol_003624	-1
read_003625	mol_003625	1
read_003626	mol_003626	-1
read_003627	mol_003627	1
read_003628	mol_003628	1
read_003629	mol_003629	-1
read_003630	mol_003630	1
read_003631	mol_003631	1
read_003632	mol_003632	-1
read_003633	mol_003633	1
read_003634	mol_003634	1
read_003635	mol_003635	1
read_003636	mol_003636	1
read_003637	mol_003637	1
read_003638	mol_003638	-1
read_003639	mol_003639	-1
read_003640	mol_003640	1
read_003641	mol_003641	1
read_003642	mol_003642	-1
read_003643	mol_003643	1
read_003644	mol_003644	1
read_003645	mol_003645	-1
read_003646	mol_003646	-1
read_003647	mol_003647	-1
read_003648	mol_003648	-1
read_003649	mol_003649	1
read_003650	mol_003650	-1
read_003651	mol_003651	-1
read_003652	mol_003652	1
read_003653	mol_003653	1
read_003654	mol_003654	1
read_003655	mol_003655	-1
read_003656	mol_003656	-1
read_003657	mol_003657	-1
read_003658	mol_003658	1
read_003659	mol_003659	1
read_003660	mol_003660	1
read_003661	mol_003661	-1
read_003662	mol_003662	-1
read_003663	mol_003663	1
read_003664	mol_003664	-1
read_003665	mol_003665	-1
read_003666	mol_003666	-1
read_003667	mol_003667	-1
read_003668	mol_003668	-1
read_003669	mol_003669	-1
read_003670	mol_003670	1
read_003671	mol_003671	1
read_003672	mol_003672	-1
read_003673	mol_003673	1
read_003674	mol_003674	-1
read_003675	mol_003675	-1
read_003676	mol_003676	-1
read_003677	mol_003677	1
read_003678	mol_003678	1
read_003679	mol_003679	1
read_003680	mol_003680	1
read_003681	mol_003681	-1
read_003682	mol_003682	-1
read_003683	mol_003683	-1
read_003684	mol_003684	1
read_003685	mol_003685	1
read_003686	mol_003686	1
read_003687	mol_003687	-1
read_003688	mol_003688	1
read_003689	mol_003689	1
read_003690	mol_003690	-1
read_003691	mol_003691	1
read_003692	mol_003692	1
read_003693	mol_003693	1
read_003694	mol_003694	-1
read_003695	mol_003695	-1
read_003696	mol_003696	-1
read_003697	mol_003697	-1
read_003698	mol_003698	-1
read_003699	mol_003699	-1
read_003700	mol_003700	1
read_003701	mol_003701	-1
read_003702	mol_003702	1
read_003703	mol_003703	-1
read_003704	mol_003704	1
read_003705	mol_003705	1
read_003706	mol_003706	-1
read_003707	mol_003707	-1
read_003708	mol_003708	-1
read_003709	mol_003709	1
read_003710	mol_003710	-1
read_003711	mol_003711	-1
read_003712	mol_003712	1
read_003713	mol_003713	1
read_003714	mol_003714	1
read_003715	mol_003715	-1
read_003716	mol_003716	1
read_003717	mol_003717	1
read_003718	mol_003718	-1
read_003719	mol_003719	1
read_003720	mol_003720	-1
read_003721	mol_003721	1
read_003722	mol_003722	-1
read_003723	mol_003723	1
read_003724	mol_003724	-1
read_003725	mol_003725	1
read_003726	mol_003726	1
read_003727	mol_003727	-1
read_003728	mol_003728	1
read_003729	mol_003729	1
read_003730	mol_003730	-1
read_003731	mol_003731	-1
read_003732	mol_003732	1
read_003733	mol_003733	1
read_003734	mol_003734	1
read_003735	mol_003735	-1
read_003736	mol_003736	-1
read_003737	mol_003737	1
read_003738	mol_003738	1
read_003739	mol_003739	1
read_003740	mol_003740	-1
read_003741	mol_003741	-1
read_003742	mol_003742	1
read_003743	mol_003743	-1
read_003744	mol_003744	1
read_003745	mol_003745	1
read_003746	mol_003746	-1
read_003747	mol_003747	1
read_003748	mol_003748	-1
read_003749	mol_003749	1
read_003750	mol_003750	1
read_003751	mol_003751	-1
read_003752	mol_003752	1
read_003753	mol_003753	-1
read_003754	mol_003754	-1
read_003755	mol_003755	-1
read_003756	mol_003756	1
read_003757	mol_003757	1
read_003758	mol_003758	1
read_003759	mol_003759	1
read_003760	mol_003760	1
read_003761	mol_003761	1
read_003762	mol_003762	-1
read_003763	mol_003763	-1
read_003764	mol_003764	1
read_003765	mol_003765	1
read_003766	mol_003766	-1
read_003767	mol_003767	-1
read_003768	mol_003768	-1
read_003769	mol_003769	-1
read_003770	mol_003770	1
read_003771	mol_003771	1
read_003772	mol_003772	1
read_003773	mol_003773	1
read_003774	mol_003774	-1
read_003775	mol_003775	1
read_003776	mol_003776	-1
read_003777	mol_003777	-1
read_003778	mol_003778	1
read_003779	mol_003779	-1
read_003780	mol_003780	-1
read_003781	mol_003781	1
read_003782	mol_003782	-1
read_003783	mol_003783	-1
read_003784	mol_003784	-1
read_003785	mol_003785	1
read_003786	mol_003786	-1
read_003787	mol_003787	-1
read_003788	mol_003788	1
read_003789	mol_003789	1
read_003790	mol_003790	-1
read_003791	mol_003791	-1
read_003792	mol_003792	-1
read_003793	mol_003793	1
read_003794	mol_003794	1
read_003795	mol_003795	-1
read_003796	mol_003796	-1
read_003797	mol_003797	-1
read_003798	mol_003798	1
read_003799	mol_003799	-1
read_003800	mol_003800	-1
read_003801	mol_003801	1
read_003802	mol_003802	-1
read_003803	mol_003803	-1
read_003804	mol_003804	-1
read_003805	mol_003805	1
read_003806	mol_003806	-1
read_003807	mol_003807	1
read_003808	mol_003808	-1
read_003809	mol_003809	1
read_003810	mol_003810	1
read_003811	mol_003811	-1
read_003812	mol_003812	-1
read_003813	mol_003813	1
read_003814	mol_003814	-1
read_003815	mol_003815	-1
read_003816	mol_003816	-1
read_003817	mol_003817	1
read_003818	mol_003818	-1
read_003819	mol_003819	-1
read_003820	mol_003820	1
read_003821	mol_003821	1
read_003822	mol_003822	1
read_003823	mol_003823	1
read_003824	mol_003824	-1
read_003825	mol_003825	1
read_003826	mol_003826	-1
read_003827	mol_003827	1
read_003828	mol_003828	1
read_003829	mol_003829	1
read_003830	mol_003830	1
read_003831	mol_003831	1
read_003832	mol_003832	1
read_003833	mol_003833	1
read_003834	mol_003834	1
read_003835	mol_003835	1
read_003836	mol_003836	1
read_003837	mol_003837	-1
read_003838	mol_003838	-1
read_003839	mol_003839	-1
read_003840	mol_003840	-1
read_003841	mol_003841	1
read_003842	mol_003842	-1
read_003843	mol_003843	1
read_003844	mol_003844	1
read_003845	mol_003845	-1
read_003846	mol_003846	-1
read_003847	mol_003847	-1
read_003848	mol_003848	1
read_003849	mol_003849	-1
read_003850	mol_003850	-1
read_003851	mol_003851	1
read_003852	mol_003852	1
read_003853	mol_003853	1
read_003854	mol_003854	1
read_003855	mol_003855	-1
read_003856	mol_003856	-1
read_003857	mol_003857	1
read_003858	mol_003858	-1
read_003859	mol_003859	-1
read_003860	mol_003860	-1
read_003861	mol_003861	-1
read_003862	mol_003862	1
read_003863	mol_003863	1
read_003864	mol_003864	1
read_003865	mol_003865	1
read_003866	mol_003866	1
read_003867	mol_003867	-1
read_003868	mol_003868	-1
read_003869	mol_003869	-1
read_003870	mol_003870	-1
read_003871	mol_003871	-1
read_003872	mol_003872	1
read_003873	mol_003873	1
read_003874	mol_003874	1
read_003875	mol_003875	-1
read_003876	mol_003876	1
read_003877	mol_003877	-1
read_003878	mol_003878	-1
read_003879	mol_003879	-1
read_003880	mol_003880	-1
read_003881	mol_003881	1
read_003882	mol_003882	-1
read_003883	mol_003883	1
read_003884	mol_003884	-1
read_003885	mol_003885	-1
read_003886	mol_003886	-1
read_003887	mol_003887	1
read_003888	mol_003888	1
read_003889	mol_003889	-1
read_003890	mol_003890	-1
read_003891	mol_003891	1
read_003892	mol_003892	1
read_003893	mol_003893	1
read_003894	mol_003894	-1
read_003895	mol_003895	1
read_003896	mol_003896	-1
read_003897	mol_003897	-1
read_003898	mol_003898	1
read_003899	mol_003899	-1
read_003900	mol_003900	-1
read_003901	mol_003901	1
read_003902	mol_003902	1
read_003903	mol_003903	1
read_003904	mol_003904	-1
read_003905	mol_003905	1
read_003906	mol_003906	1
read_003907	mol_003907	-1
read_003908	mol_003908	1
read_003909	mol_003909	1
read_003910	mol_003910	-1
read_003911	mol_003911	1
read_003912	mol_003912	1
read_003913	mol_003913	1
read_003914	mol_003914	1
read_003915	mol_003915	1
read_003916	mol_003916	-1
read_003917	mol_003917	-1
read_003918	mol_003918	1
read_003919	mol_003919	1
read_003920	mol_003920	-1
read_003921	mol_003921	-1
read_003922	mol_003922	1
read_003923	mol_003923	1
read_003924	mol_003924	1
read_003925	mol_003925	-1
read_003926	mol_003926	-1
read_003927	mol_003927	-1
read_003928	mol_003928	1
read_003929	mol_003929	1
read_003930	mol_003930	1
read_003931	mol_003931	1
read_003932	mol_003932	-1
read_003933	mol_003933	-1
read_003934	mol_003934	1
read_003935	mol_003935	-1
read_003936	mol_003936	-1
read_003937	mol_003937	-1
read_003938	mol_003938	1
read_003939	mol_003939	1
read_003940	mol_003940	-1
read_003941	mol_003941	1
read_003942	mol_003942	-1
read_003943	mol_003943	1
read_003944	mol_003944	-1
read_003945	mol_003945	-1
read_003946	mol_003946	1
read_003947	mol_003947	1
read_003948	mol_003948	-1
read_003949	mol_003949	1
read_003950	mol_003950	-1
read_003951	mol_003951	-1
read_003952	mol_003952	1
read_003953	mol_003953	-1
read_003954	mol_003954	-1
read_003955	mol_003955	-1
read_003956	mol_003956	1
read_003957	mol_003957	-1
read_003958	mol_003958	1
read_003959	mol_003959	-1
read_003960	mol_003960	-1
read_003961	mol_003961	-1
read_003962	mol_003962	-1
read_003963	mol_003963	-1
read_003964	mol_003964	-1
read_003965	mol_003965	-1
read_003966	mol_003966	1
read_003967	mol_003967	1
read_003968	mol_003968	-1
read_003969	mol_003969	1
read_003970	mol_003970	-1
read_003971	mol_003971	1
read_003972	mol_003972	-1
read_003973	mol_003973	-1
read_003974	mol_003974	-1
read_003975	mol_003975	1
read_003976	mol_003976	1
read_003977	mol_003977	-1
read_003978	mol_003978	1
read_003979	mol_003979	1
read_003980	mol_003980	-1
read_003981	mol_003981	1
read_003982	mol_003982	1
read_003983	mol_003983	1
read_003984	mol_003984	-1
read_003985	mol_003985	-1
read_003986	mol_003986	-1
read_003987	mol_003987	-1
read_003988	mol_003988	1
read_003989	mol_003989	-1
read_003990	mol_003990	1
read_003991	mol_003991	1
read_003992	mol_003992	1
read_003993	mol_003993	1
read_003994	mol_003994	1
read_003995	mol_003995	1
read_003996	mol_003996	1
read_003997	mol_003997	-1
read_003998	mol_003998	-1
read_003999	mol_003999	1
read_004000	mol_004000	1
read_004001	mol_004001	1
read_004002	mol_004002	1
read_004003	mol_004003	1
read_004004	mol_004004	-1
read_004005	mol_004005	1
read_004006	mol_004006	1
read_004007	mol_004007	-1
read_004008	mol_004008	1
read_004009	mol_004009	-1
read_004010	mol_004010	-1
read_004011	mol_004011	1
read_004012	mol_004012	-1
read_004013	mol_004013	-1
read_004014	mol_004014	1
read_004015	mol_004015	-1
read_004016	mol_004016	1
read_004017	mol_004017	1
read_004018	mol_004018	1
read_004019	mol_004019	-1
read_004020	mol_004020	-1
read_004021	mol_004021	1
read_004022	mol_004022	1
read_004023	mol_004023	-1
read_004024	mol_004024	-1
read_004025	mol_004025	-1
read_004026	mol_004026	-1
read_004027	mol_004027	-1
read_004028	mol_004028	-1
read_004029	mol_004029	1
read_004030	mol_004030	1
read_004031	mol_004031	1
read_004032	mol_004032	1
read_004033	mol_004033	-1
read_004034	mol_004034	1
read_004035	mol_004035	1
read_004036	mol_004036	-1
read_004037	mol_004037	1
read_004038	mol_004038	1
read_004039	mol_004039	1
read_004040	mol_004040	-1
read_004041	mol_004041	-1
read_004042	mol_004042	1
read_004043	mol_004043	1
read_004044	mol_004044	-1
read_004045	mol_004045	-1
read_004046	mol_004046	-1
read_004047	mol_004047	1
read_004048	mol_004048	-1
read_004049	mol_004049	-1
read_004050	mol_004050	-1
read_004051	mol_004051	1
read_004052	mol_004052	-1
read_004053	mol_004053	-1
read_004054	mol_004054	-1
read_004055	mol_004055	-1
read_004056	mol_004056	1
read_004057	mol_004057	-1
read_004058	mol_004058	-1
read_004059	mol_004059	-1
read_004060	mol_004060	-1
read_004061	mol_004061	-1
read_004062	mol_004062	1
read_004063	mol_004063	1
read_004064	mol_004064	1
read_004065	mol_004065	1
read_004066	mol_004066	-1
read_004067	mol_004067	-1
read_004068	mol_004068	1
read_004069	mol_004069	-1
read_004070	mol_004070	-1
read_004071	mol_004071	-1
read_004072	mol_004072	1
read_004073	mol_004073	-1
read_004074	mol_004074	1
read_004075	mol_004075	-1
read_004076	mol_004076	1
read_004077	mol_004077	1
read_004078	mol_004078	-1
read_004079	mol_004079	-1
read_004080	mol_004080	-1
read_004081	mol_004081	1
read_004082	mol_004082	1
read_004083	mol_004083	-1
read_004084	mol_004084	1
read_004085	mol_004085	-1
read_004086	mol_004086	-1
read_004087	mol_004087	1
read_004088	mol_004088	-1
read_004089	mol_004089	-1
read_004090	mol_004090	-1
read_004091	mol_004091	1
read_004092	mol_004092	1
read_004093	mol_004093	1
read_004094	mol_004094	1
read_004095	mol_004095	-1
read_004096	mol_004096	-1
read_004097	mol_004097	-1
read_004098	mol_004098	-1
read_004099	mol_004099	1
read_004100	mol_004100	1
read_004101	mol_004101	-1
read_004102	mol_004102	1
read_004103	mol_004103	1
read_004104	mol_004104	1
read_004105	mol_004105	-1
read_004106	mol_004106	1
read_004107	mol_004107	-1
read_004108	mol_004108	1
read_004109	mol_004109	-1
read_004110	mol_004110	1
read_004111	mol_004111	-1
read_004112	mol_004112	1
read_004113	mol_004113	1
read_004114	mol_004114	-1
read_004115	mol_004115	1
read_004116	mol_004116	1
read_004117	mol_004117	1
read_004118	mol_004118	-1
read_004119	mol_004119	-1
read_004120	mol_004120	1
read_004121	mol_004121	1
read_004122	mol_004122	-1
read_004123	mol_004123	1
read_004124	mol_004124	1
read_004125	mol_004125	-1
read_004126	mol_004126	1
read_004127	mol_004127	1
read_004128	mol_004128	-1
read_004129	mol_004129	-1
read_004130	mol_004130	-1
read_004131	mol_004131	-1
read_004132	mol_004132	1
read_004133	mol_004133	-1
read_004134	mol_004134	1
read_004135	mol_004135	-1
read_004136	mol_004136	1
read_004137	mol_004137	-1
read_004138	mol_004138	-1
read_004139	mol_004139	1
read_004140	mol_004140	-1
read_004141	mol_004141	-1
read_004142	mol_004142	1
read_004143	mol_004143	-1
read_004144	mol_004144	1
read_004145	mol_004145	1
read_004146	mol_004146	-1
read_004147	mol_004147	1
read_004148	mol_004148	-1
read_004149	mol_004149	1
read_004150	mol_004150	1
read_004151	mol_004151	-1
read_004152	mol_004152	1
read_004153	mol_004153	-1
read_004154	mol_004154	1
read_004155	mol_004155	1
read_004156	mol_004156	1
read_004157	mol_004157	-1
read_004158	mol_004158	-1
read_004159	mol_004159	-1
read_004160	mol_004160	-1
read_004161	mol_004161	-1
read_004162	mol_004162	1
read_004163	mol_004163	1
read_004164	mol_004164	-1
read_004165	mol_004165	1
read_004166	mol_004166	1
read_004167	mol_004167	1
read_004168	mol_004168	1
read_004169	mol_004169	-1
read_004170	mol_004170	1
read_004171	mol_004171	1
read_004172	mol_004172	-1
read_004173	mol_004173	-1
read_004174	mol_004174	1
read_004175	mol_004175	-1
read_004176	mol_004176	1
read_004177	mol_004177	-1
read_004178	mol_004178	1
read_004179	mol_004179	1
read_004180	mol_004180	1
read_004181	mol_004181	-1
read_004182	mol_004182	-1
read_004183	mol_004183	-1
read_004184	mol_004184	-1
read_004185	mol_004185	-1
read_004186	mol_004186	1
read_004187	mol_004187	1
read_004188	mol_004188	1
read_004189	mol_004189	1
read_004190	mol_004190	-1
read_004191	mol_004191	-1
read_004192	mol_004192	1
read_004193	mol_004193	1
read_004194	mol_004194	1
read_004195	mol_004195	1
read_004196	mol_004196	1
read_004197	mol_004197	-1
read_004198	mol_004198	1
read_004199	mol_004199	-1
read_004200	mol_004200	1
read_004201	mol_004201	-1
read_004202	mol_004202	-1
read_004203	mol_004203	1
read_004204	mol_004204	-1
read_004205	mol_004205	1
read_004206	mol_004206	1
read_004207	mol_004207	1
read_004208	mol_004208	-1
read_004209	mol_004209	-1
read_004210	mol_004210	1
read_004211	mol_004211	1
read_004212	mol_004212	-1
read_004213	mol_004213	-1
read_004214	mol_004214	1
read_004215	mol_004215	-1
read_004216	mol_004216	1
read_004217	mol_004217	-1
read_004218	mol_004218	-1
read_004219	mol_004219	1
read_004220	mol_004220	-1
read_004221	mol_004221	-1
read_004222	mol_004222	1
read_004223	mol_004223	-1
read_004224	mol_004224	1
read_004225	mol_004225	-1
read_004226	mol_004226	-1
read_004227	mol_004227	-1
read_004228	mol_004228	-1
read_004229	mol_004229	-1
read_004230	mol_004230	1
read_004231	mol_004231	1
read_004232	mol_004232	-1
read_004233	mol_004233	1
read_004234	mol_004234	1
read_004235	mol_004235	1
read_004236	mol_004236	1
read_004237	mol_004237	1
read_004238	mol_004238	-1
read_004239	mol_004239	1
read_004240	mol_004240	-1
read_004241	mol_004241	1
read_004242	mol_004242	1
read_004243	mol_004243	1
read_004244	mol_004244	1
read_004245	mol_004245	-1
read_004246	mol_004246	-1
read_004247	mol_004247	1
read_004248	mol_004248	1
read_004249	mol_004249	-1
read_004250	mol_004250	-1
read_004251	mol_004251	1
read_004252	mol_004252	1
read_004253	mol_004253	-1
read_004254	mol_004254	-1
read_004255	mol_004255	1
read_004256	mol_004256	1
read_004257	mol_004257	-1
read_004258	mol_004258	-1
read_004259	mol_004259	-1
read_004260	mol_004260	-1
read_004261	mol_004261	1
read_004262	mol_004262	1
read_004263	mol_004263	-1
read_004264	mol_004264	1
read_004265	mol_004265	1
read_004266	mol_004266	-1
read_004267	mol_004267	-1
read_004268	mol_004268	-1
read_004269	mol_004269	1
read_004270	mol_004270	1
read_004271	mol_004271	1
read_004272	mol_004272	1
read_004273	mol_004273	-1
read_004274	mol_004274	1
read_004275	mol_004275	-1
read_004276	mol_004276	1
read_004277	mol_004277	-1
read_004278	mol_004278	-1
read_004279	mol_004279	-1
read_004280	mol_004280	1
read_004281	mol_004281	-1
read_004282	mol_004282	1
read_004283	mol_004283	1
read_004284	mol_004284	-1
read_004285	mol_004285	1
read_004286	mol_004286	1
read_004287	mol_004287	1
read_004288	mol_004288	1
read_004289	mol_004289	-1
read_004290	mol_004290	-1
read_004291	mol_004291	1
read_004292	mol_004292	-1
read_004293	mol_004293	1
read_004294	mol_004294	1
read_004295	mol_004295	-1
read_004296	mol_004296	-1
read_004297	mol_004297	1
read_004298	mol_004298	1
read_004299	mol_004299	-1
read_004300	mol_004300	1
read_004301	mol_004301	1
read_004302	mol_004302	1
read_004303	mol_004303	-1
read_004304	mol_004304	1
read_004305	mol_004305	1
read_004306	mol_004306	-1
read_004307	mol_004307	-1
read_004308	mol_004308	-1
read_004309	mol_004309	1
read_004310	mol_004310	1
read_004311	mol_004311	-1
read_004312	mol_004312	1
read_004313	mol_004313	-1
read_004314	mol_004314	-1
read_004315	mol_004315	1
read_004316	mol_004316	-1
read_004317	mol_004317	-1
read_004318	mol_004318	1
read_004319	mol_004319	-1
read_004320	mol_004320	1
read_004321	mol_004321	-1
read_004322	mol_004322	-1
read_004323	mol_004323	1
read_004324	mol_004324	1
read_004325	mol_004325	1
read_004326	mol_004326	1
read_004327	mol_004327	1
read_004328	mol_004328	1
read_004329	mol_004329	1
read_004330	mol_004330	1
read_004331	mol_004331	1
read_004332	mol_004332	-1
read_004333	mol_004333	-1
read_004334	mol_004334	-1
read_004335	mol_004335	1
read_004336	mol_004336	-1
read_004337	mol_004337	1
read_004338	mol_004338	-1
read_004339	mol_004339	-1
read_004340	mol_004340	-1
read_004341	mol_004341	1
read_004342	mol_004342	-1
read_004343	mol_004343	1
read_004344	mol_004344	1
read_004345	mol_004345	-1
read_004346	mol_004346	1
read_004347	mol_004347	1
read_004348	mol_004348	1
read_004349	mol_004349	1
read_004350	mol_004350	-1
read_004351	mol_004351	-1
read_004352	mol_004352	-1
read_004353	mol_004353	-1
read_004354	mol_004354	-1
read_004355	mol_004355	-1
read_004356	mol_004356	1
read_004357	mol_004357	1
read_004358	mol_004358	-1
read_004359	mol_004359	-1
read_004360	mol_004360	-1
read_004361	mol_004361	-1
read_004362	mol_004362	1
read_004363	mol_004363	1
read_004364	mol_004364	1
read_004365	mol_004365	1
read_004366	mol_004366	-1
read_004367	mol_004367	-1
read_004368	mol_004368	-1
read_004369	mol_004369	-1
read_004370	mol_004370	-1
read_004371	mol_004371	-1
read_004372	mol_004372	-1
read_004373	mol_004373	1
read_004374	mol_004374	1
read_004375	mol_004375	1
read_004376	mol_004376	1
read_004377	mol_004377	1
read_004378	mol_004378	1
read_004379	mol_004379	1
read_004380	mol_004380	1
read_004381	mol_004381	-1
read_004382	mol_004382	1
read_004383	mol_004383	-1
read_004384	mol_004384	1
read_004385	mol_004385	1
read_004386	mol_004386	1
read_004387	mol_004387	1
read_004388	mol_004388	-1
read_004389	mol_004389	-1
read_004390	mol_004390	1
read_004391	mol_004391	-1
read_004392	mol_004392	-1
read_004393	mol_004393	-1
read_004394	mol_004394	1
read_004395	mol_004395	1
read_004396	mol_004396	1
read_004397	mol_004397	-1
read_004398	mol_004398	1
read_004399	mol_004399	-1
read_004400	mol_004400	1
read_004401	mol_004401	-1
read_004402	mol_004402	1
read_004403	mol_004403	1
read_004404	mol_004404	-1
read_004405	mol_004405	-1
read_004406	mol_004406	-1
read_004407	mol_004407	1
read_004408	mol_004408	1
read_004409	mol_004409	1
read_004410	mol_004410	-1
read_004411	mol_004411	1
read_004412	mol_004412	1
read_004413	mol_004413	-1
read_004414	mol_004414	1
read_004415	mol_004415	-1
read_004416	mol_004416	1
read_004417	mol_004417	-1
read_004418	mol_004418	-1
read_004419	mol_004419	-1
read_004420	mol_004420	1
read_004421	mol_004421	1
read_004422	mol_004422	-1
read_004423	mol_004423	1
read_004424	mol_004424	1
read_004425	mol_004425	1
read_004426	mol_004426	1
read_004427	mol_004427	-1
read_004428	mol_004428	-1
read_004429	mol_004429	1
read_004430	mol_004430	1
read_004431	mol_004431	-1
read_004432	mol_004432	-1
read_004433	mol_004433	-1
read_004434	mol_004434	-1
read_004435	mol_004435	-1
read_004436	mol_004436	-1
read_004437	mol_004437	-1
read_004438	mol_004438	1
read_004439	mol_004439	1
read_004440	mol_004440	-1
read_004441	mol_004441	1
read_004442	mol_004442	-1
read_004443	mol_004443	1
read_004444	mol_004444	-1
read_004445	mol_004445	1
read_004446	mol_004446	-1
read_004447	mol_004447	-1
read_004448	mol_004448	1
read_004449	mol_004449	1
read_004450	mol_004450	-1
read_004451	mol_004451	1
read_004452	mol_004452	-1
read_004453	mol_004453	-1
read_004454	mol_004454	-1
read_004455	mol_004455	-1
read_004456	mol_004456	-1
read_004457	mol_004457	-1
read_004458	mol_004458	-1
read_004459	mol_004459	1
read_004460	mol_004460	1
read_004461	mol_004461	-1
read_004462	mol_004462	-1
read_004463	mol_004463	-1
read_004464	mol_004464	-1
read_004465	mol_004465	-1
read_004466	mol_004466	-1
read_004467	mol_004467	-1
read_004468	mol_004468	1
read_004469	mol_004469	-1
read_004470	mol_004470	1
read_004471	mol_004471	1
read_004472	mol_004472	1
read_004473	mol_004473	1
read_004474	mol_004474	-1
read_004475	mol_004475	1
read_004476	mol_004476	-1
read_004477	mol_004477	-1
read_004478	mol_004478	1
read_004479	mol_004479	-1
read_004480	mol_004480	1
read_004481	mol_004481	1
read_004482	mol_004482	1
read_004483	mol_004483	1
read_004484	mol_004484	-1
read_004485	mol_004485	1
read_004486	mol_004486	1
read_004487	mol_004487	1
read_004488	mol_004488	1
read_004489	mol_004489	1
read_004490	mol_004490	1
read_004491	mol_004491	1
read_004492	mol_004492	1
read_004493	mol_004493	-1
read_004494	mol_004494	1
read_004495	mol_004495	-1
read_004496	mol_004496	1
read_004497	mol_004497	-1
read_004498	mol_004498	-1
read_004499	mol_004499	1
read_004500	mol_004500	-1
read_004501	mol_004501	-1
read_004502	mol_004502	-1
read_004503	mol_004503	-1
read_004504	mol_004504	-1
read_004505	mol_004505	-1
read_004506	mol_004506	1
read_004507	mol_004507	1
read_004508	mol_004508	-1
read_004509	mol_004509	-1
read_004510	mol_004510	1
read_004511	mol_004511	-1
read_004512	mol_004512	-1
read_004513	mol_004513	1
read_004514	mol_004514	-1
read_004515	mol_004515	1
read_004516	mol_004516	-1
read_004517	mol_004517	1
read_004518	mol_004518	-1
read_004519	mol_004519	1
read_004520	mol_004520	-1
read_004521	mol_004521	-1
read_004522	mol_004522	-1
read_004523	mol_004523	-1
read_004524	mol_004524	-1
read_004525	mol_004525	-1
read_004526	mol_004526	1
read_004527	mol_004527	1
read_004528	mol_004528	1
read_004529	mol_004529	-1
read_004530	mol_004530	1
read_004531	mol_004531	1
read_004532	mol_004532	1
read_004533	mol_004533	1
read_004534	mol_004534	1
read_004535	mol_004535	1
read_004536	mol_004536	-1
read_004537	mol_004537	1
read_004538	mol_004538	-1
read_004539	mol_004539	1
read_004540	mol_004540	1
read_004541	mol_004541	-1
read_004542	mol_004542	-1
read_004543	mol_004543	-1
read_004544	mol_004544	-1
read_004545	mol_004545	-1
read_004546	mol_004546	1
read_004547	mol_004547	-1
read_004548	mol_004548	-1
read_004549	mol_004549	1
read_004550	mol_004550	-1
read_004551	mol_004551	1
read_004552	mol_004552	1
read_004553	mol_004553	1
read_004554	mol_004554	1
read_004555	mol_004555	1
read_004556	mol_004556	-1
read_004557	mol_004557	-1
read_004558	mol_004558	-1
read_004559	mol_004559	1
read_004560	mol_004560	-1
read_004561	mol_004561	-1
read_004562	mol_004562	-1
read_004563	mol_004563	1
read_004564	mol_004564	-1
read_004565	mol_004565	-1
read_004566	mol_004566	-1
read_004567	mol_004567	1
read_004568	mol_004568	-1
read_004569	mol_004569	-1
read_004570	mol_004570	-1
read_004571	mol_004571	-1
read_004572	mol_004572	-1
read_004573	mol_004573	-1
read_004574	mol_004574	1
read_004575	mol_004575	-1
read_004576	mol_004576	1
read_004577	mol_004577	-1
read_004578	mol_004578	1
read_004579	mol_004579	-1
read_004580	mol_004580	-1
read_004581	mol_004581	1
read_004582	mol_004582	-1
read_004583	mol_004583	1
read_004584	mol_004584	1
read_004585	mol_004585	1
read_004586	mol_004586	-1
read_004587	mol_004587	1
read_004588	mol_004588	1
read_004589	mol_004589	-1
read_004590	mol_004590	-1
read_004591	mol_004591	1
read_004592	mol_004592	-1
read_004593	mol_004593	1
read_004594	mol_004594	-1
read_004595	mol_004595	-1
read_004596	mol_004596	-1
read_004597	mol_004597	-1
read_004598	mol_004598	1
read_004599	mol_004599	-1
read_004600	mol_004600	-1
read_004601	mol_004601	1
read_004602	mol_004602	1
read_004603	mol_004603	-1
read_004604	mol_004604	-1
read_004605	mol_004605	-1
read_004606	mol_004606	1
read_004607	mol_004607	-1
read_004608	mol_004608	1
read_004609	mol_004609	1
read_004610	mol_004610	-1
read_004611	mol_004611	1
read_004612	mol_004612	-1
read_004613	mol_004613	1
read_004614	mol_004614	-1
read_004615	mol_004615	-1
read_004616	mol_004616	1
read_004617	mol_004617	1
read_004618	mol_004618	-1
read_004619	mol_004619	1
read_004620	mol_004620	-1
read_004621	mol_004621	-1
read_004622	mol_004622	1
read_004623	mol_004623	1
read_004624	mol_004624	-1
read_004625	mol_004625	-1
read_004626	mol_004626	-1
read_004627	mol_004627	1
read_004628	mol_004628	-1
read_004629	mol_004629	1
read_004630	mol_004630	1
read_004631	mol_004631	1
read_004632	mol_004632	-1
read_004633	mol_004633	-1
read_004634	mol_004634	1
read_004635	mol_004635	-1
read_004636	mol_004636	-1
read_004637	mol_004637	-1
read_004638	mol_004638	1
read_004639	mol_004639	1
read_004640	mol_004640	1
read_004641	mol_004641	1
read_004642	mol_004642	1
read_004643	mol_004643	-1
read_004644	mol_004644	1
read_004645	mol_004645	-1
read_004646	mol_004646	-1
read_004647	mol_004647	-1
read_004648	mol_004648	1
read_004649	mol_004649	1
read_004650	mol_004650	1
read_004651	mol_004651	-1
read_004652	mol_004652	1
read_004653	mol_004653	-1
read_004654	mol_004654	-1
read_004655	mol_004655	-1
read_004656	mol_004656	-1
read_004657	mol_004657	1
read_004658	mol_004658	-1
read_004659	mol_004659	1
read_004660	mol_004660	1
read_004661	mol_004661	-1
read_004662	mol_004662	1
read_004663	mol_004663	1
read_004664	mol_004664	1
read_004665	mol_004665	1
read_004666	mol_004666	-1
read_004667	mol_004667	1
read_004668	mol_004668	-1
read_004669	mol_004669	1
read_004670	mol_004670	-1
read_004671	mol_004671	1
read_004672	mol_004672	1
read_004673	mol_004673	1
read_004674	mol_004674	-1
read_004675	mol_004675	1
read_004676	mol_004676	1
read_004677	mol_004677	1
read_004678	mol_004678	1
read_004679	mol_004679	-1
read_004680	mol_004680	-1
read_004681	mol_004681	1
read_004682	mol_004682	1
read_004683	mol_004683	1
read_004684	mol_004684	-1
read_004685	mol_004685	1
read_004686	mol_004686	1
read_004687	mol_004687	-1
read_004688	mol_004688	-1
read_004689	mol_004689	-1
read_004690	mol_004690	-1
read_004691	mol_004691	-1
read_004692	mol_004692	-1
read_004693	mol_004693	1
read_004694	mol_004694	1
read_004695	mol_004695	-1
read_004696	mol_004696	-1
read_004697	mol_004697	1
read_004698	mol_004698	1
read_004699	mol_004699	-1
read_004700	mol_004700	1
read_004701	mol_004701	1
read_004702	mol_004702	1
read_004703	mol_004703	-1
read_004704	mol_004704	-1
read_004705	mol_004705	1
read_004706	mol_004706	-1
read_004707	mol_004707	1
read_004708	mol_004708	-1
read_004709	mol_004709	1
read_004710	mol_004710	-1
read_004711	mol_004711	-1
read_004712	mol_004712	1
read_004713	mol_004713	-1
read_004714	mol_004714	-1
read_004715	mol_004715	-1
read_004716	mol_004716	1
read_004717	mol_004717	-1
read_004718	mol_004718	1
read_004719	mol_004719	-1
read_004720	mol_004720	1
read_004721	mol_004721	-1
read_004722	mol_004722	1
read_004723	mol_004723	-1
read_004724	mol_004724	-1
read_004725	mol_004725	-1
read_004726	mol_004726	-1
read_004727	mol_004727	1
read_004728	mol_004728	-1
read_004729	mol_004729	1
read_004730	mol_004730	-1
read_004731	mol_004731	1
read_004732	mol_004732	1
read_004733	mol_004733	-1
read_004734	mol_004734	-1
read_004735	mol_004735	1
read_004736	mol_004736	1
read_004737	mol_004737	-1
read_004738	mol_004738	1
read_004739	mol_004739	-1
read_004740	mol_004740	1
read_004741	mol_004741	1
read_004742	mol_004742	1
read_004743	mol_004743	-1
read_004744	mol_004744	1
read_004745	mol_004745	-1
read_004746	mol_004746	-1
read_004747	mol_004747	1
read_004748	mol_004748	1
read_004749	mol_004749	1
read_004750	mol_004750	1
read_004751	mol_004751	-1
read_004752	mol_004752	1
read_004753	mol_004753	1
read_004754	mol_004754	-1
read_004755	mol_004755	-1
read_004756	mol_004756	-1
read_004757	mol_004757	-1
read_004758	mol_004758	1
read_004759	mol_004759	1
read_004760	mol_004760	-1
read_004761	mol_004761	-1
read_004762	mol_004762	-1
read_004763	mol_004763	-1
read_004764	mol_004764	-1
read_004765	mol_004765	-1
read_004766	mol_004766	1
read_004767	mol_004767	-1
read_004768	mol_004768	1
read_004769	mol_004769	-1
read_004770	mol_004770	-1
read_004771	mol_004771	-1
read_004772	mol_004772	1
read_004773	mol_004773	-1
read_004774	mol_004774	1
read_004775	mol_004775	1
read_004776	mol_004776	1
read_004777	mol_004777	1
read_004778	mol_004778	1
read_004779	mol_004779	1
read_004780	mol_004780	-1
read_004781	mol_004781	-1
read_004782	mol_004782	-1
read_004783	mol_004783	1
read_004784	mol_004784	-1
read_004785	mol_004785	-1
read_004786	mol_004786	-1
read_004787	mol_004787	1
read_004788	mol_004788	-1
read_004789	mol_004789	1
read_004790	mol_004790	-1
read_004791	mol_004791	-1
read_004792	mol_004792	1
read_004793	mol_004793	1
read_004794	mol_004794	1
read_004795	mol_004795	-1
read_004796	mol_004796	1
read_004797	mol_004797	-1
read_004798	mol_004798	1
read_004799	mol_004799	-1
read_004800	mol_004800	1
read_004801	mol_004801	-1
read_004802	mol_004802	-1
read_004803	mol_004803	-1
read_004804	mol_004804	-1
read_004805	mol_004805	1
read_004806	mol_004806	1
read_004807	mol_004807	1
read_004808	mol_004808	-1
read_004809	mol_004809	-1
read_004810	mol_004810	1
read_004811	mol_004811	1
read_004812	mol_004812	-1
read_004813	mol_004813	1
read_004814	mol_004814	-1
read_004815	mol_004815	1
read_004816	mol_004816	-1
read_004817	mol_004817	1
read_004818	mol_004818	1
read_004819	mol_004819	-1
read_004820	mol_004820	1
read_004821	mol_004821	-1
read_004822	mol_004822	-1
read_004823	mol_004823	-1
read_004824	mol_004824	-1
read_004825	mol_004825	-1
read_004826	mol_004826	1
read_004827	mol_004827	1
read_004828	mol_004828	1
read_004829	mol_004829	1
read_004830	mol_004830	1
read_004831	mol_004831	1
read_004832	mol_004832	-1
read_004833	mol_004833	-1
read_004834	mol_004834	-1
read_004835	mol_004835	-1
read_004836	mol_004836	-1
read_004837	mol_004837	1
read_004838	mol_004838	1
read_004839	mol_004839	1
read_004840	mol_004840	-1
read_004841	mol_004841	-1
read_004842	mol_004842	1
read_004843	mol_004843	1
read_004844	mol_004844	-1
read_004845	mol_004845	-1
read_004846	mol_004846	-1
read_004847	mol_004847	-1
read_004848	mol_004848	-1
read_004849	mol_004849	-1
read_004850	mol_004850	-1
read_004851	mol_004851	-1
read_004852	mol_004852	-1
read_004853	mol_004853	1
read_004854	mol_004854	1
read_004855	mol_004855	1
read_004856	mol_004856	1
read_004857	mol_004857	1
read_004858	mol_004858	-1
read_004859	mol_004859	-1
read_004860	mol_004860	-1
read_004861	mol_004861	-1
read_004862	mol_004862	-1
read_004863	mol_004863	-1
read_004864	mol_004864	-1
read_004865	mol_004865	-1
read_004866	mol_004866	-1
read_004867	mol_004867	1
read_004868	mol_004868	-1
read_004869	mol_004869	-1
read_004870	mol_004870	-1
read_004871	mol_004871	1
read_004872	mol_004872	-1
read_004873	mol_004873	-1
read_004874	mol_004874	1
read_004875	mol_004875	-1
read_004876	mol_004876	1
read_004877	mol_004877	1
read_004878	mol_004878	-1
read_004879	mol_004879	-1
read_004880	mol_004880	-1
read_004881	mol_004881	1
read_004882	mol_004882	1
read_004883	mol_004883	-1
read_004884	mol_004884	-1
read_004885	mol_004885	-1
read_004886	mol_004886	1
read_004887	mol_004887	-1
read_004888	mol_004888	-1
read_004889	mol_004889	1
read_004890	mol_004890	1
read_004891	mol_004891	1
read_004892	mol_004892	-1
read_004893	mol_004893	-1
read_004894	mol_004894	1
read_004895	mol_004895	1
read_004896	mol_004896	1
read_004897	mol_004897	1
read_004898	mol_004898	-1
read_004899	mol_004899	-1
read_004900	mol_004900	1
read_004901	mol_004901	-1
read_004902	mol_004902	1
read_004903	mol_004903	1
read_004904	mol_004904	1
read_004905	mol_004905	1
read_004906	mol_004906	1
read_004907	mol_004907	-1
read_004908	mol_004908	1
read_004909	mol_004909	-1
read_004910	mol_004910	1
read_004911	mol_004911	-1
read_004912	mol_004912	1
read_004913	mol_004913	1
read_004914	mol_004914	1
read_004915	mol_004915	1
read_004916	mol_004916	1
read_004917	mol_004917	1
read_004918	mol_004918	1
read_004919	mol_004919	-1
read_004920	mol_004920	1
read_004921	mol_004921	1
read_004922	mol_004922	1
read_004923	mol_004923	1
read_004924	mol_004924	-1
read_004925	mol_004925	-1
read_004926	mol_004926	-1
read_004927	mol_004927	-1
read_004928	mol_004928	-1
read_004929	mol_004929	1
read_004930	mol_004930	-1
read_004931	mol_004931	1
read_004932	mol_004932	1
read_004933	mol_004933	1
read_004934	mol_004934	1
read_004935	mol_004935	1
read_004936	mol_004936	-1
read_004937	mol_004937	-1
read_004938	mol_004938	-1
read_004939	mol_004939	1
read_004940	mol_004940	1
read_004941	mol_004941	-1
read_004942	mol_004942	1
read_004943	mol_004943	-1
read_004944	mol_004944	-1
read_004945	mol_004945	1
read_004946	mol_004946	1
read_004947	mol_004947	1
read_004948	mol_004948	-1
read_004949	mol_004949	1
read_004950	mol_004950	1
read_004951	mol_004951	-1
read_004952	mol_004952	-1
read_004953	mol_004953	1
read_004954	mol_004954	1
read_004955	mol_004955	1
read_004956	mol_004956	-1
read_004957	mol_004957	1
read_004958	mol_004958	-1
read_004959	mol_004959	1
read_004960	mol_004960	-1
read_004961	mol_004961	-1
read_004962	mol_004962	-1
read_004963	mol_004963	-1
read_004964	mol_004964	1
read_004965	mol_004965	-1
read_004966	mol_004966	1
read_004967	mol_004967	-1
read_004968	mol_004968	-1
read_004969	mol_004969	1
read_004970	mol_004970	-1
read_004971	mol_004971	-1
read_004972	mol_004972	1
read_004973	mol_004973	1
read_004974	mol_004974	1
read_004975	mol_004975	1
read_004976	mol_004976	1
read_004977	mol_004977	-1
read_004978	mol_004978	1
read_004979	mol_004979	1
read_004980	mol_004980	1
read_004981	mol_004981	1
read_004982	mol_004982	1
read_004983	mol_004983	-1
read_004984	mol_004984	1
read_004985	mol_004985	1
read_004986	mol_004986	-1
read_004987	mol_004987	1
read_004988	mol_004988	-1
read_004989	mol_004989	1
read_004990	mol_004990	-1
read_004991	mol_004991	-1
read_004992	mol_004992	1
read_004993	mol_004993	-1
read_004994	mol_004994	1
read_004995	mol_004995	1
read_004996	mol_004996	-1
read_004997	mol_004997	-1
read_004998	mol_004998	1
read_004999	mol_004999	1
