source	target	overlap_length	shared_het_sites	concordances	differences	weight	sign
0	1	16003	20	18	2	24.26	1
0	2	16403	20	15	5	15.16	1
0	3	10281	14	13	1	18.20	1
0	4	15253	20	17	3	21.23	1
0	5	15246	20	16	4	18.20	1
0	6	14804	18	3	15	-18.20	-1
0	7	14456	17	11	6	7.58	1
0	8	14383	17	2	15	-19.71	-1
0	9	13970	15	3	12	-13.65	-1
0	10	13948	15	14	1	19.71	1
0	11	13383	14	12	2	15.16	1
0	12	12834	13	1	12	-16.68	-1
0	13	11522	11	9	2	10.61	1
0	14	10882	10	9	1	12.13	1
0	15	10333	10	0	10	-15.16	-1
0	16	9672	10	7	3	6.07	1
0	17	9645	10	10	0	15.16	1
0	18	9053	8	5	3	3.03	1
0	19	7776	8	2	6	-6.07	-1
0	20	7235	8	5	3	3.03	1
0	21	7049	8	7	1	9.10	1
0	22	6755	8	8	0	12.13	1
0	23	6180	6	3	3	0.00	1
0	24	6175	6	3	3	0.00	1
0	25	5916	6	3	3	0.00	1
0	26	5000	6	1	5	-6.07	-1
0	27	4847	6	0	6	-9.10	-1
0	28	3620	4	2	2	0.00	1
0	29	3289	4	0	4	-6.07	-1
0	30	3170	4	3	1	3.03	1
0	31	2744	3	0	3	-4.55	-1
0	32	2523	2	2	0	3.03	1
0	33	1874	1	1	0	1.52	1
0	34	1056	1	1	0	1.52	1
0	35	883	1	0	1	-1.52	-1
1	2	15479	19	15	4	16.68	1
1	3	10281	14	11	3	12.13	1
1	4	14293	19	14	5	13.65	1
1	5	14286	19	13	6	10.61	1
1	6	13844	17	1	16	-22.75	-1
1	7	13496	16	14	2	18.20	1
1	8	13423	16	1	15	-21.23	-1
1	9	13010	14	3	11	-12.13	-1
1	10	12988	14	13	1	18.20	1
1	11	12423	13	11	2	13.65	1
1	12	11874	12	2	10	-12.13	-1
1	13	10562	10	9	1	12.13	1
1	14	9922	9	6	3	4.55	1
1	15	9373	9	1	8	-10.61	-1
1	16	8712	9	6	3	4.55	1
1	17	8685	9	9	0	13.65	1
1	18	8093	7	7	0	10.61	1
1	19	6816	7	1	6	-7.58	-1
1	20	6275	7	7	0	10.61	1
1	21	6089	7	7	0	10.61	1
1	22	5795	7	5	2	4.55	1
1	23	5220	5	1	4	-4.55	-1
1	24	5215	5	0	5	-7.58	-1
1	25	4956	5	1	4	-4.55	-1
1	26	4040	5	3	2	1.52	1
1	27	3887	5	2	3	-1.52	-1
1	28	2660	3	2	1	1.52	1
1	29	2329	3	0	3	-4.55	-1
1	30	2210	3	3	0	4.55	1
1	31	1784	2	1	1	0.00	1
1	32	1563	1	0	1	-1.52	-1
2	3	10281	14	13	1	18.20	1
2	4	15217	20	16	4	18.20	1
2	5	15210	20	16	4	18.20	1
2	6	14768	18	1	17	-24.26	-1
2	7	14420	17	16	1	22.75	1
2	8	14347	17	4	13	-13.65	-1
2	9	13934	15	2	13	-16.68	-1
2	10	13912	15	13	2	16.68	1
2	11	13347	14	13	1	18.20	1
2	12	12798	13	1	12	-16.68	-1
2	13	11486	11	9	2	10.61	1
2	14	10846	10	7	3	6.07	1
2	15	10297	10	0	10	-15.16	-1
2	16	9636	10	10	0	15.16	1
2	17	9609	10	8	2	9.10	1
2	18	9017	8	7	1	9.10	1
2	19	7740	8	2	6	-6.07	-1
2	20	7199	8	7	1	9.10	1
2	21	7013	8	8	0	12.13	1
2	22	6719	8	7	1	9.10	1
2	23	6144	6	1	5	-6.07	-1
2	24	6139	6	1	5	-6.07	-1
2	25	5880	6	4	2	3.03	1
2	26	4964	6	0	6	-9.10	-1
2	27	4811	6	1	5	-6.07	-1
2	28	3584	4	4	0	6.07	1
2	29	3253	4	1	3	-3.03	-1
2	30	3134	4	3	1	3.03	1
2	31	2708	3	0	3	-4.55	-1
2	32	2487	2	1	1	0.00	1
2	33	1838	1	1	0	1.52	1
2	34	1020	1	1	0	1.52	1
2	35	847	1	0	1	-1.52	-1
3	4	10264	14	14	0	21.23	1
3	5	10257	14	12	2	15.16	1
3	6	9815	12	4	8	-6.07	-1
3	7	9467	11	11	0	16.68	1
3	8	9394	11	4	7	-4.55	-1
3	9	8981	9	1	8	-10.61	-1
3	10	8959	9	7	2	7.58	1
3	11	8394	8	7	1	9.10	1
3	12	7845	7	1	6	-7.58	-1
3	13	6533	5	5	0	7.58	1
3	14	5893	4	3	1	3.03	1
3	15	5344	4	0	4	-6.07	-1
3	16	4683	4	3	1	3.03	1
3	17	4656	4	3	1	3.03	1
3	18	4064	2	2	0	3.03	1
3	19	2787	2	0	2	-3.03	-1
3	20	2246	2	2	0	3.03	1
3	21	2060	2	2	0	3.03	1
3	22	1766	2	1	1	0.00	1
4	5	19568	21	13	8	7.58	1
4	6	18276	18	4	14	-15.16	-1
4	7	16977	17	12	5	10.61	1
4	8	14594	17	3	14	-16.68	-1
4	9	21601	18	5	13	-12.13	-1
4	10	21579	18	13	5	12.13	1
4	11	16487	14	13	1	18.20	1
4	12	20465	16	2	14	-18.20	-1
4	13	15004	11	9	2	10.61	1
4	14	15936	12	10	2	12.13	1
4	15	17964	13	2	11	-13.65	-1
4	16	17303	13	11	2	13.65	1
4	17	16899	13	10	3	10.61	1
4	18	16684	11	9	2	10.61	1
4	19	15407	11	2	9	-10.61	-1
4	20	14866	11	11	0	16.68	1
4	21	14680	11	9	2	10.61	1
4	22	14386	11	9	2	10.61	1
4	23	13811	9	1	8	-10.61	-1
4	24	13806	9	3	6	-4.55	-1
4	25	13547	9	1	8	-10.61	-1
4	26	12631	9	2	7	-7.58	-1
4	27	12478	9	2	7	-7.58	-1
4	28	11251	7	6	1	7.58	1
4	29	10920	7	2	5	-4.55	-1
4	30	10801	7	7	0	10.61	1
4	31	10375	6	1	5	-6.07	-1
4	32	10154	5	5	0	7.58	1
4	33	9505	4	3	1	3.03	1
4	34	8687	4	4	0	6.07	1
4	35	8514	4	0	4	-6.07	-1
4	36	7686	3	1	2	-1.52	-1
4	37	6657	3	3	0	4.55	1
4	38	6568	3	1	2	-1.52	-1
4	39	5595	3	0	3	-4.55	-1
4	40	5547	3	1	2	-1.52	-1
4	41	4829	3	3	0	4.55	1
4	42	4807	3	1	2	-1.52	-1
4	43	3702	3	3	0	4.55	1
4	44	3689	3	2	1	1.52	1
4	45	3592	3	0	3	-4.55	-1
4	46	2726	1	1	0	1.52	1
4	47	2175	1	0	1	-1.52	-1
4	48	1441	1	0	1	-1.52	-1
5	6	18276	18	2	16	-21.23	-1
5	7	16977	17	13	4	13.65	1
5	8	14594	17	4	13	-13.65	-1
5	9	18292	16	2	14	-18.20	-1
5	10	18270	16	11	5	9.10	1
5	11	16487	14	12	2	15.16	1
5	12	17156	14	3	11	-12.13	-1
5	13	15004	11	10	1	13.65	1
5	14	15204	11	9	2	10.61	1
5	15	14655	11	4	7	-4.55	-1
5	16	13994	11	9	2	10.61	1
5	17	13967	11	11	0	16.68	1
5	18	13375	9	8	1	10.61	1
5	19	12098	9	3	6	-4.55	-1
5	20	11557	9	7	2	7.58	1
5	21	11371	9	8	1	10.61	1
5	22	11077	9	9	0	13.65	1
5	23	10502	7	3	4	-1.52	-1
5	24	10497	7	1	6	-7.58	-1
5	25	10238	7	0	7	-10.61	-1
5	26	9322	7	2	5	-4.55	-1
5	27	9169	7	0	7	-10.61	-1
5	28	7942	5	5	0	7.58	1
5	29	7611	5	1	4	-4.55	-1
5	30	7492	5	3	2	1.52	1
5	31	7066	4	0	4	-6.07	-1
5	32	6845	3	3	0	4.55	1
5	33	6196	2	2	0	3.03	1
5	34	5378	2	1	1	0.00	1
5	35	5205	2	0	2	-3.03	-1
5	36	4377	1	0	1	-1.52	-1
5	37	3348	1	1	0	1.52	1
5	38	3259	1	0	1	-1.52	-1
5	39	2286	1	0	1	-1.52	-1
5	40	2238	1	0	1	-1.52	-1
5	41	1520	1	1	0	1.52	1
5	42	1498	1	0	1	-1.52	-1
5	43	393	1	1	0	1.52	1
5	44	380	1	1	0	1.52	1
5	45	283	1	0	1	-1.52	-1
6	7	16977	17	1	16	-22.75	-1
6	8	14594	17	16	1	22.75	1
6	9	17442	15	15	0	22.75	1
6	10	17420	15	4	11	-10.61	-1
6	11	16487	14	3	11	-12.13	-1
6	12	16306	13	12	1	16.68	1
6	13	14994	11	2	9	-10.61	-1
6	14	14354	10	1	9	-12.13	-1
6	15	13805	10	7	3	6.07	1
6	16	13144	10	3	7	-6.07	-1
6	17	13117	10	3	7	-6.07	-1
6	18	12525	8	1	7	-9.10	-1
6	19	11248	8	7	1	9.10	1
6	20	10707	8	1	7	-9.10	-1
6	21	10521	8	3	5	-3.03	-1
6	22	10227	8	4	4	0.00	1
6	23	9652	6	5	1	6.07	1
6	24	9647	6	6	0	9.10	1
6	25	9388	6	6	0	9.10	1
6	26	8472	6	4	2	3.03	1
6	27	8319	6	6	0	9.10	1
6	28	7092	4	1	3	-3.03	-1
6	29	6761	4	3	1	3.03	1
6	30	6642	4	1	3	-3.03	-1
6	31	6216	3	1	2	-1.52	-1
6	32	5995	2	1	1	0.00	1
6	33	5346	1	0	1	-1.52	-1
6	34	4528	1	0	1	-1.52	-1
6	35	4355	1	1	0	1.52	1
7	8	14594	17	3	14	-16.68	-1
7	9	16491	15	3	12	-13.65	-1
7	10	16469	15	11	4	10.61	1
7	11	15904	14	12	2	15.16	1
7	12	15355	13	2	11	-13.65	-1
7	13	14043	11	9	2	10.61	1
7	14	13403	10	7	3	6.07	1
7	15	12854	10	3	7	-6.07	-1
7	16	12193	10	9	1	12.13	1
7	17	12166	10	9	1	12.13	1
7	18	11574	8	7	1	9.10	1
7	19	10297	8	0	8	-12.13	-1
7	20	9756	8	8	0	12.13	1
7	21	9570	8	6	2	6.07	1
7	22	9276	8	7	1	9.10	1
7	23	8701	6	1	5	-6.07	-1
7	24	8696	6	1	5	-6.07	-1
7	25	8437	6	0	6	-9.10	-1
7	26	7521	6	1	5	-6.07	-1
7	27	7368	6	1	5	-6.07	-1
7	28	6141	4	4	0	6.07	1
7	29	5810	4	1	3	-3.03	-1
7	30	5691	4	4	0	6.07	1
7	31	5265	3	2	1	1.52	1
7	32	5044	2	2	0	3.03	1
7	33	4395	1	1	0	1.52	1
7	34	3577	1	1	0	1.52	1
7	35	3404	1	1	0	1.52	1
8	9	14181	15	14	1	19.71	1
8	10	14159	15	5	10	-7.58	-1
8	11	13594	14	4	10	-9.10	-1
8	12	13045	13	11	2	13.65	1
8	13	11733	11	6	5	1.52	1
8	14	11093	10	2	8	-9.10	-1
8	15	10544	10	8	2	9.10	1
8	16	9883	10	3	7	-6.07	-1
8	17	9856	10	0	10	-15.16	-1
8	18	9264	8	1	7	-9.10	-1
8	19	7987	8	7	1	9.10	1
8	20	7446	8	1	7	-9.10	-1
8	21	7260	8	2	6	-6.07	-1
8	22	6966	8	1	7	-9.10	-1
8	23	6391	6	4	2	3.03	1
8	24	6386	6	5	1	6.07	1
8	25	6127	6	6	0	9.10	1
8	26	5211	6	5	1	6.07	1
8	27	5058	6	4	2	3.03	1
8	28	3831	4	1	3	-3.03	-1
8	29	3500	4	3	1	3.03	1
8	30	3381	4	0	4	-6.07	-1
8	31	2955	3	3	0	4.55	1
8	32	2734	2	0	2	-3.03	-1
8	33	2085	1	1	0	1.52	1
8	34	1267	1	1	0	1.52	1
8	35	1094	1	1	0	1.52	1
9	10	22584	18	4	14	-15.16	-1
9	11	16487	14	2	12	-15.16	-1
9	12	21311	16	15	1	21.23	1
9	13	15004	11	3	8	-7.58	-1
9	14	15936	12	3	9	-9.10	-1
9	15	18202	13	10	3	10.61	1
9	16	18308	13	3	10	-10.61	-1
9	17	16899	13	1	12	-16.68	-1
9	18	16823	11	3	8	-7.58	-1
9	19	16412	11	9	2	10.61	1
9	20	15871	11	2	9	-10.61	-1
9	21	15685	11	2	9	-10.61	-1
9	22	15391	11	2	9	-10.61	-1
9	23	14816	9	9	0	13.65	1
9	24	14811	9	8	1	10.61	1
9	25	14552	9	7	2	7.58	1
9	26	12683	9	8	1	10.61	1
9	27	13483	9	7	2	7.58	1
9	28	12256	7	1	6	-7.58	-1
9	29	11925	7	5	2	4.55	1
9	30	11806	7	3	4	-1.52	-1
9	31	11380	6	6	0	9.10	1
9	32	11159	5	1	4	-4.55	-1
9	33	10510	4	0	4	-6.07	-1
9	34	9692	4	1	3	-3.03	-1
9	35	9519	4	3	1	3.03	1
9	36	8691	3	2	1	1.52	1
9	37	7662	3	2	1	1.52	1
9	38	7573	3	3	0	4.55	1
9	39	6600	3	3	0	4.55	1
9	40	6552	3	2	1	1.52	1
9	41	5834	3	0	3	-4.55	-1
9	42	5812	3	3	0	4.55	1
9	43	4707	3	1	2	-1.52	-1
9	44	4694	3	0	3	-4.55	-1
9	45	4597	3	3	0	4.55	1
9	46	3731	1	0	1	-1.52	-1
9	47	3180	1	0	1	-1.52	-1
9	48	2446	1	1	0	1.52	1
10	11	16487	14	13	1	18.20	1
10	12	21311	16	1	15	-21.23	-1
10	13	15004	11	10	1	13.65	1
10	14	15936	12	12	0	18.20	1
10	15	18202	13	2	11	-13.65	-1
10	16	18563	13	8	5	4.55	1
10	17	16899	13	8	5	4.55	1
10	18	16823	11	11	0	16.68	1
10	19	16546	11	0	11	-16.68	-1
10	20	16126	11	10	1	13.65	1
10	21	15940	11	7	4	4.55	1
10	22	15646	11	8	3	7.58	1
10	23	14844	9	4	5	-1.52	-1
10	24	15066	9	1	8	-10.61	-1
10	25	14807	9	1	8	-10.61	-1
10	26	12683	9	1	8	-10.61	-1
10	27	13738	9	2	7	-7.58	-1
10	28	12511	7	6	1	7.58	1
10	29	12180	7	1	6	-7.58	-1
10	30	12061	7	6	1	7.58	1
10	31	11635	6	1	5	-6.07	-1
10	32	11414	5	5	0	7.58	1
10	33	10765	4	3	1	3.03	1
10	34	9947	4	3	1	3.03	1
10	35	9774	4	1	3	-3.03	-1
10	36	8946	3	0	3	-4.55	-1
10	37	7917	3	2	1	1.52	1
10	38	7828	3	0	3	-4.55	-1
10	39	6855	3	1	2	-1.52	-1
10	40	6807	3	0	3	-4.55	-1
10	41	6089	3	3	0	4.55	1
10	42	6067	3	1	2	-1.52	-1
10	43	4962	3	3	0	4.55	1
10	44	4949	3	3	0	4.55	1
10	45	4852	3	0	3	-4.55	-1
10	46	3986	1	1	0	1.52	1
10	47	3435	1	0	1	-1.52	-1
10	48	2701	1	0	1	-1.52	-1
11	12	15938	13	6	7	-1.52	-1
11	13	14626	11	11	0	16.68	1
11	14	13986	10	7	3	6.07	1
11	15	13437	10	2	8	-9.10	-1
11	16	12776	10	10	0	15.16	1
11	17	12749	10	8	2	9.10	1
11	18	12157	8	5	3	3.03	1
11	19	10880	8	1	7	-9.10	-1
11	20	10339	8	6	2	6.07	1
11	21	10153	8	7	1	9.10	1
11	22	9859	8	8	0	12.13	1
11	23	9284	6	2	4	-3.03	-1
11	24	9279	6	1	5	-6.07	-1
11	25	9020	6	0	6	-9.10	-1
11	26	8104	6	2	4	-3.03	-1
11	27	7951	6	1	5	-6.07	-1
11	28	6724	4	3	1	3.03	1
11	29	6393	4	2	2	0.00	1
11	30	6274	4	2	2	0.00	1
11	31	5848	3	0	3	-4.55	-1
11	32	5627	2	2	0	3.03	1
11	33	4978	1	0	1	-1.52	-1
11	34	4160	1	1	0	1.52	1
11	35	3987	1	0	1	-1.52	-1
12	13	15004	11	1	10	-13.65	-1
12	14	15936	12	1	11	-15.16	-1
12	15	18202	13	11	2	13.65	1
12	16	18149	13	4	9	-7.58	-1
12	17	16899	13	4	9	-7.58	-1
12	18	16823	11	2	9	-10.61	-1
12	19	16253	11	8	3	7.58	1
12	20	15712	11	0	11	-16.68	-1
12	21	15526	11	3	8	-7.58	-1
12	22	15232	11	1	10	-13.65	-1
12	23	14657	9	8	1	10.61	1
12	24	14652	9	8	1	10.61	1
12	25	14393	9	8	1	10.61	1
12	26	12683	9	7	2	7.58	1
12	27	13324	9	9	0	13.65	1
12	28	12097	7	2	5	-4.55	-1
12	29	11766	7	3	4	-1.52	-1
12	30	11647	7	2	5	-4.55	-1
12	31	11221	6	3	3	0.00	1
12	32	11000	5	0	5	-7.58	-1
12	33	10351	4	1	3	-3.03	-1
12	34	9533	4	1	3	-3.03	-1
12	35	9360	4	3	1	3.03	1
12	36	8532	3	3	0	4.55	1
12	37	7503	3	0	3	-4.55	-1
12	38	7414	3	3	0	4.55	1
12	39	6441	3	2	1	1.52	1
12	40	6393	3	3	0	4.55	1
12	41	5675	3	0	3	-4.55	-1
12	42	5653	3	2	1	1.52	1
12	43	4548	3	0	3	-4.55	-1
12	44	4535	3	1	2	-1.52	-1
12	45	4438	3	2	1	1.52	1
12	46	3572	1	0	1	-1.52	-1
12	47	3021	1	1	0	1.52	1
12	48	2287	1	1	0	1.52	1
13	14	14364	10	9	1	12.13	1
13	15	13815	10	2	8	-9.10	-1
13	16	13154	10	10	0	15.16	1
13	17	13127	10	7	3	6.07	1
13	18	12535	8	4	4	0.00	1
13	19	11258	8	3	5	-3.03	-1
13	20	10717	8	6	2	6.07	1
13	21	10531	8	6	2	6.07	1
13	22	10237	8	8	0	12.13	1
13	23	9662	6	0	6	-9.10	-1
13	24	9657	6	0	6	-9.10	-1
13	25	9398	6	0	6	-9.10	-1
13	26	8482	6	0	6	-9.10	-1
13	27	8329	6	0	6	-9.10	-1
13	28	7102	4	2	2	0.00	1
13	29	6771	4	1	3	-3.03	-1
13	30	6652	4	4	0	6.07	1
13	31	6226	3	0	3	-4.55	-1
13	32	6005	2	2	0	3.03	1
13	33	5356	1	1	0	1.52	1
13	34	4538	1	1	0	1.52	1
13	35	4365	1	0	1	-1.52	-1
14	15	15387	12	2	10	-12.13	-1
14	16	14726	12	10	2	12.13	1
14	17	14699	12	7	5	3.03	1
14	18	14107	10	8	2	9.10	1
14	19	12830	10	2	8	-9.10	-1
14	20	12289	10	10	0	15.16	1
14	21	12103	10	10	0	15.16	1
14	22	11809	10	9	1	12.13	1
14	23	11234	8	0	8	-12.13	-1
14	24	11229	8	1	7	-9.10	-1
14	25	10970	8	3	5	-3.03	-1
14	26	10054	8	0	8	-12.13	-1
14	27	9901	8	0	8	-12.13	-1
14	28	8674	6	3	3	0.00	1
14	29	8343	6	2	4	-3.03	-1
14	30	8224	6	4	2	3.03	1
14	31	7798	5	0	5	-7.58	-1
14	32	7577	4	4	0	6.07	1
14	33	6928	3	3	0	4.55	1
14	34	6110	3	2	1	1.52	1
14	35	5937	3	0	3	-4.55	-1
14	36	5109	2	0	2	-3.03	-1
14	37	4080	2	2	0	3.03	1
14	38	3991	2	0	2	-3.03	-1
14	39	3018	2	1	1	0.00	1
14	40	2970	2	0	2	-3.03	-1
14	41	2252	2	2	0	3.03	1
14	42	2230	2	0	2	-3.03	-1
14	43	1125	2	2	0	3.03	1
14	44	1112	2	2	0	3.03	1
14	45	1015	2	0	2	-3.03	-1
15	16	17541	13	2	11	-13.65	-1
15	17	16899	13	3	10	-10.61	-1
15	18	16823	11	1	10	-13.65	-1
15	19	15645	11	10	1	13.65	1
15	20	15104	11	2	9	-10.61	-1
15	21	14918	11	0	11	-16.68	-1
15	22	14624	11	3	8	-7.58	-1
15	23	14049	9	8	1	10.61	1
15	24	14044	9	9	0	13.65	1
15	25	13785	9	7	2	7.58	1
15	26	12683	9	8	1	10.61	1
15	27	12716	9	8	1	10.61	1
15	28	11489	7	1	6	-7.58	-1
15	29	11158	7	6	1	7.58	1
15	30	11039	7	2	5	-4.55	-1
15	31	10613	6	6	0	9.10	1
15	32	10392	5	2	3	-1.52	-1
15	33	9743	4	2	2	0.00	1
15	34	8925	4	0	4	-6.07	-1
15	35	8752	4	3	1	3.03	1
15	36	7924	3	1	2	-1.52	-1
15	37	6895	3	1	2	-1.52	-1
15	38	6806	3	3	0	4.55	1
15	39	5833	3	3	0	4.55	1
15	40	5785	3	3	0	4.55	1
15	41	5067	3	1	2	-1.52	-1
15	42	5045	3	3	0	4.55	1
15	43	3940	3	0	3	-4.55	-1
15	44	3927	3	1	2	-1.52	-1
15	45	3830	3	2	1	1.52	1
15	46	2964	1	0	1	-1.52	-1
15	47	2413	1	0	1	-1.52	-1
15	48	1679	1	1	0	1.52	1
16	17	16899	13	10	3	10.61	1
16	18	16823	11	10	1	13.65	1
16	19	16546	11	0	11	-16.68	-1
16	20	17504	12	10	2	12.13	1
16	21	17318	12	12	0	18.20	1
16	22	17024	12	10	2	12.13	1
16	23	14844	9	1	8	-10.61	-1
16	24	16444	10	1	9	-12.13	-1
16	25	16185	10	2	8	-9.10	-1
16	26	12683	9	1	8	-10.61	-1
16	27	15116	10	1	9	-12.13	-1
16	28	13889	8	6	2	6.07	1
16	29	13558	8	1	7	-9.10	-1
16	30	13439	8	5	3	3.03	1
16	31	13013	7	1	6	-7.58	-1
16	32	12792	6	6	0	9.10	1
16	33	12143	5	5	0	7.58	1
16	34	11325	5	4	1	4.55	1
16	35	11152	5	1	4	-4.55	-1
16	36	10324	4	0	4	-6.07	-1
16	37	9295	4	4	0	6.07	1
16	38	9206	4	0	4	-6.07	-1
16	39	8233	4	1	3	-3.03	-1
16	40	8185	4	0	4	-6.07	-1
16	41	7467	4	4	0	6.07	1
16	42	7445	4	0	4	-6.07	-1
16	43	6340	4	3	1	3.03	1
16	44	6327	4	2	2	0.00	1
16	45	6230	4	1	3	-3.03	-1
16	46	5364	2	1	1	0.00	1
16	47	4813	2	1	1	0.00	1
16	48	4079	2	0	2	-3.03	-1
16	49	3684	1	0	1	-1.52	-1
16	50	1969	1	0	1	-1.52	-1
16	51	1418	1	0	1	-1.52	-1
16	52	1153	1	1	0	1.52	1
16	53	1139	1	1	0	1.52	1
17	18	16307	11	5	6	-1.52	-1
17	19	15030	11	1	10	-13.65	-1
17	20	14489	11	8	3	7.58	1
17	21	14303	11	9	2	10.61	1
17	22	14009	11	10	1	13.65	1
17	23	13434	9	3	6	-4.55	-1
17	24	13429	9	1	8	-10.61	-1
17	25	13170	9	3	6	-4.55	-1
17	26	12254	9	2	7	-7.58	-1
17	27	12101	9	1	8	-10.61	-1
17	28	10874	7	4	3	1.52	1
17	29	10543	7	1	6	-7.58	-1
17	30	10424	7	5	2	4.55	1
17	31	9998	6	0	6	-9.10	-1
17	32	9777	5	5	0	7.58	1
17	33	9128	4	2	2	0.00	1
17	34	8310	4	4	0	6.07	1
17	35	8137	4	1	3	-3.03	-1
17	36	7309	3	0	3	-4.55	-1
17	37	6280	3	3	0	4.55	1
17	38	6191	3	2	1	1.52	1
17	39	5218	3	1	2	-1.52	-1
17	40	5170	3	0	3	-4.55	-1
17	41	4452	3	3	0	4.55	1
17	42	4430	3	0	3	-4.55	-1
17	43	3325	3	2	1	1.52	1
17	44	3312	3	2	1	1.52	1
17	45	3215	3	0	3	-4.55	-1
17	46	2349	1	1	0	1.52	1
17	47	1798	1	1	0	1.52	1
17	48	1064	1	0	1	-1.52	-1
18	19	15546	11	1	10	-13.65	-1
18	20	15005	11	9	2	10.61	1
18	21	14819	11	10	1	13.65	1
18	22	14525	11	10	1	13.65	1
18	23	13950	9	1	8	-10.61	-1
18	24	13945	9	0	9	-13.65	-1
18	25	13686	9	2	7	-7.58	-1
18	26	12683	9	1	8	-10.61	-1
18	27	12617	9	3	6	-4.55	-1
18	28	11390	7	6	1	7.58	1
18	29	11059	7	1	6	-7.58	-1
18	30	10940	7	5	2	4.55	1
18	31	10514	6	2	4	-3.03	-1
18	32	10293	5	4	1	4.55	1
18	33	9644	4	2	2	0.00	1
18	34	8826	4	2	2	0.00	1
18	35	8653	4	1	3	-3.03	-1
18	36	7825	3	1	2	-1.52	-1
18	37	6796	3	3	0	4.55	1
18	38	6707	3	0	3	-4.55	-1
18	39	5734	3	0	3	-4.55	-1
18	40	5686	3	1	2	-1.52	-1
18	41	4968	3	2	1	1.52	1
18	42	4946	3	0	3	-4.55	-1
18	43	3841	3	2	1	1.52	1
18	44	3828	3	3	0	4.55	1
18	45	3731	3	1	2	-1.52	-1
18	46	2865	1	1	0	1.52	1
18	47	2314	1	1	0	1.52	1
18	48	1580	1	0	1	-1.52	-1
19	20	16005	11	1	10	-13.65	-1
19	21	15819	11	0	11	-16.68	-1
19	22	15525	11	1	10	-13.65	-1
19	23	14844	9	6	3	4.55	1
19	24	14945	9	6	3	4.55	1
19	25	14686	9	8	1	10.61	1
19	26	12683	9	6	3	4.55	1
19	27	13617	9	8	1	10.61	1
19	28	12390	7	3	4	-1.52	-1
19	29	12059	7	5	2	4.55	1
19	30	11940	7	2	5	-4.55	-1
19	31	11514	6	6	0	9.10	1
19	32	11293	5	2	3	-1.52	-1
19	33	10644	4	1	3	-3.03	-1
19	34	9826	4	1	3	-3.03	-1
19	35	9653	4	4	0	6.07	1
19	36	8825	3	3	0	4.55	1
19	37	7796	3	1	2	-1.52	-1
19	38	7707	3	2	1	1.52	1
19	39	6734	3	3	0	4.55	1
19	40	6686	3	1	2	-1.52	-1
19	41	5968	3	0	3	-4.55	-1
19	42	5946	3	3	0	4.55	1
19	43	4841	3	1	2	-1.52	-1
19	44	4828	3	0	3	-4.55	-1
19	45	4731	3	3	0	4.55	1
19	46	3865	1	0	1	-1.52	-1
19	47	3314	1	0	1	-1.52	-1
19	48	2580	1	1	0	1.52	1
20	21	19354	14	10	4	9.10	1
20	22	19060	14	12	2	15.16	1
20	23	14844	9	0	9	-13.65	-1
20	24	18480	12	2	10	-12.13	-1
20	25	16471	10	0	10	-15.16	-1
20	26	12683	9	2	7	-7.58	-1
20	27	17152	12	2	10	-12.13	-1
20	28	15925	10	8	2	9.10	1
20	29	15594	10	2	8	-9.10	-1
20	30	15475	10	9	1	12.13	1
20	31	15049	9	1	8	-10.61	-1
20	32	14828	8	7	1	9.10	1
20	33	14179	7	6	1	7.58	1
20	34	13361	7	5	2	4.55	1
20	35	13188	7	1	6	-7.58	-1
20	36	12360	6	1	5	-6.07	-1
20	37	11331	6	6	0	9.10	1
20	38	11242	6	0	6	-9.10	-1
20	39	10269	6	3	3	0.00	1
20	40	10221	6	1	5	-6.07	-1
20	41	9503	6	6	0	9.10	1
20	42	9481	6	2	4	-3.03	-1
20	43	8376	6	6	0	9.10	1
20	44	8363	6	6	0	9.10	1
20	45	8266	6	2	4	-3.03	-1
20	46	7400	4	4	0	6.07	1
20	47	6849	4	3	1	3.03	1
20	48	6115	4	0	4	-6.07	-1
20	49	5720	3	3	0	4.55	1
20	50	4005	3	1	2	-1.52	-1
20	51	3454	3	0	3	-4.55	-1
20	52	3189	3	1	2	-1.52	-1
20	53	3175	3	2	1	1.52	1
20	54	1998	2	0	2	-3.03	-1
20	55	1037	2	1	1	0.00	1
20	56	574	2	0	2	-3.03	-1
20	57	416	2	2	0	3.03	1
20	58	400	2	0	2	-3.03	-1
20	59	400	2	1	1	0.00	1
21	22	20771	16	13	3	15.16	1
21	23	14844	9	0	9	-13.65	-1
21	24	19201	14	3	11	-12.13	-1
21	25	16471	10	1	9	-12.13	-1
21	26	12683	9	2	7	-7.58	-1
21	27	20254	15	2	13	-16.68	-1
21	28	20697	15	13	2	16.68	1
21	29	21676	15	2	13	-16.68	-1
21	30	20395	15	13	2	16.68	1
21	31	17094	11	1	10	-13.65	-1
21	32	21253	13	12	1	16.68	1
21	33	18607	12	10	2	12.13	1
21	34	13992	9	7	2	7.58	1
21	35	15208	9	1	8	-10.61	-1
21	36	13550	8	1	7	-9.10	-1
21	37	17764	11	9	2	10.61	1
21	38	20594	13	4	9	-7.58	-1
21	39	18107	11	1	10	-13.65	-1
21	40	19573	13	2	11	-13.65	-1
21	41	11546	8	8	0	12.13	1
21	42	17027	11	1	10	-13.65	-1
21	43	17728	13	11	2	13.65	1
21	44	17715	13	12	1	16.68	1
21	45	12515	11	3	8	-7.58	-1
21	46	16752	11	10	1	13.65	1
21	47	16201	11	10	1	13.65	1
21	48	15467	11	3	8	-7.58	-1
21	49	15072	10	7	3	6.07	1
21	50	13357	10	0	10	-15.16	-1
21	51	12806	10	0	10	-15.16	-1
21	52	12541	10	8	2	9.10	1
21	53	12527	10	8	2	9.10	1
21	54	9656	7	1	6	-7.58	-1
21	55	10389	9	6	3	4.55	1
21	56	9926	9	1	8	-10.61	-1
21	57	9768	9	7	2	7.58	1
21	58	9752	9	2	7	-7.58	-1
21	59	9752	9	2	7	-7.58	-1
21	60	8503	5	0	5	-7.58	-1
21	61	8268	5	1	4	-4.55	-1
21	62	7870	5	3	2	1.52	1
21	63	7716	5	1	4	-4.55	-1
21	64	6268	5	1	4	-4.55	-1
21	65	6072	3	2	1	1.52	1
21	66	5788	3	3	0	4.55	1
21	67	5466	3	0	3	-4.55	-1
21	68	5097	2	0	2	-3.03	-1
21	69	4978	2	1	1	0.00	1
21	70	4680	2	2	0	3.03	1
21	71	3065	2	0	2	-3.03	-1
21	72	2744	2	0	2	-3.03	-1
21	73	2602	2	1	1	0.00	1
21	74	1501	2	2	0	3.03	1
21	75	892	1	0	1	-1.52	-1
21	76	444	1	1	0	1.52	1
21	77	275	1	0	1	-1.52	-1
21	78	156	1	0	1	-1.52	-1
22	23	14844	9	0	9	-13.65	-1
22	24	19201	14	0	14	-21.23	-1
22	25	16471	10	3	7	-6.07	-1
22	26	12683	9	0	9	-13.65	-1
22	27	18863	14	3	11	-12.13	-1
22	28	17636	12	11	1	15.16	1
22	29	17305	12	2	10	-12.13	-1
22	30	17186	12	12	0	18.20	1
22	31	16760	11	1	10	-13.65	-1
22	32	16539	10	8	2	9.10	1
22	33	15890	9	4	5	-1.52	-1
22	34	13992	9	9	0	13.65	1
22	35	14899	9	2	7	-7.58	-1
22	36	13550	8	1	7	-9.10	-1
22	37	13042	8	7	1	9.10	1
22	38	12953	8	2	6	-6.07	-1
22	39	11980	8	0	8	-12.13	-1
22	40	11932	8	2	6	-6.07	-1
22	41	11214	8	7	1	9.10	1
22	42	11192	8	0	8	-12.13	-1
22	43	10087	8	8	0	12.13	1
22	44	10074	8	6	2	6.07	1
22	45	9977	8	2	6	-6.07	-1
22	46	9111	6	5	1	6.07	1
22	47	8560	6	5	1	6.07	1
22	48	7826	6	0	6	-9.10	-1
22	49	7431	5	5	0	7.58	1
22	50	5716	5	2	3	-1.52	-1
22	51	5165	5	1	4	-4.55	-1
22	52	4900	5	4	1	4.55	1
22	53	4886	5	5	0	7.58	1
22	54	3709	4	0	4	-6.07	-1
22	55	2748	4	1	3	-3.03	-1
22	56	2285	4	4	0	6.07	1
22	57	2127	4	3	1	3.03	1
22	58	2111	4	1	3	-3.03	-1
22	59	2111	4	1	3	-3.03	-1
23	24	14839	9	9	0	13.65	1
23	25	14580	9	8	1	10.61	1
23	26	12683	9	8	1	10.61	1
23	27	13511	9	8	1	10.61	1
23	28	12284	7	1	6	-7.58	-1
23	29	11953	7	6	1	7.58	1
23	30	11834	7	0	7	-10.61	-1
23	31	11408	6	6	0	9.10	1
23	32	11187	5	1	4	-4.55	-1
23	33	10538	4	0	4	-6.07	-1
23	34	9720	4	1	3	-3.03	-1
23	35	9547	4	4	0	6.07	1
23	36	8719	3	2	1	1.52	1
23	37	7690	3	1	2	-1.52	-1
23	38	7601	3	3	0	4.55	1
23	39	6628	3	3	0	4.55	1
23	40	6580	3	2	1	1.52	1
23	41	5862	3	0	3	-4.55	-1
23	42	5840	3	3	0	4.55	1
23	43	4735	3	0	3	-4.55	-1
23	44	4722	3	1	2	-1.52	-1
23	45	4625	3	2	1	1.52	1
23	46	3759	1	0	1	-1.52	-1
23	47	3208	1	0	1	-1.52	-1
23	48	2474	1	0	1	-1.52	-1
24	25	16471	10	9	1	12.13	1
24	26	12683	9	6	3	4.55	1
24	27	17873	14	12	2	15.16	1
24	28	16646	12	3	9	-9.10	-1
24	29	16315	12	12	0	18.20	1
24	30	16196	12	4	8	-6.07	-1
24	31	15770	11	8	3	7.58	1
24	32	15549	10	2	8	-9.10	-1
24	33	14900	9	2	7	-7.58	-1
24	34	13992	9	3	6	-4.55	-1
24	35	13909	9	8	1	10.61	1
24	36	13081	8	5	3	3.03	1
24	37	12052	8	1	7	-9.10	-1
24	38	11963	8	7	1	9.10	1
24	39	10990	8	8	0	12.13	1
24	40	10942	8	7	1	9.10	1
24	41	10224	8	2	6	-6.07	-1
24	42	10202	8	6	2	6.07	1
24	43	9097	8	1	7	-9.10	-1
24	44	9084	8	3	5	-3.03	-1
24	45	8987	8	6	2	6.07	1
24	46	8121	6	2	4	-3.03	-1
24	47	7570	6	0	6	-9.10	-1
24	48	6836	6	5	1	6.07	1
24	49	6441	5	0	5	-7.58	-1
24	50	4726	5	5	0	7.58	1
24	51	4175	5	4	1	4.55	1
24	52	3910	5	1	4	-4.55	-1
24	53	3896	5	0	5	-7.58	-1
24	54	2719	4	2	2	0.00	1
24	55	1758	4	0	4	-6.07	-1
24	56	1295	4	4	0	6.07	1
24	57	1137	4	1	3	-3.03	-1
24	58	1121	4	4	0	6.07	1
24	59	1121	4	4	0	6.07	1
25	26	12683	9	9	0	13.65	1
25	27	15402	10	7	3	6.07	1
25	28	14175	8	0	8	-12.13	-1
25	29	13844	8	6	2	6.07	1
25	30	13725	8	1	7	-9.10	-1
25	31	13299	7	5	2	4.55	1
25	32	13078	6	3	3	0.00	1
25	33	12429	5	2	3	-1.52	-1
25	34	11611	5	1	4	-4.55	-1
25	35	11438	5	5	0	7.58	1
25	36	10610	4	3	1	3.03	1
25	37	9581	4	1	3	-3.03	-1
25	38	9492	4	2	2	0.00	1
25	39	8519	4	4	0	6.07	1
25	40	8471	4	3	1	3.03	1
25	41	7753	4	0	4	-6.07	-1
25	42	7731	4	4	0	6.07	1
25	43	6626	4	2	2	0.00	1
25	44	6613	4	0	4	-6.07	-1
25	45	6516	4	4	0	6.07	1
25	46	5650	2	0	2	-3.03	-1
25	47	5099	2	0	2	-3.03	-1
25	48	4365	2	2	0	3.03	1
25	49	3970	1	0	1	-1.52	-1
25	50	2255	1	1	0	1.52	1
25	51	1704	1	0	1	-1.52	-1
25	52	1439	1	1	0	1.52	1
25	53	1425	1	0	1	-1.52	-1
26	27	12530	9	8	1	10.61	1
26	28	11303	7	0	7	-10.61	-1
26	29	10972	7	5	2	4.55	1
26	30	10853	7	0	7	-10.61	-1
26	31	10427	6	5	1	6.07	1
26	32	10206	5	1	4	-4.55	-1
26	33	9557	4	1	3	-3.03	-1
26	34	8739	4	1	3	-3.03	-1
26	35	8566	4	3	1	3.03	1
26	36	7738	3	3	0	4.55	1
26	37	6709	3	0	3	-4.55	-1
26	38	6620	3	3	0	4.55	1
26	39	5647	3	2	1	1.52	1
26	40	5599	3	3	0	4.55	1
26	41	4881	3	1	2	-1.52	-1
26	42	4859	3	1	2	-1.52	-1
26	43	3754	3	0	3	-4.55	-1
26	44	3741	3	1	2	-1.52	-1
26	45	3644	3	3	0	4.55	1
26	46	2778	1	0	1	-1.52	-1
26	47	2227	1	0	1	-1.52	-1
26	48	1493	1	1	0	1.52	1
27	28	19027	13	4	9	-7.58	-1
27	29	18696	13	11	2	13.65	1
27	30	18577	13	2	11	-13.65	-1
27	31	17094	11	7	4	4.55	1
27	32	17930	11	2	9	-10.61	-1
27	33	17281	10	4	6	-3.03	-1
27	34	13992	9	1	8	-10.61	-1
27	35	15208	9	8	1	10.61	1
27	36	13550	8	5	3	3.03	1
27	37	14433	9	0	9	-13.65	-1
27	38	14344	9	5	4	1.52	1
27	39	13371	9	8	1	10.61	1
27	40	13323	9	8	1	10.61	1
27	41	11546	8	4	4	0.00	1
27	42	12583	9	8	1	10.61	1
27	43	11478	9	2	7	-7.58	-1
27	44	11465	9	1	8	-10.61	-1
27	45	11368	9	7	2	7.58	1
27	46	10502	7	0	7	-10.61	-1
27	47	9951	7	3	4	-1.52	-1
27	48	9217	7	6	1	7.58	1
27	49	8822	6	0	6	-9.10	-1
27	50	7107	6	4	2	3.03	1
27	51	6556	6	5	1	6.07	1
27	52	6291	6	1	5	-6.07	-1
27	53	6277	6	1	5	-6.07	-1
27	54	5100	5	4	1	4.55	1
27	55	4139	5	1	4	-4.55	-1
27	56	3676	5	4	1	4.55	1
27	57	3518	5	2	3	-1.52	-1
27	58	3502	5	4	1	4.55	1
27	59	3502	5	5	0	7.58	1
27	60	2253	1	1	0	1.52	1
27	61	2018	1	1	0	1.52	1
27	62	1620	1	0	1	-1.52	-1
27	63	1466	1	0	1	-1.52	-1
27	64	18	1	0	1	-1.52	-1
28	29	20366	15	2	13	-16.68	-1
28	30	20247	15	14	1	19.71	1
28	31	17094	11	3	8	-7.58	-1
28	32	19600	13	8	5	4.55	1
28	33	18607	12	9	3	9.10	1
28	34	13992	9	8	1	10.61	1
28	35	15208	9	3	6	-4.55	-1
28	36	13550	8	0	8	-12.13	-1
28	37	16103	11	9	2	10.61	1
28	38	16014	11	0	11	-16.68	-1
28	39	15041	11	1	10	-13.65	-1
28	40	14993	11	3	8	-7.58	-1
28	41	11546	8	7	1	9.10	1
28	42	14253	11	0	11	-16.68	-1
28	43	13148	11	9	2	10.61	1
28	44	13135	11	8	3	7.58	1
28	45	12515	11	0	11	-16.68	-1
28	46	12172	9	9	0	13.65	1
28	47	11621	9	9	0	13.65	1
28	48	10887	9	2	7	-7.58	-1
28	49	10492	8	7	1	9.10	1
28	50	8777	8	3	5	-3.03	-1
28	51	8226	8	2	6	-6.07	-1
28	52	7961	8	6	2	6.07	1
28	53	7947	8	7	1	9.10	1
28	54	6770	7	2	5	-4.55	-1
28	55	5809	7	6	1	7.58	1
28	56	5346	7	0	7	-10.61	-1
28	57	5188	7	6	1	7.58	1
28	58	5172	7	1	6	-7.58	-1
28	59	5172	7	1	6	-7.58	-1
28	60	3923	3	0	3	-4.55	-1
28	61	3688	3	1	2	-1.52	-1
28	62	3290	3	2	1	1.52	1
28	63	3136	3	2	1	1.52	1
28	64	1688	3	1	2	-1.52	-1
28	65	1492	1	0	1	-1.52	-1
28	66	1208	1	1	0	1.52	1
28	67	886	1	0	1	-1.52	-1
29	30	20395	15	5	10	-7.58	-1
29	31	17094	11	10	1	13.65	1
29	32	20910	13	2	11	-13.65	-1
29	33	18607	12	2	10	-12.13	-1
29	34	13992	9	2	7	-7.58	-1
29	35	15208	9	8	1	10.61	1
29	36	13550	8	8	0	12.13	1
29	37	17413	11	1	10	-13.65	-1
29	38	17324	11	8	3	7.58	1
29	39	16351	11	10	1	13.65	1
29	40	16303	11	9	2	10.61	1
29	41	11546	8	2	6	-6.07	-1
29	42	15563	11	11	0	16.68	1
29	43	14458	11	1	10	-13.65	-1
29	44	14445	11	2	9	-10.61	-1
29	45	12515	11	10	1	13.65	1
29	46	13482	9	0	9	-13.65	-1
29	47	12931	9	5	4	1.52	1
29	48	12197	9	9	0	13.65	1
29	49	11802	8	2	6	-6.07	-1
29	50	10087	8	4	4	0.00	1
29	51	9536	8	7	1	9.10	1
29	52	9271	8	1	7	-9.10	-1
29	53	9257	8	2	6	-6.07	-1
29	54	8080	7	6	1	7.58	1
29	55	7119	7	2	5	-4.55	-1
29	56	6656	7	5	2	4.55	1
29	57	6498	7	4	3	1.52	1
29	58	6482	7	7	0	10.61	1
29	59	6482	7	6	1	7.58	1
29	60	5233	3	3	0	4.55	1
29	61	4998	3	3	0	4.55	1
29	62	4600	3	0	3	-4.55	-1
29	63	4446	3	3	0	4.55	1
29	64	2998	3	3	0	4.55	1
29	65	2802	1	1	0	1.52	1
29	66	2518	1	1	0	1.52	1
29	67	2196	1	1	0	1.52	1
30	31	17094	11	3	8	-7.58	-1
30	32	19748	13	11	2	13.65	1
30	33	18607	12	8	4	6.07	1
30	34	13992	9	5	4	1.52	1
30	35	15208	9	3	6	-4.55	-1
30	36	13550	8	1	7	-9.10	-1
30	37	16251	11	8	3	7.58	1
30	38	16162	11	1	10	-13.65	-1
30	39	15189	11	1	10	-13.65	-1
30	40	15141	11	4	7	-4.55	-1
30	41	11546	8	6	2	6.07	1
30	42	14401	11	3	8	-7.58	-1
30	43	13296	11	10	1	13.65	1
30	44	13283	11	9	2	10.61	1
30	45	12515	11	4	7	-4.55	-1
30	46	12320	9	8	1	10.61	1
30	47	11769	9	6	3	4.55	1
30	48	11035	9	4	5	-1.52	-1
30	49	10640	8	6	2	6.07	1
30	50	8925	8	1	7	-9.10	-1
30	51	8374	8	1	7	-9.10	-1
30	52	8109	8	8	0	12.13	1
30	53	8095	8	8	0	12.13	1
30	54	6918	7	0	7	-10.61	-1
30	55	5957	7	3	4	-1.52	-1
30	56	5494	7	0	7	-10.61	-1
30	57	5336	7	6	1	7.58	1
30	58	5320	7	0	7	-10.61	-1
30	59	5320	7	2	5	-4.55	-1
30	60	4071	3	0	3	-4.55	-1
30	61	3836	3	0	3	-4.55	-1
30	62	3438	3	0	3	-4.55	-1
30	63	3284	3	0	3	-4.55	-1
30	64	1836	3	0	3	-4.55	-1
30	65	1640	1	0	1	-1.52	-1
30	66	1356	1	1	0	1.52	1
30	67	1034	1	0	1	-1.52	-1
31	32	16873	10	2	8	-9.10	-1
31	33	16224	9	3	6	-4.55	-1
31	34	13992	9	6	3	4.55	1
31	35	15208	9	8	1	10.61	1
31	36	13550	8	7	1	9.10	1
31	37	13376	8	1	7	-9.10	-1
31	38	13287	8	6	2	6.07	1
31	39	12314	8	6	2	6.07	1
31	40	12266	8	7	1	9.10	1
31	41	11546	8	1	7	-9.10	-1
31	42	11526	8	6	2	6.07	1
31	43	10421	8	1	7	-9.10	-1
31	44	10408	8	1	7	-9.10	-1
31	45	10311	8	5	3	3.03	1
31	46	9445	6	0	6	-9.10	-1
31	47	8894	6	1	5	-6.07	-1
31	48	8160	6	6	0	9.10	1
31	49	7765	5	1	4	-4.55	-1
31	50	6050	5	5	0	7.58	1
31	51	5499	5	5	0	7.58	1
31	52	5234	5	0	5	-7.58	-1
31	53	5220	5	0	5	-7.58	-1
31	54	4043	4	3	1	3.03	1
31	55	3082	4	0	4	-6.07	-1
31	56	2619	4	3	1	3.03	1
31	57	2461	4	0	4	-6.07	-1
31	58	2445	4	3	1	3.03	1
31	59	2445	4	3	1	3.03	1
32	33	18607	12	7	5	3.03	1
32	34	13992	9	7	2	7.58	1
32	35	15208	9	2	7	-7.58	-1
32	36	13550	8	2	6	-6.07	-1
32	37	17756	11	9	2	10.61	1
32	38	17667	11	2	9	-10.61	-1
32	39	16694	11	2	9	-10.61	-1
32	40	16646	11	1	10	-13.65	-1
32	41	11546	8	5	3	3.03	1
32	42	15906	11	1	10	-13.65	-1
32	43	14801	11	11	0	16.68	1
32	44	14788	11	10	1	13.65	1
32	45	12515	11	3	8	-7.58	-1
32	46	13825	9	9	0	13.65	1
32	47	13274	9	8	1	10.61	1
32	48	12540	9	2	7	-7.58	-1
32	49	12145	8	8	0	12.13	1
32	50	10430	8	2	6	-6.07	-1
32	51	9879	8	2	6	-6.07	-1
32	52	9614	8	6	2	6.07	1
32	53	9600	8	6	2	6.07	1
32	54	8423	7	0	7	-10.61	-1
32	55	7462	7	7	0	10.61	1
32	56	6999	7	1	6	-7.58	-1
32	57	6841	7	4	3	1.52	1
32	58	6825	7	2	5	-4.55	-1
32	59	6825	7	2	5	-4.55	-1
32	60	5576	3	0	3	-4.55	-1
32	61	5341	3	1	2	-1.52	-1
32	62	4943	3	3	0	4.55	1
32	63	4789	3	2	1	1.52	1
32	64	3341	3	0	3	-4.55	-1
32	65	3145	1	1	0	1.52	1
32	66	2861	1	1	0	1.52	1
32	67	2539	1	0	1	-1.52	-1
33	34	13992	9	7	2	7.58	1
33	35	15208	9	1	8	-10.61	-1
33	36	13550	8	1	7	-9.10	-1
33	37	15759	11	9	2	10.61	1
33	38	15670	11	3	8	-7.58	-1
33	39	14697	11	4	7	-4.55	-1
33	40	14649	11	2	9	-10.61	-1
33	41	11546	8	8	0	12.13	1
33	42	13909	11	0	11	-16.68	-1
33	43	12804	11	10	1	13.65	1
33	44	12791	11	9	2	10.61	1
33	45	12515	11	2	9	-10.61	-1
33	46	11828	9	9	0	13.65	1
33	47	11277	9	8	1	10.61	1
33	48	10543	9	2	7	-7.58	-1
33	49	10148	8	8	0	12.13	1
33	50	8433	8	2	6	-6.07	-1
33	51	7882	8	3	5	-3.03	-1
33	52	7617	8	8	0	12.13	1
33	53	7603	8	5	3	3.03	1
33	54	6426	7	2	5	-4.55	-1
33	55	5465	7	5	2	4.55	1
33	56	5002	7	2	5	-4.55	-1
33	57	4844	7	4	3	1.52	1
33	58	4828	7	1	6	-7.58	-1
33	59	4828	7	1	6	-7.58	-1
33	60	3579	3	0	3	-4.55	-1
33	61	3344	3	2	1	1.52	1
33	62	2946	3	3	0	4.55	1
33	63	2792	3	0	3	-4.55	-1
33	64	1344	3	0	3	-4.55	-1
33	65	1148	1	0	1	-1.52	-1
33	66	864	1	1	0	1.52	1
33	67	542	1	0	1	-1.52	-1
34	35	13819	9	2	7	-7.58	-1
34	36	12991	8	2	6	-6.07	-1
34	37	11962	8	7	1	9.10	1
34	38	11873	8	2	6	-6.07	-1
34	39	10900	8	1	7	-9.10	-1
34	40	10852	8	0	8	-12.13	-1
34	41	10134	8	7	1	9.10	1
34	42	10112	8	0	8	-12.13	-1
34	43	9007	8	7	1	9.10	1
34	44	8994	8	5	3	3.03	1
34	45	8897	8	0	8	-12.13	-1
34	46	8031	6	5	1	6.07	1
34	47	7480	6	6	0	9.10	1
34	48	6746	6	1	5	-6.07	-1
34	49	6351	5	4	1	4.55	1
34	50	4636	5	0	5	-7.58	-1
34	51	4085	5	0	5	-7.58	-1
34	52	3820	5	2	3	-1.52	-1
34	53	3806	5	5	0	7.58	1
34	54	2629	4	0	4	-6.07	-1
34	55	1668	4	4	0	6.07	1
34	56	1205	4	0	4	-6.07	-1
34	57	1047	4	4	0	6.07	1
34	58	1031	4	1	3	-3.03	-1
34	59	1031	4	1	3	-3.03	-1
35	36	13550	8	5	3	3.03	1
35	37	13351	8	1	7	-9.10	-1
35	38	13262	8	8	0	12.13	1
35	39	12289	8	5	3	3.03	1
35	40	12241	8	8	0	12.13	1
35	41	11523	8	1	7	-9.10	-1
35	42	11501	8	6	2	6.07	1
35	43	10396	8	1	7	-9.10	-1
35	44	10383	8	3	5	-3.03	-1
35	45	10286	8	7	1	9.10	1
35	46	9420	6	3	3	0.00	1
35	47	8869	6	0	6	-9.10	-1
35	48	8135	6	5	1	6.07	1
35	49	7740	5	0	5	-7.58	-1
35	50	6025	5	1	4	-4.55	-1
35	51	5474	5	5	0	7.58	1
35	52	5209	5	0	5	-7.58	-1
35	53	5195	5	1	4	-4.55	-1
35	54	4018	4	3	1	3.03	1
35	55	3057	4	2	2	0.00	1
35	56	2594	4	2	2	0.00	1
35	57	2436	4	1	3	-3.03	-1
35	58	2420	4	4	0	6.07	1
35	59	2420	4	4	0	6.07	1
36	37	12521	8	2	6	-6.07	-1
36	38	12432	8	7	1	9.10	1
36	39	11459	8	8	0	12.13	1
36	40	11411	8	8	0	12.13	1
36	41	10693	8	0	8	-12.13	-1
36	42	10671	8	7	1	9.10	1
36	43	9566	8	1	7	-9.10	-1
36	44	9553	8	1	7	-9.10	-1
36	45	9456	8	8	0	12.13	1
36	46	8590	6	0	6	-9.10	-1
36	47	8039	6	1	5	-6.07	-1
36	48	7305	6	3	3	0.00	1
36	49	6910	5	1	4	-4.55	-1
36	50	5195	5	4	1	4.55	1
36	51	4644	5	3	2	1.52	1
36	52	4379	5	0	5	-7.58	-1
36	53	4365	5	2	3	-1.52	-1
36	54	3188	4	3	1	3.03	1
36	55	2227	4	0	4	-6.07	-1
36	56	1764	4	4	0	6.07	1
36	57	1606	4	1	3	-3.03	-1
36	58	1590	4	3	1	3.03	1
36	59	1590	4	3	1	3.03	1
37	38	17675	11	2	9	-10.61	-1
37	39	16702	11	1	10	-13.65	-1
37	40	16654	11	0	11	-16.68	-1
37	41	11546	8	4	4	0.00	1
37	42	15914	11	2	9	-10.61	-1
37	43	14809	11	9	2	10.61	1
37	44	14796	11	9	2	10.61	1
37	45	12515	11	3	8	-7.58	-1
37	46	13833	9	6	3	4.55	1
37	47	13282	9	8	1	10.61	1
37	48	12548	9	2	7	-7.58	-1
37	49	12153	8	7	1	9.10	1
37	50	10438	8	0	8	-12.13	-1
37	51	9887	8	2	6	-6.07	-1
37	52	9622	8	7	1	9.10	1
37	53	9608	8	5	3	3.03	1
37	54	8431	7	1	6	-7.58	-1
37	55	7470	7	3	4	-1.52	-1
37	56	7007	7	0	7	-10.61	-1
37	57	6849	7	6	1	7.58	1
37	58	6833	7	2	5	-4.55	-1
37	59	6833	7	1	6	-7.58	-1
37	60	5584	3	1	2	-1.52	-1
37	61	5349	3	0	3	-4.55	-1
37	62	4951	3	2	1	1.52	1
37	63	4797	3	1	2	-1.52	-1
37	64	3349	3	1	2	-1.52	-1
37	65	3153	1	1	0	1.52	1
37	66	2869	1	0	1	-1.52	-1
37	67	2547	1	1	0	1.52	1
38	39	18107	11	10	1	13.65	1
38	40	24730	16	15	1	21.23	1
38	41	11546	8	2	6	-6.07	-1
38	42	17027	11	7	4	4.55	1
38	43	19191	14	3	11	-12.13	-1
38	44	22872	16	3	13	-15.16	-1
38	45	12515	11	8	3	7.58	1
38	46	17552	11	2	9	-10.61	-1
38	47	21358	14	3	11	-12.13	-1
38	48	20624	14	11	3	12.13	1
38	49	15234	10	2	8	-9.10	-1
38	50	18514	13	9	4	7.58	1
38	51	14355	11	8	3	7.58	1
38	52	17698	13	4	9	-7.58	-1
38	53	16891	13	3	10	-10.61	-1
38	54	9656	7	4	3	1.52	1
38	55	15546	12	3	9	-9.10	-1
38	56	15083	12	12	0	18.20	1
38	57	14925	12	3	9	-9.10	-1
38	58	12841	11	9	2	10.61	1
38	59	14071	12	10	2	12.13	1
38	60	13044	8	7	1	9.10	1
38	61	13425	8	8	0	12.13	1
38	62	13027	8	0	8	-12.13	-1
38	63	12873	8	8	0	12.13	1
38	64	9998	8	8	0	12.13	1
38	65	11229	6	5	1	6.07	1
38	66	10945	6	0	6	-9.10	-1
38	67	10623	6	4	2	3.03	1
38	68	10254	5	3	2	1.52	1
38	69	10135	5	0	5	-7.58	-1
38	70	9837	5	0	5	-7.58	-1
38	71	8222	5	5	0	7.58	1
38	72	7901	5	3	2	1.52	1
38	73	7759	5	1	4	-4.55	-1
38	74	6658	5	0	5	-7.58	-1
38	75	6049	4	3	1	3.03	1
38	76	5601	4	1	3	-3.03	-1
38	77	5432	4	3	1	3.03	1
38	78	5313	4	3	1	3.03	1
38	79	4692	3	3	0	4.55	1
38	80	4622	3	2	1	1.52	1
38	81	4135	3	3	0	4.55	1
38	82	3923	3	2	1	1.52	1
38	83	3715	2	2	0	3.03	1
38	84	2475	1	0	1	-1.52	-1
38	85	2422	1	1	0	1.52	1
39	40	18059	11	8	3	7.58	1
39	41	11546	8	3	5	-3.03	-1
39	42	17027	11	8	3	7.58	1
39	43	16214	11	2	9	-10.61	-1
39	44	16201	11	3	8	-7.58	-1
39	45	12515	11	9	2	10.61	1
39	46	15238	9	2	7	-7.58	-1
39	47	14687	9	1	8	-10.61	-1
39	48	13953	9	7	2	7.58	1
39	49	13558	8	0	8	-12.13	-1
39	50	11843	8	6	2	6.07	1
39	51	11292	8	6	2	6.07	1
39	52	11027	8	0	8	-12.13	-1
39	53	11013	8	1	7	-9.10	-1
39	54	9656	7	5	2	4.55	1
39	55	8875	7	1	6	-7.58	-1
39	56	8412	7	6	1	7.58	1
39	57	8254	7	2	5	-4.55	-1
39	58	8238	7	6	1	7.58	1
39	59	8238	7	4	3	1.52	1
39	60	6989	3	3	0	4.55	1
39	61	6754	3	2	1	1.52	1
39	62	6356	3	2	1	1.52	1
39	63	6202	3	3	0	4.55	1
39	64	4754	3	3	0	4.55	1
39	65	4558	1	0	1	-1.52	-1
39	66	4274	1	0	1	-1.52	-1
39	67	3952	1	0	1	-1.52	-1
40	41	11546	8	2	6	-6.07	-1
40	42	17027	11	7	4	4.55	1
40	43	19191	14	2	12	-15.16	-1
40	44	22949	16	0	16	-24.26	-1
40	45	12515	11	10	1	13.65	1
40	46	17552	11	2	9	-10.61	-1
40	47	23813	16	3	13	-15.16	-1
40	48	21217	14	13	1	18.20	1
40	49	15234	10	3	7	-6.07	-1
40	50	20969	15	14	1	19.71	1
40	51	14355	11	8	3	7.58	1
40	52	20153	15	2	13	-16.68	-1
40	53	16891	13	3	10	-10.61	-1
40	54	9656	7	6	1	7.58	1
40	55	18001	14	4	10	-9.10	-1
40	56	17538	14	12	2	15.16	1
40	57	17200	14	3	11	-12.13	-1
40	58	12841	11	10	1	13.65	1
40	59	14071	12	11	1	15.16	1
40	60	13044	8	7	1	9.10	1
40	61	14417	10	8	2	9.10	1
40	62	15482	10	1	9	-12.13	-1
40	63	14096	10	9	1	12.13	1
40	64	9998	8	7	1	9.10	1
40	65	13684	8	6	2	6.07	1
40	66	13400	8	0	8	-12.13	-1
40	67	13078	8	4	4	0.00	1
40	68	12709	7	5	2	4.55	1
40	69	12590	7	3	4	-1.52	-1
40	70	12292	7	1	6	-7.58	-1
40	71	10677	7	7	0	10.61	1
40	72	10356	7	6	1	7.58	1
40	73	10214	7	3	4	-1.52	-1
40	74	9113	7	2	5	-4.55	-1
40	75	8504	6	6	0	9.10	1
40	76	8056	6	0	6	-9.10	-1
40	77	7887	6	4	2	3.03	1
40	78	7768	6	6	0	9.10	1
40	79	7147	5	4	1	4.55	1
40	80	7077	5	4	1	4.55	1
40	81	6590	5	5	0	7.58	1
40	82	6378	5	5	0	7.58	1
40	83	6170	4	3	1	3.03	1
40	84	4930	3	1	2	-1.52	-1
40	85	4877	3	0	3	-4.55	-1
40	86	3185	2	2	0	3.03	1
40	87	2824	2	2	0	3.03	1
40	88	1875	2	1	1	0.00	1
41	42	11524	8	1	7	-9.10	-1
41	43	10419	8	6	2	6.07	1
41	44	10406	8	8	0	12.13	1
41	45	10309	8	0	8	-12.13	-1
41	46	9443	6	5	1	6.07	1
41	47	8892	6	5	1	6.07	1
41	48	8158	6	1	5	-6.07	-1
41	49	7763	5	4	1	4.55	1
41	50	6048	5	2	3	-1.52	-1
41	51	5497	5	1	4	-4.55	-1
41	52	5232	5	5	0	7.58	1
41	53	5218	5	5	0	7.58	1
41	54	4041	4	0	4	-6.07	-1
41	55	3080	4	3	1	3.03	1
41	56	2617	4	2	2	0.00	1
41	57	2459	4	3	1	3.03	1
41	58	2443	4	2	2	0.00	1
41	59	2443	4	0	4	-6.07	-1
42	43	15922	11	2	9	-10.61	-1
42	44	15909	11	1	10	-13.65	-1
42	45	12515	11	8	3	7.58	1
42	46	14946	9	2	7	-7.58	-1
42	47	14395	9	0	9	-13.65	-1
42	48	13661	9	6	3	4.55	1
42	49	13266	8	2	6	-6.07	-1
42	50	11551	8	7	1	9.10	1
42	51	11000	8	8	0	12.13	1
42	52	10735	8	1	7	-9.10	-1
42	53	10721	8	2	6	-6.07	-1
42	54	9544	7	6	1	7.58	1
42	55	8583	7	0	7	-10.61	-1
42	56	8120	7	5	2	4.55	1
42	57	7962	7	1	6	-7.58	-1
42	58	7946	7	6	1	7.58	1
42	59	7946	7	7	0	10.61	1
42	60	6697	3	3	0	4.55	1
42	61	6462	3	3	0	4.55	1
42	62	6064	3	1	2	-1.52	-1
42	63	5910	3	2	1	1.52	1
42	64	4462	3	2	1	1.52	1
42	65	4266	1	1	0	1.52	1
42	66	3982	1	0	1	-1.52	-1
42	67	3660	1	0	1	-1.52	-1
43	44	19178	14	11	3	12.13	1
43	45	12515	11	1	10	-13.65	-1
43	46	17552	11	9	2	10.61	1
43	47	17664	12	9	3	9.10	1
43	48	16930	12	0	12	-18.20	-1
43	49	15234	10	8	2	9.10	1
43	50	14820	11	3	8	-7.58	-1
43	51	14269	11	5	6	-1.52	-1
43	52	14004	11	8	3	7.58	1
43	53	13990	11	9	2	10.61	1
43	54	9656	7	0	7	-10.61	-1
43	55	11852	10	7	3	6.07	1
43	56	11389	10	4	6	-3.03	-1
43	57	11231	10	7	3	6.07	1
43	58	11215	10	1	9	-12.13	-1
43	59	11215	10	1	9	-12.13	-1
43	60	9966	6	1	5	-6.07	-1
43	61	9731	6	2	4	-3.03	-1
43	62	9333	6	3	3	0.00	1
43	63	9179	6	0	6	-9.10	-1
43	64	7731	6	2	4	-3.03	-1
43	65	7535	4	0	4	-6.07	-1
43	66	7251	4	3	1	3.03	1
43	67	6929	4	2	2	0.00	1
43	68	6560	3	2	1	1.52	1
43	69	6441	3	3	0	4.55	1
43	70	6143	3	2	1	1.52	1
43	71	4528	3	0	3	-4.55	-1
43	72	4207	3	0	3	-4.55	-1
43	73	4065	3	3	0	4.55	1
43	74	2964	3	3	0	4.55	1
43	75	2355	2	0	2	-3.03	-1
43	76	1907	2	1	1	0.00	1
43	77	1738	2	0	2	-3.03	-1
43	78	1619	2	0	2	-3.03	-1
43	79	998	1	0	1	-1.52	-1
43	80	928	1	0	1	-1.52	-1
43	81	441	1	0	1	-1.52	-1
43	82	229	1	0	1	-1.52	-1
44	45	12515	11	1	10	-13.65	-1
44	46	17552	11	7	4	4.55	1
44	47	21435	14	10	4	9.10	1
44	48	20701	14	4	10	-9.10	-1
44	49	15234	10	8	2	9.10	1
44	50	18591	13	3	10	-10.61	-1
44	51	14355	11	1	10	-13.65	-1
44	52	17775	13	10	3	10.61	1
44	53	16891	13	10	3	10.61	1
44	54	9656	7	4	3	1.52	1
44	55	15623	12	8	4	6.07	1
44	56	15160	12	2	10	-12.13	-1
44	57	15002	12	8	4	6.07	1
44	58	12841	11	0	11	-16.68	-1
44	59	14071	12	4	8	-6.07	-1
44	60	13044	8	2	6	-6.07	-1
44	61	13502	8	3	5	-3.03	-1
44	62	13104	8	7	1	9.10	1
44	63	12950	8	3	5	-3.03	-1
44	64	9998	8	1	7	-9.10	-1
44	65	11306	6	0	6	-9.10	-1
44	66	11022	6	4	2	3.03	1
44	67	10700	6	1	5	-6.07	-1
44	68	10331	5	2	3	-1.52	-1
44	69	10212	5	5	0	7.58	1
44	70	9914	5	3	2	1.52	1
44	71	8299	5	0	5	-7.58	-1
44	72	7978	5	2	3	-1.52	-1
44	73	7836	5	3	2	1.52	1
44	74	6735	5	1	4	-4.55	-1
44	75	6126	4	0	4	-6.07	-1
44	76	5678	4	2	2	0.00	1
44	77	5509	4	1	3	-3.03	-1
44	78	5390	4	0	4	-6.07	-1
44	79	4769	3	1	2	-1.52	-1
44	80	4699	3	1	2	-1.52	-1
44	81	4212	3	0	3	-4.55	-1
44	82	4000	3	0	3	-4.55	-1
44	83	3792	2	1	1	0.00	1
44	84	2552	1	1	0	1.52	1
44	85	2499	1	0	1	-1.52	-1
45	46	11649	9	0	9	-13.65	-1
45	47	11098	9	2	7	-7.58	-1
45	48	10364	9	6	3	4.55	1
45	49	9969	8	3	5	-3.03	-1
45	50	8254	8	6	2	6.07	1
45	51	7703	8	7	1	9.10	1
45	52	7438	8	1	7	-9.10	-1
45	53	7424	8	0	8	-12.13	-1
45	54	6247	7	5	2	4.55	1
45	55	5286	7	1	6	-7.58	-1
45	56	4823	7	5	2	4.55	1
45	57	4665	7	1	6	-7.58	-1
45	58	4649	7	7	0	10.61	1
45	59	4649	7	7	0	10.61	1
45	60	3400	3	2	1	1.52	1
45	61	3165	3	3	0	4.55	1
45	62	2767	3	0	3	-4.55	-1
45	63	2613	3	3	0	4.55	1
45	64	1165	3	3	0	4.55	1
45	65	969	1	1	0	1.52	1
45	66	685	1	0	1	-1.52	-1
45	67	363	1	1	0	1.52	1
46	47	17001	11	7	4	4.55	1
46	48	16267	11	1	10	-13.65	-1
46	49	15234	10	8	2	9.10	1
46	50	14157	10	2	8	-9.10	-1
46	51	13606	10	1	9	-12.13	-1
46	52	13341	10	8	2	9.10	1
46	53	13327	10	8	2	9.10	1
46	54	9656	7	2	5	-4.55	-1
46	55	11189	9	7	2	7.58	1
46	56	10726	9	1	8	-10.61	-1
46	57	10568	9	4	5	-1.52	-1
46	58	10552	9	0	9	-13.65	-1
46	59	10552	9	0	9	-13.65	-1
46	60	9303	5	0	5	-7.58	-1
46	61	9068	5	1	4	-4.55	-1
46	62	8670	5	5	0	7.58	1
46	63	8516	5	0	5	-7.58	-1
46	64	7068	5	0	5	-7.58	-1
46	65	6872	3	1	2	-1.52	-1
46	66	6588	3	3	0	4.55	1
46	67	6266	3	0	3	-4.55	-1
46	68	5897	2	0	2	-3.03	-1
46	69	5778	2	1	1	0.00	1
46	70	5480	2	1	1	0.00	1
46	71	3865	2	2	0	3.03	1
46	72	3544	2	0	2	-3.03	-1
46	73	3402	2	2	0	3.03	1
46	74	2301	2	1	1	0.00	1
46	75	1692	1	1	0	1.52	1
46	76	1244	1	0	1	-1.52	-1
46	77	1075	1	0	1	-1.52	-1
46	78	956	1	0	1	-1.52	-1
47	48	21217	14	3	11	-12.13	-1
47	49	15234	10	7	3	6.07	1
47	50	21564	16	2	14	-18.20	-1
47	51	14355	11	0	11	-16.68	-1
47	52	20748	16	13	3	15.16	1
47	53	16891	13	11	2	13.65	1
47	54	9656	7	1	6	-7.58	-1
47	55	18596	15	13	2	16.68	1
47	56	18133	15	1	14	-19.71	-1
47	57	17200	14	12	2	15.16	1
47	58	12841	11	1	10	-13.65	-1
47	59	14071	12	5	7	-3.03	-1
47	60	13044	8	1	7	-9.10	-1
47	61	14417	10	2	8	-9.10	-1
47	62	16077	11	8	3	7.58	1
47	63	14096	10	1	9	-12.13	-1
47	64	9998	8	1	7	-9.10	-1
47	65	14279	9	2	7	-7.58	-1
47	66	13995	9	7	2	7.58	1
47	67	13673	9	1	8	-10.61	-1
47	68	13304	8	1	7	-9.10	-1
47	69	13185	8	7	1	9.10	1
47	70	12887	8	6	2	6.07	1
47	71	11272	8	0	8	-12.13	-1
47	72	10951	8	0	8	-12.13	-1
47	73	10809	8	6	2	6.07	1
47	74	9708	8	8	0	12.13	1
47	75	9099	7	0	7	-10.61	-1
47	76	8651	7	6	1	7.58	1
47	77	8482	7	0	7	-10.61	-1
47	78	8363	7	0	7	-10.61	-1
47	79	7742	6	3	3	0.00	1
47	80	7672	6	2	4	-3.03	-1
47	81	7185	6	0	6	-9.10	-1
47	82	6973	6	1	5	-6.07	-1
47	83	6765	5	2	3	-1.52	-1
47	84	5525	4	1	3	-3.03	-1
47	85	5472	4	3	1	3.03	1
47	86	3780	3	1	2	-1.52	-1
47	87	3419	3	1	2	-1.52	-1
47	88	2470	3	2	1	1.52	1
47	89	2064	1	0	1	-1.52	-1
47	90	1999	1	1	0	1.52	1
47	91	1869	1	0	1	-1.52	-1
47	92	921	1	1	0	1.52	1
47	93	807	1	0	1	-1.52	-1
48	49	15234	10	2	8	-9.10	-1
48	50	19107	13	11	2	13.65	1
48	51	14355	11	9	2	10.61	1
48	52	18291	13	5	8	-4.55	-1
48	53	16891	13	2	11	-13.65	-1
48	54	9656	7	6	1	7.58	1
48	55	16139	12	4	8	-6.07	-1
48	56	15676	12	10	2	12.13	1
48	57	15518	12	1	11	-15.16	-1
48	58	12841	11	9	2	10.61	1
48	59	14071	12	10	2	12.13	1
48	60	13044	8	7	1	9.10	1
48	61	14018	8	5	3	3.03	1
48	62	13620	8	2	6	-6.07	-1
48	63	13466	8	8	0	12.13	1
48	64	9998	8	7	1	9.10	1
48	65	11822	6	6	0	9.10	1
48	66	11538	6	2	4	-3.03	-1
48	67	11216	6	5	1	6.07	1
48	68	10847	5	5	0	7.58	1
48	69	10728	5	1	4	-4.55	-1
48	70	10430	5	1	4	-4.55	-1
48	71	8815	5	2	3	-1.52	-1
48	72	8494	5	4	1	4.55	1
48	73	8352	5	1	4	-4.55	-1
48	74	7251	5	0	5	-7.58	-1
48	75	6642	4	3	1	3.03	1
48	76	6194	4	0	4	-6.07	-1
48	77	6025	4	4	0	6.07	1
48	78	5906	4	4	0	6.07	1
48	79	5285	3	3	0	4.55	1
48	80	5215	3	3	0	4.55	1
48	81	4728	3	2	1	1.52	1
48	82	4516	3	2	1	1.52	1
48	83	4308	2	1	1	0.00	1
48	84	3068	1	0	1	-1.52	-1
48	85	3015	1	1	0	1.52	1
49	50	13519	10	3	7	-6.07	-1
49	51	12968	10	2	8	-9.10	-1
49	52	12703	10	9	1	12.13	1
49	53	12689	10	7	3	6.07	1
49	54	9656	7	1	6	-7.58	-1
49	55	10551	9	7	2	7.58	1
49	56	10088	9	1	8	-10.61	-1
49	57	9930	9	7	2	7.58	1
49	58	9914	9	0	9	-13.65	-1
49	59	9914	9	1	8	-10.61	-1
49	60	8665	5	0	5	-7.58	-1
49	61	8430	5	2	3	-1.52	-1
49	62	8032	5	4	1	4.55	1
49	63	7878	5	0	5	-7.58	-1
49	64	6430	5	0	5	-7.58	-1
49	65	6234	3	0	3	-4.55	-1
49	66	5950	3	3	0	4.55	1
49	67	5628	3	0	3	-4.55	-1
49	68	5259	2	0	2	-3.03	-1
49	69	5140	2	2	0	3.03	1
49	70	4842	2	1	1	0.00	1
49	71	3227	2	0	2	-3.03	-1
49	72	2906	2	0	2	-3.03	-1
49	73	2764	2	2	0	3.03	1
49	74	1663	2	2	0	3.03	1
49	75	1054	1	0	1	-1.52	-1
49	76	606	1	1	0	1.52	1
49	77	437	1	1	0	1.52	1
49	78	318	1	0	1	-1.52	-1
50	51	14355	11	10	1	13.65	1
50	52	26215	16	4	12	-12.13	-1
50	53	16891	13	3	10	-10.61	-1
50	54	9656	7	7	0	10.61	1
50	55	18995	15	2	13	-16.68	-1
50	56	21381	15	14	1	19.71	1
50	57	17200	14	2	12	-15.16	-1
50	58	12841	11	7	4	4.55	1
50	59	14071	12	10	2	12.13	1
50	60	13044	8	8	0	12.13	1
50	61	14417	10	6	4	3.03	1
50	62	17698	11	4	7	-4.55	-1
50	63	14096	10	10	0	15.16	1
50	64	9998	8	7	1	9.10	1
50	65	19821	10	9	1	12.13	1
50	66	19537	10	2	8	-9.10	-1
50	67	19215	10	10	0	15.16	1
50	68	18846	9	7	2	7.58	1
50	69	18727	9	1	8	-10.61	-1
50	70	18429	9	3	6	-4.55	-1
50	71	15501	8	7	1	9.10	1
50	72	16493	9	6	3	4.55	1
50	73	16351	9	2	7	-7.58	-1
50	74	14416	8	4	4	0.00	1
50	75	14641	8	6	2	6.07	1
50	76	14193	8	1	7	-9.10	-1
50	77	14024	8	7	1	9.10	1
50	78	10363	7	6	1	7.58	1
50	79	13284	7	6	1	7.58	1
50	80	13214	7	6	1	7.58	1
50	81	12727	7	6	1	7.58	1
50	82	12515	7	6	1	7.58	1
50	83	12307	6	5	1	6.07	1
50	84	11067	5	2	3	-1.52	-1
50	85	11014	5	0	5	-7.58	-1
50	86	9322	4	1	3	-3.03	-1
50	87	8961	4	3	1	3.03	1
50	88	8012	4	0	4	-6.07	-1
50	89	7606	2	2	0	3.03	1
50	90	7541	2	0	2	-3.03	-1
50	91	7411	2	2	0	3.03	1
50	92	6463	2	1	1	0.00	1
50	93	6349	2	2	0	3.03	1
50	94	5196	1	1	0	1.52	1
50	95	4104	1	1	0	1.52	1
50	96	3923	1	0	1	-1.52	-1
50	97	2841	1	0	1	-1.52	-1
50	98	2636	1	0	1	-1.52	-1
50	99	2625	1	1	0	1.52	1
50	100	2404	1	0	1	-1.52	-1
50	101	2154	1	0	1	-1.52	-1
50	102	1841	1	0	1	-1.52	-1
51	52	14090	11	3	8	-7.58	-1
51	53	14076	11	3	8	-7.58	-1
51	54	9656	7	7	0	10.61	1
51	55	11938	10	4	6	-3.03	-1
51	56	11475	10	8	2	9.10	1
51	57	11317	10	2	8	-9.10	-1
51	58	11301	10	9	1	12.13	1
51	59	11301	10	9	1	12.13	1
51	60	10052	6	6	0	9.10	1
51	61	9817	6	4	2	3.03	1
51	62	9419	6	1	5	-6.07	-1
51	63	9265	6	6	0	9.10	1
51	64	7817	6	6	0	9.10	1
51	65	7621	4	4	0	6.07	1
51	66	7337	4	1	3	-3.03	-1
51	67	7015	4	4	0	6.07	1
51	68	6646	3	3	0	4.55	1
51	69	6527	3	0	3	-4.55	-1
51	70	6229	3	0	3	-4.55	-1
51	71	4614	3	2	1	1.52	1
51	72	4293	3	3	0	4.55	1
51	73	4151	3	0	3	-4.55	-1
51	74	3050	3	0	3	-4.55	-1
51	75	2441	2	1	1	0.00	1
51	76	1993	2	1	1	0.00	1
51	77	1824	2	1	1	0.00	1
51	78	1705	2	1	1	0.00	1
51	79	1084	1	1	0	1.52	1
51	80	1014	1	1	0	1.52	1
51	81	527	1	1	0	1.52	1
51	82	315	1	1	0	1.52	1
52	53	16891	13	7	6	1.52	1
52	54	9656	7	2	5	-4.55	-1
52	55	18995	15	14	1	19.71	1
52	56	21381	15	3	12	-13.65	-1
52	57	17200	14	11	3	12.13	1
52	58	12841	11	2	9	-10.61	-1
52	59	14071	12	0	12	-18.20	-1
52	60	13044	8	0	8	-12.13	-1
52	61	14417	10	4	6	-3.03	-1
52	62	17698	11	10	1	13.65	1
52	63	14096	10	1	9	-12.13	-1
52	64	9998	8	1	7	-9.10	-1
52	65	19746	9	2	7	-7.58	-1
52	66	19462	9	8	1	10.61	1
52	67	19140	9	1	8	-10.61	-1
52	68	18771	8	3	5	-3.03	-1
52	69	18652	8	6	2	6.07	1
52	70	18354	8	7	1	9.10	1
52	71	15501	8	1	7	-9.10	-1
52	72	16418	8	0	8	-12.13	-1
52	73	16276	8	8	0	12.13	1
52	74	14416	8	8	0	12.13	1
52	75	14566	7	2	5	-4.55	-1
52	76	14118	7	4	3	1.52	1
52	77	13949	7	1	6	-7.58	-1
52	78	10363	7	1	6	-7.58	-1
52	79	13209	6	3	3	0.00	1
52	80	13139	6	0	6	-9.10	-1
52	81	12652	6	0	6	-9.10	-1
52	82	12440	6	1	5	-6.07	-1
52	83	12232	5	0	5	-7.58	-1
52	84	10992	4	4	0	6.07	1
52	85	10939	4	4	0	6.07	1
52	86	9247	3	0	3	-4.55	-1
52	87	8886	3	2	1	1.52	1
52	88	7937	3	2	1	1.52	1
52	89	7531	1	0	1	-1.52	-1
52	90	7466	1	0	1	-1.52	-1
52	91	7336	1	0	1	-1.52	-1
52	92	6388	1	0	1	-1.52	-1
52	93	6274	1	1	0	1.52	1
53	54	9656	7	1	6	-7.58	-1
53	55	14753	12	8	4	6.07	1
53	56	14290	12	1	11	-15.16	-1
53	57	14132	12	9	3	9.10	1
53	58	12841	11	1	10	-13.65	-1
53	59	14071	12	1	11	-15.16	-1
53	60	12867	8	1	7	-9.10	-1
53	61	12632	8	3	5	-3.03	-1
53	62	12234	8	4	4	0.00	1
53	63	12080	8	3	5	-3.03	-1
53	64	9998	8	0	8	-12.13	-1
53	65	10436	6	0	6	-9.10	-1
53	66	10152	6	4	2	3.03	1
53	67	9830	6	3	3	0.00	1
53	68	9461	5	1	4	-4.55	-1
53	69	9342	5	5	0	7.58	1
53	70	9044	5	5	0	7.58	1
53	71	7429	5	1	4	-4.55	-1
53	72	7108	5	0	5	-7.58	-1
53	73	6966	5	5	0	7.58	1
53	74	5865	5	3	2	1.52	1
53	75	5256	4	1	3	-3.03	-1
53	76	4808	4	3	1	3.03	1
53	77	4639	4	1	3	-3.03	-1
53	78	4520	4	0	4	-6.07	-1
53	79	3899	3	0	3	-4.55	-1
53	80	3829	3	0	3	-4.55	-1
53	81	3342	3	2	1	1.52	1
53	82	3130	3	0	3	-4.55	-1
53	83	2922	2	0	2	-3.03	-1
53	84	1682	1	1	0	1.52	1
53	85	1629	1	1	0	1.52	1
54	55	8695	7	1	6	-7.58	-1
54	56	8232	7	6	1	7.58	1
54	57	8074	7	0	7	-10.61	-1
54	58	8058	7	6	1	7.58	1
54	59	8058	7	5	2	4.55	1
54	60	6809	3	2	1	1.52	1
54	61	6574	3	3	0	4.55	1
54	62	6176	3	1	2	-1.52	-1
54	63	6022	3	3	0	4.55	1
54	64	4574	3	2	1	1.52	1
54	65	4378	1	1	0	1.52	1
54	66	4094	1	1	0	1.52	1
54	67	3772	1	0	1	-1.52	-1
55	56	18532	15	4	11	-10.61	-1
55	57	17200	14	13	1	18.20	1
55	58	12841	11	2	9	-10.61	-1
55	59	14071	12	4	8	-6.07	-1
55	60	13044	8	2	6	-6.07	-1
55	61	14417	10	3	7	-6.07	-1
55	62	16476	11	11	0	16.68	1
55	63	14096	10	3	7	-6.07	-1
55	64	9998	8	2	6	-6.07	-1
55	65	14678	9	2	7	-7.58	-1
55	66	14394	9	7	2	7.58	1
55	67	14072	9	0	9	-13.65	-1
55	68	13703	8	1	7	-9.10	-1
55	69	13584	8	8	0	12.13	1
55	70	13286	8	6	2	6.07	1
55	71	11671	8	0	8	-12.13	-1
55	72	11350	8	1	7	-9.10	-1
55	73	11208	8	6	2	6.07	1
55	74	10107	8	7	1	9.10	1
55	75	9498	7	0	7	-10.61	-1
55	76	9050	7	4	3	1.52	1
55	77	8881	7	1	6	-7.58	-1
55	78	8762	7	2	5	-4.55	-1
55	79	8141	6	1	5	-6.07	-1
55	80	8071	6	1	5	-6.07	-1
55	81	7584	6	1	5	-6.07	-1
55	82	7372	6	0	6	-9.10	-1
55	83	7164	5	2	3	-1.52	-1
55	84	5924	4	4	0	6.07	1
55	85	5871	4	1	3	-3.03	-1
55	86	4179	3	0	3	-4.55	-1
55	87	3818	3	1	2	-1.52	-1
55	88	2869	3	3	0	4.55	1
55	89	2463	1	0	1	-1.52	-1
55	90	2398	1	1	0	1.52	1
55	91	2268	1	0	1	-1.52	-1
55	92	1320	1	1	0	1.52	1
55	93	1206	1	0	1	-1.52	-1
56	57	17200	14	2	12	-15.16	-1
56	58	12841	11	9	2	10.61	1
56	59	14071	12	10	2	12.13	1
56	60	13044	8	5	3	3.03	1
56	61	14417	10	6	4	3.03	1
56	62	17698	11	3	8	-7.58	-1
56	63	14096	10	7	3	6.07	1
56	64	9998	8	7	1	9.10	1
56	65	17527	9	6	3	4.55	1
56	66	17243	9	1	8	-10.61	-1
56	67	16921	9	8	1	10.61	1
56	68	16552	8	6	2	6.07	1
56	69	16433	8	1	7	-9.10	-1
56	70	16135	8	0	8	-12.13	-1
56	71	14520	8	7	1	9.10	1
56	72	14199	8	8	0	12.13	1
56	73	14057	8	2	6	-6.07	-1
56	74	12956	8	1	7	-9.10	-1
56	75	12347	7	5	2	4.55	1
56	76	11899	7	1	6	-7.58	-1
56	77	11730	7	5	2	4.55	1
56	78	10363	7	5	2	4.55	1
56	79	10990	6	6	0	9.10	1
56	80	10920	6	3	3	0.00	1
56	81	10433	6	4	2	3.03	1
56	82	10221	6	4	2	3.03	1
56	83	10013	5	4	1	4.55	1
56	84	8773	4	1	3	-3.03	-1
56	85	8720	4	1	3	-3.03	-1
56	86	7028	3	3	0	4.55	1
56	87	6667	3	2	1	1.52	1
56	88	5718	3	1	2	-1.52	-1
56	89	5312	1	1	0	1.52	1
56	90	5247	1	0	1	-1.52	-1
56	91	5117	1	0	1	-1.52	-1
56	92	4169	1	0	1	-1.52	-1
56	93	4055	1	0	1	-1.52	-1
57	58	12841	11	1	10	-13.65	-1
57	59	14071	12	1	11	-15.16	-1
57	60	13044	8	1	7	-9.10	-1
57	61	14417	10	1	9	-12.13	-1
57	62	15302	10	8	2	9.10	1
57	63	14096	10	0	10	-15.16	-1
57	64	9998	8	1	7	-9.10	-1
57	65	13504	8	1	7	-9.10	-1
57	66	13220	8	8	0	12.13	1
57	67	12898	8	0	8	-12.13	-1
57	68	12529	7	0	7	-10.61	-1
57	69	12410	7	5	2	4.55	1
57	70	12112	7	4	3	1.52	1
57	71	10497	7	1	6	-7.58	-1
57	72	10176	7	2	5	-4.55	-1
57	73	10034	7	7	0	10.61	1
57	74	8933	7	5	2	4.55	1
57	75	8324	6	0	6	-9.10	-1
57	76	7876	6	5	1	6.07	1
57	77	7707	6	2	4	-3.03	-1
57	78	7588	6	2	4	-3.03	-1
57	79	6967	5	1	4	-4.55	-1
57	80	6897	5	0	5	-7.58	-1
57	81	6410	5	0	5	-7.58	-1
57	82	6198	5	0	5	-7.58	-1
57	83	5990	4	2	2	0.00	1
57	84	4750	3	2	1	1.52	1
57	85	4697	3	3	0	4.55	1
57	86	3005	2	0	2	-3.03	-1
57	87	2644	2	1	1	0.00	1
57	88	1695	2	1	1	0.00	1
58	59	12841	11	7	4	4.55	1
58	60	11592	7	6	1	7.58	1
58	61	11357	7	6	1	7.58	1
58	62	10959	7	0	7	-10.61	-1
58	63	10805	7	4	3	1.52	1
58	64	9357	7	5	2	4.55	1
58	65	9161	5	4	1	4.55	1
58	66	8877	5	1	4	-4.55	-1
58	67	8555	5	4	1	4.55	1
58	68	8186	4	3	1	3.03	1
58	69	8067	4	0	4	-6.07	-1
58	70	7769	4	3	1	3.03	1
58	71	6154	4	3	1	3.03	1
58	72	5833	4	3	1	3.03	1
58	73	5691	4	0	4	-6.07	-1
58	74	4590	4	1	3	-3.03	-1
58	75	3981	3	3	0	4.55	1
58	76	3533	3	0	3	-4.55	-1
58	77	3364	3	3	0	4.55	1
58	78	3245	3	3	0	4.55	1
58	79	2624	2	2	0	3.03	1
58	80	2554	2	2	0	3.03	1
58	81	2067	2	2	0	3.03	1
58	82	1855	2	2	0	3.03	1
58	83	1647	1	1	0	1.52	1
59	60	12822	8	6	2	6.07	1
59	61	12587	8	7	1	9.10	1
59	62	12189	8	1	7	-9.10	-1
59	63	12035	8	8	0	12.13	1
59	64	9998	8	8	0	12.13	1
59	65	10391	6	6	0	9.10	1
59	66	10107	6	1	5	-6.07	-1
59	67	9785	6	4	2	3.03	1
59	68	9416	5	5	0	7.58	1
59	69	9297	5	0	5	-7.58	-1
59	70	8999	5	0	5	-7.58	-1
59	71	7384	5	4	1	4.55	1
59	72	7063	5	5	0	7.58	1
59	73	6921	5	2	3	-1.52	-1
59	74	5820	5	2	3	-1.52	-1
59	75	5211	4	4	0	6.07	1
59	76	4763	4	0	4	-6.07	-1
59	77	4594	4	2	2	0.00	1
59	78	4475	4	3	1	3.03	1
59	79	3854	3	3	0	4.55	1
59	80	3784	3	2	1	1.52	1
59	81	3297	3	3	0	4.55	1
59	82	3085	3	2	1	1.52	1
59	83	2877	2	1	1	0.00	1
59	84	1637	1	1	0	1.52	1
59	85	1584	1	0	1	-1.52	-1
60	61	12809	8	8	0	12.13	1
60	62	12411	8	3	5	-3.03	-1
60	63	12257	8	6	2	6.07	1
60	64	9998	8	8	0	12.13	1
60	65	10613	6	5	1	6.07	1
60	66	10329	6	2	4	-3.03	-1
60	67	10007	6	5	1	6.07	1
60	68	9638	5	5	0	7.58	1
60	69	9519	5	2	3	-1.52	-1
60	70	9221	5	0	5	-7.58	-1
60	71	7606	5	5	0	7.58	1
60	72	7285	5	4	1	4.55	1
60	73	7143	5	1	4	-4.55	-1
60	74	6042	5	3	2	1.52	1
60	75	5433	4	4	0	6.07	1
60	76	4985	4	0	4	-6.07	-1
60	77	4816	4	4	0	6.07	1
60	78	4697	4	2	2	0.00	1
60	79	4076	3	3	0	4.55	1
60	80	4006	3	1	2	-1.52	-1
60	81	3519	3	2	1	1.52	1
60	82	3307	3	3	0	4.55	1
60	83	3099	2	2	0	3.03	1
60	84	1859	1	0	1	-1.52	-1
60	85	1806	1	0	1	-1.52	-1
61	62	14019	10	1	9	-12.13	-1
61	63	13865	10	8	2	9.10	1
61	64	9998	8	6	2	6.07	1
61	65	12221	8	6	2	6.07	1
61	66	11937	8	2	6	-6.07	-1
61	67	11615	8	5	3	3.03	1
61	68	11246	7	5	2	4.55	1
61	69	11127	7	1	6	-7.58	-1
61	70	10829	7	0	7	-10.61	-1
61	71	9214	7	5	2	4.55	1
61	72	8893	7	4	3	1.52	1
61	73	8751	7	1	6	-7.58	-1
61	74	7650	7	1	6	-7.58	-1
61	75	7041	6	5	1	6.07	1
61	76	6593	6	0	6	-9.10	-1
61	77	6424	6	5	1	6.07	1
61	78	6305	6	6	0	9.10	1
61	79	5684	5	4	1	4.55	1
61	80	5614	5	4	1	4.55	1
61	81	5127	5	4	1	4.55	1
61	82	4915	5	5	0	7.58	1
61	83	4707	4	4	0	6.07	1
61	84	3467	3	0	3	-4.55	-1
61	85	3414	3	0	3	-4.55	-1
61	86	1722	2	0	2	-3.03	-1
61	87	1361	2	2	0	3.03	1
61	88	412	2	0	2	-3.03	-1
62	63	14096	10	1	9	-12.13	-1
62	64	9998	8	1	7	-9.10	-1
62	65	15900	9	1	8	-10.61	-1
62	66	15616	9	8	1	10.61	1
62	67	15294	9	3	6	-4.55	-1
62	68	14925	8	1	7	-9.10	-1
62	69	14806	8	5	3	3.03	1
62	70	14508	8	7	1	9.10	1
62	71	12893	8	0	8	-12.13	-1
62	72	12572	8	1	7	-9.10	-1
62	73	12430	8	8	0	12.13	1
62	74	11329	8	5	3	3.03	1
62	75	10720	7	0	7	-10.61	-1
62	76	10272	7	6	1	7.58	1
62	77	10103	7	1	6	-7.58	-1
62	78	9984	7	2	5	-4.55	-1
62	79	9363	6	2	4	-3.03	-1
62	80	9293	6	0	6	-9.10	-1
62	81	8806	6	1	5	-6.07	-1
62	82	8594	6	0	6	-9.10	-1
62	83	8386	5	1	4	-4.55	-1
62	84	7146	4	3	1	3.03	1
62	85	7093	4	3	1	3.03	1
62	86	5401	3	1	2	-1.52	-1
62	87	5040	3	0	3	-4.55	-1
62	88	4091	3	2	1	1.52	1
62	89	3685	1	1	0	1.52	1
62	90	3620	1	1	0	1.52	1
62	91	3490	1	1	0	1.52	1
62	92	2542	1	1	0	1.52	1
62	93	2428	1	1	0	1.52	1
63	64	9998	8	7	1	9.10	1
63	65	12452	8	6	2	6.07	1
63	66	12168	8	1	7	-9.10	-1
63	67	11846	8	7	1	9.10	1
63	68	11477	7	4	3	1.52	1
63	69	11358	7	2	5	-4.55	-1
63	70	11060	7	2	5	-4.55	-1
63	71	9445	7	5	2	4.55	1
63	72	9124	7	7	0	10.61	1
63	73	8982	7	1	6	-7.58	-1
63	74	7881	7	1	6	-7.58	-1
63	75	7272	6	4	2	3.03	1
63	76	6824	6	1	5	-6.07	-1
63	77	6655	6	5	1	6.07	1
63	78	6536	6	4	2	3.03	1
63	79	5915	5	4	1	4.55	1
63	80	5845	5	5	0	7.58	1
63	81	5358	5	3	2	1.52	1
63	82	5146	5	4	1	4.55	1
63	83	4938	4	4	0	6.07	1
63	84	3698	3	1	2	-1.52	-1
63	85	3645	3	1	2	-1.52	-1
63	86	1953	2	2	0	3.03	1
63	87	1592	2	1	1	0.00	1
63	88	643	2	0	2	-3.03	-1
64	65	9802	6	4	2	3.03	1
64	66	9518	6	1	5	-6.07	-1
64	67	9196	6	4	2	3.03	1
64	68	8827	5	3	2	1.52	1
64	69	8708	5	0	5	-7.58	-1
64	70	8410	5	0	5	-7.58	-1
64	71	6795	5	5	0	7.58	1
64	72	6474	5	5	0	7.58	1
64	73	6332	5	1	4	-4.55	-1
64	74	5231	5	1	4	-4.55	-1
64	75	4622	4	3	1	3.03	1
64	76	4174	4	0	4	-6.07	-1
64	77	4005	4	4	0	6.07	1
64	78	3886	4	2	2	0.00	1
64	79	3265	3	2	1	1.52	1
64	80	3195	3	2	1	1.52	1
64	81	2708	3	2	1	1.52	1
64	82	2496	3	3	0	4.55	1
64	83	2288	2	1	1	0.00	1
64	84	1048	1	0	1	-1.52	-1
64	85	995	1	0	1	-1.52	-1
65	66	20365	10	1	9	-12.13	-1
65	67	20158	10	9	1	12.13	1
65	68	19789	9	9	0	13.65	1
65	69	19670	9	3	6	-4.55	-1
65	70	19372	9	1	8	-10.61	-1
65	71	15501	8	7	1	9.10	1
65	72	17436	9	8	1	10.61	1
65	73	16717	9	1	8	-10.61	-1
65	74	14416	8	1	7	-9.10	-1
65	75	15584	8	8	0	12.13	1
65	76	15136	8	2	6	-6.07	-1
65	77	14967	8	7	1	9.10	1
65	78	10363	7	7	0	10.61	1
65	79	14227	7	2	5	-4.55	-1
65	80	13885	7	5	2	4.55	1
65	81	13670	7	4	3	1.52	1
65	82	13458	7	5	2	4.55	1
65	83	13250	6	3	3	0.00	1
65	84	12010	5	1	4	-4.55	-1
65	85	11957	5	1	4	-4.55	-1
65	86	10265	4	3	1	3.03	1
65	87	9904	4	4	0	6.07	1
65	88	8955	4	2	2	0.00	1
65	89	8549	2	1	1	0.00	1
65	90	8484	2	2	0	3.03	1
65	91	8354	2	0	2	-3.03	-1
65	92	7406	2	1	1	0.00	1
65	93	7292	2	2	0	3.03	1
65	94	6139	1	1	0	1.52	1
65	95	5047	1	1	0	1.52	1
65	96	4866	1	0	1	-1.52	-1
65	97	3784	1	0	1	-1.52	-1
65	98	3579	1	1	0	1.52	1
65	99	3568	1	1	0	1.52	1
65	100	3347	1	1	0	1.52	1
65	101	3097	1	1	0	1.52	1
65	102	2784	1	0	1	-1.52	-1
66	67	20043	10	3	7	-6.07	-1
66	68	19674	9	2	7	-7.58	-1
66	69	19555	9	7	2	7.58	1
66	70	19257	9	7	2	7.58	1
66	71	15501	8	1	7	-9.10	-1
66	72	17321	9	2	7	-7.58	-1
66	73	16717	9	6	3	4.55	1
66	74	14416	8	8	0	12.13	1
66	75	15469	8	0	8	-12.13	-1
66	76	15021	8	6	2	6.07	1
66	77	14852	8	0	8	-12.13	-1
66	78	10363	7	1	6	-7.58	-1
66	79	14112	7	1	6	-7.58	-1
66	80	13885	7	0	7	-10.61	-1
66	81	13555	7	0	7	-10.61	-1
66	82	13343	7	0	7	-10.61	-1
66	83	13135	6	1	5	-6.07	-1
66	84	11895	5	4	1	4.55	1
66	85	11842	5	5	0	7.58	1
66	86	10150	4	0	4	-6.07	-1
66	87	9789	4	1	3	-3.03	-1
66	88	8840	4	2	2	0.00	1
66	89	8434	2	0	2	-3.03	-1
66	90	8369	2	2	0	3.03	1
66	91	8239	2	0	2	-3.03	-1
66	92	7291	2	1	1	0.00	1
66	93	7177	2	1	1	0.00	1
66	94	6024	1	0	1	-1.52	-1
66	95	4932	1	0	1	-1.52	-1
66	96	4751	1	1	0	1.52	1
66	97	3669	1	0	1	-1.52	-1
66	98	3464	1	1	0	1.52	1
66	99	3453	1	0	1	-1.52	-1
66	100	3232	1	1	0	1.52	1
66	101	2982	1	0	1	-1.52	-1
66	102	2669	1	1	0	1.52	1
67	68	20142	9	8	1	10.61	1
67	69	22298	11	3	8	-7.58	-1
67	70	19832	9	2	7	-7.58	-1
67	71	15501	8	7	1	9.10	1
67	72	18083	9	8	1	10.61	1
67	73	16717	9	1	8	-10.61	-1
67	74	14416	8	1	7	-9.10	-1
67	75	22178	13	11	2	13.65	1
67	76	23832	18	4	14	-15.16	-1
67	77	15516	8	7	1	9.10	1
67	78	10363	7	4	3	1.52	1
67	79	18948	12	10	2	12.13	1
67	80	13885	7	7	0	10.61	1
67	81	16222	9	8	1	10.61	1
67	82	22252	17	13	4	13.65	1
67	83	26393	22	20	2	27.29	1
67	84	17003	10	2	8	-9.10	-1
67	85	22370	16	4	12	-12.13	-1
67	86	22383	19	16	3	19.71	1
67	87	17954	11	10	1	13.65	1
67	88	14312	9	0	9	-13.65	-1
67	89	21692	18	12	6	9.10	1
67	90	14910	7	3	4	-1.52	-1
67	91	16630	9	7	2	7.58	1
67	92	19873	17	1	16	-22.75	-1
67	93	18894	15	13	2	16.68	1
67	94	16573	12	10	2	12.13	1
67	95	17945	16	11	5	9.10	1
67	96	11378	6	0	6	-9.10	-1
67	97	16927	17	2	15	-19.71	-1
67	98	16558	16	14	2	18.20	1
67	99	16711	17	16	1	22.75	1
67	100	16490	17	4	13	-13.65	-1
67	101	15169	16	16	0	24.26	1
67	102	15927	17	5	12	-10.61	-1
67	103	13594	16	13	3	15.16	1
67	104	12316	16	15	1	21.23	1
67	105	11166	14	13	1	18.20	1
67	106	10928	14	3	11	-12.13	-1
67	107	10906	14	12	2	15.16	1
67	108	10751	14	3	11	-12.13	-1
67	109	10294	14	12	2	15.16	1
67	110	9844	14	1	13	-18.20	-1
67	111	9154	12	3	9	-9.10	-1
67	112	8922	12	7	5	3.03	1
67	113	8768	11	6	5	1.52	1
67	114	8295	11	3	8	-7.58	-1
67	115	7427	11	2	9	-10.61	-1
67	116	7004	11	3	8	-7.58	-1
67	117	6868	11	0	11	-16.68	-1
67	118	5842	11	10	1	13.65	1
67	119	5758	11	8	3	7.58	1
67	120	5315	10	3	7	-6.07	-1
67	121	3500	6	1	5	-6.07	-1
67	122	3372	6	1	5	-6.07	-1
67	123	3197	6	5	1	6.07	1
67	124	3047	6	2	4	-3.03	-1
67	125	2979	6	4	2	3.03	1
67	126	2925	5	1	4	-4.55	-1
67	127	2587	4	1	3	-3.03	-1
67	128	2020	3	3	0	4.55	1
67	129	1811	3	0	3	-4.55	-1
67	130	1748	3	3	0	4.55	1
67	131	912	1	0	1	-1.52	-1
67	132	183	1	0	1	-1.52	-1
68	69	20023	9	1	8	-10.61	-1
68	70	19725	9	3	6	-4.55	-1
68	71	15501	8	7	1	9.10	1
68	72	17789	9	6	3	4.55	1
68	73	16717	9	0	9	-13.65	-1
68	74	14416	8	1	7	-9.10	-1
68	75	15937	8	6	2	6.07	1
68	76	15489	8	1	7	-9.10	-1
68	77	15320	8	7	1	9.10	1
68	78	10363	7	3	4	-1.52	-1
68	79	14580	7	6	1	7.58	1
68	80	13885	7	6	1	7.58	1
68	81	14023	7	6	1	7.58	1
68	82	13811	7	4	3	1.52	1
68	83	13603	6	5	1	6.07	1
68	84	12363	5	0	5	-7.58	-1
68	85	12310	5	1	4	-4.55	-1
68	86	10618	4	3	1	3.03	1
68	87	10257	4	2	2	0.00	1
68	88	9308	4	0	4	-6.07	-1
68	89	8902	2	2	0	3.03	1
68	90	8837	2	0	2	-3.03	-1
68	91	8707	2	2	0	3.03	1
68	92	7759	2	1	1	0.00	1
68	93	7645	2	1	1	0.00	1
68	94	6492	1	1	0	1.52	1
68	95	5400	1	1	0	1.52	1
68	96	5219	1	0	1	-1.52	-1
68	97	4137	1	0	1	-1.52	-1
68	98	3932	1	1	0	1.52	1
68	99	3921	1	1	0	1.52	1
68	100	3700	1	0	1	-1.52	-1
68	101	3450	1	1	0	1.52	1
68	102	3137	1	0	1	-1.52	-1
69	70	19832	9	9	0	13.65	1
69	71	15501	8	2	6	-6.07	-1
69	72	18083	9	1	8	-10.61	-1
69	73	16717	9	7	2	7.58	1
69	74	14416	8	6	2	6.07	1
69	75	18212	10	0	10	-15.16	-1
69	76	17764	10	8	2	9.10	1
69	77	15516	8	0	8	-12.13	-1
69	78	10363	7	0	7	-10.61	-1
69	79	16855	9	2	7	-7.58	-1
69	80	13885	7	4	3	1.52	1
69	81	16222	9	1	8	-10.61	-1
69	82	16086	9	4	5	-1.52	-1
69	83	15878	8	3	5	-3.03	-1
69	84	14638	7	4	3	1.52	1
69	85	14585	7	6	1	7.58	1
69	86	12893	6	1	5	-6.07	-1
69	87	12532	6	1	5	-6.07	-1
69	88	11583	6	5	1	6.07	1
69	89	11177	4	1	3	-3.03	-1
69	90	11112	4	3	1	3.03	1
69	91	10982	4	1	3	-3.03	-1
69	92	10034	4	4	0	6.07	1
69	93	9920	4	0	4	-6.07	-1
69	94	8767	3	1	2	-1.52	-1
69	95	7675	3	0	3	-4.55	-1
69	96	7494	3	3	0	4.55	1
69	97	6412	3	2	1	1.52	1
69	98	6207	3	1	2	-1.52	-1
69	99	6196	3	0	3	-4.55	-1
69	100	5975	3	2	1	1.52	1
69	101	5725	3	1	2	-1.52	-1
69	102	5412	3	3	0	4.55	1
69	103	3079	2	0	2	-3.03	-1
69	104	1801	2	1	1	0.00	1
70	71	15501	8	2	6	-6.07	-1
70	72	17896	9	2	7	-7.58	-1
70	73	16717	9	6	3	4.55	1
70	74	14416	8	7	1	9.10	1
70	75	16044	8	0	8	-12.13	-1
70	76	15596	8	7	1	9.10	1
70	77	15427	8	2	6	-6.07	-1
70	78	10363	7	2	5	-4.55	-1
70	79	14687	7	2	5	-4.55	-1
70	80	13885	7	0	7	-10.61	-1
70	81	14130	7	2	5	-4.55	-1
70	82	13918	7	0	7	-10.61	-1
70	83	13710	6	1	5	-6.07	-1
70	84	12470	5	5	0	7.58	1
70	85	12417	5	3	2	1.52	1
70	86	10725	4	1	3	-3.03	-1
70	87	10364	4	1	3	-3.03	-1
70	88	9415	4	3	1	3.03	1
70	89	9009	2	0	2	-3.03	-1
70	90	8944	2	2	0	3.03	1
70	91	8814	2	0	2	-3.03	-1
70	92	7866	2	1	1	0.00	1
70	93	7752	2	1	1	0.00	1
70	94	6599	1	1	0	1.52	1
70	95	5507	1	0	1	-1.52	-1
70	96	5326	1	1	0	1.52	1
70	97	4244	1	1	0	1.52	1
70	98	4039	1	0	1	-1.52	-1
70	99	4028	1	0	1	-1.52	-1
70	100	3807	1	1	0	1.52	1
70	101	3557	1	0	1	-1.52	-1
70	102	3244	1	1	0	1.52	1
71	72	15180	8	6	2	6.07	1
71	73	15038	8	1	7	-9.10	-1
71	74	13937	8	1	7	-9.10	-1
71	75	13328	7	5	2	4.55	1
71	76	12880	7	0	7	-10.61	-1
71	77	12711	7	5	2	4.55	1
71	78	10363	7	6	1	7.58	1
71	79	11971	6	4	2	3.03	1
71	80	11901	6	6	0	9.10	1
71	81	11414	6	5	1	6.07	1
71	82	11202	6	5	1	6.07	1
71	83	10994	5	3	2	1.52	1
71	84	9754	4	0	4	-6.07	-1
71	85	9701	4	0	4	-6.07	-1
71	86	8009	3	3	0	4.55	1
71	87	7648	3	3	0	4.55	1
71	88	6699	3	1	2	-1.52	-1
71	89	6293	1	1	0	1.52	1
71	90	6228	1	0	1	-1.52	-1
71	91	6098	1	1	0	1.52	1
71	92	5150	1	0	1	-1.52	-1
71	93	5036	1	1	0	1.52	1
72	73	16717	9	1	8	-10.61	-1
72	74	14416	8	2	6	-6.07	-1
72	75	16231	8	6	2	6.07	1
72	76	15783	8	2	6	-6.07	-1
72	77	15516	8	5	3	3.03	1
72	78	10363	7	6	1	7.58	1
72	79	14874	7	4	3	1.52	1
72	80	13885	7	5	2	4.55	1
72	81	14317	7	6	1	7.58	1
72	82	14105	7	3	4	-1.52	-1
72	83	13897	6	4	2	3.03	1
72	84	12657	5	3	2	1.52	1
72	85	12604	5	0	5	-7.58	-1
72	86	10912	4	3	1	3.03	1
72	87	10551	4	3	1	3.03	1
72	88	9602	4	0	4	-6.07	-1
72	89	9196	2	2	0	3.03	1
72	90	9131	2	0	2	-3.03	-1
72	91	9001	2	1	1	0.00	1
72	92	8053	2	1	1	0.00	1
72	93	7939	2	2	0	3.03	1
72	94	6786	1	0	1	-1.52	-1
72	95	5694	1	1	0	1.52	1
72	96	5513	1	0	1	-1.52	-1
72	97	4431	1	0	1	-1.52	-1
72	98	4226	1	1	0	1.52	1
72	99	4215	1	1	0	1.52	1
72	100	3994	1	0	1	-1.52	-1
72	101	3744	1	1	0	1.52	1
72	102	3431	1	0	1	-1.52	-1
73	74	14416	8	5	3	3.03	1
73	75	15007	8	3	5	-3.03	-1
73	76	14559	8	7	1	9.10	1
73	77	14390	8	1	7	-9.10	-1
73	78	10363	7	1	6	-7.58	-1
73	79	13650	7	2	5	-4.55	-1
73	80	13580	7	1	6	-7.58	-1
73	81	13093	7	2	5	-4.55	-1
73	82	12881	7	1	6	-7.58	-1
73	83	12673	6	1	5	-6.07	-1
73	84	11433	5	5	0	7.58	1
73	85	11380	5	4	1	4.55	1
73	86	9688	4	2	2	0.00	1
73	87	9327	4	0	4	-6.07	-1
73	88	8378	4	4	0	6.07	1
73	89	7972	2	0	2	-3.03	-1
73	90	7907	2	1	1	0.00	1
73	91	7777	2	0	2	-3.03	-1
73	92	6829	2	1	1	0.00	1
73	93	6715	2	0	2	-3.03	-1
73	94	5562	1	0	1	-1.52	-1
73	95	4470	1	0	1	-1.52	-1
73	96	4289	1	1	0	1.52	1
73	97	3207	1	1	0	1.52	1
73	98	3002	1	0	1	-1.52	-1
73	99	2991	1	0	1	-1.52	-1
73	100	2770	1	1	0	1.52	1
73	101	2520	1	0	1	-1.52	-1
73	102	2207	1	1	0	1.52	1
74	75	13807	7	2	5	-4.55	-1
74	76	13359	7	5	2	4.55	1
74	77	13190	7	1	6	-7.58	-1
74	78	10363	7	2	5	-4.55	-1
74	79	12450	6	0	6	-9.10	-1
74	80	12380	6	1	5	-6.07	-1
74	81	11893	6	0	6	-9.10	-1
74	82	11681	6	1	5	-6.07	-1
74	83	11473	5	1	4	-4.55	-1
74	84	10233	4	3	1	3.03	1
74	85	10180	4	2	2	0.00	1
74	86	8488	3	0	3	-4.55	-1
74	87	8127	3	1	2	-1.52	-1
74	88	7178	3	3	0	4.55	1
74	89	6772	1	0	1	-1.52	-1
74	90	6707	1	1	0	1.52	1
74	91	6577	1	0	1	-1.52	-1
74	92	5629	1	1	0	1.52	1
74	93	5515	1	0	1	-1.52	-1
75	76	21730	13	2	11	-13.65	-1
75	77	15516	8	6	2	6.07	1
75	78	10363	7	5	2	4.55	1
75	79	18948	12	10	2	12.13	1
75	80	13885	7	6	1	7.58	1
75	81	16222	9	8	1	10.61	1
75	82	20052	12	10	2	12.13	1
75	83	19844	11	10	1	13.65	1
75	84	17003	10	4	6	-3.03	-1
75	85	18551	10	1	9	-12.13	-1
75	86	16859	9	8	1	10.61	1
75	87	16498	9	7	2	7.58	1
75	88	14312	9	2	7	-7.58	-1
75	89	15143	7	5	2	4.55	1
75	90	14910	7	1	6	-7.58	-1
75	91	14948	7	6	1	7.58	1
75	92	14000	7	0	7	-10.61	-1
75	93	13886	7	6	1	7.58	1
75	94	12733	6	5	1	6.07	1
75	95	11641	6	6	0	9.10	1
75	96	11378	6	1	5	-6.07	-1
75	97	10378	6	1	5	-6.07	-1
75	98	10173	6	5	1	6.07	1
75	99	10162	6	6	0	9.10	1
75	100	9941	6	0	6	-9.10	-1
75	101	9691	6	5	1	6.07	1
75	102	9378	6	1	5	-6.07	-1
75	103	7045	5	4	1	4.55	1
75	104	5767	5	3	2	1.52	1
75	105	4617	3	2	1	1.52	1
75	106	4379	3	0	3	-4.55	-1
75	107	4357	3	2	1	1.52	1
75	108	4202	3	0	3	-4.55	-1
75	109	3745	3	3	0	4.55	1
75	110	3295	3	0	3	-4.55	-1
75	111	2605	1	0	1	-1.52	-1
75	112	2373	1	1	0	1.52	1
76	77	15516	8	0	8	-12.13	-1
76	78	10363	7	1	6	-7.58	-1
76	79	18948	12	1	11	-15.16	-1
76	80	13885	7	2	5	-4.55	-1
76	81	16222	9	1	8	-10.61	-1
76	82	22154	17	5	12	-10.61	-1
76	83	21946	16	3	13	-15.16	-1
76	84	17003	10	8	2	9.10	1
76	85	20653	15	13	2	16.68	1
76	86	18961	14	3	11	-12.13	-1
76	87	17954	11	3	8	-7.58	-1
76	88	14312	9	7	2	7.58	1
76	89	17245	12	3	9	-9.10	-1
76	90	14910	7	6	1	7.58	1
76	91	16630	9	0	9	-13.65	-1
76	92	16102	12	10	2	12.13	1
76	93	15988	12	3	9	-9.10	-1
76	94	14835	11	1	10	-13.65	-1
76	95	13743	11	1	10	-13.65	-1
76	96	11378	6	5	1	6.07	1
76	97	12480	11	9	2	10.61	1
76	98	12275	11	2	9	-10.61	-1
76	99	12264	11	1	10	-13.65	-1
76	100	12043	11	10	1	13.65	1
76	101	11793	11	2	9	-10.61	-1
76	102	11480	11	8	3	7.58	1
76	103	9147	10	4	6	-3.03	-1
76	104	7869	10	2	8	-9.10	-1
76	105	6719	8	1	7	-9.10	-1
76	106	6481	8	6	2	6.07	1
76	107	6459	8	0	8	-12.13	-1
76	108	6304	8	5	3	3.03	1
76	109	5847	8	2	6	-6.07	-1
76	110	5397	8	7	1	9.10	1
76	111	4707	6	4	2	3.03	1
76	112	4475	6	1	5	-6.07	-1
76	113	4321	5	1	4	-4.55	-1
76	114	3848	5	4	1	4.55	1
76	115	2980	5	4	1	4.55	1
76	116	2557	5	3	2	1.52	1
76	117	2421	5	4	1	4.55	1
76	118	1395	5	2	3	-1.52	-1
76	119	1311	5	0	5	-7.58	-1
76	120	868	4	4	0	6.07	1
77	78	10363	7	6	1	7.58	1
77	79	14776	7	6	1	7.58	1
77	80	13885	7	4	3	1.52	1
77	81	14219	7	6	1	7.58	1
77	82	14007	7	4	3	1.52	1
77	83	13799	6	4	2	3.03	1
77	84	12559	5	1	4	-4.55	-1
77	85	12506	5	0	5	-7.58	-1
77	86	10814	4	4	0	6.07	1
77	87	10453	4	3	1	3.03	1
77	88	9504	4	0	4	-6.07	-1
77	89	9098	2	1	1	0.00	1
77	90	9033	2	0	2	-3.03	-1
77	91	8903	2	2	0	3.03	1
77	92	7955	2	1	1	0.00	1
77	93	7841	2	1	1	0.00	1
77	94	6688	1	1	0	1.52	1
77	95	5596	1	1	0	1.52	1
77	96	5415	1	0	1	-1.52	-1
77	97	4333	1	0	1	-1.52	-1
77	98	4128	1	1	0	1.52	1
77	99	4117	1	1	0	1.52	1
77	100	3896	1	0	1	-1.52	-1
77	101	3646	1	1	0	1.52	1
77	102	3333	1	1	0	1.52	1
78	79	9742	6	5	1	6.07	1
78	80	9672	6	4	2	3.03	1
78	81	9185	6	4	2	3.03	1
78	82	8973	6	5	1	6.07	1
78	83	8765	5	4	1	4.55	1
78	84	7525	4	1	3	-3.03	-1
78	85	7472	4	0	4	-6.07	-1
78	86	5780	3	3	0	4.55	1
78	87	5419	3	1	2	-1.52	-1
78	88	4470	3	0	3	-4.55	-1
78	89	4064	1	1	0	1.52	1
78	90	3999	1	1	0	1.52	1
78	91	3869	1	1	0	1.52	1
78	92	2921	1	1	0	1.52	1
78	93	2807	1	0	1	-1.52	-1
79	80	13885	7	6	1	7.58	1
79	81	16222	9	9	0	13.65	1
79	82	18179	12	9	3	9.10	1
79	83	17971	11	11	0	16.68	1
79	84	16731	10	1	9	-12.13	-1
79	85	16678	10	2	8	-9.10	-1
79	86	14986	9	6	3	4.55	1
79	87	14625	9	9	0	13.65	1
79	88	13676	9	0	9	-13.65	-1
79	89	13270	7	7	0	10.61	1
79	90	13205	7	2	5	-4.55	-1
79	91	13075	7	4	3	1.52	1
79	92	12127	7	1	6	-7.58	-1
79	93	12013	7	6	1	7.58	1
79	94	10860	6	6	0	9.10	1
79	95	9768	6	5	1	6.07	1
79	96	9587	6	1	5	-6.07	-1
79	97	8505	6	1	5	-6.07	-1
79	98	8300	6	4	2	3.03	1
79	99	8289	6	4	2	3.03	1
79	100	8068	6	1	5	-6.07	-1
79	101	7818	6	5	1	6.07	1
79	102	7505	6	1	5	-6.07	-1
79	103	5172	5	5	0	7.58	1
79	104	3894	5	5	0	7.58	1
79	105	2744	3	3	0	4.55	1
79	106	2506	3	1	2	-1.52	-1
79	107	2484	3	3	0	4.55	1
79	108	2329	3	0	3	-4.55	-1
79	109	1872	3	3	0	4.55	1
79	110	1422	3	1	2	-1.52	-1
79	111	732	1	0	1	-1.52	-1
79	112	500	1	1	0	1.52	1
80	81	13398	7	5	2	4.55	1
80	82	13186	7	4	3	1.52	1
80	83	12978	6	5	1	6.07	1
80	84	11738	5	1	4	-4.55	-1
80	85	11685	5	2	3	-1.52	-1
80	86	9993	4	4	0	6.07	1
80	87	9632	4	4	0	6.07	1
80	88	8683	4	1	3	-3.03	-1
80	89	8277	2	2	0	3.03	1
80	90	8212	2	0	2	-3.03	-1
80	91	8082	2	2	0	3.03	1
80	92	7134	2	0	2	-3.03	-1
80	93	7020	2	2	0	3.03	1
80	94	5867	1	1	0	1.52	1
80	95	4775	1	0	1	-1.52	-1
80	96	4594	1	0	1	-1.52	-1
80	97	3512	1	1	0	1.52	1
80	98	3307	1	0	1	-1.52	-1
80	99	3296	1	1	0	1.52	1
80	100	3075	1	0	1	-1.52	-1
80	101	2825	1	1	0	1.52	1
80	102	2512	1	0	1	-1.52	-1
81	82	16010	9	8	1	10.61	1
81	83	15802	8	7	1	9.10	1
81	84	14562	7	1	6	-7.58	-1
81	85	14509	7	1	6	-7.58	-1
81	86	12817	6	6	0	9.10	1
81	87	12456	6	2	4	-3.03	-1
81	88	11507	6	2	4	-3.03	-1
81	89	11101	4	3	1	3.03	1
81	90	11036	4	0	4	-6.07	-1
81	91	10906	4	4	0	6.07	1
81	92	9958	4	1	3	-3.03	-1
81	93	9844	4	4	0	6.07	1
81	94	8691	3	3	0	4.55	1
81	95	7599	3	2	1	1.52	1
81	96	7418	3	0	3	-4.55	-1
81	97	6336	3	0	3	-4.55	-1
81	98	6131	3	3	0	4.55	1
81	99	6120	3	2	1	1.52	1
81	100	5899	3	0	3	-4.55	-1
81	101	5649	3	3	0	4.55	1
81	102	5336	3	1	2	-1.52	-1
81	103	3003	2	2	0	3.03	1
81	104	1725	2	2	0	3.03	1
82	83	22044	16	14	2	18.20	1
82	84	17003	10	2	8	-9.10	-1
82	85	20751	15	3	12	-13.65	-1
82	86	19059	14	14	0	21.23	1
82	87	17954	11	9	2	10.61	1
82	88	14312	9	3	6	-4.55	-1
82	89	17343	12	11	1	15.16	1
82	90	14910	7	1	6	-7.58	-1
82	91	16630	9	8	1	10.61	1
82	92	16200	12	3	9	-9.10	-1
82	93	16086	12	11	1	15.16	1
82	94	14933	11	8	3	7.58	1
82	95	13841	11	6	5	1.52	1
82	96	11378	6	1	5	-6.07	-1
82	97	12578	11	0	11	-16.68	-1
82	98	12373	11	10	1	13.65	1
82	99	12362	11	8	3	7.58	1
82	100	12141	11	3	8	-7.58	-1
82	101	11891	11	9	2	10.61	1
82	102	11578	11	2	9	-10.61	-1
82	103	9245	10	7	3	6.07	1
82	104	7967	10	8	2	9.10	1
82	105	6817	8	8	0	12.13	1
82	106	6579	8	1	7	-9.10	-1
82	107	6557	8	6	2	6.07	1
82	108	6402	8	0	8	-12.13	-1
82	109	5945	8	7	1	9.10	1
82	110	5495	8	0	8	-12.13	-1
82	111	4805	6	0	6	-9.10	-1
82	112	4573	6	6	0	9.10	1
82	113	4419	5	4	1	4.55	1
82	114	3946	5	1	4	-4.55	-1
82	115	3078	5	0	5	-7.58	-1
82	116	2655	5	0	5	-7.58	-1
82	117	2519	5	1	4	-4.55	-1
82	118	1493	5	3	2	1.52	1
82	119	1409	5	4	1	4.55	1
82	120	966	4	0	4	-6.07	-1
83	84	17003	10	4	6	-3.03	-1
83	85	22370	16	5	11	-9.10	-1
83	86	22383	19	15	4	16.68	1
83	87	17954	11	8	3	7.58	1
83	88	14312	9	3	6	-4.55	-1
83	89	22156	19	14	5	13.65	1
83	90	14910	7	1	6	-7.58	-1
83	91	16630	9	7	2	7.58	1
83	92	19873	17	2	15	-19.71	-1
83	93	18894	15	11	4	10.61	1
83	94	16573	12	9	3	9.10	1
83	95	17945	16	12	4	12.13	1
83	96	11378	6	1	5	-6.07	-1
83	97	17391	18	3	15	-18.20	-1
83	98	16558	16	14	2	18.20	1
83	99	17175	18	13	5	12.13	1
83	100	16954	18	6	12	-9.10	-1
83	101	15169	16	13	3	15.16	1
83	102	16391	18	5	13	-12.13	-1
83	103	14058	17	15	2	19.71	1
83	104	12780	17	14	3	16.68	1
83	105	11630	15	13	2	16.68	1
83	106	11392	15	1	14	-19.71	-1
83	107	11370	15	11	4	10.61	1
83	108	11215	15	3	12	-13.65	-1
83	109	10758	15	13	2	16.68	1
83	110	10308	15	3	12	-13.65	-1
83	111	9618	13	2	11	-13.65	-1
83	112	9386	13	10	3	10.61	1
83	113	9232	12	8	4	6.07	1
83	114	8759	12	2	10	-12.13	-1
83	115	7891	12	3	9	-9.10	-1
83	116	7468	12	2	10	-12.13	-1
83	117	7332	12	2	10	-12.13	-1
83	118	6306	12	12	0	18.20	1
83	119	6222	12	10	2	12.13	1
83	120	5779	11	3	8	-7.58	-1
83	121	3964	7	2	5	-4.55	-1
83	122	3836	7	2	5	-4.55	-1
83	123	3661	7	6	1	7.58	1
83	124	3511	7	1	6	-7.58	-1
83	125	3443	7	6	1	7.58	1
83	126	3389	6	0	6	-9.10	-1
83	127	3051	5	3	2	1.52	1
83	128	2484	4	3	1	3.03	1
83	129	2275	4	3	1	3.03	1
83	130	2212	4	4	0	6.07	1
83	131	1376	2	0	2	-3.03	-1
83	132	647	2	2	0	3.03	1
84	85	16950	10	10	0	15.16	1
84	86	15258	9	0	9	-13.65	-1
84	87	14897	9	1	8	-10.61	-1
84	88	13948	9	7	2	7.58	1
84	89	13542	7	1	6	-7.58	-1
84	90	13477	7	5	2	4.55	1
84	91	13347	7	1	6	-7.58	-1
84	92	12399	7	6	1	7.58	1
84	93	12285	7	1	6	-7.58	-1
84	94	11132	6	1	5	-6.07	-1
84	95	10040	6	3	3	0.00	1
84	96	9859	6	3	3	0.00	1
84	97	8777	6	5	1	6.07	1
84	98	8572	6	1	5	-6.07	-1
84	99	8561	6	0	6	-9.10	-1
84	100	8340	6	6	0	9.10	1
84	101	8090	6	0	6	-9.10	-1
84	102	7777	6	5	1	6.07	1
84	103	5444	5	0	5	-7.58	-1
84	104	4166	5	2	3	-1.52	-1
84	105	3016	3	0	3	-4.55	-1
84	106	2778	3	2	1	1.52	1
84	107	2756	3	0	3	-4.55	-1
84	108	2601	3	1	2	-1.52	-1
84	109	2144	3	1	2	-1.52	-1
84	110	1694	3	3	0	4.55	1
84	111	1004	1	1	0	1.52	1
84	112	772	1	0	1	-1.52	-1
85	86	20678	15	4	11	-10.61	-1
85	87	17954	11	0	11	-16.68	-1
85	88	14312	9	5	4	1.52	1
85	89	18962	13	3	10	-10.61	-1
85	90	14910	7	7	0	10.61	1
85	91	16630	9	2	7	-7.58	-1
85	92	17819	13	8	5	4.55	1
85	93	17705	13	0	13	-19.71	-1
85	94	16552	12	2	10	-12.13	-1
85	95	15460	12	1	11	-15.16	-1
85	96	11378	6	3	3	0.00	1
85	97	14197	12	9	3	9.10	1
85	98	13992	12	1	11	-15.16	-1
85	99	13981	12	2	10	-12.13	-1
85	100	13760	12	10	2	12.13	1
85	101	13510	12	6	6	0.00	1
85	102	13197	12	8	4	6.07	1
85	103	10864	11	2	9	-10.61	-1
85	104	9586	11	0	11	-16.68	-1
85	105	8436	9	1	8	-10.61	-1
85	106	8198	9	8	1	10.61	1
85	107	8176	9	2	7	-7.58	-1
85	108	8021	9	7	2	7.58	1
85	109	7564	9	3	6	-4.55	-1
85	110	7114	9	8	1	10.61	1
85	111	6424	7	6	1	7.58	1
85	112	6192	7	0	7	-10.61	-1
85	113	6038	6	1	5	-6.07	-1
85	114	5565	6	6	0	9.10	1
85	115	4697	6	4	2	3.03	1
85	116	4274	6	6	0	9.10	1
85	117	4138	6	5	1	6.07	1
85	118	3112	6	0	6	-9.10	-1
85	119	3028	6	0	6	-9.10	-1
85	120	2585	5	5	0	7.58	1
85	121	770	1	1	0	1.52	1
85	122	642	1	0	1	-1.52	-1
85	123	467	1	1	0	1.52	1
85	124	317	1	1	0	1.52	1
85	125	249	1	0	1	-1.52	-1
86	87	17954	11	5	6	-1.52	-1
86	88	14312	9	3	6	-4.55	-1
86	89	20667	17	14	3	16.68	1
86	90	14910	7	2	5	-4.55	-1
86	91	16630	9	9	0	13.65	1
86	92	19524	17	1	16	-22.75	-1
86	93	18894	15	13	2	16.68	1
86	94	16573	12	10	2	12.13	1
86	95	17165	16	11	5	9.10	1
86	96	11378	6	0	6	-9.10	-1
86	97	15902	16	2	14	-18.20	-1
86	98	15697	16	15	1	21.23	1
86	99	15686	16	13	3	15.16	1
86	100	15465	16	3	13	-15.16	-1
86	101	15169	16	13	3	15.16	1
86	102	14902	16	2	14	-18.20	-1
86	103	12569	15	14	1	19.71	1
86	104	11291	15	12	3	13.65	1
86	105	10141	13	11	2	13.65	1
86	106	9903	13	2	11	-13.65	-1
86	107	9881	13	11	2	13.65	1
86	108	9726	13	5	8	-4.55	-1
86	109	9269	13	12	1	16.68	1
86	110	8819	13	0	13	-19.71	-1
86	111	8129	11	1	10	-13.65	-1
86	112	7897	11	10	1	13.65	1
86	113	7743	10	9	1	12.13	1
86	114	7270	10	1	9	-12.13	-1
86	115	6402	10	4	6	-3.03	-1
86	116	5979	10	4	6	-3.03	-1
86	117	5843	10	2	8	-9.10	-1
86	118	4817	10	8	2	9.10	1
86	119	4733	10	5	5	0.00	1
86	120	4290	9	2	7	-7.58	-1
86	121	2475	5	1	4	-4.55	-1
86	122	2347	5	0	5	-7.58	-1
86	123	2172	5	4	1	4.55	1
86	124	2022	5	3	2	1.52	1
86	125	1954	5	5	0	7.58	1
86	126	1900	4	0	4	-6.07	-1
86	127	1562	3	2	1	1.52	1
86	128	995	2	1	1	0.00	1
86	129	786	2	1	1	0.00	1
86	130	723	2	1	1	0.00	1
87	88	14312	9	1	8	-10.61	-1
87	89	16599	9	7	2	7.58	1
87	90	14910	7	1	6	-7.58	-1
87	91	16404	9	6	3	4.55	1
87	92	15456	9	3	6	-4.55	-1
87	93	15342	9	4	5	-1.52	-1
87	94	14189	8	6	2	6.07	1
87	95	13097	8	7	1	9.10	1
87	96	11378	6	1	5	-6.07	-1
87	97	11834	8	3	5	-3.03	-1
87	98	11629	8	6	2	6.07	1
87	99	11618	8	5	3	3.03	1
87	100	11397	8	1	7	-9.10	-1
87	101	11147	8	6	2	6.07	1
87	102	10834	8	0	8	-12.13	-1
87	103	8501	7	7	0	10.61	1
87	104	7223	7	5	2	4.55	1
87	105	6073	5	4	1	4.55	1
87	106	5835	5	0	5	-7.58	-1
87	107	5813	5	3	2	1.52	1
87	108	5658	5	1	4	-4.55	-1
87	109	5201	5	3	2	1.52	1
87	110	4751	5	1	4	-4.55	-1
87	111	4061	3	0	3	-4.55	-1
87	112	3829	3	2	1	1.52	1
87	113	3675	2	2	0	3.03	1
87	114	3202	2	0	2	-3.03	-1
87	115	2334	2	0	2	-3.03	-1
87	116	1911	2	0	2	-3.03	-1
87	117	1775	2	2	0	3.03	1
87	118	749	2	0	2	-3.03	-1
87	119	665	2	2	0	3.03	1
87	120	222	1	0	1	-1.52	-1
88	89	13906	7	3	4	-1.52	-1
88	90	13841	7	7	0	10.61	1
88	91	13711	7	3	4	-1.52	-1
88	92	12763	7	6	1	7.58	1
88	93	12649	7	2	5	-4.55	-1
88	94	11496	6	1	5	-6.07	-1
88	95	10404	6	2	4	-3.03	-1
88	96	10223	6	6	0	9.10	1
88	97	9141	6	5	1	6.07	1
88	98	8936	6	1	5	-6.07	-1
88	99	8925	6	1	5	-6.07	-1
88	100	8704	6	6	0	9.10	1
88	101	8454	6	0	6	-9.10	-1
88	102	8141	6	5	1	6.07	1
88	103	5808	5	0	5	-7.58	-1
88	104	4530	5	1	4	-4.55	-1
88	105	3380	3	0	3	-4.55	-1
88	106	3142	3	3	0	4.55	1
88	107	3120	3	0	3	-4.55	-1
88	108	2965	3	2	1	1.52	1
88	109	2508	3	0	3	-4.55	-1
88	110	2058	3	2	1	1.52	1
88	111	1368	1	1	0	1.52	1
88	112	1136	1	0	1	-1.52	-1
89	90	14910	7	2	5	-4.55	-1
89	91	16630	9	8	1	10.61	1
89	92	19873	17	5	12	-10.61	-1
89	93	18894	15	13	2	16.68	1
89	94	16573	12	10	2	12.13	1
89	95	17945	16	16	0	24.26	1
89	96	11378	6	1	5	-6.07	-1
89	97	19418	19	2	17	-22.75	-1
89	98	16558	16	12	4	12.13	1
89	99	19202	19	19	0	28.81	1
89	100	17561	18	2	16	-21.23	-1
89	101	15169	16	11	5	9.10	1
89	102	17641	19	3	16	-19.71	-1
89	103	16085	18	15	3	18.20	1
89	104	14807	18	13	5	12.13	1
89	105	13657	16	14	2	18.20	1
89	106	13419	16	2	14	-18.20	-1
89	107	13397	16	12	4	12.13	1
89	108	13242	16	2	14	-18.20	-1
89	109	12785	16	14	2	18.20	1
89	110	12335	16	1	15	-21.23	-1
89	111	11645	14	1	13	-18.20	-1
89	112	11413	14	10	4	9.10	1
89	113	11259	13	12	1	16.68	1
89	114	10786	13	2	11	-13.65	-1
89	115	9918	13	2	11	-13.65	-1
89	116	9495	13	3	10	-10.61	-1
89	117	9359	13	3	10	-10.61	-1
89	118	8333	13	13	0	19.71	1
89	119	8249	13	10	3	10.61	1
89	120	7806	12	4	8	-6.07	-1
89	121	5991	8	0	8	-12.13	-1
89	122	5863	8	0	8	-12.13	-1
89	123	5688	8	7	1	9.10	1
89	124	5538	8	1	7	-9.10	-1
89	125	5470	8	8	0	12.13	1
89	126	5416	7	0	7	-10.61	-1
89	127	5078	6	6	0	9.10	1
89	128	4511	5	2	3	-1.52	-1
89	129	4302	5	1	4	-4.55	-1
89	130	4239	5	5	0	7.58	1
89	131	3403	3	0	3	-4.55	-1
89	132	2674	3	0	3	-4.55	-1
90	91	14780	7	1	6	-7.58	-1
90	92	13832	7	7	0	10.61	1
90	93	13718	7	0	7	-10.61	-1
90	94	12565	6	1	5	-6.07	-1
90	95	11473	6	2	4	-3.03	-1
90	96	11292	6	4	2	3.03	1
90	97	10210	6	4	2	3.03	1
90	98	10005	6	0	6	-9.10	-1
90	99	9994	6	1	5	-6.07	-1
90	100	9773	6	5	1	6.07	1
90	101	9523	6	0	6	-9.10	-1
90	102	9210	6	4	2	3.03	1
90	103	6877	5	2	3	-1.52	-1
90	104	5599	5	1	4	-4.55	-1
90	105	4449	3	0	3	-4.55	-1
90	106	4211	3	3	0	4.55	1
90	107	4189	3	1	2	-1.52	-1
90	108	4034	3	3	0	4.55	1
90	109	3577	3	1	2	-1.52	-1
90	110	3127	3	2	1	1.52	1
90	111	2437	1	0	1	-1.52	-1
90	112	2205	1	0	1	-1.52	-1
91	92	15682	9	2	7	-7.58	-1
91	93	15568	9	6	3	4.55	1
91	94	14415	8	7	1	9.10	1
91	95	13323	8	8	0	12.13	1
91	96	11378	6	0	6	-9.10	-1
91	97	12060	8	2	6	-6.07	-1
91	98	11855	8	6	2	6.07	1
91	99	11844	8	5	3	3.03	1
91	100	11623	8	0	8	-12.13	-1
91	101	11373	8	6	2	6.07	1
91	102	11060	8	0	8	-12.13	-1
91	103	8727	7	6	1	7.58	1
91	104	7449	7	6	1	7.58	1
91	105	6299	5	4	1	4.55	1
91	106	6061	5	0	5	-7.58	-1
91	107	6039	5	4	1	4.55	1
91	108	5884	5	0	5	-7.58	-1
91	109	5427	5	5	0	7.58	1
91	110	4977	5	1	4	-4.55	-1
91	111	4287	3	1	2	-1.52	-1
91	112	4055	3	3	0	4.55	1
91	113	3901	2	2	0	3.03	1
91	114	3428	2	0	2	-3.03	-1
91	115	2560	2	1	1	0.00	1
91	116	2137	2	0	2	-3.03	-1
91	117	2001	2	0	2	-3.03	-1
91	118	975	2	1	1	0.00	1
91	119	891	2	2	0	3.03	1
91	120	448	1	0	1	-1.52	-1
92	93	18894	15	3	12	-13.65	-1
92	94	16573	12	2	10	-12.13	-1
92	95	17514	16	2	14	-18.20	-1
92	96	11378	6	5	1	6.07	1
92	97	16251	16	11	5	9.10	1
92	98	16046	16	3	13	-15.16	-1
92	99	16035	16	4	12	-12.13	-1
92	100	15814	16	10	6	6.07	1
92	101	15169	16	5	11	-9.10	-1
92	102	15251	16	14	2	18.20	1
92	103	12918	15	2	13	-16.68	-1
92	104	11640	15	2	13	-16.68	-1
92	105	10490	13	3	10	-10.61	-1
92	106	10252	13	11	2	13.65	1
92	107	10230	13	2	11	-13.65	-1
92	108	10075	13	12	1	16.68	1
92	109	9618	13	1	12	-16.68	-1
92	110	9168	13	10	3	10.61	1
92	111	8478	11	10	1	13.65	1
92	112	8246	11	0	11	-16.68	-1
92	113	8092	10	1	9	-12.13	-1
92	114	7619	10	8	2	9.10	1
92	115	6751	10	9	1	12.13	1
92	116	6328	10	8	2	9.10	1
92	117	6192	10	6	4	3.03	1
92	118	5166	10	1	9	-12.13	-1
92	119	5082	10	2	8	-9.10	-1
92	120	4639	9	8	1	10.61	1
92	121	2824	5	5	0	7.58	1
92	122	2696	5	3	2	1.52	1
92	123	2521	5	2	3	-1.52	-1
92	124	2371	5	4	1	4.55	1
92	125	2303	5	2	3	-1.52	-1
92	126	2249	4	3	1	3.03	1
92	127	1911	3	0	3	-4.55	-1
92	128	1344	2	1	1	0.00	1
92	129	1135	2	2	0	3.03	1
92	130	1072	2	1	1	0.00	1
93	94	16573	12	9	3	9.10	1
93	95	16649	14	11	3	12.13	1
93	96	11378	6	2	4	-3.03	-1
93	97	15386	14	5	9	-6.07	-1
93	98	15181	14	8	6	3.03	1
93	99	15170	14	12	2	15.16	1
93	100	14949	14	1	13	-18.20	-1
93	101	14699	14	11	3	12.13	1
93	102	14386	14	3	11	-12.13	-1
93	103	12053	13	12	1	16.68	1
93	104	10775	13	12	1	16.68	1
93	105	9625	11	8	3	7.58	1
93	106	9387	11	1	10	-13.65	-1
93	107	9365	11	11	0	16.68	1
93	108	9210	11	0	11	-16.68	-1
93	109	8753	11	7	4	4.55	1
93	110	8303	11	3	8	-7.58	-1
93	111	7613	9	3	6	-4.55	-1
93	112	7381	9	7	2	7.58	1
93	113	7227	8	6	2	6.07	1
93	114	6754	8	0	8	-12.13	-1
93	115	5886	8	0	8	-12.13	-1
93	116	5463	8	1	7	-9.10	-1
93	117	5327	8	2	6	-6.07	-1
93	118	4301	8	4	4	0.00	1
93	119	4217	8	8	0	12.13	1
93	120	3774	7	1	6	-7.58	-1
93	121	1959	3	1	2	-1.52	-1
93	122	1831	3	1	2	-1.52	-1
93	123	1656	3	3	0	4.55	1
93	124	1506	3	0	3	-4.55	-1
93	125	1438	3	3	0	4.55	1
93	126	1384	2	1	1	0.00	1
93	127	1046	1	1	0	1.52	1
94	95	15481	12	9	3	9.10	1
94	96	11378	6	1	5	-6.07	-1
94	97	14218	12	1	11	-15.16	-1
94	98	14013	12	9	3	9.10	1
94	99	14002	12	11	1	15.16	1
94	100	13781	12	0	12	-18.20	-1
94	101	13531	12	10	2	12.13	1
94	102	13218	12	4	8	-6.07	-1
94	103	10885	11	9	2	10.61	1
94	104	9607	11	11	0	16.68	1
94	105	8457	9	9	0	13.65	1
94	106	8219	9	2	7	-7.58	-1
94	107	8197	9	6	3	4.55	1
94	108	8042	9	2	7	-7.58	-1
94	109	7585	9	7	2	7.58	1
94	110	7135	9	1	8	-10.61	-1
94	111	6445	7	1	6	-7.58	-1
94	112	6213	7	5	2	4.55	1
94	113	6059	6	6	0	9.10	1
94	114	5586	6	2	4	-3.03	-1
94	115	4718	6	1	5	-6.07	-1
94	116	4295	6	4	2	3.03	1
94	117	4159	6	0	6	-9.10	-1
94	118	3133	6	5	1	6.07	1
94	119	3049	6	5	1	6.07	1
94	120	2606	5	1	4	-4.55	-1
94	121	791	1	0	1	-1.52	-1
94	122	663	1	0	1	-1.52	-1
94	123	488	1	0	1	-1.52	-1
94	124	338	1	0	1	-1.52	-1
94	125	270	1	1	0	1.52	1
95	96	11378	6	2	4	-3.03	-1
95	97	16682	16	3	13	-15.16	-1
95	98	16477	16	13	3	15.16	1
95	99	16466	16	13	3	15.16	1
95	100	16245	16	3	13	-15.16	-1
95	101	15169	16	14	2	18.20	1
95	102	15682	16	2	14	-18.20	-1
95	103	13349	15	11	4	10.61	1
95	104	12071	15	13	2	16.68	1
95	105	10921	13	12	1	16.68	1
95	106	10683	13	2	11	-13.65	-1
95	107	10661	13	12	1	16.68	1
95	108	10506	13	4	9	-7.58	-1
95	109	10049	13	11	2	13.65	1
95	110	9599	13	3	10	-10.61	-1
95	111	8909	11	0	11	-16.68	-1
95	112	8677	11	11	0	16.68	1
95	113	8523	10	8	2	9.10	1
95	114	8050	10	3	7	-6.07	-1
95	115	7182	10	2	8	-9.10	-1
95	116	6759	10	2	8	-9.10	-1
95	117	6623	10	3	7	-6.07	-1
95	118	5597	10	9	1	12.13	1
95	119	5513	10	10	0	15.16	1
95	120	5070	9	1	8	-10.61	-1
95	121	3255	5	2	3	-1.52	-1
95	122	3127	5	0	5	-7.58	-1
95	123	2952	5	4	1	4.55	1
95	124	2802	5	1	4	-4.55	-1
95	125	2734	5	4	1	4.55	1
95	126	2680	4	1	3	-3.03	-1
95	127	2342	3	3	0	4.55	1
95	128	1775	2	2	0	3.03	1
95	129	1566	2	0	2	-3.03	-1
95	130	1503	2	2	0	3.03	1
96	97	10296	6	5	1	6.07	1
96	98	10091	6	1	5	-6.07	-1
96	99	10080	6	0	6	-9.10	-1
96	100	9859	6	4	2	3.03	1
96	101	9609	6	2	4	-3.03	-1
96	102	9296	6	4	2	3.03	1
96	103	6963	5	2	3	-1.52	-1
96	104	5685	5	0	5	-7.58	-1
96	105	4535	3	0	3	-4.55	-1
96	106	4297	3	1	2	-1.52	-1
96	107	4275	3	1	2	-1.52	-1
96	108	4120	3	3	0	4.55	1
96	109	3663	3	1	2	-1.52	-1
96	110	3213	3	3	0	4.55	1
96	111	2523	1	1	0	1.52	1
96	112	2291	1	1	0	1.52	1
97	98	16558	16	3	13	-15.16	-1
97	99	21516	22	2	20	-27.29	-1
97	100	17561	18	16	2	21.23	1
97	101	15169	16	5	11	-9.10	-1
97	102	17641	19	14	5	13.65	1
97	103	16348	18	2	16	-21.23	-1
97	104	19813	25	3	22	-28.81	-1
97	105	18663	23	3	20	-25.78	-1
97	106	18425	23	21	2	28.81	1
97	107	18403	23	5	18	-19.71	-1
97	108	16071	20	19	1	27.29	1
97	109	17791	23	7	16	-13.65	-1
97	110	17341	23	17	6	16.68	1
97	111	16651	21	15	6	13.65	1
97	112	16419	21	4	17	-19.71	-1
97	113	13102	16	5	11	-9.10	-1
97	114	15792	20	14	6	12.13	1
97	115	10722	15	13	2	16.68	1
97	116	14501	20	18	2	24.26	1
97	117	14365	20	17	3	21.23	1
97	118	13339	20	3	17	-21.23	-1
97	119	13255	20	4	16	-18.20	-1
97	120	12725	19	18	1	25.78	1
97	121	10997	15	13	2	16.68	1
97	122	10869	15	12	3	13.65	1
97	123	10694	15	4	11	-10.61	-1
97	124	10544	15	10	5	7.58	1
97	125	10476	15	3	12	-13.65	-1
97	126	10422	14	13	1	18.20	1
97	127	10084	13	1	12	-16.68	-1
97	128	9517	12	3	9	-9.10	-1
97	129	9308	12	10	2	12.13	1
97	130	9245	12	4	8	-6.07	-1
97	131	8409	10	9	1	12.13	1
97	132	7680	10	8	2	9.10	1
97	133	5572	7	6	1	7.58	1
97	134	5324	7	4	3	1.52	1
97	135	5285	7	6	1	7.58	1
97	136	4628	7	0	7	-10.61	-1
97	137	3773	5	5	0	7.58	1
97	138	3105	4	1	3	-3.03	-1
98	99	16547	16	13	3	15.16	1
98	100	16326	16	1	15	-21.23	-1
98	101	15169	16	15	1	21.23	1
98	102	15763	16	3	13	-15.16	-1
98	103	13430	15	13	2	16.68	1
98	104	12152	15	14	1	19.71	1
98	105	11002	13	10	3	10.61	1
98	106	10764	13	4	9	-7.58	-1
98	107	10742	13	10	3	10.61	1
98	108	10587	13	1	12	-16.68	-1
98	109	10130	13	11	2	13.65	1
98	110	9680	13	1	12	-16.68	-1
98	111	8990	11	0	11	-16.68	-1
98	112	8758	11	9	2	10.61	1
98	113	8604	10	10	0	15.16	1
98	114	8131	10	1	9	-12.13	-1
98	115	7263	10	3	7	-6.07	-1
98	116	6840	10	1	9	-12.13	-1
98	117	6704	10	1	9	-12.13	-1
98	118	5678	10	9	1	12.13	1
98	119	5594	10	9	1	12.13	1
98	120	5151	9	3	6	-4.55	-1
98	121	3336	5	0	5	-7.58	-1
98	122	3208	5	1	4	-4.55	-1
98	123	3033	5	3	2	1.52	1
98	124	2883	5	1	4	-4.55	-1
98	125	2815	5	4	1	4.55	1
98	126	2761	4	3	1	3.03	1
98	127	2423	3	3	0	4.55	1
98	128	1856	2	2	0	3.03	1
98	129	1647	2	0	2	-3.03	-1
98	130	1584	2	1	1	0.00	1
99	100	17561	18	5	13	-12.13	-1
99	101	15169	16	11	5	9.10	1
99	102	17641	19	3	16	-19.71	-1
99	103	16348	18	15	3	18.20	1
99	104	17121	21	16	5	16.68	1
99	105	15971	19	15	4	16.68	1
99	106	15733	19	5	14	-13.65	-1
99	107	15711	19	18	1	25.78	1
99	108	15556	19	3	16	-19.71	-1
99	109	15099	19	14	5	13.65	1
99	110	14649	19	4	15	-16.68	-1
99	111	13959	17	4	13	-13.65	-1
99	112	13727	17	15	2	19.71	1
99	113	13102	16	15	1	21.23	1
99	114	13100	16	3	13	-15.16	-1
99	115	10722	15	3	12	-13.65	-1
99	116	11809	16	2	14	-18.20	-1
99	117	11673	16	5	11	-9.10	-1
99	118	10647	16	12	4	12.13	1
99	119	10563	16	12	4	12.13	1
99	120	10120	15	2	13	-16.68	-1
99	121	8305	11	4	7	-4.55	-1
99	122	8177	11	3	8	-7.58	-1
99	123	8002	11	11	0	16.68	1
99	124	7852	11	0	11	-16.68	-1
99	125	7784	11	10	1	13.65	1
99	126	7730	10	2	8	-9.10	-1
99	127	7392	9	6	3	4.55	1
99	128	6825	8	7	1	9.10	1
99	129	6616	8	1	7	-9.10	-1
99	130	6553	8	6	2	6.07	1
99	131	5717	6	0	6	-9.10	-1
99	132	4988	6	1	5	-6.07	-1
99	133	2880	3	0	3	-4.55	-1
99	134	2632	3	0	3	-4.55	-1
99	135	2593	3	1	2	-1.52	-1
99	136	1936	3	3	0	4.55	1
99	137	1081	1	0	1	-1.52	-1
100	101	15169	16	3	13	-15.16	-1
100	102	16998	18	15	3	18.20	1
100	103	14665	17	5	12	-10.61	-1
100	104	13387	17	5	12	-10.61	-1
100	105	12237	15	5	10	-7.58	-1
100	106	11999	15	13	2	16.68	1
100	107	11977	15	0	15	-22.75	-1
100	108	11822	15	12	3	13.65	1
100	109	11365	15	4	11	-10.61	-1
100	110	10915	15	15	0	22.75	1
100	111	10225	13	10	3	10.61	1
100	112	9993	13	2	11	-13.65	-1
100	113	9839	12	1	11	-15.16	-1
100	114	9366	12	8	4	6.07	1
100	115	8498	12	10	2	12.13	1
100	116	8075	12	12	0	18.20	1
100	117	7939	12	9	3	9.10	1
100	118	6913	12	3	9	-9.10	-1
100	119	6829	12	2	10	-12.13	-1
100	120	6386	11	10	1	13.65	1
100	121	4571	7	4	3	1.52	1
100	122	4443	7	6	1	7.58	1
100	123	4268	7	0	7	-10.61	-1
100	124	4118	7	5	2	4.55	1
100	125	4050	7	1	6	-7.58	-1
100	126	3996	6	5	1	6.07	1
100	127	3658	5	0	5	-7.58	-1
100	128	3091	4	0	4	-6.07	-1
100	129	2882	4	3	1	3.03	1
100	130	2819	4	0	4	-6.07	-1
100	131	1983	2	2	0	3.03	1
100	132	1254	2	2	0	3.03	1
101	102	14856	16	5	11	-9.10	-1
101	103	12523	15	14	1	19.71	1
101	104	11245	15	10	5	7.58	1
101	105	10095	13	9	4	7.58	1
101	106	9857	13	4	9	-7.58	-1
101	107	9835	13	12	1	16.68	1
101	108	9680	13	2	11	-13.65	-1
101	109	9223	13	12	1	16.68	1
101	110	8773	13	1	12	-16.68	-1
101	111	8083	11	0	11	-16.68	-1
101	112	7851	11	6	5	1.52	1
101	113	7697	10	10	0	15.16	1
101	114	7224	10	2	8	-9.10	-1
101	115	6356	10	4	6	-3.03	-1
101	116	5933	10	2	8	-9.10	-1
101	117	5797	10	4	6	-3.03	-1
101	118	4771	10	8	2	9.10	1
101	119	4687	10	6	4	3.03	1
101	120	4244	9	2	7	-7.58	-1
101	121	2429	5	1	4	-4.55	-1
101	122	2301	5	0	5	-7.58	-1
101	123	2126	5	4	1	4.55	1
101	124	1976	5	0	5	-7.58	-1
101	125	1908	5	5	0	7.58	1
101	126	1854	4	1	3	-3.03	-1
101	127	1516	3	3	0	4.55	1
101	128	949	2	2	0	3.03	1
101	129	740	2	0	2	-3.03	-1
101	130	677	2	2	0	3.03	1
102	103	15308	18	2	16	-21.23	-1
102	104	14030	18	4	14	-15.16	-1
102	105	12880	16	1	15	-21.23	-1
102	106	12642	16	14	2	18.20	1
102	107	12620	16	3	13	-15.16	-1
102	108	12465	16	12	4	12.13	1
102	109	12008	16	3	13	-15.16	-1
102	110	11558	16	12	4	12.13	1
102	111	10868	14	13	1	18.20	1
102	112	10636	14	1	13	-18.20	-1
102	113	10482	13	3	10	-10.61	-1
102	114	10009	13	9	4	7.58	1
102	115	9141	13	10	3	10.61	1
102	116	8718	13	12	1	16.68	1
102	117	8582	13	12	1	16.68	1
102	118	7556	13	1	12	-16.68	-1
102	119	7472	13	2	11	-13.65	-1
102	120	7029	12	11	1	15.16	1
102	121	5214	8	7	1	9.10	1
102	122	5086	8	6	2	6.07	1
102	123	4911	8	1	7	-9.10	-1
102	124	4761	8	6	2	6.07	1
102	125	4693	8	1	7	-9.10	-1
102	126	4639	7	3	4	-1.52	-1
102	127	4301	6	0	6	-9.10	-1
102	128	3734	5	1	4	-4.55	-1
102	129	3525	5	4	1	4.55	1
102	130	3462	5	0	5	-7.58	-1
102	131	2626	3	2	1	1.52	1
102	132	1897	3	3	0	4.55	1
103	104	15070	18	12	6	9.10	1
103	105	13920	16	12	4	12.13	1
103	106	13682	16	3	13	-15.16	-1
103	107	13660	16	14	2	18.20	1
103	108	13505	16	3	13	-15.16	-1
103	109	13048	16	13	3	15.16	1
103	110	12598	16	1	15	-21.23	-1
103	111	11908	14	2	12	-15.16	-1
103	112	11676	14	13	1	18.20	1
103	113	11522	13	8	5	4.55	1
103	114	11049	13	0	13	-19.71	-1
103	115	10181	13	1	12	-16.68	-1
103	116	9758	13	2	11	-13.65	-1
103	117	9622	13	0	13	-19.71	-1
103	118	8596	13	10	3	10.61	1
103	119	8512	13	12	1	16.68	1
103	120	8069	12	4	8	-6.07	-1
103	121	6254	8	0	8	-12.13	-1
103	122	6126	8	1	7	-9.10	-1
103	123	5951	8	6	2	6.07	1
103	124	5801	8	4	4	0.00	1
103	125	5733	8	8	0	12.13	1
103	126	5679	7	0	7	-10.61	-1
103	127	5341	6	4	2	3.03	1
103	128	4774	5	5	0	7.58	1
103	129	4565	5	1	4	-4.55	-1
103	130	4502	5	4	1	4.55	1
103	131	3666	3	1	2	-1.52	-1
103	132	2937	3	1	2	-1.52	-1
104	105	19462	23	20	3	25.78	1
104	106	27716	27	3	24	-31.84	-1
104	107	19011	23	19	4	22.75	1
104	108	16071	20	4	16	-18.20	-1
104	109	19409	24	20	4	24.26	1
104	110	19669	25	7	18	-16.68	-1
104	111	18293	22	4	18	-21.23	-1
104	112	19184	23	20	3	25.78	1
104	113	13102	16	16	0	24.26	1
104	114	18434	22	4	18	-21.23	-1
104	115	10722	15	5	10	-7.58	-1
104	116	21155	23	5	18	-19.71	-1
104	117	16621	22	6	16	-15.16	-1
104	118	14399	20	15	5	15.16	1
104	119	22028	24	21	3	27.29	1
104	120	12725	19	6	13	-10.61	-1
104	121	15101	17	3	14	-16.68	-1
104	122	17545	18	2	16	-21.23	-1
104	123	13201	17	12	5	10.61	1
104	124	13499	17	2	15	-19.71	-1
104	125	14513	17	15	2	19.71	1
104	126	11496	14	3	11	-12.13	-1
104	127	19972	17	14	3	16.68	1
104	128	16093	15	11	4	10.61	1
104	129	19196	16	5	11	-9.10	-1
104	130	16647	16	14	2	18.20	1
104	131	9954	11	0	11	-16.68	-1
104	132	17568	14	7	7	0.00	1
104	133	15460	11	1	10	-13.65	-1
104	134	15212	11	1	10	-13.65	-1
104	135	15173	11	3	8	-7.58	-1
104	136	14516	11	9	2	10.61	1
104	137	13661	9	1	8	-10.61	-1
104	138	12993	8	8	0	12.13	1
104	139	9118	4	4	0	6.07	1
104	140	8448	3	2	1	1.52	1
104	141	8371	3	3	0	4.55	1
104	142	7600	2	0	2	-3.03	-1
104	143	6409	2	0	2	-3.03	-1
104	144	4849	2	2	0	3.03	1
104	145	3384	1	1	0	1.52	1
104	146	3142	1	1	0	1.52	1
104	147	3012	1	0	1	-1.52	-1
105	106	19224	23	2	21	-28.81	-1
105	107	19011	23	17	6	16.68	1
105	108	16071	20	2	18	-24.26	-1
105	109	18590	23	17	6	16.68	1
105	110	18140	23	4	19	-22.75	-1
105	111	17450	21	5	16	-16.68	-1
105	112	17218	21	18	3	22.75	1
105	113	13102	16	14	2	18.20	1
105	114	16591	20	4	16	-18.20	-1
105	115	10722	15	7	8	-1.52	-1
105	116	15300	20	5	15	-15.16	-1
105	117	15164	20	4	16	-18.20	-1
105	118	14138	20	18	2	24.26	1
105	119	14054	20	13	7	9.10	1
105	120	12725	19	6	13	-10.61	-1
105	121	11796	15	1	14	-19.71	-1
105	122	11668	15	2	13	-16.68	-1
105	123	11493	15	13	2	16.68	1
105	124	11343	15	1	14	-19.71	-1
105	125	11275	15	13	2	16.68	1
105	126	11221	14	1	13	-18.20	-1
105	127	10883	13	12	1	16.68	1
105	128	10316	12	8	4	6.07	1
105	129	10107	12	3	9	-9.10	-1
105	130	10044	12	9	3	9.10	1
105	131	9208	10	0	10	-15.16	-1
105	132	8479	10	2	8	-9.10	-1
105	133	6371	7	1	6	-7.58	-1
105	134	6123	7	1	6	-7.58	-1
105	135	6084	7	2	5	-4.55	-1
105	136	5427	7	6	1	7.58	1
105	137	4572	5	0	5	-7.58	-1
105	138	3904	4	4	0	6.07	1
106	107	19011	23	3	20	-25.78	-1
106	108	16071	20	17	3	21.23	1
106	109	19409	24	8	16	-12.13	-1
106	110	19669	25	23	2	31.84	1
106	111	18293	22	18	4	21.23	1
106	112	19184	23	4	19	-22.75	-1
106	113	13102	16	1	15	-21.23	-1
106	114	18434	22	13	9	6.07	1
106	115	10722	15	12	3	13.65	1
106	116	21155	23	22	1	31.84	1
106	117	16621	22	18	4	21.23	1
106	118	14399	20	1	19	-27.29	-1
106	119	22028	24	10	14	-6.07	-1
106	120	12725	19	17	2	22.75	1
106	121	15101	17	13	4	13.65	1
106	122	17545	18	18	0	27.29	1
106	123	13201	17	4	13	-13.65	-1
106	124	13499	17	12	5	10.61	1
106	125	14513	17	2	15	-19.71	-1
106	126	11496	14	12	2	15.16	1
106	127	19375	17	4	13	-13.65	-1
106	128	16093	15	2	13	-16.68	-1
106	129	18599	16	11	5	9.10	1
106	130	16647	16	1	15	-21.23	-1
106	131	9954	11	6	5	1.52	1
106	132	16971	14	11	3	12.13	1
106	133	14863	11	9	2	10.61	1
106	134	14615	11	6	5	1.52	1
106	135	14576	11	8	3	7.58	1
106	136	13919	11	5	6	-1.52	-1
106	137	13064	9	9	0	13.65	1
106	138	12396	8	3	5	-3.03	-1
106	139	8521	4	0	4	-6.07	-1
106	140	7851	3	1	2	-1.52	-1
106	141	7774	3	0	3	-4.55	-1
106	142	7003	2	1	1	0.00	1
106	143	5812	2	2	0	3.03	1
106	144	4252	2	1	1	0.00	1
106	145	2787	1	1	0	1.52	1
106	146	2545	1	0	1	-1.52	-1
106	147	2415	1	1	0	1.52	1
107	108	16071	20	5	15	-15.16	-1
107	109	18399	23	18	5	19.71	1
107	110	17949	23	3	20	-25.78	-1
107	111	17259	21	2	19	-25.78	-1
107	112	17027	21	18	3	22.75	1
107	113	13102	16	11	5	9.10	1
107	114	16400	20	3	17	-21.23	-1
107	115	10722	15	5	10	-7.58	-1
107	116	15109	20	6	14	-12.13	-1
107	117	14973	20	4	16	-18.20	-1
107	118	13947	20	16	4	18.20	1
107	119	13863	20	16	4	18.20	1
107	120	12725	19	3	16	-19.71	-1
107	121	11605	15	3	12	-13.65	-1
107	122	11477	15	3	12	-13.65	-1
107	123	11302	15	12	3	13.65	1
107	124	11152	15	1	14	-19.71	-1
107	125	11084	15	12	3	13.65	1
107	126	11030	14	4	10	-9.10	-1
107	127	10692	13	11	2	13.65	1
107	128	10125	12	10	2	12.13	1
107	129	9916	12	1	11	-15.16	-1
107	130	9853	12	9	3	9.10	1
107	131	9017	10	0	10	-15.16	-1
107	132	8288	10	2	8	-9.10	-1
107	133	6180	7	0	7	-10.61	-1
107	134	5932	7	0	7	-10.61	-1
107	135	5893	7	2	5	-4.55	-1
107	136	5236	7	6	1	7.58	1
107	137	4381	5	0	5	-7.58	-1
107	138	3713	4	4	0	6.07	1
108	109	15614	20	4	16	-18.20	-1
108	110	15164	20	15	5	15.16	1
108	111	14474	18	16	2	21.23	1
108	112	14242	18	4	14	-15.16	-1
108	113	13102	16	4	12	-12.13	-1
108	114	13615	17	16	1	22.75	1
108	115	10722	15	9	6	4.55	1
108	116	12324	17	15	2	19.71	1
108	117	12188	17	15	2	19.71	1
108	118	11162	17	2	15	-19.71	-1
108	119	11078	17	1	16	-22.75	-1
108	120	10635	16	14	2	18.20	1
108	121	8820	12	12	0	18.20	1
108	122	8692	12	11	1	15.16	1
108	123	8517	12	2	10	-12.13	-1
108	124	8367	12	12	0	18.20	1
108	125	8299	12	1	11	-15.16	-1
108	126	8245	11	7	4	4.55	1
108	127	7907	10	1	9	-12.13	-1
108	128	7340	9	3	6	-4.55	-1
108	129	7131	9	6	3	4.55	1
108	130	7068	9	1	8	-10.61	-1
108	131	6232	7	5	2	4.55	1
108	132	5503	7	5	2	4.55	1
108	133	3395	4	3	1	3.03	1
108	134	3147	4	4	0	6.07	1
108	135	3108	4	3	1	3.03	1
108	136	2451	4	0	4	-6.07	-1
108	137	1596	2	2	0	3.03	1
108	138	928	1	0	1	-1.52	-1
109	110	18959	24	2	22	-30.33	-1
109	111	18269	22	2	20	-27.29	-1
109	112	18037	22	19	3	24.26	1
109	113	13102	16	14	2	18.20	1
109	114	17410	21	4	17	-19.71	-1
109	115	10722	15	6	9	-4.55	-1
109	116	16119	21	2	19	-25.78	-1
109	117	15983	21	5	16	-16.68	-1
109	118	14399	20	17	3	21.23	1
109	119	14873	21	14	7	10.61	1
109	120	12725	19	3	16	-19.71	-1
109	121	12615	16	3	13	-15.16	-1
109	122	12487	16	4	12	-12.13	-1
109	123	12312	16	13	3	15.16	1
109	124	12162	16	2	14	-18.20	-1
109	125	12094	16	12	4	12.13	1
109	126	11496	14	2	12	-15.16	-1
109	127	11702	14	14	0	21.23	1
109	128	11135	13	10	3	10.61	1
109	129	10926	13	1	12	-16.68	-1
109	130	10863	13	9	4	7.58	1
109	131	9954	11	1	10	-13.65	-1
109	132	9298	11	1	10	-13.65	-1
109	133	7190	8	1	7	-9.10	-1
109	134	6942	8	2	6	-6.07	-1
109	135	6903	8	2	6	-6.07	-1
109	136	6246	8	7	1	9.10	1
109	137	5391	6	2	4	-3.03	-1
109	138	4723	5	3	2	1.52	1
109	139	848	1	1	0	1.52	1
110	111	18293	22	20	2	27.29	1
110	112	18747	23	7	16	-13.65	-1
110	113	13102	16	4	12	-12.13	-1
110	114	18120	22	19	3	24.26	1
110	115	10722	15	13	2	16.68	1
110	116	16829	22	16	6	15.16	1
110	117	16621	22	15	7	12.13	1
110	118	14399	20	1	19	-27.29	-1
110	119	15583	22	9	13	-6.07	-1
110	120	12725	19	16	3	19.71	1
110	121	13325	17	16	1	22.75	1
110	122	13197	17	13	4	13.65	1
110	123	13022	17	6	11	-7.58	-1
110	124	12872	17	15	2	19.71	1
110	125	12804	17	1	16	-22.75	-1
110	126	11496	14	14	0	21.23	1
110	127	12412	15	6	9	-4.55	-1
110	128	11845	14	2	12	-15.16	-1
110	129	11636	14	12	2	15.16	1
110	130	11573	14	2	12	-15.16	-1
110	131	9954	11	9	2	10.61	1
110	132	10008	12	9	3	9.10	1
110	133	7900	9	7	2	7.58	1
110	134	7652	9	7	2	7.58	1
110	135	7613	9	8	1	10.61	1
110	136	6956	9	4	5	-1.52	-1
110	137	6101	7	5	2	4.55	1
110	138	5433	6	2	4	-3.03	-1
110	139	1558	2	0	2	-3.03	-1
110	140	888	1	1	0	1.52	1
110	141	811	1	0	1	-1.52	-1
111	112	18061	22	4	18	-21.23	-1
111	113	13102	16	4	12	-12.13	-1
111	114	17434	21	19	2	25.78	1
111	115	10722	15	12	3	13.65	1
111	116	16143	21	18	3	22.75	1
111	117	16007	21	19	2	25.78	1
111	118	14399	20	5	15	-15.16	-1
111	119	14897	21	4	17	-19.71	-1
111	120	12725	19	14	5	13.65	1
111	121	12639	16	10	6	6.07	1
111	122	12511	16	12	4	12.13	1
111	123	12336	16	3	13	-15.16	-1
111	124	12186	16	13	3	15.16	1
111	125	12118	16	0	16	-24.26	-1
111	126	11496	14	12	2	15.16	1
111	127	11726	14	4	10	-9.10	-1
111	128	11159	13	0	13	-19.71	-1
111	129	10950	13	10	3	10.61	1
111	130	10887	13	2	11	-13.65	-1
111	131	9954	11	11	0	16.68	1
111	132	9322	11	8	3	7.58	1
111	133	7214	8	6	2	6.07	1
111	134	6966	8	7	1	9.10	1
111	135	6927	8	6	2	6.07	1
111	136	6270	8	2	6	-6.07	-1
111	137	5415	6	5	1	6.07	1
111	138	4747	5	1	4	-4.55	-1
111	139	872	1	0	1	-1.52	-1
112	113	13102	16	15	1	21.23	1
112	114	18434	22	2	20	-27.29	-1
112	115	10722	15	3	12	-13.65	-1
112	116	17266	22	7	15	-12.13	-1
112	117	16621	22	3	19	-24.26	-1
112	118	14399	20	17	3	21.23	1
112	119	16020	22	21	1	30.33	1
112	120	12725	19	2	17	-22.75	-1
112	121	13762	17	5	12	-10.61	-1
112	122	13634	17	1	16	-22.75	-1
112	123	13201	17	16	1	22.75	1
112	124	13309	17	3	14	-16.68	-1
112	125	13241	17	13	4	13.65	1
112	126	11496	14	1	13	-18.20	-1
112	127	12849	15	14	1	19.71	1
112	128	12282	14	13	1	18.20	1
112	129	12073	14	3	11	-12.13	-1
112	130	12010	14	10	4	9.10	1
112	131	9954	11	1	10	-13.65	-1
112	132	10445	12	3	9	-9.10	-1
112	133	8337	9	2	7	-7.58	-1
112	134	8089	9	0	9	-13.65	-1
112	135	8050	9	1	8	-10.61	-1
112	136	7393	9	9	0	13.65	1
112	137	6538	7	1	6	-7.58	-1
112	138	5870	6	4	2	3.03	1
112	139	1995	2	2	0	3.03	1
112	140	1325	1	1	0	1.52	1
112	141	1248	1	1	0	1.52	1
113	114	12629	16	2	14	-18.20	-1
113	115	10722	15	2	13	-16.68	-1
113	116	11338	16	0	16	-24.26	-1
113	117	11202	16	4	12	-12.13	-1
113	118	10176	16	13	3	15.16	1
113	119	10092	16	16	0	24.26	1
113	120	9649	15	5	10	-7.58	-1
113	121	7834	11	1	10	-13.65	-1
113	122	7706	11	0	11	-16.68	-1
113	123	7531	11	11	0	16.68	1
113	124	7381	11	0	11	-16.68	-1
113	125	7313	11	9	2	10.61	1
113	126	7259	10	0	10	-15.16	-1
113	127	6921	9	8	1	10.61	1
113	128	6354	8	6	2	6.07	1
113	129	6145	8	2	6	-6.07	-1
113	130	6082	8	8	0	12.13	1
113	131	5246	6	1	5	-6.07	-1
113	132	4517	6	0	6	-9.10	-1
113	133	2409	3	0	3	-4.55	-1
113	134	2161	3	0	3	-4.55	-1
113	135	2122	3	0	3	-4.55	-1
113	136	1465	3	3	0	4.55	1
113	137	610	1	0	1	-1.52	-1
114	115	10722	15	14	1	19.71	1
114	116	17143	22	18	4	21.23	1
114	117	16621	22	19	3	24.26	1
114	118	14399	20	6	14	-12.13	-1
114	119	15897	22	3	19	-24.26	-1
114	120	12725	19	16	3	19.71	1
114	121	13639	17	12	5	10.61	1
114	122	13511	17	16	1	22.75	1
114	123	13201	17	4	13	-13.65	-1
114	124	13186	17	15	2	19.71	1
114	125	13118	17	4	13	-13.65	-1
114	126	11496	14	10	4	9.10	1
114	127	12726	15	4	11	-10.61	-1
114	128	12159	14	4	10	-9.10	-1
114	129	11950	14	13	1	18.20	1
114	130	11887	14	1	13	-18.20	-1
114	131	9954	11	9	2	10.61	1
114	132	10322	12	10	2	12.13	1
114	133	8214	9	8	1	10.61	1
114	134	7966	9	8	1	10.61	1
114	135	7927	9	7	2	7.58	1
114	136	7270	9	0	9	-13.65	-1
114	137	6415	7	6	1	7.58	1
114	138	5747	6	0	6	-9.10	-1
114	139	1872	2	0	2	-3.03	-1
114	140	1202	1	0	1	-1.52	-1
114	141	1125	1	0	1	-1.52	-1
115	116	10299	15	12	3	13.65	1
115	117	10163	15	11	4	10.61	1
115	118	9137	15	4	11	-10.61	-1
115	119	9053	15	0	15	-22.75	-1
115	120	8610	14	12	2	15.16	1
115	121	6795	10	10	0	15.16	1
115	122	6667	10	8	2	9.10	1
115	123	6492	10	1	9	-12.13	-1
115	124	6342	10	5	5	0.00	1
115	125	6274	10	1	9	-12.13	-1
115	126	6220	9	6	3	4.55	1
115	127	5882	8	1	7	-9.10	-1
115	128	5315	7	1	6	-7.58	-1
115	129	5106	7	7	0	10.61	1
115	130	5043	7	0	7	-10.61	-1
115	131	4207	5	4	1	4.55	1
115	132	3478	5	5	0	7.58	1
115	133	1370	2	1	1	0.00	1
115	134	1122	2	2	0	3.03	1
115	135	1083	2	1	1	0.00	1
115	136	426	2	1	1	0.00	1
116	117	16621	22	20	2	27.29	1
116	118	14399	20	6	14	-12.13	-1
116	119	19909	23	3	20	-25.78	-1
116	120	12725	19	17	2	22.75	1
116	121	15101	17	15	2	19.71	1
116	122	17523	18	15	3	18.20	1
116	123	13201	17	3	14	-16.68	-1
116	124	13499	17	12	5	10.61	1
116	125	14513	17	3	14	-16.68	-1
116	126	11496	14	11	3	12.13	1
116	127	16738	16	7	9	-3.03	-1
116	128	16093	15	2	13	-16.68	-1
116	129	15962	15	13	2	16.68	1
116	130	15899	15	3	12	-13.65	-1
116	131	9954	11	8	3	7.58	1
116	132	14334	13	12	1	16.68	1
116	133	12226	10	6	4	3.03	1
116	134	11978	10	10	0	15.16	1
116	135	11939	10	8	2	9.10	1
116	136	11282	10	3	7	-6.07	-1
116	137	10427	8	5	3	3.03	1
116	138	9759	7	1	6	-7.58	-1
116	139	5884	3	0	3	-4.55	-1
116	140	5214	2	1	1	0.00	1
116	141	5137	2	1	1	0.00	1
116	142	4366	1	1	0	1.52	1
116	143	3175	1	1	0	1.52	1
116	144	1615	1	1	0	1.52	1
117	118	14399	20	7	13	-9.10	-1
117	119	15511	22	6	16	-15.16	-1
117	120	12725	19	14	5	13.65	1
117	121	13253	17	14	3	16.68	1
117	122	13125	17	13	4	13.65	1
117	123	12950	17	5	12	-10.61	-1
117	124	12800	17	14	3	16.68	1
117	125	12732	17	3	14	-16.68	-1
117	126	11496	14	12	2	15.16	1
117	127	12340	15	3	12	-13.65	-1
117	128	11773	14	0	14	-21.23	-1
117	129	11564	14	9	5	6.07	1
117	130	11501	14	3	11	-12.13	-1
117	131	9954	11	11	0	16.68	1
117	132	9936	12	9	3	9.10	1
117	133	7828	9	9	0	13.65	1
117	134	7580	9	9	0	13.65	1
117	135	7541	9	7	2	7.58	1
117	136	6884	9	2	7	-7.58	-1
117	137	6029	7	5	2	4.55	1
117	138	5361	6	1	5	-6.07	-1
117	139	1486	2	1	1	0.00	1
117	140	816	1	0	1	-1.52	-1
117	141	739	1	0	1	-1.52	-1
118	119	14315	20	17	3	21.23	1
118	120	12725	19	2	17	-22.75	-1
118	121	12057	15	2	13	-16.68	-1
118	122	11929	15	1	14	-19.71	-1
118	123	11754	15	14	1	19.71	1
118	124	11604	15	4	11	-10.61	-1
118	125	11536	15	12	3	13.65	1
118	126	11482	14	6	8	-3.03	-1
118	127	11144	13	12	1	16.68	1
118	128	10577	12	12	0	18.20	1
118	129	10368	12	2	10	-12.13	-1
118	130	10305	12	10	2	12.13	1
118	131	9469	10	2	8	-9.10	-1
118	132	8740	10	2	8	-9.10	-1
118	133	6632	7	2	5	-4.55	-1
118	134	6384	7	2	5	-4.55	-1
118	135	6345	7	2	5	-4.55	-1
118	136	5688	7	5	2	4.55	1
118	137	4833	5	2	3	-1.52	-1
118	138	4165	4	4	0	6.07	1
119	120	12725	19	3	16	-19.71	-1
119	121	15101	17	3	14	-16.68	-1
119	122	17545	18	3	15	-18.20	-1
119	123	13201	17	12	5	10.61	1
119	124	13499	17	2	15	-19.71	-1
119	125	14513	17	16	1	22.75	1
119	126	11496	14	1	13	-18.20	-1
119	127	18857	17	15	2	19.71	1
119	128	16093	15	10	5	7.58	1
119	129	18081	16	6	10	-6.07	-1
119	130	16647	16	13	3	15.16	1
119	131	9954	11	3	8	-7.58	-1
119	132	16453	14	3	11	-12.13	-1
119	133	14345	11	3	8	-7.58	-1
119	134	14097	11	0	11	-16.68	-1
119	135	14058	11	5	6	-1.52	-1
119	136	13401	11	8	3	7.58	1
119	137	12546	9	0	9	-13.65	-1
119	138	11878	8	6	2	6.07	1
119	139	8003	4	2	2	0.00	1
119	140	7333	3	2	1	1.52	1
119	141	7256	3	3	0	4.55	1
119	142	6485	2	1	1	0.00	1
119	143	5294	2	0	2	-3.03	-1
119	144	3734	2	2	0	3.03	1
119	145	2269	1	1	0	1.52	1
119	146	2027	1	1	0	1.52	1
119	147	1897	1	0	1	-1.52	-1
120	121	10910	15	15	0	22.75	1
120	122	10782	15	13	2	16.68	1
120	123	10607	15	3	12	-13.65	-1
120	124	10457	15	13	2	16.68	1
120	125	10389	15	3	12	-13.65	-1
120	126	10335	14	9	5	6.07	1
120	127	9997	13	0	13	-19.71	-1
120	128	9430	12	3	9	-9.10	-1
120	129	9221	12	10	2	12.13	1
120	130	9158	12	4	8	-6.07	-1
120	131	8322	10	8	2	9.10	1
120	132	7593	10	7	3	6.07	1
120	133	5485	7	7	0	10.61	1
120	134	5237	7	6	1	7.58	1
120	135	5198	7	5	2	4.55	1
120	136	4541	7	1	6	-7.58	-1
120	137	3686	5	5	0	7.58	1
120	138	3018	4	1	3	-3.03	-1
121	122	14973	17	12	5	10.61	1
121	123	13201	17	3	14	-16.68	-1
121	124	13499	17	15	2	19.71	1
121	125	14513	17	1	16	-22.75	-1
121	126	11496	14	12	2	15.16	1
121	127	14188	15	3	12	-13.65	-1
121	128	13621	14	2	12	-15.16	-1
121	129	13412	14	13	1	18.20	1
121	130	13349	14	3	11	-12.13	-1
121	131	9954	11	10	1	13.65	1
121	132	11784	12	11	1	15.16	1
121	133	9676	9	8	1	10.61	1
121	134	9428	9	9	0	13.65	1
121	135	9389	9	7	2	7.58	1
121	136	8732	9	2	7	-7.58	-1
121	137	7877	7	6	1	7.58	1
121	138	7209	6	0	6	-9.10	-1
121	139	3334	2	0	2	-3.03	-1
121	140	2664	1	0	1	-1.52	-1
121	141	2587	1	0	1	-1.52	-1
122	123	13201	17	1	16	-22.75	-1
122	124	13499	17	16	1	22.75	1
122	125	14513	17	3	14	-16.68	-1
122	126	11496	14	10	4	9.10	1
122	127	16760	16	1	15	-21.23	-1
122	128	16093	15	3	12	-13.65	-1
122	129	15984	15	11	4	10.61	1
122	130	15921	15	1	14	-19.71	-1
122	131	9954	11	8	3	7.58	1
122	132	14356	13	12	1	16.68	1
122	133	12248	10	8	2	9.10	1
122	134	12000	10	8	2	9.10	1
122	135	11961	10	8	2	9.10	1
122	136	11304	10	1	9	-12.13	-1
122	137	10449	8	6	2	6.07	1
122	138	9781	7	1	6	-7.58	-1
122	139	5906	3	0	3	-4.55	-1
122	140	5236	2	1	1	0.00	1
122	141	5159	2	0	2	-3.03	-1
122	142	4388	1	1	0	1.52	1
122	143	3197	1	1	0	1.52	1
122	144	1637	1	1	0	1.52	1
123	124	13051	17	2	15	-19.71	-1
123	125	12983	17	13	4	13.65	1
123	126	11496	14	3	11	-12.13	-1
123	127	12591	15	13	2	16.68	1
123	128	12024	14	13	1	18.20	1
123	129	11815	14	4	10	-9.10	-1
123	130	11752	14	13	1	18.20	1
123	131	9954	11	2	9	-10.61	-1
123	132	10187	12	0	12	-18.20	-1
123	133	8079	9	3	6	-4.55	-1
123	134	7831	9	2	7	-7.58	-1
123	135	7792	9	4	5	-1.52	-1
123	136	7135	9	7	2	7.58	1
123	137	6280	7	3	4	-1.52	-1
123	138	5612	6	4	2	3.03	1
123	139	1737	2	2	0	3.03	1
123	140	1067	1	1	0	1.52	1
123	141	990	1	0	1	-1.52	-1
124	125	13431	17	1	16	-22.75	-1
124	126	11496	14	9	5	6.07	1
124	127	13039	15	2	13	-16.68	-1
124	128	12472	14	1	13	-18.20	-1
124	129	12263	14	13	1	18.20	1
124	130	12200	14	2	12	-15.16	-1
124	131	9954	11	8	3	7.58	1
124	132	10635	12	7	5	3.03	1
124	133	8527	9	6	3	4.55	1
124	134	8279	9	8	1	10.61	1
124	135	8240	9	5	4	1.52	1
124	136	7583	9	0	9	-13.65	-1
124	137	6728	7	6	1	7.58	1
124	138	6060	6	0	6	-9.10	-1
124	139	2185	2	0	2	-3.03	-1
124	140	1515	1	0	1	-1.52	-1
124	141	1438	1	0	1	-1.52	-1
125	126	11496	14	3	11	-12.13	-1
125	127	14121	15	10	5	7.58	1
125	128	13554	14	12	2	15.16	1
125	129	13345	14	3	11	-12.13	-1
125	130	13282	14	11	3	12.13	1
125	131	9954	11	2	9	-10.61	-1
125	132	11717	12	2	10	-12.13	-1
125	133	9609	9	2	7	-7.58	-1
125	134	9361	9	4	5	-1.52	-1
125	135	9322	9	1	8	-10.61	-1
125	136	8665	9	7	2	7.58	1
125	137	7810	7	1	6	-7.58	-1
125	138	7142	6	5	1	6.07	1
125	139	3267	2	1	1	0.00	1
125	140	2597	1	1	0	1.52	1
125	141	2520	1	1	0	1.52	1
126	127	11158	13	3	10	-10.61	-1
126	128	10591	12	2	10	-12.13	-1
126	129	10382	12	10	2	12.13	1
126	130	10319	12	0	12	-18.20	-1
126	131	9483	10	10	0	15.16	1
126	132	8754	10	8	2	9.10	1
126	133	6646	7	6	1	7.58	1
126	134	6398	7	5	2	4.55	1
126	135	6359	7	6	1	7.58	1
126	136	5702	7	0	7	-10.61	-1
126	137	4847	5	3	2	1.52	1
126	138	4179	4	0	4	-6.07	-1
127	128	16093	15	14	1	19.71	1
127	129	21546	19	3	16	-19.71	-1
127	130	16647	16	13	3	15.16	1
127	131	9954	11	1	10	-13.65	-1
127	132	22961	20	4	16	-18.20	-1
127	133	22116	17	3	14	-16.68	-1
127	134	16637	14	4	10	-9.10	-1
127	135	19192	17	2	15	-19.71	-1
127	136	21098	17	11	6	7.58	1
127	137	14911	12	3	9	-9.10	-1
127	138	16449	12	9	3	9.10	1
127	139	14338	10	7	3	6.07	1
127	140	18129	11	11	0	16.68	1
127	141	17470	11	6	5	1.52	1
127	142	17281	10	2	8	-9.10	-1
127	143	16090	10	3	7	-6.07	-1
127	144	14530	10	10	0	15.16	1
127	145	13065	9	3	6	-4.55	-1
127	146	12823	9	9	0	13.65	1
127	147	12693	9	2	7	-7.58	-1
127	148	9014	6	0	6	-9.10	-1
127	149	8682	5	2	3	-1.52	-1
127	150	7542	5	1	4	-4.55	-1
127	151	6198	4	0	4	-6.07	-1
127	152	5796	2	0	2	-3.03	-1
127	153	4850	2	1	1	0.00	1
127	154	4056	2	0	2	-3.03	-1
127	155	3714	2	0	2	-3.03	-1
127	156	3488	2	1	1	0.00	1
127	157	3379	2	1	1	0.00	1
127	158	3052	2	1	1	0.00	1
127	159	2602	2	0	2	-3.03	-1
127	160	2458	2	0	2	-3.03	-1
127	161	2365	1	1	0	1.52	1
128	129	15884	15	0	15	-22.75	-1
128	130	15821	15	12	3	13.65	1
128	131	9954	11	1	10	-13.65	-1
128	132	14256	13	0	13	-19.71	-1
128	133	12148	10	3	7	-6.07	-1
128	134	11900	10	4	6	-3.03	-1
128	135	11861	10	2	8	-9.10	-1
128	136	11204	10	7	3	6.07	1
128	137	10349	8	2	6	-6.07	-1
128	138	9681	7	5	2	4.55	1
128	139	5806	3	3	0	4.55	1
128	140	5136	2	2	0	3.03	1
128	141	5059	2	1	1	0.00	1
128	142	4288	1	0	1	-1.52	-1
128	143	3097	1	0	1	-1.52	-1
128	144	1537	1	1	0	1.52	1
129	130	16647	16	2	14	-18.20	-1
129	131	9954	11	8	3	7.58	1
129	132	19918	17	14	3	16.68	1
129	133	17810	14	12	2	15.16	1
129	134	16637	14	13	1	18.20	1
129	135	17523	14	11	3	12.13	1
129	136	16866	14	4	10	-9.10	-1
129	137	14911	12	10	2	12.13	1
129	138	15343	11	2	9	-10.61	-1
129	139	11468	7	0	7	-10.61	-1
129	140	10798	6	0	6	-9.10	-1
129	141	10721	6	1	5	-6.07	-1
129	142	9950	5	5	0	7.58	1
129	143	8759	5	3	2	1.52	1
129	144	7199	5	0	5	-7.58	-1
129	145	5734	4	3	1	3.03	1
129	146	5492	4	1	3	-3.03	-1
129	147	5362	4	3	1	3.03	1
129	148	1683	1	1	0	1.52	1
130	131	9954	11	2	9	-10.61	-1
130	132	15082	14	3	11	-12.13	-1
130	133	12974	11	2	9	-10.61	-1
130	134	12726	11	1	10	-13.65	-1
130	135	12687	11	4	7	-4.55	-1
130	136	12030	11	11	0	16.68	1
130	137	11175	9	1	8	-10.61	-1
130	138	10507	8	7	1	9.10	1
130	139	6632	4	1	3	-3.03	-1
130	140	5962	3	0	3	-4.55	-1
130	141	5885	3	2	1	1.52	1
130	142	5114	2	0	2	-3.03	-1
130	143	3923	2	0	2	-3.03	-1
130	144	2363	2	2	0	3.03	1
130	145	898	1	1	0	1.52	1
130	146	656	1	1	0	1.52	1
130	147	526	1	0	1	-1.52	-1
131	132	9225	11	7	4	4.55	1
131	133	7117	8	7	1	9.10	1
131	134	6869	8	7	1	9.10	1
131	135	6830	8	7	1	9.10	1
131	136	6173	8	1	7	-9.10	-1
131	137	5318	6	6	0	9.10	1
131	138	4650	5	0	5	-7.58	-1
131	139	775	1	0	1	-1.52	-1
132	133	20853	17	12	5	10.61	1
132	134	16637	14	9	5	6.07	1
132	135	19192	17	14	3	16.68	1
132	136	19909	17	1	16	-22.75	-1
132	137	14911	12	10	2	12.13	1
132	138	16449	12	0	12	-18.20	-1
132	139	14338	10	3	7	-6.07	-1
132	140	13841	9	1	8	-10.61	-1
132	141	13764	9	0	9	-13.65	-1
132	142	12993	8	6	2	6.07	1
132	143	11802	8	6	2	6.07	1
132	144	10242	8	1	7	-9.10	-1
132	145	8777	7	6	1	7.58	1
132	146	8535	7	5	2	4.55	1
132	147	8405	7	5	2	4.55	1
132	148	4726	4	3	1	3.03	1
132	149	4394	3	2	1	1.52	1
132	150	3254	3	2	1	1.52	1
132	151	1910	2	2	0	3.03	1
133	134	16637	14	11	3	12.13	1
133	135	19192	17	15	2	19.71	1
133	136	21098	17	3	14	-16.68	-1
133	137	14911	12	10	2	12.13	1
133	138	16449	12	3	9	-9.10	-1
133	139	14338	10	0	10	-15.16	-1
133	140	15104	9	2	7	-7.58	-1
133	141	15027	9	1	8	-10.61	-1
133	142	14256	8	6	2	6.07	1
133	143	13065	8	8	0	12.13	1
133	144	11505	8	2	6	-6.07	-1
133	145	10040	7	5	2	4.55	1
133	146	9798	7	1	6	-7.58	-1
133	147	9668	7	7	0	10.61	1
133	148	5989	4	4	0	6.07	1
133	149	5657	3	2	1	1.52	1
133	150	4517	3	2	1	1.52	1
133	151	3173	2	2	0	3.03	1
134	135	16598	14	10	4	9.10	1
134	136	15941	14	3	11	-12.13	-1
134	137	14911	12	10	2	12.13	1
134	138	14418	11	3	8	-7.58	-1
134	139	10543	7	1	6	-7.58	-1
134	140	9873	6	2	4	-3.03	-1
134	141	9796	6	1	5	-6.07	-1
134	142	9025	5	4	1	4.55	1
134	143	7834	5	4	1	4.55	1
134	144	6274	5	0	5	-7.58	-1
134	145	4809	4	2	2	0.00	1
134	146	4567	4	1	3	-3.03	-1
134	147	4437	4	3	1	3.03	1
134	148	758	1	0	1	-1.52	-1
135	136	18535	17	2	15	-19.71	-1
135	137	14911	12	10	2	12.13	1
135	138	16449	12	6	6	0.00	1
135	139	13137	10	2	8	-9.10	-1
135	140	12467	9	2	7	-7.58	-1
135	141	12390	9	3	6	-4.55	-1
135	142	11619	8	7	1	9.10	1
135	143	10428	8	7	1	9.10	1
135	144	8868	8	1	7	-9.10	-1
135	145	7403	7	5	2	4.55	1
135	146	7161	7	1	6	-7.58	-1
135	147	7031	7	7	0	10.61	1
135	148	3352	4	3	1	3.03	1
135	149	3020	3	2	1	1.52	1
135	150	1880	3	3	0	4.55	1
135	151	536	2	2	0	3.03	1
136	137	14911	12	1	11	-15.16	-1
136	138	16449	12	12	0	18.20	1
136	139	14338	10	9	1	12.13	1
136	140	15030	9	7	2	7.58	1
136	141	14953	9	8	1	10.61	1
136	142	14182	8	0	8	-12.13	-1
136	143	12991	8	1	7	-9.10	-1
136	144	11431	8	6	2	6.07	1
136	145	9966	7	1	6	-7.58	-1
136	146	9724	7	7	0	10.61	1
136	147	9594	7	1	6	-7.58	-1
136	148	5915	4	2	2	0.00	1
136	149	5583	3	1	2	-1.52	-1
136	150	4443	3	0	3	-4.55	-1
136	151	3099	2	0	2	-3.03	-1
137	138	14243	11	1	10	-13.65	-1
137	139	10368	7	2	5	-4.55	-1
137	140	9698	6	3	3	0.00	1
137	141	9621	6	2	4	-3.03	-1
137	142	8850	5	5	0	7.58	1
137	143	7659	5	5	0	7.58	1
137	144	6099	5	1	4	-4.55	-1
137	145	4634	4	3	1	3.03	1
137	146	4392	4	3	1	3.03	1
137	147	4262	4	4	0	6.07	1
137	148	583	1	1	0	1.52	1
138	139	12574	8	5	3	3.03	1
138	140	11904	7	5	2	4.55	1
138	141	11827	7	6	1	7.58	1
138	142	11056	6	2	4	-3.03	-1
138	143	9865	6	1	5	-6.07	-1
138	144	8305	6	6	0	9.10	1
138	145	6840	5	1	4	-4.55	-1
138	146	6598	5	4	1	4.55	1
138	147	6468	5	1	4	-4.55	-1
138	148	2789	2	0	2	-3.03	-1
138	149	2457	1	0	1	-1.52	-1
138	150	1317	1	0	1	-1.52	-1
139	140	13668	9	6	3	4.55	1
139	141	13591	9	8	1	10.61	1
139	142	12820	8	2	6	-6.07	-1
139	143	11629	8	1	7	-9.10	-1
139	144	10069	8	8	0	12.13	1
139	145	8604	7	2	5	-4.55	-1
139	146	8362	7	7	0	10.61	1
139	147	8232	7	2	5	-4.55	-1
139	148	4553	4	1	3	-3.03	-1
139	149	4221	3	0	3	-4.55	-1
139	150	3081	3	1	2	-1.52	-1
139	151	1737	2	0	2	-3.03	-1
140	141	17470	11	11	0	16.68	1
140	142	18414	11	0	11	-16.68	-1
140	143	16743	11	3	8	-7.58	-1
140	144	17615	12	11	1	15.16	1
140	145	21862	16	4	12	-12.13	-1
140	146	16017	11	8	3	7.58	1
140	147	15595	11	1	10	-13.65	-1
140	148	18012	13	1	12	-16.68	-1
140	149	17129	11	3	8	-7.58	-1
140	150	16540	12	3	9	-9.10	-1
140	151	13150	8	0	8	-12.13	-1
140	152	14794	9	1	8	-10.61	-1
140	153	13848	9	7	2	7.58	1
140	154	13054	9	1	8	-10.61	-1
140	155	12712	9	2	7	-7.58	-1
140	156	11213	6	5	1	6.07	1
140	157	12377	9	9	0	13.65	1
140	158	12050	9	2	7	-7.58	-1
140	159	11600	9	1	8	-10.61	-1
140	160	11456	9	0	9	-13.65	-1
140	161	11363	8	5	3	3.03	1
140	162	10355	7	1	6	-7.58	-1
140	163	9836	7	2	5	-4.55	-1
140	164	7888	6	5	1	6.07	1
140	165	6742	5	1	4	-4.55	-1
140	166	5649	5	5	0	7.58	1
140	167	5517	5	1	4	-4.55	-1
140	168	4684	5	3	2	1.52	1
140	169	4150	4	3	1	3.03	1
140	170	3768	4	0	4	-6.07	-1
140	171	3473	4	3	1	3.03	1
140	172	3168	4	4	0	6.07	1
140	173	2078	3	1	2	-1.52	-1
140	174	1762	3	2	1	1.52	1
140	175	1167	2	2	0	3.03	1
140	176	407	1	1	0	1.52	1
141	142	16699	10	2	8	-9.10	-1
141	143	15508	10	1	9	-12.13	-1
141	144	13948	10	8	2	9.10	1
141	145	12483	9	3	6	-4.55	-1
141	146	12241	9	8	1	10.61	1
141	147	12111	9	1	8	-10.61	-1
141	148	8432	6	1	5	-6.07	-1
141	149	8100	5	1	4	-4.55	-1
141	150	6960	5	2	3	-1.52	-1
141	151	5616	4	0	4	-6.07	-1
141	152	5214	2	0	2	-3.03	-1
141	153	4268	2	2	0	3.03	1
141	154	3474	2	0	2	-3.03	-1
141	155	3132	2	1	1	0.00	1
141	156	2906	2	2	0	3.03	1
141	157	2797	2	2	0	3.03	1
141	158	2470	2	0	2	-3.03	-1
141	159	2020	2	1	1	0.00	1
141	160	1876	2	0	2	-3.03	-1
141	161	1783	1	1	0	1.52	1
142	143	16743	11	10	1	13.65	1
142	144	15663	11	1	10	-13.65	-1
142	145	14198	10	9	1	12.13	1
142	146	13956	10	4	6	-3.03	-1
142	147	13826	10	9	1	12.13	1
142	148	10147	7	6	1	7.58	1
142	149	9815	6	5	1	6.07	1
142	150	8675	6	6	0	9.10	1
142	151	7331	5	4	1	4.55	1
142	152	6929	3	2	1	1.52	1
142	153	5983	3	0	3	-4.55	-1
142	154	5189	3	2	1	1.52	1
142	155	4847	3	3	0	4.55	1
142	156	4621	3	0	3	-4.55	-1
142	157	4512	3	1	2	-1.52	-1
142	158	4185	3	3	0	4.55	1
142	159	3735	3	2	1	1.52	1
142	160	3591	3	3	0	4.55	1
142	161	3498	2	1	1	0.00	1
142	162	2490	1	1	0	1.52	1
142	163	1971	1	1	0	1.52	1
143	144	15183	11	3	8	-7.58	-1
143	145	13718	10	8	2	9.10	1
143	146	13476	10	1	9	-12.13	-1
143	147	13346	10	8	2	9.10	1
143	148	9667	7	6	1	7.58	1
143	149	9335	6	5	1	6.07	1
143	150	8195	6	6	0	9.10	1
143	151	6851	5	5	0	7.58	1
143	152	6449	3	3	0	4.55	1
143	153	5503	3	0	3	-4.55	-1
143	154	4709	3	3	0	4.55	1
143	155	4367	3	2	1	1.52	1
143	156	4141	3	0	3	-4.55	-1
143	157	4032	3	0	3	-4.55	-1
143	158	3705	3	3	0	4.55	1
143	159	3255	3	2	1	1.52	1
143	160	3111	3	2	1	1.52	1
143	161	3018	2	1	1	0.00	1
143	162	2010	1	1	0	1.52	1
143	163	1491	1	1	0	1.52	1
144	145	16150	11	2	9	-10.61	-1
144	146	15908	11	9	2	10.61	1
144	147	15595	11	4	7	-4.55	-1
144	148	12099	8	3	5	-3.03	-1
144	149	11767	7	1	6	-7.58	-1
144	150	10627	7	3	4	-1.52	-1
144	151	9283	6	0	6	-9.10	-1
144	152	8881	4	0	4	-6.07	-1
144	153	7935	4	2	2	0.00	1
144	154	7141	4	2	2	0.00	1
144	155	6799	4	1	3	-3.03	-1
144	156	6573	4	4	0	6.07	1
144	157	6464	4	3	1	3.03	1
144	158	6137	4	1	3	-3.03	-1
144	159	5687	4	1	3	-3.03	-1
144	160	5543	4	1	3	-3.03	-1
144	161	5450	3	3	0	4.55	1
144	162	4442	2	1	1	0.00	1
144	163	3923	2	1	1	0.00	1
144	164	1975	1	0	1	-1.52	-1
145	146	16017	11	2	9	-10.61	-1
145	147	15595	11	8	3	7.58	1
145	148	17811	13	13	0	19.71	1
145	149	17129	11	9	2	10.61	1
145	150	16339	12	10	2	12.13	1
145	151	13150	8	7	1	9.10	1
145	152	14593	9	5	4	1.52	1
145	153	13647	9	1	8	-10.61	-1
145	154	12853	9	9	0	13.65	1
145	155	12511	9	6	3	4.55	1
145	156	11213	6	1	5	-6.07	-1
145	157	12176	9	0	9	-13.65	-1
145	158	11849	9	7	2	7.58	1
145	159	11399	9	6	3	4.55	1
145	160	11255	9	8	1	10.61	1
145	161	11162	8	2	6	-6.07	-1
145	162	10154	7	6	1	7.58	1
145	163	9635	7	6	1	7.58	1
145	164	7687	6	2	4	-3.03	-1
145	165	6541	5	4	1	4.55	1
145	166	5448	5	0	5	-7.58	-1
145	167	5316	5	4	1	4.55	1
145	168	4483	5	0	5	-7.58	-1
145	169	3949	4	0	4	-6.07	-1
145	170	3567	4	4	0	6.07	1
145	171	3272	4	2	2	0.00	1
145	172	2967	4	1	3	-3.03	-1
145	173	1877	3	2	1	1.52	1
145	174	1561	3	3	0	4.55	1
145	175	966	2	0	2	-3.03	-1
145	176	206	1	0	1	-1.52	-1
146	147	15595	11	2	9	-10.61	-1
146	148	12208	8	1	7	-9.10	-1
146	149	11876	7	1	6	-7.58	-1
146	150	10736	7	4	3	1.52	1
146	151	9392	6	2	4	-3.03	-1
146	152	8990	4	1	3	-3.03	-1
146	153	8044	4	3	1	3.03	1
146	154	7250	4	0	4	-6.07	-1
146	155	6908	4	0	4	-6.07	-1
146	156	6682	4	4	0	6.07	1
146	157	6573	4	3	1	3.03	1
146	158	6246	4	3	1	3.03	1
146	159	5796	4	1	3	-3.03	-1
146	160	5652	4	1	3	-3.03	-1
146	161	5559	3	2	1	1.52	1
146	162	4551	2	0	2	-3.03	-1
146	163	4032	2	0	2	-3.03	-1
146	164	2084	1	1	0	1.52	1
147	148	11916	8	6	2	6.07	1
147	149	11584	7	5	2	4.55	1
147	150	10444	7	6	1	7.58	1
147	151	9100	6	5	1	6.07	1
147	152	8698	4	4	0	6.07	1
147	153	7752	4	0	4	-6.07	-1
147	154	6958	4	4	0	6.07	1
147	155	6616	4	3	1	3.03	1
147	156	6390	4	1	3	-3.03	-1
147	157	6281	4	2	2	0.00	1
147	158	5954	4	4	0	6.07	1
147	159	5504	4	2	2	0.00	1
147	160	5360	4	4	0	6.07	1
147	161	5267	3	1	2	-1.52	-1
147	162	4259	2	2	0	3.03	1
147	163	3740	2	2	0	3.03	1
147	164	1792	1	1	0	1.52	1
148	149	17129	11	9	2	10.61	1
148	150	19196	12	11	1	15.16	1
148	151	13150	8	6	2	6.07	1
148	152	17450	9	6	3	4.55	1
148	153	15106	9	2	7	-7.58	-1
148	154	15710	9	8	1	10.61	1
148	155	15368	9	7	2	7.58	1
148	156	11213	6	1	5	-6.07	-1
148	157	15033	9	2	7	-7.58	-1
148	158	14706	9	7	2	7.58	1
148	159	14256	9	8	1	10.61	1
148	160	14112	9	9	0	13.65	1
148	161	14019	8	0	8	-12.13	-1
148	162	13011	7	4	3	1.52	1
148	163	12492	7	6	1	7.58	1
148	164	10544	6	1	5	-6.07	-1
148	165	9398	5	4	1	4.55	1
148	166	8305	5	0	5	-7.58	-1
148	167	8173	5	5	0	7.58	1
148	168	7340	5	1	4	-4.55	-1
148	169	6806	4	1	3	-3.03	-1
148	170	6424	4	4	0	6.07	1
148	171	6129	4	0	4	-6.07	-1
148	172	5824	4	1	3	-3.03	-1
148	173	4734	3	3	0	4.55	1
148	174	4418	3	3	0	4.55	1
148	175	3823	2	0	2	-3.03	-1
148	176	3063	1	0	1	-1.52	-1
149	150	15989	11	10	1	13.65	1
149	151	13150	8	6	2	6.07	1
149	152	14243	8	7	1	9.10	1
149	153	13297	8	1	7	-9.10	-1
149	154	12503	8	7	1	9.10	1
149	155	12161	8	8	0	12.13	1
149	156	11213	6	2	4	-3.03	-1
149	157	11826	8	0	8	-12.13	-1
149	158	11499	8	8	0	12.13	1
149	159	11049	8	7	1	9.10	1
149	160	10905	8	6	2	6.07	1
149	161	10812	7	0	7	-10.61	-1
149	162	9804	6	6	0	9.10	1
149	163	9285	6	6	0	9.10	1
149	164	7337	5	1	4	-4.55	-1
149	165	6191	4	1	3	-3.03	-1
149	166	5098	4	1	3	-3.03	-1
149	167	4966	4	3	1	3.03	1
149	168	4133	4	0	4	-6.07	-1
149	169	3599	3	1	2	-1.52	-1
149	170	3217	3	2	1	1.52	1
149	171	2922	3	0	3	-4.55	-1
149	172	2617	3	0	3	-4.55	-1
149	173	1527	2	2	0	3.03	1
149	174	1211	2	1	1	0.00	1
149	175	616	1	0	1	-1.52	-1
150	151	13150	8	6	2	6.07	1
150	152	22815	12	11	1	15.16	1
150	153	15106	9	2	7	-7.58	-1
150	154	17801	11	6	5	1.52	1
150	155	19310	11	11	0	16.68	1
150	156	11213	6	3	3	0.00	1
150	157	20398	12	4	8	-6.07	-1
150	158	16882	11	10	1	13.65	1
150	159	19621	12	10	2	12.13	1
150	160	19477	12	11	1	15.16	1
150	161	17138	10	1	9	-12.13	-1
150	162	15993	9	8	1	10.61	1
150	163	17259	9	7	2	7.58	1
150	164	15909	9	1	8	-10.61	-1
150	165	14763	8	7	1	9.10	1
150	166	13670	8	1	7	-9.10	-1
150	167	13538	8	5	3	3.03	1
150	168	12705	8	2	6	-6.07	-1
150	169	12171	7	1	6	-7.58	-1
150	170	11789	7	4	3	1.52	1
150	171	11494	7	1	6	-7.58	-1
150	172	11189	7	3	4	-1.52	-1
150	173	10099	6	5	1	6.07	1
150	174	9783	6	5	1	6.07	1
150	175	9188	5	2	3	-1.52	-1
150	176	8428	4	2	2	0.00	1
150	177	7880	3	2	1	1.52	1
150	178	7760	3	2	1	1.52	1
150	179	7129	3	3	0	4.55	1
150	180	6361	3	0	3	-4.55	-1
150	181	6244	3	3	0	4.55	1
150	182	5256	3	1	2	-1.52	-1
150	183	5089	2	1	1	0.00	1
150	184	4807	2	1	1	0.00	1
150	185	3254	1	1	0	1.52	1
150	186	3133	1	0	1	-1.52	-1
150	187	2131	1	1	0	1.52	1
150	188	1959	1	0	1	-1.52	-1
151	152	12748	6	4	2	3.03	1
151	153	11802	6	0	6	-9.10	-1
151	154	11008	6	4	2	3.03	1
151	155	10666	6	3	3	0.00	1
151	156	10440	6	1	5	-6.07	-1
151	157	10331	6	1	5	-6.07	-1
151	158	10004	6	5	1	6.07	1
151	159	9554	6	6	0	9.10	1
151	160	9410	6	5	1	6.07	1
151	161	9317	5	3	2	1.52	1
151	162	8309	4	4	0	6.07	1
151	163	7790	4	3	1	3.03	1
151	164	5842	3	0	3	-4.55	-1
151	165	4696	2	2	0	3.03	1
151	166	3603	2	0	2	-3.03	-1
151	167	3471	2	2	0	3.03	1
151	168	2638	2	0	2	-3.03	-1
151	169	2104	1	1	0	1.52	1
151	170	1722	1	1	0	1.52	1
151	171	1427	1	0	1	-1.52	-1
151	172	1122	1	0	1	-1.52	-1
152	153	15106	9	1	8	-10.61	-1
152	154	17801	11	10	1	13.65	1
152	155	19310	11	10	1	13.65	1
152	156	11213	6	2	4	-3.03	-1
152	157	20881	12	3	9	-9.10	-1
152	158	16882	11	10	1	13.65	1
152	159	20494	12	11	1	15.16	1
152	160	20603	12	10	2	12.13	1
152	161	17138	10	1	9	-12.13	-1
152	162	15993	9	7	2	7.58	1
152	163	17259	9	7	2	7.58	1
152	164	17035	9	1	8	-10.61	-1
152	165	15889	8	8	0	12.13	1
152	166	14796	8	1	7	-9.10	-1
152	167	14664	8	7	1	9.10	1
152	168	13831	8	2	6	-6.07	-1
152	169	13297	7	0	7	-10.61	-1
152	170	12915	7	7	0	10.61	1
152	171	12620	7	1	6	-7.58	-1
152	172	12315	7	0	7	-10.61	-1
152	173	11225	6	5	1	6.07	1
152	174	10909	6	6	0	9.10	1
152	175	10314	5	0	5	-7.58	-1
152	176	9554	4	0	4	-6.07	-1
152	177	9006	3	0	3	-4.55	-1
152	178	8886	3	3	0	4.55	1
152	179	8255	3	3	0	4.55	1
152	180	7487	3	0	3	-4.55	-1
152	181	7370	3	3	0	4.55	1
152	182	6382	3	2	1	1.52	1
152	183	6215	2	0	2	-3.03	-1
152	184	5933	2	1	1	0.00	1
152	185	4380	1	0	1	-1.52	-1
152	186	4259	1	0	1	-1.52	-1
152	187	3257	1	1	0	1.52	1
152	188	3085	1	1	0	1.52	1
153	154	14312	9	3	6	-4.55	-1
153	155	13970	9	2	7	-7.58	-1
153	156	11213	6	6	0	9.10	1
153	157	13635	9	8	1	10.61	1
153	158	13308	9	2	7	-7.58	-1
153	159	12858	9	2	7	-7.58	-1
153	160	12714	9	2	7	-7.58	-1
153	161	12621	8	7	1	9.10	1
153	162	11613	7	1	6	-7.58	-1
153	163	11094	7	3	4	-1.52	-1
153	164	9146	6	5	1	6.07	1
153	165	8000	5	1	4	-4.55	-1
153	166	6907	5	5	0	7.58	1
153	167	6775	5	0	5	-7.58	-1
153	168	5942	5	4	1	4.55	1
153	169	5408	4	4	0	6.07	1
153	170	5026	4	1	3	-3.03	-1
153	171	4731	4	4	0	6.07	1
153	172	4426	4	2	2	0.00	1
153	173	3336	3	0	3	-4.55	-1
153	174	3020	3	0	3	-4.55	-1
153	175	2425	2	1	1	0.00	1
153	176	1665	1	1	0	1.52	1
154	155	17459	11	7	4	4.55	1
154	156	11213	6	2	4	-3.03	-1
154	157	17124	11	1	10	-13.65	-1
154	158	16797	11	10	1	13.65	1
154	159	16347	11	10	1	13.65	1
154	160	16203	11	9	2	10.61	1
154	161	16110	10	2	8	-9.10	-1
154	162	15102	9	9	0	13.65	1
154	163	14583	9	8	1	10.61	1
154	164	12635	8	1	7	-9.10	-1
154	165	11489	7	6	1	7.58	1
154	166	10396	7	1	6	-7.58	-1
154	167	10264	7	6	1	7.58	1
154	168	9431	7	2	5	-4.55	-1
154	169	8897	6	1	5	-6.07	-1
154	170	8515	6	5	1	6.07	1
154	171	8220	6	1	5	-6.07	-1
154	172	7915	6	3	3	0.00	1
154	173	6825	5	4	1	4.55	1
154	174	6509	5	4	1	4.55	1
154	175	5914	4	0	4	-6.07	-1
154	176	5154	3	1	2	-1.52	-1
154	177	4606	2	0	2	-3.03	-1
154	178	4486	2	1	1	0.00	1
154	179	3855	2	2	0	3.03	1
154	180	3087	2	1	1	0.00	1
154	181	2970	2	1	1	0.00	1
154	182	1982	2	0	2	-3.03	-1
154	183	1815	1	0	1	-1.52	-1
154	184	1533	1	0	1	-1.52	-1
155	156	11213	6	1	5	-6.07	-1
155	157	18975	11	0	11	-16.68	-1
155	158	16882	11	8	3	7.58	1
155	159	18198	11	9	2	10.61	1
155	160	18054	11	7	4	4.55	1
155	161	17138	10	2	8	-9.10	-1
155	162	15993	9	8	1	10.61	1
155	163	16434	9	7	2	7.58	1
155	164	14486	8	0	8	-12.13	-1
155	165	13340	7	6	1	7.58	1
155	166	12247	7	1	6	-7.58	-1
155	167	12115	7	5	2	4.55	1
155	168	11282	7	2	5	-4.55	-1
155	169	10748	6	1	5	-6.07	-1
155	170	10366	6	6	0	9.10	1
155	171	10071	6	2	4	-3.03	-1
155	172	9766	6	1	5	-6.07	-1
155	173	8676	5	3	2	1.52	1
155	174	8360	5	5	0	7.58	1
155	175	7765	4	0	4	-6.07	-1
155	176	7005	3	1	2	-1.52	-1
155	177	6457	2	0	2	-3.03	-1
155	178	6337	2	2	0	3.03	1
155	179	5706	2	2	0	3.03	1
155	180	4938	2	0	2	-3.03	-1
155	181	4821	2	2	0	3.03	1
155	182	3833	2	0	2	-3.03	-1
155	183	3666	1	0	1	-1.52	-1
155	184	3384	1	0	1	-1.52	-1
156	157	11104	6	6	0	9.10	1
156	158	10777	6	0	6	-9.10	-1
156	159	10327	6	2	4	-3.03	-1
156	160	10183	6	1	5	-6.07	-1
156	161	10090	5	4	1	4.55	1
156	162	9082	4	0	4	-6.07	-1
156	163	8563	4	0	4	-6.07	-1
156	164	6615	3	3	0	4.55	1
156	165	5469	2	0	2	-3.03	-1
156	166	4376	2	2	0	3.03	1
156	167	4244	2	2	0	3.03	1
156	168	3411	2	1	1	0.00	1
156	169	2877	1	1	0	1.52	1
156	170	2495	1	1	0	1.52	1
156	171	2200	1	1	0	1.52	1
156	172	1895	1	1	0	1.52	1
157	158	16882	11	1	10	-13.65	-1
157	159	20104	12	2	10	-12.13	-1
157	160	19960	12	2	10	-12.13	-1
157	161	17138	10	10	0	15.16	1
157	162	15993	9	0	9	-13.65	-1
157	163	17259	9	0	9	-13.65	-1
157	164	16392	9	6	3	4.55	1
157	165	15246	8	0	8	-12.13	-1
157	166	14153	8	7	1	9.10	1
157	167	14021	8	1	7	-9.10	-1
157	168	13188	8	7	1	9.10	1
157	169	12654	7	4	3	1.52	1
157	170	12272	7	2	5	-4.55	-1
157	171	11977	7	6	1	7.58	1
157	172	11672	7	7	0	10.61	1
157	173	10582	6	0	6	-9.10	-1
157	174	10266	6	1	5	-6.07	-1
157	175	9671	5	5	0	7.58	1
157	176	8911	4	4	0	6.07	1
157	177	8363	3	2	1	1.52	1
157	178	8243	3	0	3	-4.55	-1
157	179	7612	3	1	2	-1.52	-1
157	180	6844	3	2	1	1.52	1
157	181	6727	3	1	2	-1.52	-1
157	182	5739	3	3	0	4.55	1
157	183	5572	2	1	1	0.00	1
157	184	5290	2	2	0	3.03	1
157	185	3737	1	1	0	1.52	1
157	186	3616	1	1	0	1.52	1
157	187	2614	1	0	1	-1.52	-1
157	188	2442	1	0	1	-1.52	-1
158	159	16432	11	9	2	10.61	1
158	160	16288	11	8	3	7.58	1
158	161	16195	10	5	5	0.00	1
158	162	15187	9	7	2	7.58	1
158	163	14668	9	6	3	4.55	1
158	164	12720	8	1	7	-9.10	-1
158	165	11574	7	7	0	10.61	1
158	166	10481	7	2	5	-4.55	-1
158	167	10349	7	5	2	4.55	1
158	168	9516	7	0	7	-10.61	-1
158	169	8982	6	3	3	0.00	1
158	170	8600	6	3	3	0.00	1
158	171	8305	6	1	5	-6.07	-1
158	172	8000	6	2	4	-3.03	-1
158	173	6910	5	2	3	-1.52	-1
158	174	6594	5	4	1	4.55	1
158	175	5999	4	1	3	-3.03	-1
158	176	5239	3	1	2	-1.52	-1
158	177	4691	2	1	1	0.00	1
158	178	4571	2	2	0	3.03	1
158	179	3940	2	2	0	3.03	1
158	180	3172	2	1	1	0.00	1
158	181	3055	2	2	0	3.03	1
158	182	2067	2	0	2	-3.03	-1
158	183	1900	1	1	0	1.52	1
158	184	1618	1	0	1	-1.52	-1
159	160	20350	12	11	1	15.16	1
159	161	17138	10	3	7	-6.07	-1
159	162	15993	9	9	0	13.65	1
159	163	17259	9	8	1	10.61	1
159	164	16782	9	1	8	-10.61	-1
159	165	15636	8	7	1	9.10	1
159	166	14543	8	2	6	-6.07	-1
159	167	14411	8	6	2	6.07	1
159	168	13578	8	3	5	-3.03	-1
159	169	13044	7	0	7	-10.61	-1
159	170	12662	7	7	0	10.61	1
159	171	12367	7	1	6	-7.58	-1
159	172	12062	7	1	6	-7.58	-1
159	173	10972	6	5	1	6.07	1
159	174	10656	6	5	1	6.07	1
159	175	10061	5	0	5	-7.58	-1
159	176	9301	4	0	4	-6.07	-1
159	177	8753	3	2	1	1.52	1
159	178	8633	3	2	1	1.52	1
159	179	8002	3	2	1	1.52	1
159	180	7234	3	1	2	-1.52	-1
159	181	7117	3	3	0	4.55	1
159	182	6129	3	0	3	-4.55	-1
159	183	5962	2	0	2	-3.03	-1
159	184	5680	2	0	2	-3.03	-1
159	185	4127	1	0	1	-1.52	-1
159	186	4006	1	1	0	1.52	1
159	187	3004	1	1	0	1.52	1
159	188	2832	1	1	0	1.52	1
160	161	17138	10	3	7	-6.07	-1
160	162	15993	9	7	2	7.58	1
160	163	17259	9	5	4	1.52	1
160	164	20847	12	4	8	-6.07	-1
160	165	16947	9	7	2	7.58	1
160	166	17178	11	4	7	-4.55	-1
160	167	15205	9	8	1	10.61	1
160	168	19183	11	3	8	-7.58	-1
160	169	16299	10	1	9	-12.13	-1
160	170	15044	10	5	5	0.00	1
160	171	19544	12	2	10	-12.13	-1
160	172	17475	10	5	5	0.00	1
160	173	13930	9	7	2	7.58	1
160	174	17833	11	10	1	13.65	1
160	175	17238	10	1	9	-12.13	-1
160	176	16478	9	0	9	-13.65	-1
160	177	15930	8	0	8	-12.13	-1
160	178	15810	8	7	1	9.10	1
160	179	15179	8	3	5	-3.03	-1
160	180	14411	8	2	6	-6.07	-1
160	181	11815	6	5	1	6.07	1
160	182	13306	8	1	7	-9.10	-1
160	183	12062	6	1	5	-6.07	-1
160	184	12857	7	1	6	-7.58	-1
160	185	11304	6	2	4	-3.03	-1
160	186	11183	6	1	5	-6.07	-1
160	187	10181	6	5	1	6.07	1
160	188	10009	6	4	2	3.03	1
160	189	7025	5	4	1	4.55	1
160	190	6376	4	1	3	-3.03	-1
160	191	6128	4	1	3	-3.03	-1
160	192	5088	2	1	1	0.00	1
160	193	4819	2	2	0	3.03	1
160	194	4753	2	2	0	3.03	1
160	195	4660	2	1	1	0.00	1
160	196	4281	2	0	2	-3.03	-1
160	197	3841	2	0	2	-3.03	-1
160	198	3093	2	1	1	0.00	1
160	199	3079	2	2	0	3.03	1
160	200	2964	2	0	2	-3.03	-1
160	201	2322	2	1	1	0.00	1
160	202	957	1	0	1	-1.52	-1
160	203	658	1	1	0	1.52	1
160	204	611	1	1	0	1.52	1
161	162	15993	9	1	8	-10.61	-1
161	163	15611	9	1	8	-10.61	-1
161	164	13663	8	6	2	6.07	1
161	165	12517	7	2	5	-4.55	-1
161	166	11424	7	6	1	7.58	1
161	167	11292	7	1	6	-7.58	-1
161	168	10459	7	6	1	7.58	1
161	169	9925	6	5	1	6.07	1
161	170	9543	6	1	5	-6.07	-1
161	171	9248	6	6	0	9.10	1
161	172	8943	6	6	0	9.10	1
161	173	7853	5	0	5	-7.58	-1
161	174	7537	5	0	5	-7.58	-1
161	175	6942	4	2	2	0.00	1
161	176	6182	3	2	1	1.52	1
161	177	5634	2	1	1	0.00	1
161	178	5514	2	0	2	-3.03	-1
161	179	4883	2	0	2	-3.03	-1
161	180	4115	2	2	0	3.03	1
161	181	3998	2	0	2	-3.03	-1
161	182	3010	2	1	1	0.00	1
161	183	2843	1	0	1	-1.52	-1
161	184	2561	1	1	0	1.52	1
162	163	15474	9	8	1	10.61	1
162	164	13526	8	2	6	-6.07	-1
162	165	12380	7	7	0	10.61	1
162	166	11287	7	0	7	-10.61	-1
162	167	11155	7	4	3	1.52	1
162	168	10322	7	3	4	-1.52	-1
162	169	9788	6	0	6	-9.10	-1
162	170	9406	6	5	1	6.07	1
162	171	9111	6	1	5	-6.07	-1
162	172	8806	6	1	5	-6.07	-1
162	173	7716	5	3	2	1.52	1
162	174	7400	5	4	1	4.55	1
162	175	6805	4	1	3	-3.03	-1
162	176	6045	3	0	3	-4.55	-1
162	177	5497	2	1	1	0.00	1
162	178	5377	2	1	1	0.00	1
162	179	4746	2	2	0	3.03	1
162	180	3978	2	0	2	-3.03	-1
162	181	3861	2	2	0	3.03	1
162	182	2873	2	0	2	-3.03	-1
162	183	2706	1	0	1	-1.52	-1
162	184	2424	1	0	1	-1.52	-1
163	164	15311	8	2	6	-6.07	-1
163	165	14165	7	7	0	10.61	1
163	166	13072	7	0	7	-10.61	-1
163	167	12940	7	3	4	-1.52	-1
163	168	12107	7	2	5	-4.55	-1
163	169	11573	6	1	5	-6.07	-1
163	170	11191	6	6	0	9.10	1
163	171	10896	6	1	5	-6.07	-1
163	172	10591	6	1	5	-6.07	-1
163	173	9501	5	5	0	7.58	1
163	174	9185	5	4	1	4.55	1
163	175	8590	4	0	4	-6.07	-1
163	176	7830	3	0	3	-4.55	-1
163	177	7282	2	1	1	0.00	1
163	178	7162	2	0	2	-3.03	-1
163	179	6531	2	1	1	0.00	1
163	180	5763	2	0	2	-3.03	-1
163	181	5646	2	1	1	0.00	1
163	182	4658	2	1	1	0.00	1
163	183	4491	1	0	1	-1.52	-1
163	184	4209	1	0	1	-1.52	-1
164	165	16947	9	1	8	-10.61	-1
164	166	17178	11	8	3	7.58	1
164	167	15205	9	2	7	-7.58	-1
164	168	17643	11	9	2	10.61	1
164	169	16299	10	9	1	12.13	1
164	170	15044	10	1	9	-12.13	-1
164	171	16432	10	8	2	9.10	1
164	172	16127	10	10	0	15.16	1
164	173	13930	9	0	9	-13.65	-1
164	174	14721	9	3	6	-4.55	-1
164	175	14126	8	7	1	9.10	1
164	176	13366	7	5	2	4.55	1
164	177	12818	6	4	2	3.03	1
164	178	12698	6	0	6	-9.10	-1
164	179	12067	6	1	5	-6.07	-1
164	180	11299	6	6	0	9.10	1
164	181	11182	6	2	4	-3.03	-1
164	182	10194	6	5	1	6.07	1
164	183	10027	5	5	0	7.58	1
164	184	9745	5	4	1	4.55	1
164	185	8192	4	2	2	0.00	1
164	186	8071	4	3	1	3.03	1
164	187	7069	4	1	3	-3.03	-1
164	188	6897	4	2	2	0.00	1
164	189	3913	3	0	3	-4.55	-1
164	190	3264	2	2	0	3.03	1
164	191	3016	2	1	1	0.00	1
165	166	15854	9	1	8	-10.61	-1
165	167	15205	9	8	1	10.61	1
165	168	14889	9	1	8	-10.61	-1
165	169	14355	8	1	7	-9.10	-1
165	170	13973	8	5	3	3.03	1
165	171	13678	8	2	6	-6.07	-1
165	172	13373	8	2	6	-6.07	-1
165	173	12283	7	7	0	10.61	1
165	174	11967	7	6	1	7.58	1
165	175	11372	6	1	5	-6.07	-1
165	176	10612	5	2	3	-1.52	-1
165	177	10064	4	1	3	-3.03	-1
165	178	9944	4	4	0	6.07	1
165	179	9313	4	2	2	0.00	1
165	180	8545	4	2	2	0.00	1
165	181	8428	4	3	1	3.03	1
165	182	7440	4	1	3	-3.03	-1
165	183	7273	3	1	2	-1.52	-1
165	184	6991	3	0	3	-4.55	-1
165	185	5438	2	0	2	-3.03	-1
165	186	5317	2	0	2	-3.03	-1
165	187	4315	2	2	0	3.03	1
165	188	4143	2	1	1	0.00	1
165	189	1159	1	1	0	1.52	1
166	167	15205	9	3	6	-4.55	-1
166	168	16213	11	8	3	7.58	1
166	169	15679	10	10	0	15.16	1
166	170	15044	10	1	9	-12.13	-1
166	171	15002	10	7	3	6.07	1
166	172	14697	10	8	2	9.10	1
166	173	13607	9	1	8	-10.61	-1
166	174	13291	9	0	9	-13.65	-1
166	175	12696	8	6	2	6.07	1
166	176	11936	7	7	0	10.61	1
166	177	11388	6	5	1	6.07	1
166	178	11268	6	3	3	0.00	1
166	179	10637	6	5	1	6.07	1
166	180	9869	6	5	1	6.07	1
166	181	9752	6	0	6	-9.10	-1
166	182	8764	6	5	1	6.07	1
166	183	8597	5	4	1	4.55	1
166	184	8315	5	5	0	7.58	1
166	185	6762	4	3	1	3.03	1
166	186	6641	4	3	1	3.03	1
166	187	5639	4	1	3	-3.03	-1
166	188	5467	4	2	2	0.00	1
166	189	2483	3	0	3	-4.55	-1
166	190	1834	2	2	0	3.03	1
166	191	1586	2	1	1	0.00	1
167	168	14372	9	2	7	-7.58	-1
167	169	13838	8	1	7	-9.10	-1
167	170	13456	8	8	0	12.13	1
167	171	13161	8	2	6	-6.07	-1
167	172	12856	8	1	7	-9.10	-1
167	173	11766	7	6	1	7.58	1
167	174	11450	7	6	1	7.58	1
167	175	10855	6	2	4	-3.03	-1
167	176	10095	5	1	4	-4.55	-1
167	177	9547	4	0	4	-6.07	-1
167	178	9427	4	2	2	0.00	1
167	179	8796	4	4	0	6.07	1
167	180	8028	4	2	2	0.00	1
167	181	7911	4	3	1	3.03	1
167	182	6923	4	1	3	-3.03	-1
167	183	6756	3	1	2	-1.52	-1
167	184	6474	3	2	1	1.52	1
167	185	4921	2	0	2	-3.03	-1
167	186	4800	2	1	1	0.00	1
167	187	3798	2	2	0	3.03	1
167	188	3626	2	2	0	3.03	1
167	189	642	1	1	0	1.52	1
168	169	16299	10	9	1	12.13	1
168	170	15044	10	1	9	-12.13	-1
168	171	17972	10	8	2	9.10	1
168	172	17475	10	8	2	9.10	1
168	173	13930	9	5	4	1.52	1
168	174	16261	9	1	8	-10.61	-1
168	175	15666	8	7	1	9.10	1
168	176	14906	7	4	3	1.52	1
168	177	14358	6	4	2	3.03	1
168	178	14238	6	2	4	-3.03	-1
168	179	13607	6	2	4	-3.03	-1
168	180	12839	6	5	1	6.07	1
168	181	11815	6	0	6	-9.10	-1
168	182	11734	6	5	1	6.07	1
168	183	11567	5	4	1	4.55	1
168	184	11285	5	5	0	7.58	1
168	185	9732	4	2	2	0.00	1
168	186	9611	4	3	1	3.03	1
168	187	8609	4	1	3	-3.03	-1
168	188	8437	4	0	4	-6.07	-1
168	189	5453	3	0	3	-4.55	-1
168	190	4804	2	1	1	0.00	1
168	191	4556	2	2	0	3.03	1
169	170	15044	10	3	7	-6.07	-1
169	171	15622	10	8	2	9.10	1
169	172	15317	10	9	1	12.13	1
169	173	13930	9	3	6	-4.55	-1
169	174	13911	9	1	8	-10.61	-1
169	175	13316	8	7	1	9.10	1
169	176	12556	7	6	1	7.58	1
169	177	12008	6	6	0	9.10	1
169	178	11888	6	1	5	-6.07	-1
169	179	11257	6	1	5	-6.07	-1
169	180	10489	6	5	1	6.07	1
169	181	10372	6	1	5	-6.07	-1
169	182	9384	6	4	2	3.03	1
169	183	9217	5	5	0	7.58	1
169	184	8935	5	5	0	7.58	1
169	185	7382	4	1	3	-3.03	-1
169	186	7261	4	4	0	6.07	1
169	187	6259	4	2	2	0.00	1
169	188	6087	4	1	3	-3.03	-1
169	189	3103	3	2	1	1.52	1
169	190	2454	2	1	1	0.00	1
169	191	2206	2	1	1	0.00	1
170	171	14749	10	1	9	-12.13	-1
170	172	14444	10	1	9	-12.13	-1
170	173	13354	9	8	1	10.61	1
170	174	13038	9	7	2	7.58	1
170	175	12443	8	2	6	-6.07	-1
170	176	11683	7	1	6	-7.58	-1
170	177	11135	6	0	6	-9.10	-1
170	178	11015	6	6	0	9.10	1
170	179	10384	6	6	0	9.10	1
170	180	9616	6	1	5	-6.07	-1
170	181	9499	6	6	0	9.10	1
170	182	8511	6	1	5	-6.07	-1
170	183	8344	5	3	2	1.52	1
170	184	8062	5	3	2	1.52	1
170	185	6509	4	0	4	-6.07	-1
170	186	6388	4	0	4	-6.07	-1
170	187	5386	4	3	1	3.03	1
170	188	5214	4	3	1	3.03	1
170	189	2230	3	3	0	4.55	1
170	190	1581	2	0	2	-3.03	-1
170	191	1333	2	0	2	-3.03	-1
171	172	17475	10	8	2	9.10	1
171	173	13930	9	1	8	-10.61	-1
171	174	17864	11	2	9	-10.61	-1
171	175	21975	13	11	2	13.65	1
171	176	18475	12	11	1	15.16	1
171	177	16023	8	4	4	0.00	1
171	178	17975	11	3	8	-7.58	-1
171	179	19916	11	0	11	-16.68	-1
171	180	17104	11	9	2	10.61	1
171	181	11815	6	3	3	0.00	1
171	182	18043	11	9	2	10.61	1
171	183	12062	6	5	1	6.07	1
171	184	17594	10	9	1	12.13	1
171	185	16041	9	7	2	7.58	1
171	186	15398	9	6	3	4.55	1
171	187	12270	9	0	9	-13.65	-1
171	188	14746	9	1	8	-10.61	-1
171	189	11762	8	1	7	-9.10	-1
171	190	11113	7	6	1	7.58	1
171	191	10865	7	6	1	7.58	1
171	192	9825	5	1	4	-4.55	-1
171	193	9556	5	2	3	-1.52	-1
171	194	9490	5	2	3	-1.52	-1
171	195	9397	5	5	0	7.58	1
171	196	9018	5	4	1	4.55	1
171	197	8578	5	5	0	7.58	1
171	198	7830	5	1	4	-4.55	-1
171	199	7816	5	2	3	-1.52	-1
171	200	7701	5	5	0	7.58	1
171	201	7059	5	5	0	7.58	1
171	202	5694	4	2	2	0.00	1
171	203	5395	4	0	4	-6.07	-1
171	204	5348	4	4	0	6.07	1
171	205	3812	2	0	2	-3.03	-1
171	206	3409	2	0	2	-3.03	-1
171	207	2996	1	0	1	-1.52	-1
171	208	2950	1	1	0	1.52	1
171	209	2918	1	0	1	-1.52	-1
172	173	13930	9	2	7	-7.58	-1
172	174	16069	9	2	7	-7.58	-1
172	175	15474	8	5	3	3.03	1
172	176	14714	7	6	1	7.58	1
172	177	14166	6	5	1	6.07	1
172	178	14046	6	0	6	-9.10	-1
172	179	13415	6	1	5	-6.07	-1
172	180	12647	6	4	2	3.03	1
172	181	11815	6	0	6	-9.10	-1
172	182	11542	6	5	1	6.07	1
172	183	11375	5	3	2	1.52	1
172	184	11093	5	3	2	1.52	1
172	185	9540	4	3	1	3.03	1
172	186	9419	4	2	2	0.00	1
172	187	8417	4	1	3	-3.03	-1
172	188	8245	4	1	3	-3.03	-1
172	189	5261	3	0	3	-4.55	-1
172	190	4612	2	2	0	3.03	1
172	191	4364	2	2	0	3.03	1
173	174	13614	9	7	2	7.58	1
173	175	13019	8	2	6	-6.07	-1
173	176	12259	7	1	6	-7.58	-1
173	177	11711	6	0	6	-9.10	-1
173	178	11591	6	6	0	9.10	1
173	179	10960	6	6	0	9.10	1
173	180	10192	6	0	6	-9.10	-1
173	181	10075	6	5	1	6.07	1
173	182	9087	6	3	3	0.00	1
173	183	8920	5	1	4	-4.55	-1
173	184	8638	5	1	4	-4.55	-1
173	185	7085	4	1	3	-3.03	-1
173	186	6964	4	0	4	-6.07	-1
173	187	5962	4	3	1	3.03	1
173	188	5790	4	4	0	6.07	1
173	189	2806	3	1	2	-1.52	-1
173	190	2157	2	0	2	-3.03	-1
173	191	1909	2	1	1	0.00	1
174	175	17269	10	1	9	-12.13	-1
174	176	16509	9	1	8	-10.61	-1
174	177	15961	8	1	7	-9.10	-1
174	178	15841	8	6	2	6.07	1
174	179	15210	8	5	3	3.03	1
174	180	14442	8	1	7	-9.10	-1
174	181	11815	6	6	0	9.10	1
174	182	13337	8	3	5	-3.03	-1
174	183	12062	6	2	4	-3.03	-1
174	184	12888	7	1	6	-7.58	-1
174	185	11335	6	1	5	-6.07	-1
174	186	11214	6	0	6	-9.10	-1
174	187	10212	6	3	3	0.00	1
174	188	10040	6	4	2	3.03	1
174	189	7056	5	5	0	7.58	1
174	190	6407	4	2	2	0.00	1
174	191	6159	4	0	4	-6.07	-1
174	192	5119	2	2	0	3.03	1
174	193	4850	2	1	1	0.00	1
174	194	4784	2	2	0	3.03	1
174	195	4691	2	0	2	-3.03	-1
174	196	4312	2	0	2	-3.03	-1
174	197	3872	2	1	1	0.00	1
174	198	3124	2	2	0	3.03	1
174	199	3110	2	2	0	3.03	1
174	200	2995	2	0	2	-3.03	-1
174	201	2353	2	1	1	0.00	1
174	202	988	1	1	0	1.52	1
174	203	689	1	1	0	1.52	1
174	204	642	1	0	1	-1.52	-1
175	176	18475	12	8	4	6.07	1
175	177	16023	8	6	2	6.07	1
175	178	17975	11	1	10	-13.65	-1
175	179	20163	12	2	10	-12.13	-1
175	180	17104	11	8	3	7.58	1
175	181	11815	6	0	6	-9.10	-1
175	182	19100	12	12	0	18.20	1
175	183	12062	6	4	2	3.03	1
175	184	18912	11	9	2	10.61	1
175	185	17359	10	9	1	12.13	1
175	186	15398	9	7	2	7.58	1
175	187	12270	9	0	9	-13.65	-1
175	188	16064	10	3	7	-6.07	-1
175	189	13080	9	0	9	-13.65	-1
175	190	12431	8	7	1	9.10	1
175	191	12183	8	7	1	9.10	1
175	192	11143	6	0	6	-9.10	-1
175	193	10874	6	1	5	-6.07	-1
175	194	10808	6	1	5	-6.07	-1
175	195	10715	6	4	2	3.03	1
175	196	10336	6	6	0	9.10	1
175	197	9896	6	4	2	3.03	1
175	198	9148	6	1	5	-6.07	-1
175	199	9134	6	2	4	-3.03	-1
175	200	9019	6	5	1	6.07	1
175	201	8377	6	6	0	9.10	1
175	202	7012	5	0	5	-7.58	-1
175	203	6713	5	0	5	-7.58	-1
175	204	6666	5	3	2	1.52	1
175	205	5130	3	0	3	-4.55	-1
175	206	4727	3	0	3	-4.55	-1
175	207	4314	2	1	1	0.00	1
175	208	4268	2	0	2	-3.03	-1
175	209	4236	2	0	2	-3.03	-1
175	210	3592	1	1	0	1.52	1
175	211	2851	1	1	0	1.52	1
175	212	2183	1	0	1	-1.52	-1
175	213	1638	1	0	1	-1.52	-1
176	177	16023	8	8	0	12.13	1
176	178	17807	11	2	9	-10.61	-1
176	179	17176	11	1	10	-13.65	-1
176	180	16408	11	9	2	10.61	1
176	181	11815	6	1	5	-6.07	-1
176	182	15303	11	9	2	10.61	1
176	183	12062	6	5	1	6.07	1
176	184	14854	10	9	1	12.13	1
176	185	13301	9	9	0	13.65	1
176	186	13180	9	7	2	7.58	1
176	187	12178	9	1	8	-10.61	-1
176	188	12006	9	5	4	1.52	1
176	189	9022	8	2	6	-6.07	-1
176	190	8373	7	5	2	4.55	1
176	191	8125	7	6	1	7.58	1
176	192	7085	5	0	5	-7.58	-1
176	193	6816	5	1	4	-4.55	-1
176	194	6750	5	1	4	-4.55	-1
176	195	6657	5	5	0	7.58	1
176	196	6278	5	4	1	4.55	1
176	197	5838	5	5	0	7.58	1
176	198	5090	5	0	5	-7.58	-1
176	199	5076	5	1	4	-4.55	-1
176	200	4961	5	4	1	4.55	1
176	201	4319	5	4	1	4.55	1
176	202	2954	4	1	3	-3.03	-1
176	203	2655	4	0	4	-6.07	-1
176	204	2608	4	2	2	0.00	1
176	205	1072	2	1	1	0.00	1
176	206	669	2	1	1	0.00	1
176	207	256	1	0	1	-1.52	-1
176	208	210	1	0	1	-1.52	-1
176	209	178	1	1	0	1.52	1
177	178	15903	8	1	7	-9.10	-1
177	179	15272	8	0	8	-12.13	-1
177	180	14504	8	6	2	6.07	1
177	181	11815	6	2	4	-3.03	-1
177	182	13399	8	8	0	12.13	1
177	183	12062	6	4	2	3.03	1
177	184	12950	7	4	3	1.52	1
177	185	11397	6	5	1	6.07	1
177	186	11276	6	4	2	3.03	1
177	187	10274	6	1	5	-6.07	-1
177	188	10102	6	0	6	-9.10	-1
177	189	7118	5	0	5	-7.58	-1
177	190	6469	4	4	0	6.07	1
177	191	6221	4	3	1	3.03	1
177	192	5181	2	0	2	-3.03	-1
177	193	4912	2	0	2	-3.03	-1
177	194	4846	2	1	1	0.00	1
177	195	4753	2	1	1	0.00	1
177	196	4374	2	2	0	3.03	1
177	197	3934	2	2	0	3.03	1
177	198	3186	2	0	2	-3.03	-1
177	199	3172	2	1	1	0.00	1
177	200	3057	2	2	0	3.03	1
177	201	2415	2	2	0	3.03	1
177	202	1050	1	0	1	-1.52	-1
177	203	751	1	0	1	-1.52	-1
177	204	704	1	1	0	1.52	1
178	179	17344	11	9	2	10.61	1
178	180	16576	11	1	10	-13.65	-1
178	181	11815	6	3	3	0.00	1
178	182	15471	11	4	7	-4.55	-1
178	183	12062	6	0	6	-9.10	-1
178	184	15022	10	4	6	-3.03	-1
178	185	13469	9	4	5	-1.52	-1
178	186	13348	9	1	8	-10.61	-1
178	187	12270	9	6	3	4.55	1
178	188	12174	9	6	3	4.55	1
178	189	9190	8	7	1	9.10	1
178	190	8541	7	1	6	-7.58	-1
178	191	8293	7	0	7	-10.61	-1
178	192	7253	5	5	0	7.58	1
178	193	6984	5	5	0	7.58	1
178	194	6918	5	4	1	4.55	1
178	195	6825	5	1	4	-4.55	-1
178	196	6446	5	1	4	-4.55	-1
178	197	6006	5	1	4	-4.55	-1
178	198	5258	5	5	0	7.58	1
178	199	5244	5	3	2	1.52	1
178	200	5129	5	0	5	-7.58	-1
178	201	4487	5	2	3	-1.52	-1
178	202	3122	4	4	0	6.07	1
178	203	2823	4	3	1	3.03	1
178	204	2776	4	1	3	-3.03	-1
178	205	1240	2	1	1	0.00	1
178	206	837	2	2	0	3.03	1
178	207	424	1	0	1	-1.52	-1
178	208	378	1	0	1	-1.52	-1
178	209	346	1	1	0	1.52	1
179	180	17104	11	2	9	-10.61	-1
179	181	11815	6	6	0	9.10	1
179	182	18290	12	1	11	-15.16	-1
179	183	12062	6	1	5	-6.07	-1
179	184	17841	11	5	6	-1.52	-1
179	185	16288	10	2	8	-9.10	-1
179	186	15398	9	1	8	-10.61	-1
179	187	12270	9	4	5	-1.52	-1
179	188	14993	10	9	1	12.13	1
179	189	12009	9	8	1	10.61	1
179	190	11360	8	2	6	-6.07	-1
179	191	11112	8	0	8	-12.13	-1
179	192	10072	6	5	1	6.07	1
179	193	9803	6	5	1	6.07	1
179	194	9737	6	3	3	0.00	1
179	195	9644	6	1	5	-6.07	-1
179	196	9265	6	2	4	-3.03	-1
179	197	8825	6	2	4	-3.03	-1
179	198	8077	6	5	1	6.07	1
179	199	8063	6	6	0	9.10	1
179	200	7948	6	1	5	-6.07	-1
179	201	7306	6	1	5	-6.07	-1
179	202	5941	5	4	1	4.55	1
179	203	5642	5	5	0	7.58	1
179	204	5595	5	1	4	-4.55	-1
179	205	4059	3	3	0	4.55	1
179	206	3656	3	2	1	1.52	1
179	207	3243	2	2	0	3.03	1
179	208	3197	2	2	0	3.03	1
179	209	3165	2	2	0	3.03	1
179	210	2521	1	1	0	1.52	1
179	211	1780	1	1	0	1.52	1
179	212	1112	1	1	0	1.52	1
179	213	567	1	0	1	-1.52	-1
180	181	11815	6	1	5	-6.07	-1
180	182	15999	11	10	1	13.65	1
180	183	12062	6	6	0	9.10	1
180	184	15550	10	7	3	6.07	1
180	185	13997	9	7	2	7.58	1
180	186	13876	9	9	0	13.65	1
180	187	12270	9	1	8	-10.61	-1
180	188	12702	9	1	8	-10.61	-1
180	189	9718	8	2	6	-6.07	-1
180	190	9069	7	5	2	4.55	1
180	191	8821	7	5	2	4.55	1
180	192	7781	5	2	3	-1.52	-1
180	193	7512	5	0	5	-7.58	-1
180	194	7446	5	0	5	-7.58	-1
180	195	7353	5	4	1	4.55	1
180	196	6974	5	5	0	7.58	1
180	197	6534	5	5	0	7.58	1
180	198	5786	5	1	4	-4.55	-1
180	199	5772	5	1	4	-4.55	-1
180	200	5657	5	4	1	4.55	1
180	201	5015	5	5	0	7.58	1
180	202	3650	4	0	4	-6.07	-1
180	203	3351	4	0	4	-6.07	-1
180	204	3304	4	2	2	0.00	1
180	205	1768	2	0	2	-3.03	-1
180	206	1365	2	0	2	-3.03	-1
180	207	952	1	0	1	-1.52	-1
180	208	906	1	0	1	-1.52	-1
180	209	874	1	0	1	-1.52	-1
181	182	10827	6	2	4	-3.03	-1
181	183	10660	5	0	5	-7.58	-1
181	184	10378	5	1	4	-4.55	-1
181	185	8825	4	1	3	-3.03	-1
181	186	8704	4	1	3	-3.03	-1
181	187	7702	4	2	2	0.00	1
181	188	7530	4	3	1	3.03	1
181	189	4546	3	2	1	1.52	1
181	190	3897	2	1	1	0.00	1
181	191	3649	2	0	2	-3.03	-1
182	183	12062	6	5	1	6.07	1
182	184	18651	11	11	0	16.68	1
182	185	17098	10	10	0	15.16	1
182	186	15398	9	9	0	13.65	1
182	187	12270	9	1	8	-10.61	-1
182	188	15803	10	2	8	-9.10	-1
182	189	12819	9	2	7	-7.58	-1
182	190	12170	8	8	0	12.13	1
182	191	11922	8	7	1	9.10	1
182	192	10882	6	1	5	-6.07	-1
182	193	10613	6	0	6	-9.10	-1
182	194	10547	6	1	5	-6.07	-1
182	195	10454	6	5	1	6.07	1
182	196	10075	6	4	2	3.03	1
182	197	9635	6	3	3	0.00	1
182	198	8887	6	2	4	-3.03	-1
182	199	8873	6	1	5	-6.07	-1
182	200	8758	6	5	1	6.07	1
182	201	8116	6	6	0	9.10	1
182	202	6751	5	1	4	-4.55	-1
182	203	6452	5	1	4	-4.55	-1
182	204	6405	5	4	1	4.55	1
182	205	4869	3	1	2	-1.52	-1
182	206	4466	3	1	2	-1.52	-1
182	207	4053	2	0	2	-3.03	-1
182	208	4007	2	0	2	-3.03	-1
182	209	3975	2	1	1	0.00	1
182	210	3331	1	0	1	-1.52	-1
182	211	2590	1	1	0	1.52	1
182	212	1922	1	0	1	-1.52	-1
182	213	1377	1	0	1	-1.52	-1
183	184	11780	6	6	0	9.10	1
183	185	10227	5	4	1	4.55	1
183	186	10106	5	5	0	7.58	1
183	187	9104	5	1	4	-4.55	-1
183	188	8932	5	0	5	-7.58	-1
183	189	5948	4	0	4	-6.07	-1
183	190	5299	3	2	1	1.52	1
183	191	5051	3	3	0	4.55	1
183	192	4011	1	0	1	-1.52	-1
183	193	3742	1	0	1	-1.52	-1
183	194	3676	1	0	1	-1.52	-1
183	195	3583	1	1	0	1.52	1
183	196	3204	1	1	0	1.52	1
183	197	2764	1	1	0	1.52	1
183	198	2016	1	0	1	-1.52	-1
183	199	2002	1	0	1	-1.52	-1
183	200	1887	1	1	0	1.52	1
183	201	1245	1	1	0	1.52	1
184	185	17863	12	11	1	15.16	1
184	186	15398	9	8	1	10.61	1
184	187	12270	9	1	8	-10.61	-1
184	188	16568	12	2	10	-12.13	-1
184	189	13584	11	1	10	-13.65	-1
184	190	12935	10	6	4	3.03	1
184	191	12687	10	6	4	3.03	1
184	192	11647	8	0	8	-12.13	-1
184	193	11015	8	2	6	-6.07	-1
184	194	11312	8	1	7	-9.10	-1
184	195	11219	8	8	0	12.13	1
184	196	10840	8	7	1	9.10	1
184	197	10400	8	6	2	6.07	1
184	198	9652	8	0	8	-12.13	-1
184	199	9638	8	1	7	-9.10	-1
184	200	9523	8	6	2	6.07	1
184	201	8881	8	7	1	9.10	1
184	202	7516	7	1	6	-7.58	-1
184	203	7217	7	0	7	-10.61	-1
184	204	7170	7	5	2	4.55	1
184	205	5634	5	2	3	-1.52	-1
184	206	5231	5	0	5	-7.58	-1
184	207	4818	4	0	4	-6.07	-1
184	208	4772	4	2	2	0.00	1
184	209	4740	4	0	4	-6.07	-1
184	210	4096	3	1	2	-1.52	-1
184	211	3355	3	3	0	4.55	1
184	212	2687	3	0	3	-4.55	-1
184	213	2142	3	3	0	4.55	1
184	214	1169	2	0	2	-3.03	-1
185	186	15398	9	7	2	7.58	1
185	187	12270	9	0	9	-13.65	-1
185	188	16751	12	2	10	-12.13	-1
185	189	13826	11	1	10	-13.65	-1
185	190	13177	10	7	3	6.07	1
185	191	12929	10	9	1	12.13	1
185	192	11889	8	2	6	-6.07	-1
185	193	11015	8	3	5	-3.03	-1
185	194	11554	8	2	6	-6.07	-1
185	195	11461	8	6	2	6.07	1
185	196	11082	8	6	2	6.07	1
185	197	10642	8	8	0	12.13	1
185	198	9894	8	0	8	-12.13	-1
185	199	9880	8	1	7	-9.10	-1
185	200	9765	8	7	1	9.10	1
185	201	9123	8	7	1	9.10	1
185	202	7758	7	1	6	-7.58	-1
185	203	7459	7	1	6	-7.58	-1
185	204	7412	7	5	2	4.55	1
185	205	5876	5	0	5	-7.58	-1
185	206	5473	5	1	4	-4.55	-1
185	207	5060	4	1	3	-3.03	-1
185	208	5014	4	2	2	0.00	1
185	209	4982	4	2	2	0.00	1
185	210	4338	3	2	1	1.52	1
185	211	3597	3	2	1	1.52	1
185	212	2929	3	1	2	-1.52	-1
185	213	2384	3	3	0	4.55	1
185	214	1411	2	0	2	-3.03	-1
186	187	12270	9	3	6	-4.55	-1
186	188	14224	9	4	5	-1.52	-1
186	189	11240	8	1	7	-9.10	-1
186	190	10591	7	7	0	10.61	1
186	191	10343	7	5	2	4.55	1
186	192	9303	5	0	5	-7.58	-1
186	193	9034	5	1	4	-4.55	-1
186	194	8968	5	1	4	-4.55	-1
186	195	8875	5	4	1	4.55	1
186	196	8496	5	4	1	4.55	1
186	197	8056	5	4	1	4.55	1
186	198	7308	5	0	5	-7.58	-1
186	199	7294	5	1	4	-4.55	-1
186	200	7179	5	5	0	7.58	1
186	201	6537	5	3	2	1.52	1
186	202	5172	4	0	4	-6.07	-1
186	203	4873	4	0	4	-6.07	-1
186	204	4826	4	4	0	6.07	1
186	205	3290	2	0	2	-3.03	-1
186	206	2887	2	0	2	-3.03	-1
186	207	2474	1	0	1	-1.52	-1
186	208	2428	1	0	1	-1.52	-1
186	209	2396	1	0	1	-1.52	-1
187	188	12098	9	7	2	7.58	1
187	189	9114	8	6	2	6.07	1
187	190	8465	7	1	6	-7.58	-1
187	191	8217	7	1	6	-7.58	-1
187	192	7177	5	4	1	4.55	1
187	193	6908	5	5	0	7.58	1
187	194	6842	5	5	0	7.58	1
187	195	6749	5	2	3	-1.52	-1
187	196	6370	5	1	4	-4.55	-1
187	197	5930	5	0	5	-7.58	-1
187	198	5182	5	4	1	4.55	1
187	199	5168	5	5	0	7.58	1
187	200	5053	5	1	4	-4.55	-1
187	201	4411	5	2	3	-1.52	-1
187	202	3046	4	3	1	3.03	1
187	203	2747	4	3	1	3.03	1
187	204	2700	4	0	4	-6.07	-1
187	205	1164	2	2	0	3.03	1
187	206	761	2	2	0	3.03	1
187	207	348	1	1	0	1.52	1
187	208	302	1	0	1	-1.52	-1
187	209	270	1	1	0	1.52	1
188	189	13767	11	9	2	10.61	1
188	190	13118	10	4	6	-3.03	-1
188	191	12870	10	1	9	-12.13	-1
188	192	11830	8	3	5	-3.03	-1
188	193	11015	8	5	3	3.03	1
188	194	11495	8	5	3	3.03	1
188	195	11402	8	1	7	-9.10	-1
188	196	11023	8	0	8	-12.13	-1
188	197	10583	8	1	7	-9.10	-1
188	198	9835	8	6	2	6.07	1
188	199	9821	8	7	1	9.10	1
188	200	9706	8	0	8	-12.13	-1
188	201	9064	8	1	7	-9.10	-1
188	202	7699	7	6	1	7.58	1
188	203	7400	7	6	1	7.58	1
188	204	7353	7	1	6	-7.58	-1
188	205	5817	5	4	1	4.55	1
188	206	5414	5	5	0	7.58	1
188	207	5001	4	3	1	3.03	1
188	208	4955	4	4	0	6.07	1
188	209	4923	4	4	0	6.07	1
188	210	4279	3	2	1	1.52	1
188	211	3538	3	1	2	-1.52	-1
188	212	2870	3	3	0	4.55	1
188	213	2325	3	1	2	-1.52	-1
188	214	1352	2	1	1	0.00	1
189	190	19112	15	2	13	-16.68	-1
189	191	18864	15	3	12	-13.65	-1
189	192	17824	13	10	3	10.61	1
189	193	11015	8	6	2	6.07	1
189	194	17489	13	10	3	10.61	1
189	195	15274	11	2	9	-10.61	-1
189	196	17017	13	2	11	-13.65	-1
189	197	16577	13	1	12	-16.68	-1
189	198	15829	13	11	2	13.65	1
189	199	15815	13	9	4	7.58	1
189	200	13601	11	2	9	-10.61	-1
189	201	14045	11	0	11	-16.68	-1
189	202	13256	11	7	4	4.55	1
189	203	13394	12	8	4	6.07	1
189	204	13347	12	2	10	-12.13	-1
189	205	11811	10	9	1	12.13	1
189	206	11408	10	9	1	12.13	1
189	207	10995	9	6	3	4.55	1
189	208	10949	9	8	1	10.61	1
189	209	10917	9	8	1	10.61	1
189	210	10273	8	6	2	6.07	1
189	211	9532	8	2	6	-6.07	-1
189	212	8864	8	5	3	3.03	1
189	213	8319	8	6	2	6.07	1
189	214	7346	7	7	0	10.61	1
189	215	5633	5	5	0	7.58	1
189	216	5550	5	3	2	1.52	1
189	217	4733	3	3	0	4.55	1
189	218	3424	2	1	1	0.00	1
189	219	3305	2	2	0	3.03	1
189	220	3071	2	0	2	-3.03	-1
189	221	2228	2	0	2	-3.03	-1
189	222	1977	2	1	1	0.00	1
189	223	1263	2	1	1	0.00	1
190	191	23828	18	16	2	21.23	1
190	192	21061	14	2	12	-15.16	-1
190	193	11015	8	3	5	-3.03	-1
190	194	22453	16	0	16	-24.26	-1
190	195	15274	11	9	2	10.61	1
190	196	20450	14	12	2	15.16	1
190	197	21541	16	15	1	21.23	1
190	198	17816	13	4	9	-7.58	-1
190	199	20779	16	6	10	-6.07	-1
190	200	13601	11	11	0	16.68	1
190	201	14045	11	11	0	16.68	1
190	202	13256	11	2	9	-10.61	-1
190	203	17375	13	3	10	-10.61	-1
190	204	14019	12	12	0	18.20	1
190	205	16775	13	1	12	-16.68	-1
190	206	16372	13	3	10	-10.61	-1
190	207	15959	12	5	7	-3.03	-1
190	208	15913	12	2	10	-12.13	-1
190	209	13515	9	1	8	-10.61	-1
190	210	11788	8	1	7	-9.10	-1
190	211	14496	11	9	2	10.61	1
190	212	13828	11	3	8	-7.58	-1
190	213	13283	11	9	2	10.61	1
190	214	10970	8	1	7	-9.10	-1
190	215	10597	8	1	7	-9.10	-1
190	216	10514	8	3	5	-3.03	-1
190	217	9697	6	0	6	-9.10	-1
190	218	8388	5	5	0	7.58	1
190	219	8269	5	0	5	-7.58	-1
190	220	8035	5	4	1	4.55	1
190	221	7192	5	4	1	4.55	1
190	222	6941	5	0	5	-7.58	-1
190	223	6227	5	1	4	-4.55	-1
190	224	4503	3	3	0	4.55	1
190	225	4147	3	0	3	-4.55	-1
190	226	3886	3	2	1	1.52	1
190	227	2908	3	1	2	-1.52	-1
191	192	21061	14	1	13	-18.20	-1
191	193	11015	8	5	3	3.03	1
191	194	22499	16	1	15	-21.23	-1
191	195	15274	11	9	2	10.61	1
191	196	20450	14	12	2	15.16	1
191	197	21587	16	14	2	18.20	1
191	198	17816	13	4	9	-7.58	-1
191	199	20825	16	7	9	-3.03	-1
191	200	13601	11	11	0	16.68	1
191	201	14045	11	9	2	10.61	1
191	202	13256	11	3	8	-7.58	-1
191	203	17375	13	1	12	-16.68	-1
191	204	14019	12	9	3	9.10	1
191	205	16821	13	0	13	-19.71	-1
191	206	16418	13	2	11	-13.65	-1
191	207	16005	12	4	8	-6.07	-1
191	208	15959	12	3	9	-9.10	-1
191	209	13515	9	1	8	-10.61	-1
191	210	11788	8	2	6	-6.07	-1
191	211	14542	11	6	5	1.52	1
191	212	13874	11	1	10	-13.65	-1
191	213	13329	11	10	1	13.65	1
191	214	10970	8	1	7	-9.10	-1
191	215	10643	8	1	7	-9.10	-1
191	216	10560	8	3	5	-3.03	-1
191	217	9743	6	1	5	-6.07	-1
191	218	8434	5	5	0	7.58	1
191	219	8315	5	1	4	-4.55	-1
191	220	8081	5	5	0	7.58	1
191	221	7238	5	5	0	7.58	1
191	222	6987	5	3	2	1.52	1
191	223	6273	5	2	3	-1.52	-1
191	224	4549	3	2	1	1.52	1
191	225	4193	3	0	3	-4.55	-1
191	226	3932	3	1	2	-1.52	-1
191	227	2954	3	0	3	-4.55	-1
192	193	11015	8	8	0	12.13	1
192	194	20726	14	9	5	6.07	1
192	195	15274	11	2	9	-10.61	-1
192	196	20254	14	3	11	-12.13	-1
192	197	19814	14	1	13	-18.20	-1
192	198	17816	13	12	1	16.68	1
192	199	19052	14	12	2	15.16	1
192	200	13601	11	1	10	-13.65	-1
192	201	14045	11	3	8	-7.58	-1
192	202	13256	11	9	2	10.61	1
192	203	16631	13	13	0	19.71	1
192	204	14019	12	3	9	-9.10	-1
192	205	15048	11	10	1	13.65	1
192	206	14645	11	9	2	10.61	1
192	207	14232	10	8	2	9.10	1
192	208	14186	10	8	2	9.10	1
192	209	13515	9	8	1	10.61	1
192	210	11788	8	6	2	6.07	1
192	211	12769	9	2	7	-7.58	-1
192	212	12101	9	6	3	4.55	1
192	213	11556	9	2	7	-7.58	-1
192	214	10583	8	7	1	9.10	1
192	215	8870	6	5	1	6.07	1
192	216	8787	6	4	2	3.03	1
192	217	7970	4	4	0	6.07	1
192	218	6661	3	0	3	-4.55	-1
192	219	6542	3	3	0	4.55	1
192	220	6308	3	0	3	-4.55	-1
192	221	5465	3	1	2	-1.52	-1
192	222	5214	3	3	0	4.55	1
192	223	4500	3	3	0	4.55	1
192	224	2776	1	0	1	-1.52	-1
192	225	2420	1	1	0	1.52	1
192	226	2159	1	1	0	1.52	1
192	227	1181	1	1	0	1.52	1
193	194	10949	8	7	1	9.10	1
193	195	10856	8	1	7	-9.10	-1
193	196	10477	8	2	6	-6.07	-1
193	197	10037	8	2	6	-6.07	-1
193	198	9289	8	7	1	9.10	1
193	199	9275	8	8	0	12.13	1
193	200	9160	8	2	6	-6.07	-1
193	201	8518	8	1	7	-9.10	-1
193	202	7153	7	6	1	7.58	1
193	203	6854	7	7	0	10.61	1
193	204	6807	7	5	2	4.55	1
193	205	5271	5	3	2	1.52	1
193	206	4868	5	4	1	4.55	1
193	207	4455	4	1	3	-3.03	-1
193	208	4409	4	4	0	6.07	1
193	209	4377	4	4	0	6.07	1
193	210	3733	3	2	1	1.52	1
193	211	2992	3	0	3	-4.55	-1
193	212	2324	3	2	1	1.52	1
193	213	1779	3	1	2	-1.52	-1
193	214	806	2	2	0	3.03	1
194	195	15274	11	3	8	-7.58	-1
194	196	20450	14	3	11	-12.13	-1
194	197	23892	16	4	12	-12.13	-1
194	198	17816	13	8	5	4.55	1
194	199	22187	16	12	4	12.13	1
194	200	13601	11	4	7	-4.55	-1
194	201	14045	11	1	10	-13.65	-1
194	202	13256	11	8	3	7.58	1
194	203	17375	13	12	1	16.68	1
194	204	14019	12	1	11	-15.16	-1
194	205	22508	15	10	5	7.58	1
194	206	21843	15	14	1	19.71	1
194	207	18108	12	11	1	15.16	1
194	208	17572	12	9	3	9.10	1
194	209	13515	9	6	3	4.55	1
194	210	11788	8	7	1	9.10	1
194	211	20229	13	1	12	-16.68	-1
194	212	16375	11	8	3	7.58	1
194	213	13741	11	2	9	-10.61	-1
194	214	10970	8	7	1	9.10	1
194	215	16330	10	8	2	9.10	1
194	216	16247	10	8	2	9.10	1
194	217	15430	8	8	0	12.13	1
194	218	14121	7	1	6	-7.58	-1
194	219	14002	7	7	0	10.61	1
194	220	13768	7	2	5	-4.55	-1
194	221	12925	7	0	7	-10.61	-1
194	222	12674	7	6	1	7.58	1
194	223	11960	7	6	1	7.58	1
194	224	10236	5	0	5	-7.58	-1
194	225	9880	5	5	0	7.58	1
194	226	9619	5	4	1	4.55	1
194	227	8641	5	4	1	4.55	1
194	228	5858	2	2	0	3.03	1
194	229	4770	2	0	2	-3.03	-1
194	230	4494	2	1	1	0.00	1
194	231	4310	2	1	1	0.00	1
194	232	3458	2	2	0	3.03	1
194	233	2714	1	0	1	-1.52	-1
194	234	2608	1	1	0	1.52	1
194	235	2472	1	1	0	1.52	1
194	236	2252	1	0	1	-1.52	-1
194	237	1906	1	0	1	-1.52	-1
194	238	1652	1	0	1	-1.52	-1
195	196	14895	11	10	1	13.65	1
195	197	14455	11	7	4	4.55	1
195	198	13707	11	4	7	-4.55	-1
195	199	13693	11	1	10	-13.65	-1
195	200	13578	11	9	2	10.61	1
195	201	12936	11	9	2	10.61	1
195	202	11571	10	4	6	-3.03	-1
195	203	11272	10	2	8	-9.10	-1
195	204	11225	10	10	0	15.16	1
195	205	9689	8	0	8	-12.13	-1
195	206	9286	8	1	7	-9.10	-1
195	207	8873	7	0	7	-10.61	-1
195	208	8827	7	1	6	-7.58	-1
195	209	8795	7	1	6	-7.58	-1
195	210	8151	6	0	6	-9.10	-1
195	211	7410	6	2	4	-3.03	-1
195	212	6742	6	2	4	-3.03	-1
195	213	6197	6	6	0	9.10	1
195	214	5224	5	1	4	-4.55	-1
195	215	3511	3	3	0	4.55	1
195	216	3428	3	1	2	-1.52	-1
195	217	2611	1	1	0	1.52	1
196	197	20010	14	12	2	15.16	1
196	198	17816	13	3	10	-10.61	-1
196	199	19248	14	2	12	-15.16	-1
196	200	13601	11	11	0	16.68	1
196	201	14045	11	10	1	13.65	1
196	202	13256	11	4	7	-4.55	-1
196	203	16827	13	4	9	-7.58	-1
196	204	14019	12	11	1	15.16	1
196	205	15244	11	2	9	-10.61	-1
196	206	14841	11	3	8	-7.58	-1
196	207	14428	10	0	10	-15.16	-1
196	208	14382	10	3	7	-6.07	-1
196	209	13515	9	1	8	-10.61	-1
196	210	11788	8	1	7	-9.10	-1
196	211	12965	9	8	1	10.61	1
196	212	12297	9	2	7	-7.58	-1
196	213	11752	9	9	0	13.65	1
196	214	10779	8	0	8	-12.13	-1
196	215	9066	6	1	5	-6.07	-1
196	216	8983	6	1	5	-6.07	-1
196	217	8166	4	2	2	0.00	1
196	218	6857	3	3	0	4.55	1
196	219	6738	3	0	3	-4.55	-1
196	220	6504	3	2	1	1.52	1
196	221	5661	3	3	0	4.55	1
196	222	5410	3	0	3	-4.55	-1
196	223	4696	3	0	3	-4.55	-1
196	224	2972	1	1	0	1.52	1
196	225	2616	1	1	0	1.52	1
196	226	2355	1	0	1	-1.52	-1
196	227	1377	1	0	1	-1.52	-1
197	198	17816	13	4	9	-7.58	-1
197	199	22187	16	4	12	-12.13	-1
197	200	13601	11	8	3	7.58	1
197	201	14045	11	8	3	7.58	1
197	202	13256	11	2	9	-10.61	-1
197	203	17375	13	6	7	-1.52	-1
197	204	14019	12	12	0	18.20	1
197	205	19126	13	2	11	-13.65	-1
197	206	18723	13	1	12	-16.68	-1
197	207	18108	12	3	9	-9.10	-1
197	208	17572	12	3	9	-9.10	-1
197	209	13515	9	1	8	-10.61	-1
197	210	11788	8	2	6	-6.07	-1
197	211	16847	11	7	4	4.55	1
197	212	16179	11	2	9	-10.61	-1
197	213	13741	11	10	1	13.65	1
197	214	10970	8	0	8	-12.13	-1
197	215	12948	8	1	7	-9.10	-1
197	216	12865	8	0	8	-12.13	-1
197	217	12048	6	2	4	-3.03	-1
197	218	10739	5	3	2	1.52	1
197	219	10620	5	0	5	-7.58	-1
197	220	10386	5	4	1	4.55	1
197	221	9543	5	5	0	7.58	1
197	222	9292	5	0	5	-7.58	-1
197	223	8578	5	0	5	-7.58	-1
197	224	6854	3	3	0	4.55	1
197	225	6498	3	0	3	-4.55	-1
197	226	6237	3	0	3	-4.55	-1
197	227	5259	3	0	3	-4.55	-1
198	199	17802	13	12	1	16.68	1
198	200	13601	11	3	8	-7.58	-1
198	201	14045	11	2	9	-10.61	-1
198	202	13256	11	10	1	13.65	1
198	203	15381	12	7	5	3.03	1
198	204	14019	12	2	10	-12.13	-1
198	205	13798	10	8	2	9.10	1
198	206	13395	10	7	3	6.07	1
198	207	12982	9	7	2	7.58	1
198	208	12936	9	8	1	10.61	1
198	209	12904	9	6	3	4.55	1
198	210	11788	8	6	2	6.07	1
198	211	11519	8	2	6	-6.07	-1
198	212	10851	8	8	0	12.13	1
198	213	10306	8	1	7	-9.10	-1
198	214	9333	7	5	2	4.55	1
198	215	7620	5	3	2	1.52	1
198	216	7537	5	5	0	7.58	1
198	217	6720	3	2	1	1.52	1
198	218	5411	2	0	2	-3.03	-1
198	219	5292	2	1	1	0.00	1
198	220	5058	2	0	2	-3.03	-1
198	221	4215	2	1	1	0.00	1
198	222	3964	2	2	0	3.03	1
198	223	3250	2	2	0	3.03	1
199	200	13601	11	4	7	-4.55	-1
199	201	14045	11	2	9	-10.61	-1
199	202	13256	11	9	2	10.61	1
199	203	17375	13	9	4	7.58	1
199	204	14019	12	1	11	-15.16	-1
199	205	18183	13	10	3	10.61	1
199	206	17780	13	13	0	19.71	1
199	207	17367	12	9	3	9.10	1
199	208	17321	12	9	3	9.10	1
199	209	13515	9	7	2	7.58	1
199	210	11788	8	7	1	9.10	1
199	211	15904	11	3	8	-7.58	-1
199	212	15236	11	9	2	10.61	1
199	213	13741	11	4	7	-4.55	-1
199	214	10970	8	8	0	12.13	1
199	215	12005	8	5	3	3.03	1
199	216	11922	8	5	3	3.03	1
199	217	11105	6	4	2	3.03	1
199	218	9796	5	0	5	-7.58	-1
199	219	9677	5	4	1	4.55	1
199	220	9443	5	2	3	-1.52	-1
199	221	8600	5	2	3	-1.52	-1
199	222	8349	5	4	1	4.55	1
199	223	7635	5	3	2	1.52	1
199	224	5911	3	0	3	-4.55	-1
199	225	5555	3	2	1	1.52	1
199	226	5294	3	3	0	4.55	1
199	227	4316	3	3	0	4.55	1
200	201	12959	11	10	1	13.65	1
200	202	11594	10	3	7	-6.07	-1
200	203	11295	10	2	8	-9.10	-1
200	204	11248	10	9	1	12.13	1
200	205	9712	8	3	5	-3.03	-1
200	206	9309	8	1	7	-9.10	-1
200	207	8896	7	1	6	-7.58	-1
200	208	8850	7	1	6	-7.58	-1
200	209	8818	7	0	7	-10.61	-1
200	210	8174	6	2	4	-3.03	-1
200	211	7433	6	3	3	0.00	1
200	212	6765	6	1	5	-6.07	-1
200	213	6220	6	4	2	3.03	1
200	214	5247	5	2	3	-1.52	-1
200	215	3534	3	0	3	-4.55	-1
200	216	3451	3	1	2	-1.52	-1
200	217	2634	1	0	1	-1.52	-1
201	202	12680	10	3	7	-6.07	-1
201	203	12381	10	1	9	-12.13	-1
201	204	12334	10	7	3	6.07	1
201	205	10798	8	3	5	-3.03	-1
201	206	10395	8	0	8	-12.13	-1
201	207	9982	7	0	7	-10.61	-1
201	208	9936	7	0	7	-10.61	-1
201	209	9904	7	2	5	-4.55	-1
201	210	9260	6	1	5	-6.07	-1
201	211	8519	6	6	0	9.10	1
201	212	7851	6	1	5	-6.07	-1
201	213	7306	6	5	1	6.07	1
201	214	6333	5	2	3	-1.52	-1
201	215	4620	3	0	3	-4.55	-1
201	216	4537	3	0	3	-4.55	-1
201	217	3720	1	0	1	-1.52	-1
202	203	12957	11	9	2	10.61	1
202	204	12910	11	0	11	-16.68	-1
202	205	11374	9	8	1	10.61	1
202	206	10971	9	8	1	10.61	1
202	207	10558	8	6	2	6.07	1
202	208	10512	8	6	2	6.07	1
202	209	10480	8	4	4	0.00	1
202	210	9836	7	6	1	7.58	1
202	211	9095	7	0	7	-10.61	-1
202	212	8427	7	5	2	4.55	1
202	213	7882	7	4	3	1.52	1
202	214	6909	6	5	1	6.07	1
202	215	5196	4	4	0	6.07	1
202	216	5113	4	3	1	3.03	1
202	217	4296	2	1	1	0.00	1
202	218	2987	1	1	0	1.52	1
202	219	2868	1	1	0	1.52	1
202	220	2634	1	0	1	-1.52	-1
202	221	1791	1	0	1	-1.52	-1
202	222	1540	1	0	1	-1.52	-1
202	223	826	1	1	0	1.52	1
203	204	14019	12	0	12	-18.20	-1
203	205	15792	11	9	2	10.61	1
203	206	15389	11	9	2	10.61	1
203	207	14976	10	10	0	15.16	1
203	208	14930	10	7	3	6.07	1
203	209	13515	9	9	0	13.65	1
203	210	11788	8	8	0	12.13	1
203	211	13513	9	1	8	-10.61	-1
203	212	12845	9	8	1	10.61	1
203	213	12300	9	0	9	-13.65	-1
203	214	10970	8	6	2	6.07	1
203	215	9614	6	5	1	6.07	1
203	216	9531	6	3	3	0.00	1
203	217	8714	4	3	1	3.03	1
203	218	7405	3	1	2	-1.52	-1
203	219	7286	3	1	2	-1.52	-1
203	220	7052	3	0	3	-4.55	-1
203	221	6209	3	1	2	-1.52	-1
203	222	5958	3	2	1	1.52	1
203	223	5244	3	2	1	1.52	1
203	224	3520	1	0	1	-1.52	-1
203	225	3164	1	1	0	1.52	1
203	226	2903	1	1	0	1.52	1
203	227	1925	1	0	1	-1.52	-1
204	205	12483	10	1	9	-12.13	-1
204	206	12080	10	1	9	-12.13	-1
204	207	11667	9	2	7	-7.58	-1
204	208	11621	9	1	8	-10.61	-1
204	209	11589	9	1	8	-10.61	-1
204	210	10945	8	3	5	-3.03	-1
204	211	10204	8	8	0	12.13	1
204	212	9536	8	0	8	-12.13	-1
204	213	8991	8	8	0	12.13	1
204	214	8018	7	1	6	-7.58	-1
204	215	6305	5	2	3	-1.52	-1
204	216	6222	5	2	3	-1.52	-1
204	217	5405	3	0	3	-4.55	-1
204	218	4096	2	2	0	3.03	1
204	219	3977	2	0	2	-3.03	-1
204	220	3743	2	2	0	3.03	1
204	221	2900	2	1	1	0.00	1
204	222	2649	2	0	2	-3.03	-1
204	223	1935	2	0	2	-3.03	-1
205	206	21843	15	11	4	10.61	1
205	207	18108	12	8	4	6.07	1
205	208	17572	12	11	1	15.16	1
205	209	13515	9	8	1	10.61	1
205	210	11788	8	8	0	12.13	1
205	211	20433	13	0	13	-19.71	-1
205	212	16375	11	10	1	13.65	1
205	213	13741	11	1	10	-13.65	-1
205	214	10970	8	5	3	3.03	1
205	215	16534	10	7	3	6.07	1
205	216	16451	10	8	2	9.10	1
205	217	15634	8	6	2	6.07	1
205	218	14325	7	1	6	-7.58	-1
205	219	14206	7	6	1	7.58	1
205	220	13972	7	0	7	-10.61	-1
205	221	13129	7	0	7	-10.61	-1
205	222	12878	7	6	1	7.58	1
205	223	12164	7	4	3	1.52	1
205	224	10440	5	1	4	-4.55	-1
205	225	10084	5	5	0	7.58	1
205	226	9823	5	3	2	1.52	1
205	227	8845	5	3	2	1.52	1
205	228	6062	2	1	1	0.00	1
205	229	4974	2	0	2	-3.03	-1
205	230	4698	2	0	2	-3.03	-1
205	231	4514	2	1	1	0.00	1
205	232	3662	2	2	0	3.03	1
205	233	2918	1	0	1	-1.52	-1
205	234	2812	1	0	1	-1.52	-1
205	235	2676	1	0	1	-1.52	-1
205	236	2456	1	1	0	1.52	1
205	237	2110	1	1	0	1.52	1
205	238	1856	1	0	1	-1.52	-1
206	207	18108	12	11	1	15.16	1
206	208	17572	12	10	2	12.13	1
206	209	13515	9	8	1	10.61	1
206	210	11788	8	7	1	9.10	1
206	211	19967	13	3	10	-10.61	-1
206	212	16375	11	9	2	10.61	1
206	213	13741	11	0	11	-16.68	-1
206	214	10970	8	6	2	6.07	1
206	215	16068	10	9	1	12.13	1
206	216	15985	10	9	1	12.13	1
206	217	15168	8	6	2	6.07	1
206	218	13859	7	1	6	-7.58	-1
206	219	13740	7	6	1	7.58	1
206	220	13506	7	1	6	-7.58	-1
206	221	12663	7	1	6	-7.58	-1
206	222	12412	7	5	2	4.55	1
206	223	11698	7	4	3	1.52	1
206	224	9974	5	0	5	-7.58	-1
206	225	9618	5	5	0	7.58	1
206	226	9357	5	4	1	4.55	1
206	227	8379	5	5	0	7.58	1
206	228	5596	2	2	0	3.03	1
206	229	4508	2	0	2	-3.03	-1
206	230	4232	2	0	2	-3.03	-1
206	231	4048	2	0	2	-3.03	-1
206	232	3196	2	1	1	0.00	1
206	233	2452	1	0	1	-1.52	-1
206	234	2346	1	1	0	1.52	1
206	235	2210	1	0	1	-1.52	-1
206	236	1990	1	1	0	1.52	1
206	237	1644	1	1	0	1.52	1
206	238	1390	1	0	1	-1.52	-1
207	208	17572	12	10	2	12.13	1
207	209	13515	9	8	1	10.61	1
207	210	11788	8	6	2	6.07	1
207	211	16645	11	1	10	-13.65	-1
207	212	15977	11	9	2	10.61	1
207	213	13741	11	4	7	-4.55	-1
207	214	10970	8	7	1	9.10	1
207	215	12746	8	5	3	3.03	1
207	216	12663	8	7	1	9.10	1
207	217	11846	6	6	0	9.10	1
207	218	10537	5	0	5	-7.58	-1
207	219	10418	5	4	1	4.55	1
207	220	10184	5	0	5	-7.58	-1
207	221	9341	5	0	5	-7.58	-1
207	222	9090	5	5	0	7.58	1
207	223	8376	5	4	1	4.55	1
207	224	6652	3	1	2	-1.52	-1
207	225	6296	3	2	1	1.52	1
207	226	6035	3	2	1	1.52	1
207	227	5057	3	3	0	4.55	1
208	209	13515	9	7	2	7.58	1
208	210	11788	8	8	0	12.13	1
208	211	16155	11	4	7	-4.55	-1
208	212	15487	11	8	3	7.58	1
208	213	13741	11	2	9	-10.61	-1
208	214	10970	8	8	0	12.13	1
208	215	12256	8	6	2	6.07	1
208	216	12173	8	5	3	3.03	1
208	217	11356	6	3	3	0.00	1
208	218	10047	5	1	4	-4.55	-1
208	219	9928	5	4	1	4.55	1
208	220	9694	5	1	4	-4.55	-1
208	221	8851	5	2	3	-1.52	-1
208	222	8600	5	5	0	7.58	1
208	223	7886	5	5	0	7.58	1
208	224	6162	3	0	3	-4.55	-1
208	225	5806	3	3	0	4.55	1
208	226	5545	3	2	1	1.52	1
208	227	4567	3	3	0	4.55	1
209	210	11788	8	8	0	12.13	1
209	211	12130	8	2	6	-6.07	-1
209	212	11462	8	6	2	6.07	1
209	213	10917	8	2	6	-6.07	-1
209	214	9944	7	7	0	10.61	1
209	215	8231	5	4	1	4.55	1
209	216	8148	5	5	0	7.58	1
209	217	7331	3	2	1	1.52	1
209	218	6022	2	0	2	-3.03	-1
209	219	5903	2	2	0	3.03	1
209	220	5669	2	1	1	0.00	1
209	221	4826	2	1	1	0.00	1
209	222	4575	2	1	1	0.00	1
209	223	3861	2	2	0	3.03	1
210	211	11047	8	0	8	-12.13	-1
210	212	10379	8	8	0	12.13	1
210	213	9834	8	1	7	-9.10	-1
210	214	8861	7	5	2	4.55	1
210	215	7148	5	5	0	7.58	1
210	216	7065	5	4	1	4.55	1
210	217	6248	3	3	0	4.55	1
210	218	4939	2	0	2	-3.03	-1
210	219	4820	2	2	0	3.03	1
210	220	4586	2	0	2	-3.03	-1
210	221	3743	2	1	1	0.00	1
210	222	3492	2	2	0	3.03	1
210	223	2778	2	1	1	0.00	1
211	212	16375	11	2	9	-10.61	-1
211	213	13741	11	7	4	4.55	1
211	214	10970	8	1	7	-9.10	-1
211	215	18915	10	1	9	-12.13	-1
211	216	19972	10	2	8	-9.10	-1
211	217	23727	11	1	10	-13.65	-1
211	218	14828	7	5	2	4.55	1
211	219	22410	10	2	8	-9.10	-1
211	220	18052	7	4	3	1.52	1
211	221	17792	7	5	2	4.55	1
211	222	18000	7	0	7	-10.61	-1
211	223	12599	7	4	3	1.52	1
211	224	18081	8	5	3	3.03	1
211	225	18440	8	2	6	-6.07	-1
211	226	15699	5	0	5	-7.58	-1
211	227	17201	8	3	5	-3.03	-1
211	228	14418	5	0	5	-7.58	-1
211	229	13330	5	4	1	4.55	1
211	230	13054	5	4	1	4.55	1
211	231	12870	5	0	5	-7.58	-1
211	232	12018	5	2	3	-1.52	-1
211	233	11274	4	3	1	3.03	1
211	234	11168	4	2	2	0.00	1
211	235	11032	4	3	1	3.03	1
211	236	10812	4	1	3	-3.03	-1
211	237	10466	4	0	4	-6.07	-1
211	238	10212	4	3	1	3.03	1
211	239	9892	3	3	0	4.55	1
211	240	8632	3	1	2	-1.52	-1
211	241	8391	3	1	2	-1.52	-1
211	242	8368	3	0	3	-4.55	-1
211	243	8220	3	3	0	4.55	1
211	244	8171	3	0	3	-4.55	-1
211	245	7543	3	3	0	4.55	1
211	246	6551	3	0	3	-4.55	-1
211	247	5689	3	3	0	4.55	1
211	248	5494	3	0	3	-4.55	-1
211	249	3837	3	1	2	-1.52	-1
211	250	3541	3	2	1	1.52	1
211	251	3168	3	1	2	-1.52	-1
211	252	2342	3	3	0	4.55	1
211	253	2134	3	1	2	-1.52	-1
211	254	2109	3	2	1	1.52	1
212	213	13741	11	4	7	-4.55	-1
212	214	10970	8	7	1	9.10	1
212	215	13144	8	5	3	3.03	1
212	216	13061	8	7	1	9.10	1
212	217	12244	6	5	1	6.07	1
212	218	10935	5	1	4	-4.55	-1
212	219	10816	5	3	2	1.52	1
212	220	10582	5	2	3	-1.52	-1
212	221	9739	5	1	4	-4.55	-1
212	222	9488	5	3	2	1.52	1
212	223	8774	5	5	0	7.58	1
212	224	7050	3	1	2	-1.52	-1
212	225	6694	3	2	1	1.52	1
212	226	6433	3	2	1	1.52	1
212	227	5455	3	2	1	1.52	1
213	214	10970	8	0	8	-12.13	-1
213	215	11055	8	4	4	0.00	1
213	216	10972	8	0	8	-12.13	-1
213	217	10155	6	1	5	-6.07	-1
213	218	8846	5	3	2	1.52	1
213	219	8727	5	2	3	-1.52	-1
213	220	8493	5	3	2	1.52	1
213	221	7650	5	4	1	4.55	1
213	222	7399	5	2	3	-1.52	-1
213	223	6685	5	2	3	-1.52	-1
213	224	4961	3	1	2	-1.52	-1
213	225	4605	3	1	2	-1.52	-1
213	226	4344	3	0	3	-4.55	-1
213	227	3366	3	0	3	-4.55	-1
214	215	9257	6	5	1	6.07	1
214	216	9174	6	6	0	9.10	1
214	217	8357	4	2	2	0.00	1
214	218	7048	3	1	2	-1.52	-1
214	219	6929	3	2	1	1.52	1
214	220	6695	3	1	2	-1.52	-1
214	221	5852	3	0	3	-4.55	-1
214	222	5601	3	3	0	4.55	1
214	223	4887	3	3	0	4.55	1
214	224	3163	1	0	1	-1.52	-1
214	225	2807	1	1	0	1.52	1
214	226	2546	1	1	0	1.52	1
214	227	1568	1	0	1	-1.52	-1
215	216	18832	10	9	1	12.13	1
215	217	18015	8	5	3	3.03	1
215	218	14828	7	2	5	-4.55	-1
215	219	16587	7	5	2	4.55	1
215	220	16353	7	0	7	-10.61	-1
215	221	15510	7	2	5	-4.55	-1
215	222	15259	7	5	2	4.55	1
215	223	12599	7	5	2	4.55	1
215	224	12821	5	1	4	-4.55	-1
215	225	12465	5	5	0	7.58	1
215	226	12204	5	5	0	7.58	1
215	227	11226	5	4	1	4.55	1
215	228	8443	2	1	1	0.00	1
215	229	7355	2	0	2	-3.03	-1
215	230	7079	2	1	1	0.00	1
215	231	6895	2	2	0	3.03	1
215	232	6043	2	1	1	0.00	1
215	233	5299	1	1	0	1.52	1
215	234	5193	1	1	0	1.52	1
215	235	5057	1	0	1	-1.52	-1
215	236	4837	1	1	0	1.52	1
215	237	4491	1	0	1	-1.52	-1
215	238	4237	1	0	1	-1.52	-1
216	217	19155	8	7	1	9.10	1
216	218	14828	7	0	7	-10.61	-1
216	219	17727	7	6	1	7.58	1
216	220	17493	7	1	6	-7.58	-1
216	221	16650	7	1	6	-7.58	-1
216	222	16399	7	6	1	7.58	1
216	223	12599	7	5	2	4.55	1
216	224	13961	5	1	4	-4.55	-1
216	225	13605	5	5	0	7.58	1
216	226	13344	5	4	1	4.55	1
216	227	12366	5	5	0	7.58	1
216	228	9583	2	2	0	3.03	1
216	229	8495	2	2	0	3.03	1
216	230	8219	2	1	1	0.00	1
216	231	8035	2	2	0	3.03	1
216	232	7183	2	2	0	3.03	1
216	233	6439	1	0	1	-1.52	-1
216	234	6333	1	1	0	1.52	1
216	235	6197	1	0	1	-1.52	-1
216	236	5977	1	1	0	1.52	1
216	237	5631	1	1	0	1.52	1
216	238	5377	1	0	1	-1.52	-1
217	218	14828	7	2	5	-4.55	-1
217	219	22299	10	8	2	9.10	1
217	220	18052	7	4	3	1.52	1
217	221	17792	7	2	5	-4.55	-1
217	222	18000	7	7	0	10.61	1
217	223	12599	7	7	0	10.61	1
217	224	18081	8	1	7	-9.10	-1
217	225	18177	8	7	1	9.10	1
217	226	15699	5	2	3	-1.52	-1
217	227	16938	8	7	1	9.10	1
217	228	14155	5	5	0	7.58	1
217	229	13067	5	2	3	-1.52	-1
217	230	12791	5	1	4	-4.55	-1
217	231	12607	5	4	1	4.55	1
217	232	11755	5	5	0	7.58	1
217	233	11011	4	1	3	-3.03	-1
217	234	10905	4	2	2	0.00	1
217	235	10769	4	0	4	-6.07	-1
217	236	10549	4	4	0	6.07	1
217	237	10203	4	4	0	6.07	1
217	238	9949	4	1	3	-3.03	-1
217	239	9629	3	0	3	-4.55	-1
217	240	8369	3	3	0	4.55	1
217	241	8128	3	1	2	-1.52	-1
217	242	8105	3	3	0	4.55	1
217	243	7957	3	2	1	1.52	1
217	244	7908	3	1	2	-1.52	-1
217	245	7280	3	0	3	-4.55	-1
217	246	6288	3	3	0	4.55	1
217	247	5426	3	0	3	-4.55	-1
217	248	5231	3	3	0	4.55	1
217	249	3574	3	1	2	-1.52	-1
217	250	3278	3	1	2	-1.52	-1
217	251	2905	3	0	3	-4.55	-1
217	252	2079	3	1	2	-1.52	-1
217	253	1871	3	1	2	-1.52	-1
217	254	1846	3	2	1	1.52	1
218	219	14709	7	0	7	-10.61	-1
218	220	14475	7	6	1	7.58	1
218	221	13632	7	4	3	1.52	1
218	222	13381	7	0	7	-10.61	-1
218	223	12599	7	2	5	-4.55	-1
218	224	10943	5	5	0	7.58	1
218	225	10587	5	0	5	-7.58	-1
218	226	10326	5	0	5	-7.58	-1
218	227	9348	5	1	4	-4.55	-1
218	228	6565	2	1	1	0.00	1
218	229	5477	2	2	0	3.03	1
218	230	5201	2	1	1	0.00	1
218	231	5017	2	1	1	0.00	1
218	232	4165	2	1	1	0.00	1
218	233	3421	1	1	0	1.52	1
218	234	3315	1	0	1	-1.52	-1
218	235	3179	1	1	0	1.52	1
218	236	2959	1	0	1	-1.52	-1
218	237	2613	1	0	1	-1.52	-1
218	238	2359	1	1	0	1.52	1
219	220	18052	7	2	5	-4.55	-1
219	221	17792	7	0	7	-10.61	-1
219	222	18000	7	7	0	10.61	1
219	223	12599	7	6	1	7.58	1
219	224	18081	8	4	4	0.00	1
219	225	18288	8	7	1	9.10	1
219	226	15699	5	4	1	4.55	1
219	227	17049	8	8	0	12.13	1
219	228	14266	5	5	0	7.58	1
219	229	13178	5	0	5	-7.58	-1
219	230	12902	5	0	5	-7.58	-1
219	231	12718	5	4	1	4.55	1
219	232	11866	5	5	0	7.58	1
219	233	11122	4	1	3	-3.03	-1
219	234	11016	4	4	0	6.07	1
219	235	10880	4	2	2	0.00	1
219	236	10660	4	3	1	3.03	1
219	237	10314	4	4	0	6.07	1
219	238	10060	4	1	3	-3.03	-1
219	239	9740	3	1	2	-1.52	-1
219	240	8480	3	2	1	1.52	1
219	241	8239	3	0	3	-4.55	-1
219	242	8216	3	3	0	4.55	1
219	243	8068	3	1	2	-1.52	-1
219	244	8019	3	3	0	4.55	1
219	245	7391	3	0	3	-4.55	-1
219	246	6399	3	3	0	4.55	1
219	247	5537	3	1	2	-1.52	-1
219	248	5342	3	3	0	4.55	1
219	249	3685	3	0	3	-4.55	-1
219	250	3389	3	0	3	-4.55	-1
219	251	3016	3	0	3	-4.55	-1
219	252	2190	3	0	3	-4.55	-1
219	253	1982	3	3	0	4.55	1
219	254	1957	3	3	0	4.55	1
220	221	17209	7	7	0	10.61	1
220	222	16958	7	1	6	-7.58	-1
220	223	12599	7	1	6	-7.58	-1
220	224	14520	5	3	2	1.52	1
220	225	14164	5	2	3	-1.52	-1
220	226	13903	5	0	5	-7.58	-1
220	227	12925	5	1	4	-4.55	-1
220	228	10142	2	0	2	-3.03	-1
220	229	9054	2	2	0	3.03	1
220	230	8778	2	2	0	3.03	1
220	231	8594	2	0	2	-3.03	-1
220	232	7742	2	0	2	-3.03	-1
220	233	6998	1	1	0	1.52	1
220	234	6892	1	0	1	-1.52	-1
220	235	6756	1	1	0	1.52	1
220	236	6536	1	0	1	-1.52	-1
220	237	6190	1	0	1	-1.52	-1
220	238	5936	1	1	0	1.52	1
221	222	17541	7	3	4	-1.52	-1
221	223	12599	7	2	5	-4.55	-1
221	224	15103	5	4	1	4.55	1
221	225	14747	5	2	3	-1.52	-1
221	226	14486	5	2	3	-1.52	-1
221	227	13508	5	2	3	-1.52	-1
221	228	10725	2	0	2	-3.03	-1
221	229	9637	2	2	0	3.03	1
221	230	9361	2	1	1	0.00	1
221	231	9177	2	0	2	-3.03	-1
221	232	8325	2	0	2	-3.03	-1
221	233	7581	1	1	0	1.52	1
221	234	7475	1	0	1	-1.52	-1
221	235	7339	1	1	0	1.52	1
221	236	7119	1	1	0	1.52	1
221	237	6773	1	0	1	-1.52	-1
221	238	6519	1	1	0	1.52	1
222	223	12599	7	4	3	1.52	1
222	224	15562	5	1	4	-4.55	-1
222	225	15206	5	5	0	7.58	1
222	226	14945	5	3	2	1.52	1
222	227	13967	5	4	1	4.55	1
222	228	11184	2	2	0	3.03	1
222	229	10096	2	0	2	-3.03	-1
222	230	9820	2	0	2	-3.03	-1
222	231	9636	2	1	1	0.00	1
222	232	8784	2	2	0	3.03	1
222	233	8040	1	0	1	-1.52	-1
222	234	7934	1	1	0	1.52	1
222	235	7798	1	0	1	-1.52	-1
222	236	7578	1	1	0	1.52	1
222	237	7232	1	1	0	1.52	1
222	238	6978	1	0	1	-1.52	-1
223	224	10875	5	1	4	-4.55	-1
223	225	10519	5	5	0	7.58	1
223	226	10258	5	3	2	1.52	1
223	227	9280	5	5	0	7.58	1
223	228	6497	2	2	0	3.03	1
223	229	5409	2	1	1	0.00	1
223	230	5133	2	1	1	0.00	1
223	231	4949	2	2	0	3.03	1
223	232	4097	2	1	1	0.00	1
223	233	3353	1	0	1	-1.52	-1
223	234	3247	1	1	0	1.52	1
223	235	3111	1	0	1	-1.52	-1
223	236	2891	1	1	0	1.52	1
223	237	2545	1	1	0	1.52	1
223	238	2291	1	0	1	-1.52	-1
224	225	17725	8	2	6	-6.07	-1
224	226	15699	5	1	4	-4.55	-1
224	227	16486	8	0	8	-12.13	-1
224	228	13703	5	1	4	-4.55	-1
224	229	12615	5	5	0	7.58	1
224	230	12339	5	4	1	4.55	1
224	231	12155	5	2	3	-1.52	-1
224	232	11303	5	0	5	-7.58	-1
224	233	10559	4	4	0	6.07	1
224	234	10453	4	1	3	-3.03	-1
224	235	10317	4	4	0	6.07	1
224	236	10097	4	0	4	-6.07	-1
224	237	9751	4	0	4	-6.07	-1
224	238	9497	4	4	0	6.07	1
224	239	9177	3	3	0	4.55	1
224	240	7917	3	0	3	-4.55	-1
224	241	7676	3	2	1	1.52	1
224	242	7653	3	0	3	-4.55	-1
224	243	7505	3	2	1	1.52	1
224	244	7456	3	0	3	-4.55	-1
224	245	6828	3	3	0	4.55	1
224	246	5836	3	1	2	-1.52	-1
224	247	4974	3	3	0	4.55	1
224	248	4779	3	1	2	-1.52	-1
224	249	3122	3	3	0	4.55	1
224	250	2826	3	3	0	4.55	1
224	251	2453	3	3	0	4.55	1
224	252	1627	3	2	1	1.52	1
224	253	1419	3	1	2	-1.52	-1
224	254	1394	3	0	3	-4.55	-1
225	226	15699	5	5	0	7.58	1
225	227	22868	12	11	1	15.16	1
225	228	20085	9	9	0	13.65	1
225	229	18708	8	0	8	-12.13	-1
225	230	18721	9	1	8	-10.61	-1
225	231	17058	8	7	1	9.10	1
225	232	17685	9	9	0	13.65	1
225	233	14377	5	0	5	-7.58	-1
225	234	16835	8	8	0	12.13	1
225	235	16699	8	4	4	0.00	1
225	236	16479	8	6	2	6.07	1
225	237	11724	4	3	1	3.03	1
225	238	15879	8	2	6	-6.07	-1
225	239	13067	4	1	3	-3.03	-1
225	240	13815	6	3	3	0.00	1
225	241	13383	6	2	4	-3.03	-1
225	242	14035	7	6	1	7.58	1
225	243	8421	3	0	3	-4.55	-1
225	244	13838	7	7	0	10.61	1
225	245	13210	7	3	4	-1.52	-1
225	246	12218	7	5	2	4.55	1
225	247	11356	7	1	6	-7.58	-1
225	248	11161	7	6	1	7.58	1
225	249	9504	7	0	7	-10.61	-1
225	250	9208	7	0	7	-10.61	-1
225	251	8835	7	1	6	-7.58	-1
225	252	8009	7	0	7	-10.61	-1
225	253	7801	7	7	0	10.61	1
225	254	7776	7	7	0	10.61	1
225	255	7206	4	1	3	-3.03	-1
225	256	6580	4	0	4	-6.07	-1
225	257	6088	4	3	1	3.03	1
225	258	5896	4	4	0	6.07	1
225	259	5167	4	0	4	-6.07	-1
225	260	4867	4	0	4	-6.07	-1
225	261	4304	4	1	3	-3.03	-1
225	262	3289	3	0	3	-4.55	-1
225	263	2537	3	3	0	4.55	1
225	264	2518	3	1	2	-1.52	-1
225	265	2363	3	2	1	1.52	1
225	266	1778	1	1	0	1.52	1
225	267	268	1	0	1	-1.52	-1
226	227	14721	5	4	1	4.55	1
226	228	11938	2	2	0	3.03	1
226	229	10850	2	0	2	-3.03	-1
226	230	10574	2	1	1	0.00	1
226	231	10390	2	2	0	3.03	1
226	232	9538	2	2	0	3.03	1
226	233	8794	1	0	1	-1.52	-1
226	234	8688	1	1	0	1.52	1
226	235	8552	1	0	1	-1.52	-1
226	236	8332	1	1	0	1.52	1
226	237	7986	1	1	0	1.52	1
226	238	7732	1	1	0	1.52	1
227	228	20289	9	7	2	7.58	1
227	229	18708	8	2	6	-6.07	-1
227	230	18844	9	1	8	-10.61	-1
227	231	17058	8	6	2	6.07	1
227	232	17889	9	8	1	10.61	1
227	233	14377	5	0	5	-7.58	-1
227	234	17039	8	8	0	12.13	1
227	235	16903	8	1	7	-9.10	-1
227	236	16683	8	8	0	12.13	1
227	237	11724	4	3	1	3.03	1
227	238	16083	8	0	8	-12.13	-1
227	239	13067	4	3	1	3.03	1
227	240	13815	6	5	1	6.07	1
227	241	13383	6	2	4	-3.03	-1
227	242	14239	7	7	0	10.61	1
227	243	8421	3	1	2	-1.52	-1
227	244	14042	7	6	1	7.58	1
227	245	13414	7	3	4	-1.52	-1
227	246	12422	7	3	4	-1.52	-1
227	247	11560	7	1	6	-7.58	-1
227	248	11365	7	2	5	-4.55	-1
227	249	9708	7	1	6	-7.58	-1
227	250	9412	7	0	7	-10.61	-1
227	251	9039	7	1	6	-7.58	-1
227	252	8213	7	0	7	-10.61	-1
227	253	8005	7	6	1	7.58	1
227	254	7980	7	5	2	4.55	1
227	255	7410	4	0	4	-6.07	-1
227	256	6784	4	1	3	-3.03	-1
227	257	6292	4	4	0	6.07	1
227	258	6100	4	4	0	6.07	1
227	259	5371	4	3	1	3.03	1
227	260	5071	4	1	3	-3.03	-1
227	261	4508	4	0	4	-6.07	-1
227	262	3493	3	1	2	-1.52	-1
227	263	2741	3	3	0	4.55	1
227	264	2722	3	0	3	-4.55	-1
227	265	2567	3	3	0	4.55	1
227	266	1982	1	1	0	1.52	1
227	267	472	1	0	1	-1.52	-1
228	229	18708	8	2	6	-6.07	-1
228	230	18844	9	2	7	-7.58	-1
228	231	17058	8	8	0	12.13	1
228	232	19775	10	10	0	15.16	1
228	233	14377	5	0	5	-7.58	-1
228	234	18925	9	8	1	10.61	1
228	235	17238	8	3	5	-3.03	-1
228	236	18096	8	7	1	9.10	1
228	237	11724	4	3	1	3.03	1
228	238	17969	9	0	9	-13.65	-1
228	239	13067	4	0	4	-6.07	-1
228	240	13815	6	5	1	6.07	1
228	241	13383	6	1	5	-6.07	-1
228	242	16125	8	4	4	0.00	1
228	243	8421	3	2	1	1.52	1
228	244	15928	8	7	1	9.10	1
228	245	15300	8	2	6	-6.07	-1
228	246	14155	8	7	1	9.10	1
228	247	13446	8	4	4	0.00	1
228	248	13251	8	7	1	9.10	1
228	249	11594	8	2	6	-6.07	-1
228	250	11298	8	0	8	-12.13	-1
228	251	10925	8	0	8	-12.13	-1
228	252	10099	8	1	7	-9.10	-1
228	253	9891	8	5	3	3.03	1
228	254	9866	8	7	1	9.10	1
228	255	9296	5	1	4	-4.55	-1
228	256	8670	5	1	4	-4.55	-1
228	257	8178	5	4	1	4.55	1
228	258	7986	5	4	1	4.55	1
228	259	7257	5	1	4	-4.55	-1
228	260	6957	5	0	5	-7.58	-1
228	261	6394	5	0	5	-7.58	-1
228	262	5379	4	1	3	-3.03	-1
228	263	4627	4	4	0	6.07	1
228	264	4608	4	1	3	-3.03	-1
228	265	4453	4	4	0	6.07	1
228	266	3868	2	2	0	3.03	1
228	267	2358	2	2	0	3.03	1
228	268	2190	1	0	1	-1.52	-1
228	269	1978	1	0	1	-1.52	-1
228	270	1766	1	0	1	-1.52	-1
228	271	593	1	1	0	1.52	1
229	230	18432	8	6	2	6.07	1
229	231	17058	8	2	6	-6.07	-1
229	232	17396	8	2	6	-6.07	-1
229	233	14377	5	3	2	1.52	1
229	234	16546	7	3	4	-1.52	-1
229	235	16410	7	5	2	4.55	1
229	236	16190	7	1	6	-7.58	-1
229	237	11724	4	1	3	-3.03	-1
229	238	15590	7	6	1	7.58	1
229	239	13067	4	4	0	6.07	1
229	240	13815	6	1	5	-6.07	-1
229	241	13383	6	5	1	6.07	1
229	242	13746	6	0	6	-9.10	-1
229	243	8421	3	3	0	4.55	1
229	244	13549	6	0	6	-9.10	-1
229	245	12921	6	5	1	6.07	1
229	246	11929	6	0	6	-9.10	-1
229	247	11067	6	4	2	3.03	1
229	248	10872	6	0	6	-9.10	-1
229	249	9215	6	6	0	9.10	1
229	250	8919	6	6	0	9.10	1
229	251	8546	6	4	2	3.03	1
229	252	7720	6	4	2	3.03	1
229	253	7512	6	3	3	0.00	1
229	254	7487	6	1	5	-6.07	-1
229	255	6917	3	2	1	1.52	1
229	256	6291	3	2	1	1.52	1
229	257	5799	3	1	2	-1.52	-1
229	258	5607	3	0	3	-4.55	-1
229	259	4878	3	2	1	1.52	1
229	260	4578	3	3	0	4.55	1
229	261	4015	3	3	0	4.55	1
229	262	3000	2	2	0	3.03	1
229	263	2248	2	0	2	-3.03	-1
229	264	2229	2	2	0	3.03	1
229	265	2074	2	0	2	-3.03	-1
230	231	17058	8	2	6	-6.07	-1
230	232	17808	9	1	8	-10.61	-1
230	233	14377	5	5	0	7.58	1
230	234	16958	8	2	6	-6.07	-1
230	235	16822	8	8	0	12.13	1
230	236	16602	8	1	7	-9.10	-1
230	237	11724	4	1	3	-3.03	-1
230	238	16002	8	8	0	12.13	1
230	239	13067	4	4	0	6.07	1
230	240	13815	6	2	4	-3.03	-1
230	241	13383	6	4	2	3.03	1
230	242	14158	7	1	6	-7.58	-1
230	243	8421	3	3	0	4.55	1
230	244	13961	7	0	7	-10.61	-1
230	245	13333	7	7	0	10.61	1
230	246	12341	7	1	6	-7.58	-1
230	247	11479	7	5	2	4.55	1
230	248	11284	7	0	7	-10.61	-1
230	249	9627	7	6	1	7.58	1
230	250	9331	7	6	1	7.58	1
230	251	8958	7	6	1	7.58	1
230	252	8132	7	5	2	4.55	1
230	253	7924	7	2	5	-4.55	-1
230	254	7899	7	0	7	-10.61	-1
230	255	7329	4	3	1	3.03	1
230	256	6703	4	4	0	6.07	1
230	257	6211	4	0	4	-6.07	-1
230	258	6019	4	2	2	0.00	1
230	259	5290	4	3	1	3.03	1
230	260	4990	4	3	1	3.03	1
230	261	4427	4	4	0	6.07	1
230	262	3412	3	2	1	1.52	1
230	263	2660	3	0	3	-4.55	-1
230	264	2641	3	3	0	4.55	1
230	265	2486	3	1	2	-1.52	-1
230	266	1901	1	0	1	-1.52	-1
230	267	391	1	1	0	1.52	1
231	232	16206	8	8	0	12.13	1
231	233	14377	5	0	5	-7.58	-1
231	234	15356	7	5	2	4.55	1
231	235	15220	7	0	7	-10.61	-1
231	236	15000	7	6	1	7.58	1
231	237	11724	4	4	0	6.07	1
231	238	14400	7	1	6	-7.58	-1
231	239	13067	4	2	2	0.00	1
231	240	12820	6	5	1	6.07	1
231	241	12579	6	2	4	-3.03	-1
231	242	12556	6	5	1	6.07	1
231	243	8421	3	1	2	-1.52	-1
231	244	12359	6	5	1	6.07	1
231	245	11731	6	0	6	-9.10	-1
231	246	10739	6	4	2	3.03	1
231	247	9877	6	0	6	-9.10	-1
231	248	9682	6	6	0	9.10	1
231	249	8025	6	2	4	-3.03	-1
231	250	7729	6	1	5	-6.07	-1
231	251	7356	6	2	4	-3.03	-1
231	252	6530	6	1	5	-6.07	-1
231	253	6322	6	4	2	3.03	1
231	254	6297	6	5	1	6.07	1
231	255	5727	3	0	3	-4.55	-1
231	256	5101	3	0	3	-4.55	-1
231	257	4609	3	1	2	-1.52	-1
231	258	4417	3	2	1	1.52	1
231	259	3688	3	1	2	-1.52	-1
231	260	3388	3	1	2	-1.52	-1
231	261	2825	3	0	3	-4.55	-1
231	262	1810	2	0	2	-3.03	-1
231	263	1058	2	2	0	3.03	1
231	264	1039	2	1	1	0.00	1
231	265	884	2	2	0	3.03	1
232	233	14377	5	1	4	-4.55	-1
232	234	19422	9	8	1	10.61	1
232	235	17238	8	1	7	-9.10	-1
232	236	18096	8	8	0	12.13	1
232	237	11724	4	3	1	3.03	1
232	238	18466	9	3	6	-4.55	-1
232	239	13067	4	0	4	-6.07	-1
232	240	13815	6	5	1	6.07	1
232	241	13383	6	3	3	0.00	1
232	242	16622	8	7	1	9.10	1
232	243	8421	3	1	2	-1.52	-1
232	244	16425	8	7	1	9.10	1
232	245	15797	8	0	8	-12.13	-1
232	246	14155	8	5	3	3.03	1
232	247	13943	8	2	6	-6.07	-1
232	248	13748	8	8	0	12.13	1
232	249	12091	8	2	6	-6.07	-1
232	250	11795	8	1	7	-9.10	-1
232	251	11422	8	1	7	-9.10	-1
232	252	10596	8	1	7	-9.10	-1
232	253	10388	8	7	1	9.10	1
232	254	10363	8	6	2	6.07	1
232	255	9793	5	0	5	-7.58	-1
232	256	9167	5	2	3	-1.52	-1
232	257	8675	5	5	0	7.58	1
232	258	8483	5	5	0	7.58	1
232	259	7754	5	0	5	-7.58	-1
232	260	7454	5	1	4	-4.55	-1
232	261	6891	5	1	4	-4.55	-1
232	262	5876	4	3	1	3.03	1
232	263	5124	4	3	1	3.03	1
232	264	5105	4	0	4	-6.07	-1
232	265	4950	4	4	0	6.07	1
232	266	4365	2	2	0	3.03	1
232	267	2855	2	0	2	-3.03	-1
232	268	2687	1	1	0	1.52	1
232	269	2475	1	1	0	1.52	1
232	270	2263	1	0	1	-1.52	-1
232	271	1090	1	1	0	1.52	1
233	234	14271	5	0	5	-7.58	-1
233	235	14135	5	4	1	4.55	1
233	236	13915	5	2	3	-1.52	-1
233	237	11724	4	2	2	0.00	1
233	238	13315	5	4	1	4.55	1
233	239	12995	4	4	0	6.07	1
233	240	11735	4	0	4	-6.07	-1
233	241	11494	4	3	1	3.03	1
233	242	11471	4	2	2	0.00	1
233	243	8421	3	3	0	4.55	1
233	244	11274	4	1	3	-3.03	-1
233	245	10646	4	2	2	0.00	1
233	246	9654	4	3	1	3.03	1
233	247	8792	4	4	0	6.07	1
233	248	8597	4	0	4	-6.07	-1
233	249	6940	4	4	0	6.07	1
233	250	6644	4	2	2	0.00	1
233	251	6271	4	3	1	3.03	1
233	252	5445	4	3	1	3.03	1
233	253	5237	4	0	4	-6.07	-1
233	254	5212	4	1	3	-3.03	-1
233	255	4642	1	1	0	1.52	1
233	256	4016	1	1	0	1.52	1
233	257	3524	1	0	1	-1.52	-1
233	258	3332	1	0	1	-1.52	-1
233	259	2603	1	0	1	-1.52	-1
233	260	2303	1	1	0	1.52	1
233	261	1740	1	1	0	1.52	1
234	235	17238	8	1	7	-9.10	-1
234	236	18096	8	6	2	6.07	1
234	237	11724	4	4	0	6.07	1
234	238	20063	9	2	7	-7.58	-1
234	239	13067	4	0	4	-6.07	-1
234	240	13815	6	6	0	9.10	1
234	241	13383	6	0	6	-9.10	-1
234	242	21231	14	12	2	15.16	1
234	243	8421	3	1	2	-1.52	-1
234	244	17747	8	7	1	9.10	1
234	245	19817	9	0	9	-13.65	-1
234	246	14155	8	6	2	6.07	1
234	247	18552	14	2	12	-15.16	-1
234	248	16986	9	7	2	7.58	1
234	249	16700	14	2	12	-15.16	-1
234	250	16404	14	0	14	-21.23	-1
234	251	16031	14	3	11	-12.13	-1
234	252	13170	9	2	7	-7.58	-1
234	253	13270	9	8	1	10.61	1
234	254	14972	14	12	2	15.16	1
234	255	14402	11	1	10	-13.65	-1
234	256	13776	11	7	4	4.55	1
234	257	13284	11	9	2	10.61	1
234	258	13092	11	8	3	7.58	1
234	259	12363	11	1	10	-13.65	-1
234	260	12063	11	1	10	-13.65	-1
234	261	11500	11	3	8	-7.58	-1
234	262	10485	10	4	6	-3.03	-1
234	263	9733	10	8	2	9.10	1
234	264	9714	10	0	10	-15.16	-1
234	265	9559	10	10	0	15.16	1
234	266	8974	8	6	2	6.07	1
234	267	7464	8	4	4	0.00	1
234	268	7296	7	1	6	-7.58	-1
234	269	7084	7	0	7	-10.61	-1
234	270	6872	7	1	6	-7.58	-1
234	271	5699	7	6	1	7.58	1
234	272	5390	6	3	3	0.00	1
234	273	4030	6	5	1	6.07	1
234	274	3112	6	0	6	-9.10	-1
234	275	3003	6	5	1	6.07	1
234	276	2570	6	5	1	6.07	1
234	277	2326	6	0	6	-9.10	-1
234	278	1531	5	5	0	7.58	1
234	279	1113	5	0	5	-7.58	-1
235	236	17018	8	1	7	-9.10	-1
235	237	11724	4	1	3	-3.03	-1
235	238	16418	8	5	3	3.03	1
235	239	13067	4	4	0	6.07	1
235	240	13815	6	2	4	-3.03	-1
235	241	13383	6	5	1	6.07	1
235	242	14574	7	1	6	-7.58	-1
235	243	8421	3	3	0	4.55	1
235	244	14377	7	2	5	-4.55	-1
235	245	13749	7	6	1	7.58	1
235	246	12757	7	2	5	-4.55	-1
235	247	11895	7	6	1	7.58	1
235	248	11700	7	1	6	-7.58	-1
235	249	10043	7	4	3	1.52	1
235	250	9747	7	7	0	10.61	1
235	251	9374	7	5	2	4.55	1
235	252	8548	7	5	2	4.55	1
235	253	8340	7	2	5	-4.55	-1
235	254	8315	7	1	6	-7.58	-1
235	255	7745	4	3	1	3.03	1
235	256	7119	4	3	1	3.03	1
235	257	6627	4	1	3	-3.03	-1
235	258	6435	4	0	4	-6.07	-1
235	259	5706	4	3	1	3.03	1
235	260	5406	4	4	0	6.07	1
235	261	4843	4	2	2	0.00	1
235	262	3828	3	2	1	1.52	1
235	263	3076	3	1	2	-1.52	-1
235	264	3057	3	3	0	4.55	1
235	265	2902	3	1	2	-1.52	-1
235	266	2317	1	1	0	1.52	1
235	267	807	1	1	0	1.52	1
236	237	11724	4	4	0	6.07	1
236	238	17496	8	2	6	-6.07	-1
236	239	13067	4	1	3	-3.03	-1
236	240	13815	6	6	0	9.10	1
236	241	13383	6	2	4	-3.03	-1
236	242	15652	7	6	1	7.58	1
236	243	8421	3	1	2	-1.52	-1
236	244	15455	7	5	2	4.55	1
236	245	14827	7	2	5	-4.55	-1
236	246	13835	7	6	1	7.58	1
236	247	12973	7	2	5	-4.55	-1
236	248	12778	7	6	1	7.58	1
236	249	11121	7	1	6	-7.58	-1
236	250	10825	7	2	5	-4.55	-1
236	251	10452	7	1	6	-7.58	-1
236	252	9626	7	3	4	-1.52	-1
236	253	9418	7	6	1	7.58	1
236	254	9393	7	6	1	7.58	1
236	255	8823	4	0	4	-6.07	-1
236	256	8197	4	0	4	-6.07	-1
236	257	7705	4	4	0	6.07	1
236	258	7513	4	4	0	6.07	1
236	259	6784	4	0	4	-6.07	-1
236	260	6484	4	1	3	-3.03	-1
236	261	5921	4	0	4	-6.07	-1
236	262	4906	3	1	2	-1.52	-1
236	263	4154	3	3	0	4.55	1
236	264	4135	3	0	3	-4.55	-1
236	265	3980	3	1	2	-1.52	-1
236	266	3395	1	1	0	1.52	1
236	267	1885	1	0	1	-1.52	-1
237	238	11470	4	0	4	-6.07	-1
237	239	11150	3	0	3	-4.55	-1
237	240	9890	3	2	1	1.52	1
237	241	9649	3	0	3	-4.55	-1
237	242	9626	3	3	0	4.55	1
237	243	8421	3	1	2	-1.52	-1
237	244	9429	3	2	1	1.52	1
237	245	8801	3	0	3	-4.55	-1
237	246	7809	3	1	2	-1.52	-1
237	247	6947	3	0	3	-4.55	-1
237	248	6752	3	3	0	4.55	1
237	249	5095	3	2	1	1.52	1
237	250	4799	3	3	0	4.55	1
237	251	4426	3	0	3	-4.55	-1
237	252	3600	3	0	3	-4.55	-1
237	253	3392	3	2	1	1.52	1
237	254	3367	3	2	1	1.52	1
238	239	13067	4	4	0	6.07	1
238	240	13815	6	1	5	-6.07	-1
238	241	13383	6	4	2	3.03	1
238	242	18219	8	2	6	-6.07	-1
238	243	8421	3	2	1	1.52	1
238	244	17747	8	1	7	-9.10	-1
238	245	17394	8	8	0	12.13	1
238	246	14155	8	2	6	-6.07	-1
238	247	15540	8	7	1	9.10	1
238	248	15345	8	1	7	-9.10	-1
238	249	13688	8	7	1	9.10	1
238	250	13392	8	5	3	3.03	1
238	251	13019	8	7	1	9.10	1
238	252	12193	8	6	2	6.07	1
238	253	11985	8	2	6	-6.07	-1
238	254	11960	8	2	6	-6.07	-1
238	255	11390	5	5	0	7.58	1
238	256	10764	5	3	2	1.52	1
238	257	10272	5	2	3	-1.52	-1
238	258	10080	5	0	5	-7.58	-1
238	259	9351	5	4	1	4.55	1
238	260	9051	5	4	1	4.55	1
238	261	8488	5	4	1	4.55	1
238	262	7473	4	4	0	6.07	1
238	263	6721	4	2	2	0.00	1
238	264	6702	4	4	0	6.07	1
238	265	6547	4	0	4	-6.07	-1
238	266	5962	2	0	2	-3.03	-1
238	267	4452	2	2	0	3.03	1
238	268	4284	1	1	0	1.52	1
238	269	4072	1	1	0	1.52	1
238	270	3860	1	1	0	1.52	1
238	271	2687	1	0	1	-1.52	-1
239	240	11807	4	1	3	-3.03	-1
239	241	11566	4	4	0	6.07	1
239	242	11543	4	0	4	-6.07	-1
239	243	8421	3	3	0	4.55	1
239	244	11346	4	1	3	-3.03	-1
239	245	10718	4	4	0	6.07	1
239	246	9726	4	2	2	0.00	1
239	247	8864	4	3	1	3.03	1
239	248	8669	4	0	4	-6.07	-1
239	249	7012	4	3	1	3.03	1
239	250	6716	4	3	1	3.03	1
239	251	6343	4	3	1	3.03	1
239	252	5517	4	3	1	3.03	1
239	253	5309	4	1	3	-3.03	-1
239	254	5284	4	0	4	-6.07	-1
239	255	4714	1	1	0	1.52	1
239	256	4088	1	1	0	1.52	1
239	257	3596	1	0	1	-1.52	-1
239	258	3404	1	0	1	-1.52	-1
239	259	2675	1	1	0	1.52	1
239	260	2375	1	0	1	-1.52	-1
239	261	1812	1	1	0	1.52	1
240	241	13383	6	3	3	0.00	1
240	242	13551	6	6	0	9.10	1
240	243	8421	3	0	3	-4.55	-1
240	244	13354	6	4	2	3.03	1
240	245	12726	6	1	5	-6.07	-1
240	246	11734	6	3	3	0.00	1
240	247	10872	6	0	6	-9.10	-1
240	248	10677	6	4	2	3.03	1
240	249	9020	6	2	4	-3.03	-1
240	250	8724	6	0	6	-9.10	-1
240	251	8351	6	2	4	-3.03	-1
240	252	7525	6	0	6	-9.10	-1
240	253	7317	6	6	0	9.10	1
240	254	7292	6	5	1	6.07	1
240	255	6722	3	1	2	-1.52	-1
240	256	6096	3	0	3	-4.55	-1
240	257	5604	3	3	0	4.55	1
240	258	5412	3	2	1	1.52	1
240	259	4683	3	0	3	-4.55	-1
240	260	4383	3	1	2	-1.52	-1
240	261	3820	3	1	2	-1.52	-1
240	262	2805	2	0	2	-3.03	-1
240	263	2053	2	2	0	3.03	1
240	264	2034	2	0	2	-3.03	-1
240	265	1879	2	2	0	3.03	1
241	242	13360	6	0	6	-9.10	-1
241	243	8421	3	2	1	1.52	1
241	244	13163	6	0	6	-9.10	-1
241	245	12535	6	5	1	6.07	1
241	246	11543	6	3	3	0.00	1
241	247	10681	6	6	0	9.10	1
241	248	10486	6	1	5	-6.07	-1
241	249	8829	6	4	2	3.03	1
241	250	8533	6	5	1	6.07	1
241	251	8160	6	6	0	9.10	1
241	252	7334	6	6	0	9.10	1
241	253	7126	6	0	6	-9.10	-1
241	254	7101	6	0	6	-9.10	-1
241	255	6531	3	3	0	4.55	1
241	256	5905	3	2	1	1.52	1
241	257	5413	3	1	2	-1.52	-1
241	258	5221	3	1	2	-1.52	-1
241	259	4492	3	2	1	1.52	1
241	260	4192	3	2	1	1.52	1
241	261	3629	3	2	1	1.52	1
241	262	2614	2	2	0	3.03	1
241	263	1862	2	0	2	-3.03	-1
241	264	1843	2	2	0	3.03	1
241	265	1688	2	0	2	-3.03	-1
242	243	8421	3	0	3	-4.55	-1
242	244	17747	8	6	2	6.07	1
242	245	19817	9	2	7	-7.58	-1
242	246	14155	8	7	1	9.10	1
242	247	19583	15	2	13	-16.68	-1
242	248	16986	9	8	1	10.61	1
242	249	17731	15	4	11	-10.61	-1
242	250	17249	15	0	15	-22.75	-1
242	251	16444	15	2	13	-16.68	-1
242	252	13170	9	3	6	-4.55	-1
242	253	13270	9	8	1	10.61	1
242	254	16003	15	14	1	19.71	1
242	255	15433	12	3	9	-9.10	-1
242	256	14807	12	1	11	-15.16	-1
242	257	14315	12	9	3	9.10	1
242	258	14123	12	8	4	6.07	1
242	259	13394	12	4	8	-6.07	-1
242	260	13094	12	1	11	-15.16	-1
242	261	12531	12	2	10	-12.13	-1
242	262	11516	11	2	9	-10.61	-1
242	263	10764	11	9	2	10.61	1
242	264	10745	11	0	11	-16.68	-1
242	265	10590	11	9	2	10.61	1
242	266	10005	9	7	2	7.58	1
242	267	8495	9	0	9	-13.65	-1
242	268	8327	8	1	7	-9.10	-1
242	269	8115	8	2	6	-6.07	-1
242	270	7903	8	3	5	-3.03	-1
242	271	6730	8	7	1	9.10	1
242	272	6421	7	3	4	-1.52	-1
242	273	5061	7	5	2	4.55	1
242	274	4143	7	1	6	-7.58	-1
242	275	4034	7	7	0	10.61	1
242	276	3601	7	3	4	-1.52	-1
242	277	3357	7	0	7	-10.61	-1
242	278	2562	6	4	2	3.03	1
242	279	2144	6	1	5	-6.07	-1
242	280	789	1	1	0	1.52	1
243	244	8372	3	0	3	-4.55	-1
243	245	7744	3	3	0	4.55	1
243	246	6752	3	0	3	-4.55	-1
243	247	5890	3	3	0	4.55	1
243	248	5695	3	0	3	-4.55	-1
243	249	4038	3	1	2	-1.52	-1
243	250	3742	3	2	1	1.52	1
243	251	3369	3	3	0	4.55	1
243	252	2543	3	3	0	4.55	1
243	253	2335	3	0	3	-4.55	-1
243	254	2310	3	1	2	-1.52	-1
244	245	17119	8	0	8	-12.13	-1
244	246	14155	8	6	2	6.07	1
244	247	15265	8	1	7	-9.10	-1
244	248	15070	8	5	3	3.03	1
244	249	13413	8	2	6	-6.07	-1
244	250	13117	8	1	7	-9.10	-1
244	251	12744	8	1	7	-9.10	-1
244	252	11918	8	0	8	-12.13	-1
244	253	11710	8	7	1	9.10	1
244	254	11685	8	7	1	9.10	1
244	255	11115	5	0	5	-7.58	-1
244	256	10489	5	2	3	-1.52	-1
244	257	9997	5	4	1	4.55	1
244	258	9805	5	5	0	7.58	1
244	259	9076	5	3	2	1.52	1
244	260	8776	5	0	5	-7.58	-1
244	261	8213	5	1	4	-4.55	-1
244	262	7198	4	0	4	-6.07	-1
244	263	6446	4	2	2	0.00	1
244	264	6427	4	0	4	-6.07	-1
244	265	6272	4	3	1	3.03	1
244	266	5687	2	2	0	3.03	1
244	267	4177	2	0	2	-3.03	-1
244	268	4009	1	0	1	-1.52	-1
244	269	3797	1	0	1	-1.52	-1
244	270	3585	1	0	1	-1.52	-1
244	271	2412	1	0	1	-1.52	-1
245	246	14155	8	0	8	-12.13	-1
245	247	17963	9	8	1	10.61	1
245	248	16986	9	2	7	-7.58	-1
245	249	16111	9	6	3	4.55	1
245	250	15815	9	8	1	10.61	1
245	251	15442	9	8	1	10.61	1
245	252	13170	9	6	3	4.55	1
245	253	13270	9	3	6	-4.55	-1
245	254	14383	9	4	5	-1.52	-1
245	255	13813	6	6	0	9.10	1
245	256	13187	6	6	0	9.10	1
245	257	12695	6	0	6	-9.10	-1
245	258	12503	6	0	6	-9.10	-1
245	259	11774	6	5	1	6.07	1
245	260	11474	6	4	2	3.03	1
245	261	10911	6	4	2	3.03	1
245	262	9896	5	5	0	7.58	1
245	263	9144	5	0	5	-7.58	-1
245	264	9125	5	3	2	1.52	1
245	265	8970	5	1	4	-4.55	-1
245	266	8385	3	0	3	-4.55	-1
245	267	6875	3	2	1	1.52	1
245	268	6707	2	1	1	0.00	1
245	269	6495	2	2	0	3.03	1
245	270	6283	2	0	2	-3.03	-1
245	271	5110	2	0	2	-3.03	-1
245	272	4801	1	1	0	1.52	1
245	273	3441	1	0	1	-1.52	-1
245	274	2523	1	1	0	1.52	1
245	275	2414	1	0	1	-1.52	-1
245	276	1981	1	0	1	-1.52	-1
245	277	1737	1	1	0	1.52	1
246	247	13293	8	0	8	-12.13	-1
246	248	13098	8	8	0	12.13	1
246	249	11441	8	2	6	-6.07	-1
246	250	11145	8	1	7	-9.10	-1
246	251	10772	8	1	7	-9.10	-1
246	252	9946	8	0	8	-12.13	-1
246	253	9738	8	8	0	12.13	1
246	254	9713	8	3	5	-3.03	-1
246	255	9143	5	0	5	-7.58	-1
246	256	8517	5	1	4	-4.55	-1
246	257	8025	5	4	1	4.55	1
246	258	7833	5	3	2	1.52	1
246	259	7104	5	1	4	-4.55	-1
246	260	6804	5	1	4	-4.55	-1
246	261	6241	5	0	5	-7.58	-1
246	262	5226	4	0	4	-6.07	-1
246	263	4474	4	3	1	3.03	1
246	264	4455	4	0	4	-6.07	-1
246	265	4300	4	4	0	6.07	1
246	266	3715	2	2	0	3.03	1
246	267	2205	2	0	2	-3.03	-1
246	268	2037	1	0	1	-1.52	-1
246	269	1825	1	0	1	-1.52	-1
246	270	1613	1	0	1	-1.52	-1
246	271	440	1	1	0	1.52	1
247	248	16986	9	1	8	-10.61	-1
247	249	18744	15	8	7	1.52	1
247	250	17249	15	13	2	16.68	1
247	251	16444	15	11	4	10.61	1
247	252	13170	9	7	2	7.58	1
247	253	13270	9	1	8	-10.61	-1
247	254	16812	15	2	13	-16.68	-1
247	255	16446	12	11	1	15.16	1
247	256	15820	12	9	3	9.10	1
247	257	15328	12	2	10	-12.13	-1
247	258	15136	12	2	10	-12.13	-1
247	259	14407	12	11	1	15.16	1
247	260	14107	12	12	0	18.20	1
247	261	13544	12	10	2	12.13	1
247	262	12529	11	9	2	10.61	1
247	263	11777	11	3	8	-7.58	-1
247	264	11758	11	8	3	7.58	1
247	265	11603	11	6	5	1.52	1
247	266	11018	9	2	7	-7.58	-1
247	267	9508	9	7	2	7.58	1
247	268	9340	8	7	1	9.10	1
247	269	9128	8	7	1	9.10	1
247	270	8916	8	8	0	12.13	1
247	271	7743	8	0	8	-12.13	-1
247	272	7434	7	7	0	10.61	1
247	273	6074	7	1	6	-7.58	-1
247	274	5156	7	7	0	10.61	1
247	275	5047	7	1	6	-7.58	-1
247	276	4614	7	1	6	-7.58	-1
247	277	4370	7	6	1	7.58	1
247	278	3575	6	1	5	-6.07	-1
247	279	3157	6	6	0	9.10	1
247	280	1802	1	0	1	-1.52	-1
248	249	15329	9	3	6	-4.55	-1
248	250	15033	9	0	9	-13.65	-1
248	251	14660	9	2	7	-7.58	-1
248	252	13170	9	1	8	-10.61	-1
248	253	13270	9	7	2	7.58	1
248	254	13601	9	9	0	13.65	1
248	255	13031	6	1	5	-6.07	-1
248	256	12405	6	1	5	-6.07	-1
248	257	11913	6	5	1	6.07	1
248	258	11721	6	6	0	9.10	1
248	259	10992	6	2	4	-3.03	-1
248	260	10692	6	3	3	0.00	1
248	261	10129	6	1	5	-6.07	-1
248	262	9114	5	0	5	-7.58	-1
248	263	8362	5	4	1	4.55	1
248	264	8343	5	1	4	-4.55	-1
248	265	8188	5	5	0	7.58	1
248	266	7603	3	2	1	1.52	1
248	267	6093	3	0	3	-4.55	-1
248	268	5925	2	1	1	0.00	1
248	269	5713	2	1	1	0.00	1
248	270	5501	2	0	2	-3.03	-1
248	271	4328	2	2	0	3.03	1
248	272	4019	1	1	0	1.52	1
248	273	2659	1	0	1	-1.52	-1
248	274	1741	1	0	1	-1.52	-1
248	275	1632	1	1	0	1.52	1
248	276	1199	1	1	0	1.52	1
248	277	955	1	1	0	1.52	1
249	250	17249	15	13	2	16.68	1
249	251	16444	15	13	2	16.68	1
249	252	13170	9	7	2	7.58	1
249	253	13270	9	2	7	-7.58	-1
249	254	16812	15	3	12	-13.65	-1
249	255	17961	13	10	3	10.61	1
249	256	17335	13	12	1	16.68	1
249	257	16843	13	3	10	-10.61	-1
249	258	16651	13	2	11	-13.65	-1
249	259	15922	13	13	0	19.71	1
249	260	15622	13	12	1	16.68	1
249	261	15059	13	10	3	10.61	1
249	262	14044	12	8	4	6.07	1
249	263	13292	12	2	10	-12.13	-1
249	264	11870	11	9	2	10.61	1
249	265	13118	12	1	11	-15.16	-1
249	266	12533	10	1	9	-12.13	-1
249	267	11023	10	9	1	12.13	1
249	268	10855	9	9	0	13.65	1
249	269	10643	9	7	2	7.58	1
249	270	10431	9	8	1	10.61	1
249	271	9258	9	1	8	-10.61	-1
249	272	8949	8	8	0	12.13	1
249	273	7589	8	0	8	-12.13	-1
249	274	6671	8	7	1	9.10	1
249	275	6562	8	2	6	-6.07	-1
249	276	6129	8	2	6	-6.07	-1
249	277	5885	8	8	0	12.13	1
249	278	5090	7	2	5	-4.55	-1
249	279	4672	7	6	1	7.58	1
249	280	3317	2	0	2	-3.03	-1
249	281	3272	1	1	0	1.52	1
249	282	3252	1	0	1	-1.52	-1
249	283	1768	1	1	0	1.52	1
250	251	16444	15	12	3	13.65	1
250	252	13170	9	9	0	13.65	1
250	253	13270	9	1	8	-10.61	-1
250	254	15817	15	3	12	-13.65	-1
250	255	15247	12	10	2	12.13	1
250	256	14621	12	8	4	6.07	1
250	257	14129	12	3	9	-9.10	-1
250	258	13937	12	2	10	-12.13	-1
250	259	13208	12	11	1	15.16	1
250	260	12908	12	11	1	15.16	1
250	261	12345	12	8	4	6.07	1
250	262	11330	11	10	1	13.65	1
250	263	10578	11	1	10	-13.65	-1
250	264	10559	11	9	2	10.61	1
250	265	10404	11	1	10	-13.65	-1
250	266	9819	9	0	9	-13.65	-1
250	267	8309	9	8	1	10.61	1
250	268	8141	8	7	1	9.10	1
250	269	7929	8	8	0	12.13	1
250	270	7717	8	5	3	3.03	1
250	271	6544	8	1	7	-9.10	-1
250	272	6235	7	6	1	7.58	1
250	273	4875	7	2	5	-4.55	-1
250	274	3957	7	7	0	10.61	1
250	275	3848	7	3	4	-1.52	-1
250	276	3415	7	0	7	-10.61	-1
250	277	3171	7	7	0	10.61	1
250	278	2376	6	1	5	-6.07	-1
250	279	1958	6	5	1	6.07	1
250	280	603	1	0	1	-1.52	-1
251	252	13170	9	6	3	4.55	1
251	253	13270	9	1	8	-10.61	-1
251	254	15385	15	3	12	-13.65	-1
251	255	14815	12	10	2	12.13	1
251	256	14189	12	10	2	12.13	1
251	257	13697	12	3	9	-9.10	-1
251	258	13505	12	1	11	-15.16	-1
251	259	12776	12	11	1	15.16	1
251	260	12476	12	11	1	15.16	1
251	261	11913	12	11	1	15.16	1
251	262	10898	11	8	3	7.58	1
251	263	10146	11	3	8	-7.58	-1
251	264	10127	11	8	3	7.58	1
251	265	9972	11	2	9	-10.61	-1
251	266	9387	9	2	7	-7.58	-1
251	267	7877	9	6	3	4.55	1
251	268	7709	8	7	1	9.10	1
251	269	7497	8	8	0	12.13	1
251	270	7285	8	5	3	3.03	1
251	271	6112	8	2	6	-6.07	-1
251	272	5803	7	5	2	4.55	1
251	273	4443	7	2	5	-4.55	-1
251	274	3525	7	5	2	4.55	1
251	275	3416	7	0	7	-10.61	-1
251	276	2983	7	1	6	-7.58	-1
251	277	2739	7	4	3	1.52	1
251	278	1944	6	0	6	-9.10	-1
251	279	1526	6	4	2	3.03	1
251	280	171	1	0	1	-1.52	-1
252	253	12962	9	0	9	-13.65	-1
252	254	12937	9	2	7	-7.58	-1
252	255	12367	6	4	2	3.03	1
252	256	11741	6	5	1	6.07	1
252	257	11249	6	0	6	-9.10	-1
252	258	11057	6	1	5	-6.07	-1
252	259	10328	6	4	2	3.03	1
252	260	10028	6	4	2	3.03	1
252	261	9465	6	6	0	9.10	1
252	262	8450	5	4	1	4.55	1
252	263	7698	5	1	4	-4.55	-1
252	264	7679	5	5	0	7.58	1
252	265	7524	5	0	5	-7.58	-1
252	266	6939	3	0	3	-4.55	-1
252	267	5429	3	2	1	1.52	1
252	268	5261	2	2	0	3.03	1
252	269	5049	2	2	0	3.03	1
252	270	4837	2	2	0	3.03	1
252	271	3664	2	0	2	-3.03	-1
252	272	3355	1	0	1	-1.52	-1
252	273	1995	1	0	1	-1.52	-1
252	274	1077	1	0	1	-1.52	-1
252	275	968	1	0	1	-1.52	-1
252	276	535	1	1	0	1.52	1
252	277	291	1	1	0	1.52	1
253	254	13245	9	6	3	4.55	1
253	255	12675	6	0	6	-9.10	-1
253	256	12049	6	0	6	-9.10	-1
253	257	11557	6	6	0	9.10	1
253	258	11365	6	5	1	6.07	1
253	259	10636	6	0	6	-9.10	-1
253	260	10336	6	1	5	-6.07	-1
253	261	9773	6	2	4	-3.03	-1
253	262	8758	5	1	4	-4.55	-1
253	263	8006	5	3	2	1.52	1
253	264	7987	5	1	4	-4.55	-1
253	265	7832	5	3	2	1.52	1
253	266	7247	3	3	0	4.55	1
253	267	5737	3	0	3	-4.55	-1
253	268	5569	2	0	2	-3.03	-1
253	269	5357	2	0	2	-3.03	-1
253	270	5145	2	0	2	-3.03	-1
253	271	3972	2	2	0	3.03	1
253	272	3663	1	0	1	-1.52	-1
253	273	2303	1	1	0	1.52	1
253	274	1385	1	0	1	-1.52	-1
253	275	1276	1	1	0	1.52	1
253	276	843	1	1	0	1.52	1
253	277	599	1	0	1	-1.52	-1
254	255	16242	12	2	10	-12.13	-1
254	256	15616	12	4	8	-6.07	-1
254	257	15124	12	10	2	12.13	1
254	258	14932	12	12	0	18.20	1
254	259	14203	12	3	9	-9.10	-1
254	260	13903	12	2	10	-12.13	-1
254	261	13340	12	3	9	-9.10	-1
254	262	12325	11	3	8	-7.58	-1
254	263	11573	11	10	1	13.65	1
254	264	11554	11	2	9	-10.61	-1
254	265	11399	11	10	1	13.65	1
254	266	10814	9	7	2	7.58	1
254	267	9304	9	3	6	-4.55	-1
254	268	9136	8	2	6	-6.07	-1
254	269	8924	8	1	7	-9.10	-1
254	270	8712	8	0	8	-12.13	-1
254	271	7539	8	6	2	6.07	1
254	272	7230	7	1	6	-7.58	-1
254	273	5870	7	7	0	10.61	1
254	274	4952	7	4	3	1.52	1
254	275	4843	7	7	0	10.61	1
254	276	4410	7	6	1	7.58	1
254	277	4166	7	2	5	-4.55	-1
254	278	3371	6	6	0	9.10	1
254	279	2953	6	1	5	-6.07	-1
254	280	1598	1	1	0	1.52	1
255	256	18973	15	12	3	13.65	1
255	257	18481	15	1	14	-19.71	-1
255	258	18289	15	2	13	-16.68	-1
255	259	17560	15	12	3	13.65	1
255	260	17260	15	12	3	13.65	1
255	261	16697	15	14	1	19.71	1
255	262	15682	14	14	0	21.23	1
255	263	14930	14	1	13	-18.20	-1
255	264	11870	11	9	2	10.61	1
255	265	14570	14	5	9	-6.07	-1
255	266	14171	12	3	9	-9.10	-1
255	267	12661	12	12	0	18.20	1
255	268	12493	11	7	4	4.55	1
255	269	12281	11	10	1	13.65	1
255	270	12069	11	10	1	13.65	1
255	271	10896	11	1	10	-13.65	-1
255	272	10587	10	8	2	9.10	1
255	273	9227	10	1	9	-12.13	-1
255	274	8309	10	7	3	6.07	1
255	275	8200	10	3	7	-6.07	-1
255	276	7767	10	1	9	-12.13	-1
255	277	7523	10	9	1	12.13	1
255	278	6728	9	1	8	-10.61	-1
255	279	6310	9	7	2	7.58	1
255	280	4955	4	1	3	-3.03	-1
255	281	4910	3	2	1	1.52	1
255	282	4890	3	1	2	-1.52	-1
255	283	3406	3	3	0	4.55	1
255	284	2104	2	0	2	-3.03	-1
255	285	1944	2	2	0	3.03	1
255	286	1380	2	0	2	-3.03	-1
255	287	741	1	1	0	1.52	1
255	288	428	1	1	0	1.52	1
256	257	18681	15	1	14	-19.71	-1
256	258	18489	15	2	13	-16.68	-1
256	259	17760	15	13	2	16.68	1
256	260	17460	15	14	1	19.71	1
256	261	16897	15	14	1	19.71	1
256	262	15882	14	9	5	6.07	1
256	263	15130	14	4	10	-9.10	-1
256	264	11870	11	9	2	10.61	1
256	265	14570	14	2	12	-15.16	-1
256	266	14371	12	0	12	-18.20	-1
256	267	12861	12	9	3	9.10	1
256	268	12693	11	9	2	10.61	1
256	269	12481	11	8	3	7.58	1
256	270	12269	11	10	1	13.65	1
256	271	11096	11	0	11	-16.68	-1
256	272	10787	10	7	3	6.07	1
256	273	9427	10	1	9	-12.13	-1
256	274	8509	10	6	4	3.03	1
256	275	8400	10	4	6	-3.03	-1
256	276	7967	10	2	8	-9.10	-1
256	277	7723	10	9	1	12.13	1
256	278	6928	9	1	8	-10.61	-1
256	279	6510	9	8	1	10.61	1
256	280	5155	4	1	3	-3.03	-1
256	281	5110	3	3	0	4.55	1
256	282	5090	3	1	2	-1.52	-1
256	283	3606	3	3	0	4.55	1
256	284	2304	2	0	2	-3.03	-1
256	285	2144	2	2	0	3.03	1
256	286	1580	2	0	2	-3.03	-1
256	287	941	1	0	1	-1.52	-1
256	288	628	1	1	0	1.52	1
257	258	21960	18	15	3	18.20	1
257	259	21231	18	5	13	-12.13	-1
257	260	18261	15	3	12	-13.65	-1
257	261	20368	18	1	17	-24.26	-1
257	262	19353	17	5	12	-10.61	-1
257	263	18601	17	14	3	16.68	1
257	264	11870	11	3	8	-7.58	-1
257	265	14570	14	10	4	9.10	1
257	266	17842	15	12	3	13.65	1
257	267	16332	15	3	12	-13.65	-1
257	268	16164	14	1	13	-18.20	-1
257	269	15258	14	3	11	-12.13	-1
257	270	15740	14	1	13	-18.20	-1
257	271	13334	13	12	1	16.68	1
257	272	13744	13	5	8	-4.55	-1
257	273	12898	13	13	0	19.71	1
257	274	11980	13	3	10	-10.61	-1
257	275	11871	13	8	5	4.55	1
257	276	11438	13	10	3	10.61	1
257	277	11194	13	2	11	-13.65	-1
257	278	10399	12	11	1	15.16	1
257	279	9981	12	2	10	-12.13	-1
257	280	8626	7	7	0	10.61	1
257	281	8581	6	1	5	-6.07	-1
257	282	8561	6	6	0	9.10	1
257	283	7077	6	2	4	-3.03	-1
257	284	5775	5	5	0	7.58	1
257	285	5615	5	0	5	-7.58	-1
257	286	5051	5	5	0	7.58	1
257	287	4412	4	0	4	-6.07	-1
257	288	4099	4	0	4	-6.07	-1
257	289	3869	3	2	1	1.52	1
257	290	3793	3	1	2	-1.52	-1
257	291	3275	3	3	0	4.55	1
257	292	3260	3	2	1	1.52	1
257	293	2770	3	2	1	1.52	1
257	294	1143	1	0	1	-1.52	-1
257	295	905	1	0	1	-1.52	-1
258	259	23005	19	1	18	-25.78	-1
258	260	18261	15	3	12	-13.65	-1
258	261	23758	19	8	11	-4.55	-1
258	262	22254	18	3	15	-18.20	-1
258	263	20681	18	13	5	12.13	1
258	264	11870	11	1	10	-13.65	-1
258	265	14570	14	10	4	9.10	1
258	266	21232	16	12	4	12.13	1
258	267	19455	16	0	16	-24.26	-1
258	268	19554	15	0	15	-22.75	-1
258	269	15258	14	1	13	-18.20	-1
258	270	17366	15	4	11	-10.61	-1
258	271	13334	13	10	3	10.61	1
258	272	13744	13	3	10	-10.61	-1
258	273	16288	14	13	1	18.20	1
258	274	15370	14	3	11	-12.13	-1
258	275	15261	14	11	3	12.13	1
258	276	13615	14	12	2	15.16	1
258	277	14584	14	2	12	-15.16	-1
258	278	13789	13	11	2	13.65	1
258	279	13096	13	0	13	-19.71	-1
258	280	12016	8	6	2	6.07	1
258	281	11971	7	1	6	-7.58	-1
258	282	11951	7	4	3	1.52	1
258	283	10467	7	1	6	-7.58	-1
258	284	9165	6	5	1	6.07	1
258	285	9005	6	2	4	-3.03	-1
258	286	8441	6	3	3	0.00	1
258	287	7802	5	1	4	-4.55	-1
258	288	7489	5	1	4	-4.55	-1
258	289	7259	4	4	0	6.07	1
258	290	7183	4	4	0	6.07	1
258	291	6665	4	3	1	3.03	1
258	292	6650	4	4	0	6.07	1
258	293	6160	4	4	0	6.07	1
258	294	4533	2	1	1	0.00	1
258	295	4295	2	0	2	-3.03	-1
258	296	4093	1	1	0	1.52	1
259	260	18261	15	14	1	19.71	1
259	261	22142	19	16	3	19.71	1
259	262	21127	18	13	5	12.13	1
259	263	20375	18	2	16	-21.23	-1
259	264	11870	11	10	1	13.65	1
259	265	14570	14	2	12	-15.16	-1
259	266	19616	16	6	10	-6.07	-1
259	267	18106	16	13	3	15.16	1
259	268	17938	15	10	5	7.58	1
259	269	15258	14	11	3	12.13	1
259	270	17366	15	11	4	10.61	1
259	271	13334	13	4	9	-7.58	-1
259	272	13744	13	10	3	10.61	1
259	273	14672	14	4	10	-9.10	-1
259	274	13754	14	13	1	18.20	1
259	275	13645	14	1	13	-18.20	-1
259	276	13212	14	4	10	-9.10	-1
259	277	12968	14	8	6	3.03	1
259	278	12173	13	2	11	-13.65	-1
259	279	11755	13	11	2	13.65	1
259	280	10400	8	1	7	-9.10	-1
259	281	10355	7	6	1	7.58	1
259	282	10335	7	1	6	-7.58	-1
259	283	8851	7	7	0	10.61	1
259	284	7549	6	2	4	-3.03	-1
259	285	7389	6	4	2	3.03	1
259	286	6825	6	0	6	-9.10	-1
259	287	6186	5	3	2	1.52	1
259	288	5873	5	3	2	1.52	1
259	289	5643	4	1	3	-3.03	-1
259	290	5567	4	0	4	-6.07	-1
259	291	5049	4	1	3	-3.03	-1
259	292	5034	4	1	3	-3.03	-1
259	293	4544	4	1	3	-3.03	-1
259	294	2917	2	1	1	0.00	1
259	295	2679	2	2	0	3.03	1
259	296	2477	1	0	1	-1.52	-1
260	261	17698	15	13	2	16.68	1
260	262	16683	14	10	4	9.10	1
260	263	15931	14	3	11	-12.13	-1
260	264	11870	11	8	3	7.58	1
260	265	14570	14	2	12	-15.16	-1
260	266	15172	12	0	12	-18.20	-1
260	267	13662	12	9	3	9.10	1
260	268	13494	11	11	0	16.68	1
260	269	13282	11	9	2	10.61	1
260	270	13070	11	10	1	13.65	1
260	271	11897	11	3	8	-7.58	-1
260	272	11588	10	9	1	12.13	1
260	273	10228	10	3	7	-6.07	-1
260	274	9310	10	9	1	12.13	1
260	275	9201	10	0	10	-15.16	-1
260	276	8768	10	1	9	-12.13	-1
260	277	8524	10	10	0	15.16	1
260	278	7729	9	2	7	-7.58	-1
260	279	7311	9	9	0	13.65	1
260	280	5956	4	0	4	-6.07	-1
260	281	5911	3	2	1	1.52	1
260	282	5891	3	0	3	-4.55	-1
260	283	4407	3	2	1	1.52	1
260	284	3105	2	0	2	-3.03	-1
260	285	2945	2	2	0	3.03	1
260	286	2381	2	0	2	-3.03	-1
260	287	1742	1	1	0	1.52	1
260	288	1429	1	1	0	1.52	1
261	262	22254	18	14	4	15.16	1
261	263	20681	18	6	12	-9.10	-1
261	264	11870	11	9	2	10.61	1
261	265	14570	14	2	12	-15.16	-1
261	266	22169	16	2	14	-18.20	-1
261	267	19455	16	14	2	18.20	1
261	268	20733	15	10	5	7.58	1
261	269	15258	14	10	4	9.10	1
261	270	17366	15	14	1	19.71	1
261	271	13334	13	3	10	-10.61	-1
261	272	13744	13	10	3	10.61	1
261	273	17291	14	4	10	-9.10	-1
261	274	16959	14	11	3	12.13	1
261	275	16850	14	4	10	-9.10	-1
261	276	13615	14	2	12	-15.16	-1
261	277	16173	14	10	4	9.10	1
261	278	15323	13	2	11	-13.65	-1
261	279	13096	13	12	1	16.68	1
261	280	13605	8	1	7	-9.10	-1
261	281	13560	7	6	1	7.58	1
261	282	13540	7	2	5	-4.55	-1
261	283	12056	7	6	1	7.58	1
261	284	10754	6	0	6	-9.10	-1
261	285	10594	6	5	1	6.07	1
261	286	10030	6	0	6	-9.10	-1
261	287	9391	5	4	1	4.55	1
261	288	9078	5	4	1	4.55	1
261	289	8848	4	1	3	-3.03	-1
261	290	8772	4	0	4	-6.07	-1
261	291	8254	4	0	4	-6.07	-1
261	292	8239	4	0	4	-6.07	-1
261	293	7749	4	1	3	-3.03	-1
261	294	6122	2	1	1	0.00	1
261	295	5884	2	2	0	3.03	1
261	296	5682	1	1	0	1.52	1
262	263	20681	18	5	13	-12.13	-1
262	264	11870	11	10	1	13.65	1
262	265	14570	14	1	13	-18.20	-1
262	266	20743	16	2	14	-18.20	-1
262	267	19233	16	14	2	18.20	1
262	268	19065	15	12	3	13.65	1
262	269	15258	14	13	1	18.20	1
262	270	17366	15	14	1	19.71	1
262	271	13334	13	2	11	-13.65	-1
262	272	13744	13	12	1	16.68	1
262	273	15799	14	3	11	-12.13	-1
262	274	14881	14	10	4	9.10	1
262	275	14772	14	2	12	-15.16	-1
262	276	13615	14	3	11	-12.13	-1
262	277	14095	14	12	2	15.16	1
262	278	13300	13	2	11	-13.65	-1
262	279	12882	13	11	2	13.65	1
262	280	11527	8	2	6	-6.07	-1
262	281	11482	7	7	0	10.61	1
262	282	11462	7	0	7	-10.61	-1
262	283	9978	7	5	2	4.55	1
262	284	8676	6	3	3	0.00	1
262	285	8516	6	5	1	6.07	1
262	286	7952	6	1	5	-6.07	-1
262	287	7313	5	5	0	7.58	1
262	288	7000	5	4	1	4.55	1
262	289	6770	4	1	3	-3.03	-1
262	290	6694	4	1	3	-3.03	-1
262	291	6176	4	2	2	0.00	1
262	292	6161	4	2	2	0.00	1
262	293	5671	4	0	4	-6.07	-1
262	294	4044	2	2	0	3.03	1
262	295	3806	2	2	0	3.03	1
262	296	3604	1	0	1	-1.52	-1
263	264	11870	11	3	8	-7.58	-1
263	265	14570	14	11	3	12.13	1
263	266	19922	16	13	3	15.16	1
263	267	18412	16	2	14	-18.20	-1
263	268	18244	15	2	13	-16.68	-1
263	269	15258	14	3	11	-12.13	-1
263	270	17366	15	2	13	-16.68	-1
263	271	13334	13	13	0	19.71	1
263	272	13744	13	2	11	-13.65	-1
263	273	14978	14	10	4	9.10	1
263	274	14060	14	2	12	-15.16	-1
263	275	13951	14	12	2	15.16	1
263	276	13518	14	12	2	15.16	1
263	277	13274	14	0	14	-21.23	-1
263	278	12479	13	10	3	10.61	1
263	279	12061	13	2	11	-13.65	-1
263	280	10706	8	7	1	9.10	1
263	281	10661	7	3	4	-1.52	-1
263	282	10641	7	4	3	1.52	1
263	283	9157	7	2	5	-4.55	-1
263	284	7855	6	6	0	9.10	1
263	285	7695	6	2	4	-3.03	-1
263	286	7131	6	4	2	3.03	1
263	287	6492	5	2	3	-1.52	-1
263	288	6179	5	1	4	-4.55	-1
263	289	5949	4	4	0	6.07	1
263	290	5873	4	4	0	6.07	1
263	291	5355	4	4	0	6.07	1
263	292	5340	4	4	0	6.07	1
263	293	4850	4	4	0	6.07	1
263	294	3223	2	1	1	0.00	1
263	295	2985	2	0	2	-3.03	-1
263	296	2783	1	1	0	1.52	1
264	265	11715	11	2	9	-10.61	-1
264	266	11130	9	0	9	-13.65	-1
264	267	9620	9	5	4	1.52	1
264	268	9452	8	7	1	9.10	1
264	269	9240	8	7	1	9.10	1
264	270	9028	8	7	1	9.10	1
264	271	7855	8	1	7	-9.10	-1
264	272	7546	7	6	1	7.58	1
264	273	6186	7	0	7	-10.61	-1
264	274	5268	7	7	0	10.61	1
264	275	5159	7	0	7	-10.61	-1
264	276	4726	7	0	7	-10.61	-1
264	277	4482	7	6	1	7.58	1
264	278	3687	6	1	5	-6.07	-1
264	279	3269	6	5	1	6.07	1
264	280	1914	1	0	1	-1.52	-1
265	266	13985	12	10	2	12.13	1
265	267	12475	12	1	11	-15.16	-1
265	268	12307	11	3	8	-7.58	-1
265	269	12095	11	1	10	-13.65	-1
265	270	11883	11	5	6	-1.52	-1
265	271	10710	11	8	3	7.58	1
265	272	10401	10	2	8	-9.10	-1
265	273	9041	10	7	3	6.07	1
265	274	8123	10	1	9	-12.13	-1
265	275	8014	10	9	1	12.13	1
265	276	7581	10	6	4	3.03	1
265	277	7337	10	1	9	-12.13	-1
265	278	6542	9	7	2	7.58	1
265	279	6124	9	3	6	-4.55	-1
265	280	4769	4	2	2	0.00	1
265	281	4724	3	1	2	-1.52	-1
265	282	4704	3	2	1	1.52	1
265	283	3220	3	0	3	-4.55	-1
265	284	1918	2	2	0	3.03	1
265	285	1758	2	1	1	0.00	1
265	286	1194	2	1	1	0.00	1
265	287	555	1	0	1	-1.52	-1
265	288	242	1	0	1	-1.52	-1
266	267	19455	16	2	14	-18.20	-1
266	268	20491	15	0	15	-22.75	-1
266	269	15258	14	4	10	-9.10	-1
266	270	17366	15	3	12	-13.65	-1
266	271	13334	13	11	2	13.65	1
266	272	13744	13	2	11	-13.65	-1
266	273	17225	14	12	2	15.16	1
266	274	16307	14	3	11	-12.13	-1
266	275	16198	14	12	2	15.16	1
266	276	13615	14	10	4	9.10	1
266	277	15521	14	3	11	-12.13	-1
266	278	14726	13	11	2	13.65	1
266	279	13096	13	0	13	-19.71	-1
266	280	12953	8	8	0	12.13	1
266	281	12908	7	1	6	-7.58	-1
266	282	12888	7	5	2	4.55	1
266	283	11404	7	0	7	-10.61	-1
266	284	10102	6	4	2	3.03	1
266	285	9942	6	1	5	-6.07	-1
266	286	9378	6	4	2	3.03	1
266	287	8739	5	0	5	-7.58	-1
266	288	8426	5	1	4	-4.55	-1
266	289	8196	4	4	0	6.07	1
266	290	8120	4	4	0	6.07	1
266	291	7602	4	2	2	0.00	1
266	292	7587	4	3	1	3.03	1
266	293	7097	4	3	1	3.03	1
266	294	5470	2	0	2	-3.03	-1
266	295	5232	2	0	2	-3.03	-1
266	296	5030	1	1	0	1.52	1
267	268	19287	15	13	2	16.68	1
267	269	15258	14	11	3	12.13	1
267	270	17366	15	11	4	10.61	1
267	271	13334	13	2	11	-13.65	-1
267	272	13744	13	11	2	13.65	1
267	273	16021	14	3	11	-12.13	-1
267	274	15103	14	11	3	12.13	1
267	275	14994	14	1	13	-18.20	-1
267	276	13615	14	2	12	-15.16	-1
267	277	14317	14	13	1	18.20	1
267	278	13522	13	2	11	-13.65	-1
267	279	13096	13	11	2	13.65	1
267	280	11749	8	1	7	-9.10	-1
267	281	11704	7	5	2	4.55	1
267	282	11684	7	2	5	-4.55	-1
267	283	10200	7	7	0	10.61	1
267	284	8898	6	3	3	0.00	1
267	285	8738	6	5	1	6.07	1
267	286	8174	6	1	5	-6.07	-1
267	287	7535	5	3	2	1.52	1
267	288	7222	5	5	0	7.58	1
267	289	6992	4	0	4	-6.07	-1
267	290	6916	4	1	3	-3.03	-1
267	291	6398	4	1	3	-3.03	-1
267	292	6383	4	0	4	-6.07	-1
267	293	5893	4	2	2	0.00	1
267	294	4266	2	1	1	0.00	1
267	295	4028	2	2	0	3.03	1
267	296	3826	1	0	1	-1.52	-1
268	269	15258	14	12	2	15.16	1
268	270	17366	15	12	3	13.65	1
268	271	13334	13	4	9	-7.58	-1
268	272	13744	13	8	5	4.55	1
268	273	17291	14	7	7	0.00	1
268	274	16549	14	12	2	15.16	1
268	275	16440	14	1	13	-18.20	-1
268	276	13615	14	4	10	-9.10	-1
268	277	15763	14	9	5	6.07	1
268	278	14968	13	2	11	-13.65	-1
268	279	13096	13	13	0	19.71	1
268	280	13195	8	0	8	-12.13	-1
268	281	13150	7	7	0	10.61	1
268	282	13130	7	0	7	-10.61	-1
268	283	11646	7	7	0	10.61	1
268	284	10344	6	0	6	-9.10	-1
268	285	10184	6	4	2	3.03	1
268	286	9620	6	1	5	-6.07	-1
268	287	8981	5	4	1	4.55	1
268	288	8668	5	4	1	4.55	1
268	289	8438	4	0	4	-6.07	-1
268	290	8362	4	2	2	0.00	1
268	291	7844	4	0	4	-6.07	-1
268	292	7829	4	0	4	-6.07	-1
268	293	7339	4	2	2	0.00	1
268	294	5712	2	2	0	3.03	1
268	295	5474	2	2	0	3.03	1
268	296	5272	1	0	1	-1.52	-1
269	270	15046	14	12	2	15.16	1
269	271	13334	13	2	11	-13.65	-1
269	272	13564	13	11	2	13.65	1
269	273	12204	13	0	13	-19.71	-1
269	274	11286	13	12	1	16.68	1
269	275	11177	13	3	10	-10.61	-1
269	276	10744	13	2	11	-13.65	-1
269	277	10500	13	10	3	10.61	1
269	278	9705	12	1	11	-15.16	-1
269	279	9287	12	12	0	18.20	1
269	280	7932	7	2	5	-4.55	-1
269	281	7887	6	5	1	6.07	1
269	282	7867	6	3	3	0.00	1
269	283	6383	6	4	2	3.03	1
269	284	5081	5	1	4	-4.55	-1
269	285	4921	5	3	2	1.52	1
269	286	4357	5	1	4	-4.55	-1
269	287	3718	4	1	3	-3.03	-1
269	288	3405	4	3	1	3.03	1
269	289	3175	3	1	2	-1.52	-1
269	290	3099	3	0	3	-4.55	-1
269	291	2581	3	0	3	-4.55	-1
269	292	2566	3	0	3	-4.55	-1
269	293	2076	3	0	3	-4.55	-1
269	294	449	1	1	0	1.52	1
269	295	211	1	0	1	-1.52	-1
270	271	13334	13	0	13	-19.71	-1
270	272	13744	13	11	2	13.65	1
270	273	14524	14	3	11	-12.13	-1
270	274	13606	14	12	2	15.16	1
270	275	13497	14	3	11	-12.13	-1
270	276	13064	14	0	14	-21.23	-1
270	277	12820	14	7	7	0.00	1
270	278	12025	13	2	11	-13.65	-1
270	279	11607	13	10	3	10.61	1
270	280	10252	8	2	6	-6.07	-1
270	281	10207	7	5	2	4.55	1
270	282	10187	7	2	5	-4.55	-1
270	283	8703	7	7	0	10.61	1
270	284	7401	6	1	5	-6.07	-1
270	285	7241	6	4	2	3.03	1
270	286	6677	6	1	5	-6.07	-1
270	287	6038	5	4	1	4.55	1
270	288	5725	5	5	0	7.58	1
270	289	5495	4	0	4	-6.07	-1
270	290	5419	4	3	1	3.03	1
270	291	4901	4	1	3	-3.03	-1
270	292	4886	4	0	4	-6.07	-1
270	293	4396	4	1	3	-3.03	-1
270	294	2769	2	2	0	3.03	1
270	295	2531	2	1	1	0.00	1
270	296	2329	1	0	1	-1.52	-1
271	272	13025	12	2	10	-12.13	-1
271	273	11665	12	8	4	6.07	1
271	274	10747	12	4	8	-6.07	-1
271	275	10638	12	9	3	9.10	1
271	276	10205	12	11	1	15.16	1
271	277	9961	12	2	10	-12.13	-1
271	278	9166	11	10	1	13.65	1
271	279	8748	11	3	8	-7.58	-1
271	280	7393	6	6	0	9.10	1
271	281	7348	5	2	3	-1.52	-1
271	282	7328	5	4	1	4.55	1
271	283	5844	5	1	4	-4.55	-1
271	284	4542	4	4	0	6.07	1
271	285	4382	4	0	4	-6.07	-1
271	286	3818	4	4	0	6.07	1
271	287	3179	3	1	2	-1.52	-1
271	288	2866	3	2	1	1.52	1
271	289	2636	2	2	0	3.03	1
271	290	2560	2	1	1	0.00	1
271	291	2042	2	2	0	3.03	1
271	292	2027	2	2	0	3.03	1
271	293	1537	2	2	0	3.03	1
272	273	12384	13	2	11	-13.65	-1
272	274	11466	13	10	3	10.61	1
272	275	11357	13	1	12	-16.68	-1
272	276	10924	13	1	12	-16.68	-1
272	277	10680	13	10	3	10.61	1
272	278	9885	12	4	8	-6.07	-1
272	279	9467	12	8	4	6.07	1
272	280	8112	7	2	5	-4.55	-1
272	281	8067	6	3	3	0.00	1
272	282	8047	6	0	6	-9.10	-1
272	283	6563	6	5	1	6.07	1
272	284	5261	5	2	3	-1.52	-1
272	285	5101	5	4	1	4.55	1
272	286	4537	5	1	4	-4.55	-1
272	287	3898	4	4	0	6.07	1
272	288	3585	4	1	3	-3.03	-1
272	289	3355	3	1	2	-1.52	-1
272	290	3279	3	1	2	-1.52	-1
272	291	2761	3	1	2	-1.52	-1
272	292	2746	3	0	3	-4.55	-1
272	293	2256	3	1	2	-1.52	-1
272	294	629	1	1	0	1.52	1
272	295	391	1	0	1	-1.52	-1
273	274	16373	14	4	10	-9.10	-1
273	275	16264	14	14	0	21.23	1
273	276	13615	14	12	2	15.16	1
273	277	15587	14	3	11	-12.13	-1
273	278	14792	13	10	3	10.61	1
273	279	13096	13	1	12	-16.68	-1
273	280	13019	8	6	2	6.07	1
273	281	12974	7	1	6	-7.58	-1
273	282	12954	7	6	1	7.58	1
273	283	11470	7	2	5	-4.55	-1
273	284	10168	6	6	0	9.10	1
273	285	10008	6	0	6	-9.10	-1
273	286	9444	6	6	0	9.10	1
273	287	8805	5	1	4	-4.55	-1
273	288	8492	5	1	4	-4.55	-1
273	289	8262	4	4	0	6.07	1
273	290	8186	4	3	1	3.03	1
273	291	7668	4	4	0	6.07	1
273	292	7653	4	2	2	0.00	1
273	293	7163	4	4	0	6.07	1
273	294	5536	2	1	1	0.00	1
273	295	5298	2	0	2	-3.03	-1
273	296	5096	1	1	0	1.52	1
274	275	23363	21	3	18	-22.75	-1
274	276	13615	14	5	9	-6.07	-1
274	277	22383	20	13	7	9.10	1
274	278	15323	13	1	12	-16.68	-1
274	279	13096	13	10	3	10.61	1
274	280	19361	13	3	10	-10.61	-1
274	281	19479	13	10	3	10.61	1
274	282	20053	14	1	13	-18.20	-1
274	283	18569	14	9	5	6.07	1
274	284	17267	13	3	10	-10.61	-1
274	285	17107	13	13	0	19.71	1
274	286	16543	13	2	11	-13.65	-1
274	287	13253	10	8	2	9.10	1
274	288	13236	10	9	1	12.13	1
274	289	15361	11	2	9	-10.61	-1
274	290	13308	9	1	8	-10.61	-1
274	291	14767	11	1	10	-13.65	-1
274	292	13927	9	3	6	-4.55	-1
274	293	13396	9	2	7	-7.58	-1
274	294	12635	9	8	1	10.61	1
274	295	12397	9	9	0	13.65	1
274	296	12195	8	1	7	-9.10	-1
274	297	11030	7	7	0	10.61	1
274	298	10972	7	7	0	10.61	1
274	299	10453	7	4	3	1.52	1
274	300	10096	7	6	1	7.58	1
274	301	7278	7	5	2	4.55	1
274	302	6819	7	2	5	-4.55	-1
274	303	6381	6	5	1	6.07	1
274	304	5137	4	2	2	0.00	1
274	305	5096	4	1	3	-3.03	-1
274	306	4110	4	1	3	-3.03	-1
274	307	3625	4	0	4	-6.07	-1
274	308	2173	2	0	2	-3.03	-1
274	309	1949	2	2	0	3.03	1
274	310	1215	2	2	0	3.03	1
274	311	814	2	2	0	3.03	1
275	276	13615	14	13	1	18.20	1
275	277	22383	20	6	14	-12.13	-1
275	278	15323	13	11	2	13.65	1
275	279	13096	13	1	12	-16.68	-1
275	280	19361	13	10	3	10.61	1
275	281	19479	13	1	12	-16.68	-1
275	282	20953	14	13	1	18.20	1
275	283	20409	14	3	11	-12.13	-1
275	284	17648	13	10	3	10.61	1
275	285	17320	13	3	10	-10.61	-1
275	286	18383	13	9	4	7.58	1
275	287	13253	10	3	7	-6.07	-1
275	288	13236	10	1	9	-12.13	-1
275	289	17201	11	9	2	10.61	1
275	290	13308	9	7	2	7.58	1
275	291	16607	11	9	2	10.61	1
275	292	13927	9	6	3	4.55	1
275	293	13396	9	8	1	10.61	1
275	294	14475	9	1	8	-10.61	-1
275	295	14237	9	1	8	-10.61	-1
275	296	14035	8	7	1	9.10	1
275	297	12870	7	1	6	-7.58	-1
275	298	12812	7	0	7	-10.61	-1
275	299	12293	7	1	6	-7.58	-1
275	300	11936	7	0	7	-10.61	-1
275	301	9118	7	1	6	-7.58	-1
275	302	8659	7	6	1	7.58	1
275	303	8221	6	1	5	-6.07	-1
275	304	6977	4	4	0	6.07	1
275	305	6936	4	4	0	6.07	1
275	306	5950	4	4	0	6.07	1
275	307	5465	4	4	0	6.07	1
275	308	4013	2	1	1	0.00	1
275	309	3789	2	0	2	-3.03	-1
275	310	3055	2	0	2	-3.03	-1
275	311	2654	2	1	1	0.00	1
276	277	13371	14	1	13	-18.20	-1
276	278	12576	13	10	3	10.61	1
276	279	12158	13	0	13	-19.71	-1
276	280	10803	8	5	3	3.03	1
276	281	10758	7	1	6	-7.58	-1
276	282	10738	7	6	1	7.58	1
276	283	9254	7	0	7	-10.61	-1
276	284	7952	6	4	2	3.03	1
276	285	7792	6	1	5	-6.07	-1
276	286	7228	6	4	2	3.03	1
276	287	6589	5	1	4	-4.55	-1
276	288	6276	5	0	5	-7.58	-1
276	289	6046	4	4	0	6.07	1
276	290	5970	4	4	0	6.07	1
276	291	5452	4	4	0	6.07	1
276	292	5437	4	2	2	0.00	1
276	293	4947	4	2	2	0.00	1
276	294	3320	2	0	2	-3.03	-1
276	295	3082	2	0	2	-3.03	-1
276	296	2880	1	1	0	1.52	1
277	278	15323	13	3	10	-10.61	-1
277	279	13096	13	10	3	10.61	1
277	280	19361	13	2	11	-13.65	-1
277	281	19479	13	9	4	7.58	1
277	282	19750	13	3	10	-10.61	-1
277	283	18266	13	11	2	13.65	1
277	284	16964	12	0	12	-18.20	-1
277	285	16804	12	9	3	9.10	1
277	286	16240	12	0	12	-18.20	-1
277	287	13253	10	10	0	15.16	1
277	288	13236	10	9	1	12.13	1
277	289	15058	10	2	8	-9.10	-1
277	290	13308	9	1	8	-10.61	-1
277	291	14464	10	0	10	-15.16	-1
277	292	13927	9	0	9	-13.65	-1
277	293	13396	9	0	9	-13.65	-1
277	294	12332	8	6	2	6.07	1
277	295	12094	8	7	1	9.10	1
277	296	11892	7	2	5	-4.55	-1
277	297	10727	6	5	1	6.07	1
277	298	10669	6	4	2	3.03	1
277	299	10150	6	5	1	6.07	1
277	300	9793	6	4	2	3.03	1
277	301	6975	6	5	1	6.07	1
277	302	6516	6	0	6	-9.10	-1
277	303	6078	5	5	0	7.58	1
277	304	4834	3	0	3	-4.55	-1
277	305	4793	3	0	3	-4.55	-1
277	306	3807	3	1	2	-1.52	-1
277	307	3322	3	0	3	-4.55	-1
277	308	1870	1	0	1	-1.52	-1
277	309	1646	1	0	1	-1.52	-1
277	310	912	1	1	0	1.52	1
277	311	511	1	0	1	-1.52	-1
278	279	13096	13	3	10	-10.61	-1
278	280	13550	8	5	3	3.03	1
278	281	13505	7	2	5	-4.55	-1
278	282	13485	7	7	0	10.61	1
278	283	12001	7	0	7	-10.61	-1
278	284	10699	6	6	0	9.10	1
278	285	10539	6	1	5	-6.07	-1
278	286	9975	6	4	2	3.03	1
278	287	9336	5	0	5	-7.58	-1
278	288	9023	5	0	5	-7.58	-1
278	289	8793	4	4	0	6.07	1
278	290	8717	4	4	0	6.07	1
278	291	8199	4	4	0	6.07	1
278	292	8184	4	4	0	6.07	1
278	293	7694	4	4	0	6.07	1
278	294	6067	2	1	1	0.00	1
278	295	5829	2	0	2	-3.03	-1
278	296	5627	1	1	0	1.52	1
279	280	11741	8	0	8	-12.13	-1
279	281	11696	7	5	2	4.55	1
279	282	11676	7	1	6	-7.58	-1
279	283	10192	7	7	0	10.61	1
279	284	8890	6	1	5	-6.07	-1
279	285	8730	6	6	0	9.10	1
279	286	8166	6	1	5	-6.07	-1
279	287	7527	5	5	0	7.58	1
279	288	7214	5	5	0	7.58	1
279	289	6984	4	2	2	0.00	1
279	290	6908	4	0	4	-6.07	-1
279	291	6390	4	1	3	-3.03	-1
279	292	6375	4	0	4	-6.07	-1
279	293	5885	4	1	3	-3.03	-1
279	294	4258	2	1	1	0.00	1
279	295	4020	2	1	1	0.00	1
279	296	3818	1	0	1	-1.52	-1
280	281	19316	12	3	9	-9.10	-1
280	282	19296	12	10	2	12.13	1
280	283	17812	12	1	11	-15.16	-1
280	284	16510	11	8	3	7.58	1
280	285	16350	11	3	8	-7.58	-1
280	286	15786	11	8	3	7.58	1
280	287	13253	10	1	9	-12.13	-1
280	288	13236	10	2	8	-9.10	-1
280	289	14604	9	8	1	10.61	1
280	290	13308	9	6	3	4.55	1
280	291	14010	9	7	2	7.58	1
280	292	13927	9	8	1	10.61	1
280	293	13396	9	8	1	10.61	1
280	294	11878	7	2	5	-4.55	-1
280	295	11640	7	0	7	-10.61	-1
280	296	11438	6	6	0	9.10	1
280	297	10273	5	1	4	-4.55	-1
280	298	10215	5	1	4	-4.55	-1
280	299	9696	5	0	5	-7.58	-1
280	300	9339	5	1	4	-4.55	-1
280	301	6521	5	2	3	-1.52	-1
280	302	6062	5	4	1	4.55	1
280	303	5624	4	0	4	-6.07	-1
280	304	4380	2	0	2	-3.03	-1
280	305	4339	2	1	1	0.00	1
280	306	3353	2	1	1	0.00	1
280	307	2868	2	2	0	3.03	1
281	282	19459	13	4	9	-7.58	-1
281	283	17975	13	12	1	16.68	1
281	284	16673	12	5	7	-3.03	-1
281	285	16513	12	10	2	12.13	1
281	286	15949	12	1	11	-15.16	-1
281	287	13253	10	8	2	9.10	1
281	288	13236	10	7	3	6.07	1
281	289	14767	10	0	10	-15.16	-1
281	290	13308	9	2	7	-7.58	-1
281	291	14173	10	2	8	-9.10	-1
281	292	13927	9	2	7	-7.58	-1
281	293	13396	9	2	7	-7.58	-1
281	294	12041	8	8	0	12.13	1
281	295	11803	8	8	0	12.13	1
281	296	11601	7	1	6	-7.58	-1
281	297	10436	6	6	0	9.10	1
281	298	10378	6	5	1	6.07	1
281	299	9859	6	5	1	6.07	1
281	300	9502	6	5	1	6.07	1
281	301	6684	6	6	0	9.10	1
281	302	6225	6	2	4	-3.03	-1
281	303	5787	5	4	1	4.55	1
281	304	4543	3	0	3	-4.55	-1
281	305	4502	3	1	2	-1.52	-1
281	306	3516	3	0	3	-4.55	-1
281	307	3031	3	1	2	-1.52	-1
281	308	1579	1	0	1	-1.52	-1
281	309	1355	1	1	0	1.52	1
281	310	621	1	1	0	1.52	1
281	311	220	1	1	0	1.52	1
282	283	19469	14	0	14	-21.23	-1
282	284	17648	13	9	4	7.58	1
282	285	17320	13	2	11	-13.65	-1
282	286	17443	13	13	0	19.71	1
282	287	13253	10	1	9	-12.13	-1
282	288	13236	10	3	7	-6.07	-1
282	289	16261	11	10	1	13.65	1
282	290	13308	9	6	3	4.55	1
282	291	15667	11	11	0	16.68	1
282	292	13927	9	7	2	7.58	1
282	293	13396	9	7	2	7.58	1
282	294	13535	9	2	7	-7.58	-1
282	295	13297	9	2	7	-7.58	-1
282	296	13095	8	7	1	9.10	1
282	297	11930	7	0	7	-10.61	-1
282	298	11872	7	1	6	-7.58	-1
282	299	11353	7	2	5	-4.55	-1
282	300	10996	7	1	6	-7.58	-1
282	301	8178	7	0	7	-10.61	-1
282	302	7719	7	4	3	1.52	1
282	303	7281	6	1	5	-6.07	-1
282	304	6037	4	3	1	3.03	1
282	305	5996	4	4	0	6.07	1
282	306	5010	4	4	0	6.07	1
282	307	4525	4	4	0	6.07	1
282	308	3073	2	2	0	3.03	1
282	309	2849	2	0	2	-3.03	-1
282	310	2115	2	0	2	-3.03	-1
282	311	1714	2	0	2	-3.03	-1
283	284	17648	13	3	10	-10.61	-1
283	285	17320	13	9	4	7.58	1
283	286	19209	14	3	11	-12.13	-1
283	287	13253	10	8	2	9.10	1
283	288	13236	10	8	2	9.10	1
283	289	19659	12	1	11	-15.16	-1
283	290	13308	9	3	6	-4.55	-1
283	291	20607	15	0	15	-22.75	-1
283	292	13927	9	2	7	-7.58	-1
283	293	13396	9	2	7	-7.58	-1
283	294	18475	13	12	1	16.68	1
283	295	17947	11	10	1	13.65	1
283	296	17005	10	5	5	0.00	1
283	297	15627	9	8	1	10.61	1
283	298	13118	7	6	1	7.58	1
283	299	13281	8	8	0	12.13	1
283	300	15936	11	10	1	13.65	1
283	301	13118	11	9	2	10.61	1
283	302	12659	11	2	9	-10.61	-1
283	303	11944	8	8	0	12.13	1
283	304	10977	8	2	6	-6.07	-1
283	305	10936	8	0	8	-12.13	-1
283	306	9950	8	4	4	0.00	1
283	307	9465	8	1	7	-9.10	-1
283	308	8013	6	1	5	-6.07	-1
283	309	7789	6	6	0	9.10	1
283	310	7055	6	5	1	6.07	1
283	311	6654	6	6	0	9.10	1
283	312	4855	4	3	1	3.03	1
283	313	4798	4	2	2	0.00	1
283	314	4659	4	0	4	-6.07	-1
283	315	4062	4	0	4	-6.07	-1
283	316	3440	4	2	2	0.00	1
283	317	2799	3	0	3	-4.55	-1
283	318	1705	3	1	2	-1.52	-1
283	319	1697	3	2	1	1.52	1
283	320	1585	3	1	2	-1.52	-1
283	321	1209	2	2	0	3.03	1
283	322	931	2	0	2	-3.03	-1
283	323	212	1	0	1	-1.52	-1
284	285	17320	13	3	10	-10.61	-1
284	286	16924	13	9	4	7.58	1
284	287	13253	10	0	10	-15.16	-1
284	288	13236	10	1	9	-12.13	-1
284	289	15742	11	9	2	10.61	1
284	290	13308	9	6	3	4.55	1
284	291	15148	11	6	5	1.52	1
284	292	13927	9	6	3	4.55	1
284	293	13396	9	8	1	10.61	1
284	294	13016	9	0	9	-13.65	-1
284	295	12778	9	3	6	-4.55	-1
284	296	12576	8	6	2	6.07	1
284	297	11411	7	1	6	-7.58	-1
284	298	11353	7	1	6	-7.58	-1
284	299	10834	7	3	4	-1.52	-1
284	300	10477	7	1	6	-7.58	-1
284	301	7659	7	0	7	-10.61	-1
284	302	7200	7	6	1	7.58	1
284	303	6762	6	1	5	-6.07	-1
284	304	5518	4	2	2	0.00	1
284	305	5477	4	3	1	3.03	1
284	306	4491	4	4	0	6.07	1
284	307	4006	4	4	0	6.07	1
284	308	2554	2	2	0	3.03	1
284	309	2330	2	1	1	0.00	1
284	310	1596	2	0	2	-3.03	-1
284	311	1195	2	0	2	-3.03	-1
285	286	16756	13	2	11	-13.65	-1
285	287	13253	10	8	2	9.10	1
285	288	13236	10	7	3	6.07	1
285	289	15574	11	2	9	-10.61	-1
285	290	13308	9	0	9	-13.65	-1
285	291	14980	11	1	10	-13.65	-1
285	292	13927	9	1	8	-10.61	-1
285	293	13396	9	4	5	-1.52	-1
285	294	12848	9	9	0	13.65	1
285	295	12610	9	7	2	7.58	1
285	296	12408	8	1	7	-9.10	-1
285	297	11243	7	5	2	4.55	1
285	298	11185	7	6	1	7.58	1
285	299	10666	7	5	2	4.55	1
285	300	10309	7	6	1	7.58	1
285	301	7491	7	7	0	10.61	1
285	302	7032	7	3	4	-1.52	-1
285	303	6594	6	6	0	9.10	1
285	304	5350	4	0	4	-6.07	-1
285	305	5309	4	0	4	-6.07	-1
285	306	4323	4	1	3	-3.03	-1
285	307	3838	4	1	3	-3.03	-1
285	308	2386	2	0	2	-3.03	-1
285	309	2162	2	1	1	0.00	1
285	310	1428	2	2	0	3.03	1
285	311	1027	2	1	1	0.00	1
286	287	13253	10	2	8	-9.10	-1
286	288	13236	10	2	8	-9.10	-1
286	289	18027	12	9	3	9.10	1
286	290	13308	9	7	2	7.58	1
286	291	17433	12	9	3	9.10	1
286	292	13927	9	8	1	10.61	1
286	293	13396	9	5	4	1.52	1
286	294	15301	10	1	9	-12.13	-1
286	295	15063	10	4	6	-3.03	-1
286	296	14861	9	9	0	13.65	1
286	297	13696	8	1	7	-9.10	-1
286	298	13118	7	1	6	-7.58	-1
286	299	13119	8	4	4	0.00	1
286	300	12762	8	0	8	-12.13	-1
286	301	9944	8	1	7	-9.10	-1
286	302	9485	8	7	1	9.10	1
286	303	9047	7	3	4	-1.52	-1
286	304	7803	5	4	1	4.55	1
286	305	7762	5	5	0	7.58	1
286	306	6776	5	4	1	4.55	1
286	307	6291	5	5	0	7.58	1
286	308	4839	3	3	0	4.55	1
286	309	4615	3	1	2	-1.52	-1
286	310	3881	3	0	3	-4.55	-1
286	311	3480	3	0	3	-4.55	-1
286	312	1681	1	1	0	1.52	1
286	313	1624	1	0	1	-1.52	-1
286	314	1485	1	1	0	1.52	1
286	315	888	1	1	0	1.52	1
286	316	266	1	0	1	-1.52	-1
287	288	12940	10	10	0	15.16	1
287	289	12710	9	1	8	-10.61	-1
287	290	12634	9	1	8	-10.61	-1
287	291	12116	9	4	5	-1.52	-1
287	292	12101	9	0	9	-13.65	-1
287	293	11611	9	3	6	-4.55	-1
287	294	9984	7	3	4	-1.52	-1
287	295	9746	7	5	2	4.55	1
287	296	9544	6	1	5	-6.07	-1
287	297	8379	5	4	1	4.55	1
287	298	8321	5	5	0	7.58	1
287	299	7802	5	4	1	4.55	1
287	300	7445	5	4	1	4.55	1
287	301	4627	5	5	0	7.58	1
287	302	4168	5	1	4	-4.55	-1
287	303	3730	4	1	3	-3.03	-1
287	304	2486	2	0	2	-3.03	-1
287	305	2445	2	0	2	-3.03	-1
287	306	1459	2	0	2	-3.03	-1
287	307	974	2	0	2	-3.03	-1
288	289	13006	9	1	8	-10.61	-1
288	290	12930	9	2	7	-7.58	-1
288	291	12412	9	1	8	-10.61	-1
288	292	12397	9	0	9	-13.65	-1
288	293	11907	9	1	8	-10.61	-1
288	294	10280	7	7	0	10.61	1
288	295	10042	7	3	4	-1.52	-1
288	296	9840	6	1	5	-6.07	-1
288	297	8675	5	3	2	1.52	1
288	298	8617	5	4	1	4.55	1
288	299	8098	5	3	2	1.52	1
288	300	7741	5	4	1	4.55	1
288	301	4923	5	1	4	-4.55	-1
288	302	4464	5	1	4	-4.55	-1
288	303	4026	4	3	1	3.03	1
288	304	2782	2	0	2	-3.03	-1
288	305	2741	2	1	1	0.00	1
288	306	1755	2	1	1	0.00	1
288	307	1270	2	0	2	-3.03	-1
289	290	13308	9	6	3	4.55	1
289	291	19065	12	11	1	15.16	1
289	292	13927	9	4	5	-1.52	-1
289	293	13396	9	7	2	7.58	1
289	294	16933	10	2	8	-9.10	-1
289	295	16695	10	1	9	-12.13	-1
289	296	16493	9	8	1	10.61	1
289	297	15328	8	2	6	-6.07	-1
289	298	13118	7	1	6	-7.58	-1
289	299	13281	8	2	6	-6.07	-1
289	300	14394	8	3	5	-3.03	-1
289	301	11576	8	3	5	-3.03	-1
289	302	11117	8	8	0	12.13	1
289	303	10679	7	2	5	-4.55	-1
289	304	9435	5	4	1	4.55	1
289	305	9394	5	5	0	7.58	1
289	306	8408	5	5	0	7.58	1
289	307	7923	5	4	1	4.55	1
289	308	6471	3	3	0	4.55	1
289	309	6247	3	0	3	-4.55	-1
289	310	5513	3	0	3	-4.55	-1
289	311	5112	3	0	3	-4.55	-1
289	312	3313	1	0	1	-1.52	-1
289	313	3256	1	1	0	1.52	1
289	314	3117	1	0	1	-1.52	-1
289	315	2520	1	1	0	1.52	1
289	316	1898	1	0	1	-1.52	-1
290	291	12790	9	8	1	10.61	1
290	292	12775	9	9	0	13.65	1
290	293	12285	9	8	1	10.61	1
290	294	10658	7	1	6	-7.58	-1
290	295	10420	7	2	5	-4.55	-1
290	296	10218	6	5	1	6.07	1
290	297	9053	5	2	3	-1.52	-1
290	298	8995	5	1	4	-4.55	-1
290	299	8476	5	0	5	-7.58	-1
290	300	8119	5	0	5	-7.58	-1
290	301	5301	5	0	5	-7.58	-1
290	302	4842	5	4	1	4.55	1
290	303	4404	4	0	4	-6.07	-1
290	304	3160	2	1	1	0.00	1
290	305	3119	2	2	0	3.03	1
290	306	2133	2	2	0	3.03	1
290	307	1648	2	2	0	3.03	1
291	292	13927	9	9	0	13.65	1
291	293	13396	9	9	0	13.65	1
291	294	18719	16	2	14	-18.20	-1
291	295	17947	11	1	10	-13.65	-1
291	296	17005	10	10	0	15.16	1
291	297	15627	9	1	8	-10.61	-1
291	298	13118	7	0	7	-10.61	-1
291	299	13281	8	1	7	-9.10	-1
291	300	16180	14	3	11	-12.13	-1
291	301	13362	14	0	14	-21.23	-1
291	302	12903	14	11	3	12.13	1
291	303	11944	8	2	6	-6.07	-1
291	304	11221	11	9	2	10.61	1
291	305	11180	11	8	3	7.58	1
291	306	10194	11	10	1	13.65	1
291	307	9709	11	7	4	4.55	1
291	308	8257	9	7	2	7.58	1
291	309	8033	9	2	7	-7.58	-1
291	310	7299	9	1	8	-10.61	-1
291	311	6898	9	2	7	-7.58	-1
291	312	5099	7	0	7	-10.61	-1
291	313	5042	7	0	7	-10.61	-1
291	314	4903	7	6	1	7.58	1
291	315	4306	7	4	3	1.52	1
291	316	3684	7	1	6	-7.58	-1
291	317	3043	6	5	1	6.07	1
291	318	1949	6	4	2	3.03	1
291	319	1941	6	1	5	-6.07	-1
291	320	1829	6	6	0	9.10	1
291	321	1453	5	1	4	-4.55	-1
291	322	1175	5	4	1	4.55	1
291	323	456	4	2	2	0.00	1
292	293	13396	9	8	1	10.61	1
292	294	11810	7	1	6	-7.58	-1
292	295	11572	7	0	7	-10.61	-1
292	296	11370	6	5	1	6.07	1
292	297	10205	5	0	5	-7.58	-1
292	298	10147	5	1	4	-4.55	-1
292	299	9628	5	0	5	-7.58	-1
292	300	9271	5	1	4	-4.55	-1
292	301	6453	5	1	4	-4.55	-1
292	302	5994	5	3	2	1.52	1
292	303	5556	4	0	4	-6.07	-1
292	304	4312	2	2	0	3.03	1
292	305	4271	2	2	0	3.03	1
292	306	3285	2	2	0	3.03	1
292	307	2800	2	2	0	3.03	1
293	294	11769	7	1	6	-7.58	-1
293	295	11531	7	1	6	-7.58	-1
293	296	11329	6	3	3	0.00	1
293	297	10164	5	0	5	-7.58	-1
293	298	10106	5	2	3	-1.52	-1
293	299	9587	5	1	4	-4.55	-1
293	300	9230	5	3	2	1.52	1
293	301	6412	5	0	5	-7.58	-1
293	302	5953	5	4	1	4.55	1
293	303	5515	4	1	3	-3.03	-1
293	304	4271	2	2	0	3.03	1
293	305	4230	2	1	1	0.00	1
293	306	3244	2	1	1	0.00	1
293	307	2759	2	2	0	3.03	1
294	295	17947	11	11	0	16.68	1
294	296	17005	10	3	7	-6.07	-1
294	297	15627	9	7	2	7.58	1
294	298	13118	7	6	1	7.58	1
294	299	13281	8	6	2	6.07	1
294	300	17772	16	13	3	15.16	1
294	301	18619	20	16	4	18.20	1
294	302	18160	20	3	17	-21.23	-1
294	303	11944	8	6	2	6.07	1
294	304	16478	17	0	17	-25.78	-1
294	305	16437	17	3	14	-16.68	-1
294	306	14068	17	4	13	-13.65	-1
294	307	14966	17	4	13	-13.65	-1
294	308	13514	15	6	9	-4.55	-1
294	309	13290	15	13	2	16.68	1
294	310	12556	15	14	1	19.71	1
294	311	12155	15	11	4	10.61	1
294	312	10356	13	12	1	16.68	1
294	313	10299	13	11	2	13.65	1
294	314	10160	13	5	8	-4.55	-1
294	315	9563	13	2	11	-13.65	-1
294	316	8941	13	9	4	7.58	1
294	317	8300	12	1	11	-15.16	-1
294	318	7206	12	3	9	-9.10	-1
294	319	7198	12	10	2	12.13	1
294	320	7086	12	2	10	-12.13	-1
294	321	6710	11	6	5	1.52	1
294	322	6432	11	3	8	-7.58	-1
294	323	5713	10	3	7	-6.07	-1
294	324	5046	5	4	1	4.55	1
294	325	4608	4	0	4	-6.07	-1
294	326	4406	4	0	4	-6.07	-1
294	327	4174	4	0	4	-6.07	-1
294	328	3299	4	0	4	-6.07	-1
294	329	3223	4	4	0	6.07	1
294	330	2606	3	3	0	4.55	1
294	331	2491	3	0	3	-4.55	-1
294	332	1899	1	1	0	1.52	1
295	296	17005	10	1	9	-12.13	-1
295	297	15627	9	6	3	4.55	1
295	298	13118	7	6	1	7.58	1
295	299	13281	8	6	2	6.07	1
295	300	15646	9	8	1	10.61	1
295	301	12828	9	6	3	4.55	1
295	302	12369	9	3	6	-4.55	-1
295	303	11931	8	6	2	6.07	1
295	304	10687	6	2	4	-3.03	-1
295	305	10646	6	0	6	-9.10	-1
295	306	9660	6	2	4	-3.03	-1
295	307	9175	6	1	5	-6.07	-1
295	308	7723	4	2	2	0.00	1
295	309	7499	4	2	2	0.00	1
295	310	6765	4	4	0	6.07	1
295	311	6364	4	4	0	6.07	1
295	312	4565	2	2	0	3.03	1
295	313	4508	2	1	1	0.00	1
295	314	4369	2	1	1	0.00	1
295	315	3772	2	0	2	-3.03	-1
295	316	3150	2	2	0	3.03	1
295	317	2509	1	0	1	-1.52	-1
295	318	1415	1	0	1	-1.52	-1
295	319	1407	1	1	0	1.52	1
295	320	1295	1	0	1	-1.52	-1
296	297	15627	9	3	6	-4.55	-1
296	298	13118	7	0	7	-10.61	-1
296	299	13281	8	2	6	-6.07	-1
296	300	14906	9	2	7	-7.58	-1
296	301	12088	9	2	7	-7.58	-1
296	302	11629	9	8	1	10.61	1
296	303	11191	8	2	6	-6.07	-1
296	304	9947	6	5	1	6.07	1
296	305	9906	6	6	0	9.10	1
296	306	8920	6	6	0	9.10	1
296	307	8435	6	5	1	6.07	1
296	308	6983	4	4	0	6.07	1
296	309	6759	4	1	3	-3.03	-1
296	310	6025	4	0	4	-6.07	-1
296	311	5624	4	0	4	-6.07	-1
296	312	3825	2	1	1	0.00	1
296	313	3768	2	0	2	-3.03	-1
296	314	3629	2	2	0	3.03	1
296	315	3032	2	2	0	3.03	1
296	316	2410	2	0	2	-3.03	-1
296	317	1769	1	1	0	1.52	1
296	318	675	1	0	1	-1.52	-1
296	319	667	1	0	1	-1.52	-1
296	320	555	1	1	0	1.52	1
297	298	13118	7	6	1	7.58	1
297	299	13281	8	7	1	9.10	1
297	300	14693	9	7	2	7.58	1
297	301	11875	9	6	3	4.55	1
297	302	11416	9	3	6	-4.55	-1
297	303	10978	8	6	2	6.07	1
297	304	9734	6	1	5	-6.07	-1
297	305	9693	6	1	5	-6.07	-1
297	306	8707	6	1	5	-6.07	-1
297	307	8222	6	1	5	-6.07	-1
297	308	6770	4	0	4	-6.07	-1
297	309	6546	4	4	0	6.07	1
297	310	5812	4	4	0	6.07	1
297	311	5411	4	3	1	3.03	1
297	312	3612	2	1	1	0.00	1
297	313	3555	2	1	1	0.00	1
297	314	3416	2	0	2	-3.03	-1
297	315	2819	2	1	1	0.00	1
297	316	2197	2	1	1	0.00	1
297	317	1556	1	0	1	-1.52	-1
297	318	462	1	0	1	-1.52	-1
297	319	454	1	1	0	1.52	1
297	320	342	1	0	1	-1.52	-1
298	299	12599	7	5	2	4.55	1
298	300	12242	7	5	2	4.55	1
298	301	9424	7	5	2	4.55	1
298	302	8965	7	1	6	-7.58	-1
298	303	8527	6	5	1	6.07	1
298	304	7283	4	0	4	-6.07	-1
298	305	7242	4	3	1	3.03	1
298	306	6256	4	1	3	-3.03	-1
298	307	5771	4	1	3	-3.03	-1
298	308	4319	2	1	1	0.00	1
298	309	4095	2	1	1	0.00	1
298	310	3361	2	2	0	3.03	1
298	311	2960	2	2	0	3.03	1
299	300	12924	8	6	2	6.07	1
299	301	10106	8	6	2	6.07	1
299	302	9647	8	1	7	-9.10	-1
299	303	9209	7	6	1	7.58	1
299	304	7965	5	1	4	-4.55	-1
299	305	7924	5	2	3	-1.52	-1
299	306	6938	5	3	2	1.52	1
299	307	6453	5	1	4	-4.55	-1
299	308	5001	3	1	2	-1.52	-1
299	309	4777	3	3	0	4.55	1
299	310	4043	3	2	1	1.52	1
299	311	3642	3	3	0	4.55	1
299	312	1843	1	1	0	1.52	1
299	313	1786	1	0	1	-1.52	-1
299	314	1647	1	0	1	-1.52	-1
299	315	1050	1	0	1	-1.52	-1
299	316	428	1	1	0	1.52	1
300	301	14954	16	12	4	12.13	1
300	302	14495	16	6	10	-6.07	-1
300	303	11944	8	4	4	0.00	1
300	304	12813	13	1	12	-16.68	-1
300	305	12772	13	2	11	-13.65	-1
300	306	11786	13	2	11	-13.65	-1
300	307	11301	13	2	11	-13.65	-1
300	308	9849	11	2	9	-10.61	-1
300	309	9625	11	9	2	10.61	1
300	310	8891	11	10	1	13.65	1
300	311	8490	11	9	2	10.61	1
300	312	6691	9	8	1	10.61	1
300	313	6634	9	7	2	7.58	1
300	314	6495	9	3	6	-4.55	-1
300	315	5898	9	3	6	-4.55	-1
300	316	5276	9	8	1	10.61	1
300	317	4635	8	0	8	-12.13	-1
300	318	3541	8	3	5	-3.03	-1
300	319	3533	8	5	3	3.03	1
300	320	3421	8	2	6	-6.07	-1
300	321	3045	7	5	2	4.55	1
300	322	2767	7	3	4	-1.52	-1
300	323	2048	6	0	6	-9.10	-1
300	324	1381	1	0	1	-1.52	-1
301	302	18962	20	1	19	-27.29	-1
301	303	11944	8	6	2	6.07	1
301	304	17280	17	5	12	-10.61	-1
301	305	17169	17	2	15	-19.71	-1
301	306	14068	17	2	15	-19.71	-1
301	307	15768	17	6	11	-7.58	-1
301	308	14316	15	3	12	-13.65	-1
301	309	14092	15	12	3	13.65	1
301	310	13358	15	9	6	4.55	1
301	311	12957	15	12	3	13.65	1
301	312	11158	13	10	3	10.61	1
301	313	11101	13	9	4	7.58	1
301	314	10962	13	5	8	-4.55	-1
301	315	10365	13	1	12	-16.68	-1
301	316	9743	13	8	5	4.55	1
301	317	9102	12	2	10	-12.13	-1
301	318	8008	12	5	7	-3.03	-1
301	319	8000	12	10	2	12.13	1
301	320	7888	12	2	10	-12.13	-1
301	321	7512	11	8	3	7.58	1
301	322	7234	11	2	9	-10.61	-1
301	323	6515	10	2	8	-9.10	-1
301	324	5848	5	5	0	7.58	1
301	325	5410	4	1	3	-3.03	-1
301	326	5208	4	0	4	-6.07	-1
301	327	4976	4	1	3	-3.03	-1
301	328	4101	4	0	4	-6.07	-1
301	329	4025	4	4	0	6.07	1
301	330	3408	3	2	1	1.52	1
301	331	3293	3	0	3	-4.55	-1
301	332	2701	1	1	0	1.52	1
302	303	11944	8	2	6	-6.07	-1
302	304	18412	17	15	2	19.71	1
302	305	17169	17	17	0	25.78	1
302	306	14068	17	12	5	10.61	1
302	307	20055	21	20	1	28.81	1
302	308	18866	19	17	2	22.75	1
302	309	19572	19	4	15	-16.68	-1
302	310	14890	15	5	10	-7.58	-1
302	311	15794	16	4	12	-12.13	-1
302	312	15368	17	5	12	-10.61	-1
302	313	15000	17	7	10	-4.55	-1
302	314	16442	17	11	6	7.58	1
302	315	15845	17	14	3	16.68	1
302	316	15223	17	3	14	-16.68	-1
302	317	14582	16	12	4	12.13	1
302	318	13488	16	14	2	18.20	1
302	319	13094	16	1	15	-21.23	-1
302	320	13368	16	14	2	18.20	1
302	321	12992	15	2	13	-16.68	-1
302	322	12714	15	13	2	16.68	1
302	323	11995	14	14	0	21.23	1
302	324	11328	9	1	8	-10.61	-1
302	325	10890	8	7	1	9.10	1
302	326	10688	8	6	2	6.07	1
302	327	10456	8	6	2	6.07	1
302	328	9581	8	8	0	12.13	1
302	329	9505	8	1	7	-9.10	-1
302	330	8888	7	0	7	-10.61	-1
302	331	8773	7	4	3	1.52	1
302	332	8181	5	1	4	-4.55	-1
302	333	8144	4	3	1	3.03	1
302	334	8071	4	4	0	6.07	1
302	335	7827	4	3	1	3.03	1
302	336	7784	4	0	4	-6.07	-1
302	337	7281	4	2	2	0.00	1
302	338	7098	4	3	1	3.03	1
302	339	6537	4	0	4	-6.07	-1
302	340	6086	4	0	4	-6.07	-1
302	341	5630	4	2	2	0.00	1
302	342	5336	4	0	4	-6.07	-1
302	343	5326	4	3	1	3.03	1
302	344	5273	4	1	3	-3.03	-1
302	345	4266	4	1	3	-3.03	-1
302	346	2964	3	0	3	-4.55	-1
302	347	2113	1	1	0	1.52	1
303	304	10700	6	0	6	-9.10	-1
303	305	10659	6	2	4	-3.03	-1
303	306	9673	6	2	4	-3.03	-1
303	307	9188	6	0	6	-9.10	-1
303	308	7736	4	0	4	-6.07	-1
303	309	7512	4	4	0	6.07	1
303	310	6778	4	3	1	3.03	1
303	311	6377	4	4	0	6.07	1
303	312	4578	2	2	0	3.03	1
303	313	4521	2	2	0	3.03	1
303	314	4382	2	0	2	-3.03	-1
303	315	3785	2	0	2	-3.03	-1
303	316	3163	2	1	1	0.00	1
303	317	2522	1	0	1	-1.52	-1
303	318	1428	1	0	1	-1.52	-1
303	319	1420	1	1	0	1.52	1
303	320	1308	1	0	1	-1.52	-1
304	305	17169	17	16	1	22.75	1
304	306	14068	17	15	2	19.71	1
304	307	16900	17	14	3	16.68	1
304	308	15448	15	11	4	10.61	1
304	309	15224	15	2	13	-16.68	-1
304	310	14490	15	3	12	-13.65	-1
304	311	14089	15	1	14	-19.71	-1
304	312	12290	13	3	10	-10.61	-1
304	313	12233	13	2	11	-13.65	-1
304	314	12094	13	10	3	10.61	1
304	315	11497	13	10	3	10.61	1
304	316	10875	13	2	11	-13.65	-1
304	317	10234	12	10	2	12.13	1
304	318	9140	12	11	1	15.16	1
304	319	9132	12	4	8	-6.07	-1
304	320	9020	12	7	5	3.03	1
304	321	8644	11	2	9	-10.61	-1
304	322	8366	11	9	2	10.61	1
304	323	7647	10	7	3	6.07	1
304	324	6980	5	2	3	-1.52	-1
304	325	6542	4	3	1	3.03	1
304	326	6340	4	4	0	6.07	1
304	327	6108	4	2	2	0.00	1
304	328	5233	4	3	1	3.03	1
304	329	5157	4	0	4	-6.07	-1
304	330	4540	3	0	3	-4.55	-1
304	331	4425	3	3	0	4.55	1
304	332	3833	1	1	0	1.52	1
305	306	14068	17	11	6	7.58	1
305	307	15698	17	10	7	4.55	1
305	308	14246	15	10	5	7.58	1
305	309	14022	15	5	10	-7.58	-1
305	310	13288	15	2	13	-16.68	-1
305	311	12887	15	1	14	-19.71	-1
305	312	11088	13	3	10	-10.61	-1
305	313	11031	13	2	11	-13.65	-1
305	314	10892	13	9	4	7.58	1
305	315	10295	13	9	4	7.58	1
305	316	9673	13	2	11	-13.65	-1
305	317	9032	12	8	4	6.07	1
305	318	7938	12	12	0	18.20	1
305	319	7930	12	2	10	-12.13	-1
305	320	7818	12	8	4	6.07	1
305	321	7442	11	2	9	-10.61	-1
305	322	7164	11	9	2	10.61	1
305	323	6445	10	8	2	9.10	1
305	324	5778	5	1	4	-4.55	-1
305	325	5340	4	3	1	3.03	1
305	326	5138	4	4	0	6.07	1
305	327	4906	4	3	1	3.03	1
305	328	4031	4	3	1	3.03	1
305	329	3955	4	0	4	-6.07	-1
305	330	3338	3	0	3	-4.55	-1
305	331	3223	3	3	0	4.55	1
305	332	2631	1	1	0	1.52	1
306	307	13583	17	15	2	19.71	1
306	308	12131	15	12	3	13.65	1
306	309	11907	15	2	13	-16.68	-1
306	310	11173	15	1	14	-19.71	-1
306	311	10772	15	1	14	-19.71	-1
306	312	8973	13	4	9	-7.58	-1
306	313	8916	13	3	10	-10.61	-1
306	314	8777	13	10	3	10.61	1
306	315	8180	13	10	3	10.61	1
306	316	7558	13	0	13	-19.71	-1
306	317	6917	12	9	3	9.10	1
306	318	5823	12	10	2	12.13	1
306	319	5815	12	1	11	-15.16	-1
306	320	5703	12	10	2	12.13	1
306	321	5327	11	2	9	-10.61	-1
306	322	5049	11	11	0	16.68	1
306	323	4330	10	8	2	9.10	1
306	324	3663	5	1	4	-4.55	-1
306	325	3225	4	2	2	0.00	1
306	326	3023	4	3	1	3.03	1
306	327	2791	4	4	0	6.07	1
306	328	1916	4	4	0	6.07	1
306	329	1840	4	0	4	-6.07	-1
306	330	1223	3	1	2	-1.52	-1
306	331	1108	3	2	1	1.52	1
306	332	516	1	0	1	-1.52	-1
307	308	18603	19	17	2	22.75	1
307	309	18379	19	5	14	-13.65	-1
307	310	14890	15	1	14	-19.71	-1
307	311	15794	16	2	14	-18.20	-1
307	312	15368	17	4	13	-13.65	-1
307	313	15000	17	3	14	-16.68	-1
307	314	15249	17	14	3	16.68	1
307	315	14652	17	15	2	19.71	1
307	316	14030	17	4	13	-13.65	-1
307	317	13389	16	12	4	12.13	1
307	318	12295	16	11	5	9.10	1
307	319	12287	16	1	15	-21.23	-1
307	320	12175	16	14	2	18.20	1
307	321	11799	15	3	12	-13.65	-1
307	322	11521	15	13	2	16.68	1
307	323	10802	14	13	1	18.20	1
307	324	10135	9	0	9	-13.65	-1
307	325	9697	8	8	0	12.13	1
307	326	9495	8	6	2	6.07	1
307	327	9263	8	6	2	6.07	1
307	328	8388	8	7	1	9.10	1
307	329	8312	8	1	7	-9.10	-1
307	330	7695	7	1	6	-7.58	-1
307	331	7580	7	7	0	10.61	1
307	332	6988	5	2	3	-1.52	-1
307	333	6951	4	3	1	3.03	1
307	334	6878	4	2	2	0.00	1
307	335	6634	4	3	1	3.03	1
307	336	6591	4	0	4	-6.07	-1
307	337	6088	4	4	0	6.07	1
307	338	5905	4	4	0	6.07	1
307	339	5344	4	1	3	-3.03	-1
307	340	4893	4	0	4	-6.07	-1
307	341	4437	4	0	4	-6.07	-1
307	342	4143	4	0	4	-6.07	-1
307	343	4133	4	3	1	3.03	1
307	344	4080	4	3	1	3.03	1
307	345	3073	4	0	4	-6.07	-1
307	346	1771	3	0	3	-4.55	-1
307	347	920	1	1	0	1.52	1
308	309	18642	19	3	16	-19.71	-1
308	310	14890	15	4	11	-10.61	-1
308	311	15794	16	5	11	-9.10	-1
308	312	15368	17	1	16	-22.75	-1
308	313	15000	17	3	14	-16.68	-1
308	314	15512	17	14	3	16.68	1
308	315	14915	17	16	1	22.75	1
308	316	14293	17	2	15	-19.71	-1
308	317	13652	16	11	5	9.10	1
308	318	12558	16	13	3	15.16	1
308	319	12550	16	1	15	-21.23	-1
308	320	12438	16	11	5	9.10	1
308	321	12062	15	4	11	-10.61	-1
308	322	11784	15	14	1	19.71	1
308	323	11065	14	9	5	6.07	1
308	324	10398	9	2	7	-7.58	-1
308	325	9960	8	7	1	9.10	1
308	326	9758	8	8	0	12.13	1
308	327	9526	8	7	1	9.10	1
308	328	8651	8	8	0	12.13	1
308	329	8575	8	0	8	-12.13	-1
308	330	7958	7	1	6	-7.58	-1
308	331	7843	7	6	1	7.58	1
308	332	7251	5	2	3	-1.52	-1
308	333	7214	4	3	1	3.03	1
308	334	7141	4	4	0	6.07	1
308	335	6897	4	4	0	6.07	1
308	336	6854	4	0	4	-6.07	-1
308	337	6351	4	4	0	6.07	1
308	338	6168	4	2	2	0.00	1
308	339	5607	4	0	4	-6.07	-1
308	340	5156	4	1	3	-3.03	-1
308	341	4700	4	2	2	0.00	1
308	342	4406	4	2	2	0.00	1
308	343	4396	4	3	1	3.03	1
308	344	4343	4	2	2	0.00	1
308	345	3336	4	1	3	-3.03	-1
308	346	2034	3	1	2	-1.52	-1
308	347	1183	1	1	0	1.52	1
309	310	14890	15	12	3	13.65	1
309	311	15794	16	16	0	24.26	1
309	312	15368	17	13	4	13.65	1
309	313	15000	17	15	2	19.71	1
309	314	18452	20	1	19	-27.29	-1
309	315	16506	19	3	16	-19.71	-1
309	316	21072	20	18	2	24.26	1
309	317	20431	19	5	14	-13.65	-1
309	318	19337	19	6	13	-10.61	-1
309	319	13094	16	13	3	15.16	1
309	320	13578	17	0	17	-25.78	-1
309	321	18841	18	16	2	21.23	1
309	322	18563	18	4	14	-15.16	-1
309	323	14748	17	6	11	-7.58	-1
309	324	15457	12	8	4	6.07	1
309	325	13115	11	1	10	-13.65	-1
309	326	13971	11	2	9	-10.61	-1
309	327	16305	11	1	10	-13.65	-1
309	328	15430	11	1	10	-13.65	-1
309	329	15354	11	7	4	4.55	1
309	330	13572	10	8	2	9.10	1
309	331	14622	10	0	10	-15.16	-1
309	332	13284	8	8	0	12.13	1
309	333	13993	7	1	6	-7.58	-1
309	334	13920	7	1	6	-7.58	-1
309	335	13676	7	1	6	-7.58	-1
309	336	13633	7	5	2	4.55	1
309	337	12256	7	1	6	-7.58	-1
309	338	12947	7	1	6	-7.58	-1
309	339	12386	7	5	2	4.55	1
309	340	10860	7	6	1	7.58	1
309	341	11479	7	6	1	7.58	1
309	342	11185	7	5	2	4.55	1
309	343	11175	7	2	5	-4.55	-1
309	344	11122	7	1	6	-7.58	-1
309	345	10115	7	5	2	4.55	1
309	346	8813	6	6	0	9.10	1
309	347	7962	4	1	3	-3.03	-1
309	348	6077	3	3	0	4.55	1
309	349	4847	1	0	1	-1.52	-1
309	350	4750	1	0	1	-1.52	-1
310	311	14489	15	8	7	1.52	1
310	312	12690	13	12	1	16.68	1
310	313	12633	13	8	5	4.55	1
310	314	12494	13	2	11	-13.65	-1
310	315	11897	13	2	11	-13.65	-1
310	316	11275	13	9	4	7.58	1
310	317	10634	12	0	12	-18.20	-1
310	318	9540	12	3	9	-9.10	-1
310	319	9532	12	10	2	12.13	1
310	320	9420	12	3	9	-9.10	-1
310	321	9044	11	8	3	7.58	1
310	322	8766	11	2	9	-10.61	-1
310	323	8047	10	1	9	-12.13	-1
310	324	7380	5	4	1	4.55	1
310	325	6942	4	0	4	-6.07	-1
310	326	6740	4	0	4	-6.07	-1
310	327	6508	4	0	4	-6.07	-1
310	328	5633	4	1	3	-3.03	-1
310	329	5557	4	3	1	3.03	1
310	330	4940	3	3	0	4.55	1
310	331	4825	3	1	2	-1.52	-1
310	332	4233	1	1	0	1.52	1
311	312	13995	14	13	1	18.20	1
311	313	13938	14	11	3	12.13	1
311	314	13799	14	2	12	-15.16	-1
311	315	13202	14	2	12	-15.16	-1
311	316	12580	14	10	4	9.10	1
311	317	11939	13	1	12	-16.68	-1
311	318	10845	13	3	10	-10.61	-1
311	319	10837	13	9	4	7.58	1
311	320	10725	13	3	10	-10.61	-1
311	321	10349	12	8	4	6.07	1
311	322	10071	12	4	8	-6.07	-1
311	323	9352	11	3	8	-7.58	-1
311	324	8685	6	5	1	6.07	1
311	325	8247	5	0	5	-7.58	-1
311	326	8045	5	0	5	-7.58	-1
311	327	7813	5	1	4	-4.55	-1
311	328	6938	5	2	3	-1.52	-1
311	329	6862	5	4	1	4.55	1
311	330	6245	4	3	1	3.03	1
311	331	6130	4	0	4	-6.07	-1
311	332	5538	2	2	0	3.03	1
311	333	5501	1	0	1	-1.52	-1
311	334	5428	1	1	0	1.52	1
311	335	5184	1	0	1	-1.52	-1
311	336	5141	1	1	0	1.52	1
311	337	4638	1	0	1	-1.52	-1
311	338	4455	1	0	1	-1.52	-1
311	339	3894	1	1	0	1.52	1
311	340	3443	1	1	0	1.52	1
311	341	2987	1	1	0	1.52	1
311	342	2693	1	1	0	1.52	1
311	343	2683	1	0	1	-1.52	-1
311	344	2630	1	0	1	-1.52	-1
311	345	1623	1	1	0	1.52	1
312	313	15000	17	16	1	22.75	1
312	314	15172	17	3	14	-16.68	-1
312	315	14575	17	4	13	-13.65	-1
312	316	13953	17	17	0	25.78	1
312	317	13312	16	3	13	-15.16	-1
312	318	12218	16	3	13	-15.16	-1
312	319	12210	16	13	3	15.16	1
312	320	12098	16	4	12	-12.13	-1
312	321	11722	15	12	3	13.65	1
312	322	11444	15	5	10	-7.58	-1
312	323	10725	14	3	11	-12.13	-1
312	324	10058	9	8	1	10.61	1
312	325	9620	8	1	7	-9.10	-1
312	326	9418	8	2	6	-6.07	-1
312	327	9186	8	1	7	-9.10	-1
312	328	8311	8	2	6	-6.07	-1
312	329	8235	8	6	2	6.07	1
312	330	7618	7	5	2	4.55	1
312	331	7503	7	1	6	-7.58	-1
312	332	6911	5	5	0	7.58	1
312	333	6874	4	1	3	-3.03	-1
312	334	6801	4	1	3	-3.03	-1
312	335	6557	4	0	4	-6.07	-1
312	336	6514	4	4	0	6.07	1
312	337	6011	4	0	4	-6.07	-1
312	338	5828	4	1	3	-3.03	-1
312	339	5267	4	3	1	3.03	1
312	340	4816	4	3	1	3.03	1
312	341	4360	4	4	0	6.07	1
312	342	4066	4	3	1	3.03	1
312	343	4056	4	1	3	-3.03	-1
312	344	4003	4	2	2	0.00	1
312	345	2996	4	3	1	3.03	1
312	346	1694	3	3	0	4.55	1
312	347	843	1	0	1	-1.52	-1
313	314	14861	17	6	11	-7.58	-1
313	315	14264	17	3	14	-16.68	-1
313	316	13642	17	15	2	19.71	1
313	317	13001	16	4	12	-12.13	-1
313	318	11907	16	2	14	-18.20	-1
313	319	11899	16	12	4	12.13	1
313	320	11787	16	1	15	-21.23	-1
313	321	11411	15	13	2	16.68	1
313	322	11133	15	3	12	-13.65	-1
313	323	10414	14	3	11	-12.13	-1
313	324	9747	9	9	0	13.65	1
313	325	9309	8	2	6	-6.07	-1
313	326	9107	8	2	6	-6.07	-1
313	327	8875	8	1	7	-9.10	-1
313	328	8000	8	0	8	-12.13	-1
313	329	7924	8	7	1	9.10	1
313	330	7307	7	5	2	4.55	1
313	331	7192	7	1	6	-7.58	-1
313	332	6600	5	5	0	7.58	1
313	333	6563	4	0	4	-6.07	-1
313	334	6490	4	1	3	-3.03	-1
313	335	6246	4	0	4	-6.07	-1
313	336	6203	4	3	1	3.03	1
313	337	5700	4	2	2	0.00	1
313	338	5517	4	2	2	0.00	1
313	339	4956	4	4	0	6.07	1
313	340	4505	4	4	0	6.07	1
313	341	4049	4	3	1	3.03	1
313	342	3755	4	4	0	6.07	1
313	343	3745	4	0	4	-6.07	-1
313	344	3692	4	0	4	-6.07	-1
313	345	2685	4	4	0	6.07	1
313	346	1383	3	3	0	4.55	1
313	347	532	1	0	1	-1.52	-1
314	315	16506	19	17	2	22.75	1
314	316	17233	20	3	17	-21.23	-1
314	317	16592	19	15	4	16.68	1
314	318	15498	19	17	2	22.75	1
314	319	13094	16	3	13	-15.16	-1
314	320	13578	17	15	2	19.71	1
314	321	15002	18	3	15	-18.20	-1
314	322	14724	18	16	2	21.23	1
314	323	14005	17	13	4	13.65	1
314	324	13338	12	4	8	-6.07	-1
314	325	12900	11	11	0	16.68	1
314	326	12698	11	8	3	7.58	1
314	327	12466	11	7	4	4.55	1
314	328	11591	11	9	2	10.61	1
314	329	11515	11	3	8	-7.58	-1
314	330	10898	10	1	9	-12.13	-1
314	331	10783	10	7	3	6.07	1
314	332	10191	8	2	6	-6.07	-1
314	333	10154	7	5	2	4.55	1
314	334	10081	7	6	1	7.58	1
314	335	9837	7	4	3	1.52	1
314	336	9794	7	0	7	-10.61	-1
314	337	9291	7	5	2	4.55	1
314	338	9108	7	7	0	10.61	1
314	339	8547	7	1	6	-7.58	-1
314	340	8096	7	0	7	-10.61	-1
314	341	7640	7	1	6	-7.58	-1
314	342	7346	7	3	4	-1.52	-1
314	343	7336	7	5	2	4.55	1
314	344	7283	7	6	1	7.58	1
314	345	6276	7	0	7	-10.61	-1
314	346	4974	6	0	6	-9.10	-1
314	347	4123	4	4	0	6.07	1
314	348	2238	3	2	1	1.52	1
314	349	1008	1	1	0	1.52	1
314	350	911	1	0	1	-1.52	-1
315	316	15884	19	8	11	-4.55	-1
315	317	15243	18	12	6	9.10	1
315	318	14149	18	15	3	18.20	1
315	319	13094	16	7	9	-3.03	-1
315	320	13578	17	15	2	19.71	1
315	321	13653	17	4	13	-13.65	-1
315	322	13375	17	14	3	16.68	1
315	323	12656	16	14	2	18.20	1
315	324	11989	11	3	8	-7.58	-1
315	325	11551	10	9	1	12.13	1
315	326	11349	10	6	4	3.03	1
315	327	11117	10	9	1	12.13	1
315	328	10242	10	9	1	12.13	1
315	329	10166	10	2	8	-9.10	-1
315	330	9549	9	1	8	-10.61	-1
315	331	9434	9	8	1	10.61	1
315	332	8842	7	1	6	-7.58	-1
315	333	8805	6	4	2	3.03	1
315	334	8732	6	4	2	3.03	1
315	335	8488	6	6	0	9.10	1
315	336	8445	6	1	5	-6.07	-1
315	337	7942	6	5	1	6.07	1
315	338	7759	6	5	1	6.07	1
315	339	7198	6	0	6	-9.10	-1
315	340	6747	6	2	4	-3.03	-1
315	341	6291	6	1	5	-6.07	-1
315	342	5997	6	0	6	-9.10	-1
315	343	5987	6	5	1	6.07	1
315	344	5934	6	5	1	6.07	1
315	345	4927	6	2	4	-3.03	-1
315	346	3625	5	0	5	-7.58	-1
315	347	2774	3	2	1	1.52	1
315	348	889	2	0	2	-3.03	-1
316	317	23062	20	6	14	-12.13	-1
316	318	22425	21	4	17	-19.71	-1
316	319	13094	16	12	4	12.13	1
316	320	13578	17	4	13	-13.65	-1
316	321	20868	19	15	4	16.68	1
316	322	19404	19	4	15	-16.68	-1
316	323	14748	17	5	12	-10.61	-1
316	324	15457	12	10	2	12.13	1
316	325	13115	11	0	11	-16.68	-1
316	326	13971	11	2	9	-10.61	-1
316	327	18169	12	2	10	-12.13	-1
316	328	15486	11	3	8	-7.58	-1
316	329	19609	15	8	7	1.52	1
316	330	13572	10	8	2	9.10	1
316	331	19212	14	1	13	-18.20	-1
316	332	13284	8	8	0	12.13	1
316	333	18583	11	1	10	-13.65	-1
316	334	17228	10	5	5	0.00	1
316	335	18266	11	3	8	-7.58	-1
316	336	15333	8	7	1	9.10	1
316	337	12256	7	2	5	-4.55	-1
316	338	14355	8	2	6	-6.07	-1
316	339	15785	10	9	1	12.13	1
316	340	10860	7	6	1	7.58	1
316	341	16069	11	9	2	10.61	1
316	342	11543	8	8	0	12.13	1
316	343	15765	11	2	9	-10.61	-1
316	344	15712	11	1	10	-13.65	-1
316	345	14705	11	6	5	1.52	1
316	346	13403	10	8	2	9.10	1
316	347	12552	8	1	7	-9.10	-1
316	348	10667	7	5	2	4.55	1
316	349	9437	5	1	4	-4.55	-1
316	350	9340	5	4	1	4.55	1
316	351	8320	4	1	3	-3.03	-1
316	352	7568	4	1	3	-3.03	-1
316	353	7116	4	1	3	-3.03	-1
316	354	7006	4	4	0	6.07	1
316	355	6929	4	0	4	-6.07	-1
316	356	6420	4	3	1	3.03	1
316	357	5952	4	1	3	-3.03	-1
316	358	5864	4	1	3	-3.03	-1
316	359	5004	4	2	2	0.00	1
316	360	4655	4	3	1	3.03	1
316	361	4175	3	0	3	-4.55	-1
316	362	4167	3	2	1	1.52	1
316	363	3640	3	3	0	4.55	1
316	364	3616	3	0	3	-4.55	-1
316	365	3224	3	1	2	-1.52	-1
316	366	2846	3	1	2	-1.52	-1
316	367	1772	2	1	1	0.00	1
316	368	1461	2	2	0	3.03	1
317	318	21968	20	15	5	15.16	1
317	319	13094	16	3	13	-15.16	-1
317	320	13578	17	15	2	19.71	1
317	321	20868	19	4	15	-16.68	-1
317	322	19404	19	11	8	4.55	1
317	323	14748	17	15	2	19.71	1
317	324	15457	12	2	10	-12.13	-1
317	325	13115	11	10	1	13.65	1
317	326	13971	11	10	1	13.65	1
317	327	18169	12	10	2	12.13	1
317	328	15486	11	9	2	10.61	1
317	329	17985	12	2	10	-12.13	-1
317	330	13572	10	2	8	-9.10	-1
317	331	17253	11	6	5	1.52	1
317	332	13284	8	0	8	-12.13	-1
317	333	16624	8	5	3	3.03	1
317	334	16551	8	7	1	9.10	1
317	335	16307	8	7	1	9.10	1
317	336	15333	8	1	7	-9.10	-1
317	337	12256	7	4	3	1.52	1
317	338	14355	8	7	1	9.10	1
317	339	15017	8	1	7	-9.10	-1
317	340	10860	7	2	5	-4.55	-1
317	341	14110	8	1	7	-9.10	-1
317	342	11543	8	1	7	-9.10	-1
317	343	13806	8	5	3	3.03	1
317	344	13753	8	7	1	9.10	1
317	345	12746	8	0	8	-12.13	-1
317	346	11444	7	0	7	-10.61	-1
317	347	10593	5	5	0	7.58	1
317	348	8708	4	1	3	-3.03	-1
317	349	7478	2	1	1	0.00	1
317	350	7381	2	0	2	-3.03	-1
317	351	6361	1	0	1	-1.52	-1
317	352	5609	1	1	0	1.52	1
317	353	5157	1	1	0	1.52	1
317	354	5047	1	0	1	-1.52	-1
317	355	4970	1	0	1	-1.52	-1
317	356	4461	1	1	0	1.52	1
317	357	3993	1	0	1	-1.52	-1
317	358	3905	1	1	0	1.52	1
317	359	3045	1	0	1	-1.52	-1
317	360	2696	1	0	1	-1.52	-1
318	319	13094	16	4	12	-12.13	-1
318	320	13578	17	14	3	16.68	1
318	321	20868	19	2	17	-22.75	-1
318	322	19404	19	16	3	19.71	1
318	323	14748	17	16	1	22.75	1
318	324	15457	12	4	8	-6.07	-1
318	325	13115	11	7	4	4.55	1
318	326	13971	11	9	2	10.61	1
318	327	18169	12	9	3	9.10	1
318	328	15486	11	11	0	16.68	1
318	329	18442	13	3	10	-10.61	-1
318	330	13572	10	3	7	-6.07	-1
318	331	17710	12	10	2	12.13	1
318	332	13284	8	1	7	-9.10	-1
318	333	17081	9	9	0	13.65	1
318	334	17008	9	7	2	7.58	1
318	335	16764	9	8	1	10.61	1
318	336	15333	8	0	8	-12.13	-1
318	337	12256	7	4	3	1.52	1
318	338	14355	8	6	2	6.07	1
318	339	15474	9	3	6	-4.55	-1
318	340	10860	7	2	5	-4.55	-1
318	341	14567	9	2	7	-7.58	-1
318	342	11543	8	2	6	-6.07	-1
318	343	14263	9	7	2	7.58	1
318	344	14210	9	6	3	4.55	1
318	345	13203	9	1	8	-10.61	-1
318	346	11901	8	2	6	-6.07	-1
318	347	11050	6	6	0	9.10	1
318	348	9165	5	0	5	-7.58	-1
318	349	7935	3	2	1	1.52	1
318	350	7838	3	0	3	-4.55	-1
318	351	6818	2	2	0	3.03	1
318	352	6066	2	1	1	0.00	1
318	353	5614	2	1	1	0.00	1
318	354	5504	2	0	2	-3.03	-1
318	355	5427	2	2	0	3.03	1
318	356	4918	2	2	0	3.03	1
318	357	4450	2	2	0	3.03	1
318	358	4362	2	2	0	3.03	1
318	359	3502	2	0	2	-3.03	-1
318	360	3153	2	1	1	0.00	1
318	361	2673	1	1	0	1.52	1
318	362	2665	1	0	1	-1.52	-1
318	363	2138	1	1	0	1.52	1
318	364	2114	1	1	0	1.52	1
318	365	1722	1	1	0	1.52	1
318	366	1344	1	1	0	1.52	1
319	320	12982	16	2	14	-18.20	-1
319	321	12606	15	10	5	7.58	1
319	322	12328	15	3	12	-13.65	-1
319	323	11609	14	4	10	-9.10	-1
319	324	10942	9	9	0	13.65	1
319	325	10504	8	0	8	-12.13	-1
319	326	10302	8	1	7	-9.10	-1
319	327	10070	8	1	7	-9.10	-1
319	328	9195	8	0	8	-12.13	-1
319	329	9119	8	7	1	9.10	1
319	330	8502	7	5	2	4.55	1
319	331	8387	7	0	7	-10.61	-1
319	332	7795	5	5	0	7.58	1
319	333	7758	4	0	4	-6.07	-1
319	334	7685	4	1	3	-3.03	-1
319	335	7441	4	2	2	0.00	1
319	336	7398	4	2	2	0.00	1
319	337	6895	4	1	3	-3.03	-1
319	338	6712	4	0	4	-6.07	-1
319	339	6151	4	4	0	6.07	1
319	340	5700	4	4	0	6.07	1
319	341	5244	4	4	0	6.07	1
319	342	4950	4	3	1	3.03	1
319	343	4940	4	1	3	-3.03	-1
319	344	4887	4	1	3	-3.03	-1
319	345	3880	4	4	0	6.07	1
319	346	2578	3	3	0	4.55	1
319	347	1727	1	0	1	-1.52	-1
320	321	13202	16	5	11	-9.10	-1
320	322	12924	16	14	2	18.20	1
320	323	12205	15	13	2	16.68	1
320	324	11538	10	1	9	-12.13	-1
320	325	11100	9	6	3	4.55	1
320	326	10898	9	9	0	13.65	1
320	327	10666	9	7	2	7.58	1
320	328	9791	9	7	2	7.58	1
320	329	9715	9	2	7	-7.58	-1
320	330	9098	8	2	6	-6.07	-1
320	331	8983	8	6	2	6.07	1
320	332	8391	6	0	6	-9.10	-1
320	333	8354	5	4	1	4.55	1
320	334	8281	5	3	2	1.52	1
320	335	8037	5	5	0	7.58	1
320	336	7994	5	0	5	-7.58	-1
320	337	7491	5	4	1	4.55	1
320	338	7308	5	4	1	4.55	1
320	339	6747	5	0	5	-7.58	-1
320	340	6296	5	2	3	-1.52	-1
320	341	5840	5	1	4	-4.55	-1
320	342	5546	5	0	5	-7.58	-1
320	343	5536	5	3	2	1.52	1
320	344	5483	5	5	0	7.58	1
320	345	4476	5	1	4	-4.55	-1
320	346	3174	4	1	3	-3.03	-1
320	347	2323	2	1	1	0.00	1
320	348	438	1	0	1	-1.52	-1
321	322	19404	19	1	18	-25.78	-1
321	323	14748	17	5	12	-10.61	-1
321	324	15457	12	11	1	15.16	1
321	325	13115	11	2	9	-10.61	-1
321	326	13971	11	1	10	-13.65	-1
321	327	18169	12	5	7	-3.03	-1
321	328	15486	11	2	9	-10.61	-1
321	329	17381	12	10	2	12.13	1
321	330	13572	10	9	1	12.13	1
321	331	16649	11	2	9	-10.61	-1
321	332	13284	8	7	1	9.10	1
321	333	16020	8	1	7	-9.10	-1
321	334	15947	8	0	8	-12.13	-1
321	335	15703	8	4	4	0.00	1
321	336	15333	8	8	0	12.13	1
321	337	12256	7	1	6	-7.58	-1
321	338	14355	8	1	7	-9.10	-1
321	339	14413	8	6	2	6.07	1
321	340	10860	7	6	1	7.58	1
321	341	13506	8	8	0	12.13	1
321	342	11543	8	8	0	12.13	1
321	343	13202	8	1	7	-9.10	-1
321	344	13149	8	1	7	-9.10	-1
321	345	12142	8	5	3	3.03	1
321	346	10840	7	6	1	7.58	1
321	347	9989	5	3	2	1.52	1
321	348	8104	4	3	1	3.03	1
321	349	6874	2	0	2	-3.03	-1
321	350	6777	2	0	2	-3.03	-1
321	351	5757	1	0	1	-1.52	-1
321	352	5005	1	0	1	-1.52	-1
321	353	4553	1	0	1	-1.52	-1
321	354	4443	1	1	0	1.52	1
321	355	4366	1	0	1	-1.52	-1
321	356	3857	1	0	1	-1.52	-1
321	357	3389	1	0	1	-1.52	-1
321	358	3301	1	1	0	1.52	1
321	359	2441	1	1	0	1.52	1
321	360	2092	1	0	1	-1.52	-1
322	323	14748	17	12	5	10.61	1
322	324	15457	12	2	10	-12.13	-1
322	325	13115	11	9	2	10.61	1
322	326	13971	11	10	1	13.65	1
322	327	17146	12	10	2	12.13	1
322	328	15486	11	10	1	13.65	1
322	329	16195	12	4	8	-6.07	-1
322	330	13572	10	2	8	-9.10	-1
322	331	15463	11	10	1	13.65	1
322	332	13284	8	3	5	-3.03	-1
322	333	14834	8	7	1	9.10	1
322	334	14761	8	8	0	12.13	1
322	335	14517	8	6	2	6.07	1
322	336	14474	8	2	6	-6.07	-1
322	337	12256	7	5	2	4.55	1
322	338	13788	8	8	0	12.13	1
322	339	13227	8	2	6	-6.07	-1
322	340	10860	7	1	6	-7.58	-1
322	341	12320	8	2	6	-6.07	-1
322	342	11543	8	0	8	-12.13	-1
322	343	12016	8	7	1	9.10	1
322	344	11963	8	7	1	9.10	1
322	345	10956	8	4	4	0.00	1
322	346	9654	7	0	7	-10.61	-1
322	347	8803	5	3	2	1.52	1
322	348	6918	4	0	4	-6.07	-1
322	349	5688	2	1	1	0.00	1
322	350	5591	2	1	1	0.00	1
322	351	4571	1	1	0	1.52	1
322	352	3819	1	1	0	1.52	1
322	353	3367	1	0	1	-1.52	-1
322	354	3257	1	0	1	-1.52	-1
322	355	3180	1	1	0	1.52	1
322	356	2671	1	1	0	1.52	1
322	357	2203	1	1	0	1.52	1
322	358	2115	1	1	0	1.52	1
322	359	1255	1	0	1	-1.52	-1
322	360	906	1	0	1	-1.52	-1
323	324	14081	12	3	9	-9.10	-1
323	325	13115	11	6	5	1.52	1
323	326	13441	11	8	3	7.58	1
323	327	13209	11	9	2	10.61	1
323	328	12334	11	7	4	4.55	1
323	329	12258	11	2	9	-10.61	-1
323	330	11641	10	5	5	0.00	1
323	331	11526	10	8	2	9.10	1
323	332	10934	8	3	5	-3.03	-1
323	333	10897	7	6	1	7.58	1
323	334	10824	7	7	0	10.61	1
323	335	10580	7	5	2	4.55	1
323	336	10537	7	0	7	-10.61	-1
323	337	10034	7	6	1	7.58	1
323	338	9851	7	6	1	7.58	1
323	339	9290	7	0	7	-10.61	-1
323	340	8839	7	1	6	-7.58	-1
323	341	8383	7	0	7	-10.61	-1
323	342	8089	7	0	7	-10.61	-1
323	343	8079	7	5	2	4.55	1
323	344	8026	7	5	2	4.55	1
323	345	7019	7	0	7	-10.61	-1
323	346	5717	6	0	6	-9.10	-1
323	347	4866	4	3	1	3.03	1
323	348	2981	3	0	3	-4.55	-1
323	349	1751	1	0	1	-1.52	-1
323	350	1654	1	0	1	-1.52	-1
324	325	13115	11	3	8	-7.58	-1
324	326	13971	11	2	9	-10.61	-1
324	327	14585	11	2	9	-10.61	-1
324	328	13710	11	3	8	-7.58	-1
324	329	13634	11	7	4	4.55	1
324	330	13017	10	8	2	9.10	1
324	331	12902	10	0	10	-15.16	-1
324	332	12310	8	7	1	9.10	1
324	333	12273	7	1	6	-7.58	-1
324	334	12200	7	0	7	-10.61	-1
324	335	11956	7	3	4	-1.52	-1
324	336	11913	7	5	2	4.55	1
324	337	11410	7	0	7	-10.61	-1
324	338	11227	7	2	5	-4.55	-1
324	339	10666	7	7	0	10.61	1
324	340	10215	7	5	2	4.55	1
324	341	9759	7	6	1	7.58	1
324	342	9465	7	7	0	10.61	1
324	343	9455	7	1	6	-7.58	-1
324	344	9402	7	2	5	-4.55	-1
324	345	8395	7	7	0	10.61	1
324	346	7093	6	5	1	6.07	1
324	347	6242	4	0	4	-6.07	-1
324	348	4357	3	3	0	4.55	1
324	349	3127	1	0	1	-1.52	-1
324	350	3030	1	0	1	-1.52	-1
325	326	12913	11	10	1	13.65	1
325	327	12681	11	10	1	13.65	1
325	328	11806	11	6	5	1.52	1
325	329	11730	11	1	10	-13.65	-1
325	330	11113	10	3	7	-6.07	-1
325	331	10998	10	10	0	15.16	1
325	332	10406	8	1	7	-9.10	-1
325	333	10369	7	7	0	10.61	1
325	334	10296	7	6	1	7.58	1
325	335	10052	7	6	1	7.58	1
325	336	10009	7	1	6	-7.58	-1
325	337	9506	7	3	4	-1.52	-1
325	338	9323	7	7	0	10.61	1
325	339	8762	7	2	5	-4.55	-1
325	340	8311	7	0	7	-10.61	-1
325	341	7855	7	1	6	-7.58	-1
325	342	7561	7	2	5	-4.55	-1
325	343	7551	7	7	0	10.61	1
325	344	7498	7	7	0	10.61	1
325	345	6491	7	3	4	-1.52	-1
325	346	5189	6	1	5	-6.07	-1
325	347	4338	4	1	3	-3.03	-1
325	348	2453	3	0	3	-4.55	-1
325	349	1223	1	1	0	1.52	1
325	350	1126	1	0	1	-1.52	-1
326	327	13739	11	7	4	4.55	1
326	328	12864	11	10	1	13.65	1
326	329	12788	11	0	11	-16.68	-1
326	330	12171	10	2	8	-9.10	-1
326	331	12056	10	8	2	9.10	1
326	332	11464	8	0	8	-12.13	-1
326	333	11427	7	4	3	1.52	1
326	334	11354	7	4	3	1.52	1
326	335	11110	7	6	1	7.58	1
326	336	11067	7	1	6	-7.58	-1
326	337	10564	7	7	0	10.61	1
326	338	10381	7	4	3	1.52	1
326	339	9820	7	2	5	-4.55	-1
326	340	9369	7	0	7	-10.61	-1
326	341	8913	7	1	6	-7.58	-1
326	342	8619	7	3	4	-1.52	-1
326	343	8609	7	7	0	10.61	1
326	344	8556	7	7	0	10.61	1
326	345	7549	7	4	3	1.52	1
326	346	6247	6	1	5	-6.07	-1
326	347	5396	4	4	0	6.07	1
326	348	3511	3	1	2	-1.52	-1
326	349	2281	1	1	0	1.52	1
326	350	2184	1	0	1	-1.52	-1
327	328	15486	11	9	2	10.61	1
327	329	17218	12	3	9	-9.10	-1
327	330	13572	10	3	7	-6.07	-1
327	331	16486	11	10	1	13.65	1
327	332	13284	8	2	6	-6.07	-1
327	333	15857	8	8	0	12.13	1
327	334	15784	8	7	1	9.10	1
327	335	15540	8	5	3	3.03	1
327	336	15333	8	1	7	-9.10	-1
327	337	12256	7	5	2	4.55	1
327	338	14355	8	7	1	9.10	1
327	339	14250	8	3	5	-3.03	-1
327	340	10860	7	1	6	-7.58	-1
327	341	13343	8	1	7	-9.10	-1
327	342	11543	8	1	7	-9.10	-1
327	343	13039	8	6	2	6.07	1
327	344	12986	8	5	3	3.03	1
327	345	11979	8	0	8	-12.13	-1
327	346	10677	7	2	5	-4.55	-1
327	347	9826	5	5	0	7.58	1
327	348	7941	4	1	3	-3.03	-1
327	349	6711	2	2	0	3.03	1
327	350	6614	2	0	2	-3.03	-1
327	351	5594	1	1	0	1.52	1
327	352	4842	1	1	0	1.52	1
327	353	4390	1	1	0	1.52	1
327	354	4280	1	0	1	-1.52	-1
327	355	4203	1	1	0	1.52	1
327	356	3694	1	1	0	1.52	1
327	357	3226	1	1	0	1.52	1
327	358	3138	1	1	0	1.52	1
327	359	2278	1	0	1	-1.52	-1
327	360	1929	1	0	1	-1.52	-1
328	329	15410	11	4	7	-4.55	-1
328	330	13572	10	0	10	-15.16	-1
328	331	14678	10	10	0	15.16	1
328	332	13284	8	1	7	-9.10	-1
328	333	14049	7	5	2	4.55	1
328	334	13976	7	6	1	7.58	1
328	335	13732	7	5	2	4.55	1
328	336	13689	7	2	5	-4.55	-1
328	337	12256	7	6	1	7.58	1
328	338	13003	7	6	1	7.58	1
328	339	12442	7	1	6	-7.58	-1
328	340	10860	7	1	6	-7.58	-1
328	341	11535	7	2	5	-4.55	-1
328	342	11241	7	1	6	-7.58	-1
328	343	11231	7	5	2	4.55	1
328	344	11178	7	7	0	10.61	1
328	345	10171	7	1	6	-7.58	-1
328	346	8869	6	0	6	-9.10	-1
328	347	8018	4	4	0	6.07	1
328	348	6133	3	1	2	-1.52	-1
328	349	4903	1	1	0	1.52	1
328	350	4806	1	0	1	-1.52	-1
329	330	13572	10	7	3	6.07	1
329	331	18877	14	2	12	-15.16	-1
329	332	13284	8	6	2	6.07	1
329	333	18248	11	3	8	-7.58	-1
329	334	17228	10	2	8	-9.10	-1
329	335	17931	11	1	10	-13.65	-1
329	336	15333	8	7	1	9.10	1
329	337	12256	7	3	4	-1.52	-1
329	338	14355	8	1	7	-9.10	-1
329	339	15785	10	8	2	9.10	1
329	340	10860	7	7	0	10.61	1
329	341	15734	11	7	4	4.55	1
329	342	11543	8	8	0	12.13	1
329	343	15430	11	4	7	-4.55	-1
329	344	15377	11	1	10	-13.65	-1
329	345	14370	11	8	3	7.58	1
329	346	13068	10	10	0	15.16	1
329	347	12217	8	1	7	-9.10	-1
329	348	10332	7	4	3	1.52	1
329	349	9102	5	0	5	-7.58	-1
329	350	9005	5	5	0	7.58	1
329	351	7985	4	0	4	-6.07	-1
329	352	7233	4	1	3	-3.03	-1
329	353	6781	4	0	4	-6.07	-1
329	354	6671	4	4	0	6.07	1
329	355	6594	4	0	4	-6.07	-1
329	356	6085	4	0	4	-6.07	-1
329	357	5617	4	1	3	-3.03	-1
329	358	5529	4	0	4	-6.07	-1
329	359	4669	4	3	1	3.03	1
329	360	4320	4	3	1	3.03	1
329	361	3840	3	2	1	1.52	1
329	362	3832	3	3	0	4.55	1
329	363	3305	3	0	3	-4.55	-1
329	364	3281	3	1	2	-1.52	-1
329	365	2889	3	0	3	-4.55	-1
329	366	2511	3	1	2	-1.52	-1
329	367	1437	2	0	2	-3.03	-1
329	368	1126	2	2	0	3.03	1
330	331	13457	10	1	9	-12.13	-1
330	332	12865	8	7	1	9.10	1
330	333	12828	7	3	4	-1.52	-1
330	334	12755	7	2	5	-4.55	-1
330	335	12511	7	0	7	-10.61	-1
330	336	12468	7	5	2	4.55	1
330	337	11965	7	1	6	-7.58	-1
330	338	11782	7	1	6	-7.58	-1
330	339	11221	7	5	2	4.55	1
330	340	10770	7	7	0	10.61	1
330	341	10314	7	5	2	4.55	1
330	342	10020	7	6	1	7.58	1
330	343	10010	7	2	5	-4.55	-1
330	344	9957	7	2	5	-4.55	-1
330	345	8950	7	7	0	10.61	1
330	346	7648	6	5	1	6.07	1
330	347	6797	4	0	4	-6.07	-1
330	348	4912	3	3	0	4.55	1
330	349	3682	1	0	1	-1.52	-1
330	350	3585	1	0	1	-1.52	-1
331	332	13284	8	0	8	-12.13	-1
331	333	20381	12	9	3	9.10	1
331	334	17228	10	9	1	12.13	1
331	335	18397	11	9	2	10.61	1
331	336	15333	8	2	6	-6.07	-1
331	337	12256	7	5	2	4.55	1
331	338	14355	8	7	1	9.10	1
331	339	15785	10	2	8	-9.10	-1
331	340	10860	7	0	7	-10.61	-1
331	341	21001	17	3	14	-16.68	-1
331	342	11543	8	1	7	-9.10	-1
331	343	20520	17	14	3	16.68	1
331	344	18701	12	7	5	3.03	1
331	345	16692	12	3	9	-9.10	-1
331	346	15351	11	1	10	-13.65	-1
331	347	18115	14	12	2	15.16	1
331	348	14850	12	1	11	-15.16	-1
331	349	13037	10	9	1	12.13	1
331	350	14903	11	2	9	-10.61	-1
331	351	13883	10	7	3	6.07	1
331	352	13131	10	9	1	12.13	1
331	353	12679	10	9	1	12.13	1
331	354	12569	10	2	8	-9.10	-1
331	355	12492	10	6	4	3.03	1
331	356	11983	10	7	3	6.07	1
331	357	11515	10	8	2	9.10	1
331	358	11427	10	9	1	12.13	1
331	359	10567	10	2	8	-9.10	-1
331	360	10218	10	2	8	-9.10	-1
331	361	9738	9	8	1	10.61	1
331	362	9730	9	1	8	-10.61	-1
331	363	9203	9	7	2	7.58	1
331	364	9179	9	5	4	1.52	1
331	365	8787	9	5	4	1.52	1
331	366	8409	9	7	2	7.58	1
331	367	7335	8	5	3	3.03	1
331	368	7024	8	0	8	-12.13	-1
331	369	5778	6	2	4	-3.03	-1
331	370	4913	6	1	5	-6.07	-1
331	371	3563	5	1	4	-4.55	-1
331	372	2596	5	5	0	7.58	1
331	373	2065	1	0	1	-1.52	-1
332	333	13247	7	0	7	-10.61	-1
332	334	13174	7	2	5	-4.55	-1
332	335	12930	7	1	6	-7.58	-1
332	336	12887	7	7	0	10.61	1
332	337	12256	7	1	6	-7.58	-1
332	338	12201	7	0	7	-10.61	-1
332	339	11640	7	5	2	4.55	1
332	340	10860	7	4	3	1.52	1
332	341	10733	7	5	2	4.55	1
332	342	10439	7	6	1	7.58	1
332	343	10429	7	1	6	-7.58	-1
332	344	10376	7	0	7	-10.61	-1
332	345	9369	7	5	2	4.55	1
332	346	8067	6	5	1	6.07	1
332	347	7216	4	0	4	-6.07	-1
332	348	5331	3	2	1	1.52	1
332	349	4101	1	0	1	-1.52	-1
332	350	4004	1	1	0	1.52	1
333	334	17228	10	8	2	9.10	1
333	335	18397	11	10	1	13.65	1
333	336	15333	8	1	7	-9.10	-1
333	337	12256	7	7	0	10.61	1
333	338	14355	8	7	1	9.10	1
333	339	15785	10	4	6	-3.03	-1
333	340	10860	7	1	6	-7.58	-1
333	341	17867	12	2	10	-12.13	-1
333	342	11543	8	1	7	-9.10	-1
333	343	17563	12	10	2	12.13	1
333	344	17510	12	9	3	9.10	1
333	345	16503	12	2	10	-12.13	-1
333	346	15201	11	1	10	-13.65	-1
333	347	14350	9	7	2	7.58	1
333	348	12465	8	1	7	-9.10	-1
333	349	11235	6	5	1	6.07	1
333	350	11138	6	0	6	-9.10	-1
333	351	10118	5	5	0	7.58	1
333	352	9366	5	4	1	4.55	1
333	353	8914	5	4	1	4.55	1
333	354	8804	5	0	5	-7.58	-1
333	355	8727	5	4	1	4.55	1
333	356	8218	5	4	1	4.55	1
333	357	7750	5	3	2	1.52	1
333	358	7662	5	4	1	4.55	1
333	359	6802	5	2	3	-1.52	-1
333	360	6453	5	0	5	-7.58	-1
333	361	5973	4	3	1	3.03	1
333	362	5965	4	1	3	-3.03	-1
333	363	5438	4	3	1	3.03	1
333	364	5414	4	3	1	3.03	1
333	365	5022	4	4	0	6.07	1
333	366	4644	4	3	1	3.03	1
333	367	3570	3	3	0	4.55	1
333	368	3259	3	0	3	-4.55	-1
333	369	2013	1	0	1	-1.52	-1
333	370	1148	1	0	1	-1.52	-1
334	335	16984	10	8	2	9.10	1
334	336	15333	8	1	7	-9.10	-1
334	337	12256	7	6	1	7.58	1
334	338	14355	8	8	0	12.13	1
334	339	15694	10	3	7	-6.07	-1
334	340	10860	7	2	5	-4.55	-1
334	341	14787	10	2	8	-9.10	-1
334	342	11543	8	1	7	-9.10	-1
334	343	14483	10	6	4	3.03	1
334	344	14430	10	8	2	9.10	1
334	345	13423	10	3	7	-6.07	-1
334	346	12121	9	2	7	-7.58	-1
334	347	11270	7	4	3	1.52	1
334	348	9385	6	3	3	0.00	1
334	349	8155	4	4	0	6.07	1
334	350	8058	4	2	2	0.00	1
334	351	7038	3	3	0	4.55	1
334	352	6286	3	3	0	4.55	1
334	353	5834	3	3	0	4.55	1
334	354	5724	3	0	3	-4.55	-1
334	355	5647	3	1	2	-1.52	-1
334	356	5138	3	3	0	4.55	1
334	357	4670	3	1	2	-1.52	-1
334	358	4582	3	2	1	1.52	1
334	359	3722	3	0	3	-4.55	-1
334	360	3373	3	1	2	-1.52	-1
334	361	2893	2	2	0	3.03	1
334	362	2885	2	2	0	3.03	1
334	363	2358	2	1	1	0.00	1
334	364	2334	2	1	1	0.00	1
334	365	1942	2	2	0	3.03	1
334	366	1564	2	1	1	0.00	1
334	367	490	1	0	1	-1.52	-1
334	368	179	1	1	0	1.52	1
335	336	15333	8	2	6	-6.07	-1
335	337	12256	7	6	1	7.58	1
335	338	14355	8	6	2	6.07	1
335	339	15785	10	1	9	-12.13	-1
335	340	10860	7	0	7	-10.61	-1
335	341	16200	11	3	8	-7.58	-1
335	342	11543	8	1	7	-9.10	-1
335	343	15896	11	8	3	7.58	1
335	344	15843	11	9	2	10.61	1
335	345	14836	11	0	11	-16.68	-1
335	346	13534	10	2	8	-9.10	-1
335	347	12683	8	7	1	9.10	1
335	348	10798	7	1	6	-7.58	-1
335	349	9568	5	4	1	4.55	1
335	350	9471	5	0	5	-7.58	-1
335	351	8451	4	4	0	6.07	1
335	352	7699	4	3	1	3.03	1
335	353	7247	4	4	0	6.07	1
335	354	7137	4	0	4	-6.07	-1
335	355	7060	4	3	1	3.03	1
335	356	6551	4	4	0	6.07	1
335	357	6083	4	4	0	6.07	1
335	358	5995	4	4	0	6.07	1
335	359	5135	4	1	3	-3.03	-1
335	360	4786	4	1	3	-3.03	-1
335	361	4306	3	2	1	1.52	1
335	362	4298	3	2	1	1.52	1
335	363	3771	3	1	2	-1.52	-1
335	364	3747	3	2	1	1.52	1
335	365	3355	3	3	0	4.55	1
335	366	2977	3	2	1	1.52	1
335	367	1903	2	1	1	0.00	1
335	368	1592	2	0	2	-3.03	-1
336	337	12256	7	2	5	-4.55	-1
336	338	14355	8	0	8	-12.13	-1
336	339	14086	8	7	1	9.10	1
336	340	10860	7	5	2	4.55	1
336	341	13179	8	6	2	6.07	1
336	342	11543	8	8	0	12.13	1
336	343	12875	8	1	7	-9.10	-1
336	344	12822	8	1	7	-9.10	-1
336	345	11815	8	8	0	12.13	1
336	346	10513	7	6	1	7.58	1
336	347	9662	5	1	4	-4.55	-1
336	348	7777	4	4	0	6.07	1
336	349	6547	2	0	2	-3.03	-1
336	350	6450	2	1	1	0.00	1
336	351	5430	1	0	1	-1.52	-1
336	352	4678	1	0	1	-1.52	-1
336	353	4226	1	0	1	-1.52	-1
336	354	4116	1	1	0	1.52	1
336	355	4039	1	1	0	1.52	1
336	356	3530	1	1	0	1.52	1
336	357	3062	1	0	1	-1.52	-1
336	358	2974	1	1	0	1.52	1
336	359	2114	1	1	0	1.52	1
336	360	1765	1	1	0	1.52	1
337	338	12073	7	6	1	7.58	1
337	339	11512	7	1	6	-7.58	-1
337	340	10860	7	1	6	-7.58	-1
337	341	10605	7	1	6	-7.58	-1
337	342	10311	7	1	6	-7.58	-1
337	343	10301	7	7	0	10.61	1
337	344	10248	7	7	0	10.61	1
337	345	9241	7	1	6	-7.58	-1
337	346	7939	6	0	6	-9.10	-1
337	347	7088	4	4	0	6.07	1
337	348	5203	3	0	3	-4.55	-1
337	349	3973	1	1	0	1.52	1
337	350	3876	1	0	1	-1.52	-1
338	339	13794	8	3	5	-3.03	-1
338	340	10860	7	2	5	-4.55	-1
338	341	12887	8	0	8	-12.13	-1
338	342	11543	8	1	7	-9.10	-1
338	343	12583	8	8	0	12.13	1
338	344	12530	8	7	1	9.10	1
338	345	11523	8	0	8	-12.13	-1
338	346	10221	7	2	5	-4.55	-1
338	347	9370	5	5	0	7.58	1
338	348	7485	4	0	4	-6.07	-1
338	349	6255	2	2	0	3.03	1
338	350	6158	2	0	2	-3.03	-1
338	351	5138	1	1	0	1.52	1
338	352	4386	1	1	0	1.52	1
338	353	3934	1	1	0	1.52	1
338	354	3824	1	0	1	-1.52	-1
338	355	3747	1	1	0	1.52	1
338	356	3238	1	1	0	1.52	1
338	357	2770	1	1	0	1.52	1
338	358	2682	1	1	0	1.52	1
338	359	1822	1	1	0	1.52	1
338	360	1473	1	1	0	1.52	1
339	340	10860	7	5	2	4.55	1
339	341	14878	10	9	1	12.13	1
339	342	11543	8	6	2	6.07	1
339	343	14574	10	4	6	-3.03	-1
339	344	14521	10	1	9	-12.13	-1
339	345	13514	10	8	2	9.10	1
339	346	12212	9	7	2	7.58	1
339	347	11361	7	1	6	-7.58	-1
339	348	9476	6	5	1	6.07	1
339	349	8246	4	1	3	-3.03	-1
339	350	8149	4	2	2	0.00	1
339	351	7129	3	0	3	-4.55	-1
339	352	6377	3	0	3	-4.55	-1
339	353	5925	3	0	3	-4.55	-1
339	354	5815	3	2	1	1.52	1
339	355	5738	3	1	2	-1.52	-1
339	356	5229	3	0	3	-4.55	-1
339	357	4761	3	0	3	-4.55	-1
339	358	4673	3	1	2	-1.52	-1
339	359	3813	3	2	1	1.52	1
339	360	3464	3	3	0	4.55	1
339	361	2984	2	1	1	0.00	1
339	362	2976	2	2	0	3.03	1
339	363	2449	2	1	1	0.00	1
339	364	2425	2	0	2	-3.03	-1
339	365	2033	2	0	2	-3.03	-1
339	366	1655	2	0	2	-3.03	-1
339	367	581	1	0	1	-1.52	-1
339	368	270	1	0	1	-1.52	-1
340	341	10404	7	6	1	7.58	1
340	342	10110	7	5	2	4.55	1
340	343	10100	7	1	6	-7.58	-1
340	344	10047	7	2	5	-4.55	-1
340	345	9040	7	7	0	10.61	1
340	346	7738	6	5	1	6.07	1
340	347	6887	4	2	2	0.00	1
340	348	5002	3	2	1	1.52	1
340	349	3772	1	0	1	-1.52	-1
340	350	3675	1	1	0	1.52	1
341	342	11543	8	7	1	9.10	1
341	343	20520	17	5	12	-10.61	-1
341	344	18701	12	3	9	-9.10	-1
341	345	16692	12	10	2	12.13	1
341	346	15351	11	8	3	7.58	1
341	347	17484	14	1	13	-18.20	-1
341	348	14850	12	9	3	9.10	1
341	349	13037	10	2	8	-9.10	-1
341	350	14272	11	10	1	13.65	1
341	351	13252	10	4	6	-3.03	-1
341	352	12500	10	1	9	-12.13	-1
341	353	12048	10	4	6	-3.03	-1
341	354	11938	10	6	4	3.03	1
341	355	11861	10	2	8	-9.10	-1
341	356	11352	10	2	8	-9.10	-1
341	357	10884	10	1	9	-12.13	-1
341	358	10796	10	2	8	-9.10	-1
341	359	9936	10	7	3	6.07	1
341	360	9587	10	8	2	9.10	1
341	361	9107	9	1	8	-10.61	-1
341	362	9099	9	9	0	13.65	1
341	363	8572	9	1	8	-10.61	-1
341	364	8548	9	1	8	-10.61	-1
341	365	8156	9	0	9	-13.65	-1
341	366	7778	9	2	7	-7.58	-1
341	367	6704	8	0	8	-12.13	-1
341	368	6393	8	6	2	6.07	1
341	369	5147	6	5	1	6.07	1
341	370	4282	6	5	1	6.07	1
341	371	2932	5	5	0	7.58	1
341	372	1965	5	2	3	-1.52	-1
341	373	1434	1	1	0	1.52	1
342	343	11533	8	0	8	-12.13	-1
342	344	11480	8	1	7	-9.10	-1
342	345	10473	8	6	2	6.07	1
342	346	9171	7	5	2	4.55	1
342	347	8320	5	2	3	-1.52	-1
342	348	6435	4	3	1	3.03	1
342	349	5205	2	1	1	0.00	1
342	350	5108	2	2	0	3.03	1
342	351	4088	1	0	1	-1.52	-1
342	352	3336	1	0	1	-1.52	-1
342	353	2884	1	0	1	-1.52	-1
342	354	2774	1	1	0	1.52	1
342	355	2697	1	0	1	-1.52	-1
342	356	2188	1	0	1	-1.52	-1
342	357	1720	1	0	1	-1.52	-1
342	358	1632	1	0	1	-1.52	-1
342	359	772	1	1	0	1.52	1
342	360	423	1	1	0	1.52	1
343	344	18701	12	9	3	9.10	1
343	345	16692	12	2	10	-12.13	-1
343	346	15351	11	3	8	-7.58	-1
343	347	17307	14	12	2	15.16	1
343	348	14850	12	2	10	-12.13	-1
343	349	13037	10	7	3	6.07	1
343	350	14095	11	2	9	-10.61	-1
343	351	13075	10	8	2	9.10	1
343	352	12323	10	8	2	9.10	1
343	353	11871	10	7	3	6.07	1
343	354	11761	10	0	10	-15.16	-1
343	355	11684	10	8	2	9.10	1
343	356	11175	10	7	3	6.07	1
343	357	10707	10	9	1	12.13	1
343	358	10619	10	9	1	12.13	1
343	359	9759	10	1	9	-12.13	-1
343	360	9410	10	4	6	-3.03	-1
343	361	8930	9	7	2	7.58	1
343	362	8922	9	3	6	-4.55	-1
343	363	8395	9	8	1	10.61	1
343	364	8371	9	4	5	-1.52	-1
343	365	7979	9	6	3	4.55	1
343	366	7601	9	7	2	7.58	1
343	367	6527	8	7	1	9.10	1
343	368	6216	8	3	5	-3.03	-1
343	369	4970	6	0	6	-9.10	-1
343	370	4105	6	3	3	0.00	1
343	371	2755	5	0	5	-7.58	-1
343	372	1788	5	4	1	4.55	1
343	373	1257	1	0	1	-1.52	-1
344	345	16692	12	2	10	-12.13	-1
344	346	15351	11	2	9	-10.61	-1
344	347	15541	9	6	3	4.55	1
344	348	13656	8	1	7	-9.10	-1
344	349	12426	6	5	1	6.07	1
344	350	12329	6	2	4	-3.03	-1
344	351	11309	5	4	1	4.55	1
344	352	10557	5	4	1	4.55	1
344	353	10105	5	4	1	4.55	1
344	354	9995	5	1	4	-4.55	-1
344	355	9918	5	3	2	1.52	1
344	356	9409	5	5	0	7.58	1
344	357	8941	5	5	0	7.58	1
344	358	8853	5	4	1	4.55	1
344	359	7993	5	1	4	-4.55	-1
344	360	7644	5	1	4	-4.55	-1
344	361	7164	4	2	2	0.00	1
344	362	7156	4	0	4	-6.07	-1
344	363	6629	4	4	0	6.07	1
344	364	6605	4	3	1	3.03	1
344	365	6213	4	3	1	3.03	1
344	366	5835	4	4	0	6.07	1
344	367	4761	3	2	1	1.52	1
344	368	4450	3	1	2	-1.52	-1
344	369	3204	1	0	1	-1.52	-1
344	370	2339	1	1	0	1.52	1
345	346	15351	11	8	3	7.58	1
345	347	14539	9	1	8	-10.61	-1
345	348	12654	8	7	1	9.10	1
345	349	11424	6	1	5	-6.07	-1
345	350	11327	6	5	1	6.07	1
345	351	10307	5	0	5	-7.58	-1
345	352	9555	5	0	5	-7.58	-1
345	353	9103	5	0	5	-7.58	-1
345	354	8993	5	4	1	4.55	1
345	355	8916	5	2	3	-1.52	-1
345	356	8407	5	0	5	-7.58	-1
345	357	7939	5	3	2	1.52	1
345	358	7851	5	0	5	-7.58	-1
345	359	6991	5	4	1	4.55	1
345	360	6642	5	3	2	1.52	1
345	361	6162	4	1	3	-3.03	-1
345	362	6154	4	3	1	3.03	1
345	363	5627	4	0	4	-6.07	-1
345	364	5603	4	1	3	-3.03	-1
345	365	5211	4	2	2	0.00	1
345	366	4833	4	0	4	-6.07	-1
345	367	3759	3	3	0	4.55	1
345	368	3448	3	2	1	1.52	1
345	369	2202	1	1	0	1.52	1
345	370	1337	1	1	0	1.52	1
346	347	14500	9	2	7	-7.58	-1
346	348	12615	8	7	1	9.10	1
346	349	11385	6	1	5	-6.07	-1
346	350	11288	6	6	0	9.10	1
346	351	10268	5	3	2	1.52	1
346	352	9516	5	0	5	-7.58	-1
346	353	9064	5	1	4	-4.55	-1
346	354	8954	5	4	1	4.55	1
346	355	8877	5	0	5	-7.58	-1
346	356	8368	5	1	4	-4.55	-1
346	357	7900	5	0	5	-7.58	-1
346	358	7812	5	1	4	-4.55	-1
346	359	6952	5	3	2	1.52	1
346	360	6603	5	4	1	4.55	1
346	361	6123	4	0	4	-6.07	-1
346	362	6115	4	4	0	6.07	1
346	363	5588	4	1	3	-3.03	-1
346	364	5564	4	1	3	-3.03	-1
346	365	5172	4	1	3	-3.03	-1
346	366	4794	4	0	4	-6.07	-1
346	367	3720	3	0	3	-4.55	-1
346	368	3409	3	1	2	-1.52	-1
346	369	2163	1	1	0	1.52	1
346	370	1298	1	1	0	1.52	1
347	348	14850	12	0	12	-18.20	-1
347	349	13037	10	9	1	12.13	1
347	350	18599	14	4	10	-9.10	-1
347	351	20415	13	13	0	19.71	1
347	352	19198	13	12	1	16.68	1
347	353	22334	16	15	1	21.23	1
347	354	14264	13	2	11	-13.65	-1
347	355	22472	16	14	2	18.20	1
347	356	15671	13	10	3	10.61	1
347	357	14191	13	11	2	13.65	1
347	358	16375	13	12	1	16.68	1
347	359	20547	16	1	15	-21.23	-1
347	360	14156	13	0	13	-19.71	-1
347	361	13818	12	11	1	15.16	1
347	362	14016	12	4	8	-6.07	-1
347	363	12689	12	7	5	3.03	1
347	364	15767	12	9	3	9.10	1
347	365	18767	15	15	0	22.75	1
347	366	18380	15	12	3	13.65	1
347	367	17315	14	9	5	6.07	1
347	368	16531	14	2	12	-15.16	-1
347	369	14581	11	3	8	-7.58	-1
347	370	14641	12	1	11	-15.16	-1
347	371	13543	11	2	9	-10.61	-1
347	372	12576	11	9	2	10.61	1
347	373	12045	7	3	4	-1.52	-1
347	374	11089	6	5	1	6.07	1
347	375	10655	6	6	0	9.10	1
347	376	10268	6	0	6	-9.10	-1
347	377	8721	4	1	3	-3.03	-1
347	378	8238	3	0	3	-4.55	-1
347	379	8158	3	1	2	-1.52	-1
347	380	8016	3	0	3	-4.55	-1
347	381	6884	3	1	2	-1.52	-1
347	382	5570	3	3	0	4.55	1
347	383	5137	3	2	1	1.52	1
347	384	4556	3	1	2	-1.52	-1
347	385	3406	3	2	1	1.52	1
347	386	3258	3	2	1	1.52	1
347	387	3223	3	1	2	-1.52	-1
347	388	1939	2	2	0	3.03	1
347	389	1751	2	2	0	3.03	1
347	390	1105	1	1	0	1.52	1
347	391	755	1	1	0	1.52	1
348	349	13037	10	2	8	-9.10	-1
348	350	13523	10	7	3	6.07	1
348	351	12503	9	3	6	-4.55	-1
348	352	11751	9	2	7	-7.58	-1
348	353	11299	9	4	5	-1.52	-1
348	354	11189	9	8	1	10.61	1
348	355	11112	9	2	7	-7.58	-1
348	356	10603	9	1	8	-10.61	-1
348	357	10135	9	1	8	-10.61	-1
348	358	10047	9	3	6	-4.55	-1
348	359	9187	9	7	2	7.58	1
348	360	8838	9	9	0	13.65	1
348	361	8358	8	3	5	-3.03	-1
348	362	8350	8	6	2	6.07	1
348	363	7823	8	2	6	-6.07	-1
348	364	7799	8	0	8	-12.13	-1
348	365	7407	8	0	8	-12.13	-1
348	366	7029	8	2	6	-6.07	-1
348	367	5955	7	0	7	-10.61	-1
348	368	5644	7	7	0	10.61	1
348	369	4398	5	5	0	7.58	1
348	370	3533	5	4	1	4.55	1
348	371	2183	4	3	1	3.03	1
348	372	1216	4	1	3	-3.03	-1
349	350	12940	10	1	9	-12.13	-1
349	351	11920	9	8	1	10.61	1
349	352	11168	9	8	1	10.61	1
349	353	10716	9	8	1	10.61	1
349	354	10606	9	1	8	-10.61	-1
349	355	10529	9	5	4	1.52	1
349	356	10020	9	7	2	7.58	1
349	357	9552	9	9	0	13.65	1
349	358	9464	9	7	2	7.58	1
349	359	8604	9	1	8	-10.61	-1
349	360	8255	9	1	8	-10.61	-1
349	361	7775	8	5	3	3.03	1
349	362	7767	8	1	7	-9.10	-1
349	363	7240	8	6	2	6.07	1
349	364	7216	8	5	3	3.03	1
349	365	6824	8	6	2	6.07	1
349	366	6446	8	8	0	12.13	1
349	367	5372	7	7	0	10.61	1
349	368	5061	7	0	7	-10.61	-1
349	369	3815	5	1	4	-4.55	-1
349	370	2950	5	1	4	-4.55	-1
349	371	1600	4	2	2	0.00	1
349	372	633	4	3	1	3.03	1
350	351	17579	13	2	11	-13.65	-1
350	352	16827	13	2	11	-13.65	-1
350	353	16375	13	0	13	-19.71	-1
350	354	14264	13	11	2	13.65	1
350	355	16188	13	2	11	-13.65	-1
350	356	15671	13	2	11	-13.65	-1
350	357	14191	13	1	12	-16.68	-1
350	358	15123	13	2	11	-13.65	-1
350	359	14263	13	11	2	13.65	1
350	360	13914	13	10	3	10.61	1
350	361	13434	12	0	12	-18.20	-1
350	362	13426	12	9	3	9.10	1
350	363	12689	12	3	9	-9.10	-1
350	364	12875	12	1	11	-15.16	-1
350	365	12483	12	2	10	-12.13	-1
350	366	12105	12	0	12	-18.20	-1
350	367	11031	11	2	9	-10.61	-1
350	368	10720	11	9	2	10.61	1
350	369	9474	9	8	1	10.61	1
350	370	8609	9	9	0	13.65	1
350	371	7259	8	8	0	12.13	1
350	372	6292	8	1	7	-9.10	-1
350	373	5761	4	4	0	6.07	1
350	374	4805	3	0	3	-4.55	-1
350	375	4371	3	2	1	1.52	1
350	376	3984	3	3	0	4.55	1
350	377	2437	1	1	0	1.52	1
351	352	19198	13	8	5	4.55	1
351	353	19211	13	9	4	7.58	1
351	354	14264	13	4	9	-7.58	-1
351	355	19024	13	10	3	10.61	1
351	356	15671	13	12	1	16.68	1
351	357	14191	13	10	3	10.61	1
351	358	16375	13	10	3	10.61	1
351	359	17099	13	1	12	-16.68	-1
351	360	14156	13	1	12	-16.68	-1
351	361	13818	12	8	4	6.07	1
351	362	14016	12	3	9	-9.10	-1
351	363	12689	12	11	1	15.16	1
351	364	15711	12	8	4	6.07	1
351	365	15319	12	11	1	15.16	1
351	366	14941	12	9	3	9.10	1
351	367	13867	11	10	1	13.65	1
351	368	13556	11	3	8	-7.58	-1
351	369	12310	9	1	8	-10.61	-1
351	370	11445	9	1	8	-10.61	-1
351	371	10095	8	0	8	-12.13	-1
351	372	9128	8	5	3	3.03	1
351	373	8597	4	2	2	0.00	1
351	374	7641	3	3	0	4.55	1
351	375	7207	3	3	0	4.55	1
351	376	6820	3	0	3	-4.55	-1
351	377	5273	1	0	1	-1.52	-1
352	353	18746	13	11	2	13.65	1
352	354	14264	13	2	11	-13.65	-1
352	355	18559	13	12	1	16.68	1
352	356	15671	13	10	3	10.61	1
352	357	14191	13	10	3	10.61	1
352	358	16375	13	12	1	16.68	1
352	359	16634	13	3	10	-10.61	-1
352	360	14156	13	1	12	-16.68	-1
352	361	13818	12	10	2	12.13	1
352	362	14016	12	4	8	-6.07	-1
352	363	12689	12	10	2	12.13	1
352	364	15246	12	8	4	6.07	1
352	365	14854	12	11	1	15.16	1
352	366	14476	12	11	1	15.16	1
352	367	13402	11	8	3	7.58	1
352	368	13091	11	5	6	-1.52	-1
352	369	11845	9	0	9	-13.65	-1
352	370	10980	9	4	5	-1.52	-1
352	371	9630	8	2	6	-6.07	-1
352	372	8663	8	4	4	0.00	1
352	373	8132	4	1	3	-3.03	-1
352	374	7176	3	1	2	-1.52	-1
352	375	6742	3	3	0	4.55	1
352	376	6355	3	1	2	-1.52	-1
352	377	4808	1	1	0	1.52	1
353	354	14264	13	2	11	-13.65	-1
353	355	22147	16	14	2	18.20	1
353	356	15671	13	8	5	4.55	1
353	357	14191	13	10	3	10.61	1
353	358	16375	13	10	3	10.61	1
353	359	20222	16	0	16	-24.26	-1
353	360	14156	13	6	7	-1.52	-1
353	361	13818	12	10	2	12.13	1
353	362	14016	12	1	11	-15.16	-1
353	363	12689	12	11	1	15.16	1
353	364	15767	12	11	1	15.16	1
353	365	18442	15	12	3	13.65	1
353	366	18064	15	14	1	19.71	1
353	367	16990	14	12	2	15.16	1
353	368	16531	14	3	11	-12.13	-1
353	369	14581	11	4	7	-4.55	-1
353	370	14568	12	2	10	-12.13	-1
353	371	13218	11	3	8	-7.58	-1
353	372	12251	11	10	1	13.65	1
353	373	11720	7	2	5	-4.55	-1
353	374	10764	6	5	1	6.07	1
353	375	10330	6	5	1	6.07	1
353	376	9943	6	2	4	-3.03	-1
353	377	8396	4	0	4	-6.07	-1
353	378	7913	3	0	3	-4.55	-1
353	379	7833	3	1	2	-1.52	-1
353	380	7691	3	0	3	-4.55	-1
353	381	6559	3	0	3	-4.55	-1
353	382	5245	3	2	1	1.52	1
353	383	4812	3	1	2	-1.52	-1
353	384	4231	3	0	3	-4.55	-1
353	385	3081	3	0	3	-4.55	-1
353	386	2933	3	2	1	1.52	1
353	387	2898	3	0	3	-4.55	-1
353	388	1614	2	2	0	3.03	1
353	389	1426	2	2	0	3.03	1
353	390	780	1	1	0	1.52	1
353	391	430	1	1	0	1.52	1
354	355	14187	13	3	10	-10.61	-1
354	356	13678	13	4	9	-7.58	-1
354	357	13210	13	2	11	-13.65	-1
354	358	13122	13	0	13	-19.71	-1
354	359	12262	13	10	3	10.61	1
354	360	11913	13	10	3	10.61	1
354	361	11433	12	3	9	-9.10	-1
354	362	11425	12	11	1	15.16	1
354	363	10898	12	1	11	-15.16	-1
354	364	10874	12	3	9	-9.10	-1
354	365	10482	12	4	8	-6.07	-1
354	366	10104	12	4	8	-6.07	-1
354	367	9030	11	3	8	-7.58	-1
354	368	8719	11	9	2	10.61	1
354	369	7473	9	8	1	10.61	1
354	370	6608	9	9	0	13.65	1
354	371	5258	8	6	2	6.07	1
354	372	4291	8	1	7	-9.10	-1
354	373	3760	4	2	2	0.00	1
354	374	2804	3	1	2	-1.52	-1
354	375	2370	3	2	1	1.52	1
354	376	1983	3	3	0	4.55	1
354	377	436	1	1	0	1.52	1
355	356	15671	13	12	1	16.68	1
355	357	14191	13	12	1	16.68	1
355	358	16375	13	13	0	19.71	1
355	359	23534	18	2	16	-21.23	-1
355	360	14156	13	3	10	-10.61	-1
355	361	13818	12	10	2	12.13	1
355	362	14016	12	3	9	-9.10	-1
355	363	12689	12	11	1	15.16	1
355	364	15767	12	11	1	15.16	1
355	365	18970	15	13	2	16.68	1
355	366	18380	15	12	3	13.65	1
355	367	17819	14	9	5	6.07	1
355	368	16531	14	3	11	-12.13	-1
355	369	14581	11	2	9	-10.61	-1
355	370	14641	12	3	9	-9.10	-1
355	371	16681	13	3	10	-10.61	-1
355	372	19871	19	17	2	22.75	1
355	373	21609	18	2	16	-21.23	-1
355	374	13209	7	5	2	4.55	1
355	375	13097	8	8	0	12.13	1
355	376	19832	17	3	14	-16.68	-1
355	377	18285	15	3	12	-13.65	-1
355	378	17802	14	1	13	-18.20	-1
355	379	17722	14	2	12	-15.16	-1
355	380	11137	5	1	4	-4.55	-1
355	381	16448	14	4	10	-9.10	-1
355	382	12183	11	9	2	10.61	1
355	383	14701	14	3	11	-12.13	-1
355	384	14120	14	1	13	-18.20	-1
355	385	12970	14	14	0	21.23	1
355	386	12822	14	11	3	12.13	1
355	387	12787	14	1	13	-18.20	-1
355	388	11503	13	10	3	10.61	1
355	389	11315	13	12	1	16.68	1
355	390	10669	12	10	2	12.13	1
355	391	10319	12	11	1	15.16	1
355	392	9713	11	1	10	-13.65	-1
355	393	8037	10	2	8	-9.10	-1
355	394	7710	10	3	7	-6.07	-1
355	395	7218	9	0	9	-13.65	-1
355	396	6823	9	2	7	-7.58	-1
355	397	6718	9	7	2	7.58	1
355	398	6097	9	8	1	10.61	1
355	399	5744	8	8	0	12.13	1
355	400	5515	8	8	0	12.13	1
355	401	5437	8	2	6	-6.07	-1
355	402	4625	5	0	5	-7.58	-1
355	403	4529	5	2	3	-1.52	-1
355	404	3616	5	4	1	4.55	1
355	405	3255	4	2	2	0.00	1
355	406	3211	4	4	0	6.07	1
355	407	3014	4	4	0	6.07	1
355	408	2666	3	3	0	4.55	1
355	409	2494	3	0	3	-4.55	-1
355	410	2394	3	1	2	-1.52	-1
355	411	2139	3	2	1	1.52	1
355	412	1972	3	3	0	4.55	1
355	413	1947	3	3	0	4.55	1
355	414	1035	1	0	1	-1.52	-1
355	415	1012	1	1	0	1.52	1
355	416	933	1	0	1	-1.52	-1
356	357	14191	13	10	3	10.61	1
356	358	15115	13	12	1	16.68	1
356	359	14255	13	2	11	-13.65	-1
356	360	13906	13	4	9	-7.58	-1
356	361	13426	12	11	1	15.16	1
356	362	13418	12	2	10	-12.13	-1
356	363	12689	12	11	1	15.16	1
356	364	12867	12	9	3	9.10	1
356	365	12475	12	10	2	12.13	1
356	366	12097	12	10	2	12.13	1
356	367	11023	11	10	1	13.65	1
356	368	10712	11	2	9	-10.61	-1
356	369	9466	9	0	9	-13.65	-1
356	370	8601	9	1	8	-10.61	-1
356	371	7251	8	2	6	-6.07	-1
356	372	6284	8	8	0	12.13	1
356	373	5753	4	0	4	-6.07	-1
356	374	4797	3	3	0	4.55	1
356	375	4363	3	2	1	1.52	1
356	376	3976	3	0	3	-4.55	-1
356	377	2429	1	0	1	-1.52	-1
357	358	14103	13	9	4	7.58	1
357	359	13243	13	5	8	-4.55	-1
357	360	12894	13	4	9	-7.58	-1
357	361	12414	12	8	4	6.07	1
357	362	12406	12	3	9	-9.10	-1
357	363	11879	12	9	3	9.10	1
357	364	11855	12	11	1	15.16	1
357	365	11463	12	11	1	15.16	1
357	366	11085	12	7	5	3.03	1
357	367	10011	11	8	3	7.58	1
357	368	9700	11	2	9	-10.61	-1
357	369	8454	9	2	7	-7.58	-1
357	370	7589	9	6	3	4.55	1
357	371	6239	8	0	8	-12.13	-1
357	372	5272	8	7	1	9.10	1
357	373	4741	4	1	3	-3.03	-1
357	374	3785	3	3	0	4.55	1
357	375	3351	3	3	0	4.55	1
357	376	2964	3	0	3	-4.55	-1
357	377	1417	1	0	1	-1.52	-1
358	359	15515	13	3	10	-10.61	-1
358	360	14156	13	3	10	-10.61	-1
358	361	13818	12	11	1	15.16	1
358	362	14016	12	5	7	-3.03	-1
358	363	12689	12	10	2	12.13	1
358	364	14127	12	10	2	12.13	1
358	365	13735	12	11	1	15.16	1
358	366	13357	12	10	2	12.13	1
358	367	12283	11	9	2	10.61	1
358	368	11972	11	1	10	-13.65	-1
358	369	10726	9	2	7	-7.58	-1
358	370	9861	9	1	8	-10.61	-1
358	371	8511	8	2	6	-6.07	-1
358	372	7544	8	6	2	6.07	1
358	373	7013	4	0	4	-6.07	-1
358	374	6057	3	3	0	4.55	1
358	375	5623	3	3	0	4.55	1
358	376	5236	3	1	2	-1.52	-1
358	377	3689	1	0	1	-1.52	-1
359	360	14156	13	9	4	7.58	1
359	361	13818	12	3	9	-9.10	-1
359	362	14016	12	12	0	18.20	1
359	363	12689	12	2	10	-12.13	-1
359	364	15767	12	3	9	-9.10	-1
359	365	18970	15	3	12	-13.65	-1
359	366	18380	15	5	10	-7.58	-1
359	367	17819	14	2	12	-15.16	-1
359	368	16531	14	14	0	21.23	1
359	369	14581	11	8	3	7.58	1
359	370	14641	12	9	3	9.10	1
359	371	16530	13	10	3	10.61	1
359	372	15563	13	1	12	-16.68	-1
359	373	15032	9	7	2	7.58	1
359	374	13209	7	2	5	-4.55	-1
359	375	13097	8	4	4	0.00	1
359	376	13255	8	7	1	9.10	1
359	377	11708	6	5	1	6.07	1
359	378	11225	5	5	0	7.58	1
359	379	11145	5	4	1	4.55	1
359	380	11003	5	4	1	4.55	1
359	381	9871	5	4	1	4.55	1
359	382	8557	5	1	4	-4.55	-1
359	383	8124	5	4	1	4.55	1
359	384	7543	5	5	0	7.58	1
359	385	6393	5	0	5	-7.58	-1
359	386	6245	5	0	5	-7.58	-1
359	387	6210	5	4	1	4.55	1
359	388	4926	4	1	3	-3.03	-1
359	389	4738	4	0	4	-6.07	-1
359	390	4092	3	2	1	1.52	1
359	391	3742	3	0	3	-4.55	-1
359	392	3136	2	1	1	0.00	1
359	393	1460	1	1	0	1.52	1
359	394	1133	1	1	0	1.52	1
360	361	13676	12	2	10	-12.13	-1
360	362	13668	12	10	2	12.13	1
360	363	12689	12	2	10	-12.13	-1
360	364	13117	12	3	9	-9.10	-1
360	365	12725	12	2	10	-12.13	-1
360	366	12347	12	0	12	-18.20	-1
360	367	11273	11	1	10	-13.65	-1
360	368	10962	11	9	2	10.61	1
360	369	9716	9	8	1	10.61	1
360	370	8851	9	9	0	13.65	1
360	371	7501	8	8	0	12.13	1
360	372	6534	8	4	4	0.00	1
360	373	6003	4	2	2	0.00	1
360	374	5047	3	1	2	-1.52	-1
360	375	4613	3	1	2	-1.52	-1
360	376	4226	3	3	0	4.55	1
360	377	2679	1	1	0	1.52	1
361	362	13810	12	2	10	-12.13	-1
361	363	12689	12	11	1	15.16	1
361	364	13259	12	11	1	15.16	1
361	365	12867	12	10	2	12.13	1
361	366	12489	12	9	3	9.10	1
361	367	11415	11	10	1	13.65	1
361	368	11104	11	1	10	-13.65	-1
361	369	9858	9	1	8	-10.61	-1
361	370	8993	9	2	7	-7.58	-1
361	371	7643	8	1	7	-9.10	-1
361	372	6676	8	7	1	9.10	1
361	373	6145	4	1	3	-3.03	-1
361	374	5189	3	3	0	4.55	1
361	375	4755	3	2	1	1.52	1
361	376	4368	3	0	3	-4.55	-1
361	377	2821	1	0	1	-1.52	-1
362	363	12689	12	4	8	-6.07	-1
362	364	13465	12	2	10	-12.13	-1
362	365	13073	12	1	11	-15.16	-1
362	366	12695	12	1	11	-15.16	-1
362	367	11621	11	1	10	-13.65	-1
362	368	11310	11	8	3	7.58	1
362	369	10064	9	7	2	7.58	1
362	370	9199	9	7	2	7.58	1
362	371	7849	8	6	2	6.07	1
362	372	6882	8	1	7	-9.10	-1
362	373	6351	4	4	0	6.07	1
362	374	5395	3	1	2	-1.52	-1
362	375	4961	3	1	2	-1.52	-1
362	376	4574	3	3	0	4.55	1
362	377	3027	1	1	0	1.52	1
363	364	12665	12	11	1	15.16	1
363	365	12273	12	10	2	12.13	1
363	366	11895	12	9	3	9.10	1
363	367	10821	11	10	1	13.65	1
363	368	10510	11	2	9	-10.61	-1
363	369	9264	9	1	8	-10.61	-1
363	370	8399	9	6	3	4.55	1
363	371	7049	8	1	7	-9.10	-1
363	372	6082	8	7	1	9.10	1
363	373	5551	4	1	3	-3.03	-1
363	374	4595	3	1	2	-1.52	-1
363	375	4161	3	2	1	1.52	1
363	376	3774	3	1	2	-1.52	-1
363	377	2227	1	0	1	-1.52	-1
364	365	15375	12	11	1	15.16	1
364	366	14997	12	9	3	9.10	1
364	367	13923	11	8	3	7.58	1
364	368	13612	11	4	7	-4.55	-1
364	369	12366	9	0	9	-13.65	-1
364	370	11501	9	1	8	-10.61	-1
364	371	10151	8	1	7	-9.10	-1
364	372	9184	8	7	1	9.10	1
364	373	8653	4	2	2	0.00	1
364	374	7697	3	2	1	1.52	1
364	375	7263	3	3	0	4.55	1
364	376	6876	3	0	3	-4.55	-1
364	377	5329	1	1	0	1.52	1
365	366	18380	15	11	4	10.61	1
365	367	17518	14	10	4	9.10	1
365	368	16531	14	2	12	-15.16	-1
365	369	14581	11	1	10	-13.65	-1
365	370	14641	12	2	10	-12.13	-1
365	371	13746	11	1	10	-13.65	-1
365	372	12779	11	9	2	10.61	1
365	373	12248	7	0	7	-10.61	-1
365	374	11292	6	6	0	9.10	1
365	375	10858	6	3	3	0.00	1
365	376	10471	6	0	6	-9.10	-1
365	377	8924	4	1	3	-3.03	-1
365	378	8441	3	1	2	-1.52	-1
365	379	8361	3	1	2	-1.52	-1
365	380	8219	3	1	2	-1.52	-1
365	381	7087	3	0	3	-4.55	-1
365	382	5773	3	2	1	1.52	1
365	383	5340	3	0	3	-4.55	-1
365	384	4759	3	2	1	1.52	1
365	385	3609	3	2	1	1.52	1
365	386	3461	3	2	1	1.52	1
365	387	3426	3	0	3	-4.55	-1
365	388	2142	2	2	0	3.03	1
365	389	1954	2	2	0	3.03	1
365	390	1308	1	0	1	-1.52	-1
365	391	958	1	1	0	1.52	1
366	367	17306	14	9	5	6.07	1
366	368	16531	14	3	11	-12.13	-1
366	369	14581	11	1	10	-13.65	-1
366	370	14641	12	2	10	-12.13	-1
366	371	13534	11	1	10	-13.65	-1
366	372	12567	11	10	1	13.65	1
366	373	12036	7	2	5	-4.55	-1
366	374	11080	6	6	0	9.10	1
366	375	10646	6	5	1	6.07	1
366	376	10259	6	2	4	-3.03	-1
366	377	8712	4	0	4	-6.07	-1
366	378	8229	3	0	3	-4.55	-1
366	379	8149	3	1	2	-1.52	-1
366	380	8007	3	0	3	-4.55	-1
366	381	6875	3	1	2	-1.52	-1
366	382	5561	3	3	0	4.55	1
366	383	5128	3	0	3	-4.55	-1
366	384	4547	3	1	2	-1.52	-1
366	385	3397	3	3	0	4.55	1
366	386	3249	3	2	1	1.52	1
366	387	3214	3	1	2	-1.52	-1
366	388	1930	2	2	0	3.03	1
366	389	1742	2	2	0	3.03	1
366	390	1096	1	0	1	-1.52	-1
366	391	746	1	1	0	1.52	1
367	368	16531	14	4	10	-9.10	-1
367	369	14581	11	1	10	-13.65	-1
367	370	14641	12	3	9	-9.10	-1
367	371	14047	11	2	9	-10.61	-1
367	372	13080	11	9	2	10.61	1
367	373	12549	7	2	5	-4.55	-1
367	374	11593	6	5	1	6.07	1
367	375	11159	6	6	0	9.10	1
367	376	10772	6	1	5	-6.07	-1
367	377	9225	4	2	2	0.00	1
367	378	8742	3	0	3	-4.55	-1
367	379	8662	3	1	2	-1.52	-1
367	380	8520	3	1	2	-1.52	-1
367	381	7388	3	0	3	-4.55	-1
367	382	6074	3	3	0	4.55	1
367	383	5641	3	1	2	-1.52	-1
367	384	5060	3	0	3	-4.55	-1
367	385	3910	3	3	0	4.55	1
367	386	3762	3	3	0	4.55	1
367	387	3727	3	0	3	-4.55	-1
367	388	2443	2	2	0	3.03	1
367	389	2255	2	1	1	0.00	1
367	390	1609	1	1	0	1.52	1
367	391	1259	1	0	1	-1.52	-1
368	369	14581	11	8	3	7.58	1
368	370	14420	12	10	2	12.13	1
368	371	13070	11	10	1	13.65	1
368	372	12103	11	3	8	-7.58	-1
368	373	11572	7	3	4	-1.52	-1
368	374	10616	6	1	5	-6.07	-1
368	375	10182	6	1	5	-6.07	-1
368	376	9795	6	4	2	3.03	1
368	377	8248	4	4	0	6.07	1
368	378	7765	3	3	0	4.55	1
368	379	7685	3	3	0	4.55	1
368	380	7543	3	1	2	-1.52	-1
368	381	6411	3	3	0	4.55	1
368	382	5097	3	3	0	4.55	1
368	383	4664	3	3	0	4.55	1
368	384	4083	3	3	0	4.55	1
368	385	2933	3	0	3	-4.55	-1
368	386	2785	3	0	3	-4.55	-1
368	387	2750	3	3	0	4.55	1
368	388	1466	2	0	2	-3.03	-1
368	389	1278	2	0	2	-3.03	-1
368	390	632	1	0	1	-1.52	-1
368	391	282	1	0	1	-1.52	-1
369	370	13716	11	9	2	10.61	1
369	371	12366	10	9	1	12.13	1
369	372	11399	10	0	10	-15.16	-1
369	373	10868	6	5	1	6.07	1
369	374	9912	5	0	5	-7.58	-1
369	375	9478	5	1	4	-4.55	-1
369	376	9091	5	5	0	7.58	1
369	377	7544	3	3	0	4.55	1
369	378	7061	2	1	1	0.00	1
369	379	6981	2	2	0	3.03	1
369	380	6839	2	2	0	3.03	1
369	381	5707	2	2	0	3.03	1
369	382	4393	2	0	2	-3.03	-1
369	383	3960	2	2	0	3.03	1
369	384	3379	2	2	0	3.03	1
369	385	2229	2	1	1	0.00	1
369	386	2081	2	0	2	-3.03	-1
369	387	2046	2	1	1	0.00	1
369	388	762	1	1	0	1.52	1
369	389	574	1	0	1	-1.52	-1
370	371	13291	11	9	2	10.61	1
370	372	12324	11	3	8	-7.58	-1
370	373	11793	7	5	2	4.55	1
370	374	10837	6	1	5	-6.07	-1
370	375	10403	6	1	5	-6.07	-1
370	376	10016	6	6	0	9.10	1
370	377	8469	4	2	2	0.00	1
370	378	7986	3	2	1	1.52	1
370	379	7906	3	2	1	1.52	1
370	380	7764	3	2	1	1.52	1
370	381	6632	3	3	0	4.55	1
370	382	5318	3	0	3	-4.55	-1
370	383	4885	3	3	0	4.55	1
370	384	4304	3	3	0	4.55	1
370	385	3154	3	0	3	-4.55	-1
370	386	3006	3	1	2	-1.52	-1
370	387	2971	3	2	1	1.52	1
370	388	1687	2	0	2	-3.03	-1
370	389	1499	2	0	2	-3.03	-1
370	390	853	1	0	1	-1.52	-1
370	391	503	1	0	1	-1.52	-1
371	372	15714	13	1	12	-16.68	-1
371	373	15183	9	7	2	7.58	1
371	374	13209	7	0	7	-10.61	-1
371	375	13097	8	0	8	-12.13	-1
371	376	13406	8	6	2	6.07	1
371	377	11859	6	5	1	6.07	1
371	378	11376	5	4	1	4.55	1
371	379	11296	5	5	0	7.58	1
371	380	11137	5	5	0	7.58	1
371	381	10022	5	5	0	7.58	1
371	382	8708	5	1	4	-4.55	-1
371	383	8275	5	4	1	4.55	1
371	384	7694	5	5	0	7.58	1
371	385	6544	5	1	4	-4.55	-1
371	386	6396	5	2	3	-1.52	-1
371	387	6361	5	5	0	7.58	1
371	388	5077	4	1	3	-3.03	-1
371	389	4889	4	0	4	-6.07	-1
371	390	4243	3	1	2	-1.52	-1
371	391	3893	3	2	1	1.52	1
371	392	3287	2	2	0	3.03	1
371	393	1611	1	0	1	-1.52	-1
371	394	1284	1	1	0	1.52	1
372	373	19340	15	2	13	-16.68	-1
372	374	13209	7	5	2	4.55	1
372	375	13097	8	7	1	9.10	1
372	376	17563	14	2	12	-15.16	-1
372	377	16016	12	5	7	-3.03	-1
372	378	15533	11	2	9	-10.61	-1
372	379	15453	11	1	10	-13.65	-1
372	380	11137	5	1	4	-4.55	-1
372	381	14179	11	0	11	-16.68	-1
372	382	12183	11	8	3	7.58	1
372	383	12432	11	2	9	-10.61	-1
372	384	11851	11	2	9	-10.61	-1
372	385	10701	11	6	5	1.52	1
372	386	10553	11	10	1	13.65	1
372	387	10518	11	2	9	-10.61	-1
372	388	9234	10	7	3	6.07	1
372	389	9046	10	9	1	12.13	1
372	390	8400	9	8	1	10.61	1
372	391	8050	9	7	2	7.58	1
372	392	7444	8	0	8	-12.13	-1
372	393	5768	7	0	7	-10.61	-1
372	394	5441	7	1	6	-7.58	-1
372	395	4949	6	0	6	-9.10	-1
372	396	4554	6	0	6	-9.10	-1
372	397	4449	6	5	1	6.07	1
372	398	3828	6	5	1	6.07	1
372	399	3475	5	5	0	7.58	1
372	400	3246	5	5	0	7.58	1
372	401	3168	5	1	4	-4.55	-1
372	402	2356	2	0	2	-3.03	-1
372	403	2260	2	0	2	-3.03	-1
372	404	1347	2	2	0	3.03	1
372	405	986	1	0	1	-1.52	-1
372	406	942	1	1	0	1.52	1
372	407	745	1	1	0	1.52	1
373	374	13209	7	1	6	-7.58	-1
373	375	13097	8	2	6	-6.07	-1
373	376	19939	17	12	5	10.61	1
373	377	18392	15	13	2	16.68	1
373	378	17909	14	12	2	15.16	1
373	379	17829	14	12	2	15.16	1
373	380	11137	5	5	0	7.58	1
373	381	16555	14	14	0	21.23	1
373	382	12183	11	1	10	-13.65	-1
373	383	14808	14	9	5	6.07	1
373	384	14227	14	10	4	9.10	1
373	385	13077	14	1	13	-18.20	-1
373	386	12929	14	3	11	-12.13	-1
373	387	12894	14	13	1	18.20	1
373	388	11610	13	2	11	-13.65	-1
373	389	11422	13	4	9	-7.58	-1
373	390	10776	12	2	10	-12.13	-1
373	391	10426	12	3	9	-9.10	-1
373	392	9820	11	10	1	13.65	1
373	393	8144	10	9	1	12.13	1
373	394	7817	10	6	4	3.03	1
373	395	7325	9	6	3	4.55	1
373	396	6930	9	4	5	-1.52	-1
373	397	6825	9	2	7	-7.58	-1
373	398	6204	9	2	7	-7.58	-1
373	399	5851	8	3	5	-3.03	-1
373	400	5622	8	1	7	-9.10	-1
373	401	5544	8	7	1	9.10	1
373	402	4732	5	4	1	4.55	1
373	403	4636	5	5	0	7.58	1
373	404	3723	5	1	4	-4.55	-1
373	405	3362	4	3	1	3.03	1
373	406	3318	4	1	3	-3.03	-1
373	407	3121	4	0	4	-6.07	-1
373	408	2773	3	2	1	1.52	1
373	409	2601	3	2	1	1.52	1
373	410	2501	3	2	1	1.52	1
373	411	2246	3	1	2	-1.52	-1
373	412	2079	3	1	2	-1.52	-1
373	413	2054	3	2	1	1.52	1
373	414	1142	1	1	0	1.52	1
373	415	1119	1	0	1	-1.52	-1
373	416	1040	1	1	0	1.52	1
374	375	12775	7	5	2	4.55	1
374	376	12388	7	1	6	-7.58	-1
374	377	10841	5	2	3	-1.52	-1
374	378	10358	4	0	4	-6.07	-1
374	379	10278	4	2	2	0.00	1
374	380	10136	4	2	2	0.00	1
374	381	9004	4	0	4	-6.07	-1
374	382	7690	4	4	0	6.07	1
374	383	7257	4	0	4	-6.07	-1
374	384	6676	4	0	4	-6.07	-1
374	385	5526	4	4	0	6.07	1
374	386	5378	4	4	0	6.07	1
374	387	5343	4	0	4	-6.07	-1
374	388	4059	3	2	1	1.52	1
374	389	3871	3	3	0	4.55	1
374	390	3225	2	2	0	3.03	1
374	391	2875	2	2	0	3.03	1
374	392	2269	1	0	1	-1.52	-1
375	376	12710	8	0	8	-12.13	-1
375	377	11163	6	1	5	-6.07	-1
375	378	10680	5	0	5	-7.58	-1
375	379	10600	5	1	4	-4.55	-1
375	380	10458	5	0	5	-7.58	-1
375	381	9326	5	2	3	-1.52	-1
375	382	8012	5	4	1	4.55	1
375	383	7579	5	0	5	-7.58	-1
375	384	6998	5	1	4	-4.55	-1
375	385	5848	5	5	0	7.58	1
375	386	5700	5	3	2	1.52	1
375	387	5665	5	0	5	-7.58	-1
375	388	4381	4	4	0	6.07	1
375	389	4193	4	3	1	3.03	1
375	390	3547	3	2	1	1.52	1
375	391	3197	3	2	1	1.52	1
375	392	2591	2	1	1	0.00	1
375	393	915	1	0	1	-1.52	-1
375	394	588	1	1	0	1.52	1
376	377	18774	15	12	3	13.65	1
376	378	18291	14	13	1	18.20	1
376	379	18211	14	10	4	9.10	1
376	380	11137	5	4	1	4.55	1
376	381	16937	14	13	1	18.20	1
376	382	12183	11	2	9	-10.61	-1
376	383	15190	14	10	4	9.10	1
376	384	14609	14	11	3	12.13	1
376	385	13459	14	3	11	-12.13	-1
376	386	13311	14	1	13	-18.20	-1
376	387	13276	14	12	2	15.16	1
376	388	11992	13	2	11	-13.65	-1
376	389	11804	13	4	9	-7.58	-1
376	390	11158	12	2	10	-12.13	-1
376	391	10808	12	1	11	-15.16	-1
376	392	10202	11	10	1	13.65	1
376	393	8526	10	10	0	15.16	1
376	394	8199	10	9	1	12.13	1
376	395	7707	9	8	1	10.61	1
376	396	7312	9	6	3	4.55	1
376	397	7207	9	1	8	-10.61	-1
376	398	6586	9	2	7	-7.58	-1
376	399	6233	8	4	4	0.00	1
376	400	6004	8	2	6	-6.07	-1
376	401	5926	8	8	0	12.13	1
376	402	5114	5	5	0	7.58	1
376	403	5018	5	4	1	4.55	1
376	404	4105	5	1	4	-4.55	-1
376	405	3744	4	3	1	3.03	1
376	406	3700	4	2	2	0.00	1
376	407	3503	4	1	3	-3.03	-1
376	408	3155	3	0	3	-4.55	-1
376	409	2983	3	3	0	4.55	1
376	410	2883	3	3	0	4.55	1
376	411	2628	3	0	3	-4.55	-1
376	412	2461	3	0	3	-4.55	-1
376	413	2436	3	1	2	-1.52	-1
376	414	1524	1	1	0	1.52	1
376	415	1501	1	0	1	-1.52	-1
376	416	1422	1	1	0	1.52	1
377	378	18494	14	10	4	9.10	1
377	379	19092	14	10	4	9.10	1
377	380	11137	5	3	2	1.52	1
377	381	17818	14	9	5	6.07	1
377	382	12183	11	0	11	-16.68	-1
377	383	16071	14	13	1	18.20	1
377	384	15134	14	11	3	12.13	1
377	385	14340	14	2	12	-15.16	-1
377	386	14192	14	1	13	-18.20	-1
377	387	14157	14	11	3	12.13	1
377	388	12873	13	1	12	-16.68	-1
377	389	12685	13	0	13	-19.71	-1
377	390	12039	12	2	10	-12.13	-1
377	391	11689	12	1	11	-15.16	-1
377	392	11083	11	11	0	16.68	1
377	393	9407	10	8	2	9.10	1
377	394	9080	10	7	3	6.07	1
377	395	8588	9	8	1	10.61	1
377	396	8193	9	9	0	13.65	1
377	397	8088	9	1	8	-10.61	-1
377	398	7467	9	2	7	-7.58	-1
377	399	7114	8	2	6	-6.07	-1
377	400	6885	8	1	7	-9.10	-1
377	401	6807	8	8	0	12.13	1
377	402	5995	5	3	2	1.52	1
377	403	5899	5	4	1	4.55	1
377	404	4986	5	1	4	-4.55	-1
377	405	4625	4	3	1	3.03	1
377	406	4581	4	1	3	-3.03	-1
377	407	4384	4	1	3	-3.03	-1
377	408	4036	3	1	2	-1.52	-1
377	409	3864	3	3	0	4.55	1
377	410	3764	3	3	0	4.55	1
377	411	3509	3	1	2	-1.52	-1
377	412	3342	3	1	2	-1.52	-1
377	413	3317	3	1	2	-1.52	-1
377	414	2405	1	1	0	1.52	1
377	415	2382	1	0	1	-1.52	-1
377	416	2303	1	0	1	-1.52	-1
378	379	18414	14	11	3	12.13	1
378	380	11137	5	5	0	7.58	1
378	381	17140	14	14	0	21.23	1
378	382	12183	11	1	10	-13.65	-1
378	383	15393	14	10	4	9.10	1
378	384	14812	14	13	1	18.20	1
378	385	13662	14	2	12	-15.16	-1
378	386	13514	14	1	13	-18.20	-1
378	387	13479	14	12	2	15.16	1
378	388	12195	13	3	10	-10.61	-1
378	389	12007	13	3	10	-10.61	-1
378	390	11361	12	4	8	-6.07	-1
378	391	11011	12	2	10	-12.13	-1
378	392	10405	11	11	0	16.68	1
378	393	8729	10	7	3	6.07	1
378	394	8402	10	7	3	6.07	1
378	395	7910	9	9	0	13.65	1
378	396	7515	9	8	1	10.61	1
378	397	7410	9	3	6	-4.55	-1
378	398	6789	9	2	7	-7.58	-1
378	399	6436	8	1	7	-9.10	-1
378	400	6207	8	2	6	-6.07	-1
378	401	6129	8	8	0	12.13	1
378	402	5317	5	5	0	7.58	1
378	403	5221	5	4	1	4.55	1
378	404	4308	5	2	3	-1.52	-1
378	405	3947	4	4	0	6.07	1
378	406	3903	4	1	3	-3.03	-1
378	407	3706	4	1	3	-3.03	-1
378	408	3358	3	0	3	-4.55	-1
378	409	3186	3	1	2	-1.52	-1
378	410	3086	3	3	0	4.55	1
378	411	2831	3	0	3	-4.55	-1
378	412	2664	3	1	2	-1.52	-1
378	413	2639	3	1	2	-1.52	-1
378	414	1727	1	1	0	1.52	1
378	415	1704	1	0	1	-1.52	-1
378	416	1625	1	1	0	1.52	1
379	380	11137	5	5	0	7.58	1
379	381	17825	14	10	4	9.10	1
379	382	12183	11	3	8	-7.58	-1
379	383	16078	14	11	3	12.13	1
379	384	15134	14	10	4	9.10	1
379	385	14347	14	2	12	-15.16	-1
379	386	14199	14	3	11	-12.13	-1
379	387	14164	14	12	2	15.16	1
379	388	12880	13	1	12	-16.68	-1
379	389	12692	13	4	9	-7.58	-1
379	390	12046	12	2	10	-12.13	-1
379	391	11696	12	2	10	-12.13	-1
379	392	11090	11	10	1	13.65	1
379	393	9414	10	6	4	3.03	1
379	394	9087	10	10	0	15.16	1
379	395	8595	9	8	1	10.61	1
379	396	8200	9	7	2	7.58	1
379	397	8095	9	1	8	-10.61	-1
379	398	7474	9	3	6	-4.55	-1
379	399	7121	8	0	8	-12.13	-1
379	400	6892	8	2	6	-6.07	-1
379	401	6814	8	7	1	9.10	1
379	402	6002	5	4	1	4.55	1
379	403	5906	5	4	1	4.55	1
379	404	4993	5	0	5	-7.58	-1
379	405	4632	4	3	1	3.03	1
379	406	4588	4	0	4	-6.07	-1
379	407	4391	4	1	3	-3.03	-1
379	408	4043	3	1	2	-1.52	-1
379	409	3871	3	3	0	4.55	1
379	410	3771	3	2	1	1.52	1
379	411	3516	3	0	3	-4.55	-1
379	412	3349	3	2	1	1.52	1
379	413	3324	3	1	2	-1.52	-1
379	414	2412	1	1	0	1.52	1
379	415	2389	1	1	0	1.52	1
379	416	2310	1	1	0	1.52	1
380	381	10005	5	4	1	4.55	1
380	382	8691	5	1	4	-4.55	-1
380	383	8258	5	5	0	7.58	1
380	384	7677	5	3	2	1.52	1
380	385	6527	5	0	5	-7.58	-1
380	386	6379	5	1	4	-4.55	-1
380	387	6344	5	5	0	7.58	1
380	388	5060	4	0	4	-6.07	-1
380	389	4872	4	0	4	-6.07	-1
380	390	4226	3	0	3	-4.55	-1
380	391	3876	3	1	2	-1.52	-1
380	392	3270	2	2	0	3.03	1
380	393	1594	1	1	0	1.52	1
380	394	1267	1	1	0	1.52	1
381	382	12183	11	6	5	1.52	1
381	383	17395	16	14	2	18.20	1
381	384	15134	14	12	2	15.16	1
381	385	17284	18	3	15	-18.20	-1
381	386	17136	18	7	11	-6.07	-1
381	387	17101	18	13	5	12.13	1
381	388	15817	17	1	16	-22.75	-1
381	389	15629	17	5	12	-10.61	-1
381	390	13220	14	2	12	-15.16	-1
381	391	14633	16	4	12	-12.13	-1
381	392	14027	15	12	3	13.65	1
381	393	12351	14	11	3	12.13	1
381	394	12024	14	13	1	18.20	1
381	395	11532	13	10	3	10.61	1
381	396	11137	13	11	2	13.65	1
381	397	11032	13	1	12	-16.68	-1
381	398	10411	13	4	9	-7.58	-1
381	399	10058	12	3	9	-9.10	-1
381	400	9829	12	2	10	-12.13	-1
381	401	9751	12	8	4	6.07	1
381	402	8939	9	7	2	7.58	1
381	403	8843	9	9	0	13.65	1
381	404	7930	9	2	7	-7.58	-1
381	405	7569	8	8	0	12.13	1
381	406	7525	8	1	7	-9.10	-1
381	407	7328	8	0	8	-12.13	-1
381	408	6980	7	1	6	-7.58	-1
381	409	6808	7	5	2	4.55	1
381	410	6708	7	4	3	1.52	1
381	411	6453	7	0	7	-10.61	-1
381	412	6286	7	3	4	-1.52	-1
381	413	6261	7	2	5	-4.55	-1
381	414	5349	5	4	1	4.55	1
381	415	5326	5	1	4	-4.55	-1
381	416	5247	5	4	1	4.55	1
381	417	4532	4	0	4	-6.07	-1
381	418	2759	3	0	3	-4.55	-1
381	419	2708	3	3	0	4.55	1
381	420	1879	2	0	2	-3.03	-1
381	421	1783	2	2	0	3.03	1
381	422	1775	2	1	1	0.00	1
381	423	764	1	0	1	-1.52	-1
382	383	11750	11	0	11	-16.68	-1
382	384	11169	11	5	6	-1.52	-1
382	385	10019	11	11	0	16.68	1
382	386	9871	11	10	1	13.65	1
382	387	9836	11	1	10	-13.65	-1
382	388	8552	10	7	3	6.07	1
382	389	8364	10	5	5	0.00	1
382	390	7718	9	7	2	7.58	1
382	391	7368	9	7	2	7.58	1
382	392	6762	8	1	7	-9.10	-1
382	393	5086	7	3	4	-1.52	-1
382	394	4759	7	1	6	-7.58	-1
382	395	4267	6	0	6	-9.10	-1
382	396	3872	6	1	5	-6.07	-1
382	397	3767	6	4	2	3.03	1
382	398	3146	6	6	0	9.10	1
382	399	2793	5	4	1	4.55	1
382	400	2564	5	5	0	7.58	1
382	401	2486	5	0	5	-7.58	-1
382	402	1674	2	0	2	-3.03	-1
382	403	1578	2	0	2	-3.03	-1
382	404	665	2	2	0	3.03	1
382	405	304	1	0	1	-1.52	-1
382	406	260	1	0	1	-1.52	-1
382	407	63	1	1	0	1.52	1
383	384	15134	14	11	3	12.13	1
383	385	15664	16	6	10	-6.07	-1
383	386	15516	16	0	16	-24.26	-1
383	387	15481	16	12	4	12.13	1
383	388	14197	15	3	12	-13.65	-1
383	389	14009	15	3	12	-13.65	-1
383	390	13220	14	4	10	-9.10	-1
383	391	13013	14	2	12	-15.16	-1
383	392	12407	13	12	1	16.68	1
383	393	10731	12	11	1	15.16	1
383	394	10404	12	9	3	9.10	1
383	395	9912	11	11	0	16.68	1
383	396	9517	11	10	1	13.65	1
383	397	9412	11	3	8	-7.58	-1
383	398	8791	11	1	10	-13.65	-1
383	399	8438	10	1	9	-12.13	-1
383	400	8209	10	0	10	-15.16	-1
383	401	8131	10	7	3	6.07	1
383	402	7319	7	6	1	7.58	1
383	403	7223	7	7	0	10.61	1
383	404	6310	7	1	6	-7.58	-1
383	405	5949	6	4	2	3.03	1
383	406	5905	6	3	3	0.00	1
383	407	5708	6	1	5	-6.07	-1
383	408	5360	5	0	5	-7.58	-1
383	409	5188	5	3	2	1.52	1
383	410	5088	5	4	1	4.55	1
383	411	4833	5	1	4	-4.55	-1
383	412	4666	5	2	3	-1.52	-1
383	413	4641	5	1	4	-4.55	-1
383	414	3729	3	3	0	4.55	1
383	415	3706	3	0	3	-4.55	-1
383	416	3627	3	2	1	1.52	1
383	417	2912	2	0	2	-3.03	-1
383	418	1139	1	0	1	-1.52	-1
383	419	1088	1	1	0	1.52	1
384	385	13984	14	2	12	-15.16	-1
384	386	13836	14	2	12	-15.16	-1
384	387	13801	14	10	4	9.10	1
384	388	12517	13	2	11	-13.65	-1
384	389	12329	13	2	11	-13.65	-1
384	390	11683	12	3	9	-9.10	-1
384	391	11333	12	2	10	-12.13	-1
384	392	10727	11	10	1	13.65	1
384	393	9051	10	9	1	12.13	1
384	394	8724	10	8	2	9.10	1
384	395	8232	9	9	0	13.65	1
384	396	7837	9	9	0	13.65	1
384	397	7732	9	2	7	-7.58	-1
384	398	7111	9	1	8	-10.61	-1
384	399	6758	8	4	4	0.00	1
384	400	6529	8	3	5	-3.03	-1
384	401	6451	8	8	0	12.13	1
384	402	5639	5	5	0	7.58	1
384	403	5543	5	4	1	4.55	1
384	404	4630	5	1	4	-4.55	-1
384	405	4269	4	4	0	6.07	1
384	406	4225	4	1	3	-3.03	-1
384	407	4028	4	0	4	-6.07	-1
384	408	3680	3	1	2	-1.52	-1
384	409	3508	3	3	0	4.55	1
384	410	3408	3	1	2	-1.52	-1
384	411	3153	3	1	2	-1.52	-1
384	412	2986	3	2	1	1.52	1
384	413	2961	3	0	3	-4.55	-1
384	414	2049	1	1	0	1.52	1
384	415	2026	1	0	1	-1.52	-1
384	416	1947	1	1	0	1.52	1
385	386	22814	22	15	7	12.13	1
385	387	17264	18	8	10	-3.03	-1
385	388	20752	20	14	6	12.13	1
385	389	19772	20	16	4	18.20	1
385	390	13220	14	11	3	12.13	1
385	391	21110	20	16	4	18.20	1
385	392	22493	20	1	19	-27.29	-1
385	393	26733	22	2	20	-27.29	-1
385	394	14864	14	3	11	-12.13	-1
385	395	17810	17	4	13	-13.65	-1
385	396	11296	13	4	9	-7.58	-1
385	397	14610	14	11	3	12.13	1
385	398	15659	16	15	1	21.23	1
385	399	12901	12	9	3	9.10	1
385	400	18071	17	12	5	10.61	1
385	401	19686	17	6	11	-7.58	-1
385	402	17717	14	2	12	-15.16	-1
385	403	20032	15	2	13	-16.68	-1
385	404	22134	15	12	3	13.65	1
385	405	22307	17	4	13	-13.65	-1
385	406	16165	13	11	2	13.65	1
385	407	13419	12	10	2	12.13	1
385	408	12566	10	10	0	15.16	1
385	409	21546	16	6	10	-6.07	-1
385	410	17070	12	2	10	-12.13	-1
385	411	10593	10	7	3	6.07	1
385	412	14761	12	8	4	6.07	1
385	413	19106	13	12	1	16.68	1
385	414	15451	10	1	9	-12.13	-1
385	415	17201	11	9	2	10.61	1
385	416	19985	14	2	12	-15.16	-1
385	417	15352	10	8	2	9.10	1
385	418	16811	9	7	2	7.58	1
385	419	17446	12	2	10	-12.13	-1
385	420	16617	11	8	3	7.58	1
385	421	12895	8	2	6	-6.07	-1
385	422	16513	11	11	0	16.68	1
385	423	15502	10	6	4	3.03	1
385	424	14596	9	9	0	13.65	1
385	425	14205	9	2	7	-7.58	-1
385	426	13647	9	2	7	-7.58	-1
385	427	13460	9	5	4	1.52	1
385	428	12743	9	1	8	-10.61	-1
385	429	12598	9	8	1	10.61	1
385	430	12578	9	9	0	13.65	1
385	431	12392	9	8	1	10.61	1
385	432	12334	9	9	0	13.65	1
385	433	12078	9	5	4	1.52	1
385	434	11735	9	8	1	10.61	1
385	435	11570	9	9	0	13.65	1
385	436	11105	8	5	3	3.03	1
385	437	10826	6	6	0	9.10	1
385	438	10780	6	5	1	6.07	1
385	439	10603	6	4	2	3.03	1
385	440	10279	6	4	2	3.03	1
385	441	9923	6	0	6	-9.10	-1
385	442	9205	6	0	6	-9.10	-1
385	443	9181	6	1	5	-6.07	-1
385	444	8270	5	2	3	-1.52	-1
385	445	8192	5	5	0	7.58	1
385	446	8096	5	3	2	1.52	1
385	447	7374	5	5	0	7.58	1
385	448	6935	4	3	1	3.03	1
385	449	6243	4	2	2	0.00	1
385	450	6166	4	0	4	-6.07	-1
385	451	5454	4	1	3	-3.03	-1
385	452	5233	4	2	2	0.00	1
385	453	4703	4	4	0	6.07	1
385	454	4241	4	0	4	-6.07	-1
385	455	3707	3	3	0	4.55	1
385	456	3286	3	2	1	1.52	1
385	457	1412	3	0	3	-4.55	-1
385	458	1114	3	2	1	1.52	1
385	459	853	3	2	1	1.52	1
385	460	460	3	1	2	-1.52	-1
385	461	355	1	1	0	1.52	1
386	387	17264	18	1	17	-24.26	-1
386	388	20752	20	17	3	21.23	1
386	389	19772	20	18	2	24.26	1
386	390	13220	14	12	2	15.16	1
386	391	20311	20	17	3	21.23	1
386	392	19705	19	5	14	-13.65	-1
386	393	18029	18	2	16	-21.23	-1
386	394	14864	14	2	12	-15.16	-1
386	395	17210	17	2	15	-19.71	-1
386	396	11296	13	3	10	-10.61	-1
386	397	14610	14	12	2	15.16	1
386	398	15659	16	14	2	18.20	1
386	399	12901	12	8	4	6.07	1
386	400	15507	16	14	2	18.20	1
386	401	15429	16	1	15	-21.23	-1
386	402	14617	13	3	10	-10.61	-1
386	403	14521	13	3	10	-10.61	-1
386	404	13608	13	10	3	10.61	1
386	405	13247	12	1	11	-15.16	-1
386	406	13203	12	11	1	15.16	1
386	407	13006	12	10	2	12.13	1
386	408	12566	10	6	4	3.03	1
386	409	12486	11	1	10	-13.65	-1
386	410	12386	11	1	10	-13.65	-1
386	411	10593	10	10	0	15.16	1
386	412	11964	11	10	1	13.65	1
386	413	11939	11	11	0	16.68	1
386	414	11027	9	1	8	-10.61	-1
386	415	11004	9	8	1	10.61	1
386	416	10925	9	1	8	-10.61	-1
386	417	10210	8	6	2	6.07	1
386	418	8437	7	5	2	4.55	1
386	419	8386	7	1	6	-7.58	-1
386	420	7557	6	3	3	0.00	1
386	421	7461	6	0	6	-9.10	-1
386	422	7453	6	3	3	0.00	1
386	423	6442	5	5	0	7.58	1
386	424	5536	4	3	1	3.03	1
386	425	5145	4	1	3	-3.03	-1
386	426	4587	4	2	2	0.00	1
386	427	4400	4	4	0	6.07	1
386	428	3683	4	1	3	-3.03	-1
386	429	3538	4	4	0	6.07	1
386	430	3518	4	4	0	6.07	1
386	431	3332	4	3	1	3.03	1
386	432	3274	4	4	0	6.07	1
386	433	3018	4	4	0	6.07	1
386	434	2675	4	2	2	0.00	1
386	435	2510	4	3	1	3.03	1
386	436	2045	3	2	1	1.52	1
386	437	1766	1	1	0	1.52	1
386	438	1720	1	1	0	1.52	1
386	439	1543	1	1	0	1.52	1
386	440	1219	1	1	0	1.52	1
386	441	863	1	1	0	1.52	1
386	442	145	1	0	1	-1.52	-1
386	443	121	1	1	0	1.52	1
387	388	15980	17	6	11	-7.58	-1
387	389	15792	17	1	16	-22.75	-1
387	390	13220	14	0	14	-21.23	-1
387	391	14796	16	3	13	-15.16	-1
387	392	14190	15	11	4	10.61	1
387	393	12514	14	11	3	12.13	1
387	394	12187	14	11	3	12.13	1
387	395	11695	13	11	2	13.65	1
387	396	11296	13	11	2	13.65	1
387	397	11195	13	1	12	-16.68	-1
387	398	10574	13	1	12	-16.68	-1
387	399	10221	12	1	11	-15.16	-1
387	400	9992	12	4	8	-6.07	-1
387	401	9914	12	8	4	6.07	1
387	402	9102	9	7	2	7.58	1
387	403	9006	9	7	2	7.58	1
387	404	8093	9	2	7	-7.58	-1
387	405	7732	8	4	4	0.00	1
387	406	7688	8	0	8	-12.13	-1
387	407	7491	8	3	5	-3.03	-1
387	408	7143	7	1	6	-7.58	-1
387	409	6971	7	4	3	1.52	1
387	410	6871	7	5	2	4.55	1
387	411	6616	7	1	6	-7.58	-1
387	412	6449	7	0	7	-10.61	-1
387	413	6424	7	0	7	-10.61	-1
387	414	5512	5	4	1	4.55	1
387	415	5489	5	2	3	-1.52	-1
387	416	5410	5	5	0	7.58	1
387	417	4695	4	2	2	0.00	1
387	418	2922	3	0	3	-4.55	-1
387	419	2871	3	1	2	-1.52	-1
387	420	2042	2	0	2	-3.03	-1
387	421	1946	2	2	0	3.03	1
387	422	1938	2	1	1	0.00	1
387	423	927	1	1	0	1.52	1
388	389	19772	20	14	6	12.13	1
388	390	13220	14	12	2	15.16	1
388	391	19568	19	18	1	25.78	1
388	392	18962	18	4	14	-15.16	-1
388	393	17286	17	2	15	-19.71	-1
388	394	14864	14	1	13	-18.20	-1
388	395	16467	16	3	13	-15.16	-1
388	396	11296	13	1	12	-16.68	-1
388	397	14610	14	12	2	15.16	1
388	398	15346	16	15	1	21.23	1
388	399	12901	12	11	1	15.16	1
388	400	14764	15	13	2	16.68	1
388	401	14686	15	2	13	-16.68	-1
388	402	13874	12	1	11	-15.16	-1
388	403	13778	12	3	9	-9.10	-1
388	404	12865	12	10	2	12.13	1
388	405	12504	11	3	8	-7.58	-1
388	406	12460	11	10	1	13.65	1
388	407	12263	11	9	2	10.61	1
388	408	11915	10	8	2	9.10	1
388	409	11743	10	1	9	-12.13	-1
388	410	11643	10	3	7	-6.07	-1
388	411	10593	10	8	2	9.10	1
388	412	11221	10	7	3	6.07	1
388	413	11196	10	9	1	12.13	1
388	414	10284	8	1	7	-9.10	-1
388	415	10261	8	8	0	12.13	1
388	416	10182	8	4	4	0.00	1
388	417	9467	7	5	2	4.55	1
388	418	7694	6	4	2	3.03	1
388	419	7643	6	2	4	-3.03	-1
388	420	6814	5	5	0	7.58	1
388	421	6718	5	1	4	-4.55	-1
388	422	6710	5	5	0	7.58	1
388	423	5699	4	3	1	3.03	1
388	424	4793	3	3	0	4.55	1
388	425	4402	3	2	1	1.52	1
388	426	3844	3	2	1	1.52	1
388	427	3657	3	3	0	4.55	1
388	428	2940	3	2	1	1.52	1
388	429	2795	3	3	0	4.55	1
388	430	2775	3	3	0	4.55	1
388	431	2589	3	1	2	-1.52	-1
388	432	2531	3	3	0	4.55	1
388	433	2275	3	3	0	4.55	1
388	434	1932	3	3	0	4.55	1
388	435	1767	3	3	0	4.55	1
388	436	1302	2	1	1	0.00	1
389	390	13220	14	11	3	12.13	1
389	391	18776	19	15	4	16.68	1
389	392	18170	18	6	12	-9.10	-1
389	393	16494	17	5	12	-10.61	-1
389	394	14864	14	3	11	-12.13	-1
389	395	15675	16	10	6	6.07	1
389	396	11296	13	1	12	-16.68	-1
389	397	14610	14	12	2	15.16	1
389	398	14554	16	14	2	18.20	1
389	399	12901	12	10	2	12.13	1
389	400	13972	15	13	2	16.68	1
389	401	13894	15	2	13	-16.68	-1
389	402	13082	12	2	10	-12.13	-1
389	403	12986	12	4	8	-6.07	-1
389	404	12073	12	11	1	15.16	1
389	405	11712	11	3	8	-7.58	-1
389	406	11668	11	8	3	7.58	1
389	407	11471	11	10	1	13.65	1
389	408	11123	10	10	0	15.16	1
389	409	10951	10	0	10	-15.16	-1
389	410	10851	10	3	7	-6.07	-1
389	411	10593	10	9	1	12.13	1
389	412	10429	10	7	3	6.07	1
389	413	10404	10	8	2	9.10	1
389	414	9492	8	1	7	-9.10	-1
389	415	9469	8	7	1	9.10	1
389	416	9390	8	1	7	-9.10	-1
389	417	8675	7	6	1	7.58	1
389	418	6902	6	5	1	6.07	1
389	419	6851	6	1	5	-6.07	-1
389	420	6022	5	4	1	4.55	1
389	421	5926	5	1	4	-4.55	-1
389	422	5918	5	4	1	4.55	1
389	423	4907	4	3	1	3.03	1
389	424	4001	3	2	1	1.52	1
389	425	3610	3	1	2	-1.52	-1
389	426	3052	3	0	3	-4.55	-1
389	427	2865	3	2	1	1.52	1
389	428	2148	3	0	3	-4.55	-1
389	429	2003	3	1	2	-1.52	-1
389	430	1983	3	3	0	4.55	1
389	431	1797	3	3	0	4.55	1
389	432	1739	3	3	0	4.55	1
389	433	1483	3	2	1	1.52	1
389	434	1140	3	2	1	1.52	1
389	435	975	3	1	2	-1.52	-1
389	436	510	2	1	1	0.00	1
390	391	12870	14	7	7	0.00	1
390	392	12264	13	1	12	-16.68	-1
390	393	10588	12	1	11	-15.16	-1
390	394	10261	12	2	10	-12.13	-1
390	395	9769	11	3	8	-7.58	-1
390	396	9374	11	1	10	-13.65	-1
390	397	9269	11	9	2	10.61	1
390	398	8648	11	10	1	13.65	1
390	399	8295	10	10	0	15.16	1
390	400	8066	10	10	0	15.16	1
390	401	7988	10	3	7	-6.07	-1
390	402	7176	7	1	6	-7.58	-1
390	403	7080	7	2	5	-4.55	-1
390	404	6167	7	5	2	4.55	1
390	405	5806	6	0	6	-9.10	-1
390	406	5762	6	5	1	6.07	1
390	407	5565	6	5	1	6.07	1
390	408	5217	5	5	0	7.58	1
390	409	5045	5	2	3	-1.52	-1
390	410	4945	5	1	4	-4.55	-1
390	411	4690	5	3	2	1.52	1
390	412	4523	5	4	1	4.55	1
390	413	4498	5	5	0	7.58	1
390	414	3586	3	1	2	-1.52	-1
390	415	3563	3	1	2	-1.52	-1
390	416	3484	3	2	1	1.52	1
390	417	2769	2	2	0	3.03	1
390	418	996	1	1	0	1.52	1
390	419	945	1	0	1	-1.52	-1
391	392	20504	19	3	16	-19.71	-1
391	393	18828	18	1	17	-24.26	-1
391	394	14864	14	2	12	-15.16	-1
391	395	17810	17	3	14	-16.68	-1
391	396	11296	13	2	11	-13.65	-1
391	397	14610	14	14	0	21.23	1
391	398	15659	16	12	4	12.13	1
391	399	12901	12	9	3	9.10	1
391	400	16306	16	13	3	15.16	1
391	401	16228	16	5	11	-9.10	-1
391	402	15416	13	2	11	-13.65	-1
391	403	15320	13	4	9	-7.58	-1
391	404	14407	13	11	2	13.65	1
391	405	14046	12	0	12	-18.20	-1
391	406	14002	12	8	4	6.07	1
391	407	13419	12	9	3	9.10	1
391	408	12566	10	9	1	12.13	1
391	409	13285	11	1	10	-13.65	-1
391	410	13185	11	2	9	-10.61	-1
391	411	10593	10	10	0	15.16	1
391	412	12763	11	10	1	13.65	1
391	413	12738	11	10	1	13.65	1
391	414	11826	9	0	9	-13.65	-1
391	415	11803	9	7	2	7.58	1
391	416	11724	9	1	8	-10.61	-1
391	417	11009	8	8	0	12.13	1
391	418	9236	7	5	2	4.55	1
391	419	9185	7	2	5	-4.55	-1
391	420	8356	6	5	1	6.07	1
391	421	8260	6	1	5	-6.07	-1
391	422	8252	6	4	2	3.03	1
391	423	7241	5	3	2	1.52	1
391	424	6335	4	3	1	3.03	1
391	425	5944	4	1	3	-3.03	-1
391	426	5386	4	0	4	-6.07	-1
391	427	5199	4	4	0	6.07	1
391	428	4482	4	1	3	-3.03	-1
391	429	4337	4	2	2	0.00	1
391	430	4317	4	3	1	3.03	1
391	431	4131	4	3	1	3.03	1
391	432	4073	4	4	0	6.07	1
391	433	3817	4	3	1	3.03	1
391	434	3474	4	4	0	6.07	1
391	435	3309	4	4	0	6.07	1
391	436	2844	3	2	1	1.52	1
391	437	2565	1	1	0	1.52	1
391	438	2519	1	1	0	1.52	1
391	439	2342	1	1	0	1.52	1
391	440	2018	1	0	1	-1.52	-1
391	441	1662	1	0	1	-1.52	-1
391	442	944	1	0	1	-1.52	-1
391	443	920	1	0	1	-1.52	-1
392	393	20817	19	17	2	22.75	1
392	394	14864	14	11	3	12.13	1
392	395	17810	17	15	2	19.71	1
392	396	11296	13	9	4	7.58	1
392	397	14610	14	4	10	-9.10	-1
392	398	15659	16	5	11	-9.10	-1
392	399	12901	12	1	11	-15.16	-1
392	400	18071	17	1	16	-22.75	-1
392	401	18217	17	15	2	19.71	1
392	402	17405	14	12	2	15.16	1
392	403	17309	14	10	4	9.10	1
392	404	16396	14	2	12	-15.16	-1
392	405	16035	13	8	5	4.55	1
392	406	15991	13	3	10	-10.61	-1
392	407	13419	12	2	10	-12.13	-1
392	408	12566	10	3	7	-6.07	-1
392	409	15274	12	10	2	12.13	1
392	410	15174	12	11	1	15.16	1
392	411	10593	10	3	7	-6.07	-1
392	412	14752	12	0	12	-18.20	-1
392	413	14727	12	3	9	-9.10	-1
392	414	13815	10	6	4	3.03	1
392	415	13792	10	1	9	-12.13	-1
392	416	13713	10	10	0	15.16	1
392	417	12998	9	2	7	-7.58	-1
392	418	11225	8	2	6	-6.07	-1
392	419	11174	8	6	2	6.07	1
392	420	10345	7	1	6	-7.58	-1
392	421	10249	7	7	0	10.61	1
392	422	10241	7	3	4	-1.52	-1
392	423	9230	6	1	5	-6.07	-1
392	424	8324	5	1	4	-4.55	-1
392	425	7933	5	5	0	7.58	1
392	426	7375	5	4	1	4.55	1
392	427	7188	5	1	4	-4.55	-1
392	428	6471	5	4	1	4.55	1
392	429	6326	5	0	5	-7.58	-1
392	430	6306	5	2	3	-1.52	-1
392	431	6120	5	1	4	-4.55	-1
392	432	6062	5	3	2	1.52	1
392	433	5806	5	2	3	-1.52	-1
392	434	5463	5	0	5	-7.58	-1
392	435	5298	5	1	4	-4.55	-1
392	436	4833	4	1	3	-3.03	-1
392	437	4554	2	1	1	0.00	1
392	438	4508	2	0	2	-3.03	-1
392	439	4331	2	0	2	-3.03	-1
392	440	4007	2	0	2	-3.03	-1
392	441	3651	2	1	1	0.00	1
392	442	2933	2	2	0	3.03	1
392	443	2909	2	1	1	0.00	1
392	444	1998	1	1	0	1.52	1
392	445	1920	1	1	0	1.52	1
392	446	1824	1	0	1	-1.52	-1
392	447	1102	1	0	1	-1.52	-1
393	394	14864	14	12	2	15.16	1
393	395	17810	17	15	2	19.71	1
393	396	11296	13	12	1	16.68	1
393	397	14610	14	0	14	-21.23	-1
393	398	15659	16	3	13	-15.16	-1
393	399	12901	12	4	8	-6.07	-1
393	400	18071	17	3	14	-16.68	-1
393	401	19686	17	15	2	19.71	1
393	402	17717	14	11	3	12.13	1
393	403	20032	15	13	2	16.68	1
393	404	22134	15	4	11	-10.61	-1
393	405	21951	16	14	2	18.20	1
393	406	16165	13	1	12	-16.68	-1
393	407	13419	12	2	10	-12.13	-1
393	408	12566	10	3	7	-6.07	-1
393	409	21190	15	13	2	16.68	1
393	410	17070	12	12	0	18.20	1
393	411	10593	10	1	9	-12.13	-1
393	412	14761	12	3	9	-9.10	-1
393	413	19106	13	2	11	-13.65	-1
393	414	15451	10	5	5	0.00	1
393	415	17201	11	2	9	-10.61	-1
393	416	19629	13	11	2	13.65	1
393	417	15352	10	0	10	-15.16	-1
393	418	16811	9	3	6	-4.55	-1
393	419	17090	11	8	3	7.58	1
393	420	16261	10	3	7	-6.07	-1
393	421	12895	8	6	2	6.07	1
393	422	16157	10	2	8	-9.10	-1
393	423	15146	9	1	8	-10.61	-1
393	424	14240	8	2	6	-6.07	-1
393	425	13849	8	7	1	9.10	1
393	426	13291	8	2	6	-6.07	-1
393	427	13104	8	1	7	-9.10	-1
393	428	12387	8	4	4	0.00	1
393	429	12242	8	1	7	-9.10	-1
393	430	12222	8	1	7	-9.10	-1
393	431	12036	8	1	7	-9.10	-1
393	432	11978	8	1	7	-9.10	-1
393	433	11722	8	0	8	-12.13	-1
393	434	11379	8	1	7	-9.10	-1
393	435	11214	8	1	7	-9.10	-1
393	436	10749	7	2	5	-4.55	-1
393	437	10470	5	1	4	-4.55	-1
393	438	10424	5	3	2	1.52	1
393	439	10247	5	0	5	-7.58	-1
393	440	9923	5	1	4	-4.55	-1
393	441	9567	5	5	0	7.58	1
393	442	8849	5	4	1	4.55	1
393	443	8825	5	3	2	1.52	1
393	444	7914	4	4	0	6.07	1
393	445	7836	4	0	4	-6.07	-1
393	446	7740	4	0	4	-6.07	-1
393	447	7018	4	0	4	-6.07	-1
393	448	6579	3	1	2	-1.52	-1
393	449	5887	3	2	1	1.52	1
393	450	5810	3	3	0	4.55	1
393	451	5098	3	2	1	1.52	1
393	452	4877	3	0	3	-4.55	-1
393	453	4347	3	2	1	1.52	1
393	454	3885	3	3	0	4.55	1
393	455	3351	2	0	2	-3.03	-1
393	456	2930	2	0	2	-3.03	-1
393	457	1056	2	2	0	3.03	1
393	458	758	2	0	2	-3.03	-1
393	459	497	2	0	2	-3.03	-1
393	460	104	2	2	0	3.03	1
394	395	14372	13	11	2	13.65	1
394	396	11296	13	12	1	16.68	1
394	397	13872	13	3	10	-10.61	-1
394	398	13251	13	2	11	-13.65	-1
394	399	12898	12	3	9	-9.10	-1
394	400	12669	12	2	10	-12.13	-1
394	401	12591	12	7	5	3.03	1
394	402	11779	9	8	1	10.61	1
394	403	11683	9	8	1	10.61	1
394	404	10770	9	1	8	-10.61	-1
394	405	10409	8	7	1	9.10	1
394	406	10365	8	2	6	-6.07	-1
394	407	10168	8	1	7	-9.10	-1
394	408	9820	7	0	7	-10.61	-1
394	409	9648	7	5	2	4.55	1
394	410	9548	7	5	2	4.55	1
394	411	9293	7	0	7	-10.61	-1
394	412	9126	7	0	7	-10.61	-1
394	413	9101	7	0	7	-10.61	-1
394	414	8189	5	5	0	7.58	1
394	415	8166	5	1	4	-4.55	-1
394	416	8087	5	5	0	7.58	1
394	417	7372	4	0	4	-6.07	-1
394	418	5599	3	0	3	-4.55	-1
394	419	5548	3	1	2	-1.52	-1
394	420	4719	2	0	2	-3.03	-1
394	421	4623	2	2	0	3.03	1
394	422	4615	2	0	2	-3.03	-1
394	423	3604	1	0	1	-1.52	-1
395	396	11296	13	12	1	16.68	1
395	397	14610	14	3	11	-12.13	-1
395	398	15659	16	8	8	0.00	1
395	399	12901	12	3	9	-9.10	-1
395	400	16107	16	4	12	-12.13	-1
395	401	16029	16	11	5	9.10	1
395	402	15217	13	12	1	16.68	1
395	403	15121	13	12	1	16.68	1
395	404	14208	13	1	12	-16.68	-1
395	405	13847	12	10	2	12.13	1
395	406	13803	12	2	10	-12.13	-1
395	407	13419	12	2	10	-12.13	-1
395	408	12566	10	2	8	-9.10	-1
395	409	13086	11	10	1	13.65	1
395	410	12986	11	11	0	16.68	1
395	411	10593	10	1	9	-12.13	-1
395	412	12564	11	2	9	-10.61	-1
395	413	12539	11	2	9	-10.61	-1
395	414	11627	9	7	2	7.58	1
395	415	11604	9	1	8	-10.61	-1
395	416	11525	9	9	0	13.65	1
395	417	10810	8	2	6	-6.07	-1
395	418	9037	7	0	7	-10.61	-1
395	419	8986	7	7	0	10.61	1
395	420	8157	6	0	6	-9.10	-1
395	421	8061	6	6	0	9.10	1
395	422	8053	6	0	6	-9.10	-1
395	423	7042	5	2	3	-1.52	-1
395	424	6136	4	0	4	-6.07	-1
395	425	5745	4	4	0	6.07	1
395	426	5187	4	4	0	6.07	1
395	427	5000	4	1	3	-3.03	-1
395	428	4283	4	4	0	6.07	1
395	429	4138	4	0	4	-6.07	-1
395	430	4118	4	0	4	-6.07	-1
395	431	3932	4	0	4	-6.07	-1
395	432	3874	4	1	3	-3.03	-1
395	433	3618	4	1	3	-3.03	-1
395	434	3275	4	2	2	0.00	1
395	435	3110	4	0	4	-6.07	-1
395	436	2645	3	0	3	-4.55	-1
395	437	2366	1	0	1	-1.52	-1
395	438	2320	1	0	1	-1.52	-1
395	439	2143	1	0	1	-1.52	-1
395	440	1819	1	1	0	1.52	1
395	441	1463	1	1	0	1.52	1
395	442	745	1	1	0	1.52	1
395	443	721	1	0	1	-1.52	-1
396	397	11191	13	0	13	-19.71	-1
396	398	10570	13	1	12	-16.68	-1
396	399	10217	12	3	9	-9.10	-1
396	400	9988	12	1	11	-15.16	-1
396	401	9910	12	11	1	15.16	1
396	402	9098	9	9	0	13.65	1
396	403	9002	9	7	2	7.58	1
396	404	8089	9	1	8	-10.61	-1
396	405	7728	8	5	3	3.03	1
396	406	7684	8	1	7	-9.10	-1
396	407	7487	8	2	6	-6.07	-1
396	408	7139	7	1	6	-7.58	-1
396	409	6967	7	5	2	4.55	1
396	410	6867	7	6	1	7.58	1
396	411	6612	7	0	7	-10.61	-1
396	412	6445	7	1	6	-7.58	-1
396	413	6420	7	1	6	-7.58	-1
396	414	5508	5	5	0	7.58	1
396	415	5485	5	0	5	-7.58	-1
396	416	5406	5	5	0	7.58	1
396	417	4691	4	1	3	-3.03	-1
396	418	2918	3	0	3	-4.55	-1
396	419	2867	3	3	0	4.55	1
396	420	2038	2	0	2	-3.03	-1
396	421	1942	2	1	1	0.00	1
396	422	1934	2	1	1	0.00	1
396	423	923	1	1	0	1.52	1
397	398	13989	14	12	2	15.16	1
397	399	12901	12	8	4	6.07	1
397	400	13407	13	12	1	16.68	1
397	401	13329	13	4	9	-7.58	-1
397	402	12517	10	2	8	-9.10	-1
397	403	12421	10	1	9	-12.13	-1
397	404	11508	10	9	1	12.13	1
397	405	11147	9	3	6	-4.55	-1
397	406	11103	9	8	1	10.61	1
397	407	10906	9	8	1	10.61	1
397	408	10558	8	7	1	9.10	1
397	409	10386	8	1	7	-9.10	-1
397	410	10286	8	0	8	-12.13	-1
397	411	10031	8	8	0	12.13	1
397	412	9864	8	7	1	9.10	1
397	413	9839	8	5	3	3.03	1
397	414	8927	6	1	5	-6.07	-1
397	415	8904	6	5	1	6.07	1
397	416	8825	6	0	6	-9.10	-1
397	417	8110	5	5	0	7.58	1
397	418	6337	4	4	0	6.07	1
397	419	6286	4	0	4	-6.07	-1
397	420	5457	3	3	0	4.55	1
397	421	5361	3	3	0	4.55	1
397	422	5353	3	3	0	4.55	1
397	423	4342	2	2	0	3.03	1
397	424	3436	1	1	0	1.52	1
397	425	3045	1	0	1	-1.52	-1
397	426	2487	1	0	1	-1.52	-1
397	427	2300	1	1	0	1.52	1
397	428	1583	1	1	0	1.52	1
397	429	1438	1	0	1	-1.52	-1
397	430	1418	1	1	0	1.52	1
397	431	1232	1	0	1	-1.52	-1
397	432	1174	1	1	0	1.52	1
397	433	918	1	1	0	1.52	1
397	434	575	1	1	0	1.52	1
397	435	410	1	0	1	-1.52	-1
398	399	12901	12	11	1	15.16	1
398	400	15077	15	13	2	16.68	1
398	401	14999	15	2	13	-16.68	-1
398	402	14187	12	3	9	-9.10	-1
398	403	14091	12	2	10	-12.13	-1
398	404	13178	12	12	0	18.20	1
398	405	12817	11	2	9	-10.61	-1
398	406	12773	11	9	2	10.61	1
398	407	12576	11	7	4	4.55	1
398	408	12228	10	7	3	6.07	1
398	409	12056	10	1	9	-12.13	-1
398	410	11956	10	3	7	-6.07	-1
398	411	10593	10	9	1	12.13	1
398	412	11534	10	9	1	12.13	1
398	413	11509	10	8	2	9.10	1
398	414	10597	8	2	6	-6.07	-1
398	415	10574	8	8	0	12.13	1
398	416	10495	8	1	7	-9.10	-1
398	417	9780	7	6	1	7.58	1
398	418	8007	6	6	0	9.10	1
398	419	7956	6	0	6	-9.10	-1
398	420	7127	5	3	2	1.52	1
398	421	7031	5	0	5	-7.58	-1
398	422	7023	5	4	1	4.55	1
398	423	6012	4	4	0	6.07	1
398	424	5106	3	3	0	4.55	1
398	425	4715	3	0	3	-4.55	-1
398	426	4157	3	0	3	-4.55	-1
398	427	3970	3	1	2	-1.52	-1
398	428	3253	3	1	2	-1.52	-1
398	429	3108	3	3	0	4.55	1
398	430	3088	3	3	0	4.55	1
398	431	2902	3	2	1	1.52	1
398	432	2844	3	2	1	1.52	1
398	433	2588	3	3	0	4.55	1
398	434	2245	3	3	0	4.55	1
398	435	2080	3	3	0	4.55	1
398	436	1615	2	1	1	0.00	1
399	400	12672	12	11	1	15.16	1
399	401	12594	12	1	11	-15.16	-1
399	402	11782	9	0	9	-13.65	-1
399	403	11686	9	0	9	-13.65	-1
399	404	10773	9	7	2	7.58	1
399	405	10412	8	2	6	-6.07	-1
399	406	10368	8	6	2	6.07	1
399	407	10171	8	7	1	9.10	1
399	408	9823	7	4	3	1.52	1
399	409	9651	7	0	7	-10.61	-1
399	410	9551	7	1	6	-7.58	-1
399	411	9296	7	6	1	7.58	1
399	412	9129	7	7	0	10.61	1
399	413	9104	7	6	1	7.58	1
399	414	8192	5	0	5	-7.58	-1
399	415	8169	5	4	1	4.55	1
399	416	8090	5	2	3	-1.52	-1
399	417	7375	4	2	2	0.00	1
399	418	5602	3	3	0	4.55	1
399	419	5551	3	1	2	-1.52	-1
399	420	4722	2	2	0	3.03	1
399	421	4626	2	0	2	-3.03	-1
399	422	4618	2	2	0	3.03	1
399	423	3607	1	1	0	1.52	1
400	401	17993	17	3	14	-16.68	-1
400	402	17181	14	0	14	-21.23	-1
400	403	17085	14	1	13	-18.20	-1
400	404	16172	14	12	2	15.16	1
400	405	15811	13	1	12	-16.68	-1
400	406	15767	13	11	2	13.65	1
400	407	13419	12	9	3	9.10	1
400	408	12566	10	8	2	9.10	1
400	409	15050	12	1	11	-15.16	-1
400	410	14950	12	2	10	-12.13	-1
400	411	10593	10	10	0	15.16	1
400	412	14528	12	10	2	12.13	1
400	413	14503	12	8	4	6.07	1
400	414	13591	10	1	9	-12.13	-1
400	415	13568	10	9	1	12.13	1
400	416	13489	10	3	7	-6.07	-1
400	417	12774	9	8	1	10.61	1
400	418	11001	8	8	0	12.13	1
400	419	10950	8	0	8	-12.13	-1
400	420	10121	7	6	1	7.58	1
400	421	10025	7	1	6	-7.58	-1
400	422	10017	7	7	0	10.61	1
400	423	9006	6	5	1	6.07	1
400	424	8100	5	5	0	7.58	1
400	425	7709	5	0	5	-7.58	-1
400	426	7151	5	1	4	-4.55	-1
400	427	6964	5	5	0	7.58	1
400	428	6247	5	0	5	-7.58	-1
400	429	6102	5	5	0	7.58	1
400	430	6082	5	4	1	4.55	1
400	431	5896	5	4	1	4.55	1
400	432	5838	5	5	0	7.58	1
400	433	5582	5	5	0	7.58	1
400	434	5239	5	5	0	7.58	1
400	435	5074	5	5	0	7.58	1
400	436	4609	4	3	1	3.03	1
400	437	4330	2	0	2	-3.03	-1
400	438	4284	2	2	0	3.03	1
400	439	4107	2	0	2	-3.03	-1
400	440	3783	2	1	1	0.00	1
400	441	3427	2	1	1	0.00	1
400	442	2709	2	0	2	-3.03	-1
400	443	2685	2	0	2	-3.03	-1
400	444	1774	1	0	1	-1.52	-1
400	445	1696	1	1	0	1.52	1
400	446	1600	1	1	0	1.52	1
400	447	878	1	1	0	1.52	1
401	402	17717	14	13	1	18.20	1
401	403	18778	14	12	2	15.16	1
401	404	17865	14	1	13	-18.20	-1
401	405	17504	13	11	2	13.65	1
401	406	16165	13	2	11	-13.65	-1
401	407	13419	12	3	9	-9.10	-1
401	408	12566	10	2	8	-9.10	-1
401	409	16743	12	10	2	12.13	1
401	410	16643	12	8	4	6.07	1
401	411	10593	10	2	8	-9.10	-1
401	412	14761	12	2	10	-12.13	-1
401	413	16196	12	5	7	-3.03	-1
401	414	15284	10	8	2	9.10	1
401	415	15261	10	0	10	-15.16	-1
401	416	15182	10	9	1	12.13	1
401	417	14467	9	2	7	-7.58	-1
401	418	12694	8	1	7	-9.10	-1
401	419	12643	8	8	0	12.13	1
401	420	11814	7	1	6	-7.58	-1
401	421	11718	7	5	2	4.55	1
401	422	11710	7	1	6	-7.58	-1
401	423	10699	6	0	6	-9.10	-1
401	424	9793	5	1	4	-4.55	-1
401	425	9402	5	4	1	4.55	1
401	426	8844	5	4	1	4.55	1
401	427	8657	5	3	2	1.52	1
401	428	7940	5	4	1	4.55	1
401	429	7795	5	1	4	-4.55	-1
401	430	7775	5	2	3	-1.52	-1
401	431	7589	5	2	3	-1.52	-1
401	432	7531	5	1	4	-4.55	-1
401	433	7275	5	1	4	-4.55	-1
401	434	6932	5	0	5	-7.58	-1
401	435	6767	5	1	4	-4.55	-1
401	436	6302	4	0	4	-6.07	-1
401	437	6023	2	0	2	-3.03	-1
401	438	5977	2	0	2	-3.03	-1
401	439	5800	2	0	2	-3.03	-1
401	440	5476	2	0	2	-3.03	-1
401	441	5120	2	2	0	3.03	1
401	442	4402	2	2	0	3.03	1
401	443	4378	2	1	1	0.00	1
401	444	3467	1	1	0	1.52	1
401	445	3389	1	0	1	-1.52	-1
401	446	3293	1	0	1	-1.52	-1
401	447	2571	1	0	1	-1.52	-1
402	403	17621	14	13	1	18.20	1
402	404	16708	14	4	10	-9.10	-1
402	405	16347	13	12	1	16.68	1
402	406	16165	13	4	9	-7.58	-1
402	407	13419	12	1	11	-15.16	-1
402	408	12566	10	2	8	-9.10	-1
402	409	15586	12	9	3	9.10	1
402	410	15486	12	7	5	3.03	1
402	411	10593	10	3	7	-6.07	-1
402	412	14761	12	3	9	-9.10	-1
402	413	15039	12	2	10	-12.13	-1
402	414	14127	10	7	3	6.07	1
402	415	14104	10	2	8	-9.10	-1
402	416	14025	10	9	1	12.13	1
402	417	13310	9	0	9	-13.65	-1
402	418	11537	8	1	7	-9.10	-1
402	419	11486	8	8	0	12.13	1
402	420	10657	7	1	6	-7.58	-1
402	421	10561	7	6	1	7.58	1
402	422	10553	7	0	7	-10.61	-1
402	423	9542	6	0	6	-9.10	-1
402	424	8636	5	1	4	-4.55	-1
402	425	8245	5	3	2	1.52	1
402	426	7687	5	4	1	4.55	1
402	427	7500	5	2	3	-1.52	-1
402	428	6783	5	5	0	7.58	1
402	429	6638	5	1	4	-4.55	-1
402	430	6618	5	0	5	-7.58	-1
402	431	6432	5	2	3	-1.52	-1
402	432	6374	5	2	3	-1.52	-1
402	433	6118	5	1	4	-4.55	-1
402	434	5775	5	0	5	-7.58	-1
402	435	5610	5	0	5	-7.58	-1
402	436	5145	4	1	3	-3.03	-1
402	437	4866	2	0	2	-3.03	-1
402	438	4820	2	0	2	-3.03	-1
402	439	4643	2	0	2	-3.03	-1
402	440	4319	2	1	1	0.00	1
402	441	3963	2	1	1	0.00	1
402	442	3245	2	2	0	3.03	1
402	443	3221	2	2	0	3.03	1
402	444	2310	1	1	0	1.52	1
402	445	2232	1	1	0	1.52	1
402	446	2136	1	1	0	1.52	1
402	447	1414	1	0	1	-1.52	-1
403	404	19119	15	1	14	-19.71	-1
403	405	18758	14	13	1	18.20	1
403	406	16165	13	3	10	-10.61	-1
403	407	13419	12	3	9	-9.10	-1
403	408	12566	10	2	8	-9.10	-1
403	409	17997	13	11	2	13.65	1
403	410	17070	12	8	4	6.07	1
403	411	10593	10	1	9	-12.13	-1
403	412	14761	12	2	10	-12.13	-1
403	413	17450	13	0	13	-19.71	-1
403	414	15451	10	6	4	3.03	1
403	415	16515	11	0	11	-16.68	-1
403	416	16436	11	10	1	13.65	1
403	417	15352	10	3	7	-6.07	-1
403	418	13948	9	4	5	-1.52	-1
403	419	13897	9	9	0	13.65	1
403	420	13068	8	4	4	0.00	1
403	421	12895	8	6	2	6.07	1
403	422	12964	8	0	8	-12.13	-1
403	423	11953	7	3	4	-1.52	-1
403	424	11047	6	0	6	-9.10	-1
403	425	10656	6	5	1	6.07	1
403	426	10098	6	6	0	9.10	1
403	427	9911	6	3	3	0.00	1
403	428	9194	6	5	1	6.07	1
403	429	9049	6	2	4	-3.03	-1
403	430	9029	6	1	5	-6.07	-1
403	431	8843	6	3	3	0.00	1
403	432	8785	6	2	4	-3.03	-1
403	433	8529	6	0	6	-9.10	-1
403	434	8186	6	1	5	-6.07	-1
403	435	8021	6	1	5	-6.07	-1
403	436	7556	5	1	4	-4.55	-1
403	437	7277	3	0	3	-4.55	-1
403	438	7231	3	1	2	-1.52	-1
403	439	7054	3	0	3	-4.55	-1
403	440	6730	3	0	3	-4.55	-1
403	441	6374	3	3	0	4.55	1
403	442	5656	3	3	0	4.55	1
403	443	5632	3	3	0	4.55	1
403	444	4721	2	2	0	3.03	1
403	445	4643	2	1	1	0.00	1
403	446	4547	2	0	2	-3.03	-1
403	447	3825	2	0	2	-3.03	-1
403	448	3386	1	0	1	-1.52	-1
403	449	2694	1	1	0	1.52	1
403	450	2617	1	0	1	-1.52	-1
403	451	1905	1	1	0	1.52	1
403	452	1684	1	0	1	-1.52	-1
403	453	1154	1	0	1	-1.52	-1
403	454	692	1	1	0	1.52	1
404	405	21773	14	4	10	-9.10	-1
404	406	16165	13	11	2	13.65	1
404	407	13419	12	10	2	12.13	1
404	408	12566	10	6	4	3.03	1
404	409	21012	13	3	10	-10.61	-1
404	410	17070	12	3	9	-9.10	-1
404	411	10593	10	7	3	6.07	1
404	412	14761	12	10	2	12.13	1
404	413	19106	13	10	3	10.61	1
404	414	15451	10	1	9	-12.13	-1
404	415	17201	11	8	3	7.58	1
404	416	19451	11	2	9	-10.61	-1
404	417	15352	10	8	2	9.10	1
404	418	16811	9	3	6	-4.55	-1
404	419	16912	9	3	6	-4.55	-1
404	420	16083	8	5	3	3.03	1
404	421	12895	8	3	5	-3.03	-1
404	422	15979	8	8	0	12.13	1
404	423	14968	7	6	1	7.58	1
404	424	14062	6	6	0	9.10	1
404	425	13671	6	1	5	-6.07	-1
404	426	13113	6	0	6	-9.10	-1
404	427	12926	6	3	3	0.00	1
404	428	12209	6	0	6	-9.10	-1
404	429	12064	6	5	1	6.07	1
404	430	12044	6	6	0	9.10	1
404	431	11858	6	5	1	6.07	1
404	432	11800	6	5	1	6.07	1
404	433	11544	6	6	0	9.10	1
404	434	11201	6	6	0	9.10	1
404	435	11036	6	5	1	6.07	1
404	436	10571	5	5	0	7.58	1
404	437	10292	3	3	0	4.55	1
404	438	10246	3	3	0	4.55	1
404	439	10069	3	1	2	-1.52	-1
404	440	9745	3	3	0	4.55	1
404	441	9389	3	0	3	-4.55	-1
404	442	8671	3	0	3	-4.55	-1
404	443	8647	3	2	1	1.52	1
404	444	7736	2	1	1	0.00	1
404	445	7658	2	2	0	3.03	1
404	446	7562	2	2	0	3.03	1
404	447	6840	2	0	2	-3.03	-1
404	448	6401	1	1	0	1.52	1
404	449	5709	1	1	0	1.52	1
404	450	5632	1	0	1	-1.52	-1
404	451	4920	1	0	1	-1.52	-1
404	452	4699	1	1	0	1.52	1
404	453	4169	1	1	0	1.52	1
404	454	3707	1	1	0	1.52	1
405	406	16165	13	2	11	-13.65	-1
405	407	13419	12	1	11	-15.16	-1
405	408	12566	10	1	9	-12.13	-1
405	409	24186	17	12	5	10.61	1
405	410	17070	12	8	4	6.07	1
405	411	10593	10	3	7	-6.07	-1
405	412	14761	12	3	9	-9.10	-1
405	413	19106	13	2	11	-13.65	-1
405	414	15451	10	7	3	6.07	1
405	415	17201	11	4	7	-4.55	-1
405	416	22195	15	15	0	22.75	1
405	417	15352	10	2	8	-9.10	-1
405	418	16811	9	0	9	-13.65	-1
405	419	23105	14	10	4	9.10	1
405	420	20156	12	4	8	-6.07	-1
405	421	12895	8	8	0	12.13	1
405	422	19365	12	3	9	-9.10	-1
405	423	15708	10	2	8	-9.10	-1
405	424	20255	11	1	10	-13.65	-1
405	425	19168	10	7	3	6.07	1
405	426	19232	11	8	3	7.58	1
405	427	19119	11	2	9	-10.61	-1
405	428	16911	10	8	2	9.10	1
405	429	18257	11	3	8	-7.58	-1
405	430	18237	11	2	9	-10.61	-1
405	431	17748	11	1	10	-13.65	-1
405	432	17993	11	1	10	-13.65	-1
405	433	16202	10	3	7	-6.07	-1
405	434	16645	10	2	8	-9.10	-1
405	435	15613	10	3	7	-6.07	-1
405	436	16764	10	0	10	-15.16	-1
405	437	16485	8	3	5	-3.03	-1
405	438	15339	7	0	7	-10.61	-1
405	439	16262	8	0	8	-12.13	-1
405	440	15938	8	1	7	-9.10	-1
405	441	15582	8	6	2	6.07	1
405	442	12619	7	6	1	7.58	1
405	443	14840	8	5	3	3.03	1
405	444	13929	7	6	1	7.58	1
405	445	13851	7	1	6	-7.58	-1
405	446	13755	7	2	5	-4.55	-1
405	447	13033	7	1	6	-7.58	-1
405	448	12594	6	0	6	-9.10	-1
405	449	11902	6	5	1	6.07	1
405	450	11825	6	5	1	6.07	1
405	451	11113	6	5	1	6.07	1
405	452	10892	6	3	3	0.00	1
405	453	10362	6	2	4	-3.03	-1
405	454	9900	6	6	0	9.10	1
405	455	9366	5	0	5	-7.58	-1
405	456	8945	5	2	3	-1.52	-1
405	457	7071	5	4	1	4.55	1
405	458	6773	5	2	3	-1.52	-1
405	459	6512	5	1	4	-4.55	-1
405	460	6119	5	5	0	7.58	1
405	461	6014	3	0	3	-4.55	-1
405	462	5603	2	0	2	-3.03	-1
405	463	4668	2	2	0	3.03	1
405	464	3472	1	1	0	1.52	1
405	465	3281	1	0	1	-1.52	-1
405	466	2226	1	0	1	-1.52	-1
405	467	1974	1	1	0	1.52	1
405	468	1801	1	0	1	-1.52	-1
405	469	936	1	0	1	-1.52	-1
406	407	13419	12	8	4	6.07	1
406	408	12566	10	7	3	6.07	1
406	409	15448	12	1	11	-15.16	-1
406	410	15348	12	3	9	-9.10	-1
406	411	10593	10	9	1	12.13	1
406	412	14761	12	7	5	3.03	1
406	413	14901	12	8	4	6.07	1
406	414	13989	10	4	6	-3.03	-1
406	415	13966	10	7	3	6.07	1
406	416	13887	10	2	8	-9.10	-1
406	417	13172	9	8	1	10.61	1
406	418	11399	8	6	2	6.07	1
406	419	11348	8	2	6	-6.07	-1
406	420	10519	7	5	2	4.55	1
406	421	10423	7	0	7	-10.61	-1
406	422	10415	7	5	2	4.55	1
406	423	9404	6	3	3	0.00	1
406	424	8498	5	4	1	4.55	1
406	425	8107	5	1	4	-4.55	-1
406	426	7549	5	0	5	-7.58	-1
406	427	7362	5	5	0	7.58	1
406	428	6645	5	1	4	-4.55	-1
406	429	6500	5	3	2	1.52	1
406	430	6480	5	4	1	4.55	1
406	431	6294	5	4	1	4.55	1
406	432	6236	5	4	1	4.55	1
406	433	5980	5	5	0	7.58	1
406	434	5637	5	4	1	4.55	1
406	435	5472	5	4	1	4.55	1
406	436	5007	4	4	0	6.07	1
406	437	4728	2	2	0	3.03	1
406	438	4682	2	1	1	0.00	1
406	439	4505	2	2	0	3.03	1
406	440	4181	2	2	0	3.03	1
406	441	3825	2	0	2	-3.03	-1
406	442	3107	2	0	2	-3.03	-1
406	443	3083	2	1	1	0.00	1
406	444	2172	1	0	1	-1.52	-1
406	445	2094	1	0	1	-1.52	-1
406	446	1998	1	1	0	1.52	1
406	447	1276	1	1	0	1.52	1
407	408	12566	10	7	3	6.07	1
407	409	12899	11	1	10	-13.65	-1
407	410	12799	11	1	10	-13.65	-1
407	411	10593	10	8	2	9.10	1
407	412	12377	11	8	3	7.58	1
407	413	12352	11	8	3	7.58	1
407	414	11440	9	1	8	-10.61	-1
407	415	11417	9	8	1	10.61	1
407	416	11338	9	3	6	-4.55	-1
407	417	10623	8	6	2	6.07	1
407	418	8850	7	7	0	10.61	1
407	419	8799	7	1	6	-7.58	-1
407	420	7970	6	4	2	3.03	1
407	421	7874	6	1	5	-6.07	-1
407	422	7866	6	4	2	3.03	1
407	423	6855	5	4	1	4.55	1
407	424	5949	4	4	0	6.07	1
407	425	5558	4	0	4	-6.07	-1
407	426	5000	4	0	4	-6.07	-1
407	427	4813	4	4	0	6.07	1
407	428	4096	4	0	4	-6.07	-1
407	429	3951	4	4	0	6.07	1
407	430	3931	4	4	0	6.07	1
407	431	3745	4	4	0	6.07	1
407	432	3687	4	4	0	6.07	1
407	433	3431	4	4	0	6.07	1
407	434	3088	4	4	0	6.07	1
407	435	2923	4	4	0	6.07	1
407	436	2458	3	2	1	1.52	1
407	437	2179	1	0	1	-1.52	-1
407	438	2133	1	1	0	1.52	1
407	439	1956	1	1	0	1.52	1
407	440	1632	1	1	0	1.52	1
407	441	1276	1	0	1	-1.52	-1
407	442	558	1	0	1	-1.52	-1
407	443	534	1	0	1	-1.52	-1
408	409	12394	10	3	7	-6.07	-1
408	410	12294	10	5	5	0.00	1
408	411	10593	10	9	1	12.13	1
408	412	11872	10	9	1	12.13	1
408	413	11847	10	7	3	6.07	1
408	414	10935	8	2	6	-6.07	-1
408	415	10912	8	7	1	9.10	1
408	416	10833	8	1	7	-9.10	-1
408	417	10118	7	4	3	1.52	1
408	418	8345	6	5	1	6.07	1
408	419	8294	6	0	6	-9.10	-1
408	420	7465	5	5	0	7.58	1
408	421	7369	5	1	4	-4.55	-1
408	422	7361	5	4	1	4.55	1
408	423	6350	4	4	0	6.07	1
408	424	5444	3	2	1	1.52	1
408	425	5053	3	0	3	-4.55	-1
408	426	4495	3	3	0	4.55	1
408	427	4308	3	2	1	1.52	1
408	428	3591	3	1	2	-1.52	-1
408	429	3446	3	3	0	4.55	1
408	430	3426	3	2	1	1.52	1
408	431	3240	3	3	0	4.55	1
408	432	3182	3	3	0	4.55	1
408	433	2926	3	1	2	-1.52	-1
408	434	2583	3	2	1	1.52	1
408	435	2418	3	2	1	1.52	1
408	436	1953	2	1	1	0.00	1
409	410	17070	12	9	3	9.10	1
409	411	10593	10	2	8	-9.10	-1
409	412	14761	12	3	9	-9.10	-1
409	413	19106	13	3	10	-10.61	-1
409	414	15451	10	9	1	12.13	1
409	415	17201	11	2	9	-10.61	-1
409	416	22195	15	11	4	10.61	1
409	417	15352	10	0	10	-15.16	-1
409	418	16811	9	3	6	-4.55	-1
409	419	20086	13	10	3	10.61	1
409	420	19257	12	3	9	-9.10	-1
409	421	12895	8	7	1	9.10	1
409	422	19153	12	3	9	-9.10	-1
409	423	15708	10	0	10	-15.16	-1
409	424	17236	10	3	7	-6.07	-1
409	425	16845	10	8	2	9.10	1
409	426	16287	10	5	5	0.00	1
409	427	16100	10	1	9	-12.13	-1
409	428	15383	10	8	2	9.10	1
409	429	15238	10	3	7	-6.07	-1
409	430	15218	10	1	9	-12.13	-1
409	431	15032	10	0	10	-15.16	-1
409	432	14974	10	0	10	-15.16	-1
409	433	14718	10	2	8	-9.10	-1
409	434	14375	10	1	9	-12.13	-1
409	435	14210	10	1	9	-12.13	-1
409	436	13745	9	2	7	-7.58	-1
409	437	13466	7	1	6	-7.58	-1
409	438	13420	7	0	7	-10.61	-1
409	439	13243	7	0	7	-10.61	-1
409	440	12919	7	1	6	-7.58	-1
409	441	12563	7	6	1	7.58	1
409	442	11845	7	6	1	7.58	1
409	443	11821	7	6	1	7.58	1
409	444	10910	6	5	1	6.07	1
409	445	10832	6	2	4	-3.03	-1
409	446	10736	6	2	4	-3.03	-1
409	447	10014	6	3	3	0.00	1
409	448	9575	5	1	4	-4.55	-1
409	449	8883	5	3	2	1.52	1
409	450	8806	5	4	1	4.55	1
409	451	8094	5	3	2	1.52	1
409	452	7873	5	2	3	-1.52	-1
409	453	7343	5	2	3	-1.52	-1
409	454	6881	5	4	1	4.55	1
409	455	6347	4	0	4	-6.07	-1
409	456	5926	4	2	2	0.00	1
409	457	4052	4	3	1	3.03	1
409	458	3754	4	1	3	-3.03	-1
409	459	3493	4	1	3	-3.03	-1
409	460	3100	4	4	0	6.07	1
409	461	2995	2	0	2	-3.03	-1
409	462	2584	1	0	1	-1.52	-1
409	463	1649	1	0	1	-1.52	-1
410	411	10593	10	3	7	-6.07	-1
410	412	14761	12	1	11	-15.16	-1
410	413	16623	12	1	11	-15.16	-1
410	414	15451	10	8	2	9.10	1
410	415	15688	10	1	9	-12.13	-1
410	416	15609	10	8	2	9.10	1
410	417	14894	9	1	8	-10.61	-1
410	418	13121	8	0	8	-12.13	-1
410	419	13070	8	7	1	9.10	1
410	420	12241	7	0	7	-10.61	-1
410	421	12145	7	7	0	10.61	1
410	422	12137	7	1	6	-7.58	-1
410	423	11126	6	0	6	-9.10	-1
410	424	10220	5	3	2	1.52	1
410	425	9829	5	4	1	4.55	1
410	426	9271	5	5	0	7.58	1
410	427	9084	5	0	5	-7.58	-1
410	428	8367	5	5	0	7.58	1
410	429	8222	5	0	5	-7.58	-1
410	430	8202	5	0	5	-7.58	-1
410	431	8016	5	2	3	-1.52	-1
410	432	7958	5	1	4	-4.55	-1
410	433	7702	5	2	3	-1.52	-1
410	434	7359	5	1	4	-4.55	-1
410	435	7194	5	2	3	-1.52	-1
410	436	6729	4	1	3	-3.03	-1
410	437	6450	2	1	1	0.00	1
410	438	6404	2	1	1	0.00	1
410	439	6227	2	1	1	0.00	1
410	440	5903	2	1	1	0.00	1
410	441	5547	2	2	0	3.03	1
410	442	4829	2	2	0	3.03	1
410	443	4805	2	1	1	0.00	1
410	444	3894	1	1	0	1.52	1
410	445	3816	1	0	1	-1.52	-1
410	446	3720	1	0	1	-1.52	-1
410	447	2998	1	0	1	-1.52	-1
411	412	10426	10	9	1	12.13	1
411	413	10401	10	9	1	12.13	1
411	414	9489	8	3	5	-3.03	-1
411	415	9466	8	6	2	6.07	1
411	416	9387	8	1	7	-9.10	-1
411	417	8672	7	5	2	4.55	1
411	418	6899	6	3	3	0.00	1
411	419	6848	6	1	5	-6.07	-1
411	420	6019	5	5	0	7.58	1
411	421	5923	5	1	4	-4.55	-1
411	422	5915	5	5	0	7.58	1
411	423	4904	4	4	0	6.07	1
411	424	3998	3	2	1	1.52	1
411	425	3607	3	1	2	-1.52	-1
411	426	3049	3	0	3	-4.55	-1
411	427	2862	3	3	0	4.55	1
411	428	2145	3	0	3	-4.55	-1
411	429	2000	3	3	0	4.55	1
411	430	1980	3	3	0	4.55	1
411	431	1794	3	2	1	1.52	1
411	432	1736	3	2	1	1.52	1
411	433	1480	3	3	0	4.55	1
411	434	1137	3	3	0	4.55	1
411	435	972	3	1	2	-1.52	-1
411	436	507	2	2	0	3.03	1
412	413	14736	12	8	4	6.07	1
412	414	13824	10	1	9	-12.13	-1
412	415	13801	10	10	0	15.16	1
412	416	13722	10	1	9	-12.13	-1
412	417	13007	9	9	0	13.65	1
412	418	11234	8	7	1	9.10	1
412	419	11183	8	2	6	-6.07	-1
412	420	10354	7	6	1	7.58	1
412	421	10258	7	3	4	-1.52	-1
412	422	10250	7	5	2	4.55	1
412	423	9239	6	6	0	9.10	1
412	424	8333	5	3	2	1.52	1
412	425	7942	5	2	3	-1.52	-1
412	426	7384	5	0	5	-7.58	-1
412	427	7197	5	5	0	7.58	1
412	428	6480	5	1	4	-4.55	-1
412	429	6335	5	4	1	4.55	1
412	430	6315	5	5	0	7.58	1
412	431	6129	5	5	0	7.58	1
412	432	6071	5	5	0	7.58	1
412	433	5815	5	4	1	4.55	1
412	434	5472	5	3	2	1.52	1
412	435	5307	5	4	1	4.55	1
412	436	4842	4	4	0	6.07	1
412	437	4563	2	2	0	3.03	1
412	438	4517	2	2	0	3.03	1
412	439	4340	2	1	1	0.00	1
412	440	4016	2	2	0	3.03	1
412	441	3660	2	0	2	-3.03	-1
412	442	2942	2	0	2	-3.03	-1
412	443	2918	2	0	2	-3.03	-1
412	444	2007	1	0	1	-1.52	-1
412	445	1929	1	1	0	1.52	1
412	446	1833	1	1	0	1.52	1
412	447	1111	1	1	0	1.52	1
413	414	15451	10	3	7	-6.07	-1
413	415	17201	11	10	1	13.65	1
413	416	18092	11	2	9	-10.61	-1
413	417	15352	10	9	1	12.13	1
413	418	15604	9	8	1	10.61	1
413	419	15553	9	3	6	-4.55	-1
413	420	14724	8	5	3	3.03	1
413	421	12895	8	1	7	-9.10	-1
413	422	14620	8	6	2	6.07	1
413	423	13609	7	5	2	4.55	1
413	424	12703	6	4	2	3.03	1
413	425	12312	6	3	3	0.00	1
413	426	11754	6	0	6	-9.10	-1
413	427	11567	6	5	1	6.07	1
413	428	10850	6	0	6	-9.10	-1
413	429	10705	6	5	1	6.07	1
413	430	10685	6	5	1	6.07	1
413	431	10499	6	4	2	3.03	1
413	432	10441	6	5	1	6.07	1
413	433	10185	6	5	1	6.07	1
413	434	9842	6	6	0	9.10	1
413	435	9677	6	4	2	3.03	1
413	436	9212	5	5	0	7.58	1
413	437	8933	3	3	0	4.55	1
413	438	8887	3	1	2	-1.52	-1
413	439	8710	3	3	0	4.55	1
413	440	8386	3	2	1	1.52	1
413	441	8030	3	1	2	-1.52	-1
413	442	7312	3	0	3	-4.55	-1
413	443	7288	3	0	3	-4.55	-1
413	444	6377	2	0	2	-3.03	-1
413	445	6299	2	2	0	3.03	1
413	446	6203	2	2	0	3.03	1
413	447	5481	2	2	0	3.03	1
413	448	5042	1	1	0	1.52	1
413	449	4350	1	0	1	-1.52	-1
413	450	4273	1	0	1	-1.52	-1
413	451	3561	1	0	1	-1.52	-1
413	452	3340	1	1	0	1.52	1
413	453	2810	1	1	0	1.52	1
413	454	2348	1	1	0	1.52	1
414	415	15428	10	1	9	-12.13	-1
414	416	15349	10	7	3	6.07	1
414	417	14634	9	2	7	-7.58	-1
414	418	12861	8	1	7	-9.10	-1
414	419	12810	8	8	0	12.13	1
414	420	11981	7	2	5	-4.55	-1
414	421	11885	7	5	2	4.55	1
414	422	11877	7	3	4	-1.52	-1
414	423	10866	6	2	4	-3.03	-1
414	424	9960	5	2	3	-1.52	-1
414	425	9569	5	4	1	4.55	1
414	426	9011	5	4	1	4.55	1
414	427	8824	5	1	4	-4.55	-1
414	428	8107	5	4	1	4.55	1
414	429	7962	5	2	3	-1.52	-1
414	430	7942	5	2	3	-1.52	-1
414	431	7756	5	0	5	-7.58	-1
414	432	7698	5	1	4	-4.55	-1
414	433	7442	5	1	4	-4.55	-1
414	434	7099	5	2	3	-1.52	-1
414	435	6934	5	0	5	-7.58	-1
414	436	6469	4	2	2	0.00	1
414	437	6190	2	0	2	-3.03	-1
414	438	6144	2	1	1	0.00	1
414	439	5967	2	0	2	-3.03	-1
414	440	5643	2	1	1	0.00	1
414	441	5287	2	2	0	3.03	1
414	442	4569	2	2	0	3.03	1
414	443	4545	2	2	0	3.03	1
414	444	3634	1	1	0	1.52	1
414	445	3556	1	0	1	-1.52	-1
414	446	3460	1	0	1	-1.52	-1
414	447	2738	1	0	1	-1.52	-1
415	416	17122	11	0	11	-16.68	-1
415	417	15352	10	10	0	15.16	1
415	418	14634	9	7	2	7.58	1
415	419	14583	9	2	7	-7.58	-1
415	420	13754	8	8	0	12.13	1
415	421	12895	8	2	6	-6.07	-1
415	422	13650	8	7	1	9.10	1
415	423	12639	7	6	1	7.58	1
415	424	11733	6	5	1	6.07	1
415	425	11342	6	2	4	-3.03	-1
415	426	10784	6	1	5	-6.07	-1
415	427	10597	6	6	0	9.10	1
415	428	9880	6	1	5	-6.07	-1
415	429	9735	6	6	0	9.10	1
415	430	9715	6	5	1	6.07	1
415	431	9529	6	3	3	0.00	1
415	432	9471	6	6	0	9.10	1
415	433	9215	6	5	1	6.07	1
415	434	8872	6	6	0	9.10	1
415	435	8707	6	5	1	6.07	1
415	436	8242	5	5	0	7.58	1
415	437	7963	3	1	2	-1.52	-1
415	438	7917	3	3	0	4.55	1
415	439	7740	3	3	0	4.55	1
415	440	7416	3	1	2	-1.52	-1
415	441	7060	3	2	1	1.52	1
415	442	6342	3	1	2	-1.52	-1
415	443	6318	3	0	3	-4.55	-1
415	444	5407	2	0	2	-3.03	-1
415	445	5329	2	2	0	3.03	1
415	446	5233	2	2	0	3.03	1
415	447	4511	2	1	1	0.00	1
415	448	4072	1	1	0	1.52	1
415	449	3380	1	0	1	-1.52	-1
415	450	3303	1	0	1	-1.52	-1
415	451	2591	1	1	0	1.52	1
415	452	2370	1	1	0	1.52	1
415	453	1840	1	0	1	-1.52	-1
415	454	1378	1	0	1	-1.52	-1
416	417	15352	10	3	7	-6.07	-1
416	418	16811	9	1	8	-10.61	-1
416	419	19656	13	12	1	16.68	1
416	420	18827	12	2	10	-12.13	-1
416	421	12895	8	6	2	6.07	1
416	422	18723	12	3	9	-9.10	-1
416	423	15708	10	1	9	-12.13	-1
416	424	16806	10	3	7	-6.07	-1
416	425	16415	10	9	1	12.13	1
416	426	15857	10	8	2	9.10	1
416	427	15670	10	3	7	-6.07	-1
416	428	14953	10	9	1	12.13	1
416	429	14808	10	2	8	-9.10	-1
416	430	14788	10	0	10	-15.16	-1
416	431	14602	10	4	6	-3.03	-1
416	432	14544	10	1	9	-12.13	-1
416	433	14288	10	1	9	-12.13	-1
416	434	13945	10	2	8	-9.10	-1
416	435	13780	10	2	8	-9.10	-1
416	436	13315	9	2	7	-7.58	-1
416	437	13036	7	0	7	-10.61	-1
416	438	12990	7	0	7	-10.61	-1
416	439	12813	7	2	5	-4.55	-1
416	440	12489	7	2	5	-4.55	-1
416	441	12133	7	7	0	10.61	1
416	442	11415	7	5	2	4.55	1
416	443	11391	7	5	2	4.55	1
416	444	10480	6	5	1	6.07	1
416	445	10402	6	2	4	-3.03	-1
416	446	10306	6	2	4	-3.03	-1
416	447	9584	6	1	5	-6.07	-1
416	448	9145	5	0	5	-7.58	-1
416	449	8453	5	3	2	1.52	1
416	450	8376	5	3	2	1.52	1
416	451	7664	5	5	0	7.58	1
416	452	7443	5	0	5	-7.58	-1
416	453	6913	5	1	4	-4.55	-1
416	454	6451	5	3	2	1.52	1
416	455	5917	4	0	4	-6.07	-1
416	456	5496	4	1	3	-3.03	-1
416	457	3622	4	2	2	0.00	1
416	458	3324	4	1	3	-3.03	-1
416	459	3063	4	0	4	-6.07	-1
416	460	2670	4	2	2	0.00	1
416	461	2565	2	0	2	-3.03	-1
416	462	2154	1	0	1	-1.52	-1
416	463	1219	1	1	0	1.52	1
417	418	13579	9	8	1	10.61	1
417	419	13528	9	1	8	-10.61	-1
417	420	12699	8	6	2	6.07	1
417	421	12603	8	1	7	-9.10	-1
417	422	12595	8	6	2	6.07	1
417	423	11584	7	5	2	4.55	1
417	424	10678	6	5	1	6.07	1
417	425	10287	6	2	4	-3.03	-1
417	426	9729	6	1	5	-6.07	-1
417	427	9542	6	4	2	3.03	1
417	428	8825	6	1	5	-6.07	-1
417	429	8680	6	5	1	6.07	1
417	430	8660	6	6	0	9.10	1
417	431	8474	6	5	1	6.07	1
417	432	8416	6	5	1	6.07	1
417	433	8160	6	5	1	6.07	1
417	434	7817	6	6	0	9.10	1
417	435	7652	6	5	1	6.07	1
417	436	7187	5	2	3	-1.52	-1
417	437	6908	3	3	0	4.55	1
417	438	6862	3	3	0	4.55	1
417	439	6685	3	0	3	-4.55	-1
417	440	6361	3	3	0	4.55	1
417	441	6005	3	1	2	-1.52	-1
417	442	5287	3	0	3	-4.55	-1
417	443	5263	3	0	3	-4.55	-1
417	444	4352	2	0	2	-3.03	-1
417	445	4274	2	1	1	0.00	1
417	446	4178	2	2	0	3.03	1
417	447	3456	2	2	0	3.03	1
417	448	3017	1	1	0	1.52	1
417	449	2325	1	0	1	-1.52	-1
417	450	2248	1	1	0	1.52	1
417	451	1536	1	1	0	1.52	1
417	452	1315	1	1	0	1.52	1
417	453	785	1	1	0	1.52	1
417	454	323	1	0	1	-1.52	-1
418	419	16760	9	3	6	-4.55	-1
418	420	15931	8	7	1	9.10	1
418	421	12895	8	0	8	-12.13	-1
418	422	15827	8	6	2	6.07	1
418	423	14816	7	6	1	7.58	1
418	424	13910	6	4	2	3.03	1
418	425	13519	6	1	5	-6.07	-1
418	426	12961	6	0	6	-9.10	-1
418	427	12774	6	4	2	3.03	1
418	428	12057	6	0	6	-9.10	-1
418	429	11912	6	4	2	3.03	1
418	430	11892	6	6	0	9.10	1
418	431	11706	6	6	0	9.10	1
418	432	11648	6	5	1	6.07	1
418	433	11392	6	5	1	6.07	1
418	434	11049	6	6	0	9.10	1
418	435	10884	6	5	1	6.07	1
418	436	10419	5	3	2	1.52	1
418	437	10140	3	2	1	1.52	1
418	438	10094	3	2	1	1.52	1
418	439	9917	3	2	1	1.52	1
418	440	9593	3	2	1	1.52	1
418	441	9237	3	0	3	-4.55	-1
418	442	8519	3	1	2	-1.52	-1
418	443	8495	3	0	3	-4.55	-1
418	444	7584	2	1	1	0.00	1
418	445	7506	2	2	0	3.03	1
418	446	7410	2	2	0	3.03	1
418	447	6688	2	2	0	3.03	1
418	448	6249	1	1	0	1.52	1
418	449	5557	1	0	1	-1.52	-1
418	450	5480	1	0	1	-1.52	-1
418	451	4768	1	0	1	-1.52	-1
418	452	4547	1	1	0	1.52	1
418	453	4017	1	1	0	1.52	1
418	454	3555	1	0	1	-1.52	-1
419	420	20156	12	5	7	-3.03	-1
419	421	12895	8	7	1	9.10	1
419	422	19365	12	4	8	-6.07	-1
419	423	15708	10	1	9	-12.13	-1
419	424	24474	12	3	9	-9.10	-1
419	425	19168	10	6	4	3.03	1
419	426	19232	11	9	2	10.61	1
419	427	23070	12	2	10	-12.13	-1
419	428	16911	10	8	2	9.10	1
419	429	22476	12	5	7	-3.03	-1
419	430	19627	11	3	8	-7.58	-1
419	431	17748	11	2	9	-10.61	-1
419	432	19519	11	2	9	-10.61	-1
419	433	16202	10	2	8	-9.10	-1
419	434	16645	10	2	8	-9.10	-1
419	435	15613	10	3	7	-6.07	-1
419	436	20223	10	0	10	-15.16	-1
419	437	17761	8	3	5	-3.03	-1
419	438	15339	7	0	7	-10.61	-1
419	439	18758	8	2	6	-6.07	-1
419	440	20157	9	1	8	-10.61	-1
419	441	17989	8	6	2	6.07	1
419	442	12619	7	3	4	-1.52	-1
419	443	17634	8	6	2	6.07	1
419	444	18148	8	8	0	12.13	1
419	445	18070	8	1	7	-9.10	-1
419	446	17974	8	0	8	-12.13	-1
419	447	17252	8	0	8	-12.13	-1
419	448	16813	7	2	5	-4.55	-1
419	449	16121	7	7	0	10.61	1
419	450	16044	7	6	1	7.58	1
419	451	15332	7	4	3	1.52	1
419	452	14889	7	1	6	-7.58	-1
419	453	14581	7	1	6	-7.58	-1
419	454	14119	7	5	2	4.55	1
419	455	13585	6	1	5	-6.07	-1
419	456	13164	6	1	5	-6.07	-1
419	457	11290	6	5	1	6.07	1
419	458	10992	6	1	5	-6.07	-1
419	459	10731	6	1	5	-6.07	-1
419	460	10338	6	4	2	3.03	1
419	461	10233	4	1	3	-3.03	-1
419	462	9822	3	0	3	-4.55	-1
419	463	8887	3	3	0	4.55	1
419	464	7691	2	1	1	0.00	1
419	465	7500	2	1	1	0.00	1
419	466	6445	2	0	2	-3.03	-1
419	467	6193	2	2	0	3.03	1
419	468	6020	2	0	2	-3.03	-1
419	469	5155	2	0	2	-3.03	-1
419	470	3298	1	0	1	-1.52	-1
419	471	3276	1	0	1	-1.52	-1
419	472	1606	1	0	1	-1.52	-1
420	421	12895	8	1	7	-9.10	-1
420	422	19365	12	10	2	12.13	1
420	423	15708	10	8	2	9.10	1
420	424	18135	10	7	3	6.07	1
420	425	17744	10	1	9	-12.13	-1
420	426	17186	10	1	9	-12.13	-1
420	427	16999	10	9	1	12.13	1
420	428	16282	10	0	10	-15.16	-1
420	429	16137	10	9	1	12.13	1
420	430	16117	10	9	1	12.13	1
420	431	15931	10	9	1	12.13	1
420	432	15873	10	10	0	15.16	1
420	433	15617	10	9	1	12.13	1
420	434	15274	10	8	2	9.10	1
420	435	15109	10	8	2	9.10	1
420	436	14644	9	7	2	7.58	1
420	437	14365	7	5	2	4.55	1
420	438	14319	7	4	3	1.52	1
420	439	14142	7	7	0	10.61	1
420	440	13818	7	5	2	4.55	1
420	441	13462	7	2	5	-4.55	-1
420	442	12619	7	4	3	1.52	1
420	443	12720	7	1	6	-7.58	-1
420	444	11809	6	1	5	-6.07	-1
420	445	11731	6	6	0	9.10	1
420	446	11635	6	3	3	0.00	1
420	447	10913	6	5	1	6.07	1
420	448	10474	5	5	0	7.58	1
420	449	9782	5	0	5	-7.58	-1
420	450	9705	5	0	5	-7.58	-1
420	451	8993	5	0	5	-7.58	-1
420	452	8772	5	5	0	7.58	1
420	453	8242	5	5	0	7.58	1
420	454	7780	5	1	4	-4.55	-1
420	455	7246	4	2	2	0.00	1
420	456	6825	4	2	2	0.00	1
420	457	4951	4	1	3	-3.03	-1
420	458	4653	4	2	2	0.00	1
420	459	4392	4	4	0	6.07	1
420	460	3999	4	2	2	0.00	1
420	461	3894	2	2	0	3.03	1
420	462	3483	1	1	0	1.52	1
420	463	2548	1	0	1	-1.52	-1
421	422	12887	8	2	6	-6.07	-1
421	423	11876	7	3	4	-1.52	-1
421	424	10970	6	1	5	-6.07	-1
421	425	10579	6	5	1	6.07	1
421	426	10021	6	6	0	9.10	1
421	427	9834	6	0	6	-9.10	-1
421	428	9117	6	5	1	6.07	1
421	429	8972	6	4	2	3.03	1
421	430	8952	6	2	4	-3.03	-1
421	431	8766	6	0	6	-9.10	-1
421	432	8708	6	1	5	-6.07	-1
421	433	8452	6	0	6	-9.10	-1
421	434	8109	6	1	5	-6.07	-1
421	435	7944	6	2	4	-3.03	-1
421	436	7479	5	1	4	-4.55	-1
421	437	7200	3	1	2	-1.52	-1
421	438	7154	3	0	3	-4.55	-1
421	439	6977	3	1	2	-1.52	-1
421	440	6653	3	1	2	-1.52	-1
421	441	6297	3	2	1	1.52	1
421	442	5579	3	2	1	1.52	1
421	443	5555	3	3	0	4.55	1
421	444	4644	2	2	0	3.03	1
421	445	4566	2	0	2	-3.03	-1
421	446	4470	2	1	1	0.00	1
421	447	3748	2	1	1	0.00	1
421	448	3309	1	0	1	-1.52	-1
421	449	2617	1	1	0	1.52	1
421	450	2540	1	1	0	1.52	1
421	451	1828	1	1	0	1.52	1
421	452	1607	1	0	1	-1.52	-1
421	453	1077	1	1	0	1.52	1
421	454	615	1	0	1	-1.52	-1
422	423	15708	10	8	2	9.10	1
422	424	17448	10	10	0	15.16	1
422	425	17057	10	2	8	-9.10	-1
422	426	16499	10	5	5	0.00	1
422	427	16312	10	9	1	12.13	1
422	428	15595	10	1	9	-12.13	-1
422	429	15450	10	9	1	12.13	1
422	430	15430	10	9	1	12.13	1
422	431	15244	10	8	2	9.10	1
422	432	15186	10	6	4	3.03	1
422	433	14930	10	8	2	9.10	1
422	434	14587	10	7	3	6.07	1
422	435	14422	10	8	2	9.10	1
422	436	13957	9	9	0	13.65	1
422	437	13678	7	4	3	1.52	1
422	438	13632	7	6	1	7.58	1
422	439	13455	7	7	0	10.61	1
422	440	13131	7	6	1	7.58	1
422	441	12775	7	1	6	-7.58	-1
422	442	12057	7	2	5	-4.55	-1
422	443	12033	7	2	5	-4.55	-1
422	444	11122	6	0	6	-9.10	-1
422	445	11044	6	4	2	3.03	1
422	446	10948	6	4	2	3.03	1
422	447	10226	6	4	2	3.03	1
422	448	9787	5	4	1	4.55	1
422	449	9095	5	1	4	-4.55	-1
422	450	9018	5	1	4	-4.55	-1
422	451	8306	5	2	3	-1.52	-1
422	452	8085	5	4	1	4.55	1
422	453	7555	5	4	1	4.55	1
422	454	7093	5	0	5	-7.58	-1
422	455	6559	4	3	1	3.03	1
422	456	6138	4	3	1	3.03	1
422	457	4264	4	0	4	-6.07	-1
422	458	3966	4	3	1	3.03	1
422	459	3705	4	3	1	3.03	1
422	460	3312	4	1	3	-3.03	-1
422	461	3207	2	2	0	3.03	1
422	462	2796	1	1	0	1.52	1
422	463	1861	1	0	1	-1.52	-1
423	424	14802	9	8	1	10.61	1
423	425	14411	9	1	8	-10.61	-1
423	426	13853	9	3	6	-4.55	-1
423	427	13666	9	8	1	10.61	1
423	428	12949	9	3	6	-4.55	-1
423	429	12804	9	6	3	4.55	1
423	430	12784	9	8	1	10.61	1
423	431	12598	9	8	1	10.61	1
423	432	12540	9	8	1	10.61	1
423	433	12284	9	7	2	7.58	1
423	434	11941	9	8	1	10.61	1
423	435	11776	9	6	3	4.55	1
423	436	11311	8	6	2	6.07	1
423	437	11032	6	6	0	9.10	1
423	438	10986	6	6	0	9.10	1
423	439	10809	6	6	0	9.10	1
423	440	10485	6	6	0	9.10	1
423	441	10129	6	0	6	-9.10	-1
423	442	9411	6	3	3	0.00	1
423	443	9387	6	0	6	-9.10	-1
423	444	8476	5	0	5	-7.58	-1
423	445	8398	5	4	1	4.55	1
423	446	8302	5	4	1	4.55	1
423	447	7580	5	4	1	4.55	1
423	448	7141	4	1	3	-3.03	-1
423	449	6449	4	1	3	-3.03	-1
423	450	6372	4	1	3	-3.03	-1
423	451	5660	4	1	3	-3.03	-1
423	452	5439	4	4	0	6.07	1
423	453	4909	4	4	0	6.07	1
423	454	4447	4	0	4	-6.07	-1
423	455	3913	3	3	0	4.55	1
423	456	3492	3	3	0	4.55	1
423	457	1618	3	0	3	-4.55	-1
423	458	1320	3	2	1	1.52	1
423	459	1059	3	2	1	1.52	1
423	460	666	3	0	3	-4.55	-1
423	461	561	1	0	1	-1.52	-1
424	425	19168	10	5	5	0.00	1
424	426	19232	11	3	8	-7.58	-1
424	427	23070	12	10	2	12.13	1
424	428	16911	10	2	8	-9.10	-1
424	429	24124	13	10	3	10.61	1
424	430	19627	11	10	1	13.65	1
424	431	17748	11	9	2	10.61	1
424	432	19519	11	7	4	4.55	1
424	433	16202	10	7	3	6.07	1
424	434	16645	10	10	0	15.16	1
424	435	15613	10	8	2	9.10	1
424	436	20223	10	8	2	9.10	1
424	437	17761	8	5	3	3.03	1
424	438	15339	7	6	1	7.58	1
424	439	18758	8	7	1	9.10	1
424	440	22572	10	9	1	12.13	1
424	441	17989	8	2	6	-6.07	-1
424	442	12619	7	2	5	-4.55	-1
424	443	17634	8	1	7	-9.10	-1
424	444	20563	9	1	8	-10.61	-1
424	445	20485	9	8	1	10.61	1
424	446	20389	9	9	0	13.65	1
424	447	19667	9	5	4	1.52	1
424	448	19228	8	7	1	9.10	1
424	449	18232	8	1	7	-9.10	-1
424	450	16712	8	3	5	-3.03	-1
424	451	17160	8	1	7	-9.10	-1
424	452	14889	7	7	0	10.61	1
424	453	16701	8	7	1	9.10	1
424	454	16534	8	1	7	-9.10	-1
424	455	16000	7	6	1	7.58	1
424	456	15579	7	5	2	4.55	1
424	457	13705	7	2	5	-4.55	-1
424	458	13407	7	7	0	10.61	1
424	459	13146	7	6	1	7.58	1
424	460	12753	7	1	6	-7.58	-1
424	461	12648	5	4	1	4.55	1
424	462	12237	4	3	1	3.03	1
424	463	11302	4	2	2	0.00	1
424	464	10106	3	1	2	-1.52	-1
424	465	9915	3	3	0	4.55	1
424	466	8860	3	3	0	4.55	1
424	467	8608	3	1	2	-1.52	-1
424	468	8435	3	3	0	4.55	1
424	469	7570	3	3	0	4.55	1
424	470	5713	2	2	0	3.03	1
424	471	5691	2	1	1	0.00	1
424	472	4021	2	1	1	0.00	1
424	473	3052	1	1	0	1.52	1
424	474	2716	1	1	0	1.52	1
425	426	18610	10	8	2	9.10	1
425	427	18423	10	1	9	-12.13	-1
425	428	16911	10	5	5	0.00	1
425	429	17561	10	0	10	-15.16	-1
425	430	17541	10	2	8	-9.10	-1
425	431	17355	10	1	9	-12.13	-1
425	432	17297	10	2	8	-9.10	-1
425	433	16202	10	1	9	-12.13	-1
425	434	16645	10	1	9	-12.13	-1
425	435	15613	10	1	9	-12.13	-1
425	436	16068	9	1	8	-10.61	-1
425	437	15789	7	0	7	-10.61	-1
425	438	15339	7	1	6	-7.58	-1
425	439	15566	7	2	5	-4.55	-1
425	440	15242	7	2	5	-4.55	-1
425	441	14886	7	7	0	10.61	1
425	442	12619	7	4	3	1.52	1
425	443	14144	7	6	1	7.58	1
425	444	13233	6	5	1	6.07	1
425	445	13155	6	0	6	-9.10	-1
425	446	13059	6	2	4	-3.03	-1
425	447	12337	6	1	5	-6.07	-1
425	448	11898	5	1	4	-4.55	-1
425	449	11206	5	3	2	1.52	1
425	450	11129	5	4	1	4.55	1
425	451	10417	5	5	0	7.58	1
425	452	10196	5	1	4	-4.55	-1
425	453	9666	5	0	5	-7.58	-1
425	454	9204	5	4	1	4.55	1
425	455	8670	4	0	4	-6.07	-1
425	456	8249	4	0	4	-6.07	-1
425	457	6375	4	3	1	3.03	1
425	458	6077	4	0	4	-6.07	-1
425	459	5816	4	0	4	-6.07	-1
425	460	5423	4	4	0	6.07	1
425	461	5318	2	0	2	-3.03	-1
425	462	4907	1	0	1	-1.52	-1
425	463	3972	1	1	0	1.52	1
426	427	19045	11	1	10	-13.65	-1
426	428	16911	10	9	1	12.13	1
426	429	18183	11	3	8	-7.58	-1
426	430	18163	11	2	9	-10.61	-1
426	431	17748	11	1	10	-13.65	-1
426	432	17919	11	5	6	-1.52	-1
426	433	16202	10	2	8	-9.10	-1
426	434	16645	10	3	7	-6.07	-1
426	435	15613	10	1	9	-12.13	-1
426	436	16690	10	0	10	-15.16	-1
426	437	16411	8	1	7	-9.10	-1
426	438	15339	7	1	6	-7.58	-1
426	439	16188	8	1	7	-9.10	-1
426	440	15864	8	1	7	-9.10	-1
426	441	15508	8	7	1	9.10	1
426	442	12619	7	5	2	4.55	1
426	443	14766	8	7	1	9.10	1
426	444	13855	7	6	1	7.58	1
426	445	13777	7	1	6	-7.58	-1
426	446	13681	7	1	6	-7.58	-1
426	447	12959	7	2	5	-4.55	-1
426	448	12520	6	0	6	-9.10	-1
426	449	11828	6	4	2	3.03	1
426	450	11751	6	6	0	9.10	1
426	451	11039	6	3	3	0.00	1
426	452	10818	6	0	6	-9.10	-1
426	453	10288	6	3	3	0.00	1
426	454	9826	6	5	1	6.07	1
426	455	9292	5	2	3	-1.52	-1
426	456	8871	5	2	3	-1.52	-1
426	457	6997	5	4	1	4.55	1
426	458	6699	5	1	4	-4.55	-1
426	459	6438	5	1	4	-4.55	-1
426	460	6045	5	5	0	7.58	1
426	461	5940	3	0	3	-4.55	-1
426	462	5529	2	0	2	-3.03	-1
426	463	4594	2	2	0	3.03	1
426	464	3398	1	1	0	1.52	1
426	465	3207	1	0	1	-1.52	-1
426	466	2152	1	0	1	-1.52	-1
426	467	1900	1	1	0	1.52	1
426	468	1727	1	1	0	1.52	1
426	469	862	1	0	1	-1.52	-1
427	428	16911	10	2	8	-9.10	-1
427	429	22208	12	10	2	12.13	1
427	430	19627	11	11	0	16.68	1
427	431	17748	11	9	2	10.61	1
427	432	19519	11	9	2	10.61	1
427	433	16202	10	8	2	9.10	1
427	434	16645	10	7	3	6.07	1
427	435	15613	10	9	1	12.13	1
427	436	20223	10	6	4	3.03	1
427	437	17761	8	7	1	9.10	1
427	438	15339	7	7	0	10.61	1
427	439	18758	8	5	3	3.03	1
427	440	19889	9	8	1	10.61	1
427	441	17989	8	0	8	-12.13	-1
427	442	12619	7	2	5	-4.55	-1
427	443	17634	8	3	5	-3.03	-1
427	444	17880	8	2	6	-6.07	-1
427	445	17802	8	6	2	6.07	1
427	446	17706	8	8	0	12.13	1
427	447	16984	8	6	2	6.07	1
427	448	16545	7	4	3	1.52	1
427	449	15853	7	2	5	-4.55	-1
427	450	15776	7	0	7	-10.61	-1
427	451	15064	7	2	5	-4.55	-1
427	452	14843	7	6	1	7.58	1
427	453	14313	7	3	4	-1.52	-1
427	454	13851	7	1	6	-7.58	-1
427	455	13317	6	4	2	3.03	1
427	456	12896	6	5	1	6.07	1
427	457	11022	6	1	5	-6.07	-1
427	458	10724	6	4	2	3.03	1
427	459	10463	6	5	1	6.07	1
427	460	10070	6	0	6	-9.10	-1
427	461	9965	4	3	1	3.03	1
427	462	9554	3	3	0	4.55	1
427	463	8619	3	0	3	-4.55	-1
427	464	7423	2	0	2	-3.03	-1
427	465	7232	2	2	0	3.03	1
427	466	6177	2	2	0	3.03	1
427	467	5925	2	0	2	-3.03	-1
427	468	5752	2	2	0	3.03	1
427	469	4887	2	2	0	3.03	1
427	470	3030	1	1	0	1.52	1
427	471	3008	1	0	1	-1.52	-1
427	472	1338	1	0	1	-1.52	-1
428	429	16766	10	0	10	-15.16	-1
428	430	16746	10	2	8	-9.10	-1
428	431	16560	10	0	10	-15.16	-1
428	432	16502	10	1	9	-12.13	-1
428	433	16202	10	1	9	-12.13	-1
428	434	15903	10	2	8	-9.10	-1
428	435	15613	10	4	6	-3.03	-1
428	436	15273	9	0	9	-13.65	-1
428	437	14994	7	1	6	-7.58	-1
428	438	14948	7	3	4	-1.52	-1
428	439	14771	7	2	5	-4.55	-1
428	440	14447	7	0	7	-10.61	-1
428	441	14091	7	7	0	10.61	1
428	442	12619	7	4	3	1.52	1
428	443	13349	7	6	1	7.58	1
428	444	12438	6	4	2	3.03	1
428	445	12360	6	1	5	-6.07	-1
428	446	12264	6	1	5	-6.07	-1
428	447	11542	6	1	5	-6.07	-1
428	448	11103	5	2	3	-1.52	-1
428	449	10411	5	3	2	1.52	1
428	450	10334	5	4	1	4.55	1
428	451	9622	5	5	0	7.58	1
428	452	9401	5	0	5	-7.58	-1
428	453	8871	5	2	3	-1.52	-1
428	454	8409	5	5	0	7.58	1
428	455	7875	4	1	3	-3.03	-1
428	456	7454	4	0	4	-6.07	-1
428	457	5580	4	4	0	6.07	1
428	458	5282	4	0	4	-6.07	-1
428	459	5021	4	1	3	-3.03	-1
428	460	4628	4	3	1	3.03	1
428	461	4523	2	0	2	-3.03	-1
428	462	4112	1	0	1	-1.52	-1
428	463	3177	1	0	1	-1.52	-1
429	430	19627	11	9	2	10.61	1
429	431	17748	11	9	2	10.61	1
429	432	19519	11	11	0	16.68	1
429	433	16202	10	5	5	0.00	1
429	434	16645	10	6	4	3.03	1
429	435	15613	10	9	1	12.13	1
429	436	20223	10	9	1	12.13	1
429	437	17761	8	7	1	9.10	1
429	438	15339	7	6	1	7.58	1
429	439	18758	8	7	1	9.10	1
429	440	21805	10	10	0	15.16	1
429	441	17989	8	3	5	-3.03	-1
429	442	12619	7	1	6	-7.58	-1
429	443	17634	8	4	4	0.00	1
429	444	19796	9	0	9	-13.65	-1
429	445	19718	9	6	3	4.55	1
429	446	19622	9	8	1	10.61	1
429	447	18900	9	8	1	10.61	1
429	448	18461	8	7	1	9.10	1
429	449	17769	8	0	8	-12.13	-1
429	450	16712	8	3	5	-3.03	-1
429	451	16980	8	0	8	-12.13	-1
429	452	14889	7	7	0	10.61	1
429	453	16229	8	6	2	6.07	1
429	454	15767	8	2	6	-6.07	-1
429	455	15233	7	7	0	10.61	1
429	456	14812	7	6	1	7.58	1
429	457	12938	7	3	4	-1.52	-1
429	458	12640	7	6	1	7.58	1
429	459	12379	7	5	2	4.55	1
429	460	11986	7	1	6	-7.58	-1
429	461	11881	5	3	2	1.52	1
429	462	11470	4	3	1	3.03	1
429	463	10535	4	2	2	0.00	1
429	464	9339	3	2	1	1.52	1
429	465	9148	3	3	0	4.55	1
429	466	8093	3	3	0	4.55	1
429	467	7841	3	0	3	-4.55	-1
429	468	7668	3	1	2	-1.52	-1
429	469	6803	3	2	1	1.52	1
429	470	4946	2	2	0	3.03	1
429	471	4924	2	0	2	-3.03	-1
429	472	3254	2	1	1	0.00	1
429	473	2285	1	1	0	1.52	1
429	474	1949	1	1	0	1.52	1
430	431	17748	11	9	2	10.61	1
430	432	19383	11	11	0	16.68	1
430	433	16202	10	6	4	3.03	1
430	434	16645	10	7	3	6.07	1
430	435	15613	10	10	0	15.16	1
430	436	18154	10	9	1	12.13	1
430	437	17761	8	6	2	6.07	1
430	438	15339	7	6	1	7.58	1
430	439	17652	8	6	2	6.07	1
430	440	17328	8	8	0	12.13	1
430	441	16972	8	3	5	-3.03	-1
430	442	12619	7	1	6	-7.58	-1
430	443	16230	8	1	7	-9.10	-1
430	444	15319	7	1	6	-7.58	-1
430	445	15241	7	7	0	10.61	1
430	446	15145	7	6	1	7.58	1
430	447	14423	7	7	0	10.61	1
430	448	13984	6	5	1	6.07	1
430	449	13292	6	2	4	-3.03	-1
430	450	13215	6	1	5	-6.07	-1
430	451	12503	6	0	6	-9.10	-1
430	452	12282	6	5	1	6.07	1
430	453	11752	6	6	0	9.10	1
430	454	11290	6	1	5	-6.07	-1
430	455	10756	5	5	0	7.58	1
430	456	10335	5	4	1	4.55	1
430	457	8461	5	0	5	-7.58	-1
430	458	8163	5	1	4	-4.55	-1
430	459	7902	5	4	1	4.55	1
430	460	7509	5	2	3	-1.52	-1
430	461	7404	3	2	1	1.52	1
430	462	6993	2	2	0	3.03	1
430	463	6058	2	1	1	0.00	1
430	464	4862	1	0	1	-1.52	-1
430	465	4671	1	1	0	1.52	1
430	466	3616	1	1	0	1.52	1
430	467	3364	1	0	1	-1.52	-1
430	468	3191	1	0	1	-1.52	-1
430	469	2326	1	1	0	1.52	1
431	432	17690	11	7	4	4.55	1
431	433	16202	10	10	0	15.16	1
431	434	16645	10	6	4	3.03	1
431	435	15613	10	9	1	12.13	1
431	436	16461	10	8	2	9.10	1
431	437	16182	8	6	2	6.07	1
431	438	15339	7	7	0	10.61	1
431	439	15959	8	5	3	3.03	1
431	440	15635	8	7	1	9.10	1
431	441	15279	8	1	7	-9.10	-1
431	442	12619	7	1	6	-7.58	-1
431	443	14537	8	1	7	-9.10	-1
431	444	13626	7	2	5	-4.55	-1
431	445	13548	7	6	1	7.58	1
431	446	13452	7	7	0	10.61	1
431	447	12730	7	6	1	7.58	1
431	448	12291	6	5	1	6.07	1
431	449	11599	6	0	6	-9.10	-1
431	450	11522	6	0	6	-9.10	-1
431	451	10810	6	3	3	0.00	1
431	452	10589	6	6	0	9.10	1
431	453	10059	6	5	1	6.07	1
431	454	9597	6	0	6	-9.10	-1
431	455	9063	5	5	0	7.58	1
431	456	8642	5	5	0	7.58	1
431	457	6768	5	0	5	-7.58	-1
431	458	6470	5	5	0	7.58	1
431	459	6209	5	5	0	7.58	1
431	460	5816	5	0	5	-7.58	-1
431	461	5711	3	1	2	-1.52	-1
431	462	5300	2	1	1	0.00	1
431	463	4365	2	0	2	-3.03	-1
431	464	3169	1	0	1	-1.52	-1
431	465	2978	1	1	0	1.52	1
431	466	1923	1	1	0	1.52	1
431	467	1671	1	0	1	-1.52	-1
431	468	1498	1	1	0	1.52	1
431	469	633	1	1	0	1.52	1
432	433	16202	10	8	2	9.10	1
432	434	16645	10	8	2	9.10	1
432	435	15613	10	7	3	6.07	1
432	436	18290	10	7	3	6.07	1
432	437	17761	8	6	2	6.07	1
432	438	15339	7	7	0	10.61	1
432	439	17788	8	6	2	6.07	1
432	440	17464	8	7	1	9.10	1
432	441	17108	8	1	7	-9.10	-1
432	442	12619	7	2	5	-4.55	-1
432	443	16366	8	2	6	-6.07	-1
432	444	15455	7	3	4	-1.52	-1
432	445	15377	7	6	1	7.58	1
432	446	15281	7	6	1	7.58	1
432	447	14559	7	7	0	10.61	1
432	448	14120	6	6	0	9.10	1
432	449	13428	6	1	5	-6.07	-1
432	450	13351	6	1	5	-6.07	-1
432	451	12639	6	0	6	-9.10	-1
432	452	12418	6	2	4	-3.03	-1
432	453	11888	6	5	1	6.07	1
432	454	11426	6	3	3	0.00	1
432	455	10892	5	4	1	4.55	1
432	456	10471	5	5	0	7.58	1
432	457	8597	5	1	4	-4.55	-1
432	458	8299	5	4	1	4.55	1
432	459	8038	5	4	1	4.55	1
432	460	7645	5	1	4	-4.55	-1
432	461	7540	3	3	0	4.55	1
432	462	7129	2	2	0	3.03	1
432	463	6194	2	2	0	3.03	1
432	464	4998	1	0	1	-1.52	-1
432	465	4807	1	1	0	1.52	1
432	466	3752	1	1	0	1.52	1
432	467	3500	1	0	1	-1.52	-1
432	468	3327	1	1	0	1.52	1
432	469	2462	1	1	0	1.52	1
433	434	15859	10	9	1	12.13	1
433	435	15613	10	7	3	6.07	1
433	436	15229	9	6	3	4.55	1
433	437	14950	7	5	2	4.55	1
433	438	14904	7	6	1	7.58	1
433	439	14727	7	5	2	4.55	1
433	440	14403	7	5	2	4.55	1
433	441	14047	7	0	7	-10.61	-1
433	442	12619	7	0	7	-10.61	-1
433	443	13305	7	0	7	-10.61	-1
433	444	12394	6	1	5	-6.07	-1
433	445	12316	6	5	1	6.07	1
433	446	12220	6	5	1	6.07	1
433	447	11498	6	3	3	0.00	1
433	448	11059	5	5	0	7.58	1
433	449	10367	5	0	5	-7.58	-1
433	450	10290	5	1	4	-4.55	-1
433	451	9578	5	2	3	-1.52	-1
433	452	9357	5	4	1	4.55	1
433	453	8827	5	4	1	4.55	1
433	454	8365	5	3	2	1.52	1
433	455	7831	4	4	0	6.07	1
433	456	7410	4	4	0	6.07	1
433	457	5536	4	0	4	-6.07	-1
433	458	5238	4	4	0	6.07	1
433	459	4977	4	3	1	3.03	1
433	460	4584	4	0	4	-6.07	-1
433	461	4479	2	2	0	3.03	1
433	462	4068	1	1	0	1.52	1
433	463	3133	1	0	1	-1.52	-1
434	435	15613	10	8	2	9.10	1
434	436	16015	9	8	1	10.61	1
434	437	15736	7	5	2	4.55	1
434	438	15339	7	4	3	1.52	1
434	439	15513	7	6	1	7.58	1
434	440	15189	7	5	2	4.55	1
434	441	14833	7	1	6	-7.58	-1
434	442	12619	7	0	7	-10.61	-1
434	443	14091	7	2	5	-4.55	-1
434	444	13180	6	1	5	-6.07	-1
434	445	13102	6	4	2	3.03	1
434	446	13006	6	3	3	0.00	1
434	447	12284	6	5	1	6.07	1
434	448	11845	5	4	1	4.55	1
434	449	11153	5	2	3	-1.52	-1
434	450	11076	5	0	5	-7.58	-1
434	451	10364	5	0	5	-7.58	-1
434	452	10143	5	5	0	7.58	1
434	453	9613	5	3	2	1.52	1
434	454	9151	5	2	3	-1.52	-1
434	455	8617	4	2	2	0.00	1
434	456	8196	4	3	1	3.03	1
434	457	6322	4	1	3	-3.03	-1
434	458	6024	4	4	0	6.07	1
434	459	5763	4	3	1	3.03	1
434	460	5370	4	1	3	-3.03	-1
434	461	5265	2	1	1	0.00	1
434	462	4854	1	1	0	1.52	1
434	463	3919	1	1	0	1.52	1
435	436	15148	9	7	2	7.58	1
435	437	14869	7	7	0	10.61	1
435	438	14823	7	6	1	7.58	1
435	439	14646	7	6	1	7.58	1
435	440	14322	7	6	1	7.58	1
435	441	13966	7	3	4	-1.52	-1
435	442	12619	7	3	4	-1.52	-1
435	443	13224	7	0	7	-10.61	-1
435	444	12313	6	1	5	-6.07	-1
435	445	12235	6	6	0	9.10	1
435	446	12139	6	3	3	0.00	1
435	447	11417	6	6	0	9.10	1
435	448	10978	5	5	0	7.58	1
435	449	10286	5	0	5	-7.58	-1
435	450	10209	5	0	5	-7.58	-1
435	451	9497	5	2	3	-1.52	-1
435	452	9276	5	2	3	-1.52	-1
435	453	8746	5	5	0	7.58	1
435	454	8284	5	1	4	-4.55	-1
435	455	7750	4	3	1	3.03	1
435	456	7329	4	4	0	6.07	1
435	457	5455	4	0	4	-6.07	-1
435	458	5157	4	3	1	3.03	1
435	459	4896	4	3	1	3.03	1
435	460	4503	4	1	3	-3.03	-1
435	461	4398	2	1	1	0.00	1
435	462	3987	1	1	0	1.52	1
435	463	3052	1	0	1	-1.52	-1
436	437	17761	8	7	1	9.10	1
436	438	15339	7	6	1	7.58	1
436	439	18758	8	7	1	9.10	1
436	440	19397	8	7	1	9.10	1
436	441	17989	8	1	7	-9.10	-1
436	442	12619	7	0	7	-10.61	-1
436	443	17634	8	0	8	-12.13	-1
436	444	17388	7	1	6	-7.58	-1
436	445	17310	7	6	1	7.58	1
436	446	17214	7	7	0	10.61	1
436	447	16492	7	5	2	4.55	1
436	448	16053	6	6	0	9.10	1
436	449	15361	6	0	6	-9.10	-1
436	450	15284	6	1	5	-6.07	-1
436	451	14572	6	0	6	-9.10	-1
436	452	14351	6	6	0	9.10	1
436	453	13821	6	3	3	0.00	1
436	454	13359	6	0	6	-9.10	-1
436	455	12825	5	4	1	4.55	1
436	456	12404	5	4	1	4.55	1
436	457	10530	5	0	5	-7.58	-1
436	458	10232	5	3	2	1.52	1
436	459	9971	5	5	0	7.58	1
436	460	9578	5	1	4	-4.55	-1
436	461	9473	3	3	0	4.55	1
436	462	9062	2	2	0	3.03	1
436	463	8127	2	0	2	-3.03	-1
436	464	6931	1	0	1	-1.52	-1
436	465	6740	1	0	1	-1.52	-1
436	466	5685	1	1	0	1.52	1
436	467	5433	1	1	0	1.52	1
436	468	5260	1	1	0	1.52	1
436	469	4395	1	1	0	1.52	1
437	438	15339	7	5	2	4.55	1
437	439	17538	8	6	2	6.07	1
437	440	17214	8	6	2	6.07	1
437	441	16858	8	1	7	-9.10	-1
437	442	12619	7	4	3	1.52	1
437	443	16116	8	2	6	-6.07	-1
437	444	15205	7	1	6	-7.58	-1
437	445	15127	7	6	1	7.58	1
437	446	15031	7	7	0	10.61	1
437	447	14309	7	6	1	7.58	1
437	448	13870	6	3	3	0.00	1
437	449	13178	6	1	5	-6.07	-1
437	450	13101	6	0	6	-9.10	-1
437	451	12389	6	3	3	0.00	1
437	452	12168	6	5	1	6.07	1
437	453	11638	6	4	2	3.03	1
437	454	11176	6	1	5	-6.07	-1
437	455	10642	5	4	1	4.55	1
437	456	10221	5	5	0	7.58	1
437	457	8347	5	0	5	-7.58	-1
437	458	8049	5	5	0	7.58	1
437	459	7788	5	4	1	4.55	1
437	460	7395	5	3	2	1.52	1
437	461	7290	3	1	2	-1.52	-1
437	462	6879	2	2	0	3.03	1
437	463	5944	2	0	2	-3.03	-1
437	464	4748	1	0	1	-1.52	-1
437	465	4557	1	0	1	-1.52	-1
437	466	3502	1	1	0	1.52	1
437	467	3250	1	0	1	-1.52	-1
437	468	3077	1	1	0	1.52	1
437	469	2212	1	0	1	-1.52	-1
438	439	15162	7	6	1	7.58	1
438	440	14838	7	6	1	7.58	1
438	441	14482	7	1	6	-7.58	-1
438	442	12619	7	2	5	-4.55	-1
438	443	13740	7	1	6	-7.58	-1
438	444	12829	6	0	6	-9.10	-1
438	445	12751	6	5	1	6.07	1
438	446	12655	6	5	1	6.07	1
438	447	11933	6	6	0	9.10	1
438	448	11494	5	4	1	4.55	1
438	449	10802	5	0	5	-7.58	-1
438	450	10725	5	3	2	1.52	1
438	451	10013	5	0	5	-7.58	-1
438	452	9792	5	4	1	4.55	1
438	453	9262	5	5	0	7.58	1
438	454	8800	5	2	3	-1.52	-1
438	455	8266	4	3	1	3.03	1
438	456	7845	4	1	3	-3.03	-1
438	457	5971	4	0	4	-6.07	-1
438	458	5673	4	4	0	6.07	1
438	459	5412	4	4	0	6.07	1
438	460	5019	4	1	3	-3.03	-1
438	461	4914	2	2	0	3.03	1
438	462	4503	1	0	1	-1.52	-1
438	463	3568	1	0	1	-1.52	-1
439	440	18434	8	5	3	3.03	1
439	441	17989	8	1	7	-9.10	-1
439	442	12619	7	2	5	-4.55	-1
439	443	17336	8	2	6	-6.07	-1
439	444	16425	7	2	5	-4.55	-1
439	445	16347	7	6	1	7.58	1
439	446	16251	7	7	0	10.61	1
439	447	15529	7	6	1	7.58	1
439	448	15090	6	6	0	9.10	1
439	449	14398	6	0	6	-9.10	-1
439	450	14321	6	1	5	-6.07	-1
439	451	13609	6	1	5	-6.07	-1
439	452	13388	6	3	3	0.00	1
439	453	12858	6	6	0	9.10	1
439	454	12396	6	1	5	-6.07	-1
439	455	11862	5	4	1	4.55	1
439	456	11441	5	3	2	1.52	1
439	457	9567	5	0	5	-7.58	-1
439	458	9269	5	5	0	7.58	1
439	459	9008	5	5	0	7.58	1
439	460	8615	5	2	3	-1.52	-1
439	461	8510	3	3	0	4.55	1
439	462	8099	2	2	0	3.03	1
439	463	7164	2	0	2	-3.03	-1
439	464	5968	1	0	1	-1.52	-1
439	465	5777	1	0	1	-1.52	-1
439	466	4722	1	1	0	1.52	1
439	467	4470	1	0	1	-1.52	-1
439	468	4297	1	1	0	1.52	1
439	469	3432	1	1	0	1.52	1
440	441	17989	8	1	7	-9.10	-1
440	442	12619	7	3	4	-1.52	-1
440	443	17634	8	1	7	-9.10	-1
440	444	21215	9	2	7	-7.58	-1
440	445	21137	9	9	0	13.65	1
440	446	21041	9	7	2	7.58	1
440	447	20319	9	8	1	10.61	1
440	448	19880	8	6	2	6.07	1
440	449	18232	8	2	6	-6.07	-1
440	450	16712	8	0	8	-12.13	-1
440	451	17160	8	1	7	-9.10	-1
440	452	14889	7	3	4	-1.52	-1
440	453	16701	8	6	2	6.07	1
440	454	17186	8	2	6	-6.07	-1
440	455	16652	7	5	2	4.55	1
440	456	16231	7	7	0	10.61	1
440	457	14357	7	2	5	-4.55	-1
440	458	14059	7	6	1	7.58	1
440	459	13798	7	4	3	1.52	1
440	460	13405	7	1	6	-7.58	-1
440	461	13300	5	4	1	4.55	1
440	462	12889	4	4	0	6.07	1
440	463	11954	4	0	4	-6.07	-1
440	464	10758	3	0	3	-4.55	-1
440	465	10567	3	3	0	4.55	1
440	466	9512	3	3	0	4.55	1
440	467	9260	3	1	2	-1.52	-1
440	468	9087	3	2	1	1.52	1
440	469	8222	3	3	0	4.55	1
440	470	6365	2	1	1	0.00	1
440	471	6343	2	0	2	-3.03	-1
440	472	4673	2	0	2	-3.03	-1
440	473	3704	1	1	0	1.52	1
440	474	3368	1	1	0	1.52	1
441	442	12619	7	5	2	4.55	1
441	443	17247	8	7	1	9.10	1
441	444	16336	7	4	3	1.52	1
441	445	16258	7	0	7	-10.61	-1
441	446	16162	7	2	5	-4.55	-1
441	447	15440	7	2	5	-4.55	-1
441	448	15001	6	2	4	-3.03	-1
441	449	14309	6	4	2	3.03	1
441	450	14232	6	5	1	6.07	1
441	451	13520	6	4	2	3.03	1
441	452	13299	6	1	5	-6.07	-1
441	453	12769	6	1	5	-6.07	-1
441	454	12307	6	6	0	9.10	1
441	455	11773	5	1	4	-4.55	-1
441	456	11352	5	1	4	-4.55	-1
441	457	9478	5	5	0	7.58	1
441	458	9180	5	0	5	-7.58	-1
441	459	8919	5	1	4	-4.55	-1
441	460	8526	5	2	3	-1.52	-1
441	461	8421	3	1	2	-1.52	-1
441	462	8010	2	0	2	-3.03	-1
441	463	7075	2	2	0	3.03	1
441	464	5879	1	0	1	-1.52	-1
441	465	5688	1	0	1	-1.52	-1
441	466	4633	1	0	1	-1.52	-1
441	467	4381	1	1	0	1.52	1
441	468	4208	1	0	1	-1.52	-1
441	469	3343	1	0	1	-1.52	-1
442	443	12595	7	6	1	7.58	1
442	444	11684	6	4	2	3.03	1
442	445	11606	6	1	5	-6.07	-1
442	446	11510	6	1	5	-6.07	-1
442	447	10788	6	1	5	-6.07	-1
442	448	10349	5	1	4	-4.55	-1
442	449	9657	5	4	1	4.55	1
442	450	9580	5	4	1	4.55	1
442	451	8868	5	4	1	4.55	1
442	452	8647	5	1	4	-4.55	-1
442	453	8117	5	1	4	-4.55	-1
442	454	7655	5	3	2	1.52	1
442	455	7121	4	1	3	-3.03	-1
442	456	6700	4	1	3	-3.03	-1
442	457	4826	4	3	1	3.03	1
442	458	4528	4	2	2	0.00	1
442	459	4267	4	0	4	-6.07	-1
442	460	3874	4	3	1	3.03	1
442	461	3769	2	0	2	-3.03	-1
442	462	3358	1	0	1	-1.52	-1
442	463	2423	1	1	0	1.52	1
443	444	16723	7	4	3	1.52	1
443	445	16645	7	1	6	-7.58	-1
443	446	16549	7	1	6	-7.58	-1
443	447	15827	7	0	7	-10.61	-1
443	448	15388	6	0	6	-9.10	-1
443	449	14696	6	5	1	6.07	1
443	450	14619	6	3	3	0.00	1
443	451	13907	6	6	0	9.10	1
443	452	13686	6	2	4	-3.03	-1
443	453	13156	6	2	4	-3.03	-1
443	454	12694	6	5	1	6.07	1
443	455	12160	5	1	4	-4.55	-1
443	456	11739	5	0	5	-7.58	-1
443	457	9865	5	4	1	4.55	1
443	458	9567	5	1	4	-4.55	-1
443	459	9306	5	1	4	-4.55	-1
443	460	8913	5	5	0	7.58	1
443	461	8808	3	1	2	-1.52	-1
443	462	8397	2	0	2	-3.03	-1
443	463	7462	2	2	0	3.03	1
443	464	6266	1	0	1	-1.52	-1
443	465	6075	1	0	1	-1.52	-1
443	466	5020	1	1	0	1.52	1
443	467	4768	1	1	0	1.52	1
443	468	4595	1	0	1	-1.52	-1
443	469	3730	1	0	1	-1.52	-1
444	445	21890	10	2	8	-9.10	-1
444	446	21794	10	3	7	-6.07	-1
444	447	21072	10	1	9	-12.13	-1
444	448	20633	9	1	8	-10.61	-1
444	449	18232	8	7	1	9.10	1
444	450	16712	8	8	0	12.13	1
444	451	17160	8	6	2	6.07	1
444	452	14889	7	2	5	-4.55	-1
444	453	16701	8	1	7	-9.10	-1
444	454	17939	9	8	1	10.61	1
444	455	17405	8	2	6	-6.07	-1
444	456	16984	8	2	6	-6.07	-1
444	457	15110	8	8	0	12.13	1
444	458	14812	8	2	6	-6.07	-1
444	459	14551	8	0	8	-12.13	-1
444	460	14158	8	7	1	9.10	1
444	461	14053	6	0	6	-9.10	-1
444	462	13642	5	0	5	-7.58	-1
444	463	12707	5	2	3	-1.52	-1
444	464	11511	4	4	0	6.07	1
444	465	11320	4	1	3	-3.03	-1
444	466	10265	4	1	3	-3.03	-1
444	467	10013	4	4	0	6.07	1
444	468	9840	4	1	3	-3.03	-1
444	469	8975	4	0	4	-6.07	-1
444	470	7118	3	1	2	-1.52	-1
444	471	7096	3	3	0	4.55	1
444	472	5426	3	0	3	-4.55	-1
444	473	4457	2	1	1	0.00	1
444	474	4121	2	0	2	-3.03	-1
444	475	3377	1	1	0	1.52	1
444	476	2470	1	1	0	1.52	1
444	477	1871	1	1	0	1.52	1
444	478	1228	1	0	1	-1.52	-1
444	479	685	1	0	1	-1.52	-1
444	480	604	1	1	0	1.52	1
444	481	337	1	1	0	1.52	1
444	482	256	1	1	0	1.52	1
445	446	22514	10	10	0	15.16	1
445	447	21792	10	8	2	9.10	1
445	448	21353	9	9	0	13.65	1
445	449	18232	8	0	8	-12.13	-1
445	450	16712	8	2	6	-6.07	-1
445	451	17160	8	0	8	-12.13	-1
445	452	14889	7	7	0	10.61	1
445	453	16701	8	5	3	3.03	1
445	454	18659	9	2	7	-7.58	-1
445	455	18125	8	7	1	9.10	1
445	456	17704	8	8	0	12.13	1
445	457	15830	8	1	7	-9.10	-1
445	458	15532	8	5	3	3.03	1
445	459	15271	8	6	2	6.07	1
445	460	14878	8	1	7	-9.10	-1
445	461	14773	6	5	1	6.07	1
445	462	14362	5	4	1	4.55	1
445	463	13427	5	1	4	-4.55	-1
445	464	12231	4	1	3	-3.03	-1
445	465	12040	4	3	1	3.03	1
445	466	10985	4	4	0	6.07	1
445	467	10733	4	2	2	0.00	1
445	468	10560	4	3	1	3.03	1
445	469	9695	4	3	1	3.03	1
445	470	7838	3	3	0	4.55	1
445	471	7816	3	1	2	-1.52	-1
445	472	6146	3	0	3	-4.55	-1
445	473	5177	2	2	0	3.03	1
445	474	4841	2	2	0	3.03	1
445	475	4097	1	0	1	-1.52	-1
445	476	3190	1	0	1	-1.52	-1
445	477	2591	1	0	1	-1.52	-1
445	478	1948	1	1	0	1.52	1
445	479	1405	1	1	0	1.52	1
445	480	1324	1	0	1	-1.52	-1
445	481	1057	1	1	0	1.52	1
445	482	976	1	0	1	-1.52	-1
446	447	24202	13	10	3	10.61	1
446	448	24063	12	8	4	6.07	1
446	449	18232	8	2	6	-6.07	-1
446	450	16712	8	2	6	-6.07	-1
446	451	17160	8	1	7	-9.10	-1
446	452	14889	7	7	0	10.61	1
446	453	16701	8	8	0	12.13	1
446	454	22554	13	1	12	-16.68	-1
446	455	22020	12	10	2	12.13	1
446	456	21292	12	11	1	15.16	1
446	457	17148	10	2	8	-9.10	-1
446	458	15694	8	7	1	9.10	1
446	459	19166	12	11	1	15.16	1
446	460	16507	10	1	9	-12.13	-1
446	461	18668	10	8	2	9.10	1
446	462	18257	9	7	2	7.58	1
446	463	15459	7	3	4	-1.52	-1
446	464	15266	7	3	4	-1.52	-1
446	465	15935	8	6	2	6.07	1
446	466	14880	8	7	1	9.10	1
446	467	14628	8	2	6	-6.07	-1
446	468	14455	8	7	1	9.10	1
446	469	11923	7	4	3	1.52	1
446	470	11733	7	7	0	10.61	1
446	471	10846	6	2	4	-3.03	-1
446	472	10041	7	0	7	-10.61	-1
446	473	9072	6	6	0	9.10	1
446	474	8736	6	3	3	0.00	1
446	475	7992	5	2	3	-1.52	-1
446	476	7085	5	2	3	-1.52	-1
446	477	6486	5	0	5	-7.58	-1
446	478	5843	5	4	1	4.55	1
446	479	5300	5	4	1	4.55	1
446	480	5219	5	1	4	-4.55	-1
446	481	4952	5	5	0	7.58	1
446	482	4871	5	0	5	-7.58	-1
446	483	4545	4	2	2	0.00	1
446	484	4197	4	4	0	6.07	1
446	485	3323	3	0	3	-4.55	-1
446	486	3226	3	0	3	-4.55	-1
446	487	3214	3	2	1	1.52	1
446	488	3192	3	0	3	-4.55	-1
446	489	2928	3	3	0	4.55	1
446	490	2852	3	0	3	-4.55	-1
446	491	2629	2	0	2	-3.03	-1
446	492	2605	2	2	0	3.03	1
446	493	1986	2	0	2	-3.03	-1
446	494	1961	2	1	1	0.00	1
447	448	23763	12	8	4	6.07	1
447	449	18232	8	2	6	-6.07	-1
447	450	16712	8	1	7	-9.10	-1
447	451	17160	8	3	5	-3.03	-1
447	452	14889	7	4	3	1.52	1
447	453	16701	8	6	2	6.07	1
447	454	21069	12	3	9	-9.10	-1
447	455	20535	11	7	4	4.55	1
447	456	20114	11	8	3	7.58	1
447	457	17148	10	2	8	-9.10	-1
447	458	15694	8	8	0	12.13	1
447	459	17681	11	6	5	1.52	1
447	460	16507	10	4	6	-3.03	-1
447	461	17183	9	9	0	13.65	1
447	462	16772	8	6	2	6.07	1
447	463	15459	7	0	7	-10.61	-1
447	464	14641	7	1	6	-7.58	-1
447	465	14450	7	6	1	7.58	1
447	466	13395	7	5	2	4.55	1
447	467	13143	7	3	4	-1.52	-1
447	468	12970	7	7	0	10.61	1
447	469	11923	7	5	2	4.55	1
447	470	10248	6	3	3	0.00	1
447	471	10226	6	1	5	-6.07	-1
447	472	8556	6	0	6	-9.10	-1
447	473	7587	5	5	0	7.58	1
447	474	7251	5	4	1	4.55	1
447	475	6507	4	1	3	-3.03	-1
447	476	5600	4	0	4	-6.07	-1
447	477	5001	4	1	3	-3.03	-1
447	478	4358	4	3	1	3.03	1
447	479	3815	4	3	1	3.03	1
447	480	3734	4	0	4	-6.07	-1
447	481	3467	4	4	0	6.07	1
447	482	3386	4	1	3	-3.03	-1
447	483	3060	3	1	2	-1.52	-1
447	484	2712	3	3	0	4.55	1
447	485	1838	2	0	2	-3.03	-1
447	486	1741	2	0	2	-3.03	-1
447	487	1729	2	0	2	-3.03	-1
447	488	1707	2	1	1	0.00	1
447	489	1443	2	2	0	3.03	1
447	490	1367	2	0	2	-3.03	-1
447	491	1144	1	0	1	-1.52	-1
447	492	1120	1	1	0	1.52	1
447	493	501	1	0	1	-1.52	-1
447	494	476	1	1	0	1.52	1
448	449	18232	8	3	5	-3.03	-1
448	450	16712	8	3	5	-3.03	-1
448	451	17160	8	0	8	-12.13	-1
448	452	14889	7	3	4	-1.52	-1
448	453	16701	8	7	1	9.10	1
448	454	21369	12	2	10	-12.13	-1
448	455	20835	11	10	1	13.65	1
448	456	20414	11	10	1	13.65	1
448	457	17148	10	0	10	-15.16	-1
448	458	15694	8	8	0	12.13	1
448	459	17981	11	7	4	4.55	1
448	460	16507	10	2	8	-9.10	-1
448	461	17483	9	6	3	4.55	1
448	462	17072	8	7	1	9.10	1
448	463	15459	7	3	4	-1.52	-1
448	464	14941	7	1	6	-7.58	-1
448	465	14750	7	5	2	4.55	1
448	466	13695	7	6	1	7.58	1
448	467	13443	7	3	4	-1.52	-1
448	468	13270	7	5	2	4.55	1
448	469	11923	7	7	0	10.61	1
448	470	10548	6	5	1	6.07	1
448	471	10526	6	0	6	-9.10	-1
448	472	8856	6	1	5	-6.07	-1
448	473	7887	5	3	2	1.52	1
448	474	7551	5	4	1	4.55	1
448	475	6807	4	0	4	-6.07	-1
448	476	5900	4	0	4	-6.07	-1
448	477	5301	4	0	4	-6.07	-1
448	478	4658	4	4	0	6.07	1
448	479	4115	4	4	0	6.07	1
448	480	4034	4	0	4	-6.07	-1
448	481	3767	4	4	0	6.07	1
448	482	3686	4	0	4	-6.07	-1
448	483	3360	3	1	2	-1.52	-1
448	484	3012	3	3	0	4.55	1
448	485	2138	2	1	1	0.00	1
448	486	2041	2	0	2	-3.03	-1
448	487	2029	2	1	1	0.00	1
448	488	2007	2	0	2	-3.03	-1
448	489	1743	2	1	1	0.00	1
448	490	1667	2	0	2	-3.03	-1
448	491	1444	1	0	1	-1.52	-1
448	492	1420	1	1	0	1.52	1
448	493	801	1	0	1	-1.52	-1
448	494	776	1	1	0	1.52	1
449	450	16712	8	7	1	9.10	1
449	451	17160	8	8	0	12.13	1
449	452	14889	7	1	6	-7.58	-1
449	453	16692	8	4	4	0.00	1
449	454	16230	8	7	1	9.10	1
449	455	15696	7	1	6	-7.58	-1
449	456	15275	7	2	5	-4.55	-1
449	457	13401	7	6	1	7.58	1
449	458	13103	7	1	6	-7.58	-1
449	459	12842	7	3	4	-1.52	-1
449	460	12449	7	5	2	4.55	1
449	461	12344	5	0	5	-7.58	-1
449	462	11933	4	0	4	-6.07	-1
449	463	10998	4	4	0	6.07	1
449	464	9802	3	3	0	4.55	1
449	465	9611	3	0	3	-4.55	-1
449	466	8556	3	0	3	-4.55	-1
449	467	8304	3	1	2	-1.52	-1
449	468	8131	3	0	3	-4.55	-1
449	469	7266	3	0	3	-4.55	-1
449	470	5409	2	0	2	-3.03	-1
449	471	5387	2	2	0	3.03	1
449	472	3717	2	1	1	0.00	1
449	473	2748	1	0	1	-1.52	-1
449	474	2412	1	0	1	-1.52	-1
450	451	16000	8	7	1	9.10	1
450	452	14889	7	2	5	-4.55	-1
450	453	15249	8	2	6	-6.07	-1
450	454	14787	8	5	3	3.03	1
450	455	14253	7	1	6	-7.58	-1
450	456	13832	7	0	7	-10.61	-1
450	457	11958	7	3	4	-1.52	-1
450	458	11660	7	0	7	-10.61	-1
450	459	11399	7	1	6	-7.58	-1
450	460	11006	7	6	1	7.58	1
450	461	10901	5	0	5	-7.58	-1
450	462	10490	4	1	3	-3.03	-1
450	463	9555	4	4	0	6.07	1
450	464	8359	3	2	1	1.52	1
450	465	8168	3	1	2	-1.52	-1
450	466	7113	3	0	3	-4.55	-1
450	467	6861	3	3	0	4.55	1
450	468	6688	3	1	2	-1.52	-1
450	469	5823	3	1	2	-1.52	-1
450	470	3966	2	1	1	0.00	1
450	471	3944	2	2	0	3.03	1
450	472	2274	2	2	0	3.03	1
450	473	1305	1	1	0	1.52	1
450	474	969	1	0	1	-1.52	-1
451	452	14889	7	2	5	-4.55	-1
451	453	16409	8	2	6	-6.07	-1
451	454	15947	8	8	0	12.13	1
451	455	15413	7	2	5	-4.55	-1
451	456	14992	7	2	5	-4.55	-1
451	457	13118	7	7	0	10.61	1
451	458	12820	7	0	7	-10.61	-1
451	459	12559	7	0	7	-10.61	-1
451	460	12166	7	7	0	10.61	1
451	461	12061	5	2	3	-1.52	-1
451	462	11650	4	1	3	-3.03	-1
451	463	10715	4	4	0	6.07	1
451	464	9519	3	3	0	4.55	1
451	465	9328	3	1	2	-1.52	-1
451	466	8273	3	0	3	-4.55	-1
451	467	8021	3	3	0	4.55	1
451	468	7848	3	0	3	-4.55	-1
451	469	6983	3	0	3	-4.55	-1
451	470	5126	2	1	1	0.00	1
451	471	5104	2	2	0	3.03	1
451	472	3434	2	2	0	3.03	1
451	473	2465	1	0	1	-1.52	-1
451	474	2129	1	0	1	-1.52	-1
452	453	14359	7	6	1	7.58	1
452	454	13897	7	2	5	-4.55	-1
452	455	13363	6	6	0	9.10	1
452	456	12942	6	4	2	3.03	1
452	457	11068	6	2	4	-3.03	-1
452	458	10770	6	5	1	6.07	1
452	459	10509	6	4	2	3.03	1
452	460	10116	6	1	5	-6.07	-1
452	461	10011	4	3	1	3.03	1
452	462	9600	3	3	0	4.55	1
452	463	8665	3	2	1	1.52	1
452	464	7469	2	0	2	-3.03	-1
452	465	7278	2	2	0	3.03	1
452	466	6223	2	0	2	-3.03	-1
452	467	5971	2	0	2	-3.03	-1
452	468	5798	2	2	0	3.03	1
452	469	4933	2	1	1	0.00	1
452	470	3076	1	1	0	1.52	1
452	471	3054	1	0	1	-1.52	-1
452	472	1384	1	0	1	-1.52	-1
453	454	16239	8	1	7	-9.10	-1
453	455	15705	7	6	1	7.58	1
453	456	15284	7	7	0	10.61	1
453	457	13410	7	1	6	-7.58	-1
453	458	13112	7	6	1	7.58	1
453	459	12851	7	6	1	7.58	1
453	460	12458	7	4	3	1.52	1
453	461	12353	5	4	1	4.55	1
453	462	11942	4	4	0	6.07	1
453	463	11007	4	1	3	-3.03	-1
453	464	9811	3	0	3	-4.55	-1
453	465	9620	3	3	0	4.55	1
453	466	8565	3	2	1	1.52	1
453	467	8313	3	0	3	-4.55	-1
453	468	8140	3	3	0	4.55	1
453	469	7275	3	2	1	1.52	1
453	470	5418	2	2	0	3.03	1
453	471	5396	2	0	2	-3.03	-1
453	472	3726	2	1	1	0.00	1
453	473	2757	1	1	0	1.52	1
453	474	2421	1	1	0	1.52	1
454	455	22041	12	2	10	-12.13	-1
454	456	21292	12	2	10	-12.13	-1
454	457	17148	10	10	0	15.16	1
454	458	15694	8	1	7	-9.10	-1
454	459	19187	12	2	10	-12.13	-1
454	460	16507	10	8	2	9.10	1
454	461	18689	10	3	7	-6.07	-1
454	462	18278	9	2	7	-7.58	-1
454	463	15459	7	5	2	4.55	1
454	464	15266	7	6	1	7.58	1
454	465	15956	8	0	8	-12.13	-1
454	466	14901	8	3	5	-3.03	-1
454	467	14649	8	5	3	3.03	1
454	468	14476	8	2	6	-6.07	-1
454	469	11923	7	4	3	1.52	1
454	470	11754	7	2	5	-4.55	-1
454	471	10846	6	5	1	6.07	1
454	472	10062	7	5	2	4.55	1
454	473	9093	6	1	5	-6.07	-1
454	474	8757	6	1	5	-6.07	-1
454	475	8013	5	4	1	4.55	1
454	476	7106	5	5	0	7.58	1
454	477	6507	5	4	1	4.55	1
454	478	5864	5	0	5	-7.58	-1
454	479	5321	5	1	4	-4.55	-1
454	480	5240	5	5	0	7.58	1
454	481	4973	5	2	3	-1.52	-1
454	482	4892	5	4	1	4.55	1
454	483	4566	4	3	1	3.03	1
454	484	4218	4	0	4	-6.07	-1
454	485	3344	3	2	1	1.52	1
454	486	3247	3	1	2	-1.52	-1
454	487	3235	3	3	0	4.55	1
454	488	3213	3	3	0	4.55	1
454	489	2949	3	1	2	-1.52	-1
454	490	2873	3	2	1	1.52	1
454	491	2650	2	1	1	0.00	1
454	492	2626	2	1	1	0.00	1
454	493	2007	2	2	0	3.03	1
454	494	1982	2	1	1	0.00	1
455	456	21292	12	9	3	9.10	1
455	457	17148	10	3	7	-6.07	-1
455	458	15694	8	7	1	9.10	1
455	459	20628	13	10	3	10.61	1
455	460	16507	10	3	7	-6.07	-1
455	461	20130	11	8	3	7.58	1
455	462	18332	9	7	2	7.58	1
455	463	15459	7	1	6	-7.58	-1
455	464	15266	7	3	4	-1.52	-1
455	465	17397	9	7	2	7.58	1
455	466	16342	9	6	3	4.55	1
455	467	16090	9	1	8	-10.61	-1
455	468	15917	9	6	3	4.55	1
455	469	11923	7	5	2	4.55	1
455	470	13195	8	7	1	9.10	1
455	471	10846	6	1	5	-6.07	-1
455	472	11503	8	0	8	-12.13	-1
455	473	10534	7	6	1	7.58	1
455	474	10198	7	4	3	1.52	1
455	475	9454	6	2	4	-3.03	-1
455	476	8547	6	1	5	-6.07	-1
455	477	7948	6	0	6	-9.10	-1
455	478	7305	6	5	1	6.07	1
455	479	6762	6	4	2	3.03	1
455	480	6681	6	3	3	0.00	1
455	481	6414	6	4	2	3.03	1
455	482	6333	6	1	5	-6.07	-1
455	483	6007	5	1	4	-4.55	-1
455	484	5659	5	4	1	4.55	1
455	485	4785	4	1	3	-3.03	-1
455	486	4688	4	0	4	-6.07	-1
455	487	4676	4	0	4	-6.07	-1
455	488	4654	4	0	4	-6.07	-1
455	489	4390	4	3	1	3.03	1
455	490	4314	4	1	3	-3.03	-1
455	491	4091	3	0	3	-4.55	-1
455	492	4067	3	3	0	4.55	1
455	493	3448	3	0	3	-4.55	-1
455	494	3423	3	0	3	-4.55	-1
456	457	17148	10	1	9	-12.13	-1
456	458	15694	8	8	0	12.13	1
456	459	18859	12	10	2	12.13	1
456	460	16507	10	4	6	-3.03	-1
456	461	18361	10	8	2	9.10	1
456	462	17950	9	9	0	13.65	1
456	463	15459	7	2	5	-4.55	-1
456	464	15266	7	1	6	-7.58	-1
456	465	15628	8	5	3	3.03	1
456	466	14573	8	7	1	9.10	1
456	467	14321	8	1	7	-9.10	-1
456	468	14148	8	6	2	6.07	1
456	469	11923	7	5	2	4.55	1
456	470	11426	7	6	1	7.58	1
456	471	10846	6	0	6	-9.10	-1
456	472	9734	7	3	4	-1.52	-1
456	473	8765	6	5	1	6.07	1
456	474	8429	6	5	1	6.07	1
456	475	7685	5	0	5	-7.58	-1
456	476	6778	5	1	4	-4.55	-1
456	477	6179	5	0	5	-7.58	-1
456	478	5536	5	3	2	1.52	1
456	479	4993	5	4	1	4.55	1
456	480	4912	5	0	5	-7.58	-1
456	481	4645	5	5	0	7.58	1
456	482	4564	5	1	4	-4.55	-1
456	483	4238	4	0	4	-6.07	-1
456	484	3890	4	4	0	6.07	1
456	485	3016	3	0	3	-4.55	-1
456	486	2919	3	0	3	-4.55	-1
456	487	2907	3	0	3	-4.55	-1
456	488	2885	3	0	3	-4.55	-1
456	489	2621	3	3	0	4.55	1
456	490	2545	3	0	3	-4.55	-1
456	491	2322	2	2	0	3.03	1
456	492	2298	2	1	1	0.00	1
456	493	1679	2	1	1	0.00	1
456	494	1654	2	0	2	-3.03	-1
457	458	15694	8	3	5	-3.03	-1
457	459	16589	10	1	9	-12.13	-1
457	460	16196	10	8	2	9.10	1
457	461	16091	8	2	6	-6.07	-1
457	462	15680	7	2	5	-4.55	-1
457	463	14745	7	5	2	4.55	1
457	464	13549	6	5	1	6.07	1
457	465	13358	6	1	5	-6.07	-1
457	466	12303	6	0	6	-9.10	-1
457	467	12051	6	5	1	6.07	1
457	468	11878	6	1	5	-6.07	-1
457	469	11013	6	0	6	-9.10	-1
457	470	9156	5	1	4	-4.55	-1
457	471	9134	5	5	0	7.58	1
457	472	7464	5	3	2	1.52	1
457	473	6495	4	1	3	-3.03	-1
457	474	6159	4	1	3	-3.03	-1
457	475	5415	3	3	0	4.55	1
457	476	4508	3	2	1	1.52	1
457	477	3909	3	3	0	4.55	1
457	478	3266	3	3	0	4.55	1
457	479	2723	3	3	0	4.55	1
457	480	2642	3	2	1	1.52	1
457	481	2375	3	1	2	-1.52	-1
457	482	2294	3	2	1	1.52	1
457	483	1968	2	2	0	3.03	1
457	484	1620	2	1	1	0.00	1
457	485	746	1	0	1	-1.52	-1
457	486	649	1	1	0	1.52	1
457	487	637	1	1	0	1.52	1
457	488	615	1	1	0	1.52	1
457	489	351	1	0	1	-1.52	-1
457	490	275	1	1	0	1.52	1
458	459	15433	8	7	1	9.10	1
458	460	15040	8	0	8	-12.13	-1
458	461	14935	6	5	1	6.07	1
458	462	14524	5	4	1	4.55	1
458	463	13589	5	0	5	-7.58	-1
458	464	12393	4	0	4	-6.07	-1
458	465	12202	4	4	0	6.07	1
458	466	11147	4	4	0	6.07	1
458	467	10895	4	0	4	-6.07	-1
458	468	10722	4	4	0	6.07	1
458	469	9857	4	4	0	6.07	1
458	470	8000	3	3	0	4.55	1
458	471	7978	3	2	1	1.52	1
458	472	6308	3	0	3	-4.55	-1
458	473	5339	2	1	1	0.00	1
458	474	5003	2	2	0	3.03	1
458	475	4259	1	0	1	-1.52	-1
458	476	3352	1	0	1	-1.52	-1
458	477	2753	1	0	1	-1.52	-1
458	478	2110	1	1	0	1.52	1
458	479	1567	1	1	0	1.52	1
458	480	1486	1	1	0	1.52	1
458	481	1219	1	0	1	-1.52	-1
458	482	1138	1	0	1	-1.52	-1
459	460	16507	10	3	7	-6.07	-1
459	461	22903	12	10	2	12.13	1
459	462	18332	9	8	1	10.61	1
459	463	15459	7	1	6	-7.58	-1
459	464	15266	7	0	7	-10.61	-1
459	465	19350	9	9	0	13.65	1
459	466	16387	9	5	4	1.52	1
459	467	18863	10	2	8	-9.10	-1
459	468	16214	9	8	1	10.61	1
459	469	11923	7	5	2	4.55	1
459	470	15375	8	6	2	6.07	1
459	471	10846	6	0	6	-9.10	-1
459	472	14276	9	1	8	-10.61	-1
459	473	13307	8	6	2	6.07	1
459	474	12971	8	7	1	9.10	1
459	475	12227	7	3	4	-1.52	-1
459	476	11320	7	3	4	-1.52	-1
459	477	10721	7	0	7	-10.61	-1
459	478	10078	7	6	1	7.58	1
459	479	9535	7	7	0	10.61	1
459	480	9454	7	2	5	-4.55	-1
459	481	9187	7	5	2	4.55	1
459	482	9106	7	2	5	-4.55	-1
459	483	8780	6	2	4	-3.03	-1
459	484	8432	6	6	0	9.10	1
459	485	7558	5	3	2	1.52	1
459	486	7461	5	1	4	-4.55	-1
459	487	7449	5	1	4	-4.55	-1
459	488	7427	5	1	4	-4.55	-1
459	489	7163	5	5	0	7.58	1
459	490	7087	5	0	5	-7.58	-1
459	491	6864	4	1	3	-3.03	-1
459	492	6840	4	4	0	6.07	1
459	493	6221	4	1	3	-3.03	-1
459	494	6196	4	0	4	-6.07	-1
459	495	2761	1	0	1	-1.52	-1
459	496	2574	1	1	0	1.52	1
459	497	2373	1	1	0	1.52	1
459	498	1627	1	0	1	-1.52	-1
459	499	1387	1	1	0	1.52	1
459	500	1047	1	0	1	-1.52	-1
459	501	663	1	1	0	1.52	1
460	461	16402	8	2	6	-6.07	-1
460	462	15991	7	3	4	-1.52	-1
460	463	15056	7	5	2	4.55	1
460	464	13860	6	4	2	3.03	1
460	465	13669	6	1	5	-6.07	-1
460	466	12614	6	1	5	-6.07	-1
460	467	12362	6	6	0	9.10	1
460	468	12189	6	0	6	-9.10	-1
460	469	11324	6	2	4	-3.03	-1
460	470	9467	5	1	4	-4.55	-1
460	471	9445	5	4	1	4.55	1
460	472	7775	5	5	0	7.58	1
460	473	6806	4	0	4	-6.07	-1
460	474	6470	4	1	3	-3.03	-1
460	475	5726	3	3	0	4.55	1
460	476	4819	3	3	0	4.55	1
460	477	4220	3	3	0	4.55	1
460	478	3577	3	1	2	-1.52	-1
460	479	3034	3	0	3	-4.55	-1
460	480	2953	3	3	0	4.55	1
460	481	2686	3	1	2	-1.52	-1
460	482	2605	3	3	0	4.55	1
460	483	2279	2	1	1	0.00	1
460	484	1931	2	1	1	0.00	1
460	485	1057	1	1	0	1.52	1
460	486	960	1	1	0	1.52	1
460	487	948	1	1	0	1.52	1
460	488	926	1	1	0	1.52	1
460	489	662	1	0	1	-1.52	-1
460	490	586	1	0	1	-1.52	-1
461	462	18332	9	6	3	4.55	1
461	463	15459	7	1	6	-7.58	-1
461	464	15266	7	1	6	-7.58	-1
461	465	19350	9	6	3	4.55	1
461	466	16387	9	9	0	13.65	1
461	467	19084	10	2	8	-9.10	-1
461	468	16214	9	9	0	13.65	1
461	469	11923	7	4	3	1.52	1
461	470	15375	8	7	1	9.10	1
461	471	10846	6	1	5	-6.07	-1
461	472	16688	9	4	5	-1.52	-1
461	473	15719	8	6	2	6.07	1
461	474	15383	8	7	1	9.10	1
461	475	14639	7	2	5	-4.55	-1
461	476	13732	7	1	6	-7.58	-1
461	477	13133	7	0	7	-10.61	-1
461	478	12490	7	5	2	4.55	1
461	479	11947	7	6	1	7.58	1
461	480	11866	7	0	7	-10.61	-1
461	481	11599	7	6	1	7.58	1
461	482	11518	7	2	5	-4.55	-1
461	483	11192	6	1	5	-6.07	-1
461	484	10844	6	5	1	6.07	1
461	485	9970	5	1	4	-4.55	-1
461	486	9873	5	2	3	-1.52	-1
461	487	9861	5	2	3	-1.52	-1
461	488	9839	5	0	5	-7.58	-1
461	489	9575	5	3	2	1.52	1
461	490	9499	5	0	5	-7.58	-1
461	491	9276	4	1	3	-3.03	-1
461	492	9252	4	4	0	6.07	1
461	493	8633	4	1	3	-3.03	-1
461	494	8608	4	1	3	-3.03	-1
461	495	5173	1	0	1	-1.52	-1
461	496	4986	1	1	0	1.52	1
461	497	4785	1	1	0	1.52	1
461	498	4039	1	0	1	-1.52	-1
461	499	3799	1	1	0	1.52	1
461	500	3459	1	1	0	1.52	1
461	501	3075	1	0	1	-1.52	-1
462	463	15459	7	0	7	-10.61	-1
462	464	15266	7	2	5	-4.55	-1
462	465	16010	8	8	0	12.13	1
462	466	14955	8	8	0	12.13	1
462	467	14703	8	1	7	-9.10	-1
462	468	14530	8	6	2	6.07	1
462	469	11923	7	7	0	10.61	1
462	470	11808	7	6	1	7.58	1
462	471	10846	6	2	4	-3.03	-1
462	472	10116	7	2	5	-4.55	-1
462	473	9147	6	5	1	6.07	1
462	474	8811	6	6	0	9.10	1
462	475	8067	5	1	4	-4.55	-1
462	476	7160	5	1	4	-4.55	-1
462	477	6561	5	1	4	-4.55	-1
462	478	5918	5	5	0	7.58	1
462	479	5375	5	4	1	4.55	1
462	480	5294	5	2	3	-1.52	-1
462	481	5027	5	4	1	4.55	1
462	482	4946	5	1	4	-4.55	-1
462	483	4620	4	0	4	-6.07	-1
462	484	4272	4	3	1	3.03	1
462	485	3398	3	0	3	-4.55	-1
462	486	3301	3	0	3	-4.55	-1
462	487	3289	3	0	3	-4.55	-1
462	488	3267	3	0	3	-4.55	-1
462	489	3003	3	3	0	4.55	1
462	490	2927	3	0	3	-4.55	-1
462	491	2704	2	0	2	-3.03	-1
462	492	2680	2	2	0	3.03	1
462	493	2061	2	0	2	-3.03	-1
462	494	2036	2	0	2	-3.03	-1
463	464	14263	6	5	1	6.07	1
463	465	14072	6	0	6	-9.10	-1
463	466	13017	6	1	5	-6.07	-1
463	467	12765	6	4	2	3.03	1
463	468	12592	6	1	5	-6.07	-1
463	469	11727	6	1	5	-6.07	-1
463	470	9870	5	1	4	-4.55	-1
463	471	9848	5	4	1	4.55	1
463	472	8178	5	4	1	4.55	1
463	473	7209	4	2	2	0.00	1
463	474	6873	4	0	4	-6.07	-1
463	475	6129	3	1	2	-1.52	-1
463	476	5222	3	0	3	-4.55	-1
463	477	4623	3	3	0	4.55	1
463	478	3980	3	0	3	-4.55	-1
463	479	3437	3	1	2	-1.52	-1
463	480	3356	3	2	1	1.52	1
463	481	3089	3	2	1	1.52	1
463	482	3008	3	2	1	1.52	1
463	483	2682	2	2	0	3.03	1
463	484	2334	2	0	2	-3.03	-1
463	485	1460	1	0	1	-1.52	-1
463	486	1363	1	1	0	1.52	1
463	487	1351	1	1	0	1.52	1
463	488	1329	1	1	0	1.52	1
463	489	1065	1	0	1	-1.52	-1
463	490	989	1	1	0	1.52	1
464	465	15075	7	1	6	-7.58	-1
464	466	14020	7	1	6	-7.58	-1
464	467	13768	7	6	1	7.58	1
464	468	13595	7	0	7	-10.61	-1
464	469	11923	7	3	4	-1.52	-1
464	470	10873	6	1	5	-6.07	-1
464	471	10846	6	5	1	6.07	1
464	472	9181	6	4	2	3.03	1
464	473	8212	5	2	3	-1.52	-1
464	474	7876	5	1	4	-4.55	-1
464	475	7132	4	3	1	3.03	1
464	476	6225	4	3	1	3.03	1
464	477	5626	4	3	1	3.03	1
464	478	4983	4	0	4	-6.07	-1
464	479	4440	4	0	4	-6.07	-1
464	480	4359	4	4	0	6.07	1
464	481	4092	4	2	2	0.00	1
464	482	4011	4	4	0	6.07	1
464	483	3685	3	2	1	1.52	1
464	484	3337	3	0	3	-4.55	-1
464	485	2463	2	1	1	0.00	1
464	486	2366	2	2	0	3.03	1
464	487	2354	2	2	0	3.03	1
464	488	2332	2	2	0	3.03	1
464	489	2068	2	1	1	0.00	1
464	490	1992	2	2	0	3.03	1
464	491	1769	1	1	0	1.52	1
464	492	1745	1	0	1	-1.52	-1
464	493	1126	1	1	0	1.52	1
464	494	1101	1	1	0	1.52	1
465	466	16387	9	6	3	4.55	1
465	467	18043	9	2	7	-7.58	-1
465	468	16214	9	8	1	10.61	1
465	469	11923	7	6	1	7.58	1
465	470	15148	8	7	1	9.10	1
465	471	10846	6	1	5	-6.07	-1
465	472	13456	8	2	6	-6.07	-1
465	473	12487	7	5	2	4.55	1
465	474	12151	7	6	1	7.58	1
465	475	11407	6	1	5	-6.07	-1
465	476	10500	6	0	6	-9.10	-1
465	477	9901	6	0	6	-9.10	-1
465	478	9258	6	6	0	9.10	1
465	479	8715	6	5	1	6.07	1
465	480	8634	6	0	6	-9.10	-1
465	481	8367	6	6	0	9.10	1
465	482	8286	6	0	6	-9.10	-1
465	483	7960	5	1	4	-4.55	-1
465	484	7612	5	5	0	7.58	1
465	485	6738	4	0	4	-6.07	-1
465	486	6641	4	1	3	-3.03	-1
465	487	6629	4	3	1	3.03	1
465	488	6607	4	3	1	3.03	1
465	489	6343	4	4	0	6.07	1
465	490	6267	4	0	4	-6.07	-1
465	491	6044	3	1	2	-1.52	-1
465	492	6020	3	3	0	4.55	1
465	493	5401	3	1	2	-1.52	-1
465	494	5376	3	0	3	-4.55	-1
466	467	16135	9	2	7	-7.58	-1
466	468	15962	9	7	2	7.58	1
466	469	11923	7	6	1	7.58	1
466	470	13240	8	8	0	12.13	1
466	471	10846	6	1	5	-6.07	-1
466	472	11548	8	2	6	-6.07	-1
466	473	10579	7	5	2	4.55	1
466	474	10243	7	7	0	10.61	1
466	475	9499	6	4	2	3.03	1
466	476	8592	6	1	5	-6.07	-1
466	477	7993	6	1	5	-6.07	-1
466	478	7350	6	5	1	6.07	1
466	479	6807	6	4	2	3.03	1
466	480	6726	6	1	5	-6.07	-1
466	481	6459	6	6	0	9.10	1
466	482	6378	6	0	6	-9.10	-1
466	483	6052	5	1	4	-4.55	-1
466	484	5704	5	2	3	-1.52	-1
466	485	4830	4	0	4	-6.07	-1
466	486	4733	4	0	4	-6.07	-1
466	487	4721	4	2	2	0.00	1
466	488	4699	4	0	4	-6.07	-1
466	489	4435	4	4	0	6.07	1
466	490	4359	4	2	2	0.00	1
466	491	4136	3	0	3	-4.55	-1
466	492	4112	3	3	0	4.55	1
466	493	3493	3	1	2	-1.52	-1
466	494	3468	3	1	2	-1.52	-1
467	468	16214	9	1	8	-10.61	-1
467	469	11923	7	2	5	-4.55	-1
467	470	15375	8	1	7	-9.10	-1
467	471	10846	6	4	2	3.03	1
467	472	14497	9	9	0	13.65	1
467	473	13528	8	0	8	-12.13	-1
467	474	13192	8	2	6	-6.07	-1
467	475	12448	7	7	0	10.61	1
467	476	11541	7	6	1	7.58	1
467	477	10942	7	7	0	10.61	1
467	478	10299	7	2	5	-4.55	-1
467	479	9756	7	1	6	-7.58	-1
467	480	9675	7	7	0	10.61	1
467	481	9408	7	1	6	-7.58	-1
467	482	9327	7	5	2	4.55	1
467	483	9001	6	4	2	3.03	1
467	484	8653	6	1	5	-6.07	-1
467	485	7779	5	4	1	4.55	1
467	486	7682	5	5	0	7.58	1
467	487	7670	5	4	1	4.55	1
467	488	7648	5	4	1	4.55	1
467	489	7384	5	2	3	-1.52	-1
467	490	7308	5	4	1	4.55	1
467	491	7085	4	4	0	6.07	1
467	492	7061	4	0	4	-6.07	-1
467	493	6442	4	4	0	6.07	1
467	494	6417	4	4	0	6.07	1
467	495	2982	1	1	0	1.52	1
467	496	2795	1	0	1	-1.52	-1
467	497	2594	1	0	1	-1.52	-1
467	498	1848	1	1	0	1.52	1
467	499	1608	1	0	1	-1.52	-1
467	500	1268	1	1	0	1.52	1
467	501	884	1	0	1	-1.52	-1
468	469	11923	7	3	4	-1.52	-1
468	470	13492	8	6	2	6.07	1
468	471	10846	6	0	6	-9.10	-1
468	472	11800	8	1	7	-9.10	-1
468	473	10831	7	6	1	7.58	1
468	474	10495	7	5	2	4.55	1
468	475	9751	6	1	5	-6.07	-1
468	476	8844	6	2	4	-3.03	-1
468	477	8245	6	0	6	-9.10	-1
468	478	7602	6	6	0	9.10	1
468	479	7059	6	4	2	3.03	1
468	480	6978	6	2	4	-3.03	-1
468	481	6711	6	5	1	6.07	1
468	482	6630	6	2	4	-3.03	-1
468	483	6304	5	1	4	-4.55	-1
468	484	5956	5	5	0	7.58	1
468	485	5082	4	0	4	-6.07	-1
468	486	4985	4	1	3	-3.03	-1
468	487	4973	4	2	2	0.00	1
468	488	4951	4	1	3	-3.03	-1
468	489	4687	4	3	1	3.03	1
468	490	4611	4	0	4	-6.07	-1
468	491	4388	3	0	3	-4.55	-1
468	492	4364	3	1	2	-1.52	-1
468	493	3745	3	1	2	-1.52	-1
468	494	3720	3	0	3	-4.55	-1
469	470	10066	6	4	2	3.03	1
469	471	10044	6	0	6	-9.10	-1
469	472	8374	6	0	6	-9.10	-1
469	473	7405	5	4	1	4.55	1
469	474	7069	5	4	1	4.55	1
469	475	6325	4	1	3	-3.03	-1
469	476	5418	4	1	3	-3.03	-1
469	477	4819	4	1	3	-3.03	-1
469	478	4176	4	4	0	6.07	1
469	479	3633	4	4	0	6.07	1
469	480	3552	4	1	3	-3.03	-1
469	481	3285	4	3	1	3.03	1
469	482	3204	4	2	2	0.00	1
469	483	2878	3	2	1	1.52	1
469	484	2530	3	2	1	1.52	1
469	485	1656	2	1	1	0.00	1
469	486	1559	2	0	2	-3.03	-1
469	487	1547	2	1	1	0.00	1
469	488	1525	2	0	2	-3.03	-1
469	489	1261	2	1	1	0.00	1
469	490	1185	2	1	1	0.00	1
469	491	962	1	0	1	-1.52	-1
469	492	938	1	0	1	-1.52	-1
469	493	319	1	0	1	-1.52	-1
469	494	294	1	0	1	-1.52	-1
470	471	10846	6	1	5	-6.07	-1
470	472	13683	8	2	6	-6.07	-1
470	473	12714	7	2	5	-4.55	-1
470	474	12378	7	4	3	1.52	1
470	475	11634	6	1	5	-6.07	-1
470	476	10727	6	1	5	-6.07	-1
470	477	10128	6	1	5	-6.07	-1
470	478	9485	6	4	2	3.03	1
470	479	8942	6	5	1	6.07	1
470	480	8861	6	1	5	-6.07	-1
470	481	8594	6	5	1	6.07	1
470	482	8513	6	2	4	-3.03	-1
470	483	8187	5	1	4	-4.55	-1
470	484	7839	5	4	1	4.55	1
470	485	6965	4	0	4	-6.07	-1
470	486	6868	4	1	3	-3.03	-1
470	487	6856	4	2	2	0.00	1
470	488	6834	4	0	4	-6.07	-1
470	489	6570	4	3	1	3.03	1
470	490	6494	4	0	4	-6.07	-1
470	491	6271	3	1	2	-1.52	-1
470	492	6247	3	2	1	1.52	1
470	493	5628	3	0	3	-4.55	-1
470	494	5603	3	0	3	-4.55	-1
471	472	9176	6	4	2	3.03	1
471	473	8207	5	1	4	-4.55	-1
471	474	7871	5	1	4	-4.55	-1
471	475	7127	4	3	1	3.03	1
471	476	6220	4	3	1	3.03	1
471	477	5621	4	4	0	6.07	1
471	478	4978	4	0	4	-6.07	-1
471	479	4435	4	0	4	-6.07	-1
471	480	4354	4	3	1	3.03	1
471	481	4087	4	0	4	-6.07	-1
471	482	4006	4	3	1	3.03	1
471	483	3680	3	3	0	4.55	1
471	484	3332	3	0	3	-4.55	-1
471	485	2458	2	2	0	3.03	1
471	486	2361	2	2	0	3.03	1
471	487	2349	2	2	0	3.03	1
471	488	2327	2	2	0	3.03	1
471	489	2063	2	0	2	-3.03	-1
471	490	1987	2	2	0	3.03	1
471	491	1764	1	1	0	1.52	1
471	492	1740	1	0	1	-1.52	-1
471	493	1121	1	1	0	1.52	1
471	494	1096	1	1	0	1.52	1
472	473	17003	9	1	8	-10.61	-1
472	474	17526	10	1	9	-12.13	-1
472	475	16782	9	8	1	10.61	1
472	476	15875	9	7	2	7.58	1
472	477	15021	9	8	1	10.61	1
472	478	14633	9	1	8	-10.61	-1
472	479	14090	9	1	8	-10.61	-1
472	480	14009	9	9	0	13.65	1
472	481	13742	9	1	8	-10.61	-1
472	482	13661	9	6	3	4.55	1
472	483	13335	8	7	1	9.10	1
472	484	11344	6	0	6	-9.10	-1
472	485	12113	7	5	2	4.55	1
472	486	12016	7	6	1	7.58	1
472	487	10144	5	5	0	7.58	1
472	488	11982	7	6	1	7.58	1
472	489	10203	5	0	5	-7.58	-1
472	490	11642	7	7	0	10.61	1
472	491	11419	6	5	1	6.07	1
472	492	11395	6	0	6	-9.10	-1
472	493	10776	6	4	2	3.03	1
472	494	10751	6	6	0	9.10	1
472	495	7316	3	2	1	1.52	1
472	496	7129	3	1	2	-1.52	-1
472	497	6928	3	1	2	-1.52	-1
472	498	6182	3	2	1	1.52	1
472	499	5942	3	1	2	-1.52	-1
472	500	5602	3	3	0	4.55	1
472	501	5218	3	2	1	1.52	1
472	502	4428	2	0	2	-3.03	-1
472	503	2543	2	1	1	0.00	1
472	504	2325	2	2	0	3.03	1
472	505	2060	2	2	0	3.03	1
472	506	1507	2	0	2	-3.03	-1
472	507	1103	1	1	0	1.52	1
472	508	1075	1	1	0	1.52	1
472	509	946	1	0	1	-1.52	-1
473	474	16667	9	7	2	7.58	1
473	475	15923	8	0	8	-12.13	-1
473	476	15016	8	2	6	-6.07	-1
473	477	14417	8	1	7	-9.10	-1
473	478	13774	8	5	3	3.03	1
473	479	13231	8	8	0	12.13	1
473	480	13150	8	1	7	-9.10	-1
473	481	12883	8	6	2	6.07	1
473	482	12802	8	1	7	-9.10	-1
473	483	12476	7	1	6	-7.58	-1
473	484	11344	6	6	0	9.10	1
473	485	11254	6	0	6	-9.10	-1
473	486	11157	6	0	6	-9.10	-1
473	487	10144	5	0	5	-7.58	-1
473	488	11123	6	1	5	-6.07	-1
473	489	10203	5	5	0	7.58	1
473	490	10783	6	0	6	-9.10	-1
473	491	10560	5	1	4	-4.55	-1
473	492	10536	5	5	0	7.58	1
473	493	9917	5	3	2	1.52	1
473	494	9892	5	1	4	-4.55	-1
473	495	6457	2	0	2	-3.03	-1
473	496	6270	2	2	0	3.03	1
473	497	6069	2	2	0	3.03	1
473	498	5323	2	0	2	-3.03	-1
473	499	5083	2	1	1	0.00	1
473	500	4743	2	0	2	-3.03	-1
473	501	4359	2	2	0	3.03	1
473	502	3569	1	1	0	1.52	1
473	503	1684	1	1	0	1.52	1
473	504	1466	1	0	1	-1.52	-1
473	505	1201	1	0	1	-1.52	-1
473	506	648	1	1	0	1.52	1
474	475	16839	9	1	8	-10.61	-1
474	476	16911	9	1	8	-10.61	-1
474	477	15021	9	2	7	-7.58	-1
474	478	17309	9	7	2	7.58	1
474	479	14590	9	9	0	13.65	1
474	480	14274	9	2	7	-7.58	-1
474	481	15782	9	8	1	10.61	1
474	482	15616	9	2	7	-7.58	-1
474	483	16011	8	1	7	-9.10	-1
474	484	11344	6	3	3	0.00	1
474	485	14789	7	1	6	-7.58	-1
474	486	14692	7	1	6	-7.58	-1
474	487	10144	5	2	3	-1.52	-1
474	488	14658	7	2	5	-4.55	-1
474	489	10203	5	4	1	4.55	1
474	490	14318	7	1	6	-7.58	-1
474	491	12557	6	0	6	-9.10	-1
474	492	14071	6	6	0	9.10	1
474	493	13452	6	0	6	-9.10	-1
474	494	13427	6	2	4	-3.03	-1
474	495	9992	3	1	2	-1.52	-1
474	496	9805	3	3	0	4.55	1
474	497	9604	3	2	1	1.52	1
474	498	8858	3	1	2	-1.52	-1
474	499	8618	3	3	0	4.55	1
474	500	8278	3	0	3	-4.55	-1
474	501	7894	3	2	1	1.52	1
474	502	7104	2	2	0	3.03	1
474	503	5219	2	2	0	3.03	1
474	504	5001	2	1	1	0.00	1
474	505	4736	2	1	1	0.00	1
474	506	4183	2	2	0	3.03	1
474	507	3779	1	0	1	-1.52	-1
474	508	3751	1	0	1	-1.52	-1
474	509	3622	1	0	1	-1.52	-1
475	476	15932	9	7	2	7.58	1
475	477	15021	9	8	1	10.61	1
475	478	14690	9	3	6	-4.55	-1
475	479	14147	9	1	8	-10.61	-1
475	480	14066	9	9	0	13.65	1
475	481	13799	9	2	7	-7.58	-1
475	482	13718	9	9	0	13.65	1
475	483	13392	8	5	3	3.03	1
475	484	11344	6	1	5	-6.07	-1
475	485	12170	7	6	1	7.58	1
475	486	12073	7	5	2	4.55	1
475	487	10144	5	5	0	7.58	1
475	488	12039	7	5	2	4.55	1
475	489	10203	5	0	5	-7.58	-1
475	490	11699	7	6	1	7.58	1
475	491	11476	6	5	1	6.07	1
475	492	11452	6	1	5	-6.07	-1
475	493	10833	6	6	0	9.10	1
475	494	10808	6	6	0	9.10	1
475	495	7373	3	2	1	1.52	1
475	496	7186	3	0	3	-4.55	-1
475	497	6985	3	2	1	1.52	1
475	498	6239	3	1	2	-1.52	-1
475	499	5999	3	1	2	-1.52	-1
475	500	5659	3	2	1	1.52	1
475	501	5275	3	0	3	-4.55	-1
475	502	4485	2	0	2	-3.03	-1
475	503	2600	2	0	2	-3.03	-1
475	504	2382	2	1	1	0.00	1
475	505	2117	2	0	2	-3.03	-1
475	506	1564	2	1	1	0.00	1
475	507	1160	1	1	0	1.52	1
475	508	1132	1	1	0	1.52	1
475	509	1003	1	1	0	1.52	1
476	477	15021	9	6	3	4.55	1
476	478	15669	9	2	7	-7.58	-1
476	479	14590	9	1	8	-10.61	-1
476	480	14274	9	9	0	13.65	1
476	481	14778	9	2	7	-7.58	-1
476	482	14697	9	9	0	13.65	1
476	483	14371	8	6	2	6.07	1
476	484	11344	6	0	6	-9.10	-1
476	485	13149	7	4	3	1.52	1
476	486	13052	7	6	1	7.58	1
476	487	10144	5	3	2	1.52	1
476	488	13018	7	6	1	7.58	1
476	489	10203	5	1	4	-4.55	-1
476	490	12678	7	6	1	7.58	1
476	491	12455	6	4	2	3.03	1
476	492	12431	6	1	5	-6.07	-1
476	493	11812	6	4	2	3.03	1
476	494	11787	6	6	0	9.10	1
476	495	8352	3	1	2	-1.52	-1
476	496	8165	3	1	2	-1.52	-1
476	497	7964	3	0	3	-4.55	-1
476	498	7218	3	2	1	1.52	1
476	499	6978	3	1	2	-1.52	-1
476	500	6638	3	3	0	4.55	1
476	501	6254	3	0	3	-4.55	-1
476	502	5464	2	0	2	-3.03	-1
476	503	3579	2	0	2	-3.03	-1
476	504	3361	2	1	1	0.00	1
476	505	3096	2	2	0	3.03	1
476	506	2543	2	0	2	-3.03	-1
476	507	2139	1	1	0	1.52	1
476	508	2111	1	1	0	1.52	1
476	509	1982	1	0	1	-1.52	-1
477	478	14378	9	1	8	-10.61	-1
477	479	13835	9	3	6	-4.55	-1
477	480	13754	9	7	2	7.58	1
477	481	13487	9	2	7	-7.58	-1
477	482	13406	9	8	1	10.61	1
477	483	13080	8	5	3	3.03	1
477	484	11344	6	1	5	-6.07	-1
477	485	11858	7	6	1	7.58	1
477	486	11761	7	7	0	10.61	1
477	487	10144	5	4	1	4.55	1
477	488	11727	7	6	1	7.58	1
477	489	10203	5	0	5	-7.58	-1
477	490	11387	7	7	0	10.61	1
477	491	11164	6	5	1	6.07	1
477	492	11140	6	4	2	3.03	1
477	493	10521	6	6	0	9.10	1
477	494	10496	6	5	1	6.07	1
477	495	7061	3	3	0	4.55	1
477	496	6874	3	3	0	4.55	1
477	497	6673	3	0	3	-4.55	-1
477	498	5927	3	3	0	4.55	1
477	499	5687	3	0	3	-4.55	-1
477	500	5347	3	2	1	1.52	1
477	501	4963	3	1	2	-1.52	-1
477	502	4173	2	0	2	-3.03	-1
477	503	2288	2	0	2	-3.03	-1
477	504	2070	2	1	1	0.00	1
477	505	1805	2	2	0	3.03	1
477	506	1252	2	1	1	0.00	1
477	507	848	1	1	0	1.52	1
477	508	820	1	0	1	-1.52	-1
477	509	691	1	0	1	-1.52	-1
478	479	14590	9	8	1	10.61	1
478	480	14274	9	2	7	-7.58	-1
478	481	15782	9	7	2	7.58	1
478	482	15616	9	1	8	-10.61	-1
478	483	17043	9	0	9	-13.65	-1
478	484	11344	6	6	0	9.10	1
478	485	15821	8	3	5	-3.03	-1
478	486	15724	8	3	5	-3.03	-1
478	487	10144	5	1	4	-4.55	-1
478	488	15690	8	1	7	-9.10	-1
478	489	10203	5	4	1	4.55	1
478	490	15350	8	3	5	-3.03	-1
478	491	12557	6	1	5	-6.07	-1
478	492	15103	7	7	0	10.61	1
478	493	14484	7	1	6	-7.58	-1
478	494	13715	6	1	5	-6.07	-1
478	495	11024	4	1	3	-3.03	-1
478	496	10837	4	3	1	3.03	1
478	497	10636	4	2	2	0.00	1
478	498	9890	4	1	3	-3.03	-1
478	499	9650	4	1	3	-3.03	-1
478	500	9310	4	1	3	-3.03	-1
478	501	8926	4	4	0	6.07	1
478	502	8136	3	3	0	4.55	1
478	503	6251	3	3	0	4.55	1
478	504	6033	3	1	2	-1.52	-1
478	505	5768	3	0	3	-4.55	-1
478	506	5215	3	3	0	4.55	1
478	507	4811	2	0	2	-3.03	-1
478	508	4783	2	1	1	0.00	1
478	509	4654	2	0	2	-3.03	-1
478	510	3818	1	0	1	-1.52	-1
478	511	3656	1	0	1	-1.52	-1
478	512	3367	1	1	0	1.52	1
478	513	3361	1	0	1	-1.52	-1
478	514	2337	1	0	1	-1.52	-1
478	515	1802	1	0	1	-1.52	-1
478	516	1603	1	0	1	-1.52	-1
478	517	1164	1	0	1	-1.52	-1
478	518	870	1	0	1	-1.52	-1
478	519	177	1	1	0	1.52	1
479	480	14274	9	2	7	-7.58	-1
479	481	14242	9	8	1	10.61	1
479	482	14161	9	1	8	-10.61	-1
479	483	13835	8	2	6	-6.07	-1
479	484	11344	6	4	2	3.03	1
479	485	12613	7	3	4	-1.52	-1
479	486	12516	7	3	4	-1.52	-1
479	487	10144	5	0	5	-7.58	-1
479	488	12482	7	0	7	-10.61	-1
479	489	10203	5	5	0	7.58	1
479	490	12142	7	0	7	-10.61	-1
479	491	11919	6	1	5	-6.07	-1
479	492	11895	6	5	1	6.07	1
479	493	11276	6	1	5	-6.07	-1
479	494	11251	6	2	4	-3.03	-1
479	495	7816	3	0	3	-4.55	-1
479	496	7629	3	3	0	4.55	1
479	497	7428	3	3	0	4.55	1
479	498	6682	3	0	3	-4.55	-1
479	499	6442	3	1	2	-1.52	-1
479	500	6102	3	2	1	1.52	1
479	501	5718	3	3	0	4.55	1
479	502	4928	2	1	1	0.00	1
479	503	3043	2	2	0	3.03	1
479	504	2825	2	2	0	3.03	1
479	505	2560	2	0	2	-3.03	-1
479	506	2007	2	2	0	3.03	1
479	507	1603	1	0	1	-1.52	-1
479	508	1575	1	0	1	-1.52	-1
479	509	1446	1	1	0	1.52	1
480	481	14007	9	1	8	-10.61	-1
480	482	13926	9	8	1	10.61	1
480	483	13600	8	7	1	9.10	1
480	484	11344	6	2	4	-3.03	-1
480	485	12378	7	6	1	7.58	1
480	486	12281	7	4	3	1.52	1
480	487	10144	5	5	0	7.58	1
480	488	12247	7	7	0	10.61	1
480	489	10203	5	1	4	-4.55	-1
480	490	11907	7	7	0	10.61	1
480	491	11684	6	3	3	0.00	1
480	492	11660	6	3	3	0.00	1
480	493	11041	6	5	1	6.07	1
480	494	11016	6	3	3	0.00	1
480	495	7581	3	1	2	-1.52	-1
480	496	7394	3	0	3	-4.55	-1
480	497	7193	3	0	3	-4.55	-1
480	498	6447	3	2	1	1.52	1
480	499	6207	3	2	1	1.52	1
480	500	5867	3	2	1	1.52	1
480	501	5483	3	0	3	-4.55	-1
480	502	4693	2	0	2	-3.03	-1
480	503	2808	2	0	2	-3.03	-1
480	504	2590	2	1	1	0.00	1
480	505	2325	2	2	0	3.03	1
480	506	1772	2	0	2	-3.03	-1
480	507	1368	1	1	0	1.52	1
480	508	1340	1	1	0	1.52	1
480	509	1211	1	1	0	1.52	1
481	482	15616	9	1	8	-10.61	-1
481	483	15375	8	3	5	-3.03	-1
481	484	11344	6	5	1	6.07	1
481	485	14153	7	1	6	-7.58	-1
481	486	14056	7	2	5	-4.55	-1
481	487	10144	5	0	5	-7.58	-1
481	488	14022	7	2	5	-4.55	-1
481	489	10203	5	4	1	4.55	1
481	490	13682	7	0	7	-10.61	-1
481	491	12557	6	1	5	-6.07	-1
481	492	13435	6	6	0	9.10	1
481	493	12816	6	0	6	-9.10	-1
481	494	12791	6	1	5	-6.07	-1
481	495	9356	3	0	3	-4.55	-1
481	496	9169	3	3	0	4.55	1
481	497	8968	3	3	0	4.55	1
481	498	8222	3	1	2	-1.52	-1
481	499	7982	3	2	1	1.52	1
481	500	7642	3	1	2	-1.52	-1
481	501	7258	3	3	0	4.55	1
481	502	6468	2	2	0	3.03	1
481	503	4583	2	2	0	3.03	1
481	504	4365	2	1	1	0.00	1
481	505	4100	2	0	2	-3.03	-1
481	506	3547	2	1	1	0.00	1
481	507	3143	1	0	1	-1.52	-1
481	508	3115	1	0	1	-1.52	-1
481	509	2986	1	0	1	-1.52	-1
482	483	15290	8	7	1	9.10	1
482	484	11344	6	1	5	-6.07	-1
482	485	14068	7	5	2	4.55	1
482	486	13971	7	5	2	4.55	1
482	487	10144	5	4	1	4.55	1
482	488	13937	7	7	0	10.61	1
482	489	10203	5	1	4	-4.55	-1
482	490	13597	7	7	0	10.61	1
482	491	12557	6	5	1	6.07	1
482	492	13350	6	0	6	-9.10	-1
482	493	12731	6	5	1	6.07	1
482	494	12706	6	4	2	3.03	1
482	495	9271	3	1	2	-1.52	-1
482	496	9084	3	0	3	-4.55	-1
482	497	8883	3	1	2	-1.52	-1
482	498	8137	3	3	0	4.55	1
482	499	7897	3	1	2	-1.52	-1
482	500	7557	3	2	1	1.52	1
482	501	7173	3	0	3	-4.55	-1
482	502	6383	2	0	2	-3.03	-1
482	503	4498	2	1	1	0.00	1
482	504	4280	2	2	0	3.03	1
482	505	4015	2	2	0	3.03	1
482	506	3462	2	1	1	0.00	1
482	507	3058	1	1	0	1.52	1
482	508	3030	1	1	0	1.52	1
482	509	2901	1	1	0	1.52	1
483	484	11344	6	1	5	-6.07	-1
483	485	17474	13	7	6	1.52	1
483	486	20415	13	13	0	19.71	1
483	487	10144	5	4	1	4.55	1
483	488	19137	13	12	1	16.68	1
483	489	10203	5	0	5	-7.58	-1
483	490	20041	13	12	1	16.68	1
483	491	12557	6	6	0	9.10	1
483	492	15123	7	1	6	-7.58	-1
483	493	16376	12	10	2	12.13	1
483	494	13715	6	5	1	6.07	1
483	495	15715	9	8	1	10.61	1
483	496	15528	9	1	8	-10.61	-1
483	497	15327	9	0	9	-13.65	-1
483	498	14581	9	7	2	7.58	1
483	499	14341	9	1	8	-10.61	-1
483	500	14001	9	7	2	7.58	1
483	501	13617	9	2	7	-7.58	-1
483	502	10802	8	0	8	-12.13	-1
483	503	10942	8	1	7	-9.10	-1
483	504	10724	8	8	0	12.13	1
483	505	10459	8	8	0	12.13	1
483	506	9906	8	3	5	-3.03	-1
483	507	9502	7	4	3	1.52	1
483	508	9474	7	6	1	7.58	1
483	509	9345	7	5	2	4.55	1
483	510	8509	6	6	0	9.10	1
483	511	8347	6	0	6	-9.10	-1
483	512	8058	6	0	6	-9.10	-1
483	513	8052	6	6	0	9.10	1
483	514	7028	6	5	1	6.07	1
483	515	6493	6	5	1	6.07	1
483	516	6294	6	5	1	6.07	1
483	517	5855	6	5	1	6.07	1
483	518	5561	6	6	0	9.10	1
483	519	4868	6	2	4	-3.03	-1
483	520	4285	3	2	1	1.52	1
484	485	10470	5	1	4	-4.55	-1
484	486	10373	5	0	5	-7.58	-1
484	487	10144	5	0	5	-7.58	-1
484	488	10339	5	2	3	-1.52	-1
484	489	10075	5	2	3	-1.52	-1
484	490	9999	5	2	3	-1.52	-1
484	491	9776	4	0	4	-6.07	-1
484	492	9752	4	4	0	6.07	1
484	493	9133	4	0	4	-6.07	-1
484	494	9108	4	0	4	-6.07	-1
484	495	5673	1	0	1	-1.52	-1
484	496	5486	1	1	0	1.52	1
484	497	5285	1	1	0	1.52	1
484	498	4539	1	0	1	-1.52	-1
484	499	4299	1	1	0	1.52	1
484	500	3959	1	0	1	-1.52	-1
484	501	3575	1	1	0	1.52	1
485	486	17377	13	10	3	10.61	1
485	487	10144	5	4	1	4.55	1
485	488	17343	13	9	4	7.58	1
485	489	10203	5	1	4	-4.55	-1
485	490	17003	13	12	1	16.68	1
485	491	12557	6	4	2	3.03	1
485	492	15123	7	1	6	-7.58	-1
485	493	16137	12	10	2	12.13	1
485	494	13715	6	6	0	9.10	1
485	495	12677	9	8	1	10.61	1
485	496	12490	9	3	6	-4.55	-1
485	497	12289	9	0	9	-13.65	-1
485	498	11543	9	9	0	13.65	1
485	499	11303	9	2	7	-7.58	-1
485	500	10963	9	7	2	7.58	1
485	501	10579	9	1	8	-10.61	-1
485	502	9789	8	2	6	-6.07	-1
485	503	7904	8	2	6	-6.07	-1
485	504	7686	8	7	1	9.10	1
485	505	7421	8	7	1	9.10	1
485	506	6868	8	3	5	-3.03	-1
485	507	6464	7	6	1	7.58	1
485	508	6436	7	6	1	7.58	1
485	509	6307	7	4	3	1.52	1
485	510	5471	6	2	4	-3.03	-1
485	511	5309	6	3	3	0.00	1
485	512	5020	6	0	6	-9.10	-1
485	513	5014	6	4	2	3.03	1
485	514	3990	6	6	0	9.10	1
485	515	3455	6	5	1	6.07	1
485	516	3256	6	6	0	9.10	1
485	517	2817	6	5	1	6.07	1
485	518	2523	6	6	0	9.10	1
485	519	1830	6	2	4	-3.03	-1
485	520	1247	3	2	1	1.52	1
486	487	10144	5	5	0	7.58	1
486	488	19137	13	11	2	13.65	1
486	489	10203	5	0	5	-7.58	-1
486	490	21649	14	12	2	15.16	1
486	491	12557	6	4	2	3.03	1
486	492	15123	7	1	6	-7.58	-1
486	493	16376	12	12	0	18.20	1
486	494	13715	6	6	0	9.10	1
486	495	17323	10	7	3	6.07	1
486	496	17136	10	0	10	-15.16	-1
486	497	16935	10	2	8	-9.10	-1
486	498	16189	10	8	2	9.10	1
486	499	15949	10	1	9	-12.13	-1
486	500	15609	10	8	2	9.10	1
486	501	15225	10	2	8	-9.10	-1
486	502	10802	8	1	7	-9.10	-1
486	503	12550	9	0	9	-13.65	-1
486	504	12332	9	7	2	7.58	1
486	505	12067	9	6	3	4.55	1
486	506	11514	9	2	7	-7.58	-1
486	507	11110	8	7	1	9.10	1
486	508	11082	8	5	3	3.03	1
486	509	10953	8	7	1	9.10	1
486	510	10117	7	7	0	10.61	1
486	511	9955	7	0	7	-10.61	-1
486	512	9666	7	0	7	-10.61	-1
486	513	9660	7	5	2	4.55	1
486	514	8636	7	7	0	10.61	1
486	515	8101	7	6	1	7.58	1
486	516	7902	7	6	1	7.58	1
486	517	7463	7	6	1	7.58	1
486	518	7169	7	7	0	10.61	1
486	519	6476	7	1	6	-7.58	-1
486	520	5893	4	4	0	6.07	1
486	521	4013	1	1	0	1.52	1
486	522	3210	1	0	1	-1.52	-1
486	523	2710	1	0	1	-1.52	-1
486	524	2574	1	1	0	1.52	1
486	525	2449	1	0	1	-1.52	-1
486	526	2046	1	1	0	1.52	1
486	527	1526	1	0	1	-1.52	-1
487	488	10122	5	5	0	7.58	1
487	489	9858	5	0	5	-7.58	-1
487	490	9782	5	4	1	4.55	1
487	491	9559	4	4	0	6.07	1
487	492	9535	4	2	2	0.00	1
487	493	8916	4	3	1	3.03	1
487	494	8891	4	4	0	6.07	1
487	495	5456	1	1	0	1.52	1
487	496	5269	1	0	1	-1.52	-1
487	497	5068	1	0	1	-1.52	-1
487	498	4322	1	1	0	1.52	1
487	499	4082	1	0	1	-1.52	-1
487	500	3742	1	1	0	1.52	1
487	501	3358	1	0	1	-1.52	-1
488	489	10203	5	0	5	-7.58	-1
488	490	18797	13	10	3	10.61	1
488	491	12557	6	4	2	3.03	1
488	492	15123	7	1	6	-7.58	-1
488	493	16376	12	8	4	6.07	1
488	494	13715	6	4	2	3.03	1
488	495	14471	9	7	2	7.58	1
488	496	14284	9	1	8	-10.61	-1
488	497	14083	9	2	7	-7.58	-1
488	498	13337	9	7	2	7.58	1
488	499	13097	9	1	8	-10.61	-1
488	500	12757	9	8	1	10.61	1
488	501	12373	9	0	9	-13.65	-1
488	502	10802	8	3	5	-3.03	-1
488	503	9698	8	1	7	-9.10	-1
488	504	9480	8	8	0	12.13	1
488	505	9215	8	5	3	3.03	1
488	506	8662	8	1	7	-9.10	-1
488	507	8258	7	6	1	7.58	1
488	508	8230	7	5	2	4.55	1
488	509	8101	7	6	1	7.58	1
488	510	7265	6	5	1	6.07	1
488	511	7103	6	1	5	-6.07	-1
488	512	6814	6	2	4	-3.03	-1
488	513	6808	6	4	2	3.03	1
488	514	5784	6	5	1	6.07	1
488	515	5249	6	6	0	9.10	1
488	516	5050	6	3	3	0.00	1
488	517	4611	6	4	2	3.03	1
488	518	4317	6	3	3	0.00	1
488	519	3624	6	0	6	-9.10	-1
488	520	3041	3	3	0	4.55	1
489	490	10127	5	0	5	-7.58	-1
489	491	9904	4	1	3	-3.03	-1
489	492	9880	4	4	0	6.07	1
489	493	9261	4	1	3	-3.03	-1
489	494	9236	4	0	4	-6.07	-1
489	495	5801	1	1	0	1.52	1
489	496	5614	1	1	0	1.52	1
489	497	5413	1	0	1	-1.52	-1
489	498	4667	1	0	1	-1.52	-1
489	499	4427	1	0	1	-1.52	-1
489	500	4087	1	0	1	-1.52	-1
489	501	3703	1	0	1	-1.52	-1
490	491	12557	6	3	3	0.00	1
490	492	15123	7	0	7	-10.61	-1
490	493	16376	12	8	4	6.07	1
490	494	13715	6	6	0	9.10	1
490	495	18884	12	9	3	9.10	1
490	496	18352	10	3	7	-6.07	-1
490	497	18110	10	1	9	-12.13	-1
490	498	17750	12	10	2	12.13	1
490	499	17510	12	1	11	-15.16	-1
490	500	17170	12	9	3	9.10	1
490	501	16786	12	2	10	-12.13	-1
490	502	10802	8	0	8	-12.13	-1
490	503	14111	11	2	9	-10.61	-1
490	504	13893	11	10	1	13.65	1
490	505	13628	11	7	4	4.55	1
490	506	13050	11	4	7	-4.55	-1
490	507	12671	10	10	0	15.16	1
490	508	12643	10	6	4	3.03	1
490	509	12514	10	7	3	6.07	1
490	510	11678	9	9	0	13.65	1
490	511	11516	9	2	7	-7.58	-1
490	512	11227	9	0	9	-13.65	-1
490	513	11221	9	8	1	10.61	1
490	514	10197	9	5	4	1.52	1
490	515	9662	9	7	2	7.58	1
490	516	9463	9	8	1	10.61	1
490	517	9024	9	8	1	10.61	1
490	518	8730	9	9	0	13.65	1
490	519	8037	9	1	8	-10.61	-1
490	520	7454	6	5	1	6.07	1
490	521	5574	3	0	3	-4.55	-1
490	522	4771	3	0	3	-4.55	-1
490	523	4271	3	0	3	-4.55	-1
490	524	4135	3	3	0	4.55	1
490	525	4010	3	2	1	1.52	1
490	526	3607	3	3	0	4.55	1
490	527	3087	3	1	2	-1.52	-1
490	528	2221	2	0	2	-3.03	-1
490	529	1452	2	0	2	-3.03	-1
490	530	1335	2	0	2	-3.03	-1
490	531	1056	2	2	0	3.03	1
490	532	271	2	1	1	0.00	1
491	492	12533	6	2	4	-3.03	-1
491	493	11914	6	5	1	6.07	1
491	494	11889	6	3	3	0.00	1
491	495	8454	3	2	1	1.52	1
491	496	8267	3	0	3	-4.55	-1
491	497	8066	3	0	3	-4.55	-1
491	498	7320	3	3	0	4.55	1
491	499	7080	3	1	2	-1.52	-1
491	500	6740	3	0	3	-4.55	-1
491	501	6356	3	0	3	-4.55	-1
491	502	5566	2	1	1	0.00	1
491	503	3681	2	0	2	-3.03	-1
491	504	3463	2	0	2	-3.03	-1
491	505	3198	2	2	0	3.03	1
491	506	2645	2	0	2	-3.03	-1
491	507	2241	1	1	0	1.52	1
491	508	2213	1	1	0	1.52	1
491	509	2084	1	0	1	-1.52	-1
492	493	14504	7	1	6	-7.58	-1
492	494	13715	6	0	6	-9.10	-1
492	495	11044	4	1	3	-3.03	-1
492	496	10857	4	4	0	6.07	1
492	497	10656	4	4	0	6.07	1
492	498	9910	4	1	3	-3.03	-1
492	499	9670	4	4	0	6.07	1
492	500	9330	4	1	3	-3.03	-1
492	501	8946	4	3	1	3.03	1
492	502	8156	3	3	0	4.55	1
492	503	6271	3	2	1	1.52	1
492	504	6053	3	1	2	-1.52	-1
492	505	5788	3	1	2	-1.52	-1
492	506	5235	3	3	0	4.55	1
492	507	4831	2	0	2	-3.03	-1
492	508	4803	2	0	2	-3.03	-1
492	509	4674	2	0	2	-3.03	-1
492	510	3838	1	1	0	1.52	1
492	511	3676	1	1	0	1.52	1
492	512	3387	1	1	0	1.52	1
492	513	3381	1	1	0	1.52	1
492	514	2357	1	0	1	-1.52	-1
492	515	1822	1	1	0	1.52	1
492	516	1623	1	0	1	-1.52	-1
492	517	1184	1	0	1	-1.52	-1
492	518	890	1	0	1	-1.52	-1
492	519	197	1	1	0	1.52	1
493	494	13715	6	4	2	3.03	1
493	495	12916	9	9	0	13.65	1
493	496	12729	9	1	8	-10.61	-1
493	497	12528	9	3	6	-4.55	-1
493	498	11782	9	6	3	4.55	1
493	499	11542	9	1	8	-10.61	-1
493	500	11202	9	7	2	7.58	1
493	501	10818	9	0	9	-13.65	-1
493	502	10028	8	1	7	-9.10	-1
493	503	8143	8	1	7	-9.10	-1
493	504	7925	8	7	1	9.10	1
493	505	7660	8	7	1	9.10	1
493	506	7107	8	2	6	-6.07	-1
493	507	6703	7	6	1	7.58	1
493	508	6675	7	6	1	7.58	1
493	509	6546	7	7	0	10.61	1
493	510	5710	6	4	2	3.03	1
493	511	5548	6	0	6	-9.10	-1
493	512	5259	6	2	4	-3.03	-1
493	513	5253	6	5	1	6.07	1
493	514	4229	6	5	1	6.07	1
493	515	3694	6	4	2	3.03	1
493	516	3495	6	6	0	9.10	1
493	517	3056	6	5	1	6.07	1
493	518	2762	6	5	1	6.07	1
493	519	2069	6	1	5	-6.07	-1
493	520	1486	3	2	1	1.52	1
494	495	10280	3	3	0	4.55	1
494	496	10093	3	0	3	-4.55	-1
494	497	9892	3	0	3	-4.55	-1
494	498	9146	3	3	0	4.55	1
494	499	8906	3	1	2	-1.52	-1
494	500	8566	3	3	0	4.55	1
494	501	8182	3	1	2	-1.52	-1
494	502	7392	2	0	2	-3.03	-1
494	503	5507	2	0	2	-3.03	-1
494	504	5289	2	2	0	3.03	1
494	505	5024	2	1	1	0.00	1
494	506	4471	2	0	2	-3.03	-1
494	507	4067	1	1	0	1.52	1
494	508	4039	1	0	1	-1.52	-1
494	509	3910	1	1	0	1.52	1
495	496	18352	10	1	9	-12.13	-1
495	497	18110	10	2	8	-9.10	-1
495	498	20094	15	13	2	16.68	1
495	499	21088	16	4	12	-12.13	-1
495	500	17418	13	8	5	4.55	1
495	501	21532	17	5	12	-10.61	-1
495	502	10802	8	2	6	-6.07	-1
495	503	20112	16	2	14	-18.20	-1
495	504	19894	16	13	3	15.16	1
495	505	16681	14	13	1	18.20	1
495	506	13050	11	2	9	-10.61	-1
495	507	18672	15	13	2	16.68	1
495	508	17847	15	11	4	10.61	1
495	509	18515	15	14	1	19.71	1
495	510	12061	10	9	1	12.13	1
495	511	17517	14	2	12	-15.16	-1
495	512	12892	12	2	10	-12.13	-1
495	513	14407	13	11	2	13.65	1
495	514	16198	14	12	2	15.16	1
495	515	15663	14	11	3	12.13	1
495	516	15464	14	10	4	9.10	1
495	517	15025	14	12	2	15.16	1
495	518	14731	14	13	1	18.20	1
495	519	14038	14	5	9	-6.07	-1
495	520	13455	11	11	0	16.68	1
495	521	11575	8	1	7	-9.10	-1
495	522	10772	8	0	8	-12.13	-1
495	523	10272	8	2	6	-6.07	-1
495	524	10136	8	8	0	12.13	1
495	525	10011	8	6	2	6.07	1
495	526	9608	8	4	4	0.00	1
495	527	9088	8	7	1	9.10	1
495	528	8222	7	2	5	-4.55	-1
495	529	7453	7	1	6	-7.58	-1
495	530	7336	7	1	6	-7.58	-1
495	531	7057	7	6	1	7.58	1
495	532	6272	7	7	0	10.61	1
495	533	5366	4	3	1	3.03	1
495	534	5025	2	0	2	-3.03	-1
495	535	4979	2	2	0	3.03	1
495	536	4521	2	2	0	3.03	1
495	537	2934	2	2	0	3.03	1
495	538	2760	1	0	1	-1.52	-1
496	497	18110	10	6	4	3.03	1
496	498	17405	10	3	7	-6.07	-1
496	499	17165	10	8	2	9.10	1
496	500	16825	10	2	8	-9.10	-1
496	501	16441	10	8	2	9.10	1
496	502	10802	8	6	2	6.07	1
496	503	13766	9	9	0	13.65	1
496	504	13548	9	3	6	-4.55	-1
496	505	13283	9	3	6	-4.55	-1
496	506	12730	9	8	1	10.61	1
496	507	12326	8	1	7	-9.10	-1
496	508	12298	8	1	7	-9.10	-1
496	509	12169	8	2	6	-6.07	-1
496	510	11333	7	2	5	-4.55	-1
496	511	11171	7	7	0	10.61	1
496	512	10882	7	7	0	10.61	1
496	513	10876	7	3	4	-1.52	-1
496	514	9852	7	3	4	-1.52	-1
496	515	9317	7	2	5	-4.55	-1
496	516	9118	7	1	6	-7.58	-1
496	517	8679	7	3	4	-1.52	-1
496	518	8385	7	0	7	-10.61	-1
496	519	7692	7	6	1	7.58	1
496	520	7109	4	1	3	-3.03	-1
496	521	5229	1	1	0	1.52	1
496	522	4426	1	1	0	1.52	1
496	523	3926	1	0	1	-1.52	-1
496	524	3790	1	0	1	-1.52	-1
496	525	3665	1	1	0	1.52	1
496	526	3262	1	0	1	-1.52	-1
496	527	2742	1	0	1	-1.52	-1
497	498	17364	10	2	8	-9.10	-1
497	499	17124	10	9	1	12.13	1
497	500	16784	10	3	7	-6.07	-1
497	501	16400	10	6	4	3.03	1
497	502	10802	8	7	1	9.10	1
497	503	13725	9	8	1	10.61	1
497	504	13507	9	3	6	-4.55	-1
497	505	13242	9	3	6	-4.55	-1
497	506	12689	9	7	2	7.58	1
497	507	12285	8	0	8	-12.13	-1
497	508	12257	8	1	7	-9.10	-1
497	509	12128	8	3	5	-3.03	-1
497	510	11292	7	0	7	-10.61	-1
497	511	11130	7	6	1	7.58	1
497	512	10841	7	6	1	7.58	1
497	513	10835	7	1	6	-7.58	-1
497	514	9811	7	1	6	-7.58	-1
497	515	9276	7	0	7	-10.61	-1
497	516	9077	7	1	6	-7.58	-1
497	517	8638	7	0	7	-10.61	-1
497	518	8344	7	1	6	-7.58	-1
497	519	7651	7	6	1	7.58	1
497	520	7068	4	0	4	-6.07	-1
497	521	5188	1	1	0	1.52	1
497	522	4385	1	1	0	1.52	1
497	523	3885	1	1	0	1.52	1
497	524	3749	1	0	1	-1.52	-1
497	525	3624	1	0	1	-1.52	-1
497	526	3221	1	0	1	-1.52	-1
497	527	2701	1	0	1	-1.52	-1
498	499	19854	15	2	13	-16.68	-1
498	500	17418	13	9	4	7.58	1
498	501	19130	15	2	13	-16.68	-1
498	502	10802	8	4	4	0.00	1
498	503	16455	14	4	10	-9.10	-1
498	504	16237	14	12	2	15.16	1
498	505	15972	14	11	3	12.13	1
498	506	13050	11	3	8	-7.58	-1
498	507	15015	13	12	1	16.68	1
498	508	14987	13	9	4	7.58	1
498	509	14858	13	11	2	13.65	1
498	510	12061	10	4	6	-3.03	-1
498	511	13860	12	1	11	-15.16	-1
498	512	12892	12	0	12	-18.20	-1
498	513	13565	12	8	4	6.07	1
498	514	12541	12	10	2	12.13	1
498	515	12006	12	12	0	18.20	1
498	516	11807	12	11	1	15.16	1
498	517	11368	12	10	2	12.13	1
498	518	11074	12	9	3	9.10	1
498	519	10381	12	3	9	-9.10	-1
498	520	9798	9	7	2	7.58	1
498	521	7918	6	0	6	-9.10	-1
498	522	7115	6	0	6	-9.10	-1
498	523	6615	6	2	4	-3.03	-1
498	524	6479	6	3	3	0.00	1
498	525	6354	6	6	0	9.10	1
498	526	5951	6	5	1	6.07	1
498	527	5431	6	5	1	6.07	1
498	528	4565	5	2	3	-1.52	-1
498	529	3796	5	2	3	-1.52	-1
498	530	3679	5	2	3	-1.52	-1
498	531	3400	5	3	2	1.52	1
498	532	2615	5	5	0	7.58	1
498	533	1709	2	2	0	3.03	1
499	500	17418	13	2	11	-13.65	-1
499	501	20364	16	13	3	15.16	1
499	502	10802	8	7	1	9.10	1
499	503	17689	15	14	1	19.71	1
499	504	17471	15	2	13	-16.68	-1
499	505	16681	14	3	11	-12.13	-1
499	506	13050	11	11	0	16.68	1
499	507	16249	14	1	13	-18.20	-1
499	508	16221	14	1	13	-18.20	-1
499	509	16092	14	1	13	-18.20	-1
499	510	12061	10	1	9	-12.13	-1
499	511	15094	13	10	3	10.61	1
499	512	12892	12	9	3	9.10	1
499	513	14407	13	3	10	-10.61	-1
499	514	13775	13	4	9	-7.58	-1
499	515	13240	13	1	12	-16.68	-1
499	516	13041	13	1	12	-16.68	-1
499	517	12602	13	1	12	-16.68	-1
499	518	12308	13	1	12	-16.68	-1
499	519	11615	13	11	2	13.65	1
499	520	11032	10	3	7	-6.07	-1
499	521	9152	7	5	2	4.55	1
499	522	8349	7	6	1	7.58	1
499	523	7849	7	5	2	4.55	1
499	524	7713	7	1	6	-7.58	-1
499	525	7588	7	0	7	-10.61	-1
499	526	7185	7	2	5	-4.55	-1
499	527	6665	7	0	7	-10.61	-1
499	528	5799	6	6	0	9.10	1
499	529	5030	6	4	2	3.03	1
499	530	4913	6	6	0	9.10	1
499	531	4634	6	0	6	-9.10	-1
499	532	3849	6	1	5	-6.07	-1
499	533	2943	3	1	2	-1.52	-1
499	534	2602	1	0	1	-1.52	-1
499	535	2556	1	0	1	-1.52	-1
499	536	2098	1	0	1	-1.52	-1
499	537	511	1	0	1	-1.52	-1
500	501	17034	13	2	11	-13.65	-1
500	502	10802	8	0	8	-12.13	-1
500	503	14359	12	2	10	-12.13	-1
500	504	14141	12	9	3	9.10	1
500	505	13876	12	9	3	9.10	1
500	506	13050	11	1	10	-13.65	-1
500	507	12919	11	8	3	7.58	1
500	508	12891	11	7	4	4.55	1
500	509	12762	11	9	2	10.61	1
500	510	11926	10	10	0	15.16	1
500	511	11764	10	3	7	-6.07	-1
500	512	11475	10	1	9	-12.13	-1
500	513	11469	10	9	1	12.13	1
500	514	10445	10	9	1	12.13	1
500	515	9910	10	7	3	6.07	1
500	516	9711	10	10	0	15.16	1
500	517	9272	10	10	0	15.16	1
500	518	8978	10	8	2	9.10	1
500	519	8285	10	2	8	-9.10	-1
500	520	7702	7	7	0	10.61	1
500	521	5822	4	0	4	-6.07	-1
500	522	5019	4	0	4	-6.07	-1
500	523	4519	4	1	3	-3.03	-1
500	524	4383	4	4	0	6.07	1
500	525	4258	4	4	0	6.07	1
500	526	3855	4	4	0	6.07	1
500	527	3335	4	3	1	3.03	1
500	528	2469	3	1	2	-1.52	-1
500	529	1700	3	0	3	-4.55	-1
500	530	1583	3	0	3	-4.55	-1
500	531	1304	3	1	2	-1.52	-1
500	532	519	3	1	2	-1.52	-1
501	502	10802	8	7	1	9.10	1
501	503	18857	16	15	1	21.23	1
501	504	18639	16	3	13	-15.16	-1
501	505	16681	14	2	12	-15.16	-1
501	506	13050	11	6	5	1.52	1
501	507	17417	15	5	10	-7.58	-1
501	508	17389	15	2	13	-16.68	-1
501	509	17260	15	3	12	-13.65	-1
501	510	12061	10	2	8	-9.10	-1
501	511	16262	14	13	1	18.20	1
501	512	12892	12	9	3	9.10	1
501	513	14407	13	4	9	-7.58	-1
501	514	14943	14	0	14	-21.23	-1
501	515	14408	14	4	10	-9.10	-1
501	516	14209	14	1	13	-18.20	-1
501	517	13770	14	2	12	-15.16	-1
501	518	13476	14	3	11	-12.13	-1
501	519	12783	14	9	5	6.07	1
501	520	12200	11	3	8	-7.58	-1
501	521	10320	8	7	1	9.10	1
501	522	9517	8	7	1	9.10	1
501	523	9017	8	7	1	9.10	1
501	524	8881	8	1	7	-9.10	-1
501	525	8756	8	2	6	-6.07	-1
501	526	8353	8	2	6	-6.07	-1
501	527	7833	8	0	8	-12.13	-1
501	528	6967	7	6	1	7.58	1
501	529	6198	7	7	0	10.61	1
501	530	6081	7	6	1	7.58	1
501	531	5802	7	2	5	-4.55	-1
501	532	5017	7	1	6	-7.58	-1
501	533	4111	4	1	3	-3.03	-1
501	534	3770	2	2	0	3.03	1
501	535	3724	2	0	2	-3.03	-1
501	536	3266	2	1	1	0.00	1
501	537	1679	2	1	1	0.00	1
501	538	1505	1	1	0	1.52	1
502	503	8917	8	8	0	12.13	1
502	504	8699	8	0	8	-12.13	-1
502	505	8434	8	2	6	-6.07	-1
502	506	7881	8	7	1	9.10	1
502	507	7477	7	3	4	-1.52	-1
502	508	7449	7	3	4	-1.52	-1
502	509	7320	7	3	4	-1.52	-1
502	510	6484	6	1	5	-6.07	-1
502	511	6322	6	5	1	6.07	1
502	512	6033	6	5	1	6.07	1
502	513	6027	6	2	4	-3.03	-1
502	514	5003	6	2	4	-3.03	-1
502	515	4468	6	1	5	-6.07	-1
502	516	4269	6	2	4	-3.03	-1
502	517	3830	6	0	6	-9.10	-1
502	518	3536	6	1	5	-6.07	-1
502	519	2843	6	6	0	9.10	1
502	520	2260	3	2	1	1.52	1
503	504	23323	18	2	16	-21.23	-1
503	505	16681	14	2	12	-15.16	-1
503	506	13050	11	9	2	10.61	1
503	507	23352	17	5	12	-10.61	-1
503	508	17847	15	5	10	-7.58	-1
503	509	20718	16	5	11	-9.10	-1
503	510	12061	10	3	7	-6.07	-1
503	511	22092	16	13	3	15.16	1
503	512	12892	12	9	3	9.10	1
503	513	14407	13	2	11	-13.65	-1
503	514	20878	16	2	14	-18.20	-1
503	515	20268	16	6	10	-6.07	-1
503	516	20144	16	2	14	-18.20	-1
503	517	19705	16	0	16	-24.26	-1
503	518	19411	16	5	11	-9.10	-1
503	519	15568	15	13	2	16.68	1
503	520	18135	13	2	11	-13.65	-1
503	521	14416	10	9	1	12.13	1
503	522	15452	10	8	2	9.10	1
503	523	14952	10	7	3	6.07	1
503	524	14816	10	1	9	-12.13	-1
503	525	14691	10	2	8	-9.10	-1
503	526	14288	10	1	9	-12.13	-1
503	527	12254	10	1	9	-12.13	-1
503	528	12902	9	7	2	7.58	1
503	529	12133	9	9	0	13.65	1
503	530	12016	9	6	3	4.55	1
503	531	11737	9	2	7	-7.58	-1
503	532	10952	9	2	7	-7.58	-1
503	533	10046	6	0	6	-9.10	-1
503	534	9705	4	3	1	3.03	1
503	535	9659	4	0	4	-6.07	-1
503	536	9201	4	0	4	-6.07	-1
503	537	7614	4	0	4	-6.07	-1
503	538	7440	3	2	1	1.52	1
503	539	6372	2	2	0	3.03	1
503	540	5888	2	2	0	3.03	1
503	541	4286	2	0	2	-3.03	-1
503	542	3170	1	0	1	-1.52	-1
503	543	2782	1	1	0	1.52	1
503	544	2749	1	0	1	-1.52	-1
503	545	2456	1	1	0	1.52	1
504	505	16681	14	10	4	9.10	1
504	506	13050	11	4	7	-4.55	-1
504	507	22101	17	13	4	13.65	1
504	508	17847	15	11	4	10.61	1
504	509	20718	16	14	2	18.20	1
504	510	12061	10	6	4	3.03	1
504	511	20946	16	4	12	-12.13	-1
504	512	12892	12	1	11	-15.16	-1
504	513	14407	13	11	2	13.65	1
504	514	19627	16	11	5	9.10	1
504	515	19092	16	13	3	15.16	1
504	516	18893	16	14	2	18.20	1
504	517	18454	16	14	2	18.20	1
504	518	18160	16	14	2	18.20	1
504	519	15568	15	5	10	-7.58	-1
504	520	16884	13	10	3	10.61	1
504	521	14416	10	0	10	-15.16	-1
504	522	14201	10	2	8	-9.10	-1
504	523	13701	10	2	8	-9.10	-1
504	524	13565	10	7	3	6.07	1
504	525	13440	10	8	2	9.10	1
504	526	13037	10	9	1	12.13	1
504	527	12254	10	6	4	3.03	1
504	528	11651	9	1	8	-10.61	-1
504	529	10882	9	1	8	-10.61	-1
504	530	10765	9	2	7	-7.58	-1
504	531	10486	9	7	2	7.58	1
504	532	9701	9	9	0	13.65	1
504	533	8795	6	4	2	3.03	1
504	534	8454	4	2	2	0.00	1
504	535	8408	4	4	0	6.07	1
504	536	7950	4	2	2	0.00	1
504	537	6363	4	4	0	6.07	1
504	538	6189	3	0	3	-4.55	-1
504	539	5121	2	0	2	-3.03	-1
504	540	4637	2	1	1	0.00	1
504	541	3035	2	1	1	0.00	1
504	542	1919	1	1	0	1.52	1
504	543	1531	1	1	0	1.52	1
504	544	1498	1	1	0	1.52	1
504	545	1205	1	1	0	1.52	1
505	506	13050	11	2	9	-10.61	-1
505	507	15724	13	12	1	16.68	1
505	508	15696	13	8	5	4.55	1
505	509	15567	13	12	1	16.68	1
505	510	12061	10	8	2	9.10	1
505	511	14569	12	0	12	-18.20	-1
505	512	12892	12	3	9	-9.10	-1
505	513	14274	12	10	2	12.13	1
505	514	13250	12	9	3	9.10	1
505	515	12715	12	9	3	9.10	1
505	516	12516	12	9	3	9.10	1
505	517	12077	12	10	2	12.13	1
505	518	11783	12	10	2	12.13	1
505	519	11090	12	0	12	-18.20	-1
505	520	10507	9	9	0	13.65	1
505	521	8627	6	4	2	3.03	1
505	522	7824	6	2	4	-3.03	-1
505	523	7324	6	0	6	-9.10	-1
505	524	7188	6	4	2	3.03	1
505	525	7063	6	6	0	9.10	1
505	526	6660	6	5	1	6.07	1
505	527	6140	6	5	1	6.07	1
505	528	5274	5	1	4	-4.55	-1
505	529	4505	5	1	4	-4.55	-1
505	530	4388	5	1	4	-4.55	-1
505	531	4109	5	5	0	7.58	1
505	532	3324	5	3	2	1.52	1
505	533	2418	2	2	0	3.03	1
506	507	12646	10	3	7	-6.07	-1
506	508	12618	10	4	6	-3.03	-1
506	509	12489	10	2	8	-9.10	-1
506	510	11653	9	4	5	-1.52	-1
506	511	11491	9	8	1	10.61	1
506	512	11202	9	7	2	7.58	1
506	513	11196	9	0	9	-13.65	-1
506	514	10172	9	1	8	-10.61	-1
506	515	9637	9	3	6	-4.55	-1
506	516	9438	9	1	8	-10.61	-1
506	517	8999	9	4	5	-1.52	-1
506	518	8705	9	2	7	-7.58	-1
506	519	8012	9	9	0	13.65	1
506	520	7429	6	1	5	-6.07	-1
506	521	5549	3	3	0	4.55	1
506	522	4746	3	2	1	1.52	1
506	523	4246	3	2	1	1.52	1
506	524	4110	3	0	3	-4.55	-1
506	525	3985	3	0	3	-4.55	-1
506	526	3582	3	1	2	-1.52	-1
506	527	3062	3	0	3	-4.55	-1
506	528	2196	2	1	1	0.00	1
506	529	1427	2	2	0	3.03	1
506	530	1310	2	2	0	3.03	1
506	531	1031	2	0	2	-3.03	-1
506	532	246	2	0	2	-3.03	-1
507	508	17847	15	13	2	16.68	1
507	509	20718	16	14	2	18.20	1
507	510	12061	10	9	1	12.13	1
507	511	22092	16	3	13	-15.16	-1
507	512	12892	12	3	9	-9.10	-1
507	513	14407	13	10	3	10.61	1
507	514	24260	18	16	2	21.23	1
507	515	20268	16	12	4	12.13	1
507	516	23526	18	13	5	12.13	1
507	517	20920	17	16	1	22.75	1
507	518	19894	16	14	2	18.20	1
507	519	15568	15	3	12	-13.65	-1
507	520	21517	15	11	4	10.61	1
507	521	14416	10	2	8	-9.10	-1
507	522	15930	10	1	9	-12.13	-1
507	523	15982	11	3	8	-7.58	-1
507	524	18198	12	10	2	12.13	1
507	525	15308	10	8	2	9.10	1
507	526	17670	12	11	1	15.16	1
507	527	12254	10	9	1	12.13	1
507	528	16284	11	3	8	-7.58	-1
507	529	15515	11	2	9	-10.61	-1
507	530	15398	11	1	10	-13.65	-1
507	531	15119	11	8	3	7.58	1
507	532	14334	11	8	3	7.58	1
507	533	12223	7	4	3	1.52	1
507	534	13087	6	3	3	0.00	1
507	535	10578	5	3	2	1.52	1
507	536	12583	6	6	0	9.10	1
507	537	10996	6	5	1	6.07	1
507	538	10822	5	4	1	4.55	1
507	539	9754	4	1	3	-3.03	-1
507	540	9270	4	1	3	-3.03	-1
507	541	7668	4	4	0	6.07	1
507	542	6552	3	3	0	4.55	1
507	543	6164	3	2	1	1.52	1
507	544	6131	3	2	1	1.52	1
507	545	5838	3	3	0	4.55	1
507	546	3677	2	0	2	-3.03	-1
507	547	3325	2	0	2	-3.03	-1
507	548	2124	1	0	1	-1.52	-1
507	549	2091	1	0	1	-1.52	-1
507	550	1676	1	1	0	1.52	1
507	551	366	1	0	1	-1.52	-1
507	552	271	1	1	0	1.52	1
508	509	17718	15	14	1	19.71	1
508	510	12061	10	7	3	6.07	1
508	511	16720	14	2	12	-15.16	-1
508	512	12892	12	1	11	-15.16	-1
508	513	14407	13	9	4	7.58	1
508	514	15401	14	11	3	12.13	1
508	515	14866	14	14	0	21.23	1
508	516	14667	14	8	6	3.03	1
508	517	14228	14	9	5	6.07	1
508	518	13934	14	11	3	12.13	1
508	519	13241	14	3	11	-12.13	-1
508	520	12658	11	8	3	7.58	1
508	521	10778	8	1	7	-9.10	-1
508	522	9975	8	2	6	-6.07	-1
508	523	9475	8	1	7	-9.10	-1
508	524	9339	8	8	0	12.13	1
508	525	9214	8	7	1	9.10	1
508	526	8811	8	5	3	3.03	1
508	527	8291	8	8	0	12.13	1
508	528	7425	7	0	7	-10.61	-1
508	529	6656	7	1	6	-7.58	-1
508	530	6539	7	3	4	-1.52	-1
508	531	6260	7	7	0	10.61	1
508	532	5475	7	6	1	7.58	1
508	533	4569	4	3	1	3.03	1
508	534	4228	2	1	1	0.00	1
508	535	4182	2	2	0	3.03	1
508	536	3724	2	2	0	3.03	1
508	537	2137	2	2	0	3.03	1
508	538	1963	1	0	1	-1.52	-1
509	510	12061	10	10	0	15.16	1
509	511	19720	15	4	11	-10.61	-1
509	512	12892	12	4	8	-6.07	-1
509	513	14407	13	11	2	13.65	1
509	514	18401	15	11	4	10.61	1
509	515	17866	15	10	5	7.58	1
509	516	17667	15	13	2	16.68	1
509	517	17228	15	14	1	19.71	1
509	518	16934	15	11	4	10.61	1
509	519	15568	15	2	13	-16.68	-1
509	520	15658	12	10	2	12.13	1
509	521	13778	9	1	8	-10.61	-1
509	522	12975	9	2	7	-7.58	-1
509	523	12475	9	0	9	-13.65	-1
509	524	12339	9	9	0	13.65	1
509	525	12214	9	7	2	7.58	1
509	526	11811	9	6	3	4.55	1
509	527	11291	9	6	3	4.55	1
509	528	10425	8	3	5	-3.03	-1
509	529	9656	8	0	8	-12.13	-1
509	530	9539	8	2	6	-6.07	-1
509	531	9260	8	8	0	12.13	1
509	532	8475	8	5	3	3.03	1
509	533	7569	5	5	0	7.58	1
509	534	7228	3	0	3	-4.55	-1
509	535	7182	3	2	1	1.52	1
509	536	6724	3	2	1	1.52	1
509	537	5137	3	3	0	4.55	1
509	538	4963	2	0	2	-3.03	-1
509	539	3895	1	0	1	-1.52	-1
509	540	3411	1	0	1	-1.52	-1
509	541	1809	1	1	0	1.52	1
510	511	11899	10	1	9	-12.13	-1
510	512	11610	10	2	8	-9.10	-1
510	513	11604	10	8	2	9.10	1
510	514	10580	10	9	1	12.13	1
510	515	10045	10	7	3	6.07	1
510	516	9846	10	10	0	15.16	1
510	517	9407	10	7	3	6.07	1
510	518	9113	10	10	0	15.16	1
510	519	8420	10	3	7	-6.07	-1
510	520	7837	7	7	0	10.61	1
510	521	5957	4	1	3	-3.03	-1
510	522	5154	4	0	4	-6.07	-1
510	523	4654	4	1	3	-3.03	-1
510	524	4518	4	2	2	0.00	1
510	525	4393	4	4	0	6.07	1
510	526	3990	4	2	2	0.00	1
510	527	3470	4	3	1	3.03	1
510	528	2604	3	1	2	-1.52	-1
510	529	1835	3	1	2	-1.52	-1
510	530	1718	3	0	3	-4.55	-1
510	531	1439	3	1	2	-1.52	-1
510	532	654	3	3	0	4.55	1
511	512	12892	12	11	1	15.16	1
511	513	14407	13	4	9	-7.58	-1
511	514	20773	16	4	12	-12.13	-1
511	515	20238	16	5	11	-9.10	-1
511	516	20039	16	5	11	-9.10	-1
511	517	19600	16	2	14	-18.20	-1
511	518	19306	16	1	15	-21.23	-1
511	519	15568	15	14	1	19.71	1
511	520	18030	13	2	11	-13.65	-1
511	521	14416	10	8	2	9.10	1
511	522	15347	10	8	2	9.10	1
511	523	14847	10	10	0	15.16	1
511	524	14711	10	2	8	-9.10	-1
511	525	14586	10	2	8	-9.10	-1
511	526	14183	10	1	9	-12.13	-1
511	527	12254	10	2	8	-9.10	-1
511	528	12797	9	8	1	10.61	1
511	529	12028	9	6	3	4.55	1
511	530	11911	9	8	1	10.61	1
511	531	11632	9	1	8	-10.61	-1
511	532	10847	9	2	7	-7.58	-1
511	533	9941	6	0	6	-9.10	-1
511	534	9600	4	4	0	6.07	1
511	535	9554	4	0	4	-6.07	-1
511	536	9096	4	0	4	-6.07	-1
511	537	7509	4	0	4	-6.07	-1
511	538	7335	3	3	0	4.55	1
511	539	6267	2	1	1	0.00	1
511	540	5783	2	2	0	3.03	1
511	541	4181	2	1	1	0.00	1
511	542	3065	1	0	1	-1.52	-1
511	543	2677	1	0	1	-1.52	-1
511	544	2644	1	0	1	-1.52	-1
511	545	2351	1	0	1	-1.52	-1
512	513	12886	12	2	10	-12.13	-1
512	514	11862	12	4	8	-6.07	-1
512	515	11327	12	5	7	-3.03	-1
512	516	11128	12	0	12	-18.20	-1
512	517	10689	12	2	10	-12.13	-1
512	518	10395	12	1	11	-15.16	-1
512	519	9702	12	10	2	12.13	1
512	520	9119	9	2	7	-7.58	-1
512	521	7239	6	5	1	6.07	1
512	522	6436	6	5	1	6.07	1
512	523	5936	6	5	1	6.07	1
512	524	5800	6	0	6	-9.10	-1
512	525	5675	6	3	3	0.00	1
512	526	5272	6	2	4	-3.03	-1
512	527	4752	6	2	4	-3.03	-1
512	528	3886	5	4	1	4.55	1
512	529	3117	5	3	2	1.52	1
512	530	3000	5	1	4	-4.55	-1
512	531	2721	5	1	4	-4.55	-1
512	532	1936	5	0	5	-7.58	-1
512	533	1030	2	0	2	-3.03	-1
513	514	13383	13	13	0	19.71	1
513	515	12848	13	10	3	10.61	1
513	516	12649	13	12	1	16.68	1
513	517	12210	13	12	1	16.68	1
513	518	11916	13	9	4	7.58	1
513	519	11223	13	3	10	-10.61	-1
513	520	10640	10	8	2	9.10	1
513	521	8760	7	1	6	-7.58	-1
513	522	7957	7	1	6	-7.58	-1
513	523	7457	7	2	5	-4.55	-1
513	524	7321	7	3	4	-1.52	-1
513	525	7196	7	6	1	7.58	1
513	526	6793	7	6	1	7.58	1
513	527	6273	7	5	2	4.55	1
513	528	5407	6	4	2	3.03	1
513	529	4638	6	2	4	-3.03	-1
513	530	4521	6	1	5	-6.07	-1
513	531	4242	6	5	1	6.07	1
513	532	3457	6	6	0	9.10	1
513	533	2551	3	2	1	1.52	1
513	534	2210	1	0	1	-1.52	-1
513	535	2164	1	1	0	1.52	1
513	536	1706	1	0	1	-1.52	-1
513	537	119	1	0	1	-1.52	-1
514	515	20268	16	13	3	15.16	1
514	516	23953	18	14	4	15.16	1
514	517	20920	17	13	4	13.65	1
514	518	19894	16	10	6	6.07	1
514	519	15568	15	4	11	-10.61	-1
514	520	21944	15	11	4	10.61	1
514	521	14416	10	4	6	-3.03	-1
514	522	15930	10	1	9	-12.13	-1
514	523	15982	11	3	8	-7.58	-1
514	524	18625	12	9	3	9.10	1
514	525	15308	10	7	3	6.07	1
514	526	18097	12	8	4	6.07	1
514	527	12254	10	7	3	6.07	1
514	528	16711	11	0	11	-16.68	-1
514	529	15942	11	2	9	-10.61	-1
514	530	15825	11	3	8	-7.58	-1
514	531	15546	11	10	1	13.65	1
514	532	14761	11	9	2	10.61	1
514	533	12223	7	6	1	7.58	1
514	534	13514	6	2	4	-3.03	-1
514	535	10578	5	4	1	4.55	1
514	536	13010	6	6	0	9.10	1
514	537	11423	6	5	1	6.07	1
514	538	11249	5	2	3	-1.52	-1
514	539	10181	4	0	4	-6.07	-1
514	540	9697	4	0	4	-6.07	-1
514	541	8095	4	4	0	6.07	1
514	542	6979	3	2	1	1.52	1
514	543	6591	3	3	0	4.55	1
514	544	6558	3	2	1	1.52	1
514	545	6265	3	1	2	-1.52	-1
514	546	4104	2	1	1	0.00	1
514	547	3752	2	1	1	0.00	1
514	548	2551	1	0	1	-1.52	-1
514	549	2518	1	0	1	-1.52	-1
514	550	2103	1	0	1	-1.52	-1
514	551	793	1	1	0	1.52	1
514	552	698	1	1	0	1.52	1
515	516	20069	16	13	3	15.16	1
515	517	19630	16	14	2	18.20	1
515	518	19336	16	12	4	12.13	1
515	519	15568	15	1	14	-19.71	-1
515	520	18060	13	11	2	13.65	1
515	521	14416	10	2	8	-9.10	-1
515	522	15377	10	1	9	-12.13	-1
515	523	14877	10	2	8	-9.10	-1
515	524	14741	10	9	1	12.13	1
515	525	14616	10	8	2	9.10	1
515	526	14213	10	9	1	12.13	1
515	527	12254	10	7	3	6.07	1
515	528	12827	9	3	6	-4.55	-1
515	529	12058	9	0	9	-13.65	-1
515	530	11941	9	2	7	-7.58	-1
515	531	11662	9	7	2	7.58	1
515	532	10877	9	6	3	4.55	1
515	533	9971	6	5	1	6.07	1
515	534	9630	4	0	4	-6.07	-1
515	535	9584	4	4	0	6.07	1
515	536	9126	4	4	0	6.07	1
515	537	7539	4	4	0	6.07	1
515	538	7365	3	1	2	-1.52	-1
515	539	6297	2	0	2	-3.03	-1
515	540	5813	2	0	2	-3.03	-1
515	541	4211	2	1	1	0.00	1
515	542	3095	1	0	1	-1.52	-1
515	543	2707	1	1	0	1.52	1
515	544	2674	1	0	1	-1.52	-1
515	545	2381	1	0	1	-1.52	-1
516	517	20920	17	13	4	13.65	1
516	518	19894	16	11	5	9.10	1
516	519	15568	15	4	11	-10.61	-1
516	520	22741	15	13	2	16.68	1
516	521	14416	10	2	8	-9.10	-1
516	522	15930	10	0	10	-15.16	-1
516	523	15982	11	3	8	-7.58	-1
516	524	18788	12	12	0	18.20	1
516	525	15308	10	9	1	12.13	1
516	526	19743	12	8	4	6.07	1
516	527	12254	10	9	1	12.13	1
516	528	20915	13	0	13	-19.71	-1
516	529	20146	13	4	9	-7.58	-1
516	530	17867	11	0	11	-16.68	-1
516	531	18343	12	11	1	15.16	1
516	532	18659	13	11	2	13.65	1
516	533	12223	7	7	0	10.61	1
516	534	17718	8	2	6	-6.07	-1
516	535	10578	5	4	1	4.55	1
516	536	17214	8	7	1	9.10	1
516	537	14499	7	5	2	4.55	1
516	538	13515	5	2	3	-1.52	-1
516	539	14385	6	2	4	-3.03	-1
516	540	13901	6	1	5	-6.07	-1
516	541	12299	6	5	1	6.07	1
516	542	11183	5	4	1	4.55	1
516	543	10795	5	4	1	4.55	1
516	544	10762	5	4	1	4.55	1
516	545	10469	5	4	1	4.55	1
516	546	8308	4	1	3	-3.03	-1
516	547	7956	4	1	3	-3.03	-1
516	548	6755	3	0	3	-4.55	-1
516	549	6722	3	0	3	-4.55	-1
516	550	6307	3	0	3	-4.55	-1
516	551	4997	3	0	3	-4.55	-1
516	552	4902	3	3	0	4.55	1
516	553	4497	2	1	1	0.00	1
516	554	4252	2	1	1	0.00	1
516	555	3707	2	0	2	-3.03	-1
516	556	3444	2	1	1	0.00	1
516	557	3444	2	0	2	-3.03	-1
516	558	3338	2	0	2	-3.03	-1
516	559	3117	2	0	2	-3.03	-1
516	560	2674	2	1	1	0.00	1
516	561	2561	2	0	2	-3.03	-1
516	562	2282	2	2	0	3.03	1
516	563	1397	1	0	1	-1.52	-1
517	518	19894	16	8	8	0.00	1
517	519	15568	15	1	14	-19.71	-1
517	520	19350	14	11	3	12.13	1
517	521	14416	10	1	9	-12.13	-1
517	522	15930	10	2	8	-9.10	-1
517	523	15982	11	3	8	-7.58	-1
517	524	16031	11	10	1	13.65	1
517	525	15308	10	9	1	12.13	1
517	526	15503	11	9	2	10.61	1
517	527	12254	10	9	1	12.13	1
517	528	14117	10	4	6	-3.03	-1
517	529	13348	10	0	10	-15.16	-1
517	530	13231	10	1	9	-12.13	-1
517	531	12952	10	8	2	9.10	1
517	532	12167	10	6	4	3.03	1
517	533	11261	7	7	0	10.61	1
517	534	10920	5	2	3	-1.52	-1
517	535	10578	5	4	1	4.55	1
517	536	10416	5	4	1	4.55	1
517	537	8829	5	4	1	4.55	1
517	538	8655	4	0	4	-6.07	-1
517	539	7587	3	1	2	-1.52	-1
517	540	7103	3	0	3	-4.55	-1
517	541	5501	3	1	2	-1.52	-1
517	542	4385	2	2	0	3.03	1
517	543	3997	2	1	1	0.00	1
517	544	3964	2	2	0	3.03	1
517	545	3671	2	2	0	3.03	1
517	546	1510	1	0	1	-1.52	-1
517	547	1158	1	0	1	-1.52	-1
518	519	15568	15	4	11	-10.61	-1
518	520	18618	13	8	5	4.55	1
518	521	14416	10	2	8	-9.10	-1
518	522	15930	10	4	6	-3.03	-1
518	523	15435	10	2	8	-9.10	-1
518	524	15299	10	7	3	6.07	1
518	525	15174	10	8	2	9.10	1
518	526	14771	10	8	2	9.10	1
518	527	12254	10	9	1	12.13	1
518	528	13385	9	1	8	-10.61	-1
518	529	12616	9	1	8	-10.61	-1
518	530	12499	9	1	8	-10.61	-1
518	531	12220	9	7	2	7.58	1
518	532	11435	9	7	2	7.58	1
518	533	10529	6	4	2	3.03	1
518	534	10188	4	1	3	-3.03	-1
518	535	10142	4	4	0	6.07	1
518	536	9684	4	4	0	6.07	1
518	537	8097	4	3	1	3.03	1
518	538	7923	3	0	3	-4.55	-1
518	539	6855	2	0	2	-3.03	-1
518	540	6371	2	0	2	-3.03	-1
518	541	4769	2	2	0	3.03	1
518	542	3653	1	0	1	-1.52	-1
518	543	3265	1	1	0	1.52	1
518	544	3232	1	1	0	1.52	1
518	545	2939	1	1	0	1.52	1
519	520	14985	12	2	10	-12.13	-1
519	521	13105	9	7	2	7.58	1
519	522	12302	9	5	4	1.52	1
519	523	11802	9	6	3	4.55	1
519	524	11666	9	2	7	-7.58	-1
519	525	11541	9	0	9	-13.65	-1
519	526	11138	9	1	8	-10.61	-1
519	527	10618	9	1	8	-10.61	-1
519	528	9752	8	6	2	6.07	1
519	529	8983	8	6	2	6.07	1
519	530	8866	8	7	1	9.10	1
519	531	8587	8	0	8	-12.13	-1
519	532	7802	8	2	6	-6.07	-1
519	533	6896	5	2	3	-1.52	-1
519	534	6555	3	3	0	4.55	1
519	535	6509	3	0	3	-4.55	-1
519	536	6051	3	1	2	-1.52	-1
519	537	4464	3	0	3	-4.55	-1
519	538	4290	2	0	2	-3.03	-1
519	539	3222	1	1	0	1.52	1
519	540	2738	1	1	0	1.52	1
519	541	1136	1	0	1	-1.52	-1
520	521	14416	10	2	8	-9.10	-1
520	522	15930	10	2	8	-9.10	-1
520	523	15982	11	2	9	-10.61	-1
520	524	18788	12	12	0	18.20	1
520	525	15308	10	8	2	9.10	1
520	526	18894	12	10	2	12.13	1
520	527	12254	10	8	2	9.10	1
520	528	17508	11	1	10	-13.65	-1
520	529	16739	11	1	10	-13.65	-1
520	530	16622	11	0	11	-16.68	-1
520	531	16343	11	11	0	16.68	1
520	532	15558	11	4	7	-4.55	-1
520	533	12223	7	6	1	7.58	1
520	534	14311	6	2	4	-3.03	-1
520	535	10578	5	4	1	4.55	1
520	536	13807	6	4	2	3.03	1
520	537	12220	6	5	1	6.07	1
520	538	12046	5	0	5	-7.58	-1
520	539	10978	4	0	4	-6.07	-1
520	540	10494	4	0	4	-6.07	-1
520	541	8892	4	4	0	6.07	1
520	542	7776	3	3	0	4.55	1
520	543	7388	3	3	0	4.55	1
520	544	7355	3	2	1	1.52	1
520	545	7062	3	2	1	1.52	1
520	546	4901	2	0	2	-3.03	-1
520	547	4549	2	0	2	-3.03	-1
520	548	3348	1	0	1	-1.52	-1
520	549	3315	1	0	1	-1.52	-1
520	550	2900	1	0	1	-1.52	-1
520	551	1590	1	1	0	1.52	1
520	552	1495	1	1	0	1.52	1
521	522	13613	10	8	2	9.10	1
521	523	13113	10	7	3	6.07	1
521	524	12977	10	1	9	-12.13	-1
521	525	12852	10	2	8	-9.10	-1
521	526	12449	10	1	9	-12.13	-1
521	527	11929	10	1	9	-12.13	-1
521	528	11063	9	8	1	10.61	1
521	529	10294	9	6	3	4.55	1
521	530	10177	9	8	1	10.61	1
521	531	9898	9	1	8	-10.61	-1
521	532	9113	9	2	7	-7.58	-1
521	533	8207	6	1	5	-6.07	-1
521	534	7866	4	3	1	3.03	1
521	535	7820	4	1	3	-3.03	-1
521	536	7362	4	0	4	-6.07	-1
521	537	5775	4	0	4	-6.07	-1
521	538	5601	3	2	1	1.52	1
521	539	4533	2	2	0	3.03	1
521	540	4049	2	2	0	3.03	1
521	541	2447	2	0	2	-3.03	-1
521	542	1331	1	1	0	1.52	1
521	543	943	1	0	1	-1.52	-1
521	544	910	1	0	1	-1.52	-1
521	545	617	1	0	1	-1.52	-1
522	523	15430	10	7	3	6.07	1
522	524	15294	10	2	8	-9.10	-1
522	525	15169	10	0	10	-15.16	-1
522	526	14766	10	2	8	-9.10	-1
522	527	12254	10	1	9	-12.13	-1
522	528	13380	9	6	3	4.55	1
522	529	12611	9	7	2	7.58	1
522	530	12494	9	8	1	10.61	1
522	531	12215	9	0	9	-13.65	-1
522	532	11430	9	4	5	-1.52	-1
522	533	10524	6	0	6	-9.10	-1
522	534	10183	4	3	1	3.03	1
522	535	10137	4	2	2	0.00	1
522	536	9679	4	0	4	-6.07	-1
522	537	8092	4	1	3	-3.03	-1
522	538	7918	3	3	0	4.55	1
522	539	6850	2	1	1	0.00	1
522	540	6366	2	2	0	3.03	1
522	541	4764	2	1	1	0.00	1
522	542	3648	1	0	1	-1.52	-1
522	543	3260	1	0	1	-1.52	-1
522	544	3227	1	0	1	-1.52	-1
522	545	2934	1	0	1	-1.52	-1
523	524	15846	11	1	10	-13.65	-1
523	525	15308	10	1	9	-12.13	-1
523	526	15318	11	1	10	-13.65	-1
523	527	12254	10	4	6	-3.03	-1
523	528	13932	10	9	1	12.13	1
523	529	13163	10	9	1	12.13	1
523	530	13046	10	9	1	12.13	1
523	531	12767	10	2	8	-9.10	-1
523	532	11982	10	2	8	-9.10	-1
523	533	11076	7	1	6	-7.58	-1
523	534	10735	5	5	0	7.58	1
523	535	10578	5	0	5	-7.58	-1
523	536	10231	5	2	3	-1.52	-1
523	537	8644	5	2	3	-1.52	-1
523	538	8470	4	3	1	3.03	1
523	539	7402	3	3	0	4.55	1
523	540	6918	3	2	1	1.52	1
523	541	5316	3	0	3	-4.55	-1
523	542	4200	2	0	2	-3.03	-1
523	543	3812	2	0	2	-3.03	-1
523	544	3779	2	0	2	-3.03	-1
523	545	3486	2	0	2	-3.03	-1
523	546	1325	1	1	0	1.52	1
523	547	973	1	1	0	1.52	1
524	525	15308	10	9	1	12.13	1
524	526	18260	12	8	4	6.07	1
524	527	12254	10	6	4	3.03	1
524	528	16874	11	2	9	-10.61	-1
524	529	16105	11	1	10	-13.65	-1
524	530	15988	11	1	10	-13.65	-1
524	531	15709	11	9	2	10.61	1
524	532	14924	11	10	1	13.65	1
524	533	12223	7	6	1	7.58	1
524	534	13677	6	2	4	-3.03	-1
524	535	10578	5	5	0	7.58	1
524	536	13173	6	5	1	6.07	1
524	537	11586	6	4	2	3.03	1
524	538	11412	5	0	5	-7.58	-1
524	539	10344	4	0	4	-6.07	-1
524	540	9860	4	1	3	-3.03	-1
524	541	8258	4	2	2	0.00	1
524	542	7142	3	3	0	4.55	1
524	543	6754	3	3	0	4.55	1
524	544	6721	3	3	0	4.55	1
524	545	6428	3	2	1	1.52	1
524	546	4267	2	0	2	-3.03	-1
524	547	3915	2	1	1	0.00	1
524	548	2714	1	0	1	-1.52	-1
524	549	2681	1	1	0	1.52	1
524	550	2266	1	0	1	-1.52	-1
524	551	956	1	1	0	1.52	1
524	552	861	1	1	0	1.52	1
525	526	14905	10	9	1	12.13	1
525	527	12254	10	7	3	6.07	1
525	528	13519	9	3	6	-4.55	-1
525	529	12750	9	4	5	-1.52	-1
525	530	12633	9	5	4	1.52	1
525	531	12354	9	8	1	10.61	1
525	532	11569	9	8	1	10.61	1
525	533	10663	6	4	2	3.03	1
525	534	10322	4	1	3	-3.03	-1
525	535	10276	4	3	1	3.03	1
525	536	9818	4	4	0	6.07	1
525	537	8231	4	4	0	6.07	1
525	538	8057	3	0	3	-4.55	-1
525	539	6989	2	1	1	0.00	1
525	540	6505	2	0	2	-3.03	-1
525	541	4903	2	1	1	0.00	1
525	542	3787	1	1	0	1.52	1
525	543	3399	1	0	1	-1.52	-1
525	544	3366	1	1	0	1.52	1
525	545	3073	1	1	0	1.52	1
526	527	12254	10	7	3	6.07	1
526	528	18357	11	2	9	-10.61	-1
526	529	17588	11	5	6	-1.52	-1
526	530	17471	11	1	10	-13.65	-1
526	531	17192	11	9	2	10.61	1
526	532	16407	11	9	2	10.61	1
526	533	12223	7	6	1	7.58	1
526	534	15160	6	0	6	-9.10	-1
526	535	10578	5	5	0	7.58	1
526	536	14656	6	6	0	9.10	1
526	537	13069	6	6	0	9.10	1
526	538	12895	5	1	4	-4.55	-1
526	539	11827	4	1	3	-3.03	-1
526	540	11343	4	2	2	0.00	1
526	541	9741	4	3	1	3.03	1
526	542	8625	3	2	1	1.52	1
526	543	8237	3	2	1	1.52	1
526	544	8204	3	3	0	4.55	1
526	545	7911	3	1	2	-1.52	-1
526	546	5750	2	0	2	-3.03	-1
526	547	5398	2	1	1	0.00	1
526	548	4197	1	1	0	1.52	1
526	549	4164	1	0	1	-1.52	-1
526	550	3749	1	0	1	-1.52	-1
526	551	2439	1	1	0	1.52	1
526	552	2344	1	0	1	-1.52	-1
527	528	11388	9	0	9	-13.65	-1
527	529	10619	9	2	7	-7.58	-1
527	530	10502	9	3	6	-4.55	-1
527	531	10223	9	8	1	10.61	1
527	532	9438	9	8	1	10.61	1
527	533	8532	6	6	0	9.10	1
527	534	8191	4	0	4	-6.07	-1
527	535	8145	4	4	0	6.07	1
527	536	7687	4	3	1	3.03	1
527	537	6100	4	2	2	0.00	1
527	538	5926	3	0	3	-4.55	-1
527	539	4858	2	0	2	-3.03	-1
527	540	4374	2	1	1	0.00	1
527	541	2772	2	2	0	3.03	1
527	542	1656	1	1	0	1.52	1
527	543	1268	1	0	1	-1.52	-1
527	544	1235	1	1	0	1.52	1
527	545	942	1	1	0	1.52	1
528	529	21082	14	12	2	15.16	1
528	530	17867	11	9	2	10.61	1
528	531	18343	12	3	9	-9.10	-1
528	532	18659	13	2	11	-13.65	-1
528	533	12223	7	2	5	-4.55	-1
528	534	21645	12	10	2	12.13	1
528	535	10578	5	2	3	-1.52	-1
528	536	18320	9	3	6	-4.55	-1
528	537	14499	7	1	6	-7.58	-1
528	538	13515	5	4	1	4.55	1
528	539	18312	10	9	1	12.13	1
528	540	17828	10	9	1	12.13	1
528	541	16226	10	2	8	-9.10	-1
528	542	15110	9	1	8	-10.61	-1
528	543	14722	9	2	7	-7.58	-1
528	544	14689	9	0	9	-13.65	-1
528	545	14343	9	2	7	-7.58	-1
528	546	12235	8	7	1	9.10	1
528	547	11883	8	6	2	6.07	1
528	548	10682	7	7	0	10.61	1
528	549	10649	7	5	2	4.55	1
528	550	10234	7	6	1	7.58	1
528	551	8924	7	0	7	-10.61	-1
528	552	8829	7	0	7	-10.61	-1
528	553	8424	6	0	6	-9.10	-1
528	554	8179	6	5	1	6.07	1
528	555	7634	6	4	2	3.03	1
528	556	7371	6	0	6	-9.10	-1
528	557	7371	6	0	6	-9.10	-1
528	558	7265	6	5	1	6.07	1
528	559	7044	6	5	1	6.07	1
528	560	6601	6	6	0	9.10	1
528	561	6488	6	4	2	3.03	1
528	562	6209	6	1	5	-6.07	-1
528	563	5324	5	4	1	4.55	1
528	564	4287	4	4	0	6.07	1
528	565	4232	4	3	1	3.03	1
528	566	4106	4	1	3	-3.03	-1
528	567	4081	4	1	3	-3.03	-1
528	568	1612	3	0	3	-4.55	-1
528	569	739	1	1	0	1.52	1
529	530	17867	11	11	0	16.68	1
529	531	18343	12	2	10	-12.13	-1
529	532	18659	13	4	9	-7.58	-1
529	533	12223	7	2	5	-4.55	-1
529	534	18654	9	8	1	10.61	1
529	535	10578	5	2	3	-1.52	-1
529	536	18150	9	2	7	-7.58	-1
529	537	14499	7	2	5	-4.55	-1
529	538	13515	5	4	1	4.55	1
529	539	15321	7	5	2	4.55	1
529	540	14837	7	6	1	7.58	1
529	541	13235	7	4	3	1.52	1
529	542	12119	6	0	6	-9.10	-1
529	543	11731	6	1	5	-6.07	-1
529	544	11698	6	3	3	0.00	1
529	545	11405	6	1	5	-6.07	-1
529	546	9244	5	4	1	4.55	1
529	547	8892	5	5	0	7.58	1
529	548	7691	4	4	0	6.07	1
529	549	7658	4	3	1	3.03	1
529	550	7243	4	4	0	6.07	1
529	551	5933	4	0	4	-6.07	-1
529	552	5838	4	1	3	-3.03	-1
529	553	5433	3	0	3	-4.55	-1
529	554	5188	3	0	3	-4.55	-1
529	555	4643	3	1	2	-1.52	-1
529	556	4380	3	1	2	-1.52	-1
529	557	4380	3	1	2	-1.52	-1
529	558	4274	3	2	1	1.52	1
529	559	4053	3	2	1	1.52	1
529	560	3610	3	2	1	1.52	1
529	561	3497	3	2	1	1.52	1
529	562	3218	3	1	2	-1.52	-1
529	563	2333	2	0	2	-3.03	-1
529	564	1296	1	1	0	1.52	1
529	565	1241	1	0	1	-1.52	-1
529	566	1115	1	1	0	1.52	1
529	567	1090	1	1	0	1.52	1
530	531	17588	11	2	9	-10.61	-1
530	532	16803	11	2	9	-10.61	-1
530	533	12223	7	0	7	-10.61	-1
530	534	15556	6	5	1	6.07	1
530	535	10578	5	1	4	-4.55	-1
530	536	15052	6	2	4	-3.03	-1
530	537	13465	6	1	5	-6.07	-1
530	538	13291	5	5	0	7.58	1
530	539	12223	4	4	0	6.07	1
530	540	11739	4	4	0	6.07	1
530	541	10137	4	0	4	-6.07	-1
530	542	9021	3	1	2	-1.52	-1
530	543	8633	3	1	2	-1.52	-1
530	544	8600	3	0	3	-4.55	-1
530	545	8307	3	0	3	-4.55	-1
530	546	6146	2	1	1	0.00	1
530	547	5794	2	2	0	3.03	1
530	548	4593	1	1	0	1.52	1
530	549	4560	1	1	0	1.52	1
530	550	4145	1	1	0	1.52	1
530	551	2835	1	0	1	-1.52	-1
530	552	2740	1	0	1	-1.52	-1
531	532	17558	12	11	1	15.16	1
531	533	12223	7	4	3	1.52	1
531	534	16311	7	2	5	-4.55	-1
531	535	10578	5	5	0	7.58	1
531	536	15807	7	5	2	4.55	1
531	537	14220	7	7	0	10.61	1
531	538	13515	5	2	3	-1.52	-1
531	539	12978	5	1	4	-4.55	-1
531	540	12494	5	1	4	-4.55	-1
531	541	10892	5	2	3	-1.52	-1
531	542	9776	4	3	1	3.03	1
531	543	9388	4	4	0	6.07	1
531	544	9355	4	4	0	6.07	1
531	545	9062	4	2	2	0.00	1
531	546	6901	3	1	2	-1.52	-1
531	547	6549	3	1	2	-1.52	-1
531	548	5348	2	0	2	-3.03	-1
531	549	5315	2	1	1	0.00	1
531	550	4900	2	0	2	-3.03	-1
531	551	3590	2	2	0	3.03	1
531	552	3495	2	2	0	3.03	1
531	553	3090	1	1	0	1.52	1
531	554	2845	1	0	1	-1.52	-1
531	555	2300	1	0	1	-1.52	-1
531	556	2037	1	0	1	-1.52	-1
531	557	2037	1	1	0	1.52	1
531	558	1931	1	0	1	-1.52	-1
531	559	1710	1	0	1	-1.52	-1
531	560	1267	1	0	1	-1.52	-1
531	561	1154	1	0	1	-1.52	-1
531	562	875	1	1	0	1.52	1
532	533	12223	7	7	0	10.61	1
532	534	17412	8	2	6	-6.07	-1
532	535	10578	5	4	1	4.55	1
532	536	16908	8	7	1	9.10	1
532	537	14499	7	6	1	7.58	1
532	538	13515	5	1	4	-4.55	-1
532	539	14079	6	0	6	-9.10	-1
532	540	13595	6	1	5	-6.07	-1
532	541	11993	6	3	3	0.00	1
532	542	10877	5	5	0	7.58	1
532	543	10489	5	5	0	7.58	1
532	544	10456	5	4	1	4.55	1
532	545	10163	5	3	2	1.52	1
532	546	8002	4	1	3	-3.03	-1
532	547	7650	4	0	4	-6.07	-1
532	548	6449	3	0	3	-4.55	-1
532	549	6416	3	1	2	-1.52	-1
532	550	6001	3	1	2	-1.52	-1
532	551	4691	3	2	1	1.52	1
532	552	4596	3	2	1	1.52	1
532	553	4191	2	2	0	3.03	1
532	554	3946	2	0	2	-3.03	-1
532	555	3401	2	1	1	0.00	1
532	556	3138	2	2	0	3.03	1
532	557	3138	2	2	0	3.03	1
532	558	3032	2	0	2	-3.03	-1
532	559	2811	2	1	1	0.00	1
532	560	2368	2	1	1	0.00	1
532	561	2255	2	1	1	0.00	1
532	562	1976	2	2	0	3.03	1
532	563	1091	1	1	0	1.52	1
533	534	11882	5	0	5	-7.58	-1
533	535	10578	5	5	0	7.58	1
533	536	11378	5	5	0	7.58	1
533	537	9791	5	4	1	4.55	1
533	538	9617	4	0	4	-6.07	-1
533	539	8549	3	1	2	-1.52	-1
533	540	8065	3	0	3	-4.55	-1
533	541	6463	3	3	0	4.55	1
533	542	5347	2	2	0	3.03	1
533	543	4959	2	2	0	3.03	1
533	544	4926	2	1	1	0.00	1
533	545	4633	2	1	1	0.00	1
533	546	2472	1	0	1	-1.52	-1
533	547	2120	1	1	0	1.52	1
534	535	10578	5	1	4	-4.55	-1
534	536	18320	9	2	7	-7.58	-1
534	537	14499	7	1	6	-7.58	-1
534	538	13515	5	4	1	4.55	1
534	539	19721	12	12	0	18.20	1
534	540	22462	14	14	0	21.23	1
534	541	20860	14	2	12	-15.16	-1
534	542	16608	11	2	9	-10.61	-1
534	543	15012	9	1	8	-10.61	-1
534	544	18804	13	1	12	-16.68	-1
534	545	14343	9	2	7	-7.58	-1
534	546	16869	12	11	1	15.16	1
534	547	16517	12	10	2	12.13	1
534	548	15316	11	9	2	10.61	1
534	549	13724	11	8	3	7.58	1
534	550	13526	11	11	0	16.68	1
534	551	13558	11	2	9	-10.61	-1
534	552	11709	10	1	9	-12.13	-1
534	553	13058	10	0	10	-15.16	-1
534	554	12813	10	9	1	12.13	1
534	555	12268	10	9	1	12.13	1
534	556	12005	10	2	8	-9.10	-1
534	557	12005	10	2	8	-9.10	-1
534	558	11899	10	9	1	12.13	1
534	559	11678	10	9	1	12.13	1
534	560	11235	10	7	3	6.07	1
534	561	11122	10	9	1	12.13	1
534	562	10843	10	1	9	-12.13	-1
534	563	9958	9	8	1	10.61	1
534	564	8921	8	8	0	12.13	1
534	565	8866	8	7	1	9.10	1
534	566	8740	8	1	7	-9.10	-1
534	567	8715	8	5	3	3.03	1
534	568	6246	7	3	4	-1.52	-1
534	569	5373	5	1	4	-4.55	-1
534	570	4124	4	3	1	3.03	1
534	571	4039	4	0	4	-6.07	-1
534	572	3301	2	1	1	0.00	1
534	573	2721	2	1	1	0.00	1
534	574	2192	1	0	1	-1.52	-1
534	575	2010	1	1	0	1.52	1
534	576	1984	1	0	1	-1.52	-1
535	536	10120	5	5	0	7.58	1
535	537	8533	5	5	0	7.58	1
535	538	8359	4	1	3	-3.03	-1
535	539	7291	3	1	2	-1.52	-1
535	540	6807	3	0	3	-4.55	-1
535	541	5205	3	1	2	-1.52	-1
535	542	4089	2	2	0	3.03	1
535	543	3701	2	2	0	3.03	1
535	544	3668	2	2	0	3.03	1
535	545	3375	2	2	0	3.03	1
535	546	1214	1	0	1	-1.52	-1
535	547	862	1	0	1	-1.52	-1
536	537	14499	7	5	2	4.55	1
536	538	13515	5	1	4	-4.55	-1
536	539	15491	7	0	7	-10.61	-1
536	540	15007	7	1	6	-7.58	-1
536	541	13405	7	6	1	7.58	1
536	542	12289	6	6	0	9.10	1
536	543	11901	6	4	2	3.03	1
536	544	11868	6	6	0	9.10	1
536	545	11575	6	5	1	6.07	1
536	546	9414	5	1	4	-4.55	-1
536	547	9062	5	1	4	-4.55	-1
536	548	7861	4	2	2	0.00	1
536	549	7828	4	1	3	-3.03	-1
536	550	7413	4	2	2	0.00	1
536	551	6103	4	4	0	6.07	1
536	552	6008	4	3	1	3.03	1
536	553	5603	3	2	1	1.52	1
536	554	5358	3	1	2	-1.52	-1
536	555	4813	3	0	3	-4.55	-1
536	556	4550	3	3	0	4.55	1
536	557	4550	3	2	1	1.52	1
536	558	4444	3	0	3	-4.55	-1
536	559	4223	3	2	1	1.52	1
536	560	3780	3	0	3	-4.55	-1
536	561	3667	3	0	3	-4.55	-1
536	562	3388	3	3	0	4.55	1
536	563	2503	2	1	1	0.00	1
536	564	1466	1	0	1	-1.52	-1
536	565	1411	1	0	1	-1.52	-1
536	566	1285	1	1	0	1.52	1
536	567	1260	1	1	0	1.52	1
537	538	13515	5	1	4	-4.55	-1
537	539	13257	5	0	5	-7.58	-1
537	540	12773	5	1	4	-4.55	-1
537	541	11171	5	3	2	1.52	1
537	542	10055	4	2	2	0.00	1
537	543	9667	4	3	1	3.03	1
537	544	9634	4	2	2	0.00	1
537	545	9341	4	3	1	3.03	1
537	546	7180	3	1	2	-1.52	-1
537	547	6828	3	1	2	-1.52	-1
537	548	5627	2	0	2	-3.03	-1
537	549	5594	2	1	1	0.00	1
537	550	5179	2	2	0	3.03	1
537	551	3869	2	2	0	3.03	1
537	552	3774	2	2	0	3.03	1
537	553	3369	1	1	0	1.52	1
537	554	3124	1	0	1	-1.52	-1
537	555	2579	1	0	1	-1.52	-1
537	556	2316	1	1	0	1.52	1
537	557	2316	1	1	0	1.52	1
537	558	2210	1	1	0	1.52	1
537	559	1989	1	0	1	-1.52	-1
537	560	1546	1	0	1	-1.52	-1
537	561	1433	1	0	1	-1.52	-1
537	562	1154	1	1	0	1.52	1
538	539	12447	4	3	1	3.03	1
538	540	11963	4	3	1	3.03	1
538	541	10361	4	1	3	-3.03	-1
538	542	9245	3	2	1	1.52	1
538	543	8857	3	0	3	-4.55	-1
538	544	8824	3	0	3	-4.55	-1
538	545	8531	3	0	3	-4.55	-1
538	546	6370	2	2	0	3.03	1
538	547	6018	2	2	0	3.03	1
538	548	4817	1	1	0	1.52	1
538	549	4784	1	1	0	1.52	1
538	550	4369	1	1	0	1.52	1
538	551	3059	1	0	1	-1.52	-1
538	552	2964	1	0	1	-1.52	-1
539	540	19237	12	10	2	12.13	1
539	541	17635	12	1	11	-15.16	-1
539	542	16519	11	2	9	-10.61	-1
539	543	15012	9	1	8	-10.61	-1
539	544	16098	11	2	9	-10.61	-1
539	545	14343	9	3	6	-4.55	-1
539	546	13644	10	8	2	9.10	1
539	547	13292	10	8	2	9.10	1
539	548	12091	9	8	1	10.61	1
539	549	12058	9	8	1	10.61	1
539	550	11643	9	8	1	10.61	1
539	551	10333	9	3	6	-4.55	-1
539	552	10238	9	1	8	-10.61	-1
539	553	9833	8	4	4	0.00	1
539	554	9588	8	7	1	9.10	1
539	555	9043	8	8	0	12.13	1
539	556	8780	8	1	7	-9.10	-1
539	557	8780	8	4	4	0.00	1
539	558	8674	8	7	1	9.10	1
539	559	8453	8	8	0	12.13	1
539	560	8010	8	6	2	6.07	1
539	561	7897	8	5	3	3.03	1
539	562	7618	8	1	7	-9.10	-1
539	563	6733	7	4	3	1.52	1
539	564	5696	6	4	2	3.03	1
539	565	5641	6	6	0	9.10	1
539	566	5515	6	3	3	0.00	1
539	567	5490	6	2	4	-3.03	-1
539	568	3021	5	2	3	-1.52	-1
539	569	2148	3	1	2	-1.52	-1
539	570	899	2	2	0	3.03	1
539	571	814	2	1	1	0.00	1
540	541	22183	16	3	13	-15.16	-1
540	542	16608	11	1	10	-13.65	-1
540	543	15012	9	3	6	-4.55	-1
540	544	18804	13	1	12	-16.68	-1
540	545	14343	9	2	7	-7.58	-1
540	546	19265	14	9	5	6.07	1
540	547	19334	14	12	2	15.16	1
540	548	18133	13	12	1	16.68	1
540	549	13724	11	11	0	16.68	1
540	550	13526	11	9	2	10.61	1
540	551	16205	13	1	12	-16.68	-1
540	552	11709	10	3	7	-6.07	-1
540	553	15875	12	4	8	-6.07	-1
540	554	15630	12	11	1	15.16	1
540	555	14943	12	10	2	12.13	1
540	556	14822	12	2	10	-12.13	-1
540	557	14822	12	3	9	-9.10	-1
540	558	14716	12	8	4	6.07	1
540	559	14495	12	9	3	9.10	1
540	560	13610	12	10	2	12.13	1
540	561	13939	12	10	2	12.13	1
540	562	13660	12	4	8	-6.07	-1
540	563	12775	11	9	2	10.61	1
540	564	11738	10	6	4	3.03	1
540	565	11683	10	6	4	3.03	1
540	566	11557	10	3	7	-6.07	-1
540	567	11532	10	0	10	-15.16	-1
540	568	9063	9	2	7	-7.58	-1
540	569	8190	7	2	5	-4.55	-1
540	570	6941	6	4	2	3.03	1
540	571	6856	6	0	6	-9.10	-1
540	572	6118	4	4	0	6.07	1
540	573	5538	4	2	2	0.00	1
540	574	5009	3	1	2	-1.52	-1
540	575	4827	3	2	1	1.52	1
540	576	4801	3	1	2	-1.52	-1
540	577	3994	2	2	0	3.03	1
540	578	2959	2	0	2	-3.03	-1
540	579	2720	2	2	0	3.03	1
540	580	2684	2	0	2	-3.03	-1
541	542	16608	11	11	0	16.68	1
541	543	15012	9	5	4	1.52	1
541	544	18804	13	11	2	13.65	1
541	545	14343	9	9	0	13.65	1
541	546	18192	14	5	9	-6.07	-1
541	547	17840	14	3	11	-12.13	-1
541	548	16639	13	5	8	-4.55	-1
541	549	13724	11	1	10	-13.65	-1
541	550	13526	11	1	10	-13.65	-1
541	551	14881	13	11	2	13.65	1
541	552	11709	10	10	0	15.16	1
541	553	14381	12	10	2	12.13	1
541	554	14136	12	6	6	0.00	1
541	555	13591	12	3	9	-9.10	-1
541	556	13328	12	11	1	15.16	1
541	557	13328	12	10	2	12.13	1
541	558	13222	12	1	11	-15.16	-1
541	559	13001	12	5	7	-3.03	-1
541	560	12558	12	1	11	-15.16	-1
541	561	12445	12	2	10	-12.13	-1
541	562	12166	12	10	2	12.13	1
541	563	11281	11	3	8	-7.58	-1
541	564	10244	10	1	9	-12.13	-1
541	565	10189	10	2	8	-9.10	-1
541	566	10063	10	9	1	12.13	1
541	567	10038	10	7	3	6.07	1
541	568	7569	9	6	3	4.55	1
541	569	6696	7	5	2	4.55	1
541	570	5447	6	2	4	-3.03	-1
541	571	5362	6	6	0	9.10	1
541	572	4624	4	1	3	-3.03	-1
541	573	4044	4	3	1	3.03	1
541	574	3515	3	3	0	4.55	1
541	575	3333	3	1	2	-1.52	-1
541	576	3307	3	3	0	4.55	1
541	577	2500	2	1	1	0.00	1
541	578	1465	2	2	0	3.03	1
541	579	1226	2	1	1	0.00	1
541	580	1190	2	1	1	0.00	1
542	543	15012	9	9	0	13.65	1
542	544	16187	11	8	3	7.58	1
542	545	14343	9	5	4	1.52	1
542	546	13733	10	3	7	-6.07	-1
542	547	13381	10	1	9	-12.13	-1
542	548	12180	9	2	7	-7.58	-1
542	549	12147	9	1	8	-10.61	-1
542	550	11732	9	1	8	-10.61	-1
542	551	10422	9	9	0	13.65	1
542	552	10327	9	8	1	10.61	1
542	553	9922	8	6	2	6.07	1
542	554	9677	8	2	6	-6.07	-1
542	555	9132	8	0	8	-12.13	-1
542	556	8869	8	7	1	9.10	1
542	557	8869	8	7	1	9.10	1
542	558	8763	8	2	6	-6.07	-1
542	559	8542	8	2	6	-6.07	-1
542	560	8099	8	1	7	-9.10	-1
542	561	7986	8	1	7	-9.10	-1
542	562	7707	8	7	1	9.10	1
542	563	6822	7	2	5	-4.55	-1
542	564	5785	6	2	4	-3.03	-1
542	565	5730	6	0	6	-9.10	-1
542	566	5604	6	6	0	9.10	1
542	567	5579	6	6	0	9.10	1
542	568	3110	5	5	0	7.58	1
542	569	2237	3	3	0	4.55	1
542	570	988	2	0	2	-3.03	-1
542	571	903	2	1	1	0.00	1
543	544	14979	9	8	1	10.61	1
543	545	14343	9	7	2	7.58	1
543	546	12525	8	0	8	-12.13	-1
543	547	12173	8	1	7	-9.10	-1
543	548	10972	7	3	4	-1.52	-1
543	549	10939	7	2	5	-4.55	-1
543	550	10524	7	4	3	1.52	1
543	551	9214	7	5	2	4.55	1
543	552	9119	7	7	0	10.61	1
543	553	8714	6	5	1	6.07	1
543	554	8469	6	0	6	-9.10	-1
543	555	7924	6	2	4	-3.03	-1
543	556	7661	6	5	1	6.07	1
543	557	7661	6	5	1	6.07	1
543	558	7555	6	4	2	3.03	1
543	559	7334	6	0	6	-9.10	-1
543	560	6891	6	1	5	-6.07	-1
543	561	6778	6	2	4	-3.03	-1
543	562	6499	6	6	0	9.10	1
543	563	5614	5	0	5	-7.58	-1
543	564	4577	4	0	4	-6.07	-1
543	565	4522	4	1	3	-3.03	-1
543	566	4396	4	4	0	6.07	1
543	567	4371	4	3	1	3.03	1
543	568	1902	3	2	1	1.52	1
543	569	1029	1	0	1	-1.52	-1
544	545	14343	9	8	1	10.61	1
544	546	16350	12	2	10	-12.13	-1
544	547	15998	12	0	12	-18.20	-1
544	548	14797	11	4	7	-4.55	-1
544	549	13724	11	3	8	-7.58	-1
544	550	13526	11	3	8	-7.58	-1
544	551	13039	11	11	0	16.68	1
544	552	11709	10	10	0	15.16	1
544	553	12539	10	8	2	9.10	1
544	554	12294	10	2	8	-9.10	-1
544	555	11749	10	1	9	-12.13	-1
544	556	11486	10	8	2	9.10	1
544	557	11486	10	9	1	12.13	1
544	558	11380	10	2	8	-9.10	-1
544	559	11159	10	3	7	-6.07	-1
544	560	10716	10	2	8	-9.10	-1
544	561	10603	10	2	8	-9.10	-1
544	562	10324	10	5	5	0.00	1
544	563	9439	9	2	7	-7.58	-1
544	564	8402	8	2	6	-6.07	-1
544	565	8347	8	1	7	-9.10	-1
544	566	8221	8	7	1	9.10	1
544	567	8196	8	7	1	9.10	1
544	568	5727	7	4	3	1.52	1
544	569	4854	5	5	0	7.58	1
544	570	3605	4	1	3	-3.03	-1
544	571	3520	4	4	0	6.07	1
544	572	2782	2	0	2	-3.03	-1
544	573	2202	2	2	0	3.03	1
544	574	1673	1	1	0	1.52	1
544	575	1491	1	0	1	-1.52	-1
544	576	1465	1	1	0	1.52	1
545	546	12182	8	2	6	-6.07	-1
545	547	11830	8	1	7	-9.10	-1
545	548	10629	7	3	4	-1.52	-1
545	549	10596	7	0	7	-10.61	-1
545	550	10181	7	3	4	-1.52	-1
545	551	8871	7	6	1	7.58	1
545	552	8776	7	6	1	7.58	1
545	553	8371	6	6	0	9.10	1
545	554	8126	6	1	5	-6.07	-1
545	555	7581	6	2	4	-3.03	-1
545	556	7318	6	6	0	9.10	1
545	557	7318	6	6	0	9.10	1
545	558	7212	6	0	6	-9.10	-1
545	559	6991	6	1	5	-6.07	-1
545	560	6548	6	1	5	-6.07	-1
545	561	6435	6	1	5	-6.07	-1
545	562	6156	6	6	0	9.10	1
545	563	5271	5	2	3	-1.52	-1
545	564	4234	4	2	2	0.00	1
545	565	4179	4	0	4	-6.07	-1
545	566	4053	4	3	1	3.03	1
545	567	4028	4	2	2	0.00	1
545	568	1559	3	2	1	1.52	1
545	569	686	1	1	0	1.52	1
546	547	18913	14	13	1	18.20	1
546	548	17712	13	12	1	16.68	1
546	549	13724	11	9	2	10.61	1
546	550	13526	11	10	1	13.65	1
546	551	15954	13	1	12	-16.68	-1
546	552	11709	10	1	9	-12.13	-1
546	553	15454	12	1	11	-15.16	-1
546	554	15209	12	10	2	12.13	1
546	555	14664	12	10	2	12.13	1
546	556	14401	12	1	11	-15.16	-1
546	557	14401	12	2	10	-12.13	-1
546	558	14295	12	9	3	9.10	1
546	559	14074	12	9	3	9.10	1
546	560	13610	12	12	0	18.20	1
546	561	13518	12	11	1	15.16	1
546	562	13239	12	0	12	-18.20	-1
546	563	12354	11	11	0	16.68	1
546	564	11317	10	9	1	12.13	1
546	565	11262	10	8	2	9.10	1
546	566	11136	10	1	9	-12.13	-1
546	567	11111	10	2	8	-9.10	-1
546	568	8642	9	0	9	-13.65	-1
546	569	7769	7	2	5	-4.55	-1
546	570	6520	6	4	2	3.03	1
546	571	6435	6	1	5	-6.07	-1
546	572	5697	4	2	2	0.00	1
546	573	5117	4	1	3	-3.03	-1
546	574	4588	3	2	1	1.52	1
546	575	4406	3	3	0	4.55	1
546	576	4380	3	1	2	-1.52	-1
546	577	3573	2	2	0	3.03	1
546	578	2538	2	0	2	-3.03	-1
546	579	2299	2	2	0	3.03	1
546	580	2263	2	0	2	-3.03	-1
547	548	18578	13	13	0	19.71	1
547	549	13724	11	8	3	7.58	1
547	550	13526	11	8	3	7.58	1
547	551	16205	13	2	11	-13.65	-1
547	552	11709	10	0	10	-15.16	-1
547	553	17041	12	3	9	-9.10	-1
547	554	16796	12	10	2	12.13	1
547	555	14943	12	12	0	18.20	1
547	556	15988	12	4	8	-6.07	-1
547	557	15988	12	3	9	-9.10	-1
547	558	15882	12	9	3	9.10	1
547	559	15661	12	12	0	18.20	1
547	560	13610	12	11	1	15.16	1
547	561	15105	12	10	2	12.13	1
547	562	14826	12	1	11	-15.16	-1
547	563	13941	11	9	2	10.61	1
547	564	12904	10	8	2	9.10	1
547	565	12849	10	8	2	9.10	1
547	566	12723	10	1	9	-12.13	-1
547	567	12698	10	4	6	-3.03	-1
547	568	10229	9	2	7	-7.58	-1
547	569	9356	7	1	6	-7.58	-1
547	570	8107	6	5	1	6.07	1
547	571	8022	6	0	6	-9.10	-1
547	572	7284	4	4	0	6.07	1
547	573	6704	4	0	4	-6.07	-1
547	574	6175	3	0	3	-4.55	-1
547	575	5993	3	1	2	-1.52	-1
547	576	5967	3	1	2	-1.52	-1
547	577	5160	2	2	0	3.03	1
547	578	4125	2	1	1	0.00	1
547	579	3886	2	2	0	3.03	1
547	580	3850	2	0	2	-3.03	-1
548	549	13724	11	9	2	10.61	1
548	550	13526	11	11	0	16.68	1
548	551	16205	13	3	10	-10.61	-1
548	552	11709	10	2	8	-9.10	-1
548	553	16320	12	4	8	-6.07	-1
548	554	16075	12	11	1	15.16	1
548	555	14943	12	11	1	15.16	1
548	556	15267	12	4	8	-6.07	-1
548	557	15267	12	1	11	-15.16	-1
548	558	15161	12	11	1	15.16	1
548	559	14940	12	8	4	6.07	1
548	560	13610	12	10	2	12.13	1
548	561	14384	12	10	2	12.13	1
548	562	14105	12	5	7	-3.03	-1
548	563	13220	11	10	1	13.65	1
548	564	12183	10	10	0	15.16	1
548	565	12128	10	9	1	12.13	1
548	566	12002	10	2	8	-9.10	-1
548	567	11977	10	3	7	-6.07	-1
548	568	9508	9	0	9	-13.65	-1
548	569	8635	7	1	6	-7.58	-1
548	570	7386	6	4	2	3.03	1
548	571	7301	6	1	5	-6.07	-1
548	572	6563	4	3	1	3.03	1
548	573	5983	4	1	3	-3.03	-1
548	574	5454	3	1	2	-1.52	-1
548	575	5272	3	3	0	4.55	1
548	576	5246	3	0	3	-4.55	-1
548	577	4439	2	1	1	0.00	1
548	578	3404	2	0	2	-3.03	-1
548	579	3165	2	2	0	3.03	1
548	580	3129	2	0	2	-3.03	-1
549	550	13309	11	9	2	10.61	1
549	551	11999	11	0	11	-16.68	-1
549	552	11709	10	2	8	-9.10	-1
549	553	11499	10	2	8	-9.10	-1
549	554	11254	10	7	3	6.07	1
549	555	10709	10	9	1	12.13	1
549	556	10446	10	1	9	-12.13	-1
549	557	10446	10	0	10	-15.16	-1
549	558	10340	10	10	0	15.16	1
549	559	10119	10	7	3	6.07	1
549	560	9676	10	8	2	9.10	1
549	561	9563	10	8	2	9.10	1
549	562	9284	10	1	9	-12.13	-1
549	563	8399	9	7	2	7.58	1
549	564	7362	8	7	1	9.10	1
549	565	7307	8	6	2	6.07	1
549	566	7181	8	2	6	-6.07	-1
549	567	7156	8	0	8	-12.13	-1
549	568	4687	7	1	6	-7.58	-1
549	569	3814	5	2	3	-1.52	-1
549	570	2565	4	3	1	3.03	1
549	571	2480	4	1	3	-3.03	-1
549	572	1742	2	1	1	0.00	1
549	573	1162	2	1	1	0.00	1
549	574	633	1	1	0	1.52	1
549	575	451	1	0	1	-1.52	-1
549	576	425	1	0	1	-1.52	-1
550	551	12216	11	2	9	-10.61	-1
550	552	11709	10	3	7	-6.07	-1
550	553	11716	10	2	8	-9.10	-1
550	554	11471	10	10	0	15.16	1
550	555	10926	10	9	1	12.13	1
550	556	10663	10	3	7	-6.07	-1
550	557	10663	10	2	8	-9.10	-1
550	558	10557	10	7	3	6.07	1
550	559	10336	10	8	2	9.10	1
550	560	9893	10	7	3	6.07	1
550	561	9780	10	9	1	12.13	1
550	562	9501	10	1	9	-12.13	-1
550	563	8616	9	7	2	7.58	1
550	564	7579	8	7	1	9.10	1
550	565	7524	8	7	1	9.10	1
550	566	7398	8	2	6	-6.07	-1
550	567	7373	8	1	7	-9.10	-1
550	568	4904	7	2	5	-4.55	-1
550	569	4031	5	0	5	-7.58	-1
550	570	2782	4	4	0	6.07	1
550	571	2697	4	0	4	-6.07	-1
550	572	1959	2	2	0	3.03	1
550	573	1379	2	1	1	0.00	1
550	574	850	1	0	1	-1.52	-1
550	575	668	1	0	1	-1.52	-1
550	576	642	1	0	1	-1.52	-1
551	552	11709	10	10	0	15.16	1
551	553	15705	12	12	0	18.20	1
551	554	15460	12	2	10	-12.13	-1
551	555	14915	12	5	7	-3.03	-1
551	556	14652	12	11	1	15.16	1
551	557	14652	12	12	0	18.20	1
551	558	14546	12	4	8	-6.07	-1
551	559	14325	12	1	11	-15.16	-1
551	560	13610	12	2	10	-12.13	-1
551	561	13769	12	2	10	-12.13	-1
551	562	13490	12	9	3	9.10	1
551	563	12605	11	3	8	-7.58	-1
551	564	11568	10	4	6	-3.03	-1
551	565	11513	10	4	6	-3.03	-1
551	566	11387	10	6	4	3.03	1
551	567	11362	10	8	2	9.10	1
551	568	8893	9	7	2	7.58	1
551	569	8020	7	6	1	7.58	1
551	570	6771	6	2	4	-3.03	-1
551	571	6686	6	5	1	6.07	1
551	572	5948	4	0	4	-6.07	-1
551	573	5368	4	3	1	3.03	1
551	574	4839	3	2	1	1.52	1
551	575	4657	3	2	1	1.52	1
551	576	4631	3	2	1	1.52	1
551	577	3824	2	0	2	-3.03	-1
551	578	2789	2	2	0	3.03	1
551	579	2550	2	1	1	0.00	1
551	580	2514	2	2	0	3.03	1
552	553	11304	9	9	0	13.65	1
552	554	11059	9	1	8	-10.61	-1
552	555	10514	9	1	8	-10.61	-1
552	556	10251	9	8	1	10.61	1
552	557	10251	9	8	1	10.61	1
552	558	10145	9	2	7	-7.58	-1
552	559	9924	9	0	9	-13.65	-1
552	560	9481	9	2	7	-7.58	-1
552	561	9368	9	2	7	-7.58	-1
552	562	9089	9	8	1	10.61	1
552	563	8204	8	2	6	-6.07	-1
552	564	7167	7	3	4	-1.52	-1
552	565	7112	7	1	6	-7.58	-1
552	566	6986	7	3	4	-1.52	-1
552	567	6961	7	6	1	7.58	1
552	568	4492	6	4	2	3.03	1
552	569	3619	4	4	0	6.07	1
552	570	2370	3	0	3	-4.55	-1
552	571	2285	3	3	0	4.55	1
552	572	1547	1	0	1	-1.52	-1
552	573	967	1	1	0	1.52	1
553	554	21427	16	6	10	-6.07	-1
553	555	14943	12	1	11	-15.16	-1
553	556	17847	15	14	1	19.71	1
553	557	20619	16	16	0	24.26	1
553	558	20513	16	4	12	-12.13	-1
553	559	20292	16	4	12	-12.13	-1
553	560	13610	12	2	10	-12.13	-1
553	561	17625	15	2	13	-16.68	-1
553	562	17734	15	13	2	16.68	1
553	563	16489	14	2	12	-15.16	-1
553	564	15476	13	1	12	-16.68	-1
553	565	17480	14	2	12	-15.16	-1
553	566	16605	14	11	3	12.13	1
553	567	17329	14	13	1	18.20	1
553	568	14860	13	11	2	13.65	1
553	569	13987	11	8	3	7.58	1
553	570	12738	10	2	8	-9.10	-1
553	571	12653	10	10	0	15.16	1
553	572	11915	8	2	6	-6.07	-1
553	573	11335	8	8	0	12.13	1
553	574	9902	7	6	1	7.58	1
553	575	10624	7	1	6	-7.58	-1
553	576	10598	7	6	1	7.58	1
553	577	9791	6	0	6	-9.10	-1
553	578	8756	6	5	1	6.07	1
553	579	8517	6	1	5	-6.07	-1
553	580	8481	6	3	3	0.00	1
553	581	7485	4	4	0	6.07	1
553	582	7425	4	1	3	-3.03	-1
553	583	6375	4	4	0	6.07	1
553	584	6083	4	3	1	3.03	1
553	585	5135	4	1	3	-3.03	-1
553	586	4537	3	3	0	4.55	1
553	587	1414	1	0	1	-1.52	-1
554	555	14943	12	11	1	15.16	1
554	556	17847	15	0	15	-22.75	-1
554	557	20623	16	4	12	-12.13	-1
554	558	20517	16	13	3	15.16	1
554	559	20296	16	10	6	6.07	1
554	560	13610	12	10	2	12.13	1
554	561	17625	15	13	2	16.68	1
554	562	17734	15	2	13	-16.68	-1
554	563	16489	14	12	2	15.16	1
554	564	15476	13	12	1	16.68	1
554	565	17484	14	12	2	15.16	1
554	566	16605	14	2	12	-15.16	-1
554	567	17333	14	2	12	-15.16	-1
554	568	14864	13	2	11	-13.65	-1
554	569	13991	11	0	11	-16.68	-1
554	570	12742	10	4	6	-3.03	-1
554	571	12657	10	1	9	-12.13	-1
554	572	11919	8	5	3	3.03	1
554	573	11339	8	2	6	-6.07	-1
554	574	9902	7	0	7	-10.61	-1
554	575	10628	7	7	0	10.61	1
554	576	10602	7	1	6	-7.58	-1
554	577	9795	6	6	0	9.10	1
554	578	8760	6	0	6	-9.10	-1
554	579	8521	6	4	2	3.03	1
554	580	8485	6	0	6	-9.10	-1
554	581	7489	4	0	4	-6.07	-1
554	582	7429	4	3	1	3.03	1
554	583	6379	4	3	1	3.03	1
554	584	6087	4	4	0	6.07	1
554	585	5139	4	2	2	0.00	1
554	586	4541	3	1	2	-1.52	-1
554	587	1418	1	1	0	1.52	1
555	556	14680	12	4	8	-6.07	-1
555	557	14680	12	2	10	-12.13	-1
555	558	14574	12	11	1	15.16	1
555	559	14353	12	10	2	12.13	1
555	560	13610	12	8	4	6.07	1
555	561	13797	12	10	2	12.13	1
555	562	13518	12	2	10	-12.13	-1
555	563	12633	11	9	2	10.61	1
555	564	11596	10	8	2	9.10	1
555	565	11541	10	8	2	9.10	1
555	566	11415	10	2	8	-9.10	-1
555	567	11390	10	1	9	-12.13	-1
555	568	8921	9	1	8	-10.61	-1
555	569	8048	7	1	6	-7.58	-1
555	570	6799	6	5	1	6.07	1
555	571	6714	6	2	4	-3.03	-1
555	572	5976	4	3	1	3.03	1
555	573	5396	4	0	4	-6.07	-1
555	574	4867	3	1	2	-1.52	-1
555	575	4685	3	2	1	1.52	1
555	576	4659	3	2	1	1.52	1
555	577	3852	2	1	1	0.00	1
555	578	2817	2	0	2	-3.03	-1
555	579	2578	2	2	0	3.03	1
555	580	2542	2	0	2	-3.03	-1
556	557	17847	15	14	1	19.71	1
556	558	17741	15	2	13	-16.68	-1
556	559	17520	15	0	15	-22.75	-1
556	560	13610	12	2	10	-12.13	-1
556	561	16964	15	2	13	-16.68	-1
556	562	16685	15	13	2	16.68	1
556	563	15800	14	3	11	-12.13	-1
556	564	14763	13	2	11	-13.65	-1
556	565	14708	13	3	10	-10.61	-1
556	566	14582	13	11	2	13.65	1
556	567	14557	13	12	1	16.68	1
556	568	12088	12	11	1	15.16	1
556	569	11215	10	10	0	15.16	1
556	570	9966	9	1	8	-10.61	-1
556	571	9881	9	7	2	7.58	1
556	572	9143	7	1	6	-7.58	-1
556	573	8563	7	6	1	7.58	1
556	574	8034	6	4	2	3.03	1
556	575	7852	6	1	5	-6.07	-1
556	576	7826	6	6	0	9.10	1
556	577	7019	5	0	5	-7.58	-1
556	578	5984	5	3	2	1.52	1
556	579	5745	5	0	5	-7.58	-1
556	580	5709	5	4	1	4.55	1
556	581	4713	3	3	0	4.55	1
556	582	4653	3	0	3	-4.55	-1
556	583	3603	3	3	0	4.55	1
556	584	3311	3	0	3	-4.55	-1
556	585	2363	3	0	3	-4.55	-1
556	586	1765	2	2	0	3.03	1
557	558	20747	18	3	15	-18.20	-1
557	559	20526	18	6	12	-9.10	-1
557	560	13610	12	1	11	-15.16	-1
557	561	17625	15	0	15	-22.75	-1
557	562	17734	15	12	3	13.65	1
557	563	16489	14	3	11	-12.13	-1
557	564	15476	13	2	11	-13.65	-1
557	565	17714	16	3	13	-15.16	-1
557	566	16605	14	8	6	3.03	1
557	567	17563	16	14	2	18.20	1
557	568	15094	15	14	1	19.71	1
557	569	14221	13	13	0	19.71	1
557	570	12972	12	4	8	-6.07	-1
557	571	12887	12	10	2	12.13	1
557	572	12149	10	2	8	-9.10	-1
557	573	11569	10	9	1	12.13	1
557	574	9902	7	4	3	1.52	1
557	575	10858	9	3	6	-4.55	-1
557	576	10832	9	7	2	7.58	1
557	577	10025	8	1	7	-9.10	-1
557	578	8990	8	5	3	3.03	1
557	579	8751	8	1	7	-9.10	-1
557	580	8715	8	7	1	9.10	1
557	581	7719	6	3	3	0.00	1
557	582	7659	6	0	6	-9.10	-1
557	583	6609	6	6	0	9.10	1
557	584	6317	6	2	4	-3.03	-1
557	585	5369	6	2	4	-3.03	-1
557	586	4771	5	5	0	7.58	1
557	587	1648	3	2	1	1.52	1
557	588	879	2	1	1	0.00	1
557	589	554	2	2	0	3.03	1
557	590	437	2	2	0	3.03	1
557	591	274	2	2	0	3.03	1
558	559	25539	20	14	6	12.13	1
558	560	13610	12	11	1	15.16	1
558	561	17625	15	9	6	4.55	1
558	562	17734	15	4	11	-10.61	-1
558	563	16489	14	13	1	18.20	1
558	564	15476	13	11	2	13.65	1
558	565	18439	17	15	2	19.71	1
558	566	16605	14	4	10	-9.10	-1
558	567	25689	20	6	14	-12.13	-1
558	568	19915	17	3	14	-16.68	-1
558	569	22774	17	5	12	-10.61	-1
558	570	15313	14	11	3	12.13	1
558	571	23432	16	1	15	-21.23	-1
558	572	16137	12	10	2	12.13	1
558	573	20163	14	2	12	-15.16	-1
558	574	9902	7	3	4	-1.52	-1
558	575	14267	11	8	3	7.58	1
558	576	12793	10	2	8	-9.10	-1
558	577	20570	12	10	2	12.13	1
558	578	12946	10	1	9	-12.13	-1
558	579	11989	10	9	1	12.13	1
558	580	15375	12	3	9	-9.10	-1
558	581	17876	10	5	5	0.00	1
558	582	13644	10	9	1	12.13	1
558	583	17073	10	3	7	-6.07	-1
558	584	15325	10	9	1	12.13	1
558	585	15914	10	8	2	9.10	1
558	586	15316	9	1	8	-10.61	-1
558	587	12193	7	4	3	1.52	1
558	588	11424	6	5	1	6.07	1
558	589	11099	6	1	5	-6.07	-1
558	590	10982	6	1	5	-6.07	-1
558	591	10819	6	1	5	-6.07	-1
558	592	10433	4	4	0	6.07	1
558	593	10308	4	3	1	3.03	1
558	594	10270	4	2	2	0.00	1
558	595	10108	4	2	2	0.00	1
558	596	6892	2	2	0	3.03	1
558	597	6589	2	2	0	3.03	1
558	598	6500	2	0	2	-3.03	-1
559	560	13610	12	11	1	15.16	1
559	561	17625	15	13	2	16.68	1
559	562	17734	15	3	12	-13.65	-1
559	563	16489	14	12	2	15.16	1
559	564	15476	13	9	4	7.58	1
559	565	18439	17	15	2	19.71	1
559	566	16605	14	1	13	-18.20	-1
559	567	22576	18	3	15	-18.20	-1
559	568	19915	17	5	12	-10.61	-1
559	569	19234	15	4	11	-10.61	-1
559	570	15313	14	9	5	6.07	1
559	571	17900	14	2	12	-15.16	-1
559	572	16137	12	11	1	15.16	1
559	573	16582	12	4	8	-6.07	-1
559	574	9902	7	0	7	-10.61	-1
559	575	14267	11	9	2	10.61	1
559	576	12793	10	1	9	-12.13	-1
559	577	15038	10	8	2	9.10	1
559	578	12946	10	3	7	-6.07	-1
559	579	11989	10	8	2	9.10	1
559	580	13728	10	4	6	-3.03	-1
559	581	12732	8	1	7	-9.10	-1
559	582	12672	8	7	1	9.10	1
559	583	11622	8	0	8	-12.13	-1
559	584	11330	8	8	0	12.13	1
559	585	10382	8	7	1	9.10	1
559	586	9784	7	0	7	-10.61	-1
559	587	6661	5	5	0	7.58	1
559	588	5892	4	4	0	6.07	1
559	589	5567	4	0	4	-6.07	-1
559	590	5450	4	0	4	-6.07	-1
559	591	5287	4	1	3	-3.03	-1
559	592	4901	2	2	0	3.03	1
559	593	4776	2	2	0	3.03	1
559	594	4738	2	0	2	-3.03	-1
559	595	4576	2	0	2	-3.03	-1
560	561	13497	12	9	3	9.10	1
560	562	13218	12	3	9	-9.10	-1
560	563	12333	11	11	0	16.68	1
560	564	11296	10	9	1	12.13	1
560	565	11241	10	8	2	9.10	1
560	566	11115	10	3	7	-6.07	-1
560	567	11090	10	4	6	-3.03	-1
560	568	8621	9	3	6	-4.55	-1
560	569	7748	7	1	6	-7.58	-1
560	570	6499	6	5	1	6.07	1
560	571	6414	6	1	5	-6.07	-1
560	572	5676	4	3	1	3.03	1
560	573	5096	4	0	4	-6.07	-1
560	574	4567	3	1	2	-1.52	-1
560	575	4385	3	3	0	4.55	1
560	576	4359	3	0	3	-4.55	-1
560	577	3552	2	2	0	3.03	1
560	578	2517	2	1	1	0.00	1
560	579	2278	2	1	1	0.00	1
560	580	2242	2	1	1	0.00	1
561	562	17346	15	6	9	-4.55	-1
561	563	16461	14	13	1	18.20	1
561	564	15424	13	10	3	10.61	1
561	565	15369	13	12	1	16.68	1
561	566	15243	13	2	11	-13.65	-1
561	567	15218	13	3	10	-10.61	-1
561	568	12749	12	1	11	-15.16	-1
561	569	11876	10	1	9	-12.13	-1
561	570	10627	9	6	3	4.55	1
561	571	10542	9	1	8	-10.61	-1
561	572	9804	7	7	0	10.61	1
561	573	9224	7	1	6	-7.58	-1
561	574	8695	6	3	3	0.00	1
561	575	8513	6	5	1	6.07	1
561	576	8487	6	1	5	-6.07	-1
561	577	7680	5	5	0	7.58	1
561	578	6645	5	1	4	-4.55	-1
561	579	6406	5	5	0	7.58	1
561	580	6370	5	0	5	-7.58	-1
561	581	5374	3	1	2	-1.52	-1
561	582	5314	3	3	0	4.55	1
561	583	4264	3	0	3	-4.55	-1
561	584	3972	3	3	0	4.55	1
561	585	3024	3	3	0	4.55	1
561	586	2426	2	0	2	-3.03	-1
562	563	16489	14	5	9	-6.07	-1
562	564	15476	13	2	11	-13.65	-1
562	565	15757	13	2	11	-13.65	-1
562	566	15631	13	12	1	16.68	1
562	567	15606	13	10	3	10.61	1
562	568	13137	12	10	2	12.13	1
562	569	12264	10	9	1	12.13	1
562	570	11015	9	1	8	-10.61	-1
562	571	10930	9	6	3	4.55	1
562	572	10192	7	3	4	-1.52	-1
562	573	9612	7	2	5	-4.55	-1
562	574	9083	6	4	2	3.03	1
562	575	8901	6	2	4	-3.03	-1
562	576	8875	6	6	0	9.10	1
562	577	8068	5	0	5	-7.58	-1
562	578	7033	5	4	1	4.55	1
562	579	6794	5	3	2	1.52	1
562	580	6758	5	4	1	4.55	1
562	581	5762	3	3	0	4.55	1
562	582	5702	3	2	1	1.52	1
562	583	4652	3	3	0	4.55	1
562	584	4360	3	1	2	-1.52	-1
562	585	3412	3	3	0	4.55	1
562	586	2814	2	1	1	0.00	1
563	564	15452	13	8	5	4.55	1
563	565	15397	13	11	2	13.65	1
563	566	15271	13	2	11	-13.65	-1
563	567	15246	13	2	11	-13.65	-1
563	568	12777	12	0	12	-18.20	-1
563	569	11904	10	2	8	-9.10	-1
563	570	10655	9	8	1	10.61	1
563	571	10570	9	1	8	-10.61	-1
563	572	9832	7	6	1	7.58	1
563	573	9252	7	1	6	-7.58	-1
563	574	8723	6	2	4	-3.03	-1
563	575	8541	6	5	1	6.07	1
563	576	8515	6	0	6	-9.10	-1
563	577	7708	5	2	3	-1.52	-1
563	578	6673	5	3	2	1.52	1
563	579	6434	5	2	3	-1.52	-1
563	580	6398	5	0	5	-7.58	-1
563	581	5402	3	2	1	1.52	1
563	582	5342	3	1	2	-1.52	-1
563	583	4292	3	0	3	-4.55	-1
563	584	4000	3	3	0	4.55	1
563	585	3052	3	2	1	1.52	1
563	586	2454	2	0	2	-3.03	-1
564	565	15421	13	9	4	7.58	1
564	566	15295	13	2	11	-13.65	-1
564	567	15270	13	3	10	-10.61	-1
564	568	12801	12	2	10	-12.13	-1
564	569	11928	10	3	7	-6.07	-1
564	570	10679	9	8	1	10.61	1
564	571	10594	9	1	8	-10.61	-1
564	572	9856	7	6	1	7.58	1
564	573	9276	7	2	5	-4.55	-1
564	574	8747	6	0	6	-9.10	-1
564	575	8565	6	5	1	6.07	1
564	576	8539	6	2	4	-3.03	-1
564	577	7732	5	5	0	7.58	1
564	578	6697	5	1	4	-4.55	-1
564	579	6458	5	5	0	7.58	1
564	580	6422	5	0	5	-7.58	-1
564	581	5426	3	1	2	-1.52	-1
564	582	5366	3	1	2	-1.52	-1
564	583	4316	3	0	3	-4.55	-1
564	584	4024	3	2	1	1.52	1
564	585	3076	3	2	1	1.52	1
564	586	2478	2	0	2	-3.03	-1
565	566	16605	14	0	14	-21.23	-1
565	567	18288	17	2	15	-19.71	-1
565	568	15819	16	3	13	-15.16	-1
565	569	14946	14	4	10	-9.10	-1
565	570	13697	13	12	1	16.68	1
565	571	13612	13	2	11	-13.65	-1
565	572	12874	11	9	2	10.61	1
565	573	12294	11	4	7	-4.55	-1
565	574	9902	7	0	7	-10.61	-1
565	575	11583	10	9	1	12.13	1
565	576	11557	10	1	9	-12.13	-1
565	577	10750	9	7	2	7.58	1
565	578	9715	9	2	7	-7.58	-1
565	579	9476	9	7	2	7.58	1
565	580	9440	9	2	7	-7.58	-1
565	581	8444	7	0	7	-10.61	-1
565	582	8384	7	5	2	4.55	1
565	583	7334	7	3	4	-1.52	-1
565	584	7042	7	7	0	10.61	1
565	585	6094	7	6	1	7.58	1
565	586	5496	6	2	4	-3.03	-1
565	587	2373	4	4	0	6.07	1
565	588	1604	3	3	0	4.55	1
565	589	1279	3	0	3	-4.55	-1
565	590	1162	3	0	3	-4.55	-1
565	591	999	3	0	3	-4.55	-1
565	592	613	1	1	0	1.52	1
565	593	488	1	1	0	1.52	1
565	594	450	1	0	1	-1.52	-1
565	595	288	1	0	1	-1.52	-1
566	567	16580	14	12	2	15.16	1
566	568	14111	13	12	1	16.68	1
566	569	13238	11	10	1	13.65	1
566	570	11989	10	3	7	-6.07	-1
566	571	11904	10	9	1	12.13	1
566	572	11166	8	3	5	-3.03	-1
566	573	10586	8	6	2	6.07	1
566	574	9902	7	5	2	4.55	1
566	575	9875	7	2	5	-4.55	-1
566	576	9849	7	5	2	4.55	1
566	577	9042	6	2	4	-3.03	-1
566	578	8007	6	5	1	6.07	1
566	579	7768	6	2	4	-3.03	-1
566	580	7732	6	5	1	6.07	1
566	581	6736	4	3	1	3.03	1
566	582	6676	4	0	4	-6.07	-1
566	583	5626	4	3	1	3.03	1
566	584	5334	4	1	3	-3.03	-1
566	585	4386	4	0	4	-6.07	-1
566	586	3788	3	3	0	4.55	1
566	587	665	1	1	0	1.52	1
567	568	19915	17	12	5	10.61	1
567	569	22347	17	11	6	7.58	1
567	570	15313	14	2	12	-15.16	-1
567	571	21013	16	13	3	15.16	1
567	572	16137	12	1	11	-15.16	-1
567	573	19695	14	12	2	15.16	1
567	574	9902	7	7	0	10.61	1
567	575	14267	11	3	8	-7.58	-1
567	576	12793	10	8	2	9.10	1
567	577	18151	12	5	7	-3.03	-1
567	578	12946	10	8	2	9.10	1
567	579	11989	10	3	7	-6.07	-1
567	580	15375	12	11	1	15.16	1
567	581	15845	10	9	1	12.13	1
567	582	13644	10	3	7	-6.07	-1
567	583	14735	10	9	1	12.13	1
567	584	14443	10	3	7	-6.07	-1
567	585	13495	10	2	8	-9.10	-1
567	586	12897	9	8	1	10.61	1
567	587	9774	7	0	7	-10.61	-1
567	588	9005	6	2	4	-3.03	-1
567	589	8680	6	4	2	3.03	1
567	590	8563	6	6	0	9.10	1
567	591	8400	6	5	1	6.07	1
567	592	8014	4	0	4	-6.07	-1
567	593	7889	4	0	4	-6.07	-1
567	594	7851	4	3	1	3.03	1
567	595	7689	4	4	0	6.07	1
567	596	4473	2	1	1	0.00	1
567	597	4170	2	0	2	-3.03	-1
567	598	4081	2	2	0	3.03	1
568	569	19042	15	10	5	7.58	1
568	570	15313	14	3	11	-12.13	-1
568	571	17708	14	12	2	15.16	1
568	572	16137	12	2	10	-12.13	-1
568	573	16390	12	7	5	3.03	1
568	574	9902	7	7	0	10.61	1
568	575	14267	11	2	9	-10.61	-1
568	576	12793	10	10	0	15.16	1
568	577	14846	10	4	6	-3.03	-1
568	578	12946	10	7	3	6.07	1
568	579	11989	10	0	10	-15.16	-1
568	580	13536	10	9	1	12.13	1
568	581	12540	8	7	1	9.10	1
568	582	12480	8	0	8	-12.13	-1
568	583	11430	8	6	2	6.07	1
568	584	11138	8	0	8	-12.13	-1
568	585	10190	8	1	7	-9.10	-1
568	586	9592	7	6	1	7.58	1
568	587	6469	5	2	3	-1.52	-1
568	588	5700	4	0	4	-6.07	-1
568	589	5375	4	3	1	3.03	1
568	590	5258	4	4	0	6.07	1
568	591	5095	4	4	0	6.07	1
568	592	4709	2	0	2	-3.03	-1
568	593	4584	2	1	1	0.00	1
568	594	4546	2	2	0	3.03	1
568	595	4384	2	1	1	0.00	1
569	570	15313	14	1	13	-18.20	-1
569	571	21440	16	14	2	18.20	1
569	572	16137	12	1	11	-15.16	-1
569	573	20122	14	7	7	0.00	1
569	574	9902	7	6	1	7.58	1
569	575	14267	11	1	10	-13.65	-1
569	576	12793	10	10	0	15.16	1
569	577	18578	12	2	10	-12.13	-1
569	578	12946	10	5	5	0.00	1
569	579	11989	10	1	9	-12.13	-1
569	580	15375	12	8	4	6.07	1
569	581	16272	10	8	2	9.10	1
569	582	13644	10	3	7	-6.07	-1
569	583	15162	10	10	0	15.16	1
569	584	14870	10	3	7	-6.07	-1
569	585	13922	10	0	10	-15.16	-1
569	586	13324	9	8	1	10.61	1
569	587	10201	7	1	6	-7.58	-1
569	588	9432	6	2	4	-3.03	-1
569	589	9107	6	5	1	6.07	1
569	590	8990	6	5	1	6.07	1
569	591	8827	6	5	1	6.07	1
569	592	8441	4	0	4	-6.07	-1
569	593	8316	4	1	3	-3.03	-1
569	594	8278	4	3	1	3.03	1
569	595	8116	4	3	1	3.03	1
569	596	4900	2	0	2	-3.03	-1
569	597	4597	2	0	2	-3.03	-1
569	598	4508	2	2	0	3.03	1
570	571	15228	14	2	12	-15.16	-1
570	572	14490	12	8	4	6.07	1
570	573	13910	12	5	7	-3.03	-1
570	574	9902	7	2	5	-4.55	-1
570	575	13199	11	11	0	16.68	1
570	576	12793	10	1	9	-12.13	-1
570	577	12366	10	8	2	9.10	1
570	578	11331	10	1	9	-12.13	-1
570	579	11092	10	7	3	6.07	1
570	580	11056	10	2	8	-9.10	-1
570	581	10060	8	0	8	-12.13	-1
570	582	10000	8	6	2	6.07	1
570	583	8950	8	2	6	-6.07	-1
570	584	8658	8	7	1	9.10	1
570	585	7710	8	8	0	12.13	1
570	586	7112	7	1	6	-7.58	-1
570	587	3989	5	5	0	7.58	1
570	588	3220	4	3	1	3.03	1
570	589	2895	4	0	4	-6.07	-1
570	590	2778	4	0	4	-6.07	-1
570	591	2615	4	0	4	-6.07	-1
570	592	2229	2	2	0	3.03	1
570	593	2104	2	2	0	3.03	1
570	594	2066	2	1	1	0.00	1
570	595	1904	2	0	2	-3.03	-1
571	572	16137	12	2	10	-12.13	-1
571	573	20163	14	10	4	9.10	1
571	574	9902	7	7	0	10.61	1
571	575	14267	11	2	9	-10.61	-1
571	576	12793	10	6	4	3.03	1
571	577	22468	14	3	11	-12.13	-1
571	578	12946	10	7	3	6.07	1
571	579	11989	10	2	8	-9.10	-1
571	580	15375	12	7	5	3.03	1
571	581	17876	10	7	3	6.07	1
571	582	13644	10	1	9	-12.13	-1
571	583	17073	10	8	2	9.10	1
571	584	15325	10	2	8	-9.10	-1
571	585	19886	12	3	9	-9.10	-1
571	586	19288	11	10	1	13.65	1
571	587	15453	9	2	7	-7.58	-1
571	588	15396	8	1	7	-9.10	-1
571	589	15071	8	7	1	9.10	1
571	590	14954	8	7	1	9.10	1
571	591	14791	8	6	2	6.07	1
571	592	13705	6	1	5	-6.07	-1
571	593	14280	6	1	5	-6.07	-1
571	594	10885	5	2	3	-1.52	-1
571	595	14080	6	4	2	3.03	1
571	596	10864	4	1	3	-3.03	-1
571	597	10561	4	2	2	0.00	1
571	598	10472	4	4	0	6.07	1
571	599	8827	2	2	0	3.03	1
571	600	8083	2	0	2	-3.03	-1
571	601	7031	2	2	0	3.03	1
571	602	6825	2	2	0	3.03	1
571	603	6240	2	0	2	-3.03	-1
571	604	4869	2	2	0	3.03	1
571	605	4064	2	0	2	-3.03	-1
571	606	3619	1	1	0	1.52	1
571	607	3342	1	0	1	-1.52	-1
572	573	15557	12	1	11	-15.16	-1
572	574	9902	7	2	5	-4.55	-1
572	575	14267	11	9	2	10.61	1
572	576	12793	10	2	8	-9.10	-1
572	577	14013	10	9	1	12.13	1
572	578	12946	10	0	10	-15.16	-1
572	579	11989	10	8	2	9.10	1
572	580	12703	10	2	8	-9.10	-1
572	581	11707	8	2	6	-6.07	-1
572	582	11647	8	8	0	12.13	1
572	583	10597	8	2	6	-6.07	-1
572	584	10305	8	8	0	12.13	1
572	585	9357	8	6	2	6.07	1
572	586	8759	7	1	6	-7.58	-1
572	587	5636	5	1	4	-4.55	-1
572	588	4867	4	4	0	6.07	1
572	589	4542	4	1	3	-3.03	-1
572	590	4425	4	1	3	-3.03	-1
572	591	4262	4	1	3	-3.03	-1
572	592	3876	2	1	1	0.00	1
572	593	3751	2	2	0	3.03	1
572	594	3713	2	0	2	-3.03	-1
572	595	3551	2	0	2	-3.03	-1
573	574	9902	7	5	2	4.55	1
573	575	14267	11	3	8	-7.58	-1
573	576	12793	10	8	2	9.10	1
573	577	18619	12	3	9	-9.10	-1
573	578	12946	10	8	2	9.10	1
573	579	11989	10	1	9	-12.13	-1
573	580	15375	12	10	2	12.13	1
573	581	16313	10	9	1	12.13	1
573	582	13644	10	3	7	-6.07	-1
573	583	15203	10	6	4	3.03	1
573	584	14911	10	1	9	-12.13	-1
573	585	13963	10	1	9	-12.13	-1
573	586	13365	9	8	1	10.61	1
573	587	10242	7	2	5	-4.55	-1
573	588	9473	6	0	6	-9.10	-1
573	589	9148	6	4	2	3.03	1
573	590	9031	6	5	1	6.07	1
573	591	8868	6	6	0	9.10	1
573	592	8482	4	1	3	-3.03	-1
573	593	8357	4	0	4	-6.07	-1
573	594	8319	4	4	0	6.07	1
573	595	8157	4	3	1	3.03	1
573	596	4941	2	1	1	0.00	1
573	597	4638	2	0	2	-3.03	-1
573	598	4549	2	2	0	3.03	1
574	575	9720	7	2	5	-4.55	-1
574	576	9694	7	6	1	7.58	1
574	577	8887	6	1	5	-6.07	-1
574	578	7852	6	3	3	0.00	1
574	579	7613	6	3	3	0.00	1
574	580	7577	6	6	0	9.10	1
574	581	6581	4	3	1	3.03	1
574	582	6521	4	2	2	0.00	1
574	583	5471	4	3	1	3.03	1
574	584	5179	4	1	3	-3.03	-1
574	585	4231	4	2	2	0.00	1
574	586	3633	3	3	0	4.55	1
574	587	510	1	0	1	-1.52	-1
575	576	12793	10	2	8	-9.10	-1
575	577	13434	10	9	1	12.13	1
575	578	12399	10	0	10	-15.16	-1
575	579	11989	10	7	3	6.07	1
575	580	12124	10	1	9	-12.13	-1
575	581	11128	8	1	7	-9.10	-1
575	582	11068	8	8	0	12.13	1
575	583	10018	8	2	6	-6.07	-1
575	584	9726	8	7	1	9.10	1
575	585	8778	8	5	3	3.03	1
575	586	8180	7	0	7	-10.61	-1
575	587	5057	5	5	0	7.58	1
575	588	4288	4	4	0	6.07	1
575	589	3963	4	1	3	-3.03	-1
575	590	3846	4	3	1	3.03	1
575	591	3683	4	1	3	-3.03	-1
575	592	3297	2	2	0	3.03	1
575	593	3172	2	2	0	3.03	1
575	594	3134	2	0	2	-3.03	-1
575	595	2972	2	1	1	0.00	1
576	577	11986	9	1	8	-10.61	-1
576	578	10951	9	9	0	13.65	1
576	579	10712	9	2	7	-7.58	-1
576	580	10676	9	7	2	7.58	1
576	581	9680	7	7	0	10.61	1
576	582	9620	7	2	5	-4.55	-1
576	583	8570	7	6	1	7.58	1
576	584	8278	7	1	6	-7.58	-1
576	585	7330	7	0	7	-10.61	-1
576	586	6732	6	4	2	3.03	1
576	587	3609	4	0	4	-6.07	-1
576	588	2840	3	0	3	-4.55	-1
576	589	2515	3	3	0	4.55	1
576	590	2398	3	2	1	1.52	1
576	591	2235	3	3	0	4.55	1
576	592	1849	1	0	1	-1.52	-1
576	593	1724	1	0	1	-1.52	-1
576	594	1686	1	1	0	1.52	1
576	595	1524	1	0	1	-1.52	-1
577	578	12946	10	0	10	-15.16	-1
577	579	11989	10	8	2	9.10	1
577	580	15375	12	3	9	-9.10	-1
577	581	17876	10	1	9	-12.13	-1
577	582	13644	10	10	0	15.16	1
577	583	17073	10	1	9	-12.13	-1
577	584	15325	10	10	0	15.16	1
577	585	17812	12	11	1	15.16	1
577	586	17214	11	3	8	-7.58	-1
577	587	14091	9	6	3	4.55	1
577	588	13322	8	7	1	9.10	1
577	589	12997	8	2	6	-6.07	-1
577	590	12880	8	1	7	-9.10	-1
577	591	12717	8	1	7	-9.10	-1
577	592	12331	6	6	0	9.10	1
577	593	12206	6	5	1	6.07	1
577	594	10885	5	2	3	-1.52	-1
577	595	12006	6	2	4	-3.03	-1
577	596	8790	4	2	2	0.00	1
577	597	8487	4	4	0	6.07	1
577	598	8398	4	0	4	-6.07	-1
577	599	6753	2	1	1	0.00	1
577	600	6009	2	2	0	3.03	1
577	601	4957	2	1	1	0.00	1
577	602	4751	2	0	2	-3.03	-1
577	603	4166	2	1	1	0.00	1
577	604	2795	2	0	2	-3.03	-1
577	605	1990	2	2	0	3.03	1
577	606	1545	1	0	1	-1.52	-1
577	607	1268	1	1	0	1.52	1
578	579	11989	10	0	10	-15.16	-1
578	580	12671	10	8	2	9.10	1
578	581	11675	8	7	1	9.10	1
578	582	11615	8	3	5	-3.03	-1
578	583	10565	8	7	1	9.10	1
578	584	10273	8	3	5	-3.03	-1
578	585	9325	8	1	7	-9.10	-1
578	586	8727	7	6	1	7.58	1
578	587	5604	5	0	5	-7.58	-1
578	588	4835	4	3	1	3.03	1
578	589	4510	4	2	2	0.00	1
578	590	4393	4	3	1	3.03	1
578	591	4230	4	4	0	6.07	1
578	592	3844	2	0	2	-3.03	-1
578	593	3719	2	2	0	3.03	1
578	594	3681	2	1	1	0.00	1
578	595	3519	2	2	0	3.03	1
579	580	11953	10	1	9	-12.13	-1
579	581	10957	8	0	8	-12.13	-1
579	582	10897	8	7	1	9.10	1
579	583	9847	8	2	6	-6.07	-1
579	584	9555	8	6	2	6.07	1
579	585	8607	8	7	1	9.10	1
579	586	8009	7	1	6	-7.58	-1
579	587	4886	5	3	2	1.52	1
579	588	4117	4	4	0	6.07	1
579	589	3792	4	1	3	-3.03	-1
579	590	3675	4	0	4	-6.07	-1
579	591	3512	4	2	2	0.00	1
579	592	3126	2	2	0	3.03	1
579	593	3001	2	2	0	3.03	1
579	594	2963	2	1	1	0.00	1
579	595	2801	2	0	2	-3.03	-1
580	581	14379	10	9	1	12.13	1
580	582	13644	10	2	8	-9.10	-1
580	583	13269	10	8	2	9.10	1
580	584	12977	10	0	10	-15.16	-1
580	585	12029	10	1	9	-12.13	-1
580	586	11431	9	5	4	1.52	1
580	587	8308	7	3	4	-1.52	-1
580	588	7539	6	0	6	-9.10	-1
580	589	7214	6	5	1	6.07	1
580	590	7097	6	6	0	9.10	1
580	591	6934	6	6	0	9.10	1
580	592	6548	4	1	3	-3.03	-1
580	593	6423	4	0	4	-6.07	-1
580	594	6385	4	3	1	3.03	1
580	595	6223	4	3	1	3.03	1
580	596	3007	2	1	1	0.00	1
580	597	2704	2	1	1	0.00	1
580	598	2615	2	2	0	3.03	1
581	582	13644	10	2	8	-9.10	-1
581	583	16766	10	9	1	12.13	1
581	584	15325	10	1	9	-12.13	-1
581	585	15526	10	3	7	-6.07	-1
581	586	14928	9	8	1	10.61	1
581	587	11805	7	1	6	-7.58	-1
581	588	11036	6	1	5	-6.07	-1
581	589	10711	6	5	1	6.07	1
581	590	10594	6	6	0	9.10	1
581	591	10431	6	5	1	6.07	1
581	592	10045	4	2	2	0.00	1
581	593	9920	4	0	4	-6.07	-1
581	594	9882	4	3	1	3.03	1
581	595	9720	4	4	0	6.07	1
581	596	6504	2	0	2	-3.03	-1
581	597	6201	2	0	2	-3.03	-1
581	598	6112	2	1	1	0.00	1
582	583	12594	10	3	7	-6.07	-1
582	584	12302	10	6	4	3.03	1
582	585	11354	10	8	2	9.10	1
582	586	10756	9	1	8	-10.61	-1
582	587	7633	7	4	3	1.52	1
582	588	6864	6	6	0	9.10	1
582	589	6539	6	0	6	-9.10	-1
582	590	6422	6	2	4	-3.03	-1
582	591	6259	6	1	5	-6.07	-1
582	592	5873	4	4	0	6.07	1
582	593	5748	4	3	1	3.03	1
582	594	5710	4	0	4	-6.07	-1
582	595	5548	4	2	2	0.00	1
582	596	2332	2	1	1	0.00	1
582	597	2029	2	2	0	3.03	1
582	598	1940	2	0	2	-3.03	-1
583	584	15325	10	1	9	-12.13	-1
583	585	15833	10	0	10	-15.16	-1
583	586	15235	9	8	1	10.61	1
583	587	12112	7	2	5	-4.55	-1
583	588	11343	6	0	6	-9.10	-1
583	589	11018	6	4	2	3.03	1
583	590	10901	6	5	1	6.07	1
583	591	10738	6	6	0	9.10	1
583	592	10352	4	2	2	0.00	1
583	593	10227	4	1	3	-3.03	-1
583	594	10189	4	3	1	3.03	1
583	595	10027	4	2	2	0.00	1
583	596	6811	2	0	2	-3.03	-1
583	597	6508	2	0	2	-3.03	-1
583	598	6419	2	1	1	0.00	1
584	585	14377	10	8	2	9.10	1
584	586	13779	9	2	7	-7.58	-1
584	587	10656	7	6	1	7.58	1
584	588	9887	6	2	4	-3.03	-1
584	589	9562	6	2	4	-3.03	-1
584	590	9445	6	3	3	0.00	1
584	591	9282	6	2	4	-3.03	-1
584	592	8896	4	4	0	6.07	1
584	593	8771	4	2	2	0.00	1
584	594	8733	4	0	4	-6.07	-1
584	595	8571	4	0	4	-6.07	-1
584	596	5355	2	1	1	0.00	1
584	597	5052	2	2	0	3.03	1
584	598	4963	2	0	2	-3.03	-1
585	586	19450	11	4	7	-4.55	-1
585	587	15453	9	7	2	7.58	1
585	588	15563	8	6	2	6.07	1
585	589	16361	8	1	7	-9.10	-1
585	590	16244	8	1	7	-9.10	-1
585	591	15623	8	1	7	-9.10	-1
585	592	13705	6	6	0	9.10	1
585	593	15570	6	6	0	9.10	1
585	594	10885	5	1	4	-4.55	-1
585	595	15370	6	1	5	-6.07	-1
585	596	12154	4	2	2	0.00	1
585	597	11851	4	4	0	6.07	1
585	598	11762	4	2	2	0.00	1
585	599	10117	2	1	1	0.00	1
585	600	9373	2	2	0	3.03	1
585	601	8321	2	1	1	0.00	1
585	602	8115	2	0	2	-3.03	-1
585	603	7530	2	2	0	3.03	1
585	604	6159	2	1	1	0.00	1
585	605	5354	2	0	2	-3.03	-1
585	606	4909	1	0	1	-1.52	-1
585	607	4632	1	1	0	1.52	1
586	587	15453	9	0	9	-13.65	-1
586	588	15558	8	1	7	-9.10	-1
586	589	15233	8	6	2	6.07	1
586	590	15116	8	7	1	9.10	1
586	591	14953	8	6	2	6.07	1
586	592	13705	6	1	5	-6.07	-1
586	593	14442	6	1	5	-6.07	-1
586	594	10885	5	4	1	4.55	1
586	595	14242	6	5	1	6.07	1
586	596	11026	4	0	4	-6.07	-1
586	597	10723	4	1	3	-3.03	-1
586	598	10634	4	4	0	6.07	1
586	599	8989	2	1	1	0.00	1
586	600	8245	2	0	2	-3.03	-1
586	601	7193	2	1	1	0.00	1
586	602	6987	2	2	0	3.03	1
586	603	6402	2	0	2	-3.03	-1
586	604	5031	2	2	0	3.03	1
586	605	4226	2	1	1	0.00	1
586	606	3781	1	0	1	-1.52	-1
586	607	3504	1	0	1	-1.52	-1
587	588	14684	8	7	1	9.10	1
587	589	14359	8	1	7	-9.10	-1
587	590	14242	8	0	8	-12.13	-1
587	591	14079	8	3	5	-3.03	-1
587	592	13693	6	5	1	6.07	1
587	593	13568	6	5	1	6.07	1
587	594	10885	5	0	5	-7.58	-1
587	595	13368	6	1	5	-6.07	-1
587	596	10152	4	3	1	3.03	1
587	597	9849	4	3	1	3.03	1
587	598	9760	4	0	4	-6.07	-1
587	599	8115	2	0	2	-3.03	-1
587	600	7371	2	2	0	3.03	1
587	601	6319	2	2	0	3.03	1
587	602	6113	2	0	2	-3.03	-1
587	603	5528	2	1	1	0.00	1
587	604	4157	2	0	2	-3.03	-1
587	605	3352	2	2	0	3.03	1
587	606	2907	1	0	1	-1.52	-1
587	607	2630	1	1	0	1.52	1
588	589	15238	8	0	8	-12.13	-1
588	590	15121	8	2	6	-6.07	-1
588	591	14958	8	1	7	-9.10	-1
588	592	13705	6	5	1	6.07	1
588	593	14447	6	5	1	6.07	1
588	594	10885	5	0	5	-7.58	-1
588	595	14247	6	1	5	-6.07	-1
588	596	11031	4	3	1	3.03	1
588	597	10728	4	4	0	6.07	1
588	598	10639	4	0	4	-6.07	-1
588	599	8994	2	0	2	-3.03	-1
588	600	8250	2	2	0	3.03	1
588	601	7198	2	0	2	-3.03	-1
588	602	6992	2	2	0	3.03	1
588	603	6407	2	1	1	0.00	1
588	604	5036	2	0	2	-3.03	-1
588	605	4231	2	1	1	0.00	1
588	606	3786	1	0	1	-1.52	-1
588	607	3509	1	1	0	1.52	1
589	590	17720	9	8	1	10.61	1
589	591	15623	8	8	0	12.13	1
589	592	13705	6	2	4	-3.03	-1
589	593	19103	8	1	7	-9.10	-1
589	594	10885	5	4	1	4.55	1
589	595	17482	8	8	0	12.13	1
589	596	15687	6	3	3	0.00	1
589	597	15384	6	1	5	-6.07	-1
589	598	15295	6	6	0	9.10	1
589	599	13650	4	2	2	0.00	1
589	600	12906	4	1	3	-3.03	-1
589	601	11854	4	3	1	3.03	1
589	602	9981	4	3	1	3.03	1
589	603	11063	4	1	3	-3.03	-1
589	604	9692	4	3	1	3.03	1
589	605	8887	4	1	3	-3.03	-1
589	606	8442	3	3	0	4.55	1
589	607	8165	3	1	2	-1.52	-1
589	608	7574	2	1	1	0.00	1
589	609	7419	2	2	0	3.03	1
589	610	7206	2	2	0	3.03	1
589	611	6980	2	2	0	3.03	1
589	612	5729	2	0	2	-3.03	-1
589	613	5290	2	2	0	3.03	1
589	614	4173	2	0	2	-3.03	-1
589	615	3715	2	2	0	3.03	1
589	616	3211	1	1	0	1.52	1
589	617	2671	1	1	0	1.52	1
590	591	15623	8	7	1	9.10	1
590	592	13705	6	0	6	-9.10	-1
590	593	17046	7	5	2	4.55	1
590	594	10885	5	5	0	7.58	1
590	595	16846	7	7	0	10.61	1
590	596	13630	5	1	4	-4.55	-1
590	597	13327	5	0	5	-7.58	-1
590	598	13238	5	4	1	4.55	1
590	599	11593	3	2	1	1.52	1
590	600	10849	3	1	2	-1.52	-1
590	601	9797	3	3	0	4.55	1
590	602	9591	3	3	0	4.55	1
590	603	9006	3	1	2	-1.52	-1
590	604	7635	3	3	0	4.55	1
590	605	6830	3	1	2	-1.52	-1
590	606	6385	2	2	0	3.03	1
590	607	6108	2	1	1	0.00	1
590	608	5517	1	1	0	1.52	1
590	609	5362	1	1	0	1.52	1
590	610	5149	1	1	0	1.52	1
590	611	4923	1	0	1	-1.52	-1
590	612	3672	1	1	0	1.52	1
590	613	3233	1	1	0	1.52	1
590	614	2116	1	0	1	-1.52	-1
590	615	1658	1	1	0	1.52	1
591	592	13705	6	1	5	-6.07	-1
591	593	15112	6	1	5	-6.07	-1
591	594	10885	5	5	0	7.58	1
591	595	14912	6	6	0	9.10	1
591	596	11696	4	0	4	-6.07	-1
591	597	11393	4	0	4	-6.07	-1
591	598	11304	4	4	0	6.07	1
591	599	9659	2	2	0	3.03	1
591	600	8915	2	1	1	0.00	1
591	601	7863	2	2	0	3.03	1
591	602	7657	2	1	1	0.00	1
591	603	7072	2	0	2	-3.03	-1
591	604	5701	2	1	1	0.00	1
591	605	4896	2	1	1	0.00	1
591	606	4451	1	1	0	1.52	1
591	607	4174	1	0	1	-1.52	-1
592	593	13580	6	5	1	6.07	1
592	594	10885	5	0	5	-7.58	-1
592	595	13380	6	1	5	-6.07	-1
592	596	10164	4	2	2	0.00	1
592	597	9861	4	4	0	6.07	1
592	598	9772	4	0	4	-6.07	-1
592	599	8127	2	0	2	-3.03	-1
592	600	7383	2	2	0	3.03	1
592	601	6331	2	0	2	-3.03	-1
592	602	6125	2	0	2	-3.03	-1
592	603	5540	2	1	1	0.00	1
592	604	4169	2	0	2	-3.03	-1
592	605	3364	2	2	0	3.03	1
592	606	2919	1	0	1	-1.52	-1
592	607	2642	1	1	0	1.52	1
593	594	10885	5	1	4	-4.55	-1
593	595	17482	8	0	8	-12.13	-1
593	596	16334	7	7	0	10.61	1
593	597	16031	7	6	1	7.58	1
593	598	15942	7	1	6	-7.58	-1
593	599	14297	5	3	2	1.52	1
593	600	13553	5	4	1	4.55	1
593	601	12501	5	2	3	-1.52	-1
593	602	9981	4	2	2	0.00	1
593	603	11710	5	5	0	7.58	1
593	604	10339	5	1	4	-4.55	-1
593	605	9534	5	3	2	1.52	1
593	606	9089	4	1	3	-3.03	-1
593	607	8812	4	3	1	3.03	1
593	608	8221	3	1	2	-1.52	-1
593	609	8066	3	0	3	-4.55	-1
593	610	7853	3	0	3	-4.55	-1
593	611	7627	3	1	2	-1.52	-1
593	612	6376	3	3	0	4.55	1
593	613	5937	3	1	2	-1.52	-1
593	614	4820	3	2	1	1.52	1
593	615	4362	3	0	3	-4.55	-1
593	616	3858	2	0	2	-3.03	-1
593	617	3318	2	0	2	-3.03	-1
593	618	2491	1	0	1	-1.52	-1
593	619	2478	1	0	1	-1.52	-1
593	620	2381	1	0	1	-1.52	-1
593	621	2203	1	1	0	1.52	1
593	622	1752	1	0	1	-1.52	-1
593	623	549	1	1	0	1.52	1
594	595	10723	5	3	2	1.52	1
594	596	7507	3	1	2	-1.52	-1
594	597	7204	3	0	3	-4.55	-1
594	598	7115	3	3	0	4.55	1
594	599	5470	1	1	0	1.52	1
594	600	4726	1	0	1	-1.52	-1
594	601	3674	1	1	0	1.52	1
594	602	3468	1	0	1	-1.52	-1
594	603	2883	1	0	1	-1.52	-1
594	604	1512	1	1	0	1.52	1
594	605	707	1	0	1	-1.52	-1
595	596	14266	6	1	5	-6.07	-1
595	597	13963	6	0	6	-9.10	-1
595	598	13874	6	4	2	3.03	1
595	599	12229	4	2	2	0.00	1
595	600	11485	4	2	2	0.00	1
595	601	10433	4	4	0	6.07	1
595	602	9981	4	4	0	6.07	1
595	603	9642	4	0	4	-6.07	-1
595	604	8271	4	1	3	-3.03	-1
595	605	7466	4	0	4	-6.07	-1
595	606	7021	3	2	1	1.52	1
595	607	6744	3	0	3	-4.55	-1
595	608	6153	2	1	1	0.00	1
595	609	5998	2	2	0	3.03	1
595	610	5785	2	2	0	3.03	1
595	611	5559	2	2	0	3.03	1
595	612	4308	2	0	2	-3.03	-1
595	613	3869	2	1	1	0.00	1
595	614	2752	2	1	1	0.00	1
595	615	2294	2	0	2	-3.03	-1
595	616	1790	1	1	0	1.52	1
595	617	1250	1	1	0	1.52	1
596	597	17948	8	4	4	0.00	1
596	598	17859	8	1	7	-9.10	-1
596	599	16214	6	2	4	-3.03	-1
596	600	14226	5	3	2	1.52	1
596	601	14418	6	0	6	-9.10	-1
596	602	9981	4	1	3	-3.03	-1
596	603	13627	6	3	3	0.00	1
596	604	12256	6	2	4	-3.03	-1
596	605	11451	6	4	2	3.03	1
596	606	11006	5	1	4	-4.55	-1
596	607	10729	5	5	0	7.58	1
596	608	10138	4	0	4	-6.07	-1
596	609	9983	4	1	3	-3.03	-1
596	610	9770	4	0	4	-6.07	-1
596	611	9544	4	1	3	-3.03	-1
596	612	8293	4	2	2	0.00	1
596	613	7854	4	0	4	-6.07	-1
596	614	6737	4	3	1	3.03	1
596	615	6279	4	1	3	-3.03	-1
596	616	5775	3	0	3	-4.55	-1
596	617	5235	3	1	2	-1.52	-1
596	618	4408	2	1	1	0.00	1
596	619	4395	2	1	1	0.00	1
596	620	4298	2	0	2	-3.03	-1
596	621	4120	2	2	0	3.03	1
596	622	3669	2	2	0	3.03	1
596	623	2466	2	2	0	3.03	1
596	624	1844	1	1	0	1.52	1
596	625	1632	1	0	1	-1.52	-1
596	626	1538	1	0	1	-1.52	-1
597	598	19425	10	1	9	-12.13	-1
597	599	17780	8	2	6	-6.07	-1
597	600	14226	5	5	0	7.58	1
597	601	15984	8	4	4	0.00	1
597	602	9981	4	1	3	-3.03	-1
597	603	15193	8	7	1	9.10	1
597	604	13103	8	0	8	-12.13	-1
597	605	13017	8	7	1	9.10	1
597	606	12572	7	0	7	-10.61	-1
597	607	12295	7	6	1	7.58	1
597	608	11704	6	0	6	-9.10	-1
597	609	11549	6	1	5	-6.07	-1
597	610	11336	6	2	4	-3.03	-1
597	611	11110	6	0	6	-9.10	-1
597	612	9859	6	6	0	9.10	1
597	613	9420	6	1	5	-6.07	-1
597	614	8303	6	4	2	3.03	1
597	615	7845	6	2	4	-3.03	-1
597	616	7341	5	0	5	-7.58	-1
597	617	6801	5	3	2	1.52	1
597	618	5974	4	3	1	3.03	1
597	619	5961	4	2	2	0.00	1
597	620	5864	4	0	4	-6.07	-1
597	621	5686	4	4	0	6.07	1
597	622	5235	4	3	1	3.03	1
597	623	4032	4	3	1	3.03	1
597	624	3410	3	2	1	1.52	1
597	625	3198	3	0	3	-4.55	-1
597	626	3104	3	1	2	-1.52	-1
597	627	1428	2	2	0	3.03	1
598	599	19100	9	8	1	10.61	1
598	600	14226	5	1	4	-4.55	-1
598	601	18364	10	7	3	6.07	1
598	602	9981	4	3	1	3.03	1
598	603	20652	11	2	9	-10.61	-1
598	604	13103	8	6	2	6.07	1
598	605	17090	10	1	9	-12.13	-1
598	606	19658	11	9	2	10.61	1
598	607	14733	9	0	9	-13.65	-1
598	608	17058	9	8	1	10.61	1
598	609	13650	7	6	1	7.58	1
598	610	13212	7	6	1	7.58	1
598	611	15136	8	8	0	12.13	1
598	612	17247	10	1	9	-12.13	-1
598	613	15286	9	5	4	1.52	1
598	614	15691	10	3	7	-6.07	-1
598	615	15233	10	9	1	12.13	1
598	616	14729	9	9	0	13.65	1
598	617	14189	9	8	1	10.61	1
598	618	13362	8	1	7	-9.10	-1
598	619	13349	8	7	1	9.10	1
598	620	13252	8	6	2	6.07	1
598	621	13074	8	1	7	-9.10	-1
598	622	12623	8	2	6	-6.07	-1
598	623	11420	8	0	8	-12.13	-1
598	624	10798	7	5	2	4.55	1
598	625	10586	7	6	1	7.58	1
598	626	10492	7	6	1	7.58	1
598	627	8816	6	6	0	9.10	1
598	628	7324	4	0	4	-6.07	-1
598	629	6376	3	3	0	4.55	1
598	630	5615	3	1	2	-1.52	-1
598	631	4358	2	1	1	0.00	1
598	632	3888	2	1	1	0.00	1
598	633	3760	2	2	0	3.03	1
598	634	3069	2	2	0	3.03	1
598	635	1729	1	0	1	-1.52	-1
598	636	873	1	0	1	-1.52	-1
599	600	14226	5	2	3	-1.52	-1
599	601	17304	9	7	2	7.58	1
599	602	9981	4	4	0	6.07	1
599	603	16513	9	1	8	-10.61	-1
599	604	13103	8	7	1	9.10	1
599	605	14337	9	3	6	-4.55	-1
599	606	13892	8	7	1	9.10	1
599	607	13615	8	0	8	-12.13	-1
599	608	13024	7	7	0	10.61	1
599	609	12869	7	6	1	7.58	1
599	610	12656	7	4	3	1.52	1
599	611	12430	7	5	2	4.55	1
599	612	11179	7	2	5	-4.55	-1
599	613	10740	7	7	0	10.61	1
599	614	9623	7	2	5	-4.55	-1
599	615	9165	7	6	1	7.58	1
599	616	8661	6	5	1	6.07	1
599	617	8121	6	5	1	6.07	1
599	618	7294	5	1	4	-4.55	-1
599	619	7281	5	5	0	7.58	1
599	620	7184	5	2	3	-1.52	-1
599	621	7006	5	0	5	-7.58	-1
599	622	6555	5	1	4	-4.55	-1
599	623	5352	5	2	3	-1.52	-1
599	624	4730	4	3	1	3.03	1
599	625	4518	4	3	1	3.03	1
599	626	4424	4	1	3	-3.03	-1
599	627	2748	3	2	1	1.52	1
599	628	1256	1	0	1	-1.52	-1
600	601	13174	5	1	4	-4.55	-1
600	602	9981	4	0	4	-6.07	-1
600	603	12383	5	4	1	4.55	1
600	604	11012	5	1	4	-4.55	-1
600	605	10207	5	3	2	1.52	1
600	606	9762	4	0	4	-6.07	-1
600	607	9485	4	3	1	3.03	1
600	608	8894	3	0	3	-4.55	-1
600	609	8739	3	1	2	-1.52	-1
600	610	8526	3	0	3	-4.55	-1
600	611	8300	3	0	3	-4.55	-1
600	612	7049	3	3	0	4.55	1
600	613	6610	3	1	2	-1.52	-1
600	614	5493	3	2	1	1.52	1
600	615	5035	3	1	2	-1.52	-1
600	616	4531	2	1	1	0.00	1
600	617	3991	2	0	2	-3.03	-1
600	618	3164	1	1	0	1.52	1
600	619	3151	1	0	1	-1.52	-1
600	620	3054	1	0	1	-1.52	-1
600	621	2876	1	1	0	1.52	1
600	622	2425	1	1	0	1.52	1
600	623	1222	1	1	0	1.52	1
601	602	9981	4	4	0	6.07	1
601	603	17573	10	0	10	-15.16	-1
601	604	13103	8	5	3	3.03	1
601	605	15397	10	3	7	-6.07	-1
601	606	14952	9	8	1	10.61	1
601	607	14675	9	1	8	-10.61	-1
601	608	14084	8	7	1	9.10	1
601	609	13650	7	4	3	1.52	1
601	610	13212	7	5	2	4.55	1
601	611	13490	8	6	2	6.07	1
601	612	12239	8	4	4	0.00	1
601	613	11800	8	6	2	6.07	1
601	614	10683	8	3	5	-3.03	-1
601	615	10225	8	7	1	9.10	1
601	616	9721	7	6	1	7.58	1
601	617	9181	7	6	1	7.58	1
601	618	8354	6	1	5	-6.07	-1
601	619	8341	6	5	1	6.07	1
601	620	8244	6	6	0	9.10	1
601	621	8066	6	1	5	-6.07	-1
601	622	7615	6	1	5	-6.07	-1
601	623	6412	6	1	5	-6.07	-1
601	624	5790	5	3	2	1.52	1
601	625	5578	5	3	2	1.52	1
601	626	5484	5	4	1	4.55	1
601	627	3808	4	4	0	6.07	1
601	628	2316	2	0	2	-3.03	-1
601	629	1368	1	1	0	1.52	1
601	630	607	1	0	1	-1.52	-1
602	603	9396	4	0	4	-6.07	-1
602	604	8025	4	2	2	0.00	1
602	605	7220	4	2	2	0.00	1
602	606	6775	3	2	1	1.52	1
602	607	6498	3	0	3	-4.55	-1
602	608	5907	2	1	1	0.00	1
602	609	5752	2	1	1	0.00	1
602	610	5539	2	2	0	3.03	1
602	611	5313	2	2	0	3.03	1
602	612	4062	2	0	2	-3.03	-1
602	613	3623	2	1	1	0.00	1
602	614	2506	2	0	2	-3.03	-1
602	615	2048	2	1	1	0.00	1
602	616	1544	1	1	0	1.52	1
602	617	1004	1	1	0	1.52	1
603	604	13103	8	1	7	-9.10	-1
603	605	17090	10	10	0	15.16	1
603	606	18031	10	1	9	-12.13	-1
603	607	14733	9	5	4	1.52	1
603	608	17058	9	2	7	-7.58	-1
603	609	13650	7	1	6	-7.58	-1
603	610	13212	7	0	7	-10.61	-1
603	611	15136	8	4	4	0.00	1
603	612	15318	9	8	1	10.61	1
603	613	14879	9	2	7	-7.58	-1
603	614	13762	9	8	1	10.61	1
603	615	13304	9	0	9	-13.65	-1
603	616	12800	8	1	7	-9.10	-1
603	617	12260	8	1	7	-9.10	-1
603	618	11433	7	5	2	4.55	1
603	619	11420	7	1	6	-7.58	-1
603	620	11323	7	3	4	-1.52	-1
603	621	11145	7	5	2	4.55	1
603	622	10694	7	6	1	7.58	1
603	623	9491	7	5	2	4.55	1
603	624	8869	6	1	5	-6.07	-1
603	625	8657	6	1	5	-6.07	-1
603	626	8563	6	0	6	-9.10	-1
603	627	6887	5	1	4	-4.55	-1
603	628	5395	3	2	1	1.52	1
603	629	4447	2	0	2	-3.03	-1
603	630	3686	2	1	1	0.00	1
603	631	2429	1	0	1	-1.52	-1
603	632	1959	1	0	1	-1.52	-1
603	633	1831	1	0	1	-1.52	-1
603	634	1140	1	0	1	-1.52	-1
604	605	12298	8	3	5	-3.03	-1
604	606	11853	7	3	4	-1.52	-1
604	607	11576	7	1	6	-7.58	-1
604	608	10985	6	5	1	6.07	1
604	609	10830	6	4	2	3.03	1
604	610	10617	6	5	1	6.07	1
604	611	10391	6	6	0	9.10	1
604	612	9140	6	2	4	-3.03	-1
604	613	8701	6	4	2	3.03	1
604	614	7584	6	2	4	-3.03	-1
604	615	7126	6	6	0	9.10	1
604	616	6622	5	5	0	7.58	1
604	617	6082	5	5	0	7.58	1
604	618	5255	4	0	4	-6.07	-1
604	619	5242	4	4	0	6.07	1
604	620	5145	4	3	1	3.03	1
604	621	4967	4	2	2	0.00	1
604	622	4516	4	0	4	-6.07	-1
604	623	3313	4	0	4	-6.07	-1
604	624	2691	3	3	0	4.55	1
604	625	2479	3	3	0	4.55	1
604	626	2385	3	2	1	1.52	1
604	627	709	2	1	1	0.00	1
605	606	16645	9	0	9	-13.65	-1
605	607	14733	9	6	3	4.55	1
605	608	15777	8	2	6	-6.07	-1
605	609	13650	7	1	6	-7.58	-1
605	610	13212	7	1	6	-7.58	-1
605	611	15136	8	1	7	-9.10	-1
605	612	13932	8	5	3	3.03	1
605	613	13493	8	2	6	-6.07	-1
605	614	12376	8	5	3	3.03	1
605	615	11918	8	4	4	0.00	1
605	616	11414	7	0	7	-10.61	-1
605	617	10874	7	2	5	-4.55	-1
605	618	10047	6	6	0	9.10	1
605	619	10034	6	1	5	-6.07	-1
605	620	9937	6	0	6	-9.10	-1
605	621	9759	6	5	1	6.07	1
605	622	9308	6	5	1	6.07	1
605	623	8105	6	5	1	6.07	1
605	624	7483	5	1	4	-4.55	-1
605	625	7271	5	1	4	-4.55	-1
605	626	7177	5	3	2	1.52	1
605	627	5501	4	2	2	0.00	1
605	628	4009	2	1	1	0.00	1
605	629	3061	1	1	0	1.52	1
605	630	2300	1	1	0	1.52	1
606	607	14733	9	2	7	-7.58	-1
606	608	17058	9	7	2	7.58	1
606	609	13650	7	5	2	4.55	1
606	610	13212	7	6	1	7.58	1
606	611	15136	8	7	1	9.10	1
606	612	16945	10	0	10	-15.16	-1
606	613	15286	9	8	1	10.61	1
606	614	15389	10	1	9	-12.13	-1
606	615	14931	10	10	0	15.16	1
606	616	14427	9	8	1	10.61	1
606	617	13887	9	5	4	1.52	1
606	618	13060	8	1	7	-9.10	-1
606	619	13047	8	6	2	6.07	1
606	620	12950	8	6	2	6.07	1
606	621	12772	8	2	6	-6.07	-1
606	622	12321	8	1	7	-9.10	-1
606	623	11118	8	2	6	-6.07	-1
606	624	10496	7	5	2	4.55	1
606	625	10284	7	7	0	10.61	1
606	626	10190	7	6	1	7.58	1
606	627	8514	6	6	0	9.10	1
606	628	7022	4	1	3	-3.03	-1
606	629	6074	3	2	1	1.52	1
606	630	5313	3	1	2	-1.52	-1
606	631	4056	2	2	0	3.03	1
606	632	3586	2	2	0	3.03	1
606	633	3458	2	1	1	0.00	1
606	634	2767	2	2	0	3.03	1
606	635	1427	1	0	1	-1.52	-1
606	636	571	1	1	0	1.52	1
607	608	14142	8	4	4	0.00	1
607	609	13650	7	0	7	-10.61	-1
607	610	13212	7	2	5	-4.55	-1
607	611	13548	8	0	8	-12.13	-1
607	612	12297	8	7	1	9.10	1
607	613	11858	8	2	6	-6.07	-1
607	614	10741	8	6	2	6.07	1
607	615	10283	8	0	8	-12.13	-1
607	616	9779	7	1	6	-7.58	-1
607	617	9239	7	0	7	-10.61	-1
607	618	8412	6	5	1	6.07	1
607	619	8399	6	1	5	-6.07	-1
607	620	8302	6	0	6	-9.10	-1
607	621	8124	6	6	0	9.10	1
607	622	7673	6	4	2	3.03	1
607	623	6470	6	5	1	6.07	1
607	624	5848	5	0	5	-7.58	-1
607	625	5636	5	0	5	-7.58	-1
607	626	5542	5	2	3	-1.52	-1
607	627	3866	4	2	2	0.00	1
607	628	2374	2	2	0	3.03	1
607	629	1426	1	0	1	-1.52	-1
607	630	665	1	1	0	1.52	1
608	609	13650	7	5	2	4.55	1
608	610	13212	7	5	2	4.55	1
608	611	15136	8	5	3	3.03	1
608	612	15213	9	0	9	-13.65	-1
608	613	14774	9	8	1	10.61	1
608	614	13657	9	1	8	-10.61	-1
608	615	13199	9	9	0	13.65	1
608	616	12695	8	6	2	6.07	1
608	617	12155	8	6	2	6.07	1
608	618	11328	7	1	6	-7.58	-1
608	619	11315	7	5	2	4.55	1
608	620	11218	7	5	2	4.55	1
608	621	11040	7	0	7	-10.61	-1
608	622	10589	7	0	7	-10.61	-1
608	623	9386	7	0	7	-10.61	-1
608	624	8764	6	4	2	3.03	1
608	625	8552	6	6	0	9.10	1
608	626	8458	6	5	1	6.07	1
608	627	6782	5	3	2	1.52	1
608	628	5290	3	0	3	-4.55	-1
608	629	4342	2	2	0	3.03	1
608	630	3581	2	0	2	-3.03	-1
608	631	2324	1	1	0	1.52	1
608	632	1854	1	1	0	1.52	1
608	633	1726	1	0	1	-1.52	-1
608	634	1035	1	1	0	1.52	1
609	610	13212	7	5	2	4.55	1
609	611	13211	7	6	1	7.58	1
609	612	11960	7	1	6	-7.58	-1
609	613	11521	7	6	1	7.58	1
609	614	10404	7	3	4	-1.52	-1
609	615	9946	7	5	2	4.55	1
609	616	9442	6	5	1	6.07	1
609	617	8902	6	6	0	9.10	1
609	618	8075	5	3	2	1.52	1
609	619	8062	5	4	1	4.55	1
609	620	7965	5	4	1	4.55	1
609	621	7787	5	0	5	-7.58	-1
609	622	7336	5	1	4	-4.55	-1
609	623	6133	5	0	5	-7.58	-1
609	624	5511	4	3	1	3.03	1
609	625	5299	4	4	0	6.07	1
609	626	5205	4	3	1	3.03	1
609	627	3529	3	2	1	1.52	1
609	628	2037	1	0	1	-1.52	-1
610	611	12986	7	6	1	7.58	1
610	612	11735	7	0	7	-10.61	-1
610	613	11296	7	6	1	7.58	1
610	614	10179	7	0	7	-10.61	-1
610	615	9721	7	5	2	4.55	1
610	616	9217	6	3	3	0.00	1
610	617	8677	6	6	0	9.10	1
610	618	7850	5	2	3	-1.52	-1
610	619	7837	5	5	0	7.58	1
610	620	7740	5	3	2	1.52	1
610	621	7562	5	1	4	-4.55	-1
610	622	7111	5	3	2	1.52	1
610	623	5908	5	1	4	-4.55	-1
610	624	5286	4	3	1	3.03	1
610	625	5074	4	3	1	3.03	1
610	626	4980	4	2	2	0.00	1
610	627	3304	3	3	0	4.55	1
610	628	1812	1	0	1	-1.52	-1
611	612	13885	8	2	6	-6.07	-1
611	613	13446	8	6	2	6.07	1
611	614	12329	8	3	5	-3.03	-1
611	615	11871	8	7	1	9.10	1
611	616	11367	7	7	0	10.61	1
611	617	10827	7	5	2	4.55	1
611	618	10000	6	0	6	-9.10	-1
611	619	9987	6	6	0	9.10	1
611	620	9890	6	4	2	3.03	1
611	621	9712	6	2	4	-3.03	-1
611	622	9261	6	1	5	-6.07	-1
611	623	8058	6	1	5	-6.07	-1
611	624	7436	5	5	0	7.58	1
611	625	7224	5	3	2	1.52	1
611	626	7130	5	3	2	1.52	1
611	627	5454	4	2	2	0.00	1
611	628	3962	2	0	2	-3.03	-1
611	629	3014	1	1	0	1.52	1
611	630	2253	1	0	1	-1.52	-1
612	613	15286	9	3	6	-4.55	-1
612	614	18619	11	10	1	13.65	1
612	615	18161	11	1	10	-13.65	-1
612	616	17657	10	1	9	-12.13	-1
612	617	15939	10	1	9	-12.13	-1
612	618	16290	9	6	3	4.55	1
612	619	16277	9	2	7	-7.58	-1
612	620	16180	9	4	5	-1.52	-1
612	621	16002	9	8	1	10.61	1
612	622	15551	9	7	2	7.58	1
612	623	14348	9	8	1	10.61	1
612	624	13726	8	2	6	-6.07	-1
612	625	13514	8	0	8	-12.13	-1
612	626	13420	8	2	6	-6.07	-1
612	627	11744	7	1	6	-7.58	-1
612	628	10252	5	4	1	4.55	1
612	629	9304	4	1	3	-3.03	-1
612	630	8543	4	2	2	0.00	1
612	631	7286	3	0	3	-4.55	-1
612	632	6816	3	1	2	-1.52	-1
612	633	6688	3	2	1	1.52	1
612	634	5997	3	0	3	-4.55	-1
612	635	4657	2	2	0	3.03	1
612	636	3801	2	2	0	3.03	1
612	637	3252	1	0	1	-1.52	-1
612	638	3053	1	0	1	-1.52	-1
613	614	14169	9	1	8	-10.61	-1
613	615	13711	9	7	2	7.58	1
613	616	13207	8	8	0	12.13	1
613	617	12667	8	7	1	9.10	1
613	618	11840	7	3	4	-1.52	-1
613	619	11827	7	7	0	10.61	1
613	620	11730	7	4	3	1.52	1
613	621	11552	7	1	6	-7.58	-1
613	622	11101	7	2	5	-4.55	-1
613	623	9898	7	2	5	-4.55	-1
613	624	9276	6	3	3	0.00	1
613	625	9064	6	6	0	9.10	1
613	626	8970	6	5	1	6.07	1
613	627	7294	5	4	1	4.55	1
613	628	5802	3	0	3	-4.55	-1
613	629	4854	2	2	0	3.03	1
613	630	4093	2	0	2	-3.03	-1
613	631	2836	1	0	1	-1.52	-1
613	632	2366	1	1	0	1.52	1
613	633	2238	1	1	0	1.52	1
613	634	1547	1	0	1	-1.52	-1
614	615	19160	12	1	11	-15.16	-1
614	616	20982	13	4	9	-7.58	-1
614	617	15939	10	3	7	-6.07	-1
614	618	19615	12	10	2	12.13	1
614	619	18598	11	1	10	-13.65	-1
614	620	17895	11	1	10	-13.65	-1
614	621	19207	12	9	3	9.10	1
614	622	18876	12	9	3	9.10	1
614	623	17673	12	10	2	12.13	1
614	624	15964	10	4	6	-3.03	-1
614	625	16839	11	1	10	-13.65	-1
614	626	16745	11	0	11	-16.68	-1
614	627	15069	10	2	8	-9.10	-1
614	628	13577	8	6	2	6.07	1
614	629	12629	7	1	6	-7.58	-1
614	630	11868	7	4	3	1.52	1
614	631	10611	6	0	6	-9.10	-1
614	632	10141	6	1	5	-6.07	-1
614	633	10013	6	1	5	-6.07	-1
614	634	9322	6	2	4	-3.03	-1
614	635	7982	5	5	0	7.58	1
614	636	7126	5	3	2	1.52	1
614	637	6577	4	2	2	0.00	1
614	638	6378	4	1	3	-3.03	-1
614	639	5303	3	1	2	-1.52	-1
614	640	5222	3	0	3	-4.55	-1
614	641	3931	3	2	1	1.52	1
614	642	3206	3	2	1	1.52	1
614	643	2606	2	0	2	-3.03	-1
614	644	1121	1	0	1	-1.52	-1
615	616	18656	11	7	4	4.55	1
615	617	15939	10	8	2	9.10	1
615	618	17289	10	4	6	-3.03	-1
615	619	17276	10	9	1	12.13	1
615	620	17179	10	10	0	15.16	1
615	621	17001	10	1	9	-12.13	-1
615	622	16550	10	1	9	-12.13	-1
615	623	15347	10	2	8	-9.10	-1
615	624	14725	9	7	2	7.58	1
615	625	14513	9	7	2	7.58	1
615	626	14419	9	8	1	10.61	1
615	627	12743	8	8	0	12.13	1
615	628	11251	6	0	6	-9.10	-1
615	629	10303	5	4	1	4.55	1
615	630	9542	5	0	5	-7.58	-1
615	631	8285	4	2	2	0.00	1
615	632	7815	4	4	0	6.07	1
615	633	7687	4	4	0	6.07	1
615	634	6996	4	3	1	3.03	1
615	635	5656	3	1	2	-1.52	-1
615	636	4800	3	0	3	-4.55	-1
615	637	4251	2	2	0	3.03	1
615	638	4052	2	2	0	3.03	1
615	639	2977	1	1	0	1.52	1
615	640	2896	1	1	0	1.52	1
615	641	1605	1	1	0	1.52	1
615	642	880	1	0	1	-1.52	-1
616	617	15939	10	7	3	6.07	1
616	618	20042	13	2	11	-13.65	-1
616	619	18598	11	10	1	13.65	1
616	620	17895	11	9	2	10.61	1
616	621	19207	12	3	9	-9.10	-1
616	622	19303	13	1	12	-16.68	-1
616	623	17748	13	4	9	-7.58	-1
616	624	15964	10	9	1	12.13	1
616	625	17266	12	9	3	9.10	1
616	626	17172	12	11	1	15.16	1
616	627	15496	11	9	2	10.61	1
616	628	14004	9	0	9	-13.65	-1
616	629	13056	8	7	1	9.10	1
616	630	12295	8	1	7	-9.10	-1
616	631	11038	7	6	1	7.58	1
616	632	10568	7	6	1	7.58	1
616	633	10440	7	5	2	4.55	1
616	634	9749	7	6	1	7.58	1
616	635	8409	6	2	4	-3.03	-1
616	636	7553	6	2	4	-3.03	-1
616	637	7004	5	3	2	1.52	1
616	638	6805	5	4	1	4.55	1
616	639	5730	4	3	1	3.03	1
616	640	5649	4	4	0	6.07	1
616	641	4358	4	0	4	-6.07	-1
616	642	3633	4	0	4	-6.07	-1
616	643	3033	3	3	0	4.55	1
616	644	1548	2	1	1	0.00	1
616	645	1121	1	0	1	-1.52	-1
616	646	561	1	1	0	1.52	1
617	618	15112	9	3	6	-4.55	-1
617	619	15099	9	7	2	7.58	1
617	620	15002	9	8	1	10.61	1
617	621	14824	9	0	9	-13.65	-1
617	622	14373	9	2	7	-7.58	-1
617	623	13170	9	0	9	-13.65	-1
617	624	12548	8	4	4	0.00	1
617	625	12336	8	7	1	9.10	1
617	626	12242	8	4	4	0.00	1
617	627	10566	7	5	2	4.55	1
617	628	9074	5	1	4	-4.55	-1
617	629	8126	4	4	0	6.07	1
617	630	7365	4	0	4	-6.07	-1
617	631	6108	3	3	0	4.55	1
617	632	5638	3	3	0	4.55	1
617	633	5510	3	3	0	4.55	1
617	634	4819	3	3	0	4.55	1
617	635	3479	2	0	2	-3.03	-1
617	636	2623	2	2	0	3.03	1
617	637	2074	1	1	0	1.52	1
617	638	1875	1	0	1	-1.52	-1
618	619	18598	11	2	9	-10.61	-1
618	620	17895	11	0	11	-16.68	-1
618	621	19207	12	8	4	6.07	1
618	622	19823	14	12	2	15.16	1
618	623	17748	13	10	3	10.61	1
618	624	15964	10	1	9	-12.13	-1
618	625	17786	13	2	11	-13.65	-1
618	626	17692	13	3	10	-10.61	-1
618	627	16016	12	4	8	-6.07	-1
618	628	14524	10	10	0	15.16	1
618	629	13576	9	2	7	-7.58	-1
618	630	12815	9	5	4	1.52	1
618	631	11558	8	2	6	-6.07	-1
618	632	11088	8	3	5	-3.03	-1
618	633	10960	8	2	6	-6.07	-1
618	634	10269	8	3	5	-3.03	-1
618	635	8929	7	6	1	7.58	1
618	636	8073	7	6	1	7.58	1
618	637	7524	6	1	5	-6.07	-1
618	638	7325	6	0	6	-9.10	-1
618	639	6250	5	2	3	-1.52	-1
618	640	6169	5	0	5	-7.58	-1
618	641	4878	5	5	0	7.58	1
618	642	4153	5	4	1	4.55	1
618	643	3553	4	1	3	-3.03	-1
618	644	2068	3	0	3	-4.55	-1
618	645	1641	2	0	2	-3.03	-1
618	646	1081	2	1	1	0.00	1
618	647	754	1	0	1	-1.52	-1
619	620	17895	11	10	1	13.65	1
619	621	18323	11	0	11	-16.68	-1
619	622	17872	11	7	4	4.55	1
619	623	16669	11	2	9	-10.61	-1
619	624	15964	10	10	0	15.16	1
619	625	15835	10	9	1	12.13	1
619	626	15741	10	7	3	6.07	1
619	627	14065	9	8	1	10.61	1
619	628	12573	7	1	6	-7.58	-1
619	629	11625	6	5	1	6.07	1
619	630	10864	6	0	6	-9.10	-1
619	631	9607	5	3	2	1.52	1
619	632	9137	5	4	1	4.55	1
619	633	9009	5	5	0	7.58	1
619	634	8318	5	5	0	7.58	1
619	635	6978	4	0	4	-6.07	-1
619	636	6122	4	2	2	0.00	1
619	637	5573	3	2	1	1.52	1
619	638	5374	3	2	1	1.52	1
619	639	4299	2	1	1	0.00	1
619	640	4218	2	1	1	0.00	1
619	641	2927	2	0	2	-3.03	-1
619	642	2202	2	0	2	-3.03	-1
619	643	1602	1	1	0	1.52	1
620	621	17717	11	3	8	-7.58	-1
620	622	17266	11	2	9	-10.61	-1
620	623	16063	11	1	10	-13.65	-1
620	624	15441	10	8	2	9.10	1
620	625	15229	10	8	2	9.10	1
620	626	15135	10	9	1	12.13	1
620	627	13459	9	7	2	7.58	1
620	628	11967	7	0	7	-10.61	-1
620	629	11019	6	4	2	3.03	1
620	630	10258	6	2	4	-3.03	-1
620	631	9001	5	4	1	4.55	1
620	632	8531	5	4	1	4.55	1
620	633	8403	5	5	0	7.58	1
620	634	7712	5	3	2	1.52	1
620	635	6372	4	1	3	-3.03	-1
620	636	5516	4	1	3	-3.03	-1
620	637	4967	3	2	1	1.52	1
620	638	4768	3	3	0	4.55	1
620	639	3693	2	1	1	0.00	1
620	640	3612	2	1	1	0.00	1
620	641	2321	2	1	1	0.00	1
620	642	1596	2	0	2	-3.03	-1
620	643	996	1	1	0	1.52	1
621	622	18756	12	12	0	18.20	1
621	623	17553	12	10	2	12.13	1
621	624	15964	10	2	8	-9.10	-1
621	625	16719	11	4	7	-4.55	-1
621	626	16625	11	1	10	-13.65	-1
621	627	14949	10	4	6	-3.03	-1
621	628	13457	8	7	1	9.10	1
621	629	12509	7	0	7	-10.61	-1
621	630	11748	7	5	2	4.55	1
621	631	10491	6	2	4	-3.03	-1
621	632	10021	6	0	6	-9.10	-1
621	633	9893	6	2	4	-3.03	-1
621	634	9202	6	0	6	-9.10	-1
621	635	7862	5	4	1	4.55	1
621	636	7006	5	4	1	4.55	1
621	637	6457	4	0	4	-6.07	-1
621	638	6258	4	0	4	-6.07	-1
621	639	5183	3	0	3	-4.55	-1
621	640	5102	3	0	3	-4.55	-1
621	641	3811	3	3	0	4.55	1
621	642	3086	3	3	0	4.55	1
621	643	2486	2	0	2	-3.03	-1
621	644	1001	1	1	0	1.52	1
622	623	17748	13	13	0	19.71	1
622	624	15964	10	2	8	-9.10	-1
622	625	21350	17	5	12	-10.61	-1
622	626	21256	17	1	16	-22.75	-1
622	627	19580	16	1	15	-21.23	-1
622	628	18088	14	10	4	9.10	1
622	629	17140	13	2	11	-13.65	-1
622	630	14791	12	8	4	6.07	1
622	631	15122	12	3	9	-9.10	-1
622	632	14652	12	1	11	-15.16	-1
622	633	14524	12	3	9	-9.10	-1
622	634	13833	12	0	12	-18.20	-1
622	635	12493	11	9	2	10.61	1
622	636	10681	10	8	2	9.10	1
622	637	11088	10	2	8	-9.10	-1
622	638	10889	10	2	8	-9.10	-1
622	639	9814	9	2	7	-7.58	-1
622	640	9733	9	1	8	-10.61	-1
622	641	8442	9	7	2	7.58	1
622	642	7717	9	6	3	4.55	1
622	643	7117	8	2	6	-6.07	-1
622	644	5632	7	1	6	-7.58	-1
622	645	5205	6	1	5	-6.07	-1
622	646	4645	6	0	6	-9.10	-1
622	647	4318	5	1	4	-4.55	-1
622	648	2039	2	0	2	-3.03	-1
622	649	1337	1	0	1	-1.52	-1
623	624	15964	10	0	10	-15.16	-1
623	625	16914	12	2	10	-12.13	-1
623	626	16820	12	3	9	-9.10	-1
623	627	15144	11	1	10	-13.65	-1
623	628	13652	9	5	4	1.52	1
623	629	12704	8	0	8	-12.13	-1
623	630	11943	8	7	1	9.10	1
623	631	10686	7	2	5	-4.55	-1
623	632	10216	7	1	6	-7.58	-1
623	633	10088	7	4	3	1.52	1
623	634	9397	7	2	5	-4.55	-1
623	635	8057	6	4	2	3.03	1
623	636	7201	6	5	1	6.07	1
623	637	6652	5	2	3	-1.52	-1
623	638	6453	5	0	5	-7.58	-1
623	639	5378	4	1	3	-3.03	-1
623	640	5297	4	1	3	-3.03	-1
623	641	4006	4	4	0	6.07	1
623	642	3281	4	4	0	6.07	1
623	643	2681	3	0	3	-4.55	-1
623	644	1196	2	1	1	0.00	1
623	645	769	1	0	1	-1.52	-1
623	646	209	1	1	0	1.52	1
624	625	15752	10	8	2	9.10	1
624	626	15658	10	10	0	15.16	1
624	627	13982	9	7	2	7.58	1
624	628	12490	7	0	7	-10.61	-1
624	629	11542	6	6	0	9.10	1
624	630	10781	6	0	6	-9.10	-1
624	631	9524	5	5	0	7.58	1
624	632	9054	5	4	1	4.55	1
624	633	8926	5	4	1	4.55	1
624	634	8235	5	3	2	1.52	1
624	635	6895	4	0	4	-6.07	-1
624	636	6039	4	1	3	-3.03	-1
624	637	5490	3	2	1	1.52	1
624	638	5291	3	1	2	-1.52	-1
624	639	4216	2	2	0	3.03	1
624	640	4135	2	2	0	3.03	1
624	641	2844	2	0	2	-3.03	-1
624	642	2119	2	0	2	-3.03	-1
624	643	1519	1	0	1	-1.52	-1
625	626	23788	18	13	5	12.13	1
625	627	26210	19	16	3	19.71	1
625	628	22404	15	1	14	-19.71	-1
625	629	20144	14	13	1	18.20	1
625	630	14791	12	0	12	-18.20	-1
625	631	22270	16	16	0	24.26	1
625	632	18863	13	11	2	13.65	1
625	633	19867	14	13	1	18.20	1
625	634	15090	13	10	3	10.61	1
625	635	13191	12	3	9	-9.10	-1
625	636	10681	10	2	8	-9.10	-1
625	637	15199	11	9	2	10.61	1
625	638	18124	14	11	3	12.13	1
625	639	13841	10	10	0	15.16	1
625	640	12612	10	9	1	12.13	1
625	641	16254	14	3	11	-12.13	-1
625	642	15529	14	3	11	-12.13	-1
625	643	14929	13	13	0	19.71	1
625	644	13444	12	8	4	6.07	1
625	645	13017	11	10	1	13.65	1
625	646	12457	11	8	3	7.58	1
625	647	12130	10	9	1	12.13	1
625	648	9851	7	7	0	10.61	1
625	649	9149	6	5	1	6.07	1
625	650	7687	4	1	3	-3.03	-1
625	651	7015	4	1	3	-3.03	-1
625	652	6537	4	3	1	3.03	1
625	653	5962	4	0	4	-6.07	-1
625	654	4706	4	4	0	6.07	1
625	655	3870	4	4	0	6.07	1
625	656	2658	3	2	1	1.52	1
625	657	2252	3	0	3	-4.55	-1
625	658	2029	3	2	1	1.52	1
625	659	753	1	0	1	-1.52	-1
625	660	524	1	0	1	-1.52	-1
625	661	303	1	1	0	1.52	1
626	627	22112	17	15	2	19.71	1
626	628	20620	15	0	15	-22.75	-1
626	629	19672	14	12	2	15.16	1
626	630	14791	12	1	11	-15.16	-1
626	631	17654	13	11	2	13.65	1
626	632	17184	13	10	3	10.61	1
626	633	17056	13	9	4	7.58	1
626	634	15090	13	11	2	13.65	1
626	635	13191	12	4	8	-6.07	-1
626	636	10681	10	1	9	-12.13	-1
626	637	13620	11	10	1	13.65	1
626	638	13421	11	10	1	13.65	1
626	639	12346	10	7	3	6.07	1
626	640	12265	10	10	0	15.16	1
626	641	10974	10	1	9	-12.13	-1
626	642	10249	10	1	9	-12.13	-1
626	643	9649	9	7	2	7.58	1
626	644	8164	8	8	0	12.13	1
626	645	7737	7	4	3	1.52	1
626	646	7177	7	5	2	4.55	1
626	647	6850	6	5	1	6.07	1
626	648	4571	3	2	1	1.52	1
626	649	3869	2	1	1	0.00	1
627	628	22404	15	3	12	-13.65	-1
627	629	20144	14	13	1	18.20	1
627	630	14791	12	4	8	-6.07	-1
627	631	21752	15	14	1	19.71	1
627	632	18863	13	11	2	13.65	1
627	633	19867	14	12	2	15.16	1
627	634	15090	13	12	1	16.68	1
627	635	13191	12	3	9	-9.10	-1
627	636	10681	10	2	8	-9.10	-1
627	637	15199	11	8	3	7.58	1
627	638	17519	13	11	2	13.65	1
627	639	13841	10	7	3	6.07	1
627	640	12612	10	10	0	15.16	1
627	641	15072	12	3	9	-9.10	-1
627	642	14347	12	3	9	-9.10	-1
627	643	13747	11	11	0	16.68	1
627	644	12262	10	10	0	15.16	1
627	645	11835	9	7	2	7.58	1
627	646	11275	9	7	2	7.58	1
627	647	10948	8	6	2	6.07	1
627	648	8669	5	4	1	4.55	1
627	649	7967	4	4	0	6.07	1
627	650	6505	2	0	2	-3.03	-1
627	651	5833	2	1	1	0.00	1
627	652	5355	2	2	0	3.03	1
627	653	4780	2	1	1	0.00	1
627	654	3524	2	2	0	3.03	1
627	655	2688	2	1	1	0.00	1
627	656	1476	1	1	0	1.52	1
627	657	1070	1	1	0	1.52	1
627	658	847	1	1	0	1.52	1
628	629	20144	14	3	11	-12.13	-1
628	630	14791	12	11	1	15.16	1
628	631	19438	13	2	11	-13.65	-1
628	632	18863	13	1	12	-16.68	-1
628	633	18840	13	3	10	-10.61	-1
628	634	15090	13	1	12	-16.68	-1
628	635	13191	12	11	1	15.16	1
628	636	10681	10	7	3	6.07	1
628	637	15199	11	2	9	-10.61	-1
628	638	15205	11	0	11	-16.68	-1
628	639	13841	10	4	6	-3.03	-1
628	640	12612	10	3	7	-6.07	-1
628	641	12758	10	9	1	12.13	1
628	642	12033	10	9	1	12.13	1
628	643	11433	9	3	6	-4.55	-1
628	644	9948	8	4	4	0.00	1
628	645	9521	7	1	6	-7.58	-1
628	646	8961	7	3	4	-1.52	-1
628	647	8634	6	2	4	-3.03	-1
628	648	6355	3	1	2	-1.52	-1
628	649	5653	2	0	2	-3.03	-1
629	630	14791	12	4	8	-6.07	-1
629	631	18126	13	12	1	16.68	1
629	632	17656	13	10	3	10.61	1
629	633	17528	13	11	2	13.65	1
629	634	15090	13	10	3	10.61	1
629	635	13191	12	0	12	-18.20	-1
629	636	10681	10	2	8	-9.10	-1
629	637	14092	11	10	1	13.65	1
629	638	13893	11	10	1	13.65	1
629	639	12818	10	8	2	9.10	1
629	640	12612	10	9	1	12.13	1
629	641	11446	10	3	7	-6.07	-1
629	642	10721	10	2	8	-9.10	-1
629	643	10121	9	6	3	4.55	1
629	644	8636	8	7	1	9.10	1
629	645	8209	7	5	2	4.55	1
629	646	7649	7	6	1	7.58	1
629	647	7322	6	5	1	6.07	1
629	648	5043	3	3	0	4.55	1
629	649	4341	2	2	0	3.03	1
630	631	13534	11	1	10	-13.65	-1
630	632	13064	11	1	10	-13.65	-1
630	633	12936	11	1	10	-13.65	-1
630	634	12245	11	0	11	-16.68	-1
630	635	10905	10	10	0	15.16	1
630	636	10049	10	9	1	12.13	1
630	637	9500	9	4	5	-1.52	-1
630	638	9301	9	3	6	-4.55	-1
630	639	8226	8	1	7	-9.10	-1
630	640	8145	8	2	6	-6.07	-1
630	641	6854	8	5	3	3.03	1
630	642	6129	8	7	1	9.10	1
630	643	5529	7	1	6	-7.58	-1
630	644	4044	6	0	6	-9.10	-1
630	645	3617	5	1	4	-4.55	-1
630	646	3057	5	2	3	-1.52	-1
630	647	2730	4	1	3	-3.03	-1
630	648	451	1	1	0	1.52	1
631	632	18863	13	10	3	10.61	1
631	633	19867	14	12	2	15.16	1
631	634	15090	13	12	1	16.68	1
631	635	13191	12	0	12	-18.20	-1
631	636	10681	10	2	8	-9.10	-1
631	637	15199	11	11	0	16.68	1
631	638	18037	14	14	0	21.23	1
631	639	13841	10	9	1	12.13	1
631	640	12612	10	8	2	9.10	1
631	641	15590	13	2	11	-13.65	-1
631	642	14865	13	2	11	-13.65	-1
631	643	14265	12	10	2	12.13	1
631	644	12780	11	9	2	10.61	1
631	645	12353	10	9	1	12.13	1
631	646	11793	10	8	2	9.10	1
631	647	11466	9	8	1	10.61	1
631	648	9187	6	6	0	9.10	1
631	649	8485	5	4	1	4.55	1
631	650	7023	3	1	2	-1.52	-1
631	651	6351	3	0	3	-4.55	-1
631	652	5873	3	2	1	1.52	1
631	653	5298	3	0	3	-4.55	-1
631	654	4042	3	3	0	4.55	1
631	655	3206	3	2	1	1.52	1
631	656	1994	2	2	0	3.03	1
631	657	1588	2	1	1	0.00	1
631	658	1365	2	2	0	3.03	1
632	633	18735	13	10	3	10.61	1
632	634	15090	13	12	1	16.68	1
632	635	13191	12	1	11	-15.16	-1
632	636	10681	10	2	8	-9.10	-1
632	637	15199	11	9	2	10.61	1
632	638	15100	11	9	2	10.61	1
632	639	13841	10	9	1	12.13	1
632	640	12612	10	9	1	12.13	1
632	641	12653	10	2	8	-9.10	-1
632	642	11928	10	2	8	-9.10	-1
632	643	11328	9	9	0	13.65	1
632	644	9843	8	7	1	9.10	1
632	645	9416	7	5	2	4.55	1
632	646	8856	7	6	1	7.58	1
632	647	8529	6	5	1	6.07	1
632	648	6250	3	3	0	4.55	1
632	649	5548	2	1	1	0.00	1
633	634	15090	13	9	4	7.58	1
633	635	13191	12	2	10	-12.13	-1
633	636	10681	10	2	8	-9.10	-1
633	637	15199	11	10	1	13.65	1
633	638	16232	12	11	1	15.16	1
633	639	13841	10	8	2	9.10	1
633	640	12612	10	9	1	12.13	1
633	641	13785	11	1	10	-13.65	-1
633	642	13060	11	3	8	-7.58	-1
633	643	12460	10	10	0	15.16	1
633	644	10975	9	9	0	13.65	1
633	645	10548	8	7	1	9.10	1
633	646	9988	8	3	5	-3.03	-1
633	647	9661	7	5	2	4.55	1
633	648	7382	4	3	1	3.03	1
633	649	6680	3	3	0	4.55	1
633	650	5218	1	1	0	1.52	1
633	651	4546	1	0	1	-1.52	-1
633	652	4068	1	0	1	-1.52	-1
633	653	3493	1	0	1	-1.52	-1
633	654	2237	1	1	0	1.52	1
633	655	1401	1	1	0	1.52	1
634	635	13191	12	6	6	0.00	1
634	636	10681	10	0	10	-15.16	-1
634	637	12345	11	10	1	13.65	1
634	638	12146	11	9	2	10.61	1
634	639	11071	10	9	1	12.13	1
634	640	10990	10	8	2	9.10	1
634	641	9699	10	0	10	-15.16	-1
634	642	8974	10	1	9	-12.13	-1
634	643	8374	9	7	2	7.58	1
634	644	6889	8	8	0	12.13	1
634	645	6462	7	4	3	1.52	1
634	646	5902	7	5	2	4.55	1
634	647	5575	6	6	0	9.10	1
634	648	3296	3	2	1	1.52	1
634	649	2594	2	2	0	3.03	1
635	636	10681	10	6	4	3.03	1
635	637	11786	11	3	8	-7.58	-1
635	638	11587	11	2	9	-10.61	-1
635	639	10512	10	2	8	-9.10	-1
635	640	10431	10	2	8	-9.10	-1
635	641	9140	10	6	4	3.03	1
635	642	8415	10	8	2	9.10	1
635	643	7815	9	2	7	-7.58	-1
635	644	6330	8	1	7	-9.10	-1
635	645	5903	7	0	7	-10.61	-1
635	646	5343	7	0	7	-10.61	-1
635	647	5016	6	0	6	-9.10	-1
635	648	2737	3	1	2	-1.52	-1
635	649	2035	2	0	2	-3.03	-1
636	637	10132	9	1	8	-10.61	-1
636	638	9933	9	4	5	-1.52	-1
636	639	8858	8	1	7	-9.10	-1
636	640	8777	8	1	7	-9.10	-1
636	641	7486	8	8	0	12.13	1
636	642	6761	8	8	0	12.13	1
636	643	6161	7	1	6	-7.58	-1
636	644	4676	6	0	6	-9.10	-1
636	645	4249	5	1	4	-4.55	-1
636	646	3689	5	1	4	-4.55	-1
636	647	3362	4	1	3	-3.03	-1
636	648	1083	1	0	1	-1.52	-1
637	638	15000	11	9	2	10.61	1
637	639	13841	10	8	2	9.10	1
637	640	12612	10	8	2	9.10	1
637	641	12553	10	3	7	-6.07	-1
637	642	11828	10	3	7	-6.07	-1
637	643	11228	9	7	2	7.58	1
637	644	9743	8	7	1	9.10	1
637	645	9316	7	5	2	4.55	1
637	646	8756	7	4	3	1.52	1
637	647	8429	6	4	2	3.03	1
637	648	6150	3	3	0	4.55	1
637	649	5448	2	2	0	3.03	1
638	639	13841	10	7	3	6.07	1
638	640	12612	10	10	0	15.16	1
638	641	15677	13	1	12	-16.68	-1
638	642	14952	13	2	11	-13.65	-1
638	643	14352	12	10	2	12.13	1
638	644	12867	11	10	1	13.65	1
638	645	12440	10	9	1	12.13	1
638	646	11880	10	9	1	12.13	1
638	647	11553	9	7	2	7.58	1
638	648	9274	6	4	2	3.03	1
638	649	8572	5	5	0	7.58	1
638	650	7110	3	0	3	-4.55	-1
638	651	6438	3	0	3	-4.55	-1
638	652	5960	3	1	2	-1.52	-1
638	653	5385	3	0	3	-4.55	-1
638	654	4129	3	1	2	-1.52	-1
638	655	3293	3	2	1	1.52	1
638	656	2081	2	2	0	3.03	1
638	657	1675	2	0	2	-3.03	-1
638	658	1452	2	2	0	3.03	1
639	640	12612	10	5	5	0.00	1
639	641	12469	10	2	8	-9.10	-1
639	642	11744	10	0	10	-15.16	-1
639	643	11144	9	7	2	7.58	1
639	644	9659	8	8	0	12.13	1
639	645	9232	7	6	1	7.58	1
639	646	8672	7	6	1	7.58	1
639	647	8345	6	5	1	6.07	1
639	648	6066	3	1	2	-1.52	-1
639	649	5364	2	1	1	0.00	1
640	641	11321	10	2	8	-9.10	-1
640	642	10596	10	1	9	-12.13	-1
640	643	9996	9	9	0	13.65	1
640	644	8511	8	7	1	9.10	1
640	645	8084	7	5	2	4.55	1
640	646	7524	7	6	1	7.58	1
640	647	7197	6	6	0	9.10	1
640	648	4918	3	2	1	1.52	1
640	649	4216	2	2	0	3.03	1
641	642	18576	16	13	3	15.16	1
641	643	17976	15	2	13	-16.68	-1
641	644	16491	14	1	13	-18.20	-1
641	645	16064	13	2	11	-13.65	-1
641	646	15504	13	2	11	-13.65	-1
641	647	14442	11	2	9	-10.61	-1
641	648	12746	9	4	5	-1.52	-1
641	649	12196	8	1	7	-9.10	-1
641	650	10734	6	5	1	6.07	1
641	651	10062	6	5	1	6.07	1
641	652	9584	6	3	3	0.00	1
641	653	9009	6	3	3	0.00	1
641	654	7753	6	1	5	-6.07	-1
641	655	6917	6	2	4	-3.03	-1
641	656	5705	5	2	3	-1.52	-1
641	657	5299	5	5	0	7.58	1
641	658	5076	5	2	3	-1.52	-1
641	659	3800	3	2	1	1.52	1
641	660	3571	3	3	0	4.55	1
641	661	3350	3	1	2	-1.52	-1
641	662	3288	2	0	2	-3.03	-1
641	663	3154	2	1	1	0.00	1
641	664	2705	1	1	0	1.52	1
641	665	2510	1	1	0	1.52	1
641	666	2437	1	1	0	1.52	1
641	667	2032	1	1	0	1.52	1
641	668	1511	1	0	1	-1.52	-1
641	669	889	1	0	1	-1.52	-1
642	643	18293	15	1	14	-19.71	-1
642	644	17558	14	4	10	-9.10	-1
642	645	17142	13	2	11	-13.65	-1
642	646	17170	13	1	12	-16.68	-1
642	647	14442	11	2	9	-10.61	-1
642	648	12746	9	3	6	-4.55	-1
642	649	13862	8	0	8	-12.13	-1
642	650	12400	6	4	2	3.03	1
642	651	11728	6	5	1	6.07	1
642	652	11250	6	0	6	-9.10	-1
642	653	10675	6	4	2	3.03	1
642	654	9419	6	1	5	-6.07	-1
642	655	8583	6	2	4	-3.03	-1
642	656	7371	5	1	4	-4.55	-1
642	657	6965	5	2	3	-1.52	-1
642	658	6742	5	1	4	-4.55	-1
642	659	5466	3	3	0	4.55	1
642	660	5237	3	2	1	1.52	1
642	661	5016	3	1	2	-1.52	-1
642	662	4954	2	0	2	-3.03	-1
642	663	4820	2	1	1	0.00	1
642	664	4371	1	1	0	1.52	1
642	665	4176	1	1	0	1.52	1
642	666	4103	1	1	0	1.52	1
642	667	3698	1	0	1	-1.52	-1
642	668	3177	1	0	1	-1.52	-1
642	669	2555	1	0	1	-1.52	-1
643	644	16808	14	9	5	6.07	1
643	645	16381	13	9	4	7.58	1
643	646	15821	13	11	2	13.65	1
643	647	14442	11	9	2	10.61	1
643	648	12746	9	7	2	7.58	1
643	649	12513	8	5	3	3.03	1
643	650	11051	6	0	6	-9.10	-1
643	651	10379	6	0	6	-9.10	-1
643	652	9901	6	3	3	0.00	1
643	653	9326	6	0	6	-9.10	-1
643	654	8070	6	6	0	9.10	1
643	655	7234	6	5	1	6.07	1
643	656	6022	5	2	3	-1.52	-1
643	657	5616	5	1	4	-4.55	-1
643	658	5393	5	5	0	7.58	1
643	659	4117	3	1	2	-1.52	-1
643	660	3888	3	1	2	-1.52	-1
643	661	3667	3	1	2	-1.52	-1
643	662	3605	2	2	0	3.03	1
643	663	3471	2	2	0	3.03	1
643	664	3022	1	0	1	-1.52	-1
643	665	2827	1	0	1	-1.52	-1
643	666	2754	1	0	1	-1.52	-1
643	667	2349	1	1	0	1.52	1
643	668	1828	1	1	0	1.52	1
643	669	1206	1	1	0	1.52	1
644	645	17131	13	12	1	16.68	1
644	646	16571	13	11	2	13.65	1
644	647	14442	11	8	3	7.58	1
644	648	12746	9	8	1	10.61	1
644	649	13263	8	8	0	12.13	1
644	650	11801	6	2	4	-3.03	-1
644	651	11129	6	3	3	0.00	1
644	652	10651	6	5	1	6.07	1
644	653	10076	6	1	5	-6.07	-1
644	654	8820	6	5	1	6.07	1
644	655	7984	6	5	1	6.07	1
644	656	6772	5	4	1	4.55	1
644	657	6366	5	1	4	-4.55	-1
644	658	6143	5	4	1	4.55	1
644	659	4867	3	0	3	-4.55	-1
644	660	4638	3	0	3	-4.55	-1
644	661	4417	3	3	0	4.55	1
644	662	4355	2	2	0	3.03	1
644	663	4221	2	1	1	0.00	1
644	664	3772	1	0	1	-1.52	-1
644	665	3577	1	0	1	-1.52	-1
644	666	3504	1	0	1	-1.52	-1
644	667	3099	1	1	0	1.52	1
644	668	2578	1	1	0	1.52	1
644	669	1956	1	1	0	1.52	1
645	646	16582	13	9	4	7.58	1
645	647	14442	11	10	1	13.65	1
645	648	12746	9	9	0	13.65	1
645	649	13274	8	4	4	0.00	1
645	650	11812	6	0	6	-9.10	-1
645	651	11140	6	0	6	-9.10	-1
645	652	10662	6	6	0	9.10	1
645	653	10087	6	1	5	-6.07	-1
645	654	8831	6	5	1	6.07	1
645	655	7995	6	3	3	0.00	1
645	656	6783	5	4	1	4.55	1
645	657	6377	5	2	3	-1.52	-1
645	658	6154	5	5	0	7.58	1
645	659	4878	3	0	3	-4.55	-1
645	660	4649	3	1	2	-1.52	-1
645	661	4428	3	2	1	1.52	1
645	662	4366	2	1	1	0.00	1
645	663	4232	2	2	0	3.03	1
645	664	3783	1	1	0	1.52	1
645	665	3588	1	0	1	-1.52	-1
645	666	3515	1	0	1	-1.52	-1
645	667	3110	1	1	0	1.52	1
645	668	2589	1	1	0	1.52	1
645	669	1967	1	1	0	1.52	1
646	647	14442	11	7	4	4.55	1
646	648	12746	9	5	4	1.52	1
646	649	14069	8	7	1	9.10	1
646	650	14570	7	1	6	-7.58	-1
646	651	13898	7	2	5	-4.55	-1
646	652	13420	7	7	0	10.61	1
646	653	12845	7	0	7	-10.61	-1
646	654	11589	7	7	0	10.61	1
646	655	10753	7	6	1	7.58	1
646	656	9541	6	6	0	9.10	1
646	657	9135	6	0	6	-9.10	-1
646	658	8912	6	5	1	6.07	1
646	659	7636	4	1	3	-3.03	-1
646	660	7407	4	1	3	-3.03	-1
646	661	7186	4	4	0	6.07	1
646	662	7124	3	3	0	4.55	1
646	663	6990	3	3	0	4.55	1
646	664	6541	2	0	2	-3.03	-1
646	665	6346	2	1	1	0.00	1
646	666	6273	2	0	2	-3.03	-1
646	667	5868	2	2	0	3.03	1
646	668	5347	2	2	0	3.03	1
646	669	4725	2	2	0	3.03	1
646	670	4089	1	1	0	1.52	1
646	671	3690	1	0	1	-1.52	-1
646	672	3230	1	0	1	-1.52	-1
646	673	2807	1	0	1	-1.52	-1
646	674	2070	1	0	1	-1.52	-1
646	675	2019	1	1	0	1.52	1
647	648	12163	8	5	3	3.03	1
647	649	11461	7	6	1	7.58	1
647	650	9999	5	0	5	-7.58	-1
647	651	9327	5	2	3	-1.52	-1
647	652	8849	5	4	1	4.55	1
647	653	8274	5	2	3	-1.52	-1
647	654	7018	5	5	0	7.58	1
647	655	6182	5	4	1	4.55	1
647	656	4970	4	3	1	3.03	1
647	657	4564	4	0	4	-6.07	-1
647	658	4341	4	4	0	6.07	1
647	659	3065	2	1	1	0.00	1
647	660	2836	2	0	2	-3.03	-1
647	661	2615	2	1	1	0.00	1
647	662	2553	1	0	1	-1.52	-1
647	663	2419	1	1	0	1.52	1
648	649	12044	8	8	0	12.13	1
648	650	10582	6	0	6	-9.10	-1
648	651	9910	6	2	4	-3.03	-1
648	652	9432	6	4	2	3.03	1
648	653	8857	6	0	6	-9.10	-1
648	654	7601	6	3	3	0.00	1
648	655	6765	6	5	1	6.07	1
648	656	5553	5	4	1	4.55	1
648	657	5147	5	0	5	-7.58	-1
648	658	4924	5	3	2	1.52	1
648	659	3648	3	0	3	-4.55	-1
648	660	3419	3	1	2	-1.52	-1
648	661	3198	3	2	1	1.52	1
648	662	3136	2	2	0	3.03	1
648	663	3002	2	2	0	3.03	1
648	664	2553	1	1	0	1.52	1
648	665	2358	1	0	1	-1.52	-1
648	666	2285	1	0	1	-1.52	-1
648	667	1880	1	1	0	1.52	1
648	668	1359	1	1	0	1.52	1
648	669	737	1	0	1	-1.52	-1
649	650	12607	6	1	5	-6.07	-1
649	651	11935	6	0	6	-9.10	-1
649	652	11457	6	5	1	6.07	1
649	653	10882	6	2	4	-3.03	-1
649	654	9626	6	4	2	3.03	1
649	655	8790	6	6	0	9.10	1
649	656	7578	5	5	0	7.58	1
649	657	7172	5	1	4	-4.55	-1
649	658	6949	5	4	1	4.55	1
649	659	5673	3	0	3	-4.55	-1
649	660	5444	3	1	2	-1.52	-1
649	661	5223	3	2	1	1.52	1
649	662	5161	2	2	0	3.03	1
649	663	5027	2	2	0	3.03	1
649	664	4578	1	0	1	-1.52	-1
649	665	4383	1	0	1	-1.52	-1
649	666	4310	1	0	1	-1.52	-1
649	667	3905	1	0	1	-1.52	-1
649	668	3384	1	0	1	-1.52	-1
649	669	2762	1	1	0	1.52	1
650	651	14744	7	7	0	10.61	1
650	652	14266	7	0	7	-10.61	-1
650	653	13691	7	6	1	7.58	1
650	654	12435	7	1	6	-7.58	-1
650	655	11599	7	1	6	-7.58	-1
650	656	10387	6	0	6	-9.10	-1
650	657	9981	6	5	1	6.07	1
650	658	9758	6	0	6	-9.10	-1
650	659	8482	4	4	0	6.07	1
650	660	8253	4	3	1	3.03	1
650	661	8032	4	0	4	-6.07	-1
650	662	7970	3	1	2	-1.52	-1
650	663	7836	3	1	2	-1.52	-1
650	664	7387	2	2	0	3.03	1
650	665	7192	2	1	1	0.00	1
650	666	7119	2	2	0	3.03	1
650	667	6714	2	0	2	-3.03	-1
650	668	6193	2	0	2	-3.03	-1
650	669	5571	2	0	2	-3.03	-1
650	670	4935	1	0	1	-1.52	-1
650	671	4536	1	0	1	-1.52	-1
650	672	4076	1	1	0	1.52	1
650	673	3653	1	0	1	-1.52	-1
650	674	2916	1	1	0	1.52	1
650	675	2865	1	0	1	-1.52	-1
651	652	14621	7	0	7	-10.61	-1
651	653	14046	7	5	2	4.55	1
651	654	12790	7	2	5	-4.55	-1
651	655	11954	7	1	6	-7.58	-1
651	656	10742	6	2	4	-3.03	-1
651	657	10336	6	5	1	6.07	1
651	658	10113	6	2	4	-3.03	-1
651	659	8837	4	3	1	3.03	1
651	660	8608	4	4	0	6.07	1
651	661	8387	4	0	4	-6.07	-1
651	662	8325	3	1	2	-1.52	-1
651	663	8191	3	1	2	-1.52	-1
651	664	7742	2	2	0	3.03	1
651	665	7547	2	2	0	3.03	1
651	666	7474	2	2	0	3.03	1
651	667	7069	2	0	2	-3.03	-1
651	668	6548	2	0	2	-3.03	-1
651	669	5926	2	0	2	-3.03	-1
651	670	5290	1	0	1	-1.52	-1
651	671	4891	1	1	0	1.52	1
651	672	4431	1	1	0	1.52	1
651	673	4008	1	1	0	1.52	1
651	674	3271	1	1	0	1.52	1
651	675	3220	1	0	1	-1.52	-1
652	653	19993	12	2	10	-12.13	-1
652	654	18877	12	9	3	9.10	1
652	655	20344	14	13	1	18.20	1
652	656	16147	11	9	2	10.61	1
652	657	16363	11	1	10	-13.65	-1
652	658	23269	16	12	4	12.13	1
652	659	21993	14	4	10	-9.10	-1
652	660	17670	11	1	10	-13.65	-1
652	661	17509	11	10	1	13.65	1
652	662	21481	13	11	2	13.65	1
652	663	17813	11	6	5	1.52	1
652	664	19095	11	0	11	-16.68	-1
652	665	16100	9	0	9	-13.65	-1
652	666	16840	9	1	8	-10.61	-1
652	667	14108	8	8	0	12.13	1
652	668	19704	12	9	3	9.10	1
652	669	19082	12	11	1	15.16	1
652	670	12164	7	5	2	4.55	1
652	671	18047	11	10	1	13.65	1
652	672	17587	11	3	8	-7.58	-1
652	673	12706	8	0	8	-12.13	-1
652	674	16427	11	1	10	-13.65	-1
652	675	16376	11	11	0	16.68	1
652	676	15088	10	7	3	6.07	1
652	677	14548	10	1	9	-12.13	-1
652	678	12701	9	3	6	-4.55	-1
652	679	11647	9	0	9	-13.65	-1
652	680	11240	8	7	1	9.10	1
652	681	11011	7	1	6	-7.58	-1
652	682	10636	6	1	5	-6.07	-1
652	683	10620	6	2	4	-3.03	-1
652	684	10372	6	1	5	-6.07	-1
652	685	10300	6	0	6	-9.10	-1
652	686	10179	6	2	4	-3.03	-1
652	687	9068	6	1	5	-6.07	-1
652	688	8896	6	6	0	9.10	1
652	689	8762	6	2	4	-3.03	-1
652	690	7607	5	4	1	4.55	1
652	691	7252	5	0	5	-7.58	-1
652	692	6345	4	1	3	-3.03	-1
652	693	6295	4	4	0	6.07	1
652	694	5731	4	0	4	-6.07	-1
652	695	5570	4	3	1	3.03	1
652	696	4608	3	1	2	-1.52	-1
652	697	4123	3	2	1	1.52	1
652	698	2547	2	0	2	-3.03	-1
652	699	2503	2	0	2	-3.03	-1
652	700	2162	2	0	2	-3.03	-1
652	701	1843	1	1	0	1.52	1
652	702	1735	1	0	1	-1.52	-1
652	703	1660	1	0	1	-1.52	-1
652	704	1561	1	1	0	1.52	1
652	705	1477	1	1	0	1.52	1
653	654	18737	12	1	11	-15.16	-1
653	655	17901	12	1	11	-15.16	-1
653	656	16147	11	1	10	-13.65	-1
653	657	16283	11	11	0	16.68	1
653	658	16060	11	1	10	-13.65	-1
653	659	14784	9	7	2	7.58	1
653	660	14555	9	8	1	10.61	1
653	661	14334	9	1	8	-10.61	-1
653	662	14272	8	0	8	-12.13	-1
653	663	14138	8	0	8	-12.13	-1
653	664	13689	7	4	3	1.52	1
653	665	13494	7	5	2	4.55	1
653	666	13421	7	5	2	4.55	1
653	667	13016	7	1	6	-7.58	-1
653	668	12495	7	1	6	-7.58	-1
653	669	11873	7	1	6	-7.58	-1
653	670	11237	6	2	4	-3.03	-1
653	671	10838	6	1	5	-6.07	-1
653	672	10378	6	6	0	9.10	1
653	673	9955	6	5	1	6.07	1
653	674	9218	6	5	1	6.07	1
653	675	9167	6	0	6	-9.10	-1
653	676	7879	5	2	3	-1.52	-1
653	677	7339	5	4	1	4.55	1
653	678	5492	4	3	1	3.03	1
653	679	4438	4	1	3	-3.03	-1
653	680	4031	3	0	3	-4.55	-1
653	681	3802	2	2	0	3.03	1
653	682	3427	1	1	0	1.52	1
653	683	3411	1	0	1	-1.52	-1
653	684	3163	1	1	0	1.52	1
653	685	3091	1	1	0	1.52	1
653	686	2970	1	1	0	1.52	1
653	687	1859	1	1	0	1.52	1
653	688	1687	1	0	1	-1.52	-1
653	689	1553	1	1	0	1.52	1
654	655	18041	12	12	0	18.20	1
654	656	16147	11	11	0	16.68	1
654	657	16363	11	2	9	-10.61	-1
654	658	16200	11	8	3	7.58	1
654	659	14924	9	3	6	-4.55	-1
654	660	14695	9	1	8	-10.61	-1
654	661	14474	9	6	3	4.55	1
654	662	14412	8	6	2	6.07	1
654	663	14278	8	7	1	9.10	1
654	664	13829	7	2	5	-4.55	-1
654	665	13634	7	2	5	-4.55	-1
654	666	13561	7	1	6	-7.58	-1
654	667	13156	7	6	1	7.58	1
654	668	12635	7	7	0	10.61	1
654	669	12013	7	5	2	4.55	1
654	670	11377	6	3	3	0.00	1
654	671	10978	6	5	1	6.07	1
654	672	10518	6	0	6	-9.10	-1
654	673	10095	6	1	5	-6.07	-1
654	674	9358	6	1	5	-6.07	-1
654	675	9307	6	6	0	9.10	1
654	676	8019	5	5	0	7.58	1
654	677	7479	5	1	4	-4.55	-1
654	678	5632	4	1	3	-3.03	-1
654	679	4578	4	0	4	-6.07	-1
654	680	4171	3	2	1	1.52	1
654	681	3942	2	0	2	-3.03	-1
654	682	3567	1	0	1	-1.52	-1
654	683	3551	1	0	1	-1.52	-1
654	684	3303	1	0	1	-1.52	-1
654	685	3231	1	0	1	-1.52	-1
654	686	3110	1	1	0	1.52	1
654	687	1999	1	0	1	-1.52	-1
654	688	1827	1	1	0	1.52	1
654	689	1693	1	0	1	-1.52	-1
655	656	16147	11	7	4	4.55	1
655	657	16363	11	3	8	-7.58	-1
655	658	18503	13	12	1	16.68	1
655	659	17227	11	1	10	-13.65	-1
655	660	16998	11	2	9	-10.61	-1
655	661	16777	11	10	1	13.65	1
655	662	16715	10	8	2	9.10	1
655	663	16581	10	8	2	9.10	1
655	664	16132	9	2	7	-7.58	-1
655	665	15937	9	2	7	-7.58	-1
655	666	15864	9	3	6	-4.55	-1
655	667	14108	8	4	4	0.00	1
655	668	14938	9	8	1	10.61	1
655	669	14316	9	8	1	10.61	1
655	670	12164	7	7	0	10.61	1
655	671	13281	8	8	0	12.13	1
655	672	12821	8	0	8	-12.13	-1
655	673	12398	8	0	8	-12.13	-1
655	674	11661	8	3	5	-3.03	-1
655	675	11610	8	6	2	6.07	1
655	676	10322	7	7	0	10.61	1
655	677	9782	7	1	6	-7.58	-1
655	678	7935	6	1	5	-6.07	-1
655	679	6881	6	0	6	-9.10	-1
655	680	6474	5	5	0	7.58	1
655	681	6245	4	0	4	-6.07	-1
655	682	5870	3	0	3	-4.55	-1
655	683	5854	3	0	3	-4.55	-1
655	684	5606	3	1	2	-1.52	-1
655	685	5534	3	0	3	-4.55	-1
655	686	5413	3	0	3	-4.55	-1
655	687	4302	3	1	2	-1.52	-1
655	688	4130	3	3	0	4.55	1
655	689	3996	3	0	3	-4.55	-1
655	690	2841	2	2	0	3.03	1
655	691	2486	2	0	2	-3.03	-1
655	692	1579	1	0	1	-1.52	-1
655	693	1529	1	0	1	-1.52	-1
655	694	965	1	0	1	-1.52	-1
655	695	804	1	0	1	-1.52	-1
656	657	15741	11	1	10	-13.65	-1
656	658	15518	11	9	2	10.61	1
656	659	14242	9	0	9	-13.65	-1
656	660	14013	9	1	8	-10.61	-1
656	661	13792	9	8	1	10.61	1
656	662	13730	8	7	1	9.10	1
656	663	13596	8	7	1	9.10	1
656	664	13147	7	1	6	-7.58	-1
656	665	12952	7	1	6	-7.58	-1
656	666	12879	7	1	6	-7.58	-1
656	667	12474	7	6	1	7.58	1
656	668	11953	7	5	2	4.55	1
656	669	11331	7	5	2	4.55	1
656	670	10695	6	5	1	6.07	1
656	671	10296	6	5	1	6.07	1
656	672	9836	6	1	5	-6.07	-1
656	673	9413	6	2	4	-3.03	-1
656	674	8676	6	0	6	-9.10	-1
656	675	8625	6	3	3	0.00	1
656	676	7337	5	5	0	7.58	1
656	677	6797	5	0	5	-7.58	-1
656	678	4950	4	0	4	-6.07	-1
656	679	3896	4	1	3	-3.03	-1
656	680	3489	3	3	0	4.55	1
656	681	3260	2	0	2	-3.03	-1
656	682	2885	1	0	1	-1.52	-1
656	683	2869	1	0	1	-1.52	-1
656	684	2621	1	1	0	1.52	1
656	685	2549	1	0	1	-1.52	-1
656	686	2428	1	0	1	-1.52	-1
656	687	1317	1	0	1	-1.52	-1
656	688	1145	1	0	1	-1.52	-1
656	689	1011	1	0	1	-1.52	-1
657	658	16140	11	1	10	-13.65	-1
657	659	14864	9	7	2	7.58	1
657	660	14635	9	7	2	7.58	1
657	661	14414	9	1	8	-10.61	-1
657	662	14352	8	3	5	-3.03	-1
657	663	14218	8	2	6	-6.07	-1
657	664	13769	7	7	0	10.61	1
657	665	13574	7	6	1	7.58	1
657	666	13501	7	6	1	7.58	1
657	667	13096	7	1	6	-7.58	-1
657	668	12575	7	3	4	-1.52	-1
657	669	11953	7	2	5	-4.55	-1
657	670	11317	6	2	4	-3.03	-1
657	671	10918	6	1	5	-6.07	-1
657	672	10458	6	4	2	3.03	1
657	673	10035	6	4	2	3.03	1
657	674	9298	6	6	0	9.10	1
657	675	9247	6	1	5	-6.07	-1
657	676	7959	5	1	4	-4.55	-1
657	677	7419	5	5	0	7.58	1
657	678	5572	4	3	1	3.03	1
657	679	4518	4	2	2	0.00	1
657	680	4111	3	2	1	1.52	1
657	681	3882	2	2	0	3.03	1
657	682	3507	1	0	1	-1.52	-1
657	683	3491	1	1	0	1.52	1
657	684	3243	1	1	0	1.52	1
657	685	3171	1	1	0	1.52	1
657	686	3050	1	1	0	1.52	1
657	687	1939	1	1	0	1.52	1
657	688	1767	1	1	0	1.52	1
657	689	1633	1	1	0	1.52	1
658	659	22692	14	2	12	-15.16	-1
658	660	17670	11	3	8	-7.58	-1
658	661	17509	11	8	3	7.58	1
658	662	23852	15	14	1	19.71	1
658	663	17813	11	8	3	7.58	1
658	664	19095	11	1	10	-13.65	-1
658	665	16100	9	0	9	-13.65	-1
658	666	16840	9	1	8	-10.61	-1
658	667	14108	8	4	4	0.00	1
658	668	21329	13	12	1	16.68	1
658	669	21453	14	10	4	9.10	1
658	670	12164	7	6	1	7.58	1
658	671	20418	13	12	1	16.68	1
658	672	18247	11	1	10	-13.65	-1
658	673	12706	8	0	8	-12.13	-1
658	674	18798	13	3	10	-10.61	-1
658	675	18747	13	11	2	13.65	1
658	676	17459	12	12	0	18.20	1
658	677	15825	11	1	10	-13.65	-1
658	678	15072	11	4	7	-4.55	-1
658	679	14018	11	1	10	-13.65	-1
658	680	13611	10	10	0	15.16	1
658	681	13382	9	0	9	-13.65	-1
658	682	13007	8	3	5	-3.03	-1
658	683	12991	8	1	7	-9.10	-1
658	684	12743	8	1	7	-9.10	-1
658	685	12671	8	4	4	0.00	1
658	686	12550	8	2	6	-6.07	-1
658	687	11439	8	0	8	-12.13	-1
658	688	11267	8	8	0	12.13	1
658	689	11133	8	5	3	3.03	1
658	690	9978	7	5	2	4.55	1
658	691	9623	7	0	7	-10.61	-1
658	692	8716	6	0	6	-9.10	-1
658	693	8666	6	5	1	6.07	1
658	694	8102	6	1	5	-6.07	-1
658	695	7941	6	4	2	3.03	1
658	696	6979	5	3	2	1.52	1
658	697	6494	5	4	1	4.55	1
658	698	4918	4	0	4	-6.07	-1
658	699	4874	4	0	4	-6.07	-1
658	700	4533	4	1	3	-3.03	-1
658	701	4214	3	3	0	4.55	1
658	702	4106	3	0	3	-4.55	-1
658	703	4031	3	0	3	-4.55	-1
658	704	3932	3	3	0	4.55	1
658	705	3848	3	3	0	4.55	1
658	706	3222	2	2	0	3.03	1
658	707	2690	2	1	1	0.00	1
658	708	931	1	1	0	1.52	1
659	660	17670	11	11	0	16.68	1
659	661	17509	11	1	10	-13.65	-1
659	662	22180	13	2	11	-13.65	-1
659	663	17813	11	1	10	-13.65	-1
659	664	19095	11	9	2	10.61	1
659	665	16100	9	5	4	1.52	1
659	666	16840	9	8	1	10.61	1
659	667	14108	8	0	8	-12.13	-1
659	668	20403	12	2	10	-12.13	-1
659	669	19781	12	1	11	-15.16	-1
659	670	12164	7	2	5	-4.55	-1
659	671	18746	11	2	9	-10.61	-1
659	672	18247	11	9	2	10.61	1
659	673	12706	8	6	2	6.07	1
659	674	17126	11	9	2	10.61	1
659	675	17075	11	2	9	-10.61	-1
659	676	15787	10	3	7	-6.07	-1
659	677	15247	10	7	3	6.07	1
659	678	13400	9	8	1	10.61	1
659	679	12346	9	9	0	13.65	1
659	680	11939	8	2	6	-6.07	-1
659	681	11710	7	7	0	10.61	1
659	682	11335	6	5	1	6.07	1
659	683	11319	6	6	0	9.10	1
659	684	11071	6	5	1	6.07	1
659	685	10999	6	5	1	6.07	1
659	686	10878	6	5	1	6.07	1
659	687	9767	6	5	1	6.07	1
659	688	9595	6	1	5	-6.07	-1
659	689	9461	6	4	2	3.03	1
659	690	8306	5	0	5	-7.58	-1
659	691	7951	5	3	2	1.52	1
659	692	7044	4	4	0	6.07	1
659	693	6994	4	1	3	-3.03	-1
659	694	6430	4	3	1	3.03	1
659	695	6269	4	2	2	0.00	1
659	696	5307	3	0	3	-4.55	-1
659	697	4822	3	3	0	4.55	1
659	698	3246	2	1	1	0.00	1
659	699	3202	2	2	0	3.03	1
659	700	2861	2	2	0	3.03	1
659	701	2542	1	0	1	-1.52	-1
659	702	2434	1	1	0	1.52	1
659	703	2359	1	1	0	1.52	1
659	704	2260	1	0	1	-1.52	-1
659	705	2176	1	0	1	-1.52	-1
660	661	17449	11	5	6	-1.52	-1
660	662	17387	10	2	8	-9.10	-1
660	663	17253	10	1	9	-12.13	-1
660	664	16804	9	8	1	10.61	1
660	665	16100	9	8	1	10.61	1
660	666	16536	9	8	1	10.61	1
660	667	14108	8	1	7	-9.10	-1
660	668	15610	9	2	7	-7.58	-1
660	669	14988	9	1	8	-10.61	-1
660	670	12164	7	2	5	-4.55	-1
660	671	13953	8	2	6	-6.07	-1
660	672	13493	8	7	1	9.10	1
660	673	12706	8	7	1	9.10	1
660	674	12333	8	7	1	9.10	1
660	675	12282	8	3	5	-3.03	-1
660	676	10994	7	0	7	-10.61	-1
660	677	10454	7	7	0	10.61	1
660	678	8607	6	4	2	3.03	1
660	679	7553	6	5	1	6.07	1
660	680	7146	5	2	3	-1.52	-1
660	681	6917	4	4	0	6.07	1
660	682	6542	3	2	1	1.52	1
660	683	6526	3	3	0	4.55	1
660	684	6278	3	3	0	4.55	1
660	685	6206	3	2	1	1.52	1
660	686	6085	3	3	0	4.55	1
660	687	4974	3	2	1	1.52	1
660	688	4802	3	0	3	-4.55	-1
660	689	4668	3	3	0	4.55	1
660	690	3513	2	1	1	0.00	1
660	691	3158	2	2	0	3.03	1
660	692	2251	1	1	0	1.52	1
660	693	2201	1	0	1	-1.52	-1
660	694	1637	1	1	0	1.52	1
660	695	1476	1	0	1	-1.52	-1
661	662	17447	10	9	1	12.13	1
661	663	17313	10	8	2	9.10	1
661	664	16864	9	0	9	-13.65	-1
661	665	16100	9	1	8	-10.61	-1
661	666	16596	9	2	7	-7.58	-1
661	667	14108	8	7	1	9.10	1
661	668	15670	9	8	1	10.61	1
661	669	15048	9	8	1	10.61	1
661	670	12164	7	7	0	10.61	1
661	671	14013	8	7	1	9.10	1
661	672	13553	8	0	8	-12.13	-1
661	673	12706	8	1	7	-9.10	-1
661	674	12393	8	2	6	-6.07	-1
661	675	12342	8	8	0	12.13	1
661	676	11054	7	7	0	10.61	1
661	677	10514	7	1	6	-7.58	-1
661	678	8667	6	0	6	-9.10	-1
661	679	7613	6	0	6	-9.10	-1
661	680	7206	5	4	1	4.55	1
661	681	6977	4	1	3	-3.03	-1
661	682	6602	3	1	2	-1.52	-1
661	683	6586	3	1	2	-1.52	-1
661	684	6338	3	1	2	-1.52	-1
661	685	6266	3	0	3	-4.55	-1
661	686	6145	3	1	2	-1.52	-1
661	687	5034	3	1	2	-1.52	-1
661	688	4862	3	3	0	4.55	1
661	689	4728	3	1	2	-1.52	-1
661	690	3573	2	2	0	3.03	1
661	691	3218	2	1	1	0.00	1
661	692	2311	1	0	1	-1.52	-1
661	693	2261	1	0	1	-1.52	-1
661	694	1697	1	0	1	-1.52	-1
661	695	1536	1	1	0	1.52	1
662	663	17813	11	9	2	10.61	1
662	664	19095	11	3	8	-7.58	-1
662	665	16100	9	3	6	-4.55	-1
662	666	16840	9	1	8	-10.61	-1
662	667	14108	8	8	0	12.13	1
662	668	21329	13	10	3	10.61	1
662	669	21627	14	12	2	15.16	1
662	670	12164	7	5	2	4.55	1
662	671	20759	13	12	1	16.68	1
662	672	18247	11	0	11	-16.68	-1
662	673	12706	8	0	8	-12.13	-1
662	674	20597	16	5	11	-9.10	-1
662	675	19340	14	13	1	18.20	1
662	676	19258	15	12	3	13.65	1
662	677	15825	11	3	8	-7.58	-1
662	678	16871	14	2	12	-15.16	-1
662	679	15817	14	2	12	-15.16	-1
662	680	15410	13	12	1	16.68	1
662	681	15181	12	2	10	-12.13	-1
662	682	14806	11	2	9	-10.61	-1
662	683	14790	11	1	10	-13.65	-1
662	684	14542	11	4	7	-4.55	-1
662	685	13954	11	1	10	-13.65	-1
662	686	14349	11	4	7	-4.55	-1
662	687	13238	11	3	8	-7.58	-1
662	688	13066	11	9	2	10.61	1
662	689	12932	11	2	9	-10.61	-1
662	690	11024	8	7	1	9.10	1
662	691	11422	10	0	10	-15.16	-1
662	692	10515	9	2	7	-7.58	-1
662	693	10465	9	9	0	13.65	1
662	694	9901	9	5	4	1.52	1
662	695	9740	9	8	1	10.61	1
662	696	8778	8	7	1	9.10	1
662	697	8293	8	5	3	3.03	1
662	698	6717	7	2	5	-4.55	-1
662	699	6673	7	2	5	-4.55	-1
662	700	6332	7	0	7	-10.61	-1
662	701	6013	6	6	0	9.10	1
662	702	5905	6	2	4	-3.03	-1
662	703	5830	6	0	6	-9.10	-1
662	704	5731	6	6	0	9.10	1
662	705	5647	6	5	1	6.07	1
662	706	5021	5	3	2	1.52	1
662	707	4489	5	1	4	-4.55	-1
662	708	2730	4	2	2	0.00	1
662	709	1906	3	0	3	-4.55	-1
662	710	1534	3	2	1	1.52	1
662	711	954	2	0	2	-3.03	-1
663	664	17364	10	2	8	-9.10	-1
663	665	16100	9	2	7	-7.58	-1
663	666	16840	9	5	4	1.52	1
663	667	14108	8	8	0	12.13	1
663	668	16170	10	7	3	6.07	1
663	669	15548	10	6	4	3.03	1
663	670	12164	7	6	1	7.58	1
663	671	14513	9	8	1	10.61	1
663	672	14053	9	2	7	-7.58	-1
663	673	12706	8	0	8	-12.13	-1
663	674	12893	9	0	9	-13.65	-1
663	675	12842	9	8	1	10.61	1
663	676	11554	8	5	3	3.03	1
663	677	11014	8	0	8	-12.13	-1
663	678	9167	7	0	7	-10.61	-1
663	679	8113	7	1	6	-7.58	-1
663	680	7706	6	5	1	6.07	1
663	681	7477	5	0	5	-7.58	-1
663	682	7102	4	0	4	-6.07	-1
663	683	7086	4	1	3	-3.03	-1
663	684	6838	4	0	4	-6.07	-1
663	685	6766	4	3	1	3.03	1
663	686	6645	4	1	3	-3.03	-1
663	687	5534	4	0	4	-6.07	-1
663	688	5362	4	4	0	6.07	1
663	689	5228	4	0	4	-6.07	-1
663	690	4073	3	2	1	1.52	1
663	691	3718	3	0	3	-4.55	-1
663	692	2811	2	0	2	-3.03	-1
663	693	2761	2	2	0	3.03	1
663	694	2197	2	1	1	0.00	1
663	695	2036	2	1	1	0.00	1
663	696	1074	1	1	0	1.52	1
663	697	589	1	1	0	1.52	1
664	665	16100	9	7	2	7.58	1
664	666	16840	9	7	2	7.58	1
664	667	14108	8	2	6	-6.07	-1
664	668	17901	11	3	8	-7.58	-1
664	669	17279	11	2	9	-10.61	-1
664	670	12164	7	2	5	-4.55	-1
664	671	16244	10	4	6	-3.03	-1
664	672	15784	10	9	1	12.13	1
664	673	12706	8	5	3	3.03	1
664	674	14624	10	9	1	12.13	1
664	675	14573	10	2	8	-9.10	-1
664	676	13285	9	3	6	-4.55	-1
664	677	12745	9	8	1	10.61	1
664	678	10898	8	7	1	9.10	1
664	679	9844	8	7	1	9.10	1
664	680	9437	7	2	5	-4.55	-1
664	681	9208	6	6	0	9.10	1
664	682	8833	5	5	0	7.58	1
664	683	8817	5	5	0	7.58	1
664	684	8569	5	3	2	1.52	1
664	685	8497	5	4	1	4.55	1
664	686	8376	5	4	1	4.55	1
664	687	7265	5	4	1	4.55	1
664	688	7093	5	0	5	-7.58	-1
664	689	6959	5	5	0	7.58	1
664	690	5804	4	1	3	-3.03	-1
664	691	5449	4	4	0	6.07	1
664	692	4542	3	2	1	1.52	1
664	693	4492	3	0	3	-4.55	-1
664	694	3928	3	3	0	4.55	1
664	695	3767	3	0	3	-4.55	-1
664	696	2805	2	0	2	-3.03	-1
664	697	2320	2	0	2	-3.03	-1
664	698	744	1	1	0	1.52	1
664	699	700	1	1	0	1.52	1
664	700	359	1	0	1	-1.52	-1
665	666	16027	9	7	2	7.58	1
665	667	14108	8	0	8	-12.13	-1
665	668	15101	9	1	8	-10.61	-1
665	669	14479	9	3	6	-4.55	-1
665	670	12164	7	0	7	-10.61	-1
665	671	13444	8	1	7	-9.10	-1
665	672	12984	8	5	3	3.03	1
665	673	12561	8	5	3	3.03	1
665	674	11824	8	3	5	-3.03	-1
665	675	11773	8	1	7	-9.10	-1
665	676	10485	7	1	6	-7.58	-1
665	677	9945	7	4	3	1.52	1
665	678	8098	6	4	2	3.03	1
665	679	7044	6	6	0	9.10	1
665	680	6637	5	0	5	-7.58	-1
665	681	6408	4	3	1	3.03	1
665	682	6033	3	3	0	4.55	1
665	683	6017	3	2	1	1.52	1
665	684	5769	3	3	0	4.55	1
665	685	5697	3	2	1	1.52	1
665	686	5576	3	3	0	4.55	1
665	687	4465	3	2	1	1.52	1
665	688	4293	3	0	3	-4.55	-1
665	689	4159	3	3	0	4.55	1
665	690	3004	2	1	1	0.00	1
665	691	2649	2	2	0	3.03	1
665	692	1742	1	1	0	1.52	1
665	693	1692	1	1	0	1.52	1
665	694	1128	1	0	1	-1.52	-1
665	695	967	1	0	1	-1.52	-1
666	667	14108	8	2	6	-6.07	-1
666	668	15914	9	1	8	-10.61	-1
666	669	15292	9	1	8	-10.61	-1
666	670	12164	7	0	7	-10.61	-1
666	671	14257	8	0	8	-12.13	-1
666	672	13797	8	4	4	0.00	1
666	673	12706	8	6	2	6.07	1
666	674	12637	8	8	0	12.13	1
666	675	12586	8	0	8	-12.13	-1
666	676	11298	7	1	6	-7.58	-1
666	677	10758	7	6	1	7.58	1
666	678	8911	6	5	1	6.07	1
666	679	7857	6	5	1	6.07	1
666	680	7450	5	0	5	-7.58	-1
666	681	7221	4	4	0	6.07	1
666	682	6846	3	3	0	4.55	1
666	683	6830	3	3	0	4.55	1
666	684	6582	3	3	0	4.55	1
666	685	6510	3	3	0	4.55	1
666	686	6389	3	2	1	1.52	1
666	687	5278	3	3	0	4.55	1
666	688	5106	3	0	3	-4.55	-1
666	689	4972	3	2	1	1.52	1
666	690	3817	2	1	1	0.00	1
666	691	3462	2	2	0	3.03	1
666	692	2555	1	1	0	1.52	1
666	693	2505	1	0	1	-1.52	-1
666	694	1941	1	1	0	1.52	1
666	695	1780	1	1	0	1.52	1
667	668	13587	8	7	1	9.10	1
667	669	12965	8	7	1	9.10	1
667	670	12164	7	4	3	1.52	1
667	671	11930	7	5	2	4.55	1
667	672	11470	7	3	4	-1.52	-1
667	673	11047	7	2	5	-4.55	-1
667	674	10310	7	0	7	-10.61	-1
667	675	10259	7	4	3	1.52	1
667	676	8971	6	6	0	9.10	1
667	677	8431	6	1	5	-6.07	-1
667	678	6584	5	1	4	-4.55	-1
667	679	5530	5	0	5	-7.58	-1
667	680	5123	4	4	0	6.07	1
667	681	4894	3	0	3	-4.55	-1
667	682	4519	2	1	1	0.00	1
667	683	4503	2	0	2	-3.03	-1
667	684	4255	2	0	2	-3.03	-1
667	685	4183	2	0	2	-3.03	-1
667	686	4062	2	1	1	0.00	1
667	687	2951	2	1	1	0.00	1
667	688	2779	2	2	0	3.03	1
667	689	2645	2	0	2	-3.03	-1
667	690	1490	1	1	0	1.52	1
667	691	1135	1	1	0	1.52	1
668	669	20707	13	9	4	7.58	1
668	670	12164	7	5	2	4.55	1
668	671	19672	12	10	2	12.13	1
668	672	18247	11	4	7	-4.55	-1
668	673	12706	8	3	5	-3.03	-1
668	674	18052	12	1	11	-15.16	-1
668	675	18001	12	10	2	12.13	1
668	676	16713	11	10	1	13.65	1
668	677	15825	11	3	8	-7.58	-1
668	678	14326	10	2	8	-9.10	-1
668	679	13272	10	2	8	-9.10	-1
668	680	12865	9	8	1	10.61	1
668	681	12636	8	1	7	-9.10	-1
668	682	12261	7	3	4	-1.52	-1
668	683	12245	7	0	7	-10.61	-1
668	684	11997	7	2	5	-4.55	-1
668	685	11925	7	4	3	1.52	1
668	686	11804	7	1	6	-7.58	-1
668	687	10693	7	1	6	-7.58	-1
668	688	10521	7	7	0	10.61	1
668	689	10387	7	2	5	-4.55	-1
668	690	9232	6	6	0	9.10	1
668	691	8877	6	0	6	-9.10	-1
668	692	7970	5	1	4	-4.55	-1
668	693	7920	5	5	0	7.58	1
668	694	7356	5	1	4	-4.55	-1
668	695	7195	5	4	1	4.55	1
668	696	6233	4	4	0	6.07	1
668	697	5748	4	4	0	6.07	1
668	698	4172	3	0	3	-4.55	-1
668	699	4128	3	1	2	-1.52	-1
668	700	3787	3	2	1	1.52	1
668	701	3468	2	2	0	3.03	1
668	702	3360	2	0	2	-3.03	-1
668	703	3285	2	0	2	-3.03	-1
668	704	3186	2	2	0	3.03	1
668	705	3102	2	2	0	3.03	1
668	706	2476	1	1	0	1.52	1
668	707	1944	1	1	0	1.52	1
669	670	12164	7	7	0	10.61	1
669	671	20592	13	11	2	13.65	1
669	672	18247	11	1	10	-13.65	-1
669	673	12706	8	1	7	-9.10	-1
669	674	18972	13	5	8	-4.55	-1
669	675	18921	13	11	2	13.65	1
669	676	17633	12	9	3	9.10	1
669	677	15825	11	1	10	-13.65	-1
669	678	15246	11	3	8	-7.58	-1
669	679	14192	11	2	9	-10.61	-1
669	680	13785	10	8	2	9.10	1
669	681	13556	9	5	4	1.52	1
669	682	13181	8	2	6	-6.07	-1
669	683	13165	8	2	6	-6.07	-1
669	684	12917	8	0	8	-12.13	-1
669	685	12845	8	0	8	-12.13	-1
669	686	12724	8	1	7	-9.10	-1
669	687	11613	8	0	8	-12.13	-1
669	688	11441	8	7	1	9.10	1
669	689	11307	8	0	8	-12.13	-1
669	690	10152	7	4	3	1.52	1
669	691	9797	7	0	7	-10.61	-1
669	692	8890	6	1	5	-6.07	-1
669	693	8840	6	5	1	6.07	1
669	694	8276	6	1	5	-6.07	-1
669	695	8115	6	3	3	0.00	1
669	696	7153	5	4	1	4.55	1
669	697	6668	5	5	0	7.58	1
669	698	5092	4	0	4	-6.07	-1
669	699	5048	4	1	3	-3.03	-1
669	700	4707	4	0	4	-6.07	-1
669	701	4388	3	2	1	1.52	1
669	702	4280	3	2	1	1.52	1
669	703	4205	3	1	2	-1.52	-1
669	704	4106	3	2	1	1.52	1
669	705	4022	3	2	1	1.52	1
669	706	3396	2	2	0	3.03	1
669	707	2864	2	0	2	-3.03	-1
669	708	1105	1	1	0	1.52	1
670	671	11765	7	7	0	10.61	1
670	672	11305	7	3	4	-1.52	-1
670	673	10882	7	1	6	-7.58	-1
670	674	10145	7	1	6	-7.58	-1
670	675	10094	7	5	2	4.55	1
670	676	8806	6	4	2	3.03	1
670	677	8266	6	0	6	-9.10	-1
670	678	6419	5	2	3	-1.52	-1
670	679	5365	5	1	4	-4.55	-1
670	680	4958	4	4	0	6.07	1
670	681	4729	3	0	3	-4.55	-1
670	682	4354	2	1	1	0.00	1
670	683	4338	2	0	2	-3.03	-1
670	684	4090	2	0	2	-3.03	-1
670	685	4018	2	0	2	-3.03	-1
670	686	3897	2	0	2	-3.03	-1
670	687	2786	2	1	1	0.00	1
670	688	2614	2	1	1	0.00	1
670	689	2480	2	0	2	-3.03	-1
670	690	1325	1	1	0	1.52	1
670	691	970	1	0	1	-1.52	-1
671	672	18247	11	0	11	-16.68	-1
671	673	12706	8	1	7	-9.10	-1
671	674	19139	13	3	10	-10.61	-1
671	675	19088	13	10	3	10.61	1
671	676	17800	12	8	4	6.07	1
671	677	15825	11	1	10	-13.65	-1
671	678	15413	11	2	9	-10.61	-1
671	679	14359	11	3	8	-7.58	-1
671	680	13952	10	7	3	6.07	1
671	681	13723	9	2	7	-7.58	-1
671	682	13348	8	2	6	-6.07	-1
671	683	13332	8	2	6	-6.07	-1
671	684	13084	8	2	6	-6.07	-1
671	685	13012	8	1	7	-9.10	-1
671	686	12891	8	1	7	-9.10	-1
671	687	11780	8	1	7	-9.10	-1
671	688	11608	8	6	2	6.07	1
671	689	11474	8	1	7	-9.10	-1
671	690	10319	7	7	0	10.61	1
671	691	9964	7	1	6	-7.58	-1
671	692	9057	6	2	4	-3.03	-1
671	693	9007	6	5	1	6.07	1
671	694	8443	6	0	6	-9.10	-1
671	695	8282	6	5	1	6.07	1
671	696	7320	5	5	0	7.58	1
671	697	6835	5	5	0	7.58	1
671	698	5259	4	3	1	3.03	1
671	699	5215	4	1	3	-3.03	-1
671	700	4874	4	1	3	-3.03	-1
671	701	4555	3	3	0	4.55	1
671	702	4447	3	0	3	-4.55	-1
671	703	4372	3	2	1	1.52	1
671	704	4273	3	1	2	-1.52	-1
671	705	4189	3	3	0	4.55	1
671	706	3563	2	1	1	0.00	1
671	707	3031	2	2	0	3.03	1
671	708	1272	1	1	0	1.52	1
672	673	12706	8	8	0	12.13	1
672	674	17087	11	11	0	16.68	1
672	675	17036	11	1	10	-13.65	-1
672	676	15748	10	1	9	-12.13	-1
672	677	15208	10	7	3	6.07	1
672	678	13361	9	8	1	10.61	1
672	679	12307	9	7	2	7.58	1
672	680	11900	8	0	8	-12.13	-1
672	681	11671	7	7	0	10.61	1
672	682	11296	6	5	1	6.07	1
672	683	11280	6	6	0	9.10	1
672	684	11032	6	3	3	0.00	1
672	685	10960	6	4	2	3.03	1
672	686	10839	6	4	2	3.03	1
672	687	9728	6	5	1	6.07	1
672	688	9556	6	1	5	-6.07	-1
672	689	9422	6	5	1	6.07	1
672	690	8267	5	2	3	-1.52	-1
672	691	7912	5	5	0	7.58	1
672	692	7005	4	3	1	3.03	1
672	693	6955	4	0	4	-6.07	-1
672	694	6391	4	3	1	3.03	1
672	695	6230	4	1	3	-3.03	-1
672	696	5268	3	1	2	-1.52	-1
672	697	4783	3	1	2	-1.52	-1
672	698	3207	2	2	0	3.03	1
672	699	3163	2	2	0	3.03	1
672	700	2822	2	1	1	0.00	1
672	701	2503	1	0	1	-1.52	-1
672	702	2395	1	0	1	-1.52	-1
672	703	2320	1	0	1	-1.52	-1
672	704	2221	1	0	1	-1.52	-1
672	705	2137	1	0	1	-1.52	-1
673	674	11969	8	8	0	12.13	1
673	675	11918	8	3	5	-3.03	-1
673	676	10630	7	1	6	-7.58	-1
673	677	10090	7	6	1	7.58	1
673	678	8243	6	6	0	9.10	1
673	679	7189	6	5	1	6.07	1
673	680	6782	5	1	4	-4.55	-1
673	681	6553	4	2	2	0.00	1
673	682	6178	3	3	0	4.55	1
673	683	6162	3	3	0	4.55	1
673	684	5914	3	3	0	4.55	1
673	685	5842	3	3	0	4.55	1
673	686	5721	3	2	1	1.52	1
673	687	4610	3	2	1	1.52	1
673	688	4438	3	0	3	-4.55	-1
673	689	4304	3	3	0	4.55	1
673	690	3149	2	0	2	-3.03	-1
673	691	2794	2	2	0	3.03	1
673	692	1887	1	1	0	1.52	1
673	693	1837	1	0	1	-1.52	-1
673	694	1273	1	1	0	1.52	1
673	695	1112	1	1	0	1.52	1
674	675	19340	14	5	9	-6.07	-1
674	676	19485	17	7	10	-4.55	-1
674	677	15825	11	9	2	10.61	1
674	678	18880	16	14	2	18.20	1
674	679	16291	16	14	2	18.20	1
674	680	16280	15	2	13	-16.68	-1
674	681	15388	14	12	2	15.16	1
674	682	16815	13	9	4	7.58	1
674	683	16799	13	12	1	16.68	1
674	684	15133	13	10	3	10.61	1
674	685	13954	11	9	2	10.61	1
674	686	16358	13	10	3	10.61	1
674	687	15247	13	12	1	16.68	1
674	688	15075	13	1	12	-16.68	-1
674	689	14941	13	11	2	13.65	1
674	690	11024	8	2	6	-6.07	-1
674	691	13431	12	11	1	15.16	1
674	692	12524	11	7	4	4.55	1
674	693	12474	11	1	10	-13.65	-1
674	694	11910	11	9	2	10.61	1
674	695	11749	11	3	8	-7.58	-1
674	696	10787	10	1	9	-12.13	-1
674	697	10302	10	4	6	-3.03	-1
674	698	8726	9	6	3	4.55	1
674	699	8682	9	7	2	7.58	1
674	700	8341	9	7	2	7.58	1
674	701	8022	8	1	7	-9.10	-1
674	702	7914	8	5	3	3.03	1
674	703	7839	8	7	1	9.10	1
674	704	7740	8	1	7	-9.10	-1
674	705	7656	8	1	7	-9.10	-1
674	706	7030	7	1	6	-7.58	-1
674	707	6498	7	5	2	4.55	1
674	708	4739	6	1	5	-6.07	-1
674	709	3915	5	5	0	7.58	1
674	710	3543	5	2	3	-1.52	-1
674	711	2963	4	2	2	0.00	1
674	712	2442	2	0	2	-3.03	-1
674	713	2079	2	2	0	3.03	1
674	714	2050	2	1	1	0.00	1
675	676	18052	13	12	1	16.68	1
675	677	15825	11	2	9	-10.61	-1
675	678	15665	12	4	8	-6.07	-1
675	679	14611	12	2	10	-12.13	-1
675	680	14204	11	10	1	13.65	1
675	681	13975	10	2	8	-9.10	-1
675	682	13600	9	0	9	-13.65	-1
675	683	13584	9	3	6	-4.55	-1
675	684	13336	9	1	8	-10.61	-1
675	685	13264	9	1	8	-10.61	-1
675	686	13143	9	0	9	-13.65	-1
675	687	12032	9	3	6	-4.55	-1
675	688	11860	9	8	1	10.61	1
675	689	11726	9	0	9	-13.65	-1
675	690	10571	8	7	1	9.10	1
675	691	10216	8	2	6	-6.07	-1
675	692	9309	7	2	5	-4.55	-1
675	693	9259	7	6	1	7.58	1
675	694	8695	7	0	7	-10.61	-1
675	695	8534	7	7	0	10.61	1
675	696	7572	6	5	1	6.07	1
675	697	7087	6	6	0	9.10	1
675	698	5511	5	1	4	-4.55	-1
675	699	5467	5	2	3	-1.52	-1
675	700	5126	5	1	4	-4.55	-1
675	701	4807	4	4	0	6.07	1
675	702	4699	4	1	3	-3.03	-1
675	703	4624	4	0	4	-6.07	-1
675	704	4525	4	3	1	3.03	1
675	705	4441	4	4	0	6.07	1
675	706	3815	3	3	0	4.55	1
675	707	3283	3	0	3	-4.55	-1
675	708	1524	2	2	0	3.03	1
675	709	700	1	0	1	-1.52	-1
675	710	328	1	1	0	1.52	1
676	677	15825	11	1	10	-13.65	-1
676	678	17098	16	0	16	-24.26	-1
676	679	16044	16	2	14	-18.20	-1
676	680	15637	15	13	2	16.68	1
676	681	15388	14	2	12	-15.16	-1
676	682	15033	13	0	13	-19.71	-1
676	683	15017	13	1	12	-16.68	-1
676	684	14769	13	3	10	-10.61	-1
676	685	13954	11	2	9	-10.61	-1
676	686	14576	13	2	11	-13.65	-1
676	687	13465	13	3	10	-10.61	-1
676	688	13293	13	10	3	10.61	1
676	689	13159	13	1	12	-16.68	-1
676	690	11024	8	6	2	6.07	1
676	691	11649	12	2	10	-12.13	-1
676	692	10742	11	2	9	-10.61	-1
676	693	10692	11	10	1	13.65	1
676	694	10128	11	0	11	-16.68	-1
676	695	9967	11	10	1	13.65	1
676	696	9005	10	9	1	12.13	1
676	697	8520	10	9	1	12.13	1
676	698	6944	9	3	6	-4.55	-1
676	699	6900	9	2	7	-7.58	-1
676	700	6559	9	3	6	-4.55	-1
676	701	6240	8	7	1	9.10	1
676	702	6132	8	3	5	-3.03	-1
676	703	6057	8	0	8	-12.13	-1
676	704	5958	8	7	1	9.10	1
676	705	5874	8	6	2	6.07	1
676	706	5248	7	3	4	-1.52	-1
676	707	4716	7	0	7	-10.61	-1
676	708	2957	6	4	2	3.03	1
676	709	2133	5	1	4	-4.55	-1
676	710	1761	5	4	1	4.55	1
676	711	1181	4	0	4	-6.07	-1
676	712	660	2	2	0	3.03	1
676	713	297	2	1	1	0.00	1
676	714	268	2	2	0	3.03	1
677	678	13978	10	9	1	12.13	1
677	679	12924	10	8	2	9.10	1
677	680	12517	9	2	7	-7.58	-1
677	681	12288	8	7	1	9.10	1
677	682	11913	7	6	1	7.58	1
677	683	11897	7	5	2	4.55	1
677	684	11649	7	7	0	10.61	1
677	685	11577	7	5	2	4.55	1
677	686	11456	7	6	1	7.58	1
677	687	10345	7	5	2	4.55	1
677	688	10173	7	2	5	-4.55	-1
677	689	10039	7	4	3	1.52	1
677	690	8884	6	1	5	-6.07	-1
677	691	8529	6	6	0	9.10	1
677	692	7622	5	5	0	7.58	1
677	693	7572	5	4	1	4.55	1
677	694	7008	5	5	0	7.58	1
677	695	6847	5	0	5	-7.58	-1
677	696	5885	4	1	3	-3.03	-1
677	697	5400	4	1	3	-3.03	-1
677	698	3824	3	3	0	4.55	1
677	699	3780	3	1	2	-1.52	-1
677	700	3439	3	3	0	4.55	1
677	701	3120	2	0	2	-3.03	-1
677	702	3012	2	2	0	3.03	1
677	703	2937	2	2	0	3.03	1
677	704	2838	2	0	2	-3.03	-1
677	705	2754	2	0	2	-3.03	-1
677	706	2128	1	1	0	1.52	1
677	707	1596	1	1	0	1.52	1
678	679	16291	16	14	2	18.20	1
678	680	16280	15	0	15	-22.75	-1
678	681	15388	14	13	1	18.20	1
678	682	19481	13	12	1	16.68	1
678	683	18336	13	12	1	16.68	1
678	684	15133	13	10	3	10.61	1
678	685	13954	11	9	2	10.61	1
678	686	20162	15	10	5	7.58	1
678	687	18213	13	10	3	10.61	1
678	688	18879	15	8	7	1.52	1
678	689	16354	13	12	1	16.68	1
678	690	11024	8	1	7	-9.10	-1
678	691	16794	12	9	3	9.10	1
678	692	16328	13	11	2	13.65	1
678	693	16278	13	5	8	-4.55	-1
678	694	15714	13	11	2	13.65	1
678	695	15553	13	2	11	-13.65	-1
678	696	14591	12	1	11	-15.16	-1
678	697	14106	12	3	9	-9.10	-1
678	698	12530	11	9	2	10.61	1
678	699	12486	11	9	2	10.61	1
678	700	12145	11	8	3	7.58	1
678	701	11826	10	2	8	-9.10	-1
678	702	11718	10	7	3	6.07	1
678	703	11376	9	8	1	10.61	1
678	704	11544	10	3	7	-6.07	-1
678	705	11460	10	1	9	-12.13	-1
678	706	10834	9	4	5	-1.52	-1
678	707	10302	9	8	1	10.61	1
678	708	8543	8	1	7	-9.10	-1
678	709	7719	7	7	0	10.61	1
678	710	7347	7	1	6	-7.58	-1
678	711	6767	6	6	0	9.10	1
678	712	6246	4	1	3	-3.03	-1
678	713	5883	4	3	1	3.03	1
678	714	5854	4	1	3	-3.03	-1
678	715	5588	2	2	0	3.03	1
678	716	5384	2	0	2	-3.03	-1
678	717	5132	2	1	1	0.00	1
678	718	3295	2	0	2	-3.03	-1
678	719	3130	2	1	1	0.00	1
678	720	2059	2	0	2	-3.03	-1
678	721	2015	2	2	0	3.03	1
678	722	1145	2	1	1	0.00	1
679	680	15884	15	1	14	-19.71	-1
679	681	15388	14	14	0	21.23	1
679	682	15280	13	8	5	4.55	1
679	683	15264	13	11	2	13.65	1
679	684	15016	13	13	0	19.71	1
679	685	13954	11	9	2	10.61	1
679	686	14823	13	8	5	4.55	1
679	687	13712	13	10	3	10.61	1
679	688	13540	13	1	12	-16.68	-1
679	689	13406	13	11	2	13.65	1
679	690	11024	8	4	4	0.00	1
679	691	11896	12	9	3	9.10	1
679	692	10989	11	11	0	16.68	1
679	693	10939	11	2	9	-10.61	-1
679	694	10375	11	10	1	13.65	1
679	695	10214	11	3	8	-7.58	-1
679	696	9252	10	1	9	-12.13	-1
679	697	8767	10	0	10	-15.16	-1
679	698	7191	9	6	3	4.55	1
679	699	7147	9	9	0	13.65	1
679	700	6806	9	9	0	13.65	1
679	701	6487	8	1	7	-9.10	-1
679	702	6379	8	6	2	6.07	1
679	703	6304	8	7	1	9.10	1
679	704	6205	8	0	8	-12.13	-1
679	705	6121	8	2	6	-6.07	-1
679	706	5495	7	1	6	-7.58	-1
679	707	4963	7	3	4	-1.52	-1
679	708	3204	6	3	3	0.00	1
679	709	2380	5	4	1	4.55	1
679	710	2008	5	1	4	-4.55	-1
679	711	1428	4	4	0	6.07	1
679	712	907	2	1	1	0.00	1
679	713	544	2	1	1	0.00	1
679	714	515	2	0	2	-3.03	-1
680	681	15388	14	5	9	-6.07	-1
680	682	15676	13	2	11	-13.65	-1
680	683	15660	13	3	10	-10.61	-1
680	684	15133	13	1	12	-16.68	-1
680	685	13954	11	2	9	-10.61	-1
680	686	15219	13	2	11	-13.65	-1
680	687	14108	13	3	10	-10.61	-1
680	688	13936	13	9	4	7.58	1
680	689	13802	13	3	10	-10.61	-1
680	690	11024	8	8	0	12.13	1
680	691	12292	12	4	8	-6.07	-1
680	692	11385	11	1	10	-13.65	-1
680	693	11335	11	11	0	16.68	1
680	694	10771	11	3	8	-7.58	-1
680	695	10610	11	11	0	16.68	1
680	696	9648	10	10	0	15.16	1
680	697	9163	10	7	3	6.07	1
680	698	7587	9	1	8	-10.61	-1
680	699	7543	9	2	7	-7.58	-1
680	700	7202	9	1	8	-10.61	-1
680	701	6883	8	7	1	9.10	1
680	702	6775	8	1	7	-9.10	-1
680	703	6700	8	1	7	-9.10	-1
680	704	6601	8	5	3	3.03	1
680	705	6517	8	7	1	9.10	1
680	706	5891	7	7	0	10.61	1
680	707	5359	7	3	4	-1.52	-1
680	708	3600	6	5	1	6.07	1
680	709	2776	5	2	3	-1.52	-1
680	710	2404	5	4	1	4.55	1
680	711	1824	4	0	4	-6.07	-1
680	712	1303	2	2	0	3.03	1
680	713	940	2	0	2	-3.03	-1
680	714	911	2	1	1	0.00	1
681	682	15013	13	6	7	-1.52	-1
681	683	14997	13	11	2	13.65	1
681	684	14749	13	12	1	16.68	1
681	685	13954	11	11	0	16.68	1
681	686	14556	13	10	3	10.61	1
681	687	13445	13	11	2	13.65	1
681	688	13273	13	1	12	-16.68	-1
681	689	13139	13	10	3	10.61	1
681	690	11024	8	2	6	-6.07	-1
681	691	11629	12	10	2	12.13	1
681	692	10722	11	8	3	7.58	1
681	693	10672	11	3	8	-7.58	-1
681	694	10108	11	10	1	13.65	1
681	695	9947	11	3	8	-7.58	-1
681	696	8985	10	3	7	-6.07	-1
681	697	8500	10	2	8	-9.10	-1
681	698	6924	9	8	1	10.61	1
681	699	6880	9	8	1	10.61	1
681	700	6539	9	9	0	13.65	1
681	701	6220	8	2	6	-6.07	-1
681	702	6112	8	8	0	12.13	1
681	703	6037	8	6	2	6.07	1
681	704	5938	8	1	7	-9.10	-1
681	705	5854	8	1	7	-9.10	-1
681	706	5228	7	1	6	-7.58	-1
681	707	4696	7	7	0	10.61	1
681	708	2937	6	1	5	-6.07	-1
681	709	2113	5	4	1	4.55	1
681	710	1741	5	0	5	-7.58	-1
681	711	1161	4	3	1	3.03	1
681	712	640	2	0	2	-3.03	-1
681	713	277	2	1	1	0.00	1
681	714	248	2	0	2	-3.03	-1
682	683	18336	13	11	2	13.65	1
682	684	15133	13	12	1	16.68	1
682	685	13954	11	8	3	7.58	1
682	686	19024	13	8	5	4.55	1
682	687	17913	13	12	1	16.68	1
682	688	17741	13	1	12	-16.68	-1
682	689	16354	13	10	3	10.61	1
682	690	11024	8	2	6	-6.07	-1
682	691	16097	12	10	2	12.13	1
682	692	15190	11	10	1	13.65	1
682	693	15140	11	1	10	-13.65	-1
682	694	14576	11	9	2	10.61	1
682	695	14415	11	3	8	-7.58	-1
682	696	13453	10	2	8	-9.10	-1
682	697	12968	10	2	8	-9.10	-1
682	698	11392	9	9	0	13.65	1
682	699	11348	9	7	2	7.58	1
682	700	11007	9	8	1	10.61	1
682	701	10688	8	1	7	-9.10	-1
682	702	10580	8	5	3	3.03	1
682	703	10505	8	8	0	12.13	1
682	704	10406	8	1	7	-9.10	-1
682	705	10322	8	1	7	-9.10	-1
682	706	9696	7	1	6	-7.58	-1
682	707	9164	7	7	0	10.61	1
682	708	7405	6	0	6	-9.10	-1
682	709	6581	5	3	2	1.52	1
682	710	6209	5	0	5	-7.58	-1
682	711	5629	4	3	1	3.03	1
682	712	5108	2	1	1	0.00	1
682	713	4745	2	1	1	0.00	1
682	714	4716	2	0	2	-3.03	-1
683	684	15133	13	12	1	16.68	1
683	685	13954	11	9	2	10.61	1
683	686	17895	13	10	3	10.61	1
683	687	16784	13	10	3	10.61	1
683	688	16612	13	3	10	-10.61	-1
683	689	16354	13	12	1	16.68	1
683	690	11024	8	2	6	-6.07	-1
683	691	14968	12	11	1	15.16	1
683	692	14061	11	10	1	13.65	1
683	693	14011	11	2	9	-10.61	-1
683	694	13447	11	11	0	16.68	1
683	695	13286	11	2	9	-10.61	-1
683	696	12324	10	1	9	-12.13	-1
683	697	11839	10	3	7	-6.07	-1
683	698	10263	9	6	3	4.55	1
683	699	10219	9	7	2	7.58	1
683	700	9878	9	9	0	13.65	1
683	701	9559	8	2	6	-6.07	-1
683	702	9451	8	5	3	3.03	1
683	703	9376	8	7	1	9.10	1
683	704	9277	8	3	5	-3.03	-1
683	705	9193	8	1	7	-9.10	-1
683	706	8567	7	2	5	-4.55	-1
683	707	8035	7	4	3	1.52	1
683	708	6276	6	1	5	-6.07	-1
683	709	5452	5	5	0	7.58	1
683	710	5080	5	0	5	-7.58	-1
683	711	4500	4	4	0	6.07	1
683	712	3979	2	0	2	-3.03	-1
683	713	3616	2	2	0	3.03	1
683	714	3587	2	0	2	-3.03	-1
684	685	13954	11	9	2	10.61	1
684	686	14940	13	11	2	13.65	1
684	687	13829	13	10	3	10.61	1
684	688	13657	13	3	10	-10.61	-1
684	689	13523	13	10	3	10.61	1
684	690	11024	8	1	7	-9.10	-1
684	691	12013	12	10	2	12.13	1
684	692	11106	11	8	3	7.58	1
684	693	11056	11	0	11	-16.68	-1
684	694	10492	11	11	0	16.68	1
684	695	10331	11	1	10	-13.65	-1
684	696	9369	10	1	9	-12.13	-1
684	697	8884	10	3	7	-6.07	-1
684	698	7308	9	5	4	1.52	1
684	699	7264	9	8	1	10.61	1
684	700	6923	9	8	1	10.61	1
684	701	6604	8	2	6	-6.07	-1
684	702	6496	8	6	2	6.07	1
684	703	6421	8	5	3	3.03	1
684	704	6322	8	1	7	-9.10	-1
684	705	6238	8	3	5	-3.03	-1
684	706	5612	7	1	6	-7.58	-1
684	707	5080	7	7	0	10.61	1
684	708	3321	6	0	6	-9.10	-1
684	709	2497	5	5	0	7.58	1
684	710	2125	5	0	5	-7.58	-1
684	711	1545	4	4	0	6.07	1
684	712	1024	2	0	2	-3.03	-1
684	713	661	2	2	0	3.03	1
684	714	632	2	1	1	0.00	1
685	686	13833	11	9	2	10.61	1
685	687	12722	11	8	3	7.58	1
685	688	12550	11	3	8	-7.58	-1
685	689	12416	11	9	2	10.61	1
685	690	11024	8	0	8	-12.13	-1
685	691	10906	10	9	1	12.13	1
685	692	9999	9	8	1	10.61	1
685	693	9949	9	2	7	-7.58	-1
685	694	9385	9	9	0	13.65	1
685	695	9224	9	4	5	-1.52	-1
685	696	8262	8	1	7	-9.10	-1
685	697	7777	8	1	7	-9.10	-1
685	698	6201	7	7	0	10.61	1
685	699	6157	7	7	0	10.61	1
685	700	5816	7	6	1	7.58	1
685	701	5497	6	0	6	-9.10	-1
685	702	5389	6	4	2	3.03	1
685	703	5314	6	6	0	9.10	1
685	704	5215	6	0	6	-9.10	-1
685	705	5131	6	0	6	-9.10	-1
685	706	4505	5	2	3	-1.52	-1
685	707	3973	5	3	2	1.52	1
685	708	2214	4	0	4	-6.07	-1
685	709	1390	3	2	1	1.52	1
685	710	1018	3	0	3	-4.55	-1
685	711	438	2	1	1	0.00	1
686	687	18213	13	10	3	10.61	1
686	688	23470	16	6	10	-6.07	-1
686	689	16354	13	11	2	13.65	1
686	690	11024	8	2	6	-6.07	-1
686	691	16794	12	11	1	15.16	1
686	692	19190	14	12	2	15.16	1
686	693	18099	13	2	11	-13.65	-1
686	694	17099	13	11	2	13.65	1
686	695	17698	13	2	11	-13.65	-1
686	696	22127	15	2	13	-16.68	-1
686	697	21642	15	0	15	-22.75	-1
686	698	16000	12	11	1	15.16	1
686	699	16081	12	8	4	6.07	1
686	700	12989	11	10	1	13.65	1
686	701	12672	10	1	9	-12.13	-1
686	702	19254	13	11	2	13.65	1
686	703	11376	9	7	2	7.58	1
686	704	15965	11	2	9	-10.61	-1
686	705	15911	11	0	11	-16.68	-1
686	706	13873	10	1	9	-12.13	-1
686	707	15899	11	10	1	13.65	1
686	708	16079	11	4	7	-4.55	-1
686	709	12928	9	6	3	4.55	1
686	710	14883	10	2	8	-9.10	-1
686	711	14303	9	8	1	10.61	1
686	712	13782	7	2	5	-4.55	-1
686	713	11888	6	6	0	9.10	1
686	714	13390	7	0	7	-10.61	-1
686	715	10553	3	1	2	-1.52	-1
686	716	12920	5	0	5	-7.58	-1
686	717	12668	5	5	0	7.58	1
686	718	10831	5	2	3	-1.52	-1
686	719	10666	5	5	0	7.58	1
686	720	9595	5	0	5	-7.58	-1
686	721	9551	5	4	1	4.55	1
686	722	8681	5	1	4	-4.55	-1
686	723	7358	3	0	3	-4.55	-1
686	724	7148	3	3	0	4.55	1
686	725	7102	3	1	2	-1.52	-1
686	726	6524	3	3	0	4.55	1
686	727	6424	3	2	1	1.52	1
686	728	5457	3	3	0	4.55	1
686	729	3888	2	1	1	0.00	1
686	730	3696	2	2	0	3.03	1
686	731	3625	2	0	2	-3.03	-1
686	732	3434	2	2	0	3.03	1
686	733	2938	2	1	1	0.00	1
686	734	2584	2	1	1	0.00	1
687	688	18041	13	4	9	-7.58	-1
687	689	16354	13	11	2	13.65	1
687	690	11024	8	3	5	-3.03	-1
687	691	16397	12	9	3	9.10	1
687	692	15490	11	8	3	7.58	1
687	693	15440	11	3	8	-7.58	-1
687	694	14876	11	9	2	10.61	1
687	695	14715	11	1	10	-13.65	-1
687	696	13753	10	2	8	-9.10	-1
687	697	13268	10	1	9	-12.13	-1
687	698	11692	9	7	2	7.58	1
687	699	11648	9	7	2	7.58	1
687	700	11307	9	6	3	4.55	1
687	701	10988	8	1	7	-9.10	-1
687	702	10880	8	7	1	9.10	1
687	703	10805	8	5	3	3.03	1
687	704	10706	8	2	6	-6.07	-1
687	705	10622	8	2	6	-6.07	-1
687	706	9996	7	2	5	-4.55	-1
687	707	9464	7	6	1	7.58	1
687	708	7705	6	2	4	-3.03	-1
687	709	6881	5	5	0	7.58	1
687	710	6509	5	1	4	-4.55	-1
687	711	5929	4	4	0	6.07	1
687	712	5408	2	0	2	-3.03	-1
687	713	5045	2	2	0	3.03	1
687	714	5016	2	1	1	0.00	1
688	689	16354	13	3	10	-10.61	-1
688	690	11024	8	6	2	6.07	1
688	691	16794	12	3	9	-9.10	-1
688	692	19190	14	2	12	-15.16	-1
688	693	18099	13	9	4	7.58	1
688	694	17099	13	2	11	-13.65	-1
688	695	17698	13	10	3	10.61	1
688	696	19182	13	10	3	10.61	1
688	697	18697	13	11	2	13.65	1
688	698	16000	12	0	12	-18.20	-1
688	699	16081	12	1	11	-15.16	-1
688	700	12989	11	4	7	-4.55	-1
688	701	12672	10	7	3	6.07	1
688	702	16309	11	2	9	-10.61	-1
688	703	11376	9	3	6	-4.55	-1
688	704	15965	11	5	6	-1.52	-1
688	705	15911	11	8	3	7.58	1
688	706	13873	10	8	2	9.10	1
688	707	14893	10	3	7	-6.07	-1
688	708	13134	9	9	0	13.65	1
688	709	12310	8	1	7	-9.10	-1
688	710	11938	8	6	2	6.07	1
688	711	11358	7	2	5	-4.55	-1
688	712	10837	5	5	0	7.58	1
688	713	10474	5	1	4	-4.55	-1
688	714	10445	5	2	3	-1.52	-1
688	715	10179	3	2	1	1.52	1
688	716	9975	3	3	0	4.55	1
688	717	9723	3	0	3	-4.55	-1
688	718	7886	3	2	1	1.52	1
688	719	7721	3	0	3	-4.55	-1
688	720	6650	3	2	1	1.52	1
688	721	6606	3	2	1	1.52	1
688	722	5736	3	2	1	1.52	1
688	723	4413	1	0	1	-1.52	-1
688	724	4203	1	0	1	-1.52	-1
688	725	4157	1	1	0	1.52	1
688	726	3579	1	0	1	-1.52	-1
688	727	3479	1	0	1	-1.52	-1
688	728	2512	1	0	1	-1.52	-1
689	690	11024	8	2	6	-6.07	-1
689	691	14844	12	12	0	18.20	1
689	692	13937	11	10	1	13.65	1
689	693	13887	11	3	8	-7.58	-1
689	694	13323	11	11	0	16.68	1
689	695	13162	11	0	11	-16.68	-1
689	696	12200	10	1	9	-12.13	-1
689	697	11715	10	0	10	-15.16	-1
689	698	10139	9	7	2	7.58	1
689	699	10095	9	7	2	7.58	1
689	700	9754	9	7	2	7.58	1
689	701	9435	8	0	8	-12.13	-1
689	702	9327	8	8	0	12.13	1
689	703	9252	8	8	0	12.13	1
689	704	9153	8	1	7	-9.10	-1
689	705	9069	8	1	7	-9.10	-1
689	706	8443	7	1	6	-7.58	-1
689	707	7911	7	7	0	10.61	1
689	708	6152	6	0	6	-9.10	-1
689	709	5328	5	5	0	7.58	1
689	710	4956	5	1	4	-4.55	-1
689	711	4376	4	4	0	6.07	1
689	712	3855	2	1	1	0.00	1
689	713	3492	2	2	0	3.03	1
689	714	3463	2	1	1	0.00	1
690	691	10669	8	1	7	-9.10	-1
690	692	9762	7	2	5	-4.55	-1
690	693	9712	7	5	2	4.55	1
690	694	9148	7	1	6	-7.58	-1
690	695	8987	7	6	1	7.58	1
690	696	8025	6	5	1	6.07	1
690	697	7540	6	5	1	6.07	1
690	698	5964	5	2	3	-1.52	-1
690	699	5920	5	2	3	-1.52	-1
690	700	5579	5	0	5	-7.58	-1
690	701	5260	4	3	1	3.03	1
690	702	5152	4	1	3	-3.03	-1
690	703	5077	4	0	4	-6.07	-1
690	704	4978	4	3	1	3.03	1
690	705	4894	4	3	1	3.03	1
690	706	4268	3	3	0	4.55	1
690	707	3736	3	0	3	-4.55	-1
690	708	1977	2	1	1	0.00	1
690	709	1153	1	1	0	1.52	1
690	710	781	1	1	0	1.52	1
691	692	15887	11	7	4	4.55	1
691	693	15837	11	0	11	-16.68	-1
691	694	15273	11	10	1	13.65	1
691	695	15112	11	1	10	-13.65	-1
691	696	14150	10	2	8	-9.10	-1
691	697	13665	10	1	9	-12.13	-1
691	698	12089	9	7	2	7.58	1
691	699	12045	9	9	0	13.65	1
691	700	11704	9	5	4	1.52	1
691	701	11385	8	1	7	-9.10	-1
691	702	11277	8	7	1	9.10	1
691	703	11202	8	6	2	6.07	1
691	704	11103	8	1	7	-9.10	-1
691	705	11019	8	2	6	-6.07	-1
691	706	10393	7	1	6	-7.58	-1
691	707	9861	7	6	1	7.58	1
691	708	8102	6	2	4	-3.03	-1
691	709	7278	5	5	0	7.58	1
691	710	6906	5	0	5	-7.58	-1
691	711	6326	4	3	1	3.03	1
691	712	5805	2	0	2	-3.03	-1
691	713	5442	2	1	1	0.00	1
691	714	5413	2	0	2	-3.03	-1
692	693	18099	13	2	11	-13.65	-1
692	694	17099	13	12	1	16.68	1
692	695	17698	13	2	11	-13.65	-1
692	696	17453	13	4	9	-7.58	-1
692	697	16968	13	3	10	-10.61	-1
692	698	15392	12	8	4	6.07	1
692	699	15348	12	9	3	9.10	1
692	700	12989	11	9	2	10.61	1
692	701	12672	10	1	9	-12.13	-1
692	702	14580	11	8	3	7.58	1
692	703	11376	9	9	0	13.65	1
692	704	14406	11	3	8	-7.58	-1
692	705	14322	11	3	8	-7.58	-1
692	706	13696	10	1	9	-12.13	-1
692	707	13164	10	8	2	9.10	1
692	708	11405	9	0	9	-13.65	-1
692	709	10581	8	7	1	9.10	1
692	710	10209	8	1	7	-9.10	-1
692	711	9629	7	4	3	1.52	1
692	712	9108	5	0	5	-7.58	-1
692	713	8745	5	3	2	1.52	1
692	714	8716	5	1	4	-4.55	-1
692	715	8450	3	0	3	-4.55	-1
692	716	8246	3	2	1	1.52	1
692	717	7994	3	2	1	1.52	1
692	718	6157	3	0	3	-4.55	-1
692	719	5992	3	3	0	4.55	1
692	720	4921	3	1	2	-1.52	-1
692	721	4877	3	2	1	1.52	1
692	722	4007	3	0	3	-4.55	-1
692	723	2684	1	0	1	-1.52	-1
692	724	2474	1	1	0	1.52	1
692	725	2428	1	1	0	1.52	1
692	726	1850	1	1	0	1.52	1
692	727	1750	1	1	0	1.52	1
692	728	783	1	1	0	1.52	1
693	694	17099	13	0	13	-19.71	-1
693	695	17374	13	13	0	19.71	1
693	696	16412	12	11	1	15.16	1
693	697	15927	12	11	1	15.16	1
693	698	14351	11	2	9	-10.61	-1
693	699	14307	11	2	9	-10.61	-1
693	700	12989	11	2	9	-10.61	-1
693	701	12672	10	7	3	6.07	1
693	702	13539	10	1	9	-12.13	-1
693	703	11376	9	3	6	-4.55	-1
693	704	13365	10	10	0	15.16	1
693	705	13281	10	8	2	9.10	1
693	706	12655	9	8	1	10.61	1
693	707	12123	9	3	6	-4.55	-1
693	708	10364	8	6	2	6.07	1
693	709	9540	7	1	6	-7.58	-1
693	710	9168	7	6	1	7.58	1
693	711	8588	6	2	4	-3.03	-1
693	712	8067	4	2	2	0.00	1
693	713	7704	4	1	3	-3.03	-1
693	714	7675	4	3	1	3.03	1
693	715	7409	2	2	0	3.03	1
693	716	7205	2	1	1	0.00	1
693	717	6953	2	0	2	-3.03	-1
693	718	5116	2	1	1	0.00	1
693	719	4951	2	0	2	-3.03	-1
693	720	3880	2	2	0	3.03	1
693	721	3836	2	0	2	-3.03	-1
693	722	2966	2	2	0	3.03	1
694	695	16938	13	2	11	-13.65	-1
694	696	15976	12	2	10	-12.13	-1
694	697	15491	12	2	10	-12.13	-1
694	698	13915	11	10	1	13.65	1
694	699	13871	11	9	2	10.61	1
694	700	12989	11	9	2	10.61	1
694	701	12672	10	3	7	-6.07	-1
694	702	13103	10	9	1	12.13	1
694	703	11376	9	8	1	10.61	1
694	704	12929	10	4	6	-3.03	-1
694	705	12845	10	2	8	-9.10	-1
694	706	12219	9	1	8	-10.61	-1
694	707	11687	9	8	1	10.61	1
694	708	9928	8	1	7	-9.10	-1
694	709	9104	7	6	1	7.58	1
694	710	8732	7	1	6	-7.58	-1
694	711	8152	6	5	1	6.07	1
694	712	7631	4	2	2	0.00	1
694	713	7268	4	3	1	3.03	1
694	714	7239	4	0	4	-6.07	-1
694	715	6973	2	0	2	-3.03	-1
694	716	6769	2	0	2	-3.03	-1
694	717	6517	2	0	2	-3.03	-1
694	718	4680	2	0	2	-3.03	-1
694	719	4515	2	2	0	3.03	1
694	720	3444	2	1	1	0.00	1
694	721	3400	2	0	2	-3.03	-1
694	722	2530	2	0	2	-3.03	-1
695	696	16736	12	11	1	15.16	1
695	697	16251	12	11	1	15.16	1
695	698	14675	11	0	11	-16.68	-1
695	699	14631	11	3	8	-7.58	-1
695	700	12989	11	0	11	-16.68	-1
695	701	12672	10	8	2	9.10	1
695	702	13863	10	3	7	-6.07	-1
695	703	11376	9	1	8	-10.61	-1
695	704	13689	10	8	2	9.10	1
695	705	13605	10	7	3	6.07	1
695	706	12979	9	6	3	4.55	1
695	707	12447	9	2	7	-7.58	-1
695	708	10688	8	7	1	9.10	1
695	709	9864	7	2	5	-4.55	-1
695	710	9492	7	4	3	1.52	1
695	711	8912	6	1	5	-6.07	-1
695	712	8391	4	2	2	0.00	1
695	713	8028	4	2	2	0.00	1
695	714	7999	4	4	0	6.07	1
695	715	7733	2	2	0	3.03	1
695	716	7529	2	2	0	3.03	1
695	717	7277	2	0	2	-3.03	-1
695	718	5440	2	1	1	0.00	1
695	719	5275	2	0	2	-3.03	-1
695	720	4204	2	1	1	0.00	1
695	721	4160	2	0	2	-3.03	-1
695	722	3290	2	2	0	3.03	1
696	697	21880	16	14	2	18.20	1
696	698	16000	12	0	12	-18.20	-1
696	699	16081	12	1	11	-15.16	-1
696	700	12989	11	4	7	-4.55	-1
696	701	12672	10	5	5	0.00	1
696	702	19492	14	2	12	-15.16	-1
696	703	11376	9	1	8	-10.61	-1
696	704	15965	11	8	3	7.58	1
696	705	15911	11	9	2	10.61	1
696	706	13873	10	10	0	15.16	1
696	707	15899	11	4	7	-4.55	-1
696	708	16317	12	12	0	18.20	1
696	709	12928	9	1	8	-10.61	-1
696	710	15121	11	10	1	13.65	1
696	711	14541	10	2	8	-9.10	-1
696	712	14020	8	7	1	9.10	1
696	713	11888	6	1	5	-6.07	-1
696	714	13628	8	7	1	9.10	1
696	715	10553	3	3	0	4.55	1
696	716	13158	6	4	2	3.03	1
696	717	12906	6	1	5	-6.07	-1
696	718	11069	6	6	0	9.10	1
696	719	10904	6	0	6	-9.10	-1
696	720	9833	6	3	3	0.00	1
696	721	9789	6	1	5	-6.07	-1
696	722	8919	6	4	2	3.03	1
696	723	7596	4	4	0	6.07	1
696	724	7386	4	1	3	-3.03	-1
696	725	7340	4	3	1	3.03	1
696	726	6762	4	0	4	-6.07	-1
696	727	6662	4	1	3	-3.03	-1
696	728	5695	4	1	3	-3.03	-1
696	729	4126	3	3	0	4.55	1
696	730	3934	3	0	3	-4.55	-1
696	731	3863	3	2	1	1.52	1
696	732	3672	3	1	2	-1.52	-1
696	733	3176	3	2	1	1.52	1
696	734	2822	3	3	0	4.55	1
697	698	16000	12	0	12	-18.20	-1
697	699	16081	12	4	8	-6.07	-1
697	700	12989	11	1	10	-13.65	-1
697	701	12672	10	9	1	12.13	1
697	702	21012	16	3	13	-15.16	-1
697	703	11376	9	1	8	-10.61	-1
697	704	15965	11	8	3	7.58	1
697	705	15911	11	8	3	7.58	1
697	706	13873	10	10	0	15.16	1
697	707	15899	11	2	9	-10.61	-1
697	708	17837	14	12	2	15.16	1
697	709	12928	9	2	7	-7.58	-1
697	710	16641	13	12	1	16.68	1
697	711	16061	12	0	12	-18.20	-1
697	712	15540	10	9	1	12.13	1
697	713	11888	6	3	3	0.00	1
697	714	15148	10	8	2	9.10	1
697	715	10553	3	3	0	4.55	1
697	716	14678	8	6	2	6.07	1
697	717	14426	8	1	7	-9.10	-1
697	718	12589	8	6	2	6.07	1
697	719	12424	8	0	8	-12.13	-1
697	720	11353	8	6	2	6.07	1
697	721	11309	8	0	8	-12.13	-1
697	722	10439	8	6	2	6.07	1
697	723	9116	6	3	3	0.00	1
697	724	8906	6	1	5	-6.07	-1
697	725	8860	6	4	2	3.03	1
697	726	8282	6	2	4	-3.03	-1
697	727	8182	6	2	4	-3.03	-1
697	728	7215	6	1	5	-6.07	-1
697	729	5646	5	5	0	7.58	1
697	730	5454	5	1	4	-4.55	-1
697	731	5383	5	5	0	7.58	1
697	732	5192	5	1	4	-4.55	-1
697	733	4696	5	0	5	-7.58	-1
697	734	4342	5	1	4	-4.55	-1
697	735	1385	1	1	0	1.52	1
697	736	972	1	1	0	1.52	1
698	699	15956	12	10	2	12.13	1
698	700	12989	11	8	3	7.58	1
698	701	12672	10	0	10	-15.16	-1
698	702	15188	11	8	3	7.58	1
698	703	11376	9	6	3	4.55	1
698	704	15014	11	1	10	-13.65	-1
698	705	14930	11	0	11	-16.68	-1
698	706	13873	10	3	7	-6.07	-1
698	707	13772	10	7	3	6.07	1
698	708	12013	9	2	7	-7.58	-1
698	709	11189	8	8	0	12.13	1
698	710	10817	8	2	6	-6.07	-1
698	711	10237	7	4	3	1.52	1
698	712	9716	5	1	4	-4.55	-1
698	713	9353	5	4	1	4.55	1
698	714	9324	5	0	5	-7.58	-1
698	715	9058	3	1	2	-1.52	-1
698	716	8854	3	0	3	-4.55	-1
698	717	8602	3	3	0	4.55	1
698	718	6765	3	1	2	-1.52	-1
698	719	6600	3	3	0	4.55	1
698	720	5529	3	0	3	-4.55	-1
698	721	5485	3	2	1	1.52	1
698	722	4615	3	0	3	-4.55	-1
698	723	3292	1	0	1	-1.52	-1
698	724	3082	1	1	0	1.52	1
698	725	3036	1	0	1	-1.52	-1
698	726	2458	1	1	0	1.52	1
698	727	2358	1	0	1	-1.52	-1
698	728	1391	1	1	0	1.52	1
699	700	12989	11	9	2	10.61	1
699	701	12672	10	1	9	-12.13	-1
699	702	15313	11	9	2	10.61	1
699	703	11376	9	6	3	4.55	1
699	704	15139	11	2	9	-10.61	-1
699	705	15055	11	2	9	-10.61	-1
699	706	13873	10	3	7	-6.07	-1
699	707	13897	10	9	1	12.13	1
699	708	12138	9	1	8	-10.61	-1
699	709	11314	8	6	2	6.07	1
699	710	10942	8	0	8	-12.13	-1
699	711	10362	7	4	3	1.52	1
699	712	9841	5	1	4	-4.55	-1
699	713	9478	5	4	1	4.55	1
699	714	9449	5	2	3	-1.52	-1
699	715	9183	3	1	2	-1.52	-1
699	716	8979	3	1	2	-1.52	-1
699	717	8727	3	2	1	1.52	1
699	718	6890	3	1	2	-1.52	-1
699	719	6725	3	2	1	1.52	1
699	720	5654	3	0	3	-4.55	-1
699	721	5610	3	2	1	1.52	1
699	722	4740	3	0	3	-4.55	-1
699	723	3417	1	0	1	-1.52	-1
699	724	3207	1	1	0	1.52	1
699	725	3161	1	0	1	-1.52	-1
699	726	2583	1	1	0	1.52	1
699	727	2483	1	1	0	1.52	1
699	728	1516	1	1	0	1.52	1
700	701	12670	10	2	8	-9.10	-1
700	702	12562	10	8	2	9.10	1
700	703	11376	9	8	1	10.61	1
700	704	12388	10	3	7	-6.07	-1
700	705	12304	10	2	8	-9.10	-1
700	706	11678	9	2	7	-7.58	-1
700	707	11146	9	9	0	13.65	1
700	708	9387	8	0	8	-12.13	-1
700	709	8563	7	5	2	4.55	1
700	710	8191	7	1	6	-7.58	-1
700	711	7611	6	6	0	9.10	1
700	712	7090	4	0	4	-6.07	-1
700	713	6727	4	3	1	3.03	1
700	714	6698	4	2	2	0.00	1
700	715	6432	2	0	2	-3.03	-1
700	716	6228	2	0	2	-3.03	-1
700	717	5976	2	1	1	0.00	1
700	718	4139	2	0	2	-3.03	-1
700	719	3974	2	2	0	3.03	1
700	720	2903	2	0	2	-3.03	-1
700	721	2859	2	1	1	0.00	1
700	722	1989	2	0	2	-3.03	-1
701	702	12564	10	0	10	-15.16	-1
701	703	11376	9	0	9	-13.65	-1
701	704	12390	10	9	1	12.13	1
701	705	12306	10	7	3	6.07	1
701	706	11680	9	8	1	10.61	1
701	707	11148	9	2	7	-7.58	-1
701	708	9389	8	8	0	12.13	1
701	709	8565	7	1	6	-7.58	-1
701	710	8193	7	6	1	7.58	1
701	711	7613	6	0	6	-9.10	-1
701	712	7092	4	3	1	3.03	1
701	713	6729	4	0	4	-6.07	-1
701	714	6700	4	3	1	3.03	1
701	715	6434	2	2	0	3.03	1
701	716	6230	2	1	1	0.00	1
701	717	5978	2	1	1	0.00	1
701	718	4141	2	2	0	3.03	1
701	719	3976	2	0	2	-3.03	-1
701	720	2905	2	1	1	0.00	1
701	721	2861	2	0	2	-3.03	-1
701	722	1991	2	2	0	3.03	1
702	703	11376	9	9	0	13.65	1
702	704	15965	11	2	9	-10.61	-1
702	705	15911	11	2	9	-10.61	-1
702	706	13873	10	1	9	-12.13	-1
702	707	15899	11	10	1	13.65	1
702	708	22850	18	9	9	0.00	1
702	709	12928	9	8	1	10.61	1
702	710	17960	15	4	11	-10.61	-1
702	711	17432	14	12	2	15.16	1
702	712	17050	12	2	10	-12.13	-1
702	713	11888	6	6	0	9.10	1
702	714	20342	14	0	14	-21.23	-1
702	715	10553	3	0	3	-4.55	-1
702	716	19567	12	2	10	-12.13	-1
702	717	20637	13	12	1	16.68	1
702	718	15959	12	2	10	-12.13	-1
702	719	13509	10	8	2	9.10	1
702	720	17587	13	1	12	-16.68	-1
702	721	16894	13	8	5	4.55	1
702	722	15730	12	0	12	-18.20	-1
702	723	19309	15	2	13	-16.68	-1
702	724	18016	13	11	2	13.65	1
702	725	20749	16	1	15	-21.23	-1
702	726	18454	15	14	1	19.71	1
702	727	16336	11	7	4	4.55	1
702	728	13774	11	10	1	13.65	1
702	729	16510	15	3	12	-13.65	-1
702	730	11991	10	9	1	12.13	1
702	731	19296	18	2	16	-21.23	-1
702	732	19524	18	11	7	6.07	1
702	733	19028	18	15	3	18.20	1
702	734	18617	18	5	13	-12.13	-1
702	735	12887	11	3	8	-7.58	-1
702	736	15304	14	3	11	-12.13	-1
702	737	14714	13	9	4	7.58	1
702	738	12685	12	2	10	-12.13	-1
702	739	14071	12	3	9	-9.10	-1
702	740	13974	11	4	7	-4.55	-1
702	741	13230	11	1	10	-13.65	-1
702	742	12191	9	8	1	10.61	1
702	743	11551	9	8	1	10.61	1
702	744	10823	9	8	1	10.61	1
702	745	10361	9	9	0	13.65	1
702	746	9925	9	9	0	13.65	1
702	747	9494	9	2	7	-7.58	-1
702	748	9052	9	2	7	-7.58	-1
702	749	8934	8	5	3	3.03	1
702	750	8707	8	6	2	6.07	1
702	751	8249	8	0	8	-12.13	-1
702	752	7938	8	3	5	-3.03	-1
702	753	7911	8	7	1	9.10	1
702	754	7644	8	1	7	-9.10	-1
702	755	6801	8	1	7	-9.10	-1
702	756	6403	8	6	2	6.07	1
702	757	5886	8	1	7	-9.10	-1
702	758	5462	7	6	1	7.58	1
702	759	3760	3	3	0	4.55	1
702	760	2364	3	1	2	-1.52	-1
702	761	2242	2	2	0	3.03	1
702	762	2139	2	1	1	0.00	1
703	704	11277	9	0	9	-13.65	-1
703	705	11193	9	2	7	-7.58	-1
703	706	10567	8	2	6	-6.07	-1
703	707	10035	8	8	0	12.13	1
703	708	8276	7	3	4	-1.52	-1
703	709	7452	6	6	0	9.10	1
703	710	7080	6	2	4	-3.03	-1
703	711	6500	5	5	0	7.58	1
703	712	5979	3	1	2	-1.52	-1
703	713	5616	3	2	1	1.52	1
703	714	5587	3	1	2	-1.52	-1
703	715	5321	1	0	1	-1.52	-1
703	716	5117	1	0	1	-1.52	-1
703	717	4865	1	1	0	1.52	1
703	718	3028	1	0	1	-1.52	-1
703	719	2863	1	1	0	1.52	1
703	720	1792	1	0	1	-1.52	-1
703	721	1748	1	1	0	1.52	1
703	722	878	1	0	1	-1.52	-1
704	705	15881	11	10	1	13.65	1
704	706	13873	10	8	2	9.10	1
704	707	14723	10	1	9	-12.13	-1
704	708	12964	9	8	1	10.61	1
704	709	12140	8	1	7	-9.10	-1
704	710	11768	8	7	1	9.10	1
704	711	11188	7	2	5	-4.55	-1
704	712	10667	5	5	0	7.58	1
704	713	10304	5	0	5	-7.58	-1
704	714	10275	5	5	0	7.58	1
704	715	10009	3	2	1	1.52	1
704	716	9805	3	3	0	4.55	1
704	717	9553	3	0	3	-4.55	-1
704	718	7716	3	3	0	4.55	1
704	719	7551	3	0	3	-4.55	-1
704	720	6480	3	3	0	4.55	1
704	721	6436	3	0	3	-4.55	-1
704	722	5566	3	2	1	1.52	1
704	723	4243	1	0	1	-1.52	-1
704	724	4033	1	1	0	1.52	1
704	725	3987	1	1	0	1.52	1
704	726	3409	1	1	0	1.52	1
704	727	3309	1	0	1	-1.52	-1
704	728	2342	1	1	0	1.52	1
705	706	13873	10	9	1	12.13	1
705	707	14753	10	2	8	-9.10	-1
705	708	12994	9	8	1	10.61	1
705	709	12170	8	2	6	-6.07	-1
705	710	11798	8	8	0	12.13	1
705	711	11218	7	1	6	-7.58	-1
705	712	10697	5	5	0	7.58	1
705	713	10334	5	0	5	-7.58	-1
705	714	10305	5	4	1	4.55	1
705	715	10039	3	3	0	4.55	1
705	716	9835	3	1	2	-1.52	-1
705	717	9583	3	2	1	1.52	1
705	718	7746	3	2	1	1.52	1
705	719	7581	3	0	3	-4.55	-1
705	720	6510	3	3	0	4.55	1
705	721	6466	3	0	3	-4.55	-1
705	722	5596	3	1	2	-1.52	-1
705	723	4273	1	0	1	-1.52	-1
705	724	4063	1	0	1	-1.52	-1
705	725	4017	1	1	0	1.52	1
705	726	3439	1	0	1	-1.52	-1
705	727	3339	1	0	1	-1.52	-1
705	728	2372	1	0	1	-1.52	-1
706	707	13341	10	2	8	-9.10	-1
706	708	11582	9	7	2	7.58	1
706	709	10758	8	2	6	-6.07	-1
706	710	10386	8	8	0	12.13	1
706	711	9806	7	3	4	-1.52	-1
706	712	9285	5	5	0	7.58	1
706	713	8922	5	1	4	-4.55	-1
706	714	8893	5	4	1	4.55	1
706	715	8627	3	2	1	1.52	1
706	716	8423	3	3	0	4.55	1
706	717	8171	3	1	2	-1.52	-1
706	718	6334	3	3	0	4.55	1
706	719	6169	3	1	2	-1.52	-1
706	720	5098	3	3	0	4.55	1
706	721	5054	3	1	2	-1.52	-1
706	722	4184	3	1	2	-1.52	-1
706	723	2861	1	1	0	1.52	1
706	724	2651	1	0	1	-1.52	-1
706	725	2605	1	1	0	1.52	1
706	726	2027	1	0	1	-1.52	-1
706	727	1927	1	0	1	-1.52	-1
706	728	960	1	0	1	-1.52	-1
707	708	14140	10	4	6	-3.03	-1
707	709	12928	9	7	2	7.58	1
707	710	12944	9	1	8	-10.61	-1
707	711	12364	8	8	0	12.13	1
707	712	11843	6	2	4	-3.03	-1
707	713	11480	6	6	0	9.10	1
707	714	11451	6	1	5	-6.07	-1
707	715	10553	3	1	2	-1.52	-1
707	716	10981	4	2	2	0.00	1
707	717	10729	4	4	0	6.07	1
707	718	8892	4	3	1	3.03	1
707	719	8727	4	3	1	3.03	1
707	720	7656	4	1	3	-3.03	-1
707	721	7612	4	4	0	6.07	1
707	722	6742	4	0	4	-6.07	-1
707	723	5419	2	0	2	-3.03	-1
707	724	5209	2	0	2	-3.03	-1
707	725	5163	2	0	2	-3.03	-1
707	726	4585	2	1	1	0.00	1
707	727	4485	2	1	1	0.00	1
707	728	3518	2	2	0	3.03	1
707	729	1949	1	0	1	-1.52	-1
707	730	1757	1	1	0	1.52	1
707	731	1686	1	0	1	-1.52	-1
707	732	1495	1	0	1	-1.52	-1
707	733	999	1	1	0	1.52	1
707	734	645	1	0	1	-1.52	-1
708	709	12928	9	1	8	-10.61	-1
708	710	17960	15	13	2	16.68	1
708	711	17432	14	3	11	-12.13	-1
708	712	17050	12	8	4	6.07	1
708	713	11888	6	1	5	-6.07	-1
708	714	20161	14	11	3	12.13	1
708	715	10553	3	3	0	4.55	1
708	716	19567	12	11	1	15.16	1
708	717	19439	12	1	11	-15.16	-1
708	718	15959	12	8	4	6.07	1
708	719	13509	10	4	6	-3.03	-1
708	720	16366	12	8	4	6.07	1
708	721	16322	12	2	10	-12.13	-1
708	722	15452	12	6	6	0.00	1
708	723	14129	10	9	1	12.13	1
708	724	13919	10	1	9	-12.13	-1
708	725	13873	10	9	1	12.13	1
708	726	13295	10	1	9	-12.13	-1
708	727	13195	10	3	7	-6.07	-1
708	728	12228	10	2	8	-9.10	-1
708	729	10659	9	7	2	7.58	1
708	730	10467	9	2	7	-7.58	-1
708	731	10396	9	7	2	7.58	1
708	732	10205	9	4	5	-1.52	-1
708	733	9709	9	0	9	-13.65	-1
708	734	9355	9	7	2	7.58	1
708	735	6398	5	3	2	1.52	1
708	736	5985	5	4	1	4.55	1
708	737	5395	4	0	4	-6.07	-1
708	738	5060	4	4	0	6.07	1
708	739	4752	3	2	1	1.52	1
708	740	4655	2	2	0	3.03	1
708	741	3911	2	2	0	3.03	1
709	710	12556	9	2	7	-7.58	-1
709	711	11976	8	7	1	9.10	1
709	712	11455	6	0	6	-9.10	-1
709	713	11092	6	5	1	6.07	1
709	714	11063	6	1	5	-6.07	-1
709	715	10553	3	2	1	1.52	1
709	716	10593	4	1	3	-3.03	-1
709	717	10341	4	4	0	6.07	1
709	718	8504	4	1	3	-3.03	-1
709	719	8339	4	4	0	6.07	1
709	720	7268	4	0	4	-6.07	-1
709	721	7224	4	4	0	6.07	1
709	722	6354	4	1	3	-3.03	-1
709	723	5031	2	0	2	-3.03	-1
709	724	4821	2	1	1	0.00	1
709	725	4775	2	1	1	0.00	1
709	726	4197	2	1	1	0.00	1
709	727	4097	2	2	0	3.03	1
709	728	3130	2	2	0	3.03	1
709	729	1561	1	0	1	-1.52	-1
709	730	1369	1	1	0	1.52	1
709	731	1298	1	0	1	-1.52	-1
709	732	1107	1	0	1	-1.52	-1
709	733	611	1	1	0	1.52	1
709	734	257	1	1	0	1.52	1
710	711	17380	14	0	14	-21.23	-1
710	712	16859	12	9	3	9.10	1
710	713	11888	6	2	4	-3.03	-1
710	714	16467	12	9	3	9.10	1
710	715	10553	3	3	0	4.55	1
710	716	15997	10	9	1	12.13	1
710	717	15745	10	2	8	-9.10	-1
710	718	13908	10	9	1	12.13	1
710	719	13509	10	5	5	0.00	1
710	720	12672	10	8	2	9.10	1
710	721	12628	10	2	8	-9.10	-1
710	722	11758	10	8	2	9.10	1
710	723	10435	8	6	2	6.07	1
710	724	10225	8	1	7	-9.10	-1
710	725	10179	8	7	1	9.10	1
710	726	9601	8	0	8	-12.13	-1
710	727	9501	8	1	7	-9.10	-1
710	728	8534	8	1	7	-9.10	-1
710	729	6965	7	7	0	10.61	1
710	730	6773	7	3	4	-1.52	-1
710	731	6702	7	7	0	10.61	1
710	732	6511	7	0	7	-10.61	-1
710	733	6015	7	3	4	-1.52	-1
710	734	5661	7	6	1	7.58	1
710	735	2704	3	2	1	1.52	1
710	736	2291	3	3	0	4.55	1
710	737	1701	2	0	2	-3.03	-1
710	738	1366	2	2	0	3.03	1
710	739	1058	1	0	1	-1.52	-1
711	712	16911	12	1	11	-15.16	-1
711	713	11888	6	5	1	6.07	1
711	714	16519	12	2	10	-12.13	-1
711	715	10553	3	0	3	-4.55	-1
711	716	16049	10	3	7	-6.07	-1
711	717	15797	10	9	1	12.13	1
711	718	13960	10	1	9	-12.13	-1
711	719	13509	10	8	2	9.10	1
711	720	12724	10	2	8	-9.10	-1
711	721	12680	10	8	2	9.10	1
711	722	11810	10	2	8	-9.10	-1
711	723	10487	8	2	6	-6.07	-1
711	724	10277	8	7	1	9.10	1
711	725	10231	8	1	7	-9.10	-1
711	726	9653	8	6	2	6.07	1
711	727	9553	8	8	0	12.13	1
711	728	8586	8	7	1	9.10	1
711	729	7017	7	3	4	-1.52	-1
711	730	6825	7	6	1	7.58	1
711	731	6754	7	1	6	-7.58	-1
711	732	6563	7	7	0	10.61	1
711	733	6067	7	5	2	4.55	1
711	734	5713	7	1	6	-7.58	-1
711	735	2756	3	2	1	1.52	1
711	736	2343	3	0	3	-4.55	-1
711	737	1753	2	2	0	3.03	1
711	738	1418	2	0	2	-3.03	-1
711	739	1110	1	1	0	1.52	1
712	713	11888	6	0	6	-9.10	-1
712	714	16658	12	12	0	18.20	1
712	715	10553	3	3	0	4.55	1
712	716	16188	10	5	5	0.00	1
712	717	15936	10	2	8	-9.10	-1
712	718	14099	10	8	2	9.10	1
712	719	13509	10	1	9	-12.13	-1
712	720	12863	10	8	2	9.10	1
712	721	12819	10	5	5	0.00	1
712	722	11949	10	8	2	9.10	1
712	723	10626	8	6	2	6.07	1
712	724	10416	8	2	6	-6.07	-1
712	725	10370	8	8	0	12.13	1
712	726	9792	8	2	6	-6.07	-1
712	727	9692	8	3	5	-3.03	-1
712	728	8725	8	1	7	-9.10	-1
712	729	7156	7	6	1	7.58	1
712	730	6964	7	0	7	-10.61	-1
712	731	6893	7	7	0	10.61	1
712	732	6702	7	2	5	-4.55	-1
712	733	6206	7	3	4	-1.52	-1
712	734	5852	7	6	1	7.58	1
712	735	2895	3	2	1	1.52	1
712	736	2482	3	2	1	1.52	1
712	737	1892	2	1	1	0.00	1
712	738	1557	2	1	1	0.00	1
712	739	1249	1	1	0	1.52	1
713	714	11859	6	1	5	-6.07	-1
713	715	10553	3	1	2	-1.52	-1
713	716	11389	4	0	4	-6.07	-1
713	717	11137	4	3	1	3.03	1
713	718	9300	4	0	4	-6.07	-1
713	719	9135	4	4	0	6.07	1
713	720	8064	4	0	4	-6.07	-1
713	721	8020	4	2	2	0.00	1
713	722	7150	4	0	4	-6.07	-1
713	723	5827	2	0	2	-3.03	-1
713	724	5617	2	2	0	3.03	1
713	725	5571	2	0	2	-3.03	-1
713	726	4993	2	2	0	3.03	1
713	727	4893	2	1	1	0.00	1
713	728	3926	2	2	0	3.03	1
713	729	2357	1	1	0	1.52	1
713	730	2165	1	1	0	1.52	1
713	731	2094	1	0	1	-1.52	-1
713	732	1903	1	1	0	1.52	1
713	733	1407	1	1	0	1.52	1
713	734	1053	1	0	1	-1.52	-1
714	715	10553	3	3	0	4.55	1
714	716	19567	12	12	0	18.20	1
714	717	19620	12	2	10	-12.13	-1
714	718	15959	12	11	1	15.16	1
714	719	13509	10	2	8	-9.10	-1
714	720	16547	12	11	1	15.16	1
714	721	16503	12	4	8	-6.07	-1
714	722	15633	12	10	2	12.13	1
714	723	14310	10	7	3	6.07	1
714	724	14100	10	0	10	-15.16	-1
714	725	14054	10	9	1	12.13	1
714	726	13476	10	0	10	-15.16	-1
714	727	13376	10	4	6	-3.03	-1
714	728	12409	10	1	9	-12.13	-1
714	729	10840	9	7	2	7.58	1
714	730	10648	9	1	8	-10.61	-1
714	731	10577	9	8	1	10.61	1
714	732	10386	9	3	6	-4.55	-1
714	733	9890	9	3	6	-4.55	-1
714	734	9536	9	6	3	4.55	1
714	735	6579	5	5	0	7.58	1
714	736	6166	5	3	2	1.52	1
714	737	5576	4	2	2	0.00	1
714	738	5241	4	3	1	3.03	1
714	739	4933	3	3	0	4.55	1
714	740	4836	2	2	0	3.03	1
714	741	4092	2	2	0	3.03	1
715	716	10349	3	2	1	1.52	1
715	717	10097	3	1	2	-1.52	-1
715	718	8260	3	2	1	1.52	1
715	719	8095	3	0	3	-4.55	-1
715	720	7024	3	3	0	4.55	1
715	721	6980	3	1	2	-1.52	-1
715	722	6110	3	3	0	4.55	1
715	723	4787	1	1	0	1.52	1
715	724	4577	1	0	1	-1.52	-1
715	725	4531	1	1	0	1.52	1
715	726	3953	1	0	1	-1.52	-1
715	727	3853	1	0	1	-1.52	-1
715	728	2886	1	0	1	-1.52	-1
716	717	19315	12	4	8	-6.07	-1
716	718	15959	12	9	3	9.10	1
716	719	13509	10	1	9	-12.13	-1
716	720	16242	12	10	2	12.13	1
716	721	16198	12	5	7	-3.03	-1
716	722	15328	12	10	2	12.13	1
716	723	14005	10	10	0	15.16	1
716	724	13795	10	2	8	-9.10	-1
716	725	13749	10	8	2	9.10	1
716	726	13171	10	3	7	-6.07	-1
716	727	13071	10	3	7	-6.07	-1
716	728	12104	10	1	9	-12.13	-1
716	729	10535	9	7	2	7.58	1
716	730	10343	9	3	6	-4.55	-1
716	731	10272	9	9	0	13.65	1
716	732	10081	9	0	9	-13.65	-1
716	733	9585	9	5	4	1.52	1
716	734	9231	9	9	0	13.65	1
716	735	6274	5	5	0	7.58	1
716	736	5861	5	5	0	7.58	1
716	737	5271	4	0	4	-6.07	-1
716	738	4936	4	2	2	0.00	1
716	739	4628	3	2	1	1.52	1
716	740	4531	2	2	0	3.03	1
716	741	3787	2	1	1	0.00	1
717	718	15959	12	2	10	-12.13	-1
717	719	13509	10	9	1	12.13	1
717	720	17564	13	1	12	-16.68	-1
717	721	16894	13	12	1	16.68	1
717	722	15730	12	4	8	-6.07	-1
717	723	15327	11	2	9	-10.61	-1
717	724	15117	11	8	3	7.58	1
717	725	15071	11	0	11	-16.68	-1
717	726	14493	11	8	3	7.58	1
717	727	14393	11	10	1	13.65	1
717	728	13426	11	8	3	7.58	1
717	729	11857	10	5	5	0.00	1
717	730	11665	10	9	1	12.13	1
717	731	11594	10	0	10	-15.16	-1
717	732	11403	10	9	1	12.13	1
717	733	10907	10	10	0	15.16	1
717	734	10553	10	2	8	-9.10	-1
717	735	7596	6	1	5	-6.07	-1
717	736	7183	6	2	4	-3.03	-1
717	737	6593	5	2	3	-1.52	-1
717	738	6258	5	0	5	-7.58	-1
717	739	5950	4	1	3	-3.03	-1
717	740	5853	3	0	3	-4.55	-1
717	741	5109	3	1	2	-1.52	-1
717	742	4070	1	1	0	1.52	1
717	743	3430	1	1	0	1.52	1
717	744	2702	1	1	0	1.52	1
717	745	2240	1	1	0	1.52	1
717	746	1804	1	1	0	1.52	1
717	747	1373	1	0	1	-1.52	-1
717	748	931	1	0	1	-1.52	-1
718	719	13509	10	0	10	-15.16	-1
718	720	14723	12	12	0	18.20	1
718	721	14679	12	2	10	-12.13	-1
718	722	13809	12	9	3	9.10	1
718	723	12486	10	8	2	9.10	1
718	724	12276	10	2	8	-9.10	-1
718	725	12230	10	7	3	6.07	1
718	726	11652	10	2	8	-9.10	-1
718	727	11552	10	1	9	-12.13	-1
718	728	10585	10	1	9	-12.13	-1
718	729	9016	9	7	2	7.58	1
718	730	8824	9	3	6	-4.55	-1
718	731	8753	9	8	1	10.61	1
718	732	8562	9	2	7	-7.58	-1
718	733	8066	9	1	8	-10.61	-1
718	734	7712	9	7	2	7.58	1
718	735	4755	5	5	0	7.58	1
718	736	4342	5	5	0	7.58	1
718	737	3752	4	1	3	-3.03	-1
718	738	3417	4	4	0	6.07	1
718	739	3109	3	3	0	4.55	1
718	740	3012	2	1	1	0.00	1
718	741	2268	2	2	0	3.03	1
719	720	12438	10	1	9	-12.13	-1
719	721	12394	10	9	1	12.13	1
719	722	11524	10	2	8	-9.10	-1
719	723	10201	8	1	7	-9.10	-1
719	724	9991	8	8	0	12.13	1
719	725	9945	8	2	6	-6.07	-1
719	726	9367	8	7	1	9.10	1
719	727	9267	8	6	2	6.07	1
719	728	8300	8	7	1	9.10	1
719	729	6731	7	2	5	-4.55	-1
719	730	6539	7	7	0	10.61	1
719	731	6468	7	1	6	-7.58	-1
719	732	6277	7	5	2	4.55	1
719	733	5781	7	6	1	7.58	1
719	734	5427	7	2	5	-4.55	-1
719	735	2470	3	1	2	-1.52	-1
719	736	2057	3	1	2	-1.52	-1
719	737	1467	2	1	1	0.00	1
719	738	1132	2	1	1	0.00	1
719	739	824	1	0	1	-1.52	-1
720	721	16894	13	3	10	-10.61	-1
720	722	15730	12	9	3	9.10	1
720	723	15350	11	8	3	7.58	1
720	724	15140	11	0	11	-16.68	-1
720	725	15094	11	8	3	7.58	1
720	726	14516	11	1	10	-13.65	-1
720	727	14416	11	3	8	-7.58	-1
720	728	13449	11	2	9	-10.61	-1
720	729	11880	10	8	2	9.10	1
720	730	11688	10	1	9	-12.13	-1
720	731	11617	10	10	0	15.16	1
720	732	11426	10	2	8	-9.10	-1
720	733	10930	10	0	10	-15.16	-1
720	734	10576	10	9	1	12.13	1
720	735	7619	6	6	0	9.10	1
720	736	7206	6	5	1	6.07	1
720	737	6616	5	0	5	-7.58	-1
720	738	6281	5	5	0	7.58	1
720	739	5973	4	4	0	6.07	1
720	740	5876	3	3	0	4.55	1
720	741	5132	3	3	0	4.55	1
720	742	4093	1	0	1	-1.52	-1
720	743	3453	1	0	1	-1.52	-1
720	744	2725	1	0	1	-1.52	-1
720	745	2263	1	0	1	-1.52	-1
720	746	1827	1	0	1	-1.52	-1
720	747	1396	1	1	0	1.52	1
720	748	954	1	1	0	1.52	1
721	722	15730	12	6	6	0.00	1
721	723	14701	11	4	7	-4.55	-1
721	724	14491	11	10	1	13.65	1
721	725	14445	11	6	5	1.52	1
721	726	13867	11	10	1	13.65	1
721	727	13767	11	8	3	7.58	1
721	728	12800	11	9	2	10.61	1
721	729	11231	10	0	10	-15.16	-1
721	730	11039	10	8	2	9.10	1
721	731	10968	10	2	8	-9.10	-1
721	732	10777	10	8	2	9.10	1
721	733	10281	10	9	1	12.13	1
721	734	9927	10	2	8	-9.10	-1
721	735	6970	6	1	5	-6.07	-1
721	736	6557	6	2	4	-3.03	-1
721	737	5967	5	5	0	7.58	1
721	738	5632	5	0	5	-7.58	-1
721	739	5324	4	1	3	-3.03	-1
721	740	5227	3	0	3	-4.55	-1
721	741	4483	3	1	2	-1.52	-1
721	742	3444	1	1	0	1.52	1
721	743	2804	1	1	0	1.52	1
721	744	2076	1	0	1	-1.52	-1
721	745	1614	1	1	0	1.52	1
721	746	1178	1	1	0	1.52	1
721	747	747	1	0	1	-1.52	-1
721	748	305	1	0	1	-1.52	-1
722	723	14407	10	9	1	12.13	1
722	724	14197	10	1	9	-12.13	-1
722	725	14151	10	8	2	9.10	1
722	726	13573	10	3	7	-6.07	-1
722	727	13473	10	0	10	-15.16	-1
722	728	12506	10	2	8	-9.10	-1
722	729	10937	9	7	2	7.58	1
722	730	10745	9	2	7	-7.58	-1
722	731	10674	9	7	2	7.58	1
722	732	10483	9	3	6	-4.55	-1
722	733	9987	9	1	8	-10.61	-1
722	734	9633	9	9	0	13.65	1
722	735	6676	5	4	1	4.55	1
722	736	6263	5	4	1	4.55	1
722	737	5673	4	0	4	-6.07	-1
722	738	5338	4	0	4	-6.07	-1
722	739	5030	3	2	1	1.52	1
722	740	4933	2	1	1	0.00	1
722	741	4189	2	2	0	3.03	1
723	724	18016	13	1	12	-16.68	-1
723	725	19053	15	11	4	10.61	1
723	726	18454	15	2	13	-16.68	-1
723	727	16336	11	2	9	-10.61	-1
723	728	13774	11	2	9	-10.61	-1
723	729	15839	14	11	3	12.13	1
723	730	11991	10	3	7	-6.07	-1
723	731	15576	14	12	2	15.16	1
723	732	15385	14	3	11	-12.13	-1
723	733	14889	14	5	9	-6.07	-1
723	734	14535	14	9	5	6.07	1
723	735	11578	10	7	3	6.07	1
723	736	11165	10	7	3	6.07	1
723	737	10575	9	2	7	-7.58	-1
723	738	10240	9	8	1	10.61	1
723	739	9932	8	8	0	12.13	1
723	740	9835	7	6	1	7.58	1
723	741	9091	7	6	1	7.58	1
723	742	8052	5	1	4	-4.55	-1
723	743	7412	5	1	4	-4.55	-1
723	744	6684	5	1	4	-4.55	-1
723	745	6222	5	2	3	-1.52	-1
723	746	5786	5	1	4	-4.55	-1
723	747	5355	5	5	0	7.58	1
723	748	4913	5	4	1	4.55	1
723	749	4795	4	0	4	-6.07	-1
723	750	4568	4	1	3	-3.03	-1
723	751	4110	4	4	0	6.07	1
723	752	3799	4	3	1	3.03	1
723	753	3772	4	1	3	-3.03	-1
723	754	3505	4	3	1	3.03	1
723	755	2662	4	3	1	3.03	1
723	756	2264	4	2	2	0.00	1
723	757	1747	4	4	0	6.07	1
723	758	1323	3	0	3	-4.55	-1
724	725	17970	13	3	10	-10.61	-1
724	726	17392	13	12	1	16.68	1
724	727	16336	11	7	4	4.55	1
724	728	13774	11	9	2	10.61	1
724	729	14756	12	2	10	-12.13	-1
724	730	11991	10	9	1	12.13	1
724	731	14493	12	3	9	-9.10	-1
724	732	14302	12	9	3	9.10	1
724	733	13806	12	11	1	15.16	1
724	734	13452	12	3	9	-9.10	-1
724	735	10495	8	0	8	-12.13	-1
724	736	10082	8	2	6	-6.07	-1
724	737	9492	7	6	1	7.58	1
724	738	9157	7	1	6	-7.58	-1
724	739	8849	6	1	5	-6.07	-1
724	740	8752	5	1	4	-4.55	-1
724	741	8008	5	2	3	-1.52	-1
724	742	6969	3	2	1	1.52	1
724	743	6329	3	3	0	4.55	1
724	744	5601	3	2	1	1.52	1
724	745	5139	3	3	0	4.55	1
724	746	4703	3	3	0	4.55	1
724	747	4272	3	0	3	-4.55	-1
724	748	3830	3	2	1	1.52	1
724	749	3712	2	2	0	3.03	1
724	750	3485	2	2	0	3.03	1
724	751	3027	2	0	2	-3.03	-1
724	752	2716	2	1	1	0.00	1
724	753	2689	2	1	1	0.00	1
724	754	2422	2	2	0	3.03	1
724	755	1579	2	0	2	-3.03	-1
724	756	1181	2	2	0	3.03	1
724	757	664	2	2	0	3.03	1
724	758	240	1	1	0	1.52	1
725	726	18454	15	2	13	-16.68	-1
725	727	16336	11	0	11	-16.68	-1
725	728	13774	11	2	9	-10.61	-1
725	729	16510	15	13	2	16.68	1
725	730	11991	10	1	9	-12.13	-1
725	731	17272	15	13	2	16.68	1
725	732	17081	15	2	13	-16.68	-1
725	733	16585	15	1	14	-19.71	-1
725	734	16231	15	13	2	16.68	1
725	735	12887	11	11	0	16.68	1
725	736	12861	11	9	2	10.61	1
725	737	12271	10	2	8	-9.10	-1
725	738	11936	10	10	0	15.16	1
725	739	11628	9	6	3	4.55	1
725	740	11531	8	8	0	12.13	1
725	741	10787	8	5	3	3.03	1
725	742	9748	6	2	4	-3.03	-1
725	743	9108	6	1	5	-6.07	-1
725	744	8380	6	1	5	-6.07	-1
725	745	7918	6	2	4	-3.03	-1
725	746	7482	6	1	5	-6.07	-1
725	747	7051	6	3	3	0.00	1
725	748	6609	6	6	0	9.10	1
725	749	6491	5	1	4	-4.55	-1
725	750	6264	5	1	4	-4.55	-1
725	751	5806	5	5	0	7.58	1
725	752	5495	5	5	0	7.58	1
725	753	5468	5	0	5	-7.58	-1
725	754	5201	5	5	0	7.58	1
725	755	4358	5	4	1	4.55	1
725	756	3960	5	0	5	-7.58	-1
725	757	3443	5	5	0	7.58	1
725	758	3019	4	0	4	-6.07	-1
726	727	16336	11	7	4	4.55	1
726	728	13774	11	9	2	10.61	1
726	729	15818	14	4	10	-9.10	-1
726	730	11991	10	9	1	12.13	1
726	731	15555	14	3	11	-12.13	-1
726	732	15364	14	11	3	12.13	1
726	733	14868	14	12	2	15.16	1
726	734	14514	14	3	11	-12.13	-1
726	735	11557	10	1	9	-12.13	-1
726	736	11144	10	4	6	-3.03	-1
726	737	10554	9	8	1	10.61	1
726	738	10219	9	2	7	-7.58	-1
726	739	9911	8	2	6	-6.07	-1
726	740	9814	7	2	5	-4.55	-1
726	741	9070	7	1	6	-7.58	-1
726	742	8031	5	5	0	7.58	1
726	743	7391	5	4	1	4.55	1
726	744	6663	5	5	0	7.58	1
726	745	6201	5	4	1	4.55	1
726	746	5765	5	4	1	4.55	1
726	747	5334	5	1	4	-4.55	-1
726	748	4892	5	2	3	-1.52	-1
726	749	4774	4	4	0	6.07	1
726	750	4547	4	3	1	3.03	1
726	751	4089	4	2	2	0.00	1
726	752	3778	4	1	3	-3.03	-1
726	753	3751	4	4	0	6.07	1
726	754	3484	4	0	4	-6.07	-1
726	755	2641	4	0	4	-6.07	-1
726	756	2243	4	4	0	6.07	1
726	757	1726	4	1	3	-3.03	-1
726	758	1302	3	2	1	1.52	1
727	728	13774	11	8	3	7.58	1
727	729	13800	10	1	9	-12.13	-1
727	730	11991	10	10	0	15.16	1
727	731	13537	10	2	8	-9.10	-1
727	732	13346	10	9	1	12.13	1
727	733	12850	10	10	0	15.16	1
727	734	12496	10	1	9	-12.13	-1
727	735	9539	6	1	5	-6.07	-1
727	736	9126	6	1	5	-6.07	-1
727	737	8536	5	5	0	7.58	1
727	738	8201	5	1	4	-4.55	-1
727	739	7893	4	1	3	-3.03	-1
727	740	7796	3	0	3	-4.55	-1
727	741	7052	3	0	3	-4.55	-1
727	742	6013	1	1	0	1.52	1
727	743	5373	1	1	0	1.52	1
727	744	4645	1	1	0	1.52	1
727	745	4183	1	1	0	1.52	1
727	746	3747	1	0	1	-1.52	-1
727	747	3316	1	0	1	-1.52	-1
727	748	2874	1	0	1	-1.52	-1
728	729	12205	10	1	9	-12.13	-1
728	730	11991	10	7	3	6.07	1
728	731	11942	10	2	8	-9.10	-1
728	732	11751	10	9	1	12.13	1
728	733	11255	10	10	0	15.16	1
728	734	10901	10	4	6	-3.03	-1
728	735	7944	6	5	1	6.07	1
728	736	7531	6	1	5	-6.07	-1
728	737	6941	5	3	2	1.52	1
728	738	6606	5	1	4	-4.55	-1
728	739	6298	4	0	4	-6.07	-1
728	740	6201	3	0	3	-4.55	-1
728	741	5457	3	0	3	-4.55	-1
728	742	4418	1	1	0	1.52	1
728	743	3778	1	0	1	-1.52	-1
728	744	3050	1	1	0	1.52	1
728	745	2588	1	1	0	1.52	1
728	746	2152	1	0	1	-1.52	-1
728	747	1721	1	0	1	-1.52	-1
728	748	1279	1	1	0	1.52	1
729	730	11991	10	1	9	-12.13	-1
729	731	16247	15	14	1	19.71	1
729	732	16056	15	4	11	-10.61	-1
729	733	15560	15	1	14	-19.71	-1
729	734	15206	15	11	4	10.61	1
729	735	12249	11	11	0	16.68	1
729	736	11836	11	8	3	7.58	1
729	737	11246	10	3	7	-6.07	-1
729	738	10911	10	8	2	9.10	1
729	739	10603	9	6	3	4.55	1
729	740	10506	8	7	1	9.10	1
729	741	9762	8	8	0	12.13	1
729	742	8723	6	2	4	-3.03	-1
729	743	8083	6	2	4	-3.03	-1
729	744	7355	6	1	5	-6.07	-1
729	745	6893	6	0	6	-9.10	-1
729	746	6457	6	4	2	3.03	1
729	747	6026	6	5	1	6.07	1
729	748	5584	6	6	0	9.10	1
729	749	5466	5	0	5	-7.58	-1
729	750	5239	5	1	4	-4.55	-1
729	751	4781	5	5	0	7.58	1
729	752	4470	5	3	2	1.52	1
729	753	4443	5	1	4	-4.55	-1
729	754	4176	5	5	0	7.58	1
729	755	3333	5	5	0	7.58	1
729	756	2935	5	2	3	-1.52	-1
729	757	2418	5	3	2	1.52	1
729	758	1994	4	0	4	-6.07	-1
730	731	11920	10	2	8	-9.10	-1
730	732	11729	10	10	0	15.16	1
730	733	11233	10	8	2	9.10	1
730	734	10879	10	0	10	-15.16	-1
730	735	7922	6	1	5	-6.07	-1
730	736	7509	6	0	6	-9.10	-1
730	737	6919	5	4	1	4.55	1
730	738	6584	5	1	4	-4.55	-1
730	739	6276	4	0	4	-6.07	-1
730	740	6179	3	0	3	-4.55	-1
730	741	5435	3	1	2	-1.52	-1
730	742	4396	1	1	0	1.52	1
730	743	3756	1	1	0	1.52	1
730	744	3028	1	1	0	1.52	1
730	745	2566	1	1	0	1.52	1
730	746	2130	1	1	0	1.52	1
730	747	1699	1	0	1	-1.52	-1
730	748	1257	1	0	1	-1.52	-1
731	732	19105	18	5	13	-12.13	-1
731	733	18609	18	2	16	-21.23	-1
731	734	18255	18	16	2	21.23	1
731	735	12887	11	8	3	7.58	1
731	736	14885	14	11	3	12.13	1
731	737	14295	13	1	12	-16.68	-1
731	738	12685	12	10	2	12.13	1
731	739	13652	12	9	3	9.10	1
731	740	13555	11	9	2	10.61	1
731	741	12811	11	7	4	4.55	1
731	742	11772	9	0	9	-13.65	-1
731	743	11132	9	0	9	-13.65	-1
731	744	10404	9	1	8	-10.61	-1
731	745	9942	9	0	9	-13.65	-1
731	746	9506	9	3	6	-4.55	-1
731	747	9075	9	7	2	7.58	1
731	748	8633	9	7	2	7.58	1
731	749	8515	8	2	6	-6.07	-1
731	750	8288	8	1	7	-9.10	-1
731	751	7830	8	7	1	9.10	1
731	752	7519	8	7	1	9.10	1
731	753	7492	8	2	6	-6.07	-1
731	754	7225	8	5	3	3.03	1
731	755	6382	8	4	4	0.00	1
731	756	5984	8	2	6	-6.07	-1
731	757	5467	8	7	1	9.10	1
731	758	5043	7	0	7	-10.61	-1
731	759	3341	3	1	2	-1.52	-1
731	760	1945	3	1	2	-1.52	-1
731	761	1823	2	1	1	0.00	1
731	762	1720	2	1	1	0.00	1
732	733	20707	19	15	4	16.68	1
732	734	18617	18	5	13	-12.13	-1
732	735	12887	11	3	8	-7.58	-1
732	736	20545	20	4	16	-18.20	-1
732	737	18895	18	16	2	21.23	1
732	738	12685	12	5	7	-3.03	-1
732	739	14815	12	3	9	-9.10	-1
732	740	16417	13	4	9	-7.58	-1
732	741	20513	20	5	15	-15.16	-1
732	742	18249	17	13	4	13.65	1
732	743	12138	9	7	2	7.58	1
732	744	14333	14	13	1	18.20	1
732	745	13057	11	9	2	10.61	1
732	746	16351	17	14	3	16.68	1
732	747	13048	14	2	12	-15.16	-1
732	748	14316	15	1	14	-19.71	-1
732	749	17737	18	12	6	9.10	1
732	750	14001	15	9	6	4.55	1
732	751	14982	16	3	13	-15.16	-1
732	752	16741	18	5	13	-12.13	-1
732	753	16714	18	18	0	27.29	1
732	754	13773	16	2	14	-18.20	-1
732	755	15604	18	4	14	-15.16	-1
732	756	15206	18	11	7	6.07	1
732	757	12773	17	1	16	-22.75	-1
732	758	14265	17	15	2	19.71	1
732	759	12563	13	9	4	7.58	1
732	760	11167	13	2	11	-13.65	-1
732	761	11045	12	11	1	15.16	1
732	762	10942	12	11	1	15.16	1
732	763	9880	10	9	1	12.13	1
732	764	9093	10	9	1	12.13	1
732	765	7696	9	7	2	7.58	1
732	766	7033	8	8	0	12.13	1
732	767	6917	8	3	5	-3.03	-1
732	768	6789	8	6	2	6.07	1
732	769	6757	8	7	1	9.10	1
732	770	6464	8	7	1	9.10	1
732	771	6429	8	8	0	12.13	1
732	772	4617	5	3	2	1.52	1
732	773	4127	4	0	4	-6.07	-1
732	774	2199	2	1	1	0.00	1
732	775	2081	2	2	0	3.03	1
732	776	1818	1	1	0	1.52	1
733	734	18617	18	4	14	-15.16	-1
733	735	12887	11	1	10	-13.65	-1
733	736	16983	15	3	12	-13.65	-1
733	737	16393	14	13	1	18.20	1
733	738	12685	12	5	7	-3.03	-1
733	739	14815	12	0	12	-18.20	-1
733	740	15653	12	3	9	-9.10	-1
733	741	14909	12	0	12	-18.20	-1
733	742	13870	10	10	0	15.16	1
733	743	12138	9	8	1	10.61	1
733	744	12502	10	9	1	12.13	1
733	745	12040	10	8	2	9.10	1
733	746	11604	10	9	1	12.13	1
733	747	11173	10	2	8	-9.10	-1
733	748	10731	10	3	7	-6.07	-1
733	749	10613	9	9	0	13.65	1
733	750	10386	9	7	2	7.58	1
733	751	9928	9	3	6	-4.55	-1
733	752	9617	9	1	8	-10.61	-1
733	753	9590	9	9	0	13.65	1
733	754	9323	9	1	8	-10.61	-1
733	755	8480	9	3	6	-4.55	-1
733	756	8082	9	8	1	10.61	1
733	757	7565	9	1	8	-10.61	-1
733	758	7141	8	7	1	9.10	1
733	759	5439	4	3	1	3.03	1
733	760	4043	4	0	4	-6.07	-1
733	761	3921	3	2	1	1.52	1
733	762	3818	3	3	0	4.55	1
733	763	2756	1	0	1	-1.52	-1
733	764	1969	1	0	1	-1.52	-1
734	735	12887	11	8	3	7.58	1
734	736	15247	14	10	4	9.10	1
734	737	14657	13	3	10	-10.61	-1
734	738	12685	12	11	1	15.16	1
734	739	14014	12	10	2	12.13	1
734	740	13917	11	9	2	10.61	1
734	741	13173	11	10	1	13.65	1
734	742	12134	9	1	8	-10.61	-1
734	743	11494	9	1	8	-10.61	-1
734	744	10766	9	0	9	-13.65	-1
734	745	10304	9	0	9	-13.65	-1
734	746	9868	9	3	6	-4.55	-1
734	747	9437	9	8	1	10.61	1
734	748	8995	9	7	2	7.58	1
734	749	8877	8	1	7	-9.10	-1
734	750	8650	8	0	8	-12.13	-1
734	751	8192	8	4	4	0.00	1
734	752	7881	8	5	3	3.03	1
734	753	7854	8	0	8	-12.13	-1
734	754	7587	8	6	2	6.07	1
734	755	6744	8	5	3	3.03	1
734	756	6346	8	1	7	-9.10	-1
734	757	5829	8	7	1	9.10	1
734	758	5405	7	0	7	-10.61	-1
734	759	3703	3	2	1	1.52	1
734	760	2307	3	0	3	-4.55	-1
734	761	2185	2	0	2	-3.03	-1
734	762	2082	2	0	2	-3.03	-1
735	736	12474	11	10	1	13.65	1
735	737	11884	10	0	10	-15.16	-1
735	738	11549	10	9	1	12.13	1
735	739	11241	9	8	1	10.61	1
735	740	11144	8	5	3	3.03	1
735	741	10400	8	7	1	9.10	1
735	742	9361	6	3	3	0.00	1
735	743	8721	6	0	6	-9.10	-1
735	744	7993	6	0	6	-9.10	-1
735	745	7531	6	0	6	-9.10	-1
735	746	7095	6	1	5	-6.07	-1
735	747	6664	6	5	1	6.07	1
735	748	6222	6	5	1	6.07	1
735	749	6104	5	2	3	-1.52	-1
735	750	5877	5	2	3	-1.52	-1
735	751	5419	5	5	0	7.58	1
735	752	5108	5	4	1	4.55	1
735	753	5081	5	2	3	-1.52	-1
735	754	4814	5	5	0	7.58	1
735	755	3971	5	4	1	4.55	1
735	756	3573	5	1	4	-4.55	-1
735	757	3056	5	4	1	4.55	1
735	758	2632	4	1	3	-3.03	-1
736	737	18895	18	2	16	-21.23	-1
736	738	12685	12	10	2	12.13	1
736	739	14815	12	11	1	15.16	1
736	740	16417	13	9	4	7.58	1
736	741	18471	17	14	3	16.68	1
736	742	17432	15	4	11	-10.61	-1
736	743	12138	9	4	5	-1.52	-1
736	744	14333	14	1	13	-18.20	-1
736	745	13057	11	1	10	-13.65	-1
736	746	15166	15	5	10	-7.58	-1
736	747	13048	14	11	3	12.13	1
736	748	14293	15	10	5	7.58	1
736	749	14175	14	6	8	-3.03	-1
736	750	13948	14	2	12	-15.16	-1
736	751	13490	14	10	4	9.10	1
736	752	13179	14	10	4	9.10	1
736	753	13152	14	2	12	-15.16	-1
736	754	12885	14	11	3	12.13	1
736	755	12042	14	12	2	15.16	1
736	756	11644	14	1	13	-18.20	-1
736	757	11127	14	14	0	21.23	1
736	758	10703	13	4	9	-7.58	-1
736	759	9001	9	1	8	-10.61	-1
736	760	7605	9	6	3	4.55	1
736	761	7483	8	4	4	0.00	1
736	762	7380	8	1	7	-9.10	-1
736	763	6318	6	1	5	-6.07	-1
736	764	5531	6	1	5	-6.07	-1
736	765	4134	5	2	3	-1.52	-1
736	766	3471	4	1	3	-3.03	-1
736	767	3355	4	3	1	3.03	1
736	768	3227	4	0	4	-6.07	-1
736	769	3195	4	1	3	-3.03	-1
736	770	2902	4	0	4	-6.07	-1
736	771	2867	4	1	3	-3.03	-1
736	772	1055	1	0	1	-1.52	-1
737	738	12685	12	3	9	-9.10	-1
737	739	14815	12	1	11	-15.16	-1
737	740	16417	13	1	12	-16.68	-1
737	741	17411	16	7	9	-3.03	-1
737	742	16372	14	14	0	21.23	1
737	743	12138	9	8	1	10.61	1
737	744	14333	14	11	3	12.13	1
737	745	13057	11	11	0	16.68	1
737	746	14106	14	12	2	15.16	1
737	747	13048	14	2	12	-15.16	-1
737	748	13233	14	0	14	-21.23	-1
737	749	13115	13	12	1	16.68	1
737	750	12888	13	10	3	10.61	1
737	751	12430	13	2	11	-13.65	-1
737	752	12119	13	6	7	-1.52	-1
737	753	12092	13	12	1	16.68	1
737	754	11825	13	3	10	-10.61	-1
737	755	10982	13	1	12	-16.68	-1
737	756	10584	13	8	5	4.55	1
737	757	10067	13	0	13	-19.71	-1
737	758	9643	12	8	4	6.07	1
737	759	7941	8	5	3	3.03	1
737	760	6545	8	2	6	-6.07	-1
737	761	6423	7	7	0	10.61	1
737	762	6320	7	5	2	4.55	1
737	763	5258	5	4	1	4.55	1
737	764	4471	5	3	2	1.52	1
737	765	3074	4	3	1	3.03	1
737	766	2411	3	1	2	-1.52	-1
737	767	2295	3	1	2	-1.52	-1
737	768	2167	3	3	0	4.55	1
737	769	2135	3	3	0	4.55	1
737	770	1842	3	3	0	4.55	1
737	771	1807	3	3	0	4.55	1
738	739	12377	11	11	0	16.68	1
738	740	12280	10	9	1	12.13	1
738	741	11536	10	6	4	3.03	1
738	742	10497	8	2	6	-6.07	-1
738	743	9857	8	0	8	-12.13	-1
738	744	9129	8	3	5	-3.03	-1
738	745	8667	8	3	5	-3.03	-1
738	746	8231	8	0	8	-12.13	-1
738	747	7800	8	6	2	6.07	1
738	748	7358	8	8	0	12.13	1
738	749	7240	7	1	6	-7.58	-1
738	750	7013	7	1	6	-7.58	-1
738	751	6555	7	6	1	7.58	1
738	752	6244	7	7	0	10.61	1
738	753	6217	7	2	5	-4.55	-1
738	754	5950	7	6	1	7.58	1
738	755	5107	7	5	2	4.55	1
738	756	4709	7	0	7	-10.61	-1
738	757	4192	7	6	1	7.58	1
738	758	3768	6	1	5	-6.07	-1
738	759	2066	2	1	1	0.00	1
738	760	670	2	2	0	3.03	1
738	761	548	1	0	1	-1.52	-1
738	762	445	1	0	1	-1.52	-1
739	740	14718	11	9	2	10.61	1
739	741	13974	11	8	3	7.58	1
739	742	12935	9	1	8	-10.61	-1
739	743	12138	9	3	6	-4.55	-1
739	744	11567	9	1	8	-10.61	-1
739	745	11105	9	0	9	-13.65	-1
739	746	10669	9	0	9	-13.65	-1
739	747	10238	9	8	1	10.61	1
739	748	9796	9	7	2	7.58	1
739	749	9678	8	2	6	-6.07	-1
739	750	9451	8	1	7	-9.10	-1
739	751	8993	8	6	2	6.07	1
739	752	8682	8	8	0	12.13	1
739	753	8655	8	4	4	0.00	1
739	754	8388	8	4	4	0.00	1
739	755	7545	8	4	4	0.00	1
739	756	7147	8	4	4	0.00	1
739	757	6630	8	7	1	9.10	1
739	758	6206	7	0	7	-10.61	-1
739	759	4504	3	1	2	-1.52	-1
739	760	3108	3	3	0	4.55	1
739	761	2986	2	0	2	-3.03	-1
739	762	2883	2	0	2	-3.03	-1
740	741	15673	13	11	2	13.65	1
740	742	14634	11	1	10	-13.65	-1
740	743	12138	9	3	6	-4.55	-1
740	744	13266	11	5	6	-1.52	-1
740	745	12804	11	3	8	-7.58	-1
740	746	12368	11	2	9	-10.61	-1
740	747	11937	11	10	1	13.65	1
740	748	11495	11	10	1	13.65	1
740	749	11377	10	1	9	-12.13	-1
740	750	11150	10	3	7	-6.07	-1
740	751	10692	10	9	1	12.13	1
740	752	10381	10	8	2	9.10	1
740	753	10354	10	4	6	-3.03	-1
740	754	10087	10	6	4	3.03	1
740	755	9244	10	7	3	6.07	1
740	756	8846	10	2	8	-9.10	-1
740	757	8329	10	8	2	9.10	1
740	758	7905	9	0	9	-13.65	-1
740	759	6203	5	1	4	-4.55	-1
740	760	4807	5	4	1	4.55	1
740	761	4685	4	1	3	-3.03	-1
740	762	4582	4	0	4	-6.07	-1
740	763	3520	2	0	2	-3.03	-1
740	764	2733	2	1	1	0.00	1
740	765	1336	1	0	1	-1.52	-1
741	742	18249	17	3	14	-16.68	-1
741	743	12138	9	3	6	-4.55	-1
741	744	14333	14	2	12	-15.16	-1
741	745	13057	11	1	10	-13.65	-1
741	746	16351	17	3	14	-16.68	-1
741	747	13048	14	11	3	12.13	1
741	748	14316	15	15	0	22.75	1
741	749	16217	17	4	13	-13.65	-1
741	750	14001	15	1	14	-19.71	-1
741	751	14982	16	11	5	9.10	1
741	752	15221	17	15	2	19.71	1
741	753	15194	17	4	13	-13.65	-1
741	754	13773	16	14	2	18.20	1
741	755	14084	17	11	6	7.58	1
741	756	13686	17	7	10	-4.55	-1
741	757	12773	17	15	2	19.71	1
741	758	12745	16	1	15	-21.23	-1
741	759	11043	12	3	9	-9.10	-1
741	760	9647	12	9	3	9.10	1
741	761	9525	11	3	8	-7.58	-1
741	762	9422	11	2	9	-10.61	-1
741	763	8360	9	2	7	-7.58	-1
741	764	7573	9	2	7	-7.58	-1
741	765	6176	8	2	6	-6.07	-1
741	766	5513	7	0	7	-10.61	-1
741	767	5397	7	7	0	10.61	1
741	768	5269	7	0	7	-10.61	-1
741	769	5237	7	2	5	-4.55	-1
741	770	4944	7	2	5	-4.55	-1
741	771	4909	7	3	4	-1.52	-1
741	772	3097	4	0	4	-6.07	-1
741	773	2607	3	3	0	4.55	1
741	774	679	1	1	0	1.52	1
741	775	561	1	1	0	1.52	1
742	743	12138	9	7	2	7.58	1
742	744	14333	14	11	3	12.13	1
742	745	13057	11	9	2	10.61	1
742	746	15983	17	14	3	16.68	1
742	747	13048	14	2	12	-15.16	-1
742	748	14316	15	2	13	-16.68	-1
742	749	14992	16	12	4	12.13	1
742	750	14001	15	10	5	7.58	1
742	751	14307	16	2	14	-18.20	-1
742	752	13996	16	2	14	-18.20	-1
742	753	13969	16	10	6	6.07	1
742	754	13702	16	0	16	-24.26	-1
742	755	12859	16	4	12	-12.13	-1
742	756	12461	16	11	5	9.10	1
742	757	11944	16	0	16	-24.26	-1
742	758	11520	15	12	3	13.65	1
742	759	9818	11	11	0	16.68	1
742	760	8422	11	3	8	-7.58	-1
742	761	8300	10	8	2	9.10	1
742	762	8197	10	8	2	9.10	1
742	763	7135	8	6	2	6.07	1
742	764	6348	8	7	1	9.10	1
742	765	4951	7	7	0	10.61	1
742	766	4288	6	4	2	3.03	1
742	767	4172	6	0	6	-9.10	-1
742	768	4044	6	4	2	3.03	1
742	769	4012	6	5	1	6.07	1
742	770	3719	6	6	0	9.10	1
742	771	3684	6	5	1	6.07	1
742	772	1872	3	3	0	4.55	1
742	773	1382	2	0	2	-3.03	-1
743	744	11410	9	8	1	10.61	1
743	745	10948	9	8	1	10.61	1
743	746	10512	9	6	3	4.55	1
743	747	10081	9	0	9	-13.65	-1
743	748	9639	9	3	6	-4.55	-1
743	749	9521	8	6	2	6.07	1
743	750	9294	8	7	1	9.10	1
743	751	8836	8	0	8	-12.13	-1
743	752	8525	8	2	6	-6.07	-1
743	753	8498	8	5	3	3.03	1
743	754	8231	8	1	7	-9.10	-1
743	755	7388	8	1	7	-9.10	-1
743	756	6990	8	6	2	6.07	1
743	757	6473	8	1	7	-9.10	-1
743	758	6049	7	7	0	10.61	1
743	759	4347	3	3	0	4.55	1
743	760	2951	3	1	2	-1.52	-1
743	761	2829	2	2	0	3.03	1
743	762	2726	2	2	0	3.03	1
744	745	13057	11	10	1	13.65	1
744	746	13435	14	14	0	21.23	1
744	747	13004	14	3	11	-12.13	-1
744	748	12562	14	4	10	-9.10	-1
744	749	12444	13	8	5	4.55	1
744	750	12217	13	10	3	10.61	1
744	751	11759	13	2	11	-13.65	-1
744	752	11448	13	2	11	-13.65	-1
744	753	11421	13	11	2	13.65	1
744	754	11154	13	3	10	-10.61	-1
744	755	10311	13	5	8	-4.55	-1
744	756	9913	13	11	2	13.65	1
744	757	9396	13	3	10	-10.61	-1
744	758	8972	12	11	1	15.16	1
744	759	7270	8	8	0	12.13	1
744	760	5874	8	1	7	-9.10	-1
744	761	5752	7	4	3	1.52	1
744	762	5649	7	6	1	7.58	1
744	763	4587	5	4	1	4.55	1
744	764	3800	5	4	1	4.55	1
744	765	2403	4	3	1	3.03	1
744	766	1740	3	3	0	4.55	1
744	767	1624	3	0	3	-4.55	-1
744	768	1496	3	2	1	1.52	1
744	769	1464	3	3	0	4.55	1
744	770	1171	3	3	0	4.55	1
744	771	1136	3	3	0	4.55	1
745	746	12621	11	9	2	10.61	1
745	747	12190	11	2	9	-10.61	-1
745	748	11748	11	6	5	1.52	1
745	749	11630	10	10	0	15.16	1
745	750	11403	10	8	2	9.10	1
745	751	10945	10	4	6	-3.03	-1
745	752	10634	10	3	7	-6.07	-1
745	753	10607	10	9	1	12.13	1
745	754	10340	10	0	10	-15.16	-1
745	755	9497	10	1	9	-12.13	-1
745	756	9099	10	9	1	12.13	1
745	757	8582	10	0	10	-15.16	-1
745	758	8158	9	4	5	-1.52	-1
745	759	6456	5	2	3	-1.52	-1
745	760	5060	5	1	4	-4.55	-1
745	761	4938	4	4	0	6.07	1
745	762	4835	4	2	2	0.00	1
745	763	3773	2	2	0	3.03	1
745	764	2986	2	2	0	3.03	1
745	765	1589	1	1	0	1.52	1
746	747	13048	14	0	14	-21.23	-1
746	748	14316	15	3	12	-13.65	-1
746	749	15360	16	12	4	12.13	1
746	750	14001	15	15	0	22.75	1
746	751	14675	16	3	13	-15.16	-1
746	752	14364	16	2	14	-18.20	-1
746	753	14337	16	13	3	15.16	1
746	754	13773	16	6	10	-6.07	-1
746	755	13227	16	4	12	-12.13	-1
746	756	12829	16	14	2	18.20	1
746	757	12312	16	2	14	-18.20	-1
746	758	11888	15	14	1	19.71	1
746	759	10186	11	8	3	7.58	1
746	760	8790	11	3	8	-7.58	-1
746	761	8668	10	9	1	12.13	1
746	762	8565	10	10	0	15.16	1
746	763	7503	8	7	1	9.10	1
746	764	6716	8	8	0	12.13	1
746	765	5319	7	5	2	4.55	1
746	766	4656	6	5	1	6.07	1
746	767	4540	6	3	3	0.00	1
746	768	4412	6	5	1	6.07	1
746	769	4380	6	6	0	9.10	1
746	770	4087	6	4	2	3.03	1
746	771	4052	6	5	1	6.07	1
746	772	2240	3	1	2	-1.52	-1
746	773	1750	2	1	1	0.00	1
747	748	12606	14	12	2	15.16	1
747	749	12488	13	1	12	-16.68	-1
747	750	12261	13	3	10	-10.61	-1
747	751	11803	13	10	3	10.61	1
747	752	11492	13	11	2	13.65	1
747	753	11465	13	5	8	-4.55	-1
747	754	11198	13	9	4	7.58	1
747	755	10355	13	12	1	16.68	1
747	756	9957	13	2	11	-13.65	-1
747	757	9440	13	9	4	7.58	1
747	758	9016	12	1	11	-15.16	-1
747	759	7314	8	2	6	-6.07	-1
747	760	5918	8	6	2	6.07	1
747	761	5796	7	2	5	-4.55	-1
747	762	5693	7	1	6	-7.58	-1
747	763	4631	5	2	3	-1.52	-1
747	764	3844	5	1	4	-4.55	-1
747	765	2447	4	1	3	-3.03	-1
747	766	1784	3	2	1	1.52	1
747	767	1668	3	2	1	1.52	1
747	768	1540	3	1	2	-1.52	-1
747	769	1508	3	0	3	-4.55	-1
747	770	1215	3	0	3	-4.55	-1
747	771	1180	3	0	3	-4.55	-1
748	749	14198	14	2	12	-15.16	-1
748	750	13971	14	4	10	-9.10	-1
748	751	13513	14	12	2	15.16	1
748	752	13202	14	10	4	9.10	1
748	753	13175	14	2	12	-15.16	-1
748	754	12908	14	10	4	9.10	1
748	755	12065	14	13	1	18.20	1
748	756	11667	14	5	9	-6.07	-1
748	757	11150	14	7	7	0.00	1
748	758	10726	13	2	11	-13.65	-1
748	759	9024	9	1	8	-10.61	-1
748	760	7628	9	7	2	7.58	1
748	761	7506	8	2	6	-6.07	-1
748	762	7403	8	2	6	-6.07	-1
748	763	6341	6	3	3	0.00	1
748	764	5554	6	1	5	-6.07	-1
748	765	4157	5	0	5	-7.58	-1
748	766	3494	4	1	3	-3.03	-1
748	767	3378	4	4	0	6.07	1
748	768	3250	4	2	2	0.00	1
748	769	3218	4	0	4	-6.07	-1
748	770	2925	4	1	3	-3.03	-1
748	771	2890	4	2	2	0.00	1
748	772	1078	1	1	0	1.52	1
749	750	14001	15	14	1	19.71	1
749	751	14982	16	3	13	-15.16	-1
749	752	17379	19	1	18	-25.78	-1
749	753	17352	19	15	4	16.68	1
749	754	13773	16	5	11	-9.10	-1
749	755	16242	19	5	14	-13.65	-1
749	756	15844	19	14	5	13.65	1
749	757	12773	17	8	9	-1.52	-1
749	758	14903	18	16	2	21.23	1
749	759	13201	14	11	3	12.13	1
749	760	11805	14	2	12	-15.16	-1
749	761	11683	13	12	1	16.68	1
749	762	11580	13	9	4	7.58	1
749	763	10518	11	9	2	10.61	1
749	764	9731	11	9	2	10.61	1
749	765	8334	10	7	3	6.07	1
749	766	7671	9	8	1	10.61	1
749	767	7555	9	1	8	-10.61	-1
749	768	7427	9	7	2	7.58	1
749	769	7395	9	8	1	10.61	1
749	770	7102	9	8	1	10.61	1
749	771	7067	9	7	2	7.58	1
749	772	5255	6	6	0	9.10	1
749	773	4765	5	0	5	-7.58	-1
749	774	2837	3	1	2	-1.52	-1
749	775	2719	3	1	2	-1.52	-1
749	776	2456	2	2	0	3.03	1
749	777	1532	1	0	1	-1.52	-1
749	778	622	1	0	1	-1.52	-1
749	779	402	1	1	0	1.52	1
750	751	13543	15	2	13	-16.68	-1
750	752	13232	15	2	13	-16.68	-1
750	753	13205	15	12	3	13.65	1
750	754	12938	15	2	13	-16.68	-1
750	755	12095	15	3	12	-13.65	-1
750	756	11697	15	12	3	13.65	1
750	757	11180	15	1	14	-19.71	-1
750	758	10756	14	10	4	9.10	1
750	759	9054	10	10	0	15.16	1
750	760	7658	10	1	9	-12.13	-1
750	761	7536	9	9	0	13.65	1
750	762	7433	9	7	2	7.58	1
750	763	6371	7	7	0	10.61	1
750	764	5584	7	6	1	7.58	1
750	765	4187	6	6	0	9.10	1
750	766	3524	5	3	2	1.52	1
750	767	3408	5	1	4	-4.55	-1
750	768	3280	5	4	1	4.55	1
750	769	3248	5	5	0	7.58	1
750	770	2955	5	5	0	7.58	1
750	771	2920	5	3	2	1.52	1
750	772	1108	2	2	0	3.03	1
750	773	618	1	0	1	-1.52	-1
751	752	14671	16	13	3	15.16	1
751	753	14644	16	3	13	-15.16	-1
751	754	13773	16	14	2	18.20	1
751	755	13534	16	12	4	12.13	1
751	756	13136	16	3	13	-15.16	-1
751	757	12619	16	13	3	15.16	1
751	758	12195	15	5	10	-7.58	-1
751	759	10493	11	5	6	-1.52	-1
751	760	9097	11	11	0	16.68	1
751	761	8975	10	0	10	-15.16	-1
751	762	8872	10	1	9	-12.13	-1
751	763	7810	8	3	5	-3.03	-1
751	764	7023	8	1	7	-9.10	-1
751	765	5626	7	2	5	-4.55	-1
751	766	4963	6	0	6	-9.10	-1
751	767	4847	6	5	1	6.07	1
751	768	4719	6	1	5	-6.07	-1
751	769	4687	6	2	4	-3.03	-1
751	770	4394	6	0	6	-9.10	-1
751	771	4359	6	3	3	0.00	1
751	772	2547	3	1	2	-1.52	-1
751	773	2057	2	2	0	3.03	1
752	753	18252	20	3	17	-21.23	-1
752	754	13773	16	15	1	21.23	1
752	755	17142	20	17	3	21.23	1
752	756	16082	20	2	18	-24.26	-1
752	757	12773	17	14	3	16.68	1
752	758	15803	19	2	17	-22.75	-1
752	759	13960	15	3	12	-13.65	-1
752	760	12705	15	11	4	10.61	1
752	761	12583	14	2	12	-15.16	-1
752	762	12034	14	3	11	-12.13	-1
752	763	11418	12	1	11	-15.16	-1
752	764	10631	12	2	10	-12.13	-1
752	765	9234	11	3	8	-7.58	-1
752	766	8571	10	3	7	-6.07	-1
752	767	8455	10	8	2	9.10	1
752	768	8327	10	3	7	-6.07	-1
752	769	8295	10	0	10	-15.16	-1
752	770	8002	10	0	10	-15.16	-1
752	771	7967	10	2	8	-9.10	-1
752	772	6155	7	3	4	-1.52	-1
752	773	5665	6	4	2	3.03	1
752	774	3737	4	4	0	6.07	1
752	775	3619	4	1	3	-3.03	-1
752	776	3356	3	1	2	-1.52	-1
752	777	2432	2	2	0	3.03	1
752	778	1522	2	2	0	3.03	1
752	779	1302	2	1	1	0.00	1
753	754	13773	16	3	13	-15.16	-1
753	755	18030	20	6	14	-12.13	-1
753	756	16082	20	17	3	21.23	1
753	757	12773	17	3	14	-16.68	-1
753	758	20273	24	21	3	27.29	1
753	759	13960	15	13	2	16.68	1
753	760	15087	18	2	16	-21.23	-1
753	761	17057	19	13	6	10.61	1
753	762	12034	14	11	3	12.13	1
753	763	15892	17	11	6	7.58	1
753	764	15105	17	13	4	13.65	1
753	765	13708	16	11	5	9.10	1
753	766	13045	15	13	2	16.68	1
753	767	12929	15	1	14	-19.71	-1
753	768	12801	15	13	2	16.68	1
753	769	12769	15	13	2	16.68	1
753	770	10854	13	13	0	19.71	1
753	771	12441	15	14	1	19.71	1
753	772	10629	12	10	2	12.13	1
753	773	10139	11	0	11	-16.68	-1
753	774	8211	9	1	8	-10.61	-1
753	775	8093	9	8	1	10.61	1
753	776	7830	8	8	0	12.13	1
753	777	6906	7	0	7	-10.61	-1
753	778	5996	7	5	2	4.55	1
753	779	5776	7	2	5	-4.55	-1
753	780	5307	5	1	4	-4.55	-1
753	781	5216	5	2	3	-1.52	-1
753	782	4990	5	1	4	-4.55	-1
753	783	4450	5	3	2	1.52	1
753	784	4279	5	2	3	-1.52	-1
753	785	1324	2	0	2	-3.03	-1
753	786	1032	2	2	0	3.03	1
753	787	1001	2	2	0	3.03	1
753	788	255	2	0	2	-3.03	-1
754	755	12930	16	12	4	12.13	1
754	756	12532	16	2	14	-18.20	-1
754	757	12015	16	13	3	15.16	1
754	758	11591	15	4	11	-10.61	-1
754	759	9889	11	0	11	-16.68	-1
754	760	8493	11	10	1	13.65	1
754	761	8371	10	1	9	-12.13	-1
754	762	8268	10	2	8	-9.10	-1
754	763	7206	8	1	7	-9.10	-1
754	764	6419	8	1	7	-9.10	-1
754	765	5022	7	2	5	-4.55	-1
754	766	4359	6	0	6	-9.10	-1
754	767	4243	6	5	1	6.07	1
754	768	4115	6	2	4	-3.03	-1
754	769	4083	6	0	6	-9.10	-1
754	770	3790	6	2	4	-3.03	-1
754	771	3755	6	3	3	0.00	1
754	772	1943	3	0	3	-4.55	-1
754	773	1453	2	2	0	3.03	1
755	756	16082	20	3	17	-21.23	-1
755	757	12773	17	15	2	19.71	1
755	758	16691	19	4	15	-16.68	-1
755	759	13960	15	3	12	-13.65	-1
755	760	13593	15	11	4	10.61	1
755	761	13471	14	5	9	-6.07	-1
755	762	12034	14	1	13	-18.20	-1
755	763	12306	12	1	11	-15.16	-1
755	764	11519	12	2	10	-12.13	-1
755	765	10122	11	0	11	-16.68	-1
755	766	9459	10	1	9	-12.13	-1
755	767	9343	10	8	2	9.10	1
755	768	9215	10	2	8	-9.10	-1
755	769	9183	10	2	8	-9.10	-1
755	770	8890	10	4	6	-3.03	-1
755	771	8855	10	2	8	-9.10	-1
755	772	7043	7	2	5	-4.55	-1
755	773	6553	6	3	3	0.00	1
755	774	4625	4	3	1	3.03	1
755	775	4507	4	1	3	-3.03	-1
755	776	4244	3	1	2	-1.52	-1
755	777	3320	2	2	0	3.03	1
755	778	2410	2	1	1	0.00	1
755	779	2190	2	2	0	3.03	1
756	757	12773	17	2	15	-19.71	-1
756	758	15141	19	10	9	1.52	1
756	759	13439	15	12	3	13.65	1
756	760	12043	15	2	13	-16.68	-1
756	761	11921	14	12	2	15.16	1
756	762	11818	14	12	2	15.16	1
756	763	10756	12	10	2	12.13	1
756	764	9969	12	10	2	12.13	1
756	765	8572	11	10	1	13.65	1
756	766	7909	10	9	1	12.13	1
756	767	7793	10	2	8	-9.10	-1
756	768	7665	10	8	2	9.10	1
756	769	7633	10	8	2	9.10	1
756	770	7340	10	7	3	6.07	1
756	771	7305	10	10	0	15.16	1
756	772	5493	7	5	2	4.55	1
756	773	5003	6	1	5	-6.07	-1
756	774	3075	4	2	2	0.00	1
756	775	2957	4	3	1	3.03	1
756	776	2694	3	3	0	4.55	1
756	777	1770	2	0	2	-3.03	-1
756	778	860	2	0	2	-3.03	-1
756	779	640	2	1	1	0.00	1
757	758	12349	16	5	11	-9.10	-1
757	759	10647	12	1	11	-15.16	-1
757	760	9251	12	11	1	15.16	1
757	761	9129	11	1	10	-13.65	-1
757	762	9026	11	2	9	-10.61	-1
757	763	7964	9	3	6	-4.55	-1
757	764	7177	9	1	8	-10.61	-1
757	765	5780	8	2	6	-6.07	-1
757	766	5117	7	0	7	-10.61	-1
757	767	5001	7	7	0	10.61	1
757	768	4873	7	1	6	-7.58	-1
757	769	4841	7	0	7	-10.61	-1
757	770	4548	7	2	5	-4.55	-1
757	771	4513	7	1	6	-7.58	-1
757	772	2701	4	0	4	-6.07	-1
757	773	2211	3	2	1	1.52	1
757	774	283	1	1	0	1.52	1
757	775	165	1	0	1	-1.52	-1
758	759	13960	15	14	1	19.71	1
758	760	15087	18	3	15	-18.20	-1
758	761	17053	19	16	3	19.71	1
758	762	12034	14	10	4	9.10	1
758	763	15888	17	14	3	16.68	1
758	764	15101	17	14	3	16.68	1
758	765	13704	16	12	4	12.13	1
758	766	13041	15	13	2	16.68	1
758	767	12925	15	2	13	-16.68	-1
758	768	12797	15	12	3	13.65	1
758	769	12765	15	11	4	10.61	1
758	770	10854	13	10	3	10.61	1
758	771	12437	15	11	4	10.61	1
758	772	10625	12	11	1	15.16	1
758	773	10135	11	1	10	-13.65	-1
758	774	8207	9	3	6	-4.55	-1
758	775	8089	9	6	3	4.55	1
758	776	7826	8	5	3	3.03	1
758	777	6902	7	1	6	-7.58	-1
758	778	5992	7	0	7	-10.61	-1
758	779	5772	7	0	7	-10.61	-1
758	780	5303	5	1	4	-4.55	-1
758	781	5212	5	1	4	-4.55	-1
758	782	4986	5	0	5	-7.58	-1
758	783	4446	5	3	2	1.52	1
758	784	4275	5	2	3	-1.52	-1
758	785	1320	2	2	0	3.03	1
758	786	1028	2	0	2	-3.03	-1
758	787	997	2	1	1	0.00	1
758	788	251	2	0	2	-3.03	-1
759	760	12564	15	0	15	-22.75	-1
759	761	12442	14	10	4	9.10	1
759	762	12034	14	9	5	6.07	1
759	763	11277	12	10	2	12.13	1
759	764	10490	12	11	1	15.16	1
759	765	9093	11	11	0	16.68	1
759	766	8430	10	7	3	6.07	1
759	767	8314	10	5	5	0.00	1
759	768	8186	10	8	2	9.10	1
759	769	8154	10	10	0	15.16	1
759	770	7861	10	8	2	9.10	1
759	771	7826	10	7	3	6.07	1
759	772	6014	7	6	1	7.58	1
759	773	5524	6	1	5	-6.07	-1
759	774	3596	4	0	4	-6.07	-1
759	775	3478	4	1	3	-3.03	-1
759	776	3215	3	2	1	1.52	1
759	777	2291	2	0	2	-3.03	-1
759	778	1381	2	1	1	0.00	1
759	779	1161	2	0	2	-3.03	-1
760	761	14965	17	3	14	-16.68	-1
760	762	12034	14	3	11	-12.13	-1
760	763	13800	15	5	10	-7.58	-1
760	764	13013	15	1	14	-19.71	-1
760	765	11616	14	1	13	-18.20	-1
760	766	10953	13	0	13	-19.71	-1
760	767	10837	13	12	1	16.68	1
760	768	10709	13	2	11	-13.65	-1
760	769	10677	13	3	10	-10.61	-1
760	770	10384	13	5	8	-4.55	-1
760	771	10349	13	3	10	-10.61	-1
760	772	8537	10	2	8	-9.10	-1
760	773	8047	9	6	3	4.55	1
760	774	6119	7	4	3	1.52	1
760	775	6001	7	2	5	-4.55	-1
760	776	5738	6	1	5	-6.07	-1
760	777	4814	5	5	0	7.58	1
760	778	3904	5	3	2	1.52	1
760	779	3684	5	4	1	4.55	1
760	780	3215	3	3	0	4.55	1
760	781	3124	3	3	0	4.55	1
760	782	2898	3	3	0	4.55	1
760	783	2358	3	0	3	-4.55	-1
760	784	2187	3	3	0	4.55	1
761	762	12034	14	13	1	18.20	1
761	763	20893	19	15	4	16.68	1
761	764	16183	18	16	2	21.23	1
761	765	19100	18	15	3	18.20	1
761	766	15668	16	14	2	18.20	1
761	767	16198	17	0	17	-25.78	-1
761	768	12843	15	12	3	13.65	1
761	769	18161	17	15	2	19.71	1
761	770	10854	13	13	0	19.71	1
761	771	14209	16	12	4	12.13	1
761	772	13238	13	11	2	13.65	1
761	773	15531	13	4	9	-7.58	-1
761	774	13603	11	1	10	-13.65	-1
761	775	13485	11	7	4	4.55	1
761	776	13222	10	8	2	9.10	1
761	777	12298	9	3	6	-4.55	-1
761	778	11388	9	0	9	-13.65	-1
761	779	11168	9	2	7	-7.58	-1
761	780	10699	7	1	6	-7.58	-1
761	781	10608	7	2	5	-4.55	-1
761	782	10382	7	1	6	-7.58	-1
761	783	9842	7	6	1	7.58	1
761	784	9671	7	0	7	-10.61	-1
761	785	6716	4	1	3	-3.03	-1
761	786	6424	4	4	0	6.07	1
761	787	6393	4	3	1	3.03	1
761	788	5647	4	1	3	-3.03	-1
761	789	5127	2	2	0	3.03	1
761	790	4232	1	0	1	-1.52	-1
761	791	4218	1	1	0	1.52	1
761	792	4218	1	1	0	1.52	1
761	793	4041	1	1	0	1.52	1
761	794	3749	1	0	1	-1.52	-1
761	795	3076	1	0	1	-1.52	-1
761	796	2582	1	1	0	1.52	1
762	763	10972	12	11	1	15.16	1
762	764	10185	12	8	4	6.07	1
762	765	8788	11	9	2	10.61	1
762	766	8125	10	5	5	0.00	1
762	767	8009	10	3	7	-6.07	-1
762	768	7881	10	9	1	12.13	1
762	769	7849	10	7	3	6.07	1
762	770	7556	10	9	1	12.13	1
762	771	7521	10	9	1	12.13	1
762	772	5709	7	7	0	10.61	1
762	773	5219	6	4	2	3.03	1
762	774	3291	4	2	2	0.00	1
762	775	3173	4	3	1	3.03	1
762	776	2910	3	2	1	1.52	1
762	777	1986	2	1	1	0.00	1
762	778	1076	2	1	1	0.00	1
762	779	856	2	1	1	0.00	1
763	764	16183	18	16	2	21.23	1
763	765	18709	18	15	3	18.20	1
763	766	15668	16	13	3	15.16	1
763	767	16198	17	5	12	-10.61	-1
763	768	12843	15	12	3	13.65	1
763	769	17770	17	11	6	7.58	1
763	770	10854	13	8	5	4.55	1
763	771	14209	16	14	2	18.20	1
763	772	13238	13	10	3	10.61	1
763	773	15140	13	3	10	-10.61	-1
763	774	13212	11	5	6	-1.52	-1
763	775	13094	11	6	5	1.52	1
763	776	12831	10	9	1	12.13	1
763	777	11907	9	4	5	-1.52	-1
763	778	10997	9	2	7	-7.58	-1
763	779	10777	9	3	6	-4.55	-1
763	780	10308	7	1	6	-7.58	-1
763	781	10217	7	2	5	-4.55	-1
763	782	9991	7	0	7	-10.61	-1
763	783	9451	7	5	2	4.55	1
763	784	9280	7	2	5	-4.55	-1
763	785	6325	4	1	3	-3.03	-1
763	786	6033	4	4	0	6.07	1
763	787	6002	4	2	2	0.00	1
763	788	5256	4	2	2	0.00	1
763	789	4736	2	1	1	0.00	1
763	790	3841	1	1	0	1.52	1
763	791	3827	1	1	0	1.52	1
763	792	3827	1	0	1	-1.52	-1
763	793	3650	1	1	0	1.52	1
763	794	3358	1	1	0	1.52	1
763	795	2685	1	1	0	1.52	1
763	796	2191	1	0	1	-1.52	-1
764	765	14786	17	15	2	19.71	1
764	766	14123	16	16	0	24.26	1
764	767	14007	16	4	12	-12.13	-1
764	768	12843	15	14	1	19.71	1
764	769	13847	16	13	3	15.16	1
764	770	10854	13	9	4	7.58	1
764	771	13519	16	15	1	21.23	1
764	772	11707	13	7	6	1.52	1
764	773	11217	12	3	9	-9.10	-1
764	774	9289	10	3	7	-6.07	-1
764	775	9171	10	9	1	12.13	1
764	776	8908	9	9	0	13.65	1
764	777	7984	8	0	8	-12.13	-1
764	778	7074	8	1	7	-9.10	-1
764	779	6854	8	1	7	-9.10	-1
764	780	6385	6	2	4	-3.03	-1
764	781	6294	6	0	6	-9.10	-1
764	782	6068	6	1	5	-6.07	-1
764	783	5528	6	4	2	3.03	1
764	784	5357	6	1	5	-6.07	-1
764	785	2402	3	0	3	-4.55	-1
764	786	2110	3	3	0	4.55	1
764	787	2079	3	3	0	4.55	1
764	788	1333	3	1	2	-1.52	-1
764	789	813	1	1	0	1.52	1
765	766	15668	16	13	3	15.16	1
765	767	16198	17	5	12	-10.61	-1
765	768	12843	15	11	4	10.61	1
765	769	19486	19	16	3	19.71	1
765	770	10854	13	11	2	13.65	1
765	771	14209	16	14	2	18.20	1
765	772	13238	13	9	4	7.58	1
765	773	16769	14	1	13	-18.20	-1
765	774	14928	13	4	9	-7.58	-1
765	775	14810	13	11	2	13.65	1
765	776	14547	12	9	3	9.10	1
765	777	13623	11	1	10	-13.65	-1
765	778	12713	11	1	10	-13.65	-1
765	779	12493	11	2	9	-10.61	-1
765	780	12024	9	2	7	-7.58	-1
765	781	11933	9	3	6	-4.55	-1
765	782	11707	9	4	5	-1.52	-1
765	783	11167	9	7	2	7.58	1
765	784	10996	9	2	7	-7.58	-1
765	785	8041	6	0	6	-9.10	-1
765	786	7749	6	4	2	3.03	1
765	787	7718	6	6	0	9.10	1
765	788	6972	6	2	4	-3.03	-1
765	789	6452	4	1	3	-3.03	-1
765	790	5557	3	3	0	4.55	1
765	791	5543	3	2	1	1.52	1
765	792	5543	3	2	1	1.52	1
765	793	5366	3	2	1	1.52	1
765	794	5074	3	1	2	-1.52	-1
765	795	4401	3	3	0	4.55	1
765	796	3907	3	3	0	4.55	1
765	797	3277	2	2	0	3.03	1
765	798	1216	2	0	2	-3.03	-1
765	799	566	1	0	1	-1.52	-1
765	800	36	1	1	0	1.52	1
766	767	15552	16	1	15	-21.23	-1
766	768	12843	15	11	4	10.61	1
766	769	15392	16	12	4	12.13	1
766	770	10854	13	12	1	16.68	1
766	771	14209	16	16	0	24.26	1
766	772	13238	13	11	2	13.65	1
766	773	12762	12	1	11	-15.16	-1
766	774	10834	10	2	8	-9.10	-1
766	775	10716	10	8	2	9.10	1
766	776	10453	9	8	1	10.61	1
766	777	9529	8	0	8	-12.13	-1
766	778	8619	8	3	5	-3.03	-1
766	779	8399	8	2	6	-6.07	-1
766	780	7930	6	2	4	-3.03	-1
766	781	7839	6	0	6	-9.10	-1
766	782	7613	6	2	4	-3.03	-1
766	783	7073	6	6	0	9.10	1
766	784	6902	6	0	6	-9.10	-1
766	785	3947	3	0	3	-4.55	-1
766	786	3655	3	1	2	-1.52	-1
766	787	3624	3	3	0	4.55	1
766	788	2878	3	1	2	-1.52	-1
766	789	2358	1	1	0	1.52	1
767	768	12843	15	3	12	-13.65	-1
767	769	16038	17	3	14	-16.68	-1
767	770	10854	13	2	11	-13.65	-1
767	771	14209	16	4	12	-12.13	-1
767	772	13238	13	2	11	-13.65	-1
767	773	13408	13	12	1	16.68	1
767	774	11480	11	9	2	10.61	1
767	775	11362	11	2	9	-10.61	-1
767	776	11099	10	2	8	-9.10	-1
767	777	10175	9	7	2	7.58	1
767	778	9265	9	9	0	13.65	1
767	779	9045	9	8	1	10.61	1
767	780	8576	7	5	2	4.55	1
767	781	8485	7	3	4	-1.52	-1
767	782	8259	7	7	0	10.61	1
767	783	7719	7	0	7	-10.61	-1
767	784	7548	7	7	0	10.61	1
767	785	4593	4	3	1	3.03	1
767	786	4301	4	0	4	-6.07	-1
767	787	4270	4	2	2	0.00	1
767	788	3524	4	3	1	3.03	1
767	789	3004	2	0	2	-3.03	-1
767	790	2109	1	0	1	-1.52	-1
767	791	2095	1	0	1	-1.52	-1
767	792	2095	1	0	1	-1.52	-1
767	793	1918	1	0	1	-1.52	-1
767	794	1626	1	1	0	1.52	1
767	795	953	1	0	1	-1.52	-1
767	796	459	1	0	1	-1.52	-1
768	769	12811	15	14	1	19.71	1
768	770	10854	13	11	2	13.65	1
768	771	12483	15	13	2	16.68	1
768	772	10671	12	9	3	9.10	1
768	773	10181	11	0	11	-16.68	-1
768	774	8253	9	2	7	-7.58	-1
768	775	8135	9	7	2	7.58	1
768	776	7872	8	6	2	6.07	1
768	777	6948	7	2	5	-4.55	-1
768	778	6038	7	4	3	1.52	1
768	779	5818	7	1	6	-7.58	-1
768	780	5349	5	1	4	-4.55	-1
768	781	5258	5	2	3	-1.52	-1
768	782	5032	5	2	3	-1.52	-1
768	783	4492	5	3	2	1.52	1
768	784	4321	5	2	3	-1.52	-1
768	785	1366	2	0	2	-3.03	-1
768	786	1074	2	2	0	3.03	1
768	787	1043	2	2	0	3.03	1
768	788	297	2	0	2	-3.03	-1
769	770	10854	13	11	2	13.65	1
769	771	14209	16	15	1	21.23	1
769	772	13238	13	11	2	13.65	1
769	773	16769	14	3	11	-12.13	-1
769	774	17358	13	1	12	-16.68	-1
769	775	15213	13	11	2	13.65	1
769	776	18121	13	12	1	16.68	1
769	777	14615	11	0	11	-16.68	-1
769	778	16287	12	2	10	-12.13	-1
769	779	16067	12	2	10	-12.13	-1
769	780	14363	9	2	7	-7.58	-1
769	781	15507	10	2	8	-9.10	-1
769	782	12422	9	3	6	-4.55	-1
769	783	12397	9	6	3	4.55	1
769	784	11355	9	1	8	-10.61	-1
769	785	11615	7	3	4	-1.52	-1
769	786	11323	7	5	2	4.55	1
769	787	11292	7	7	0	10.61	1
769	788	10546	7	2	5	-4.55	-1
769	789	10026	5	3	2	1.52	1
769	790	9131	4	4	0	6.07	1
769	791	9117	4	4	0	6.07	1
769	792	9117	4	3	1	3.03	1
769	793	8940	4	3	1	3.03	1
769	794	8648	4	0	4	-6.07	-1
769	795	7975	4	3	1	3.03	1
769	796	7481	4	3	1	3.03	1
769	797	6851	3	2	1	1.52	1
769	798	4790	3	2	1	1.52	1
769	799	4140	2	1	1	0.00	1
769	800	3610	2	2	0	3.03	1
769	801	1956	1	0	1	-1.52	-1
770	771	10819	13	10	3	10.61	1
770	772	9007	10	9	1	12.13	1
770	773	8517	9	1	8	-10.61	-1
770	774	6589	7	0	7	-10.61	-1
770	775	6471	7	5	2	4.55	1
770	776	6208	6	6	0	9.10	1
770	777	5284	5	1	4	-4.55	-1
770	778	4374	5	0	5	-7.58	-1
770	779	4154	5	2	3	-1.52	-1
770	780	3685	3	0	3	-4.55	-1
770	781	3594	3	0	3	-4.55	-1
770	782	3368	3	0	3	-4.55	-1
770	783	2828	3	2	1	1.52	1
770	784	2657	3	0	3	-4.55	-1
771	772	12397	13	12	1	16.68	1
771	773	11907	12	5	7	-3.03	-1
771	774	9979	10	4	6	-3.03	-1
771	775	9861	10	8	2	9.10	1
771	776	9598	9	6	3	4.55	1
771	777	8674	8	1	7	-9.10	-1
771	778	7764	8	0	8	-12.13	-1
771	779	7544	8	1	7	-9.10	-1
771	780	7075	6	2	4	-3.03	-1
771	781	6984	6	2	4	-3.03	-1
771	782	6758	6	0	6	-9.10	-1
771	783	6218	6	5	1	6.07	1
771	784	6047	6	0	6	-9.10	-1
771	785	3092	3	0	3	-4.55	-1
771	786	2800	3	3	0	4.55	1
771	787	2769	3	3	0	4.55	1
771	788	2023	3	1	2	-1.52	-1
771	789	1503	1	1	0	1.52	1
772	773	12748	12	2	10	-12.13	-1
772	774	10820	10	2	8	-9.10	-1
772	775	10702	10	9	1	12.13	1
772	776	10439	9	7	2	7.58	1
772	777	9515	8	1	7	-9.10	-1
772	778	8605	8	1	7	-9.10	-1
772	779	8385	8	0	8	-12.13	-1
772	780	7916	6	0	6	-9.10	-1
772	781	7825	6	0	6	-9.10	-1
772	782	7599	6	0	6	-9.10	-1
772	783	7059	6	4	2	3.03	1
772	784	6888	6	0	6	-9.10	-1
772	785	3933	3	1	2	-1.52	-1
772	786	3641	3	2	1	1.52	1
772	787	3610	3	2	1	1.52	1
772	788	2864	3	1	2	-1.52	-1
772	789	2344	1	1	0	1.52	1
773	774	14841	12	11	1	15.16	1
773	775	14723	12	1	11	-15.16	-1
773	776	14460	11	3	8	-7.58	-1
773	777	13536	10	7	3	6.07	1
773	778	12626	10	9	1	12.13	1
773	779	12406	10	10	0	15.16	1
773	780	11937	8	6	2	6.07	1
773	781	11846	8	6	2	6.07	1
773	782	11620	8	7	1	9.10	1
773	783	11080	8	1	7	-9.10	-1
773	784	10909	8	6	2	6.07	1
773	785	7954	5	4	1	4.55	1
773	786	7662	5	0	5	-7.58	-1
773	787	7631	5	1	4	-4.55	-1
773	788	6885	5	5	0	7.58	1
773	789	6365	3	0	3	-4.55	-1
773	790	5470	2	0	2	-3.03	-1
773	791	5456	2	1	1	0.00	1
773	792	5456	2	0	2	-3.03	-1
773	793	5279	2	0	2	-3.03	-1
773	794	4987	2	2	0	3.03	1
773	795	4314	2	0	2	-3.03	-1
773	796	3820	2	0	2	-3.03	-1
773	797	3190	1	0	1	-1.52	-1
773	798	1129	1	1	0	1.52	1
774	775	15213	13	2	11	-13.65	-1
774	776	16977	12	0	12	-18.20	-1
774	777	14615	11	10	1	13.65	1
774	778	15143	11	7	4	4.55	1
774	779	14923	11	7	4	4.55	1
774	780	14363	9	7	2	7.58	1
774	781	14363	9	8	1	10.61	1
774	782	12422	9	9	0	13.65	1
774	783	12397	9	4	5	-1.52	-1
774	784	11355	9	8	1	10.61	1
774	785	10471	6	5	1	6.07	1
774	786	10179	6	0	6	-9.10	-1
774	787	10148	6	4	2	3.03	1
774	788	9402	6	4	2	3.03	1
774	789	8882	4	0	4	-6.07	-1
774	790	7987	3	1	2	-1.52	-1
774	791	7973	3	1	2	-1.52	-1
774	792	7973	3	1	2	-1.52	-1
774	793	7796	3	1	2	-1.52	-1
774	794	7504	3	3	0	4.55	1
774	795	6831	3	1	2	-1.52	-1
774	796	6337	3	2	1	1.52	1
774	797	5707	2	2	0	3.03	1
774	798	3646	2	2	0	3.03	1
774	799	2996	1	1	0	1.52	1
774	800	2466	1	0	1	-1.52	-1
775	776	14950	12	10	2	12.13	1
775	777	14026	11	4	7	-4.55	-1
775	778	13116	11	2	9	-10.61	-1
775	779	12896	11	1	10	-13.65	-1
775	780	12427	9	2	7	-7.58	-1
775	781	12336	9	1	8	-10.61	-1
775	782	12110	9	1	8	-10.61	-1
775	783	11570	9	9	0	13.65	1
775	784	11355	9	0	9	-13.65	-1
775	785	8444	6	2	4	-3.03	-1
775	786	8152	6	5	1	6.07	1
775	787	8121	6	6	0	9.10	1
775	788	7375	6	1	5	-6.07	-1
775	789	6855	4	4	0	6.07	1
775	790	5960	3	3	0	4.55	1
775	791	5946	3	2	1	1.52	1
775	792	5946	3	3	0	4.55	1
775	793	5769	3	3	0	4.55	1
775	794	5477	3	0	3	-4.55	-1
775	795	4804	3	2	1	1.52	1
775	796	4310	3	3	0	4.55	1
775	797	3680	2	1	1	0.00	1
775	798	1619	2	0	2	-3.03	-1
775	799	969	1	0	1	-1.52	-1
775	800	439	1	1	0	1.52	1
776	777	14615	11	2	9	-10.61	-1
776	778	20259	13	3	10	-10.61	-1
776	779	20039	13	3	10	-10.61	-1
776	780	14363	9	3	6	-4.55	-1
776	781	17970	10	4	6	-3.03	-1
776	782	12422	9	1	8	-10.61	-1
776	783	12397	9	6	3	4.55	1
776	784	11355	9	1	8	-10.61	-1
776	785	15587	8	1	7	-9.10	-1
776	786	15295	8	6	2	6.07	1
776	787	12457	7	5	2	4.55	1
776	788	14518	8	4	4	0.00	1
776	789	13998	6	6	0	9.10	1
776	790	13103	5	4	1	4.55	1
776	791	13089	5	3	2	1.52	1
776	792	13089	5	5	0	7.58	1
776	793	12912	5	5	0	7.58	1
776	794	12620	5	2	3	-1.52	-1
776	795	11947	5	3	2	1.52	1
776	796	10150	4	3	1	3.03	1
776	797	10823	4	3	1	3.03	1
776	798	8762	4	0	4	-6.07	-1
776	799	8112	3	0	3	-4.55	-1
776	800	7582	3	3	0	4.55	1
776	801	5928	2	0	2	-3.03	-1
776	802	3060	1	0	1	-1.52	-1
776	803	2529	1	1	0	1.52	1
776	804	2101	1	1	0	1.52	1
776	805	1882	1	1	0	1.52	1
776	806	1162	1	0	1	-1.52	-1
776	807	908	1	0	1	-1.52	-1
777	778	13705	11	8	3	7.58	1
777	779	13485	11	9	2	10.61	1
777	780	13016	9	5	4	1.52	1
777	781	12925	9	8	1	10.61	1
777	782	12422	9	7	2	7.58	1
777	783	12159	9	2	7	-7.58	-1
777	784	11355	9	8	1	10.61	1
777	785	9033	6	4	2	3.03	1
777	786	8741	6	2	4	-3.03	-1
777	787	8710	6	1	5	-6.07	-1
777	788	7964	6	3	3	0.00	1
777	789	7444	4	1	3	-3.03	-1
777	790	6549	3	0	3	-4.55	-1
777	791	6535	3	0	3	-4.55	-1
777	792	6535	3	0	3	-4.55	-1
777	793	6358	3	3	0	4.55	1
777	794	6066	3	2	1	1.52	1
777	795	5393	3	1	2	-1.52	-1
777	796	4899	3	0	3	-4.55	-1
777	797	4269	2	0	2	-3.03	-1
777	798	2208	2	2	0	3.03	1
777	799	1558	1	1	0	1.52	1
777	800	1028	1	0	1	-1.52	-1
778	779	21450	13	9	4	7.58	1
778	780	14363	9	8	1	10.61	1
778	781	17970	10	7	3	6.07	1
778	782	12422	9	6	3	4.55	1
778	783	12397	9	1	8	-10.61	-1
778	784	11355	9	6	3	4.55	1
778	785	16998	8	7	1	9.10	1
778	786	16706	8	0	8	-12.13	-1
778	787	12457	7	4	3	1.52	1
778	788	15929	8	8	0	12.13	1
778	789	15409	6	1	5	-6.07	-1
778	790	14514	5	0	5	-7.58	-1
778	791	14500	5	0	5	-7.58	-1
778	792	14500	5	0	5	-7.58	-1
778	793	14323	5	2	3	-1.52	-1
778	794	14031	5	4	1	4.55	1
778	795	13358	5	1	4	-4.55	-1
778	796	10150	4	1	3	-3.03	-1
778	797	12234	4	0	4	-6.07	-1
778	798	10173	4	3	1	3.03	1
778	799	9523	3	2	1	1.52	1
778	800	8993	3	0	3	-4.55	-1
778	801	7339	2	2	0	3.03	1
778	802	4471	1	1	0	1.52	1
778	803	3940	1	0	1	-1.52	-1
778	804	3512	1	0	1	-1.52	-1
778	805	3293	1	0	1	-1.52	-1
778	806	2573	1	1	0	1.52	1
778	807	2319	1	0	1	-1.52	-1
779	780	14363	9	9	0	13.65	1
779	781	17970	10	8	2	9.10	1
779	782	12422	9	7	2	7.58	1
779	783	12397	9	3	6	-4.55	-1
779	784	11355	9	8	1	10.61	1
779	785	17917	9	7	2	7.58	1
779	786	17625	9	2	7	-7.58	-1
779	787	12457	7	0	7	-10.61	-1
779	788	16848	9	8	1	10.61	1
779	789	16328	7	0	7	-10.61	-1
779	790	15433	6	1	5	-6.07	-1
779	791	15419	6	0	6	-9.10	-1
779	792	15419	6	1	5	-6.07	-1
779	793	15242	6	1	5	-6.07	-1
779	794	14950	6	4	2	3.03	1
779	795	14277	6	2	4	-3.03	-1
779	796	10150	4	1	3	-3.03	-1
779	797	13153	5	1	4	-4.55	-1
779	798	11092	5	5	0	7.58	1
779	799	10442	4	4	0	6.07	1
779	800	9912	4	1	3	-3.03	-1
779	801	8258	3	3	0	4.55	1
779	802	5390	2	1	1	0.00	1
779	803	4859	2	0	2	-3.03	-1
779	804	4431	2	0	2	-3.03	-1
779	805	4212	2	0	2	-3.03	-1
779	806	3492	2	2	0	3.03	1
779	807	3238	2	2	0	3.03	1
779	808	3032	1	0	1	-1.52	-1
779	809	1664	1	1	0	1.52	1
780	781	14272	9	8	1	10.61	1
780	782	12422	9	8	1	10.61	1
780	783	12397	9	2	7	-7.58	-1
780	784	11355	9	6	3	4.55	1
780	785	10380	6	4	2	3.03	1
780	786	10088	6	1	5	-6.07	-1
780	787	10057	6	2	4	-3.03	-1
780	788	9311	6	4	2	3.03	1
780	789	8791	4	1	3	-3.03	-1
780	790	7896	3	0	3	-4.55	-1
780	791	7882	3	1	2	-1.52	-1
780	792	7882	3	0	3	-4.55	-1
780	793	7705	3	0	3	-4.55	-1
780	794	7413	3	3	0	4.55	1
780	795	6740	3	1	2	-1.52	-1
780	796	6246	3	0	3	-4.55	-1
780	797	5616	2	0	2	-3.03	-1
780	798	3555	2	2	0	3.03	1
780	799	2905	1	1	0	1.52	1
780	800	2375	1	0	1	-1.52	-1
781	782	12422	9	7	2	7.58	1
781	783	12397	9	1	8	-10.61	-1
781	784	11355	9	7	2	7.58	1
781	785	14078	7	7	0	10.61	1
781	786	13786	7	0	7	-10.61	-1
781	787	12457	7	1	6	-7.58	-1
781	788	13009	7	6	1	7.58	1
781	789	12489	5	1	4	-4.55	-1
781	790	11594	4	1	3	-3.03	-1
781	791	11580	4	1	3	-3.03	-1
781	792	11580	4	0	4	-6.07	-1
781	793	11403	4	1	3	-3.03	-1
781	794	11111	4	4	0	6.07	1
781	795	10438	4	2	2	0.00	1
781	796	9944	4	1	3	-3.03	-1
781	797	9314	3	0	3	-4.55	-1
781	798	7253	3	3	0	4.55	1
781	799	6603	2	2	0	3.03	1
781	800	6073	2	1	1	0.00	1
781	801	4419	1	1	0	1.52	1
782	783	11882	9	1	8	-10.61	-1
782	784	11355	9	8	1	10.61	1
782	785	8756	6	5	1	6.07	1
782	786	8464	6	0	6	-9.10	-1
782	787	8433	6	2	4	-3.03	-1
782	788	7687	6	6	0	9.10	1
782	789	7167	4	1	3	-3.03	-1
782	790	6272	3	0	3	-4.55	-1
782	791	6258	3	2	1	1.52	1
782	792	6258	3	0	3	-4.55	-1
782	793	6081	3	0	3	-4.55	-1
782	794	5789	3	3	0	4.55	1
782	795	5116	3	1	2	-1.52	-1
782	796	4622	3	1	2	-1.52	-1
782	797	3992	2	1	1	0.00	1
782	798	1931	2	2	0	3.03	1
782	799	1281	1	1	0	1.52	1
782	800	751	1	1	0	1.52	1
783	784	11355	9	1	8	-10.61	-1
783	785	9271	6	1	5	-6.07	-1
783	786	8979	6	6	0	9.10	1
783	787	8948	6	5	1	6.07	1
783	788	8202	6	1	5	-6.07	-1
783	789	7682	4	3	1	3.03	1
783	790	6787	3	2	1	1.52	1
783	791	6773	3	3	0	4.55	1
783	792	6773	3	3	0	4.55	1
783	793	6596	3	2	1	1.52	1
783	794	6304	3	0	3	-4.55	-1
783	795	5631	3	3	0	4.55	1
783	796	5137	3	2	1	1.52	1
783	797	4507	2	2	0	3.03	1
783	798	2446	2	0	2	-3.03	-1
783	799	1796	1	0	1	-1.52	-1
783	800	1266	1	1	0	1.52	1
784	785	8400	6	5	1	6.07	1
784	786	8108	6	1	5	-6.07	-1
784	787	8077	6	0	6	-9.10	-1
784	788	7331	6	5	1	6.07	1
784	789	6811	4	0	4	-6.07	-1
784	790	5916	3	1	2	-1.52	-1
784	791	5902	3	1	2	-1.52	-1
784	792	5902	3	0	3	-4.55	-1
784	793	5725	3	1	2	-1.52	-1
784	794	5433	3	2	1	1.52	1
784	795	4760	3	0	3	-4.55	-1
784	796	4266	3	0	3	-4.55	-1
784	797	3636	2	1	1	0.00	1
784	798	1575	2	2	0	3.03	1
784	799	925	1	1	0	1.52	1
784	800	395	1	0	1	-1.52	-1
785	786	19344	10	2	8	-9.10	-1
785	787	12457	7	0	7	-10.61	-1
785	788	18572	10	8	2	9.10	1
785	789	18052	8	2	6	-6.07	-1
785	790	17157	7	1	6	-7.58	-1
785	791	17143	7	1	6	-7.58	-1
785	792	17143	7	0	7	-10.61	-1
785	793	16966	7	3	4	-1.52	-1
785	794	16674	7	4	3	1.52	1
785	795	14562	6	1	5	-6.07	-1
785	796	10150	4	0	4	-6.07	-1
785	797	14532	5	0	5	-7.58	-1
785	798	12816	6	6	0	9.10	1
785	799	12166	5	5	0	7.58	1
785	800	11636	5	1	4	-4.55	-1
785	801	9982	4	4	0	6.07	1
785	802	7114	3	3	0	4.55	1
785	803	6583	3	0	3	-4.55	-1
785	804	6155	3	1	2	-1.52	-1
785	805	5936	3	0	3	-4.55	-1
785	806	5216	3	2	1	1.52	1
785	807	4962	3	2	1	1.52	1
785	808	4756	2	0	2	-3.03	-1
785	809	3388	2	2	0	3.03	1
785	810	1087	1	0	1	-1.52	-1
786	787	12457	7	6	1	7.58	1
786	788	18567	10	1	9	-12.13	-1
786	789	18047	8	6	2	6.07	1
786	790	17152	7	6	1	7.58	1
786	791	17138	7	7	0	10.61	1
786	792	17138	7	6	1	7.58	1
786	793	16961	7	7	0	10.61	1
786	794	16669	7	0	7	-10.61	-1
786	795	14562	6	6	0	9.10	1
786	796	10150	4	3	1	3.03	1
786	797	14532	5	5	0	7.58	1
786	798	12811	6	0	6	-9.10	-1
786	799	12161	5	1	4	-4.55	-1
786	800	11631	5	3	2	1.52	1
786	801	9977	4	1	3	-3.03	-1
786	802	7109	3	0	3	-4.55	-1
786	803	6578	3	3	0	4.55	1
786	804	6150	3	1	2	-1.52	-1
786	805	5931	3	3	0	4.55	1
786	806	5211	3	0	3	-4.55	-1
786	807	4957	3	0	3	-4.55	-1
786	808	4751	2	2	0	3.03	1
786	809	3383	2	0	2	-3.03	-1
786	810	1082	1	1	0	1.52	1
787	788	11711	7	2	5	-4.55	-1
787	789	11191	5	5	0	7.58	1
787	790	10296	4	3	1	3.03	1
787	791	10282	4	4	0	6.07	1
787	792	10282	4	3	1	3.03	1
787	793	10105	4	4	0	6.07	1
787	794	9813	4	0	4	-6.07	-1
787	795	9140	4	2	2	0.00	1
787	796	8646	4	4	0	6.07	1
787	797	8016	3	3	0	4.55	1
787	798	5955	3	1	2	-1.52	-1
787	799	5305	2	0	2	-3.03	-1
787	800	4775	2	2	0	3.03	1
787	801	3121	1	1	0	1.52	1
788	789	19011	9	2	7	-7.58	-1
788	790	18539	8	1	7	-9.10	-1
788	791	18525	8	1	7	-9.10	-1
788	792	18525	8	3	5	-3.03	-1
788	793	18348	8	2	6	-6.07	-1
788	794	17043	8	6	2	6.07	1
788	795	14562	6	1	5	-6.07	-1
788	796	10150	4	0	4	-6.07	-1
788	797	14532	5	1	4	-4.55	-1
788	798	14198	7	6	1	7.58	1
788	799	13548	6	6	0	9.10	1
788	800	13018	6	1	5	-6.07	-1
788	801	11364	5	5	0	7.58	1
788	802	8496	4	4	0	6.07	1
788	803	7965	4	0	4	-6.07	-1
788	804	7537	4	0	4	-6.07	-1
788	805	7318	4	0	4	-6.07	-1
788	806	6598	4	4	0	6.07	1
788	807	6344	4	4	0	6.07	1
788	808	6138	3	1	2	-1.52	-1
788	809	4770	3	3	0	4.55	1
788	810	2469	2	1	1	0.00	1
789	790	18116	8	5	3	3.03	1
789	791	18102	8	6	2	6.07	1
789	792	18102	8	5	3	3.03	1
789	793	17925	8	5	3	3.03	1
789	794	17043	8	1	7	-9.10	-1
789	795	14562	6	6	0	9.10	1
789	796	10150	4	3	1	3.03	1
789	797	14532	5	2	3	-1.52	-1
789	798	13775	7	1	6	-7.58	-1
789	799	13125	6	0	6	-9.10	-1
789	800	12595	6	5	1	6.07	1
789	801	10941	5	0	5	-7.58	-1
789	802	8073	4	0	4	-6.07	-1
789	803	7542	4	4	0	6.07	1
789	804	7114	4	4	0	6.07	1
789	805	6895	4	4	0	6.07	1
789	806	6175	4	0	4	-6.07	-1
789	807	5921	4	3	1	3.03	1
789	808	5715	3	2	1	1.52	1
789	809	4347	3	1	2	-1.52	-1
789	810	2046	2	1	1	0.00	1
790	791	19964	9	7	2	7.58	1
790	792	24371	13	10	3	10.61	1
790	793	19944	9	5	4	1.52	1
790	794	17043	8	2	6	-6.07	-1
790	795	14562	6	6	0	9.10	1
790	796	10150	4	4	0	6.07	1
790	797	14532	5	4	1	4.55	1
790	798	18977	10	0	10	-15.16	-1
790	799	17913	9	0	9	-13.65	-1
790	800	20062	11	9	2	10.61	1
790	801	18408	10	5	5	0.00	1
790	802	13180	7	2	5	-4.55	-1
790	803	15009	9	8	1	10.61	1
790	804	14581	9	9	0	13.65	1
790	805	14362	9	8	1	10.61	1
790	806	11584	7	2	5	-4.55	-1
790	807	13388	9	2	7	-7.58	-1
790	808	13182	8	6	2	6.07	1
790	809	11814	8	1	7	-9.10	-1
790	810	9513	7	5	2	4.55	1
790	811	7958	5	4	1	4.55	1
790	812	7359	5	4	1	4.55	1
790	813	7157	5	3	2	1.52	1
790	814	5791	4	3	1	3.03	1
790	815	5283	3	2	1	1.52	1
790	816	5120	3	0	3	-4.55	-1
790	817	3849	2	1	1	0.00	1
790	818	3713	2	2	0	3.03	1
790	819	3190	2	0	2	-3.03	-1
790	820	3147	2	0	2	-3.03	-1
790	821	2849	2	2	0	3.03	1
790	822	2826	2	2	0	3.03	1
790	823	2540	2	1	1	0.00	1
790	824	1914	2	1	1	0.00	1
791	792	19964	9	7	2	7.58	1
791	793	19787	9	8	1	10.61	1
791	794	17043	8	3	5	-3.03	-1
791	795	14562	6	6	0	9.10	1
791	796	10150	4	3	1	3.03	1
791	797	14532	5	4	1	4.55	1
791	798	15637	8	0	8	-12.13	-1
791	799	14987	7	0	7	-10.61	-1
791	800	14457	7	7	0	10.61	1
791	801	12803	6	1	5	-6.07	-1
791	802	9935	5	1	4	-4.55	-1
791	803	9404	5	4	1	4.55	1
791	804	8976	5	5	0	7.58	1
791	805	8757	5	4	1	4.55	1
791	806	8037	5	1	4	-4.55	-1
791	807	7783	5	1	4	-4.55	-1
791	808	7577	4	4	0	6.07	1
791	809	6209	4	0	4	-6.07	-1
791	810	3908	3	3	0	4.55	1
791	811	2353	1	1	0	1.52	1
791	812	1754	1	1	0	1.52	1
791	813	1552	1	1	0	1.52	1
792	793	19944	9	8	1	10.61	1
792	794	17043	8	1	7	-9.10	-1
792	795	14562	6	5	1	6.07	1
792	796	10150	4	3	1	3.03	1
792	797	14532	5	3	2	1.52	1
792	798	18977	10	2	8	-9.10	-1
792	799	17913	9	0	9	-13.65	-1
792	800	18864	11	8	3	7.58	1
792	801	17210	10	1	9	-12.13	-1
792	802	13180	7	2	5	-4.55	-1
792	803	13811	9	8	1	10.61	1
792	804	13383	9	5	4	1.52	1
792	805	13164	9	8	1	10.61	1
792	806	11584	7	2	5	-4.55	-1
792	807	12190	9	5	4	1.52	1
792	808	11984	8	8	0	12.13	1
792	809	10616	8	1	7	-9.10	-1
792	810	8315	7	6	1	7.58	1
792	811	6760	5	5	0	7.58	1
792	812	6161	5	3	2	1.52	1
792	813	5959	5	5	0	7.58	1
792	814	4593	4	3	1	3.03	1
792	815	4085	3	3	0	4.55	1
792	816	3922	3	0	3	-4.55	-1
792	817	2651	2	2	0	3.03	1
792	818	2515	2	1	1	0.00	1
792	819	1992	2	0	2	-3.03	-1
792	820	1949	2	0	2	-3.03	-1
792	821	1651	2	2	0	3.03	1
792	822	1628	2	2	0	3.03	1
792	823	1342	2	2	0	3.03	1
792	824	716	2	0	2	-3.03	-1
793	794	17043	8	1	7	-9.10	-1
793	795	14562	6	5	1	6.07	1
793	796	10150	4	2	2	0.00	1
793	797	14532	5	5	0	7.58	1
793	798	15794	8	1	7	-9.10	-1
793	799	15144	7	0	7	-10.61	-1
793	800	14614	7	6	1	7.58	1
793	801	12960	6	2	4	-3.03	-1
793	802	10092	5	0	5	-7.58	-1
793	803	9561	5	4	1	4.55	1
793	804	9133	5	4	1	4.55	1
793	805	8914	5	4	1	4.55	1
793	806	8194	5	1	4	-4.55	-1
793	807	7940	5	0	5	-7.58	-1
793	808	7734	4	4	0	6.07	1
793	809	6366	4	1	3	-3.03	-1
793	810	4065	3	2	1	1.52	1
793	811	2510	1	1	0	1.52	1
793	812	1911	1	1	0	1.52	1
793	813	1709	1	1	0	1.52	1
794	795	14562	6	2	4	-3.03	-1
794	796	10150	4	1	3	-3.03	-1
794	797	14532	5	1	4	-4.55	-1
794	798	13185	7	6	1	7.58	1
794	799	12535	6	4	2	3.03	1
794	800	12005	6	1	5	-6.07	-1
794	801	10351	5	5	0	7.58	1
794	802	7483	4	3	1	3.03	1
794	803	6952	4	1	3	-3.03	-1
794	804	6524	4	2	2	0.00	1
794	805	6305	4	1	3	-3.03	-1
794	806	5585	4	4	0	6.07	1
794	807	5331	4	4	0	6.07	1
794	808	5125	3	1	2	-1.52	-1
794	809	3757	3	3	0	4.55	1
794	810	1456	2	0	2	-3.03	-1
795	796	10150	4	2	2	0.00	1
795	797	13438	5	4	1	4.55	1
795	798	11377	5	0	5	-7.58	-1
795	799	10727	4	0	4	-6.07	-1
795	800	10197	4	4	0	6.07	1
795	801	8543	3	0	3	-4.55	-1
795	802	5675	2	0	2	-3.03	-1
795	803	5144	2	1	1	0.00	1
795	804	4716	2	1	1	0.00	1
795	805	4497	2	1	1	0.00	1
795	806	3777	2	1	1	0.00	1
795	807	3523	2	0	2	-3.03	-1
795	808	3317	1	1	0	1.52	1
795	809	1949	1	0	1	-1.52	-1
796	797	9520	3	2	1	1.52	1
796	798	7459	3	0	3	-4.55	-1
796	799	6809	2	0	2	-3.03	-1
796	800	6279	2	2	0	3.03	1
796	801	4625	1	0	1	-1.52	-1
797	798	12471	5	2	3	-1.52	-1
797	799	11821	4	0	4	-6.07	-1
797	800	11291	4	3	1	3.03	1
797	801	9637	3	1	2	-1.52	-1
797	802	6769	2	1	1	0.00	1
797	803	6238	2	1	1	0.00	1
797	804	5810	2	1	1	0.00	1
797	805	5591	2	0	2	-3.03	-1
797	806	4871	2	0	2	-3.03	-1
797	807	4617	2	0	2	-3.03	-1
797	808	4411	1	0	1	-1.52	-1
797	809	3043	1	0	1	-1.52	-1
798	799	17913	9	8	1	10.61	1
798	800	17797	9	2	7	-7.58	-1
798	801	16143	8	8	0	12.13	1
798	802	13180	7	5	2	4.55	1
798	803	12744	7	1	6	-7.58	-1
798	804	12316	7	1	6	-7.58	-1
798	805	12097	7	2	5	-4.55	-1
798	806	11377	7	5	2	4.55	1
798	807	11123	7	7	0	10.61	1
798	808	10917	6	2	4	-3.03	-1
798	809	9549	6	6	0	9.10	1
798	810	7248	5	1	4	-4.55	-1
798	811	5693	3	2	1	1.52	1
798	812	5094	3	1	2	-1.52	-1
798	813	4892	3	0	3	-4.55	-1
798	814	3526	2	1	1	0.00	1
798	815	3018	1	0	1	-1.52	-1
798	816	2855	1	1	0	1.52	1
799	800	17383	9	1	8	-10.61	-1
799	801	15729	8	7	1	9.10	1
799	802	12861	7	5	2	4.55	1
799	803	12330	7	2	5	-4.55	-1
799	804	11902	7	2	5	-4.55	-1
799	805	11683	7	2	5	-4.55	-1
799	806	10963	7	6	1	7.58	1
799	807	10709	7	5	2	4.55	1
799	808	10503	6	1	5	-6.07	-1
799	809	9135	6	4	2	3.03	1
799	810	6834	5	3	2	1.52	1
799	811	5279	3	0	3	-4.55	-1
799	812	4680	3	1	2	-1.52	-1
799	813	4478	3	1	2	-1.52	-1
799	814	3112	2	0	2	-3.03	-1
799	815	2604	1	0	1	-1.52	-1
799	816	2441	1	1	0	1.52	1
800	801	18971	11	0	11	-16.68	-1
800	802	13180	7	2	5	-4.55	-1
800	803	15572	10	8	2	9.10	1
800	804	15144	10	8	2	9.10	1
800	805	14925	10	9	1	12.13	1
800	806	11584	7	1	6	-7.58	-1
800	807	13951	10	3	7	-6.07	-1
800	808	13745	9	8	1	10.61	1
800	809	12377	9	2	7	-7.58	-1
800	810	10076	8	6	2	6.07	1
800	811	8521	6	4	2	3.03	1
800	812	7922	6	5	1	6.07	1
800	813	7720	6	5	1	6.07	1
800	814	6354	5	5	0	7.58	1
800	815	5846	4	2	2	0.00	1
800	816	5683	4	3	1	3.03	1
800	817	4412	3	1	2	-1.52	-1
800	818	4276	3	3	0	4.55	1
800	819	3753	3	1	2	-1.52	-1
800	820	3710	3	0	3	-4.55	-1
800	821	3412	3	2	1	1.52	1
800	822	3389	3	3	0	4.55	1
800	823	3103	3	1	2	-1.52	-1
800	824	2477	3	0	3	-4.55	-1
800	825	1774	1	1	0	1.52	1
800	826	837	1	1	0	1.52	1
801	802	13180	7	7	0	10.61	1
801	803	19654	15	4	11	-10.61	-1
801	804	19226	15	2	13	-16.68	-1
801	805	19007	15	1	14	-19.71	-1
801	806	11584	7	7	0	10.61	1
801	807	15241	10	8	2	9.10	1
801	808	17827	14	2	12	-15.16	-1
801	809	16459	14	11	3	12.13	1
801	810	14158	13	1	12	-16.68	-1
801	811	12603	11	2	9	-10.61	-1
801	812	12004	11	2	9	-10.61	-1
801	813	11802	11	1	10	-13.65	-1
801	814	10436	10	0	10	-15.16	-1
801	815	9928	9	2	7	-7.58	-1
801	816	9765	9	8	1	10.61	1
801	817	8494	8	2	6	-6.07	-1
801	818	8358	8	1	7	-9.10	-1
801	819	7835	8	6	2	6.07	1
801	820	7792	8	5	3	3.03	1
801	821	7494	8	0	8	-12.13	-1
801	822	7471	8	0	8	-12.13	-1
801	823	7185	8	1	7	-9.10	-1
801	824	6559	8	8	0	12.13	1
801	825	5856	6	1	5	-6.07	-1
801	826	4919	6	0	6	-9.10	-1
801	827	4016	5	5	0	7.58	1
801	828	964	2	0	2	-3.03	-1
802	803	12649	7	2	5	-4.55	-1
802	804	12221	7	1	6	-7.58	-1
802	805	12002	7	1	6	-7.58	-1
802	806	11282	7	7	0	10.61	1
802	807	11028	7	5	2	4.55	1
802	808	10822	6	4	2	3.03	1
802	809	9454	6	5	1	6.07	1
802	810	7153	5	1	4	-4.55	-1
802	811	5598	3	2	1	1.52	1
802	812	4999	3	1	2	-1.52	-1
802	813	4797	3	2	1	1.52	1
802	814	3431	2	1	1	0.00	1
802	815	2923	1	0	1	-1.52	-1
802	816	2760	1	0	1	-1.52	-1
803	804	20528	15	10	5	7.58	1
803	805	20656	15	13	2	16.68	1
803	806	11584	7	0	7	-10.61	-1
803	807	15241	10	2	8	-9.10	-1
803	808	19476	14	13	1	18.20	1
803	809	18108	14	4	10	-9.10	-1
803	810	15807	13	11	2	13.65	1
803	811	14252	11	9	2	10.61	1
803	812	13653	11	10	1	13.65	1
803	813	13451	11	9	2	10.61	1
803	814	12085	10	5	5	0.00	1
803	815	11577	9	6	3	4.55	1
803	816	11414	9	1	8	-10.61	-1
803	817	10143	8	7	1	9.10	1
803	818	10007	8	6	2	6.07	1
803	819	9484	8	2	6	-6.07	-1
803	820	9441	8	4	4	0.00	1
803	821	9143	8	6	2	6.07	1
803	822	9120	8	6	2	6.07	1
803	823	8834	8	6	2	6.07	1
803	824	8208	8	2	6	-6.07	-1
803	825	7505	6	5	1	6.07	1
803	826	6568	6	5	1	6.07	1
803	827	5665	5	1	4	-4.55	-1
803	828	2613	2	2	0	3.03	1
804	805	20309	15	14	1	19.71	1
804	806	11584	7	0	7	-10.61	-1
804	807	15241	10	2	8	-9.10	-1
804	808	19129	14	12	2	15.16	1
804	809	17761	14	6	8	-3.03	-1
804	810	15460	13	9	4	7.58	1
804	811	13905	11	8	3	7.58	1
804	812	13306	11	6	5	1.52	1
804	813	13104	11	9	2	10.61	1
804	814	11738	10	7	3	6.07	1
804	815	11230	9	9	0	13.65	1
804	816	11067	9	1	8	-10.61	-1
804	817	9796	8	5	3	3.03	1
804	818	9660	8	7	1	9.10	1
804	819	9137	8	1	7	-9.10	-1
804	820	9094	8	3	5	-3.03	-1
804	821	8796	8	6	2	6.07	1
804	822	8773	8	8	0	12.13	1
804	823	8487	8	6	2	6.07	1
804	824	7861	8	1	7	-9.10	-1
804	825	7158	6	4	2	3.03	1
804	826	6221	6	5	1	6.07	1
804	827	5318	5	0	5	-7.58	-1
804	828	2266	2	1	1	0.00	1
805	806	11584	7	0	7	-10.61	-1
805	807	15241	10	1	9	-12.13	-1
805	808	21130	16	15	1	21.23	1
805	809	19613	16	3	13	-15.16	-1
805	810	17549	15	12	3	13.65	1
805	811	15994	13	9	4	7.58	1
805	812	14528	12	10	2	12.13	1
805	813	15193	13	12	1	16.68	1
805	814	13827	12	7	5	3.03	1
805	815	13319	11	10	1	13.65	1
805	816	13156	11	1	10	-13.65	-1
805	817	11885	10	9	1	12.13	1
805	818	11749	10	7	3	6.07	1
805	819	11226	10	2	8	-9.10	-1
805	820	11183	10	2	8	-9.10	-1
805	821	10885	10	9	1	12.13	1
805	822	10862	10	8	2	9.10	1
805	823	10576	10	8	2	9.10	1
805	824	9950	10	2	8	-9.10	-1
805	825	9247	8	6	2	6.07	1
805	826	8310	8	7	1	9.10	1
805	827	7407	7	2	5	-4.55	-1
805	828	4355	4	3	1	3.03	1
805	829	3050	2	0	2	-3.03	-1
805	830	1893	2	0	2	-3.03	-1
805	831	1465	2	0	2	-3.03	-1
805	832	1446	2	0	2	-3.03	-1
805	833	875	1	0	1	-1.52	-1
805	834	647	1	0	1	-1.52	-1
806	807	11330	7	7	0	10.61	1
806	808	11124	6	1	5	-6.07	-1
806	809	9756	6	5	1	6.07	1
806	810	7455	5	1	4	-4.55	-1
806	811	5900	3	0	3	-4.55	-1
806	812	5301	3	0	3	-4.55	-1
806	813	5099	3	0	3	-4.55	-1
806	814	3733	2	1	1	0.00	1
806	815	3225	1	1	0	1.52	1
806	816	3062	1	1	0	1.52	1
807	808	15035	9	2	7	-7.58	-1
807	809	13667	9	6	3	4.55	1
807	810	11366	8	1	7	-9.10	-1
807	811	9811	6	1	5	-6.07	-1
807	812	9212	6	3	3	0.00	1
807	813	9010	6	1	5	-6.07	-1
807	814	7644	5	0	5	-7.58	-1
807	815	7136	4	0	4	-6.07	-1
807	816	6973	4	3	1	3.03	1
807	817	5702	3	1	2	-1.52	-1
807	818	5566	3	1	2	-1.52	-1
807	819	5043	3	1	2	-1.52	-1
807	820	5000	3	3	0	4.55	1
807	821	4702	3	0	3	-4.55	-1
807	822	4679	3	1	2	-1.52	-1
807	823	4393	3	1	2	-1.52	-1
807	824	3767	3	3	0	4.55	1
807	825	3064	1	0	1	-1.52	-1
807	826	2127	1	0	1	-1.52	-1
808	809	19613	16	2	14	-18.20	-1
808	810	17461	15	13	2	16.68	1
808	811	15906	13	12	1	16.68	1
808	812	14528	12	11	1	15.16	1
808	813	15105	13	11	2	13.65	1
808	814	13739	12	9	3	9.10	1
808	815	13231	11	9	2	10.61	1
808	816	13068	11	6	5	1.52	1
808	817	11797	10	9	1	12.13	1
808	818	11661	10	9	1	12.13	1
808	819	11138	10	1	9	-12.13	-1
808	820	11095	10	1	9	-12.13	-1
808	821	10797	10	8	2	9.10	1
808	822	10774	10	8	2	9.10	1
808	823	10488	10	5	5	0.00	1
808	824	9862	10	0	10	-15.16	-1
808	825	9159	8	7	1	9.10	1
808	826	8222	8	7	1	9.10	1
808	827	7319	7	2	5	-4.55	-1
808	828	4267	4	4	0	6.07	1
808	829	2962	2	0	2	-3.03	-1
808	830	1805	2	0	2	-3.03	-1
808	831	1377	2	0	2	-3.03	-1
808	832	1358	2	1	1	0.00	1
808	833	787	1	0	1	-1.52	-1
808	834	559	1	0	1	-1.52	-1
809	810	17312	15	0	15	-22.75	-1
809	811	15757	13	1	12	-16.68	-1
809	812	14528	12	1	11	-15.16	-1
809	813	14956	13	1	12	-16.68	-1
809	814	13590	12	1	11	-15.16	-1
809	815	13082	11	0	11	-16.68	-1
809	816	12919	11	10	1	13.65	1
809	817	11648	10	3	7	-6.07	-1
809	818	11512	10	1	9	-12.13	-1
809	819	10989	10	7	3	6.07	1
809	820	10946	10	6	4	3.03	1
809	821	10648	10	0	10	-15.16	-1
809	822	10625	10	2	8	-9.10	-1
809	823	10339	10	2	8	-9.10	-1
809	824	9713	10	6	4	3.03	1
809	825	9010	8	1	7	-9.10	-1
809	826	8073	8	3	5	-3.03	-1
809	827	7170	7	6	1	7.58	1
809	828	4118	4	0	4	-6.07	-1
809	829	2813	2	1	1	0.00	1
809	830	1656	2	2	0	3.03	1
809	831	1228	2	1	1	0.00	1
809	832	1209	2	1	1	0.00	1
809	833	638	1	0	1	-1.52	-1
809	834	410	1	1	0	1.52	1
810	811	24541	17	15	2	19.71	1
810	812	14528	12	8	4	6.07	1
810	813	15271	13	11	2	13.65	1
810	814	22374	16	14	2	18.20	1
810	815	15358	12	9	3	9.10	1
810	816	15016	12	2	10	-12.13	-1
810	817	20432	14	13	1	18.20	1
810	818	13618	11	7	4	4.55	1
810	819	19773	14	3	11	-12.13	-1
810	820	14393	11	5	6	-1.52	-1
810	821	19432	14	13	1	18.20	1
810	822	17718	11	9	2	10.61	1
810	823	19123	14	11	3	12.13	1
810	824	17945	12	2	10	-12.13	-1
810	825	10103	8	7	1	9.10	1
810	826	16708	12	9	3	9.10	1
810	827	15376	9	1	8	-10.61	-1
810	828	12902	8	5	3	3.03	1
810	829	11597	6	0	6	-9.10	-1
810	830	10440	6	1	5	-6.07	-1
810	831	10012	6	1	5	-6.07	-1
810	832	9993	6	2	4	-3.03	-1
810	833	9422	5	1	4	-4.55	-1
810	834	9194	5	1	4	-4.55	-1
810	835	9002	4	0	4	-6.07	-1
810	836	8823	4	4	0	6.07	1
810	837	8301	4	2	2	0.00	1
810	838	7599	4	2	2	0.00	1
810	839	7328	4	0	4	-6.07	-1
810	840	6017	3	3	0	4.55	1
810	841	5945	3	3	0	4.55	1
810	842	5239	3	3	0	4.55	1
810	843	3982	3	1	2	-1.52	-1
810	844	3936	3	1	2	-1.52	-1
810	845	3898	3	0	3	-4.55	-1
810	846	3834	3	0	3	-4.55	-1
811	812	14528	12	11	1	15.16	1
811	813	15271	13	11	2	13.65	1
811	814	24667	16	13	3	15.16	1
811	815	15358	12	10	2	12.13	1
811	816	15016	12	1	11	-15.16	-1
811	817	22725	14	10	4	9.10	1
811	818	13618	11	8	3	7.58	1
811	819	22066	14	1	13	-18.20	-1
811	820	14393	11	4	7	-4.55	-1
811	821	21725	14	14	0	21.23	1
811	822	17718	11	9	2	10.61	1
811	823	20163	14	12	2	15.16	1
811	824	17945	12	1	11	-15.16	-1
811	825	10103	8	6	2	6.07	1
811	826	16708	12	11	1	15.16	1
811	827	15376	9	0	9	-13.65	-1
811	828	15195	8	5	3	3.03	1
811	829	13890	6	0	6	-9.10	-1
811	830	12733	6	1	5	-6.07	-1
811	831	12305	6	0	6	-9.10	-1
811	832	12286	6	0	6	-9.10	-1
811	833	11715	5	1	4	-4.55	-1
811	834	11487	5	0	5	-7.58	-1
811	835	11295	4	0	4	-6.07	-1
811	836	11116	4	3	1	3.03	1
811	837	10594	4	4	0	6.07	1
811	838	9892	4	0	4	-6.07	-1
811	839	9621	4	0	4	-6.07	-1
811	840	8310	3	3	0	4.55	1
811	841	8238	3	3	0	4.55	1
811	842	7532	3	3	0	4.55	1
811	843	6275	3	0	3	-4.55	-1
811	844	6229	3	0	3	-4.55	-1
811	845	6191	3	1	2	-1.52	-1
811	846	6127	3	0	3	-4.55	-1
812	813	14326	12	10	2	12.13	1
812	814	12960	11	10	1	13.65	1
812	815	12452	10	6	4	3.03	1
812	816	12289	10	1	9	-12.13	-1
812	817	11018	9	6	3	4.55	1
812	818	10882	9	8	1	10.61	1
812	819	10359	9	4	5	-1.52	-1
812	820	10316	9	3	6	-4.55	-1
812	821	10018	9	9	0	13.65	1
812	822	9995	9	7	2	7.58	1
812	823	9709	9	7	2	7.58	1
812	824	9083	9	0	9	-13.65	-1
812	825	8380	7	6	1	7.58	1
812	826	7443	7	5	2	4.55	1
812	827	6540	6	1	5	-6.07	-1
812	828	3488	3	3	0	4.55	1
812	829	2183	1	0	1	-1.52	-1
812	830	1026	1	0	1	-1.52	-1
812	831	598	1	0	1	-1.52	-1
812	832	579	1	0	1	-1.52	-1
813	814	13905	12	10	2	12.13	1
813	815	13397	11	10	1	13.65	1
813	816	13234	11	2	9	-10.61	-1
813	817	11963	10	8	2	9.10	1
813	818	11827	10	7	3	6.07	1
813	819	11304	10	4	6	-3.03	-1
813	820	11261	10	2	8	-9.10	-1
813	821	10963	10	9	1	12.13	1
813	822	10940	10	9	1	12.13	1
813	823	10654	10	8	2	9.10	1
813	824	10028	10	1	9	-12.13	-1
813	825	9325	8	6	2	6.07	1
813	826	8388	8	6	2	6.07	1
813	827	7485	7	2	5	-4.55	-1
813	828	4433	4	3	1	3.03	1
813	829	3128	2	1	1	0.00	1
813	830	1971	2	0	2	-3.03	-1
813	831	1543	2	0	2	-3.03	-1
813	832	1524	2	0	2	-3.03	-1
813	833	953	1	1	0	1.52	1
813	834	725	1	0	1	-1.52	-1
814	815	15358	12	12	0	18.20	1
814	816	15016	12	4	8	-6.07	-1
814	817	23605	15	10	5	7.58	1
814	818	13618	11	9	2	10.61	1
814	819	23943	16	4	12	-12.13	-1
814	820	14393	11	3	8	-7.58	-1
814	821	23776	16	12	4	12.13	1
814	822	17718	11	8	3	7.58	1
814	823	20163	14	11	3	12.13	1
814	824	17945	12	1	11	-15.16	-1
814	825	10103	8	6	2	6.07	1
814	826	16708	12	8	4	6.07	1
814	827	15376	9	2	7	-7.58	-1
814	828	18722	10	9	1	12.13	1
814	829	16360	8	1	7	-9.10	-1
814	830	16998	8	2	6	-6.07	-1
814	831	16570	8	2	6	-6.07	-1
814	832	15054	8	0	8	-12.13	-1
814	833	15980	7	1	6	-7.58	-1
814	834	15752	7	1	6	-7.58	-1
814	835	15560	6	1	5	-6.07	-1
814	836	15381	6	5	1	6.07	1
814	837	13036	6	5	1	6.07	1
814	838	14157	6	2	4	-3.03	-1
814	839	12617	6	2	4	-3.03	-1
814	840	12575	5	4	1	4.55	1
814	841	12503	5	2	3	-1.52	-1
814	842	11797	5	5	0	7.58	1
814	843	10540	5	1	4	-4.55	-1
814	844	10494	5	2	3	-1.52	-1
814	845	10456	5	0	5	-7.58	-1
814	846	10392	5	1	4	-4.55	-1
815	816	15016	12	4	8	-6.07	-1
815	817	13924	11	9	2	10.61	1
815	818	13618	11	8	3	7.58	1
815	819	13265	11	1	10	-13.65	-1
815	820	13222	11	4	7	-4.55	-1
815	821	12924	11	10	1	13.65	1
815	822	12901	11	6	5	1.52	1
815	823	12615	11	11	0	16.68	1
815	824	11989	11	2	9	-10.61	-1
815	825	10103	8	6	2	6.07	1
815	826	10349	9	8	1	10.61	1
815	827	9446	8	2	6	-6.07	-1
815	828	6394	5	5	0	7.58	1
815	829	5089	3	1	2	-1.52	-1
815	830	3932	3	0	3	-4.55	-1
815	831	3504	3	2	1	1.52	1
815	832	3485	3	1	2	-1.52	-1
815	833	2914	2	0	2	-3.03	-1
815	834	2686	2	0	2	-3.03	-1
815	835	2494	1	0	1	-1.52	-1
815	836	2315	1	1	0	1.52	1
815	837	1793	1	1	0	1.52	1
815	838	1091	1	0	1	-1.52	-1
815	839	820	1	1	0	1.52	1
816	817	13745	11	0	11	-16.68	-1
816	818	13609	11	0	11	-16.68	-1
816	819	13086	11	9	2	10.61	1
816	820	13043	11	9	2	10.61	1
816	821	12745	11	2	9	-10.61	-1
816	822	12722	11	1	10	-13.65	-1
816	823	12436	11	2	9	-10.61	-1
816	824	11810	11	10	1	13.65	1
816	825	10103	8	3	5	-3.03	-1
816	826	10170	9	2	7	-7.58	-1
816	827	9267	8	8	0	12.13	1
816	828	6215	5	1	4	-4.55	-1
816	829	4910	3	3	0	4.55	1
816	830	3753	3	2	1	1.52	1
816	831	3325	3	2	1	1.52	1
816	832	3306	3	2	1	1.52	1
816	833	2735	2	2	0	3.03	1
816	834	2507	2	2	0	3.03	1
816	835	2315	1	1	0	1.52	1
816	836	2136	1	0	1	-1.52	-1
816	837	1614	1	0	1	-1.52	-1
816	838	912	1	1	0	1.52	1
816	839	641	1	1	0	1.52	1
817	818	13618	11	10	1	13.65	1
817	819	22946	15	3	12	-13.65	-1
817	820	14393	11	2	9	-10.61	-1
817	821	22605	15	14	1	19.71	1
817	822	17718	11	10	1	13.65	1
817	823	20163	14	11	3	12.13	1
817	824	17945	12	2	10	-12.13	-1
817	825	10103	8	8	0	12.13	1
817	826	16708	12	7	5	3.03	1
817	827	15376	9	3	6	-4.55	-1
817	828	16075	9	8	1	10.61	1
817	829	14770	7	1	6	-7.58	-1
817	830	13613	7	0	7	-10.61	-1
817	831	13185	7	2	5	-4.55	-1
817	832	13166	7	1	6	-7.58	-1
817	833	12595	6	1	5	-6.07	-1
817	834	12367	6	2	4	-3.03	-1
817	835	12175	5	0	5	-7.58	-1
817	836	11996	5	5	0	7.58	1
817	837	11474	5	3	2	1.52	1
817	838	10772	5	1	4	-4.55	-1
817	839	10501	5	0	5	-7.58	-1
817	840	9190	4	4	0	6.07	1
817	841	9118	4	4	0	6.07	1
817	842	8412	4	3	1	3.03	1
817	843	7155	4	1	3	-3.03	-1
817	844	7109	4	3	1	3.03	1
817	845	7071	4	1	3	-3.03	-1
817	846	7007	4	2	2	0.00	1
818	819	13095	11	2	9	-10.61	-1
818	820	13052	11	0	11	-16.68	-1
818	821	12754	11	8	3	7.58	1
818	822	12731	11	7	4	4.55	1
818	823	12445	11	9	2	10.61	1
818	824	11819	11	2	9	-10.61	-1
818	825	10103	8	7	1	9.10	1
818	826	10179	9	7	2	7.58	1
818	827	9276	8	2	6	-6.07	-1
818	828	6224	5	5	0	7.58	1
818	829	4919	3	0	3	-4.55	-1
818	830	3762	3	1	2	-1.52	-1
818	831	3334	3	0	3	-4.55	-1
818	832	3315	3	0	3	-4.55	-1
818	833	2744	2	0	2	-3.03	-1
818	834	2516	2	0	2	-3.03	-1
818	835	2324	1	0	1	-1.52	-1
818	836	2145	1	0	1	-1.52	-1
818	837	1623	1	0	1	-1.52	-1
818	838	921	1	0	1	-1.52	-1
818	839	650	1	0	1	-1.52	-1
819	820	14393	11	10	1	13.65	1
819	821	23602	16	2	14	-18.20	-1
819	822	17718	11	1	10	-13.65	-1
819	823	20163	14	3	11	-12.13	-1
819	824	17945	12	9	3	9.10	1
819	825	10103	8	4	4	0.00	1
819	826	16708	12	1	11	-15.16	-1
819	827	15376	9	9	0	13.65	1
819	828	17072	10	2	8	-9.10	-1
819	829	15767	8	6	2	6.07	1
819	830	14610	8	8	0	12.13	1
819	831	14182	8	7	1	9.10	1
819	832	14163	8	7	1	9.10	1
819	833	13592	7	5	2	4.55	1
819	834	13364	7	6	1	7.58	1
819	835	13172	6	6	0	9.10	1
819	836	12993	6	1	5	-6.07	-1
819	837	12471	6	1	5	-6.07	-1
819	838	11769	6	4	2	3.03	1
819	839	11498	6	5	1	6.07	1
819	840	10187	5	0	5	-7.58	-1
819	841	10115	5	3	2	1.52	1
819	842	9409	5	0	5	-7.58	-1
819	843	8152	5	4	1	4.55	1
819	844	8106	5	3	2	1.52	1
819	845	8068	5	3	2	1.52	1
819	846	8004	5	5	0	7.58	1
820	821	14095	11	1	10	-13.65	-1
820	822	14072	11	2	9	-10.61	-1
820	823	13786	11	0	11	-16.68	-1
820	824	13160	11	8	3	7.58	1
820	825	10103	8	1	7	-9.10	-1
820	826	11520	9	2	7	-7.58	-1
820	827	10617	8	7	1	9.10	1
820	828	7565	5	1	4	-4.55	-1
820	829	6260	3	3	0	4.55	1
820	830	5103	3	1	2	-1.52	-1
820	831	4675	3	2	1	1.52	1
820	832	4656	3	2	1	1.52	1
820	833	4085	2	1	1	0.00	1
820	834	3857	2	2	0	3.03	1
820	835	3665	1	1	0	1.52	1
820	836	3486	1	0	1	-1.52	-1
820	837	2964	1	0	1	-1.52	-1
820	838	2262	1	1	0	1.52	1
820	839	1991	1	1	0	1.52	1
821	822	17718	11	8	3	7.58	1
821	823	20163	14	11	3	12.13	1
821	824	17945	12	6	6	0.00	1
821	825	10103	8	6	2	6.07	1
821	826	16708	12	8	4	6.07	1
821	827	15376	9	2	7	-7.58	-1
821	828	17246	10	10	0	15.16	1
821	829	15941	8	3	5	-3.03	-1
821	830	14784	8	2	6	-6.07	-1
821	831	14356	8	0	8	-12.13	-1
821	832	14337	8	3	5	-3.03	-1
821	833	13766	7	2	5	-4.55	-1
821	834	13538	7	2	5	-4.55	-1
821	835	13346	6	1	5	-6.07	-1
821	836	13167	6	4	2	3.03	1
821	837	12645	6	6	0	9.10	1
821	838	11943	6	1	5	-6.07	-1
821	839	11672	6	0	6	-9.10	-1
821	840	10361	5	4	1	4.55	1
821	841	10289	5	4	1	4.55	1
821	842	9583	5	4	1	4.55	1
821	843	8326	5	1	4	-4.55	-1
821	844	8280	5	1	4	-4.55	-1
821	845	8242	5	1	4	-4.55	-1
821	846	8178	5	1	4	-4.55	-1
822	823	17432	11	9	2	10.61	1
822	824	16806	11	5	6	-1.52	-1
822	825	10103	8	6	2	6.07	1
822	826	15166	9	8	1	10.61	1
822	827	14263	8	2	6	-6.07	-1
822	828	11211	5	5	0	7.58	1
822	829	9906	3	0	3	-4.55	-1
822	830	8749	3	0	3	-4.55	-1
822	831	8321	3	0	3	-4.55	-1
822	832	8302	3	1	2	-1.52	-1
822	833	7731	2	0	2	-3.03	-1
822	834	7503	2	1	1	0.00	1
822	835	7311	1	0	1	-1.52	-1
822	836	7132	1	1	0	1.52	1
822	837	6610	1	0	1	-1.52	-1
822	838	5908	1	0	1	-1.52	-1
822	839	5637	1	0	1	-1.52	-1
823	824	17945	12	5	7	-3.03	-1
823	825	10103	8	5	3	3.03	1
823	826	16708	12	10	2	12.13	1
823	827	15376	9	0	9	-13.65	-1
823	828	13942	8	5	3	3.03	1
823	829	12637	6	0	6	-9.10	-1
823	830	11480	6	1	5	-6.07	-1
823	831	11052	6	0	6	-9.10	-1
823	832	11033	6	0	6	-9.10	-1
823	833	10462	5	2	3	-1.52	-1
823	834	10234	5	0	5	-7.58	-1
823	835	10042	4	0	4	-6.07	-1
823	836	9863	4	4	0	6.07	1
823	837	9341	4	3	1	3.03	1
823	838	8639	4	0	4	-6.07	-1
823	839	8368	4	1	3	-3.03	-1
823	840	7057	3	3	0	4.55	1
823	841	6985	3	2	1	1.52	1
823	842	6279	3	3	0	4.55	1
823	843	5022	3	1	2	-1.52	-1
823	844	4976	3	0	3	-4.55	-1
823	845	4938	3	1	2	-1.52	-1
823	846	4874	3	0	3	-4.55	-1
824	825	10103	8	0	8	-12.13	-1
824	826	16305	10	1	9	-12.13	-1
824	827	15376	9	8	1	10.61	1
824	828	12350	6	0	6	-9.10	-1
824	829	11045	4	4	0	6.07	1
824	830	9888	4	3	1	3.03	1
824	831	9460	4	3	1	3.03	1
824	832	9441	4	3	1	3.03	1
824	833	8870	3	3	0	4.55	1
824	834	8642	3	3	0	4.55	1
824	835	8450	2	2	0	3.03	1
824	836	8271	2	0	2	-3.03	-1
824	837	7749	2	0	2	-3.03	-1
824	838	7047	2	2	0	3.03	1
824	839	6776	2	2	0	3.03	1
824	840	5465	1	0	1	-1.52	-1
824	841	5393	1	0	1	-1.52	-1
824	842	4687	1	1	0	1.52	1
824	843	3430	1	1	0	1.52	1
824	844	3384	1	1	0	1.52	1
824	845	3346	1	1	0	1.52	1
824	846	3282	1	1	0	1.52	1
825	826	9166	8	7	1	9.10	1
825	827	8263	7	2	5	-4.55	-1
825	828	5211	4	4	0	6.07	1
825	829	3906	2	1	1	0.00	1
825	830	2749	2	2	0	3.03	1
825	831	2321	2	0	2	-3.03	-1
825	832	2302	2	0	2	-3.03	-1
825	833	1731	1	1	0	1.52	1
825	834	1503	1	0	1	-1.52	-1
826	827	15376	9	1	8	-10.61	-1
826	828	12753	8	7	1	9.10	1
826	829	11448	6	3	3	0.00	1
826	830	10291	6	0	6	-9.10	-1
826	831	9863	6	2	4	-3.03	-1
826	832	9844	6	1	5	-6.07	-1
826	833	9273	5	2	3	-1.52	-1
826	834	9045	5	1	4	-4.55	-1
826	835	8853	4	1	3	-3.03	-1
826	836	8674	4	3	1	3.03	1
826	837	8152	4	3	1	3.03	1
826	838	7450	4	1	3	-3.03	-1
826	839	7179	4	2	2	0.00	1
826	840	5868	3	1	2	-1.52	-1
826	841	5796	3	3	0	4.55	1
826	842	5090	3	3	0	4.55	1
826	843	3833	3	0	3	-4.55	-1
826	844	3787	3	1	2	-1.52	-1
826	845	3749	3	1	2	-1.52	-1
826	846	3685	3	2	1	1.52	1
827	828	12324	6	0	6	-9.10	-1
827	829	11019	4	3	1	3.03	1
827	830	9862	4	4	0	6.07	1
827	831	9434	4	3	1	3.03	1
827	832	9415	4	3	1	3.03	1
827	833	8844	3	3	0	4.55	1
827	834	8616	3	1	2	-1.52	-1
827	835	8424	2	2	0	3.03	1
827	836	8245	2	1	1	0.00	1
827	837	7723	2	0	2	-3.03	-1
827	838	7021	2	2	0	3.03	1
827	839	6750	2	2	0	3.03	1
827	840	5439	1	0	1	-1.52	-1
827	841	5367	1	0	1	-1.52	-1
827	842	4661	1	0	1	-1.52	-1
827	843	3404	1	0	1	-1.52	-1
827	844	3358	1	0	1	-1.52	-1
827	845	3320	1	0	1	-1.52	-1
827	846	3256	1	1	0	1.52	1
828	829	16360	8	0	8	-12.13	-1
828	830	16260	8	2	6	-6.07	-1
828	831	15832	8	3	5	-3.03	-1
828	832	15054	8	3	5	-3.03	-1
828	833	15242	7	1	6	-7.58	-1
828	834	15014	7	0	7	-10.61	-1
828	835	14822	6	3	3	0.00	1
828	836	14643	6	5	1	6.07	1
828	837	13036	6	5	1	6.07	1
828	838	13419	6	1	5	-6.07	-1
828	839	12617	6	2	4	-3.03	-1
828	840	11837	5	5	0	7.58	1
828	841	11765	5	4	1	4.55	1
828	842	11059	5	5	0	7.58	1
828	843	9802	5	2	3	-1.52	-1
828	844	9756	5	1	4	-4.55	-1
828	845	9718	5	0	5	-7.58	-1
828	846	9654	5	0	5	-7.58	-1
829	830	15203	8	8	0	12.13	1
829	831	14775	8	6	2	6.07	1
829	832	14756	8	5	3	3.03	1
829	833	14185	7	7	0	10.61	1
829	834	13957	7	5	2	4.55	1
829	835	13765	6	6	0	9.10	1
829	836	13586	6	0	6	-9.10	-1
829	837	13036	6	1	5	-6.07	-1
829	838	12362	6	6	0	9.10	1
829	839	12091	6	5	1	6.07	1
829	840	10780	5	1	4	-4.55	-1
829	841	10708	5	1	4	-4.55	-1
829	842	10002	5	0	5	-7.58	-1
829	843	8745	5	4	1	4.55	1
829	844	8699	5	4	1	4.55	1
829	845	8661	5	5	0	7.58	1
829	846	8597	5	5	0	7.58	1
830	831	21091	10	6	4	3.03	1
830	832	15054	8	8	0	12.13	1
830	833	21997	9	8	1	10.61	1
830	834	17881	7	6	1	7.58	1
830	835	25519	8	6	2	6.07	1
830	836	18395	7	2	5	-4.55	-1
830	837	13036	6	0	6	-9.10	-1
830	838	14315	6	4	2	3.03	1
830	839	12617	6	3	3	0.00	1
830	840	13571	5	1	4	-4.55	-1
830	841	21772	7	1	6	-7.58	-1
830	842	14285	6	0	6	-9.10	-1
830	843	19790	7	4	3	1.52	1
830	844	14911	7	7	0	10.61	1
830	845	19687	7	6	1	7.58	1
830	846	18392	7	5	2	4.55	1
831	832	15054	8	6	2	6.07	1
831	833	20501	9	6	3	4.55	1
831	834	17881	7	7	0	10.61	1
831	835	20081	8	4	4	0.00	1
831	836	18395	7	1	6	-7.58	-1
831	837	13036	6	1	5	-6.07	-1
831	838	14315	6	5	1	6.07	1
831	839	12617	6	4	2	3.03	1
831	840	13571	5	1	4	-4.55	-1
831	841	17024	7	2	5	-4.55	-1
831	842	14285	6	1	5	-6.07	-1
831	843	15061	7	5	2	4.55	1
831	844	14911	7	5	2	4.55	1
831	845	14977	7	6	1	7.58	1
831	846	14913	7	6	1	7.58	1
832	833	14483	7	5	2	4.55	1
832	834	14255	7	6	1	7.58	1
832	835	14063	6	5	1	6.07	1
832	836	13884	6	1	5	-6.07	-1
832	837	13036	6	1	5	-6.07	-1
832	838	12660	6	4	2	3.03	1
832	839	12389	6	6	0	9.10	1
832	840	11078	5	2	3	-1.52	-1
832	841	11006	5	1	4	-4.55	-1
832	842	10300	5	0	5	-7.58	-1
832	843	9043	5	4	1	4.55	1
832	844	8997	5	3	2	1.52	1
832	845	8959	5	3	2	1.52	1
832	846	8895	5	2	3	-1.52	-1
833	834	17881	7	6	1	7.58	1
833	835	21577	8	8	0	12.13	1
833	836	18395	7	1	6	-7.58	-1
833	837	13036	6	0	6	-9.10	-1
833	838	14315	6	4	2	3.03	1
833	839	12617	6	5	1	6.07	1
833	840	13571	5	0	5	-7.58	-1
833	841	18520	7	3	4	-1.52	-1
833	842	14285	6	3	3	0.00	1
833	843	16557	7	6	1	7.58	1
833	844	14911	7	5	2	4.55	1
833	845	16473	7	7	0	10.61	1
833	846	16409	7	7	0	10.61	1
834	835	17689	6	2	4	-3.03	-1
834	836	17510	6	0	6	-9.10	-1
834	837	13036	6	1	5	-6.07	-1
834	838	14315	6	4	2	3.03	1
834	839	12617	6	2	4	-3.03	-1
834	840	13571	5	1	4	-4.55	-1
834	841	14632	5	0	5	-7.58	-1
834	842	13926	5	0	5	-7.58	-1
834	843	12669	5	5	0	7.58	1
834	844	12623	5	3	2	1.52	1
834	845	12585	5	4	1	4.55	1
834	846	12521	5	2	3	-1.52	-1
835	836	18395	7	1	6	-7.58	-1
835	837	13036	6	3	3	0.00	1
835	838	14315	6	5	1	6.07	1
835	839	12617	6	6	0	9.10	1
835	840	13571	5	1	4	-4.55	-1
835	841	21772	7	0	7	-10.61	-1
835	842	14285	6	3	3	0.00	1
835	843	19790	7	7	0	10.61	1
835	844	14911	7	7	0	10.61	1
835	845	19687	7	4	3	1.52	1
835	846	18392	7	6	1	7.58	1
836	837	13036	6	6	0	9.10	1
836	838	14315	6	3	3	0.00	1
836	839	12617	6	2	4	-3.03	-1
836	840	13571	5	5	0	7.58	1
836	841	15517	6	3	3	0.00	1
836	842	14285	6	5	1	6.07	1
836	843	13554	6	1	5	-6.07	-1
836	844	13508	6	2	4	-3.03	-1
836	845	13470	6	0	6	-9.10	-1
836	846	13406	6	1	5	-6.07	-1
837	838	12334	6	2	4	-3.03	-1
837	839	12063	6	0	6	-9.10	-1
837	840	10752	5	3	2	1.52	1
837	841	10680	5	4	1	4.55	1
837	842	9974	5	4	1	4.55	1
837	843	8717	5	0	5	-7.58	-1
837	844	8671	5	0	5	-7.58	-1
837	845	8633	5	0	5	-7.58	-1
837	846	8569	5	1	4	-4.55	-1
838	839	12617	6	5	1	6.07	1
838	840	12733	5	0	5	-7.58	-1
838	841	12661	5	1	4	-4.55	-1
838	842	11955	5	1	4	-4.55	-1
838	843	10698	5	5	0	7.58	1
838	844	10652	5	4	1	4.55	1
838	845	10614	5	3	2	1.52	1
838	846	10550	5	4	1	4.55	1
839	840	11306	5	0	5	-7.58	-1
839	841	11234	5	0	5	-7.58	-1
839	842	10528	5	2	3	-1.52	-1
839	843	9271	5	4	1	4.55	1
839	844	9225	5	4	1	4.55	1
839	845	9187	5	4	1	4.55	1
839	846	9123	5	4	1	4.55	1
840	841	13499	5	5	0	7.58	1
840	842	12793	5	3	2	1.52	1
840	843	11536	5	0	5	-7.58	-1
840	844	11490	5	1	4	-4.55	-1
840	845	11452	5	2	3	-1.52	-1
840	846	11388	5	1	4	-4.55	-1
841	842	14285	6	6	0	9.10	1
841	843	19790	7	1	6	-7.58	-1
841	844	14911	7	1	6	-7.58	-1
841	845	19687	7	1	6	-7.58	-1
841	846	18392	7	2	5	-4.55	-1
842	843	13028	6	0	6	-9.10	-1
842	844	12982	6	2	4	-3.03	-1
842	845	12944	6	1	5	-6.07	-1
842	846	12880	6	2	4	-3.03	-1
843	844	14911	7	6	1	7.58	1
843	845	19687	7	6	1	7.58	1
843	846	18392	7	6	1	7.58	1
844	845	14873	7	6	1	7.58	1
844	846	14809	7	7	0	10.61	1
845	846	18392	7	5	2	4.55	1
