node_id	read_id	molecule_id	position	start	end	read_type
0	read_000000	mol_000000	80	80	23781	theory_fixed
1	read_000001	mol_000001	477	477	18338	theory_fixed
2	read_000002	mol_000002	1043	1043	19523	theory_fixed
3	read_000003	mol_000003	1478	1478	19365	theory_fixed
4	read_000004	mol_000004	1528	1528	13893	theory_fixed
5	read_000005	mol_000005	1590	1590	20514	theory_fixed
6	read_000006	mol_000006	1701	1701	21544	theory_fixed
7	read_000007	mol_000007	3131	3131	18491	theory_fixed
8	read_000008	mol_000008	3147	3147	21098	theory_fixed
9	read_000009	mol_000009	3587	3587	17362	theory_fixed
10	read_000010	mol_000010	4201	4201	21123	theory_fixed
11	read_000011	mol_000011	4770	4770	19287	theory_fixed
12	read_000012	mol_000012	5183	5183	19473	theory_fixed
13	read_000013	mol_000013	5637	5637	20533	theory_fixed
14	read_000014	mol_000014	6656	6656	29921	theory_fixed
15	read_000015	mol_000015	7078	7078	24600	theory_fixed
16	read_000016	mol_000016	7095	7095	21427	theory_fixed
17	read_000017	mol_000017	7232	7232	27549	theory_fixed
18	read_000018	mol_000018	7704	7704	26262	theory_fixed
19	read_000019	mol_000019	7999	7999	25309	theory_fixed
20	read_000020	mol_000020	8022	8022	27350	theory_fixed
21	read_000021	mol_000021	8106	8106	24576	theory_fixed
22	read_000022	mol_000022	8749	8749	21679	theory_fixed
23	read_000023	mol_000023	8936	8936	34907	theory_fixed
24	read_000024	mol_000024	9319	9319	24025	theory_fixed
25	read_000025	mol_000025	9836	9836	29093	theory_fixed
26	read_000026	mol_000026	10499	10499	30373	theory_fixed
27	read_000027	mol_000027	10591	10591	31828	theory_fixed
28	read_000028	mol_000028	11155	11155	27272	theory_fixed
29	read_000029	mol_000029	12107	12107	42341	theory_fixed
30	read_000030	mol_000030	12212	12212	29860	theory_fixed
31	read_000031	mol_000031	13127	13127	31910	theory_fixed
32	read_000032	mol_000032	13463	13463	34954	theory_fixed
33	read_000033	mol_000033	13833	13833	26169	theory_fixed
34	read_000034	mol_000034	14227	14227	35196	theory_fixed
35	read_000035	mol_000035	15582	15582	32627	theory_fixed
36	read_000036	mol_000036	17531	17531	32306	theory_fixed
37	read_000037	mol_000037	18235	18235	30782	theory_fixed
38	read_000038	mol_000038	18500	18500	38410	theory_fixed
39	read_000039	mol_000039	18774	18774	35687	theory_fixed
40	read_000040	mol_000040	19237	19237	36121	theory_fixed
41	read_000041	mol_000041	20132	20132	41666	theory_fixed
42	read_000042	mol_000042	20237	20237	41386	theory_fixed
43	read_000043	mol_000043	20385	20385	35298	theory_fixed
44	read_000044	mol_000044	20636	20636	40144	theory_fixed
45	read_000045	mol_000045	20874	20874	37154	theory_fixed
46	read_000046	mol_000046	20922	20922	33041	theory_fixed
47	read_000047	mol_000047	21105	21105	43638	theory_fixed
48	read_000048	mol_000048	22455	22455	41466	theory_fixed
49	read_000049	mol_000049	22775	22775	42274	theory_fixed
50	read_000050	mol_000050	22817	22817	33124	theory_fixed
51	read_000051	mol_000051	22828	22828	35113	theory_fixed
52	read_000052	mol_000052	22977	22977	39598	theory_fixed
53	read_000053	mol_000053	23399	23399	37544	theory_fixed
54	read_000054	mol_000054	23792	23792	43015	theory_fixed
55	read_000055	mol_000055	24150	24150	41177	theory_fixed
56	read_000056	mol_000056	24435	24435	35580	theory_fixed
57	read_000057	mol_000057	24455	24455	43457	theory_fixed
58	read_000058	mol_000058	24751	24751	40717	theory_fixed
59	read_000059	mol_000059	24955	24955	39725	theory_fixed
60	read_000060	mol_000060	25522	25522	52997	theory_fixed
61	read_000061	mol_000061	25619	25619	41964	theory_fixed
62	read_000062	mol_000062	25990	25990	48395	theory_fixed
63	read_000063	mol_000063	26277	26277	39120	theory_fixed
64	read_000064	mol_000064	26665	26665	40553	theory_fixed
65	read_000065	mol_000065	27236	27236	48028	theory_fixed
66	read_000066	mol_000066	27931	27931	44819	theory_fixed
67	read_000067	mol_000067	28159	28159	45016	theory_fixed
68	read_000068	mol_000068	28269	28269	47814	theory_fixed
69	read_000069	mol_000069	28941	28941	42929	theory_fixed
70	read_000070	mol_000070	29230	29230	47383	theory_fixed
71	read_000071	mol_000071	29566	29566	44269	theory_fixed
72	read_000072	mol_000072	29667	29667	43001	theory_fixed
73	read_000073	mol_000073	29790	29790	49183	theory_fixed
74	read_000074	mol_000074	30743	30743	45186	theory_fixed
75	read_000075	mol_000075	30847	30847	46688	theory_fixed
76	read_000076	mol_000076	31726	31726	50166	theory_fixed
77	read_000077	mol_000077	32697	32697	44177	theory_fixed
78	read_000078	mol_000078	33469	33469	46977	theory_fixed
79	read_000079	mol_000079	33641	33641	52575	theory_fixed
80	read_000080	mol_000080	34424	34424	60091	theory_fixed
81	read_000081	mol_000081	34824	34824	53042	theory_fixed
82	read_000082	mol_000082	35105	35105	58704	theory_fixed
83	read_000083	mol_000083	35126	35126	46217	theory_fixed
84	read_000084	mol_000084	35871	35871	54277	theory_fixed
85	read_000085	mol_000085	36394	36394	49725	theory_fixed
86	read_000086	mol_000086	36983	36983	48127	theory_fixed
87	read_000087	mol_000087	38951	38951	62919	theory_fixed
88	read_000088	mol_000088	39560	39560	56317	theory_fixed
89	read_000089	mol_000089	39903	39903	52909	theory_fixed
90	read_000090	mol_000090	39999	39999	61747	theory_fixed
91	read_000091	mol_000091	40685	40685	55043	theory_fixed
92	read_000092	mol_000092	40890	40890	57910	theory_fixed
93	read_000093	mol_000093	41598	41598	58092	theory_fixed
94	read_000094	mol_000094	42007	42007	56599	theory_fixed
95	read_000095	mol_000095	43182	43182	57783	theory_fixed
96	read_000096	mol_000096	44080	44080	59025	theory_fixed
97	read_000097	mol_000097	45445	45445	66507	theory_fixed
98	read_000098	mol_000098	46328	46328	70783	theory_fixed
99	read_000099	mol_000099	48042	48042	60233	theory_fixed
100	read_000100	mol_000100	48359	48359	68089	theory_fixed
101	read_000101	mol_000101	48408	48408	68881	theory_fixed
102	read_000102	mol_000102	48460	48460	70642	theory_fixed
103	read_000103	mol_000103	48480	48480	64344	theory_fixed
104	read_000104	mol_000104	48535	48535	63721	theory_fixed
105	read_000105	mol_000105	49309	49309	70876	theory_fixed
106	read_000106	mol_000106	49568	49568	64691	theory_fixed
107	read_000107	mol_000107	50772	50772	63840	theory_fixed
108	read_000108	mol_000108	50916	50916	72314	theory_fixed
109	read_000109	mol_000109	51424	51424	66578	theory_fixed
110	read_000110	mol_000110	51645	51645	68049	theory_fixed
111	read_000111	mol_000111	52072	52072	66904	theory_fixed
112	read_000112	mol_000112	52166	52166	70905	theory_fixed
113	read_000113	mol_000113	52240	52240	65590	theory_fixed
114	read_000114	mol_000114	52457	52457	76033	theory_fixed
115	read_000115	mol_000115	52568	52568	67242	theory_fixed
116	read_000116	mol_000116	52624	52624	74607	theory_fixed
117	read_000117	mol_000117	52946	52946	76294	theory_fixed
118	read_000118	mol_000118	53646	53646	65397	theory_fixed
119	read_000119	mol_000119	54500	54500	71156	theory_fixed
120	read_000120	mol_000120	55383	55383	74535	theory_fixed
121	read_000121	mol_000121	56667	56667	73836	theory_fixed
122	read_000122	mol_000122	57071	57071	72109	theory_fixed
123	read_000123	mol_000123	58476	58476	74283	theory_fixed
124	read_000124	mol_000124	59515	59515	81218	theory_fixed
125	read_000125	mol_000125	59530	59530	80416	theory_fixed
126	read_000126	mol_000126	59619	59619	74957	theory_fixed
127	read_000127	mol_000127	59849	59849	73027	theory_fixed
128	read_000128	mol_000128	60545	60545	75359	theory_fixed
129	read_000129	mol_000129	60559	60559	76981	theory_fixed
130	read_000130	mol_000130	60613	60613	87508	theory_fixed
131	read_000131	mol_000131	60932	60932	73626	theory_fixed
132	read_000132	mol_000132	61054	61054	79134	theory_fixed
133	read_000133	mol_000133	61146	61146	76070	theory_fixed
134	read_000134	mol_000134	62114	62114	81699	theory_fixed
135	read_000135	mol_000135	62426	62426	82991	theory_fixed
136	read_000136	mol_000136	62507	62507	82334	theory_fixed
137	read_000137	mol_000137	62602	62602	82191	theory_fixed
138	read_000138	mol_000138	63357	63357	76562	theory_fixed
139	read_000139	mol_000139	65211	65211	85172	theory_fixed
140	read_000140	mol_000140	65223	65223	89457	theory_fixed
141	read_000141	mol_000141	66815	66815	89442	theory_fixed
142	read_000142	mol_000142	67500	67500	82198	theory_fixed
143	read_000143	mol_000143	67910	67910	89545	theory_fixed
144	read_000144	mol_000144	67926	67926	82895	theory_fixed
145	read_000145	mol_000145	67963	67963	85025	theory_fixed
146	read_000146	mol_000146	68703	68703	91452	theory_fixed
147	read_000147	mol_000147	68735	68735	84794	theory_fixed
148	read_000148	mol_000148	69576	69576	85528	theory_fixed
149	read_000149	mol_000149	70617	70617	85987	theory_fixed
150	read_000150	mol_000150	71768	71768	95035	theory_fixed
151	read_000151	mol_000151	75502	75502	90544	theory_fixed
152	read_000152	mol_000152	75720	75720	90465	theory_fixed
153	read_000153	mol_000153	75962	75962	89100	theory_fixed
154	read_000154	mol_000154	76253	76253	95004	theory_fixed
155	read_000155	mol_000155	76566	76566	91017	theory_fixed
156	read_000156	mol_000156	76747	76747	98139	theory_fixed
157	read_000157	mol_000157	78156	78156	104193	theory_fixed
158	read_000158	mol_000158	78420	78420	98265	theory_fixed
159	read_000159	mol_000159	78708	78708	100484	theory_fixed
160	read_000160	mol_000160	79018	79018	93517	theory_fixed
161	read_000161	mol_000161	79127	79127	105680	theory_fixed
162	read_000162	mol_000162	79163	79163	106164	theory_fixed
163	read_000163	mol_000163	80667	80667	103752	theory_fixed
164	read_000164	mol_000164	81834	81834	93997	theory_fixed
165	read_000165	mol_000165	82853	82853	98547	theory_fixed
166	read_000166	mol_000166	83194	83194	98118	theory_fixed
167	read_000167	mol_000167	83583	83583	99691	theory_fixed
168	read_000168	mol_000168	86420	86420	105622	theory_fixed
169	read_000169	mol_000169	87605	87605	104502	theory_fixed
170	read_000170	mol_000170	87804	87804	104951	theory_fixed
171	read_000171	mol_000171	88309	88309	101975	theory_fixed
172	read_000172	mol_000172	88673	88673	115200	theory_fixed
173	read_000173	mol_000173	88715	88715	108777	theory_fixed
174	read_000174	mol_000174	88882	88882	102058	theory_fixed
175	read_000175	mol_000175	89490	89490	100323	theory_fixed
176	read_000176	mol_000176	89787	89787	105654	theory_fixed
177	read_000177	mol_000177	90241	90241	113197	theory_fixed
178	read_000178	mol_000178	91923	91923	106164	theory_fixed
179	read_000179	mol_000179	92783	92783	113348	theory_fixed
180	read_000180	mol_000180	92929	92929	105381	theory_fixed
181	read_000181	mol_000181	93688	93688	116087	theory_fixed
182	read_000182	mol_000182	93834	93834	116328	theory_fixed
183	read_000183	mol_000183	94150	94150	107591	theory_fixed
184	read_000184	mol_000184	94297	94297	108071	theory_fixed
185	read_000185	mol_000185	94631	94631	109193	theory_fixed
186	read_000186	mol_000186	94798	94798	123086	theory_fixed
187	read_000187	mol_000187	96120	96120	114493	theory_fixed
188	read_000188	mol_000188	97300	97300	113348	theory_fixed
189	read_000189	mol_000189	98470	98470	111880	theory_fixed
190	read_000190	mol_000190	98580	98580	120162	theory_fixed
191	read_000191	mol_000191	98839	98839	115225	theory_fixed
192	read_000192	mol_000192	99891	99891	114917	theory_fixed
193	read_000193	mol_000193	100081	100081	117521	theory_fixed
194	read_000194	mol_000194	100105	100105	116871	theory_fixed
195	read_000195	mol_000195	100159	100159	114248	theory_fixed
196	read_000196	mol_000196	100320	100320	122638	theory_fixed
197	read_000197	mol_000197	100479	100479	120542	theory_fixed
198	read_000198	mol_000198	100781	100781	123541	theory_fixed
199	read_000199	mol_000199	100919	100919	116401	theory_fixed
200	read_000200	mol_000200	102135	102135	119065	theory_fixed
201	read_000201	mol_000201	103293	103293	116209	theory_fixed
202	read_000202	mol_000202	103639	103639	120702	theory_fixed
203	read_000203	mol_000203	104692	104692	124798	theory_fixed
204	read_000204	mol_000204	107903	107903	122386	theory_fixed
205	read_000205	mol_000205	108672	108672	123197	theory_fixed
206	read_000206	mol_000206	109148	109148	136239	theory_fixed
207	read_000207	mol_000207	109871	109871	131549	theory_fixed
208	read_000208	mol_000208	109963	109963	131200	theory_fixed
209	read_000209	mol_000209	110287	110287	126282	theory_fixed
210	read_000210	mol_000210	111149	111149	131335	theory_fixed
211	read_000211	mol_000211	113503	113503	132739	theory_fixed
212	read_000212	mol_000212	114393	114393	135919	theory_fixed
213	read_000213	mol_000213	114762	114762	133128	theory_fixed
214	read_000214	mol_000214	115293	115293	136660	theory_fixed
215	read_000215	mol_000215	115347	115347	135851	theory_fixed
216	read_000216	mol_000216	115500	115500	140732	theory_fixed
217	read_000217	mol_000217	116052	116052	126313	theory_fixed
218	read_000218	mol_000218	116166	116166	136754	theory_fixed
219	read_000219	mol_000219	117173	117173	134128	theory_fixed
220	read_000220	mol_000220	117611	117611	146490	theory_fixed
221	read_000221	mol_000221	118354	118354	131580	theory_fixed
222	read_000222	mol_000222	119557	119557	149012	theory_fixed
223	read_000223	mol_000223	120052	120052	140357	theory_fixed
224	read_000224	mol_000224	120184	120184	132836	theory_fixed
225	read_000225	mol_000225	120297	120297	142778	theory_fixed
226	read_000226	mol_000226	121135	121135	140276	theory_fixed
227	read_000227	mol_000227	121421	121421	143346	theory_fixed
228	read_000228	mol_000228	122801	122801	141328	theory_fixed
229	read_000229	mol_000229	123425	123425	139082	theory_fixed
230	read_000230	mol_000230	124190	124190	137436	theory_fixed
231	read_000231	mol_000231	124245	124245	140573	theory_fixed
232	read_000232	mol_000232	124417	124417	144056	theory_fixed
233	read_000233	mol_000233	125706	125706	142576	theory_fixed
234	read_000234	mol_000234	127662	127662	146853	theory_fixed
235	read_000235	mol_000235	128965	128965	148161	theory_fixed
236	read_000236	mol_000236	129598	129598	150668	theory_fixed
237	read_000237	mol_000237	129720	129720	142719	theory_fixed
238	read_000238	mol_000238	131057	131057	143176	theory_fixed
239	read_000239	mol_000239	131194	131194	145089	theory_fixed
240	read_000240	mol_000240	131390	131390	143625	theory_fixed
241	read_000241	mol_000241	131980	131980	149801	theory_fixed
242	read_000242	mol_000242	132415	132415	147081	theory_fixed
243	read_000243	mol_000243	132529	132529	149084	theory_fixed
244	read_000244	mol_000244	132538	132538	153514	theory_fixed
245	read_000245	mol_000245	133825	133825	151282	theory_fixed
246	read_000246	mol_000246	133918	133918	152214	theory_fixed
247	read_000247	mol_000247	134077	134077	145336	theory_fixed
248	read_000248	mol_000248	135703	135703	153024	theory_fixed
249	read_000249	mol_000249	136693	136693	150933	theory_fixed
250	read_000250	mol_000250	137382	137382	153979	theory_fixed
251	read_000251	mol_000251	137573	137573	153636	theory_fixed
252	read_000252	mol_000252	138728	138728	156092	theory_fixed
253	read_000253	mol_000253	139496	139496	158292	theory_fixed
254	read_000254	mol_000254	139657	139657	155822	theory_fixed
255	read_000255	mol_000255	141784	141784	158295	theory_fixed
256	read_000256	mol_000256	141990	141990	157996	theory_fixed
257	read_000257	mol_000257	142045	142045	160682	theory_fixed
258	read_000258	mol_000258	143011	143011	158861	theory_fixed
259	read_000259	mol_000259	143039	143039	160888	theory_fixed
260	read_000260	mol_000260	144422	144422	168034	theory_fixed
261	read_000261	mol_000261	146041	146041	160422	theory_fixed
262	read_000262	mol_000262	146687	146687	161128	theory_fixed
263	read_000263	mol_000263	146957	146957	174219	theory_fixed
264	read_000264	mol_000264	148226	148226	169229	theory_fixed
265	read_000265	mol_000265	148515	148515	162538	theory_fixed
266	read_000266	mol_000266	149030	149030	164699	theory_fixed
267	read_000267	mol_000267	149153	149153	163033	theory_fixed
268	read_000268	mol_000268	149589	149589	162856	theory_fixed
269	read_000269	mol_000269	150180	150180	166857	theory_fixed
270	read_000270	mol_000270	150202	150202	167784	theory_fixed
271	read_000271	mol_000271	150500	150500	171635	theory_fixed
272	read_000272	mol_000272	150589	150589	170450	theory_fixed
273	read_000273	mol_000273	151339	151339	173189	theory_fixed
274	read_000274	mol_000274	152701	152701	167582	theory_fixed
275	read_000275	mol_000275	153056	153056	166958	theory_fixed
276	read_000276	mol_000276	153381	153381	167279	theory_fixed
277	read_000277	mol_000277	155729	155729	172899	theory_fixed
278	read_000278	mol_000278	155886	155886	171951	theory_fixed
279	read_000279	mol_000279	156287	156287	171941	theory_fixed
280	read_000280	mol_000280	156306	156306	169117	theory_fixed
281	read_000281	mol_000281	156688	156688	177971	theory_fixed
282	read_000282	mol_000282	157815	157815	179735	theory_fixed
283	read_000283	mol_000283	159041	159041	173394	theory_fixed
284	read_000284	mol_000284	159101	159101	179040	theory_fixed
285	read_000285	mol_000285	159418	159418	175124	theory_fixed
286	read_000286	mol_000286	159660	159660	182944	theory_fixed
287	read_000287	mol_000287	159784	159784	179018	theory_fixed
288	read_000288	mol_000288	160058	160058	180870	theory_fixed
289	read_000289	mol_000289	162151	162151	185117	theory_fixed
290	read_000290	mol_000290	163536	163536	180683	theory_fixed
291	read_000291	mol_000291	164859	164859	182663	theory_fixed
292	read_000292	mol_000292	165351	165351	178988	theory_fixed
293	read_000293	mol_000293	165481	165481	187712	theory_fixed
294	read_000294	mol_000294	167160	167160	183252	theory_fixed
295	read_000295	mol_000295	167418	167418	193334	theory_fixed
296	read_000296	mol_000296	168298	168298	181614	theory_fixed
297	read_000297	mol_000297	169081	169081	196433	theory_fixed
298	read_000298	mol_000298	169148	169148	182130	theory_fixed
299	read_000299	mol_000299	169621	169621	195268	theory_fixed
300	read_000300	mol_000300	171009	171009	187421	theory_fixed
301	read_000301	mol_000301	171190	171190	183863	theory_fixed
302	read_000302	mol_000302	171263	171263	193866	theory_fixed
303	read_000303	mol_000303	171291	171291	189502	theory_fixed
304	read_000304	mol_000304	172410	172410	186454	theory_fixed
305	read_000305	mol_000305	172699	172699	197235	theory_fixed
306	read_000306	mol_000306	173029	173029	195553	theory_fixed
307	read_000307	mol_000307	173441	173441	194133	theory_fixed
308	read_000308	mol_000308	173652	173652	194225	theory_fixed
309	read_000309	mol_000309	174026	174026	189832	theory_fixed
310	read_000310	mol_000310	174050	174050	193885	theory_fixed
311	read_000311	mol_000311	174485	174485	186550	theory_fixed
312	read_000312	mol_000312	174739	174739	192554	theory_fixed
313	read_000313	mol_000313	175041	175041	197465	theory_fixed
314	read_000314	mol_000314	175715	175715	193997	theory_fixed
315	read_000315	mol_000315	176648	176648	200229	theory_fixed
316	read_000316	mol_000316	177856	177856	197828	theory_fixed
317	read_000317	mol_000317	178034	178034	195756	theory_fixed
318	read_000318	mol_000318	180780	180780	198330	theory_fixed
319	read_000319	mol_000319	181027	181027	197313	theory_fixed
320	read_000320	mol_000320	181742	181742	194597	theory_fixed
321	read_000321	mol_000321	181976	181976	202682	theory_fixed
322	read_000322	mol_000322	182659	182659	202606	theory_fixed
323	read_000323	mol_000323	182964	182964	207192	theory_fixed
324	read_000324	mol_000324	183509	183509	197599	theory_fixed
325	read_000325	mol_000325	183669	183669	202079	theory_fixed
326	read_000326	mol_000326	185325	185325	204808	theory_fixed
327	read_000327	mol_000327	186640	186640	203768	theory_fixed
328	read_000328	mol_000328	187149	187149	200124	theory_fixed
329	read_000329	mol_000329	188830	188830	206694	theory_fixed
330	read_000330	mol_000330	188924	188924	205021	theory_fixed
331	read_000331	mol_000331	189297	189297	202966	theory_fixed
332	read_000332	mol_000332	189335	189335	207889	theory_fixed
333	read_000333	mol_000333	189910	189910	199597	theory_fixed
334	read_000334	mol_000334	189993	189993	202770	theory_fixed
335	read_000335	mol_000335	191271	191271	210441	theory_fixed
336	read_000336	mol_000336	191441	191441	210297	theory_fixed
337	read_000337	mol_000337	191895	191895	208829	theory_fixed
338	read_000338	mol_000338	191913	191913	206249	theory_fixed
339	read_000339	mol_000339	192091	192091	211575	theory_fixed
340	read_000340	mol_000340	193000	193000	214698	theory_fixed
341	read_000341	mol_000341	193505	193505	206767	theory_fixed
342	read_000342	mol_000342	194358	194358	211206	theory_fixed
343	read_000343	mol_000343	194414	194414	212375	theory_fixed
344	read_000344	mol_000344	194738	194738	215296	theory_fixed
345	read_000345	mol_000345	195048	195048	207368	theory_fixed
346	read_000346	mol_000346	195218	195218	209881	theory_fixed
347	read_000347	mol_000347	195302	195302	215547	theory_fixed
348	read_000348	mol_000348	195760	195760	210793	theory_fixed
349	read_000349	mol_000349	195770	195770	209841	theory_fixed
350	read_000350	mol_000350	195999	195999	216436	theory_fixed
351	read_000351	mol_000351	196276	196276	218272	theory_fixed
352	read_000352	mol_000352	197886	197886	214215	theory_fixed
353	read_000353	mol_000353	198328	198328	215565	theory_fixed
354	read_000354	mol_000354	199021	199021	219471	theory_fixed
355	read_000355	mol_000355	199308	199308	210417	theory_fixed
356	read_000356	mol_000356	200799	200799	216541	theory_fixed
357	read_000357	mol_000357	201439	201439	214388	theory_fixed
358	read_000358	mol_000358	201926	201926	215084	theory_fixed
359	read_000359	mol_000359	202416	202416	225529	theory_fixed
360	read_000360	mol_000360	202766	202766	226015	theory_fixed
361	read_000361	mol_000361	203324	203324	220226	theory_fixed
362	read_000362	mol_000362	204262	204262	225655	theory_fixed
363	read_000363	mol_000363	204368	204368	221385	theory_fixed
364	read_000364	mol_000364	204801	204801	218632	theory_fixed
365	read_000365	mol_000365	205063	205063	219343	theory_fixed
366	read_000366	mol_000366	205804	205804	223641	theory_fixed
367	read_000367	mol_000367	205837	205837	219976	theory_fixed
368	read_000368	mol_000368	205856	205856	222734	theory_fixed
369	read_000369	mol_000369	205879	205879	219399	theory_fixed
370	read_000370	mol_000370	206391	206391	229034	theory_fixed
371	read_000371	mol_000371	206591	206591	224457	theory_fixed
372	read_000372	mol_000372	207002	207002	225731	theory_fixed
373	read_000373	mol_000373	207101	207101	224417	theory_fixed
374	read_000374	mol_000374	207190	207190	229488	theory_fixed
375	read_000375	mol_000375	207264	207264	218139	theory_fixed
376	read_000376	mol_000376	207678	207678	225003	theory_fixed
377	read_000377	mol_000377	209124	209124	230467	theory_fixed
378	read_000378	mol_000378	210567	210567	222190	theory_fixed
379	read_000379	mol_000379	211005	211005	220654	theory_fixed
380	read_000380	mol_000380	211352	211352	229503	theory_fixed
381	read_000381	mol_000381	211650	211650	223621	theory_fixed
382	read_000382	mol_000382	213275	213275	228491	theory_fixed
383	read_000383	mol_000383	213772	213772	234891	theory_fixed
384	read_000384	mol_000384	214153	214153	230111	theory_fixed
385	read_000385	mol_000385	214384	214384	232423	theory_fixed
386	read_000386	mol_000386	214511	214511	234556	theory_fixed
387	read_000387	mol_000387	214633	214633	232297	theory_fixed
388	read_000388	mol_000388	215239	215239	236056	theory_fixed
389	read_000389	mol_000389	215459	215459	231166	theory_fixed
390	read_000390	mol_000390	216171	216171	237510	theory_fixed
391	read_000391	mol_000391	216234	216234	237176	theory_fixed
392	read_000392	mol_000392	216612	216612	231740	theory_fixed
393	read_000393	mol_000393	217592	217592	231740	theory_fixed
394	read_000394	mol_000394	217897	217897	237610	theory_fixed
395	read_000395	mol_000395	218252	218252	237763	theory_fixed
396	read_000396	mol_000396	219221	219221	233334	theory_fixed
397	read_000397	mol_000397	219415	219415	236278	theory_fixed
398	read_000398	mol_000398	220946	220946	240230	theory_fixed
399	read_000399	mol_000399	221633	221633	239197	theory_fixed
400	read_000400	mol_000400	222107	222107	241842	theory_fixed
401	read_000401	mol_000401	223480	223480	238357	theory_fixed
402	read_000402	mol_000402	224072	224072	246502	theory_fixed
403	read_000403	mol_000403	224559	224559	238967	theory_fixed
404	read_000404	mol_000404	224680	224680	245640	theory_fixed
405	read_000405	mol_000405	224701	224701	237715	theory_fixed
406	read_000406	mol_000406	224857	224857	241645	theory_fixed
407	read_000407	mol_000407	225413	225413	247394	theory_fixed
408	read_000408	mol_000408	225996	225996	241367	theory_fixed
409	read_000409	mol_000409	226021	226021	242342	theory_fixed
410	read_000410	mol_000410	228103	228103	250934	theory_fixed
411	read_000411	mol_000411	228587	228587	237749	theory_fixed
412	read_000412	mol_000412	228599	228599	249792	theory_fixed
413	read_000413	mol_000413	228833	228833	239863	theory_fixed
414	read_000414	mol_000414	229230	229230	261890	theory_fixed
415	read_000415	mol_000415	229609	229609	243611	theory_fixed
416	read_000416	mol_000416	231072	231072	255886	theory_fixed
417	read_000417	mol_000417	231265	231265	240974	theory_fixed
418	read_000418	mol_000418	232074	232074	248228	theory_fixed
419	read_000419	mol_000419	232274	232274	249821	theory_fixed
420	read_000420	mol_000420	232758	232758	246420	theory_fixed
421	read_000421	mol_000421	233436	233436	248943	theory_fixed
422	read_000422	mol_000422	233631	233631	251483	theory_fixed
423	read_000423	mol_000423	234715	234715	249005	theory_fixed
424	read_000424	mol_000424	234890	234890	253009	theory_fixed
425	read_000425	mol_000425	235159	235159	254518	theory_fixed
426	read_000426	mol_000426	235765	235765	252375	theory_fixed
427	read_000427	mol_000427	236114	236114	255821	theory_fixed
428	read_000428	mol_000428	236830	236830	260734	theory_fixed
429	read_000429	mol_000429	237353	237353	256127	theory_fixed
430	read_000430	mol_000430	238335	238335	252017	theory_fixed
431	read_000431	mol_000431	238559	238559	253810	theory_fixed
432	read_000432	mol_000432	238649	238649	253675	theory_fixed
433	read_000433	mol_000433	239217	239217	259117	theory_fixed
434	read_000434	mol_000434	239471	239471	257626	theory_fixed
435	read_000435	mol_000435	240665	240665	257326	theory_fixed
436	read_000436	mol_000436	241286	241286	259865	theory_fixed
437	read_000437	mol_000437	241667	241667	260237	theory_fixed
438	read_000438	mol_000438	242016	242016	269527	theory_fixed
439	read_000439	mol_000439	243506	243506	261048	theory_fixed
440	read_000440	mol_000440	243564	243564	261427	theory_fixed
441	read_000441	mol_000441	243791	243791	259928	theory_fixed
442	read_000442	mol_000442	244057	244057	257486	theory_fixed
443	read_000443	mol_000443	245139	245139	264804	theory_fixed
444	read_000444	mol_000444	245152	245152	264194	theory_fixed
445	read_000445	mol_000445	245184	245184	265383	theory_fixed
446	read_000446	mol_000446	245944	245944	263603	theory_fixed
447	read_000447	mol_000447	247574	247574	268706	theory_fixed
448	read_000448	mol_000448	248681	248681	262474	theory_fixed
449	read_000449	mol_000449	248847	248847	267681	theory_fixed
450	read_000450	mol_000450	248889	248889	263787	theory_fixed
451	read_000451	mol_000451	249849	249849	262611	theory_fixed
452	read_000452	mol_000452	250960	250960	270072	theory_fixed
453	read_000453	mol_000453	251358	251358	268871	theory_fixed
454	read_000454	mol_000454	251388	251388	272456	theory_fixed
455	read_000455	mol_000455	251470	251470	265020	theory_fixed
456	read_000456	mol_000456	252731	252731	265030	theory_fixed
457	read_000457	mol_000457	252738	252738	268444	theory_fixed
458	read_000458	mol_000458	254206	254206	277153	theory_fixed
459	read_000459	mol_000459	254433	254433	278278	theory_fixed
460	read_000460	mol_000460	255350	255350	279424	theory_fixed
461	read_000461	mol_000461	256262	256262	274706	theory_fixed
462	read_000462	mol_000462	257042	257042	278301	theory_fixed
463	read_000463	mol_000463	258551	258551	273649	theory_fixed
464	read_000464	mol_000464	258820	258820	282470	theory_fixed
465	read_000465	mol_000465	259520	259520	276270	theory_fixed
466	read_000466	mol_000466	260144	260144	278108	theory_fixed
467	read_000467	mol_000467	261094	261094	274129	theory_fixed
468	read_000468	mol_000468	261817	261817	277648	theory_fixed
469	read_000469	mol_000469	262672	262672	278922	theory_fixed
470	read_000470	mol_000470	262907	262907	282917	theory_fixed
471	read_000471	mol_000471	263253	263253	286854	theory_fixed
472	read_000472	mol_000472	263428	263428	285015	theory_fixed
473	read_000473	mol_000473	263605	263605	280965	theory_fixed
474	read_000474	mol_000474	264055	264055	282432	theory_fixed
475	read_000475	mol_000475	264157	264157	276879	theory_fixed
476	read_000476	mol_000476	264244	264244	282728	theory_fixed
477	read_000477	mol_000477	264681	264681	284807	theory_fixed
478	read_000478	mol_000478	264750	264750	274690	theory_fixed
479	read_000479	mol_000479	264907	264907	279914	theory_fixed
480	read_000480	mol_000480	265273	265273	281408	theory_fixed
481	read_000481	mol_000481	265298	265298	283170	theory_fixed
482	read_000482	mol_000482	266071	266071	285022	theory_fixed
483	read_000483	mol_000483	266753	266753	288020	theory_fixed
484	read_000484	mol_000484	266995	266995	281571	theory_fixed
485	read_000485	mol_000485	267085	267085	284086	theory_fixed
486	read_000486	mol_000486	267242	267242	288225	theory_fixed
487	read_000487	mol_000487	269577	269577	282470	theory_fixed
488	read_000488	mol_000488	270650	270650	299325	theory_fixed
489	read_000489	mol_000489	270731	270731	288014	theory_fixed
490	read_000490	mol_000490	272578	272578	287754	theory_fixed
491	read_000491	mol_000491	273447	273447	288714	theory_fixed
492	read_000492	mol_000492	274394	274394	297756	theory_fixed
493	read_000493	mol_000493	275217	275217	292501	theory_fixed
494	read_000494	mol_000494	275893	275893	294767	theory_fixed
495	read_000495	mol_000495	276718	276718	294279	theory_fixed
496	read_000496	mol_000496	276920	276920	293068	theory_fixed
497	read_000497	mol_000497	276976	276976	292749	theory_fixed
498	read_000498	mol_000498	278035	278035	294148	theory_fixed
499	read_000499	mol_000499	278683	278683	299973	theory_fixed
500	read_000500	mol_000500	279205	279205	307702	theory_fixed
501	read_000501	mol_000501	280409	280409	292370	theory_fixed
502	read_000502	mol_000502	280678	280678	299247	theory_fixed
503	read_000503	mol_000503	282622	282622	295093	theory_fixed
504	read_000504	mol_000504	283529	283529	305303	theory_fixed
505	read_000505	mol_000505	287102	287102	302926	theory_fixed
506	read_000506	mol_000506	287168	287168	312283	theory_fixed
507	read_000507	mol_000507	287175	287175	301220	theory_fixed
508	read_000508	mol_000508	287268	287268	306957	theory_fixed
509	read_000509	mol_000509	287415	287415	302650	theory_fixed
510	read_000510	mol_000510	287786	287786	311812	theory_fixed
511	read_000511	mol_000511	288059	288059	315941	theory_fixed
512	read_000512	mol_000512	288494	288494	309752	theory_fixed
513	read_000513	mol_000513	288524	288524	306478	theory_fixed
514	read_000514	mol_000514	288903	288903	306408	theory_fixed
515	read_000515	mol_000515	290772	290772	315972	theory_fixed
516	read_000516	mol_000516	291141	291141	305428	theory_fixed
517	read_000517	mol_000517	291858	291858	310705	theory_fixed
518	read_000518	mol_000518	292240	292240	307628	theory_fixed
519	read_000519	mol_000519	292709	292709	307331	theory_fixed
520	read_000520	mol_000520	293138	293138	312651	theory_fixed
521	read_000521	mol_000521	294591	294591	316423	theory_fixed
522	read_000522	mol_000522	296400	296400	318602	theory_fixed
523	read_000523	mol_000523	296420	296420	314191	theory_fixed
524	read_000524	mol_000524	296483	296483	313486	theory_fixed
525	read_000525	mol_000525	299304	299304	316589	theory_fixed
526	read_000526	mol_000526	299340	299340	327423	theory_fixed
527	read_000527	mol_000527	299579	299579	322878	theory_fixed
528	read_000528	mol_000528	299607	299607	317648	theory_fixed
529	read_000529	mol_000529	299950	299950	311631	theory_fixed
530	read_000530	mol_000530	303490	303490	318120	theory_fixed
531	read_000531	mol_000531	303621	303621	329164	theory_fixed
532	read_000532	mol_000532	304036	304036	323545	theory_fixed
533	read_000533	mol_000533	304506	304506	318179	theory_fixed
534	read_000534	mol_000534	306126	306126	327020	theory_fixed
535	read_000535	mol_000535	306185	306185	320464	theory_fixed
536	read_000536	mol_000536	306574	306574	328493	theory_fixed
537	read_000537	mol_000537	307089	307089	322218	theory_fixed
538	read_000538	mol_000538	308123	308123	319749	theory_fixed
539	read_000539	mol_000539	308436	308436	320329	theory_fixed
540	read_000540	mol_000540	308618	308618	331904	theory_fixed
541	read_000541	mol_000541	309406	309406	320397	theory_fixed
542	read_000542	mol_000542	309692	309692	327750	theory_fixed
543	read_000543	mol_000543	311682	311682	329625	theory_fixed
544	read_000544	mol_000544	311692	311692	330476	theory_fixed
545	read_000545	mol_000545	311741	311741	326617	theory_fixed
546	read_000546	mol_000546	312269	312269	334798	theory_fixed
547	read_000547	mol_000547	312373	312373	331408	theory_fixed
548	read_000548	mol_000548	313547	313547	339434	theory_fixed
549	read_000549	mol_000549	314462	314462	343539	theory_fixed
550	read_000550	mol_000550	314529	314529	329170	theory_fixed
551	read_000551	mol_000551	315579	315579	340197	theory_fixed
552	read_000552	mol_000552	317379	317379	328973	theory_fixed
553	read_000553	mol_000553	319196	319196	337648	theory_fixed
554	read_000554	mol_000554	319697	319697	333803	theory_fixed
555	read_000555	mol_000555	320622	320622	339196	theory_fixed
556	read_000556	mol_000556	321191	321191	337035	theory_fixed
557	read_000557	mol_000557	322291	322291	339719	theory_fixed
558	read_000558	mol_000558	323169	323169	338387	theory_fixed
559	read_000559	mol_000559	323292	323292	338889	theory_fixed
560	read_000560	mol_000560	323743	323743	336733	theory_fixed
561	read_000561	mol_000561	324545	324545	343298	theory_fixed
562	read_000562	mol_000562	324782	324782	349688	theory_fixed
563	read_000563	mol_000563	324838	324838	338769	theory_fixed
564	read_000564	mol_000564	325060	325060	343799	theory_fixed
565	read_000565	mol_000565	325232	325232	342592	theory_fixed
566	read_000566	mol_000566	325520	325520	344584	theory_fixed
567	read_000567	mol_000567	325626	325626	342309	theory_fixed
568	read_000568	mol_000568	327916	327916	348904	theory_fixed
569	read_000569	mol_000569	330011	330011	344525	theory_fixed
570	read_000570	mol_000570	330092	330092	346027	theory_fixed
571	read_000571	mol_000571	330953	330953	343836	theory_fixed
572	read_000572	mol_000572	331659	331659	341098	theory_fixed
573	read_000573	mol_000573	332802	332802	350652	theory_fixed
574	read_000574	mol_000574	334111	334111	348847	theory_fixed
575	read_000575	mol_000575	334178	334178	348901	theory_fixed
576	read_000576	mol_000576	335398	335398	349513	theory_fixed
577	read_000577	mol_000577	335936	335936	359446	theory_fixed
578	read_000578	mol_000578	336406	336406	350774	theory_fixed
579	read_000579	mol_000579	336640	336640	351751	theory_fixed
580	read_000580	mol_000580	339016	339016	356106	theory_fixed
581	read_000581	mol_000581	339707	339707	355438	theory_fixed
582	read_000582	mol_000582	340102	340102	361634	theory_fixed
583	read_000583	mol_000583	340932	340932	366247	theory_fixed
584	read_000584	mol_000584	341056	341056	357288	theory_fixed
585	read_000585	mol_000585	341308	341308	355828	theory_fixed
586	read_000586	mol_000586	341312	341312	360255	theory_fixed
587	read_000587	mol_000587	341565	341565	361585	theory_fixed
588	read_000588	mol_000588	342141	342141	361374	theory_fixed
589	read_000589	mol_000589	342223	342223	356416	theory_fixed
590	read_000590	mol_000590	342263	342263	354236	theory_fixed
591	read_000591	mol_000591	342478	342478	356515	theory_fixed
592	read_000592	mol_000592	344021	344021	369729	theory_fixed
593	read_000593	mol_000593	344732	344732	365331	theory_fixed
594	read_000594	mol_000594	345221	345221	358903	theory_fixed
595	read_000595	mol_000595	346112	346112	364697	theory_fixed
596	read_000596	mol_000596	347115	347115	360587	theory_fixed
597	read_000597	mol_000597	347872	347872	361974	theory_fixed
598	read_000598	mol_000598	349983	349983	361350	theory_fixed
599	read_000599	mol_000599	350044	350044	365459	theory_fixed
600	read_000600	mol_000600	350385	350385	370794	theory_fixed
601	read_000601	mol_000601	350780	350780	377000	theory_fixed
602	read_000602	mol_000602	351184	351184	369061	theory_fixed
603	read_000603	mol_000603	351577	351577	361873	theory_fixed
604	read_000604	mol_000604	352030	352030	372611	theory_fixed
605	read_000605	mol_000605	352251	352251	378824	theory_fixed
606	read_000606	mol_000606	352342	352342	366816	theory_fixed
607	read_000607	mol_000607	352972	352972	365714	theory_fixed
608	read_000608	mol_000608	353386	353386	370752	theory_fixed
609	read_000609	mol_000609	354490	354490	367461	theory_fixed
610	read_000610	mol_000610	357001	357001	378626	theory_fixed
611	read_000611	mol_000611	357552	357552	377363	theory_fixed
612	read_000612	mol_000612	357634	357634	386631	theory_fixed
613	read_000613	mol_000613	358501	358501	375416	theory_fixed
614	read_000614	mol_000614	358509	358509	369776	theory_fixed
615	read_000615	mol_000615	360170	360170	378847	theory_fixed
616	read_000616	mol_000616	362287	362287	378098	theory_fixed
617	read_000617	mol_000617	363249	363249	378387	theory_fixed
618	read_000618	mol_000618	363854	363854	384543	theory_fixed
619	read_000619	mol_000619	364422	364422	375390	theory_fixed
620	read_000620	mol_000620	364824	364824	378562	theory_fixed
621	read_000621	mol_000621	365576	365576	383310	theory_fixed
622	read_000622	mol_000622	366279	366279	380878	theory_fixed
623	read_000623	mol_000623	366784	366784	394467	theory_fixed
624	read_000624	mol_000624	367253	367253	386242	theory_fixed
625	read_000625	mol_000625	367752	367752	384144	theory_fixed
626	read_000626	mol_000626	367995	367995	388685	theory_fixed
627	read_000627	mol_000627	368643	368643	387000	theory_fixed
628	read_000628	mol_000628	369586	369586	388424	theory_fixed
629	read_000629	mol_000629	369759	369759	394524	theory_fixed
630	read_000630	mol_000630	369765	369765	385366	theory_fixed
631	read_000631	mol_000631	369904	369904	385940	theory_fixed
632	read_000632	mol_000632	370003	370003	388351	theory_fixed
633	read_000633	mol_000633	370598	370598	385038	theory_fixed
634	read_000634	mol_000634	371227	371227	396724	theory_fixed
635	read_000635	mol_000635	372313	372313	395661	theory_fixed
636	read_000636	mol_000636	372901	372901	384570	theory_fixed
637	read_000637	mol_000637	372908	372908	391463	theory_fixed
638	read_000638	mol_000638	373742	373742	388681	theory_fixed
639	read_000639	mol_000639	375783	375783	390870	theory_fixed
640	read_000640	mol_000640	376160	376160	401735	theory_fixed
641	read_000641	mol_000641	376409	376409	398485	theory_fixed
642	read_000642	mol_000642	377768	377768	394994	theory_fixed
643	read_000643	mol_000643	379042	379042	399542	theory_fixed
644	read_000644	mol_000644	379094	379094	396223	theory_fixed
645	read_000645	mol_000645	380591	380591	400077	theory_fixed
646	read_000646	mol_000646	380607	380607	401614	theory_fixed
647	read_000647	mol_000647	381614	381614	403736	theory_fixed
648	read_000648	mol_000648	381880	381880	394640	theory_fixed
649	read_000649	mol_000649	381886	381886	395392	theory_fixed
650	read_000650	mol_000650	381931	381931	399634	theory_fixed
651	read_000651	mol_000651	382364	382364	401592	theory_fixed
652	read_000652	mol_000652	382550	382550	401873	theory_fixed
653	read_000653	mol_000653	382982	382982	405718	theory_fixed
654	read_000654	mol_000654	383294	383294	398132	theory_fixed
655	read_000655	mol_000655	383567	383567	403442	theory_fixed
656	read_000656	mol_000656	383765	383765	403895	theory_fixed
657	read_000657	mol_000657	383847	383847	402176	theory_fixed
658	read_000658	mol_000658	384055	384055	404636	theory_fixed
659	read_000659	mol_000659	384345	384345	402853	theory_fixed
660	read_000660	mol_000660	385534	385534	399531	theory_fixed
661	read_000661	mol_000661	386433	386433	407672	theory_fixed
662	read_000662	mol_000662	386783	386783	403984	theory_fixed
663	read_000663	mol_000663	387364	387364	400316	theory_fixed
664	read_000664	mol_000664	387456	387456	402306	theory_fixed
665	read_000665	mol_000665	387613	387613	400874	theory_fixed
666	read_000666	mol_000666	389052	389052	406364	theory_fixed
667	read_000667	mol_000667	389579	389579	405538	theory_fixed
668	read_000668	mol_000668	390083	390083	409189	theory_fixed
669	read_000669	mol_000669	390386	390386	405132	theory_fixed
670	read_000670	mol_000670	390463	390463	403468	theory_fixed
671	read_000671	mol_000671	391023	391023	406969	theory_fixed
672	read_000672	mol_000672	391050	391050	417539	theory_fixed
673	read_000673	mol_000673	391294	391294	416850	theory_fixed
674	read_000674	mol_000674	392122	392122	409196	theory_fixed
675	read_000675	mol_000675	392370	392370	406968	theory_fixed
676	read_000676	mol_000676	393043	393043	416702	theory_fixed
677	read_000677	mol_000677	393084	393084	416562	theory_fixed
678	read_000678	mol_000678	394858	394858	409531	theory_fixed
679	read_000679	mol_000679	395269	395269	414063	theory_fixed
680	read_000680	mol_000680	395394	395394	410560	theory_fixed
681	read_000681	mol_000681	395793	395793	415149	theory_fixed
682	read_000682	mol_000682	396007	396007	414995	theory_fixed
683	read_000683	mol_000683	398899	398899	413741	theory_fixed
684	read_000684	mol_000684	399158	399158	415302	theory_fixed
685	read_000685	mol_000685	399574	399574	418593	theory_fixed
686	read_000686	mol_000686	401305	401305	418175	theory_fixed
687	read_000687	mol_000687	402128	402128	419967	theory_fixed
688	read_000688	mol_000688	403358	403358	425344	theory_fixed
689	read_000689	mol_000689	404118	404118	420809	theory_fixed
690	read_000690	mol_000690	404949	404949	417631	theory_fixed
691	read_000691	mol_000691	405273	405273	421183	theory_fixed
692	read_000692	mol_000692	405501	405501	421558	theory_fixed
693	read_000693	mol_000693	405805	405805	418067	theory_fixed
694	read_000694	mol_000694	406311	406311	423712	theory_fixed
695	read_000695	mol_000695	407950	407950	422372	theory_fixed
696	read_000696	mol_000696	408018	408018	424528	theory_fixed
697	read_000697	mol_000697	409414	409414	430263	theory_fixed
698	read_000698	mol_000698	409421	409421	425925	theory_fixed
699	read_000699	mol_000699	409429	409429	425521	theory_fixed
700	read_000700	mol_000700	410738	410738	429892	theory_fixed
701	read_000701	mol_000701	411473	411473	424371	theory_fixed
702	read_000702	mol_000702	411994	411994	428249	theory_fixed
703	read_000703	mol_000703	412942	412942	436012	theory_fixed
704	read_000704	mol_000704	414532	414532	428763	theory_fixed
705	read_000705	mol_000705	416263	416263	435796	theory_fixed
706	read_000706	mol_000706	416425	416425	435551	theory_fixed
707	read_000707	mol_000707	417439	417439	439766	theory_fixed
708	read_000708	mol_000708	417728	417728	432528	theory_fixed
709	read_000709	mol_000709	417937	417937	434523	theory_fixed
710	read_000710	mol_000710	417938	417938	435351	theory_fixed
711	read_000711	mol_000711	418266	418266	433739	theory_fixed
712	read_000712	mol_000712	418344	418344	433673	theory_fixed
713	read_000713	mol_000713	418601	418601	439194	theory_fixed
714	read_000714	mol_000714	418822	418822	436075	theory_fixed
715	read_000715	mol_000715	419096	419096	437202	theory_fixed
716	read_000716	mol_000716	419188	419188	440021	theory_fixed
717	read_000717	mol_000717	419538	419538	443298	theory_fixed
718	read_000718	mol_000718	419609	419609	435988	theory_fixed
719	read_000719	mol_000719	419677	419677	438780	theory_fixed
720	read_000720	mol_000720	419922	419922	444748	theory_fixed
721	read_000721	mol_000721	420468	420468	442267	theory_fixed
722	read_000722	mol_000722	421874	421874	436393	theory_fixed
723	read_000723	mol_000723	422153	422153	432211	theory_fixed
724	read_000724	mol_000724	423372	423372	441099	theory_fixed
725	read_000725	mol_000725	423816	423816	450936	theory_fixed
726	read_000726	mol_000726	423962	423962	444506	theory_fixed
727	read_000727	mol_000727	424335	424335	437338	theory_fixed
728	read_000728	mol_000728	425255	425255	440032	theory_fixed
729	read_000729	mol_000729	425684	425684	441925	theory_fixed
730	read_000730	mol_000730	425913	425913	443231	theory_fixed
731	read_000731	mol_000731	426015	426015	452707	theory_fixed
732	read_000732	mol_000732	426275	426275	446883	theory_fixed
733	read_000733	mol_000733	426566	426566	444652	theory_fixed
734	read_000734	mol_000734	426846	426846	456852	theory_fixed
735	read_000735	mol_000735	427335	427335	439718	theory_fixed
736	read_000736	mol_000736	427364	427364	447611	theory_fixed
737	read_000737	mol_000737	427371	427371	455294	theory_fixed
738	read_000738	mol_000738	427555	427555	449899	theory_fixed
739	read_000739	mol_000739	429577	429577	452209	theory_fixed
740	read_000740	mol_000740	430774	430774	450153	theory_fixed
741	read_000741	mol_000741	430992	430992	450641	theory_fixed
742	read_000742	mol_000742	431186	431186	445433	theory_fixed
743	read_000743	mol_000743	431412	431412	447726	theory_fixed
744	read_000744	mol_000744	431792	431792	451077	theory_fixed
745	read_000745	mol_000745	432521	432521	455390	theory_fixed
746	read_000746	mol_000746	433597	433597	452296	theory_fixed
747	read_000747	mol_000747	435151	435151	449688	theory_fixed
748	read_000748	mol_000748	435405	435405	446093	theory_fixed
749	read_000749	mol_000749	436214	436214	453186	theory_fixed
750	read_000750	mol_000750	436711	436711	450579	theory_fixed
751	read_000751	mol_000751	437023	437023	460434	theory_fixed
752	read_000752	mol_000752	437808	437808	459057	theory_fixed
753	read_000753	mol_000753	438667	438667	454893	theory_fixed
754	read_000754	mol_000754	440200	440200	460433	theory_fixed
755	read_000755	mol_000755	441704	441704	458462	theory_fixed
756	read_000756	mol_000756	442045	442045	453483	theory_fixed
757	read_000757	mol_000757	442233	442233	456761	theory_fixed
758	read_000758	mol_000758	444761	444761	462440	theory_fixed
759	read_000759	mol_000759	444973	444973	460156	theory_fixed
760	read_000760	mol_000760	446438	446438	455621	theory_fixed
761	read_000761	mol_000761	446644	446644	464203	theory_fixed
762	read_000762	mol_000762	446656	446656	461960	theory_fixed
763	read_000763	mol_000763	447417	447417	462740	theory_fixed
764	read_000764	mol_000764	448538	448538	462129	theory_fixed
765	read_000765	mol_000765	448846	448846	474985	theory_fixed
766	read_000766	mol_000766	449018	449018	466502	theory_fixed
767	read_000767	mol_000767	449028	449028	472562	theory_fixed
768	read_000768	mol_000768	449146	449146	464042	theory_fixed
769	read_000769	mol_000769	449439	449439	464827	theory_fixed
770	read_000770	mol_000770	449811	449811	466264	theory_fixed
771	read_000771	mol_000771	452302	452302	479484	theory_fixed
772	read_000772	mol_000772	452474	452474	471084	theory_fixed
773	read_000773	mol_000773	454157	454157	470283	theory_fixed
774	read_000774	mol_000774	454415	454415	475915	theory_fixed
775	read_000775	mol_000775	457546	457546	474396	theory_fixed
776	read_000776	mol_000776	457970	457970	482519	theory_fixed
777	read_000777	mol_000777	458082	458082	475577	theory_fixed
778	read_000778	mol_000778	458312	458312	482429	theory_fixed
779	read_000779	mol_000779	460049	460049	474072	theory_fixed
780	read_000780	mol_000780	461132	461132	481826	theory_fixed
781	read_000781	mol_000781	463195	463195	485743	theory_fixed
782	read_000782	mol_000782	463240	463240	486367	theory_fixed
783	read_000783	mol_000783	463387	463387	479272	theory_fixed
784	read_000784	mol_000784	463628	463628	477437	theory_fixed
785	read_000785	mol_000785	464279	464279	477142	theory_fixed
786	read_000786	mol_000786	464414	464414	480082	theory_fixed
787	read_000787	mol_000787	464905	464905	479589	theory_fixed
788	read_000788	mol_000788	465053	465053	488382	theory_fixed
789	read_000789	mol_000789	465888	465888	489476	theory_fixed
790	read_000790	mol_000790	465908	465908	492325	theory_fixed
791	read_000791	mol_000791	466018	466018	484118	theory_fixed
792	read_000792	mol_000792	466090	466090	480802	theory_fixed
793	read_000793	mol_000793	466677	466677	480802	theory_fixed
794	read_000794	mol_000794	467024	467024	485734	theory_fixed
795	read_000795	mol_000795	468254	468254	486152	theory_fixed
796	read_000796	mol_000796	468754	468754	488549	theory_fixed
797	read_000797	mol_000797	468951	468951	484626	theory_fixed
798	read_000798	mol_000798	469664	469664	493024	theory_fixed
799	read_000799	mol_000799	469892	469892	489807	theory_fixed
800	read_000800	mol_000800	470411	470411	488811	theory_fixed
801	read_000801	mol_000801	471504	471504	489044	theory_fixed
802	read_000802	mol_000802	472559	472559	489645	theory_fixed
803	read_000803	mol_000803	473659	473659	486551	theory_fixed
804	read_000804	mol_000804	473871	473871	486889	theory_fixed
805	read_000805	mol_000805	474035	474035	485126	theory_fixed
806	read_000806	mol_000806	474646	474646	492543	theory_fixed
807	read_000807	mol_000807	474924	474924	490800	theory_fixed
808	read_000808	mol_000808	475189	475189	494491	theory_fixed
809	read_000809	mol_000809	475278	475278	495349	theory_fixed
810	read_000810	mol_000810	475295	475295	496485	theory_fixed
811	read_000811	mol_000811	477400	477400	497368	theory_fixed
812	read_000812	mol_000812	477408	477408	501046	theory_fixed
813	read_000813	mol_000813	477822	477822	493762	theory_fixed
814	read_000814	mol_000814	478104	478104	496666	theory_fixed
815	read_000815	mol_000815	478309	478309	495922	theory_fixed
816	read_000816	mol_000816	479349	479349	495220	theory_fixed
817	read_000817	mol_000817	479350	479350	494771	theory_fixed
818	read_000818	mol_000818	479378	479378	496103	theory_fixed
819	read_000819	mol_000819	479538	479538	496339	theory_fixed
820	read_000820	mol_000820	483564	483564	507023	theory_fixed
821	read_000821	mol_000821	483864	483864	509321	theory_fixed
822	read_000822	mol_000822	484327	484327	506099	theory_fixed
823	read_000823	mol_000823	486029	486029	504728	theory_fixed
824	read_000824	mol_000824	486741	486741	500068	theory_fixed
825	read_000825	mol_000825	487356	487356	507287	theory_fixed
826	read_000826	mol_000826	487657	487657	503941	theory_fixed
827	read_000827	mol_000827	487898	487898	501452	theory_fixed
828	read_000828	mol_000828	488497	488497	513134	theory_fixed
829	read_000829	mol_000829	489660	489660	505317	theory_fixed
830	read_000830	mol_000830	490235	490235	506401	theory_fixed
831	read_000831	mol_000831	490399	490399	512424	theory_fixed
832	read_000832	mol_000832	491127	491127	504776	theory_fixed
833	read_000833	mol_000833	491163	491163	521153	theory_fixed
834	read_000834	mol_000834	491578	491578	508277	theory_fixed
835	read_000835	mol_000835	493037	493037	512274	theory_fixed
836	read_000836	mol_000836	493178	493178	506892	theory_fixed
837	read_000837	mol_000837	493315	493315	511291	theory_fixed
838	read_000838	mol_000838	493447	493447	510572	theory_fixed
839	read_000839	mol_000839	493682	493682	508447	theory_fixed
840	read_000840	mol_000840	493730	493730	518202	theory_fixed
841	read_000841	mol_000841	494303	494303	512825	theory_fixed
842	read_000842	mol_000842	495425	495425	511889	theory_fixed
843	read_000843	mol_000843	495528	495528	514880	theory_fixed
844	read_000844	mol_000844	495838	495838	511336	theory_fixed
845	read_000845	mol_000845	497521	497521	514255	theory_fixed
846	read_000846	mol_000846	498850	498850	519994	theory_fixed
847	read_000847	mol_000847	498918	498918	515557	theory_fixed
848	read_000848	mol_000848	500409	500409	515587	theory_fixed
849	read_000849	mol_000849	500798	500798	518814	theory_fixed
850	read_000850	mol_000850	501425	501425	520960	theory_fixed
851	read_000851	mol_000851	501936	501936	516458	theory_fixed
852	read_000852	mol_000852	502207	502207	519993	theory_fixed
853	read_000853	mol_000853	502688	502688	520270	theory_fixed
854	read_000854	mol_000854	502850	502850	516025	theory_fixed
855	read_000855	mol_000855	502999	502999	527828	theory_fixed
856	read_000856	mol_000856	503060	503060	521669	theory_fixed
857	read_000857	mol_000857	503065	503065	533191	theory_fixed
858	read_000858	mol_000858	503828	503828	523245	theory_fixed
859	read_000859	mol_000859	507299	507299	520474	theory_fixed
860	read_000860	mol_000860	508854	508854	522513	theory_fixed
861	read_000861	mol_000861	509354	509354	527391	theory_fixed
862	read_000862	mol_000862	511008	511008	524435	theory_fixed
863	read_000863	mol_000863	511013	511013	526324	theory_fixed
864	read_000864	mol_000864	511953	511953	537266	theory_fixed
865	read_000865	mol_000865	512674	512674	526067	theory_fixed
866	read_000866	mol_000866	513442	513442	542426	theory_fixed
867	read_000867	mol_000867	513657	513657	529816	theory_fixed
868	read_000868	mol_000868	514400	514400	533463	theory_fixed
869	read_000869	mol_000869	515579	515579	536618	theory_fixed
870	read_000870	mol_000870	516171	516171	527809	theory_fixed
871	read_000871	mol_000871	516504	516504	527903	theory_fixed
872	read_000872	mol_000872	517312	517312	534022	theory_fixed
873	read_000873	mol_000873	517444	517444	532476	theory_fixed
874	read_000874	mol_000874	518514	518514	533732	theory_fixed
875	read_000875	mol_000875	518849	518849	537460	theory_fixed
876	read_000876	mol_000876	519526	519526	536866	theory_fixed
877	read_000877	mol_000877	519607	519607	531866	theory_fixed
878	read_000878	mol_000878	520322	520322	533001	theory_fixed
879	read_000879	mol_000879	521155	521155	550866	theory_fixed
880	read_000880	mol_000880	521762	521762	534037	theory_fixed
881	read_000881	mol_000881	522606	522606	544846	theory_fixed
882	read_000882	mol_000882	523478	523478	541061	theory_fixed
883	read_000883	mol_000883	523543	523543	539227	theory_fixed
884	read_000884	mol_000884	523661	523661	548049	theory_fixed
885	read_000885	mol_000885	524585	524585	549837	theory_fixed
886	read_000886	mol_000886	524777	524777	544127	theory_fixed
887	read_000887	mol_000887	525196	525196	542981	theory_fixed
888	read_000888	mol_000888	525325	525325	541996	theory_fixed
889	read_000889	mol_000889	526336	526336	539770	theory_fixed
890	read_000890	mol_000890	526384	526384	549725	theory_fixed
891	read_000891	mol_000891	526982	526982	553653	theory_fixed
892	read_000892	mol_000892	527280	527280	549162	theory_fixed
893	read_000893	mol_000893	527783	527783	539959	theory_fixed
894	read_000894	mol_000894	528069	528069	541631	theory_fixed
895	read_000895	mol_000895	528183	528183	543527	theory_fixed
896	read_000896	mol_000896	528857	528857	547028	theory_fixed
897	read_000897	mol_000897	529405	529405	543003	theory_fixed
898	read_000898	mol_000898	529772	529772	543564	theory_fixed
899	read_000899	mol_000899	529836	529836	546904	theory_fixed
900	read_000900	mol_000900	529849	529849	547989	theory_fixed
901	read_000901	mol_000901	530166	530166	548529	theory_fixed
902	read_000902	mol_000902	530249	530249	545440	theory_fixed
903	read_000903	mol_000903	530612	530612	545666	theory_fixed
904	read_000904	mol_000904	530939	530939	558313	theory_fixed
905	read_000905	mol_000905	531676	531676	549600	theory_fixed
906	read_000906	mol_000906	531998	531998	545891	theory_fixed
907	read_000907	mol_000907	533216	533216	546443	theory_fixed
908	read_000908	mol_000908	533307	533307	550388	theory_fixed
909	read_000909	mol_000909	533678	533678	549917	theory_fixed
910	read_000910	mol_000910	533766	533766	551555	theory_fixed
911	read_000911	mol_000911	534428	534428	547159	theory_fixed
912	read_000912	mol_000912	534775	534775	555374	theory_fixed
913	read_000913	mol_000913	536007	536007	547612	theory_fixed
914	read_000914	mol_000914	537198	537198	553796	theory_fixed
915	read_000915	mol_000915	537357	537357	549967	theory_fixed
916	read_000916	mol_000916	537611	537611	552595	theory_fixed
917	read_000917	mol_000917	537839	537839	556436	theory_fixed
918	read_000918	mol_000918	539073	539073	565818	theory_fixed
919	read_000919	mol_000919	539083	539083	562959	theory_fixed
920	read_000920	mol_000920	539542	539542	554734	theory_fixed
921	read_000921	mol_000921	539808	539808	559440	theory_fixed
922	read_000922	mol_000922	540340	540340	567587	theory_fixed
923	read_000923	mol_000923	540969	540969	559217	theory_fixed
924	read_000924	mol_000924	541240	541240	565393	theory_fixed
925	read_000925	mol_000925	541342	541342	561365	theory_fixed
926	read_000926	mol_000926	541474	541474	559502	theory_fixed
927	read_000927	mol_000927	541700	541700	557421	theory_fixed
928	read_000928	mol_000928	542043	542043	556581	theory_fixed
929	read_000929	mol_000929	542993	542993	565907	theory_fixed
930	read_000930	mol_000930	543381	543381	560232	theory_fixed
931	read_000931	mol_000931	543616	543616	563284	theory_fixed
932	read_000932	mol_000932	546017	546017	566964	theory_fixed
933	read_000933	mol_000933	547729	547729	572185	theory_fixed
934	read_000934	mol_000934	551246	551246	567035	theory_fixed
935	read_000935	mol_000935	552005	552005	574074	theory_fixed
936	read_000936	mol_000936	552745	552745	569171	theory_fixed
937	read_000937	mol_000937	553475	553475	571354	theory_fixed
938	read_000938	mol_000938	553696	553696	566320	theory_fixed
939	read_000939	mol_000939	554939	554939	573498	theory_fixed
940	read_000940	mol_000940	555627	555627	579628	theory_fixed
941	read_000941	mol_000941	556409	556409	572678	theory_fixed
942	read_000942	mol_000942	557330	557330	575159	theory_fixed
943	read_000943	mol_000943	558247	558247	580136	theory_fixed
944	read_000944	mol_000944	558512	558512	575207	theory_fixed
945	read_000945	mol_000945	559362	559362	581621	theory_fixed
946	read_000946	mol_000946	559965	559965	576084	theory_fixed
947	read_000947	mol_000947	560817	560817	577154	theory_fixed
948	read_000948	mol_000948	560905	560905	583592	theory_fixed
949	read_000949	mol_000949	561335	561335	574872	theory_fixed
950	read_000950	mol_000950	561561	561561	584176	theory_fixed
951	read_000951	mol_000951	562158	562158	582922	theory_fixed
952	read_000952	mol_000952	562423	562423	579183	theory_fixed
953	read_000953	mol_000953	562758	562758	581443	theory_fixed
954	read_000954	mol_000954	563628	563628	582988	theory_fixed
955	read_000955	mol_000955	564040	564040	581891	theory_fixed
956	read_000956	mol_000956	566270	566270	582420	theory_fixed
957	read_000957	mol_000957	567355	567355	579044	theory_fixed
958	read_000958	mol_000958	567919	567919	585413	theory_fixed
959	read_000959	mol_000959	569334	569334	594330	theory_fixed
960	read_000960	mol_000960	569852	569852	588472	theory_fixed
961	read_000961	mol_000961	572796	572796	590680	theory_fixed
962	read_000962	mol_000962	572919	572919	592425	theory_fixed
963	read_000963	mol_000963	573028	573028	591133	theory_fixed
964	read_000964	mol_000964	574313	574313	596798	theory_fixed
965	read_000965	mol_000965	574600	574600	597804	theory_fixed
966	read_000966	mol_000966	574933	574933	591422	theory_fixed
967	read_000967	mol_000967	575439	575439	586694	theory_fixed
968	read_000968	mol_000968	575530	575530	598561	theory_fixed
969	read_000969	mol_000969	575794	575794	592711	theory_fixed
970	read_000970	mol_000970	575896	575896	601628	theory_fixed
971	read_000971	mol_000971	577192	577192	593987	theory_fixed
972	read_000972	mol_000972	577663	577663	605164	theory_fixed
973	read_000973	mol_000973	579138	579138	594818	theory_fixed
974	read_000974	mol_000974	580569	580569	594530	theory_fixed
975	read_000975	mol_000975	580788	580788	599034	theory_fixed
976	read_000976	mol_000976	581791	581791	597091	theory_fixed
977	read_000977	mol_000977	582037	582037	599406	theory_fixed
978	read_000978	mol_000978	583479	583479	600152	theory_fixed
979	read_000979	mol_000979	584454	584454	598115	theory_fixed
980	read_000980	mol_000980	584543	584543	605332	theory_fixed
981	read_000981	mol_000981	585722	585722	604225	theory_fixed
982	read_000982	mol_000982	586236	586236	601448	theory_fixed
983	read_000983	mol_000983	586371	586371	604933	theory_fixed
984	read_000984	mol_000984	586624	586624	603976	theory_fixed
985	read_000985	mol_000985	586724	586724	603665	theory_fixed
986	read_000986	mol_000986	586812	586812	603537	theory_fixed
987	read_000987	mol_000987	587157	587157	611983	theory_fixed
988	read_000988	mol_000988	587325	587325	605697	theory_fixed
989	read_000989	mol_000989	587621	587621	610285	theory_fixed
990	read_000990	mol_000990	588871	588871	609609	theory_fixed
991	read_000991	mol_000991	589472	589472	607174	theory_fixed
992	read_000992	mol_000992	590097	590097	603833	theory_fixed
993	read_000993	mol_000993	590286	590286	603001	theory_fixed
994	read_000994	mol_000994	590515	590515	609566	theory_fixed
995	read_000995	mol_000995	591767	591767	605627	theory_fixed
996	read_000996	mol_000996	593646	593646	611395	theory_fixed
997	read_000997	mol_000997	593824	593824	610864	theory_fixed
998	read_000998	mol_000998	593874	593874	619518	theory_fixed
999	read_000999	mol_000999	594022	594022	615721	theory_fixed
1000	read_001000	mol_001000	594182	594182	609769	theory_fixed
1001	read_001001	mol_001001	594200	594200	607621	theory_fixed
1002	read_001002	mol_001002	594418	594418	611871	theory_fixed
1003	read_001003	mol_001003	595157	595157	603008	theory_fixed
1004	read_001004	mol_001004	595857	595857	617228	theory_fixed
1005	read_001005	mol_001005	596007	596007	613835	theory_fixed
1006	read_001006	mol_001006	596343	596343	622219	theory_fixed
1007	read_001007	mol_001007	596370	596370	610300	theory_fixed
1008	read_001008	mol_001008	598813	598813	609989	theory_fixed
1009	read_001009	mol_001009	598936	598936	613854	theory_fixed
1010	read_001010	mol_001010	599255	599255	611293	theory_fixed
1011	read_001011	mol_001011	599411	599411	617164	theory_fixed
1012	read_001012	mol_001012	599939	599939	613986	theory_fixed
1013	read_001013	mol_001013	602596	602596	614995	theory_fixed
1014	read_001014	mol_001014	602939	602939	622303	theory_fixed
1015	read_001015	mol_001015	603138	603138	618508	theory_fixed
1016	read_001016	mol_001016	603782	603782	621259	theory_fixed
1017	read_001017	mol_001017	604366	604366	618090	theory_fixed
1018	read_001018	mol_001018	605452	605452	626496	theory_fixed
1019	read_001019	mol_001019	605919	605919	621967	theory_fixed
1020	read_001020	mol_001020	606701	606701	630375	theory_fixed
1021	read_001021	mol_001021	606785	606785	620644	theory_fixed
1022	read_001022	mol_001022	607310	607310	628215	theory_fixed
1023	read_001023	mol_001023	609916	609916	622888	theory_fixed
1024	read_001024	mol_001024	610540	610540	624287	theory_fixed
1025	read_001025	mol_001025	610864	610864	628556	theory_fixed
1026	read_001026	mol_001026	610947	610947	629121	theory_fixed
1027	read_001027	mol_001027	611016	611016	630027	theory_fixed
1028	read_001028	mol_001028	611724	611724	634427	theory_fixed
1029	read_001029	mol_001029	611750	611750	627335	theory_fixed
1030	read_001030	mol_001030	611951	611951	622917	theory_fixed
1031	read_001031	mol_001031	612280	612280	632636	theory_fixed
1032	read_001032	mol_001032	614209	614209	633627	theory_fixed
1033	read_001033	mol_001033	616065	616065	637848	theory_fixed
1034	read_001034	mol_001034	616645	616645	637697	theory_fixed
1035	read_001035	mol_001035	617538	617538	629617	theory_fixed
1036	read_001036	mol_001036	618111	618111	635781	theory_fixed
1037	read_001037	mol_001037	618583	618583	643266	theory_fixed
1038	read_001038	mol_001038	619083	619083	639199	theory_fixed
1039	read_001039	mol_001039	619578	619578	638005	theory_fixed
1040	read_001040	mol_001040	619736	619736	635241	theory_fixed
1041	read_001041	mol_001041	619992	619992	635105	theory_fixed
1042	read_001042	mol_001042	620110	620110	633742	theory_fixed
1043	read_001043	mol_001043	620212	620212	647670	theory_fixed
1044	read_001044	mol_001044	622287	622287	636693	theory_fixed
1045	read_001045	mol_001045	622438	622438	638768	theory_fixed
1046	read_001046	mol_001046	622714	622714	641382	theory_fixed
1047	read_001047	mol_001047	622899	622899	650511	theory_fixed
1048	read_001048	mol_001048	623249	623249	638861	theory_fixed
1049	read_001049	mol_001049	623572	623572	640181	theory_fixed
1050	read_001050	mol_001050	624577	624577	644914	theory_fixed
1051	read_001051	mol_001051	625922	625922	642140	theory_fixed
1052	read_001052	mol_001052	626533	626533	648109	theory_fixed
1053	read_001053	mol_001053	626856	626856	640142	theory_fixed
1054	read_001054	mol_001054	629467	629467	645306	theory_fixed
1055	read_001055	mol_001055	629893	629893	646827	theory_fixed
1056	read_001056	mol_001056	630889	630889	643799	theory_fixed
1057	read_001057	mol_001057	631157	631157	645404	theory_fixed
1058	read_001058	mol_001058	631172	631172	645727	theory_fixed
1059	read_001059	mol_001059	632053	632053	647328	theory_fixed
1060	read_001060	mol_001060	632618	632618	644809	theory_fixed
1061	read_001061	mol_001061	632847	632847	651446	theory_fixed
1062	read_001062	mol_001062	632965	632965	656971	theory_fixed
1063	read_001063	mol_001063	633255	633255	656989	theory_fixed
1064	read_001064	mol_001064	633572	633572	653703	theory_fixed
1065	read_001065	mol_001065	633642	633642	660813	theory_fixed
1066	read_001066	mol_001066	635229	635229	647127	theory_fixed
1067	read_001067	mol_001067	636720	636720	655623	theory_fixed
1068	read_001068	mol_001068	637536	637536	661500	theory_fixed
1069	read_001069	mol_001069	637809	637809	668561	theory_fixed
1070	read_001070	mol_001070	639904	639904	655824	theory_fixed
1071	read_001071	mol_001071	640216	640216	660086	theory_fixed
1072	read_001072	mol_001072	640534	640534	658514	theory_fixed
1073	read_001073	mol_001073	640741	640741	658654	theory_fixed
1074	read_001074	mol_001074	640741	640741	659299	theory_fixed
1075	read_001075	mol_001075	641071	641071	663391	theory_fixed
1076	read_001076	mol_001076	641310	641310	657707	theory_fixed
1077	read_001077	mol_001077	641840	641840	652327	theory_fixed
1078	read_001078	mol_001078	642681	642681	659766	theory_fixed
1079	read_001079	mol_001079	643718	643718	662649	theory_fixed
1080	read_001080	mol_001080	645111	645111	659410	theory_fixed
1081	read_001081	mol_001081	647072	647072	664276	theory_fixed
1082	read_001082	mol_001082	647908	647908	664811	theory_fixed
1083	read_001083	mol_001083	648085	648085	663233	theory_fixed
1084	read_001084	mol_001084	648313	648313	662681	theory_fixed
1085	read_001085	mol_001085	650941	650941	666944	theory_fixed
1086	read_001086	mol_001086	651239	651239	668345	theory_fixed
1087	read_001087	mol_001087	651414	651414	672261	theory_fixed
1088	read_001088	mol_001088	651887	651887	670628	theory_fixed
1089	read_001089	mol_001089	652988	652988	667582	theory_fixed
1090	read_001090	mol_001090	653240	653240	668535	theory_fixed
1091	read_001091	mol_001091	653411	653411	667042	theory_fixed
1092	read_001092	mol_001092	656347	656347	669414	theory_fixed
1093	read_001093	mol_001093	657207	657207	675263	theory_fixed
1094	read_001094	mol_001094	657559	657559	673287	theory_fixed
1095	read_001095	mol_001095	658650	658650	672305	theory_fixed
1096	read_001096	mol_001096	661611	661611	673992	theory_fixed
1097	read_001097	mol_001097	665648	665648	681628	theory_fixed
1098	read_001098	mol_001098	666721	666721	679228	theory_fixed
1099	read_001099	mol_001099	667332	667332	682022	theory_fixed
1100	read_001100	mol_001100	668066	668066	679306	theory_fixed
1101	read_001101	mol_001101	668135	668135	680017	theory_fixed
1102	read_001102	mol_001102	668224	668224	683233	theory_fixed
1103	read_001103	mol_001103	669001	669001	683559	theory_fixed
1104	read_001104	mol_001104	669658	669658	692117	theory_fixed
1105	read_001105	mol_001105	670029	670029	685049	theory_fixed
1106	read_001106	mol_001106	670773	670773	695359	theory_fixed
1107	read_001107	mol_001107	670798	670798	694195	theory_fixed
1108	read_001108	mol_001108	671226	671226	684859	theory_fixed
1109	read_001109	mol_001109	671242	671242	690404	theory_fixed
1110	read_001110	mol_001110	671365	671365	690662	theory_fixed
1111	read_001111	mol_001111	673483	673483	692682	theory_fixed
1112	read_001112	mol_001112	674355	674355	688214	theory_fixed
1113	read_001113	mol_001113	676280	676280	699563	theory_fixed
1114	read_001114	mol_001114	676365	676365	694694	theory_fixed
1115	read_001115	mol_001115	676516	676516	689554	theory_fixed
1116	read_001116	mol_001116	676816	676816	695040	theory_fixed
1117	read_001117	mol_001117	677978	677978	691948	theory_fixed
1118	read_001118	mol_001118	680115	680115	696521	theory_fixed
1119	read_001119	mol_001119	680502	680502	703617	theory_fixed
1120	read_001120	mol_001120	680752	680752	700865	theory_fixed
1121	read_001121	mol_001121	681371	681371	702172	theory_fixed
1122	read_001122	mol_001122	681578	681578	700226	theory_fixed
1123	read_001123	mol_001123	681632	681632	699850	theory_fixed
1124	read_001124	mol_001124	682089	682089	695275	theory_fixed
1125	read_001125	mol_001125	682789	682789	700844	theory_fixed
1126	read_001126	mol_001126	684002	684002	708723	theory_fixed
1127	read_001127	mol_001127	684136	684136	696461	theory_fixed
1128	read_001128	mol_001128	684365	684365	701816	theory_fixed
1129	read_001129	mol_001129	684868	684868	716555	theory_fixed
1130	read_001130	mol_001130	684872	684872	700498	theory_fixed
1131	read_001131	mol_001131	685034	685034	713101	theory_fixed
1132	read_001132	mol_001132	685419	685419	701941	theory_fixed
1133	read_001133	mol_001133	685945	685945	709999	theory_fixed
1134	read_001134	mol_001134	686262	686262	705466	theory_fixed
1135	read_001135	mol_001135	687212	687212	701545	theory_fixed
1136	read_001136	mol_001136	689217	689217	710509	theory_fixed
1137	read_001137	mol_001137	689949	689949	712402	theory_fixed
1138	read_001138	mol_001138	690520	690520	709147	theory_fixed
1139	read_001139	mol_001139	690623	690623	706429	theory_fixed
1140	read_001140	mol_001140	690953	690953	707199	theory_fixed
1141	read_001141	mol_001141	691640	691640	706470	theory_fixed
1142	read_001142	mol_001142	692167	692167	705326	theory_fixed
1143	read_001143	mol_001143	692354	692354	707574	theory_fixed
1144	read_001144	mol_001144	693099	693099	708890	theory_fixed
1145	read_001145	mol_001145	693936	693936	711266	theory_fixed
1146	read_001146	mol_001146	694205	694205	717680	theory_fixed
1147	read_001147	mol_001147	694598	694598	706932	theory_fixed
1148	read_001148	mol_001148	695081	695081	708414	theory_fixed
1149	read_001149	mol_001149	695868	695868	705930	theory_fixed
1150	read_001150	mol_001150	696276	696276	710298	theory_fixed
1151	read_001151	mol_001151	697895	697895	709347	theory_fixed
1152	read_001152	mol_001152	698257	698257	724743	theory_fixed
1153	read_001153	mol_001153	698721	698721	715170	theory_fixed
1154	read_001154	mol_001154	699424	699424	722912	theory_fixed
1155	read_001155	mol_001155	699793	699793	711023	theory_fixed
1156	read_001156	mol_001156	701017	701017	717980	theory_fixed
1157	read_001157	mol_001157	701422	701422	717348	theory_fixed
1158	read_001158	mol_001158	701866	701866	716618	theory_fixed
1159	read_001159	mol_001159	702352	702352	712962	theory_fixed
1160	read_001160	mol_001160	702746	702746	722121	theory_fixed
1161	read_001161	mol_001161	704279	704279	721229	theory_fixed
1162	read_001162	mol_001162	704990	704990	723888	theory_fixed
1163	read_001163	mol_001163	705790	705790	717137	theory_fixed
1164	read_001164	mol_001164	706454	706454	723468	theory_fixed
1165	read_001165	mol_001165	706531	706531	727363	theory_fixed
1166	read_001166	mol_001166	706903	706903	726376	theory_fixed
1167	read_001167	mol_001167	707245	707245	725543	theory_fixed
1168	read_001168	mol_001168	707650	707650	719555	theory_fixed
1169	read_001169	mol_001169	707808	707808	723827	theory_fixed
1170	read_001170	mol_001170	708293	708293	724770	theory_fixed
1171	read_001171	mol_001171	708489	708489	725138	theory_fixed
1172	read_001172	mol_001172	709391	709391	725392	theory_fixed
1173	read_001173	mol_001173	709719	709719	728913	theory_fixed
1174	read_001174	mol_001174	710007	710007	727563	theory_fixed
1175	read_001175	mol_001175	710142	710142	729364	theory_fixed
1176	read_001176	mol_001176	710144	710144	723831	theory_fixed
1177	read_001177	mol_001177	712188	712188	729812	theory_fixed
1178	read_001178	mol_001178	712305	712305	729941	theory_fixed
1179	read_001179	mol_001179	712925	712925	732933	theory_fixed
1180	read_001180	mol_001180	714774	714774	734683	theory_fixed
1181	read_001181	mol_001181	714961	714961	737640	theory_fixed
1182	read_001182	mol_001182	715881	715881	733037	theory_fixed
1183	read_001183	mol_001183	716076	716076	732318	theory_fixed
1184	read_001184	mol_001184	717516	717516	732927	theory_fixed
1185	read_001185	mol_001185	718447	718447	737464	theory_fixed
1186	read_001186	mol_001186	719226	719226	738246	theory_fixed
1187	read_001187	mol_001187	720200	720200	734783	theory_fixed
1188	read_001188	mol_001188	721879	721879	738064	theory_fixed
1189	read_001189	mol_001189	722536	722536	740646	theory_fixed
1190	read_001190	mol_001190	725565	725565	742810	theory_fixed
1191	read_001191	mol_001191	725798	725798	739906	theory_fixed
1192	read_001192	mol_001192	725849	725849	741314	theory_fixed
1193	read_001193	mol_001193	725859	725859	740952	theory_fixed
1194	read_001194	mol_001194	726863	726863	741300	theory_fixed
1195	read_001195	mol_001195	727631	727631	742941	theory_fixed
1196	read_001196	mol_001196	729709	729709	743297	theory_fixed
1197	read_001197	mol_001197	730466	730466	747146	theory_fixed
1198	read_001198	mol_001198	731702	731702	747660	theory_fixed
1199	read_001199	mol_001199	732050	732050	744249	theory_fixed
1200	read_001200	mol_001200	733059	733059	751095	theory_fixed
1201	read_001201	mol_001201	733534	733534	749919	theory_fixed
1202	read_001202	mol_001202	733606	733606	749615	theory_fixed
1203	read_001203	mol_001203	734088	734088	751423	theory_fixed
1204	read_001204	mol_001204	734456	734456	756777	theory_fixed
1205	read_001205	mol_001205	734589	734589	756325	theory_fixed
1206	read_001206	mol_001206	734634	734634	752574	theory_fixed
1207	read_001207	mol_001207	734836	734836	754951	theory_fixed
1208	read_001208	mol_001208	735583	735583	750346	theory_fixed
1209	read_001209	mol_001209	736215	736215	757231	theory_fixed
1210	read_001210	mol_001210	736580	736580	751628	theory_fixed
1211	read_001211	mol_001211	736681	736681	763224	theory_fixed
1212	read_001212	mol_001212	737087	737087	760323	theory_fixed
1213	read_001213	mol_001213	737157	737157	750522	theory_fixed
1214	read_001214	mol_001214	737584	737584	758310	theory_fixed
1215	read_001215	mol_001215	738219	738219	760245	theory_fixed
1216	read_001216	mol_001216	738324	738324	754646	theory_fixed
1217	read_001217	mol_001217	739185	739185	761949	theory_fixed
1218	read_001218	mol_001218	739583	739583	759483	theory_fixed
1219	read_001219	mol_001219	739690	739690	750704	theory_fixed
1220	read_001220	mol_001220	741224	741224	761550	theory_fixed
1221	read_001221	mol_001221	741827	741827	754780	theory_fixed
1222	read_001222	mol_001222	741961	741961	756317	theory_fixed
1223	read_001223	mol_001223	742872	742872	759671	theory_fixed
1224	read_001224	mol_001224	743099	743099	755689	theory_fixed
1225	read_001225	mol_001225	743282	743282	760645	theory_fixed
1226	read_001226	mol_001226	744629	744629	763362	theory_fixed
1227	read_001227	mol_001227	744816	744816	767730	theory_fixed
1228	read_001228	mol_001228	745709	745709	761353	theory_fixed
1229	read_001229	mol_001229	746072	746072	765341	theory_fixed
1230	read_001230	mol_001230	747032	747032	764748	theory_fixed
1231	read_001231	mol_001231	747070	747070	763127	theory_fixed
1232	read_001232	mol_001232	747077	747077	761631	theory_fixed
1233	read_001233	mol_001233	747604	747604	761905	theory_fixed
1234	read_001234	mol_001234	748425	748425	769719	theory_fixed
1235	read_001235	mol_001235	749652	749652	765560	theory_fixed
1236	read_001236	mol_001236	749982	749982	779493	theory_fixed
1237	read_001237	mol_001237	749994	749994	766000	theory_fixed
1238	read_001238	mol_001238	751184	751184	771838	theory_fixed
1239	read_001239	mol_001239	751942	751942	770743	theory_fixed
1240	read_001240	mol_001240	752220	752220	766078	theory_fixed
1241	read_001241	mol_001241	752437	752437	780227	theory_fixed
1242	read_001242	mol_001242	752460	752460	770538	theory_fixed
1243	read_001243	mol_001243	753656	753656	768751	theory_fixed
1244	read_001244	mol_001244	754601	754601	769778	theory_fixed
1245	read_001245	mol_001245	754786	754786	776323	theory_fixed
1246	read_001246	mol_001246	754899	754899	766467	theory_fixed
1247	read_001247	mol_001247	755237	755237	769459	theory_fixed
1248	read_001248	mol_001248	755503	755503	771047	theory_fixed
1249	read_001249	mol_001249	756287	756287	782538	theory_fixed
1250	read_001250	mol_001250	757027	757027	772757	theory_fixed
1251	read_001251	mol_001251	758774	758774	781461	theory_fixed
1252	read_001252	mol_001252	759219	759219	779868	theory_fixed
1253	read_001253	mol_001253	759336	759336	776529	theory_fixed
1254	read_001254	mol_001254	759406	759406	778548	theory_fixed
1255	read_001255	mol_001255	759881	759881	779398	theory_fixed
1256	read_001256	mol_001256	760658	760658	773656	theory_fixed
1257	read_001257	mol_001257	761914	761914	781316	theory_fixed
1258	read_001258	mol_001258	762617	762617	775374	theory_fixed
1259	read_001259	mol_001259	762642	762642	775302	theory_fixed
1260	read_001260	mol_001260	763048	763048	775500	theory_fixed
1261	read_001261	mol_001261	763214	763214	781419	theory_fixed
1262	read_001262	mol_001262	763233	763233	779305	theory_fixed
1263	read_001263	mol_001263	764688	764688	779993	theory_fixed
1264	read_001264	mol_001264	765239	765239	787180	theory_fixed
1265	read_001265	mol_001265	766058	766058	790305	theory_fixed
1266	read_001266	mol_001266	766881	766881	787534	theory_fixed
1267	read_001267	mol_001267	768549	768549	787209	theory_fixed
1268	read_001268	mol_001268	768803	768803	784997	theory_fixed
1269	read_001269	mol_001269	770262	770262	789775	theory_fixed
1270	read_001270	mol_001270	771389	771389	790672	theory_fixed
1271	read_001271	mol_001271	771672	771672	788380	theory_fixed
1272	read_001272	mol_001272	773362	773362	789243	theory_fixed
1273	read_001273	mol_001273	773374	773374	790460	theory_fixed
1274	read_001274	mol_001274	774440	774440	792995	theory_fixed
1275	read_001275	mol_001275	776115	776115	797395	theory_fixed
1276	read_001276	mol_001276	776622	776622	792181	theory_fixed
1277	read_001277	mol_001277	777521	777521	795156	theory_fixed
1278	read_001278	mol_001278	777770	777770	804915	theory_fixed
1279	read_001279	mol_001279	778029	778029	793367	theory_fixed
1280	read_001280	mol_001280	778364	778364	806871	theory_fixed
1281	read_001281	mol_001281	781408	781408	804677	theory_fixed
1282	read_001282	mol_001282	782018	782018	793695	theory_fixed
1283	read_001283	mol_001283	783117	783117	792783	theory_fixed
1284	read_001284	mol_001284	783314	783314	804059	theory_fixed
1285	read_001285	mol_001285	786135	786135	813681	theory_fixed
1286	read_001286	mol_001286	786296	786296	798944	theory_fixed
1287	read_001287	mol_001287	786760	786760	800958	theory_fixed
1288	read_001288	mol_001288	788634	788634	806862	theory_fixed
1289	read_001289	mol_001289	790631	790631	811320	theory_fixed
1290	read_001290	mol_001290	790737	790737	810857	theory_fixed
1291	read_001291	mol_001291	791110	791110	809996	theory_fixed
1292	read_001292	mol_001292	792246	792246	806994	theory_fixed
1293	read_001293	mol_001293	793374	793374	811514	theory_fixed
1294	read_001294	mol_001294	793508	793508	818236	theory_fixed
1295	read_001295	mol_001295	793979	793979	810687	theory_fixed
1296	read_001296	mol_001296	795207	795207	816445	theory_fixed
1297	read_001297	mol_001297	795223	795223	810556	theory_fixed
1298	read_001298	mol_001298	795389	795389	815704	theory_fixed
1299	read_001299	mol_001299	795406	795406	810959	theory_fixed
1300	read_001300	mol_001300	795865	795865	811270	theory_fixed
1301	read_001301	mol_001301	796185	796185	811259	theory_fixed
1302	read_001302	mol_001302	797056	797056	817930	theory_fixed
1303	read_001303	mol_001303	797147	797147	813344	theory_fixed
1304	read_001304	mol_001304	798332	798332	812389	theory_fixed
1305	read_001305	mol_001305	799123	799123	819251	theory_fixed
1306	read_001306	mol_001306	799559	799559	819470	theory_fixed
1307	read_001307	mol_001307	799748	799748	822616	theory_fixed
1308	read_001308	mol_001308	800605	800605	815384	theory_fixed
1309	read_001309	mol_001309	800733	800733	818095	theory_fixed
1310	read_001310	mol_001310	801573	801573	817973	theory_fixed
1311	read_001311	mol_001311	803267	803267	819695	theory_fixed
1312	read_001312	mol_001312	804215	804215	818757	theory_fixed
1313	read_001313	mol_001313	804911	804911	818841	theory_fixed
1314	read_001314	mol_001314	806961	806961	821826	theory_fixed
1315	read_001315	mol_001315	807709	807709	819377	theory_fixed
1316	read_001316	mol_001316	807859	807859	820048	theory_fixed
1317	read_001317	mol_001317	808074	808074	823969	theory_fixed
1318	read_001318	mol_001318	808879	808879	826222	theory_fixed
1319	read_001319	mol_001319	809007	809007	820767	theory_fixed
1320	read_001320	mol_001320	809313	809313	833445	theory_fixed
1321	read_001321	mol_001321	809763	809763	825105	theory_fixed
1322	read_001322	mol_001322	810390	810390	825876	theory_fixed
1323	read_001323	mol_001323	812499	812499	829533	theory_fixed
1324	read_001324	mol_001324	812966	812966	834896	theory_fixed
1325	read_001325	mol_001325	813941	813941	827948	theory_fixed
1326	read_001326	mol_001326	815701	815701	832638	theory_fixed
1327	read_001327	mol_001327	816842	816842	828244	theory_fixed
1328	read_001328	mol_001328	817422	817422	846408	theory_fixed
1329	read_001329	mol_001329	818252	818252	832306	theory_fixed
1330	read_001330	mol_001330	818277	818277	836317	theory_fixed
1331	read_001331	mol_001331	818486	818486	837048	theory_fixed
1332	read_001332	mol_001332	818515	818515	834887	theory_fixed
1333	read_001333	mol_001333	818784	818784	835116	theory_fixed
1334	read_001334	mol_001334	823419	823419	839539	theory_fixed
1335	read_001335	mol_001335	823596	823596	837257	theory_fixed
1336	read_001336	mol_001336	823801	823801	837290	theory_fixed
1337	read_001337	mol_001337	824157	824157	838316	theory_fixed
1338	read_001338	mol_001338	824646	824646	836571	theory_fixed
1339	read_001339	mol_001339	826420	826420	846428	theory_fixed
1340	read_001340	mol_001340	826915	826915	847967	theory_fixed
1341	read_001341	mol_001341	827258	827258	848766	theory_fixed
1342	read_001342	mol_001342	827285	827285	847535	theory_fixed
1343	read_001343	mol_001343	827360	827360	846641	theory_fixed
1344	read_001344	mol_001344	827719	827719	849548	theory_fixed
1345	read_001345	mol_001345	830072	830072	849939	theory_fixed
1346	read_001346	mol_001346	830282	830282	848449	theory_fixed
1347	read_001347	mol_001347	831363	831363	852699	theory_fixed
1348	read_001348	mol_001348	831501	831501	850030	theory_fixed
1349	read_001349	mol_001349	831869	831869	845052	theory_fixed
1350	read_001350	mol_001350	832179	832179	848855	theory_fixed
1351	read_001351	mol_001351	833970	833970	853085	theory_fixed
1352	read_001352	mol_001352	834149	834149	853504	theory_fixed
1353	read_001353	mol_001353	834528	834528	857335	theory_fixed
1354	read_001354	mol_001354	835831	835831	849978	theory_fixed
1355	read_001355	mol_001355	835878	835878	852461	theory_fixed
1356	read_001356	mol_001356	836240	836240	851305	theory_fixed
1357	read_001357	mol_001357	839342	839342	854305	theory_fixed
1358	read_001358	mol_001358	839714	839714	855159	theory_fixed
1359	read_001359	mol_001359	839886	839886	855901	theory_fixed
1360	read_001360	mol_001360	841049	841049	858222	theory_fixed
1361	read_001361	mol_001361	841518	841518	855567	theory_fixed
1362	read_001362	mol_001362	841792	841792	856536	theory_fixed
1363	read_001363	mol_001363	842009	842009	862664	theory_fixed
1364	read_001364	mol_001364	842135	842135	864887	theory_fixed
1365	read_001365	mol_001365	842591	842591	855713	theory_fixed
1366	read_001366	mol_001366	842976	842976	857302	theory_fixed
1367	read_001367	mol_001367	843385	843385	862569	theory_fixed
1368	read_001368	mol_001368	843619	843619	864160	theory_fixed
1369	read_001369	mol_001369	843630	843630	859801	theory_fixed
1370	read_001370	mol_001370	843756	843756	858652	theory_fixed
1371	read_001371	mol_001371	843940	843940	856124	theory_fixed
1372	read_001372	mol_001372	844014	844014	859707	theory_fixed
1373	read_001373	mol_001373	844269	844269	861862	theory_fixed
1374	read_001374	mol_001374	844566	844566	866299	theory_fixed
1375	read_001375	mol_001375	845346	845346	866142	theory_fixed
1376	read_001376	mol_001376	846122	846122	864184	theory_fixed
1377	read_001377	mol_001377	846200	846200	863136	theory_fixed
1378	read_001378	mol_001378	847150	847150	865529	theory_fixed
1379	read_001379	mol_001379	847336	847336	862531	theory_fixed
1380	read_001380	mol_001380	847451	847451	863763	theory_fixed
1381	read_001381	mol_001381	849187	849187	869542	theory_fixed
1382	read_001382	mol_001382	849253	849253	866955	theory_fixed
1383	read_001383	mol_001383	849367	849367	867915	theory_fixed
1384	read_001384	mol_001384	852499	852499	868794	theory_fixed
1385	read_001385	mol_001385	852537	852537	868084	theory_fixed
1386	read_001386	mol_001386	852640	852640	870781	theory_fixed
1387	read_001387	mol_001387	853663	853663	871126	theory_fixed
1388	read_001388	mol_001388	853783	853783	872844	theory_fixed
1389	read_001389	mol_001389	854221	854221	874771	theory_fixed
1390	read_001390	mol_001390	855022	855022	875159	theory_fixed
1391	read_001391	mol_001391	855203	855203	872562	theory_fixed
1392	read_001392	mol_001392	856197	856197	878779	theory_fixed
1393	read_001393	mol_001393	856769	856769	873855	theory_fixed
1394	read_001394	mol_001394	857673	857673	873417	theory_fixed
1395	read_001395	mol_001395	859101	859101	875805	theory_fixed
1396	read_001396	mol_001396	860119	860119	876310	theory_fixed
1397	read_001397	mol_001397	860375	860375	877650	theory_fixed
1398	read_001398	mol_001398	860705	860705	876277	theory_fixed
1399	read_001399	mol_001399	861782	861782	879210	theory_fixed
1400	read_001400	mol_001400	862345	862345	873657	theory_fixed
1401	read_001401	mol_001401	862697	862697	879244	theory_fixed
1402	read_001402	mol_001402	863603	863603	880344	theory_fixed
1403	read_001403	mol_001403	864763	864763	891778	theory_fixed
1404	read_001404	mol_001404	864897	864897	878389	theory_fixed
1405	read_001405	mol_001405	865328	865328	882234	theory_fixed
1406	read_001406	mol_001406	868082	868082	881322	theory_fixed
1407	read_001407	mol_001407	869481	869481	888455	theory_fixed
1408	read_001408	mol_001408	869492	869492	884961	theory_fixed
1409	read_001409	mol_001409	870171	870171	884922	theory_fixed
1410	read_001410	mol_001410	870282	870282	885153	theory_fixed
1411	read_001411	mol_001411	871280	871280	888121	theory_fixed
1412	read_001412	mol_001412	871435	871435	892443	theory_fixed
1413	read_001413	mol_001413	871655	871655	886596	theory_fixed
1414	read_001414	mol_001414	871736	871736	894015	theory_fixed
1415	read_001415	mol_001415	875617	875617	892830	theory_fixed
1416	read_001416	mol_001416	875840	875840	897702	theory_fixed
1417	read_001417	mol_001417	875872	875872	892888	theory_fixed
1418	read_001418	mol_001418	876996	876996	892269	theory_fixed
1419	read_001419	mol_001419	877813	877813	891991	theory_fixed
1420	read_001420	mol_001420	878776	878776	893785	theory_fixed
1421	read_001421	mol_001421	878789	878789	893020	theory_fixed
1422	read_001422	mol_001422	879937	879937	897039	theory_fixed
1423	read_001423	mol_001423	880427	880427	904465	theory_fixed
1424	read_001424	mol_001424	880859	880859	897505	theory_fixed
1425	read_001425	mol_001425	881403	881403	892947	theory_fixed
1426	read_001426	mol_001426	881457	881457	897156	theory_fixed
1427	read_001427	mol_001427	882016	882016	897971	theory_fixed
1428	read_001428	mol_001428	882632	882632	895297	theory_fixed
1429	read_001429	mol_001429	882807	882807	897030	theory_fixed
1430	read_001430	mol_001430	884340	884340	901135	theory_fixed
1431	read_001431	mol_001431	884482	884482	899503	theory_fixed
1432	read_001432	mol_001432	885771	885771	904942	theory_fixed
1433	read_001433	mol_001433	886038	886038	905047	theory_fixed
1434	read_001434	mol_001434	886920	886920	899643	theory_fixed
1435	read_001435	mol_001435	888306	888306	909692	theory_fixed
1436	read_001436	mol_001436	888634	888634	905250	theory_fixed
1437	read_001437	mol_001437	889304	889304	922520	theory_fixed
1438	read_001438	mol_001438	889644	889644	906522	theory_fixed
1439	read_001439	mol_001439	889928	889928	910099	theory_fixed
1440	read_001440	mol_001440	890349	890349	911019	theory_fixed
1441	read_001441	mol_001441	890769	890769	901861	theory_fixed
1442	read_001442	mol_001442	891517	891517	908970	theory_fixed
1443	read_001443	mol_001443	892013	892013	910070	theory_fixed
1444	read_001444	mol_001444	892290	892290	906404	theory_fixed
1445	read_001445	mol_001445	893431	893431	919048	theory_fixed
1446	read_001446	mol_001446	893768	893768	913592	theory_fixed
1447	read_001447	mol_001447	893807	893807	907745	theory_fixed
1448	read_001448	mol_001448	893807	893807	911843	theory_fixed
1449	read_001449	mol_001449	894380	894380	912833	theory_fixed
1450	read_001450	mol_001450	895241	895241	909844	theory_fixed
1451	read_001451	mol_001451	895660	895660	918871	theory_fixed
1452	read_001452	mol_001452	895714	895714	917444	theory_fixed
1453	read_001453	mol_001453	897643	897643	915522	theory_fixed
1454	read_001454	mol_001454	898255	898255	916738	theory_fixed
1455	read_001455	mol_001455	898308	898308	915279	theory_fixed
1456	read_001456	mol_001456	898446	898446	924840	theory_fixed
1457	read_001457	mol_001457	898590	898590	921941	theory_fixed
1458	read_001458	mol_001458	899072	899072	917682	theory_fixed
1459	read_001459	mol_001459	899976	899976	918030	theory_fixed
1460	read_001460	mol_001460	900250	900250	919139	theory_fixed
1461	read_001461	mol_001461	900267	900267	916664	theory_fixed
1462	read_001462	mol_001462	901225	901225	922449	theory_fixed
1463	read_001463	mol_001463	901243	901243	917053	theory_fixed
1464	read_001464	mol_001464	901388	901388	917864	theory_fixed
1465	read_001465	mol_001465	902391	902391	917218	theory_fixed
1466	read_001466	mol_001466	903275	903275	928642	theory_fixed
1467	read_001467	mol_001467	903738	903738	921996	theory_fixed
1468	read_001468	mol_001468	905057	905057	924912	theory_fixed
1469	read_001469	mol_001469	906773	906773	923012	theory_fixed
1470	read_001470	mol_001470	908329	908329	921583	theory_fixed
1471	read_001471	mol_001471	909593	909593	926318	theory_fixed
1472	read_001472	mol_001472	910007	910007	928329	theory_fixed
1473	read_001473	mol_001473	910682	910682	922649	theory_fixed
1474	read_001474	mol_001474	911193	911193	922737	theory_fixed
1475	read_001475	mol_001475	911401	911401	922739	theory_fixed
1476	read_001476	mol_001476	911474	911474	928065	theory_fixed
1477	read_001477	mol_001477	912164	912164	921769	theory_fixed
1478	read_001478	mol_001478	913118	913118	925509	theory_fixed
1479	read_001479	mol_001479	913149	913149	928697	theory_fixed
1480	read_001480	mol_001480	913492	913492	921644	theory_fixed
1481	read_001481	mol_001481	914068	914068	928685	theory_fixed
1482	read_001482	mol_001482	914770	914770	931119	theory_fixed
1483	read_001483	mol_001483	915403	915403	929915	theory_fixed
1484	read_001484	mol_001484	915408	915408	932853	theory_fixed
1485	read_001485	mol_001485	915951	915951	932705	theory_fixed
1486	read_001486	mol_001486	917935	917935	933064	theory_fixed
1487	read_001487	mol_001487	919143	919143	937322	theory_fixed
1488	read_001488	mol_001488	922138	922138	941649	theory_fixed
1489	read_001489	mol_001489	922627	922627	933099	theory_fixed
1490	read_001490	mol_001490	922932	922932	938059	theory_fixed
1491	read_001491	mol_001491	924317	924317	938344	theory_fixed
1492	read_001492	mol_001492	926072	926072	947987	theory_fixed
1493	read_001493	mol_001493	927043	927043	943499	theory_fixed
1494	read_001494	mol_001494	927382	927382	944612	theory_fixed
1495	read_001495	mol_001495	927528	927528	944454	theory_fixed
1496	read_001496	mol_001496	928105	928105	942783	theory_fixed
1497	read_001497	mol_001497	928837	928837	947236	theory_fixed
1498	read_001498	mol_001498	928906	928906	949713	theory_fixed
1499	read_001499	mol_001499	928987	928987	944406	theory_fixed
1500	read_001500	mol_001500	929213	929213	949694	theory_fixed
1501	read_001501	mol_001501	929849	929849	954761	theory_fixed
1502	read_001502	mol_001502	930848	930848	944690	theory_fixed
1503	read_001503	mol_001503	931044	931044	951143	theory_fixed
1504	read_001504	mol_001504	931686	931686	944529	theory_fixed
1505	read_001505	mol_001505	931708	931708	956103	theory_fixed
1506	read_001506	mol_001506	932010	932010	948337	theory_fixed
1507	read_001507	mol_001507	933154	933154	953708	theory_fixed
1508	read_001508	mol_001508	933806	933806	955142	theory_fixed
1509	read_001509	mol_001509	936595	936595	950861	theory_fixed
1510	read_001510	mol_001510	939107	939107	971318	theory_fixed
1511	read_001511	mol_001511	939271	939271	951740	theory_fixed
1512	read_001512	mol_001512	939331	939331	957350	theory_fixed
1513	read_001513	mol_001513	940234	940234	951943	theory_fixed
1514	read_001514	mol_001514	940598	940598	956694	theory_fixed
1515	read_001515	mol_001515	940791	940791	959865	theory_fixed
1516	read_001516	mol_001516	941045	941045	956902	theory_fixed
1517	read_001517	mol_001517	941821	941821	959458	theory_fixed
1518	read_001518	mol_001518	942080	942080	956820	theory_fixed
1519	read_001519	mol_001519	942345	942345	959324	theory_fixed
1520	read_001520	mol_001520	942689	942689	969146	theory_fixed
1521	read_001521	mol_001521	943521	943521	960742	theory_fixed
1522	read_001522	mol_001522	943781	943781	963360	theory_fixed
1523	read_001523	mol_001523	943911	943911	965686	theory_fixed
1524	read_001524	mol_001524	946379	946379	967684	theory_fixed
1525	read_001525	mol_001525	946561	946561	971305	theory_fixed
1526	read_001526	mol_001526	946972	946972	963584	theory_fixed
1527	read_001527	mol_001527	947704	947704	965176	theory_fixed
1528	read_001528	mol_001528	947894	947894	960311	theory_fixed
1529	read_001529	mol_001529	948834	948834	964584	theory_fixed
1530	read_001530	mol_001530	949779	949779	963673	theory_fixed
1531	read_001531	mol_001531	949908	949908	971828	theory_fixed
1532	read_001532	mol_001532	950040	950040	974173	theory_fixed
1533	read_001533	mol_001533	950342	950342	968577	theory_fixed
1534	read_001534	mol_001534	951481	951481	969407	theory_fixed
1535	read_001535	mol_001535	951661	951661	962743	theory_fixed
1536	read_001536	mol_001536	951974	951974	973756	theory_fixed
1537	read_001537	mol_001537	952156	952156	970876	theory_fixed
1538	read_001538	mol_001538	953113	953113	970727	theory_fixed
1539	read_001539	mol_001539	953323	953323	978033	theory_fixed
1540	read_001540	mol_001540	953335	953335	967466	theory_fixed
1541	read_001541	mol_001541	953541	953541	971666	theory_fixed
1542	read_001542	mol_001542	953682	953682	963706	theory_fixed
1543	read_001543	mol_001543	954108	954108	972712	theory_fixed
1544	read_001544	mol_001544	954231	954231	974473	theory_fixed
1545	read_001545	mol_001545	956474	956474	974408	theory_fixed
1546	read_001546	mol_001546	956481	956481	977000	theory_fixed
1547	read_001547	mol_001547	956490	956490	979234	theory_fixed
1548	read_001548	mol_001548	956515	956515	977024	theory_fixed
1549	read_001549	mol_001549	956601	956601	972379	theory_fixed
1550	read_001550	mol_001550	956602	956602	969837	theory_fixed
1551	read_001551	mol_001551	957055	957055	975415	theory_fixed
1552	read_001552	mol_001552	957128	957128	976563	theory_fixed
1553	read_001553	mol_001553	958174	958174	973998	theory_fixed
1554	read_001554	mol_001554	958404	958404	980746	theory_fixed
1555	read_001555	mol_001555	959813	959813	975303	theory_fixed
1556	read_001556	mol_001556	962047	962047	977383	theory_fixed
1557	read_001557	mol_001557	962439	962439	983203	theory_fixed
1558	read_001558	mol_001558	963512	963512	986602	theory_fixed
1559	read_001559	mol_001559	964630	964630	982774	theory_fixed
1560	read_001560	mol_001560	965114	965114	977314	theory_fixed
1561	read_001561	mol_001561	965129	965129	987111	theory_fixed
1562	read_001562	mol_001562	965326	965326	980771	theory_fixed
1563	read_001563	mol_001563	967052	967052	989627	theory_fixed
1564	read_001564	mol_001564	967612	967612	984947	theory_fixed
1565	read_001565	mol_001565	968374	968374	986088	theory_fixed
1566	read_001566	mol_001566	970292	970292	988790	theory_fixed
1567	read_001567	mol_001567	970818	970818	992492	theory_fixed
1568	read_001568	mol_001568	971055	971055	985920	theory_fixed
1569	read_001569	mol_001569	971608	971608	993999	theory_fixed
1570	read_001570	mol_001570	971835	971835	990724	theory_fixed
1571	read_001571	mol_001571	972016	972016	994098	theory_fixed
1572	read_001572	mol_001572	972323	972323	988608	theory_fixed
1573	read_001573	mol_001573	973403	973403	985819	theory_fixed
1574	read_001574	mol_001574	973478	973478	992765	theory_fixed
1575	read_001575	mol_001575	974955	974955	995081	theory_fixed
1576	read_001576	mol_001576	975035	975035	987408	theory_fixed
1577	read_001577	mol_001577	975544	975544	997226	theory_fixed
1578	read_001578	mol_001578	975599	975599	991090	theory_fixed
1579	read_001579	mol_001579	977043	977043	991190	theory_fixed
1580	read_001580	mol_001580	977106	977106	989848	theory_fixed
1581	read_001581	mol_001581	977893	977893	997091	theory_fixed
1582	read_001582	mol_001582	978198	978198	999746	theory_fixed
1583	read_001583	mol_001583	978613	978613	998964	theory_fixed
1584	read_001584	mol_001584	978795	978795	999705	theory_fixed
1585	read_001585	mol_001585	979309	979309	1003470	theory_fixed
1586	read_001586	mol_001586	979560	979560	997555	theory_fixed
1587	read_001587	mol_001587	980359	980359	993636	theory_fixed
1588	read_001588	mol_001588	980426	980426	995857	theory_fixed
1589	read_001589	mol_001589	980956	980956	993028	theory_fixed
1590	read_001590	mol_001590	981516	981516	998115	theory_fixed
1591	read_001591	mol_001591	982421	982421	1007444	theory_fixed
1592	read_001592	mol_001592	982650	982650	1008331	theory_fixed
1593	read_001593	mol_001593	982925	982925	1003706	theory_fixed
1594	read_001594	mol_001594	984128	984128	1005793	theory_fixed
1595	read_001595	mol_001595	984555	984555	999863	theory_fixed
1596	read_001596	mol_001596	984723	984723	1001449	theory_fixed
1597	read_001597	mol_001597	985153	985153	1002804	theory_fixed
1598	read_001598	mol_001598	986025	986025	1003192	theory_fixed
1599	read_001599	mol_001599	986581	986581	1012023	theory_fixed
1600	read_001600	mol_001600	986623	986623	1002714	theory_fixed
1601	read_001601	mol_001601	987997	987997	1003317	theory_fixed
1602	read_001602	mol_001602	989014	989014	1007019	theory_fixed
1603	read_001603	mol_001603	989224	989224	1004002	theory_fixed
1604	read_001604	mol_001604	989567	989567	1007957	theory_fixed
1605	read_001605	mol_001605	991085	991085	1010824	theory_fixed
1606	read_001606	mol_001606	991210	991210	1011242	theory_fixed
1607	read_001607	mol_001607	991519	991519	1006893	theory_fixed
1608	read_001608	mol_001608	992418	992418	1009083	theory_fixed
1609	read_001609	mol_001609	992522	992522	1007890	theory_fixed
1610	read_001610	mol_001610	992931	992931	1008008	theory_fixed
1611	read_001611	mol_001611	994274	994274	1015715	theory_fixed
1612	read_001612	mol_001612	995670	995670	1011611	theory_fixed
1613	read_001613	mol_001613	996326	996326	1010784	theory_fixed
1614	read_001614	mol_001614	997095	997095	1013076	theory_fixed
1615	read_001615	mol_001615	997804	997804	1013355	theory_fixed
1616	read_001616	mol_001616	997937	997937	1017925	theory_fixed
1617	read_001617	mol_001617	998826	998826	1016672	theory_fixed
1618	read_001618	mol_001618	998861	998861	1019927	theory_fixed
1619	read_001619	mol_001619	999888	999888	1022122	theory_fixed
1620	read_001620	mol_001620	1000276	1000276	1016472	theory_fixed
1621	read_001621	mol_001621	1001398	1001398	1021681	theory_fixed
1622	read_001622	mol_001622	1001619	1001619	1020084	theory_fixed
1623	read_001623	mol_001623	1003417	1003417	1021091	theory_fixed
1624	read_001624	mol_001624	1003665	1003665	1015397	theory_fixed
1625	read_001625	mol_001625	1004640	1004640	1023419	theory_fixed
1626	read_001626	mol_001626	1004672	1004672	1018452	theory_fixed
1627	read_001627	mol_001627	1004964	1004964	1022823	theory_fixed
1628	read_001628	mol_001628	1005861	1005861	1030153	theory_fixed
1629	read_001629	mol_001629	1006040	1006040	1018538	theory_fixed
1630	read_001630	mol_001630	1007449	1007449	1023326	theory_fixed
1631	read_001631	mol_001631	1007569	1007569	1026022	theory_fixed
1632	read_001632	mol_001632	1007877	1007877	1028267	theory_fixed
1633	read_001633	mol_001633	1008117	1008117	1024018	theory_fixed
1634	read_001634	mol_001634	1008156	1008156	1034433	theory_fixed
1635	read_001635	mol_001635	1008183	1008183	1024168	theory_fixed
1636	read_001636	mol_001636	1008274	1008274	1025365	theory_fixed
1637	read_001637	mol_001637	1008572	1008572	1029389	theory_fixed
1638	read_001638	mol_001638	1008624	1008624	1039100	theory_fixed
1639	read_001639	mol_001639	1010059	1010059	1026637	theory_fixed
1640	read_001640	mol_001640	1010068	1010068	1023465	theory_fixed
1641	read_001641	mol_001641	1010659	1010659	1027237	theory_fixed
1642	read_001642	mol_001642	1011889	1011889	1023528	theory_fixed
1643	read_001643	mol_001643	1012087	1012087	1028015	theory_fixed
1644	read_001644	mol_001644	1013387	1013387	1037629	theory_fixed
1645	read_001645	mol_001645	1013444	1013444	1031233	theory_fixed
1646	read_001646	mol_001646	1013772	1013772	1028180	theory_fixed
1647	read_001647	mol_001647	1013891	1013891	1029721	theory_fixed
1648	read_001648	mol_001648	1014471	1014471	1033732	theory_fixed
1649	read_001649	mol_001649	1015120	1015120	1031779	theory_fixed
1650	read_001650	mol_001650	1015199	1015199	1033236	theory_fixed
1651	read_001651	mol_001651	1015462	1015462	1039347	theory_fixed
1652	read_001652	mol_001652	1016847	1016847	1043516	theory_fixed
1653	read_001653	mol_001653	1017642	1017642	1037478	theory_fixed
1654	read_001654	mol_001654	1018066	1018066	1034874	theory_fixed
1655	read_001655	mol_001655	1018475	1018475	1035779	theory_fixed
1656	read_001656	mol_001656	1018693	1018693	1032325	theory_fixed
1657	read_001657	mol_001657	1019329	1019329	1037360	theory_fixed
1658	read_001658	mol_001658	1019642	1019642	1044095	theory_fixed
1659	read_001659	mol_001659	1019924	1019924	1038436	theory_fixed
1660	read_001660	mol_001660	1020757	1020757	1039203	theory_fixed
1661	read_001661	mol_001661	1021382	1021382	1046653	theory_fixed
1662	read_001662	mol_001662	1022905	1022905	1039752	theory_fixed
1663	read_001663	mol_001663	1023232	1023232	1041028	theory_fixed
1664	read_001664	mol_001664	1023799	1023799	1043610	theory_fixed
1665	read_001665	mol_001665	1024696	1024696	1043432	theory_fixed
1666	read_001666	mol_001666	1026306	1026306	1039868	theory_fixed
1667	read_001667	mol_001667	1026859	1026859	1047037	theory_fixed
1668	read_001668	mol_001668	1026954	1026954	1042540	theory_fixed
1669	read_001669	mol_001669	1027183	1027183	1042709	theory_fixed
1670	read_001670	mol_001670	1029369	1029369	1043686	theory_fixed
1671	read_001671	mol_001671	1029811	1029811	1048364	theory_fixed
1672	read_001672	mol_001672	1029859	1029859	1057069	theory_fixed
1673	read_001673	mol_001673	1029866	1029866	1051222	theory_fixed
1674	read_001674	mol_001674	1032113	1032113	1051587	theory_fixed
1675	read_001675	mol_001675	1032481	1032481	1054283	theory_fixed
1676	read_001676	mol_001676	1032760	1032760	1051137	theory_fixed
1677	read_001677	mol_001677	1034493	1034493	1061798	theory_fixed
1678	read_001678	mol_001678	1034878	1034878	1048251	theory_fixed
1679	read_001679	mol_001679	1035031	1035031	1049066	theory_fixed
1680	read_001680	mol_001680	1035074	1035074	1054949	theory_fixed
1681	read_001681	mol_001681	1037240	1037240	1055377	theory_fixed
1682	read_001682	mol_001682	1037754	1037754	1051406	theory_fixed
1683	read_001683	mol_001683	1038763	1038763	1057903	theory_fixed
1684	read_001684	mol_001684	1038778	1038778	1059729	theory_fixed
1685	read_001685	mol_001685	1039366	1039366	1055951	theory_fixed
1686	read_001686	mol_001686	1039619	1039619	1056010	theory_fixed
1687	read_001687	mol_001687	1040157	1040157	1057898	theory_fixed
1688	read_001688	mol_001688	1040909	1040909	1056234	theory_fixed
1689	read_001689	mol_001689	1041042	1041042	1056236	theory_fixed
1690	read_001690	mol_001690	1041641	1041641	1067717	theory_fixed
1691	read_001691	mol_001691	1042220	1042220	1070473	theory_fixed
1692	read_001692	mol_001692	1043960	1043960	1061108	theory_fixed
1693	read_001693	mol_001693	1044095	1044095	1072257	theory_fixed
1694	read_001694	mol_001694	1044981	1044981	1057243	theory_fixed
1695	read_001695	mol_001695	1045010	1045010	1063597	theory_fixed
1696	read_001696	mol_001696	1045205	1045205	1062770	theory_fixed
1697	read_001697	mol_001697	1045791	1045791	1062310	theory_fixed
1698	read_001698	mol_001698	1046284	1046284	1063263	theory_fixed
1699	read_001699	mol_001699	1046610	1046610	1067935	theory_fixed
1700	read_001700	mol_001700	1047086	1047086	1071450	theory_fixed
1701	read_001701	mol_001701	1048531	1048531	1067220	theory_fixed
1702	read_001702	mol_001702	1050362	1050362	1062801	theory_fixed
1703	read_001703	mol_001703	1051132	1051132	1071877	theory_fixed
1704	read_001704	mol_001704	1052132	1052132	1069352	theory_fixed
1705	read_001705	mol_001705	1054513	1054513	1071557	theory_fixed
1706	read_001706	mol_001706	1055149	1055149	1070713	theory_fixed
1707	read_001707	mol_001707	1056007	1056007	1071177	theory_fixed
1708	read_001708	mol_001708	1056298	1056298	1091248	theory_fixed
1709	read_001709	mol_001709	1056750	1056750	1073452	theory_fixed
1710	read_001710	mol_001710	1057263	1057263	1088527	theory_fixed
1711	read_001711	mol_001711	1057394	1057394	1071361	theory_fixed
1712	read_001712	mol_001712	1058884	1058884	1073504	theory_fixed
1713	read_001713	mol_001713	1060250	1060250	1081369	theory_fixed
1714	read_001714	mol_001714	1060555	1060555	1075828	theory_fixed
1715	read_001715	mol_001715	1061044	1061044	1078393	theory_fixed
1716	read_001716	mol_001716	1061325	1061325	1078328	theory_fixed
1717	read_001717	mol_001717	1062960	1062960	1079552	theory_fixed
1718	read_001718	mol_001718	1063568	1063568	1076513	theory_fixed
1719	read_001719	mol_001719	1063899	1063899	1097869	theory_fixed
1720	read_001720	mol_001720	1064472	1064472	1077124	theory_fixed
1721	read_001721	mol_001721	1066879	1066879	1080561	theory_fixed
1722	read_001722	mol_001722	1067792	1067792	1083095	theory_fixed
1723	read_001723	mol_001723	1068671	1068671	1090278	theory_fixed
1724	read_001724	mol_001724	1069891	1069891	1089579	theory_fixed
1725	read_001725	mol_001725	1070196	1070196	1086239	theory_fixed
1726	read_001726	mol_001726	1071267	1071267	1088211	theory_fixed
1727	read_001727	mol_001727	1071602	1071602	1094438	theory_fixed
1728	read_001728	mol_001728	1071652	1071652	1085367	theory_fixed
1729	read_001729	mol_001729	1072150	1072150	1098512	theory_fixed
1730	read_001730	mol_001730	1072343	1072343	1088931	theory_fixed
1731	read_001731	mol_001731	1073647	1073647	1084421	theory_fixed
1732	read_001732	mol_001732	1074180	1074180	1090699	theory_fixed
1733	read_001733	mol_001733	1074204	1074204	1085718	theory_fixed
1734	read_001734	mol_001734	1074992	1074992	1089213	theory_fixed
1735	read_001735	mol_001735	1075012	1075012	1097455	theory_fixed
1736	read_001736	mol_001736	1075760	1075760	1101515	theory_fixed
1737	read_001737	mol_001737	1075842	1075842	1095623	theory_fixed
1738	read_001738	mol_001738	1076537	1076537	1089147	theory_fixed
1739	read_001739	mol_001739	1078020	1078020	1098859	theory_fixed
1740	read_001740	mol_001740	1078361	1078361	1099582	theory_fixed
1741	read_001741	mol_001741	1080152	1080152	1097965	theory_fixed
1742	read_001742	mol_001742	1080795	1080795	1097030	theory_fixed
1743	read_001743	mol_001743	1080802	1080802	1099181	theory_fixed
1744	read_001744	mol_001744	1080812	1080812	1101545	theory_fixed
1745	read_001745	mol_001745	1081594	1081594	1097504	theory_fixed
1746	read_001746	mol_001746	1082229	1082229	1101011	theory_fixed
1747	read_001747	mol_001747	1082418	1082418	1095843	theory_fixed
1748	read_001748	mol_001748	1083626	1083626	1099219	theory_fixed
1749	read_001749	mol_001749	1083845	1083845	1109182	theory_fixed
1750	read_001750	mol_001750	1085584	1085584	1104450	theory_fixed
1751	read_001751	mol_001751	1085698	1085698	1106193	theory_fixed
1752	read_001752	mol_001752	1086264	1086264	1100468	theory_fixed
1753	read_001753	mol_001753	1086842	1086842	1110790	theory_fixed
1754	read_001754	mol_001754	1087012	1087012	1103272	theory_fixed
1755	read_001755	mol_001755	1087544	1087544	1103108	theory_fixed
1756	read_001756	mol_001756	1088458	1088458	1103443	theory_fixed
1757	read_001757	mol_001757	1088621	1088621	1103234	theory_fixed
1758	read_001758	mol_001758	1089330	1089330	1105058	theory_fixed
1759	read_001759	mol_001759	1089414	1089414	1104923	theory_fixed
1760	read_001760	mol_001760	1089614	1089614	1105341	theory_fixed
1761	read_001761	mol_001761	1089614	1089614	1109147	theory_fixed
1762	read_001762	mol_001762	1090331	1090331	1105868	theory_fixed
1763	read_001763	mol_001763	1090342	1090342	1114737	theory_fixed
1764	read_001764	mol_001764	1090752	1090752	1108253	theory_fixed
1765	read_001765	mol_001765	1091558	1091558	1115867	theory_fixed
1766	read_001766	mol_001766	1091667	1091667	1104986	theory_fixed
1767	read_001767	mol_001767	1092327	1092327	1113914	theory_fixed
1768	read_001768	mol_001768	1092404	1092404	1107361	theory_fixed
1769	read_001769	mol_001769	1093284	1093284	1104997	theory_fixed
1770	read_001770	mol_001770	1093363	1093363	1110673	theory_fixed
1771	read_001771	mol_001771	1093399	1093399	1115107	theory_fixed
1772	read_001772	mol_001772	1093571	1093571	1116809	theory_fixed
1773	read_001773	mol_001773	1094183	1094183	1109373	theory_fixed
1774	read_001774	mol_001774	1094567	1094567	1111948	theory_fixed
1775	read_001775	mol_001775	1094860	1094860	1111731	theory_fixed
1776	read_001776	mol_001776	1095104	1095104	1106998	theory_fixed
1777	read_001777	mol_001777	1095915	1095915	1108117	theory_fixed
1778	read_001778	mol_001778	1096209	1096209	1117465	theory_fixed
1779	read_001779	mol_001779	1096276	1096276	1114418	theory_fixed
1780	read_001780	mol_001780	1096677	1096677	1125099	theory_fixed
1781	read_001781	mol_001781	1098330	1098330	1120557	theory_fixed
1782	read_001782	mol_001782	1098402	1098402	1115235	theory_fixed
1783	read_001783	mol_001783	1098943	1098943	1118136	theory_fixed
1784	read_001784	mol_001784	1100902	1100902	1114031	theory_fixed
1785	read_001785	mol_001785	1102736	1102736	1119835	theory_fixed
1786	read_001786	mol_001786	1103223	1103223	1120756	theory_fixed
1787	read_001787	mol_001787	1103341	1103341	1126133	theory_fixed
1788	read_001788	mol_001788	1103367	1103367	1120342	theory_fixed
1789	read_001789	mol_001789	1103692	1103692	1126930	theory_fixed
1790	read_001790	mol_001790	1103742	1103742	1126400	theory_fixed
1791	read_001791	mol_001791	1104281	1104281	1119938	theory_fixed
1792	read_001792	mol_001792	1104314	1104314	1118215	theory_fixed
1793	read_001793	mol_001793	1104356	1104356	1126325	theory_fixed
1794	read_001794	mol_001794	1104526	1104526	1115319	theory_fixed
1795	read_001795	mol_001795	1105028	1105028	1120443	theory_fixed
1796	read_001796	mol_001796	1105385	1105385	1118966	theory_fixed
1797	read_001797	mol_001797	1105580	1105580	1121214	theory_fixed
1798	read_001798	mol_001798	1106461	1106461	1122869	theory_fixed
1799	read_001799	mol_001799	1106735	1106735	1126289	theory_fixed
1800	read_001800	mol_001800	1106895	1106895	1121379	theory_fixed
1801	read_001801	mol_001801	1107188	1107188	1122509	theory_fixed
1802	read_001802	mol_001802	1108064	1108064	1130602	theory_fixed
1803	read_001803	mol_001803	1108832	1108832	1122528	theory_fixed
1804	read_001804	mol_001804	1109528	1109528	1122910	theory_fixed
1805	read_001805	mol_001805	1109812	1109812	1127663	theory_fixed
1806	read_001806	mol_001806	1109999	1109999	1128042	theory_fixed
1807	read_001807	mol_001807	1110875	1110875	1131202	theory_fixed
1808	read_001808	mol_001808	1110901	1110901	1124757	theory_fixed
1809	read_001809	mol_001809	1111055	1111055	1121648	theory_fixed
1810	read_001810	mol_001810	1111719	1111719	1130759	theory_fixed
1811	read_001811	mol_001811	1111885	1111885	1127586	theory_fixed
1812	read_001812	mol_001812	1112313	1112313	1132288	theory_fixed
1813	read_001813	mol_001813	1112491	1112491	1134187	theory_fixed
1814	read_001814	mol_001814	1113940	1113940	1137389	theory_fixed
1815	read_001815	mol_001815	1114516	1114516	1132099	theory_fixed
1816	read_001816	mol_001816	1114891	1114891	1131847	theory_fixed
1817	read_001817	mol_001817	1115685	1115685	1131465	theory_fixed
1818	read_001818	mol_001818	1116196	1116196	1127714	theory_fixed
1819	read_001819	mol_001819	1116329	1116329	1134772	theory_fixed
1820	read_001820	mol_001820	1117977	1117977	1139231	theory_fixed
1821	read_001821	mol_001821	1118594	1118594	1133524	theory_fixed
1822	read_001822	mol_001822	1118966	1118966	1136124	theory_fixed
1823	read_001823	mol_001823	1119380	1119380	1134789	theory_fixed
1824	read_001824	mol_001824	1119689	1119689	1139071	theory_fixed
1825	read_001825	mol_001825	1120232	1120232	1144110	theory_fixed
1826	read_001826	mol_001826	1120854	1120854	1147694	theory_fixed
1827	read_001827	mol_001827	1121060	1121060	1133799	theory_fixed
1828	read_001828	mol_001828	1121396	1121396	1137842	theory_fixed
1829	read_001829	mol_001829	1124137	1124137	1139971	theory_fixed
1830	read_001830	mol_001830	1124828	1124828	1156499	theory_fixed
1831	read_001831	mol_001831	1126898	1126898	1139530	theory_fixed
1832	read_001832	mol_001832	1127299	1127299	1146227	theory_fixed
1833	read_001833	mol_001833	1127745	1127745	1148725	theory_fixed
1834	read_001834	mol_001834	1127785	1127785	1140493	theory_fixed
1835	read_001835	mol_001835	1127876	1127876	1161284	theory_fixed
1836	read_001836	mol_001836	1128780	1128780	1144993	theory_fixed
1837	read_001837	mol_001837	1129186	1129186	1152585	theory_fixed
1838	read_001838	mol_001838	1130284	1130284	1150602	theory_fixed
1839	read_001839	mol_001839	1130927	1130927	1144740	theory_fixed
1840	read_001840	mol_001840	1131184	1131184	1147825	theory_fixed
1841	read_001841	mol_001841	1131844	1131844	1148240	theory_fixed
1842	read_001842	mol_001842	1132447	1132447	1147158	theory_fixed
1843	read_001843	mol_001843	1132486	1132486	1147781	theory_fixed
1844	read_001844	mol_001844	1132946	1132946	1149873	theory_fixed
1845	read_001845	mol_001845	1133894	1133894	1153204	theory_fixed
1846	read_001846	mol_001846	1134207	1134207	1150656	theory_fixed
1847	read_001847	mol_001847	1134264	1134264	1149108	theory_fixed
1848	read_001848	mol_001848	1134265	1134265	1158843	theory_fixed
1849	read_001849	mol_001849	1134653	1134653	1159552	theory_fixed
1850	read_001850	mol_001850	1134971	1134971	1146784	theory_fixed
1851	read_001851	mol_001851	1135223	1135223	1148664	theory_fixed
1852	read_001852	mol_001852	1135948	1135948	1156059	theory_fixed
1853	read_001853	mol_001853	1136890	1136890	1165528	theory_fixed
1854	read_001854	mol_001854	1137003	1137003	1156307	theory_fixed
1855	read_001855	mol_001855	1138865	1138865	1152937	theory_fixed
1856	read_001856	mol_001856	1138948	1138948	1163799	theory_fixed
1857	read_001857	mol_001857	1140190	1140190	1156709	theory_fixed
1858	read_001858	mol_001858	1140665	1140665	1159123	theory_fixed
1859	read_001859	mol_001859	1140734	1140734	1161340	theory_fixed
1860	read_001860	mol_001860	1140939	1140939	1156561	theory_fixed
1861	read_001861	mol_001861	1140971	1140971	1153526	theory_fixed
1862	read_001862	mol_001862	1142221	1142221	1162470	theory_fixed
1863	read_001863	mol_001863	1143219	1143219	1162063	theory_fixed
1864	read_001864	mol_001864	1143252	1143252	1161420	theory_fixed
1865	read_001865	mol_001865	1143337	1143337	1163676	theory_fixed
1866	read_001866	mol_001866	1143415	1143415	1161047	theory_fixed
1867	read_001867	mol_001867	1143744	1143744	1159218	theory_fixed
1868	read_001868	mol_001868	1145498	1145498	1161562	theory_fixed
1869	read_001869	mol_001869	1145982	1145982	1162397	theory_fixed
1870	read_001870	mol_001870	1147138	1147138	1166609	theory_fixed
1871	read_001871	mol_001871	1147413	1147413	1164631	theory_fixed
1872	read_001872	mol_001872	1147419	1147419	1164803	theory_fixed
1873	read_001873	mol_001873	1148063	1148063	1162793	theory_fixed
1874	read_001874	mol_001874	1148247	1148247	1162529	theory_fixed
1875	read_001875	mol_001875	1148277	1148277	1164582	theory_fixed
1876	read_001876	mol_001876	1148411	1148411	1165304	theory_fixed
1877	read_001877	mol_001877	1148709	1148709	1165931	theory_fixed
1878	read_001878	mol_001878	1148803	1148803	1160271	theory_fixed
1879	read_001879	mol_001879	1149715	1149715	1170046	theory_fixed
1880	read_001880	mol_001880	1150424	1150424	1170415	theory_fixed
1881	read_001881	mol_001881	1150564	1150564	1162010	theory_fixed
1882	read_001882	mol_001882	1150675	1150675	1166097	theory_fixed
1883	read_001883	mol_001883	1152201	1152201	1168079	theory_fixed
1884	read_001884	mol_001884	1153685	1153685	1172246	theory_fixed
1885	read_001885	mol_001885	1153887	1153887	1166064	theory_fixed
1886	read_001886	mol_001886	1154959	1154959	1165957	theory_fixed
1887	read_001887	mol_001887	1155140	1155140	1171028	theory_fixed
1888	read_001888	mol_001888	1155330	1155330	1171122	theory_fixed
1889	read_001889	mol_001889	1157135	1157135	1183136	theory_fixed
1890	read_001890	mol_001890	1158207	1158207	1185173	theory_fixed
1891	read_001891	mol_001891	1160671	1160671	1177844	theory_fixed
1892	read_001892	mol_001892	1160714	1160714	1174973	theory_fixed
1893	read_001893	mol_001893	1160908	1160908	1183428	theory_fixed
1894	read_001894	mol_001894	1161382	1161382	1177079	theory_fixed
1895	read_001895	mol_001895	1162300	1162300	1180767	theory_fixed
1896	read_001896	mol_001896	1162642	1162642	1177086	theory_fixed
1897	read_001897	mol_001897	1163304	1163304	1176137	theory_fixed
1898	read_001898	mol_001898	1163357	1163357	1183245	theory_fixed
1899	read_001899	mol_001899	1164494	1164494	1183862	theory_fixed
1900	read_001900	mol_001900	1164789	1164789	1180614	theory_fixed
1901	read_001901	mol_001901	1165765	1165765	1175081	theory_fixed
1902	read_001902	mol_001902	1165787	1165787	1192618	theory_fixed
1903	read_001903	mol_001903	1165797	1165797	1188948	theory_fixed
1904	read_001904	mol_001904	1166269	1166269	1184736	theory_fixed
1905	read_001905	mol_001905	1166908	1166908	1187542	theory_fixed
1906	read_001906	mol_001906	1166921	1166921	1184913	theory_fixed
1907	read_001907	mol_001907	1167134	1167134	1184850	theory_fixed
1908	read_001908	mol_001908	1167164	1167164	1185382	theory_fixed
1909	read_001909	mol_001909	1167326	1167326	1186716	theory_fixed
1910	read_001910	mol_001910	1167625	1167625	1186673	theory_fixed
1911	read_001911	mol_001911	1168289	1168289	1183631	theory_fixed
1912	read_001912	mol_001912	1168849	1168849	1179692	theory_fixed
1913	read_001913	mol_001913	1169259	1169259	1183373	theory_fixed
1914	read_001914	mol_001914	1170105	1170105	1185499	theory_fixed
1915	read_001915	mol_001915	1171038	1171038	1187520	theory_fixed
1916	read_001916	mol_001916	1171468	1171468	1184353	theory_fixed
1917	read_001917	mol_001917	1171626	1171626	1187740	theory_fixed
1918	read_001918	mol_001918	1171826	1171826	1184434	theory_fixed
1919	read_001919	mol_001919	1172135	1172135	1189910	theory_fixed
1920	read_001920	mol_001920	1172221	1172221	1185927	theory_fixed
1921	read_001921	mol_001921	1173448	1173448	1196371	theory_fixed
1922	read_001922	mol_001922	1173848	1173848	1192921	theory_fixed
1923	read_001923	mol_001923	1173935	1173935	1189432	theory_fixed
1924	read_001924	mol_001924	1175729	1175729	1189830	theory_fixed
1925	read_001925	mol_001925	1175935	1175935	1194648	theory_fixed
1926	read_001926	mol_001926	1176395	1176395	1197465	theory_fixed
1927	read_001927	mol_001927	1176839	1176839	1196105	theory_fixed
1928	read_001928	mol_001928	1177278	1177278	1203033	theory_fixed
1929	read_001929	mol_001929	1177531	1177531	1198149	theory_fixed
1930	read_001930	mol_001930	1177586	1177586	1200602	theory_fixed
1931	read_001931	mol_001931	1177904	1177904	1196124	theory_fixed
1932	read_001932	mol_001932	1178043	1178043	1198534	theory_fixed
1933	read_001933	mol_001933	1178377	1178377	1198013	theory_fixed
1934	read_001934	mol_001934	1178451	1178451	1194141	theory_fixed
1935	read_001935	mol_001935	1178451	1178451	1209075	theory_fixed
1936	read_001936	mol_001936	1179011	1179011	1199866	theory_fixed
1937	read_001937	mol_001937	1179383	1179383	1194706	theory_fixed
1938	read_001938	mol_001938	1180242	1180242	1199473	theory_fixed
1939	read_001939	mol_001939	1180585	1180585	1200400	theory_fixed
1940	read_001940	mol_001940	1182147	1182147	1197990	theory_fixed
1941	read_001941	mol_001941	1182649	1182649	1201452	theory_fixed
1942	read_001942	mol_001942	1183761	1183761	1200090	theory_fixed
1943	read_001943	mol_001943	1183798	1183798	1200639	theory_fixed
1944	read_001944	mol_001944	1184345	1184345	1202899	theory_fixed
1945	read_001945	mol_001945	1185343	1185343	1202860	theory_fixed
1946	read_001946	mol_001946	1186024	1186024	1204250	theory_fixed
1947	read_001947	mol_001947	1187105	1187105	1199288	theory_fixed
1948	read_001948	mol_001948	1187256	1187256	1209405	theory_fixed
1949	read_001949	mol_001949	1187724	1187724	1209051	theory_fixed
1950	read_001950	mol_001950	1188128	1188128	1204963	theory_fixed
1951	read_001951	mol_001951	1188586	1188586	1208830	theory_fixed
1952	read_001952	mol_001952	1188895	1188895	1204955	theory_fixed
1953	read_001953	mol_001953	1189157	1189157	1205167	theory_fixed
1954	read_001954	mol_001954	1189263	1189263	1202479	theory_fixed
1955	read_001955	mol_001955	1189434	1189434	1215258	theory_fixed
1956	read_001956	mol_001956	1189901	1189901	1209729	theory_fixed
1957	read_001957	mol_001957	1191713	1191713	1202362	theory_fixed
1958	read_001958	mol_001958	1192399	1192399	1210643	theory_fixed
1959	read_001959	mol_001959	1193941	1193941	1211649	theory_fixed
1960	read_001960	mol_001960	1194033	1194033	1213334	theory_fixed
1961	read_001961	mol_001961	1194176	1194176	1209840	theory_fixed
1962	read_001962	mol_001962	1194931	1194931	1218491	theory_fixed
1963	read_001963	mol_001963	1196152	1196152	1216942	theory_fixed
1964	read_001964	mol_001964	1196169	1196169	1213603	theory_fixed
1965	read_001965	mol_001965	1196453	1196453	1218258	theory_fixed
1966	read_001966	mol_001966	1197040	1197040	1219375	theory_fixed
1967	read_001967	mol_001967	1197042	1197042	1217851	theory_fixed
1968	read_001968	mol_001968	1197248	1197248	1212288	theory_fixed
1969	read_001969	mol_001969	1197675	1197675	1220628	theory_fixed
1970	read_001970	mol_001970	1197703	1197703	1213346	theory_fixed
1971	read_001971	mol_001971	1198312	1198312	1215576	theory_fixed
1972	read_001972	mol_001972	1200507	1200507	1217094	theory_fixed
1973	read_001973	mol_001973	1201426	1201426	1222592	theory_fixed
1974	read_001974	mol_001974	1201547	1201547	1225963	theory_fixed
1975	read_001975	mol_001975	1201740	1201740	1217454	theory_fixed
1976	read_001976	mol_001976	1202022	1202022	1215155	theory_fixed
1977	read_001977	mol_001977	1202194	1202194	1223727	theory_fixed
1978	read_001978	mol_001978	1202304	1202304	1215764	theory_fixed
1979	read_001979	mol_001979	1202881	1202881	1216751	theory_fixed
1980	read_001980	mol_001980	1204458	1204458	1223898	theory_fixed
1981	read_001981	mol_001981	1204919	1204919	1224562	theory_fixed
1982	read_001982	mol_001982	1205253	1205253	1218594	theory_fixed
1983	read_001983	mol_001983	1205507	1205507	1222245	theory_fixed
1984	read_001984	mol_001984	1205730	1205730	1221289	theory_fixed
1985	read_001985	mol_001985	1206386	1206386	1221977	theory_fixed
1986	read_001986	mol_001986	1206604	1206604	1219913	theory_fixed
1987	read_001987	mol_001987	1208570	1208570	1221208	theory_fixed
1988	read_001988	mol_001988	1208795	1208795	1225494	theory_fixed
1989	read_001989	mol_001989	1209227	1209227	1231126	theory_fixed
1990	read_001990	mol_001990	1210096	1210096	1233097	theory_fixed
1991	read_001991	mol_001991	1211975	1211975	1231383	theory_fixed
1992	read_001992	mol_001992	1213398	1213398	1227414	theory_fixed
1993	read_001993	mol_001993	1213680	1213680	1231607	theory_fixed
1994	read_001994	mol_001994	1214833	1214833	1228912	theory_fixed
1995	read_001995	mol_001995	1215385	1215385	1232798	theory_fixed
1996	read_001996	mol_001996	1216691	1216691	1245191	theory_fixed
1997	read_001997	mol_001997	1216883	1216883	1226427	theory_fixed
1998	read_001998	mol_001998	1218149	1218149	1240056	theory_fixed
1999	read_001999	mol_001999	1218278	1218278	1232674	theory_fixed
2000	read_002000	mol_002000	1218937	1218937	1234094	theory_fixed
2001	read_002001	mol_002001	1219121	1219121	1240906	theory_fixed
2002	read_002002	mol_002002	1220051	1220051	1233594	theory_fixed
2003	read_002003	mol_002003	1220493	1220493	1245377	theory_fixed
2004	read_002004	mol_002004	1220560	1220560	1244420	theory_fixed
2005	read_002005	mol_002005	1220881	1220881	1233451	theory_fixed
2006	read_002006	mol_002006	1221013	1221013	1243284	theory_fixed
2007	read_002007	mol_002007	1221084	1221084	1245988	theory_fixed
2008	read_002008	mol_002008	1222669	1222669	1244364	theory_fixed
2009	read_002009	mol_002009	1223425	1223425	1243627	theory_fixed
2010	read_002010	mol_002010	1223833	1223833	1236660	theory_fixed
2011	read_002011	mol_002011	1223910	1223910	1239659	theory_fixed
2012	read_002012	mol_002012	1225082	1225082	1244574	theory_fixed
2013	read_002013	mol_002013	1225389	1225389	1243273	theory_fixed
2014	read_002014	mol_002014	1225680	1225680	1248013	theory_fixed
2015	read_002015	mol_002015	1226480	1226480	1249340	theory_fixed
2016	read_002016	mol_002016	1226835	1226835	1250416	theory_fixed
2017	read_002017	mol_002017	1226965	1226965	1245682	theory_fixed
2018	read_002018	mol_002018	1227189	1227189	1246296	theory_fixed
2019	read_002019	mol_002019	1227492	1227492	1257382	theory_fixed
2020	read_002020	mol_002020	1227760	1227760	1241820	theory_fixed
2021	read_002021	mol_002021	1228702	1228702	1245001	theory_fixed
2022	read_002022	mol_002022	1229470	1229470	1244814	theory_fixed
2023	read_002023	mol_002023	1232226	1232226	1250532	theory_fixed
2024	read_002024	mol_002024	1232703	1232703	1244897	theory_fixed
2025	read_002025	mol_002025	1233117	1233117	1253665	theory_fixed
2026	read_002026	mol_002026	1235780	1235780	1256830	theory_fixed
2027	read_002027	mol_002027	1236090	1236090	1247667	theory_fixed
2028	read_002028	mol_002028	1236266	1236266	1262942	theory_fixed
2029	read_002029	mol_002029	1236565	1236565	1252260	theory_fixed
2030	read_002030	mol_002030	1236781	1236781	1250479	theory_fixed
2031	read_002031	mol_002031	1237149	1237149	1250327	theory_fixed
2032	read_002032	mol_002032	1237969	1237969	1260216	theory_fixed
2033	read_002033	mol_002033	1238300	1238300	1257130	theory_fixed
2034	read_002034	mol_002034	1238483	1238483	1253638	theory_fixed
2035	read_002035	mol_002035	1238558	1238558	1254962	theory_fixed
2036	read_002036	mol_002036	1238696	1238696	1255170	theory_fixed
2037	read_002037	mol_002037	1239441	1239441	1252653	theory_fixed
2038	read_002038	mol_002038	1240196	1240196	1262052	theory_fixed
2039	read_002039	mol_002039	1241262	1241262	1264893	theory_fixed
2040	read_002040	mol_002040	1241479	1241479	1261736	theory_fixed
2041	read_002041	mol_002041	1241740	1241740	1255071	theory_fixed
2042	read_002042	mol_002042	1242072	1242072	1256863	theory_fixed
2043	read_002043	mol_002043	1242251	1242251	1263214	theory_fixed
2044	read_002044	mol_002044	1242488	1242488	1263007	theory_fixed
2045	read_002045	mol_002045	1242553	1242553	1256326	theory_fixed
2046	read_002046	mol_002046	1243402	1243402	1266967	theory_fixed
2047	read_002047	mol_002047	1243434	1243434	1260775	theory_fixed
2048	read_002048	mol_002048	1243978	1243978	1258190	theory_fixed
2049	read_002049	mol_002049	1244470	1244470	1258840	theory_fixed
2050	read_002050	mol_002050	1244551	1244551	1264356	theory_fixed
2051	read_002051	mol_002051	1244819	1244819	1267697	theory_fixed
2052	read_002052	mol_002052	1244944	1244944	1256755	theory_fixed
2053	read_002053	mol_002053	1245760	1245760	1258529	theory_fixed
2054	read_002054	mol_002054	1245773	1245773	1269451	theory_fixed
2055	read_002055	mol_002055	1246371	1246371	1266444	theory_fixed
2056	read_002056	mol_002056	1247134	1247134	1267229	theory_fixed
2057	read_002057	mol_002057	1247769	1247769	1264918	theory_fixed
2058	read_002058	mol_002058	1247892	1247892	1264837	theory_fixed
2059	read_002059	mol_002059	1248601	1248601	1270242	theory_fixed
2060	read_002060	mol_002060	1248793	1248793	1262895	theory_fixed
2061	read_002061	mol_002061	1250271	1250271	1266572	theory_fixed
2062	read_002062	mol_002062	1253111	1253111	1272673	theory_fixed
2063	read_002063	mol_002063	1253164	1253164	1272724	theory_fixed
2064	read_002064	mol_002064	1253312	1253312	1273137	theory_fixed
2065	read_002065	mol_002065	1253438	1253438	1267912	theory_fixed
2066	read_002066	mol_002066	1255183	1255183	1270997	theory_fixed
2067	read_002067	mol_002067	1255534	1255534	1270089	theory_fixed
2068	read_002068	mol_002068	1256024	1256024	1272145	theory_fixed
2069	read_002069	mol_002069	1257125	1257125	1278497	theory_fixed
2070	read_002070	mol_002070	1257545	1257545	1276562	theory_fixed
2071	read_002071	mol_002071	1258178	1258178	1282496	theory_fixed
2072	read_002072	mol_002072	1258635	1258635	1280474	theory_fixed
2073	read_002073	mol_002073	1259680	1259680	1275356	theory_fixed
2074	read_002074	mol_002074	1260542	1260542	1277182	theory_fixed
2075	read_002075	mol_002075	1260549	1260549	1276944	theory_fixed
2076	read_002076	mol_002076	1260595	1260595	1276389	theory_fixed
2077	read_002077	mol_002077	1260876	1260876	1272794	theory_fixed
2078	read_002078	mol_002078	1261283	1261283	1278026	theory_fixed
2079	read_002079	mol_002079	1263445	1263445	1270696	theory_fixed
2080	read_002080	mol_002080	1263701	1263701	1283941	theory_fixed
2081	read_002081	mol_002081	1263775	1263775	1281979	theory_fixed
2082	read_002082	mol_002082	1263960	1263960	1280582	theory_fixed
2083	read_002083	mol_002083	1267448	1267448	1286566	theory_fixed
2084	read_002084	mol_002084	1268593	1268593	1290298	theory_fixed
2085	read_002085	mol_002085	1268833	1268833	1286425	theory_fixed
2086	read_002086	mol_002086	1268875	1268875	1280728	theory_fixed
2087	read_002087	mol_002087	1269123	1269123	1284652	theory_fixed
2088	read_002088	mol_002088	1269439	1269439	1287174	theory_fixed
2089	read_002089	mol_002089	1270797	1270797	1283257	theory_fixed
2090	read_002090	mol_002090	1270896	1270896	1289483	theory_fixed
2091	read_002091	mol_002091	1271195	1271195	1298204	theory_fixed
2092	read_002092	mol_002092	1273041	1273041	1289547	theory_fixed
2093	read_002093	mol_002093	1273256	1273256	1292789	theory_fixed
2094	read_002094	mol_002094	1273537	1273537	1288423	theory_fixed
2095	read_002095	mol_002095	1277116	1277116	1295307	theory_fixed
2096	read_002096	mol_002096	1277242	1277242	1295405	theory_fixed
2097	read_002097	mol_002097	1277499	1277499	1293277	theory_fixed
2098	read_002098	mol_002098	1277574	1277574	1291027	theory_fixed
2099	read_002099	mol_002099	1278532	1278532	1300726	theory_fixed
2100	read_002100	mol_002100	1279137	1279137	1304580	theory_fixed
2101	read_002101	mol_002101	1279837	1279837	1300463	theory_fixed
2102	read_002102	mol_002102	1279968	1279968	1298982	theory_fixed
2103	read_002103	mol_002103	1280147	1280147	1299508	theory_fixed
2104	read_002104	mol_002104	1280614	1280614	1294673	theory_fixed
2105	read_002105	mol_002105	1280975	1280975	1295195	theory_fixed
2106	read_002106	mol_002106	1281659	1281659	1300379	theory_fixed
2107	read_002107	mol_002107	1281739	1281739	1297862	theory_fixed
2108	read_002108	mol_002108	1283040	1283040	1303020	theory_fixed
2109	read_002109	mol_002109	1283733	1283733	1296731	theory_fixed
2110	read_002110	mol_002110	1283987	1283987	1296478	theory_fixed
2111	read_002111	mol_002111	1284381	1284381	1302224	theory_fixed
2112	read_002112	mol_002112	1285235	1285235	1302945	theory_fixed
2113	read_002113	mol_002113	1285596	1285596	1301012	theory_fixed
2114	read_002114	mol_002114	1285667	1285667	1302011	theory_fixed
2115	read_002115	mol_002115	1286212	1286212	1297032	theory_fixed
2116	read_002116	mol_002116	1287400	1287400	1302672	theory_fixed
2117	read_002117	mol_002117	1287424	1287424	1310488	theory_fixed
2118	read_002118	mol_002118	1287487	1287487	1313013	theory_fixed
2119	read_002119	mol_002119	1288374	1288374	1303818	theory_fixed
2120	read_002120	mol_002120	1288514	1288514	1306677	theory_fixed
2121	read_002121	mol_002121	1288569	1288569	1308799	theory_fixed
2122	read_002122	mol_002122	1289159	1289159	1309591	theory_fixed
2123	read_002123	mol_002123	1289472	1289472	1305884	theory_fixed
2124	read_002124	mol_002124	1289909	1289909	1302185	theory_fixed
2125	read_002125	mol_002125	1289966	1289966	1308130	theory_fixed
2126	read_002126	mol_002126	1290002	1290002	1315014	theory_fixed
2127	read_002127	mol_002127	1290518	1290518	1307021	theory_fixed
2128	read_002128	mol_002128	1290733	1290733	1307867	theory_fixed
2129	read_002129	mol_002129	1290953	1290953	1309256	theory_fixed
2130	read_002130	mol_002130	1291421	1291421	1307268	theory_fixed
2131	read_002131	mol_002131	1293902	1293902	1308489	theory_fixed
2132	read_002132	mol_002132	1294032	1294032	1323905	theory_fixed
2133	read_002133	mol_002133	1294366	1294366	1313019	theory_fixed
2134	read_002134	mol_002134	1294736	1294736	1311136	theory_fixed
2135	read_002135	mol_002135	1295031	1295031	1306378	theory_fixed
2136	read_002136	mol_002136	1295929	1295929	1314143	theory_fixed
2137	read_002137	mol_002137	1297513	1297513	1327015	theory_fixed
2138	read_002138	mol_002138	1297689	1297689	1313905	theory_fixed
2139	read_002139	mol_002139	1297947	1297947	1320639	theory_fixed
2140	read_002140	mol_002140	1297971	1297971	1319689	theory_fixed
2141	read_002141	mol_002141	1298309	1298309	1315710	theory_fixed
2142	read_002142	mol_002142	1298609	1298609	1317736	theory_fixed
2143	read_002143	mol_002143	1299833	1299833	1325783	theory_fixed
2144	read_002144	mol_002144	1300349	1300349	1319664	theory_fixed
2145	read_002145	mol_002145	1301047	1301047	1315331	theory_fixed
2146	read_002146	mol_002146	1301776	1301776	1314604	theory_fixed
2147	read_002147	mol_002147	1301961	1301961	1317943	theory_fixed
2148	read_002148	mol_002148	1303665	1303665	1329387	theory_fixed
2149	read_002149	mol_002149	1304120	1304120	1324510	theory_fixed
2150	read_002150	mol_002150	1304287	1304287	1329005	theory_fixed
2151	read_002151	mol_002151	1304752	1304752	1319853	theory_fixed
2152	read_002152	mol_002152	1304787	1304787	1322409	theory_fixed
2153	read_002153	mol_002153	1306551	1306551	1323554	theory_fixed
2154	read_002154	mol_002154	1306764	1306764	1322098	theory_fixed
2155	read_002155	mol_002155	1306940	1306940	1321396	theory_fixed
2156	read_002156	mol_002156	1308072	1308072	1329866	theory_fixed
2157	read_002157	mol_002157	1308076	1308076	1329600	theory_fixed
2158	read_002158	mol_002158	1308721	1308721	1325968	theory_fixed
2159	read_002159	mol_002159	1308874	1308874	1327223	theory_fixed
2160	read_002160	mol_002160	1309714	1309714	1332921	theory_fixed
2161	read_002161	mol_002161	1310145	1310145	1331622	theory_fixed
2162	read_002162	mol_002162	1310233	1310233	1325554	theory_fixed
2163	read_002163	mol_002163	1310664	1310664	1326080	theory_fixed
2164	read_002164	mol_002164	1311195	1311195	1322597	theory_fixed
2165	read_002165	mol_002165	1311222	1311222	1329395	theory_fixed
2166	read_002166	mol_002166	1312595	1312595	1326852	theory_fixed
2167	read_002167	mol_002167	1313019	1313019	1333142	theory_fixed
2168	read_002168	mol_002168	1313415	1313415	1325138	theory_fixed
2169	read_002169	mol_002169	1313654	1313654	1332075	theory_fixed
2170	read_002170	mol_002170	1313964	1313964	1329514	theory_fixed
2171	read_002171	mol_002171	1315437	1315437	1330101	theory_fixed
2172	read_002172	mol_002172	1316301	1316301	1332344	theory_fixed
2173	read_002173	mol_002173	1318101	1318101	1338548	theory_fixed
2174	read_002174	mol_002174	1319230	1319230	1334848	theory_fixed
2175	read_002175	mol_002175	1319823	1319823	1338529	theory_fixed
2176	read_002176	mol_002176	1320497	1320497	1337560	theory_fixed
2177	read_002177	mol_002177	1320520	1320520	1339210	theory_fixed
2178	read_002178	mol_002178	1320667	1320667	1336405	theory_fixed
2179	read_002179	mol_002179	1320672	1320672	1339438	theory_fixed
2180	read_002180	mol_002180	1320908	1320908	1335279	theory_fixed
2181	read_002181	mol_002181	1321504	1321504	1336638	theory_fixed
2182	read_002182	mol_002182	1322241	1322241	1336043	theory_fixed
2183	read_002183	mol_002183	1322783	1322783	1338123	theory_fixed
2184	read_002184	mol_002184	1323403	1323403	1339177	theory_fixed
2185	read_002185	mol_002185	1325262	1325262	1344055	theory_fixed
2186	read_002186	mol_002186	1325710	1325710	1341061	theory_fixed
2187	read_002187	mol_002187	1326384	1326384	1336715	theory_fixed
2188	read_002188	mol_002188	1326398	1326398	1348439	theory_fixed
2189	read_002189	mol_002189	1327752	1327752	1339292	theory_fixed
2190	read_002190	mol_002190	1330086	1330086	1351157	theory_fixed
2191	read_002191	mol_002191	1330178	1330178	1345001	theory_fixed
2192	read_002192	mol_002192	1330642	1330642	1347575	theory_fixed
2193	read_002193	mol_002193	1331048	1331048	1346974	theory_fixed
2194	read_002194	mol_002194	1331330	1331330	1348356	theory_fixed
2195	read_002195	mol_002195	1332107	1332107	1350496	theory_fixed
2196	read_002196	mol_002196	1332162	1332162	1351207	theory_fixed
2197	read_002197	mol_002197	1332649	1332649	1351041	theory_fixed
2198	read_002198	mol_002198	1334745	1334745	1349990	theory_fixed
2199	read_002199	mol_002199	1334825	1334825	1351430	theory_fixed
2200	read_002200	mol_002200	1335257	1335257	1355054	theory_fixed
2201	read_002201	mol_002201	1336735	1336735	1351765	theory_fixed
2202	read_002202	mol_002202	1337363	1337363	1357079	theory_fixed
2203	read_002203	mol_002203	1338213	1338213	1354333	theory_fixed
2204	read_002204	mol_002204	1338651	1338651	1354542	theory_fixed
2205	read_002205	mol_002205	1338746	1338746	1358337	theory_fixed
2206	read_002206	mol_002206	1342695	1342695	1357937	theory_fixed
2207	read_002207	mol_002207	1342731	1342731	1367767	theory_fixed
2208	read_002208	mol_002208	1342802	1342802	1363390	theory_fixed
2209	read_002209	mol_002209	1342866	1342866	1358098	theory_fixed
2210	read_002210	mol_002210	1342965	1342965	1362267	theory_fixed
2211	read_002211	mol_002211	1343770	1343770	1362193	theory_fixed
2212	read_002212	mol_002212	1343845	1343845	1359389	theory_fixed
2213	read_002213	mol_002213	1343968	1343968	1356956	theory_fixed
2214	read_002214	mol_002214	1344067	1344067	1357472	theory_fixed
2215	read_002215	mol_002215	1346992	1346992	1360802	theory_fixed
2216	read_002216	mol_002216	1347979	1347979	1367976	theory_fixed
2217	read_002217	mol_002217	1348378	1348378	1363603	theory_fixed
2218	read_002218	mol_002218	1348438	1348438	1365654	theory_fixed
2219	read_002219	mol_002219	1348619	1348619	1363584	theory_fixed
2220	read_002220	mol_002220	1348628	1348628	1363667	theory_fixed
2221	read_002221	mol_002221	1348892	1348892	1361047	theory_fixed
2222	read_002222	mol_002222	1348949	1348949	1359609	theory_fixed
2223	read_002223	mol_002223	1349229	1349229	1365038	theory_fixed
2224	read_002224	mol_002224	1349321	1349321	1363878	theory_fixed
2225	read_002225	mol_002225	1349755	1349755	1367709	theory_fixed
2226	read_002226	mol_002226	1350029	1350029	1367246	theory_fixed
2227	read_002227	mol_002227	1350804	1350804	1368969	theory_fixed
2228	read_002228	mol_002228	1352040	1352040	1367443	theory_fixed
2229	read_002229	mol_002229	1352552	1352552	1367801	theory_fixed
2230	read_002230	mol_002230	1353246	1353246	1373222	theory_fixed
2231	read_002231	mol_002231	1353933	1353933	1379452	theory_fixed
2232	read_002232	mol_002232	1355139	1355139	1373535	theory_fixed
2233	read_002233	mol_002233	1356099	1356099	1379525	theory_fixed
2234	read_002234	mol_002234	1356320	1356320	1368165	theory_fixed
2235	read_002235	mol_002235	1356483	1356483	1371572	theory_fixed
2236	read_002236	mol_002236	1357313	1357313	1373588	theory_fixed
2237	read_002237	mol_002237	1357978	1357978	1372220	theory_fixed
2238	read_002238	mol_002238	1358979	1358979	1378174	theory_fixed
2239	read_002239	mol_002239	1359071	1359071	1374729	theory_fixed
2240	read_002240	mol_002240	1359835	1359835	1377196	theory_fixed
2241	read_002241	mol_002241	1360401	1360401	1378092	theory_fixed
2242	read_002242	mol_002242	1362805	1362805	1375392	theory_fixed
2243	read_002243	mol_002243	1362886	1362886	1384658	theory_fixed
2244	read_002244	mol_002244	1363372	1363372	1383992	theory_fixed
2245	read_002245	mol_002245	1363437	1363437	1377488	theory_fixed
2246	read_002246	mol_002246	1363622	1363622	1379324	theory_fixed
2247	read_002247	mol_002247	1364377	1364377	1379417	theory_fixed
2248	read_002248	mol_002248	1365936	1365936	1383905	theory_fixed
2249	read_002249	mol_002249	1367211	1367211	1383297	theory_fixed
2250	read_002250	mol_002250	1367377	1367377	1381888	theory_fixed
2251	read_002251	mol_002251	1367634	1367634	1384503	theory_fixed
2252	read_002252	mol_002252	1367991	1367991	1383882	theory_fixed
2253	read_002253	mol_002253	1369073	1369073	1382649	theory_fixed
2254	read_002254	mol_002254	1369194	1369194	1396943	theory_fixed
2255	read_002255	mol_002255	1369752	1369752	1387948	theory_fixed
2256	read_002256	mol_002256	1370003	1370003	1394257	theory_fixed
2257	read_002257	mol_002257	1370199	1370199	1394146	theory_fixed
2258	read_002258	mol_002258	1370614	1370614	1389256	theory_fixed
2259	read_002259	mol_002259	1371478	1371478	1388926	theory_fixed
2260	read_002260	mol_002260	1371530	1371530	1382790	theory_fixed
2261	read_002261	mol_002261	1371936	1371936	1384562	theory_fixed
2262	read_002262	mol_002262	1374048	1374048	1390270	theory_fixed
2263	read_002263	mol_002263	1374521	1374521	1395595	theory_fixed
2264	read_002264	mol_002264	1375342	1375342	1392258	theory_fixed
2265	read_002265	mol_002265	1375368	1375368	1390164	theory_fixed
2266	read_002266	mol_002266	1376307	1376307	1398517	theory_fixed
2267	read_002267	mol_002267	1376534	1376534	1395960	theory_fixed
2268	read_002268	mol_002268	1376623	1376623	1398878	theory_fixed
2269	read_002269	mol_002269	1376991	1376991	1402530	theory_fixed
2270	read_002270	mol_002270	1378114	1378114	1396537	theory_fixed
2271	read_002271	mol_002271	1378990	1378990	1401586	theory_fixed
2272	read_002272	mol_002272	1379319	1379319	1398270	theory_fixed
2273	read_002273	mol_002273	1380389	1380389	1400291	theory_fixed
2274	read_002274	mol_002274	1380481	1380481	1396715	theory_fixed
2275	read_002275	mol_002275	1380911	1380911	1398196	theory_fixed
2276	read_002276	mol_002276	1381018	1381018	1402386	theory_fixed
2277	read_002277	mol_002277	1381272	1381272	1399962	theory_fixed
2278	read_002278	mol_002278	1383585	1383585	1407489	theory_fixed
2279	read_002279	mol_002279	1384484	1384484	1400307	theory_fixed
2280	read_002280	mol_002280	1384755	1384755	1401357	theory_fixed
2281	read_002281	mol_002281	1385852	1385852	1401118	theory_fixed
2282	read_002282	mol_002282	1385898	1385898	1399257	theory_fixed
2283	read_002283	mol_002283	1386731	1386731	1399987	theory_fixed
2284	read_002284	mol_002284	1386938	1386938	1405704	theory_fixed
2285	read_002285	mol_002285	1388085	1388085	1406063	theory_fixed
2286	read_002286	mol_002286	1389690	1389690	1408999	theory_fixed
2287	read_002287	mol_002287	1389762	1389762	1406781	theory_fixed
2288	read_002288	mol_002288	1390417	1390417	1406272	theory_fixed
2289	read_002289	mol_002289	1390741	1390741	1407307	theory_fixed
2290	read_002290	mol_002290	1391232	1391232	1412020	theory_fixed
2291	read_002291	mol_002291	1392679	1392679	1407637	theory_fixed
2292	read_002292	mol_002292	1394001	1394001	1414113	theory_fixed
2293	read_002293	mol_002293	1394370	1394370	1410168	theory_fixed
2294	read_002294	mol_002294	1394768	1394768	1411236	theory_fixed
2295	read_002295	mol_002295	1395432	1395432	1414582	theory_fixed
2296	read_002296	mol_002296	1395453	1395453	1414803	theory_fixed
2297	read_002297	mol_002297	1396016	1396016	1415291	theory_fixed
2298	read_002298	mol_002298	1396635	1396635	1432732	theory_fixed
2299	read_002299	mol_002299	1396712	1396712	1407682	theory_fixed
2300	read_002300	mol_002300	1397513	1397513	1414598	theory_fixed
2301	read_002301	mol_002301	1398130	1398130	1412185	theory_fixed
2302	read_002302	mol_002302	1398286	1398286	1418208	theory_fixed
2303	read_002303	mol_002303	1398706	1398706	1414544	theory_fixed
2304	read_002304	mol_002304	1399124	1399124	1423625	theory_fixed
2305	read_002305	mol_002305	1402360	1402360	1417944	theory_fixed
2306	read_002306	mol_002306	1403301	1403301	1421744	theory_fixed
2307	read_002307	mol_002307	1403658	1403658	1420286	theory_fixed
2308	read_002308	mol_002308	1403660	1403660	1420033	theory_fixed
2309	read_002309	mol_002309	1403983	1403983	1423267	theory_fixed
2310	read_002310	mol_002310	1404400	1404400	1419985	theory_fixed
2311	read_002311	mol_002311	1405092	1405092	1414980	theory_fixed
2312	read_002312	mol_002312	1406263	1406263	1429837	theory_fixed
2313	read_002313	mol_002313	1406668	1406668	1426867	theory_fixed
2314	read_002314	mol_002314	1407470	1407470	1422842	theory_fixed
2315	read_002315	mol_002315	1408250	1408250	1422029	theory_fixed
2316	read_002316	mol_002316	1410420	1410420	1425236	theory_fixed
2317	read_002317	mol_002317	1411706	1411706	1434209	theory_fixed
2318	read_002318	mol_002318	1412382	1412382	1428458	theory_fixed
2319	read_002319	mol_002319	1413113	1413113	1429235	theory_fixed
2320	read_002320	mol_002320	1414091	1414091	1430525	theory_fixed
2321	read_002321	mol_002321	1414380	1414380	1427043	theory_fixed
2322	read_002322	mol_002322	1414470	1414470	1435692	theory_fixed
2323	read_002323	mol_002323	1416629	1416629	1435298	theory_fixed
2324	read_002324	mol_002324	1417793	1417793	1435833	theory_fixed
2325	read_002325	mol_002325	1417891	1417891	1430465	theory_fixed
2326	read_002326	mol_002326	1418836	1418836	1433155	theory_fixed
2327	read_002327	mol_002327	1418848	1418848	1432868	theory_fixed
2328	read_002328	mol_002328	1420173	1420173	1436633	theory_fixed
2329	read_002329	mol_002329	1420316	1420316	1438339	theory_fixed
2330	read_002330	mol_002330	1420798	1420798	1434552	theory_fixed
2331	read_002331	mol_002331	1420859	1420859	1439628	theory_fixed
2332	read_002332	mol_002332	1422271	1422271	1439649	theory_fixed
2333	read_002333	mol_002333	1424428	1424428	1442471	theory_fixed
2334	read_002334	mol_002334	1424541	1424541	1439332	theory_fixed
2335	read_002335	mol_002335	1425339	1425339	1440715	theory_fixed
2336	read_002336	mol_002336	1425382	1425382	1446425	theory_fixed
2337	read_002337	mol_002337	1425507	1425507	1443044	theory_fixed
2338	read_002338	mol_002338	1426909	1426909	1445228	theory_fixed
2339	read_002339	mol_002339	1428168	1428168	1443774	theory_fixed
2340	read_002340	mol_002340	1428292	1428292	1447416	theory_fixed
2341	read_002341	mol_002341	1428921	1428921	1442686	theory_fixed
2342	read_002342	mol_002342	1429123	1429123	1444320	theory_fixed
2343	read_002343	mol_002343	1429225	1429225	1442236	theory_fixed
2344	read_002344	mol_002344	1429731	1429731	1459262	theory_fixed
2345	read_002345	mol_002345	1429744	1429744	1444135	theory_fixed
2346	read_002346	mol_002346	1430668	1430668	1456206	theory_fixed
2347	read_002347	mol_002347	1430849	1430849	1443331	theory_fixed
2348	read_002348	mol_002348	1430948	1430948	1456640	theory_fixed
2349	read_002349	mol_002349	1431658	1431658	1449734	theory_fixed
2350	read_002350	mol_002350	1431730	1431730	1446868	theory_fixed
2351	read_002351	mol_002351	1432575	1432575	1449232	theory_fixed
2352	read_002352	mol_002352	1434633	1434633	1454101	theory_fixed
2353	read_002353	mol_002353	1434785	1434785	1458793	theory_fixed
2354	read_002354	mol_002354	1434950	1434950	1448704	theory_fixed
2355	read_002355	mol_002355	1436115	1436115	1449282	theory_fixed
2356	read_002356	mol_002356	1436510	1436510	1456944	theory_fixed
2357	read_002357	mol_002357	1436807	1436807	1468238	theory_fixed
2358	read_002358	mol_002358	1438229	1438229	1455198	theory_fixed
2359	read_002359	mol_002359	1439674	1439674	1458820	theory_fixed
2360	read_002360	mol_002360	1440911	1440911	1456836	theory_fixed
2361	read_002361	mol_002361	1441130	1441130	1456880	theory_fixed
2362	read_002362	mol_002362	1441398	1441398	1457611	theory_fixed
2363	read_002363	mol_002363	1442539	1442539	1454394	theory_fixed
2364	read_002364	mol_002364	1442912	1442912	1455508	theory_fixed
2365	read_002365	mol_002365	1443248	1443248	1464457	theory_fixed
2366	read_002366	mol_002366	1443504	1443504	1467392	theory_fixed
2367	read_002367	mol_002367	1446080	1446080	1463388	theory_fixed
2368	read_002368	mol_002368	1446615	1446615	1460758	theory_fixed
2369	read_002369	mol_002369	1447308	1447308	1464980	theory_fixed
2370	read_002370	mol_002370	1447342	1447342	1467193	theory_fixed
2371	read_002371	mol_002371	1447996	1447996	1465478	theory_fixed
2372	read_002372	mol_002372	1448517	1448517	1463625	theory_fixed
2373	read_002373	mol_002373	1448590	1448590	1469291	theory_fixed
2374	read_002374	mol_002374	1449445	1449445	1477660	theory_fixed
2375	read_002375	mol_002375	1449574	1449574	1476185	theory_fixed
2376	read_002376	mol_002376	1449667	1449667	1472657	theory_fixed
2377	read_002377	mol_002377	1449848	1449848	1466035	theory_fixed
2378	read_002378	mol_002378	1450080	1450080	1462705	theory_fixed
2379	read_002379	mol_002379	1450153	1450153	1467368	theory_fixed
2380	read_002380	mol_002380	1450158	1450158	1467946	theory_fixed
2381	read_002381	mol_002381	1451924	1451924	1464487	theory_fixed
2382	read_002382	mol_002382	1452289	1452289	1470670	theory_fixed
2383	read_002383	mol_002383	1453152	1453152	1479634	theory_fixed
2384	read_002384	mol_002384	1453349	1453349	1472497	theory_fixed
2385	read_002385	mol_002385	1453559	1453559	1472686	theory_fixed
2386	read_002386	mol_002386	1453676	1453676	1469944	theory_fixed
2387	read_002387	mol_002387	1453938	1453938	1470306	theory_fixed
2388	read_002388	mol_002388	1454238	1454238	1471025	theory_fixed
2389	read_002389	mol_002389	1454319	1454319	1468404	theory_fixed
2390	read_002390	mol_002390	1455766	1455766	1477589	theory_fixed
2391	read_002391	mol_002391	1455782	1455782	1467340	theory_fixed
2392	read_002392	mol_002392	1456626	1456626	1477121	theory_fixed
2393	read_002393	mol_002393	1456881	1456881	1473538	theory_fixed
2394	read_002394	mol_002394	1457272	1457272	1471139	theory_fixed
2395	read_002395	mol_002395	1457345	1457345	1475203	theory_fixed
2396	read_002396	mol_002396	1457748	1457748	1472646	theory_fixed
2397	read_002397	mol_002397	1457819	1457819	1473079	theory_fixed
2398	read_002398	mol_002398	1458074	1458074	1480324	theory_fixed
2399	read_002399	mol_002399	1458179	1458179	1470151	theory_fixed
2400	read_002400	mol_002400	1458479	1458479	1475571	theory_fixed
2401	read_002401	mol_002401	1458953	1458953	1474828	theory_fixed
2402	read_002402	mol_002402	1459981	1459981	1477542	theory_fixed
2403	read_002403	mol_002403	1460318	1460318	1484090	theory_fixed
2404	read_002404	mol_002404	1461567	1461567	1478452	theory_fixed
2405	read_002405	mol_002405	1462347	1462347	1474686	theory_fixed
2406	read_002406	mol_002406	1462618	1462618	1478362	theory_fixed
2407	read_002407	mol_002407	1462632	1462632	1482212	theory_fixed
2408	read_002408	mol_002408	1462915	1462915	1474915	theory_fixed
2409	read_002409	mol_002409	1463293	1463293	1478148	theory_fixed
2410	read_002410	mol_002410	1463732	1463732	1480281	theory_fixed
2411	read_002411	mol_002411	1463867	1463867	1480938	theory_fixed
2412	read_002412	mol_002412	1463907	1463907	1489269	theory_fixed
2413	read_002413	mol_002413	1464626	1464626	1487514	theory_fixed
2414	read_002414	mol_002414	1464746	1464746	1479198	theory_fixed
2415	read_002415	mol_002415	1465588	1465588	1479413	theory_fixed
2416	read_002416	mol_002416	1466127	1466127	1482013	theory_fixed
2417	read_002417	mol_002417	1467726	1467726	1480839	theory_fixed
2418	read_002418	mol_002418	1469125	1469125	1493010	theory_fixed
2419	read_002419	mol_002419	1469219	1469219	1484607	theory_fixed
2420	read_002420	mol_002420	1469506	1469506	1485329	theory_fixed
2421	read_002421	mol_002421	1470158	1470158	1479824	theory_fixed
2422	read_002422	mol_002422	1470331	1470331	1487389	theory_fixed
2423	read_002423	mol_002423	1470335	1470335	1492363	theory_fixed
2424	read_002424	mol_002424	1470671	1470671	1496355	theory_fixed
2425	read_002425	mol_002425	1471042	1471042	1486624	theory_fixed
2426	read_002426	mol_002426	1471283	1471283	1492076	theory_fixed
2427	read_002427	mol_002427	1471426	1471426	1487375	theory_fixed
2428	read_002428	mol_002428	1471863	1471863	1492318	theory_fixed
2429	read_002429	mol_002429	1472015	1472015	1487610	theory_fixed
2430	read_002430	mol_002430	1472963	1472963	1491930	theory_fixed
2431	read_002431	mol_002431	1473391	1473391	1495458	theory_fixed
2432	read_002432	mol_002432	1474078	1474078	1490475	theory_fixed
2433	read_002433	mol_002433	1474296	1474296	1493504	theory_fixed
2434	read_002434	mol_002434	1474540	1474540	1493754	theory_fixed
2435	read_002435	mol_002435	1474825	1474825	1495876	theory_fixed
2436	read_002436	mol_002436	1475443	1475443	1500159	theory_fixed
2437	read_002437	mol_002437	1475812	1475812	1496451	theory_fixed
2438	read_002438	mol_002438	1475827	1475827	1500856	theory_fixed
2439	read_002439	mol_002439	1475954	1475954	1490506	theory_fixed
2440	read_002440	mol_002440	1476233	1476233	1495663	theory_fixed
2441	read_002441	mol_002441	1476938	1476938	1492229	theory_fixed
2442	read_002442	mol_002442	1477032	1477032	1490425	theory_fixed
2443	read_002443	mol_002443	1478260	1478260	1495146	theory_fixed
2444	read_002444	mol_002444	1479550	1479550	1498862	theory_fixed
2445	read_002445	mol_002445	1479716	1479716	1498326	theory_fixed
2446	read_002446	mol_002446	1479780	1479780	1490553	theory_fixed
2447	read_002447	mol_002447	1480383	1480383	1500400	theory_fixed
2448	read_002448	mol_002448	1480898	1480898	1502794	theory_fixed
2449	read_002449	mol_002449	1480915	1480915	1497848	theory_fixed
2450	read_002450	mol_002450	1481258	1481258	1493783	theory_fixed
2451	read_002451	mol_002451	1481539	1481539	1496938	theory_fixed
2452	read_002452	mol_002452	1482558	1482558	1498666	theory_fixed
2453	read_002453	mol_002453	1483189	1483189	1507118	theory_fixed
2454	read_002454	mol_002454	1483614	1483614	1498176	theory_fixed
2455	read_002455	mol_002455	1483902	1483902	1498714	theory_fixed
2456	read_002456	mol_002456	1483984	1483984	1499849	theory_fixed
2457	read_002457	mol_002457	1484601	1484601	1502476	theory_fixed
2458	read_002458	mol_002458	1485156	1485156	1503746	theory_fixed
2459	read_002459	mol_002459	1485250	1485250	1508273	theory_fixed
2460	read_002460	mol_002460	1486825	1486825	1505977	theory_fixed
2461	read_002461	mol_002461	1487156	1487156	1501623	theory_fixed
2462	read_002462	mol_002462	1487163	1487163	1506170	theory_fixed
2463	read_002463	mol_002463	1487171	1487171	1498680	theory_fixed
2464	read_002464	mol_002464	1487281	1487281	1503242	theory_fixed
2465	read_002465	mol_002465	1487912	1487912	1509912	theory_fixed
2466	read_002466	mol_002466	1488053	1488053	1507097	theory_fixed
2467	read_002467	mol_002467	1488454	1488454	1503604	theory_fixed
2468	read_002468	mol_002468	1488523	1488523	1510933	theory_fixed
2469	read_002469	mol_002469	1488547	1488547	1505658	theory_fixed
2470	read_002470	mol_002470	1489333	1489333	1515242	theory_fixed
2471	read_002471	mol_002471	1492012	1492012	1502989	theory_fixed
2472	read_002472	mol_002472	1492202	1492202	1513549	theory_fixed
2473	read_002473	mol_002473	1492572	1492572	1514104	theory_fixed
2474	read_002474	mol_002474	1492926	1492926	1510469	theory_fixed
2475	read_002475	mol_002475	1493843	1493843	1514787	theory_fixed
2476	read_002476	mol_002476	1493916	1493916	1507148	theory_fixed
2477	read_002477	mol_002477	1494069	1494069	1518989	theory_fixed
2478	read_002478	mol_002478	1494153	1494153	1512945	theory_fixed
2479	read_002479	mol_002479	1494498	1494498	1510607	theory_fixed
2480	read_002480	mol_002480	1495453	1495453	1508346	theory_fixed
2481	read_002481	mol_002481	1495588	1495588	1509459	theory_fixed
2482	read_002482	mol_002482	1496580	1496580	1520597	theory_fixed
2483	read_002483	mol_002483	1496838	1496838	1511190	theory_fixed
2484	read_002484	mol_002484	1496935	1496935	1515677	theory_fixed
2485	read_002485	mol_002485	1497314	1497314	1509600	theory_fixed
2486	read_002486	mol_002486	1497552	1497552	1510813	theory_fixed
2487	read_002487	mol_002487	1500097	1500097	1517255	theory_fixed
2488	read_002488	mol_002488	1500358	1500358	1512832	theory_fixed
2489	read_002489	mol_002489	1501358	1501358	1518550	theory_fixed
2490	read_002490	mol_002490	1501737	1501737	1513056	theory_fixed
2491	read_002491	mol_002491	1502020	1502020	1516447	theory_fixed
2492	read_002492	mol_002492	1502758	1502758	1518329	theory_fixed
2493	read_002493	mol_002493	1503331	1503331	1526085	theory_fixed
2494	read_002494	mol_002494	1503429	1503429	1519894	theory_fixed
2495	read_002495	mol_002495	1503978	1503978	1521513	theory_fixed
2496	read_002496	mol_002496	1504178	1504178	1523124	theory_fixed
2497	read_002497	mol_002497	1506011	1506011	1522329	theory_fixed
2498	read_002498	mol_002498	1507426	1507426	1527179	theory_fixed
2499	read_002499	mol_002499	1507608	1507608	1521622	theory_fixed
2500	read_002500	mol_002500	1507679	1507679	1535263	theory_fixed
2501	read_002501	mol_002501	1507989	1507989	1524742	theory_fixed
2502	read_002502	mol_002502	1508844	1508844	1531081	theory_fixed
2503	read_002503	mol_002503	1510266	1510266	1527567	theory_fixed
2504	read_002504	mol_002504	1511816	1511816	1527024	theory_fixed
2505	read_002505	mol_002505	1511875	1511875	1531970	theory_fixed
2506	read_002506	mol_002506	1511987	1511987	1527412	theory_fixed
2507	read_002507	mol_002507	1513420	1513420	1533308	theory_fixed
2508	read_002508	mol_002508	1514314	1514314	1527484	theory_fixed
2509	read_002509	mol_002509	1516373	1516373	1534857	theory_fixed
2510	read_002510	mol_002510	1516491	1516491	1535219	theory_fixed
2511	read_002511	mol_002511	1516872	1516872	1526491	theory_fixed
2512	read_002512	mol_002512	1516968	1516968	1535770	theory_fixed
2513	read_002513	mol_002513	1517596	1517596	1532462	theory_fixed
2514	read_002514	mol_002514	1519515	1519515	1534917	theory_fixed
2515	read_002515	mol_002515	1520079	1520079	1540353	theory_fixed
2516	read_002516	mol_002516	1520678	1520678	1536328	theory_fixed
2517	read_002517	mol_002517	1521582	1521582	1542277	theory_fixed
2518	read_002518	mol_002518	1521867	1521867	1538046	theory_fixed
2519	read_002519	mol_002519	1521896	1521896	1541181	theory_fixed
2520	read_002520	mol_002520	1522456	1522456	1542183	theory_fixed
2521	read_002521	mol_002521	1522874	1522874	1542059	theory_fixed
2522	read_002522	mol_002522	1522971	1522971	1535122	theory_fixed
2523	read_002523	mol_002523	1523609	1523609	1546237	theory_fixed
2524	read_002524	mol_002524	1523868	1523868	1539878	theory_fixed
2525	read_002525	mol_002525	1526450	1526450	1540844	theory_fixed
2526	read_002526	mol_002526	1526820	1526820	1538803	theory_fixed
2527	read_002527	mol_002527	1526828	1526828	1540818	theory_fixed
2528	read_002528	mol_002528	1527204	1527204	1543584	theory_fixed
2529	read_002529	mol_002529	1527864	1527864	1543159	theory_fixed
2530	read_002530	mol_002530	1527936	1527936	1543408	theory_fixed
2531	read_002531	mol_002531	1529198	1529198	1545055	theory_fixed
2532	read_002532	mol_002532	1530062	1530062	1543638	theory_fixed
2533	read_002533	mol_002533	1530411	1530411	1547371	theory_fixed
2534	read_002534	mol_002534	1530448	1530448	1548561	theory_fixed
2535	read_002535	mol_002535	1531051	1531051	1549463	theory_fixed
2536	read_002536	mol_002536	1531646	1531646	1547418	theory_fixed
2537	read_002537	mol_002537	1532637	1532637	1552710	theory_fixed
2538	read_002538	mol_002538	1533516	1533516	1559203	theory_fixed
2539	read_002539	mol_002539	1533571	1533571	1552403	theory_fixed
2540	read_002540	mol_002540	1533715	1533715	1552890	theory_fixed
2541	read_002541	mol_002541	1534408	1534408	1553655	theory_fixed
2542	read_002542	mol_002542	1534733	1534733	1546671	theory_fixed
2543	read_002543	mol_002543	1534926	1534926	1551922	theory_fixed
2544	read_002544	mol_002544	1535477	1535477	1552279	theory_fixed
2545	read_002545	mol_002545	1535820	1535820	1554952	theory_fixed
2546	read_002546	mol_002546	1536002	1536002	1551224	theory_fixed
2547	read_002547	mol_002547	1536249	1536249	1554479	theory_fixed
2548	read_002548	mol_002548	1536353	1536353	1556326	theory_fixed
2549	read_002549	mol_002549	1536461	1536461	1556722	theory_fixed
2550	read_002550	mol_002550	1536553	1536553	1555875	theory_fixed
2551	read_002551	mol_002551	1537406	1537406	1553349	theory_fixed
2552	read_002552	mol_002552	1537413	1537413	1557186	theory_fixed
2553	read_002553	mol_002553	1537675	1537675	1558682	theory_fixed
2554	read_002554	mol_002554	1538645	1538645	1557584	theory_fixed
2555	read_002555	mol_002555	1539822	1539822	1560928	theory_fixed
2556	read_002556	mol_002556	1539896	1539896	1556814	theory_fixed
2557	read_002557	mol_002557	1540071	1540071	1554111	theory_fixed
2558	read_002558	mol_002558	1540447	1540447	1557207	theory_fixed
2559	read_002559	mol_002559	1541456	1541456	1560070	theory_fixed
2560	read_002560	mol_002560	1541705	1541705	1557324	theory_fixed
2561	read_002561	mol_002561	1541821	1541821	1561914	theory_fixed
2562	read_002562	mol_002562	1543794	1543794	1558198	theory_fixed
2563	read_002563	mol_002563	1544100	1544100	1563567	theory_fixed
2564	read_002564	mol_002564	1545833	1545833	1560589	theory_fixed
2565	read_002565	mol_002565	1546609	1546609	1565405	theory_fixed
2566	read_002566	mol_002566	1546775	1546775	1569742	theory_fixed
2567	read_002567	mol_002567	1547047	1547047	1564039	theory_fixed
2568	read_002568	mol_002568	1547146	1547146	1559256	theory_fixed
2569	read_002569	mol_002569	1547502	1547502	1565946	theory_fixed
2570	read_002570	mol_002570	1547729	1547729	1564376	theory_fixed
2571	read_002571	mol_002571	1548342	1548342	1566565	theory_fixed
2572	read_002572	mol_002572	1549039	1549039	1565673	theory_fixed
2573	read_002573	mol_002573	1550618	1550618	1568263	theory_fixed
2574	read_002574	mol_002574	1550632	1550632	1565467	theory_fixed
2575	read_002575	mol_002575	1551301	1551301	1565242	theory_fixed
2576	read_002576	mol_002576	1552102	1552102	1571474	theory_fixed
2577	read_002577	mol_002577	1552192	1552192	1572763	theory_fixed
2578	read_002578	mol_002578	1553144	1553144	1572747	theory_fixed
2579	read_002579	mol_002579	1554219	1554219	1568263	theory_fixed
2580	read_002580	mol_002580	1555521	1555521	1571911	theory_fixed
2581	read_002581	mol_002581	1556348	1556348	1570828	theory_fixed
2582	read_002582	mol_002582	1556490	1556490	1579451	theory_fixed
2583	read_002583	mol_002583	1556501	1556501	1579706	theory_fixed
2584	read_002584	mol_002584	1557541	1557541	1571656	theory_fixed
2585	read_002585	mol_002585	1557558	1557558	1579383	theory_fixed
2586	read_002586	mol_002586	1557591	1557591	1579548	theory_fixed
2587	read_002587	mol_002587	1559947	1559947	1580569	theory_fixed
2588	read_002588	mol_002588	1560163	1560163	1579040	theory_fixed
2589	read_002589	mol_002589	1560525	1560525	1579373	theory_fixed
2590	read_002590	mol_002590	1561856	1561856	1587984	theory_fixed
2591	read_002591	mol_002591	1562684	1562684	1577756	theory_fixed
2592	read_002592	mol_002592	1563331	1563331	1577896	theory_fixed
2593	read_002593	mol_002593	1563761	1563761	1580360	theory_fixed
2594	read_002594	mol_002594	1564639	1564639	1586459	theory_fixed
2595	read_002595	mol_002595	1565159	1565159	1585379	theory_fixed
2596	read_002596	mol_002596	1565225	1565225	1587096	theory_fixed
2597	read_002597	mol_002597	1565279	1565279	1584523	theory_fixed
2598	read_002598	mol_002598	1565657	1565657	1583270	theory_fixed
2599	read_002599	mol_002599	1566932	1566932	1590386	theory_fixed
2600	read_002600	mol_002600	1567833	1567833	1587363	theory_fixed
2601	read_002601	mol_002601	1568627	1568627	1588836	theory_fixed
2602	read_002602	mol_002602	1569089	1569089	1583301	theory_fixed
2603	read_002603	mol_002603	1569114	1569114	1590639	theory_fixed
2604	read_002604	mol_002604	1569116	1569116	1580355	theory_fixed
2605	read_002605	mol_002605	1569676	1569676	1588747	theory_fixed
2606	read_002606	mol_002606	1569727	1569727	1588689	theory_fixed
2607	read_002607	mol_002607	1572476	1572476	1590573	theory_fixed
2608	read_002608	mol_002608	1572630	1572630	1586035	theory_fixed
2609	read_002609	mol_002609	1572824	1572824	1590904	theory_fixed
2610	read_002610	mol_002610	1572847	1572847	1596642	theory_fixed
2611	read_002611	mol_002611	1573457	1573457	1587813	theory_fixed
2612	read_002612	mol_002612	1573530	1573530	1588083	theory_fixed
2613	read_002613	mol_002613	1573849	1573849	1590216	theory_fixed
2614	read_002614	mol_002614	1574315	1574315	1590669	theory_fixed
2615	read_002615	mol_002615	1574738	1574738	1601129	theory_fixed
2616	read_002616	mol_002616	1574752	1574752	1588505	theory_fixed
2617	read_002617	mol_002617	1574979	1574979	1594833	theory_fixed
2618	read_002618	mol_002618	1575169	1575169	1592645	theory_fixed
2619	read_002619	mol_002619	1575886	1575886	1597801	theory_fixed
2620	read_002620	mol_002620	1578197	1578197	1598038	theory_fixed
2621	read_002621	mol_002621	1578467	1578467	1601360	theory_fixed
2622	read_002622	mol_002622	1580176	1580176	1606747	theory_fixed
2623	read_002623	mol_002623	1580472	1580472	1595116	theory_fixed
2624	read_002624	mol_002624	1581637	1581637	1604904	theory_fixed
2625	read_002625	mol_002625	1581740	1581740	1596811	theory_fixed
2626	read_002626	mol_002626	1581789	1581789	1592493	theory_fixed
2627	read_002627	mol_002627	1582463	1582463	1595669	theory_fixed
2628	read_002628	mol_002628	1582934	1582934	1607814	theory_fixed
2629	read_002629	mol_002629	1583268	1583268	1596937	theory_fixed
2630	read_002630	mol_002630	1583496	1583496	1604400	theory_fixed
2631	read_002631	mol_002631	1583920	1583920	1599371	theory_fixed
2632	read_002632	mol_002632	1585198	1585198	1605688	theory_fixed
2633	read_002633	mol_002633	1586914	1586914	1609986	theory_fixed
2634	read_002634	mol_002634	1587715	1587715	1606000	theory_fixed
2635	read_002635	mol_002635	1587830	1587830	1605685	theory_fixed
2636	read_002636	mol_002636	1589074	1589074	1606900	theory_fixed
2637	read_002637	mol_002637	1591368	1591368	1616790	theory_fixed
2638	read_002638	mol_002638	1591604	1591604	1609258	theory_fixed
2639	read_002639	mol_002639	1593788	1593788	1606504	theory_fixed
2640	read_002640	mol_002640	1594495	1594495	1610730	theory_fixed
2641	read_002641	mol_002641	1595394	1595394	1607727	theory_fixed
2642	read_002642	mol_002642	1595687	1595687	1610177	theory_fixed
2643	read_002643	mol_002643	1595715	1595715	1614771	theory_fixed
2644	read_002644	mol_002644	1595803	1595803	1617212	theory_fixed
2645	read_002645	mol_002645	1596302	1596302	1611838	theory_fixed
2646	read_002646	mol_002646	1596745	1596745	1618024	theory_fixed
2647	read_002647	mol_002647	1597135	1597135	1621760	theory_fixed
2648	read_002648	mol_002648	1597799	1597799	1611385	theory_fixed
2649	read_002649	mol_002649	1598300	1598300	1620553	theory_fixed
2650	read_002650	mol_002650	1598542	1598542	1621849	theory_fixed
2651	read_002651	mol_002651	1598909	1598909	1616156	theory_fixed
2652	read_002652	mol_002652	1599466	1599466	1610894	theory_fixed
2653	read_002653	mol_002653	1599502	1599502	1620376	theory_fixed
2654	read_002654	mol_002654	1601110	1601110	1623836	theory_fixed
2655	read_002655	mol_002655	1601164	1601164	1621575	theory_fixed
2656	read_002656	mol_002656	1601581	1601581	1616056	theory_fixed
2657	read_002657	mol_002657	1601604	1601604	1618303	theory_fixed
2658	read_002658	mol_002658	1601666	1601666	1622336	theory_fixed
2659	read_002659	mol_002659	1601827	1601827	1616438	theory_fixed
2660	read_002660	mol_002660	1601934	1601934	1617537	theory_fixed
2661	read_002661	mol_002661	1602656	1602656	1629631	theory_fixed
2662	read_002662	mol_002662	1603252	1603252	1619432	theory_fixed
2663	read_002663	mol_002663	1603781	1603781	1628126	theory_fixed
2664	read_002664	mol_002664	1604170	1604170	1622438	theory_fixed
2665	read_002665	mol_002665	1606311	1606311	1623947	theory_fixed
2666	read_002666	mol_002666	1606473	1606473	1624538	theory_fixed
2667	read_002667	mol_002667	1609149	1609149	1643644	theory_fixed
2668	read_002668	mol_002668	1609967	1609967	1621173	theory_fixed
2669	read_002669	mol_002669	1610773	1610773	1628743	theory_fixed
2670	read_002670	mol_002670	1610787	1610787	1627829	theory_fixed
2671	read_002671	mol_002671	1611390	1611390	1632653	theory_fixed
2672	read_002672	mol_002672	1611989	1611989	1628048	theory_fixed
2673	read_002673	mol_002673	1612095	1612095	1633267	theory_fixed
2674	read_002674	mol_002674	1612293	1612293	1629522	theory_fixed
2675	read_002675	mol_002675	1612840	1612840	1625704	theory_fixed
2676	read_002676	mol_002676	1613043	1613043	1623905	theory_fixed
2677	read_002677	mol_002677	1613083	1613083	1626486	theory_fixed
2678	read_002678	mol_002678	1614276	1614276	1629667	theory_fixed
2679	read_002679	mol_002679	1615439	1615439	1632413	theory_fixed
2680	read_002680	mol_002680	1615535	1615535	1631319	theory_fixed
2681	read_002681	mol_002681	1617689	1617689	1634318	theory_fixed
2682	read_002682	mol_002682	1617724	1617724	1633882	theory_fixed
2683	read_002683	mol_002683	1618194	1618194	1629264	theory_fixed
2684	read_002684	mol_002684	1618950	1618950	1634652	theory_fixed
2685	read_002685	mol_002685	1619034	1619034	1635930	theory_fixed
2686	read_002686	mol_002686	1619169	1619169	1641050	theory_fixed
2687	read_002687	mol_002687	1620053	1620053	1636605	theory_fixed
2688	read_002688	mol_002688	1620395	1620395	1641449	theory_fixed
2689	read_002689	mol_002689	1621806	1621806	1648818	theory_fixed
2690	read_002690	mol_002690	1624303	1624303	1652049	theory_fixed
2691	read_002691	mol_002691	1624455	1624455	1637787	theory_fixed
2692	read_002692	mol_002692	1625503	1625503	1645571	theory_fixed
2693	read_002693	mol_002693	1626356	1626356	1645279	theory_fixed
2694	read_002694	mol_002694	1627344	1627344	1644224	theory_fixed
2695	read_002695	mol_002695	1628293	1628293	1647508	theory_fixed
2696	read_002696	mol_002696	1628532	1628532	1651719	theory_fixed
2697	read_002697	mol_002697	1629925	1629925	1643812	theory_fixed
2698	read_002698	mol_002698	1630045	1630045	1648041	theory_fixed
2699	read_002699	mol_002699	1630397	1630397	1655931	theory_fixed
2700	read_002700	mol_002700	1632003	1632003	1648957	theory_fixed
2701	read_002701	mol_002701	1632496	1632496	1646647	theory_fixed
2702	read_002702	mol_002702	1632498	1632498	1652844	theory_fixed
2703	read_002703	mol_002703	1634074	1634074	1645351	theory_fixed
2704	read_002704	mol_002704	1634172	1634172	1647372	theory_fixed
2705	read_002705	mol_002705	1634246	1634246	1652896	theory_fixed
2706	read_002706	mol_002706	1634932	1634932	1652942	theory_fixed
2707	read_002707	mol_002707	1635284	1635284	1650512	theory_fixed
2708	read_002708	mol_002708	1635578	1635578	1647280	theory_fixed
2709	read_002709	mol_002709	1635999	1635999	1650931	theory_fixed
2710	read_002710	mol_002710	1637060	1637060	1655434	theory_fixed
2711	read_002711	mol_002711	1637674	1637674	1659040	theory_fixed
2712	read_002712	mol_002712	1638037	1638037	1652324	theory_fixed
2713	read_002713	mol_002713	1638873	1638873	1654215	theory_fixed
2714	read_002714	mol_002714	1639440	1639440	1661678	theory_fixed
2715	read_002715	mol_002715	1639797	1639797	1661918	theory_fixed
2716	read_002716	mol_002716	1640753	1640753	1667624	theory_fixed
2717	read_002717	mol_002717	1640917	1640917	1659099	theory_fixed
2718	read_002718	mol_002718	1641400	1641400	1653522	theory_fixed
2719	read_002719	mol_002719	1641785	1641785	1658533	theory_fixed
2720	read_002720	mol_002720	1642033	1642033	1671501	theory_fixed
2721	read_002721	mol_002721	1642289	1642289	1658630	theory_fixed
2722	read_002722	mol_002722	1643332	1643332	1657726	theory_fixed
2723	read_002723	mol_002723	1643708	1643708	1658367	theory_fixed
2724	read_002724	mol_002724	1643720	1643720	1659603	theory_fixed
2725	read_002725	mol_002725	1644701	1644701	1663454	theory_fixed
2726	read_002726	mol_002726	1645315	1645315	1661108	theory_fixed
2727	read_002727	mol_002727	1645645	1645645	1665134	theory_fixed
2728	read_002728	mol_002728	1645804	1645804	1665177	theory_fixed
2729	read_002729	mol_002729	1646100	1646100	1663290	theory_fixed
2730	read_002730	mol_002730	1647444	1647444	1667349	theory_fixed
2731	read_002731	mol_002731	1647487	1647487	1662998	theory_fixed
2732	read_002732	mol_002732	1648954	1648954	1671711	theory_fixed
2733	read_002733	mol_002733	1649142	1649142	1665304	theory_fixed
2734	read_002734	mol_002734	1649392	1649392	1663976	theory_fixed
2735	read_002735	mol_002735	1649516	1649516	1666603	theory_fixed
2736	read_002736	mol_002736	1650230	1650230	1660537	theory_fixed
2737	read_002737	mol_002737	1650627	1650627	1664399	theory_fixed
2738	read_002738	mol_002738	1650980	1650980	1670091	theory_fixed
2739	read_002739	mol_002739	1652200	1652200	1674923	theory_fixed
2740	read_002740	mol_002740	1652244	1652244	1666339	theory_fixed
2741	read_002741	mol_002741	1652611	1652611	1671013	theory_fixed
2742	read_002742	mol_002742	1652921	1652921	1670683	theory_fixed
2743	read_002743	mol_002743	1653879	1653879	1670232	theory_fixed
2744	read_002744	mol_002744	1656244	1656244	1675872	theory_fixed
2745	read_002745	mol_002745	1656276	1656276	1671858	theory_fixed
2746	read_002746	mol_002746	1657221	1657221	1679038	theory_fixed
2747	read_002747	mol_002747	1657514	1657514	1671970	theory_fixed
2748	read_002748	mol_002748	1658435	1658435	1678318	theory_fixed
2749	read_002749	mol_002749	1658603	1658603	1679249	theory_fixed
2750	read_002750	mol_002750	1659212	1659212	1679211	theory_fixed
2751	read_002751	mol_002751	1659410	1659410	1673504	theory_fixed
2752	read_002752	mol_002752	1660378	1660378	1680718	theory_fixed
2753	read_002753	mol_002753	1661514	1661514	1671865	theory_fixed
2754	read_002754	mol_002754	1661907	1661907	1675607	theory_fixed
2755	read_002755	mol_002755	1662880	1662880	1680733	theory_fixed
2756	read_002756	mol_002756	1663044	1663044	1679547	theory_fixed
2757	read_002757	mol_002757	1663461	1663461	1683972	theory_fixed
2758	read_002758	mol_002758	1663531	1663531	1678384	theory_fixed
2759	read_002759	mol_002759	1664218	1664218	1682068	theory_fixed
2760	read_002760	mol_002760	1664663	1664663	1687698	theory_fixed
2761	read_002761	mol_002761	1669225	1669225	1691865	theory_fixed
2762	read_002762	mol_002762	1669418	1669418	1683881	theory_fixed
2763	read_002763	mol_002763	1669576	1669576	1683752	theory_fixed
2764	read_002764	mol_002764	1669629	1669629	1699902	theory_fixed
2765	read_002765	mol_002765	1670126	1670126	1685878	theory_fixed
2766	read_002766	mol_002766	1670419	1670419	1687366	theory_fixed
2767	read_002767	mol_002767	1672152	1672152	1690582	theory_fixed
2768	read_002768	mol_002768	1672217	1672217	1697562	theory_fixed
2769	read_002769	mol_002769	1672324	1672324	1686333	theory_fixed
2770	read_002770	mol_002770	1672683	1672683	1694119	theory_fixed
2771	read_002771	mol_002771	1673124	1673124	1686600	theory_fixed
2772	read_002772	mol_002772	1673423	1673423	1696624	theory_fixed
2773	read_002773	mol_002773	1673548	1673548	1692641	theory_fixed
2774	read_002774	mol_002774	1674273	1674273	1694957	theory_fixed
2775	read_002775	mol_002775	1675195	1675195	1690409	theory_fixed
2776	read_002776	mol_002776	1675408	1675408	1691357	theory_fixed
2777	read_002777	mol_002777	1676761	1676761	1697079	theory_fixed
2778	read_002778	mol_002778	1678066	1678066	1699263	theory_fixed
2779	read_002779	mol_002779	1678864	1678864	1688919	theory_fixed
2780	read_002780	mol_002780	1679680	1679680	1696789	theory_fixed
2781	read_002781	mol_002781	1680107	1680107	1698432	theory_fixed
2782	read_002782	mol_002782	1680257	1680257	1701211	theory_fixed
2783	read_002783	mol_002783	1680778	1680778	1706215	theory_fixed
2784	read_002784	mol_002784	1680786	1680786	1690773	theory_fixed
2785	read_002785	mol_002785	1681066	1681066	1701044	theory_fixed
2786	read_002786	mol_002786	1681554	1681554	1697879	theory_fixed
2787	read_002787	mol_002787	1683433	1683433	1705537	theory_fixed
2788	read_002788	mol_002788	1683620	1683620	1705786	theory_fixed
2789	read_002789	mol_002789	1684327	1684327	1701273	theory_fixed
2790	read_002790	mol_002790	1684753	1684753	1702879	theory_fixed
2791	read_002791	mol_002791	1684960	1684960	1701117	theory_fixed
2792	read_002792	mol_002792	1685073	1685073	1704099	theory_fixed
2793	read_002793	mol_002793	1685433	1685433	1701742	theory_fixed
2794	read_002794	mol_002794	1686695	1686695	1708891	theory_fixed
2795	read_002795	mol_002795	1687120	1687120	1701809	theory_fixed
2796	read_002796	mol_002796	1687398	1687398	1700382	theory_fixed
2797	read_002797	mol_002797	1687533	1687533	1712968	theory_fixed
2798	read_002798	mol_002798	1688182	1688182	1712173	theory_fixed
2799	read_002799	mol_002799	1688249	1688249	1710027	theory_fixed
2800	read_002800	mol_002800	1688554	1688554	1714065	theory_fixed
2801	read_002801	mol_002801	1689055	1689055	1703768	theory_fixed
2802	read_002802	mol_002802	1689212	1689212	1705898	theory_fixed
2803	read_002803	mol_002803	1689878	1689878	1708888	theory_fixed
2804	read_002804	mol_002804	1690660	1690660	1707816	theory_fixed
2805	read_002805	mol_002805	1690912	1690912	1713601	theory_fixed
2806	read_002806	mol_002806	1690944	1690944	1704121	theory_fixed
2807	read_002807	mol_002807	1691836	1691836	1716952	theory_fixed
2808	read_002808	mol_002808	1692753	1692753	1713311	theory_fixed
2809	read_002809	mol_002809	1692815	1692815	1707859	theory_fixed
2810	read_002810	mol_002810	1693348	1693348	1712765	theory_fixed
2811	read_002811	mol_002811	1693594	1693594	1710241	theory_fixed
2812	read_002812	mol_002812	1694558	1694558	1710551	theory_fixed
2813	read_002813	mol_002813	1694868	1694868	1717679	theory_fixed
2814	read_002814	mol_002814	1695029	1695029	1712718	theory_fixed
2815	read_002815	mol_002815	1695113	1695113	1713132	theory_fixed
2816	read_002816	mol_002816	1695436	1695436	1710843	theory_fixed
2817	read_002817	mol_002817	1695592	1695592	1721293	theory_fixed
2818	read_002818	mol_002818	1696224	1696224	1709310	theory_fixed
2819	read_002819	mol_002819	1696729	1696729	1718671	theory_fixed
2820	read_002820	mol_002820	1696835	1696835	1710531	theory_fixed
2821	read_002821	mol_002821	1698065	1698065	1712926	theory_fixed
2822	read_002822	mol_002822	1698094	1698094	1710581	theory_fixed
2823	read_002823	mol_002823	1698832	1698832	1714553	theory_fixed
2824	read_002824	mol_002824	1700887	1700887	1719057	theory_fixed
2825	read_002825	mol_002825	1700939	1700939	1718436	theory_fixed
2826	read_002826	mol_002826	1701166	1701166	1718789	theory_fixed
2827	read_002827	mol_002827	1701701	1701701	1718453	theory_fixed
2828	read_002828	mol_002828	1702263	1702263	1719317	theory_fixed
2829	read_002829	mol_002829	1703056	1703056	1733036	theory_fixed
2830	read_002830	mol_002830	1703505	1703505	1720468	theory_fixed
2831	read_002831	mol_002831	1703610	1703610	1721658	theory_fixed
2832	read_002832	mol_002832	1703640	1703640	1717287	theory_fixed
2833	read_002833	mol_002833	1704524	1704524	1727445	theory_fixed
2834	read_002834	mol_002834	1704675	1704675	1716370	theory_fixed
2835	read_002835	mol_002835	1705356	1705356	1722273	theory_fixed
2836	read_002836	mol_002836	1705443	1705443	1719619	theory_fixed
2837	read_002837	mol_002837	1705583	1705583	1719312	theory_fixed
2838	read_002838	mol_002838	1708947	1708947	1725863	theory_fixed
2839	read_002839	mol_002839	1709087	1709087	1729629	theory_fixed
2840	read_002840	mol_002840	1709307	1709307	1720540	theory_fixed
2841	read_002841	mol_002841	1709757	1709757	1727913	theory_fixed
2842	read_002842	mol_002842	1710513	1710513	1726903	theory_fixed
2843	read_002843	mol_002843	1711770	1711770	1736829	theory_fixed
2844	read_002844	mol_002844	1712030	1712030	1725033	theory_fixed
2845	read_002845	mol_002845	1712523	1712523	1726378	theory_fixed
2846	read_002846	mol_002846	1714230	1714230	1735233	theory_fixed
2847	read_002847	mol_002847	1714291	1714291	1727542	theory_fixed
2848	read_002848	mol_002848	1714406	1714406	1724235	theory_fixed
2849	read_002849	mol_002849	1715458	1715458	1731695	theory_fixed
2850	read_002850	mol_002850	1715544	1715544	1741172	theory_fixed
2851	read_002851	mol_002851	1715565	1715565	1739632	theory_fixed
2852	read_002852	mol_002852	1715756	1715756	1730744	theory_fixed
2853	read_002853	mol_002853	1716274	1716274	1739344	theory_fixed
2854	read_002854	mol_002854	1716594	1716594	1731065	theory_fixed
2855	read_002855	mol_002855	1716758	1716758	1740897	theory_fixed
2856	read_002856	mol_002856	1717474	1717474	1736002	theory_fixed
2857	read_002857	mol_002857	1717646	1717646	1737193	theory_fixed
2858	read_002858	mol_002858	1718725	1718725	1733630	theory_fixed
2859	read_002859	mol_002859	1719213	1719213	1732578	theory_fixed
2860	read_002860	mol_002860	1720265	1720265	1733601	theory_fixed
2861	read_002861	mol_002861	1720746	1720746	1737209	theory_fixed
2862	read_002862	mol_002862	1721495	1721495	1741191	theory_fixed
2863	read_002863	mol_002863	1722097	1722097	1741637	theory_fixed
2864	read_002864	mol_002864	1722792	1722792	1733860	theory_fixed
2865	read_002865	mol_002865	1722913	1722913	1741652	theory_fixed
2866	read_002866	mol_002866	1723113	1723113	1736245	theory_fixed
2867	read_002867	mol_002867	1723348	1723348	1746668	theory_fixed
2868	read_002868	mol_002868	1724963	1724963	1739414	theory_fixed
2869	read_002869	mol_002869	1725173	1725173	1739307	theory_fixed
2870	read_002870	mol_002870	1725374	1725374	1737306	theory_fixed
2871	read_002871	mol_002871	1725856	1725856	1743599	theory_fixed
2872	read_002872	mol_002872	1726776	1726776	1748377	theory_fixed
2873	read_002873	mol_002873	1727013	1727013	1743219	theory_fixed
2874	read_002874	mol_002874	1727885	1727885	1750319	theory_fixed
2875	read_002875	mol_002875	1729310	1729310	1743803	theory_fixed
2876	read_002876	mol_002876	1729575	1729575	1747305	theory_fixed
2877	read_002877	mol_002877	1729957	1729957	1742196	theory_fixed
2878	read_002878	mol_002878	1731866	1731866	1749145	theory_fixed
2879	read_002879	mol_002879	1732591	1732591	1749152	theory_fixed
2880	read_002880	mol_002880	1733541	1733541	1753288	theory_fixed
2881	read_002881	mol_002881	1733797	1733797	1748780	theory_fixed
2882	read_002882	mol_002882	1733879	1733879	1758768	theory_fixed
2883	read_002883	mol_002883	1734237	1734237	1750833	theory_fixed
2884	read_002884	mol_002884	1734553	1734553	1746050	theory_fixed
2885	read_002885	mol_002885	1734619	1734619	1756621	theory_fixed
2886	read_002886	mol_002886	1735935	1735935	1750214	theory_fixed
2887	read_002887	mol_002887	1736937	1736937	1751249	theory_fixed
2888	read_002888	mol_002888	1737110	1737110	1751915	theory_fixed
2889	read_002889	mol_002889	1737198	1737198	1752073	theory_fixed
2890	read_002890	mol_002890	1737219	1737219	1757258	theory_fixed
2891	read_002891	mol_002891	1738905	1738905	1760132	theory_fixed
2892	read_002892	mol_002892	1738947	1738947	1758198	theory_fixed
2893	read_002893	mol_002893	1738966	1738966	1753390	theory_fixed
2894	read_002894	mol_002894	1739031	1739031	1759944	theory_fixed
2895	read_002895	mol_002895	1739628	1739628	1755488	theory_fixed
2896	read_002896	mol_002896	1740192	1740192	1756791	theory_fixed
2897	read_002897	mol_002897	1741142	1741142	1756481	theory_fixed
2898	read_002898	mol_002898	1741240	1741240	1765551	theory_fixed
2899	read_002899	mol_002899	1741863	1741863	1763204	theory_fixed
2900	read_002900	mol_002900	1742232	1742232	1769468	theory_fixed
2901	read_002901	mol_002901	1742453	1742453	1760811	theory_fixed
2902	read_002902	mol_002902	1742679	1742679	1758439	theory_fixed
2903	read_002903	mol_002903	1743013	1743013	1761022	theory_fixed
2904	read_002904	mol_002904	1743279	1743279	1770273	theory_fixed
2905	read_002905	mol_002905	1743705	1743705	1761305	theory_fixed
2906	read_002906	mol_002906	1744000	1744000	1769879	theory_fixed
2907	read_002907	mol_002907	1744048	1744048	1762495	theory_fixed
2908	read_002908	mol_002908	1744122	1744122	1762975	theory_fixed
2909	read_002909	mol_002909	1744645	1744645	1763594	theory_fixed
2910	read_002910	mol_002910	1744646	1744646	1765707	theory_fixed
2911	read_002911	mol_002911	1745335	1745335	1758292	theory_fixed
2912	read_002912	mol_002912	1745729	1745729	1758669	theory_fixed
2913	read_002913	mol_002913	1746158	1746158	1765845	theory_fixed
2914	read_002914	mol_002914	1746582	1746582	1763071	theory_fixed
2915	read_002915	mol_002915	1746771	1746771	1767520	theory_fixed
2916	read_002916	mol_002916	1747749	1747749	1760993	theory_fixed
2917	read_002917	mol_002917	1748209	1748209	1764150	theory_fixed
2918	read_002918	mol_002918	1748697	1748697	1765379	theory_fixed
2919	read_002919	mol_002919	1748845	1748845	1767899	theory_fixed
2920	read_002920	mol_002920	1748883	1748883	1763673	theory_fixed
2921	read_002921	mol_002921	1748898	1748898	1766114	theory_fixed
2922	read_002922	mol_002922	1749820	1749820	1767427	theory_fixed
2923	read_002923	mol_002923	1749863	1749863	1762801	theory_fixed
2924	read_002924	mol_002924	1751077	1751077	1775519	theory_fixed
2925	read_002925	mol_002925	1751215	1751215	1765015	theory_fixed
2926	read_002926	mol_002926	1752166	1752166	1767655	theory_fixed
2927	read_002927	mol_002927	1753567	1753567	1766996	theory_fixed
2928	read_002928	mol_002928	1754273	1754273	1769672	theory_fixed
2929	read_002929	mol_002929	1755850	1755850	1772758	theory_fixed
2930	read_002930	mol_002930	1756217	1756217	1772478	theory_fixed
2931	read_002931	mol_002931	1756561	1756561	1772776	theory_fixed
2932	read_002932	mol_002932	1756705	1756705	1771041	theory_fixed
2933	read_002933	mol_002933	1756804	1756804	1769572	theory_fixed
2934	read_002934	mol_002934	1757200	1757200	1781289	theory_fixed
2935	read_002935	mol_002935	1757381	1757381	1773933	theory_fixed
2936	read_002936	mol_002936	1757457	1757457	1771482	theory_fixed
2937	read_002937	mol_002937	1757921	1757921	1775546	theory_fixed
2938	read_002938	mol_002938	1758440	1758440	1772722	theory_fixed
2939	read_002939	mol_002939	1758632	1758632	1777293	theory_fixed
2940	read_002940	mol_002940	1759615	1759615	1777223	theory_fixed
2941	read_002941	mol_002941	1761464	1761464	1773137	theory_fixed
2942	read_002942	mol_002942	1761810	1761810	1778449	theory_fixed
2943	read_002943	mol_002943	1764306	1764306	1778717	theory_fixed
2944	read_002944	mol_002944	1766085	1766085	1777741	theory_fixed
2945	read_002945	mol_002945	1766778	1766778	1783001	theory_fixed
2946	read_002946	mol_002946	1767323	1767323	1790969	theory_fixed
2947	read_002947	mol_002947	1767510	1767510	1788956	theory_fixed
2948	read_002948	mol_002948	1767700	1767700	1786707	theory_fixed
2949	read_002949	mol_002949	1767710	1767710	1785635	theory_fixed
2950	read_002950	mol_002950	1768094	1768094	1784478	theory_fixed
2951	read_002951	mol_002951	1768296	1768296	1787160	theory_fixed
2952	read_002952	mol_002952	1772454	1772454	1785072	theory_fixed
2953	read_002953	mol_002953	1772945	1772945	1786740	theory_fixed
2954	read_002954	mol_002954	1773573	1773573	1793589	theory_fixed
2955	read_002955	mol_002955	1774181	1774181	1793890	theory_fixed
2956	read_002956	mol_002956	1775788	1775788	1796581	theory_fixed
2957	read_002957	mol_002957	1776330	1776330	1790605	theory_fixed
2958	read_002958	mol_002958	1777316	1777316	1794988	theory_fixed
2959	read_002959	mol_002959	1777572	1777572	1791572	theory_fixed
2960	read_002960	mol_002960	1777605	1777605	1799219	theory_fixed
2961	read_002961	mol_002961	1778869	1778869	1798735	theory_fixed
2962	read_002962	mol_002962	1781783	1781783	1798020	theory_fixed
2963	read_002963	mol_002963	1782013	1782013	1811605	theory_fixed
2964	read_002964	mol_002964	1782023	1782023	1799535	theory_fixed
2965	read_002965	mol_002965	1782134	1782134	1806495	theory_fixed
2966	read_002966	mol_002966	1782355	1782355	1799198	theory_fixed
2967	read_002967	mol_002967	1783543	1783543	1804285	theory_fixed
2968	read_002968	mol_002968	1783655	1783655	1800525	theory_fixed
2969	read_002969	mol_002969	1784668	1784668	1810241	theory_fixed
2970	read_002970	mol_002970	1785062	1785062	1798713	theory_fixed
2971	read_002971	mol_002971	1785214	1785214	1798620	theory_fixed
2972	read_002972	mol_002972	1785268	1785268	1800986	theory_fixed
2973	read_002973	mol_002973	1786141	1786141	1806211	theory_fixed
2974	read_002974	mol_002974	1786561	1786561	1805955	theory_fixed
2975	read_002975	mol_002975	1786896	1786896	1813709	theory_fixed
2976	read_002976	mol_002976	1787240	1787240	1810190	theory_fixed
2977	read_002977	mol_002977	1787515	1787515	1807027	theory_fixed
2978	read_002978	mol_002978	1787833	1787833	1805417	theory_fixed
2979	read_002979	mol_002979	1788921	1788921	1811339	theory_fixed
2980	read_002980	mol_002980	1790134	1790134	1805462	theory_fixed
2981	read_002981	mol_002981	1790174	1790174	1809572	theory_fixed
2982	read_002982	mol_002982	1790269	1790269	1803657	theory_fixed
2983	read_002983	mol_002983	1790510	1790510	1804579	theory_fixed
2984	read_002984	mol_002984	1791908	1791908	1815064	theory_fixed
2985	read_002985	mol_002985	1792221	1792221	1810391	theory_fixed
2986	read_002986	mol_002986	1793967	1793967	1807149	theory_fixed
2987	read_002987	mol_002987	1795536	1795536	1814005	theory_fixed
2988	read_002988	mol_002988	1796686	1796686	1811215	theory_fixed
2989	read_002989	mol_002989	1797517	1797517	1813578	theory_fixed
2990	read_002990	mol_002990	1797698	1797698	1812655	theory_fixed
2991	read_002991	mol_002991	1798126	1798126	1810665	theory_fixed
2992	read_002992	mol_002992	1798804	1798804	1816323	theory_fixed
2993	read_002993	mol_002993	1799087	1799087	1817739	theory_fixed
2994	read_002994	mol_002994	1799874	1799874	1817942	theory_fixed
2995	read_002995	mol_002995	1800221	1800221	1812558	theory_fixed
2996	read_002996	mol_002996	1800868	1800868	1823197	theory_fixed
2997	read_002997	mol_002997	1801286	1801286	1813538	theory_fixed
2998	read_002998	mol_002998	1802107	1802107	1822170	theory_fixed
2999	read_002999	mol_002999	1802541	1802541	1818360	theory_fixed
3000	read_003000	mol_003000	1802729	1802729	1817937	theory_fixed
3001	read_003001	mol_003001	1803036	1803036	1816011	theory_fixed
3002	read_003002	mol_003002	1803611	1803611	1815486	theory_fixed
3003	read_003003	mol_003003	1803824	1803824	1823182	theory_fixed
3004	read_003004	mol_003004	1804590	1804590	1817971	theory_fixed
3005	read_003005	mol_003005	1805168	1805168	1833428	theory_fixed
3006	read_003006	mol_003006	1805170	1805170	1823712	theory_fixed
3007	read_003007	mol_003007	1805311	1805311	1820672	theory_fixed
3008	read_003008	mol_003008	1806064	1806064	1827873	theory_fixed
3009	read_003009	mol_003009	1806760	1806760	1828791	theory_fixed
3010	read_003010	mol_003010	1807894	1807894	1820780	theory_fixed
3011	read_003011	mol_003011	1808311	1808311	1821586	theory_fixed
3012	read_003012	mol_003012	1808332	1808332	1829117	theory_fixed
3013	read_003013	mol_003013	1808382	1808382	1826656	theory_fixed
3014	read_003014	mol_003014	1808936	1808936	1830256	theory_fixed
3015	read_003015	mol_003015	1808966	1808966	1823062	theory_fixed
3016	read_003016	mol_003016	1810448	1810448	1829314	theory_fixed
3017	read_003017	mol_003017	1810465	1810465	1832021	theory_fixed
3018	read_003018	mol_003018	1811787	1811787	1833217	theory_fixed
3019	read_003019	mol_003019	1811985	1811985	1826286	theory_fixed
3020	read_003020	mol_003020	1812846	1812846	1828547	theory_fixed
3021	read_003021	mol_003021	1813379	1813379	1831663	theory_fixed
3022	read_003022	mol_003022	1813872	1813872	1832757	theory_fixed
3023	read_003023	mol_003023	1814351	1814351	1829208	theory_fixed
3024	read_003024	mol_003024	1814468	1814468	1827671	theory_fixed
3025	read_003025	mol_003025	1816918	1816918	1835497	theory_fixed
3026	read_003026	mol_003026	1817630	1817630	1844294	theory_fixed
3027	read_003027	mol_003027	1817636	1817636	1835691	theory_fixed
3028	read_003028	mol_003028	1818460	1818460	1846641	theory_fixed
3029	read_003029	mol_003029	1819353	1819353	1834366	theory_fixed
3030	read_003030	mol_003030	1819377	1819377	1833349	theory_fixed
3031	read_003031	mol_003031	1820136	1820136	1833149	theory_fixed
3032	read_003032	mol_003032	1821082	1821082	1841576	theory_fixed
3033	read_003033	mol_003033	1821160	1821160	1833118	theory_fixed
3034	read_003034	mol_003034	1822579	1822579	1841673	theory_fixed
3035	read_003035	mol_003035	1822689	1822689	1840558	theory_fixed
3036	read_003036	mol_003036	1823639	1823639	1847046	theory_fixed
3037	read_003037	mol_003037	1825327	1825327	1843629	theory_fixed
3038	read_003038	mol_003038	1827798	1827798	1841226	theory_fixed
3039	read_003039	mol_003039	1828519	1828519	1843142	theory_fixed
3040	read_003040	mol_003040	1828523	1828523	1847383	theory_fixed
3041	read_003041	mol_003041	1828586	1828586	1841602	theory_fixed
3042	read_003042	mol_003042	1830714	1830714	1842748	theory_fixed
3043	read_003043	mol_003043	1831254	1831254	1851910	theory_fixed
3044	read_003044	mol_003044	1831851	1831851	1855063	theory_fixed
3045	read_003045	mol_003045	1833756	1833756	1847671	theory_fixed
3046	read_003046	mol_003046	1835449	1835449	1862770	theory_fixed
3047	read_003047	mol_003047	1835986	1835986	1852294	theory_fixed
3048	read_003048	mol_003048	1836066	1836066	1854498	theory_fixed
3049	read_003049	mol_003049	1836293	1836293	1847262	theory_fixed
3050	read_003050	mol_003050	1836455	1836455	1860368	theory_fixed
3051	read_003051	mol_003051	1836642	1836642	1853788	theory_fixed
3052	read_003052	mol_003052	1837349	1837349	1856258	theory_fixed
3053	read_003053	mol_003053	1838600	1838600	1855939	theory_fixed
3054	read_003054	mol_003054	1838823	1838823	1860777	theory_fixed
3055	read_003055	mol_003055	1839487	1839487	1855511	theory_fixed
3056	read_003056	mol_003056	1839622	1839622	1858299	theory_fixed
3057	read_003057	mol_003057	1839713	1839713	1854155	theory_fixed
3058	read_003058	mol_003058	1840065	1840065	1859185	theory_fixed
3059	read_003059	mol_003059	1840420	1840420	1864100	theory_fixed
3060	read_003060	mol_003060	1841585	1841585	1864868	theory_fixed
3061	read_003061	mol_003061	1842317	1842317	1853325	theory_fixed
3062	read_003062	mol_003062	1843503	1843503	1866369	theory_fixed
3063	read_003063	mol_003063	1843795	1843795	1866542	theory_fixed
3064	read_003064	mol_003064	1844244	1844244	1859055	theory_fixed
3065	read_003065	mol_003065	1845639	1845639	1859244	theory_fixed
3066	read_003066	mol_003066	1845660	1845660	1866484	theory_fixed
3067	read_003067	mol_003067	1845928	1845928	1859014	theory_fixed
3068	read_003068	mol_003068	1846387	1846387	1859788	theory_fixed
3069	read_003069	mol_003069	1847126	1847126	1864559	theory_fixed
3070	read_003070	mol_003070	1849323	1849323	1868864	theory_fixed
3071	read_003071	mol_003071	1849797	1849797	1870593	theory_fixed
3072	read_003072	mol_003072	1849955	1849955	1864633	theory_fixed
3073	read_003073	mol_003073	1850454	1850454	1864090	theory_fixed
3074	read_003074	mol_003074	1850620	1850620	1880121	theory_fixed
3075	read_003075	mol_003075	1850810	1850810	1868680	theory_fixed
3076	read_003076	mol_003076	1851273	1851273	1867119	theory_fixed
3077	read_003077	mol_003077	1851678	1851678	1871055	theory_fixed
3078	read_003078	mol_003078	1851979	1851979	1866790	theory_fixed
3079	read_003079	mol_003079	1852326	1852326	1872524	theory_fixed
3080	read_003080	mol_003080	1852586	1852586	1872213	theory_fixed
3081	read_003081	mol_003081	1852700	1852700	1875730	theory_fixed
3082	read_003082	mol_003082	1852757	1852757	1863352	theory_fixed
3083	read_003083	mol_003083	1853416	1853416	1872929	theory_fixed
3084	read_003084	mol_003084	1853616	1853616	1865660	theory_fixed
3085	read_003085	mol_003085	1853679	1853679	1871572	theory_fixed
3086	read_003086	mol_003086	1855157	1855157	1869421	theory_fixed
3087	read_003087	mol_003087	1855632	1855632	1876366	theory_fixed
3088	read_003088	mol_003088	1856353	1856353	1879914	theory_fixed
3089	read_003089	mol_003089	1856754	1856754	1869760	theory_fixed
3090	read_003090	mol_003090	1857435	1857435	1877571	theory_fixed
3091	read_003091	mol_003091	1858369	1858369	1868796	theory_fixed
3092	read_003092	mol_003092	1860793	1860793	1871242	theory_fixed
3093	read_003093	mol_003093	1860951	1860951	1883298	theory_fixed
3094	read_003094	mol_003094	1861193	1861193	1880457	theory_fixed
3095	read_003095	mol_003095	1861257	1861257	1882190	theory_fixed
3096	read_003096	mol_003096	1861571	1861571	1891131	theory_fixed
3097	read_003097	mol_003097	1861891	1861891	1881603	theory_fixed
3098	read_003098	mol_003098	1862491	1862491	1877725	theory_fixed
3099	read_003099	mol_003099	1863441	1863441	1889794	theory_fixed
3100	read_003100	mol_003100	1863482	1863482	1881409	theory_fixed
3101	read_003101	mol_003101	1864229	1864229	1883929	theory_fixed
3102	read_003102	mol_003102	1864633	1864633	1880155	theory_fixed
3103	read_003103	mol_003103	1864783	1864783	1887102	theory_fixed
3104	read_003104	mol_003104	1865117	1865117	1883962	theory_fixed
3105	read_003105	mol_003105	1865441	1865441	1879442	theory_fixed
3106	read_003106	mol_003106	1865879	1865879	1883830	theory_fixed
3107	read_003107	mol_003107	1866184	1866184	1879758	theory_fixed
3108	read_003108	mol_003108	1866575	1866575	1891040	theory_fixed
3109	read_003109	mol_003109	1867999	1867999	1888133	theory_fixed
3110	read_003110	mol_003110	1868750	1868750	1879800	theory_fixed
3111	read_003111	mol_003111	1869119	1869119	1882846	theory_fixed
3112	read_003112	mol_003112	1869390	1869390	1891561	theory_fixed
3113	read_003113	mol_003113	1869772	1869772	1881898	theory_fixed
3114	read_003114	mol_003114	1869877	1869877	1890547	theory_fixed
3115	read_003115	mol_003115	1871381	1871381	1887725	theory_fixed
3116	read_003116	mol_003116	1872241	1872241	1886138	theory_fixed
3117	read_003117	mol_003117	1873575	1873575	1896922	theory_fixed
3118	read_003118	mol_003118	1873621	1873621	1896417	theory_fixed
3119	read_003119	mol_003119	1873956	1873956	1890501	theory_fixed
3120	read_003120	mol_003120	1874580	1874580	1900640	theory_fixed
3121	read_003121	mol_003121	1874928	1874928	1903650	theory_fixed
3122	read_003122	mol_003122	1875520	1875520	1891199	theory_fixed
3123	read_003123	mol_003123	1875604	1875604	1890896	theory_fixed
3124	read_003124	mol_003124	1875683	1875683	1892251	theory_fixed
3125	read_003125	mol_003125	1876455	1876455	1889043	theory_fixed
3126	read_003126	mol_003126	1877303	1877303	1895205	theory_fixed
3127	read_003127	mol_003127	1879144	1879144	1897049	theory_fixed
3128	read_003128	mol_003128	1879249	1879249	1893682	theory_fixed
3129	read_003129	mol_003129	1879607	1879607	1898227	theory_fixed
3130	read_003130	mol_003130	1880187	1880187	1895265	theory_fixed
3131	read_003131	mol_003131	1880360	1880360	1898110	theory_fixed
3132	read_003132	mol_003132	1880593	1880593	1909217	theory_fixed
3133	read_003133	mol_003133	1880973	1880973	1893336	theory_fixed
3134	read_003134	mol_003134	1881369	1881369	1897116	theory_fixed
3135	read_003135	mol_003135	1883709	1883709	1904903	theory_fixed
3136	read_003136	mol_003136	1883791	1883791	1894452	theory_fixed
3137	read_003137	mol_003137	1883890	1883890	1905409	theory_fixed
3138	read_003138	mol_003138	1884209	1884209	1911062	theory_fixed
3139	read_003139	mol_003139	1884850	1884850	1912652	theory_fixed
3140	read_003140	mol_003140	1884859	1884859	1903025	theory_fixed
3141	read_003141	mol_003141	1885004	1885004	1902340	theory_fixed
3142	read_003142	mol_003142	1885656	1885656	1908379	theory_fixed
3143	read_003143	mol_003143	1885821	1885821	1905110	theory_fixed
3144	read_003144	mol_003144	1885899	1885899	1903938	theory_fixed
3145	read_003145	mol_003145	1886256	1886256	1899069	theory_fixed
3146	read_003146	mol_003146	1886975	1886975	1904493	theory_fixed
3147	read_003147	mol_003147	1887128	1887128	1904456	theory_fixed
3148	read_003148	mol_003148	1887182	1887182	1908941	theory_fixed
3149	read_003149	mol_003149	1887291	1887291	1912832	theory_fixed
3150	read_003150	mol_003150	1887944	1887944	1902383	theory_fixed
3151	read_003151	mol_003151	1888727	1888727	1912915	theory_fixed
3152	read_003152	mol_003152	1890390	1890390	1907811	theory_fixed
3153	read_003153	mol_003153	1891828	1891828	1909135	theory_fixed
3154	read_003154	mol_003154	1892631	1892631	1906413	theory_fixed
3155	read_003155	mol_003155	1893252	1893252	1911667	theory_fixed
3156	read_003156	mol_003156	1893587	1893587	1911082	theory_fixed
3157	read_003157	mol_003157	1894068	1894068	1909598	theory_fixed
3158	read_003158	mol_003158	1894585	1894585	1913342	theory_fixed
3159	read_003159	mol_003159	1895669	1895669	1909435	theory_fixed
3160	read_003160	mol_003160	1895928	1895928	1916147	theory_fixed
3161	read_003161	mol_003161	1896168	1896168	1909344	theory_fixed
3162	read_003162	mol_003162	1897472	1897472	1917441	theory_fixed
3163	read_003163	mol_003163	1897658	1897658	1912603	theory_fixed
3164	read_003164	mol_003164	1897743	1897743	1912749	theory_fixed
3165	read_003165	mol_003165	1899036	1899036	1920401	theory_fixed
3166	read_003166	mol_003166	1899553	1899553	1916173	theory_fixed
3167	read_003167	mol_003167	1900550	1900550	1921901	theory_fixed
3168	read_003168	mol_003168	1905030	1905030	1919942	theory_fixed
3169	read_003169	mol_003169	1907947	1907947	1929178	theory_fixed
3170	read_003170	mol_003170	1908508	1908508	1932540	theory_fixed
3171	read_003171	mol_003171	1908532	1908532	1922983	theory_fixed
3172	read_003172	mol_003172	1910349	1910349	1928746	theory_fixed
3173	read_003173	mol_003173	1910803	1910803	1926710	theory_fixed
3174	read_003174	mol_003174	1911761	1911761	1930733	theory_fixed
3175	read_003175	mol_003175	1912081	1912081	1928269	theory_fixed
3176	read_003176	mol_003176	1912479	1912479	1931164	theory_fixed
3177	read_003177	mol_003177	1912661	1912661	1932874	theory_fixed
3178	read_003178	mol_003178	1912822	1912822	1934489	theory_fixed
3179	read_003179	mol_003179	1912936	1912936	1926661	theory_fixed
3180	read_003180	mol_003180	1913314	1913314	1931172	theory_fixed
3181	read_003181	mol_003181	1913619	1913619	1929622	theory_fixed
3182	read_003182	mol_003182	1914075	1914075	1928747	theory_fixed
3183	read_003183	mol_003183	1914575	1914575	1928852	theory_fixed
3184	read_003184	mol_003184	1914927	1914927	1926185	theory_fixed
3185	read_003185	mol_003185	1915326	1915326	1937732	theory_fixed
3186	read_003186	mol_003186	1917556	1917556	1937155	theory_fixed
3187	read_003187	mol_003187	1917686	1917686	1943830	theory_fixed
3188	read_003188	mol_003188	1917747	1917747	1952142	theory_fixed
3189	read_003189	mol_003189	1918799	1918799	1933692	theory_fixed
3190	read_003190	mol_003190	1920157	1920157	1934905	theory_fixed
3191	read_003191	mol_003191	1923364	1923364	1940601	theory_fixed
3192	read_003192	mol_003192	1924483	1924483	1936956	theory_fixed
3193	read_003193	mol_003193	1925144	1925144	1942904	theory_fixed
3194	read_003194	mol_003194	1925257	1925257	1940519	theory_fixed
3195	read_003195	mol_003195	1925834	1925834	1944646	theory_fixed
3196	read_003196	mol_003196	1926014	1926014	1949719	theory_fixed
3197	read_003197	mol_003197	1926194	1926194	1949668	theory_fixed
3198	read_003198	mol_003198	1926448	1926448	1942763	theory_fixed
3199	read_003199	mol_003199	1926827	1926827	1946333	theory_fixed
3200	read_003200	mol_003200	1927509	1927509	1942656	theory_fixed
3201	read_003201	mol_003201	1927945	1927945	1944333	theory_fixed
3202	read_003202	mol_003202	1929125	1929125	1957043	theory_fixed
3203	read_003203	mol_003203	1929216	1929216	1943041	theory_fixed
3204	read_003204	mol_003204	1929663	1929663	1944965	theory_fixed
3205	read_003205	mol_003205	1929712	1929712	1951646	theory_fixed
3206	read_003206	mol_003206	1930943	1930943	1954529	theory_fixed
3207	read_003207	mol_003207	1931304	1931304	1946266	theory_fixed
3208	read_003208	mol_003208	1931765	1931765	1949006	theory_fixed
3209	read_003209	mol_003209	1932225	1932225	1942746	theory_fixed
3210	read_003210	mol_003210	1932233	1932233	1955004	theory_fixed
3211	read_003211	mol_003211	1932288	1932288	1945871	theory_fixed
3212	read_003212	mol_003212	1932431	1932431	1949009	theory_fixed
3213	read_003213	mol_003213	1932434	1932434	1950939	theory_fixed
3214	read_003214	mol_003214	1933524	1933524	1953068	theory_fixed
3215	read_003215	mol_003215	1934161	1934161	1953387	theory_fixed
3216	read_003216	mol_003216	1934333	1934333	1949375	theory_fixed
3217	read_003217	mol_003217	1934763	1934763	1951246	theory_fixed
3218	read_003218	mol_003218	1935331	1935331	1956508	theory_fixed
3219	read_003219	mol_003219	1935870	1935870	1950778	theory_fixed
3220	read_003220	mol_003220	1936229	1936229	1947838	theory_fixed
3221	read_003221	mol_003221	1936333	1936333	1958375	theory_fixed
3222	read_003222	mol_003222	1937498	1937498	1958305	theory_fixed
3223	read_003223	mol_003223	1937618	1937618	1949056	theory_fixed
3224	read_003224	mol_003224	1938829	1938829	1968873	theory_fixed
3225	read_003225	mol_003225	1939587	1939587	1958651	theory_fixed
3226	read_003226	mol_003226	1940293	1940293	1954543	theory_fixed
3227	read_003227	mol_003227	1940439	1940439	1959695	theory_fixed
3228	read_003228	mol_003228	1941529	1941529	1955502	theory_fixed
3229	read_003229	mol_003229	1941737	1941737	1957469	theory_fixed
3230	read_003230	mol_003230	1942903	1942903	1958655	theory_fixed
3231	read_003231	mol_003231	1942981	1942981	1960007	theory_fixed
3232	read_003232	mol_003232	1943575	1943575	1961149	theory_fixed
3233	read_003233	mol_003233	1943789	1943789	1967180	theory_fixed
3234	read_003234	mol_003234	1944439	1944439	1963116	theory_fixed
3235	read_003235	mol_003235	1944569	1944569	1968214	theory_fixed
3236	read_003236	mol_003236	1944596	1944596	1963714	theory_fixed
3237	read_003237	mol_003237	1945096	1945096	1961706	theory_fixed
3238	read_003238	mol_003238	1945212	1945212	1959857	theory_fixed
3239	read_003239	mol_003239	1945332	1945332	1961891	theory_fixed
3240	read_003240	mol_003240	1946151	1946151	1971875	theory_fixed
3241	read_003241	mol_003241	1947378	1947378	1967593	theory_fixed
3242	read_003242	mol_003242	1948429	1948429	1966443	theory_fixed
3243	read_003243	mol_003243	1948475	1948475	1966702	theory_fixed
3244	read_003244	mol_003244	1949685	1949685	1960432	theory_fixed
3245	read_003245	mol_003245	1950401	1950401	1963926	theory_fixed
3246	read_003246	mol_003246	1950663	1950663	1972353	theory_fixed
3247	read_003247	mol_003247	1952853	1952853	1972361	theory_fixed
3248	read_003248	mol_003248	1953002	1953002	1971568	theory_fixed
3249	read_003249	mol_003249	1953639	1953639	1973663	theory_fixed
3250	read_003250	mol_003250	1954240	1954240	1973157	theory_fixed
3251	read_003251	mol_003251	1954648	1954648	1975222	theory_fixed
3252	read_003252	mol_003252	1955074	1955074	1970861	theory_fixed
3253	read_003253	mol_003253	1955527	1955527	1972515	theory_fixed
3254	read_003254	mol_003254	1956775	1956775	1974748	theory_fixed
3255	read_003255	mol_003255	1957319	1957319	1971535	theory_fixed
3256	read_003256	mol_003256	1957543	1957543	1970760	theory_fixed
3257	read_003257	mol_003257	1957962	1957962	1972099	theory_fixed
3258	read_003258	mol_003258	1958376	1958376	1972535	theory_fixed
3259	read_003259	mol_003259	1959061	1959061	1976244	theory_fixed
3260	read_003260	mol_003260	1959720	1959720	1975264	theory_fixed
3261	read_003261	mol_003261	1960024	1960024	1975462	theory_fixed
3262	read_003262	mol_003262	1960506	1960506	1978379	theory_fixed
3263	read_003263	mol_003263	1961943	1961943	1983176	theory_fixed
3264	read_003264	mol_003264	1962366	1962366	1985370	theory_fixed
3265	read_003265	mol_003265	1963361	1963361	1980735	theory_fixed
3266	read_003266	mol_003266	1964548	1964548	1985433	theory_fixed
3267	read_003267	mol_003267	1964717	1964717	1981342	theory_fixed
3268	read_003268	mol_003268	1966883	1966883	1979965	theory_fixed
3269	read_003269	mol_003269	1967086	1967086	1979704	theory_fixed
3270	read_003270	mol_003270	1967809	1967809	1980590	theory_fixed
3271	read_003271	mol_003271	1968117	1968117	1987582	theory_fixed
3272	read_003272	mol_003272	1970081	1970081	1989965	theory_fixed
3273	read_003273	mol_003273	1971210	1971210	1987595	theory_fixed
3274	read_003274	mol_003274	1971405	1971405	1985230	theory_fixed
3275	read_003275	mol_003275	1972090	1972090	1983092	theory_fixed
3276	read_003276	mol_003276	1972741	1972741	1991130	theory_fixed
3277	read_003277	mol_003277	1972942	1972942	1995551	theory_fixed
3278	read_003278	mol_003278	1973266	1973266	1988114	theory_fixed
3279	read_003279	mol_003279	1974251	1974251	1996121	theory_fixed
3280	read_003280	mol_003280	1974830	1974830	1988239	theory_fixed
3281	read_003281	mol_003281	1975233	1975233	1990183	theory_fixed
3282	read_003282	mol_003282	1975242	1975242	1994193	theory_fixed
3283	read_003283	mol_003283	1976533	1976533	1994188	theory_fixed
3284	read_003284	mol_003284	1976961	1976961	1994238	theory_fixed
3285	read_003285	mol_003285	1977630	1977630	1993578	theory_fixed
3286	read_003286	mol_003286	1979114	1979114	1996922	theory_fixed
3287	read_003287	mol_003287	1980019	1980019	1995205	theory_fixed
3288	read_003288	mol_003288	1980051	1980051	1996563	theory_fixed
3289	read_003289	mol_003289	1980820	1980820	2000086	theory_fixed
3290	read_003290	mol_003290	1982481	1982481	1997653	theory_fixed
3291	read_003291	mol_003291	1982977	1982977	1999379	theory_fixed
3292	read_003292	mol_003292	1983319	1983319	2002996	theory_fixed
3293	read_003293	mol_003293	1983396	1983396	2000191	theory_fixed
3294	read_003294	mol_003294	1984430	1984430	2006822	theory_fixed
3295	read_003295	mol_003295	1984598	1984598	2010223	theory_fixed
3296	read_003296	mol_003296	1985276	1985276	2002256	theory_fixed
3297	read_003297	mol_003297	1985907	1985907	2013620	theory_fixed
3298	read_003298	mol_003298	1986442	1986442	2005429	theory_fixed
3299	read_003299	mol_003299	1986506	1986506	2010885	theory_fixed
3300	read_003300	mol_003300	1988271	1988271	2021869	theory_fixed
3301	read_003301	mol_003301	1988485	1988485	2002443	theory_fixed
3302	read_003302	mol_003302	1988753	1988753	2008590	theory_fixed
3303	read_003303	mol_003303	1989264	1989264	1999173	theory_fixed
3304	read_003304	mol_003304	1989907	1989907	2010323	theory_fixed
3305	read_003305	mol_003305	1990207	1990207	2007228	theory_fixed
3306	read_003306	mol_003306	1992157	1992157	2016218	theory_fixed
3307	read_003307	mol_003307	1992760	1992760	2004802	theory_fixed
3308	read_003308	mol_003308	1994796	1994796	2013163	theory_fixed
3309	read_003309	mol_003309	1997374	1997374	2014766	theory_fixed
3310	read_003310	mol_003310	1997408	1997408	2011870	theory_fixed
3311	read_003311	mol_003311	1998961	1998961	2011945	theory_fixed
3312	read_003312	mol_003312	1999606	1999606	2017012	theory_fixed
3313	read_003313	mol_003313	1999758	1999758	2020835	theory_fixed
3314	read_003314	mol_003314	1999937	1999937	2022163	theory_fixed
3315	read_003315	mol_003315	2000386	2000386	2017075	theory_fixed
3316	read_003316	mol_003316	2000472	2000472	2016525	theory_fixed
3317	read_003317	mol_003317	2000528	2000528	2020361	theory_fixed
3318	read_003318	mol_003318	2001978	2001978	2014371	theory_fixed
3319	read_003319	mol_003319	2002008	2002008	2023008	theory_fixed
3320	read_003320	mol_003320	2002565	2002565	2019095	theory_fixed
3321	read_003321	mol_003321	2003915	2003915	2022685	theory_fixed
3322	read_003322	mol_003322	2003994	2003994	2017033	theory_fixed
3323	read_003323	mol_003323	2003999	2003999	2019811	theory_fixed
3324	read_003324	mol_003324	2004513	2004513	2030547	theory_fixed
3325	read_003325	mol_003325	2004534	2004534	2022393	theory_fixed
3326	read_003326	mol_003326	2005111	2005111	2018049	theory_fixed
3327	read_003327	mol_003327	2005159	2005159	2028858	theory_fixed
3328	read_003328	mol_003328	2007071	2007071	2018904	theory_fixed
3329	read_003329	mol_003329	2007668	2007668	2025624	theory_fixed
3330	read_003330	mol_003330	2008333	2008333	2021698	theory_fixed
3331	read_003331	mol_003331	2008499	2008499	2025598	theory_fixed
3332	read_003332	mol_003332	2008518	2008518	2032234	theory_fixed
3333	read_003333	mol_003333	2008558	2008558	2022836	theory_fixed
3334	read_003334	mol_003334	2008808	2008808	2025776	theory_fixed
3335	read_003335	mol_003335	2009812	2009812	2024346	theory_fixed
3336	read_003336	mol_003336	2009843	2009843	2025036	theory_fixed
3337	read_003337	mol_003337	2010540	2010540	2026349	theory_fixed
3338	read_003338	mol_003338	2011298	2011298	2028260	theory_fixed
3339	read_003339	mol_003339	2012939	2012939	2040487	theory_fixed
3340	read_003340	mol_003340	2013306	2013306	2027833	theory_fixed
3341	read_003341	mol_003341	2013785	2013785	2034995	theory_fixed
3342	read_003342	mol_003342	2015108	2015108	2033800	theory_fixed
3343	read_003343	mol_003343	2016638	2016638	2033543	theory_fixed
3344	read_003344	mol_003344	2018189	2018189	2046419	theory_fixed
3345	read_003345	mol_003345	2018744	2018744	2040302	theory_fixed
3346	read_003346	mol_003346	2019141	2019141	2036952	theory_fixed
3347	read_003347	mol_003347	2020540	2020540	2045727	theory_fixed
3348	read_003348	mol_003348	2021991	2021991	2036573	theory_fixed
3349	read_003349	mol_003349	2022087	2022087	2044225	theory_fixed
3350	read_003350	mol_003350	2022282	2022282	2042922	theory_fixed
3351	read_003351	mol_003351	2023159	2023159	2044172	theory_fixed
3352	read_003352	mol_003352	2023188	2023188	2048192	theory_fixed
3353	read_003353	mol_003353	2023948	2023948	2034119	theory_fixed
3354	read_003354	mol_003354	2024805	2024805	2053682	theory_fixed
3355	read_003355	mol_003355	2026732	2026732	2047382	theory_fixed
3356	read_003356	mol_003356	2026747	2026747	2044447	theory_fixed
3357	read_003357	mol_003357	2027163	2027163	2053647	theory_fixed
3358	read_003358	mol_003358	2027229	2027229	2046445	theory_fixed
3359	read_003359	mol_003359	2029387	2029387	2053587	theory_fixed
3360	read_003360	mol_003360	2029534	2029534	2055066	theory_fixed
3361	read_003361	mol_003361	2029534	2029534	2044284	theory_fixed
3362	read_003362	mol_003362	2029987	2029987	2049181	theory_fixed
3363	read_003363	mol_003363	2030527	2030527	2049324	theory_fixed
3364	read_003364	mol_003364	2032163	2032163	2053209	theory_fixed
3365	read_003365	mol_003365	2032378	2032378	2052215	theory_fixed
3366	read_003366	mol_003366	2032839	2032839	2051126	theory_fixed
3367	read_003367	mol_003367	2033442	2033442	2047493	theory_fixed
3368	read_003368	mol_003368	2033642	2033642	2047709	theory_fixed
3369	read_003369	mol_003369	2034552	2034552	2054478	theory_fixed
3370	read_003370	mol_003370	2034684	2034684	2053973	theory_fixed
3371	read_003371	mol_003371	2034755	2034755	2052899	theory_fixed
3372	read_003372	mol_003372	2035582	2035582	2050146	theory_fixed
3373	read_003373	mol_003373	2035586	2035586	2052940	theory_fixed
3374	read_003374	mol_003374	2035773	2035773	2054721	theory_fixed
3375	read_003375	mol_003375	2036760	2036760	2051302	theory_fixed
3376	read_003376	mol_003376	2037912	2037912	2054780	theory_fixed
3377	read_003377	mol_003377	2039005	2039005	2063861	theory_fixed
3378	read_003378	mol_003378	2039094	2039094	2057498	theory_fixed
3379	read_003379	mol_003379	2039390	2039390	2061062	theory_fixed
3380	read_003380	mol_003380	2039619	2039619	2057708	theory_fixed
3381	read_003381	mol_003381	2039807	2039807	2048712	theory_fixed
3382	read_003382	mol_003382	2040942	2040942	2057933	theory_fixed
3383	read_003383	mol_003383	2041374	2041374	2062232	theory_fixed
3384	read_003384	mol_003384	2042949	2042949	2055509	theory_fixed
3385	read_003385	mol_003385	2043141	2043141	2061011	theory_fixed
3386	read_003386	mol_003386	2043531	2043531	2059451	theory_fixed
3387	read_003387	mol_003387	2044287	2044287	2057982	theory_fixed
3388	read_003388	mol_003388	2044430	2044430	2060363	theory_fixed
3389	read_003389	mol_003389	2045489	2045489	2064603	theory_fixed
3390	read_003390	mol_003390	2046597	2046597	2059933	theory_fixed
3391	read_003391	mol_003391	2047602	2047602	2058596	theory_fixed
3392	read_003392	mol_003392	2047672	2047672	2071947	theory_fixed
3393	read_003393	mol_003393	2048336	2048336	2062274	theory_fixed
3394	read_003394	mol_003394	2048664	2048664	2062684	theory_fixed
3395	read_003395	mol_003395	2050302	2050302	2064502	theory_fixed
3396	read_003396	mol_003396	2050622	2050622	2068289	theory_fixed
3397	read_003397	mol_003397	2050810	2050810	2068130	theory_fixed
3398	read_003398	mol_003398	2050842	2050842	2065950	theory_fixed
3399	read_003399	mol_003399	2051514	2051514	2082284	theory_fixed
3400	read_003400	mol_003400	2052121	2052121	2078185	theory_fixed
3401	read_003401	mol_003401	2052617	2052617	2070516	theory_fixed
3402	read_003402	mol_003402	2052786	2052786	2069561	theory_fixed
3403	read_003403	mol_003403	2053735	2053735	2069292	theory_fixed
3404	read_003404	mol_003404	2054552	2054552	2069089	theory_fixed
3405	read_003405	mol_003405	2054937	2054937	2073841	theory_fixed
3406	read_003406	mol_003406	2055383	2055383	2077862	theory_fixed
3407	read_003407	mol_003407	2056104	2056104	2072902	theory_fixed
3408	read_003408	mol_003408	2057299	2057299	2071979	theory_fixed
3409	read_003409	mol_003409	2057943	2057943	2076595	theory_fixed
3410	read_003410	mol_003410	2058694	2058694	2075239	theory_fixed
3411	read_003411	mol_003411	2058961	2058961	2079787	theory_fixed
3412	read_003412	mol_003412	2059725	2059725	2075267	theory_fixed
3413	read_003413	mol_003413	2060249	2060249	2081204	theory_fixed
3414	read_003414	mol_003414	2060953	2060953	2075187	theory_fixed
3415	read_003415	mol_003415	2061437	2061437	2075206	theory_fixed
3416	read_003416	mol_003416	2062949	2062949	2088794	theory_fixed
3417	read_003417	mol_003417	2063126	2063126	2077615	theory_fixed
3418	read_003418	mol_003418	2064825	2064825	2077379	theory_fixed
3419	read_003419	mol_003419	2064850	2064850	2082397	theory_fixed
3420	read_003420	mol_003420	2065466	2065466	2081933	theory_fixed
3421	read_003421	mol_003421	2065707	2065707	2089403	theory_fixed
3422	read_003422	mol_003422	2066522	2066522	2082278	theory_fixed
3423	read_003423	mol_003423	2067315	2067315	2082211	theory_fixed
3424	read_003424	mol_003424	2067345	2067345	2083745	theory_fixed
3425	read_003425	mol_003425	2067597	2067597	2089838	theory_fixed
3426	read_003426	mol_003426	2068089	2068089	2084553	theory_fixed
3427	read_003427	mol_003427	2069046	2069046	2094045	theory_fixed
3428	read_003428	mol_003428	2069596	2069596	2082650	theory_fixed
3429	read_003429	mol_003429	2070445	2070445	2089353	theory_fixed
3430	read_003430	mol_003430	2071395	2071395	2094972	theory_fixed
3431	read_003431	mol_003431	2071665	2071665	2087363	theory_fixed
3432	read_003432	mol_003432	2071846	2071846	2089466	theory_fixed
3433	read_003433	mol_003433	2072093	2072093	2091215	theory_fixed
3434	read_003434	mol_003434	2072873	2072873	2092532	theory_fixed
3435	read_003435	mol_003435	2073552	2073552	2089720	theory_fixed
3436	read_003436	mol_003436	2073556	2073556	2088678	theory_fixed
3437	read_003437	mol_003437	2074757	2074757	2091676	theory_fixed
3438	read_003438	mol_003438	2075898	2075898	2105254	theory_fixed
3439	read_003439	mol_003439	2077280	2077280	2090910	theory_fixed
3440	read_003440	mol_003440	2078110	2078110	2095248	theory_fixed
3441	read_003441	mol_003441	2079296	2079296	2098186	theory_fixed
3442	read_003442	mol_003442	2082302	2082302	2103413	theory_fixed
3443	read_003443	mol_003443	2083575	2083575	2097950	theory_fixed
3444	read_003444	mol_003444	2084029	2084029	2100835	theory_fixed
3445	read_003445	mol_003445	2084439	2084439	2109846	theory_fixed
3446	read_003446	mol_003446	2084573	2084573	2102196	theory_fixed
3447	read_003447	mol_003447	2085317	2085317	2100606	theory_fixed
3448	read_003448	mol_003448	2085860	2085860	2103138	theory_fixed
3449	read_003449	mol_003449	2086327	2086327	2108264	theory_fixed
3450	read_003450	mol_003450	2087075	2087075	2101685	theory_fixed
3451	read_003451	mol_003451	2087279	2087279	2103384	theory_fixed
3452	read_003452	mol_003452	2087909	2087909	2100145	theory_fixed
3453	read_003453	mol_003453	2087937	2087937	2102603	theory_fixed
3454	read_003454	mol_003454	2088341	2088341	2105144	theory_fixed
3455	read_003455	mol_003455	2090065	2090065	2101914	theory_fixed
3456	read_003456	mol_003456	2090219	2090219	2116972	theory_fixed
3457	read_003457	mol_003457	2090588	2090588	2111378	theory_fixed
3458	read_003458	mol_003458	2091615	2091615	2114141	theory_fixed
3459	read_003459	mol_003459	2091716	2091716	2117565	theory_fixed
3460	read_003460	mol_003460	2092425	2092425	2109934	theory_fixed
3461	read_003461	mol_003461	2092590	2092590	2110391	theory_fixed
3462	read_003462	mol_003462	2093002	2093002	2112933	theory_fixed
3463	read_003463	mol_003463	2093311	2093311	2105426	theory_fixed
3464	read_003464	mol_003464	2093683	2093683	2116103	theory_fixed
3465	read_003465	mol_003465	2093787	2093787	2113775	theory_fixed
3466	read_003466	mol_003466	2094092	2094092	2112608	theory_fixed
3467	read_003467	mol_003467	2094971	2094971	2115658	theory_fixed
3468	read_003468	mol_003468	2095248	2095248	2115340	theory_fixed
3469	read_003469	mol_003469	2095305	2095305	2105682	theory_fixed
3470	read_003470	mol_003470	2095507	2095507	2119564	theory_fixed
3471	read_003471	mol_003471	2095924	2095924	2109987	theory_fixed
3472	read_003472	mol_003472	2095956	2095956	2116893	theory_fixed
3473	read_003473	mol_003473	2095980	2095980	2123807	theory_fixed
3474	read_003474	mol_003474	2096634	2096634	2112896	theory_fixed
3475	read_003475	mol_003475	2098308	2098308	2112698	theory_fixed
3476	read_003476	mol_003476	2098483	2098483	2121772	theory_fixed
3477	read_003477	mol_003477	2098687	2098687	2115809	theory_fixed
3478	read_003478	mol_003478	2098728	2098728	2124643	theory_fixed
3479	read_003479	mol_003479	2099839	2099839	2119812	theory_fixed
3480	read_003480	mol_003480	2099867	2099867	2121426	theory_fixed
3481	read_003481	mol_003481	2100117	2100117	2113875	theory_fixed
3482	read_003482	mol_003482	2100255	2100255	2115208	theory_fixed
3483	read_003483	mol_003483	2100691	2100691	2117068	theory_fixed
3484	read_003484	mol_003484	2102241	2102241	2117535	theory_fixed
3485	read_003485	mol_003485	2102433	2102433	2116724	theory_fixed
3486	read_003486	mol_003486	2104467	2104467	2121129	theory_fixed
3487	read_003487	mol_003487	2105244	2105244	2120856	theory_fixed
3488	read_003488	mol_003488	2105923	2105923	2121533	theory_fixed
3489	read_003489	mol_003489	2106865	2106865	2124818	theory_fixed
3490	read_003490	mol_003490	2107312	2107312	2127959	theory_fixed
3491	read_003491	mol_003491	2108164	2108164	2121870	theory_fixed
3492	read_003492	mol_003492	2108424	2108424	2131199	theory_fixed
3493	read_003493	mol_003493	2109529	2109529	2128747	theory_fixed
3494	read_003494	mol_003494	2109954	2109954	2127719	theory_fixed
3495	read_003495	mol_003495	2110304	2110304	2126899	theory_fixed
3496	read_003496	mol_003496	2110451	2110451	2125544	theory_fixed
3497	read_003497	mol_003497	2111024	2111024	2138594	theory_fixed
3498	read_003498	mol_003498	2111048	2111048	2133121	theory_fixed
3499	read_003499	mol_003499	2111390	2111390	2135487	theory_fixed
3500	read_003500	mol_003500	2112172	2112172	2140425	theory_fixed
3501	read_003501	mol_003501	2112180	2112180	2130160	theory_fixed
3502	read_003502	mol_003502	2113191	2113191	2130411	theory_fixed
3503	read_003503	mol_003503	2113366	2113366	2127302	theory_fixed
3504	read_003504	mol_003504	2113695	2113695	2130338	theory_fixed
3505	read_003505	mol_003505	2113898	2113898	2125732	theory_fixed
3506	read_003506	mol_003506	2114458	2114458	2128958	theory_fixed
3507	read_003507	mol_003507	2114715	2114715	2127505	theory_fixed
3508	read_003508	mol_003508	2114983	2114983	2123018	theory_fixed
3509	read_003509	mol_003509	2115417	2115417	2126787	theory_fixed
3510	read_003510	mol_003510	2116613	2116613	2132689	theory_fixed
3511	read_003511	mol_003511	2117017	2117017	2132309	theory_fixed
3512	read_003512	mol_003512	2118163	2118163	2134695	theory_fixed
3513	read_003513	mol_003513	2119244	2119244	2144159	theory_fixed
3514	read_003514	mol_003514	2120050	2120050	2130092	theory_fixed
3515	read_003515	mol_003515	2120144	2120144	2139910	theory_fixed
3516	read_003516	mol_003516	2120538	2120538	2139272	theory_fixed
3517	read_003517	mol_003517	2121288	2121288	2135626	theory_fixed
3518	read_003518	mol_003518	2122192	2122192	2143463	theory_fixed
3519	read_003519	mol_003519	2122653	2122653	2141074	theory_fixed
3520	read_003520	mol_003520	2123297	2123297	2138360	theory_fixed
3521	read_003521	mol_003521	2124343	2124343	2141674	theory_fixed
3522	read_003522	mol_003522	2124688	2124688	2142793	theory_fixed
3523	read_003523	mol_003523	2125046	2125046	2136074	theory_fixed
3524	read_003524	mol_003524	2125531	2125531	2137475	theory_fixed
3525	read_003525	mol_003525	2125908	2125908	2142774	theory_fixed
3526	read_003526	mol_003526	2126379	2126379	2141289	theory_fixed
3527	read_003527	mol_003527	2127467	2127467	2147281	theory_fixed
3528	read_003528	mol_003528	2129074	2129074	2153240	theory_fixed
3529	read_003529	mol_003529	2130618	2130618	2143659	theory_fixed
3530	read_003530	mol_003530	2130800	2130800	2146540	theory_fixed
3531	read_003531	mol_003531	2131540	2131540	2145250	theory_fixed
3532	read_003532	mol_003532	2131881	2131881	2149281	theory_fixed
3533	read_003533	mol_003533	2131997	2131997	2155891	theory_fixed
3534	read_003534	mol_003534	2132164	2132164	2144634	theory_fixed
3535	read_003535	mol_003535	2132830	2132830	2150720	theory_fixed
3536	read_003536	mol_003536	2133074	2133074	2149912	theory_fixed
3537	read_003537	mol_003537	2133658	2133658	2151428	theory_fixed
3538	read_003538	mol_003538	2133784	2133784	2149461	theory_fixed
3539	read_003539	mol_003539	2136339	2136339	2149186	theory_fixed
3540	read_003540	mol_003540	2137594	2137594	2163089	theory_fixed
3541	read_003541	mol_003541	2137754	2137754	2155279	theory_fixed
3542	read_003542	mol_003542	2139055	2139055	2154524	theory_fixed
3543	read_003543	mol_003543	2139234	2139234	2156411	theory_fixed
3544	read_003544	mol_003544	2140422	2140422	2163492	theory_fixed
3545	read_003545	mol_003545	2140799	2140799	2149813	theory_fixed
3546	read_003546	mol_003546	2140921	2140921	2155983	theory_fixed
3547	read_003547	mol_003547	2141280	2141280	2155168	theory_fixed
3548	read_003548	mol_003548	2141867	2141867	2166571	theory_fixed
3549	read_003549	mol_003549	2142063	2142063	2162715	theory_fixed
3550	read_003550	mol_003550	2142268	2142268	2160461	theory_fixed
3551	read_003551	mol_003551	2143205	2143205	2166150	theory_fixed
3552	read_003552	mol_003552	2143557	2143557	2166378	theory_fixed
3553	read_003553	mol_003553	2143673	2143673	2169170	theory_fixed
3554	read_003554	mol_003554	2144706	2144706	2165926	theory_fixed
3555	read_003555	mol_003555	2145314	2145314	2156698	theory_fixed
3556	read_003556	mol_003556	2145402	2145402	2159627	theory_fixed
3557	read_003557	mol_003557	2145808	2145808	2166718	theory_fixed
3558	read_003558	mol_003558	2146230	2146230	2169255	theory_fixed
3559	read_003559	mol_003559	2146613	2146613	2163158	theory_fixed
3560	read_003560	mol_003560	2146777	2146777	2170920	theory_fixed
3561	read_003561	mol_003561	2146813	2146813	2173989	theory_fixed
3562	read_003562	mol_003562	2147201	2147201	2164648	theory_fixed
3563	read_003563	mol_003563	2147632	2147632	2174460	theory_fixed
3564	read_003564	mol_003564	2148009	2148009	2165755	theory_fixed
3565	read_003565	mol_003565	2149257	2149257	2161784	theory_fixed
3566	read_003566	mol_003566	2149801	2149801	2165224	theory_fixed
3567	read_003567	mol_003567	2149892	2149892	2169943	theory_fixed
3568	read_003568	mol_003568	2150384	2150384	2175473	theory_fixed
3569	read_003569	mol_003569	2150614	2150614	2166105	theory_fixed
3570	read_003570	mol_003570	2151887	2151887	2165469	theory_fixed
3571	read_003571	mol_003571	2152851	2152851	2170182	theory_fixed
3572	read_003572	mol_003572	2153054	2153054	2169743	theory_fixed
3573	read_003573	mol_003573	2153649	2153649	2168292	theory_fixed
3574	read_003574	mol_003574	2156233	2156233	2174972	theory_fixed
3575	read_003575	mol_003575	2156689	2156689	2170823	theory_fixed
3576	read_003576	mol_003576	2156809	2156809	2176761	theory_fixed
3577	read_003577	mol_003577	2157214	2157214	2180578	theory_fixed
3578	read_003578	mol_003578	2157739	2157739	2182427	theory_fixed
3579	read_003579	mol_003579	2157902	2157902	2176609	theory_fixed
3580	read_003580	mol_003580	2158154	2158154	2180682	theory_fixed
3581	read_003581	mol_003581	2158160	2158160	2176943	theory_fixed
3582	read_003582	mol_003582	2158466	2158466	2176568	theory_fixed
3583	read_003583	mol_003583	2158725	2158725	2181514	theory_fixed
3584	read_003584	mol_003584	2158948	2158948	2173812	theory_fixed
3585	read_003585	mol_003585	2160293	2160293	2181745	theory_fixed
3586	read_003586	mol_003586	2161106	2161106	2180759	theory_fixed
3587	read_003587	mol_003587	2161523	2161523	2181081	theory_fixed
3588	read_003588	mol_003588	2162576	2162576	2185037	theory_fixed
3589	read_003589	mol_003589	2163056	2163056	2179369	theory_fixed
3590	read_003590	mol_003590	2163104	2163104	2180213	theory_fixed
3591	read_003591	mol_003591	2163366	2163366	2176168	theory_fixed
3592	read_003592	mol_003592	2164006	2164006	2180427	theory_fixed
3593	read_003593	mol_003593	2165102	2165102	2184392	theory_fixed
3594	read_003594	mol_003594	2165260	2165260	2183911	theory_fixed
3595	read_003595	mol_003595	2165989	2165989	2178571	theory_fixed
3596	read_003596	mol_003596	2166394	2166394	2186781	theory_fixed
3597	read_003597	mol_003597	2166923	2166923	2184069	theory_fixed
3598	read_003598	mol_003598	2168761	2168761	2181586	theory_fixed
3599	read_003599	mol_003599	2170389	2170389	2184220	theory_fixed
3600	read_003600	mol_003600	2170638	2170638	2194606	theory_fixed
3601	read_003601	mol_003601	2171587	2171587	2194009	theory_fixed
3602	read_003602	mol_003602	2172345	2172345	2196310	theory_fixed
3603	read_003603	mol_003603	2172677	2172677	2188739	theory_fixed
3604	read_003604	mol_003604	2173566	2173566	2188492	theory_fixed
3605	read_003605	mol_003605	2173681	2173681	2191986	theory_fixed
3606	read_003606	mol_003606	2173963	2173963	2191471	theory_fixed
3607	read_003607	mol_003607	2174013	2174013	2192123	theory_fixed
3608	read_003608	mol_003608	2174876	2174876	2196448	theory_fixed
3609	read_003609	mol_003609	2174994	2174994	2197306	theory_fixed
3610	read_003610	mol_003610	2175440	2175440	2189749	theory_fixed
3611	read_003611	mol_003611	2176467	2176467	2191178	theory_fixed
3612	read_003612	mol_003612	2176759	2176759	2198001	theory_fixed
3613	read_003613	mol_003613	2176844	2176844	2192265	theory_fixed
3614	read_003614	mol_003614	2176971	2176971	2192725	theory_fixed
3615	read_003615	mol_003615	2177152	2177152	2198875	theory_fixed
3616	read_003616	mol_003616	2178533	2178533	2192176	theory_fixed
3617	read_003617	mol_003617	2182203	2182203	2201767	theory_fixed
3618	read_003618	mol_003618	2183008	2183008	2201270	theory_fixed
3619	read_003619	mol_003619	2183731	2183731	2197193	theory_fixed
3620	read_003620	mol_003620	2184929	2184929	2201096	theory_fixed
3621	read_003621	mol_003621	2186176	2186176	2205934	theory_fixed
3622	read_003622	mol_003622	2186179	2186179	2201040	theory_fixed
3623	read_003623	mol_003623	2186902	2186902	2203133	theory_fixed
3624	read_003624	mol_003624	2186940	2186940	2204316	theory_fixed
3625	read_003625	mol_003625	2187956	2187956	2206059	theory_fixed
3626	read_003626	mol_003626	2188042	2188042	2201546	theory_fixed
3627	read_003627	mol_003627	2188983	2188983	2213459	theory_fixed
3628	read_003628	mol_003628	2190115	2190115	2207727	theory_fixed
3629	read_003629	mol_003629	2190746	2190746	2211333	theory_fixed
3630	read_003630	mol_003630	2191063	2191063	2207300	theory_fixed
3631	read_003631	mol_003631	2191681	2191681	2209445	theory_fixed
3632	read_003632	mol_003632	2191822	2191822	2219521	theory_fixed
3633	read_003633	mol_003633	2192176	2192176	2216474	theory_fixed
3634	read_003634	mol_003634	2193852	2193852	2218475	theory_fixed
3635	read_003635	mol_003635	2194066	2194066	2215234	theory_fixed
3636	read_003636	mol_003636	2194770	2194770	2216615	theory_fixed
3637	read_003637	mol_003637	2194822	2194822	2213736	theory_fixed
3638	read_003638	mol_003638	2195304	2195304	2209749	theory_fixed
3639	read_003639	mol_003639	2195384	2195384	2215386	theory_fixed
3640	read_003640	mol_003640	2196290	2196290	2218417	theory_fixed
3641	read_003641	mol_003641	2196391	2196391	2212284	theory_fixed
3642	read_003642	mol_003642	2196925	2196925	2219614	theory_fixed
3643	read_003643	mol_003643	2197018	2197018	2216482	theory_fixed
3644	read_003644	mol_003644	2197380	2197380	2219234	theory_fixed
3645	read_003645	mol_003645	2197858	2197858	2229389	theory_fixed
3646	read_003646	mol_003646	2198186	2198186	2211226	theory_fixed
3647	read_003647	mol_003647	2198231	2198231	2212972	theory_fixed
3648	read_003648	mol_003648	2198385	2198385	2217593	theory_fixed
3649	read_003649	mol_003649	2198784	2198784	2217992	theory_fixed
3650	read_003650	mol_003650	2199259	2199259	2218801	theory_fixed
3651	read_003651	mol_003651	2199866	2199866	2220610	theory_fixed
3652	read_003652	mol_003652	2200471	2200471	2217174	theory_fixed
3653	read_003653	mol_003653	2200491	2200491	2213253	theory_fixed
3654	read_003654	mol_003654	2200782	2200782	2218997	theory_fixed
3655	read_003655	mol_003655	2200783	2200783	2221083	theory_fixed
3656	read_003656	mol_003656	2201571	2201571	2227344	theory_fixed
3657	read_003657	mol_003657	2203553	2203553	2222467	theory_fixed
3658	read_003658	mol_003658	2203996	2203996	2218600	theory_fixed
3659	read_003659	mol_003659	2204423	2204423	2218829	theory_fixed
3660	read_003660	mol_003660	2204771	2204771	2232627	theory_fixed
3661	read_003661	mol_003661	2205097	2205097	2221099	theory_fixed
3662	read_003662	mol_003662	2205248	2205248	2222041	theory_fixed
3663	read_003663	mol_003663	2206097	2206097	2220247	theory_fixed
3664	read_003664	mol_003664	2206318	2206318	2216814	theory_fixed
3665	read_003665	mol_003665	2206522	2206522	2225329	theory_fixed
3666	read_003666	mol_003666	2207723	2207723	2228753	theory_fixed
3667	read_003667	mol_003667	2207932	2207932	2220287	theory_fixed
3668	read_003668	mol_003668	2208689	2208689	2234161	theory_fixed
3669	read_003669	mol_003669	2208905	2208905	2228427	theory_fixed
3670	read_003670	mol_003670	2209824	2209824	2228007	theory_fixed
3671	read_003671	mol_003671	2210680	2210680	2228809	theory_fixed
3672	read_003672	mol_003672	2210686	2210686	2226937	theory_fixed
3673	read_003673	mol_003673	2212804	2212804	2226392	theory_fixed
3674	read_003674	mol_003674	2213830	2213830	2232820	theory_fixed
3675	read_003675	mol_003675	2213909	2213909	2224880	theory_fixed
3676	read_003676	mol_003676	2214357	2214357	2236658	theory_fixed
3677	read_003677	mol_003677	2215109	2215109	2228364	theory_fixed
3678	read_003678	mol_003678	2215865	2215865	2232909	theory_fixed
3679	read_003679	mol_003679	2216379	2216379	2228153	theory_fixed
3680	read_003680	mol_003680	2216552	2216552	2244928	theory_fixed
3681	read_003681	mol_003681	2216918	2216918	2231947	theory_fixed
3682	read_003682	mol_003682	2218318	2218318	2237922	theory_fixed
3683	read_003683	mol_003683	2218806	2218806	2234001	theory_fixed
3684	read_003684	mol_003684	2218931	2218931	2237275	theory_fixed
3685	read_003685	mol_003685	2218982	2218982	2236296	theory_fixed
3686	read_003686	mol_003686	2219437	2219437	2241469	theory_fixed
3687	read_003687	mol_003687	2221041	2221041	2242009	theory_fixed
3688	read_003688	mol_003688	2221191	2221191	2240699	theory_fixed
3689	read_003689	mol_003689	2221292	2221292	2245786	theory_fixed
3690	read_003690	mol_003690	2221517	2221517	2235813	theory_fixed
3691	read_003691	mol_003691	2222453	2222453	2245680	theory_fixed
3692	read_003692	mol_003692	2222579	2222579	2248267	theory_fixed
3693	read_003693	mol_003693	2222936	2222936	2245743	theory_fixed
3694	read_003694	mol_003694	2223001	2223001	2238822	theory_fixed
3695	read_003695	mol_003695	2225136	2225136	2244075	theory_fixed
3696	read_003696	mol_003696	2227494	2227494	2243217	theory_fixed
3697	read_003697	mol_003697	2228560	2228560	2238184	theory_fixed
3698	read_003698	mol_003698	2229667	2229667	2258768	theory_fixed
3699	read_003699	mol_003699	2230757	2230757	2250656	theory_fixed
3700	read_003700	mol_003700	2230889	2230889	2244499	theory_fixed
3701	read_003701	mol_003701	2231397	2231397	2244200	theory_fixed
3702	read_003702	mol_003702	2231824	2231824	2255796	theory_fixed
3703	read_003703	mol_003703	2232531	2232531	2254414	theory_fixed
3704	read_003704	mol_003704	2234089	2234089	2255043	theory_fixed
3705	read_003705	mol_003705	2234241	2234241	2256428	theory_fixed
3706	read_003706	mol_003706	2234517	2234517	2245404	theory_fixed
3707	read_003707	mol_003707	2234731	2234731	2254908	theory_fixed
3708	read_003708	mol_003708	2235283	2235283	2245919	theory_fixed
3709	read_003709	mol_003709	2235707	2235707	2255375	theory_fixed
3710	read_003710	mol_003710	2235749	2235749	2258452	theory_fixed
3711	read_003711	mol_003711	2236283	2236283	2251090	theory_fixed
3712	read_003712	mol_003712	2236698	2236698	2256387	theory_fixed
3713	read_003713	mol_003713	2236770	2236770	2265291	theory_fixed
3714	read_003714	mol_003714	2237835	2237835	2267925	theory_fixed
3715	read_003715	mol_003715	2238537	2238537	2253455	theory_fixed
3716	read_003716	mol_003716	2238763	2238763	2252154	theory_fixed
3717	read_003717	mol_003717	2238802	2238802	2257717	theory_fixed
3718	read_003718	mol_003718	2239322	2239322	2254810	theory_fixed
3719	read_003719	mol_003719	2239672	2239672	2255360	theory_fixed
3720	read_003720	mol_003720	2240298	2240298	2255881	theory_fixed
3721	read_003721	mol_003721	2240376	2240376	2256310	theory_fixed
3722	read_003722	mol_003722	2240429	2240429	2253503	theory_fixed
3723	read_003723	mol_003723	2240574	2240574	2259219	theory_fixed
3724	read_003724	mol_003724	2242356	2242356	2254214	theory_fixed
3725	read_003725	mol_003725	2242958	2242958	2260877	theory_fixed
3726	read_003726	mol_003726	2243242	2243242	2266221	theory_fixed
3727	read_003727	mol_003727	2243391	2243391	2255071	theory_fixed
3728	read_003728	mol_003728	2244243	2244243	2260335	theory_fixed
3729	read_003729	mol_003729	2244304	2244304	2267113	theory_fixed
3730	read_003730	mol_003730	2245297	2245297	2260050	theory_fixed
3731	read_003731	mol_003731	2245522	2245522	2271948	theory_fixed
3732	read_003732	mol_003732	2245982	2245982	2264649	theory_fixed
3733	read_003733	mol_003733	2246165	2246165	2269934	theory_fixed
3734	read_003734	mol_003734	2246486	2246486	2266509	theory_fixed
3735	read_003735	mol_003735	2246929	2246929	2272658	theory_fixed
3736	read_003736	mol_003736	2247031	2247031	2261809	theory_fixed
3737	read_003737	mol_003737	2248301	2248301	2267214	theory_fixed
3738	read_003738	mol_003738	2249430	2249430	2267778	theory_fixed
3739	read_003739	mol_003739	2249691	2249691	2267238	theory_fixed
3740	read_003740	mol_003740	2249723	2249723	2263344	theory_fixed
3741	read_003741	mol_003741	2252029	2252029	2274795	theory_fixed
3742	read_003742	mol_003742	2254168	2254168	2276229	theory_fixed
3743	read_003743	mol_003743	2254583	2254583	2271461	theory_fixed
3744	read_003744	mol_003744	2254661	2254661	2278632	theory_fixed
3745	read_003745	mol_003745	2254822	2254822	2277260	theory_fixed
3746	read_003746	mol_003746	2255465	2255465	2270767	theory_fixed
3747	read_003747	mol_003747	2255490	2255490	2280321	theory_fixed
3748	read_003748	mol_003748	2255786	2255786	2273431	theory_fixed
3749	read_003749	mol_003749	2256846	2256846	2276286	theory_fixed
3750	read_003750	mol_003750	2260702	2260702	2271556	theory_fixed
3751	read_003751	mol_003751	2261108	2261108	2276526	theory_fixed
3752	read_003752	mol_003752	2261117	2261117	2274055	theory_fixed
3753	read_003753	mol_003753	2261874	2261874	2274863	theory_fixed
3754	read_003754	mol_003754	2262409	2262409	2282131	theory_fixed
3755	read_003755	mol_003755	2263419	2263419	2277650	theory_fixed
3756	read_003756	mol_003756	2263758	2263758	2285216	theory_fixed
3757	read_003757	mol_003757	2263864	2263864	2278307	theory_fixed
3758	read_003758	mol_003758	2264140	2264140	2273536	theory_fixed
3759	read_003759	mol_003759	2264489	2264489	2275484	theory_fixed
3760	read_003760	mol_003760	2264524	2264524	2282484	theory_fixed
3761	read_003761	mol_003761	2264958	2264958	2293263	theory_fixed
3762	read_003762	mol_003762	2265039	2265039	2284030	theory_fixed
3763	read_003763	mol_003763	2265870	2265870	2278671	theory_fixed
3764	read_003764	mol_003764	2266150	2266150	2285470	theory_fixed
3765	read_003765	mol_003765	2266628	2266628	2280457	theory_fixed
3766	read_003766	mol_003766	2266649	2266649	2285282	theory_fixed
3767	read_003767	mol_003767	2267068	2267068	2282703	theory_fixed
3768	read_003768	mol_003768	2267089	2267089	2280856	theory_fixed
3769	read_003769	mol_003769	2268178	2268178	2287792	theory_fixed
3770	read_003770	mol_003770	2268564	2268564	2288422	theory_fixed
3771	read_003771	mol_003771	2268806	2268806	2283416	theory_fixed
3772	read_003772	mol_003772	2269855	2269855	2279194	theory_fixed
3773	read_003773	mol_003773	2270297	2270297	2295253	theory_fixed
3774	read_003774	mol_003774	2271605	2271605	2285919	theory_fixed
3775	read_003775	mol_003775	2272344	2272344	2286347	theory_fixed
3776	read_003776	mol_003776	2273435	2273435	2290433	theory_fixed
3777	read_003777	mol_003777	2274124	2274124	2290099	theory_fixed
3778	read_003778	mol_003778	2274962	2274962	2295257	theory_fixed
3779	read_003779	mol_003779	2275069	2275069	2293934	theory_fixed
3780	read_003780	mol_003780	2275266	2275266	2289929	theory_fixed
3781	read_003781	mol_003781	2276156	2276156	2292656	theory_fixed
3782	read_003782	mol_003782	2276435	2276435	2288760	theory_fixed
3783	read_003783	mol_003783	2277294	2277294	2296938	theory_fixed
3784	read_003784	mol_003784	2278212	2278212	2297967	theory_fixed
3785	read_003785	mol_003785	2278600	2278600	2292912	theory_fixed
3786	read_003786	mol_003786	2280764	2280764	2297640	theory_fixed
3787	read_003787	mol_003787	2281614	2281614	2306889	theory_fixed
3788	read_003788	mol_003788	2282093	2282093	2297872	theory_fixed
3789	read_003789	mol_003789	2282896	2282896	2298001	theory_fixed
3790	read_003790	mol_003790	2283422	2283422	2301529	theory_fixed
3791	read_003791	mol_003791	2284227	2284227	2308154	theory_fixed
3792	read_003792	mol_003792	2284556	2284556	2305633	theory_fixed
3793	read_003793	mol_003793	2285081	2285081	2300672	theory_fixed
3794	read_003794	mol_003794	2285162	2285162	2303493	theory_fixed
3795	read_003795	mol_003795	2285410	2285410	2305032	theory_fixed
3796	read_003796	mol_003796	2286005	2286005	2297822	theory_fixed
3797	read_003797	mol_003797	2286086	2286086	2303048	theory_fixed
3798	read_003798	mol_003798	2286298	2286298	2309254	theory_fixed
3799	read_003799	mol_003799	2288256	2288256	2302298	theory_fixed
3800	read_003800	mol_003800	2288945	2288945	2309838	theory_fixed
3801	read_003801	mol_003801	2289281	2289281	2313774	theory_fixed
3802	read_003802	mol_003802	2289731	2289731	2307804	theory_fixed
3803	read_003803	mol_003803	2290402	2290402	2308971	theory_fixed
3804	read_003804	mol_003804	2290438	2290438	2309244	theory_fixed
3805	read_003805	mol_003805	2290903	2290903	2310170	theory_fixed
3806	read_003806	mol_003806	2291694	2291694	2306061	theory_fixed
3807	read_003807	mol_003807	2291816	2291816	2302615	theory_fixed
3808	read_003808	mol_003808	2292333	2292333	2306951	theory_fixed
3809	read_003809	mol_003809	2294126	2294126	2311599	theory_fixed
3810	read_003810	mol_003810	2294928	2294928	2308117	theory_fixed
3811	read_003811	mol_003811	2295348	2295348	2327419	theory_fixed
3812	read_003812	mol_003812	2295868	2295868	2318398	theory_fixed
3813	read_003813	mol_003813	2296252	2296252	2319350	theory_fixed
3814	read_003814	mol_003814	2296589	2296589	2311331	theory_fixed
3815	read_003815	mol_003815	2296610	2296610	2318076	theory_fixed
3816	read_003816	mol_003816	2296998	2296998	2317412	theory_fixed
3817	read_003817	mol_003817	2297119	2297119	2317144	theory_fixed
3818	read_003818	mol_003818	2297752	2297752	2313919	theory_fixed
3819	read_003819	mol_003819	2298367	2298367	2324203	theory_fixed
3820	read_003820	mol_003820	2299255	2299255	2315067	theory_fixed
3821	read_003821	mol_003821	2299421	2299421	2316695	theory_fixed
3822	read_003822	mol_003822	2300626	2300626	2314782	theory_fixed
3823	read_003823	mol_003823	2300685	2300685	2315441	theory_fixed
3824	read_003824	mol_003824	2300905	2300905	2314160	theory_fixed
3825	read_003825	mol_003825	2302802	2302802	2318489	theory_fixed
3826	read_003826	mol_003826	2304278	2304278	2318604	theory_fixed
3827	read_003827	mol_003827	2305686	2305686	2325439	theory_fixed
3828	read_003828	mol_003828	2305895	2305895	2323198	theory_fixed
3829	read_003829	mol_003829	2306463	2306463	2327280	theory_fixed
3830	read_003830	mol_003830	2307355	2307355	2323842	theory_fixed
3831	read_003831	mol_003831	2308625	2308625	2328113	theory_fixed
3832	read_003832	mol_003832	2309905	2309905	2330595	theory_fixed
3833	read_003833	mol_003833	2310397	2310397	2326663	theory_fixed
3834	read_003834	mol_003834	2310843	2310843	2326333	theory_fixed
3835	read_003835	mol_003835	2311866	2311866	2327283	theory_fixed
3836	read_003836	mol_003836	2312630	2312630	2328079	theory_fixed
3837	read_003837	mol_003837	2312933	2312933	2330859	theory_fixed
3838	read_003838	mol_003838	2313249	2313249	2330686	theory_fixed
3839	read_003839	mol_003839	2313781	2313781	2332397	theory_fixed
3840	read_003840	mol_003840	2313798	2313798	2324782	theory_fixed
3841	read_003841	mol_003841	2314041	2314041	2332251	theory_fixed
3842	read_003842	mol_003842	2314050	2314050	2329512	theory_fixed
3843	read_003843	mol_003843	2314484	2314484	2328623	theory_fixed
3844	read_003844	mol_003844	2314907	2314907	2343075	theory_fixed
3845	read_003845	mol_003845	2315034	2315034	2327122	theory_fixed
3846	read_003846	mol_003846	2315611	2315611	2333791	theory_fixed
3847	read_003847	mol_003847	2315877	2315877	2342634	theory_fixed
3848	read_003848	mol_003848	2316541	2316541	2333965	theory_fixed
3849	read_003849	mol_003849	2317177	2317177	2328382	theory_fixed
3850	read_003850	mol_003850	2317684	2317684	2335071	theory_fixed
3851	read_003851	mol_003851	2318158	2318158	2340196	theory_fixed
3852	read_003852	mol_003852	2318857	2318857	2329676	theory_fixed
3853	read_003853	mol_003853	2319087	2319087	2339193	theory_fixed
3854	read_003854	mol_003854	2319672	2319672	2333180	theory_fixed
3855	read_003855	mol_003855	2320349	2320349	2339796	theory_fixed
3856	read_003856	mol_003856	2321737	2321737	2336395	theory_fixed
3857	read_003857	mol_003857	2321767	2321767	2339700	theory_fixed
3858	read_003858	mol_003858	2321826	2321826	2339587	theory_fixed
3859	read_003859	mol_003859	2322926	2322926	2358185	theory_fixed
3860	read_003860	mol_003860	2323351	2323351	2339643	theory_fixed
3861	read_003861	mol_003861	2323493	2323493	2342510	theory_fixed
3862	read_003862	mol_003862	2323670	2323670	2342451	theory_fixed
3863	read_003863	mol_003863	2324302	2324302	2343258	theory_fixed
3864	read_003864	mol_003864	2324988	2324988	2350016	theory_fixed
3865	read_003865	mol_003865	2325228	2325228	2351337	theory_fixed
3866	read_003866	mol_003866	2325420	2325420	2337161	theory_fixed
3867	read_003867	mol_003867	2325550	2325550	2338036	theory_fixed
3868	read_003868	mol_003868	2325839	2325839	2339119	theory_fixed
3869	read_003869	mol_003869	2327312	2327312	2342339	theory_fixed
3870	read_003870	mol_003870	2328691	2328691	2353169	theory_fixed
3871	read_003871	mol_003871	2329116	2329116	2344019	theory_fixed
3872	read_003872	mol_003872	2329423	2329423	2345022	theory_fixed
3873	read_003873	mol_003873	2330058	2330058	2357560	theory_fixed
3874	read_003874	mol_003874	2332054	2332054	2346281	theory_fixed
3875	read_003875	mol_003875	2334184	2334184	2353168	theory_fixed
3876	read_003876	mol_003876	2336886	2336886	2350406	theory_fixed
3877	read_003877	mol_003877	2337574	2337574	2356565	theory_fixed
3878	read_003878	mol_003878	2338678	2338678	2354480	theory_fixed
3879	read_003879	mol_003879	2338876	2338876	2353412	theory_fixed
3880	read_003880	mol_003880	2339179	2339179	2358011	theory_fixed
3881	read_003881	mol_003881	2339207	2339207	2357169	theory_fixed
3882	read_003882	mol_003882	2340545	2340545	2356853	theory_fixed
3883	read_003883	mol_003883	2340592	2340592	2362572	theory_fixed
3884	read_003884	mol_003884	2341203	2341203	2358959	theory_fixed
3885	read_003885	mol_003885	2341663	2341663	2359309	theory_fixed
3886	read_003886	mol_003886	2342845	2342845	2362673	theory_fixed
3887	read_003887	mol_003887	2342873	2342873	2358002	theory_fixed
3888	read_003888	mol_003888	2343177	2343177	2358499	theory_fixed
3889	read_003889	mol_003889	2343500	2343500	2361571	theory_fixed
3890	read_003890	mol_003890	2343880	2343880	2361294	theory_fixed
3891	read_003891	mol_003891	2344938	2344938	2359519	theory_fixed
3892	read_003892	mol_003892	2345626	2345626	2371889	theory_fixed
3893	read_003893	mol_003893	2346158	2346158	2371170	theory_fixed
3894	read_003894	mol_003894	2346172	2346172	2363421	theory_fixed
3895	read_003895	mol_003895	2346671	2346671	2359144	theory_fixed
3896	read_003896	mol_003896	2346827	2346827	2366191	theory_fixed
3897	read_003897	mol_003897	2347888	2347888	2365848	theory_fixed
3898	read_003898	mol_003898	2349136	2349136	2367392	theory_fixed
3899	read_003899	mol_003899	2351802	2351802	2373016	theory_fixed
3900	read_003900	mol_003900	2352980	2352980	2370434	theory_fixed
3901	read_003901	mol_003901	2353060	2353060	2373964	theory_fixed
3902	read_003902	mol_003902	2353628	2353628	2364175	theory_fixed
3903	read_003903	mol_003903	2354136	2354136	2369988	theory_fixed
3904	read_003904	mol_003904	2354546	2354546	2369699	theory_fixed
3905	read_003905	mol_003905	2354616	2354616	2369998	theory_fixed
3906	read_003906	mol_003906	2354899	2354899	2375216	theory_fixed
3907	read_003907	mol_003907	2355064	2355064	2373685	theory_fixed
3908	read_003908	mol_003908	2357267	2357267	2378125	theory_fixed
3909	read_003909	mol_003909	2357488	2357488	2383726	theory_fixed
3910	read_003910	mol_003910	2358763	2358763	2371457	theory_fixed
3911	read_003911	mol_003911	2360891	2360891	2378558	theory_fixed
3912	read_003912	mol_003912	2361111	2361111	2379426	theory_fixed
3913	read_003913	mol_003913	2361198	2361198	2379102	theory_fixed
3914	read_003914	mol_003914	2361997	2361997	2380637	theory_fixed
3915	read_003915	mol_003915	2362389	2362389	2374418	theory_fixed
3916	read_003916	mol_003916	2362425	2362425	2377492	theory_fixed
3917	read_003917	mol_003917	2362520	2362520	2381536	theory_fixed
3918	read_003918	mol_003918	2362769	2362769	2377051	theory_fixed
3919	read_003919	mol_003919	2363095	2363095	2377313	theory_fixed
3920	read_003920	mol_003920	2364454	2364454	2378750	theory_fixed
3921	read_003921	mol_003921	2364636	2364636	2385021	theory_fixed
3922	read_003922	mol_003922	2364991	2364991	2378035	theory_fixed
3923	read_003923	mol_003923	2365420	2365420	2377318	theory_fixed
3924	read_003924	mol_003924	2366150	2366150	2385639	theory_fixed
3925	read_003925	mol_003925	2366467	2366467	2379530	theory_fixed
3926	read_003926	mol_003926	2366648	2366648	2395303	theory_fixed
3927	read_003927	mol_003927	2366940	2366940	2389667	theory_fixed
3928	read_003928	mol_003928	2367872	2367872	2379422	theory_fixed
3929	read_003929	mol_003929	2367890	2367890	2384874	theory_fixed
3930	read_003930	mol_003930	2368337	2368337	2386898	theory_fixed
3931	read_003931	mol_003931	2368517	2368517	2387146	theory_fixed
3932	read_003932	mol_003932	2368598	2368598	2386290	theory_fixed
3933	read_003933	mol_003933	2368895	2368895	2382904	theory_fixed
3934	read_003934	mol_003934	2369427	2369427	2385604	theory_fixed
3935	read_003935	mol_003935	2369512	2369512	2383732	theory_fixed
3936	read_003936	mol_003936	2370035	2370035	2393850	theory_fixed
3937	read_003937	mol_003937	2371446	2371446	2390300	theory_fixed
3938	read_003938	mol_003938	2371520	2371520	2383728	theory_fixed
3939	read_003939	mol_003939	2371731	2371731	2389139	theory_fixed
3940	read_003940	mol_003940	2373038	2373038	2387190	theory_fixed
3941	read_003941	mol_003941	2374244	2374244	2401375	theory_fixed
3942	read_003942	mol_003942	2375722	2375722	2397329	theory_fixed
3943	read_003943	mol_003943	2375873	2375873	2390402	theory_fixed
3944	read_003944	mol_003944	2375941	2375941	2388318	theory_fixed
3945	read_003945	mol_003945	2376035	2376035	2392551	theory_fixed
3946	read_003946	mol_003946	2376566	2376566	2391769	theory_fixed
3947	read_003947	mol_003947	2378465	2378465	2393786	theory_fixed
3948	read_003948	mol_003948	2378484	2378484	2393740	theory_fixed
3949	read_003949	mol_003949	2379762	2379762	2396224	theory_fixed
3950	read_003950	mol_003950	2380262	2380262	2395614	theory_fixed
3951	read_003951	mol_003951	2382781	2382781	2399676	theory_fixed
3952	read_003952	mol_003952	2383050	2383050	2406706	theory_fixed
3953	read_003953	mol_003953	2383371	2383371	2400969	theory_fixed
3954	read_003954	mol_003954	2383929	2383929	2408240	theory_fixed
3955	read_003955	mol_003955	2384165	2384165	2403503	theory_fixed
3956	read_003956	mol_003956	2384441	2384441	2400506	theory_fixed
3957	read_003957	mol_003957	2385427	2385427	2400230	theory_fixed
3958	read_003958	mol_003958	2385612	2385612	2401203	theory_fixed
3959	read_003959	mol_003959	2385634	2385634	2401512	theory_fixed
3960	read_003960	mol_003960	2386617	2386617	2400207	theory_fixed
3961	read_003961	mol_003961	2388511	2388511	2407633	theory_fixed
3962	read_003962	mol_003962	2388891	2388891	2408983	theory_fixed
3963	read_003963	mol_003963	2389269	2389269	2411481	theory_fixed
3964	read_003964	mol_003964	2389759	2389759	2402457	theory_fixed
3965	read_003965	mol_003965	2390492	2390492	2407516	theory_fixed
3966	read_003966	mol_003966	2391262	2391262	2407170	theory_fixed
3967	read_003967	mol_003967	2391438	2391438	2410375	theory_fixed
3968	read_003968	mol_003968	2391528	2391528	2407286	theory_fixed
3969	read_003969	mol_003969	2392577	2392577	2403796	theory_fixed
3970	read_003970	mol_003970	2393149	2393149	2419831	theory_fixed
3971	read_003971	mol_003971	2393929	2393929	2412420	theory_fixed
3972	read_003972	mol_003972	2394688	2394688	2406150	theory_fixed
3973	read_003973	mol_003973	2395135	2395135	2413998	theory_fixed
3974	read_003974	mol_003974	2395322	2395322	2410559	theory_fixed
3975	read_003975	mol_003975	2395549	2395549	2419240	theory_fixed
3976	read_003976	mol_003976	2395893	2395893	2410227	theory_fixed
3977	read_003977	mol_003977	2395964	2395964	2419247	theory_fixed
3978	read_003978	mol_003978	2397315	2397315	2414541	theory_fixed
3979	read_003979	mol_003979	2397965	2397965	2416791	theory_fixed
3980	read_003980	mol_003980	2398236	2398236	2409943	theory_fixed
3981	read_003981	mol_003981	2398369	2398369	2413578	theory_fixed
3982	read_003982	mol_003982	2398562	2398562	2413847	theory_fixed
3983	read_003983	mol_003983	2401370	2401370	2418162	theory_fixed
3984	read_003984	mol_003984	2401479	2401479	2423755	theory_fixed
3985	read_003985	mol_003985	2401608	2401608	2428529	theory_fixed
3986	read_003986	mol_003986	2401804	2401804	2417760	theory_fixed
3987	read_003987	mol_003987	2401993	2401993	2421070	theory_fixed
3988	read_003988	mol_003988	2402238	2402238	2417267	theory_fixed
3989	read_003989	mol_003989	2403106	2403106	2417285	theory_fixed
3990	read_003990	mol_003990	2404325	2404325	2421018	theory_fixed
3991	read_003991	mol_003991	2404862	2404862	2422707	theory_fixed
3992	read_003992	mol_003992	2404964	2404964	2420511	theory_fixed
3993	read_003993	mol_003993	2405035	2405035	2424436	theory_fixed
3994	read_003994	mol_003994	2405277	2405277	2424270	theory_fixed
3995	read_003995	mol_003995	2405496	2405496	2421036	theory_fixed
3996	read_003996	mol_003996	2405634	2405634	2420287	theory_fixed
3997	read_003997	mol_003997	2406568	2406568	2422604	theory_fixed
3998	read_003998	mol_003998	2407994	2407994	2426446	theory_fixed
3999	read_003999	mol_003999	2408209	2408209	2428288	theory_fixed
4000	read_004000	mol_004000	2408851	2408851	2432875	theory_fixed
4001	read_004001	mol_004001	2409297	2409297	2430663	theory_fixed
4002	read_004002	mol_004002	2409701	2409701	2434590	theory_fixed
4003	read_004003	mol_004003	2409921	2409921	2435700	theory_fixed
4004	read_004004	mol_004004	2409997	2409997	2424712	theory_fixed
4005	read_004005	mol_004005	2410997	2410997	2429102	theory_fixed
4006	read_004006	mol_004006	2411305	2411305	2426577	theory_fixed
4007	read_004007	mol_004007	2411712	2411712	2430356	theory_fixed
4008	read_004008	mol_004008	2412252	2412252	2426338	theory_fixed
4009	read_004009	mol_004009	2413305	2413305	2429777	theory_fixed
4010	read_004010	mol_004010	2413496	2413496	2429224	theory_fixed
4011	read_004011	mol_004011	2413643	2413643	2426608	theory_fixed
4012	read_004012	mol_004012	2413670	2413670	2439150	theory_fixed
4013	read_004013	mol_004013	2415251	2415251	2437023	theory_fixed
4014	read_004014	mol_004014	2415511	2415511	2429680	theory_fixed
4015	read_004015	mol_004015	2417279	2417279	2432178	theory_fixed
4016	read_004016	mol_004016	2417315	2417315	2435086	theory_fixed
4017	read_004017	mol_004017	2417942	2417942	2433310	theory_fixed
4018	read_004018	mol_004018	2419550	2419550	2439258	theory_fixed
4019	read_004019	mol_004019	2420143	2420143	2434812	theory_fixed
4020	read_004020	mol_004020	2420459	2420459	2432769	theory_fixed
4021	read_004021	mol_004021	2420661	2420661	2435644	theory_fixed
4022	read_004022	mol_004022	2421097	2421097	2432283	theory_fixed
4023	read_004023	mol_004023	2421396	2421396	2433846	theory_fixed
4024	read_004024	mol_004024	2421596	2421596	2441687	theory_fixed
4025	read_004025	mol_004025	2422287	2422287	2446511	theory_fixed
4026	read_004026	mol_004026	2422422	2422422	2436853	theory_fixed
4027	read_004027	mol_004027	2422648	2422648	2441103	theory_fixed
4028	read_004028	mol_004028	2422715	2422715	2434296	theory_fixed
4029	read_004029	mol_004029	2423291	2423291	2443775	theory_fixed
4030	read_004030	mol_004030	2423775	2423775	2441529	theory_fixed
4031	read_004031	mol_004031	2424062	2424062	2446396	theory_fixed
4032	read_004032	mol_004032	2424362	2424362	2444523	theory_fixed
4033	read_004033	mol_004033	2424618	2424618	2442459	theory_fixed
4034	read_004034	mol_004034	2425339	2425339	2443377	theory_fixed
4035	read_004035	mol_004035	2425648	2425648	2439053	theory_fixed
4036	read_004036	mol_004036	2427275	2427275	2445020	theory_fixed
4037	read_004037	mol_004037	2428609	2428609	2446814	theory_fixed
4038	read_004038	mol_004038	2428688	2428688	2454199	theory_fixed
4039	read_004039	mol_004039	2428744	2428744	2446416	theory_fixed
4040	read_004040	mol_004040	2429532	2429532	2448474	theory_fixed
4041	read_004041	mol_004041	2429538	2429538	2446461	theory_fixed
4042	read_004042	mol_004042	2432612	2432612	2447868	theory_fixed
4043	read_004043	mol_004043	2432703	2432703	2444347	theory_fixed
4044	read_004044	mol_004044	2433323	2433323	2450281	theory_fixed
4045	read_004045	mol_004045	2433328	2433328	2447735	theory_fixed
4046	read_004046	mol_004046	2433704	2433704	2453857	theory_fixed
4047	read_004047	mol_004047	2433824	2433824	2444859	theory_fixed
4048	read_004048	mol_004048	2433860	2433860	2458416	theory_fixed
4049	read_004049	mol_004049	2434454	2434454	2453750	theory_fixed
4050	read_004050	mol_004050	2435010	2435010	2453567	theory_fixed
4051	read_004051	mol_004051	2435348	2435348	2451786	theory_fixed
4052	read_004052	mol_004052	2435476	2435476	2450334	theory_fixed
4053	read_004053	mol_004053	2436514	2436514	2459795	theory_fixed
4054	read_004054	mol_004054	2438132	2438132	2457141	theory_fixed
4055	read_004055	mol_004055	2438163	2438163	2455639	theory_fixed
4056	read_004056	mol_004056	2439335	2439335	2449834	theory_fixed
4057	read_004057	mol_004057	2439635	2439635	2455577	theory_fixed
4058	read_004058	mol_004058	2439867	2439867	2456471	theory_fixed
4059	read_004059	mol_004059	2440896	2440896	2458390	theory_fixed
4060	read_004060	mol_004060	2441281	2441281	2462347	theory_fixed
4061	read_004061	mol_004061	2441471	2441471	2463789	theory_fixed
4062	read_004062	mol_004062	2441678	2441678	2463786	theory_fixed
4063	read_004063	mol_004063	2442227	2442227	2454645	theory_fixed
4064	read_004064	mol_004064	2443143	2443143	2458919	theory_fixed
4065	read_004065	mol_004065	2444573	2444573	2460668	theory_fixed
4066	read_004066	mol_004066	2446219	2446219	2467653	theory_fixed
4067	read_004067	mol_004067	2446317	2446317	2466130	theory_fixed
4068	read_004068	mol_004068	2446805	2446805	2470928	theory_fixed
4069	read_004069	mol_004069	2447217	2447217	2468793	theory_fixed
4070	read_004070	mol_004070	2448028	2448028	2461878	theory_fixed
4071	read_004071	mol_004071	2448111	2448111	2470821	theory_fixed
4072	read_004072	mol_004072	2448522	2448522	2465416	theory_fixed
4073	read_004073	mol_004073	2448635	2448635	2463948	theory_fixed
4074	read_004074	mol_004074	2448650	2448650	2470094	theory_fixed
4075	read_004075	mol_004075	2449470	2449470	2468303	theory_fixed
4076	read_004076	mol_004076	2449537	2449537	2470235	theory_fixed
4077	read_004077	mol_004077	2451436	2451436	2466885	theory_fixed
4078	read_004078	mol_004078	2451951	2451951	2471671	theory_fixed
4079	read_004079	mol_004079	2452827	2452827	2468147	theory_fixed
4080	read_004080	mol_004080	2454529	2454529	2472050	theory_fixed
4081	read_004081	mol_004081	2454601	2454601	2468177	theory_fixed
4082	read_004082	mol_004082	2454735	2454735	2471242	theory_fixed
4083	read_004083	mol_004083	2454843	2454843	2473889	theory_fixed
4084	read_004084	mol_004084	2454964	2454964	2470301	theory_fixed
4085	read_004085	mol_004085	2455121	2455121	2472072	theory_fixed
4086	read_004086	mol_004086	2455759	2455759	2469372	theory_fixed
4087	read_004087	mol_004087	2456290	2456290	2473593	theory_fixed
4088	read_004088	mol_004088	2457042	2457042	2473638	theory_fixed
4089	read_004089	mol_004089	2457272	2457272	2476314	theory_fixed
4090	read_004090	mol_004090	2458170	2458170	2478102	theory_fixed
4091	read_004091	mol_004091	2458513	2458513	2478191	theory_fixed
4092	read_004092	mol_004092	2460071	2460071	2477643	theory_fixed
4093	read_004093	mol_004093	2460427	2460427	2480461	theory_fixed
4094	read_004094	mol_004094	2461046	2461046	2486425	theory_fixed
4095	read_004095	mol_004095	2461528	2461528	2486639	theory_fixed
4096	read_004096	mol_004096	2461748	2461748	2478611	theory_fixed
4097	read_004097	mol_004097	2462394	2462394	2480529	theory_fixed
4098	read_004098	mol_004098	2462499	2462499	2480385	theory_fixed
4099	read_004099	mol_004099	2462886	2462886	2483606	theory_fixed
4100	read_004100	mol_004100	2464313	2464313	2483829	theory_fixed
4101	read_004101	mol_004101	2464472	2464472	2479560	theory_fixed
4102	read_004102	mol_004102	2466424	2466424	2491450	theory_fixed
4103	read_004103	mol_004103	2467021	2467021	2486786	theory_fixed
4104	read_004104	mol_004104	2467291	2467291	2484263	theory_fixed
4105	read_004105	mol_004105	2468881	2468881	2486634	theory_fixed
4106	read_004106	mol_004106	2469057	2469057	2485505	theory_fixed
4107	read_004107	mol_004107	2469130	2469130	2486634	theory_fixed
4108	read_004108	mol_004108	2470292	2470292	2482084	theory_fixed
4109	read_004109	mol_004109	2470621	2470621	2484011	theory_fixed
4110	read_004110	mol_004110	2471605	2471605	2485355	theory_fixed
4111	read_004111	mol_004111	2473080	2473080	2485687	theory_fixed
4112	read_004112	mol_004112	2473134	2473134	2496569	theory_fixed
4113	read_004113	mol_004113	2473795	2473795	2492831	theory_fixed
4114	read_004114	mol_004114	2474420	2474420	2492864	theory_fixed
4115	read_004115	mol_004115	2475014	2475014	2494560	theory_fixed
4116	read_004116	mol_004116	2475249	2475249	2500194	theory_fixed
4117	read_004117	mol_004117	2475570	2475570	2489098	theory_fixed
4118	read_004118	mol_004118	2476530	2476530	2489492	theory_fixed
4119	read_004119	mol_004119	2476864	2476864	2496511	theory_fixed
4120	read_004120	mol_004120	2479477	2479477	2502384	theory_fixed
4121	read_004121	mol_004121	2479669	2479669	2495991	theory_fixed
4122	read_004122	mol_004122	2480952	2480952	2502155	theory_fixed
4123	read_004123	mol_004123	2481843	2481843	2500930	theory_fixed
4124	read_004124	mol_004124	2482052	2482052	2499015	theory_fixed
4125	read_004125	mol_004125	2482107	2482107	2493990	theory_fixed
4126	read_004126	mol_004126	2483467	2483467	2499289	theory_fixed
4127	read_004127	mol_004127	2483591	2483591	2497570	theory_fixed
4128	read_004128	mol_004128	2484002	2484002	2498811	theory_fixed
4129	read_004129	mol_004129	2484148	2484148	2499726	theory_fixed
4130	read_004130	mol_004130	2484564	2484564	2506976	theory_fixed
4131	read_004131	mol_004131	2484705	2484705	2506972	theory_fixed
4132	read_004132	mol_004132	2485919	2485919	2505824	theory_fixed
4133	read_004133	mol_004133	2486497	2486497	2501424	theory_fixed
4134	read_004134	mol_004134	2486600	2486600	2511936	theory_fixed
4135	read_004135	mol_004135	2488511	2488511	2508290	theory_fixed
4136	read_004136	mol_004136	2489822	2489822	2514307	theory_fixed
4137	read_004137	mol_004137	2490053	2490053	2510729	theory_fixed
4138	read_004138	mol_004138	2490618	2490618	2508209	theory_fixed
4139	read_004139	mol_004139	2490633	2490633	2504081	theory_fixed
4140	read_004140	mol_004140	2490821	2490821	2512984	theory_fixed
4141	read_004141	mol_004141	2490932	2490932	2509857	theory_fixed
4142	read_004142	mol_004142	2491025	2491025	2504749	theory_fixed
4143	read_004143	mol_004143	2491207	2491207	2504790	theory_fixed
4144	read_004144	mol_004144	2492493	2492493	2509104	theory_fixed
4145	read_004145	mol_004145	2493196	2493196	2514322	theory_fixed
4146	read_004146	mol_004146	2494116	2494116	2505417	theory_fixed
4147	read_004147	mol_004147	2494291	2494291	2511482	theory_fixed
4148	read_004148	mol_004148	2494611	2494611	2517782	theory_fixed
4149	read_004149	mol_004149	2494655	2494655	2514405	theory_fixed
4150	read_004150	mol_004150	2496940	2496940	2514035	theory_fixed
4151	read_004151	mol_004151	2497180	2497180	2515177	theory_fixed
4152	read_004152	mol_004152	2497880	2497880	2518444	theory_fixed
4153	read_004153	mol_004153	2498423	2498423	2520963	theory_fixed
4154	read_004154	mol_004154	2498439	2498439	2516574	theory_fixed
4155	read_004155	mol_004155	2498978	2498978	2518350	theory_fixed
4156	read_004156	mol_004156	2500075	2500075	2525622	theory_fixed
4157	read_004157	mol_004157	2500331	2500331	2525835	theory_fixed
4158	read_004158	mol_004158	2501409	2501409	2522392	theory_fixed
4159	read_004159	mol_004159	2502036	2502036	2523330	theory_fixed
4160	read_004160	mol_004160	2502201	2502201	2515664	theory_fixed
4161	read_004161	mol_004161	2504019	2504019	2519515	theory_fixed
4162	read_004162	mol_004162	2504377	2504377	2520661	theory_fixed
4163	read_004163	mol_004163	2505453	2505453	2525497	theory_fixed
4164	read_004164	mol_004164	2505488	2505488	2524481	theory_fixed
4165	read_004165	mol_004165	2506284	2506284	2535840	theory_fixed
4166	read_004166	mol_004166	2507145	2507145	2528447	theory_fixed
4167	read_004167	mol_004167	2507862	2507862	2523672	theory_fixed
4168	read_004168	mol_004168	2508979	2508979	2529981	theory_fixed
4169	read_004169	mol_004169	2509290	2509290	2526823	theory_fixed
4170	read_004170	mol_004170	2509488	2509488	2533887	theory_fixed
4171	read_004171	mol_004171	2510450	2510450	2532233	theory_fixed
4172	read_004172	mol_004172	2510696	2510696	2524452	theory_fixed
4173	read_004173	mol_004173	2511269	2511269	2529424	theory_fixed
4174	read_004174	mol_004174	2511511	2511511	2529649	theory_fixed
4175	read_004175	mol_004175	2511680	2511680	2523598	theory_fixed
4176	read_004176	mol_004176	2512599	2512599	2538710	theory_fixed
4177	read_004177	mol_004177	2513095	2513095	2533228	theory_fixed
4178	read_004178	mol_004178	2513736	2513736	2535863	theory_fixed
4179	read_004179	mol_004179	2513869	2513869	2532467	theory_fixed
4180	read_004180	mol_004180	2515853	2515853	2533377	theory_fixed
4181	read_004181	mol_004181	2517313	2517313	2531948	theory_fixed
4182	read_004182	mol_004182	2518107	2518107	2537411	theory_fixed
4183	read_004183	mol_004183	2518130	2518130	2533759	theory_fixed
4184	read_004184	mol_004184	2518658	2518658	2533659	theory_fixed
4185	read_004185	mol_004185	2518778	2518778	2541005	theory_fixed
4186	read_004186	mol_004186	2519926	2519926	2538695	theory_fixed
4187	read_004187	mol_004187	2520594	2520594	2542749	theory_fixed
4188	read_004188	mol_004188	2520979	2520979	2534731	theory_fixed
4189	read_004189	mol_004189	2521064	2521064	2543478	theory_fixed
4190	read_004190	mol_004190	2521743	2521743	2539037	theory_fixed
4191	read_004191	mol_004191	2521835	2521835	2536896	theory_fixed
4192	read_004192	mol_004192	2522681	2522681	2541482	theory_fixed
4193	read_004193	mol_004193	2524257	2524257	2542101	theory_fixed
4194	read_004194	mol_004194	2525030	2525030	2538095	theory_fixed
4195	read_004195	mol_004195	2526813	2526813	2539347	theory_fixed
4196	read_004196	mol_004196	2526986	2526986	2544459	theory_fixed
4197	read_004197	mol_004197	2527592	2527592	2547575	theory_fixed
4198	read_004198	mol_004198	2528570	2528570	2544419	theory_fixed
4199	read_004199	mol_004199	2528795	2528795	2549872	theory_fixed
4200	read_004200	mol_004200	2530096	2530096	2539921	theory_fixed
4201	read_004201	mol_004201	2530783	2530783	2543234	theory_fixed
4202	read_004202	mol_004202	2530794	2530794	2546554	theory_fixed
4203	read_004203	mol_004203	2531803	2531803	2545632	theory_fixed
4204	read_004204	mol_004204	2531821	2531821	2545855	theory_fixed
4205	read_004205	mol_004205	2533355	2533355	2558290	theory_fixed
4206	read_004206	mol_004206	2533535	2533535	2546395	theory_fixed
4207	read_004207	mol_004207	2533653	2533653	2552250	theory_fixed
4208	read_004208	mol_004208	2533835	2533835	2552345	theory_fixed
4209	read_004209	mol_004209	2534605	2534605	2551039	theory_fixed
4210	read_004210	mol_004210	2534815	2534815	2550076	theory_fixed
4211	read_004211	mol_004211	2535373	2535373	2550508	theory_fixed
4212	read_004212	mol_004212	2535981	2535981	2553329	theory_fixed
4213	read_004213	mol_004213	2536015	2536015	2553819	theory_fixed
4214	read_004214	mol_004214	2536127	2536127	2556911	theory_fixed
4215	read_004215	mol_004215	2536287	2536287	2554775	theory_fixed
4216	read_004216	mol_004216	2536450	2536450	2550084	theory_fixed
4217	read_004217	mol_004217	2536550	2536550	2560129	theory_fixed
4218	read_004218	mol_004218	2536875	2536875	2558627	theory_fixed
4219	read_004219	mol_004219	2537256	2537256	2553825	theory_fixed
4220	read_004220	mol_004220	2538154	2538154	2563397	theory_fixed
4221	read_004221	mol_004221	2541597	2541597	2558090	theory_fixed
4222	read_004222	mol_004222	2541794	2541794	2562230	theory_fixed
4223	read_004223	mol_004223	2542279	2542279	2558723	theory_fixed
4224	read_004224	mol_004224	2543812	2543812	2561886	theory_fixed
4225	read_004225	mol_004225	2544967	2544967	2563272	theory_fixed
4226	read_004226	mol_004226	2545400	2545400	2562556	theory_fixed
4227	read_004227	mol_004227	2545786	2545786	2561079	theory_fixed
4228	read_004228	mol_004228	2545923	2545923	2561848	theory_fixed
4229	read_004229	mol_004229	2546215	2546215	2565646	theory_fixed
4230	read_004230	mol_004230	2546716	2546716	2567633	theory_fixed
4231	read_004231	mol_004231	2547116	2547116	2567845	theory_fixed
4232	read_004232	mol_004232	2549093	2549093	2562274	theory_fixed
4233	read_004233	mol_004233	2549169	2549169	2569902	theory_fixed
4234	read_004234	mol_004234	2549696	2549696	2570861	theory_fixed
4235	read_004235	mol_004235	2550604	2550604	2563294	theory_fixed
4236	read_004236	mol_004236	2551367	2551367	2572270	theory_fixed
4237	read_004237	mol_004237	2552152	2552152	2563935	theory_fixed
4238	read_004238	mol_004238	2552474	2552474	2568962	theory_fixed
4239	read_004239	mol_004239	2553765	2553765	2571367	theory_fixed
4240	read_004240	mol_004240	2554012	2554012	2570456	theory_fixed
4241	read_004241	mol_004241	2554554	2554554	2573981	theory_fixed
4242	read_004242	mol_004242	2557615	2557615	2573501	theory_fixed
4243	read_004243	mol_004243	2558195	2558195	2573278	theory_fixed
4244	read_004244	mol_004244	2558978	2558978	2578244	theory_fixed
4245	read_004245	mol_004245	2559900	2559900	2571523	theory_fixed
4246	read_004246	mol_004246	2559932	2559932	2578819	theory_fixed
4247	read_004247	mol_004247	2560057	2560057	2572065	theory_fixed
4248	read_004248	mol_004248	2560634	2560634	2581927	theory_fixed
4249	read_004249	mol_004249	2561809	2561809	2582660	theory_fixed
4250	read_004250	mol_004250	2562959	2562959	2582010	theory_fixed
4251	read_004251	mol_004251	2564171	2564171	2577375	theory_fixed
4252	read_004252	mol_004252	2564473	2564473	2579298	theory_fixed
4253	read_004253	mol_004253	2564604	2564604	2583825	theory_fixed
4254	read_004254	mol_004254	2565735	2565735	2586886	theory_fixed
4255	read_004255	mol_004255	2565755	2565755	2582406	theory_fixed
4256	read_004256	mol_004256	2566226	2566226	2583999	theory_fixed
4257	read_004257	mol_004257	2566427	2566427	2580005	theory_fixed
4258	read_004258	mol_004258	2567061	2567061	2586374	theory_fixed
4259	read_004259	mol_004259	2567707	2567707	2589421	theory_fixed
4260	read_004260	mol_004260	2568317	2568317	2587946	theory_fixed
4261	read_004261	mol_004261	2568915	2568915	2581645	theory_fixed
4262	read_004262	mol_004262	2569783	2569783	2586965	theory_fixed
4263	read_004263	mol_004263	2569970	2569970	2583293	theory_fixed
4264	read_004264	mol_004264	2570043	2570043	2582210	theory_fixed
4265	read_004265	mol_004265	2570314	2570314	2590407	theory_fixed
4266	read_004266	mol_004266	2570507	2570507	2583896	theory_fixed
4267	read_004267	mol_004267	2570674	2570674	2582839	theory_fixed
4268	read_004268	mol_004268	2570944	2570944	2591662	theory_fixed
4269	read_004269	mol_004269	2573041	2573041	2599137	theory_fixed
4270	read_004270	mol_004270	2573045	2573045	2589182	theory_fixed
4271	read_004271	mol_004271	2573902	2573902	2595558	theory_fixed
4272	read_004272	mol_004272	2574160	2574160	2590383	theory_fixed
4273	read_004273	mol_004273	2574301	2574301	2592751	theory_fixed
4274	read_004274	mol_004274	2575254	2575254	2593406	theory_fixed
4275	read_004275	mol_004275	2575890	2575890	2596300	theory_fixed
4276	read_004276	mol_004276	2578544	2578544	2592907	theory_fixed
4277	read_004277	mol_004277	2578940	2578940	2591854	theory_fixed
4278	read_004278	mol_004278	2580080	2580080	2597611	theory_fixed
4279	read_004279	mol_004279	2580369	2580369	2596598	theory_fixed
4280	read_004280	mol_004280	2582341	2582341	2606372	theory_fixed
4281	read_004281	mol_004281	2582502	2582502	2611952	theory_fixed
4282	read_004282	mol_004282	2583048	2583048	2598078	theory_fixed
4283	read_004283	mol_004283	2583143	2583143	2599067	theory_fixed
4284	read_004284	mol_004284	2583152	2583152	2600768	theory_fixed
4285	read_004285	mol_004285	2583928	2583928	2600800	theory_fixed
4286	read_004286	mol_004286	2584570	2584570	2600398	theory_fixed
4287	read_004287	mol_004287	2585469	2585469	2605462	theory_fixed
4288	read_004288	mol_004288	2586380	2586380	2611658	theory_fixed
4289	read_004289	mol_004289	2587080	2587080	2601075	theory_fixed
4290	read_004290	mol_004290	2587893	2587893	2603733	theory_fixed
4291	read_004291	mol_004291	2589027	2589027	2603643	theory_fixed
4292	read_004292	mol_004292	2589080	2589080	2608684	theory_fixed
4293	read_004293	mol_004293	2589822	2589822	2615985	theory_fixed
4294	read_004294	mol_004294	2590003	2590003	2607253	theory_fixed
4295	read_004295	mol_004295	2590364	2590364	2610861	theory_fixed
4296	read_004296	mol_004296	2590585	2590585	2609232	theory_fixed
4297	read_004297	mol_004297	2591222	2591222	2618129	theory_fixed
4298	read_004298	mol_004298	2591349	2591349	2609433	theory_fixed
4299	read_004299	mol_004299	2592053	2592053	2608385	theory_fixed
4300	read_004300	mol_004300	2592252	2592252	2604905	theory_fixed
4301	read_004301	mol_004301	2593553	2593553	2609835	theory_fixed
4302	read_004302	mol_004302	2593587	2593587	2608651	theory_fixed
4303	read_004303	mol_004303	2594524	2594524	2614383	theory_fixed
4304	read_004304	mol_004304	2595155	2595155	2617114	theory_fixed
4305	read_004305	mol_004305	2595494	2595494	2614101	theory_fixed
4306	read_004306	mol_004306	2595690	2595690	2619489	theory_fixed
4307	read_004307	mol_004307	2596277	2596277	2613715	theory_fixed
4308	read_004308	mol_004308	2597826	2597826	2611728	theory_fixed
4309	read_004309	mol_004309	2597994	2597994	2614514	theory_fixed
4310	read_004310	mol_004310	2598222	2598222	2610559	theory_fixed
4311	read_004311	mol_004311	2598453	2598453	2616962	theory_fixed
4312	read_004312	mol_004312	2598545	2598545	2618947	theory_fixed
4313	read_004313	mol_004313	2599725	2599725	2627534	theory_fixed
4314	read_004314	mol_004314	2599904	2599904	2617625	theory_fixed
4315	read_004315	mol_004315	2600394	2600394	2616770	theory_fixed
4316	read_004316	mol_004316	2600477	2600477	2620170	theory_fixed
4317	read_004317	mol_004317	2600854	2600854	2620380	theory_fixed
4318	read_004318	mol_004318	2601893	2601893	2617614	theory_fixed
4319	read_004319	mol_004319	2602548	2602548	2625729	theory_fixed
4320	read_004320	mol_004320	2604450	2604450	2622183	theory_fixed
4321	read_004321	mol_004321	2604978	2604978	2636031	theory_fixed
4322	read_004322	mol_004322	2605145	2605145	2618353	theory_fixed
4323	read_004323	mol_004323	2605521	2605521	2619858	theory_fixed
4324	read_004324	mol_004324	2608338	2608338	2623951	theory_fixed
4325	read_004325	mol_004325	2608430	2608430	2628815	theory_fixed
4326	read_004326	mol_004326	2608648	2608648	2628392	theory_fixed
4327	read_004327	mol_004327	2609159	2609159	2627034	theory_fixed
4328	read_004328	mol_004328	2610061	2610061	2625007	theory_fixed
4329	read_004329	mol_004329	2610366	2610366	2630707	theory_fixed
4330	read_004330	mol_004330	2610836	2610836	2626517	theory_fixed
4331	read_004331	mol_004331	2612203	2612203	2623580	theory_fixed
4332	read_004332	mol_004332	2613127	2613127	2628142	theory_fixed
4333	read_004333	mol_004333	2614006	2614006	2630375	theory_fixed
4334	read_004334	mol_004334	2614052	2614052	2634890	theory_fixed
4335	read_004335	mol_004335	2614187	2614187	2630726	theory_fixed
4336	read_004336	mol_004336	2615080	2615080	2633739	theory_fixed
4337	read_004337	mol_004337	2615294	2615294	2633276	theory_fixed
4338	read_004338	mol_004338	2615751	2615751	2630837	theory_fixed
4339	read_004339	mol_004339	2615855	2615855	2634903	theory_fixed
4340	read_004340	mol_004340	2616130	2616130	2633123	theory_fixed
4341	read_004341	mol_004341	2616240	2616240	2628168	theory_fixed
4342	read_004342	mol_004342	2616377	2616377	2637022	theory_fixed
4343	read_004343	mol_004343	2617273	2617273	2637137	theory_fixed
4344	read_004344	mol_004344	2617596	2617596	2639836	theory_fixed
4345	read_004345	mol_004345	2617645	2617645	2629794	theory_fixed
4346	read_004346	mol_004346	2620083	2620083	2634565	theory_fixed
4347	read_004347	mol_004347	2620685	2620685	2633698	theory_fixed
4348	read_004348	mol_004348	2622353	2622353	2643177	theory_fixed
4349	read_004349	mol_004349	2622647	2622647	2640979	theory_fixed
4350	read_004350	mol_004350	2625794	2625794	2643037	theory_fixed
4351	read_004351	mol_004351	2625915	2625915	2649482	theory_fixed
4352	read_004352	mol_004352	2626045	2626045	2651619	theory_fixed
4353	read_004353	mol_004353	2627231	2627231	2639424	theory_fixed
4354	read_004354	mol_004354	2628088	2628088	2649876	theory_fixed
4355	read_004355	mol_004355	2628360	2628360	2652422	theory_fixed
4356	read_004356	mol_004356	2628372	2628372	2643940	theory_fixed
4357	read_004357	mol_004357	2628386	2628386	2649900	theory_fixed
4358	read_004358	mol_004358	2629329	2629329	2644714	theory_fixed
4359	read_004359	mol_004359	2629445	2629445	2648684	theory_fixed
4360	read_004360	mol_004360	2629915	2629915	2648023	theory_fixed
4361	read_004361	mol_004361	2630316	2630316	2650716	theory_fixed
4362	read_004362	mol_004362	2630555	2630555	2649579	theory_fixed
4363	read_004363	mol_004363	2630916	2630916	2649170	theory_fixed
4364	read_004364	mol_004364	2631276	2631276	2647328	theory_fixed
4365	read_004365	mol_004365	2631641	2631641	2652427	theory_fixed
4366	read_004366	mol_004366	2633055	2633055	2654175	theory_fixed
4367	read_004367	mol_004367	2633184	2633184	2661071	theory_fixed
4368	read_004368	mol_004368	2634173	2634173	2652917	theory_fixed
4369	read_004369	mol_004369	2634219	2634219	2649690	theory_fixed
4370	read_004370	mol_004370	2634347	2634347	2653821	theory_fixed
4371	read_004371	mol_004371	2634777	2634777	2648768	theory_fixed
4372	read_004372	mol_004372	2636322	2636322	2651566	theory_fixed
4373	read_004373	mol_004373	2637012	2637012	2651940	theory_fixed
4374	read_004374	mol_004374	2637303	2637303	2651866	theory_fixed
4375	read_004375	mol_004375	2638802	2638802	2655725	theory_fixed
4376	read_004376	mol_004376	2639753	2639753	2661434	theory_fixed
4377	read_004377	mol_004377	2639952	2639952	2657302	theory_fixed
4378	read_004378	mol_004378	2640561	2640561	2652534	theory_fixed
4379	read_004379	mol_004379	2641004	2641004	2656361	theory_fixed
4380	read_004380	mol_004380	2641601	2641601	2653267	theory_fixed
4381	read_004381	mol_004381	2641658	2641658	2668115	theory_fixed
4382	read_004382	mol_004382	2641731	2641731	2655383	theory_fixed
4383	read_004383	mol_004383	2642166	2642166	2666606	theory_fixed
4384	read_004384	mol_004384	2642281	2642281	2662642	theory_fixed
4385	read_004385	mol_004385	2643516	2643516	2659967	theory_fixed
4386	read_004386	mol_004386	2643594	2643594	2662198	theory_fixed
4387	read_004387	mol_004387	2643973	2643973	2662152	theory_fixed
4388	read_004388	mol_004388	2644124	2644124	2675505	theory_fixed
4389	read_004389	mol_004389	2644172	2644172	2663137	theory_fixed
4390	read_004390	mol_004390	2644609	2644609	2662321	theory_fixed
4391	read_004391	mol_004391	2645578	2645578	2659586	theory_fixed
4392	read_004392	mol_004392	2646079	2646079	2672443	theory_fixed
4393	read_004393	mol_004393	2646801	2646801	2664533	theory_fixed
4394	read_004394	mol_004394	2647978	2647978	2665051	theory_fixed
4395	read_004395	mol_004395	2648020	2648020	2664623	theory_fixed
4396	read_004396	mol_004396	2648062	2648062	2660255	theory_fixed
4397	read_004397	mol_004397	2649989	2649989	2663728	theory_fixed
4398	read_004398	mol_004398	2651593	2651593	2680705	theory_fixed
4399	read_004399	mol_004399	2651957	2651957	2670537	theory_fixed
4400	read_004400	mol_004400	2652715	2652715	2675942	theory_fixed
4401	read_004401	mol_004401	2654581	2654581	2668684	theory_fixed
4402	read_004402	mol_004402	2656052	2656052	2676799	theory_fixed
4403	read_004403	mol_004403	2656966	2656966	2684236	theory_fixed
4404	read_004404	mol_004404	2657594	2657594	2673101	theory_fixed
4405	read_004405	mol_004405	2657854	2657854	2677673	theory_fixed
4406	read_004406	mol_004406	2657980	2657980	2678900	theory_fixed
4407	read_004407	mol_004407	2658445	2658445	2679496	theory_fixed
4408	read_004408	mol_004408	2658449	2658449	2676334	theory_fixed
4409	read_004409	mol_004409	2659239	2659239	2672494	theory_fixed
4410	read_004410	mol_004410	2660712	2660712	2683335	theory_fixed
4411	read_004411	mol_004411	2661244	2661244	2677424	theory_fixed
4412	read_004412	mol_004412	2661283	2661283	2674936	theory_fixed
4413	read_004413	mol_004413	2661953	2661953	2688846	theory_fixed
4414	read_004414	mol_004414	2662159	2662159	2679125	theory_fixed
4415	read_004415	mol_004415	2665127	2665127	2687009	theory_fixed
4416	read_004416	mol_004416	2667567	2667567	2684940	theory_fixed
4417	read_004417	mol_004417	2667743	2667743	2687614	theory_fixed
4418	read_004418	mol_004418	2667795	2667795	2685033	theory_fixed
4419	read_004419	mol_004419	2669351	2669351	2687297	theory_fixed
4420	read_004420	mol_004420	2669446	2669446	2688160	theory_fixed
4421	read_004421	mol_004421	2669756	2669756	2690591	theory_fixed
4422	read_004422	mol_004422	2670019	2670019	2688295	theory_fixed
4423	read_004423	mol_004423	2670552	2670552	2689842	theory_fixed
4424	read_004424	mol_004424	2672800	2672800	2688206	theory_fixed
4425	read_004425	mol_004425	2673404	2673404	2697412	theory_fixed
4426	read_004426	mol_004426	2674531	2674531	2693932	theory_fixed
4427	read_004427	mol_004427	2675197	2675197	2693011	theory_fixed
4428	read_004428	mol_004428	2676964	2676964	2694607	theory_fixed
4429	read_004429	mol_004429	2677351	2677351	2695036	theory_fixed
4430	read_004430	mol_004430	2677585	2677585	2693387	theory_fixed
4431	read_004431	mol_004431	2677999	2677999	2704993	theory_fixed
4432	read_004432	mol_004432	2678130	2678130	2700373	theory_fixed
4433	read_004433	mol_004433	2678197	2678197	2695759	theory_fixed
4434	read_004434	mol_004434	2679792	2679792	2701972	theory_fixed
4435	read_004435	mol_004435	2679980	2679980	2697875	theory_fixed
4436	read_004436	mol_004436	2680697	2680697	2698715	theory_fixed
4437	read_004437	mol_004437	2681025	2681025	2691851	theory_fixed
4438	read_004438	mol_004438	2681690	2681690	2696360	theory_fixed
4439	read_004439	mol_004439	2681935	2681935	2698102	theory_fixed
4440	read_004440	mol_004440	2682378	2682378	2692035	theory_fixed
4441	read_004441	mol_004441	2682972	2682972	2707592	theory_fixed
4442	read_004442	mol_004442	2683469	2683469	2699279	theory_fixed
4443	read_004443	mol_004443	2683711	2683711	2702652	theory_fixed
4444	read_004444	mol_004444	2683799	2683799	2705505	theory_fixed
4445	read_004445	mol_004445	2685824	2685824	2710565	theory_fixed
4446	read_004446	mol_004446	2686166	2686166	2700740	theory_fixed
4447	read_004447	mol_004447	2686398	2686398	2703420	theory_fixed
4448	read_004448	mol_004448	2686486	2686486	2700745	theory_fixed
4449	read_004449	mol_004449	2687794	2687794	2703951	theory_fixed
4450	read_004450	mol_004450	2688733	2688733	2711525	theory_fixed
4451	read_004451	mol_004451	2688986	2688986	2704419	theory_fixed
4452	read_004452	mol_004452	2689430	2689430	2704310	theory_fixed
4453	read_004453	mol_004453	2689561	2689561	2705064	theory_fixed
4454	read_004454	mol_004454	2690150	2690150	2703884	theory_fixed
4455	read_004455	mol_004455	2691191	2691191	2708204	theory_fixed
4456	read_004456	mol_004456	2691238	2691238	2706212	theory_fixed
4457	read_004457	mol_004457	2691566	2691566	2709426	theory_fixed
4458	read_004458	mol_004458	2691932	2691932	2702360	theory_fixed
4459	read_004459	mol_004459	2692191	2692191	2705353	theory_fixed
4460	read_004460	mol_004460	2692195	2692195	2713571	theory_fixed
4461	read_004461	mol_004461	2692258	2692258	2706567	theory_fixed
4462	read_004462	mol_004462	2692533	2692533	2704592	theory_fixed
4463	read_004463	mol_004463	2693391	2693391	2717133	theory_fixed
4464	read_004464	mol_004464	2693547	2693547	2716483	theory_fixed
4465	read_004465	mol_004465	2693762	2693762	2709607	theory_fixed
4466	read_004466	mol_004466	2693842	2693842	2707989	theory_fixed
4467	read_004467	mol_004467	2694387	2694387	2717874	theory_fixed
4468	read_004468	mol_004468	2694648	2694648	2709650	theory_fixed
4469	read_004469	mol_004469	2694770	2694770	2714950	theory_fixed
4470	read_004470	mol_004470	2694978	2694978	2707756	theory_fixed
4471	read_004471	mol_004471	2695564	2695564	2715103	theory_fixed
4472	read_004472	mol_004472	2695993	2695993	2707148	theory_fixed
4473	read_004473	mol_004473	2696283	2696283	2716852	theory_fixed
4474	read_004474	mol_004474	2696391	2696391	2712967	theory_fixed
4475	read_004475	mol_004475	2697231	2697231	2717808	theory_fixed
4476	read_004476	mol_004476	2698466	2698466	2719015	theory_fixed
4477	read_004477	mol_004477	2698630	2698630	2714875	theory_fixed
4478	read_004478	mol_004478	2699307	2699307	2711314	theory_fixed
4479	read_004479	mol_004479	2699670	2699670	2717657	theory_fixed
4480	read_004480	mol_004480	2700483	2700483	2713597	theory_fixed
4481	read_004481	mol_004481	2700540	2700540	2712483	theory_fixed
4482	read_004482	mol_004482	2700726	2700726	2715615	theory_fixed
4483	read_004483	mol_004483	2700869	2700869	2717287	theory_fixed
4484	read_004484	mol_004484	2701186	2701186	2719298	theory_fixed
4485	read_004485	mol_004485	2701238	2701238	2715171	theory_fixed
4486	read_004486	mol_004486	2701399	2701399	2719068	theory_fixed
4487	read_004487	mol_004487	2701955	2701955	2717445	theory_fixed
4488	read_004488	mol_004488	2702717	2702717	2712348	theory_fixed
4489	read_004489	mol_004489	2703210	2703210	2717175	theory_fixed
4490	read_004490	mol_004490	2703263	2703263	2724493	theory_fixed
4491	read_004491	mol_004491	2705344	2705344	2725878	theory_fixed
4492	read_004492	mol_004492	2705918	2705918	2726181	theory_fixed
4493	read_004493	mol_004493	2706164	2706164	2719689	theory_fixed
4494	read_004494	mol_004494	2706821	2706821	2723343	theory_fixed
4495	read_004495	mol_004495	2707217	2707217	2729552	theory_fixed
4496	read_004496	mol_004496	2707223	2707223	2723499	theory_fixed
4497	read_004497	mol_004497	2707258	2707258	2730102	theory_fixed
4498	read_004498	mol_004498	2707971	2707971	2729253	theory_fixed
4499	read_004499	mol_004499	2710111	2710111	2728348	theory_fixed
4500	read_004500	mol_004500	2710162	2710162	2723126	theory_fixed
4501	read_004501	mol_004501	2710807	2710807	2738394	theory_fixed
4502	read_004502	mol_004502	2711080	2711080	2735122	theory_fixed
4503	read_004503	mol_004503	2711183	2711183	2731365	theory_fixed
4504	read_004504	mol_004504	2711841	2711841	2728415	theory_fixed
4505	read_004505	mol_004505	2712415	2712415	2728814	theory_fixed
4506	read_004506	mol_004506	2712479	2712479	2737071	theory_fixed
4507	read_004507	mol_004507	2713657	2713657	2731813	theory_fixed
4508	read_004508	mol_004508	2713692	2713692	2736566	theory_fixed
4509	read_004509	mol_004509	2713783	2713783	2734713	theory_fixed
4510	read_004510	mol_004510	2716121	2716121	2738649	theory_fixed
4511	read_004511	mol_004511	2716165	2716165	2736929	theory_fixed
4512	read_004512	mol_004512	2717308	2717308	2730764	theory_fixed
4513	read_004513	mol_004513	2717338	2717338	2734674	theory_fixed
4514	read_004514	mol_004514	2718419	2718419	2735532	theory_fixed
4515	read_004515	mol_004515	2718536	2718536	2731406	theory_fixed
4516	read_004516	mol_004516	2718788	2718788	2736836	theory_fixed
4517	read_004517	mol_004517	2719381	2719381	2738487	theory_fixed
4518	read_004518	mol_004518	2719479	2719479	2738299	theory_fixed
4519	read_004519	mol_004519	2719981	2719981	2742559	theory_fixed
4520	read_004520	mol_004520	2720043	2720043	2732347	theory_fixed
4521	read_004521	mol_004521	2720862	2720862	2751496	theory_fixed
4522	read_004522	mol_004522	2721028	2721028	2732457	theory_fixed
4523	read_004523	mol_004523	2721124	2721124	2739173	theory_fixed
4524	read_004524	mol_004524	2721869	2721869	2743560	theory_fixed
4525	read_004525	mol_004525	2722224	2722224	2745688	theory_fixed
4526	read_004526	mol_004526	2722363	2722363	2742249	theory_fixed
4527	read_004527	mol_004527	2723320	2723320	2744580	theory_fixed
4528	read_004528	mol_004528	2723620	2723620	2754336	theory_fixed
4529	read_004529	mol_004529	2723980	2723980	2738177	theory_fixed
4530	read_004530	mol_004530	2724763	2724763	2747611	theory_fixed
4531	read_004531	mol_004531	2724881	2724881	2741382	theory_fixed
4532	read_004532	mol_004532	2727756	2727756	2749241	theory_fixed
4533	read_004533	mol_004533	2727990	2727990	2739962	theory_fixed
4534	read_004534	mol_004534	2728796	2728796	2746399	theory_fixed
4535	read_004535	mol_004535	2730031	2730031	2758060	theory_fixed
4536	read_004536	mol_004536	2730572	2730572	2744844	theory_fixed
4537	read_004537	mol_004537	2731591	2731591	2750460	theory_fixed
4538	read_004538	mol_004538	2732148	2732148	2750869	theory_fixed
4539	read_004539	mol_004539	2732441	2732441	2747148	theory_fixed
4540	read_004540	mol_004540	2732555	2732555	2750433	theory_fixed
4541	read_004541	mol_004541	2732556	2732556	2744219	theory_fixed
4542	read_004542	mol_004542	2733887	2733887	2748806	theory_fixed
4543	read_004543	mol_004543	2734313	2734313	2754757	theory_fixed
4544	read_004544	mol_004544	2734420	2734420	2751795	theory_fixed
4545	read_004545	mol_004545	2734505	2734505	2748589	theory_fixed
4546	read_004546	mol_004546	2735565	2735565	2751711	theory_fixed
4547	read_004547	mol_004547	2735781	2735781	2756443	theory_fixed
4548	read_004548	mol_004548	2735884	2735884	2760378	theory_fixed
4549	read_004549	mol_004549	2738732	2738732	2758048	theory_fixed
4550	read_004550	mol_004550	2740320	2740320	2755691	theory_fixed
4551	read_004551	mol_004551	2740757	2740757	2760708	theory_fixed
4552	read_004552	mol_004552	2740794	2740794	2761068	theory_fixed
4553	read_004553	mol_004553	2740888	2740888	2761150	theory_fixed
4554	read_004554	mol_004554	2741422	2741422	2761454	theory_fixed
4555	read_004555	mol_004555	2742062	2742062	2760498	theory_fixed
4556	read_004556	mol_004556	2742329	2742329	2759094	theory_fixed
4557	read_004557	mol_004557	2742947	2742947	2767293	theory_fixed
4558	read_004558	mol_004558	2743091	2743091	2760173	theory_fixed
4559	read_004559	mol_004559	2743112	2743112	2760476	theory_fixed
4560	read_004560	mol_004560	2744042	2744042	2759798	theory_fixed
4561	read_004561	mol_004561	2744049	2744049	2762256	theory_fixed
4562	read_004562	mol_004562	2744102	2744102	2765560	theory_fixed
4563	read_004563	mol_004563	2744834	2744834	2762128	theory_fixed
4564	read_004564	mol_004564	2744850	2744850	2771993	theory_fixed
4565	read_004565	mol_004565	2746015	2746015	2762586	theory_fixed
4566	read_004566	mol_004566	2746386	2746386	2760868	theory_fixed
4567	read_004567	mol_004567	2746503	2746503	2763369	theory_fixed
4568	read_004568	mol_004568	2747883	2747883	2760566	theory_fixed
4569	read_004569	mol_004569	2747987	2747987	2767960	theory_fixed
4570	read_004570	mol_004570	2748897	2748897	2769170	theory_fixed
4571	read_004571	mol_004571	2749370	2749370	2764931	theory_fixed
4572	read_004572	mol_004572	2749742	2749742	2765559	theory_fixed
4573	read_004573	mol_004573	2750301	2750301	2769964	theory_fixed
4574	read_004574	mol_004574	2750455	2750455	2768084	theory_fixed
4575	read_004575	mol_004575	2751008	2751008	2765009	theory_fixed
4576	read_004576	mol_004576	2751326	2751326	2764790	theory_fixed
4577	read_004577	mol_004577	2751374	2751374	2764607	theory_fixed
4578	read_004578	mol_004578	2751571	2751571	2770749	theory_fixed
4579	read_004579	mol_004579	2751598	2751598	2768344	theory_fixed
4580	read_004580	mol_004580	2751837	2751837	2774345	theory_fixed
4581	read_004581	mol_004581	2752367	2752367	2762864	theory_fixed
4582	read_004582	mol_004582	2752472	2752472	2768427	theory_fixed
4583	read_004583	mol_004583	2752983	2752983	2769310	theory_fixed
4584	read_004584	mol_004584	2753126	2753126	2770877	theory_fixed
4585	read_004585	mol_004585	2753143	2753143	2771829	theory_fixed
4586	read_004586	mol_004586	2753169	2753169	2768802	theory_fixed
4587	read_004587	mol_004587	2753791	2753791	2776843	theory_fixed
4588	read_004588	mol_004588	2753962	2753962	2767415	theory_fixed
4589	read_004589	mol_004589	2754906	2754906	2779512	theory_fixed
4590	read_004590	mol_004590	2755224	2755224	2777248	theory_fixed
4591	read_004591	mol_004591	2757903	2757903	2777417	theory_fixed
4592	read_004592	mol_004592	2758353	2758353	2771546	theory_fixed
4593	read_004593	mol_004593	2758875	2758875	2776530	theory_fixed
4594	read_004594	mol_004594	2759016	2759016	2774644	theory_fixed
4595	read_004595	mol_004595	2759790	2759790	2779581	theory_fixed
4596	read_004596	mol_004596	2760146	2760146	2775228	theory_fixed
4597	read_004597	mol_004597	2760364	2760364	2778160	theory_fixed
4598	read_004598	mol_004598	2760377	2760377	2785092	theory_fixed
4599	read_004599	mol_004599	2761784	2761784	2779084	theory_fixed
4600	read_004600	mol_004600	2762531	2762531	2776866	theory_fixed
4601	read_004601	mol_004601	2762781	2762781	2781712	theory_fixed
4602	read_004602	mol_004602	2762867	2762867	2784391	theory_fixed
4603	read_004603	mol_004603	2763168	2763168	2783374	theory_fixed
4604	read_004604	mol_004604	2763685	2763685	2779319	theory_fixed
4605	read_004605	mol_004605	2764111	2764111	2781279	theory_fixed
4606	read_004606	mol_004606	2764659	2764659	2781575	theory_fixed
4607	read_004607	mol_004607	2764870	2764870	2784226	theory_fixed
4608	read_004608	mol_004608	2765061	2765061	2774836	theory_fixed
4609	read_004609	mol_004609	2765175	2765175	2775600	theory_fixed
4610	read_004610	mol_004610	2765192	2765192	2784167	theory_fixed
4611	read_004611	mol_004611	2765951	2765951	2780980	theory_fixed
4612	read_004612	mol_004612	2766048	2766048	2784812	theory_fixed
4613	read_004613	mol_004613	2766644	2766644	2778869	theory_fixed
4614	read_004614	mol_004614	2767076	2767076	2782107	theory_fixed
4615	read_004615	mol_004615	2767477	2767477	2782537	theory_fixed
4616	read_004616	mol_004616	2767630	2767630	2784362	theory_fixed
4617	read_004617	mol_004617	2767706	2767706	2781578	theory_fixed
4618	read_004618	mol_004618	2769745	2769745	2787687	theory_fixed
4619	read_004619	mol_004619	2770241	2770241	2791377	theory_fixed
4620	read_004620	mol_004620	2770952	2770952	2787995	theory_fixed
4621	read_004621	mol_004621	2771339	2771339	2789039	theory_fixed
4622	read_004622	mol_004622	2771488	2771488	2792291	theory_fixed
4623	read_004623	mol_004623	2771567	2771567	2794352	theory_fixed
4624	read_004624	mol_004624	2772587	2772587	2790411	theory_fixed
4625	read_004625	mol_004625	2773952	2773952	2792706	theory_fixed
4626	read_004626	mol_004626	2774197	2774197	2788509	theory_fixed
4627	read_004627	mol_004627	2774902	2774902	2794552	theory_fixed
4628	read_004628	mol_004628	2775599	2775599	2790691	theory_fixed
4629	read_004629	mol_004629	2775604	2775604	2789629	theory_fixed
4630	read_004630	mol_004630	2775711	2775711	2794879	theory_fixed
4631	read_004631	mol_004631	2776317	2776317	2795774	theory_fixed
4632	read_004632	mol_004632	2776627	2776627	2800453	theory_fixed
4633	read_004633	mol_004633	2777189	2777189	2798988	theory_fixed
4634	read_004634	mol_004634	2777851	2777851	2797187	theory_fixed
4635	read_004635	mol_004635	2777909	2777909	2797507	theory_fixed
4636	read_004636	mol_004636	2779370	2779370	2798374	theory_fixed
4637	read_004637	mol_004637	2780507	2780507	2796702	theory_fixed
4638	read_004638	mol_004638	2781382	2781382	2804731	theory_fixed
4639	read_004639	mol_004639	2782963	2782963	2797664	theory_fixed
4640	read_004640	mol_004640	2782977	2782977	2797197	theory_fixed
4641	read_004641	mol_004641	2783450	2783450	2795521	theory_fixed
4642	read_004642	mol_004642	2784267	2784267	2803670	theory_fixed
4643	read_004643	mol_004643	2784682	2784682	2804491	theory_fixed
4644	read_004644	mol_004644	2785871	2785871	2801943	theory_fixed
4645	read_004645	mol_004645	2786591	2786591	2807170	theory_fixed
4646	read_004646	mol_004646	2789040	2789040	2811990	theory_fixed
4647	read_004647	mol_004647	2789680	2789680	2811563	theory_fixed
4648	read_004648	mol_004648	2789752	2789752	2805798	theory_fixed
4649	read_004649	mol_004649	2791353	2791353	2811495	theory_fixed
4650	read_004650	mol_004650	2791362	2791362	2804999	theory_fixed
4651	read_004651	mol_004651	2791435	2791435	2809939	theory_fixed
4652	read_004652	mol_004652	2792521	2792521	2805122	theory_fixed
4653	read_004653	mol_004653	2794955	2794955	2809607	theory_fixed
4654	read_004654	mol_004654	2795631	2795631	2809331	theory_fixed
4655	read_004655	mol_004655	2796516	2796516	2810703	theory_fixed
4656	read_004656	mol_004656	2796780	2796780	2820288	theory_fixed
4657	read_004657	mol_004657	2797265	2797265	2825121	theory_fixed
4658	read_004658	mol_004658	2798352	2798352	2819113	theory_fixed
4659	read_004659	mol_004659	2798772	2798772	2812408	theory_fixed
4660	read_004660	mol_004660	2799275	2799275	2816003	theory_fixed
4661	read_004661	mol_004661	2799546	2799546	2824093	theory_fixed
4662	read_004662	mol_004662	2800010	2800010	2820303	theory_fixed
4663	read_004663	mol_004663	2801538	2801538	2818890	theory_fixed
4664	read_004664	mol_004664	2801656	2801656	2823966	theory_fixed
4665	read_004665	mol_004665	2802843	2802843	2819730	theory_fixed
4666	read_004666	mol_004666	2804886	2804886	2826072	theory_fixed
4667	read_004667	mol_004667	2805007	2805007	2820807	theory_fixed
4668	read_004668	mol_004668	2805231	2805231	2823027	theory_fixed
4669	read_004669	mol_004669	2805389	2805389	2820752	theory_fixed
4670	read_004670	mol_004670	2805542	2805542	2830804	theory_fixed
4671	read_004671	mol_004671	2805777	2805777	2825494	theory_fixed
4672	read_004672	mol_004672	2806649	2806649	2820522	theory_fixed
4673	read_004673	mol_004673	2807201	2807201	2825349	theory_fixed
4674	read_004674	mol_004674	2809149	2809149	2832140	theory_fixed
4675	read_004675	mol_004675	2809392	2809392	2837302	theory_fixed
4676	read_004676	mol_004676	2809543	2809543	2821079	theory_fixed
4677	read_004677	mol_004677	2809569	2809569	2825857	theory_fixed
4678	read_004678	mol_004678	2811401	2811401	2825992	theory_fixed
4679	read_004679	mol_004679	2811765	2811765	2827391	theory_fixed
4680	read_004680	mol_004680	2814514	2814514	2837607	theory_fixed
4681	read_004681	mol_004681	2815283	2815283	2831285	theory_fixed
4682	read_004682	mol_004682	2815608	2815608	2831717	theory_fixed
4683	read_004683	mol_004683	2815682	2815682	2828537	theory_fixed
4684	read_004684	mol_004684	2815850	2815850	2831963	theory_fixed
4685	read_004685	mol_004685	2816177	2816177	2829464	theory_fixed
4686	read_004686	mol_004686	2816323	2816323	2832867	theory_fixed
4687	read_004687	mol_004687	2816505	2816505	2841935	theory_fixed
4688	read_004688	mol_004688	2816799	2816799	2831795	theory_fixed
4689	read_004689	mol_004689	2817469	2817469	2829466	theory_fixed
4690	read_004690	mol_004690	2817817	2817817	2832763	theory_fixed
4691	read_004691	mol_004691	2817908	2817908	2838167	theory_fixed
4692	read_004692	mol_004692	2818354	2818354	2835399	theory_fixed
4693	read_004693	mol_004693	2818748	2818748	2837131	theory_fixed
4694	read_004694	mol_004694	2818952	2818952	2835345	theory_fixed
4695	read_004695	mol_004695	2819696	2819696	2831965	theory_fixed
4696	read_004696	mol_004696	2819998	2819998	2847840	theory_fixed
4697	read_004697	mol_004697	2820456	2820456	2839399	theory_fixed
4698	read_004698	mol_004698	2820501	2820501	2834115	theory_fixed
4699	read_004699	mol_004699	2822178	2822178	2835906	theory_fixed
4700	read_004700	mol_004700	2822293	2822293	2845283	theory_fixed
4701	read_004701	mol_004701	2822331	2822331	2848588	theory_fixed
4702	read_004702	mol_004702	2823224	2823224	2842811	theory_fixed
4703	read_004703	mol_004703	2823970	2823970	2847065	theory_fixed
4704	read_004704	mol_004704	2824234	2824234	2848062	theory_fixed
4705	read_004705	mol_004705	2824363	2824363	2853323	theory_fixed
4706	read_004706	mol_004706	2824755	2824755	2847593	theory_fixed
4707	read_004707	mol_004707	2825443	2825443	2843617	theory_fixed
4708	read_004708	mol_004708	2825648	2825648	2840913	theory_fixed
4709	read_004709	mol_004709	2825889	2825889	2843059	theory_fixed
4710	read_004710	mol_004710	2826605	2826605	2843428	theory_fixed
4711	read_004711	mol_004711	2826799	2826799	2842606	theory_fixed
4712	read_004712	mol_004712	2827327	2827327	2842606	theory_fixed
4713	read_004713	mol_004713	2828675	2828675	2845379	theory_fixed
4714	read_004714	mol_004714	2832058	2832058	2847892	theory_fixed
4715	read_004715	mol_004715	2832214	2832214	2851514	theory_fixed
4716	read_004716	mol_004716	2832413	2832413	2856306	theory_fixed
4717	read_004717	mol_004717	2832574	2832574	2850659	theory_fixed
4718	read_004718	mol_004718	2832690	2832690	2849558	theory_fixed
4719	read_004719	mol_004719	2833375	2833375	2852512	theory_fixed
4720	read_004720	mol_004720	2833391	2833391	2850285	theory_fixed
4721	read_004721	mol_004721	2833607	2833607	2852335	theory_fixed
4722	read_004722	mol_004722	2834572	2834572	2853111	theory_fixed
4723	read_004723	mol_004723	2835138	2835138	2851050	theory_fixed
4724	read_004724	mol_004724	2835376	2835376	2860896	theory_fixed
4725	read_004725	mol_004725	2835972	2835972	2861394	theory_fixed
4726	read_004726	mol_004726	2837654	2837654	2853264	theory_fixed
4727	read_004727	mol_004727	2837816	2837816	2851490	theory_fixed
4728	read_004728	mol_004728	2838059	2838059	2853061	theory_fixed
4729	read_004729	mol_004729	2838330	2838330	2855179	theory_fixed
4730	read_004730	mol_004730	2838863	2838863	2863159	theory_fixed
4731	read_004731	mol_004731	2838866	2838866	2858587	theory_fixed
4732	read_004732	mol_004732	2839421	2839421	2859099	theory_fixed
4733	read_004733	mol_004733	2839835	2839835	2863150	theory_fixed
4734	read_004734	mol_004734	2840012	2840012	2856484	theory_fixed
4735	read_004735	mol_004735	2840148	2840148	2858057	theory_fixed
4736	read_004736	mol_004736	2840173	2840173	2861334	theory_fixed
4737	read_004737	mol_004737	2840322	2840322	2861595	theory_fixed
4738	read_004738	mol_004738	2841125	2841125	2858503	theory_fixed
4739	read_004739	mol_004739	2841608	2841608	2860408	theory_fixed
4740	read_004740	mol_004740	2841822	2841822	2858736	theory_fixed
4741	read_004741	mol_004741	2841895	2841895	2863066	theory_fixed
4742	read_004742	mol_004742	2842052	2842052	2860395	theory_fixed
4743	read_004743	mol_004743	2842970	2842970	2854602	theory_fixed
4744	read_004744	mol_004744	2843312	2843312	2861935	theory_fixed
4745	read_004745	mol_004745	2843572	2843572	2861689	theory_fixed
4746	read_004746	mol_004746	2843977	2843977	2859058	theory_fixed
4747	read_004747	mol_004747	2844117	2844117	2859052	theory_fixed
4748	read_004748	mol_004748	2844946	2844946	2869389	theory_fixed
4749	read_004749	mol_004749	2845204	2845204	2863749	theory_fixed
4750	read_004750	mol_004750	2845307	2845307	2859947	theory_fixed
4751	read_004751	mol_004751	2845587	2845587	2868126	theory_fixed
4752	read_004752	mol_004752	2845821	2845821	2863348	theory_fixed
4753	read_004753	mol_004753	2846026	2846026	2867811	theory_fixed
4754	read_004754	mol_004754	2846166	2846166	2861903	theory_fixed
4755	read_004755	mol_004755	2846650	2846650	2871232	theory_fixed
4756	read_004756	mol_004756	2847739	2847739	2870461	theory_fixed
4757	read_004757	mol_004757	2847908	2847908	2870553	theory_fixed
4758	read_004758	mol_004758	2848966	2848966	2861688	theory_fixed
4759	read_004759	mol_004759	2849535	2849535	2871062	theory_fixed
4760	read_004760	mol_004760	2849619	2849619	2864123	theory_fixed
4761	read_004761	mol_004761	2849700	2849700	2865129	theory_fixed
4762	read_004762	mol_004762	2850761	2850761	2865984	theory_fixed
4763	read_004763	mol_004763	2850976	2850976	2863868	theory_fixed
4764	read_004764	mol_004764	2851002	2851002	2872228	theory_fixed
4765	read_004765	mol_004765	2851157	2851157	2875415	theory_fixed
4766	read_004766	mol_004766	2851570	2851570	2874163	theory_fixed
4767	read_004767	mol_004767	2851732	2851732	2879195	theory_fixed
4768	read_004768	mol_004768	2851980	2851980	2875717	theory_fixed
4769	read_004769	mol_004769	2852846	2852846	2872075	theory_fixed
4770	read_004770	mol_004770	2852981	2852981	2868742	theory_fixed
4771	read_004771	mol_004771	2853787	2853787	2873037	theory_fixed
4772	read_004772	mol_004772	2855191	2855191	2873985	theory_fixed
4773	read_004773	mol_004773	2855193	2855193	2875624	theory_fixed
4774	read_004774	mol_004774	2855385	2855385	2866795	theory_fixed
4775	read_004775	mol_004775	2855631	2855631	2871046	theory_fixed
4776	read_004776	mol_004776	2856418	2856418	2876845	theory_fixed
4777	read_004777	mol_004777	2856573	2856573	2877556	theory_fixed
4778	read_004778	mol_004778	2857045	2857045	2879001	theory_fixed
4779	read_004779	mol_004779	2857369	2857369	2869476	theory_fixed
4780	read_004780	mol_004780	2857589	2857589	2879271	theory_fixed
4781	read_004781	mol_004781	2857814	2857814	2875531	theory_fixed
4782	read_004782	mol_004782	2858570	2858570	2876784	theory_fixed
4783	read_004783	mol_004783	2859277	2859277	2873913	theory_fixed
4784	read_004784	mol_004784	2860311	2860311	2879132	theory_fixed
4785	read_004785	mol_004785	2860638	2860638	2879343	theory_fixed
4786	read_004786	mol_004786	2860918	2860918	2878047	theory_fixed
4787	read_004787	mol_004787	2861321	2861321	2876991	theory_fixed
4788	read_004788	mol_004788	2862058	2862058	2875687	theory_fixed
4789	read_004789	mol_004789	2862204	2862204	2879279	theory_fixed
4790	read_004790	mol_004790	2862455	2862455	2879708	theory_fixed
4791	read_004791	mol_004791	2862517	2862517	2878179	theory_fixed
4792	read_004792	mol_004792	2862868	2862868	2878689	theory_fixed
4793	read_004793	mol_004793	2864081	2864081	2877980	theory_fixed
4794	read_004794	mol_004794	2865002	2865002	2884662	theory_fixed
4795	read_004795	mol_004795	2865267	2865267	2881854	theory_fixed
4796	read_004796	mol_004796	2865685	2865685	2885151	theory_fixed
4797	read_004797	mol_004797	2865881	2865881	2888653	theory_fixed
4798	read_004798	mol_004798	2866046	2866046	2886638	theory_fixed
4799	read_004799	mol_004799	2866478	2866478	2880337	theory_fixed
4800	read_004800	mol_004800	2866803	2866803	2886219	theory_fixed
4801	read_004801	mol_004801	2867651	2867651	2893070	theory_fixed
4802	read_004802	mol_004802	2868099	2868099	2882177	theory_fixed
4803	read_004803	mol_004803	2869047	2869047	2894561	theory_fixed
4804	read_004804	mol_004804	2869305	2869305	2886673	theory_fixed
4805	read_004805	mol_004805	2870520	2870520	2885525	theory_fixed
4806	read_004806	mol_004806	2872311	2872311	2891798	theory_fixed
4807	read_004807	mol_004807	2872464	2872464	2892178	theory_fixed
4808	read_004808	mol_004808	2873063	2873063	2890087	theory_fixed
4809	read_004809	mol_004809	2874720	2874720	2891476	theory_fixed
4810	read_004810	mol_004810	2874802	2874802	2890879	theory_fixed
4811	read_004811	mol_004811	2875635	2875635	2895905	theory_fixed
4812	read_004812	mol_004812	2876433	2876433	2893342	theory_fixed
4813	read_004813	mol_004813	2876755	2876755	2889278	theory_fixed
4814	read_004814	mol_004814	2877272	2877272	2894778	theory_fixed
4815	read_004815	mol_004815	2877859	2877859	2899363	theory_fixed
4816	read_004816	mol_004816	2878239	2878239	2895073	theory_fixed
4817	read_004817	mol_004817	2878762	2878762	2899178	theory_fixed
4818	read_004818	mol_004818	2878966	2878966	2893727	theory_fixed
4819	read_004819	mol_004819	2879278	2879278	2905809	theory_fixed
4820	read_004820	mol_004820	2881484	2881484	2900814	theory_fixed
4821	read_004821	mol_004821	2882096	2882096	2903688	theory_fixed
4822	read_004822	mol_004822	2883741	2883741	2909790	theory_fixed
4823	read_004823	mol_004823	2883800	2883800	2906559	theory_fixed
4824	read_004824	mol_004824	2884043	2884043	2895238	theory_fixed
4825	read_004825	mol_004825	2884241	2884241	2907897	theory_fixed
4826	read_004826	mol_004826	2884719	2884719	2897046	theory_fixed
4827	read_004827	mol_004827	2884722	2884722	2898136	theory_fixed
4828	read_004828	mol_004828	2885099	2885099	2901050	theory_fixed
4829	read_004829	mol_004829	2885218	2885218	2905492	theory_fixed
4830	read_004830	mol_004830	2885265	2885265	2902704	theory_fixed
4831	read_004831	mol_004831	2885981	2885981	2900354	theory_fixed
4832	read_004832	mol_004832	2886306	2886306	2900625	theory_fixed
4833	read_004833	mol_004833	2887629	2887629	2908269	theory_fixed
4834	read_004834	mol_004834	2889307	2889307	2916331	theory_fixed
4835	read_004835	mol_004835	2889483	2889483	2904699	theory_fixed
4836	read_004836	mol_004836	2889752	2889752	2910945	theory_fixed
4837	read_004837	mol_004837	2890064	2890064	2903825	theory_fixed
4838	read_004838	mol_004838	2890842	2890842	2907540	theory_fixed
4839	read_004839	mol_004839	2891100	2891100	2907201	theory_fixed
4840	read_004840	mol_004840	2891785	2891785	2911753	theory_fixed
4841	read_004841	mol_004841	2893626	2893626	2907240	theory_fixed
4842	read_004842	mol_004842	2894100	2894100	2915475	theory_fixed
4843	read_004843	mol_004843	2894361	2894361	2910900	theory_fixed
4844	read_004844	mol_004844	2894363	2894363	2911751	theory_fixed
4845	read_004845	mol_004845	2896604	2896604	2914424	theory_fixed
4846	read_004846	mol_004846	2897224	2897224	2913022	theory_fixed
4847	read_004847	mol_004847	2897495	2897495	2919475	theory_fixed
4848	read_004848	mol_004848	2897726	2897726	2909561	theory_fixed
4849	read_004849	mol_004849	2899493	2899493	2915485	theory_fixed
4850	read_004850	mol_004850	2899849	2899849	2928339	theory_fixed
4851	read_004851	mol_004851	2899880	2899880	2920571	theory_fixed
4852	read_004852	mol_004852	2900117	2900117	2912642	theory_fixed
4853	read_004853	mol_004853	2900734	2900734	2921329	theory_fixed
4854	read_004854	mol_004854	2901971	2901971	2919054	theory_fixed
4855	read_004855	mol_004855	2902154	2902154	2918832	theory_fixed
4856	read_004856	mol_004856	2902237	2902237	2921767	theory_fixed
4857	read_004857	mol_004857	2903566	2903566	2921055	theory_fixed
4858	read_004858	mol_004858	2903613	2903613	2918654	theory_fixed
4859	read_004859	mol_004859	2904299	2904299	2924237	theory_fixed
4860	read_004860	mol_004860	2904329	2904329	2920163	theory_fixed
4861	read_004861	mol_004861	2904559	2904559	2920480	theory_fixed
4862	read_004862	mol_004862	2904786	2904786	2915924	theory_fixed
4863	read_004863	mol_004863	2904801	2904801	2917329	theory_fixed
4864	read_004864	mol_004864	2904810	2904810	2922497	theory_fixed
4865	read_004865	mol_004865	2905473	2905473	2923160	theory_fixed
4866	read_004866	mol_004866	2905892	2905892	2932223	theory_fixed
4867	read_004867	mol_004867	2906596	2906596	2923593	theory_fixed
4868	read_004868	mol_004868	2906869	2906869	2935220	theory_fixed
4869	read_004869	mol_004869	2907713	2907713	2923378	theory_fixed
4870	read_004870	mol_004870	2908696	2908696	2925208	theory_fixed
4871	read_004871	mol_004871	2909828	2909828	2926981	theory_fixed
4872	read_004872	mol_004872	2910614	2910614	2933289	theory_fixed
4873	read_004873	mol_004873	2910691	2910691	2925047	theory_fixed
4874	read_004874	mol_004874	2910855	2910855	2927517	theory_fixed
4875	read_004875	mol_004875	2910930	2910930	2925558	theory_fixed
4876	read_004876	mol_004876	2912027	2912027	2924756	theory_fixed
4877	read_004877	mol_004877	2912228	2912228	2926935	theory_fixed
4878	read_004878	mol_004878	2912455	2912455	2936687	theory_fixed
4879	read_004879	mol_004879	2912715	2912715	2932931	theory_fixed
4880	read_004880	mol_004880	2915069	2915069	2928325	theory_fixed
4881	read_004881	mol_004881	2915220	2915220	2936823	theory_fixed
4882	read_004882	mol_004882	2915363	2915363	2936931	theory_fixed
4883	read_004883	mol_004883	2916141	2916141	2939922	theory_fixed
4884	read_004884	mol_004884	2916708	2916708	2942228	theory_fixed
4885	read_004885	mol_004885	2917083	2917083	2934336	theory_fixed
4886	read_004886	mol_004886	2919710	2919710	2935538	theory_fixed
4887	read_004887	mol_004887	2920933	2920933	2939341	theory_fixed
4888	read_004888	mol_004888	2921015	2921015	2936677	theory_fixed
4889	read_004889	mol_004889	2921708	2921708	2941258	theory_fixed
4890	read_004890	mol_004890	2923751	2923751	2940170	theory_fixed
4891	read_004891	mol_004891	2924106	2924106	2938669	theory_fixed
4892	read_004892	mol_004892	2924782	2924782	2944584	theory_fixed
4893	read_004893	mol_004893	2925349	2925349	2938033	theory_fixed
4894	read_004894	mol_004894	2925671	2925671	2939262	theory_fixed
4895	read_004895	mol_004895	2926051	2926051	2936896	theory_fixed
4896	read_004896	mol_004896	2926202	2926202	2945936	theory_fixed
4897	read_004897	mol_004897	2926245	2926245	2946285	theory_fixed
4898	read_004898	mol_004898	2927315	2927315	2944831	theory_fixed
4899	read_004899	mol_004899	2928021	2928021	2941546	theory_fixed
4900	read_004900	mol_004900	2928497	2928497	2957629	theory_fixed
4901	read_004901	mol_004901	2928605	2928605	2943883	theory_fixed
4902	read_004902	mol_004902	2930560	2930560	2950623	theory_fixed
4903	read_004903	mol_004903	2930801	2930801	2939986	theory_fixed
4904	read_004904	mol_004904	2931592	2931592	2946574	theory_fixed
4905	read_004905	mol_004905	2932812	2932812	2945700	theory_fixed
4906	read_004906	mol_004906	2932814	2932814	2946718	theory_fixed
4907	read_004907	mol_004907	2933593	2933593	2949099	theory_fixed
4908	read_004908	mol_004908	2933618	2933618	2947374	theory_fixed
4909	read_004909	mol_004909	2933726	2933726	2950106	theory_fixed
4910	read_004910	mol_004910	2934726	2934726	2969981	theory_fixed
4911	read_004911	mol_004911	2934759	2934759	2953311	theory_fixed
4912	read_004912	mol_004912	2935322	2935322	2952653	theory_fixed
4913	read_004913	mol_004913	2935398	2935398	2947593	theory_fixed
4914	read_004914	mol_004914	2935480	2935480	2956445	theory_fixed
4915	read_004915	mol_004915	2935603	2935603	2953747	theory_fixed
4916	read_004916	mol_004916	2935650	2935650	2952660	theory_fixed
4917	read_004917	mol_004917	2935946	2935946	2955634	theory_fixed
4918	read_004918	mol_004918	2936032	2936032	2956773	theory_fixed
4919	read_004919	mol_004919	2936671	2936671	2953905	theory_fixed
4920	read_004920	mol_004920	2936738	2936738	2952022	theory_fixed
4921	read_004921	mol_004921	2937560	2937560	2957980	theory_fixed
4922	read_004922	mol_004922	2938685	2938685	2953272	theory_fixed
4923	read_004923	mol_004923	2938941	2938941	2950792	theory_fixed
4924	read_004924	mol_004924	2939447	2939447	2957583	theory_fixed
4925	read_004925	mol_004925	2940449	2940449	2958704	theory_fixed
4926	read_004926	mol_004926	2940584	2940584	2963855	theory_fixed
4927	read_004927	mol_004927	2940585	2940585	2950319	theory_fixed
4928	read_004928	mol_004928	2940630	2940630	2959950	theory_fixed
4929	read_004929	mol_004929	2940861	2940861	2969347	theory_fixed
4930	read_004930	mol_004930	2941408	2941408	2963771	theory_fixed
4931	read_004931	mol_004931	2941474	2941474	2956122	theory_fixed
4932	read_004932	mol_004932	2941535	2941535	2964598	theory_fixed
4933	read_004933	mol_004933	2941542	2941542	2967144	theory_fixed
4934	read_004934	mol_004934	2942950	2942950	2957919	theory_fixed
4935	read_004935	mol_004935	2943130	2943130	2956697	theory_fixed
4936	read_004936	mol_004936	2943459	2943459	2958308	theory_fixed
4937	read_004937	mol_004937	2944569	2944569	2963619	theory_fixed
4938	read_004938	mol_004938	2944606	2944606	2959644	theory_fixed
4939	read_004939	mol_004939	2944922	2944922	2964296	theory_fixed
4940	read_004940	mol_004940	2946126	2946126	2962545	theory_fixed
4941	read_004941	mol_004941	2947318	2947318	2964592	theory_fixed
4942	read_004942	mol_004942	2948138	2948138	2966455	theory_fixed
4943	read_004943	mol_004943	2950514	2950514	2972104	theory_fixed
4944	read_004944	mol_004944	2950859	2950859	2964786	theory_fixed
4945	read_004945	mol_004945	2951848	2951848	2965238	theory_fixed
4946	read_004946	mol_004946	2951959	2951959	2966763	theory_fixed
4947	read_004947	mol_004947	2952023	2952023	2970229	theory_fixed
4948	read_004948	mol_004948	2952470	2952470	2971890	theory_fixed
4949	read_004949	mol_004949	2952571	2952571	2962897	theory_fixed
4950	read_004950	mol_004950	2952927	2952927	2969330	theory_fixed
4951	read_004951	mol_004951	2953063	2953063	2968667	theory_fixed
4952	read_004952	mol_004952	2953932	2953932	2972057	theory_fixed
4953	read_004953	mol_004953	2954097	2954097	2968927	theory_fixed
4954	read_004954	mol_004954	2955592	2955592	2974360	theory_fixed
4955	read_004955	mol_004955	2956591	2956591	2969569	theory_fixed
4956	read_004956	mol_004956	2956658	2956658	2974318	theory_fixed
4957	read_004957	mol_004957	2957201	2957201	2973448	theory_fixed
4958	read_004958	mol_004958	2957270	2957270	2972218	theory_fixed
4959	read_004959	mol_004959	2957968	2957968	2973319	theory_fixed
4960	read_004960	mol_004960	2958067	2958067	2970762	theory_fixed
4961	read_004961	mol_004961	2958696	2958696	2977585	theory_fixed
4962	read_004962	mol_004962	2958969	2958969	2977029	theory_fixed
4963	read_004963	mol_004963	2959071	2959071	2975678	theory_fixed
4964	read_004964	mol_004964	2959594	2959594	2976896	theory_fixed
4965	read_004965	mol_004965	2960604	2960604	2976117	theory_fixed
4966	read_004966	mol_004966	2962443	2962443	2982221	theory_fixed
4967	read_004967	mol_004967	2963339	2963339	2979106	theory_fixed
4968	read_004968	mol_004968	2963808	2963808	2984131	theory_fixed
4969	read_004969	mol_004969	2965355	2965355	2993775	theory_fixed
4970	read_004970	mol_004970	2965843	2965843	2980972	theory_fixed
4971	read_004971	mol_004971	2966225	2966225	2979659	theory_fixed
4972	read_004972	mol_004972	2968282	2968282	2989940	theory_fixed
4973	read_004973	mol_004973	2968388	2968388	2980915	theory_fixed
4974	read_004974	mol_004974	2968624	2968624	2980985	theory_fixed
4975	read_004975	mol_004975	2968686	2968686	2987937	theory_fixed
4976	read_004976	mol_004976	2969523	2969523	2996640	theory_fixed
4977	read_004977	mol_004977	2969778	2969778	2987994	theory_fixed
4978	read_004978	mol_004978	2970315	2970315	2987909	theory_fixed
4979	read_004979	mol_004979	2971732	2971732	2985566	theory_fixed
4980	read_004980	mol_004980	2972639	2972639	2987728	theory_fixed
4981	read_004981	mol_004981	2972719	2972719	2985473	theory_fixed
4982	read_004982	mol_004982	2972920	2972920	2991836	theory_fixed
4983	read_004983	mol_004983	2973072	2973072	2987198	theory_fixed
4984	read_004984	mol_004984	2973086	2973086	2987329	theory_fixed
4985	read_004985	mol_004985	2973234	2973234	2992941	theory_fixed
4986	read_004986	mol_004986	2973238	2973238	2986665	theory_fixed
4987	read_004987	mol_004987	2974964	2974964	2987247	theory_fixed
4988	read_004988	mol_004988	2975253	2975253	3003039	theory_fixed
4989	read_004989	mol_004989	2975711	2975711	2997383	theory_fixed
4990	read_004990	mol_004990	2975970	2975970	2988580	theory_fixed
4991	read_004991	mol_004991	2980710	2980710	2994001	theory_fixed
4992	read_004992	mol_004992	2981205	2981205	2997569	theory_fixed
4993	read_004993	mol_004993	2981263	2981263	2996258	theory_fixed
4994	read_004994	mol_004994	2982121	2982121	2996154	theory_fixed
4995	read_004995	mol_004995	2982545	2982545	2995913	theory_fixed
4996	read_004996	mol_004996	2983750	2983750	2996212	theory_fixed
4997	read_004997	mol_004997	2984537	2984537	3009654	theory_fixed
4998	read_004998	mol_004998	2984656	2984656	3005103	theory_fixed
4999	read_004999	mol_004999	2984786	2984786	3002986	theory_fixed
5000	read_005000	mol_005000	2985289	2985289	3000490	theory_fixed
5001	read_005001	mol_005001	2985804	2985804	3006295	theory_fixed
5002	read_005002	mol_005002	2986145	2986145	3002362	theory_fixed
5003	read_005003	mol_005003	2986429	2986429	3006005	theory_fixed
5004	read_005004	mol_005004	2986793	2986793	3000948	theory_fixed
5005	read_005005	mol_005005	2986939	2986939	3012467	theory_fixed
5006	read_005006	mol_005006	2987310	2987310	3008268	theory_fixed
5007	read_005007	mol_005007	2988791	2988791	3005672	theory_fixed
5008	read_005008	mol_005008	2989231	2989231	3010588	theory_fixed
5009	read_005009	mol_005009	2989296	2989296	3006191	theory_fixed
5010	read_005010	mol_005010	2989362	2989362	3005788	theory_fixed
5011	read_005011	mol_005011	2989610	2989610	3014134	theory_fixed
5012	read_005012	mol_005012	2989911	2989911	3001406	theory_fixed
5013	read_005013	mol_005013	2990770	2990770	3009445	theory_fixed
5014	read_005014	mol_005014	2991013	2991013	3003984	theory_fixed
5015	read_005015	mol_005015	2993162	2993162	3020567	theory_fixed
5016	read_005016	mol_005016	2993624	2993624	3012661	theory_fixed
5017	read_005017	mol_005017	2993758	2993758	3014444	theory_fixed
5018	read_005018	mol_005018	2993995	2993995	3019637	theory_fixed
5019	read_005019	mol_005019	2994235	2994235	3013708	theory_fixed
5020	read_005020	mol_005020	2994267	2994267	3011466	theory_fixed
5021	read_005021	mol_005021	2995902	2995902	3018000	theory_fixed
5022	read_005022	mol_005022	2996915	2996915	3011273	theory_fixed
5023	read_005023	mol_005023	2997158	2997158	3014383	theory_fixed
5024	read_005024	mol_005024	2997560	2997560	3012872	theory_fixed
5025	read_005025	mol_005025	2998482	2998482	3016801	theory_fixed
5026	read_005026	mol_005026	2999005	2999005	3014153	theory_fixed
5027	read_005027	mol_005027	2999221	2999221	3013350	theory_fixed
5028	read_005028	mol_005028	2999358	2999358	3018935	theory_fixed
5029	read_005029	mol_005029	2999901	2999901	3016985	theory_fixed
5030	read_005030	mol_005030	2999981	2999981	3020058	theory_fixed
5031	read_005031	mol_005031	3000128	3000128	3015274	theory_fixed
5032	read_005032	mol_005032	3000411	3000411	3022211	theory_fixed
5033	read_005033	mol_005033	3000665	3000665	3017888	theory_fixed
5034	read_005034	mol_005034	3001027	3001027	3020796	theory_fixed
5035	read_005035	mol_005035	3001517	3001517	3019015	theory_fixed
5036	read_005036	mol_005036	3001682	3001682	3029734	theory_fixed
5037	read_005037	mol_005037	3001710	3001710	3016993	theory_fixed
5038	read_005038	mol_005038	3001999	3001999	3029695	theory_fixed
5039	read_005039	mol_005039	3002239	3002239	3014858	theory_fixed
5040	read_005040	mol_005040	3002262	3002262	3026280	theory_fixed
5041	read_005041	mol_005041	3003030	3003030	3020727	theory_fixed
5042	read_005042	mol_005042	3003580	3003580	3024410	theory_fixed
5043	read_005043	mol_005043	3003638	3003638	3024396	theory_fixed
5044	read_005044	mol_005044	3005208	3005208	3023131	theory_fixed
5045	read_005045	mol_005045	3006467	3006467	3034356	theory_fixed
5046	read_005046	mol_005046	3007026	3007026	3019763	theory_fixed
5047	read_005047	mol_005047	3008532	3008532	3027493	theory_fixed
5048	read_005048	mol_005048	3008674	3008674	3021748	theory_fixed
5049	read_005049	mol_005049	3009720	3009720	3029357	theory_fixed
5050	read_005050	mol_005050	3010289	3010289	3030055	theory_fixed
5051	read_005051	mol_005051	3010863	3010863	3031482	theory_fixed
5052	read_005052	mol_005052	3012453	3012453	3027471	theory_fixed
5053	read_005053	mol_005053	3012836	3012836	3031540	theory_fixed
5054	read_005054	mol_005054	3013363	3013363	3034957	theory_fixed
5055	read_005055	mol_005055	3014600	3014600	3032226	theory_fixed
5056	read_005056	mol_005056	3015015	3015015	3027509	theory_fixed
5057	read_005057	mol_005057	3015069	3015069	3032256	theory_fixed
5058	read_005058	mol_005058	3015607	3015607	3035431	theory_fixed
5059	read_005059	mol_005059	3016570	3016570	3030805	theory_fixed
5060	read_005060	mol_005060	3018067	3018067	3040215	theory_fixed
5061	read_005061	mol_005061	3018223	3018223	3043405	theory_fixed
5062	read_005062	mol_005062	3019813	3019813	3036864	theory_fixed
5063	read_005063	mol_005063	3022220	3022220	3043616	theory_fixed
5064	read_005064	mol_005064	3024397	3024397	3045628	theory_fixed
5065	read_005065	mol_005065	3024502	3024502	3043335	theory_fixed
5066	read_005066	mol_005066	3025584	3025584	3047422	theory_fixed
5067	read_005067	mol_005067	3025584	3025584	3040381	theory_fixed
5068	read_005068	mol_005068	3025622	3025622	3040721	theory_fixed
5069	read_005069	mol_005069	3025723	3025723	3046095	theory_fixed
5070	read_005070	mol_005070	3025785	3025785	3036418	theory_fixed
5071	read_005071	mol_005071	3025977	3025977	3033930	theory_fixed
5072	read_005072	mol_005072	3026392	3026392	3054268	theory_fixed
5073	read_005073	mol_005073	3026414	3026414	3038748	theory_fixed
5074	read_005074	mol_005074	3027131	3027131	3047761	theory_fixed
5075	read_005075	mol_005075	3027709	3027709	3042464	theory_fixed
5076	read_005076	mol_005076	3028201	3028201	3053755	theory_fixed
5077	read_005077	mol_005077	3028970	3028970	3042860	theory_fixed
5078	read_005078	mol_005078	3029700	3029700	3050076	theory_fixed
5079	read_005079	mol_005079	3032180	3032180	3049258	theory_fixed
5080	read_005080	mol_005080	3032613	3032613	3051389	theory_fixed
5081	read_005081	mol_005081	3033373	3033373	3051984	theory_fixed
5082	read_005082	mol_005082	3033942	3033942	3049566	theory_fixed
5083	read_005083	mol_005083	3033945	3033945	3056080	theory_fixed
5084	read_005084	mol_005084	3034120	3034120	3053239	theory_fixed
5085	read_005085	mol_005085	3034684	3034684	3055950	theory_fixed
5086	read_005086	mol_005086	3036488	3036488	3052159	theory_fixed
5087	read_005087	mol_005087	3038310	3038310	3052056	theory_fixed
5088	read_005088	mol_005088	3039111	3039111	3062858	theory_fixed
5089	read_005089	mol_005089	3039864	3039864	3054966	theory_fixed
5090	read_005090	mol_005090	3040553	3040553	3065395	theory_fixed
5091	read_005091	mol_005091	3041043	3041043	3057026	theory_fixed
5092	read_005092	mol_005092	3042123	3042123	3063201	theory_fixed
5093	read_005093	mol_005093	3042199	3042199	3063403	theory_fixed
5094	read_005094	mol_005094	3042268	3042268	3063653	theory_fixed
5095	read_005095	mol_005095	3042321	3042321	3057682	theory_fixed
5096	read_005096	mol_005096	3043743	3043743	3063745	theory_fixed
5097	read_005097	mol_005097	3044294	3044294	3062918	theory_fixed
5098	read_005098	mol_005098	3044767	3044767	3064160	theory_fixed
5099	read_005099	mol_005099	3045261	3045261	3061103	theory_fixed
5100	read_005100	mol_005100	3045440	3045440	3062735	theory_fixed
5101	read_005101	mol_005101	3045512	3045512	3076586	theory_fixed
5102	read_005102	mol_005102	3046123	3046123	3067657	theory_fixed
5103	read_005103	mol_005103	3046137	3046137	3064494	theory_fixed
5104	read_005104	mol_005104	3046189	3046189	3063731	theory_fixed
5105	read_005105	mol_005105	3048003	3048003	3064727	theory_fixed
5106	read_005106	mol_005106	3048233	3048233	3076155	theory_fixed
5107	read_005107	mol_005107	3048723	3048723	3074170	theory_fixed
5108	read_005108	mol_005108	3050396	3050396	3064376	theory_fixed
5109	read_005109	mol_005109	3050508	3050508	3066081	theory_fixed
5110	read_005110	mol_005110	3050755	3050755	3071838	theory_fixed
5111	read_005111	mol_005111	3051389	3051389	3069903	theory_fixed
5112	read_005112	mol_005112	3052260	3052260	3066142	theory_fixed
5113	read_005113	mol_005113	3052934	3052934	3070959	theory_fixed
5114	read_005114	mol_005114	3053086	3053086	3077156	theory_fixed
5115	read_005115	mol_005115	3053136	3053136	3066298	theory_fixed
5116	read_005116	mol_005116	3053617	3053617	3073325	theory_fixed
5117	read_005117	mol_005117	3053780	3053780	3077071	theory_fixed
5118	read_005118	mol_005118	3055160	3055160	3068266	theory_fixed
5119	read_005119	mol_005119	3056963	3056963	3076886	theory_fixed
5120	read_005120	mol_005120	3057268	3057268	3071915	theory_fixed
5121	read_005121	mol_005121	3057966	3057966	3080531	theory_fixed
5122	read_005122	mol_005122	3059876	3059876	3077679	theory_fixed
5123	read_005123	mol_005123	3060195	3060195	3079966	theory_fixed
5124	read_005124	mol_005124	3060991	3060991	3089631	theory_fixed
5125	read_005125	mol_005125	3061355	3061355	3077247	theory_fixed
5126	read_005126	mol_005126	3062959	3062959	3081027	theory_fixed
5127	read_005127	mol_005127	3063031	3063031	3073814	theory_fixed
5128	read_005128	mol_005128	3063324	3063324	3082644	theory_fixed
5129	read_005129	mol_005129	3063919	3063919	3082146	theory_fixed
5130	read_005130	mol_005130	3065152	3065152	3080096	theory_fixed
5131	read_005131	mol_005131	3065722	3065722	3087268	theory_fixed
5132	read_005132	mol_005132	3066066	3066066	3090096	theory_fixed
5133	read_005133	mol_005133	3066277	3066277	3090594	theory_fixed
5134	read_005134	mol_005134	3066947	3066947	3086485	theory_fixed
5135	read_005135	mol_005135	3068177	3068177	3081776	theory_fixed
5136	read_005136	mol_005136	3069186	3069186	3086639	theory_fixed
5137	read_005137	mol_005137	3069442	3069442	3091010	theory_fixed
5138	read_005138	mol_005138	3070858	3070858	3090575	theory_fixed
5139	read_005139	mol_005139	3070960	3070960	3086797	theory_fixed
5140	read_005140	mol_005140	3071097	3071097	3097119	theory_fixed
5141	read_005141	mol_005141	3071432	3071432	3092429	theory_fixed
5142	read_005142	mol_005142	3071644	3071644	3084846	theory_fixed
5143	read_005143	mol_005143	3071678	3071678	3083455	theory_fixed
5144	read_005144	mol_005144	3072233	3072233	3088998	theory_fixed
5145	read_005145	mol_005145	3073672	3073672	3092228	theory_fixed
5146	read_005146	mol_005146	3073954	3073954	3093502	theory_fixed
5147	read_005147	mol_005147	3074132	3074132	3096678	theory_fixed
5148	read_005148	mol_005148	3075446	3075446	3089255	theory_fixed
5149	read_005149	mol_005149	3075532	3075532	3094603	theory_fixed
5150	read_005150	mol_005150	3075992	3075992	3089903	theory_fixed
5151	read_005151	mol_005151	3076115	3076115	3095932	theory_fixed
5152	read_005152	mol_005152	3076481	3076481	3092237	theory_fixed
5153	read_005153	mol_005153	3078493	3078493	3092043	theory_fixed
5154	read_005154	mol_005154	3078528	3078528	3097351	theory_fixed
5155	read_005155	mol_005155	3078868	3078868	3093593	theory_fixed
5156	read_005156	mol_005156	3079185	3079185	3090307	theory_fixed
5157	read_005157	mol_005157	3079462	3079462	3097587	theory_fixed
5158	read_005158	mol_005158	3080081	3080081	3096520	theory_fixed
5159	read_005159	mol_005159	3080875	3080875	3102857	theory_fixed
5160	read_005160	mol_005160	3081846	3081846	3092945	theory_fixed
5161	read_005161	mol_005161	3086911	3086911	3106215	theory_fixed
5162	read_005162	mol_005162	3087578	3087578	3103184	theory_fixed
5163	read_005163	mol_005163	3088241	3088241	3114350	theory_fixed
5164	read_005164	mol_005164	3088654	3088654	3102760	theory_fixed
5165	read_005165	mol_005165	3089603	3089603	3109357	theory_fixed
5166	read_005166	mol_005166	3089709	3089709	3103292	theory_fixed
5167	read_005167	mol_005167	3089823	3089823	3104652	theory_fixed
5168	read_005168	mol_005168	3090907	3090907	3110970	theory_fixed
5169	read_005169	mol_005169	3091395	3091395	3110550	theory_fixed
5170	read_005170	mol_005170	3092441	3092441	3111482	theory_fixed
5171	read_005171	mol_005171	3092886	3092886	3108420	theory_fixed
5172	read_005172	mol_005172	3093872	3093872	3117124	theory_fixed
5173	read_005173	mol_005173	3094038	3094038	3115603	theory_fixed
5174	read_005174	mol_005174	3094513	3094513	3109567	theory_fixed
5175	read_005175	mol_005175	3096622	3096622	3120384	theory_fixed
5176	read_005176	mol_005176	3096773	3096773	3114016	theory_fixed
5177	read_005177	mol_005177	3096926	3096926	3109752	theory_fixed
5178	read_005178	mol_005178	3098881	3098881	3112974	theory_fixed
5179	read_005179	mol_005179	3101633	3101633	3126867	theory_fixed
5180	read_005180	mol_005180	3103059	3103059	3124461	theory_fixed
5181	read_005181	mol_005181	3104820	3104820	3122410	theory_fixed
5182	read_005182	mol_005182	3105819	3105819	3131501	theory_fixed
5183	read_005183	mol_005183	3106351	3106351	3123281	theory_fixed
5184	read_005184	mol_005184	3106480	3106480	3119900	theory_fixed
5185	read_005185	mol_005185	3106861	3106861	3131438	theory_fixed
5186	read_005186	mol_005186	3107805	3107805	3127830	theory_fixed
5187	read_005187	mol_005187	3108219	3108219	3133381	theory_fixed
5188	read_005188	mol_005188	3108447	3108447	3120544	theory_fixed
5189	read_005189	mol_005189	3109620	3109620	3121839	theory_fixed
5190	read_005190	mol_005190	3109858	3109858	3128522	theory_fixed
5191	read_005191	mol_005191	3110095	3110095	3128854	theory_fixed
5192	read_005192	mol_005192	3110255	3110255	3125917	theory_fixed
5193	read_005193	mol_005193	3111351	3111351	3131456	theory_fixed
5194	read_005194	mol_005194	3111926	3111926	3125601	theory_fixed
5195	read_005195	mol_005195	3111955	3111955	3134162	theory_fixed
5196	read_005196	mol_005196	3112384	3112384	3134022	theory_fixed
5197	read_005197	mol_005197	3113049	3113049	3130311	theory_fixed
5198	read_005198	mol_005198	3113286	3113286	3132552	theory_fixed
5199	read_005199	mol_005199	3113372	3113372	3128387	theory_fixed
5200	read_005200	mol_005200	3113407	3113407	3127092	theory_fixed
5201	read_005201	mol_005201	3114377	3114377	3132702	theory_fixed
5202	read_005202	mol_005202	3115338	3115338	3128805	theory_fixed
5203	read_005203	mol_005203	3116309	3116309	3130128	theory_fixed
5204	read_005204	mol_005204	3116445	3116445	3138816	theory_fixed
5205	read_005205	mol_005205	3116923	3116923	3134763	theory_fixed
5206	read_005206	mol_005206	3117835	3117835	3135812	theory_fixed
5207	read_005207	mol_005207	3122437	3122437	3145798	theory_fixed
5208	read_005208	mol_005208	3122974	3122974	3140159	theory_fixed
5209	read_005209	mol_005209	3123012	3123012	3142747	theory_fixed
5210	read_005210	mol_005210	3125447	3125447	3138184	theory_fixed
5211	read_005211	mol_005211	3125506	3125506	3146984	theory_fixed
5212	read_005212	mol_005212	3125575	3125575	3144691	theory_fixed
5213	read_005213	mol_005213	3125599	3125599	3145490	theory_fixed
5214	read_005214	mol_005214	3126158	3126158	3140602	theory_fixed
5215	read_005215	mol_005215	3126702	3126702	3141051	theory_fixed
5216	read_005216	mol_005216	3127908	3127908	3142134	theory_fixed
5217	read_005217	mol_005217	3130514	3130514	3145515	theory_fixed
5218	read_005218	mol_005218	3130532	3130532	3151385	theory_fixed
5219	read_005219	mol_005219	3130564	3130564	3148440	theory_fixed
5220	read_005220	mol_005220	3130904	3130904	3143334	theory_fixed
5221	read_005221	mol_005221	3131837	3131837	3153424	theory_fixed
5222	read_005222	mol_005222	3132496	3132496	3151059	theory_fixed
5223	read_005223	mol_005223	3133326	3133326	3149754	theory_fixed
5224	read_005224	mol_005224	3133530	3133530	3149892	theory_fixed
5225	read_005225	mol_005225	3133590	3133590	3158619	theory_fixed
5226	read_005226	mol_005226	3134319	3134319	3151598	theory_fixed
5227	read_005227	mol_005227	3134527	3134527	3151244	theory_fixed
5228	read_005228	mol_005228	3134628	3134628	3151153	theory_fixed
5229	read_005229	mol_005229	3135074	3135074	3153220	theory_fixed
5230	read_005230	mol_005230	3136010	3136010	3153798	theory_fixed
5231	read_005231	mol_005231	3136292	3136292	3150394	theory_fixed
5232	read_005232	mol_005232	3136321	3136321	3152835	theory_fixed
5233	read_005233	mol_005233	3136712	3136712	3150926	theory_fixed
5234	read_005234	mol_005234	3137062	3137062	3150951	theory_fixed
5235	read_005235	mol_005235	3137396	3137396	3152049	theory_fixed
5236	read_005236	mol_005236	3137597	3137597	3151562	theory_fixed
5237	read_005237	mol_005237	3138030	3138030	3151268	theory_fixed
5238	read_005238	mol_005238	3139919	3139919	3152510	theory_fixed
5239	read_005239	mol_005239	3141192	3141192	3155425	theory_fixed
5240	read_005240	mol_005240	3141976	3141976	3155823	theory_fixed
5241	read_005241	mol_005241	3143650	3143650	3161010	theory_fixed
5242	read_005242	mol_005242	3143855	3143855	3158710	theory_fixed
5243	read_005243	mol_005243	3144242	3144242	3162109	theory_fixed
5244	read_005244	mol_005244	3144800	3144800	3158782	theory_fixed
5245	read_005245	mol_005245	3145723	3145723	3155638	theory_fixed
5246	read_005246	mol_005246	3145907	3145907	3165951	theory_fixed
5247	read_005247	mol_005247	3146176	3146176	3163775	theory_fixed
5248	read_005248	mol_005248	3147405	3147405	3168010	theory_fixed
5249	read_005249	mol_005249	3147502	3147502	3163400	theory_fixed
5250	read_005250	mol_005250	3147804	3147804	3162770	theory_fixed
5251	read_005251	mol_005251	3148053	3148053	3172267	theory_fixed
5252	read_005252	mol_005252	3148245	3148245	3160869	theory_fixed
5253	read_005253	mol_005253	3148326	3148326	3161927	theory_fixed
5254	read_005254	mol_005254	3149157	3149157	3164190	theory_fixed
5255	read_005255	mol_005255	3149497	3149497	3161670	theory_fixed
5256	read_005256	mol_005256	3151162	3151162	3172313	theory_fixed
5257	read_005257	mol_005257	3151300	3151300	3172070	theory_fixed
5258	read_005258	mol_005258	3151687	3151687	3173433	theory_fixed
5259	read_005259	mol_005259	3153097	3153097	3169187	theory_fixed
5260	read_005260	mol_005260	3153578	3153578	3167008	theory_fixed
5261	read_005261	mol_005261	3154836	3154836	3174252	theory_fixed
5262	read_005262	mol_005262	3154953	3154953	3173137	theory_fixed
5263	read_005263	mol_005263	3156360	3156360	3176527	theory_fixed
5264	read_005264	mol_005264	3157159	3157159	3175185	theory_fixed
5265	read_005265	mol_005265	3157500	3157500	3175299	theory_fixed
5266	read_005266	mol_005266	3158110	3158110	3181148	theory_fixed
5267	read_005267	mol_005267	3158530	3158530	3178065	theory_fixed
5268	read_005268	mol_005268	3158748	3158748	3182149	theory_fixed
5269	read_005269	mol_005269	3158864	3158864	3175004	theory_fixed
5270	read_005270	mol_005270	3159494	3159494	3188332	theory_fixed
5271	read_005271	mol_005271	3159968	3159968	3175013	theory_fixed
5272	read_005272	mol_005272	3159998	3159998	3176776	theory_fixed
5273	read_005273	mol_005273	3160106	3160106	3175133	theory_fixed
5274	read_005274	mol_005274	3160199	3160199	3185182	theory_fixed
5275	read_005275	mol_005275	3160934	3160934	3175828	theory_fixed
5276	read_005276	mol_005276	3161704	3161704	3179546	theory_fixed
5277	read_005277	mol_005277	3162585	3162585	3193476	theory_fixed
5278	read_005278	mol_005278	3162934	3162934	3178611	theory_fixed
5279	read_005279	mol_005279	3163133	3163133	3188279	theory_fixed
5280	read_005280	mol_005280	3163509	3163509	3176958	theory_fixed
5281	read_005281	mol_005281	3164017	3164017	3179681	theory_fixed
5282	read_005282	mol_005282	3164169	3164169	3177218	theory_fixed
5283	read_005283	mol_005283	3164777	3164777	3182090	theory_fixed
5284	read_005284	mol_005284	3166501	3166501	3187417	theory_fixed
5285	read_005285	mol_005285	3166979	3166979	3183036	theory_fixed
5286	read_005286	mol_005286	3168128	3168128	3189887	theory_fixed
5287	read_005287	mol_005287	3168190	3168190	3189052	theory_fixed
5288	read_005288	mol_005288	3168806	3168806	3190724	theory_fixed
5289	read_005289	mol_005289	3168912	3168912	3187006	theory_fixed
5290	read_005290	mol_005290	3169135	3169135	3187597	theory_fixed
5291	read_005291	mol_005291	3170482	3170482	3190112	theory_fixed
5292	read_005292	mol_005292	3170838	3170838	3190889	theory_fixed
5293	read_005293	mol_005293	3171990	3171990	3186517	theory_fixed
5294	read_005294	mol_005294	3172088	3172088	3192351	theory_fixed
5295	read_005295	mol_005295	3172836	3172836	3185736	theory_fixed
5296	read_005296	mol_005296	3173634	3173634	3195143	theory_fixed
5297	read_005297	mol_005297	3173873	3173873	3188600	theory_fixed
5298	read_005298	mol_005298	3174814	3174814	3197037	theory_fixed
5299	read_005299	mol_005299	3175023	3175023	3195222	theory_fixed
5300	read_005300	mol_005300	3175427	3175427	3191551	theory_fixed
5301	read_005301	mol_005301	3176265	3176265	3190970	theory_fixed
5302	read_005302	mol_005302	3176399	3176399	3189704	theory_fixed
5303	read_005303	mol_005303	3176538	3176538	3200817	theory_fixed
5304	read_005304	mol_005304	3178524	3178524	3198600	theory_fixed
5305	read_005305	mol_005305	3179598	3179598	3194142	theory_fixed
5306	read_005306	mol_005306	3179755	3179755	3196369	theory_fixed
5307	read_005307	mol_005307	3180312	3180312	3195262	theory_fixed
5308	read_005308	mol_005308	3180638	3180638	3200741	theory_fixed
5309	read_005309	mol_005309	3181949	3181949	3199680	theory_fixed
5310	read_005310	mol_005310	3182610	3182610	3198815	theory_fixed
5311	read_005311	mol_005311	3184101	3184101	3209555	theory_fixed
5312	read_005312	mol_005312	3184518	3184518	3204875	theory_fixed
5313	read_005313	mol_005313	3186304	3186304	3202391	theory_fixed
5314	read_005314	mol_005314	3186814	3186814	3201488	theory_fixed
5315	read_005315	mol_005315	3186891	3186891	3210397	theory_fixed
5316	read_005316	mol_005316	3187387	3187387	3200195	theory_fixed
5317	read_005317	mol_005317	3188033	3188033	3207376	theory_fixed
5318	read_005318	mol_005318	3188185	3188185	3203678	theory_fixed
5319	read_005319	mol_005319	3188360	3188360	3210638	theory_fixed
5320	read_005320	mol_005320	3190089	3190089	3215116	theory_fixed
5321	read_005321	mol_005321	3190383	3190383	3213313	theory_fixed
5322	read_005322	mol_005322	3190574	3190574	3208133	theory_fixed
5323	read_005323	mol_005323	3190781	3190781	3209199	theory_fixed
5324	read_005324	mol_005324	3191980	3191980	3206261	theory_fixed
5325	read_005325	mol_005325	3193276	3193276	3210693	theory_fixed
5326	read_005326	mol_005326	3193829	3193829	3213071	theory_fixed
5327	read_005327	mol_005327	3194778	3194778	3212070	theory_fixed
5328	read_005328	mol_005328	3195175	3195175	3216262	theory_fixed
5329	read_005329	mol_005329	3195243	3195243	3214506	theory_fixed
5330	read_005330	mol_005330	3195620	3195620	3211363	theory_fixed
5331	read_005331	mol_005331	3196146	3196146	3210913	theory_fixed
5332	read_005332	mol_005332	3197466	3197466	3214065	theory_fixed
5333	read_005333	mol_005333	3200508	3200508	3222499	theory_fixed
5334	read_005334	mol_005334	3201049	3201049	3218529	theory_fixed
5335	read_005335	mol_005335	3201393	3201393	3220126	theory_fixed
5336	read_005336	mol_005336	3201958	3201958	3221480	theory_fixed
5337	read_005337	mol_005337	3202283	3202283	3220388	theory_fixed
5338	read_005338	mol_005338	3203638	3203638	3224064	theory_fixed
5339	read_005339	mol_005339	3205265	3205265	3221535	theory_fixed
5340	read_005340	mol_005340	3206298	3206298	3225295	theory_fixed
5341	read_005341	mol_005341	3206995	3206995	3224812	theory_fixed
5342	read_005342	mol_005342	3207145	3207145	3233939	theory_fixed
5343	read_005343	mol_005343	3207641	3207641	3219458	theory_fixed
5344	read_005344	mol_005344	3207890	3207890	3226139	theory_fixed
5345	read_005345	mol_005345	3209585	3209585	3228919	theory_fixed
5346	read_005346	mol_005346	3209690	3209690	3231144	theory_fixed
5347	read_005347	mol_005347	3210667	3210667	3223592	theory_fixed
5348	read_005348	mol_005348	3212268	3212268	3228422	theory_fixed
5349	read_005349	mol_005349	3212915	3212915	3227463	theory_fixed
5350	read_005350	mol_005350	3212954	3212954	3233742	theory_fixed
5351	read_005351	mol_005351	3213879	3213879	3232009	theory_fixed
5352	read_005352	mol_005352	3214991	3214991	3230094	theory_fixed
5353	read_005353	mol_005353	3216196	3216196	3239323	theory_fixed
5354	read_005354	mol_005354	3216387	3216387	3236162	theory_fixed
5355	read_005355	mol_005355	3216688	3216688	3232946	theory_fixed
5356	read_005356	mol_005356	3216935	3216935	3229850	theory_fixed
5357	read_005357	mol_005357	3217078	3217078	3240617	theory_fixed
5358	read_005358	mol_005358	3218279	3218279	3242444	theory_fixed
5359	read_005359	mol_005359	3218328	3218328	3234859	theory_fixed
5360	read_005360	mol_005360	3218639	3218639	3233695	theory_fixed
5361	read_005361	mol_005361	3219128	3219128	3238930	theory_fixed
5362	read_005362	mol_005362	3219137	3219137	3235820	theory_fixed
5363	read_005363	mol_005363	3220352	3220352	3237956	theory_fixed
5364	read_005364	mol_005364	3220574	3220574	3236109	theory_fixed
5365	read_005365	mol_005365	3221568	3221568	3239903	theory_fixed
5366	read_005366	mol_005366	3223553	3223553	3237955	theory_fixed
5367	read_005367	mol_005367	3225211	3225211	3246653	theory_fixed
5368	read_005368	mol_005368	3227049	3227049	3250189	theory_fixed
5369	read_005369	mol_005369	3227520	3227520	3244181	theory_fixed
5370	read_005370	mol_005370	3228088	3228088	3247851	theory_fixed
5371	read_005371	mol_005371	3228497	3228497	3243544	theory_fixed
5372	read_005372	mol_005372	3228735	3228735	3245081	theory_fixed
5373	read_005373	mol_005373	3229176	3229176	3241800	theory_fixed
5374	read_005374	mol_005374	3229371	3229371	3244119	theory_fixed
5375	read_005375	mol_005375	3229534	3229534	3247920	theory_fixed
5376	read_005376	mol_005376	3229784	3229784	3244147	theory_fixed
5377	read_005377	mol_005377	3230815	3230815	3249118	theory_fixed
5378	read_005378	mol_005378	3231115	3231115	3251730	theory_fixed
5379	read_005379	mol_005379	3231839	3231839	3245140	theory_fixed
5380	read_005380	mol_005380	3233505	3233505	3253884	theory_fixed
5381	read_005381	mol_005381	3234861	3234861	3253826	theory_fixed
5382	read_005382	mol_005382	3236427	3236427	3251770	theory_fixed
5383	read_005383	mol_005383	3236613	3236613	3264968	theory_fixed
5384	read_005384	mol_005384	3238139	3238139	3254205	theory_fixed
5385	read_005385	mol_005385	3238425	3238425	3255002	theory_fixed
5386	read_005386	mol_005386	3238525	3238525	3258064	theory_fixed
5387	read_005387	mol_005387	3238816	3238816	3253215	theory_fixed
5388	read_005388	mol_005388	3240214	3240214	3251690	theory_fixed
5389	read_005389	mol_005389	3240429	3240429	3258407	theory_fixed
5390	read_005390	mol_005390	3240709	3240709	3258267	theory_fixed
5391	read_005391	mol_005391	3240740	3240740	3257923	theory_fixed
5392	read_005392	mol_005392	3241071	3241071	3256119	theory_fixed
5393	read_005393	mol_005393	3241835	3241835	3260789	theory_fixed
5394	read_005394	mol_005394	3242091	3242091	3268980	theory_fixed
5395	read_005395	mol_005395	3242456	3242456	3257943	theory_fixed
5396	read_005396	mol_005396	3242607	3242607	3258001	theory_fixed
5397	read_005397	mol_005397	3242634	3242634	3251906	theory_fixed
5398	read_005398	mol_005398	3242878	3242878	3262228	theory_fixed
5399	read_005399	mol_005399	3242892	3242892	3260911	theory_fixed
5400	read_005400	mol_005400	3243814	3243814	3254924	theory_fixed
5401	read_005401	mol_005401	3243931	3243931	3261607	theory_fixed
5402	read_005402	mol_005402	3244663	3244663	3262236	theory_fixed
5403	read_005403	mol_005403	3244837	3244837	3263198	theory_fixed
5404	read_005404	mol_005404	3245205	3245205	3259604	theory_fixed
5405	read_005405	mol_005405	3245355	3245355	3259042	theory_fixed
5406	read_005406	mol_005406	3245812	3245812	3257228	theory_fixed
5407	read_005407	mol_005407	3246134	3246134	3260514	theory_fixed
5408	read_005408	mol_005408	3246223	3246223	3261248	theory_fixed
5409	read_005409	mol_005409	3247042	3247042	3260927	theory_fixed
5410	read_005410	mol_005410	3248686	3248686	3268817	theory_fixed
5411	read_005411	mol_005411	3248706	3248706	3263209	theory_fixed
5412	read_005412	mol_005412	3249341	3249341	3263493	theory_fixed
5413	read_005413	mol_005413	3249615	3249615	3272571	theory_fixed
5414	read_005414	mol_005414	3249696	3249696	3267003	theory_fixed
5415	read_005415	mol_005415	3249797	3249797	3268021	theory_fixed
5416	read_005416	mol_005416	3250537	3250537	3265286	theory_fixed
5417	read_005417	mol_005417	3250712	3250712	3270896	theory_fixed
5418	read_005418	mol_005418	3251082	3251082	3267606	theory_fixed
5419	read_005419	mol_005419	3251623	3251623	3274276	theory_fixed
5420	read_005420	mol_005420	3251711	3251711	3274638	theory_fixed
5421	read_005421	mol_005421	3252084	3252084	3265601	theory_fixed
5422	read_005422	mol_005422	3252739	3252739	3277882	theory_fixed
5423	read_005423	mol_005423	3252817	3252817	3265575	theory_fixed
5424	read_005424	mol_005424	3253398	3253398	3267009	theory_fixed
5425	read_005425	mol_005425	3253598	3253598	3270424	theory_fixed
5426	read_005426	mol_005426	3254487	3254487	3269692	theory_fixed
5427	read_005427	mol_005427	3255088	3255088	3264942	theory_fixed
5428	read_005428	mol_005428	3256156	3256156	3277420	theory_fixed
5429	read_005429	mol_005429	3256347	3256347	3271550	theory_fixed
5430	read_005430	mol_005430	3257508	3257508	3280075	theory_fixed
5431	read_005431	mol_005431	3258432	3258432	3273503	theory_fixed
5432	read_005432	mol_005432	3258452	3258452	3280064	theory_fixed
5433	read_005433	mol_005433	3259385	3259385	3277370	theory_fixed
5434	read_005434	mol_005434	3259726	3259726	3271998	theory_fixed
5435	read_005435	mol_005435	3261062	3261062	3275582	theory_fixed
5436	read_005436	mol_005436	3261945	3261945	3280586	theory_fixed
5437	read_005437	mol_005437	3261986	3261986	3277608	theory_fixed
5438	read_005438	mol_005438	3263288	3263288	3285619	theory_fixed
5439	read_005439	mol_005439	3263555	3263555	3281685	theory_fixed
5440	read_005440	mol_005440	3263612	3263612	3280553	theory_fixed
5441	read_005441	mol_005441	3264563	3264563	3280321	theory_fixed
5442	read_005442	mol_005442	3265314	3265314	3283202	theory_fixed
5443	read_005443	mol_005443	3265771	3265771	3276788	theory_fixed
5444	read_005444	mol_005444	3266798	3266798	3290391	theory_fixed
5445	read_005445	mol_005445	3267283	3267283	3283203	theory_fixed
5446	read_005446	mol_005446	3268029	3268029	3278805	theory_fixed
5447	read_005447	mol_005447	3268310	3268310	3286096	theory_fixed
5448	read_005448	mol_005448	3268653	3268653	3287299	theory_fixed
5449	read_005449	mol_005449	3268766	3268766	3285964	theory_fixed
5450	read_005450	mol_005450	3269168	3269168	3289911	theory_fixed
5451	read_005451	mol_005451	3270639	3270639	3289161	theory_fixed
5452	read_005452	mol_005452	3271015	3271015	3291847	theory_fixed
5453	read_005453	mol_005453	3271311	3271311	3288460	theory_fixed
5454	read_005454	mol_005454	3272248	3272248	3289370	theory_fixed
5455	read_005455	mol_005455	3272661	3272661	3289103	theory_fixed
5456	read_005456	mol_005456	3273300	3273300	3284447	theory_fixed
5457	read_005457	mol_005457	3273540	3273540	3286929	theory_fixed
5458	read_005458	mol_005458	3273782	3273782	3303823	theory_fixed
5459	read_005459	mol_005459	3273957	3273957	3289461	theory_fixed
5460	read_005460	mol_005460	3275167	3275167	3293926	theory_fixed
5461	read_005461	mol_005461	3275997	3275997	3295397	theory_fixed
5462	read_005462	mol_005462	3276411	3276411	3294802	theory_fixed
5463	read_005463	mol_005463	3276841	3276841	3294329	theory_fixed
5464	read_005464	mol_005464	3277782	3277782	3300709	theory_fixed
5465	read_005465	mol_005465	3278172	3278172	3292048	theory_fixed
5466	read_005466	mol_005466	3279071	3279071	3295233	theory_fixed
5467	read_005467	mol_005467	3279174	3279174	3299385	theory_fixed
5468	read_005468	mol_005468	3279518	3279518	3289373	theory_fixed
5469	read_005469	mol_005469	3280032	3280032	3303926	theory_fixed
5470	read_005470	mol_005470	3281508	3281508	3306909	theory_fixed
5471	read_005471	mol_005471	3284888	3284888	3300807	theory_fixed
5472	read_005472	mol_005472	3285582	3285582	3302071	theory_fixed
5473	read_005473	mol_005473	3285685	3285685	3303135	theory_fixed
5474	read_005474	mol_005474	3287082	3287082	3304406	theory_fixed
5475	read_005475	mol_005475	3287144	3287144	3303891	theory_fixed
5476	read_005476	mol_005476	3287421	3287421	3306985	theory_fixed
5477	read_005477	mol_005477	3287578	3287578	3301900	theory_fixed
5478	read_005478	mol_005478	3287797	3287797	3305727	theory_fixed
5479	read_005479	mol_005479	3287827	3287827	3311003	theory_fixed
5480	read_005480	mol_005480	3289429	3289429	3301144	theory_fixed
5481	read_005481	mol_005481	3290169	3290169	3306699	theory_fixed
5482	read_005482	mol_005482	3290472	3290472	3316916	theory_fixed
5483	read_005483	mol_005483	3290888	3290888	3314340	theory_fixed
5484	read_005484	mol_005484	3292163	3292163	3310021	theory_fixed
5485	read_005485	mol_005485	3293928	3293928	3311205	theory_fixed
5486	read_005486	mol_005486	3293965	3293965	3312079	theory_fixed
5487	read_005487	mol_005487	3296016	3296016	3316886	theory_fixed
5488	read_005488	mol_005488	3297468	3297468	3314543	theory_fixed
5489	read_005489	mol_005489	3297689	3297689	3316768	theory_fixed
5490	read_005490	mol_005490	3297901	3297901	3317877	theory_fixed
5491	read_005491	mol_005491	3298869	3298869	3314785	theory_fixed
5492	read_005492	mol_005492	3300108	3300108	3314621	theory_fixed
5493	read_005493	mol_005493	3300403	3300403	3312219	theory_fixed
5494	read_005494	mol_005494	3300524	3300524	3317669	theory_fixed
5495	read_005495	mol_005495	3300732	3300732	3320921	theory_fixed
5496	read_005496	mol_005496	3302064	3302064	3320379	theory_fixed
5497	read_005497	mol_005497	3302283	3302283	3333587	theory_fixed
5498	read_005498	mol_005498	3302290	3302290	3319245	theory_fixed
5499	read_005499	mol_005499	3303236	3303236	3325125	theory_fixed
5500	read_005500	mol_005500	3303955	3303955	3314268	theory_fixed
5501	read_005501	mol_005501	3304479	3304479	3320764	theory_fixed
5502	read_005502	mol_005502	3305101	3305101	3330114	theory_fixed
5503	read_005503	mol_005503	3305459	3305459	3324283	theory_fixed
5504	read_005504	mol_005504	3306320	3306320	3322268	theory_fixed
5505	read_005505	mol_005505	3306531	3306531	3324263	theory_fixed
5506	read_005506	mol_005506	3306861	3306861	3317698	theory_fixed
5507	read_005507	mol_005507	3306874	3306874	3323621	theory_fixed
5508	read_005508	mol_005508	3306880	3306880	3323435	theory_fixed
5509	read_005509	mol_005509	3307253	3307253	3320530	theory_fixed
5510	read_005510	mol_005510	3307897	3307897	3327097	theory_fixed
5511	read_005511	mol_005511	3309283	3309283	3326810	theory_fixed
5512	read_005512	mol_005512	3309672	3309672	3320927	theory_fixed
5513	read_005513	mol_005513	3309999	3309999	3325350	theory_fixed
5514	read_005514	mol_005514	3310475	3310475	3325358	theory_fixed
5515	read_005515	mol_005515	3310679	3310679	3331910	theory_fixed
5516	read_005516	mol_005516	3310992	3310992	3327396	theory_fixed
5517	read_005517	mol_005517	3311156	3311156	3320741	theory_fixed
5518	read_005518	mol_005518	3311222	3311222	3322211	theory_fixed
5519	read_005519	mol_005519	3311771	3311771	3325524	theory_fixed
5520	read_005520	mol_005520	3312591	3312591	3336848	theory_fixed
5521	read_005521	mol_005521	3313046	3313046	3340288	theory_fixed
5522	read_005522	mol_005522	3313397	3313397	3328391	theory_fixed
5523	read_005523	mol_005523	3313676	3313676	3328302	theory_fixed
5524	read_005524	mol_005524	3314327	3314327	3337052	theory_fixed
5525	read_005525	mol_005525	3315344	3315344	3333350	theory_fixed
5526	read_005526	mol_005526	3316630	3316630	3333128	theory_fixed
5527	read_005527	mol_005527	3316826	3316826	3332221	theory_fixed
5528	read_005528	mol_005528	3316889	3316889	3338531	theory_fixed
5529	read_005529	mol_005529	3317154	3317154	3335873	theory_fixed
5530	read_005530	mol_005530	3317329	3317329	3335811	theory_fixed
5531	read_005531	mol_005531	3317708	3317708	3330057	theory_fixed
5532	read_005532	mol_005532	3317797	3317797	3339628	theory_fixed
5533	read_005533	mol_005533	3317922	3317922	3337228	theory_fixed
5534	read_005534	mol_005534	3318129	3318129	3342135	theory_fixed
5535	read_005535	mol_005535	3318490	3318490	3331758	theory_fixed
5536	read_005536	mol_005536	3318502	3318502	3330925	theory_fixed
5537	read_005537	mol_005537	3319164	3319164	3346150	theory_fixed
5538	read_005538	mol_005538	3321818	3321818	3348697	theory_fixed
5539	read_005539	mol_005539	3321938	3321938	3338879	theory_fixed
5540	read_005540	mol_005540	3323452	3323452	3342274	theory_fixed
5541	read_005541	mol_005541	3323876	3323876	3333789	theory_fixed
5542	read_005542	mol_005542	3324081	3324081	3340908	theory_fixed
5543	read_005543	mol_005543	3324527	3324527	3351513	theory_fixed
5544	read_005544	mol_005544	3325009	3325009	3348710	theory_fixed
5545	read_005545	mol_005545	3326334	3326334	3342931	theory_fixed
5546	read_005546	mol_005546	3328188	3328188	3343540	theory_fixed
5547	read_005547	mol_005547	3328596	3328596	3350559	theory_fixed
5548	read_005548	mol_005548	3328662	3328662	3347538	theory_fixed
5549	read_005549	mol_005549	3328774	3328774	3349012	theory_fixed
5550	read_005550	mol_005550	3328914	3328914	3344500	theory_fixed
5551	read_005551	mol_005551	3329747	3329747	3351986	theory_fixed
5552	read_005552	mol_005552	3330269	3330269	3344896	theory_fixed
5553	read_005553	mol_005553	3332761	3332761	3350664	theory_fixed
5554	read_005554	mol_005554	3333432	3333432	3353791	theory_fixed
5555	read_005555	mol_005555	3333472	3333472	3355410	theory_fixed
5556	read_005556	mol_005556	3333819	3333819	3345614	theory_fixed
5557	read_005557	mol_005557	3335356	3335356	3351185	theory_fixed
5558	read_005558	mol_005558	3336266	3336266	3359524	theory_fixed
5559	read_005559	mol_005559	3337287	3337287	3350522	theory_fixed
5560	read_005560	mol_005560	3337540	3337540	3358941	theory_fixed
5561	read_005561	mol_005561	3337735	3337735	3358318	theory_fixed
5562	read_005562	mol_005562	3339029	3339029	3357684	theory_fixed
5563	read_005563	mol_005563	3339276	3339276	3359269	theory_fixed
5564	read_005564	mol_005564	3340741	3340741	3357288	theory_fixed
5565	read_005565	mol_005565	3341111	3341111	3357874	theory_fixed
5566	read_005566	mol_005566	3341807	3341807	3364612	theory_fixed
5567	read_005567	mol_005567	3342035	3342035	3362661	theory_fixed
5568	read_005568	mol_005568	3342157	3342157	3375731	theory_fixed
5569	read_005569	mol_005569	3342613	3342613	3368767	theory_fixed
5570	read_005570	mol_005570	3343898	3343898	3362490	theory_fixed
5571	read_005571	mol_005571	3344144	3344144	3369276	theory_fixed
5572	read_005572	mol_005572	3344474	3344474	3361986	theory_fixed
5573	read_005573	mol_005573	3344508	3344508	3361514	theory_fixed
5574	read_005574	mol_005574	3344616	3344616	3362637	theory_fixed
5575	read_005575	mol_005575	3345107	3345107	3365665	theory_fixed
5576	read_005576	mol_005576	3345300	3345300	3372487	theory_fixed
5577	read_005577	mol_005577	3345342	3345342	3360888	theory_fixed
5578	read_005578	mol_005578	3348513	3348513	3363533	theory_fixed
5579	read_005579	mol_005579	3349097	3349097	3368368	theory_fixed
5580	read_005580	mol_005580	3349368	3349368	3369446	theory_fixed
5581	read_005581	mol_005581	3349581	3349581	3363837	theory_fixed
5582	read_005582	mol_005582	3349837	3349837	3370140	theory_fixed
5583	read_005583	mol_005583	3350608	3350608	3373455	theory_fixed
5584	read_005584	mol_005584	3350929	3350929	3367640	theory_fixed
5585	read_005585	mol_005585	3352246	3352246	3370975	theory_fixed
5586	read_005586	mol_005586	3353139	3353139	3381263	theory_fixed
5587	read_005587	mol_005587	3353908	3353908	3369694	theory_fixed
5588	read_005588	mol_005588	3354080	3354080	3373422	theory_fixed
5589	read_005589	mol_005589	3354483	3354483	3377323	theory_fixed
5590	read_005590	mol_005590	3354913	3354913	3366902	theory_fixed
5591	read_005591	mol_005591	3355031	3355031	3383139	theory_fixed
5592	read_005592	mol_005592	3355060	3355060	3374699	theory_fixed
5593	read_005593	mol_005593	3355146	3355146	3377944	theory_fixed
5594	read_005594	mol_005594	3356340	3356340	3375149	theory_fixed
5595	read_005595	mol_005595	3356562	3356562	3375764	theory_fixed
5596	read_005596	mol_005596	3356583	3356583	3382145	theory_fixed
5597	read_005597	mol_005597	3357904	3357904	3379752	theory_fixed
5598	read_005598	mol_005598	3358296	3358296	3375125	theory_fixed
5599	read_005599	mol_005599	3359771	3359771	3376812	theory_fixed
5600	read_005600	mol_005600	3360632	3360632	3374268	theory_fixed
5601	read_005601	mol_005601	3360807	3360807	3374486	theory_fixed
5602	read_005602	mol_005602	3361493	3361493	3371084	theory_fixed
5603	read_005603	mol_005603	3361616	3361616	3379448	theory_fixed
5604	read_005604	mol_005604	3362190	3362190	3382793	theory_fixed
5605	read_005605	mol_005605	3363309	3363309	3383732	theory_fixed
5606	read_005606	mol_005606	3363503	3363503	3384508	theory_fixed
5607	read_005607	mol_005607	3363813	3363813	3383872	theory_fixed
5608	read_005608	mol_005608	3364360	3364360	3384781	theory_fixed
5609	read_005609	mol_005609	3364579	3364579	3376667	theory_fixed
5610	read_005610	mol_005610	3364968	3364968	3381512	theory_fixed
5611	read_005611	mol_005611	3365486	3365486	3379893	theory_fixed
5612	read_005612	mol_005612	3365976	3365976	3382444	theory_fixed
5613	read_005613	mol_005613	3366639	3366639	3383585	theory_fixed
5614	read_005614	mol_005614	3366893	3366893	3406632	theory_fixed
5615	read_005615	mol_005615	3367011	3367011	3387811	theory_fixed
5616	read_005616	mol_005616	3367875	3367875	3382826	theory_fixed
5617	read_005617	mol_005617	3367908	3367908	3388041	theory_fixed
5618	read_005618	mol_005618	3369375	3369375	3385650	theory_fixed
5619	read_005619	mol_005619	3370209	3370209	3382033	theory_fixed
5620	read_005620	mol_005620	3370386	3370386	3389001	theory_fixed
5621	read_005621	mol_005621	3370613	3370613	3386922	theory_fixed
5622	read_005622	mol_005622	3371767	3371767	3389367	theory_fixed
5623	read_005623	mol_005623	3371975	3371975	3385789	theory_fixed
5624	read_005624	mol_005624	3372150	3372150	3389263	theory_fixed
5625	read_005625	mol_005625	3372256	3372256	3386544	theory_fixed
5626	read_005626	mol_005626	3372388	3372388	3387107	theory_fixed
5627	read_005627	mol_005627	3372594	3372594	3389680	theory_fixed
5628	read_005628	mol_005628	3373714	3373714	3388433	theory_fixed
5629	read_005629	mol_005629	3377127	3377127	3392280	theory_fixed
5630	read_005630	mol_005630	3377294	3377294	3390608	theory_fixed
5631	read_005631	mol_005631	3377803	3377803	3398421	theory_fixed
5632	read_005632	mol_005632	3378045	3378045	3399064	theory_fixed
5633	read_005633	mol_005633	3379178	3379178	3402271	theory_fixed
5634	read_005634	mol_005634	3379201	3379201	3404338	theory_fixed
5635	read_005635	mol_005635	3379289	3379289	3401248	theory_fixed
5636	read_005636	mol_005636	3379829	3379829	3399768	theory_fixed
5637	read_005637	mol_005637	3381100	3381100	3393534	theory_fixed
5638	read_005638	mol_005638	3381779	3381779	3395244	theory_fixed
5639	read_005639	mol_005639	3382698	3382698	3396980	theory_fixed
5640	read_005640	mol_005640	3382790	3382790	3400570	theory_fixed
5641	read_005641	mol_005641	3383876	3383876	3396807	theory_fixed
5642	read_005642	mol_005642	3384250	3384250	3405275	theory_fixed
5643	read_005643	mol_005643	3384725	3384725	3397108	theory_fixed
5644	read_005644	mol_005644	3386714	3386714	3401990	theory_fixed
5645	read_005645	mol_005645	3387967	3387967	3407621	theory_fixed
5646	read_005646	mol_005646	3388343	3388343	3404754	theory_fixed
5647	read_005647	mol_005647	3388707	3388707	3404899	theory_fixed
5648	read_005648	mol_005648	3388974	3388974	3409703	theory_fixed
5649	read_005649	mol_005649	3390605	3390605	3414160	theory_fixed
5650	read_005650	mol_005650	3391132	3391132	3401922	theory_fixed
5651	read_005651	mol_005651	3391167	3391167	3411065	theory_fixed
5652	read_005652	mol_005652	3392069	3392069	3404685	theory_fixed
5653	read_005653	mol_005653	3392178	3392178	3407511	theory_fixed
5654	read_005654	mol_005654	3394219	3394219	3415444	theory_fixed
5655	read_005655	mol_005655	3394994	3394994	3409149	theory_fixed
5656	read_005656	mol_005656	3395611	3395611	3412931	theory_fixed
5657	read_005657	mol_005657	3396107	3396107	3410836	theory_fixed
5658	read_005658	mol_005658	3397132	3397132	3412568	theory_fixed
5659	read_005659	mol_005659	3397241	3397241	3411782	theory_fixed
5660	read_005660	mol_005660	3397462	3397462	3414150	theory_fixed
5661	read_005661	mol_005661	3397675	3397675	3425221	theory_fixed
5662	read_005662	mol_005662	3398187	3398187	3416034	theory_fixed
5663	read_005663	mol_005663	3398424	3398424	3413273	theory_fixed
5664	read_005664	mol_005664	3398584	3398584	3411456	theory_fixed
5665	read_005665	mol_005665	3398765	3398765	3415747	theory_fixed
5666	read_005666	mol_005666	3400368	3400368	3414220	theory_fixed
5667	read_005667	mol_005667	3400762	3400762	3415084	theory_fixed
5668	read_005668	mol_005668	3401978	3401978	3418279	theory_fixed
5669	read_005669	mol_005669	3403081	3403081	3423330	theory_fixed
5670	read_005670	mol_005670	3403624	3403624	3424216	theory_fixed
5671	read_005671	mol_005671	3403861	3403861	3427018	theory_fixed
5672	read_005672	mol_005672	3404153	3404153	3424403	theory_fixed
5673	read_005673	mol_005673	3404646	3404646	3422557	theory_fixed
5674	read_005674	mol_005674	3405240	3405240	3422818	theory_fixed
5675	read_005675	mol_005675	3405270	3405270	3420065	theory_fixed
5676	read_005676	mol_005676	3408209	3408209	3427348	theory_fixed
5677	read_005677	mol_005677	3408220	3408220	3425114	theory_fixed
5678	read_005678	mol_005678	3408389	3408389	3424562	theory_fixed
5679	read_005679	mol_005679	3409398	3409398	3423880	theory_fixed
5680	read_005680	mol_005680	3410231	3410231	3427063	theory_fixed
5681	read_005681	mol_005681	3410374	3410374	3423698	theory_fixed
5682	read_005682	mol_005682	3410387	3410387	3426094	theory_fixed
5683	read_005683	mol_005683	3410473	3410473	3426495	theory_fixed
5684	read_005684	mol_005684	3411272	3411272	3429381	theory_fixed
5685	read_005685	mol_005685	3411298	3411298	3430861	theory_fixed
5686	read_005686	mol_005686	3412319	3412319	3431552	theory_fixed
5687	read_005687	mol_005687	3412731	3412731	3426224	theory_fixed
5688	read_005688	mol_005688	3412875	3412875	3427718	theory_fixed
5689	read_005689	mol_005689	3412987	3412987	3427895	theory_fixed
5690	read_005690	mol_005690	3413172	3413172	3428351	theory_fixed
5691	read_005691	mol_005691	3413201	3413201	3431976	theory_fixed
5692	read_005692	mol_005692	3414206	3414206	3431450	theory_fixed
5693	read_005693	mol_005693	3415072	3415072	3430381	theory_fixed
5694	read_005694	mol_005694	3415932	3415932	3434340	theory_fixed
5695	read_005695	mol_005695	3416058	3416058	3432427	theory_fixed
5696	read_005696	mol_005696	3416289	3416289	3429840	theory_fixed
5697	read_005697	mol_005697	3416938	3416938	3438030	theory_fixed
5698	read_005698	mol_005698	3417117	3417117	3436498	theory_fixed
5699	read_005699	mol_005699	3419002	3419002	3429706	theory_fixed
5700	read_005700	mol_005700	3419333	3419333	3440213	theory_fixed
5701	read_005701	mol_005701	3420370	3420370	3435216	theory_fixed
5702	read_005702	mol_005702	3421696	3421696	3449176	theory_fixed
5703	read_005703	mol_005703	3422631	3422631	3441771	theory_fixed
5704	read_005704	mol_005704	3422707	3422707	3436946	theory_fixed
5705	read_005705	mol_005705	3423376	3423376	3460810	theory_fixed
5706	read_005706	mol_005706	3423693	3423693	3444476	theory_fixed
5707	read_005707	mol_005707	3424342	3424342	3450945	theory_fixed
5708	read_005708	mol_005708	3425041	3425041	3446940	theory_fixed
5709	read_005709	mol_005709	3425239	3425239	3444030	theory_fixed
5710	read_005710	mol_005710	3425908	3425908	3443860	theory_fixed
5711	read_005711	mol_005711	3426004	3426004	3446596	theory_fixed
5712	read_005712	mol_005712	3426187	3426187	3440305	theory_fixed
5713	read_005713	mol_005713	3427105	3427105	3441790	theory_fixed
5714	read_005714	mol_005714	3429381	3429381	3449543	theory_fixed
5715	read_005715	mol_005715	3429430	3429430	3444459	theory_fixed
5716	read_005716	mol_005716	3429928	3429928	3447978	theory_fixed
5717	read_005717	mol_005717	3430370	3430370	3446957	theory_fixed
5718	read_005718	mol_005718	3431538	3431538	3446468	theory_fixed
5719	read_005719	mol_005719	3432016	3432016	3448262	theory_fixed
5720	read_005720	mol_005720	3432259	3432259	3449597	theory_fixed
5721	read_005721	mol_005721	3432381	3432381	3449933	theory_fixed
5722	read_005722	mol_005722	3432714	3432714	3447558	theory_fixed
5723	read_005723	mol_005723	3432826	3432826	3446748	theory_fixed
5724	read_005724	mol_005724	3434021	3434021	3449461	theory_fixed
5725	read_005725	mol_005725	3434032	3434032	3452084	theory_fixed
5726	read_005726	mol_005726	3434503	3434503	3458365	theory_fixed
5727	read_005727	mol_005727	3434853	3434853	3451057	theory_fixed
5728	read_005728	mol_005728	3435818	3435818	3456039	theory_fixed
5729	read_005729	mol_005729	3438669	3438669	3454392	theory_fixed
5730	read_005730	mol_005730	3438883	3438883	3452999	theory_fixed
5731	read_005731	mol_005731	3438929	3438929	3455592	theory_fixed
5732	read_005732	mol_005732	3439282	3439282	3475013	theory_fixed
5733	read_005733	mol_005733	3440075	3440075	3456573	theory_fixed
5734	read_005734	mol_005734	3441132	3441132	3461934	theory_fixed
5735	read_005735	mol_005735	3443902	3443902	3456603	theory_fixed
5736	read_005736	mol_005736	3444484	3444484	3469793	theory_fixed
5737	read_005737	mol_005737	3445003	3445003	3463807	theory_fixed
5738	read_005738	mol_005738	3445137	3445137	3464252	theory_fixed
5739	read_005739	mol_005739	3445715	3445715	3462205	theory_fixed
5740	read_005740	mol_005740	3446856	3446856	3473382	theory_fixed
5741	read_005741	mol_005741	3446915	3446915	3463081	theory_fixed
5742	read_005742	mol_005742	3447008	3447008	3466555	theory_fixed
5743	read_005743	mol_005743	3450100	3450100	3465163	theory_fixed
5744	read_005744	mol_005744	3452179	3452179	3469406	theory_fixed
5745	read_005745	mol_005745	3452467	3452467	3467304	theory_fixed
5746	read_005746	mol_005746	3453344	3453344	3470863	theory_fixed
5747	read_005747	mol_005747	3453601	3453601	3476639	theory_fixed
5748	read_005748	mol_005748	3453780	3453780	3471235	theory_fixed
5749	read_005749	mol_005749	3453799	3453799	3464384	theory_fixed
5750	read_005750	mol_005750	3456274	3456274	3483321	theory_fixed
5751	read_005751	mol_005751	3456778	3456778	3477052	theory_fixed
5752	read_005752	mol_005752	3456950	3456950	3474379	theory_fixed
5753	read_005753	mol_005753	3456957	3456957	3474089	theory_fixed
5754	read_005754	mol_005754	3457063	3457063	3479320	theory_fixed
5755	read_005755	mol_005755	3457542	3457542	3475008	theory_fixed
5756	read_005756	mol_005756	3457628	3457628	3469680	theory_fixed
5757	read_005757	mol_005757	3458892	3458892	3473420	theory_fixed
5758	read_005758	mol_005758	3459129	3459129	3481320	theory_fixed
5759	read_005759	mol_005759	3459142	3459142	3475132	theory_fixed
5760	read_005760	mol_005760	3459279	3459279	3478669	theory_fixed
5761	read_005761	mol_005761	3459756	3459756	3483051	theory_fixed
5762	read_005762	mol_005762	3459883	3459883	3477007	theory_fixed
5763	read_005763	mol_005763	3460120	3460120	3475609	theory_fixed
5764	read_005764	mol_005764	3462589	3462589	3491695	theory_fixed
5765	read_005765	mol_005765	3463064	3463064	3480139	theory_fixed
5766	read_005766	mol_005766	3463475	3463475	3476992	theory_fixed
5767	read_005767	mol_005767	3464952	3464952	3490118	theory_fixed
5768	read_005768	mol_005768	3466278	3466278	3488792	theory_fixed
5769	read_005769	mol_005769	3468325	3468325	3482453	theory_fixed
5770	read_005770	mol_005770	3468605	3468605	3478295	theory_fixed
5771	read_005771	mol_005771	3470727	3470727	3491157	theory_fixed
5772	read_005772	mol_005772	3471237	3471237	3492058	theory_fixed
5773	read_005773	mol_005773	3471604	3471604	3490651	theory_fixed
5774	read_005774	mol_005774	3472170	3472170	3496396	theory_fixed
5775	read_005775	mol_005775	3474508	3474508	3488979	theory_fixed
5776	read_005776	mol_005776	3476231	3476231	3496986	theory_fixed
5777	read_005777	mol_005777	3478215	3478215	3499145	theory_fixed
5778	read_005778	mol_005778	3478762	3478762	3492906	theory_fixed
5779	read_005779	mol_005779	3478767	3478767	3490353	theory_fixed
5780	read_005780	mol_005780	3478945	3478945	3500068	theory_fixed
5781	read_005781	mol_005781	3479097	3479097	3495636	theory_fixed
5782	read_005782	mol_005782	3479713	3479713	3499889	theory_fixed
5783	read_005783	mol_005783	3480583	3480583	3497408	theory_fixed
5784	read_005784	mol_005784	3480794	3480794	3500603	theory_fixed
5785	read_005785	mol_005785	3481063	3481063	3499982	theory_fixed
5786	read_005786	mol_005786	3481568	3481568	3498915	theory_fixed
5787	read_005787	mol_005787	3481762	3481762	3501483	theory_fixed
5788	read_005788	mol_005788	3482028	3482028	3499477	theory_fixed
5789	read_005789	mol_005789	3482150	3482150	3499111	theory_fixed
5790	read_005790	mol_005790	3482990	3482990	3502099	theory_fixed
5791	read_005791	mol_005791	3483962	3483962	3497142	theory_fixed
5792	read_005792	mol_005792	3484200	3484200	3499636	theory_fixed
5793	read_005793	mol_005793	3484624	3484624	3502976	theory_fixed
5794	read_005794	mol_005794	3486556	3486556	3500778	theory_fixed
5795	read_005795	mol_005795	3487945	3487945	3508569	theory_fixed
5796	read_005796	mol_005796	3489203	3489203	3501998	theory_fixed
5797	read_005797	mol_005797	3489465	3489465	3510730	theory_fixed
5798	read_005798	mol_005798	3489683	3489683	3507166	theory_fixed
5799	read_005799	mol_005799	3490427	3490427	3510794	theory_fixed
5800	read_005800	mol_005800	3491099	3491099	3506155	theory_fixed
5801	read_005801	mol_005801	3492334	3492334	3506235	theory_fixed
5802	read_005802	mol_005802	3493096	3493096	3512607	theory_fixed
5803	read_005803	mol_005803	3493318	3493318	3505057	theory_fixed
5804	read_005804	mol_005804	3493503	3493503	3513149	theory_fixed
5805	read_005805	mol_005805	3494080	3494080	3520189	theory_fixed
5806	read_005806	mol_005806	3494306	3494306	3517052	theory_fixed
5807	read_005807	mol_005807	3496033	3496033	3511877	theory_fixed
5808	read_005808	mol_005808	3496285	3496285	3507825	theory_fixed
5809	read_005809	mol_005809	3496524	3496524	3515972	theory_fixed
5810	read_005810	mol_005810	3496551	3496551	3515514	theory_fixed
5811	read_005811	mol_005811	3496576	3496576	3516581	theory_fixed
5812	read_005812	mol_005812	3499649	3499649	3519337	theory_fixed
5813	read_005813	mol_005813	3499724	3499724	3520769	theory_fixed
5814	read_005814	mol_005814	3499896	3499896	3514931	theory_fixed
5815	read_005815	mol_005815	3500429	3500429	3513423	theory_fixed
5816	read_005816	mol_005816	3501436	3501436	3517221	theory_fixed
5817	read_005817	mol_005817	3501598	3501598	3515369	theory_fixed
5818	read_005818	mol_005818	3502260	3502260	3530583	theory_fixed
5819	read_005819	mol_005819	3503081	3503081	3521924	theory_fixed
5820	read_005820	mol_005820	3503838	3503838	3518369	theory_fixed
5821	read_005821	mol_005821	3504042	3504042	3518265	theory_fixed
5822	read_005822	mol_005822	3504184	3504184	3520351	theory_fixed
5823	read_005823	mol_005823	3504878	3504878	3527533	theory_fixed
5824	read_005824	mol_005824	3504888	3504888	3530873	theory_fixed
5825	read_005825	mol_005825	3506013	3506013	3520471	theory_fixed
5826	read_005826	mol_005826	3506249	3506249	3523718	theory_fixed
5827	read_005827	mol_005827	3508293	3508293	3523808	theory_fixed
5828	read_005828	mol_005828	3509455	3509455	3531584	theory_fixed
5829	read_005829	mol_005829	3509910	3509910	3526531	theory_fixed
5830	read_005830	mol_005830	3510239	3510239	3531332	theory_fixed
5831	read_005831	mol_005831	3511162	3511162	3526135	theory_fixed
5832	read_005832	mol_005832	3511343	3511343	3531908	theory_fixed
5833	read_005833	mol_005833	3511629	3511629	3527108	theory_fixed
5834	read_005834	mol_005834	3511667	3511667	3530399	theory_fixed
5835	read_005835	mol_005835	3512114	3512114	3530417	theory_fixed
5836	read_005836	mol_005836	3512206	3512206	3526529	theory_fixed
5837	read_005837	mol_005837	3513039	3513039	3531187	theory_fixed
5838	read_005838	mol_005838	3514941	3514941	3541227	theory_fixed
5839	read_005839	mol_005839	3515368	3515368	3534424	theory_fixed
5840	read_005840	mol_005840	3515890	3515890	3533196	theory_fixed
5841	read_005841	mol_005841	3517400	3517400	3533765	theory_fixed
5842	read_005842	mol_005842	3517891	3517891	3545948	theory_fixed
5843	read_005843	mol_005843	3517896	3517896	3543219	theory_fixed
5844	read_005844	mol_005844	3518100	3518100	3536748	theory_fixed
5845	read_005845	mol_005845	3518248	3518248	3538087	theory_fixed
5846	read_005846	mol_005846	3518859	3518859	3540298	theory_fixed
5847	read_005847	mol_005847	3518914	3518914	3540130	theory_fixed
5848	read_005848	mol_005848	3519759	3519759	3538977	theory_fixed
5849	read_005849	mol_005849	3519764	3519764	3536948	theory_fixed
5850	read_005850	mol_005850	3520011	3520011	3532536	theory_fixed
5851	read_005851	mol_005851	3521050	3521050	3538930	theory_fixed
5852	read_005852	mol_005852	3522057	3522057	3539736	theory_fixed
5853	read_005853	mol_005853	3522585	3522585	3540890	theory_fixed
5854	read_005854	mol_005854	3523699	3523699	3542087	theory_fixed
5855	read_005855	mol_005855	3524051	3524051	3539777	theory_fixed
5856	read_005856	mol_005856	3524349	3524349	3533435	theory_fixed
5857	read_005857	mol_005857	3525563	3525563	3544599	theory_fixed
5858	read_005858	mol_005858	3526248	3526248	3539458	theory_fixed
5859	read_005859	mol_005859	3527556	3527556	3542195	theory_fixed
5860	read_005860	mol_005860	3528119	3528119	3547369	theory_fixed
5861	read_005861	mol_005861	3529009	3529009	3546658	theory_fixed
5862	read_005862	mol_005862	3531124	3531124	3547138	theory_fixed
5863	read_005863	mol_005863	3531773	3531773	3551762	theory_fixed
5864	read_005864	mol_005864	3531919	3531919	3547316	theory_fixed
5865	read_005865	mol_005865	3531937	3531937	3543817	theory_fixed
5866	read_005866	mol_005866	3532572	3532572	3545402	theory_fixed
5867	read_005867	mol_005867	3533416	3533416	3548475	theory_fixed
5868	read_005868	mol_005868	3535818	3535818	3552543	theory_fixed
5869	read_005869	mol_005869	3536006	3536006	3554755	theory_fixed
5870	read_005870	mol_005870	3536026	3536026	3548394	theory_fixed
5871	read_005871	mol_005871	3536037	3536037	3550353	theory_fixed
5872	read_005872	mol_005872	3537498	3537498	3555933	theory_fixed
5873	read_005873	mol_005873	3537511	3537511	3551303	theory_fixed
5874	read_005874	mol_005874	3537823	3537823	3556082	theory_fixed
5875	read_005875	mol_005875	3537914	3537914	3556942	theory_fixed
5876	read_005876	mol_005876	3538673	3538673	3560298	theory_fixed
5877	read_005877	mol_005877	3540201	3540201	3555323	theory_fixed
5878	read_005878	mol_005878	3540231	3540231	3566616	theory_fixed
5879	read_005879	mol_005879	3540926	3540926	3562163	theory_fixed
5880	read_005880	mol_005880	3541298	3541298	3560364	theory_fixed
5881	read_005881	mol_005881	3541437	3541437	3565614	theory_fixed
5882	read_005882	mol_005882	3542789	3542789	3553867	theory_fixed
5883	read_005883	mol_005883	3545037	3545037	3555412	theory_fixed
5884	read_005884	mol_005884	3545558	3545558	3563351	theory_fixed
5885	read_005885	mol_005885	3546975	3546975	3559197	theory_fixed
5886	read_005886	mol_005886	3547030	3547030	3571065	theory_fixed
5887	read_005887	mol_005887	3547076	3547076	3560128	theory_fixed
5888	read_005888	mol_005888	3547519	3547519	3562135	theory_fixed
5889	read_005889	mol_005889	3547763	3547763	3564545	theory_fixed
5890	read_005890	mol_005890	3548044	3548044	3565873	theory_fixed
5891	read_005891	mol_005891	3548193	3548193	3565182	theory_fixed
5892	read_005892	mol_005892	3549477	3549477	3569308	theory_fixed
5893	read_005893	mol_005893	3549626	3549626	3565168	theory_fixed
5894	read_005894	mol_005894	3549693	3549693	3566678	theory_fixed
5895	read_005895	mol_005895	3550391	3550391	3571068	theory_fixed
5896	read_005896	mol_005896	3551447	3551447	3570176	theory_fixed
5897	read_005897	mol_005897	3551985	3551985	3572712	theory_fixed
5898	read_005898	mol_005898	3552261	3552261	3571428	theory_fixed
5899	read_005899	mol_005899	3552718	3552718	3570211	theory_fixed
5900	read_005900	mol_005900	3552911	3552911	3570105	theory_fixed
5901	read_005901	mol_005901	3553021	3553021	3565548	theory_fixed
5902	read_005902	mol_005902	3554755	3554755	3571538	theory_fixed
5903	read_005903	mol_005903	3554819	3554819	3574450	theory_fixed
5904	read_005904	mol_005904	3554945	3554945	3566897	theory_fixed
5905	read_005905	mol_005905	3555042	3555042	3577673	theory_fixed
5906	read_005906	mol_005906	3555056	3555056	3577647	theory_fixed
5907	read_005907	mol_005907	3555746	3555746	3574919	theory_fixed
5908	read_005908	mol_005908	3556248	3556248	3582337	theory_fixed
5909	read_005909	mol_005909	3556268	3556268	3572161	theory_fixed
5910	read_005910	mol_005910	3556326	3556326	3573677	theory_fixed
5911	read_005911	mol_005911	3556546	3556546	3577973	theory_fixed
5912	read_005912	mol_005912	3557766	3557766	3579877	theory_fixed
5913	read_005913	mol_005913	3558349	3558349	3575016	theory_fixed
5914	read_005914	mol_005914	3560041	3560041	3578926	theory_fixed
5915	read_005915	mol_005915	3560182	3560182	3591638	theory_fixed
5916	read_005916	mol_005916	3563052	3563052	3586766	theory_fixed
5917	read_005917	mol_005917	3563298	3563298	3577331	theory_fixed
5918	read_005918	mol_005918	3563513	3563513	3584845	theory_fixed
5919	read_005919	mol_005919	3564419	3564419	3577449	theory_fixed
5920	read_005920	mol_005920	3565441	3565441	3580807	theory_fixed
5921	read_005921	mol_005921	3565675	3565675	3585117	theory_fixed
5922	read_005922	mol_005922	3565830	3565830	3581044	theory_fixed
5923	read_005923	mol_005923	3566587	3566587	3583810	theory_fixed
5924	read_005924	mol_005924	3566900	3566900	3582177	theory_fixed
5925	read_005925	mol_005925	3567000	3567000	3585750	theory_fixed
5926	read_005926	mol_005926	3567163	3567163	3583289	theory_fixed
5927	read_005927	mol_005927	3567281	3567281	3582151	theory_fixed
5928	read_005928	mol_005928	3567362	3567362	3581273	theory_fixed
5929	read_005929	mol_005929	3567415	3567415	3582625	theory_fixed
5930	read_005930	mol_005930	3567710	3567710	3585643	theory_fixed
5931	read_005931	mol_005931	3568408	3568408	3578596	theory_fixed
5932	read_005932	mol_005932	3569678	3569678	3598501	theory_fixed
5933	read_005933	mol_005933	3571690	3571690	3589655	theory_fixed
5934	read_005934	mol_005934	3571949	3571949	3588728	theory_fixed
5935	read_005935	mol_005935	3573548	3573548	3593186	theory_fixed
5936	read_005936	mol_005936	3573874	3573874	3587533	theory_fixed
5937	read_005937	mol_005937	3574471	3574471	3590474	theory_fixed
5938	read_005938	mol_005938	3575371	3575371	3589660	theory_fixed
5939	read_005939	mol_005939	3575604	3575604	3590876	theory_fixed
5940	read_005940	mol_005940	3575935	3575935	3589200	theory_fixed
5941	read_005941	mol_005941	3576244	3576244	3601836	theory_fixed
5942	read_005942	mol_005942	3577410	3577410	3593780	theory_fixed
5943	read_005943	mol_005943	3577656	3577656	3595787	theory_fixed
5944	read_005944	mol_005944	3578295	3578295	3600796	theory_fixed
5945	read_005945	mol_005945	3578654	3578654	3597093	theory_fixed
5946	read_005946	mol_005946	3578933	3578933	3593193	theory_fixed
5947	read_005947	mol_005947	3579103	3579103	3605088	theory_fixed
5948	read_005948	mol_005948	3579435	3579435	3602609	theory_fixed
5949	read_005949	mol_005949	3579825	3579825	3595092	theory_fixed
5950	read_005950	mol_005950	3580147	3580147	3599432	theory_fixed
5951	read_005951	mol_005951	3580282	3580282	3596034	theory_fixed
5952	read_005952	mol_005952	3581468	3581468	3594866	theory_fixed
5953	read_005953	mol_005953	3581825	3581825	3596105	theory_fixed
5954	read_005954	mol_005954	3582299	3582299	3595576	theory_fixed
5955	read_005955	mol_005955	3582499	3582499	3597326	theory_fixed
5956	read_005956	mol_005956	3583271	3583271	3598602	theory_fixed
5957	read_005957	mol_005957	3584342	3584342	3602159	theory_fixed
5958	read_005958	mol_005958	3586126	3586126	3611671	theory_fixed
5959	read_005959	mol_005959	3587060	3587060	3607173	theory_fixed
5960	read_005960	mol_005960	3588573	3588573	3601196	theory_fixed
5961	read_005961	mol_005961	3588815	3588815	3611239	theory_fixed
5962	read_005962	mol_005962	3589386	3589386	3611061	theory_fixed
5963	read_005963	mol_005963	3589487	3589487	3606787	theory_fixed
5964	read_005964	mol_005964	3589955	3589955	3607001	theory_fixed
5965	read_005965	mol_005965	3591010	3591010	3611351	theory_fixed
5966	read_005966	mol_005966	3591027	3591027	3615716	theory_fixed
5967	read_005967	mol_005967	3593068	3593068	3618123	theory_fixed
5968	read_005968	mol_005968	3593660	3593660	3611547	theory_fixed
5969	read_005969	mol_005969	3594161	3594161	3605545	theory_fixed
5970	read_005970	mol_005970	3595325	3595325	3613610	theory_fixed
5971	read_005971	mol_005971	3595329	3595329	3620465	theory_fixed
5972	read_005972	mol_005972	3595658	3595658	3608585	theory_fixed
5973	read_005973	mol_005973	3595970	3595970	3617406	theory_fixed
5974	read_005974	mol_005974	3596096	3596096	3617727	theory_fixed
5975	read_005975	mol_005975	3596837	3596837	3611408	theory_fixed
5976	read_005976	mol_005976	3596930	3596930	3613840	theory_fixed
5977	read_005977	mol_005977	3597409	3597409	3611689	theory_fixed
5978	read_005978	mol_005978	3597478	3597478	3611780	theory_fixed
5979	read_005979	mol_005979	3597836	3597836	3614589	theory_fixed
5980	read_005980	mol_005980	3597909	3597909	3616191	theory_fixed
5981	read_005981	mol_005981	3598522	3598522	3618102	theory_fixed
5982	read_005982	mol_005982	3598614	3598614	3620122	theory_fixed
5983	read_005983	mol_005983	3599256	3599256	3622549	theory_fixed
5984	read_005984	mol_005984	3599624	3599624	3614232	theory_fixed
5985	read_005985	mol_005985	3599809	3599809	3621935	theory_fixed
5986	read_005986	mol_005986	3600280	3600280	3613811	theory_fixed
5987	read_005987	mol_005987	3600289	3600289	3623842	theory_fixed
5988	read_005988	mol_005988	3600482	3600482	3623944	theory_fixed
5989	read_005989	mol_005989	3600566	3600566	3615290	theory_fixed
5990	read_005990	mol_005990	3601704	3601704	3618865	theory_fixed
5991	read_005991	mol_005991	3601882	3601882	3620374	theory_fixed
5992	read_005992	mol_005992	3602338	3602338	3612487	theory_fixed
5993	read_005993	mol_005993	3602388	3602388	3621888	theory_fixed
5994	read_005994	mol_005994	3602667	3602667	3617461	theory_fixed
5995	read_005995	mol_005995	3603898	3603898	3623742	theory_fixed
5996	read_005996	mol_005996	3605802	3605802	3617649	theory_fixed
5997	read_005997	mol_005997	3605931	3605931	3628483	theory_fixed
5998	read_005998	mol_005998	3606216	3606216	3625413	theory_fixed
5999	read_005999	mol_005999	3606504	3606504	3628560	theory_fixed
6000	read_006000	mol_006000	3607105	3607105	3633891	theory_fixed
6001	read_006001	mol_006001	3608189	3608189	3631330	theory_fixed
6002	read_006002	mol_006002	3608452	3608452	3630988	theory_fixed
6003	read_006003	mol_006003	3608861	3608861	3625259	theory_fixed
6004	read_006004	mol_006004	3609006	3609006	3633098	theory_fixed
6005	read_006005	mol_006005	3610348	3610348	3629407	theory_fixed
6006	read_006006	mol_006006	3611043	3611043	3623233	theory_fixed
6007	read_006007	mol_006007	3612259	3612259	3628209	theory_fixed
6008	read_006008	mol_006008	3612327	3612327	3623375	theory_fixed
6009	read_006009	mol_006009	3613552	3613552	3635931	theory_fixed
6010	read_006010	mol_006010	3613789	3613789	3638107	theory_fixed
6011	read_006011	mol_006011	3614290	3614290	3629643	theory_fixed
6012	read_006012	mol_006012	3614560	3614560	3629174	theory_fixed
6013	read_006013	mol_006013	3614930	3614930	3641015	theory_fixed
6014	read_006014	mol_006014	3615229	3615229	3635176	theory_fixed
6015	read_006015	mol_006015	3615259	3615259	3647980	theory_fixed
6016	read_006016	mol_006016	3615812	3615812	3632419	theory_fixed
6017	read_006017	mol_006017	3616414	3616414	3633459	theory_fixed
6018	read_006018	mol_006018	3616712	3616712	3633602	theory_fixed
6019	read_006019	mol_006019	3617752	3617752	3634996	theory_fixed
6020	read_006020	mol_006020	3617823	3617823	3631711	theory_fixed
6021	read_006021	mol_006021	3619345	3619345	3640113	theory_fixed
6022	read_006022	mol_006022	3619686	3619686	3636252	theory_fixed
6023	read_006023	mol_006023	3619727	3619727	3637748	theory_fixed
6024	read_006024	mol_006024	3620035	3620035	3634939	theory_fixed
6025	read_006025	mol_006025	3620228	3620228	3635551	theory_fixed
6026	read_006026	mol_006026	3620937	3620937	3637375	theory_fixed
6027	read_006027	mol_006027	3620975	3620975	3635645	theory_fixed
6028	read_006028	mol_006028	3621617	3621617	3643208	theory_fixed
6029	read_006029	mol_006029	3621660	3621660	3635887	theory_fixed
6030	read_006030	mol_006030	3621767	3621767	3641369	theory_fixed
6031	read_006031	mol_006031	3622008	3622008	3634806	theory_fixed
6032	read_006032	mol_006032	3622188	3622188	3637669	theory_fixed
6033	read_006033	mol_006033	3622746	3622746	3641611	theory_fixed
6034	read_006034	mol_006034	3622977	3622977	3643793	theory_fixed
6035	read_006035	mol_006035	3624802	3624802	3648436	theory_fixed
6036	read_006036	mol_006036	3625183	3625183	3644777	theory_fixed
6037	read_006037	mol_006037	3625264	3625264	3647581	theory_fixed
6038	read_006038	mol_006038	3627313	3627313	3641266	theory_fixed
6039	read_006039	mol_006039	3627321	3627321	3645980	theory_fixed
6040	read_006040	mol_006040	3627520	3627520	3647653	theory_fixed
6041	read_006041	mol_006041	3627634	3627634	3637652	theory_fixed
6042	read_006042	mol_006042	3627954	3627954	3651005	theory_fixed
6043	read_006043	mol_006043	3628280	3628280	3645405	theory_fixed
6044	read_006044	mol_006044	3629218	3629218	3650808	theory_fixed
6045	read_006045	mol_006045	3629313	3629313	3643422	theory_fixed
6046	read_006046	mol_006046	3629503	3629503	3644615	theory_fixed
6047	read_006047	mol_006047	3630632	3630632	3654647	theory_fixed
6048	read_006048	mol_006048	3631226	3631226	3652481	theory_fixed
6049	read_006049	mol_006049	3631696	3631696	3654595	theory_fixed
6050	read_006050	mol_006050	3633968	3633968	3651835	theory_fixed
6051	read_006051	mol_006051	3634327	3634327	3652320	theory_fixed
6052	read_006052	mol_006052	3634871	3634871	3649956	theory_fixed
6053	read_006053	mol_006053	3636627	3636627	3650843	theory_fixed
6054	read_006054	mol_006054	3637624	3637624	3661721	theory_fixed
6055	read_006055	mol_006055	3637818	3637818	3666481	theory_fixed
6056	read_006056	mol_006056	3638834	3638834	3650241	theory_fixed
6057	read_006057	mol_006057	3639644	3639644	3657672	theory_fixed
6058	read_006058	mol_006058	3639845	3639845	3659135	theory_fixed
6059	read_006059	mol_006059	3640655	3640655	3661668	theory_fixed
6060	read_006060	mol_006060	3640864	3640864	3653409	theory_fixed
6061	read_006061	mol_006061	3640911	3640911	3655090	theory_fixed
6062	read_006062	mol_006062	3641230	3641230	3661990	theory_fixed
6063	read_006063	mol_006063	3641404	3641404	3656123	theory_fixed
6064	read_006064	mol_006064	3641737	3641737	3660261	theory_fixed
6065	read_006065	mol_006065	3641833	3641833	3661281	theory_fixed
6066	read_006066	mol_006066	3642633	3642633	3664711	theory_fixed
6067	read_006067	mol_006067	3643142	3643142	3658783	theory_fixed
6068	read_006068	mol_006068	3643505	3643505	3662099	theory_fixed
6069	read_006069	mol_006069	3644496	3644496	3660020	theory_fixed
6070	read_006070	mol_006070	3646728	3646728	3664936	theory_fixed
6071	read_006071	mol_006071	3647220	3647220	3671284	theory_fixed
6072	read_006072	mol_006072	3647700	3647700	3669698	theory_fixed
6073	read_006073	mol_006073	3647798	3647798	3660859	theory_fixed
6074	read_006074	mol_006074	3649694	3649694	3675764	theory_fixed
6075	read_006075	mol_006075	3649942	3649942	3663082	theory_fixed
6076	read_006076	mol_006076	3650523	3650523	3674741	theory_fixed
6077	read_006077	mol_006077	3651211	3651211	3665419	theory_fixed
6078	read_006078	mol_006078	3651592	3651592	3669376	theory_fixed
6079	read_006079	mol_006079	3652403	3652403	3666036	theory_fixed
6080	read_006080	mol_006080	3652691	3652691	3671981	theory_fixed
6081	read_006081	mol_006081	3652698	3652698	3673583	theory_fixed
6082	read_006082	mol_006082	3654492	3654492	3667838	theory_fixed
6083	read_006083	mol_006083	3655074	3655074	3672166	theory_fixed
6084	read_006084	mol_006084	3657185	3657185	3671817	theory_fixed
6085	read_006085	mol_006085	3658930	3658930	3678310	theory_fixed
6086	read_006086	mol_006086	3660532	3660532	3680391	theory_fixed
6087	read_006087	mol_006087	3661836	3661836	3678827	theory_fixed
6088	read_006088	mol_006088	3662339	3662339	3683237	theory_fixed
6089	read_006089	mol_006089	3666200	3666200	3686305	theory_fixed
6090	read_006090	mol_006090	3667061	3667061	3684687	theory_fixed
6091	read_006091	mol_006091	3668239	3668239	3689202	theory_fixed
6092	read_006092	mol_006092	3668302	3668302	3684997	theory_fixed
6093	read_006093	mol_006093	3668363	3668363	3691704	theory_fixed
6094	read_006094	mol_006094	3668829	3668829	3687848	theory_fixed
6095	read_006095	mol_006095	3669105	3669105	3687154	theory_fixed
6096	read_006096	mol_006096	3670112	3670112	3692483	theory_fixed
6097	read_006097	mol_006097	3670371	3670371	3690959	theory_fixed
6098	read_006098	mol_006098	3671987	3671987	3686883	theory_fixed
6099	read_006099	mol_006099	3672312	3672312	3692443	theory_fixed
6100	read_006100	mol_006100	3673687	3673687	3693743	theory_fixed
6101	read_006101	mol_006101	3673753	3673753	3690718	theory_fixed
6102	read_006102	mol_006102	3674516	3674516	3697696	theory_fixed
6103	read_006103	mol_006103	3675096	3675096	3692400	theory_fixed
6104	read_006104	mol_006104	3675377	3675377	3692422	theory_fixed
6105	read_006105	mol_006105	3675757	3675757	3699069	theory_fixed
6106	read_006106	mol_006106	3677102	3677102	3699601	theory_fixed
6107	read_006107	mol_006107	3677220	3677220	3691546	theory_fixed
6108	read_006108	mol_006108	3677254	3677254	3694534	theory_fixed
6109	read_006109	mol_006109	3677669	3677669	3701178	theory_fixed
6110	read_006110	mol_006110	3677720	3677720	3695493	theory_fixed
6111	read_006111	mol_006111	3677754	3677754	3691768	theory_fixed
6112	read_006112	mol_006112	3677782	3677782	3695515	theory_fixed
6113	read_006113	mol_006113	3677949	3677949	3691655	theory_fixed
6114	read_006114	mol_006114	3678420	3678420	3699250	theory_fixed
6115	read_006115	mol_006115	3678448	3678448	3693810	theory_fixed
6116	read_006116	mol_006116	3679993	3679993	3691290	theory_fixed
6117	read_006117	mol_006117	3680162	3680162	3693837	theory_fixed
6118	read_006118	mol_006118	3680265	3680265	3694402	theory_fixed
6119	read_006119	mol_006119	3680355	3680355	3697329	theory_fixed
6120	read_006120	mol_006120	3681395	3681395	3692559	theory_fixed
6121	read_006121	mol_006121	3682066	3682066	3698601	theory_fixed
6122	read_006122	mol_006122	3682543	3682543	3694824	theory_fixed
6123	read_006123	mol_006123	3683064	3683064	3702458	theory_fixed
6124	read_006124	mol_006124	3683531	3683531	3695796	theory_fixed
6125	read_006125	mol_006125	3683894	3683894	3698287	theory_fixed
6126	read_006126	mol_006126	3684029	3684029	3699043	theory_fixed
6127	read_006127	mol_006127	3684757	3684757	3711123	theory_fixed
6128	read_006128	mol_006128	3687677	3687677	3703590	theory_fixed
6129	read_006129	mol_006129	3687852	3687852	3707102	theory_fixed
6130	read_006130	mol_006130	3688032	3688032	3710555	theory_fixed
6131	read_006131	mol_006131	3688223	3688223	3708763	theory_fixed
6132	read_006132	mol_006132	3688974	3688974	3717360	theory_fixed
6133	read_006133	mol_006133	3689383	3689383	3702511	theory_fixed
6134	read_006134	mol_006134	3689482	3689482	3708967	theory_fixed
6135	read_006135	mol_006135	3689960	3689960	3706841	theory_fixed
6136	read_006136	mol_006136	3690241	3690241	3709779	theory_fixed
6137	read_006137	mol_006137	3690469	3690469	3707654	theory_fixed
6138	read_006138	mol_006138	3690470	3690470	3711486	theory_fixed
6139	read_006139	mol_006139	3691873	3691873	3710756	theory_fixed
6140	read_006140	mol_006140	3693489	3693489	3710353	theory_fixed
6141	read_006141	mol_006141	3693565	3693565	3707883	theory_fixed
6142	read_006142	mol_006142	3694049	3694049	3710233	theory_fixed
6143	read_006143	mol_006143	3694129	3694129	3707996	theory_fixed
6144	read_006144	mol_006144	3695435	3695435	3713769	theory_fixed
6145	read_006145	mol_006145	3695630	3695630	3716926	theory_fixed
6146	read_006146	mol_006146	3696979	3696979	3716022	theory_fixed
6147	read_006147	mol_006147	3698541	3698541	3712070	theory_fixed
6148	read_006148	mol_006148	3698763	3698763	3714910	theory_fixed
6149	read_006149	mol_006149	3699618	3699618	3714842	theory_fixed
6150	read_006150	mol_006150	3700009	3700009	3719583	theory_fixed
6151	read_006151	mol_006151	3700234	3700234	3715885	theory_fixed
6152	read_006152	mol_006152	3701140	3701140	3716631	theory_fixed
6153	read_006153	mol_006153	3701315	3701315	3720555	theory_fixed
6154	read_006154	mol_006154	3701706	3701706	3721587	theory_fixed
6155	read_006155	mol_006155	3701973	3701973	3723535	theory_fixed
6156	read_006156	mol_006156	3702603	3702603	3722245	theory_fixed
6157	read_006157	mol_006157	3703056	3703056	3723898	theory_fixed
6158	read_006158	mol_006158	3703061	3703061	3722240	theory_fixed
6159	read_006159	mol_006159	3703329	3703329	3716895	theory_fixed
6160	read_006160	mol_006160	3703712	3703712	3716654	theory_fixed
6161	read_006161	mol_006161	3704627	3704627	3719167	theory_fixed
6162	read_006162	mol_006162	3705099	3705099	3720650	theory_fixed
6163	read_006163	mol_006163	3706010	3706010	3722043	theory_fixed
6164	read_006164	mol_006164	3706487	3706487	3721232	theory_fixed
6165	read_006165	mol_006165	3706789	3706789	3729777	theory_fixed
6166	read_006166	mol_006166	3707017	3707017	3726895	theory_fixed
6167	read_006167	mol_006167	3707695	3707695	3727321	theory_fixed
6168	read_006168	mol_006168	3708190	3708190	3721179	theory_fixed
6169	read_006169	mol_006169	3708557	3708557	3731872	theory_fixed
6170	read_006170	mol_006170	3708799	3708799	3726254	theory_fixed
6171	read_006171	mol_006171	3709088	3709088	3726171	theory_fixed
6172	read_006172	mol_006172	3709283	3709283	3727282	theory_fixed
6173	read_006173	mol_006173	3709897	3709897	3726452	theory_fixed
6174	read_006174	mol_006174	3710624	3710624	3725622	theory_fixed
6175	read_006175	mol_006175	3712330	3712330	3726995	theory_fixed
6176	read_006176	mol_006176	3712392	3712392	3730988	theory_fixed
6177	read_006177	mol_006177	3713810	3713810	3734140	theory_fixed
6178	read_006178	mol_006178	3713960	3713960	3729456	theory_fixed
6179	read_006179	mol_006179	3714542	3714542	3732618	theory_fixed
6180	read_006180	mol_006180	3715197	3715197	3732472	theory_fixed
6181	read_006181	mol_006181	3716411	3716411	3732614	theory_fixed
6182	read_006182	mol_006182	3716579	3716579	3736592	theory_fixed
6183	read_006183	mol_006183	3716856	3716856	3733267	theory_fixed
6184	read_006184	mol_006184	3717723	3717723	3737230	theory_fixed
6185	read_006185	mol_006185	3717783	3717783	3733084	theory_fixed
6186	read_006186	mol_006186	3717823	3717823	3730785	theory_fixed
6187	read_006187	mol_006187	3717944	3717944	3735968	theory_fixed
6188	read_006188	mol_006188	3718301	3718301	3734241	theory_fixed
6189	read_006189	mol_006189	3718327	3718327	3734961	theory_fixed
6190	read_006190	mol_006190	3718404	3718404	3738962	theory_fixed
6191	read_006191	mol_006191	3719433	3719433	3734804	theory_fixed
6192	read_006192	mol_006192	3721932	3721932	3741042	theory_fixed
6193	read_006193	mol_006193	3722354	3722354	3737390	theory_fixed
6194	read_006194	mol_006194	3723310	3723310	3743291	theory_fixed
6195	read_006195	mol_006195	3723723	3723723	3743492	theory_fixed
6196	read_006196	mol_006196	3723822	3723822	3735913	theory_fixed
6197	read_006197	mol_006197	3724097	3724097	3738465	theory_fixed
6198	read_006198	mol_006198	3724411	3724411	3750989	theory_fixed
6199	read_006199	mol_006199	3725460	3725460	3743421	theory_fixed
6200	read_006200	mol_006200	3725754	3725754	3743322	theory_fixed
6201	read_006201	mol_006201	3725854	3725854	3741950	theory_fixed
6202	read_006202	mol_006202	3727358	3727358	3741465	theory_fixed
6203	read_006203	mol_006203	3727610	3727610	3744343	theory_fixed
6204	read_006204	mol_006204	3727940	3727940	3747281	theory_fixed
6205	read_006205	mol_006205	3728030	3728030	3744670	theory_fixed
6206	read_006206	mol_006206	3728187	3728187	3747544	theory_fixed
6207	read_006207	mol_006207	3728948	3728948	3748389	theory_fixed
6208	read_006208	mol_006208	3729228	3729228	3745072	theory_fixed
6209	read_006209	mol_006209	3730475	3730475	3746023	theory_fixed
6210	read_006210	mol_006210	3730684	3730684	3752400	theory_fixed
6211	read_006211	mol_006211	3732096	3732096	3760158	theory_fixed
6212	read_006212	mol_006212	3732847	3732847	3759046	theory_fixed
6213	read_006213	mol_006213	3733162	3733162	3747382	theory_fixed
6214	read_006214	mol_006214	3733216	3733216	3748103	theory_fixed
6215	read_006215	mol_006215	3735240	3735240	3752232	theory_fixed
6216	read_006216	mol_006216	3735875	3735875	3753198	theory_fixed
6217	read_006217	mol_006217	3735927	3735927	3755591	theory_fixed
6218	read_006218	mol_006218	3736756	3736756	3754959	theory_fixed
6219	read_006219	mol_006219	3737376	3737376	3756610	theory_fixed
6220	read_006220	mol_006220	3737752	3737752	3753273	theory_fixed
6221	read_006221	mol_006221	3739345	3739345	3757853	theory_fixed
6222	read_006222	mol_006222	3739422	3739422	3754011	theory_fixed
6223	read_006223	mol_006223	3740914	3740914	3760512	theory_fixed
6224	read_006224	mol_006224	3741390	3741390	3760443	theory_fixed
6225	read_006225	mol_006225	3742829	3742829	3760146	theory_fixed
6226	read_006226	mol_006226	3743361	3743361	3760473	theory_fixed
6227	read_006227	mol_006227	3744670	3744670	3756217	theory_fixed
6228	read_006228	mol_006228	3744889	3744889	3764487	theory_fixed
6229	read_006229	mol_006229	3745789	3745789	3766290	theory_fixed
6230	read_006230	mol_006230	3745932	3745932	3764990	theory_fixed
6231	read_006231	mol_006231	3746533	3746533	3759079	theory_fixed
6232	read_006232	mol_006232	3747745	3747745	3761259	theory_fixed
6233	read_006233	mol_006233	3747807	3747807	3778891	theory_fixed
6234	read_006234	mol_006234	3748089	3748089	3760782	theory_fixed
6235	read_006235	mol_006235	3748138	3748138	3768072	theory_fixed
6236	read_006236	mol_006236	3749550	3749550	3772049	theory_fixed
6237	read_006237	mol_006237	3749943	3749943	3775680	theory_fixed
6238	read_006238	mol_006238	3750309	3750309	3772845	theory_fixed
6239	read_006239	mol_006239	3750397	3750397	3767546	theory_fixed
6240	read_006240	mol_006240	3750542	3750542	3769807	theory_fixed
6241	read_006241	mol_006241	3753244	3753244	3767082	theory_fixed
6242	read_006242	mol_006242	3753834	3753834	3766446	theory_fixed
6243	read_006243	mol_006243	3756079	3756079	3771541	theory_fixed
6244	read_006244	mol_006244	3756947	3756947	3775467	theory_fixed
6245	read_006245	mol_006245	3758100	3758100	3775607	theory_fixed
6246	read_006246	mol_006246	3758778	3758778	3779342	theory_fixed
6247	read_006247	mol_006247	3759243	3759243	3778275	theory_fixed
6248	read_006248	mol_006248	3759856	3759856	3775036	theory_fixed
6249	read_006249	mol_006249	3760326	3760326	3774948	theory_fixed
6250	read_006250	mol_006250	3761351	3761351	3779957	theory_fixed
6251	read_006251	mol_006251	3761512	3761512	3775516	theory_fixed
6252	read_006252	mol_006252	3762340	3762340	3780122	theory_fixed
6253	read_006253	mol_006253	3762983	3762983	3785033	theory_fixed
6254	read_006254	mol_006254	3763922	3763922	3791275	theory_fixed
6255	read_006255	mol_006255	3764192	3764192	3783968	theory_fixed
6256	read_006256	mol_006256	3764754	3764754	3791269	theory_fixed
6257	read_006257	mol_006257	3765839	3765839	3787690	theory_fixed
6258	read_006258	mol_006258	3768029	3768029	3788623	theory_fixed
6259	read_006259	mol_006259	3768797	3768797	3783930	theory_fixed
6260	read_006260	mol_006260	3769520	3769520	3785308	theory_fixed
6261	read_006261	mol_006261	3769553	3769553	3797427	theory_fixed
6262	read_006262	mol_006262	3770340	3770340	3780030	theory_fixed
6263	read_006263	mol_006263	3771038	3771038	3784983	theory_fixed
6264	read_006264	mol_006264	3771670	3771670	3793352	theory_fixed
6265	read_006265	mol_006265	3773002	3773002	3786613	theory_fixed
6266	read_006266	mol_006266	3776174	3776174	3794154	theory_fixed
6267	read_006267	mol_006267	3777923	3777923	3799892	theory_fixed
6268	read_006268	mol_006268	3778017	3778017	3804245	theory_fixed
6269	read_006269	mol_006269	3778103	3778103	3798707	theory_fixed
6270	read_006270	mol_006270	3778629	3778629	3792628	theory_fixed
6271	read_006271	mol_006271	3778929	3778929	3797464	theory_fixed
6272	read_006272	mol_006272	3779193	3779193	3794677	theory_fixed
6273	read_006273	mol_006273	3779457	3779457	3797127	theory_fixed
6274	read_006274	mol_006274	3779783	3779783	3796080	theory_fixed
6275	read_006275	mol_006275	3781282	3781282	3797924	theory_fixed
6276	read_006276	mol_006276	3781995	3781995	3801517	theory_fixed
6277	read_006277	mol_006277	3783092	3783092	3799218	theory_fixed
6278	read_006278	mol_006278	3783480	3783480	3798235	theory_fixed
6279	read_006279	mol_006279	3783491	3783491	3803963	theory_fixed
6280	read_006280	mol_006280	3784440	3784440	3799714	theory_fixed
6281	read_006281	mol_006281	3785118	3785118	3805935	theory_fixed
6282	read_006282	mol_006282	3785623	3785623	3803199	theory_fixed
6283	read_006283	mol_006283	3786052	3786052	3801464	theory_fixed
6284	read_006284	mol_006284	3786158	3786158	3813003	theory_fixed
6285	read_006285	mol_006285	3786688	3786688	3804265	theory_fixed
6286	read_006286	mol_006286	3786750	3786750	3806779	theory_fixed
6287	read_006287	mol_006287	3786907	3786907	3800833	theory_fixed
6288	read_006288	mol_006288	3787137	3787137	3806439	theory_fixed
6289	read_006289	mol_006289	3788666	3788666	3803186	theory_fixed
6290	read_006290	mol_006290	3791309	3791309	3805076	theory_fixed
6291	read_006291	mol_006291	3791737	3791737	3817030	theory_fixed
6292	read_006292	mol_006292	3793078	3793078	3814846	theory_fixed
6293	read_006293	mol_006293	3793154	3793154	3807083	theory_fixed
6294	read_006294	mol_006294	3794106	3794106	3811297	theory_fixed
6295	read_006295	mol_006295	3794116	3794116	3819949	theory_fixed
6296	read_006296	mol_006296	3794339	3794339	3813190	theory_fixed
6297	read_006297	mol_006297	3794480	3794480	3810733	theory_fixed
6298	read_006298	mol_006298	3794847	3794847	3811622	theory_fixed
6299	read_006299	mol_006299	3795093	3795093	3809267	theory_fixed
6300	read_006300	mol_006300	3795420	3795420	3812221	theory_fixed
6301	read_006301	mol_006301	3796288	3796288	3810097	theory_fixed
6302	read_006302	mol_006302	3796619	3796619	3811855	theory_fixed
6303	read_006303	mol_006303	3797608	3797608	3815194	theory_fixed
6304	read_006304	mol_006304	3797795	3797795	3813502	theory_fixed
6305	read_006305	mol_006305	3797947	3797947	3810447	theory_fixed
6306	read_006306	mol_006306	3798188	3798188	3810727	theory_fixed
6307	read_006307	mol_006307	3799032	3799032	3814897	theory_fixed
6308	read_006308	mol_006308	3800066	3800066	3815702	theory_fixed
6309	read_006309	mol_006309	3800695	3800695	3822618	theory_fixed
6310	read_006310	mol_006310	3800985	3800985	3822792	theory_fixed
6311	read_006311	mol_006311	3802214	3802214	3817049	theory_fixed
6312	read_006312	mol_006312	3802402	3802402	3820599	theory_fixed
6313	read_006313	mol_006313	3803740	3803740	3819016	theory_fixed
6314	read_006314	mol_006314	3805011	3805011	3821126	theory_fixed
6315	read_006315	mol_006315	3806134	3806134	3826397	theory_fixed
6316	read_006316	mol_006316	3806544	3806544	3824326	theory_fixed
6317	read_006317	mol_006317	3807818	3807818	3825388	theory_fixed
6318	read_006318	mol_006318	3807821	3807821	3835190	theory_fixed
6319	read_006319	mol_006319	3808395	3808395	3827630	theory_fixed
6320	read_006320	mol_006320	3808929	3808929	3825760	theory_fixed
6321	read_006321	mol_006321	3809019	3809019	3827640	theory_fixed
6322	read_006322	mol_006322	3809303	3809303	3822398	theory_fixed
6323	read_006323	mol_006323	3811001	3811001	3830826	theory_fixed
6324	read_006324	mol_006324	3811219	3811219	3832496	theory_fixed
6325	read_006325	mol_006325	3811252	3811252	3831006	theory_fixed
6326	read_006326	mol_006326	3811254	3811254	3830196	theory_fixed
6327	read_006327	mol_006327	3811592	3811592	3826190	theory_fixed
6328	read_006328	mol_006328	3812781	3812781	3829434	theory_fixed
6329	read_006329	mol_006329	3812923	3812923	3828871	theory_fixed
6330	read_006330	mol_006330	3813602	3813602	3828418	theory_fixed
6331	read_006331	mol_006331	3814020	3814020	3825847	theory_fixed
6332	read_006332	mol_006332	3815297	3815297	3833710	theory_fixed
6333	read_006333	mol_006333	3816632	3816632	3834416	theory_fixed
6334	read_006334	mol_006334	3816946	3816946	3828306	theory_fixed
6335	read_006335	mol_006335	3817136	3817136	3836037	theory_fixed
6336	read_006336	mol_006336	3817897	3817897	3832898	theory_fixed
6337	read_006337	mol_006337	3818859	3818859	3838216	theory_fixed
6338	read_006338	mol_006338	3819376	3819376	3836071	theory_fixed
6339	read_006339	mol_006339	3819414	3819414	3838838	theory_fixed
6340	read_006340	mol_006340	3819606	3819606	3834257	theory_fixed
6341	read_006341	mol_006341	3820051	3820051	3838953	theory_fixed
6342	read_006342	mol_006342	3820862	3820862	3838342	theory_fixed
6343	read_006343	mol_006343	3821017	3821017	3836067	theory_fixed
6344	read_006344	mol_006344	3821106	3821106	3838626	theory_fixed
6345	read_006345	mol_006345	3821880	3821880	3839124	theory_fixed
6346	read_006346	mol_006346	3821953	3821953	3836273	theory_fixed
6347	read_006347	mol_006347	3822110	3822110	3833801	theory_fixed
6348	read_006348	mol_006348	3823443	3823443	3843489	theory_fixed
6349	read_006349	mol_006349	3823479	3823479	3837141	theory_fixed
6350	read_006350	mol_006350	3823519	3823519	3843325	theory_fixed
6351	read_006351	mol_006351	3823794	3823794	3843682	theory_fixed
6352	read_006352	mol_006352	3824544	3824544	3841767	theory_fixed
6353	read_006353	mol_006353	3826520	3826520	3843846	theory_fixed
6354	read_006354	mol_006354	3826646	3826646	3842339	theory_fixed
6355	read_006355	mol_006355	3826867	3826867	3842560	theory_fixed
6356	read_006356	mol_006356	3827211	3827211	3843707	theory_fixed
6357	read_006357	mol_006357	3828820	3828820	3846755	theory_fixed
6358	read_006358	mol_006358	3829220	3829220	3843528	theory_fixed
6359	read_006359	mol_006359	3829500	3829500	3853213	theory_fixed
6360	read_006360	mol_006360	3829537	3829537	3846708	theory_fixed
6361	read_006361	mol_006361	3829790	3829790	3843473	theory_fixed
6362	read_006362	mol_006362	3830074	3830074	3847263	theory_fixed
6363	read_006363	mol_006363	3830149	3830149	3846388	theory_fixed
6364	read_006364	mol_006364	3831034	3831034	3847555	theory_fixed
6365	read_006365	mol_006365	3831580	3831580	3845191	theory_fixed
6366	read_006366	mol_006366	3831865	3831865	3848606	theory_fixed
6367	read_006367	mol_006367	3832175	3832175	3859815	theory_fixed
6368	read_006368	mol_006368	3832515	3832515	3846359	theory_fixed
6369	read_006369	mol_006369	3832603	3832603	3849843	theory_fixed
6370	read_006370	mol_006370	3833395	3833395	3860361	theory_fixed
6371	read_006371	mol_006371	3833745	3833745	3851965	theory_fixed
6372	read_006372	mol_006372	3834335	3834335	3845778	theory_fixed
6373	read_006373	mol_006373	3834473	3834473	3848515	theory_fixed
6374	read_006374	mol_006374	3834854	3834854	3851385	theory_fixed
6375	read_006375	mol_006375	3835185	3835185	3855976	theory_fixed
6376	read_006376	mol_006376	3835405	3835405	3855195	theory_fixed
6377	read_006377	mol_006377	3835737	3835737	3857616	theory_fixed
6378	read_006378	mol_006378	3835830	3835830	3857867	theory_fixed
6379	read_006379	mol_006379	3835886	3835886	3859119	theory_fixed
6380	read_006380	mol_006380	3836118	3836118	3855082	theory_fixed
6381	read_006381	mol_006381	3836496	3836496	3851316	theory_fixed
6382	read_006382	mol_006382	3837088	3837088	3857017	theory_fixed
6383	read_006383	mol_006383	3837757	3837757	3852777	theory_fixed
6384	read_006384	mol_006384	3837938	3837938	3867236	theory_fixed
6385	read_006385	mol_006385	3838263	3838263	3856792	theory_fixed
6386	read_006386	mol_006386	3838650	3838650	3857896	theory_fixed
6387	read_006387	mol_006387	3838875	3838875	3861539	theory_fixed
6388	read_006388	mol_006388	3839778	3839778	3856303	theory_fixed
6389	read_006389	mol_006389	3839878	3839878	3858721	theory_fixed
6390	read_006390	mol_006390	3839983	3839983	3859878	theory_fixed
6391	read_006391	mol_006391	3840498	3840498	3856702	theory_fixed
6392	read_006392	mol_006392	3840803	3840803	3856913	theory_fixed
6393	read_006393	mol_006393	3841656	3841656	3857112	theory_fixed
6394	read_006394	mol_006394	3842963	3842963	3864981	theory_fixed
6395	read_006395	mol_006395	3843151	3843151	3855997	theory_fixed
6396	read_006396	mol_006396	3843793	3843793	3863002	theory_fixed
6397	read_006397	mol_006397	3844658	3844658	3864454	theory_fixed
6398	read_006398	mol_006398	3845665	3845665	3867117	theory_fixed
6399	read_006399	mol_006399	3846423	3846423	3858624	theory_fixed
6400	read_006400	mol_006400	3846698	3846698	3858902	theory_fixed
6401	read_006401	mol_006401	3847289	3847289	3867449	theory_fixed
6402	read_006402	mol_006402	3847414	3847414	3870677	theory_fixed
6403	read_006403	mol_006403	3848485	3848485	3863916	theory_fixed
6404	read_006404	mol_006404	3849218	3849218	3873054	theory_fixed
6405	read_006405	mol_006405	3849613	3849613	3867988	theory_fixed
6406	read_006406	mol_006406	3850033	3850033	3868070	theory_fixed
6407	read_006407	mol_006407	3850389	3850389	3865998	theory_fixed
6408	read_006408	mol_006408	3850413	3850413	3870304	theory_fixed
6409	read_006409	mol_006409	3850559	3850559	3870031	theory_fixed
6410	read_006410	mol_006410	3850776	3850776	3863153	theory_fixed
6411	read_006411	mol_006411	3850983	3850983	3869998	theory_fixed
6412	read_006412	mol_006412	3852099	3852099	3873756	theory_fixed
6413	read_006413	mol_006413	3854174	3854174	3882958	theory_fixed
6414	read_006414	mol_006414	3854323	3854323	3873312	theory_fixed
6415	read_006415	mol_006415	3854603	3854603	3866744	theory_fixed
6416	read_006416	mol_006416	3855383	3855383	3881824	theory_fixed
6417	read_006417	mol_006417	3855687	3855687	3872382	theory_fixed
6418	read_006418	mol_006418	3855830	3855830	3868602	theory_fixed
6419	read_006419	mol_006419	3856247	3856247	3871912	theory_fixed
6420	read_006420	mol_006420	3856771	3856771	3877657	theory_fixed
6421	read_006421	mol_006421	3858146	3858146	3875280	theory_fixed
6422	read_006422	mol_006422	3858903	3858903	3877898	theory_fixed
6423	read_006423	mol_006423	3859640	3859640	3879417	theory_fixed
6424	read_006424	mol_006424	3859690	3859690	3872073	theory_fixed
6425	read_006425	mol_006425	3859961	3859961	3878270	theory_fixed
6426	read_006426	mol_006426	3860031	3860031	3869321	theory_fixed
6427	read_006427	mol_006427	3860078	3860078	3884428	theory_fixed
6428	read_006428	mol_006428	3861426	3861426	3875878	theory_fixed
6429	read_006429	mol_006429	3863060	3863060	3880059	theory_fixed
6430	read_006430	mol_006430	3863281	3863281	3878652	theory_fixed
6431	read_006431	mol_006431	3863935	3863935	3886125	theory_fixed
6432	read_006432	mol_006432	3864065	3864065	3891210	theory_fixed
6433	read_006433	mol_006433	3865346	3865346	3884396	theory_fixed
6434	read_006434	mol_006434	3865942	3865942	3882012	theory_fixed
6435	read_006435	mol_006435	3866585	3866585	3883423	theory_fixed
6436	read_006436	mol_006436	3868216	3868216	3888448	theory_fixed
6437	read_006437	mol_006437	3868429	3868429	3890230	theory_fixed
6438	read_006438	mol_006438	3870359	3870359	3890402	theory_fixed
6439	read_006439	mol_006439	3870390	3870390	3885910	theory_fixed
6440	read_006440	mol_006440	3871272	3871272	3886751	theory_fixed
6441	read_006441	mol_006441	3871751	3871751	3900164	theory_fixed
6442	read_006442	mol_006442	3872453	3872453	3885565	theory_fixed
6443	read_006443	mol_006443	3872471	3872471	3885193	theory_fixed
6444	read_006444	mol_006444	3872733	3872733	3888629	theory_fixed
6445	read_006445	mol_006445	3872864	3872864	3887938	theory_fixed
6446	read_006446	mol_006446	3873305	3873305	3892158	theory_fixed
6447	read_006447	mol_006447	3873622	3873622	3893021	theory_fixed
6448	read_006448	mol_006448	3873692	3873692	3890609	theory_fixed
6449	read_006449	mol_006449	3875335	3875335	3887712	theory_fixed
6450	read_006450	mol_006450	3875447	3875447	3894263	theory_fixed
6451	read_006451	mol_006451	3875630	3875630	3901789	theory_fixed
6452	read_006452	mol_006452	3876912	3876912	3897472	theory_fixed
6453	read_006453	mol_006453	3877231	3877231	3892008	theory_fixed
6454	read_006454	mol_006454	3877513	3877513	3900058	theory_fixed
6455	read_006455	mol_006455	3878526	3878526	3894868	theory_fixed
6456	read_006456	mol_006456	3879034	3879034	3892906	theory_fixed
6457	read_006457	mol_006457	3879902	3879902	3893300	theory_fixed
6458	read_006458	mol_006458	3880402	3880402	3896248	theory_fixed
6459	read_006459	mol_006459	3880629	3880629	3895507	theory_fixed
6460	read_006460	mol_006460	3882591	3882591	3908002	theory_fixed
6461	read_006461	mol_006461	3882637	3882637	3906427	theory_fixed
6462	read_006462	mol_006462	3884009	3884009	3896991	theory_fixed
6463	read_006463	mol_006463	3884666	3884666	3899386	theory_fixed
6464	read_006464	mol_006464	3885258	3885258	3900214	theory_fixed
6465	read_006465	mol_006465	3885370	3885370	3908638	theory_fixed
6466	read_006466	mol_006466	3885856	3885856	3903828	theory_fixed
6467	read_006467	mol_006467	3885953	3885953	3906916	theory_fixed
6468	read_006468	mol_006468	3886147	3886147	3900629	theory_fixed
6469	read_006469	mol_006469	3886154	3886154	3911285	theory_fixed
6470	read_006470	mol_006470	3887094	3887094	3906197	theory_fixed
6471	read_006471	mol_006471	3887709	3887709	3900512	theory_fixed
6472	read_006472	mol_006472	3888438	3888438	3907899	theory_fixed
6473	read_006473	mol_006473	3888649	3888649	3904217	theory_fixed
6474	read_006474	mol_006474	3889300	3889300	3913179	theory_fixed
6475	read_006475	mol_006475	3889664	3889664	3902923	theory_fixed
6476	read_006476	mol_006476	3889710	3889710	3914007	theory_fixed
6477	read_006477	mol_006477	3889742	3889742	3906522	theory_fixed
6478	read_006478	mol_006478	3890816	3890816	3911151	theory_fixed
6479	read_006479	mol_006479	3891104	3891104	3905408	theory_fixed
6480	read_006480	mol_006480	3891972	3891972	3915164	theory_fixed
6481	read_006481	mol_006481	3892736	3892736	3911860	theory_fixed
6482	read_006482	mol_006482	3892855	3892855	3904534	theory_fixed
6483	read_006483	mol_006483	3892963	3892963	3903251	theory_fixed
6484	read_006484	mol_006484	3893102	3893102	3910941	theory_fixed
6485	read_006485	mol_006485	3894475	3894475	3910856	theory_fixed
6486	read_006486	mol_006486	3895546	3895546	3912860	theory_fixed
6487	read_006487	mol_006487	3896161	3896161	3909581	theory_fixed
6488	read_006488	mol_006488	3896392	3896392	3919724	theory_fixed
6489	read_006489	mol_006489	3896847	3896847	3913251	theory_fixed
6490	read_006490	mol_006490	3896952	3896952	3916985	theory_fixed
6491	read_006491	mol_006491	3897272	3897272	3919749	theory_fixed
6492	read_006492	mol_006492	3898560	3898560	3917654	theory_fixed
6493	read_006493	mol_006493	3898660	3898660	3917118	theory_fixed
6494	read_006494	mol_006494	3899157	3899157	3912658	theory_fixed
6495	read_006495	mol_006495	3899447	3899447	3921045	theory_fixed
6496	read_006496	mol_006496	3900073	3900073	3919818	theory_fixed
6497	read_006497	mol_006497	3900215	3900215	3912112	theory_fixed
6498	read_006498	mol_006498	3901359	3901359	3925455	theory_fixed
6499	read_006499	mol_006499	3902404	3902404	3914014	theory_fixed
6500	read_006500	mol_006500	3902648	3902648	3917569	theory_fixed
6501	read_006501	mol_006501	3902833	3902833	3930420	theory_fixed
6502	read_006502	mol_006502	3903703	3903703	3920735	theory_fixed
6503	read_006503	mol_006503	3903764	3903764	3920692	theory_fixed
6504	read_006504	mol_006504	3904758	3904758	3918765	theory_fixed
6505	read_006505	mol_006505	3905291	3905291	3930217	theory_fixed
6506	read_006506	mol_006506	3905371	3905371	3920358	theory_fixed
6507	read_006507	mol_006507	3905565	3905565	3923800	theory_fixed
6508	read_006508	mol_006508	3905973	3905973	3921380	theory_fixed
6509	read_006509	mol_006509	3906926	3906926	3937757	theory_fixed
6510	read_006510	mol_006510	3907029	3907029	3925424	theory_fixed
6511	read_006511	mol_006511	3907075	3907075	3923666	theory_fixed
6512	read_006512	mol_006512	3908193	3908193	3925742	theory_fixed
6513	read_006513	mol_006513	3909165	3909165	3937408	theory_fixed
6514	read_006514	mol_006514	3909445	3909445	3925167	theory_fixed
6515	read_006515	mol_006515	3909661	3909661	3926455	theory_fixed
6516	read_006516	mol_006516	3910482	3910482	3932429	theory_fixed
6517	read_006517	mol_006517	3911401	3911401	3922226	theory_fixed
6518	read_006518	mol_006518	3911625	3911625	3932550	theory_fixed
6519	read_006519	mol_006519	3911663	3911663	3922318	theory_fixed
6520	read_006520	mol_006520	3912013	3912013	3931960	theory_fixed
6521	read_006521	mol_006521	3913350	3913350	3931800	theory_fixed
6522	read_006522	mol_006522	3913666	3913666	3931350	theory_fixed
6523	read_006523	mol_006523	3914027	3914027	3929472	theory_fixed
6524	read_006524	mol_006524	3914113	3914113	3927086	theory_fixed
6525	read_006525	mol_006525	3915353	3915353	3929455	theory_fixed
6526	read_006526	mol_006526	3915908	3915908	3933452	theory_fixed
6527	read_006527	mol_006527	3915924	3915924	3927877	theory_fixed
6528	read_006528	mol_006528	3917245	3917245	3935617	theory_fixed
6529	read_006529	mol_006529	3917553	3917553	3931068	theory_fixed
6530	read_006530	mol_006530	3918390	3918390	3930555	theory_fixed
6531	read_006531	mol_006531	3918666	3918666	3945992	theory_fixed
6532	read_006532	mol_006532	3919642	3919642	3935478	theory_fixed
6533	read_006533	mol_006533	3920321	3920321	3943031	theory_fixed
6534	read_006534	mol_006534	3920422	3920422	3932911	theory_fixed
6535	read_006535	mol_006535	3921280	3921280	3939073	theory_fixed
6536	read_006536	mol_006536	3925345	3925345	3937154	theory_fixed
6537	read_006537	mol_006537	3925528	3925528	3953991	theory_fixed
6538	read_006538	mol_006538	3926400	3926400	3945117	theory_fixed
6539	read_006539	mol_006539	3927255	3927255	3939915	theory_fixed
6540	read_006540	mol_006540	3927613	3927613	3942065	theory_fixed
6541	read_006541	mol_006541	3927776	3927776	3946540	theory_fixed
6542	read_006542	mol_006542	3929574	3929574	3941467	theory_fixed
6543	read_006543	mol_006543	3929631	3929631	3955461	theory_fixed
6544	read_006544	mol_006544	3929924	3929924	3948042	theory_fixed
6545	read_006545	mol_006545	3929999	3929999	3943585	theory_fixed
6546	read_006546	mol_006546	3930615	3930615	3955410	theory_fixed
6547	read_006547	mol_006547	3930963	3930963	3950104	theory_fixed
6548	read_006548	mol_006548	3931607	3931607	3944944	theory_fixed
6549	read_006549	mol_006549	3931622	3931622	3952105	theory_fixed
6550	read_006550	mol_006550	3932272	3932272	3950196	theory_fixed
6551	read_006551	mol_006551	3932731	3932731	3947707	theory_fixed
6552	read_006552	mol_006552	3933118	3933118	3949977	theory_fixed
6553	read_006553	mol_006553	3933368	3933368	3956078	theory_fixed
6554	read_006554	mol_006554	3933942	3933942	3953221	theory_fixed
6555	read_006555	mol_006555	3934321	3934321	3953318	theory_fixed
6556	read_006556	mol_006556	3935400	3935400	3958092	theory_fixed
6557	read_006557	mol_006557	3936087	3936087	3953971	theory_fixed
6558	read_006558	mol_006558	3936170	3936170	3953123	theory_fixed
6559	read_006559	mol_006559	3937519	3937519	3954353	theory_fixed
6560	read_006560	mol_006560	3938286	3938286	3962293	theory_fixed
6561	read_006561	mol_006561	3939733	3939733	3959208	theory_fixed
6562	read_006562	mol_006562	3940237	3940237	3957266	theory_fixed
6563	read_006563	mol_006563	3941007	3941007	3966340	theory_fixed
6564	read_006564	mol_006564	3942703	3942703	3966479	theory_fixed
6565	read_006565	mol_006565	3943010	3943010	3963505	theory_fixed
6566	read_006566	mol_006566	3943153	3943153	3958882	theory_fixed
6567	read_006567	mol_006567	3943494	3943494	3957430	theory_fixed
6568	read_006568	mol_006568	3944582	3944582	3965531	theory_fixed
6569	read_006569	mol_006569	3944600	3944600	3957457	theory_fixed
6570	read_006570	mol_006570	3945501	3945501	3969131	theory_fixed
6571	read_006571	mol_006571	3946999	3946999	3969545	theory_fixed
6572	read_006572	mol_006572	3947252	3947252	3965638	theory_fixed
6573	read_006573	mol_006573	3947307	3947307	3971324	theory_fixed
6574	read_006574	mol_006574	3949405	3949405	3968974	theory_fixed
6575	read_006575	mol_006575	3949480	3949480	3971833	theory_fixed
6576	read_006576	mol_006576	3950089	3950089	3966447	theory_fixed
6577	read_006577	mol_006577	3950275	3950275	3969682	theory_fixed
6578	read_006578	mol_006578	3950627	3950627	3969219	theory_fixed
6579	read_006579	mol_006579	3950759	3950759	3964681	theory_fixed
6580	read_006580	mol_006580	3951258	3951258	3969778	theory_fixed
6581	read_006581	mol_006581	3951416	3951416	3970182	theory_fixed
6582	read_006582	mol_006582	3952200	3952200	3972728	theory_fixed
6583	read_006583	mol_006583	3953034	3953034	3965585	theory_fixed
6584	read_006584	mol_006584	3954053	3954053	3968102	theory_fixed
6585	read_006585	mol_006585	3954124	3954124	3970916	theory_fixed
6586	read_006586	mol_006586	3957898	3957898	3971901	theory_fixed
6587	read_006587	mol_006587	3958205	3958205	3990441	theory_fixed
6588	read_006588	mol_006588	3959564	3959564	3977728	theory_fixed
6589	read_006589	mol_006589	3959740	3959740	3976145	theory_fixed
6590	read_006590	mol_006590	3959914	3959914	3980498	theory_fixed
6591	read_006591	mol_006591	3960152	3960152	3984730	theory_fixed
6592	read_006592	mol_006592	3960637	3960637	3981948	theory_fixed
6593	read_006593	mol_006593	3961486	3961486	3978319	theory_fixed
6594	read_006594	mol_006594	3961789	3961789	3974871	theory_fixed
6595	read_006595	mol_006595	3961995	3961995	3979885	theory_fixed
6596	read_006596	mol_006596	3962165	3962165	3983887	theory_fixed
6597	read_006597	mol_006597	3962258	3962258	3979635	theory_fixed
6598	read_006598	mol_006598	3962300	3962300	3980504	theory_fixed
6599	read_006599	mol_006599	3962705	3962705	3978054	theory_fixed
6600	read_006600	mol_006600	3963202	3963202	3986283	theory_fixed
6601	read_006601	mol_006601	3963883	3963883	3982323	theory_fixed
6602	read_006602	mol_006602	3964498	3964498	3981323	theory_fixed
6603	read_006603	mol_006603	3965173	3965173	3980205	theory_fixed
6604	read_006604	mol_006604	3965206	3965206	3985046	theory_fixed
6605	read_006605	mol_006605	3965995	3965995	3990641	theory_fixed
6606	read_006606	mol_006606	3966064	3966064	3983953	theory_fixed
6607	read_006607	mol_006607	3966393	3966393	3978572	theory_fixed
6608	read_006608	mol_006608	3966555	3966555	3987582	theory_fixed
6609	read_006609	mol_006609	3967086	3967086	3985034	theory_fixed
6610	read_006610	mol_006610	3967165	3967165	3983249	theory_fixed
6611	read_006611	mol_006611	3967212	3967212	3984783	theory_fixed
6612	read_006612	mol_006612	3967690	3967690	3988984	theory_fixed
6613	read_006613	mol_006613	3968618	3968618	3980156	theory_fixed
6614	read_006614	mol_006614	3968955	3968955	3981363	theory_fixed
6615	read_006615	mol_006615	3970772	3970772	3992554	theory_fixed
6616	read_006616	mol_006616	3970891	3970891	3983562	theory_fixed
6617	read_006617	mol_006617	3971367	3971367	3987125	theory_fixed
6618	read_006618	mol_006618	3971394	3971394	3988877	theory_fixed
6619	read_006619	mol_006619	3973382	3973382	3989988	theory_fixed
6620	read_006620	mol_006620	3973578	3973578	3987507	theory_fixed
6621	read_006621	mol_006621	3974887	3974887	3986590	theory_fixed
6622	read_006622	mol_006622	3975538	3975538	3995759	theory_fixed
6623	read_006623	mol_006623	3975682	3975682	3991769	theory_fixed
6624	read_006624	mol_006624	3976350	3976350	3991773	theory_fixed
6625	read_006625	mol_006625	3976796	3976796	3996728	theory_fixed
6626	read_006626	mol_006626	3979597	3979597	3997636	theory_fixed
6627	read_006627	mol_006627	3980377	3980377	3992417	theory_fixed
6628	read_006628	mol_006628	3981402	3981402	3999027	theory_fixed
6629	read_006629	mol_006629	3981881	3981881	3993326	theory_fixed
6630	read_006630	mol_006630	3982587	3982587	3997919	theory_fixed
6631	read_006631	mol_006631	3983316	3983316	3997272	theory_fixed
6632	read_006632	mol_006632	3984081	3984081	4000989	theory_fixed
6633	read_006633	mol_006633	3984378	3984378	4004426	theory_fixed
6634	read_006634	mol_006634	3985004	3985004	4004573	theory_fixed
6635	read_006635	mol_006635	3987854	3987854	4006887	theory_fixed
6636	read_006636	mol_006636	3987892	3987892	4008992	theory_fixed
6637	read_006637	mol_006637	3988066	3988066	4005018	theory_fixed
6638	read_006638	mol_006638	3989795	3989795	4006886	theory_fixed
6639	read_006639	mol_006639	3990915	3990915	4006784	theory_fixed
6640	read_006640	mol_006640	3991400	3991400	4016318	theory_fixed
6641	read_006641	mol_006641	3992531	3992531	4010087	theory_fixed
6642	read_006642	mol_006642	3993136	3993136	4006754	theory_fixed
6643	read_006643	mol_006643	3993485	3993485	4018076	theory_fixed
6644	read_006644	mol_006644	3993755	3993755	4011112	theory_fixed
6645	read_006645	mol_006645	3994461	3994461	4014962	theory_fixed
6646	read_006646	mol_006646	3994575	3994575	4017052	theory_fixed
6647	read_006647	mol_006647	3995155	3995155	4010274	theory_fixed
6648	read_006648	mol_006648	3997695	3997695	4016505	theory_fixed
6649	read_006649	mol_006649	3997854	3997854	4011620	theory_fixed
6650	read_006650	mol_006650	3998894	3998894	4016041	theory_fixed
6651	read_006651	mol_006651	3999018	3999018	4014823	theory_fixed
6652	read_006652	mol_006652	3999208	3999208	4016277	theory_fixed
6653	read_006653	mol_006653	3999304	3999304	4018098	theory_fixed
6654	read_006654	mol_006654	3999335	3999335	4021276	theory_fixed
6655	read_006655	mol_006655	3999999	3999999	4020272	theory_fixed
6656	read_006656	mol_006656	4001354	4001354	4028807	theory_fixed
6657	read_006657	mol_006657	4001524	4001524	4015554	theory_fixed
6658	read_006658	mol_006658	4001865	4001865	4025791	theory_fixed
6659	read_006659	mol_006659	4004294	4004294	4022386	theory_fixed
6660	read_006660	mol_006660	4005233	4005233	4020768	theory_fixed
6661	read_006661	mol_006661	4005502	4005502	4026236	theory_fixed
6662	read_006662	mol_006662	4005697	4005697	4025192	theory_fixed
6663	read_006663	mol_006663	4006346	4006346	4027060	theory_fixed
6664	read_006664	mol_006664	4007020	4007020	4023256	theory_fixed
6665	read_006665	mol_006665	4007381	4007381	4016187	theory_fixed
6666	read_006666	mol_006666	4007890	4007890	4027477	theory_fixed
6667	read_006667	mol_006667	4008342	4008342	4025301	theory_fixed
6668	read_006668	mol_006668	4009791	4009791	4024078	theory_fixed
6669	read_006669	mol_006669	4009994	4009994	4029423	theory_fixed
6670	read_006670	mol_006670	4010057	4010057	4026050	theory_fixed
6671	read_006671	mol_006671	4010114	4010114	4028883	theory_fixed
6672	read_006672	mol_006672	4010307	4010307	4022808	theory_fixed
6673	read_006673	mol_006673	4010382	4010382	4023438	theory_fixed
6674	read_006674	mol_006674	4010769	4010769	4025199	theory_fixed
6675	read_006675	mol_006675	4011986	4011986	4031788	theory_fixed
6676	read_006676	mol_006676	4012887	4012887	4027860	theory_fixed
6677	read_006677	mol_006677	4013670	4013670	4028225	theory_fixed
6678	read_006678	mol_006678	4015102	4015102	4035487	theory_fixed
6679	read_006679	mol_006679	4015612	4015612	4039368	theory_fixed
6680	read_006680	mol_006680	4015969	4015969	4028541	theory_fixed
6681	read_006681	mol_006681	4016687	4016687	4035301	theory_fixed
6682	read_006682	mol_006682	4016712	4016712	4037868	theory_fixed
6683	read_006683	mol_006683	4017781	4017781	4034294	theory_fixed
6684	read_006684	mol_006684	4017968	4017968	4042593	theory_fixed
6685	read_006685	mol_006685	4018822	4018822	4036854	theory_fixed
6686	read_006686	mol_006686	4019651	4019651	4035511	theory_fixed
6687	read_006687	mol_006687	4020385	4020385	4047718	theory_fixed
6688	read_006688	mol_006688	4020682	4020682	4036084	theory_fixed
6689	read_006689	mol_006689	4020981	4020981	4037558	theory_fixed
6690	read_006690	mol_006690	4022067	4022067	4047645	theory_fixed
6691	read_006691	mol_006691	4023260	4023260	4038091	theory_fixed
6692	read_006692	mol_006692	4023621	4023621	4047582	theory_fixed
6693	read_006693	mol_006693	4023834	4023834	4042643	theory_fixed
6694	read_006694	mol_006694	4024367	4024367	4042317	theory_fixed
6695	read_006695	mol_006695	4024374	4024374	4043210	theory_fixed
6696	read_006696	mol_006696	4024566	4024566	4047356	theory_fixed
6697	read_006697	mol_006697	4024754	4024754	4044490	theory_fixed
6698	read_006698	mol_006698	4025404	4025404	4038061	theory_fixed
6699	read_006699	mol_006699	4026665	4026665	4046062	theory_fixed
6700	read_006700	mol_006700	4027454	4027454	4046630	theory_fixed
6701	read_006701	mol_006701	4027629	4027629	4041530	theory_fixed
6702	read_006702	mol_006702	4027684	4027684	4047660	theory_fixed
6703	read_006703	mol_006703	4028806	4028806	4047703	theory_fixed
6704	read_006704	mol_006704	4029138	4029138	4045345	theory_fixed
6705	read_006705	mol_006705	4029181	4029181	4047133	theory_fixed
6706	read_006706	mol_006706	4029316	4029316	4043701	theory_fixed
6707	read_006707	mol_006707	4029621	4029621	4051520	theory_fixed
6708	read_006708	mol_006708	4029983	4029983	4045547	theory_fixed
6709	read_006709	mol_006709	4030608	4030608	4049685	theory_fixed
6710	read_006710	mol_006710	4031495	4031495	4045000	theory_fixed
6711	read_006711	mol_006711	4031783	4031783	4046503	theory_fixed
6712	read_006712	mol_006712	4032864	4032864	4044137	theory_fixed
6713	read_006713	mol_006713	4032974	4032974	4046596	theory_fixed
6714	read_006714	mol_006714	4033268	4033268	4053584	theory_fixed
6715	read_006715	mol_006715	4033881	4033881	4049866	theory_fixed
6716	read_006716	mol_006716	4034617	4034617	4055479	theory_fixed
6717	read_006717	mol_006717	4035012	4035012	4047923	theory_fixed
6718	read_006718	mol_006718	4035067	4035067	4056002	theory_fixed
6719	read_006719	mol_006719	4035643	4035643	4059557	theory_fixed
6720	read_006720	mol_006720	4035815	4035815	4048058	theory_fixed
6721	read_006721	mol_006721	4036797	4036797	4054128	theory_fixed
6722	read_006722	mol_006722	4037052	4037052	4050273	theory_fixed
6723	read_006723	mol_006723	4038206	4038206	4061419	theory_fixed
6724	read_006724	mol_006724	4039183	4039183	4054265	theory_fixed
6725	read_006725	mol_006725	4039556	4039556	4061133	theory_fixed
6726	read_006726	mol_006726	4039743	4039743	4058151	theory_fixed
6727	read_006727	mol_006727	4039982	4039982	4057045	theory_fixed
6728	read_006728	mol_006728	4040535	4040535	4062007	theory_fixed
6729	read_006729	mol_006729	4040743	4040743	4059390	theory_fixed
6730	read_006730	mol_006730	4041056	4041056	4055449	theory_fixed
6731	read_006731	mol_006731	4042657	4042657	4063296	theory_fixed
6732	read_006732	mol_006732	4042675	4042675	4064382	theory_fixed
6733	read_006733	mol_006733	4042783	4042783	4058091	theory_fixed
6734	read_006734	mol_006734	4043129	4043129	4062282	theory_fixed
6735	read_006735	mol_006735	4043833	4043833	4054472	theory_fixed
6736	read_006736	mol_006736	4044469	4044469	4064975	theory_fixed
6737	read_006737	mol_006737	4045082	4045082	4067824	theory_fixed
6738	read_006738	mol_006738	4045461	4045461	4061814	theory_fixed
6739	read_006739	mol_006739	4045932	4045932	4065421	theory_fixed
6740	read_006740	mol_006740	4045991	4045991	4064474	theory_fixed
6741	read_006741	mol_006741	4046659	4046659	4061652	theory_fixed
6742	read_006742	mol_006742	4046699	4046699	4064639	theory_fixed
6743	read_006743	mol_006743	4047526	4047526	4070420	theory_fixed
6744	read_006744	mol_006744	4047862	4047862	4067511	theory_fixed
6745	read_006745	mol_006745	4047940	4047940	4060879	theory_fixed
6746	read_006746	mol_006746	4048193	4048193	4069692	theory_fixed
6747	read_006747	mol_006747	4048800	4048800	4061948	theory_fixed
6748	read_006748	mol_006748	4049424	4049424	4070966	theory_fixed
6749	read_006749	mol_006749	4049471	4049471	4065841	theory_fixed
6750	read_006750	mol_006750	4049479	4049479	4068149	theory_fixed
6751	read_006751	mol_006751	4050754	4050754	4069771	theory_fixed
6752	read_006752	mol_006752	4050956	4050956	4068327	theory_fixed
6753	read_006753	mol_006753	4051374	4051374	4062818	theory_fixed
6754	read_006754	mol_006754	4052176	4052176	4069407	theory_fixed
6755	read_006755	mol_006755	4052594	4052594	4071030	theory_fixed
6756	read_006756	mol_006756	4053289	4053289	4070450	theory_fixed
6757	read_006757	mol_006757	4053679	4053679	4074454	theory_fixed
6758	read_006758	mol_006758	4054565	4054565	4072208	theory_fixed
6759	read_006759	mol_006759	4054835	4054835	4069833	theory_fixed
6760	read_006760	mol_006760	4054935	4054935	4078893	theory_fixed
6761	read_006761	mol_006761	4055884	4055884	4071989	theory_fixed
6762	read_006762	mol_006762	4058468	4058468	4072806	theory_fixed
6763	read_006763	mol_006763	4058592	4058592	4074524	theory_fixed
6764	read_006764	mol_006764	4058919	4058919	4088930	theory_fixed
6765	read_006765	mol_006765	4058961	4058961	4069890	theory_fixed
6766	read_006766	mol_006766	4060898	4060898	4075326	theory_fixed
6767	read_006767	mol_006767	4061292	4061292	4082100	theory_fixed
6768	read_006768	mol_006768	4062143	4062143	4092201	theory_fixed
6769	read_006769	mol_006769	4062191	4062191	4078021	theory_fixed
6770	read_006770	mol_006770	4062226	4062226	4083058	theory_fixed
6771	read_006771	mol_006771	4062439	4062439	4084315	theory_fixed
6772	read_006772	mol_006772	4063406	4063406	4083300	theory_fixed
6773	read_006773	mol_006773	4063755	4063755	4076114	theory_fixed
6774	read_006774	mol_006774	4065178	4065178	4085546	theory_fixed
6775	read_006775	mol_006775	4065660	4065660	4086962	theory_fixed
6776	read_006776	mol_006776	4065824	4065824	4077948	theory_fixed
6777	read_006777	mol_006777	4066988	4066988	4076791	theory_fixed
6778	read_006778	mol_006778	4067103	4067103	4081645	theory_fixed
6779	read_006779	mol_006779	4067256	4067256	4084617	theory_fixed
6780	read_006780	mol_006780	4067420	4067420	4084318	theory_fixed
6781	read_006781	mol_006781	4067525	4067525	4081854	theory_fixed
6782	read_006782	mol_006782	4067887	4067887	4080817	theory_fixed
6783	read_006783	mol_006783	4068156	4068156	4090011	theory_fixed
6784	read_006784	mol_006784	4069113	4069113	4078552	theory_fixed
6785	read_006785	mol_006785	4069249	4069249	4089416	theory_fixed
6786	read_006786	mol_006786	4069913	4069913	4088904	theory_fixed
6787	read_006787	mol_006787	4071729	4071729	4088013	theory_fixed
6788	read_006788	mol_006788	4074695	4074695	4091961	theory_fixed
6789	read_006789	mol_006789	4076055	4076055	4093977	theory_fixed
6790	read_006790	mol_006790	4076424	4076424	4089988	theory_fixed
6791	read_006791	mol_006791	4077013	4077013	4089957	theory_fixed
6792	read_006792	mol_006792	4078382	4078382	4102681	theory_fixed
6793	read_006793	mol_006793	4078753	4078753	4101259	theory_fixed
6794	read_006794	mol_006794	4081588	4081588	4100773	theory_fixed
6795	read_006795	mol_006795	4081962	4081962	4103188	theory_fixed
6796	read_006796	mol_006796	4083569	4083569	4100760	theory_fixed
6797	read_006797	mol_006797	4083806	4083806	4105098	theory_fixed
6798	read_006798	mol_006798	4085042	4085042	4106958	theory_fixed
6799	read_006799	mol_006799	4085398	4085398	4108764	theory_fixed
6800	read_006800	mol_006800	4085919	4085919	4103682	theory_fixed
6801	read_006801	mol_006801	4086094	4086094	4098784	theory_fixed
6802	read_006802	mol_006802	4086117	4086117	4102288	theory_fixed
6803	read_006803	mol_006803	4086190	4086190	4104232	theory_fixed
6804	read_006804	mol_006804	4086443	4086443	4103672	theory_fixed
6805	read_006805	mol_006805	4086502	4086502	4103306	theory_fixed
6806	read_006806	mol_006806	4089564	4089564	4107896	theory_fixed
6807	read_006807	mol_006807	4090630	4090630	4105998	theory_fixed
6808	read_006808	mol_006808	4091824	4091824	4112078	theory_fixed
6809	read_006809	mol_006809	4092991	4092991	4106339	theory_fixed
6810	read_006810	mol_006810	4094333	4094333	4110003	theory_fixed
6811	read_006811	mol_006811	4094831	4094831	4117658	theory_fixed
6812	read_006812	mol_006812	4096212	4096212	4110363	theory_fixed
6813	read_006813	mol_006813	4096367	4096367	4119029	theory_fixed
6814	read_006814	mol_006814	4096495	4096495	4107116	theory_fixed
6815	read_006815	mol_006815	4097161	4097161	4111401	theory_fixed
6816	read_006816	mol_006816	4097608	4097608	4117328	theory_fixed
6817	read_006817	mol_006817	4097658	4097658	4118610	theory_fixed
6818	read_006818	mol_006818	4097997	4097997	4115360	theory_fixed
6819	read_006819	mol_006819	4099717	4099717	4120219	theory_fixed
6820	read_006820	mol_006820	4100209	4100209	4119749	theory_fixed
6821	read_006821	mol_006821	4101726	4101726	4117045	theory_fixed
6822	read_006822	mol_006822	4102946	4102946	4116984	theory_fixed
6823	read_006823	mol_006823	4103404	4103404	4115309	theory_fixed
6824	read_006824	mol_006824	4103418	4103418	4121310	theory_fixed
6825	read_006825	mol_006825	4104359	4104359	4123496	theory_fixed
6826	read_006826	mol_006826	4104626	4104626	4127879	theory_fixed
6827	read_006827	mol_006827	4104654	4104654	4120203	theory_fixed
6828	read_006828	mol_006828	4105207	4105207	4125402	theory_fixed
6829	read_006829	mol_006829	4105981	4105981	4127282	theory_fixed
6830	read_006830	mol_006830	4106038	4106038	4121147	theory_fixed
6831	read_006831	mol_006831	4106317	4106317	4118600	theory_fixed
6832	read_006832	mol_006832	4107317	4107317	4122981	theory_fixed
6833	read_006833	mol_006833	4107586	4107586	4125200	theory_fixed
6834	read_006834	mol_006834	4107903	4107903	4125870	theory_fixed
6835	read_006835	mol_006835	4108897	4108897	4123350	theory_fixed
6836	read_006836	mol_006836	4109097	4109097	4122656	theory_fixed
6837	read_006837	mol_006837	4109507	4109507	4123420	theory_fixed
6838	read_006838	mol_006838	4110072	4110072	4126312	theory_fixed
6839	read_006839	mol_006839	4110277	4110277	4132982	theory_fixed
6840	read_006840	mol_006840	4112235	4112235	4124005	theory_fixed
6841	read_006841	mol_006841	4112744	4112744	4145906	theory_fixed
6842	read_006842	mol_006842	4114613	4114613	4129509	theory_fixed
6843	read_006843	mol_006843	4115373	4115373	4129711	theory_fixed
6844	read_006844	mol_006844	4115883	4115883	4136175	theory_fixed
6845	read_006845	mol_006845	4116201	4116201	4128951	theory_fixed
6846	read_006846	mol_006846	4116432	4116432	4132710	theory_fixed
6847	read_006847	mol_006847	4118329	4118329	4138779	theory_fixed
6848	read_006848	mol_006848	4118709	4118709	4136053	theory_fixed
6849	read_006849	mol_006849	4119859	4119859	4139204	theory_fixed
6850	read_006850	mol_006850	4121513	4121513	4137783	theory_fixed
6851	read_006851	mol_006851	4123764	4123764	4135853	theory_fixed
6852	read_006852	mol_006852	4124606	4124606	4144052	theory_fixed
6853	read_006853	mol_006853	4125629	4125629	4144208	theory_fixed
6854	read_006854	mol_006854	4125810	4125810	4144095	theory_fixed
6855	read_006855	mol_006855	4126514	4126514	4151460	theory_fixed
6856	read_006856	mol_006856	4127025	4127025	4149133	theory_fixed
6857	read_006857	mol_006857	4127785	4127785	4143099	theory_fixed
6858	read_006858	mol_006858	4128423	4128423	4145940	theory_fixed
6859	read_006859	mol_006859	4129150	4129150	4146446	theory_fixed
6860	read_006860	mol_006860	4129867	4129867	4146970	theory_fixed
6861	read_006861	mol_006861	4132547	4132547	4147867	theory_fixed
6862	read_006862	mol_006862	4132554	4132554	4147451	theory_fixed
6863	read_006863	mol_006863	4132686	4132686	4148169	theory_fixed
6864	read_006864	mol_006864	4132902	4132902	4152557	theory_fixed
6865	read_006865	mol_006865	4133347	4133347	4148618	theory_fixed
6866	read_006866	mol_006866	4134413	4134413	4153630	theory_fixed
6867	read_006867	mol_006867	4134918	4134918	4149187	theory_fixed
6868	read_006868	mol_006868	4136070	4136070	4155618	theory_fixed
6869	read_006869	mol_006869	4136174	4136174	4154587	theory_fixed
6870	read_006870	mol_006870	4136824	4136824	4159959	theory_fixed
6871	read_006871	mol_006871	4137227	4137227	4147488	theory_fixed
6872	read_006872	mol_006872	4139171	4139171	4167720	theory_fixed
6873	read_006873	mol_006873	4140021	4140021	4156651	theory_fixed
6874	read_006874	mol_006874	4140407	4140407	4158494	theory_fixed
6875	read_006875	mol_006875	4140451	4140451	4158320	theory_fixed
6876	read_006876	mol_006876	4141852	4141852	4163402	theory_fixed
6877	read_006877	mol_006877	4141930	4141930	4170636	theory_fixed
6878	read_006878	mol_006878	4142347	4142347	4159842	theory_fixed
6879	read_006879	mol_006879	4143695	4143695	4164562	theory_fixed
6880	read_006880	mol_006880	4143971	4143971	4163018	theory_fixed
6881	read_006881	mol_006881	4144309	4144309	4170989	theory_fixed
6882	read_006882	mol_006882	4144408	4144408	4160288	theory_fixed
6883	read_006883	mol_006883	4144717	4144717	4163279	theory_fixed
6884	read_006884	mol_006884	4145700	4145700	4163833	theory_fixed
6885	read_006885	mol_006885	4146528	4146528	4161394	theory_fixed
6886	read_006886	mol_006886	4147571	4147571	4171819	theory_fixed
6887	read_006887	mol_006887	4147589	4147589	4163515	theory_fixed
6888	read_006888	mol_006888	4148537	4148537	4161243	theory_fixed
6889	read_006889	mol_006889	4148569	4148569	4162192	theory_fixed
6890	read_006890	mol_006890	4148872	4148872	4164487	theory_fixed
6891	read_006891	mol_006891	4149526	4149526	4165546	theory_fixed
6892	read_006892	mol_006892	4149913	4149913	4164617	theory_fixed
6893	read_006893	mol_006893	4152381	4152381	4167862	theory_fixed
6894	read_006894	mol_006894	4152878	4152878	4169464	theory_fixed
6895	read_006895	mol_006895	4153025	4153025	4172104	theory_fixed
6896	read_006896	mol_006896	4153112	4153112	4164200	theory_fixed
6897	read_006897	mol_006897	4153193	4153193	4175154	theory_fixed
6898	read_006898	mol_006898	4153541	4153541	4166396	theory_fixed
6899	read_006899	mol_006899	4153690	4153690	4165128	theory_fixed
6900	read_006900	mol_006900	4156229	4156229	4181454	theory_fixed
6901	read_006901	mol_006901	4156606	4156606	4167450	theory_fixed
6902	read_006902	mol_006902	4156962	4156962	4179730	theory_fixed
6903	read_006903	mol_006903	4157496	4157496	4171982	theory_fixed
6904	read_006904	mol_006904	4158034	4158034	4176602	theory_fixed
6905	read_006905	mol_006905	4159579	4159579	4173796	theory_fixed
6906	read_006906	mol_006906	4159584	4159584	4184307	theory_fixed
6907	read_006907	mol_006907	4160656	4160656	4182064	theory_fixed
6908	read_006908	mol_006908	4161081	4161081	4177975	theory_fixed
6909	read_006909	mol_006909	4161087	4161087	4183699	theory_fixed
6910	read_006910	mol_006910	4161675	4161675	4174646	theory_fixed
6911	read_006911	mol_006911	4162718	4162718	4179357	theory_fixed
6912	read_006912	mol_006912	4162962	4162962	4177721	theory_fixed
6913	read_006913	mol_006913	4163720	4163720	4180135	theory_fixed
6914	read_006914	mol_006914	4163844	4163844	4184015	theory_fixed
6915	read_006915	mol_006915	4164162	4164162	4187111	theory_fixed
6916	read_006916	mol_006916	4164905	4164905	4179411	theory_fixed
6917	read_006917	mol_006917	4166955	4166955	4180908	theory_fixed
6918	read_006918	mol_006918	4167638	4167638	4189463	theory_fixed
6919	read_006919	mol_006919	4168859	4168859	4180831	theory_fixed
6920	read_006920	mol_006920	4169002	4169002	4187557	theory_fixed
6921	read_006921	mol_006921	4169212	4169212	4190567	theory_fixed
6922	read_006922	mol_006922	4169517	4169517	4191050	theory_fixed
6923	read_006923	mol_006923	4169605	4169605	4192012	theory_fixed
6924	read_006924	mol_006924	4169608	4169608	4183750	theory_fixed
6925	read_006925	mol_006925	4170580	4170580	4187921	theory_fixed
6926	read_006926	mol_006926	4170598	4170598	4188519	theory_fixed
6927	read_006927	mol_006927	4170764	4170764	4195904	theory_fixed
6928	read_006928	mol_006928	4171041	4171041	4195340	theory_fixed
6929	read_006929	mol_006929	4171338	4171338	4190711	theory_fixed
6930	read_006930	mol_006930	4171406	4171406	4188832	theory_fixed
6931	read_006931	mol_006931	4171630	4171630	4188375	theory_fixed
6932	read_006932	mol_006932	4171971	4171971	4192782	theory_fixed
6933	read_006933	mol_006933	4172344	4172344	4186690	theory_fixed
6934	read_006934	mol_006934	4172549	4172549	4195546	theory_fixed
6935	read_006935	mol_006935	4172931	4172931	4190733	theory_fixed
6936	read_006936	mol_006936	4173978	4173978	4194920	theory_fixed
6937	read_006937	mol_006937	4174158	4174158	4197169	theory_fixed
6938	read_006938	mol_006938	4174365	4174365	4196616	theory_fixed
6939	read_006939	mol_006939	4174401	4174401	4188528	theory_fixed
6940	read_006940	mol_006940	4174566	4174566	4194853	theory_fixed
6941	read_006941	mol_006941	4174966	4174966	4188045	theory_fixed
6942	read_006942	mol_006942	4175668	4175668	4192690	theory_fixed
6943	read_006943	mol_006943	4175671	4175671	4191826	theory_fixed
6944	read_006944	mol_006944	4176762	4176762	4192242	theory_fixed
6945	read_006945	mol_006945	4176831	4176831	4191032	theory_fixed
6946	read_006946	mol_006946	4177970	4177970	4194227	theory_fixed
6947	read_006947	mol_006947	4178046	4178046	4193471	theory_fixed
6948	read_006948	mol_006948	4178174	4178174	4193056	theory_fixed
6949	read_006949	mol_006949	4178826	4178826	4194911	theory_fixed
6950	read_006950	mol_006950	4179301	4179301	4191288	theory_fixed
6951	read_006951	mol_006951	4179535	4179535	4194743	theory_fixed
6952	read_006952	mol_006952	4180952	4180952	4199003	theory_fixed
6953	read_006953	mol_006953	4181512	4181512	4199173	theory_fixed
6954	read_006954	mol_006954	4183008	4183008	4216674	theory_fixed
6955	read_006955	mol_006955	4183071	4183071	4200910	theory_fixed
6956	read_006956	mol_006956	4183112	4183112	4199280	theory_fixed
6957	read_006957	mol_006957	4183178	4183178	4199083	theory_fixed
6958	read_006958	mol_006958	4183273	4183273	4208221	theory_fixed
6959	read_006959	mol_006959	4183820	4183820	4200709	theory_fixed
6960	read_006960	mol_006960	4183976	4183976	4205397	theory_fixed
6961	read_006961	mol_006961	4184041	4184041	4196982	theory_fixed
6962	read_006962	mol_006962	4184616	4184616	4212773	theory_fixed
6963	read_006963	mol_006963	4185010	4185010	4199541	theory_fixed
6964	read_006964	mol_006964	4185288	4185288	4204414	theory_fixed
6965	read_006965	mol_006965	4185896	4185896	4204054	theory_fixed
6966	read_006966	mol_006966	4186531	4186531	4207791	theory_fixed
6967	read_006967	mol_006967	4186547	4186547	4208243	theory_fixed
6968	read_006968	mol_006968	4186621	4186621	4202617	theory_fixed
6969	read_006969	mol_006969	4186924	4186924	4202608	theory_fixed
6970	read_006970	mol_006970	4187402	4187402	4209847	theory_fixed
6971	read_006971	mol_006971	4187894	4187894	4211929	theory_fixed
6972	read_006972	mol_006972	4187928	4187928	4204936	theory_fixed
6973	read_006973	mol_006973	4188471	4188471	4203589	theory_fixed
6974	read_006974	mol_006974	4189089	4189089	4199371	theory_fixed
6975	read_006975	mol_006975	4189410	4189410	4207648	theory_fixed
6976	read_006976	mol_006976	4190436	4190436	4203219	theory_fixed
6977	read_006977	mol_006977	4190446	4190446	4204617	theory_fixed
6978	read_006978	mol_006978	4191062	4191062	4205807	theory_fixed
6979	read_006979	mol_006979	4191158	4191158	4212153	theory_fixed
6980	read_006980	mol_006980	4191159	4191159	4204471	theory_fixed
6981	read_006981	mol_006981	4191506	4191506	4214507	theory_fixed
6982	read_006982	mol_006982	4192981	4192981	4209614	theory_fixed
6983	read_006983	mol_006983	4193332	4193332	4210131	theory_fixed
6984	read_006984	mol_006984	4193675	4193675	4206707	theory_fixed
6985	read_006985	mol_006985	4193881	4193881	4210124	theory_fixed
6986	read_006986	mol_006986	4194147	4194147	4210847	theory_fixed
6987	read_006987	mol_006987	4194188	4194188	4209963	theory_fixed
6988	read_006988	mol_006988	4194200	4194200	4208982	theory_fixed
6989	read_006989	mol_006989	4195085	4195085	4215279	theory_fixed
6990	read_006990	mol_006990	4195973	4195973	4216532	theory_fixed
6991	read_006991	mol_006991	4196240	4196240	4211127	theory_fixed
6992	read_006992	mol_006992	4196759	4196759	4209012	theory_fixed
6993	read_006993	mol_006993	4197388	4197388	4216457	theory_fixed
6994	read_006994	mol_006994	4198055	4198055	4212021	theory_fixed
6995	read_006995	mol_006995	4199904	4199904	4219833	theory_fixed
6996	read_006996	mol_006996	4203389	4203389	4220604	theory_fixed
6997	read_006997	mol_006997	4203526	4203526	4216605	theory_fixed
6998	read_006998	mol_006998	4203533	4203533	4216289	theory_fixed
6999	read_006999	mol_006999	4204201	4204201	4220319	theory_fixed
7000	read_007000	mol_007000	4204491	4204491	4219466	theory_fixed
7001	read_007001	mol_007001	4204952	4204952	4224375	theory_fixed
7002	read_007002	mol_007002	4205419	4205419	4227945	theory_fixed
7003	read_007003	mol_007003	4205911	4205911	4219975	theory_fixed
7004	read_007004	mol_007004	4206829	4206829	4220788	theory_fixed
7005	read_007005	mol_007005	4207030	4207030	4229168	theory_fixed
7006	read_007006	mol_007006	4207649	4207649	4224970	theory_fixed
7007	read_007007	mol_007007	4207821	4207821	4227052	theory_fixed
7008	read_007008	mol_007008	4208124	4208124	4223186	theory_fixed
7009	read_007009	mol_007009	4208243	4208243	4228696	theory_fixed
7010	read_007010	mol_007010	4211026	4211026	4226279	theory_fixed
7011	read_007011	mol_007011	4212285	4212285	4227786	theory_fixed
7012	read_007012	mol_007012	4213124	4213124	4227720	theory_fixed
7013	read_007013	mol_007013	4213294	4213294	4230309	theory_fixed
7014	read_007014	mol_007014	4213452	4213452	4226931	theory_fixed
7015	read_007015	mol_007015	4213896	4213896	4228853	theory_fixed
7016	read_007016	mol_007016	4214054	4214054	4232672	theory_fixed
7017	read_007017	mol_007017	4214849	4214849	4233856	theory_fixed
7018	read_007018	mol_007018	4214863	4214863	4232196	theory_fixed
7019	read_007019	mol_007019	4215228	4215228	4232563	theory_fixed
7020	read_007020	mol_007020	4215339	4215339	4229630	theory_fixed
7021	read_007021	mol_007021	4215593	4215593	4226836	theory_fixed
7022	read_007022	mol_007022	4216853	4216853	4234378	theory_fixed
7023	read_007023	mol_007023	4217233	4217233	4243813	theory_fixed
7024	read_007024	mol_007024	4217559	4217559	4231657	theory_fixed
7025	read_007025	mol_007025	4221370	4221370	4242635	theory_fixed
7026	read_007026	mol_007026	4221643	4221643	4234728	theory_fixed
7027	read_007027	mol_007027	4221939	4221939	4244472	theory_fixed
7028	read_007028	mol_007028	4222472	4222472	4239141	theory_fixed
7029	read_007029	mol_007029	4222714	4222714	4240200	theory_fixed
7030	read_007030	mol_007030	4223255	4223255	4238408	theory_fixed
7031	read_007031	mol_007031	4223991	4223991	4240933	theory_fixed
7032	read_007032	mol_007032	4225123	4225123	4242154	theory_fixed
7033	read_007033	mol_007033	4226452	4226452	4240404	theory_fixed
7034	read_007034	mol_007034	4227183	4227183	4241250	theory_fixed
7035	read_007035	mol_007035	4227621	4227621	4252303	theory_fixed
7036	read_007036	mol_007036	4228313	4228313	4250362	theory_fixed
7037	read_007037	mol_007037	4228346	4228346	4246386	theory_fixed
7038	read_007038	mol_007038	4229872	4229872	4246549	theory_fixed
7039	read_007039	mol_007039	4230740	4230740	4244243	theory_fixed
7040	read_007040	mol_007040	4230891	4230891	4243934	theory_fixed
7041	read_007041	mol_007041	4231077	4231077	4252953	theory_fixed
7042	read_007042	mol_007042	4231105	4231105	4242475	theory_fixed
7043	read_007043	mol_007043	4231236	4231236	4251445	theory_fixed
7044	read_007044	mol_007044	4232759	4232759	4247035	theory_fixed
7045	read_007045	mol_007045	4232780	4232780	4252017	theory_fixed
7046	read_007046	mol_007046	4233144	4233144	4250673	theory_fixed
7047	read_007047	mol_007047	4234309	4234309	4251913	theory_fixed
7048	read_007048	mol_007048	4234726	4234726	4247493	theory_fixed
7049	read_007049	mol_007049	4236855	4236855	4248455	theory_fixed
7050	read_007050	mol_007050	4236951	4236951	4254047	theory_fixed
7051	read_007051	mol_007051	4237527	4237527	4262490	theory_fixed
7052	read_007052	mol_007052	4238329	4238329	4255895	theory_fixed
7053	read_007053	mol_007053	4239894	4239894	4263436	theory_fixed
7054	read_007054	mol_007054	4240014	4240014	4258699	theory_fixed
7055	read_007055	mol_007055	4240627	4240627	4256065	theory_fixed
7056	read_007056	mol_007056	4241376	4241376	4256953	theory_fixed
7057	read_007057	mol_007057	4243857	4243857	4261994	theory_fixed
7058	read_007058	mol_007058	4245718	4245718	4261341	theory_fixed
7059	read_007059	mol_007059	4245950	4245950	4264018	theory_fixed
7060	read_007060	mol_007060	4246178	4246178	4258207	theory_fixed
7061	read_007061	mol_007061	4247145	4247145	4261006	theory_fixed
7062	read_007062	mol_007062	4247415	4247415	4258315	theory_fixed
7063	read_007063	mol_007063	4247650	4247650	4274209	theory_fixed
7064	read_007064	mol_007064	4248051	4248051	4262607	theory_fixed
7065	read_007065	mol_007065	4248087	4248087	4267379	theory_fixed
7066	read_007066	mol_007066	4250385	4250385	4277328	theory_fixed
7067	read_007067	mol_007067	4250619	4250619	4270978	theory_fixed
7068	read_007068	mol_007068	4252654	4252654	4275537	theory_fixed
7069	read_007069	mol_007069	4252672	4252672	4268401	theory_fixed
7070	read_007070	mol_007070	4253036	4253036	4273449	theory_fixed
7071	read_007071	mol_007071	4253474	4253474	4270775	theory_fixed
7072	read_007072	mol_007072	4253522	4253522	4285168	theory_fixed
7073	read_007073	mol_007073	4253893	4253893	4281755	theory_fixed
7074	read_007074	mol_007074	4254325	4254325	4275643	theory_fixed
7075	read_007075	mol_007075	4254507	4254507	4270264	theory_fixed
7076	read_007076	mol_007076	4254588	4254588	4274187	theory_fixed
7077	read_007077	mol_007077	4254827	4254827	4277254	theory_fixed
7078	read_007078	mol_007078	4255092	4255092	4277529	theory_fixed
7079	read_007079	mol_007079	4255960	4255960	4268429	theory_fixed
7080	read_007080	mol_007080	4256073	4256073	4269815	theory_fixed
7081	read_007081	mol_007081	4256563	4256563	4272589	theory_fixed
7082	read_007082	mol_007082	4257653	4257653	4277213	theory_fixed
7083	read_007083	mol_007083	4257739	4257739	4271256	theory_fixed
7084	read_007084	mol_007084	4257862	4257862	4278508	theory_fixed
7085	read_007085	mol_007085	4258238	4258238	4280217	theory_fixed
7086	read_007086	mol_007086	4258895	4258895	4272657	theory_fixed
7087	read_007087	mol_007087	4260818	4260818	4273991	theory_fixed
7088	read_007088	mol_007088	4261561	4261561	4278950	theory_fixed
7089	read_007089	mol_007089	4262309	4262309	4280470	theory_fixed
7090	read_007090	mol_007090	4262483	4262483	4285762	theory_fixed
7091	read_007091	mol_007091	4262533	4262533	4276996	theory_fixed
7092	read_007092	mol_007092	4264176	4264176	4278370	theory_fixed
7093	read_007093	mol_007093	4264543	4264543	4281717	theory_fixed
7094	read_007094	mol_007094	4265316	4265316	4276159	theory_fixed
7095	read_007095	mol_007095	4265501	4265501	4281540	theory_fixed
7096	read_007096	mol_007096	4266053	4266053	4277521	theory_fixed
7097	read_007097	mol_007097	4267849	4267849	4285125	theory_fixed
7098	read_007098	mol_007098	4268073	4268073	4284105	theory_fixed
7099	read_007099	mol_007099	4268426	4268426	4286288	theory_fixed
7100	read_007100	mol_007100	4269263	4269263	4296042	theory_fixed
7101	read_007101	mol_007101	4269803	4269803	4291053	theory_fixed
7102	read_007102	mol_007102	4270840	4270840	4284717	theory_fixed
7103	read_007103	mol_007103	4272084	4272084	4293414	theory_fixed
7104	read_007104	mol_007104	4272473	4272473	4289550	theory_fixed
7105	read_007105	mol_007105	4272594	4272594	4289726	theory_fixed
7106	read_007106	mol_007106	4276352	4276352	4305384	theory_fixed
7107	read_007107	mol_007107	4276388	4276388	4296547	theory_fixed
7108	read_007108	mol_007108	4277391	4277391	4289705	theory_fixed
7109	read_007109	mol_007109	4277854	4277854	4296101	theory_fixed
7110	read_007110	mol_007110	4279081	4279081	4301742	theory_fixed
7111	read_007111	mol_007111	4279355	4279355	4297456	theory_fixed
7112	read_007112	mol_007112	4281345	4281345	4296408	theory_fixed
7113	read_007113	mol_007113	4281392	4281392	4303953	theory_fixed
7114	read_007114	mol_007114	4281481	4281481	4300152	theory_fixed
7115	read_007115	mol_007115	4281665	4281665	4299870	theory_fixed
7116	read_007116	mol_007116	4281862	4281862	4307501	theory_fixed
7117	read_007117	mol_007117	4282592	4282592	4295722	theory_fixed
7118	read_007118	mol_007118	4282646	4282646	4297814	theory_fixed
7119	read_007119	mol_007119	4284207	4284207	4301998	theory_fixed
7120	read_007120	mol_007120	4284645	4284645	4301887	theory_fixed
7121	read_007121	mol_007121	4285665	4285665	4298837	theory_fixed
7122	read_007122	mol_007122	4285820	4285820	4312202	theory_fixed
7123	read_007123	mol_007123	4286104	4286104	4302988	theory_fixed
7124	read_007124	mol_007124	4286316	4286316	4311289	theory_fixed
7125	read_007125	mol_007125	4286964	4286964	4301223	theory_fixed
7126	read_007126	mol_007126	4287327	4287327	4303563	theory_fixed
7127	read_007127	mol_007127	4287396	4287396	4299334	theory_fixed
7128	read_007128	mol_007128	4287889	4287889	4316970	theory_fixed
7129	read_007129	mol_007129	4288821	4288821	4306016	theory_fixed
7130	read_007130	mol_007130	4289098	4289098	4306929	theory_fixed
7131	read_007131	mol_007131	4289333	4289333	4302801	theory_fixed
7132	read_007132	mol_007132	4289476	4289476	4305065	theory_fixed
7133	read_007133	mol_007133	4289500	4289500	4311149	theory_fixed
7134	read_007134	mol_007134	4289949	4289949	4304264	theory_fixed
7135	read_007135	mol_007135	4290043	4290043	4312797	theory_fixed
7136	read_007136	mol_007136	4290831	4290831	4310390	theory_fixed
7137	read_007137	mol_007137	4291094	4291094	4304703	theory_fixed
7138	read_007138	mol_007138	4291143	4291143	4305553	theory_fixed
7139	read_007139	mol_007139	4292138	4292138	4308179	theory_fixed
7140	read_007140	mol_007140	4292507	4292507	4309742	theory_fixed
7141	read_007141	mol_007141	4294052	4294052	4310800	theory_fixed
7142	read_007142	mol_007142	4294082	4294082	4313328	theory_fixed
7143	read_007143	mol_007143	4294571	4294571	4310740	theory_fixed
7144	read_007144	mol_007144	4294941	4294941	4322986	theory_fixed
7145	read_007145	mol_007145	4295096	4295096	4310105	theory_fixed
7146	read_007146	mol_007146	4296085	4296085	4310346	theory_fixed
7147	read_007147	mol_007147	4296400	4296400	4312368	theory_fixed
7148	read_007148	mol_007148	4297152	4297152	4307102	theory_fixed
7149	read_007149	mol_007149	4298131	4298131	4313184	theory_fixed
7150	read_007150	mol_007150	4299333	4299333	4319503	theory_fixed
7151	read_007151	mol_007151	4299339	4299339	4323969	theory_fixed
7152	read_007152	mol_007152	4300278	4300278	4322725	theory_fixed
7153	read_007153	mol_007153	4300305	4300305	4320684	theory_fixed
7154	read_007154	mol_007154	4300799	4300799	4317436	theory_fixed
7155	read_007155	mol_007155	4300884	4300884	4317905	theory_fixed
7156	read_007156	mol_007156	4301201	4301201	4315692	theory_fixed
7157	read_007157	mol_007157	4301212	4301212	4323539	theory_fixed
7158	read_007158	mol_007158	4301648	4301648	4322335	theory_fixed
7159	read_007159	mol_007159	4301787	4301787	4318445	theory_fixed
7160	read_007160	mol_007160	4301948	4301948	4318832	theory_fixed
7161	read_007161	mol_007161	4302028	4302028	4322722	theory_fixed
7162	read_007162	mol_007162	4304682	4304682	4321976	theory_fixed
7163	read_007163	mol_007163	4304919	4304919	4319271	theory_fixed
7164	read_007164	mol_007164	4305145	4305145	4322608	theory_fixed
7165	read_007165	mol_007165	4305217	4305217	4317553	theory_fixed
7166	read_007166	mol_007166	4305379	4305379	4319824	theory_fixed
7167	read_007167	mol_007167	4307339	4307339	4326718	theory_fixed
7168	read_007168	mol_007168	4308453	4308453	4321588	theory_fixed
7169	read_007169	mol_007169	4310484	4310484	4326598	theory_fixed
7170	read_007170	mol_007170	4311083	4311083	4325797	theory_fixed
7171	read_007171	mol_007171	4311118	4311118	4327897	theory_fixed
7172	read_007172	mol_007172	4311256	4311256	4324744	theory_fixed
7173	read_007173	mol_007173	4311272	4311272	4331906	theory_fixed
7174	read_007174	mol_007174	4311561	4311561	4328260	theory_fixed
7175	read_007175	mol_007175	4312573	4312573	4333924	theory_fixed
7176	read_007176	mol_007176	4313070	4313070	4329252	theory_fixed
7177	read_007177	mol_007177	4313339	4313339	4329257	theory_fixed
7178	read_007178	mol_007178	4313474	4313474	4329057	theory_fixed
7179	read_007179	mol_007179	4313681	4313681	4329125	theory_fixed
7180	read_007180	mol_007180	4313956	4313956	4332190	theory_fixed
7181	read_007181	mol_007181	4314322	4314322	4328724	theory_fixed
7182	read_007182	mol_007182	4314674	4314674	4330704	theory_fixed
7183	read_007183	mol_007183	4316486	4316486	4339347	theory_fixed
7184	read_007184	mol_007184	4316695	4316695	4334324	theory_fixed
7185	read_007185	mol_007185	4317025	4317025	4339403	theory_fixed
7186	read_007186	mol_007186	4317360	4317360	4339827	theory_fixed
7187	read_007187	mol_007187	4317583	4317583	4333619	theory_fixed
7188	read_007188	mol_007188	4317943	4317943	4331011	theory_fixed
7189	read_007189	mol_007189	4318668	4318668	4333183	theory_fixed
7190	read_007190	mol_007190	4319210	4319210	4331735	theory_fixed
7191	read_007191	mol_007191	4319534	4319534	4336059	theory_fixed
7192	read_007192	mol_007192	4319537	4319537	4336574	theory_fixed
7193	read_007193	mol_007193	4320139	4320139	4339010	theory_fixed
7194	read_007194	mol_007194	4320898	4320898	4337945	theory_fixed
7195	read_007195	mol_007195	4320905	4320905	4335039	theory_fixed
7196	read_007196	mol_007196	4321364	4321364	4333010	theory_fixed
7197	read_007197	mol_007197	4321513	4321513	4333517	theory_fixed
7198	read_007198	mol_007198	4321572	4321572	4334707	theory_fixed
7199	read_007199	mol_007199	4321839	4321839	4343935	theory_fixed
7200	read_007200	mol_007200	4321856	4321856	4340158	theory_fixed
7201	read_007201	mol_007201	4322308	4322308	4335609	theory_fixed
7202	read_007202	mol_007202	4322514	4322514	4337401	theory_fixed
7203	read_007203	mol_007203	4322563	4322563	4333087	theory_fixed
7204	read_007204	mol_007204	4323272	4323272	4339379	theory_fixed
7205	read_007205	mol_007205	4323455	4323455	4340723	theory_fixed
7206	read_007206	mol_007206	4326461	4326461	4348408	theory_fixed
7207	read_007207	mol_007207	4326686	4326686	4341987	theory_fixed
7208	read_007208	mol_007208	4327261	4327261	4345447	theory_fixed
7209	read_007209	mol_007209	4327290	4327290	4351742	theory_fixed
7210	read_007210	mol_007210	4327303	4327303	4348263	theory_fixed
7211	read_007211	mol_007211	4327695	4327695	4351478	theory_fixed
7212	read_007212	mol_007212	4327986	4327986	4346201	theory_fixed
7213	read_007213	mol_007213	4328416	4328416	4348681	theory_fixed
7214	read_007214	mol_007214	4330558	4330558	4348134	theory_fixed
7215	read_007215	mol_007215	4330603	4330603	4347312	theory_fixed
7216	read_007216	mol_007216	4330922	4330922	4350544	theory_fixed
7217	read_007217	mol_007217	4333039	4333039	4354181	theory_fixed
7218	read_007218	mol_007218	4333859	4333859	4355260	theory_fixed
7219	read_007219	mol_007219	4334063	4334063	4348884	theory_fixed
7220	read_007220	mol_007220	4334072	4334072	4346576	theory_fixed
7221	read_007221	mol_007221	4335096	4335096	4353486	theory_fixed
7222	read_007222	mol_007222	4337172	4337172	4353479	theory_fixed
7223	read_007223	mol_007223	4337512	4337512	4354651	theory_fixed
7224	read_007224	mol_007224	4337748	4337748	4353579	theory_fixed
7225	read_007225	mol_007225	4337761	4337761	4354724	theory_fixed
7226	read_007226	mol_007226	4338640	4338640	4354020	theory_fixed
7227	read_007227	mol_007227	4338829	4338829	4358154	theory_fixed
7228	read_007228	mol_007228	4340714	4340714	4360030	theory_fixed
7229	read_007229	mol_007229	4342243	4342243	4357353	theory_fixed
7230	read_007230	mol_007230	4342487	4342487	4361946	theory_fixed
7231	read_007231	mol_007231	4342829	4342829	4360146	theory_fixed
7232	read_007232	mol_007232	4342923	4342923	4367673	theory_fixed
7233	read_007233	mol_007233	4342987	4342987	4354070	theory_fixed
7234	read_007234	mol_007234	4343386	4343386	4363072	theory_fixed
7235	read_007235	mol_007235	4343469	4343469	4363986	theory_fixed
7236	read_007236	mol_007236	4344063	4344063	4360650	theory_fixed
7237	read_007237	mol_007237	4345066	4345066	4367217	theory_fixed
7238	read_007238	mol_007238	4345709	4345709	4362696	theory_fixed
7239	read_007239	mol_007239	4346456	4346456	4362262	theory_fixed
7240	read_007240	mol_007240	4347051	4347051	4363956	theory_fixed
7241	read_007241	mol_007241	4347668	4347668	4364867	theory_fixed
7242	read_007242	mol_007242	4348950	4348950	4367470	theory_fixed
7243	read_007243	mol_007243	4349071	4349071	4366581	theory_fixed
7244	read_007244	mol_007244	4349214	4349214	4363965	theory_fixed
7245	read_007245	mol_007245	4351589	4351589	4366370	theory_fixed
7246	read_007246	mol_007246	4351709	4351709	4373082	theory_fixed
7247	read_007247	mol_007247	4351800	4351800	4371296	theory_fixed
7248	read_007248	mol_007248	4351817	4351817	4371064	theory_fixed
7249	read_007249	mol_007249	4351823	4351823	4369509	theory_fixed
7250	read_007250	mol_007250	4352659	4352659	4371760	theory_fixed
7251	read_007251	mol_007251	4354569	4354569	4370712	theory_fixed
7252	read_007252	mol_007252	4355330	4355330	4379226	theory_fixed
7253	read_007253	mol_007253	4356264	4356264	4379229	theory_fixed
7254	read_007254	mol_007254	4356690	4356690	4374842	theory_fixed
7255	read_007255	mol_007255	4357202	4357202	4373469	theory_fixed
7256	read_007256	mol_007256	4357383	4357383	4372528	theory_fixed
7257	read_007257	mol_007257	4357566	4357566	4374648	theory_fixed
7258	read_007258	mol_007258	4358289	4358289	4376065	theory_fixed
7259	read_007259	mol_007259	4358469	4358469	4373002	theory_fixed
7260	read_007260	mol_007260	4360254	4360254	4371247	theory_fixed
7261	read_007261	mol_007261	4360646	4360646	4370009	theory_fixed
7262	read_007262	mol_007262	4361992	4361992	4374761	theory_fixed
7263	read_007263	mol_007263	4362055	4362055	4375694	theory_fixed
7264	read_007264	mol_007264	4362182	4362182	4376687	theory_fixed
7265	read_007265	mol_007265	4362687	4362687	4380898	theory_fixed
7266	read_007266	mol_007266	4363312	4363312	4386275	theory_fixed
7267	read_007267	mol_007267	4363360	4363360	4379765	theory_fixed
7268	read_007268	mol_007268	4364332	4364332	4380604	theory_fixed
7269	read_007269	mol_007269	4364402	4364402	4379203	theory_fixed
7270	read_007270	mol_007270	4364503	4364503	4384805	theory_fixed
7271	read_007271	mol_007271	4364536	4364536	4376203	theory_fixed
7272	read_007272	mol_007272	4364784	4364784	4377315	theory_fixed
7273	read_007273	mol_007273	4365437	4365437	4387203	theory_fixed
7274	read_007274	mol_007274	4365501	4365501	4381166	theory_fixed
7275	read_007275	mol_007275	4366799	4366799	4383467	theory_fixed
7276	read_007276	mol_007276	4367338	4367338	4384949	theory_fixed
7277	read_007277	mol_007277	4368210	4368210	4386643	theory_fixed
7278	read_007278	mol_007278	4368652	4368652	4393607	theory_fixed
7279	read_007279	mol_007279	4368985	4368985	4386168	theory_fixed
7280	read_007280	mol_007280	4370268	4370268	4385772	theory_fixed
7281	read_007281	mol_007281	4371100	4371100	4391410	theory_fixed
7282	read_007282	mol_007282	4371102	4371102	4386277	theory_fixed
7283	read_007283	mol_007283	4371235	4371235	4391736	theory_fixed
7284	read_007284	mol_007284	4371391	4371391	4394493	theory_fixed
7285	read_007285	mol_007285	4371488	4371488	4389756	theory_fixed
7286	read_007286	mol_007286	4371862	4371862	4396408	theory_fixed
7287	read_007287	mol_007287	4372727	4372727	4386848	theory_fixed
7288	read_007288	mol_007288	4372971	4372971	4397652	theory_fixed
7289	read_007289	mol_007289	4373199	4373199	4386247	theory_fixed
7290	read_007290	mol_007290	4374848	4374848	4395412	theory_fixed
7291	read_007291	mol_007291	4375354	4375354	4388336	theory_fixed
7292	read_007292	mol_007292	4376344	4376344	4390669	theory_fixed
7293	read_007293	mol_007293	4376595	4376595	4392870	theory_fixed
7294	read_007294	mol_007294	4377824	4377824	4403233	theory_fixed
7295	read_007295	mol_007295	4379962	4379962	4399060	theory_fixed
7296	read_007296	mol_007296	4381823	4381823	4398423	theory_fixed
7297	read_007297	mol_007297	4382069	4382069	4395299	theory_fixed
7298	read_007298	mol_007298	4382185	4382185	4398114	theory_fixed
7299	read_007299	mol_007299	4382279	4382279	4412725	theory_fixed
7300	read_007300	mol_007300	4382614	4382614	4397991	theory_fixed
7301	read_007301	mol_007301	4384150	4384150	4404456	theory_fixed
7302	read_007302	mol_007302	4384251	4384251	4399193	theory_fixed
7303	read_007303	mol_007303	4384459	4384459	4398477	theory_fixed
7304	read_007304	mol_007304	4385157	4385157	4403492	theory_fixed
7305	read_007305	mol_007305	4385683	4385683	4402214	theory_fixed
7306	read_007306	mol_007306	4385749	4385749	4403209	theory_fixed
7307	read_007307	mol_007307	4386243	4386243	4405562	theory_fixed
7308	read_007308	mol_007308	4386401	4386401	4401689	theory_fixed
7309	read_007309	mol_007309	4386948	4386948	4404654	theory_fixed
7310	read_007310	mol_007310	4387015	4387015	4405370	theory_fixed
7311	read_007311	mol_007311	4388165	4388165	4404613	theory_fixed
7312	read_007312	mol_007312	4388757	4388757	4406949	theory_fixed
7313	read_007313	mol_007313	4389356	4389356	4409185	theory_fixed
7314	read_007314	mol_007314	4389913	4389913	4400634	theory_fixed
7315	read_007315	mol_007315	4390592	4390592	4409512	theory_fixed
7316	read_007316	mol_007316	4391283	4391283	4411460	theory_fixed
7317	read_007317	mol_007317	4391561	4391561	4408307	theory_fixed
7318	read_007318	mol_007318	4391994	4391994	4420809	theory_fixed
7319	read_007319	mol_007319	4392149	4392149	4417537	theory_fixed
7320	read_007320	mol_007320	4392491	4392491	4410250	theory_fixed
7321	read_007321	mol_007321	4392529	4392529	4407130	theory_fixed
7322	read_007322	mol_007322	4392729	4392729	4408282	theory_fixed
7323	read_007323	mol_007323	4392935	4392935	4413631	theory_fixed
7324	read_007324	mol_007324	4393701	4393701	4411032	theory_fixed
7325	read_007325	mol_007325	4393824	4393824	4408983	theory_fixed
7326	read_007326	mol_007326	4393867	4393867	4407345	theory_fixed
7327	read_007327	mol_007327	4394305	4394305	4416416	theory_fixed
7328	read_007328	mol_007328	4394970	4394970	4408524	theory_fixed
7329	read_007329	mol_007329	4395145	4395145	4412329	theory_fixed
7330	read_007330	mol_007330	4396173	4396173	4408608	theory_fixed
7331	read_007331	mol_007331	4398766	4398766	4415949	theory_fixed
7332	read_007332	mol_007332	4398933	4398933	4413616	theory_fixed
7333	read_007333	mol_007333	4399149	4399149	4414544	theory_fixed
7334	read_007334	mol_007334	4399366	4399366	4412195	theory_fixed
7335	read_007335	mol_007335	4399479	4399479	4413078	theory_fixed
7336	read_007336	mol_007336	4399646	4399646	4418758	theory_fixed
7337	read_007337	mol_007337	4399715	4399715	4422882	theory_fixed
7338	read_007338	mol_007338	4400424	4400424	4416138	theory_fixed
7339	read_007339	mol_007339	4400660	4400660	4422549	theory_fixed
7340	read_007340	mol_007340	4400879	4400879	4415515	theory_fixed
7341	read_007341	mol_007341	4402347	4402347	4418245	theory_fixed
7342	read_007342	mol_007342	4403699	4403699	4429116	theory_fixed
7343	read_007343	mol_007343	4404375	4404375	4420437	theory_fixed
7344	read_007344	mol_007344	4404624	4404624	4420339	theory_fixed
7345	read_007345	mol_007345	4405461	4405461	4422074	theory_fixed
7346	read_007346	mol_007346	4407250	4407250	4420820	theory_fixed
7347	read_007347	mol_007347	4407295	4407295	4438270	theory_fixed
7348	read_007348	mol_007348	4407358	4407358	4430534	theory_fixed
7349	read_007349	mol_007349	4409198	4409198	4425866	theory_fixed
7350	read_007350	mol_007350	4409228	4409228	4422354	theory_fixed
7351	read_007351	mol_007351	4410118	4410118	4431113	theory_fixed
7352	read_007352	mol_007352	4410998	4410998	4427498	theory_fixed
7353	read_007353	mol_007353	4411212	4411212	4425094	theory_fixed
7354	read_007354	mol_007354	4411778	4411778	4426300	theory_fixed
7355	read_007355	mol_007355	4412748	4412748	4427088	theory_fixed
7356	read_007356	mol_007356	4413366	4413366	4427891	theory_fixed
7357	read_007357	mol_007357	4413533	4413533	4439266	theory_fixed
7358	read_007358	mol_007358	4415200	4415200	4435563	theory_fixed
7359	read_007359	mol_007359	4416688	4416688	4436438	theory_fixed
7360	read_007360	mol_007360	4416775	4416775	4439602	theory_fixed
7361	read_007361	mol_007361	4417457	4417457	4440714	theory_fixed
7362	read_007362	mol_007362	4417776	4417776	4437933	theory_fixed
7363	read_007363	mol_007363	4417979	4417979	4437554	theory_fixed
7364	read_007364	mol_007364	4418807	4418807	4439082	theory_fixed
7365	read_007365	mol_007365	4419784	4419784	4437339	theory_fixed
7366	read_007366	mol_007366	4419835	4419835	4443184	theory_fixed
7367	read_007367	mol_007367	4420083	4420083	4440323	theory_fixed
7368	read_007368	mol_007368	4420854	4420854	4440585	theory_fixed
7369	read_007369	mol_007369	4421455	4421455	4436212	theory_fixed
7370	read_007370	mol_007370	4421606	4421606	4438921	theory_fixed
7371	read_007371	mol_007371	4421631	4421631	4432971	theory_fixed
7372	read_007372	mol_007372	4421872	4421872	4440220	theory_fixed
7373	read_007373	mol_007373	4422907	4422907	4439657	theory_fixed
7374	read_007374	mol_007374	4423566	4423566	4446122	theory_fixed
7375	read_007375	mol_007375	4423667	4423667	4440780	theory_fixed
7376	read_007376	mol_007376	4423692	4423692	4437611	theory_fixed
7377	read_007377	mol_007377	4423904	4423904	4442276	theory_fixed
7378	read_007378	mol_007378	4423933	4423933	4442193	theory_fixed
7379	read_007379	mol_007379	4424475	4424475	4441558	theory_fixed
7380	read_007380	mol_007380	4424654	4424654	4437986	theory_fixed
7381	read_007381	mol_007381	4424779	4424779	4437936	theory_fixed
7382	read_007382	mol_007382	4425369	4425369	4444687	theory_fixed
7383	read_007383	mol_007383	4425746	4425746	4441808	theory_fixed
7384	read_007384	mol_007384	4425827	4425827	4445901	theory_fixed
7385	read_007385	mol_007385	4426547	4426547	4441355	theory_fixed
7386	read_007386	mol_007386	4427376	4427376	4448677	theory_fixed
7387	read_007387	mol_007387	4429066	4429066	4444719	theory_fixed
7388	read_007388	mol_007388	4429160	4429160	4444284	theory_fixed
7389	read_007389	mol_007389	4429525	4429525	4446482	theory_fixed
7390	read_007390	mol_007390	4429861	4429861	4455107	theory_fixed
7391	read_007391	mol_007391	4429998	4429998	4447854	theory_fixed
7392	read_007392	mol_007392	4430186	4430186	4439471	theory_fixed
7393	read_007393	mol_007393	4430984	4430984	4447036	theory_fixed
7394	read_007394	mol_007394	4431453	4431453	4456916	theory_fixed
7395	read_007395	mol_007395	4431475	4431475	4444890	theory_fixed
7396	read_007396	mol_007396	4431490	4431490	4450289	theory_fixed
7397	read_007397	mol_007397	4432044	4432044	4442237	theory_fixed
7398	read_007398	mol_007398	4432438	4432438	4450909	theory_fixed
7399	read_007399	mol_007399	4432970	4432970	4455784	theory_fixed
7400	read_007400	mol_007400	4433177	4433177	4446455	theory_fixed
7401	read_007401	mol_007401	4433358	4433358	4447989	theory_fixed
7402	read_007402	mol_007402	4433512	4433512	4453834	theory_fixed
7403	read_007403	mol_007403	4434453	4434453	4448895	theory_fixed
7404	read_007404	mol_007404	4435177	4435177	4452451	theory_fixed
7405	read_007405	mol_007405	4435219	4435219	4453995	theory_fixed
7406	read_007406	mol_007406	4435314	4435314	4452340	theory_fixed
7407	read_007407	mol_007407	4435574	4435574	4452821	theory_fixed
7408	read_007408	mol_007408	4436645	4436645	4449920	theory_fixed
7409	read_007409	mol_007409	4437366	4437366	4452366	theory_fixed
7410	read_007410	mol_007410	4438175	4438175	4457124	theory_fixed
7411	read_007411	mol_007411	4438211	4438211	4456990	theory_fixed
7412	read_007412	mol_007412	4439519	4439519	4458671	theory_fixed
7413	read_007413	mol_007413	4440058	4440058	4460977	theory_fixed
7414	read_007414	mol_007414	4440390	4440390	4459885	theory_fixed
7415	read_007415	mol_007415	4440616	4440616	4457922	theory_fixed
7416	read_007416	mol_007416	4440659	4440659	4459003	theory_fixed
7417	read_007417	mol_007417	4440678	4440678	4457658	theory_fixed
7418	read_007418	mol_007418	4441372	4441372	4454019	theory_fixed
7419	read_007419	mol_007419	4441483	4441483	4459638	theory_fixed
7420	read_007420	mol_007420	4441812	4441812	4455198	theory_fixed
7421	read_007421	mol_007421	4441903	4441903	4457790	theory_fixed
7422	read_007422	mol_007422	4442164	4442164	4461400	theory_fixed
7423	read_007423	mol_007423	4442487	4442487	4462300	theory_fixed
7424	read_007424	mol_007424	4442530	4442530	4460933	theory_fixed
7425	read_007425	mol_007425	4442717	4442717	4463872	theory_fixed
7426	read_007426	mol_007426	4442810	4442810	4468446	theory_fixed
7427	read_007427	mol_007427	4443256	4443256	4457046	theory_fixed
7428	read_007428	mol_007428	4443517	4443517	4466389	theory_fixed
7429	read_007429	mol_007429	4443948	4443948	4459174	theory_fixed
7430	read_007430	mol_007430	4445039	4445039	4466408	theory_fixed
7431	read_007431	mol_007431	4445530	4445530	4464533	theory_fixed
7432	read_007432	mol_007432	4445841	4445841	4460532	theory_fixed
7433	read_007433	mol_007433	4445869	4445869	4467219	theory_fixed
7434	read_007434	mol_007434	4446871	4446871	4461377	theory_fixed
7435	read_007435	mol_007435	4448396	4448396	4466236	theory_fixed
7436	read_007436	mol_007436	4449292	4449292	4464326	theory_fixed
7437	read_007437	mol_007437	4450195	4450195	4465656	theory_fixed
7438	read_007438	mol_007438	4450205	4450205	4466469	theory_fixed
7439	read_007439	mol_007439	4450472	4450472	4470887	theory_fixed
7440	read_007440	mol_007440	4450634	4450634	4472537	theory_fixed
7441	read_007441	mol_007441	4451499	4451499	4466990	theory_fixed
7442	read_007442	mol_007442	4452264	4452264	4468690	theory_fixed
7443	read_007443	mol_007443	4452987	4452987	4468834	theory_fixed
7444	read_007444	mol_007444	4453697	4453697	4469431	theory_fixed
7445	read_007445	mol_007445	4454616	4454616	4476592	theory_fixed
7446	read_007446	mol_007446	4454685	4454685	4470439	theory_fixed
7447	read_007447	mol_007447	4454751	4454751	4474347	theory_fixed
7448	read_007448	mol_007448	4456311	4456311	4476363	theory_fixed
7449	read_007449	mol_007449	4456819	4456819	4472417	theory_fixed
7450	read_007450	mol_007450	4457363	4457363	4470141	theory_fixed
7451	read_007451	mol_007451	4457619	4457619	4477224	theory_fixed
7452	read_007452	mol_007452	4457907	4457907	4479323	theory_fixed
7453	read_007453	mol_007453	4459105	4459105	4477661	theory_fixed
7454	read_007454	mol_007454	4460169	4460169	4480494	theory_fixed
7455	read_007455	mol_007455	4460319	4460319	4480317	theory_fixed
7456	read_007456	mol_007456	4463168	4463168	4485951	theory_fixed
7457	read_007457	mol_007457	4463745	4463745	4480355	theory_fixed
7458	read_007458	mol_007458	4463773	4463773	4479147	theory_fixed
7459	read_007459	mol_007459	4464060	4464060	4490073	theory_fixed
7460	read_007460	mol_007460	4464804	4464804	4481113	theory_fixed
7461	read_007461	mol_007461	4465221	4465221	4475118	theory_fixed
7462	read_007462	mol_007462	4465546	4465546	4484440	theory_fixed
7463	read_007463	mol_007463	4465971	4465971	4488425	theory_fixed
7464	read_007464	mol_007464	4466015	4466015	4486142	theory_fixed
7465	read_007465	mol_007465	4466123	4466123	4478098	theory_fixed
7466	read_007466	mol_007466	4466700	4466700	4486152	theory_fixed
7467	read_007467	mol_007467	4466868	4466868	4489575	theory_fixed
7468	read_007468	mol_007468	4467169	4467169	4482171	theory_fixed
7469	read_007469	mol_007469	4467254	4467254	4479623	theory_fixed
7470	read_007470	mol_007470	4467379	4467379	4486460	theory_fixed
7471	read_007471	mol_007471	4468185	4468185	4484292	theory_fixed
7472	read_007472	mol_007472	4468385	4468385	4487036	theory_fixed
7473	read_007473	mol_007473	4468400	4468400	4491189	theory_fixed
7474	read_007474	mol_007474	4469247	4469247	4492564	theory_fixed
7475	read_007475	mol_007475	4470595	4470595	4496044	theory_fixed
7476	read_007476	mol_007476	4471964	4471964	4488095	theory_fixed
7477	read_007477	mol_007477	4472475	4472475	4495235	theory_fixed
7478	read_007478	mol_007478	4472773	4472773	4486303	theory_fixed
7479	read_007479	mol_007479	4472844	4472844	4490397	theory_fixed
7480	read_007480	mol_007480	4473106	4473106	4492312	theory_fixed
7481	read_007481	mol_007481	4473960	4473960	4493993	theory_fixed
7482	read_007482	mol_007482	4474395	4474395	4494226	theory_fixed
7483	read_007483	mol_007483	4474483	4474483	4499990	theory_fixed
7484	read_007484	mol_007484	4475093	4475093	4492031	theory_fixed
7485	read_007485	mol_007485	4475582	4475582	4493911	theory_fixed
7486	read_007486	mol_007486	4476511	4476511	4496938	theory_fixed
7487	read_007487	mol_007487	4476904	4476904	4494796	theory_fixed
7488	read_007488	mol_007488	4476989	4476989	4494062	theory_fixed
7489	read_007489	mol_007489	4477422	4477422	4490125	theory_fixed
7490	read_007490	mol_007490	4477482	4477482	4493940	theory_fixed
7491	read_007491	mol_007491	4477704	4477704	4496659	theory_fixed
7492	read_007492	mol_007492	4477709	4477709	4496761	theory_fixed
7493	read_007493	mol_007493	4478366	4478366	4494039	theory_fixed
7494	read_007494	mol_007494	4478841	4478841	4488689	theory_fixed
7495	read_007495	mol_007495	4478974	4478974	4493839	theory_fixed
7496	read_007496	mol_007496	4479325	4479325	4495148	theory_fixed
7497	read_007497	mol_007497	4479943	4479943	4500181	theory_fixed
7498	read_007498	mol_007498	4480479	4480479	4499393	theory_fixed
7499	read_007499	mol_007499	4480496	4480496	4489690	theory_fixed
7500	read_007500	mol_007500	4480777	4480777	4499230	theory_fixed
7501	read_007501	mol_007501	4480943	4480943	4496181	theory_fixed
7502	read_007502	mol_007502	4481413	4481413	4503575	theory_fixed
7503	read_007503	mol_007503	4482215	4482215	4499026	theory_fixed
7504	read_007504	mol_007504	4483098	4483098	4509026	theory_fixed
7505	read_007505	mol_007505	4483384	4483384	4504343	theory_fixed
7506	read_007506	mol_007506	4483438	4483438	4501143	theory_fixed
7507	read_007507	mol_007507	4483991	4483991	4503730	theory_fixed
7508	read_007508	mol_007508	4484729	4484729	4502882	theory_fixed
7509	read_007509	mol_007509	4485002	4485002	4499799	theory_fixed
7510	read_007510	mol_007510	4486524	4486524	4502301	theory_fixed
7511	read_007511	mol_007511	4486573	4486573	4509874	theory_fixed
7512	read_007512	mol_007512	4487796	4487796	4506860	theory_fixed
7513	read_007513	mol_007513	4488079	4488079	4508856	theory_fixed
7514	read_007514	mol_007514	4488123	4488123	4504491	theory_fixed
7515	read_007515	mol_007515	4488560	4488560	4501308	theory_fixed
7516	read_007516	mol_007516	4490689	4490689	4504523	theory_fixed
7517	read_007517	mol_007517	4490766	4490766	4512272	theory_fixed
7518	read_007518	mol_007518	4490986	4490986	4507778	theory_fixed
7519	read_007519	mol_007519	4492709	4492709	4510446	theory_fixed
7520	read_007520	mol_007520	4493775	4493775	4511752	theory_fixed
7521	read_007521	mol_007521	4493983	4493983	4510168	theory_fixed
7522	read_007522	mol_007522	4494662	4494662	4510282	theory_fixed
7523	read_007523	mol_007523	4495123	4495123	4514919	theory_fixed
7524	read_007524	mol_007524	4495481	4495481	4514922	theory_fixed
7525	read_007525	mol_007525	4496439	4496439	4525157	theory_fixed
7526	read_007526	mol_007526	4497297	4497297	4515533	theory_fixed
7527	read_007527	mol_007527	4499020	4499020	4519765	theory_fixed
7528	read_007528	mol_007528	4499409	4499409	4514299	theory_fixed
7529	read_007529	mol_007529	4500159	4500159	4520430	theory_fixed
7530	read_007530	mol_007530	4500198	4500198	4518955	theory_fixed
7531	read_007531	mol_007531	4500864	4500864	4520528	theory_fixed
7532	read_007532	mol_007532	4501028	4501028	4515292	theory_fixed
7533	read_007533	mol_007533	4501418	4501418	4521732	theory_fixed
7534	read_007534	mol_007534	4503446	4503446	4527664	theory_fixed
7535	read_007535	mol_007535	4503587	4503587	4527982	theory_fixed
7536	read_007536	mol_007536	4504239	4504239	4515451	theory_fixed
7537	read_007537	mol_007537	4504357	4504357	4521356	theory_fixed
7538	read_007538	mol_007538	4507614	4507614	4522100	theory_fixed
7539	read_007539	mol_007539	4509043	4509043	4525488	theory_fixed
7540	read_007540	mol_007540	4509464	4509464	4532974	theory_fixed
7541	read_007541	mol_007541	4510160	4510160	4533503	theory_fixed
7542	read_007542	mol_007542	4510502	4510502	4526291	theory_fixed
7543	read_007543	mol_007543	4510958	4510958	4529575	theory_fixed
7544	read_007544	mol_007544	4511910	4511910	4536572	theory_fixed
7545	read_007545	mol_007545	4512077	4512077	4531336	theory_fixed
7546	read_007546	mol_007546	4513005	4513005	4526053	theory_fixed
7547	read_007547	mol_007547	4513558	4513558	4530009	theory_fixed
7548	read_007548	mol_007548	4514254	4514254	4529966	theory_fixed
7549	read_007549	mol_007549	4515013	4515013	4532297	theory_fixed
7550	read_007550	mol_007550	4515651	4515651	4529471	theory_fixed
7551	read_007551	mol_007551	4515952	4515952	4533341	theory_fixed
7552	read_007552	mol_007552	4516646	4516646	4535044	theory_fixed
7553	read_007553	mol_007553	4517366	4517366	4535795	theory_fixed
7554	read_007554	mol_007554	4517975	4517975	4531096	theory_fixed
7555	read_007555	mol_007555	4518811	4518811	4538788	theory_fixed
7556	read_007556	mol_007556	4519093	4519093	4534207	theory_fixed
7557	read_007557	mol_007557	4519820	4519820	4542139	theory_fixed
7558	read_007558	mol_007558	4520787	4520787	4537114	theory_fixed
7559	read_007559	mol_007559	4521229	4521229	4537096	theory_fixed
7560	read_007560	mol_007560	4521465	4521465	4548003	theory_fixed
7561	read_007561	mol_007561	4522150	4522150	4541815	theory_fixed
7562	read_007562	mol_007562	4522473	4522473	4534574	theory_fixed
7563	read_007563	mol_007563	4523851	4523851	4539215	theory_fixed
7564	read_007564	mol_007564	4524407	4524407	4540583	theory_fixed
7565	read_007565	mol_007565	4525492	4525492	4546467	theory_fixed
7566	read_007566	mol_007566	4525711	4525711	4542706	theory_fixed
7567	read_007567	mol_007567	4526391	4526391	4539868	theory_fixed
7568	read_007568	mol_007568	4527878	4527878	4543897	theory_fixed
7569	read_007569	mol_007569	4528018	4528018	4546744	theory_fixed
7570	read_007570	mol_007570	4528498	4528498	4545401	theory_fixed
7571	read_007571	mol_007571	4529538	4529538	4543950	theory_fixed
7572	read_007572	mol_007572	4530967	4530967	4548924	theory_fixed
7573	read_007573	mol_007573	4531005	4531005	4546210	theory_fixed
7574	read_007574	mol_007574	4531646	4531646	4546540	theory_fixed
7575	read_007575	mol_007575	4531668	4531668	4542223	theory_fixed
7576	read_007576	mol_007576	4531912	4531912	4550080	theory_fixed
7577	read_007577	mol_007577	4532592	4532592	4549461	theory_fixed
7578	read_007578	mol_007578	4533949	4533949	4547642	theory_fixed
7579	read_007579	mol_007579	4535114	4535114	4553418	theory_fixed
7580	read_007580	mol_007580	4535711	4535711	4553039	theory_fixed
7581	read_007581	mol_007581	4536031	4536031	4547835	theory_fixed
7582	read_007582	mol_007582	4536867	4536867	4562586	theory_fixed
7583	read_007583	mol_007583	4537105	4537105	4554722	theory_fixed
7584	read_007584	mol_007584	4538782	4538782	4556020	theory_fixed
7585	read_007585	mol_007585	4539867	4539867	4555576	theory_fixed
7586	read_007586	mol_007586	4540062	4540062	4560714	theory_fixed
7587	read_007587	mol_007587	4540607	4540607	4554153	theory_fixed
7588	read_007588	mol_007588	4541607	4541607	4561787	theory_fixed
7589	read_007589	mol_007589	4541653	4541653	4564734	theory_fixed
7590	read_007590	mol_007590	4542042	4542042	4564333	theory_fixed
7591	read_007591	mol_007591	4542099	4542099	4560852	theory_fixed
7592	read_007592	mol_007592	4542244	4542244	4567131	theory_fixed
7593	read_007593	mol_007593	4542597	4542597	4555540	theory_fixed
7594	read_007594	mol_007594	4543654	4543654	4562467	theory_fixed
7595	read_007595	mol_007595	4543813	4543813	4560659	theory_fixed
7596	read_007596	mol_007596	4544402	4544402	4565896	theory_fixed
7597	read_007597	mol_007597	4544500	4544500	4561564	theory_fixed
7598	read_007598	mol_007598	4545377	4545377	4562313	theory_fixed
7599	read_007599	mol_007599	4545823	4545823	4569646	theory_fixed
7600	read_007600	mol_007600	4546674	4546674	4560867	theory_fixed
7601	read_007601	mol_007601	4546984	4546984	4577736	theory_fixed
7602	read_007602	mol_007602	4547018	4547018	4558476	theory_fixed
7603	read_007603	mol_007603	4547550	4547550	4572587	theory_fixed
7604	read_007604	mol_007604	4547966	4547966	4570416	theory_fixed
7605	read_007605	mol_007605	4548492	4548492	4561721	theory_fixed
7606	read_007606	mol_007606	4548754	4548754	4573927	theory_fixed
7607	read_007607	mol_007607	4549287	4549287	4566316	theory_fixed
7608	read_007608	mol_007608	4549424	4549424	4565153	theory_fixed
7609	read_007609	mol_007609	4550301	4550301	4571635	theory_fixed
7610	read_007610	mol_007610	4550665	4550665	4562705	theory_fixed
7611	read_007611	mol_007611	4550709	4550709	4566336	theory_fixed
7612	read_007612	mol_007612	4551606	4551606	4568512	theory_fixed
7613	read_007613	mol_007613	4551652	4551652	4566157	theory_fixed
7614	read_007614	mol_007614	4551758	4551758	4572630	theory_fixed
7615	read_007615	mol_007615	4552995	4552995	4578445	theory_fixed
7616	read_007616	mol_007616	4553464	4553464	4572500	theory_fixed
7617	read_007617	mol_007617	4553485	4553485	4568220	theory_fixed
7618	read_007618	mol_007618	4554172	4554172	4572827	theory_fixed
7619	read_007619	mol_007619	4555103	4555103	4578289	theory_fixed
7620	read_007620	mol_007620	4556009	4556009	4580221	theory_fixed
7621	read_007621	mol_007621	4556013	4556013	4573388	theory_fixed
7622	read_007622	mol_007622	4556193	4556193	4577254	theory_fixed
7623	read_007623	mol_007623	4557124	4557124	4571087	theory_fixed
7624	read_007624	mol_007624	4558495	4558495	4572862	theory_fixed
7625	read_007625	mol_007625	4559049	4559049	4577540	theory_fixed
7626	read_007626	mol_007626	4559604	4559604	4578030	theory_fixed
7627	read_007627	mol_007627	4560639	4560639	4576870	theory_fixed
7628	read_007628	mol_007628	4560968	4560968	4578107	theory_fixed
7629	read_007629	mol_007629	4561181	4561181	4573347	theory_fixed
7630	read_007630	mol_007630	4562309	4562309	4579374	theory_fixed
7631	read_007631	mol_007631	4562353	4562353	4577190	theory_fixed
7632	read_007632	mol_007632	4562442	4562442	4577550	theory_fixed
7633	read_007633	mol_007633	4563138	4563138	4578390	theory_fixed
7634	read_007634	mol_007634	4563879	4563879	4584503	theory_fixed
7635	read_007635	mol_007635	4564090	4564090	4581645	theory_fixed
7636	read_007636	mol_007636	4564502	4564502	4579433	theory_fixed
7637	read_007637	mol_007637	4564825	4564825	4578349	theory_fixed
7638	read_007638	mol_007638	4565687	4565687	4590798	theory_fixed
7639	read_007639	mol_007639	4565831	4565831	4580890	theory_fixed
7640	read_007640	mol_007640	4568137	4568137	4585689	theory_fixed
7641	read_007641	mol_007641	4568537	4568537	4584421	theory_fixed
7642	read_007642	mol_007642	4568586	4568586	4581582	theory_fixed
7643	read_007643	mol_007643	4569992	4569992	4589246	theory_fixed
7644	read_007644	mol_007644	4571106	4571106	4590856	theory_fixed
7645	read_007645	mol_007645	4572130	4572130	4592742	theory_fixed
7646	read_007646	mol_007646	4572305	4572305	4588054	theory_fixed
7647	read_007647	mol_007647	4572581	4572581	4589134	theory_fixed
7648	read_007648	mol_007648	4572603	4572603	4585809	theory_fixed
7649	read_007649	mol_007649	4574100	4574100	4585819	theory_fixed
7650	read_007650	mol_007650	4575405	4575405	4593170	theory_fixed
7651	read_007651	mol_007651	4575819	4575819	4592685	theory_fixed
7652	read_007652	mol_007652	4576695	4576695	4592045	theory_fixed
7653	read_007653	mol_007653	4579044	4579044	4602842	theory_fixed
7654	read_007654	mol_007654	4579049	4579049	4590797	theory_fixed
7655	read_007655	mol_007655	4579373	4579373	4601190	theory_fixed
7656	read_007656	mol_007656	4580248	4580248	4597946	theory_fixed
7657	read_007657	mol_007657	4580376	4580376	4596566	theory_fixed
7658	read_007658	mol_007658	4581079	4581079	4593081	theory_fixed
7659	read_007659	mol_007659	4581773	4581773	4599439	theory_fixed
7660	read_007660	mol_007660	4582191	4582191	4594601	theory_fixed
7661	read_007661	mol_007661	4582420	4582420	4601214	theory_fixed
7662	read_007662	mol_007662	4583204	4583204	4593457	theory_fixed
7663	read_007663	mol_007663	4583544	4583544	4596837	theory_fixed
7664	read_007664	mol_007664	4583591	4583591	4608314	theory_fixed
7665	read_007665	mol_007665	4584995	4584995	4600566	theory_fixed
7666	read_007666	mol_007666	4585144	4585144	4609094	theory_fixed
7667	read_007667	mol_007667	4586439	4586439	4609551	theory_fixed
7668	read_007668	mol_007668	4586473	4586473	4604145	theory_fixed
7669	read_007669	mol_007669	4587119	4587119	4607305	theory_fixed
7670	read_007670	mol_007670	4588642	4588642	4612984	theory_fixed
7671	read_007671	mol_007671	4589814	4589814	4608792	theory_fixed
7672	read_007672	mol_007672	4590872	4590872	4603632	theory_fixed
7673	read_007673	mol_007673	4590940	4590940	4621577	theory_fixed
7674	read_007674	mol_007674	4591577	4591577	4613476	theory_fixed
7675	read_007675	mol_007675	4591696	4591696	4610314	theory_fixed
7676	read_007676	mol_007676	4594081	4594081	4610288	theory_fixed
7677	read_007677	mol_007677	4595067	4595067	4612250	theory_fixed
7678	read_007678	mol_007678	4595276	4595276	4620200	theory_fixed
7679	read_007679	mol_007679	4596978	4596978	4614698	theory_fixed
7680	read_007680	mol_007680	4597417	4597417	4612445	theory_fixed
7681	read_007681	mol_007681	4598308	4598308	4616185	theory_fixed
7682	read_007682	mol_007682	4598387	4598387	4615998	theory_fixed
7683	read_007683	mol_007683	4599004	4599004	4613749	theory_fixed
7684	read_007684	mol_007684	4600877	4600877	4616930	theory_fixed
7685	read_007685	mol_007685	4601323	4601323	4615962	theory_fixed
7686	read_007686	mol_007686	4601825	4601825	4617606	theory_fixed
7687	read_007687	mol_007687	4602492	4602492	4617747	theory_fixed
7688	read_007688	mol_007688	4602687	4602687	4616768	theory_fixed
7689	read_007689	mol_007689	4602932	4602932	4619908	theory_fixed
7690	read_007690	mol_007690	4604084	4604084	4627289	theory_fixed
7691	read_007691	mol_007691	4605307	4605307	4624694	theory_fixed
7692	read_007692	mol_007692	4605512	4605512	4625124	theory_fixed
7693	read_007693	mol_007693	4605701	4605701	4630283	theory_fixed
7694	read_007694	mol_007694	4606536	4606536	4622390	theory_fixed
7695	read_007695	mol_007695	4607429	4607429	4629148	theory_fixed
7696	read_007696	mol_007696	4607925	4607925	4625029	theory_fixed
7697	read_007697	mol_007697	4609052	4609052	4623039	theory_fixed
7698	read_007698	mol_007698	4609614	4609614	4622520	theory_fixed
7699	read_007699	mol_007699	4609736	4609736	4626747	theory_fixed
7700	read_007700	mol_007700	4609796	4609796	4623404	theory_fixed
7701	read_007701	mol_007701	4609858	4609858	4627653	theory_fixed
7702	read_007702	mol_007702	4610546	4610546	4636251	theory_fixed
7703	read_007703	mol_007703	4610577	4610577	4634238	theory_fixed
7704	read_007704	mol_007704	4611001	4611001	4636769	theory_fixed
7705	read_007705	mol_007705	4611021	4611021	4625926	theory_fixed
7706	read_007706	mol_007706	4611724	4611724	4626995	theory_fixed
7707	read_007707	mol_007707	4611833	4611833	4632199	theory_fixed
7708	read_007708	mol_007708	4613594	4613594	4631359	theory_fixed
7709	read_007709	mol_007709	4613783	4613783	4629923	theory_fixed
7710	read_007710	mol_007710	4613799	4613799	4633719	theory_fixed
7711	read_007711	mol_007711	4614813	4614813	4631727	theory_fixed
7712	read_007712	mol_007712	4616053	4616053	4636477	theory_fixed
7713	read_007713	mol_007713	4616328	4616328	4637943	theory_fixed
7714	read_007714	mol_007714	4617202	4617202	4635609	theory_fixed
7715	read_007715	mol_007715	4617272	4617272	4637511	theory_fixed
7716	read_007716	mol_007716	4618233	4618233	4634011	theory_fixed
7717	read_007717	mol_007717	4619244	4619244	4634683	theory_fixed
7718	read_007718	mol_007718	4619440	4619440	4633791	theory_fixed
7719	read_007719	mol_007719	4620160	4620160	4634926	theory_fixed
7720	read_007720	mol_007720	4620389	4620389	4644964	theory_fixed
7721	read_007721	mol_007721	4620402	4620402	4634385	theory_fixed
7722	read_007722	mol_007722	4620535	4620535	4640403	theory_fixed
7723	read_007723	mol_007723	4620637	4620637	4633231	theory_fixed
7724	read_007724	mol_007724	4620897	4620897	4645297	theory_fixed
7725	read_007725	mol_007725	4621284	4621284	4638721	theory_fixed
7726	read_007726	mol_007726	4621343	4621343	4637406	theory_fixed
7727	read_007727	mol_007727	4624016	4624016	4637975	theory_fixed
7728	read_007728	mol_007728	4624059	4624059	4642179	theory_fixed
7729	read_007729	mol_007729	4624086	4624086	4644875	theory_fixed
7730	read_007730	mol_007730	4624381	4624381	4637112	theory_fixed
7731	read_007731	mol_007731	4624788	4624788	4655986	theory_fixed
7732	read_007732	mol_007732	4625840	4625840	4635635	theory_fixed
7733	read_007733	mol_007733	4626007	4626007	4645584	theory_fixed
7734	read_007734	mol_007734	4626447	4626447	4640207	theory_fixed
7735	read_007735	mol_007735	4626501	4626501	4646299	theory_fixed
7736	read_007736	mol_007736	4628525	4628525	4650339	theory_fixed
7737	read_007737	mol_007737	4629054	4629054	4645092	theory_fixed
7738	read_007738	mol_007738	4629077	4629077	4650855	theory_fixed
7739	read_007739	mol_007739	4629701	4629701	4652168	theory_fixed
7740	read_007740	mol_007740	4629988	4629988	4644593	theory_fixed
7741	read_007741	mol_007741	4630171	4630171	4649425	theory_fixed
7742	read_007742	mol_007742	4631234	4631234	4648479	theory_fixed
7743	read_007743	mol_007743	4631950	4631950	4643840	theory_fixed
7744	read_007744	mol_007744	4633017	4633017	4653736	theory_fixed
7745	read_007745	mol_007745	4633134	4633134	4648362	theory_fixed
7746	read_007746	mol_007746	4633468	4633468	4655130	theory_fixed
7747	read_007747	mol_007747	4634266	4634266	4650582	theory_fixed
7748	read_007748	mol_007748	4635897	4635897	4649520	theory_fixed
7749	read_007749	mol_007749	4636229	4636229	4656588	theory_fixed
7750	read_007750	mol_007750	4636488	4636488	4659687	theory_fixed
7751	read_007751	mol_007751	4637072	4637072	4656664	theory_fixed
7752	read_007752	mol_007752	4637534	4637534	4669493	theory_fixed
7753	read_007753	mol_007753	4637780	4637780	4653822	theory_fixed
7754	read_007754	mol_007754	4637807	4637807	4655903	theory_fixed
7755	read_007755	mol_007755	4637981	4637981	4657503	theory_fixed
7756	read_007756	mol_007756	4641490	4641490	4658797	theory_fixed
7757	read_007757	mol_007757	4642470	4642470	4658948	theory_fixed
7758	read_007758	mol_007758	4642577	4642577	4657372	theory_fixed
7759	read_007759	mol_007759	4643757	4643757	4661667	theory_fixed
7760	read_007760	mol_007760	4643960	4643960	4657924	theory_fixed
7761	read_007761	mol_007761	4645080	4645080	4669169	theory_fixed
7762	read_007762	mol_007762	4645696	4645696	4659906	theory_fixed
7763	read_007763	mol_007763	4645938	4645938	4675661	theory_fixed
7764	read_007764	mol_007764	4647706	4647706	4666950	theory_fixed
7765	read_007765	mol_007765	4648266	4648266	4666389	theory_fixed
7766	read_007766	mol_007766	4649212	4649212	4666853	theory_fixed
7767	read_007767	mol_007767	4649890	4649890	4671144	theory_fixed
7768	read_007768	mol_007768	4650234	4650234	4667992	theory_fixed
7769	read_007769	mol_007769	4650698	4650698	4669972	theory_fixed
7770	read_007770	mol_007770	4653061	4653061	4667831	theory_fixed
7771	read_007771	mol_007771	4653206	4653206	4676666	theory_fixed
7772	read_007772	mol_007772	4655552	4655552	4672419	theory_fixed
7773	read_007773	mol_007773	4656073	4656073	4673590	theory_fixed
7774	read_007774	mol_007774	4658258	4658258	4673664	theory_fixed
7775	read_007775	mol_007775	4658437	4658437	4673270	theory_fixed
7776	read_007776	mol_007776	4659334	4659334	4674111	theory_fixed
7777	read_007777	mol_007777	4661097	4661097	4680823	theory_fixed
7778	read_007778	mol_007778	4661545	4661545	4684905	theory_fixed
7779	read_007779	mol_007779	4661583	4661583	4680067	theory_fixed
7780	read_007780	mol_007780	4662824	4662824	4684438	theory_fixed
7781	read_007781	mol_007781	4663073	4663073	4686844	theory_fixed
7782	read_007782	mol_007782	4663410	4663410	4680003	theory_fixed
7783	read_007783	mol_007783	4664107	4664107	4682071	theory_fixed
7784	read_007784	mol_007784	4664181	4664181	4686884	theory_fixed
7785	read_007785	mol_007785	4664471	4664471	4686956	theory_fixed
7786	read_007786	mol_007786	4664520	4664520	4678197	theory_fixed
7787	read_007787	mol_007787	4665556	4665556	4681443	theory_fixed
7788	read_007788	mol_007788	4666304	4666304	4679104	theory_fixed
7789	read_007789	mol_007789	4666603	4666603	4682054	theory_fixed
7790	read_007790	mol_007790	4666637	4666637	4685832	theory_fixed
7791	read_007791	mol_007791	4667363	4667363	4680099	theory_fixed
7792	read_007792	mol_007792	4669170	4669170	4686761	theory_fixed
7793	read_007793	mol_007793	4669497	4669497	4692471	theory_fixed
7794	read_007794	mol_007794	4670180	4670180	4695606	theory_fixed
7795	read_007795	mol_007795	4670271	4670271	4683680	theory_fixed
7796	read_007796	mol_007796	4670879	4670879	4693319	theory_fixed
7797	read_007797	mol_007797	4672486	4672486	4687603	theory_fixed
7798	read_007798	mol_007798	4673344	4673344	4689424	theory_fixed
7799	read_007799	mol_007799	4673516	4673516	4694631	theory_fixed
7800	read_007800	mol_007800	4673706	4673706	4710711	theory_fixed
7801	read_007801	mol_007801	4674090	4674090	4691625	theory_fixed
7802	read_007802	mol_007802	4674487	4674487	4695492	theory_fixed
7803	read_007803	mol_007803	4675693	4675693	4695358	theory_fixed
7804	read_007804	mol_007804	4676867	4676867	4704999	theory_fixed
7805	read_007805	mol_007805	4677136	4677136	4694934	theory_fixed
7806	read_007806	mol_007806	4678113	4678113	4698235	theory_fixed
7807	read_007807	mol_007807	4680038	4680038	4698441	theory_fixed
7808	read_007808	mol_007808	4680058	4680058	4694873	theory_fixed
7809	read_007809	mol_007809	4680064	4680064	4699311	theory_fixed
7810	read_007810	mol_007810	4680302	4680302	4693087	theory_fixed
7811	read_007811	mol_007811	4681869	4681869	4698716	theory_fixed
7812	read_007812	mol_007812	4681983	4681983	4695673	theory_fixed
7813	read_007813	mol_007813	4682213	4682213	4698894	theory_fixed
7814	read_007814	mol_007814	4682262	4682262	4700199	theory_fixed
7815	read_007815	mol_007815	4682294	4682294	4705375	theory_fixed
7816	read_007816	mol_007816	4682784	4682784	4700875	theory_fixed
7817	read_007817	mol_007817	4682837	4682837	4698667	theory_fixed
7818	read_007818	mol_007818	4683747	4683747	4701080	theory_fixed
7819	read_007819	mol_007819	4684772	4684772	4706880	theory_fixed
7820	read_007820	mol_007820	4685339	4685339	4699880	theory_fixed
7821	read_007821	mol_007821	4686254	4686254	4704461	theory_fixed
7822	read_007822	mol_007822	4687671	4687671	4712059	theory_fixed
7823	read_007823	mol_007823	4688720	4688720	4715353	theory_fixed
7824	read_007824	mol_007824	4690180	4690180	4717667	theory_fixed
7825	read_007825	mol_007825	4691806	4691806	4708312	theory_fixed
7826	read_007826	mol_007826	4692587	4692587	4709960	theory_fixed
7827	read_007827	mol_007827	4692770	4692770	4706683	theory_fixed
7828	read_007828	mol_007828	4693060	4693060	4704194	theory_fixed
7829	read_007829	mol_007829	4693641	4693641	4710465	theory_fixed
7830	read_007830	mol_007830	4694264	4694264	4707905	theory_fixed
7831	read_007831	mol_007831	4694419	4694419	4716718	theory_fixed
7832	read_007832	mol_007832	4694627	4694627	4715107	theory_fixed
7833	read_007833	mol_007833	4695288	4695288	4708082	theory_fixed
7834	read_007834	mol_007834	4698553	4698553	4713619	theory_fixed
7835	read_007835	mol_007835	4699270	4699270	4717367	theory_fixed
7836	read_007836	mol_007836	4699450	4699450	4714550	theory_fixed
7837	read_007837	mol_007837	4701104	4701104	4714639	theory_fixed
7838	read_007838	mol_007838	4701192	4701192	4718201	theory_fixed
7839	read_007839	mol_007839	4701814	4701814	4721259	theory_fixed
7840	read_007840	mol_007840	4702606	4702606	4721826	theory_fixed
7841	read_007841	mol_007841	4703789	4703789	4719323	theory_fixed
7842	read_007842	mol_007842	4703805	4703805	4722512	theory_fixed
7843	read_007843	mol_007843	4704192	4704192	4726655	theory_fixed
7844	read_007844	mol_007844	4705775	4705775	4718948	theory_fixed
7845	read_007845	mol_007845	4705973	4705973	4724850	theory_fixed
7846	read_007846	mol_007846	4706624	4706624	4731040	theory_fixed
7847	read_007847	mol_007847	4706662	4706662	4730959	theory_fixed
7848	read_007848	mol_007848	4706891	4706891	4726728	theory_fixed
7849	read_007849	mol_007849	4707174	4707174	4728636	theory_fixed
7850	read_007850	mol_007850	4708380	4708380	4730904	theory_fixed
7851	read_007851	mol_007851	4708420	4708420	4727557	theory_fixed
7852	read_007852	mol_007852	4708973	4708973	4720353	theory_fixed
7853	read_007853	mol_007853	4709184	4709184	4733044	theory_fixed
7854	read_007854	mol_007854	4709427	4709427	4729262	theory_fixed
7855	read_007855	mol_007855	4709660	4709660	4724198	theory_fixed
7856	read_007856	mol_007856	4709881	4709881	4726882	theory_fixed
7857	read_007857	mol_007857	4710272	4710272	4732862	theory_fixed
7858	read_007858	mol_007858	4711131	4711131	4727483	theory_fixed
7859	read_007859	mol_007859	4711235	4711235	4734365	theory_fixed
7860	read_007860	mol_007860	4712506	4712506	4731082	theory_fixed
7861	read_007861	mol_007861	4713263	4713263	4732409	theory_fixed
7862	read_007862	mol_007862	4713272	4713272	4731441	theory_fixed
7863	read_007863	mol_007863	4713519	4713519	4729961	theory_fixed
7864	read_007864	mol_007864	4713663	4713663	4727475	theory_fixed
7865	read_007865	mol_007865	4713957	4713957	4735521	theory_fixed
7866	read_007866	mol_007866	4714033	4714033	4732356	theory_fixed
7867	read_007867	mol_007867	4714392	4714392	4730765	theory_fixed
7868	read_007868	mol_007868	4715361	4715361	4726847	theory_fixed
7869	read_007869	mol_007869	4716232	4716232	4737195	theory_fixed
7870	read_007870	mol_007870	4716240	4716240	4736561	theory_fixed
7871	read_007871	mol_007871	4716408	4716408	4730358	theory_fixed
7872	read_007872	mol_007872	4716469	4716469	4732793	theory_fixed
7873	read_007873	mol_007873	4716740	4716740	4735392	theory_fixed
7874	read_007874	mol_007874	4717479	4717479	4730881	theory_fixed
7875	read_007875	mol_007875	4718492	4718492	4734316	theory_fixed
7876	read_007876	mol_007876	4719413	4719413	4736132	theory_fixed
7877	read_007877	mol_007877	4720899	4720899	4737367	theory_fixed
7878	read_007878	mol_007878	4721287	4721287	4749230	theory_fixed
7879	read_007879	mol_007879	4721428	4721428	4736742	theory_fixed
7880	read_007880	mol_007880	4721541	4721541	4739120	theory_fixed
7881	read_007881	mol_007881	4723041	4723041	4741153	theory_fixed
7882	read_007882	mol_007882	4724347	4724347	4737324	theory_fixed
7883	read_007883	mol_007883	4725323	4725323	4747754	theory_fixed
7884	read_007884	mol_007884	4726823	4726823	4741508	theory_fixed
7885	read_007885	mol_007885	4727101	4727101	4752456	theory_fixed
7886	read_007886	mol_007886	4727476	4727476	4743658	theory_fixed
7887	read_007887	mol_007887	4727622	4727622	4746477	theory_fixed
7888	read_007888	mol_007888	4728244	4728244	4748075	theory_fixed
7889	read_007889	mol_007889	4728878	4728878	4745662	theory_fixed
7890	read_007890	mol_007890	4729830	4729830	4744298	theory_fixed
7891	read_007891	mol_007891	4729938	4729938	4747398	theory_fixed
7892	read_007892	mol_007892	4731307	4731307	4744612	theory_fixed
7893	read_007893	mol_007893	4732009	4732009	4746978	theory_fixed
7894	read_007894	mol_007894	4732025	4732025	4751816	theory_fixed
7895	read_007895	mol_007895	4732811	4732811	4751873	theory_fixed
7896	read_007896	mol_007896	4733130	4733130	4753692	theory_fixed
7897	read_007897	mol_007897	4733307	4733307	4750033	theory_fixed
7898	read_007898	mol_007898	4733542	4733542	4752013	theory_fixed
7899	read_007899	mol_007899	4734199	4734199	4751073	theory_fixed
7900	read_007900	mol_007900	4734336	4734336	4749815	theory_fixed
7901	read_007901	mol_007901	4734960	4734960	4752135	theory_fixed
7902	read_007902	mol_007902	4735250	4735250	4769439	theory_fixed
7903	read_007903	mol_007903	4736685	4736685	4749698	theory_fixed
7904	read_007904	mol_007904	4737062	4737062	4754393	theory_fixed
7905	read_007905	mol_007905	4737902	4737902	4755894	theory_fixed
7906	read_007906	mol_007906	4738354	4738354	4755052	theory_fixed
7907	read_007907	mol_007907	4738359	4738359	4755374	theory_fixed
7908	read_007908	mol_007908	4740201	4740201	4756135	theory_fixed
7909	read_007909	mol_007909	4740282	4740282	4753296	theory_fixed
7910	read_007910	mol_007910	4741567	4741567	4761966	theory_fixed
7911	read_007911	mol_007911	4741653	4741653	4757168	theory_fixed
7912	read_007912	mol_007912	4741708	4741708	4754617	theory_fixed
7913	read_007913	mol_007913	4742642	4742642	4759717	theory_fixed
7914	read_007914	mol_007914	4743031	4743031	4759884	theory_fixed
7915	read_007915	mol_007915	4743365	4743365	4758207	theory_fixed
7916	read_007916	mol_007916	4743693	4743693	4769437	theory_fixed
7917	read_007917	mol_007917	4745260	4745260	4762112	theory_fixed
7918	read_007918	mol_007918	4745573	4745573	4764287	theory_fixed
7919	read_007919	mol_007919	4746221	4746221	4763854	theory_fixed
7920	read_007920	mol_007920	4747002	4747002	4761420	theory_fixed
7921	read_007921	mol_007921	4747014	4747014	4770732	theory_fixed
7922	read_007922	mol_007922	4747332	4747332	4767718	theory_fixed
7923	read_007923	mol_007923	4747378	4747378	4764851	theory_fixed
7924	read_007924	mol_007924	4748417	4748417	4765661	theory_fixed
7925	read_007925	mol_007925	4749440	4749440	4764762	theory_fixed
7926	read_007926	mol_007926	4750878	4750878	4765325	theory_fixed
7927	read_007927	mol_007927	4751685	4751685	4773925	theory_fixed
7928	read_007928	mol_007928	4754106	4754106	4767996	theory_fixed
7929	read_007929	mol_007929	4755483	4755483	4772164	theory_fixed
7930	read_007930	mol_007930	4755507	4755507	4773265	theory_fixed
7931	read_007931	mol_007931	4757570	4757570	4769693	theory_fixed
7932	read_007932	mol_007932	4758680	4758680	4774189	theory_fixed
7933	read_007933	mol_007933	4759089	4759089	4773561	theory_fixed
7934	read_007934	mol_007934	4759326	4759326	4770876	theory_fixed
7935	read_007935	mol_007935	4760117	4760117	4782559	theory_fixed
7936	read_007936	mol_007936	4760556	4760556	4777274	theory_fixed
7937	read_007937	mol_007937	4760808	4760808	4775542	theory_fixed
7938	read_007938	mol_007938	4761590	4761590	4778277	theory_fixed
7939	read_007939	mol_007939	4761962	4761962	4782090	theory_fixed
7940	read_007940	mol_007940	4762127	4762127	4791756	theory_fixed
7941	read_007941	mol_007941	4762143	4762143	4780251	theory_fixed
7942	read_007942	mol_007942	4762338	4762338	4782148	theory_fixed
7943	read_007943	mol_007943	4763112	4763112	4779067	theory_fixed
7944	read_007944	mol_007944	4764747	4764747	4785225	theory_fixed
7945	read_007945	mol_007945	4765396	4765396	4779956	theory_fixed
7946	read_007946	mol_007946	4767482	4767482	4780735	theory_fixed
7947	read_007947	mol_007947	4768130	4768130	4784439	theory_fixed
7948	read_007948	mol_007948	4769030	4769030	4795727	theory_fixed
7949	read_007949	mol_007949	4769436	4769436	4789293	theory_fixed
7950	read_007950	mol_007950	4769522	4769522	4786811	theory_fixed
7951	read_007951	mol_007951	4771320	4771320	4790536	theory_fixed
7952	read_007952	mol_007952	4771648	4771648	4785545	theory_fixed
7953	read_007953	mol_007953	4772147	4772147	4789406	theory_fixed
7954	read_007954	mol_007954	4772251	4772251	4785277	theory_fixed
7955	read_007955	mol_007955	4772474	4772474	4796714	theory_fixed
7956	read_007956	mol_007956	4772756	4772756	4791430	theory_fixed
7957	read_007957	mol_007957	4773010	4773010	4792190	theory_fixed
7958	read_007958	mol_007958	4774263	4774263	4788678	theory_fixed
7959	read_007959	mol_007959	4775567	4775567	4791391	theory_fixed
7960	read_007960	mol_007960	4776660	4776660	4800473	theory_fixed
7961	read_007961	mol_007961	4776740	4776740	4795136	theory_fixed
7962	read_007962	mol_007962	4777023	4777023	4792071	theory_fixed
7963	read_007963	mol_007963	4778181	4778181	4790966	theory_fixed
7964	read_007964	mol_007964	4779621	4779621	4790134	theory_fixed
7965	read_007965	mol_007965	4779710	4779710	4792167	theory_fixed
7966	read_007966	mol_007966	4780524	4780524	4795678	theory_fixed
7967	read_007967	mol_007967	4781228	4781228	4799438	theory_fixed
7968	read_007968	mol_007968	4782119	4782119	4801232	theory_fixed
7969	read_007969	mol_007969	4782650	4782650	4802774	theory_fixed
7970	read_007970	mol_007970	4783898	4783898	4800741	theory_fixed
7971	read_007971	mol_007971	4784578	4784578	4794422	theory_fixed
7972	read_007972	mol_007972	4785047	4785047	4803153	theory_fixed
7973	read_007973	mol_007973	4785296	4785296	4798679	theory_fixed
7974	read_007974	mol_007974	4785445	4785445	4802972	theory_fixed
7975	read_007975	mol_007975	4786268	4786268	4803411	theory_fixed
7976	read_007976	mol_007976	4786501	4786501	4802057	theory_fixed
7977	read_007977	mol_007977	4786829	4786829	4803541	theory_fixed
7978	read_007978	mol_007978	4788394	4788394	4804797	theory_fixed
7979	read_007979	mol_007979	4789323	4789323	4811034	theory_fixed
7980	read_007980	mol_007980	4789360	4789360	4805236	theory_fixed
7981	read_007981	mol_007981	4789381	4789381	4813783	theory_fixed
7982	read_007982	mol_007982	4789590	4789590	4802100	theory_fixed
7983	read_007983	mol_007983	4790012	4790012	4803762	theory_fixed
7984	read_007984	mol_007984	4791232	4791232	4806005	theory_fixed
7985	read_007985	mol_007985	4791352	4791352	4803816	theory_fixed
7986	read_007986	mol_007986	4791679	4791679	4806595	theory_fixed
7987	read_007987	mol_007987	4791765	4791765	4813642	theory_fixed
7988	read_007988	mol_007988	4793525	4793525	4816459	theory_fixed
7989	read_007989	mol_007989	4794024	4794024	4810972	theory_fixed
7990	read_007990	mol_007990	4794365	4794365	4805380	theory_fixed
7991	read_007991	mol_007991	4795091	4795091	4812346	theory_fixed
7992	read_007992	mol_007992	4795233	4795233	4813062	theory_fixed
7993	read_007993	mol_007993	4795390	4795390	4813108	theory_fixed
7994	read_007994	mol_007994	4796209	4796209	4808992	theory_fixed
7995	read_007995	mol_007995	4796650	4796650	4815156	theory_fixed
7996	read_007996	mol_007996	4796904	4796904	4812321	theory_fixed
7997	read_007997	mol_007997	4797217	4797217	4815378	theory_fixed
7998	read_007998	mol_007998	4797296	4797296	4817073	theory_fixed
7999	read_007999	mol_007999	4797547	4797547	4812114	theory_fixed
8000	read_008000	mol_008000	4797685	4797685	4812630	theory_fixed
8001	read_008001	mol_008001	4798366	4798366	4813709	theory_fixed
8002	read_008002	mol_008002	4798703	4798703	4826655	theory_fixed
8003	read_008003	mol_008003	4799229	4799229	4819295	theory_fixed
8004	read_008004	mol_008004	4802345	4802345	4822606	theory_fixed
8005	read_008005	mol_008005	4802652	4802652	4817111	theory_fixed
8006	read_008006	mol_008006	4802784	4802784	4825569	theory_fixed
8007	read_008007	mol_008007	4803232	4803232	4817815	theory_fixed
8008	read_008008	mol_008008	4804992	4804992	4818000	theory_fixed
8009	read_008009	mol_008009	4805245	4805245	4823104	theory_fixed
8010	read_008010	mol_008010	4807187	4807187	4830538	theory_fixed
8011	read_008011	mol_008011	4807817	4807817	4829817	theory_fixed
8012	read_008012	mol_008012	4808537	4808537	4823672	theory_fixed
8013	read_008013	mol_008013	4809237	4809237	4822709	theory_fixed
8014	read_008014	mol_008014	4810555	4810555	4828209	theory_fixed
8015	read_008015	mol_008015	4811793	4811793	4833077	theory_fixed
8016	read_008016	mol_008016	4811979	4811979	4829753	theory_fixed
8017	read_008017	mol_008017	4812120	4812120	4824795	theory_fixed
8018	read_008018	mol_008018	4812403	4812403	4829237	theory_fixed
8019	read_008019	mol_008019	4813139	4813139	4834457	theory_fixed
8020	read_008020	mol_008020	4815483	4815483	4836936	theory_fixed
8021	read_008021	mol_008021	4816017	4816017	4834370	theory_fixed
8022	read_008022	mol_008022	4816133	4816133	4833690	theory_fixed
8023	read_008023	mol_008023	4816177	4816177	4829975	theory_fixed
8024	read_008024	mol_008024	4817082	4817082	4834841	theory_fixed
8025	read_008025	mol_008025	4817258	4817258	4835535	theory_fixed
8026	read_008026	mol_008026	4819108	4819108	4836837	theory_fixed
8027	read_008027	mol_008027	4819158	4819158	4830660	theory_fixed
8028	read_008028	mol_008028	4821833	4821833	4838513	theory_fixed
8029	read_008029	mol_008029	4821874	4821874	4832667	theory_fixed
8030	read_008030	mol_008030	4822432	4822432	4840637	theory_fixed
8031	read_008031	mol_008031	4823320	4823320	4836212	theory_fixed
8032	read_008032	mol_008032	4824386	4824386	4838498	theory_fixed
8033	read_008033	mol_008033	4824406	4824406	4839215	theory_fixed
8034	read_008034	mol_008034	4824921	4824921	4839237	theory_fixed
8035	read_008035	mol_008035	4824949	4824949	4849355	theory_fixed
8036	read_008036	mol_008036	4825240	4825240	4840456	theory_fixed
8037	read_008037	mol_008037	4825845	4825845	4846160	theory_fixed
8038	read_008038	mol_008038	4827165	4827165	4843326	theory_fixed
8039	read_008039	mol_008039	4827206	4827206	4846286	theory_fixed
8040	read_008040	mol_008040	4827470	4827470	4849050	theory_fixed
8041	read_008041	mol_008041	4827887	4827887	4847598	theory_fixed
8042	read_008042	mol_008042	4828681	4828681	4844506	theory_fixed
8043	read_008043	mol_008043	4828843	4828843	4844595	theory_fixed
8044	read_008044	mol_008044	4829285	4829285	4846190	theory_fixed
8045	read_008045	mol_008045	4829555	4829555	4849878	theory_fixed
8046	read_008046	mol_008046	4829798	4829798	4848651	theory_fixed
8047	read_008047	mol_008047	4830944	4830944	4855827	theory_fixed
8048	read_008048	mol_008048	4831228	4831228	4849356	theory_fixed
8049	read_008049	mol_008049	4832482	4832482	4859742	theory_fixed
8050	read_008050	mol_008050	4832968	4832968	4848692	theory_fixed
8051	read_008051	mol_008051	4833411	4833411	4853154	theory_fixed
8052	read_008052	mol_008052	4833666	4833666	4852209	theory_fixed
8053	read_008053	mol_008053	4836320	4836320	4851170	theory_fixed
8054	read_008054	mol_008054	4838639	4838639	4858284	theory_fixed
8055	read_008055	mol_008055	4839720	4839720	4850055	theory_fixed
8056	read_008056	mol_008056	4840001	4840001	4859455	theory_fixed
8057	read_008057	mol_008057	4840281	4840281	4853894	theory_fixed
8058	read_008058	mol_008058	4840330	4840330	4852872	theory_fixed
8059	read_008059	mol_008059	4840422	4840422	4854409	theory_fixed
8060	read_008060	mol_008060	4840808	4840808	4858247	theory_fixed
8061	read_008061	mol_008061	4840978	4840978	4862724	theory_fixed
8062	read_008062	mol_008062	4841331	4841331	4855207	theory_fixed
8063	read_008063	mol_008063	4841660	4841660	4859693	theory_fixed
8064	read_008064	mol_008064	4842287	4842287	4860764	theory_fixed
8065	read_008065	mol_008065	4843369	4843369	4858836	theory_fixed
8066	read_008066	mol_008066	4843509	4843509	4872925	theory_fixed
8067	read_008067	mol_008067	4843825	4843825	4868043	theory_fixed
8068	read_008068	mol_008068	4844574	4844574	4861946	theory_fixed
8069	read_008069	mol_008069	4845360	4845360	4858182	theory_fixed
8070	read_008070	mol_008070	4845460	4845460	4861102	theory_fixed
8071	read_008071	mol_008071	4846390	4846390	4859162	theory_fixed
8072	read_008072	mol_008072	4846823	4846823	4861654	theory_fixed
8073	read_008073	mol_008073	4847442	4847442	4863384	theory_fixed
8074	read_008074	mol_008074	4847924	4847924	4872630	theory_fixed
8075	read_008075	mol_008075	4848061	4848061	4863804	theory_fixed
8076	read_008076	mol_008076	4848763	4848763	4872880	theory_fixed
8077	read_008077	mol_008077	4849893	4849893	4869796	theory_fixed
8078	read_008078	mol_008078	4850745	4850745	4869481	theory_fixed
8079	read_008079	mol_008079	4851029	4851029	4867786	theory_fixed
8080	read_008080	mol_008080	4851994	4851994	4871170	theory_fixed
8081	read_008081	mol_008081	4852480	4852480	4862598	theory_fixed
8082	read_008082	mol_008082	4852845	4852845	4865173	theory_fixed
8083	read_008083	mol_008083	4853195	4853195	4865422	theory_fixed
8084	read_008084	mol_008084	4853251	4853251	4871345	theory_fixed
8085	read_008085	mol_008085	4853405	4853405	4874984	theory_fixed
8086	read_008086	mol_008086	4853411	4853411	4869934	theory_fixed
8087	read_008087	mol_008087	4853461	4853461	4866483	theory_fixed
8088	read_008088	mol_008088	4853886	4853886	4876817	theory_fixed
8089	read_008089	mol_008089	4854203	4854203	4875219	theory_fixed
8090	read_008090	mol_008090	4855150	4855150	4870408	theory_fixed
8091	read_008091	mol_008091	4856299	4856299	4868803	theory_fixed
8092	read_008092	mol_008092	4856441	4856441	4873203	theory_fixed
8093	read_008093	mol_008093	4856717	4856717	4875125	theory_fixed
8094	read_008094	mol_008094	4857689	4857689	4874543	theory_fixed
8095	read_008095	mol_008095	4858464	4858464	4876305	theory_fixed
8096	read_008096	mol_008096	4859992	4859992	4871686	theory_fixed
8097	read_008097	mol_008097	4860299	4860299	4876951	theory_fixed
8098	read_008098	mol_008098	4860502	4860502	4880076	theory_fixed
8099	read_008099	mol_008099	4860865	4860865	4878596	theory_fixed
8100	read_008100	mol_008100	4860916	4860916	4883960	theory_fixed
8101	read_008101	mol_008101	4862256	4862256	4880863	theory_fixed
8102	read_008102	mol_008102	4862495	4862495	4881510	theory_fixed
8103	read_008103	mol_008103	4862717	4862717	4877414	theory_fixed
8104	read_008104	mol_008104	4862990	4862990	4882870	theory_fixed
8105	read_008105	mol_008105	4863219	4863219	4875942	theory_fixed
8106	read_008106	mol_008106	4863948	4863948	4876754	theory_fixed
8107	read_008107	mol_008107	4864585	4864585	4875829	theory_fixed
8108	read_008108	mol_008108	4864714	4864714	4888968	theory_fixed
8109	read_008109	mol_008109	4864757	4864757	4887832	theory_fixed
8110	read_008110	mol_008110	4864772	4864772	4882474	theory_fixed
8111	read_008111	mol_008111	4865721	4865721	4883729	theory_fixed
8112	read_008112	mol_008112	4865936	4865936	4877927	theory_fixed
8113	read_008113	mol_008113	4866772	4866772	4882775	theory_fixed
8114	read_008114	mol_008114	4867176	4867176	4884633	theory_fixed
8115	read_008115	mol_008115	4867947	4867947	4887823	theory_fixed
8116	read_008116	mol_008116	4867971	4867971	4876216	theory_fixed
8117	read_008117	mol_008117	4870020	4870020	4886944	theory_fixed
8118	read_008118	mol_008118	4870613	4870613	4891714	theory_fixed
8119	read_008119	mol_008119	4871397	4871397	4890684	theory_fixed
8120	read_008120	mol_008120	4871909	4871909	4885870	theory_fixed
8121	read_008121	mol_008121	4871920	4871920	4891451	theory_fixed
8122	read_008122	mol_008122	4872032	4872032	4892093	theory_fixed
8123	read_008123	mol_008123	4873465	4873465	4890082	theory_fixed
8124	read_008124	mol_008124	4874341	4874341	4891547	theory_fixed
8125	read_008125	mol_008125	4875030	4875030	4887699	theory_fixed
8126	read_008126	mol_008126	4875385	4875385	4896577	theory_fixed
8127	read_008127	mol_008127	4875387	4875387	4899505	theory_fixed
8128	read_008128	mol_008128	4875815	4875815	4891267	theory_fixed
8129	read_008129	mol_008129	4876478	4876478	4903727	theory_fixed
8130	read_008130	mol_008130	4877086	4877086	4896114	theory_fixed
8131	read_008131	mol_008131	4877516	4877516	4893899	theory_fixed
8132	read_008132	mol_008132	4879248	4879248	4898493	theory_fixed
8133	read_008133	mol_008133	4879513	4879513	4894440	theory_fixed
8134	read_008134	mol_008134	4879875	4879875	4897910	theory_fixed
8135	read_008135	mol_008135	4880490	4880490	4893652	theory_fixed
8136	read_008136	mol_008136	4880522	4880522	4893243	theory_fixed
8137	read_008137	mol_008137	4880921	4880921	4902522	theory_fixed
8138	read_008138	mol_008138	4881607	4881607	4903882	theory_fixed
8139	read_008139	mol_008139	4884142	4884142	4902391	theory_fixed
8140	read_008140	mol_008140	4884598	4884598	4896606	theory_fixed
8141	read_008141	mol_008141	4884779	4884779	4905013	theory_fixed
8142	read_008142	mol_008142	4885279	4885279	4904872	theory_fixed
8143	read_008143	mol_008143	4885794	4885794	4899218	theory_fixed
8144	read_008144	mol_008144	4886327	4886327	4907994	theory_fixed
8145	read_008145	mol_008145	4887820	4887820	4906649	theory_fixed
8146	read_008146	mol_008146	4889373	4889373	4909419	theory_fixed
8147	read_008147	mol_008147	4889669	4889669	4908019	theory_fixed
8148	read_008148	mol_008148	4890270	4890270	4910416	theory_fixed
8149	read_008149	mol_008149	4891077	4891077	4907580	theory_fixed
8150	read_008150	mol_008150	4891339	4891339	4915487	theory_fixed
8151	read_008151	mol_008151	4891375	4891375	4908085	theory_fixed
8152	read_008152	mol_008152	4891961	4891961	4906833	theory_fixed
8153	read_008153	mol_008153	4891985	4891985	4912990	theory_fixed
8154	read_008154	mol_008154	4892106	4892106	4911844	theory_fixed
8155	read_008155	mol_008155	4892196	4892196	4907310	theory_fixed
8156	read_008156	mol_008156	4892328	4892328	4908283	theory_fixed
8157	read_008157	mol_008157	4892776	4892776	4910721	theory_fixed
8158	read_008158	mol_008158	4892942	4892942	4913511	theory_fixed
8159	read_008159	mol_008159	4893209	4893209	4912351	theory_fixed
8160	read_008160	mol_008160	4893531	4893531	4914913	theory_fixed
8161	read_008161	mol_008161	4893777	4893777	4905869	theory_fixed
8162	read_008162	mol_008162	4894582	4894582	4908920	theory_fixed
8163	read_008163	mol_008163	4894647	4894647	4904456	theory_fixed
8164	read_008164	mol_008164	4895108	4895108	4918845	theory_fixed
8165	read_008165	mol_008165	4896396	4896396	4912135	theory_fixed
8166	read_008166	mol_008166	4898720	4898720	4923602	theory_fixed
8167	read_008167	mol_008167	4900091	4900091	4916213	theory_fixed
8168	read_008168	mol_008168	4900293	4900293	4917993	theory_fixed
8169	read_008169	mol_008169	4900562	4900562	4921290	theory_fixed
8170	read_008170	mol_008170	4900883	4900883	4927275	theory_fixed
8171	read_008171	mol_008171	4901474	4901474	4922485	theory_fixed
8172	read_008172	mol_008172	4901663	4901663	4915552	theory_fixed
8173	read_008173	mol_008173	4903535	4903535	4918168	theory_fixed
8174	read_008174	mol_008174	4904176	4904176	4918187	theory_fixed
8175	read_008175	mol_008175	4904408	4904408	4930802	theory_fixed
8176	read_008176	mol_008176	4905464	4905464	4921590	theory_fixed
8177	read_008177	mol_008177	4905917	4905917	4927218	theory_fixed
8178	read_008178	mol_008178	4907050	4907050	4929855	theory_fixed
8179	read_008179	mol_008179	4907397	4907397	4923169	theory_fixed
8180	read_008180	mol_008180	4908392	4908392	4927197	theory_fixed
8181	read_008181	mol_008181	4908723	4908723	4922511	theory_fixed
8182	read_008182	mol_008182	4908758	4908758	4929599	theory_fixed
8183	read_008183	mol_008183	4910137	4910137	4938877	theory_fixed
8184	read_008184	mol_008184	4912299	4912299	4933587	theory_fixed
8185	read_008185	mol_008185	4912557	4912557	4932471	theory_fixed
8186	read_008186	mol_008186	4913333	4913333	4928233	theory_fixed
8187	read_008187	mol_008187	4915335	4915335	4931497	theory_fixed
8188	read_008188	mol_008188	4916533	4916533	4933632	theory_fixed
8189	read_008189	mol_008189	4916716	4916716	4931964	theory_fixed
8190	read_008190	mol_008190	4916910	4916910	4935071	theory_fixed
8191	read_008191	mol_008191	4917175	4917175	4932123	theory_fixed
8192	read_008192	mol_008192	4917674	4917674	4939533	theory_fixed
8193	read_008193	mol_008193	4918092	4918092	4936217	theory_fixed
8194	read_008194	mol_008194	4918288	4918288	4933719	theory_fixed
8195	read_008195	mol_008195	4918994	4918994	4932681	theory_fixed
8196	read_008196	mol_008196	4919021	4919021	4933601	theory_fixed
8197	read_008197	mol_008197	4919470	4919470	4942235	theory_fixed
8198	read_008198	mol_008198	4919526	4919526	4936746	theory_fixed
8199	read_008199	mol_008199	4920022	4920022	4946734	theory_fixed
8200	read_008200	mol_008200	4921692	4921692	4939340	theory_fixed
8201	read_008201	mol_008201	4922371	4922371	4945758	theory_fixed
8202	read_008202	mol_008202	4922546	4922546	4939957	theory_fixed
8203	read_008203	mol_008203	4923065	4923065	4938276	theory_fixed
8204	read_008204	mol_008204	4923514	4923514	4936099	theory_fixed
8205	read_008205	mol_008205	4924901	4924901	4946257	theory_fixed
8206	read_008206	mol_008206	4925045	4925045	4944215	theory_fixed
8207	read_008207	mol_008207	4925252	4925252	4947076	theory_fixed
8208	read_008208	mol_008208	4925283	4925283	4939244	theory_fixed
8209	read_008209	mol_008209	4925396	4925396	4940504	theory_fixed
8210	read_008210	mol_008210	4925678	4925678	4944722	theory_fixed
8211	read_008211	mol_008211	4926211	4926211	4949954	theory_fixed
8212	read_008212	mol_008212	4926478	4926478	4938906	theory_fixed
8213	read_008213	mol_008213	4926765	4926765	4943588	theory_fixed
8214	read_008214	mol_008214	4927478	4927478	4956970	theory_fixed
8215	read_008215	mol_008215	4928246	4928246	4948139	theory_fixed
8216	read_008216	mol_008216	4928252	4928252	4946449	theory_fixed
8217	read_008217	mol_008217	4928481	4928481	4942001	theory_fixed
8218	read_008218	mol_008218	4928658	4928658	4943021	theory_fixed
8219	read_008219	mol_008219	4929537	4929537	4960365	theory_fixed
8220	read_008220	mol_008220	4929768	4929768	4943664	theory_fixed
8221	read_008221	mol_008221	4929820	4929820	4944632	theory_fixed
8222	read_008222	mol_008222	4930568	4930568	4947049	theory_fixed
8223	read_008223	mol_008223	4930833	4930833	4945997	theory_fixed
8224	read_008224	mol_008224	4931592	4931592	4949841	theory_fixed
8225	read_008225	mol_008225	4932763	4932763	4952476	theory_fixed
8226	read_008226	mol_008226	4933600	4933600	4953107	theory_fixed
8227	read_008227	mol_008227	4934148	4934148	4947449	theory_fixed
8228	read_008228	mol_008228	4934522	4934522	4946195	theory_fixed
8229	read_008229	mol_008229	4934531	4934531	4957714	theory_fixed
8230	read_008230	mol_008230	4935246	4935246	4955098	theory_fixed
8231	read_008231	mol_008231	4937632	4937632	4953733	theory_fixed
8232	read_008232	mol_008232	4938353	4938353	4952026	theory_fixed
8233	read_008233	mol_008233	4940099	4940099	4956540	theory_fixed
8234	read_008234	mol_008234	4941019	4941019	4961793	theory_fixed
8235	read_008235	mol_008235	4941427	4941427	4955461	theory_fixed
8236	read_008236	mol_008236	4941475	4941475	4964051	theory_fixed
8237	read_008237	mol_008237	4941523	4941523	4964260	theory_fixed
8238	read_008238	mol_008238	4941599	4941599	4955239	theory_fixed
8239	read_008239	mol_008239	4943465	4943465	4959282	theory_fixed
8240	read_008240	mol_008240	4943911	4943911	4962622	theory_fixed
8241	read_008241	mol_008241	4944174	4944174	4966787	theory_fixed
8242	read_008242	mol_008242	4944305	4944305	4967414	theory_fixed
8243	read_008243	mol_008243	4944701	4944701	4959343	theory_fixed
8244	read_008244	mol_008244	4945147	4945147	4957658	theory_fixed
8245	read_008245	mol_008245	4945372	4945372	4970630	theory_fixed
8246	read_008246	mol_008246	4945607	4945607	4966183	theory_fixed
8247	read_008247	mol_008247	4945757	4945757	4963317	theory_fixed
8248	read_008248	mol_008248	4946732	4946732	4961754	theory_fixed
8249	read_008249	mol_008249	4947131	4947131	4962093	theory_fixed
8250	read_008250	mol_008250	4947250	4947250	4960528	theory_fixed
8251	read_008251	mol_008251	4947796	4947796	4964362	theory_fixed
8252	read_008252	mol_008252	4948129	4948129	4966446	theory_fixed
8253	read_008253	mol_008253	4948273	4948273	4964222	theory_fixed
8254	read_008254	mol_008254	4949453	4949453	4969261	theory_fixed
8255	read_008255	mol_008255	4949970	4949970	4965864	theory_fixed
8256	read_008256	mol_008256	4950910	4950910	4971034	theory_fixed
8257	read_008257	mol_008257	4952507	4952507	4969850	theory_fixed
8258	read_008258	mol_008258	4952745	4952745	4969661	theory_fixed
8259	read_008259	mol_008259	4952918	4952918	4978715	theory_fixed
8260	read_008260	mol_008260	4952992	4952992	4973566	theory_fixed
8261	read_008261	mol_008261	4953407	4953407	4968275	theory_fixed
8262	read_008262	mol_008262	4955000	4955000	4973883	theory_fixed
8263	read_008263	mol_008263	4955030	4955030	4972362	theory_fixed
8264	read_008264	mol_008264	4955902	4955902	4968730	theory_fixed
8265	read_008265	mol_008265	4956726	4956726	4974146	theory_fixed
8266	read_008266	mol_008266	4957184	4957184	4978047	theory_fixed
8267	read_008267	mol_008267	4957508	4957508	4980991	theory_fixed
8268	read_008268	mol_008268	4957954	4957954	4976089	theory_fixed
8269	read_008269	mol_008269	4958408	4958408	4976088	theory_fixed
8270	read_008270	mol_008270	4958656	4958656	4982297	theory_fixed
8271	read_008271	mol_008271	4959511	4959511	4971521	theory_fixed
8272	read_008272	mol_008272	4960108	4960108	4978884	theory_fixed
8273	read_008273	mol_008273	4960682	4960682	4975802	theory_fixed
8274	read_008274	mol_008274	4964544	4964544	4975974	theory_fixed
8275	read_008275	mol_008275	4964828	4964828	4981946	theory_fixed
8276	read_008276	mol_008276	4964893	4964893	4981077	theory_fixed
8277	read_008277	mol_008277	4965953	4965953	4981106	theory_fixed
8278	read_008278	mol_008278	4965961	4965961	4982859	theory_fixed
8279	read_008279	mol_008279	4966057	4966057	4984649	theory_fixed
8280	read_008280	mol_008280	4966242	4966242	4986639	theory_fixed
8281	read_008281	mol_008281	4966383	4966383	4988056	theory_fixed
8282	read_008282	mol_008282	4966918	4966918	4979831	theory_fixed
8283	read_008283	mol_008283	4967388	4967388	4981774	theory_fixed
8284	read_008284	mol_008284	4968276	4968276	4983182	theory_fixed
8285	read_008285	mol_008285	4968527	4968527	4995186	theory_fixed
8286	read_008286	mol_008286	4969274	4969274	4984185	theory_fixed
8287	read_008287	mol_008287	4969281	4969281	4985156	theory_fixed
8288	read_008288	mol_008288	4970137	4970137	4989852	theory_fixed
8289	read_008289	mol_008289	4970300	4970300	4989067	theory_fixed
8290	read_008290	mol_008290	4970470	4970470	4997535	theory_fixed
8291	read_008291	mol_008291	4971388	4971388	4982549	theory_fixed
8292	read_008292	mol_008292	4971419	4971419	4989527	theory_fixed
8293	read_008293	mol_008293	4971460	4971460	4991114	theory_fixed
8294	read_008294	mol_008294	4971672	4971672	4994365	theory_fixed
8295	read_008295	mol_008295	4972285	4972285	4991665	theory_fixed
8296	read_008296	mol_008296	4972807	4972807	4993945	theory_fixed
8297	read_008297	mol_008297	4972888	4972888	4995246	theory_fixed
8298	read_008298	mol_008298	4973035	4973035	4983733	theory_fixed
8299	read_008299	mol_008299	4973116	4973116	4998919	theory_fixed
8300	read_008300	mol_008300	4973419	4973419	4989635	theory_fixed
8301	read_008301	mol_008301	4973857	4973857	4999689	theory_fixed
8302	read_008302	mol_008302	4974133	4974133	4985896	theory_fixed
8303	read_008303	mol_008303	4974218	4974218	4989297	theory_fixed
8304	read_008304	mol_008304	4974631	4974631	5005486	theory_fixed
8305	read_008305	mol_008305	4975000	4975000	5000228	theory_fixed
8306	read_008306	mol_008306	4975433	4975433	4990249	theory_fixed
8307	read_008307	mol_008307	4976045	4976045	4992471	theory_fixed
8308	read_008308	mol_008308	4976530	4976530	4988622	theory_fixed
8309	read_008309	mol_008309	4976918	4976918	4991504	theory_fixed
8310	read_008310	mol_008310	4977424	4977424	4992872	theory_fixed
8311	read_008311	mol_008311	4977692	4977692	5004107	theory_fixed
8312	read_008312	mol_008312	4978060	4978060	4998099	theory_fixed
8313	read_008313	mol_008313	4978193	4978193	4994310	theory_fixed
8314	read_008314	mol_008314	4979032	4979032	5003275	theory_fixed
8315	read_008315	mol_008315	4979559	4979559	5001815	theory_fixed
8316	read_008316	mol_008316	4980260	4980260	4994420	theory_fixed
8317	read_008317	mol_008317	4980542	4980542	4994345	theory_fixed
8318	read_008318	mol_008318	4981099	4981099	4993579	theory_fixed
8319	read_008319	mol_008319	4982601	4982601	4991464	theory_fixed
8320	read_008320	mol_008320	4983044	4983044	5010372	theory_fixed
8321	read_008321	mol_008321	4983267	4983267	4998901	theory_fixed
8322	read_008322	mol_008322	4983269	4983269	4997459	theory_fixed
8323	read_008323	mol_008323	4983987	4983987	5005651	theory_fixed
8324	read_008324	mol_008324	4984096	4984096	5004653	theory_fixed
8325	read_008325	mol_008325	4984243	4984243	5004897	theory_fixed
8326	read_008326	mol_008326	4984290	4984290	4999474	theory_fixed
8327	read_008327	mol_008327	4984553	4984553	4996764	theory_fixed
8328	read_008328	mol_008328	4984600	4984600	5002001	theory_fixed
8329	read_008329	mol_008329	4985266	4985266	5004792	theory_fixed
8330	read_008330	mol_008330	4985333	4985333	5007763	theory_fixed
8331	read_008331	mol_008331	4985638	4985638	5013277	theory_fixed
8332	read_008332	mol_008332	4988321	4988321	5012924	theory_fixed
8333	read_008333	mol_008333	4988396	4988396	5003097	theory_fixed
8334	read_008334	mol_008334	4988864	4988864	5002207	theory_fixed
8335	read_008335	mol_008335	4989525	4989525	5007241	theory_fixed
8336	read_008336	mol_008336	4989786	4989786	5013002	theory_fixed
8337	read_008337	mol_008337	4989957	4989957	5006983	theory_fixed
8338	read_008338	mol_008338	4990445	4990445	5008759	theory_fixed
8339	read_008339	mol_008339	4990661	4990661	5016786	theory_fixed
8340	read_008340	mol_008340	4993023	4993023	5011972	theory_fixed
8341	read_008341	mol_008341	4993375	4993375	5005443	theory_fixed
8342	read_008342	mol_008342	4994229	4994229	5018407	theory_fixed
8343	read_008343	mol_008343	4994614	4994614	5015373	theory_fixed
8344	read_008344	mol_008344	4994826	4994826	5013430	theory_fixed
8345	read_008345	mol_008345	4995440	4995440	5006117	theory_fixed
8346	read_008346	mol_008346	4996208	4996208	5019544	theory_fixed
8347	read_008347	mol_008347	4996454	4996454	5018468	theory_fixed
8348	read_008348	mol_008348	4996943	4996943	5021414	theory_fixed
8349	read_008349	mol_008349	4997047	4997047	5016317	theory_fixed
8350	read_008350	mol_008350	4997550	4997550	5021668	theory_fixed
8351	read_008351	mol_008351	4997982	4997982	5014755	theory_fixed
8352	read_008352	mol_008352	4998545	4998545	5019283	theory_fixed
8353	read_008353	mol_008353	5000358	5000358	5015599	theory_fixed
8354	read_008354	mol_008354	5000401	5000401	5027207	theory_fixed
8355	read_008355	mol_008355	5001963	5001963	5015650	theory_fixed
8356	read_008356	mol_008356	5002316	5002316	5031415	theory_fixed
8357	read_008357	mol_008357	5003701	5003701	5024880	theory_fixed
8358	read_008358	mol_008358	5004130	5004130	5022105	theory_fixed
8359	read_008359	mol_008359	5004427	5004427	5027614	theory_fixed
8360	read_008360	mol_008360	5005232	5005232	5022417	theory_fixed
8361	read_008361	mol_008361	5005233	5005233	5029149	theory_fixed
8362	read_008362	mol_008362	5005382	5005382	5020514	theory_fixed
8363	read_008363	mol_008363	5006406	5006406	5020192	theory_fixed
8364	read_008364	mol_008364	5007424	5007424	5030070	theory_fixed
8365	read_008365	mol_008365	5009536	5009536	5028806	theory_fixed
8366	read_008366	mol_008366	5010691	5010691	5028632	theory_fixed
8367	read_008367	mol_008367	5010869	5010869	5032844	theory_fixed
8368	read_008368	mol_008368	5012301	5012301	5029232	theory_fixed
8369	read_008369	mol_008369	5012329	5012329	5026916	theory_fixed
8370	read_008370	mol_008370	5012534	5012534	5028395	theory_fixed
8371	read_008371	mol_008371	5013226	5013226	5027876	theory_fixed
8372	read_008372	mol_008372	5013421	5013421	5040909	theory_fixed
8373	read_008373	mol_008373	5013633	5013633	5033637	theory_fixed
8374	read_008374	mol_008374	5014513	5014513	5028675	theory_fixed
8375	read_008375	mol_008375	5014669	5014669	5036739	theory_fixed
8376	read_008376	mol_008376	5014844	5014844	5033490	theory_fixed
8377	read_008377	mol_008377	5016128	5016128	5036613	theory_fixed
8378	read_008378	mol_008378	5016165	5016165	5037326	theory_fixed
8379	read_008379	mol_008379	5016197	5016197	5043176	theory_fixed
8380	read_008380	mol_008380	5016530	5016530	5032110	theory_fixed
8381	read_008381	mol_008381	5017173	5017173	5028826	theory_fixed
8382	read_008382	mol_008382	5017191	5017191	5037655	theory_fixed
8383	read_008383	mol_008383	5018441	5018441	5042202	theory_fixed
8384	read_008384	mol_008384	5018845	5018845	5033578	theory_fixed
8385	read_008385	mol_008385	5019126	5019126	5045876	theory_fixed
8386	read_008386	mol_008386	5019153	5019153	5036519	theory_fixed
8387	read_008387	mol_008387	5019279	5019279	5033666	theory_fixed
8388	read_008388	mol_008388	5019386	5019386	5040915	theory_fixed
8389	read_008389	mol_008389	5019407	5019407	5037537	theory_fixed
8390	read_008390	mol_008390	5019629	5019629	5033950	theory_fixed
8391	read_008391	mol_008391	5020423	5020423	5045449	theory_fixed
8392	read_008392	mol_008392	5020545	5020545	5039260	theory_fixed
8393	read_008393	mol_008393	5020589	5020589	5038130	theory_fixed
8394	read_008394	mol_008394	5021868	5021868	5038341	theory_fixed
8395	read_008395	mol_008395	5022917	5022917	5039920	theory_fixed
8396	read_008396	mol_008396	5022981	5022981	5043555	theory_fixed
8397	read_008397	mol_008397	5023223	5023223	5039313	theory_fixed
8398	read_008398	mol_008398	5024243	5024243	5043102	theory_fixed
8399	read_008399	mol_008399	5025024	5025024	5048130	theory_fixed
8400	read_008400	mol_008400	5025980	5025980	5039058	theory_fixed
8401	read_008401	mol_008401	5026589	5026589	5046354	theory_fixed
8402	read_008402	mol_008402	5027326	5027326	5044557	theory_fixed
8403	read_008403	mol_008403	5027782	5027782	5042571	theory_fixed
8404	read_008404	mol_008404	5028130	5028130	5043864	theory_fixed
8405	read_008405	mol_008405	5028252	5028252	5045688	theory_fixed
8406	read_008406	mol_008406	5030351	5030351	5048765	theory_fixed
8407	read_008407	mol_008407	5031125	5031125	5047582	theory_fixed
8408	read_008408	mol_008408	5031304	5031304	5050636	theory_fixed
8409	read_008409	mol_008409	5031497	5031497	5050757	theory_fixed
8410	read_008410	mol_008410	5031618	5031618	5055389	theory_fixed
8411	read_008411	mol_008411	5031979	5031979	5044996	theory_fixed
8412	read_008412	mol_008412	5033403	5033403	5044913	theory_fixed
8413	read_008413	mol_008413	5033769	5033769	5053393	theory_fixed
8414	read_008414	mol_008414	5034176	5034176	5049509	theory_fixed
8415	read_008415	mol_008415	5034283	5034283	5051239	theory_fixed
8416	read_008416	mol_008416	5034448	5034448	5051041	theory_fixed
8417	read_008417	mol_008417	5034791	5034791	5050985	theory_fixed
8418	read_008418	mol_008418	5034988	5034988	5053853	theory_fixed
8419	read_008419	mol_008419	5035066	5035066	5067659	theory_fixed
8420	read_008420	mol_008420	5035707	5035707	5054611	theory_fixed
8421	read_008421	mol_008421	5036124	5036124	5070101	theory_fixed
8422	read_008422	mol_008422	5037107	5037107	5056797	theory_fixed
8423	read_008423	mol_008423	5037625	5037625	5049119	theory_fixed
8424	read_008424	mol_008424	5037878	5037878	5051911	theory_fixed
8425	read_008425	mol_008425	5038218	5038218	5049917	theory_fixed
8426	read_008426	mol_008426	5038738	5038738	5053324	theory_fixed
8427	read_008427	mol_008427	5038928	5038928	5055833	theory_fixed
8428	read_008428	mol_008428	5039138	5039138	5061764	theory_fixed
8429	read_008429	mol_008429	5039460	5039460	5057738	theory_fixed
8430	read_008430	mol_008430	5039551	5039551	5050709	theory_fixed
8431	read_008431	mol_008431	5040698	5040698	5057047	theory_fixed
8432	read_008432	mol_008432	5040769	5040769	5064501	theory_fixed
8433	read_008433	mol_008433	5041475	5041475	5060425	theory_fixed
8434	read_008434	mol_008434	5041543	5041543	5056697	theory_fixed
8435	read_008435	mol_008435	5041543	5041543	5060052	theory_fixed
8436	read_008436	mol_008436	5041813	5041813	5056584	theory_fixed
8437	read_008437	mol_008437	5043960	5043960	5061337	theory_fixed
8438	read_008438	mol_008438	5044074	5044074	5063417	theory_fixed
8439	read_008439	mol_008439	5044512	5044512	5063458	theory_fixed
8440	read_008440	mol_008440	5045593	5045593	5067437	theory_fixed
8441	read_008441	mol_008441	5045714	5045714	5061454	theory_fixed
8442	read_008442	mol_008442	5046529	5046529	5066660	theory_fixed
8443	read_008443	mol_008443	5049105	5049105	5069664	theory_fixed
8444	read_008444	mol_008444	5049590	5049590	5065382	theory_fixed
8445	read_008445	mol_008445	5050504	5050504	5064476	theory_fixed
8446	read_008446	mol_008446	5052169	5052169	5069878	theory_fixed
8447	read_008447	mol_008447	5052624	5052624	5070288	theory_fixed
8448	read_008448	mol_008448	5053359	5053359	5077526	theory_fixed
8449	read_008449	mol_008449	5053460	5053460	5071467	theory_fixed
8450	read_008450	mol_008450	5053955	5053955	5075636	theory_fixed
8451	read_008451	mol_008451	5054054	5054054	5071965	theory_fixed
8452	read_008452	mol_008452	5054562	5054562	5070831	theory_fixed
8453	read_008453	mol_008453	5054936	5054936	5075677	theory_fixed
8454	read_008454	mol_008454	5055678	5055678	5070720	theory_fixed
8455	read_008455	mol_008455	5055755	5055755	5077497	theory_fixed
8456	read_008456	mol_008456	5055828	5055828	5070974	theory_fixed
8457	read_008457	mol_008457	5056183	5056183	5075332	theory_fixed
8458	read_008458	mol_008458	5056213	5056213	5069149	theory_fixed
8459	read_008459	mol_008459	5056874	5056874	5071831	theory_fixed
8460	read_008460	mol_008460	5057342	5057342	5077954	theory_fixed
8461	read_008461	mol_008461	5057524	5057524	5076074	theory_fixed
8462	read_008462	mol_008462	5058041	5058041	5067224	theory_fixed
8463	read_008463	mol_008463	5058704	5058704	5070515	theory_fixed
8464	read_008464	mol_008464	5059687	5059687	5074505	theory_fixed
8465	read_008465	mol_008465	5060115	5060115	5082690	theory_fixed
8466	read_008466	mol_008466	5060387	5060387	5084903	theory_fixed
8467	read_008467	mol_008467	5061108	5061108	5089086	theory_fixed
8468	read_008468	mol_008468	5061323	5061323	5075979	theory_fixed
8469	read_008469	mol_008469	5061431	5061431	5074708	theory_fixed
